fecha,2,5,10
2008-01-02,6.23,6.31,6.36
2008-01-03,6.12,6.29,6.34
2008-01-04,6.49,6.39,6.44
2008-01-07,6.45,6.47,6.57
2008-01-08,6.66992862241256,6.64569377990431,6.74
2008-01-09,6.66992862241256,6.7,6.81
2008-01-10,6.55428571428571,6.72,6.8
2008-01-11,6.55428571428571,6.69,6.76
2008-01-14,6.6,6.69,6.76
2008-01-15,6.6,6.62882352941176,6.68
2008-01-16,6.59,6.57781065088757,6.64
2008-01-17,6.59,6.62588235294118,6.65
2008-01-18,6.59,6.62588235294118,6.65
2008-01-21,6.59,6.60555555555556,6.65
2008-01-22,6.59,6.52,6.52
2008-01-23,6.47571428571429,6.42495662949195,6.49
2008-01-24,6.41941605839416,6.37038167938931,6.39
2008-01-25,6.37019801980198,6.35554565701559,6.37
2008-01-28,6.37,6.36910081743869,6.41
2008-01-29,6.39613924050633,6.38,6.41
2008-01-30,6.39230769230769,6.38333333333333,6.38
2008-01-31,6.39230769230769,6.37,6.37
2008-02-01,6.39230769230769,6.39759036144578,6.42
2008-02-04,6.4,6.39,6.44
2008-02-05,6.4,6.298017839445,6.33
2008-02-06,6.32,6.29855148342059,6.32
2008-02-07,6.31,6.27153649167734,6.3
2008-02-08,6.31,6.29178021978022,6.3
2008-02-11,6.32,6.31,6.3
2008-02-12,6.34,6.33216494845361,6.3
2008-02-13,6.34,6.33,6.3
2008-02-14,6.34,6.33833333333333,6.3
2008-02-15,6.32,6.3,6.3
2008-02-18,6.32,6.31,6.32
2008-02-19,6.32,6.31,6.32
2008-02-20,6.32,6.35,6.32
2008-02-21,6.38,6.37,6.32
2008-02-22,6.38,6.37,6.32
2008-02-25,6.38,6.37,6.38
2008-02-26,6.45096774193548,6.44660377358491,6.38
2008-02-27,6.44,6.41,6.38
2008-02-28,6.44,6.44181818181818,6.45
2008-02-29,6.44,6.42362831858407,6.42
2008-03-03,6.44,6.41258064516129,6.4
2008-03-04,6.44,6.42674033149171,6.4
2008-03-05,6.44,6.56316602316602,6.55
2008-03-06,6.59,6.58,6.56
2008-03-07,6.59,6.53075471698113,6.53
2008-03-10,6.56,6.56632716049383,6.51
2008-03-11,6.56,6.57,6.51
2008-03-12,6.58,6.56260273972603,6.51
2008-03-13,6.66,6.5921875,6.51
2008-03-14,6.66,6.54,6.53
2008-03-17,6.66,6.54,6.53
2008-03-18,6.52,6.53448402304872,6.58
2008-03-19,6.52,6.53448402304872,6.6
2008-03-20,6.52,6.53448402304872,6.55
2008-03-24,6.52,6.516,6.55
2008-03-25,6.52,6.53444444444444,6.55
2008-03-26,6.52,6.53444444444444,6.54
2008-03-27,6.54,6.53444444444444,6.58
2008-03-28,6.54,6.53444444444444,6.57
2008-03-31,6.54,6.53444444444444,6.59
2008-04-01,6.63,6.61,6.59
2008-04-02,6.63,6.61,6.57
2008-04-03,6.63,6.44222222222222,6.51
2008-04-04,6.5,6.49,6.53
2008-04-07,6.5,6.49,6.53
2008-04-08,6.56,6.49,6.5895
2008-04-09,6.56,6.49,6.56051546391753
2008-04-10,6.56,6.49,6.55
2008-04-11,6.6717037037037,6.509,6.4725
2008-04-14,6.51,6.5,6.5
2008-04-15,6.53,6.51,6.51574468085106
2008-04-16,6.53,6.51,6.5259595959596
2008-04-17,6.5,6.5,6.51
2008-04-18,6.52666666666667,6.53,6.51
2008-04-21,6.51,6.52,6.51
2008-04-22,6.51,6.51,6.51
2008-04-23,6.51,6.52,6.589
2008-04-24,6.51,6.52,6.55
2008-04-25,6.51,6.52,6.56
2008-04-28,6.51,6.57,6.55
2008-04-29,6.57909090909091,6.57,6.57
2008-04-30,6.55,6.57,6.59
2008-05-02,6.61,6.57,6.59
2008-05-05,6.5582683982684,6.59,6.59
2008-05-06,6.62947985721571,6.68385382059801,6.63087804878049
2008-05-07,6.64367647058824,6.68,6.68913793103448
2008-05-08,6.67,6.75,6.92105263157895
2008-05-09,6.74,6.8,6.91923076923077
2008-05-12,6.78,6.92,7.01132075471698
2008-05-13,7.2436828599239,7.1,7.08150829562594
2008-05-14,7.01333333333333,7.12,7.15716981132076
2008-05-15,6.97142497904443,7.07,7.15263157894737
2008-05-16,6.91496240601504,7.01,7.15860465116279
2008-05-19,6.99733538806388,7.07454545454545,7.15
2008-05-20,6.98642436149312,7.07454545454545,7.15
2008-05-22,7.05,7.14,7.19161870503597
2008-05-23,7.00397076735688,7.14,7.18258260539309
2008-05-26,7.07338311315336,7.14865384615385,7.18455064194009
2008-05-27,7.07947368421053,7.14,7.19903225806452
2008-05-28,7.11426470588235,7.13,7.22812613805661
2008-05-29,6.98173913043478,7.03,7.11544876164508
2008-05-30,6.93221685082873,7.0,7.05
2008-06-02,6.92428134556575,7.00913043478261,7.04
2008-06-03,6.92733496332518,7.01,7.05
2008-06-04,6.99,7.02,7.0479797979798
2008-06-05,7.22,7.24,7.25
2008-06-06,7.14,7.21,7.25
2008-06-09,7.16,7.22,7.29555172413793
2008-06-10,7.23,7.27,7.29555172413793
2008-06-11,7.33409266409266,7.27,7.39836065573771
2008-06-12,7.33409266409266,7.38,7.37846153846154
2008-06-13,7.33409266409266,7.38,7.43
2008-06-16,7.49,7.58,7.38
2008-06-17,7.60277777777778,7.69,7.648
2008-06-18,7.84470319634703,7.79,7.85777777777778
2008-06-19,7.76288537549407,7.81864303178484,7.83956284153005
2008-06-20,7.84,7.84,7.83791666666667
2008-06-23,7.97551181102362,7.9316253101737,7.83791666666667
2008-06-24,8.0329489291598,8.03,7.98783475783476
2008-06-25,8.0,8.14,8.07148148148148
2008-06-26,8.1071954964176,8.04,8.08382013835511
2008-06-27,8.06,8.0,8.02264150943396
2008-06-30,7.97436426116839,7.89088161209068,7.91
2008-07-01,8.01659574468085,7.9,7.961375
2008-07-02,8.17280095351609,8.05,8.1
2008-07-03,8.40810572687225,8.23,8.29121621621622
2008-07-04,8.29714285714286,8.16,8.18380952380952
2008-07-07,8.37,8.16945205479452,8.21
2008-07-08,8.04701870850935,7.96,7.99122591943958
2008-07-09,8.10443496801706,7.94,7.96998363338789
2008-07-10,8.12977528089888,7.92,7.91791282995703
2008-07-11,8.3,7.99,7.95153846153846
2008-07-14,8.3497052037939,8.02577464788732,7.97941176470588
2008-07-15,8.23727234222787,7.94,7.93
2008-07-17,7.95631178707224,7.77,7.82179794520548
2008-07-18,7.69413931681179,7.52,7.4996875
2008-07-21,7.97630609352858,7.58,7.56341032608696
2008-07-22,7.86296113510179,7.55,7.5593023255814
2008-07-23,7.87,7.58,7.61685571181841
2008-07-24,7.84646725949879,7.56,7.55564983888292
2008-07-25,7.85985130111524,7.54,7.50083636363636
2008-07-28,7.88971817058096,7.54,7.5
2008-07-29,7.88145299145299,7.52,7.50567123287671
2008-07-30,7.89987012987013,7.57,7.55562158884172
2008-07-31,7.90014925373134,7.54,7.53588
2008-08-01,7.90014925373134,7.54,7.53
2008-08-04,7.95786885245902,7.69028262676642,7.53
2008-08-05,8.15304347826087,7.86,7.65
2008-08-06,8.28813260491681,8.02,7.73045197740113
2008-08-07,8.27634735899731,8.02,7.88231075697211
2008-08-08,8.29564770390679,7.94,7.80795454545455
2008-08-11,8.27735426008969,7.92,7.82573033707865
2008-08-12,8.26972752043597,7.94,7.82141414141414
2008-08-13,8.26972752043597,7.96,7.83
2008-08-14,8.35,8.0,7.86
2008-08-18,8.35,8.03,7.87096618357488
2008-08-19,8.35,8.07,7.9
2008-08-20,8.43358490566038,8.14,7.9971151828077
2008-08-21,8.57,8.2,8.00153067301965
2008-08-22,8.51,8.2,7.98518918918919
2008-08-25,8.51,8.2,8.03882352941176
2008-08-26,8.51,8.2,8.07
2008-08-27,8.76,8.2,8.1005593536358
2008-08-28,8.77,8.2,8.14828326180258
2008-08-29,8.85,8.38,8.19827586206897
2008-09-01,8.84,8.46,8.22777777777778
2008-09-02,8.88,8.4,8.11425038639876
2008-09-03,8.88,8.4,8.11739130434783
2008-09-04,8.88,8.27,7.95
2008-09-05,8.88,8.08,7.81017964071856
2008-09-08,8.88,7.85,7.74885057471264
2008-09-09,8.88,7.71,7.68
2008-09-10,8.4,7.66,7.58094147582697
2008-09-11,8.4,7.66,7.66880351262349
2008-09-12,8.53,7.8512987012987,7.76207342511473
2008-09-15,8.54,7.72,7.67666666666667
2008-09-16,8.54,7.65,7.50164533820841
2008-09-17,8.54,7.5,7.45
2008-09-22,8.54,7.5,7.45
2008-09-23,8.54,7.48,7.45
2008-09-24,8.54,7.51,7.44229164609835
2008-09-25,8.36,7.5,7.39285714285714
2008-09-26,8.36,7.5,7.46921985815603
2008-09-29,8.36,7.44705521472393,7.40023255813953
2008-09-30,8.19,7.21,7.18111111111111
2008-10-01,8.15380281690141,7.28727272727273,7.21841013824885
2008-10-02,8.32,7.29,7.24192276088743
2008-10-03,8.32,7.15722222222222,7.22801687763713
2008-10-06,8.25,7.11,7.08993634259259
2008-10-07,8.25,7.0768,7.07251098556183
2008-10-08,7.41117647058824,6.86709677419355,6.86296561210454
2008-10-09,7.41117647058824,6.89569444444444,6.91253968253968
2008-10-10,7.39,6.8275,6.8
2008-10-13,7.39,6.73538461538462,6.8
2008-10-14,7.39,6.69,6.692
2008-10-15,7.08,6.67,6.64316575130263
2008-10-16,6.99,6.59,6.58516483516483
2008-10-17,6.96,6.54,6.5200956480153
2008-10-20,6.91558441558442,6.6,6.55
2008-10-21,6.85,6.53,6.58858468677494
2008-10-22,6.79,6.55,6.58572481737414
2008-10-23,6.9,6.69,6.70516295025729
2008-10-24,6.9,6.87,6.8563523573201
2008-10-27,6.75,6.87,6.87
2008-10-28,6.75,6.87,6.77079946702199
2008-10-29,6.75,6.87,6.76
2008-10-30,6.75,6.87,6.74024390243902
2008-11-03,6.75,6.87,6.79
2008-11-04,6.75,6.87,6.71062015503876
2008-11-05,6.75,6.7,6.72
2008-11-06,6.75,6.7,6.71039984164687
2008-11-07,7.33,6.73,6.72
2008-11-10,7.0452422907489,6.73,6.73404411764706
2008-11-11,7.03,6.79,6.77442953020134
2008-11-12,6.89009950248756,6.79,6.75117862371889
2008-11-13,6.88,6.79,6.64590163934426
2008-11-14,6.88,6.79,6.44625798212005
2008-11-17,6.7,6.79,6.39
2008-11-18,6.68410905550146,6.35,6.38720670391061
2008-11-19,6.67,6.45,6.43578626198083
2008-11-20,6.67,6.4,6.39882750845547
2008-11-21,6.65544554455446,6.4,6.37882352941176
2008-11-24,6.69916666666667,6.4,6.37836734693878
2008-11-25,6.59,6.33,6.31709401709402
2008-11-26,6.59,6.33,6.31354042214257
2008-11-27,6.6,6.31,6.323324103984
2008-11-28,6.6,6.31,6.32310344827586
2008-12-01,6.69756097560976,6.31,6.3179797979798
2008-12-02,6.72561897315611,6.3,6.2574358974359
2008-12-03,6.68979683972912,6.28,6.22650655021834
2008-12-04,6.7,6.26,6.25352941176471
2008-12-05,6.68,6.2,6.1875
2008-12-09,6.7,6.23,6.19769130998703
2008-12-10,6.68047619047619,6.2,6.17196484620213
2008-12-11,6.63151285930408,6.13260869565217,6.14905063291139
2008-12-12,6.6,6.14,6.13
2008-12-15,6.525,6.14,6.15925925925926
2008-12-16,6.49150837988827,6.03410301953819,6.05
2008-12-17,6.31,5.9,5.90502122015915
2008-12-18,6.25,5.94,5.88990191499299
2008-12-19,6.25,5.99,5.92705244122966
2008-12-22,6.25,5.99,5.9841265474553
2008-12-23,6.39929824561403,5.9956338028169,5.97071428571429
2008-12-24,6.43,6.00009900990099,5.98236057068742
2008-12-26,6.52,6.00009900990099,5.97655737704918
2008-12-29,6.52,5.99,6.0
2008-12-30,6.45,5.93754740441405,5.9245889698231
2009-01-02,6.35,5.93754740441405,5.86
2009-01-05,6.35,5.72310880829016,5.72825021872266
2009-01-06,6.07524752475248,5.68021276595745,5.68024645717807
2009-01-07,6.08666666666667,5.73075376884422,5.79212725286729
2009-01-08,6.05,5.73,5.78
2009-01-09,6.0,5.67625,5.66965111010421
2009-01-12,6.0,5.69,5.76106557377049
2009-01-13,5.79,5.71295690936107,5.7452470485352
2009-01-14,5.71285714285714,5.63197463477284,5.68
2009-01-15,5.93414634146342,5.4594028802248,5.54
2009-01-16,5.79978260869565,5.24115475255303,5.42595567867036
2009-01-19,5.70428571428571,5.39,5.47658869395712
2009-01-20,5.72531669865643,5.38728931047063,5.48842866535174
2009-01-21,5.56587412587413,5.49985247629083,5.5
2009-01-22,5.57004608294931,5.45351351351351,5.4979274611399
2009-01-23,5.51,5.43,5.48514078841512
2009-01-26,5.5258064516129,5.39,5.42808848553602
2009-01-27,5.38,5.43,5.406
2009-01-28,5.24,5.21099601593625,5.31848806366048
2009-01-29,5.09319579894974,5.15,5.3624480369515
2009-01-30,4.95084577114428,5.05915700737619,5.37
2009-02-02,4.87,4.99,5.232722513089
2009-02-03,4.74141444114738,4.87130718954248,5.03
2009-02-04,4.86,4.79362204724409,5.11049006261911
2009-02-05,4.62,4.77,5.1867048346056
2009-02-06,4.49,4.66407572383074,5.11988241582042
2009-02-09,4.31,4.60591133004926,5.13996175908222
2009-02-10,4.33422700587084,4.61290766208251,5.12
2009-02-11,4.33422700587084,4.54,5.04859671302149
2009-02-12,4.0,4.4,5.01
2009-02-13,3.61,4.24266787658802,4.81676096517295
2009-02-16,3.60494252873563,4.3,4.81397472716829
2009-02-17,3.595,4.31555555555556,4.80585164237546
2009-02-18,3.9,4.26509090909091,4.76
2009-02-19,3.79,4.22,4.73005847953216
2009-02-20,3.79,4.10125786163522,4.63779411764706
2009-02-23,3.15,4.08906191369606,4.5907211144496
2009-02-24,3.15,3.97,4.42301939058172
2009-02-25,2.99,3.87181428571429,4.39
2009-02-26,3.18651991614256,3.67302451448583,4.46150978564772
2009-02-27,2.82,3.72516129032258,4.46258832448825
2009-03-02,2.89,3.72516129032258,4.50341129744042
2009-03-03,2.88807692307692,3.52294460641399,4.53698539802167
2009-03-04,2.69,3.85,4.54556701030928
2009-03-05,2.63403973509934,3.52535353535354,4.56095674967235
2009-03-06,2.55198808637379,3.50464601769912,4.48921985815603
2009-03-09,2.44680412371134,3.42,4.40864932885906
2009-03-10,2.42,3.43111111111111,4.35493218656963
2009-03-11,2.37,3.47822624931356,4.34421606118547
2009-03-12,2.48240169794459,3.64521750593198,4.4498050029545
2009-03-13,2.68641509433962,3.64521750593198,4.58861191288376
2009-03-16,2.5,4.25,4.84854896238651
2009-03-17,2.86941785252264,4.35863813229572,5.27400090950432
2009-03-18,2.75043695380774,4.14407624633431,5.08493781604483
2009-03-19,3.0,4.55,5.11644892901398
2009-03-20,3.4,4.8441935483871,5.35050458715596
2009-03-23,3.05632721202003,4.8,5.41826799714897
2009-03-24,3.36788490661282,4.58933176100629,5.31196217936716
2009-03-25,2.81147505422993,4.52092783505155,5.18165819174005
2009-03-26,2.79,4.45,5.26644569399231
2009-03-27,2.50135458167331,4.36037656903766,5.29040899795501
2009-03-30,2.49070556309362,4.56972789115646,5.26880757800892
2009-03-31,2.82025677603424,4.47146297212601,5.30944839549003
2009-04-01,2.76820598006645,4.38938271604938,5.34
2009-04-02,2.54622641509434,4.50411764705882,5.41909090909091
2009-04-03,2.51604938271605,4.75,5.58414088706672
2009-04-06,3.1,4.65806451612903,5.57934693877551
2009-04-07,3.1,4.80672461116194,5.6730835117773
2009-04-08,2.29047619047619,4.78,5.59
2009-04-09,2.65151802656546,4.28904051172708,5.42313131313131
2009-04-13,2.26771159874608,4.56612862547289,5.38
2009-04-14,2.27619047619048,4.57906382978723,5.43734513274336
2009-04-15,2.27619047619048,4.6,5.49
2009-04-16,2.31237947122862,4.58357142857143,5.52
2009-04-17,2.82,4.39573268921095,5.48
2009-04-20,2.75204361196533,4.5,5.41
2009-04-21,2.5542474916388,4.5,5.37185792349727
2009-04-22,2.69444777747478,4.44069469835466,5.38687286127928
2009-04-23,2.52743669050841,4.20436573311367,5.39583771161705
2009-04-24,2.21444444444444,4.27,5.36763358778626
2009-04-27,2.09125,3.98785123966942,5.34
2009-04-28,2.19540983606557,3.98939597315436,5.34
2009-04-29,2.07913043478261,4.23428395568322,5.34441572624681
2009-04-30,2.31530612244898,4.32,5.38487179487179
2009-05-04,2.20539419087137,4.5162874251497,5.45787234042553
2009-05-05,2.63562882212178,4.75,5.61683229813665
2009-05-06,2.28566360052562,4.74632911392405,5.57
2009-05-07,2.18354679802956,4.51257142857143,5.54984578884935
2009-05-08,1.97711432850724,4.502,5.54
2009-05-11,2.66,4.59,5.59822485207101
2009-05-12,2.54,4.66161197466897,5.62318639798489
2009-05-13,2.41292984869326,4.42181818181818,5.59
2009-05-14,2.05265294771969,4.50813224694453,5.66285234899329
2009-05-15,1.84495718363463,4.44626168224299,5.80252336448598
2009-05-18,2.6,4.52,5.706
2009-05-19,2.47884705882353,4.36871621621622,5.6996
2009-05-20,2.2537037037037,4.26533898305085,5.71644075207696
2009-05-22,2.34,4.34024691358025,5.73314285714286
2009-05-25,2.4,4.2284752891693,5.74572192513369
2009-05-26,2.43,4.254,5.76798440165732
2009-05-27,2.52,4.26571428571429,5.87
2009-05-28,2.55745182012848,4.54,5.89869814932993
2009-05-29,2.5,4.61296146044625,5.91
2009-06-01,2.53,4.62107255520505,5.9401298026999
2009-06-02,2.70788944723618,4.65459940652819,5.99
2009-06-03,2.764055994257,4.6280022541561,6.00167076167076
2009-06-04,2.94,4.92678628644665,5.99
2009-06-05,2.79,4.86492647058824,5.92739031339031
2009-06-08,2.72,4.95014962593516,5.93279199627734
2009-06-09,2.69,4.94637371338084,5.90848615916955
2009-06-10,2.7,4.75746558704453,5.9323445109225
2009-06-11,2.59921465968586,4.7880783817952,5.85186567164179
2009-06-12,2.75,4.96217468805704,5.86794238683128
2009-06-15,2.77,4.95,5.85
2009-06-16,2.81,4.99039444195428,5.81911116613023
2009-06-17,2.64,4.65214181641574,5.75
2009-06-18,2.64279339580544,4.76162162162162,5.76769230769231
2009-06-19,2.59803921568627,4.85,5.78
2009-06-22,2.57980049875312,4.75142857142857,5.78929064947029
2009-06-23,2.57980049875312,4.63,5.83973597359736
2009-06-24,2.24,4.87292857142857,5.88
2009-06-25,2.73190201729107,4.95,5.94
2009-06-26,2.71480225988701,5.0,5.98
2009-06-30,2.79,5.0,5.95314091680815
2009-07-01,2.6960409556314,4.95,5.91932077625571
2009-07-02,2.58256544502618,4.84881856540084,5.87957446808511
2009-07-03,2.6,4.8,5.81349527665317
2009-07-06,2.6,4.77,5.76876381392958
2009-07-07,2.57855305466238,4.83,5.85
2009-07-08,2.51071428571429,4.77315789473684,5.78418163526316
2009-07-09,2.49866822927765,4.63910372726916,5.70320397369926
2009-07-10,2.19569944751381,4.41342366757001,5.53659610965105
2009-07-13,2.16933333333333,4.42677270843884,5.5217091808701
2009-07-14,1.94591836734694,4.453147582435,5.5139012345679
2009-07-15,1.94591836734694,4.46954545454545,5.5472972972973
2009-07-17,1.93207920792079,4.46954545454545,5.55433823529412
2009-07-20,2.0089138576779,4.62759265175719,5.6686438179473
2009-07-21,2.01638136511376,4.69,5.74427427243825
2009-07-22,2.07,4.64987654320988,5.70469674753399
2009-07-23,2.07,4.62242785894502,5.77870308548306
2009-07-24,1.81463909030982,4.64664639894419,5.85103174603175
2009-07-27,2.05,4.64664639894419,5.89468422830125
2009-07-28,2.05,4.65,5.84304761904762
2009-07-29,2.0625,4.52742063492063,5.82946558460122
2009-07-30,2.04333333333333,4.55898148148148,5.86625
2009-07-31,2.03,4.6,5.83228758169935
2009-08-03,1.81014819567784,4.53,5.86296296296296
2009-08-04,1.84648648648649,4.50293436293436,5.83307692307692
2009-08-05,1.62132352941176,4.40487654320988,5.77842161224433
2009-08-06,1.35777777777778,4.12916326002588,5.51901436563361
2009-08-07,1.3,4.28018893753369,5.5737742414177
2009-08-10,1.48,4.25941176470588,5.53572304909894
2009-08-11,1.1375,4.29055555555556,5.54582089552239
2009-08-12,1.27207918602079,4.28,5.56818181818182
2009-08-13,1.2925,4.28074074074074,5.51344444444444
2009-08-14,1.2925,4.33644067796611,5.54966666666667
2009-08-17,1.3004662004662,4.36797520661157,5.51741843522331
2009-08-18,1.38,4.35554621848739,5.55071428571428
2009-08-19,1.32227526097091,4.34818181818182,5.63789037664965
2009-08-20,1.3101724137931,4.33085106382979,5.59131578947369
2009-08-21,1.3101724137931,,5.59588235294118
2009-08-24,1.38398907103825,,5.58889705882353
2009-08-25,1.43675629534784,4.4124,5.6
2009-08-26,1.74833333333333,4.58803942461375,5.58
2009-08-27,1.74904761904762,4.6,5.58625
2009-08-28,1.74,4.56526570048309,5.59833333333333
2009-08-31,1.45,4.59239436619718,5.65714285714286
2009-09-01,1.99586206896552,4.59239436619718,5.62333333333333
2009-09-02,1.86272727272727,4.59239436619718,5.625
2009-09-03,1.49585365853659,4.73,5.62954545454545
2009-09-04,1.97052631578947,4.73,5.61555555555556
2009-09-07,2.19,4.71302456839309,5.62485714285714
2009-09-08,1.94393170103093,4.75833304750472,5.70978647686833
2009-09-09,2.2,4.96886825348696,5.70818181818182
2009-09-10,2.345,4.94698369565217,5.81384615384615
2009-09-11,2.09251012145749,5.00088490550047,5.92070315843533
2009-09-14,2.89833333333333,5.0226320754717,5.943125
2009-09-15,2.74074046848966,5.05,6.01946428571428
2009-09-16,2.57953625632378,5.05,6.04232358793816
2009-09-17,2.27852330827068,,6.04232358793816
2009-09-21,2.45,5.05,6.02206478914215
2009-09-22,2.43,5.02802696078431,5.9837534414194
2009-09-23,2.03318584070796,5.00948616600791,5.96569606567591
2009-09-24,2.28146141215107,4.89102102102102,5.87625
2009-09-25,1.92,4.97192307692308,5.89601307189543
2009-09-28,1.95462809917355,4.97353324915825,5.9455
2009-09-29,2.29875,5.04354166666667,5.93894930614557
2009-09-30,2.26710963455149,5.12353138844771,5.96247397166752
2009-10-01,2.57,5.09928682170543,5.95239971150738
2009-10-02,2.65964285714286,5.0007814828614,5.92807692307692
2009-10-05,2.79456140350877,5.04625,5.94
2009-10-06,2.95483870967742,5.1070889212828,5.96733599088838
2009-10-07,3.0005125076266,5.13627906976744,6.008125
2009-10-08,3.02,5.20172353455818,6.03235294117647
2009-10-09,3.02333333333333,5.15775071633238,6.03638142174433
2009-10-13,3.0,5.18852982107356,6.05090909090909
2009-10-14,2.47594520547945,5.27854856524581,6.03
2009-10-15,2.47594520547945,5.26914022988506,6.03
2009-10-16,2.98622448979592,5.13681279904306,5.92487517049161
2009-10-19,2.98622448979592,5.09307692307692,5.94657142857142
2009-10-20,2.98622448979592,5.1,5.93
2009-10-21,3.05,5.12,5.98705125815471
2009-10-22,3.034,5.13940443213296,5.95830791763591
2009-10-23,3.034,5.19309764309764,5.9521052631579
2009-10-26,3.034,5.26529411764706,5.95
2009-10-27,3.034,5.1185,5.98040816774343
2009-10-28,3.07,5.432,5.99578947368421
2009-10-29,3.08823529411765,,5.995
2009-10-30,3.08823529411765,5.405,5.995
2009-11-02,3.19333333333333,,6.05781329923273
2009-11-03,3.14,,6.10421052631579
2009-11-04,3.14,5.23,6.145
2009-11-05,3.04,5.34545454545455,6.12588003933137
2009-11-06,3.03,5.32862068965517,6.0975
2009-11-09,3.03,5.34642857142857,6.03772727272727
2009-11-10,3.13,5.3,6.09555555555556
2009-11-11,3.09,5.32992626404494,6.09435649456926
2009-11-12,3.09,5.35,6.09849833147942
2009-11-13,2.91375,5.35,6.07454545454545
2009-11-16,2.9,5.3972,6.16463829787234
2009-11-17,3.0,5.40827586206896,6.18857142857143
2009-11-18,2.984375,5.45969696969697,6.28062932069715
2009-11-19,2.95571428571429,5.43185546875,6.19954545454545
2009-11-20,2.94,5.44307692307692,6.20792717086835
2009-11-23,2.94,5.46169590643275,6.24928571428571
2009-11-24,2.94,5.48333333333333,6.24272727272727
2009-11-25,2.94,5.43447916666667,6.24466666666667
2009-11-26,2.94,5.43,6.24888382502543
2009-11-27,2.94,5.42,6.24
2009-11-30,2.94,5.42255672681794,6.25461538461539
2009-12-01,3.10411764705882,5.43090909090909,6.25
2009-12-02,3.01631578947368,5.435,6.26
2009-12-03,3.01,5.39,6.26
2009-12-04,2.98461538461538,5.30612903225806,6.17178041816339
2009-12-07,2.98461538461538,5.29666666666667,6.17
2009-12-09,2.99,5.43286921060297,6.18350660826437
2009-12-10,3.0,5.49629213483147,6.23363636363636
2009-12-11,3.0,5.535,6.41869565217392
2009-12-14,2.9,5.41545454545455,6.41869565217392
2009-12-15,2.9,5.31880493613337,6.37725
2009-12-16,2.67,5.29208261758691,6.3579426927227
2009-12-17,2.57,5.26126102599814,6.28211220278782
2009-12-18,2.57,5.27361111111111,6.31666666666667
2009-12-21,2.55,5.29964285714286,6.29367418614075
2009-12-22,2.55,5.35600654034818,6.34407407407407
2009-12-23,2.5775,5.34444444444444,6.33333333333333
2009-12-24,2.57666666666667,5.34444444444444,6.33
2009-12-28,2.57,5.30048775457592,6.32333333333333
2009-12-29,3.79,5.35816407943804,6.45354838709677
2009-12-30,2.58,5.36571428571429,6.43875
2010-01-04,2.56913043478261,5.36571428571429,6.39333333333333
2010-01-05,2.61290995056953,5.2729,6.36571428571428
2010-01-06,2.61290995056953,5.25368421052632,6.28428571428571
2010-01-07,2.72637362637363,5.24402305704631,6.27428571428571
2010-01-08,2.6,5.28,6.3440625
2010-01-11,3.59230769230769,5.28110694183865,6.3440625
2010-01-12,2.58333333333333,5.32225,6.3440625
2010-01-13,3.21486540941328,5.33428571428571,6.35
2010-01-14,3.75666666666667,5.37109045848823,6.30944715447154
2010-01-15,2.59,5.34,6.311
2010-01-18,2.58,5.38857142857143,6.408
2010-01-19,3.3943148381673,5.29614791987673,6.4
2010-01-20,3.83917174177832,,6.49599354893473
2010-01-21,3.83917174177832,5.3,6.47080149114632
2010-01-22,3.40788461538462,5.3,6.450216646099
2010-01-25,3.45,5.25,6.45165289256198
2010-01-26,3.56770562770563,5.30178660049628,6.41006937787005
2010-01-27,3.56770562770563,5.355,6.44297820401046
2010-01-28,3.96,5.38925489628092,6.42982390185991
2010-01-29,3.955,5.38670702179177,6.50026154342912
2010-02-01,3.70022556390977,5.37615384615385,6.47945945945946
2010-02-02,3.55,5.38222222222222,6.47929959888923
2010-02-03,3.96691588785047,5.39817567567568,6.47921397379913
2010-02-04,3.04,5.3607528957529,6.45877455155504
2010-02-05,3.04,,6.41165322580645
2010-02-08,3.04,5.37,6.50518164435947
2010-02-09,3.04,5.49545871559633,6.4715791354055
2010-02-10,4.09909090909091,5.44669474951106,6.45113861386139
2010-02-11,4.06618577075099,5.39377492877493,6.445
2010-02-12,3.97691218130312,5.4,6.37
2010-02-15,3.97691218130312,5.38090909090909,6.35
2010-02-16,3.57177476835353,5.37,6.34571428571429
2010-02-17,3.5355,5.38,6.40742817059484
2010-02-18,4.28,5.40574818492419,6.34264082811748
2010-02-19,4.28,5.35516629711752,6.34
2010-02-22,4.2,5.35516629711752,6.34
2010-02-23,3.51266666666667,5.37846153846154,6.32242465753425
2010-02-24,3.46792452830189,5.39,6.30065753424658
2010-02-25,4.28,5.45755768548101,6.31833333333333
2010-02-26,3.98,5.40611111111111,6.29638803941556
2010-03-01,3.98,,6.28523547159911
2010-03-02,3.38662760822174,,6.32377622377622
2010-03-03,3.38662760822174,5.37857142857143,6.32377622377622
2010-03-04,3.8,5.38,6.31
2010-03-05,3.8,5.35346007604563,6.31847648261759
2010-03-08,3.65,5.34,6.34857142857143
2010-03-09,3.28461538461538,5.35,6.37345679012346
2010-03-10,3.28461538461538,,6.49956334563346
2010-03-11,3.28461538461538,,6.51318181818182
2010-03-12,3.8,5.44,6.54186594202899
2010-03-15,3.8,,6.55
2010-03-16,3.8,,6.51309090909091
2010-03-17,3.8,5.3,6.50111111111111
2010-03-18,3.20833333333333,,6.48911111111111
2010-03-19,3.59371212121212,,6.5
2010-03-22,3.77,5.5,6.53478260869565
2010-03-23,3.24599246642647,,6.51
2010-03-24,3.1425,5.46916666666667,6.53764328063241
2010-03-25,3.7,5.6,6.54578118348233
2010-03-26,3.7,5.52288297227383,6.53
2010-03-29,3.68,5.5624253200569,6.56
2010-03-30,3.19705035971223,5.6,6.57
2010-03-31,3.19705035971223,5.6,6.56595744680851
2010-04-01,3.19705035971223,5.68910719206393,6.56
2010-04-05,3.56,5.6500518134715,6.55
2010-04-06,3.30811320754717,5.71117647058823,6.57880646498135
2010-04-07,3.81105882352941,5.83121951219512,6.6635
2010-04-08,3.75,5.78606557377049,6.59647912087912
2010-04-09,3.6,5.6775,6.57375
2010-04-12,3.6,5.6765,6.55
2010-04-13,3.64282258064516,5.72191100702576,6.493125
2010-04-14,3.59,5.66892857142857,6.48280179455295
2010-04-15,3.715,5.66554376657825,6.46797507579811
2010-04-16,3.715,5.68536776212833,6.4615
2010-04-19,3.71425925925926,5.62350680070964,6.45
2010-04-20,3.68931846537742,5.64454545454546,6.42354239510489
2010-04-21,3.71223612447867,5.61153846153846,6.44087145176642
2010-04-22,3.75759558823529,5.60033782332546,6.37030051881098
2010-04-23,3.80544444444444,5.56567164179104,6.35944849151643
2010-04-26,4.11859458428681,5.58117647058823,6.35937436254057
2010-04-27,3.69445501730104,5.61490196078432,6.35773823679293
2010-04-28,4.04536834094368,5.602,6.35579916667525
2010-04-29,3.8787974353628,5.61253968253968,6.39703314571607
2010-04-30,4.09779874213837,5.62,6.43195286195286
2010-05-03,3.85341680129241,5.65,6.47378378378378
2010-05-04,3.8976582278481,5.6448,6.46147517730496
2010-05-05,4.01158179809714,5.76948453608247,6.43644535194202
2010-05-06,4.19916666666667,5.747,6.4577838075682
2010-05-07,3.8831619047619,5.69221804511278,6.41082636477289
2010-05-10,3.79961538461538,5.70048780487804,6.44375
2010-05-11,4.25,5.66,6.39818166325835
2010-05-12,4.295,5.63,6.38631578947368
2010-05-13,4.3,5.688,6.373319873985
2010-05-14,3.95425625920471,5.63259109311741,6.3592418633242
2010-05-17,3.77,5.62,6.36917827820784
2010-05-18,3.89,5.63,6.37
2010-05-19,3.8584,5.59347826086956,6.3594394469778
2010-05-20,3.73198384785724,5.53878386949935,6.28498048568951
2010-05-24,3.95375,5.50462398601805,6.28771441990336
2010-05-25,3.75087682752989,5.42790194664744,6.19766776105277
2010-05-26,3.79135135135135,5.44878378378378,6.24193640752232
2010-05-27,3.51875,5.52160649819495,6.27244146253527
2010-05-28,3.51875,5.51199695121951,6.34184575182202
2010-05-31,3.51875,5.54628318584071,6.3599481865285
2010-06-01,3.95,5.5576,6.35245529061103
2010-06-02,3.97692307692308,5.57083333333333,6.33716981132075
2010-06-03,3.97692307692308,5.59879507074395,6.3219305019305
2010-06-04,3.628,5.54064768683274,6.27927830818498
2010-06-07,4.0,5.56434977578475,6.28611940298508
2010-06-08,4.17,5.61829268292683,6.32920897284534
2010-06-09,4.17,5.65044444444444,6.35845304788582
2010-06-10,4.17468619246862,5.66047058823529,6.38152293795
2010-06-11,4.17468619246862,5.67428571428571,6.39
2010-06-14,4.17468619246862,5.6896722939424,6.40079232945194
2010-06-15,4.2,5.70088888888889,6.40909090909091
2010-06-16,4.2,5.74271971795518,6.46907265846941
2010-06-17,4.33384615384615,5.74138888888889,6.44888129154796
2010-06-18,4.368,5.74138888888889,6.41859039836568
2010-06-21,4.368,5.73125,6.4190989010989
2010-06-22,4.1177835894083,5.6995652173913,6.39276699029126
2010-06-23,4.00739029903543,5.6929991773132,6.33615778251599
2010-06-24,3.9075,5.7064496124031,6.34721162645381
2010-06-25,3.9075,5.73585170981144,6.36
2010-06-29,4.13182678311499,5.67173280423281,6.32565370401763
2010-06-30,3.83333333333333,5.66775613838494,6.31809456825741
2010-07-01,4.10368421052631,5.58696725896393,6.2589505093652
2010-07-02,,5.60572402308199,6.29061786636822
2010-07-05,,5.61136063484708,6.28810027354237
2010-07-06,4.2635472972973,5.62360015088646,6.29472841225627
2010-07-07,3.975,5.6,6.29704256180211
2010-07-08,4.0,5.60788567039719,6.28176470588235
2010-07-09,,5.61491551459293,6.29384615384615
2010-07-12,4.2575,5.64997354497355,6.28581247155212
2010-07-13,,5.67385083363478,6.28686276674025
2010-07-14,4.45092592592593,5.69634486945962,6.27576769025367
2010-07-15,4.55,5.70391858552632,6.26887296157156
2010-07-19,,5.71066666666667,6.2797536231884
2010-07-20,4.76921097770155,5.76738228640572,6.30504201680672
2010-07-21,4.70751470309239,5.82608695652174,6.32026297657978
2010-07-22,4.76496998683099,5.84246446550193,6.33738979591837
2010-07-23,4.88611989100817,5.87061037639878,6.30210918897854
2010-07-26,4.785,5.81005826330532,6.28119489559164
2010-07-27,4.87147368421053,5.7912835113423,6.24059294608086
2010-07-28,,5.8,6.15635912782292
2010-07-29,4.65342541436464,5.68953273800262,6.07473265098264
2010-07-30,4.71714285714286,5.65157482023308,5.97975598035678
2010-08-02,4.77977911646586,5.75446039340776,6.0235183641718
2010-08-03,4.88,5.82474358974359,6.07846698508463
2010-08-04,,5.84,6.12874283985478
2010-08-05,4.97705882352941,5.86952681388013,6.1615677000668
2010-08-06,4.91678756476684,5.83142857142857,6.12437780112222
2010-08-09,4.95,5.78265957446809,6.09755034797068
2010-08-10,4.90285714285714,5.76,6.05412673564772
2010-08-11,,5.71666558931265,6.01535123716231
2010-08-12,4.877,5.72444444444444,6.00494345311875
2010-08-13,4.94,5.70120967741935,6.00771802291815
2010-08-16,,5.7,5.98796967020024
2010-08-17,4.88872777017784,5.68743703703704,5.99038339087616
2010-08-18,4.80648221343873,5.61372413793104,5.92943404145859
2010-08-19,4.75,5.609,5.90094878170502
2010-08-20,4.8,5.60986858573217,5.93261602609387
2010-08-23,,,5.92674474648159
2010-08-24,4.69939058171745,5.60222222222222,5.88809106830122
2010-08-25,,5.59038856555974,5.84533333333333
2010-08-26,4.59166666666667,5.54253737925241,5.822
2010-08-27,4.59,5.48444444444445,5.85060457936712
2010-08-30,,5.43958027282267,5.800625
2010-08-31,4.59924110141034,5.45078431372549,5.889208257253
2010-09-01,4.65,5.49938775510204,5.89164939396646
2010-09-02,,5.53572035441194,5.91522409115572
2010-09-03,4.64,5.6166935483871,5.88952586897325
2010-09-06,4.7,5.6,5.90642857142857
2010-09-07,4.7,5.6,5.93093044263776
2010-09-08,4.64,5.4563492063492,5.89918485576048
2010-09-09,4.67,5.51013574660633,5.98851325510425
2010-09-10,4.75236842105263,5.53469454587608,6.0082192949353
2010-09-13,4.87133333333333,5.55053009883199,6.01872333908866
2010-09-14,,5.55153204047218,6.0186270265682
2010-09-15,,5.562,6.01001554268387
2010-09-16,,5.58,5.99478298779306
2010-09-21,4.79958041958042,5.59,5.96535762032086
2010-09-22,4.88588235294118,5.66855600539811,5.91591491594293
2010-09-23,,5.699792147806,5.94808009973508
2010-09-24,,5.70464285714286,5.97514964934442
2010-09-27,4.87987341772152,5.68872727272727,5.94217400314384
2010-09-28,4.74958041958042,5.69066666666667,5.97204240972407
2010-09-29,4.76,,6.00369763205829
2010-09-30,,5.75366932311797,6.06973458235753
2010-10-01,4.85,5.745,6.04786492882808
2010-10-04,4.8268751147842,5.7575,6.02769672111991
2010-10-05,4.76333572926026,5.69092592592593,6.0343956043956
2010-10-06,4.7222003769755,5.67970588235294,6.02135071939405
2010-10-07,4.6825,5.69471007450599,6.06461180124224
2010-10-08,5.17276595744681,5.685,6.09144497870416
2010-10-12,4.68846153846154,,6.11355673049443
2010-10-13,5.09045553145336,5.7,6.12693585286269
2010-10-14,5.25,5.76,6.10566666666667
2010-10-15,,5.67232558139535,6.09216304968589
2010-10-18,5.14555144166243,,6.09462428006922
2010-10-19,4.9,5.682,6.08517543859649
2010-10-20,5.06166666666667,5.7,6.07201065246338
2010-10-21,4.71289855072464,5.71470196223621,6.07125
2010-10-22,4.73,5.738,6.09482824427481
2010-10-25,,,6.11
2010-10-26,4.73125,5.75,6.11444444444445
2010-10-27,,5.77727272727273,6.18736842105263
2010-10-28,,5.83063492063492,6.2248
2010-10-29,5.17585160309213,5.8177982786643,6.26025
2010-11-02,4.82775443794988,5.76150378787879,6.21703152885187
2010-11-03,4.88007342211928,5.78810341365462,6.22807933461292
2010-11-04,5.27,5.7769696969697,6.18875122050072
2010-11-05,5.20391625615764,,6.18676056338028
2010-11-08,4.95075629779577,5.71083333333333,6.15023418652545
2010-11-09,4.69023255813954,5.718,6.15553846153845
2010-11-10,4.77304387155133,5.752,6.17000000000001
2010-11-11,4.8738768718802,5.75,6.16375
2010-11-12,4.76709624796085,5.78394736842106,6.17684210526316
2010-11-15,4.86285714285714,5.85038461538462,6.19978260869565
2010-11-16,5.2,5.79428571428571,6.2
2010-11-17,4.77727272727273,5.76833333333333,6.1703163053163
2010-11-18,4.65,5.79460742830277,6.17037037037037
2010-11-19,5.0151802507837,5.78473684210526,6.20526178328474
2010-11-22,4.7875,,6.19909090909091
2010-11-23,4.85500330858025,,6.17051919675372
2010-11-24,4.81796774193548,5.78,6.1434693877551
2010-11-25,4.83428571428571,5.86,6.14083800623053
2010-11-26,4.80464285714286,5.76233333333333,6.1193227665706
2010-11-29,4.81,5.71558765778401,6.0982739770338
2010-11-30,4.8528437724982,5.71342576872288,6.078
2010-12-01,4.85923015521065,,6.06542857142857
2010-12-02,4.80888888888889,,6.09
2010-12-03,5.09827086636875,5.72045454545455,6.08
2010-12-06,4.79936454849498,,6.05190476190476
2010-12-07,4.84142857142857,5.73797282608696,6.03190476190476
2010-12-09,5.21,,6.08171428571429
2010-12-10,5.19895261845387,,6.14298245614034
2010-12-13,5.18099768365321,5.75,6.18242225685344
2010-12-14,5.01858665430955,,6.13680119890445
2010-12-15,4.97209302325581,,6.09526315789474
2010-12-16,5.02594594594595,5.73830827067669,6.10666666666667
2010-12-17,5.19045278790808,5.77,6.13935483870967
2010-12-20,5.19222222222222,,6.15
2010-12-21,5.19322580645161,5.76,6.15
2010-12-22,5.22166666666666,5.78,6.124
2010-12-23,5.23,5.8,
2010-12-24,,,6.12
2010-12-27,5.22583333333333,5.8,
2010-12-28,5.22307692307692,5.8,6.135
2010-12-29,5.21032258064516,,6.14
2010-12-30,5.21,,6.14
2011-01-03,,,6.17666666666667
2011-01-04,5.66,,6.41363636363636
2011-01-05,,,6.52551020408163
2011-01-06,5.49714285714286,,6.50195402298851
2011-01-07,,,6.54508620689653
2011-01-10,,,6.53615384615385
2011-01-11,5.53,6.16,6.53777777777778
2011-01-12,,,6.52
2011-01-13,,6.18,6.46846153846154
2011-01-14,5.28,6.18,6.5
2011-01-17,5.73093023255814,,6.5
2011-01-18,5.76133333333333,,
2011-01-19,5.74,,6.5475
2011-01-20,5.68650549450549,,6.51952380952381
2011-01-21,5.44,,6.52
2011-01-24,5.7,,6.57
2011-01-25,5.6,,6.59
2011-01-26,6.11,,6.78414302611569
2011-01-27,5.7,,6.804375
2011-01-28,6.05272727272727,,6.82181818181818
2011-01-31,5.99625,,6.84
2011-02-01,5.88271945701357,,6.84
2011-02-02,5.97727272727273,,6.81833333333333
2011-02-03,5.94,,6.7975
2011-02-04,,,6.8
2011-02-07,5.98666666666667,,6.84
2011-02-08,6.0,,
2011-02-09,6.0,,6.94127047897318
2011-02-10,5.9,,6.94147058823529
2011-02-11,,,6.94625
2011-02-14,5.83,,6.93555555555556
2011-02-15,5.84,,6.90113954138702
2011-02-16,5.80399475524476,,6.88531146119381
2011-02-17,5.76034682080925,,6.87560784313725
2011-02-18,5.80416666666667,,6.85746031746032
2011-02-21,,,6.86681818181818
2011-02-22,,6.61924475524475,6.85
2011-02-23,5.74,6.5964705882353,6.88714285714286
2011-02-24,5.80888888888889,,6.912
2011-02-25,5.78,,6.84526315789474
2011-02-28,5.7975,6.59083857442348,6.828125
2011-03-01,5.7994678780013,6.61216008640346,6.79285714285714
2011-03-02,,6.5480701754386,6.7085342616343
2011-03-03,,6.54333333333334,6.71327850564276
2011-03-04,5.98,6.57045454545454,6.71828852552355
2011-03-07,,,6.71918000970403
2011-03-08,5.85636363636364,6.53125,6.6885
2011-03-09,5.84,6.54285714285714,6.69785945589575
2011-03-10,,6.50103448275862,6.66604108309991
2011-03-11,,,6.61662566034044
2011-03-14,5.78201646090535,6.49875,6.64724137931035
2011-03-15,5.84,6.3952036199095,6.57106895963962
2011-03-16,5.79,,6.56164700223524
2011-03-17,5.73,,6.49816798920807
2011-03-18,5.91129032258064,6.44066666666667,6.47222222222222
2011-03-21,5.89,,6.49986961019052
2011-03-22,,6.4,6.52349541930937
2011-03-23,5.95,6.39306122448979,6.49240740740741
2011-03-24,6.0,6.39476190476191,6.48142857142857
2011-03-25,,6.37190476190476,6.4338875432526
2011-03-28,,6.3185,6.43028360748724
2011-03-29,,6.38253503359386,6.44316831889678
2011-03-30,,6.36166666666667,6.46911153820954
2011-03-31,,6.39818181818182,6.49512642743267
2011-04-01,6.1,6.3725,6.4609390125847
2011-04-04,6.05,6.38296296296296,6.47769423887752
2011-04-05,6.04933333333333,6.415,6.52686436170212
2011-04-06,6.04632432432432,6.394,6.48967727674624
2011-04-07,6.02851851851852,,6.469459233648
2011-04-08,6.03666666666667,6.36923076923077,6.45470924834272
2011-04-11,,6.378,6.43681746105774
2011-04-12,,6.385,6.46266666666667
2011-04-13,6.01943319838057,6.3797975708502,6.47
2011-04-14,6.02465631929047,6.35,6.43748807711822
2011-04-15,,6.35,6.426875
2011-04-18,6.07,6.34666666666667,6.39625
2011-04-19,,6.32,6.39695511785599
2011-04-20,6.01333333333333,6.3,6.36523228803717
2011-04-21,6.00052631578947,,6.35076923076923
2011-04-25,,6.32,6.35625
2011-04-26,6.03841807909604,6.31800772626932,6.33200769914746
2011-04-27,,6.3,6.33740437869463
2011-04-28,6.01,6.29223737481355,6.34625
2011-04-29,,6.3,6.33786561264822
2011-05-02,6.07,6.3,6.3475
2011-05-03,6.07,6.29638850889193,6.33489361702128
2011-05-04,6.051,6.28733193277311,6.3016598782464
2011-05-05,,6.27857142857143,6.29058191018343
2011-05-06,6.0,6.26264705882353,6.27680222453945
2011-05-09,,6.23125165855816,6.27019438804726
2011-05-10,6.0,6.21754007739083,6.24654676258993
2011-05-11,5.95,6.21,6.2538961038961
2011-05-12,,6.19,6.24235448520617
2011-05-13,,6.2,6.2581221548794
2011-05-16,,6.22045454545454,6.27054575045208
2011-05-17,6.01977777777778,6.19109277430865,6.27604904354904
2011-05-18,,6.18823529411765,6.2484675904262
2011-05-19,,6.19204081632653,6.30954362602303
2011-05-20,,6.18344827586207,6.29181818181818
2011-05-23,,6.18,6.27111261589749
2011-05-24,6.0,6.2,6.27232643044034
2011-05-25,,6.20714285714286,6.3
2011-05-26,5.95,6.21,6.29967908902692
2011-05-27,,6.2,6.30877794336811
2011-05-30,5.941,,6.29714439655173
2011-05-31,,6.2,6.3
2011-06-01,5.94285714285714,6.20844984802432,6.27278151260504
2011-06-02,6.0,6.18,6.261
2011-06-03,,6.17525,6.25030551415797
2011-06-06,5.99947368421053,6.17130434782609,6.25818181818182
2011-06-07,5.97857142857143,,6.25215862143944
2011-06-08,5.9,6.175,6.25605925569071
2011-06-09,,6.18,6.25928571428572
2011-06-10,5.972,6.17615384615385,6.25
2011-06-13,5.972,6.17615384615385,6.26
2011-06-14,,6.19,6.26
2011-06-15,6.0,6.19,6.28619413549039
2011-06-16,6.01991095280499,6.21811209439528,6.28020539669754
2011-06-17,,6.2075,6.28
2011-06-20,6.00736111111111,6.20666666666667,6.27129032258065
2011-06-21,,6.19933988764045,6.28
2011-06-22,6.14,6.19833333333333,6.2873849655689
2011-06-23,6.00379310344827,6.19000000000001,6.27024242424242
2011-06-24,6.0,6.19,6.28
2011-06-28,,6.18978260869565,6.29753228120517
2011-06-29,6.0,6.19142857142857,6.28084570191713
2011-06-30,5.98,6.19347826086956,6.28083833833834
2011-07-01,,6.19076923076923,6.26521459869907
2011-07-04,6.02472222222222,6.19,6.25903286384976
2011-07-05,6.03587301587302,6.1840625,6.26087480399439
2011-07-06,6.04,6.17555555555556,6.25856327439789
2011-07-07,6.02563218390805,6.17,6.25236280056577
2011-07-08,6.00947368421052,6.13659090909091,6.22559736400537
2011-07-11,6.0,6.12631578947368,6.20721159327978
2011-07-12,6.04133333333333,6.10294117647059,6.18676829718164
2011-07-13,6.05,6.1,6.19610898905016
2011-07-14,5.9837583001328,,6.17958333333334
2011-07-15,5.96571428571429,6.06,6.14969843035471
2011-07-18,6.0,6.049,6.14
2011-07-19,,6.05,6.13049633534782
2011-07-20,,6.04,6.13805900273779
2011-07-21,5.94999999999999,6.0399129871332,6.13
2011-07-22,5.94272727272727,6.048,6.13
2011-07-25,5.928,6.05,6.13836615609044
2011-07-26,5.95,6.05,6.13988738357324
2011-07-27,5.95,6.05,6.14043181818181
2011-07-28,5.93,6.05,6.13390211219623
2011-07-29,5.960625,,6.10641326399269
2011-08-01,5.94366013071895,6.01555555555555,6.10048279589265
2011-08-02,5.87365116429915,5.93,6.00338566552901
2011-08-03,5.79,5.91470588235294,5.96448856937874
2011-08-04,5.70045746561463,5.7963477343647,5.81883014861996
2011-08-05,5.604556998557,5.7214876033058,5.78964891518738
2011-08-08,5.48415600029791,5.54555555555554,5.60873406005759
2011-08-09,,5.60410256410257,5.6461204645603
2011-08-10,5.42210971545757,5.48765217391305,5.56892971655774
2011-08-11,5.42096539293439,5.52708333333333,5.59760497018507
2011-08-12,5.48358490566038,5.54214285714286,5.6516561296139
2011-08-16,5.48,5.56142857142857,5.66772727272727
2011-08-17,5.48090909090909,5.59793103448276,5.71696408209807
2011-08-18,5.37580467718886,5.50962962962963,5.57328317999897
2011-08-19,5.25209562506331,5.40173076923076,5.5215328751876
2011-08-22,5.28307104660046,5.42882352941177,5.51
2011-08-23,5.19466666666667,5.30069767441861,5.43153340084343
2011-08-24,5.21,5.26857142857143,5.34970863683663
2011-08-25,5.23201138519924,5.24684074790458,5.33231702059902
2011-08-26,5.18300847457627,5.19,5.2211006089598
2011-08-29,5.17551512616757,5.1705,5.20322235310421
2011-08-30,5.04425254473764,5.04730438378024,5.0687545366752
2011-08-31,5.04194147914907,5.07534231264681,5.08478602350906
2011-09-01,5.04987716483152,5.06447847314692,5.08663649632819
2011-09-02,4.96705882352941,4.99891376316075,5.04790271049364
2011-09-05,4.86532915360502,4.86138888888889,4.90676862604264
2011-09-06,4.80421259309411,4.7698431372549,4.79261830389201
2011-09-07,4.8794005735469,4.86822699307319,4.94221120548971
2011-09-08,4.90240506329114,4.95,4.93961133803688
2011-09-09,4.93285868075944,4.93072520233508,5.01441963772524
2011-09-12,4.903,4.9,4.92867094758764
2011-09-13,4.92,4.96,5.04616512248899
2011-09-14,4.91702233250621,4.97,5.07404691881077
2011-09-15,4.94,5.00005875440658,5.15233486874602
2011-09-16,4.94353365384615,,5.15090049751244
2011-09-20,4.95,5.02285714285714,5.16708471357583
2011-09-21,4.97,,5.28591798144706
2011-09-22,4.91968085106383,4.93952908278193,5.07892813001269
2011-09-23,4.78977777777778,4.9,5.05323926494062
2011-09-26,4.8,,5.08289495035351
2011-09-27,,4.9475,5.08559588626739
2011-09-28,4.72863548834343,4.94,5.07974544701987
2011-09-29,4.73033183632735,4.92893970893971,5.11267600121755
2011-09-30,4.65015151515152,4.855,5.06902761996329
2011-10-03,4.57974702380952,4.73,5.01164513856108
2011-10-04,4.47784434598389,4.50117529880478,4.88838517173058
2011-10-05,4.49,4.53,4.91602907405675
2011-10-06,4.58830769230769,,4.9673278736421
2011-10-07,4.695,,5.04218450937859
2011-10-11,4.8,4.76,5.07521739130435
2011-10-12,4.87022556390977,4.9,5.12145953214532
2011-10-13,4.7109388971684,4.8,5.04328361982678
2011-10-14,4.6965625,,5.05145842217484
2011-10-17,4.7,4.82,5.03241288981289
2011-10-18,4.63303434026788,4.76979552362531,5.03471736119854
2011-10-19,4.72654545454545,4.8075,5.09655456088303
2011-10-20,4.6831274885977,,5.08972589690424
2011-10-21,4.64403770089883,4.77,5.08995861545605
2011-10-24,,,5.10986585219788
2011-10-25,4.70222222222222,4.92170414792604,5.14112865797896
2011-10-26,4.72,4.90645161290323,5.17745519588775
2011-10-27,4.83486440194119,5.17392156862745,5.53416048752702
2011-10-28,5.01258620689655,5.2,5.4939243929708
2011-11-02,4.875,5.15957918050941,5.43296742395443
2011-11-03,4.92163672086335,,5.4629542990097
2011-11-04,5.0063188677949,5.24,5.48660168940871
2011-11-07,5.06352720389776,5.18745614035088,5.49301324937689
2011-11-08,5.04904084158416,,5.50778026328251
2011-11-09,4.98963675213675,5.156,5.48117211869694
2011-11-10,,5.18111069277108,5.50054023443654
2011-11-11,5.05,5.3,5.53506184574146
2011-11-14,5.103370331346,5.33424836601307,5.55191192222131
2011-11-15,5.13977653631285,5.40285714285714,5.52900770892193
2011-11-16,5.062585961921,5.30006020007673,5.54635623429804
2011-11-17,5.128,5.29142857142857,5.50103854186444
2011-11-18,,5.45,5.51021489255372
2011-11-21,5.08993993993994,5.24,5.46202357071213
2011-11-22,5.03678571428571,5.18998177178272,5.46847477872665
2011-11-23,4.95943728602552,5.32043103448276,5.41162669899252
2011-11-24,4.94242092457421,5.07188210818308,5.38457556376791
2011-11-25,4.89618908382066,5.03158372827804,5.31188832862474
2011-11-28,4.95,5.06708074534162,5.38537191930938
2011-11-29,4.89883682008368,5.00846933319754,5.34836163047007
2011-11-30,4.9,5.09042675792442,5.39546774325096
2011-12-01,4.97,5.13323529411765,5.4442219329366
2011-12-02,4.99888888888889,5.15581871345029,5.40489689254573
2011-12-05,5.03,5.13,5.37909090909091
2011-12-06,4.99,5.1465811965812,5.33510135135135
2011-12-07,,5.07,5.35111497137329
2011-12-09,,5.23501312335958,5.33875314091681
2011-12-12,5.0,5.04,5.32095700162458
2011-12-13,4.94565217391304,,5.30717859173232
2011-12-14,4.92971288846821,4.99946305841924,5.26903540903541
2011-12-15,4.89696598639456,4.9872,5.25719000748903
2011-12-16,,4.99705882352941,5.25
2011-12-19,4.92190476190476,5.0,5.23
2011-12-20,4.92187377495473,5.00070843335251,5.2762786325632
2011-12-21,4.94190476190476,5.06,5.29347457627119
2011-12-22,,5.02172827172827,5.28552083333333
2011-12-23,,5.015,
2011-12-26,,,5.26866666666667
2011-12-27,4.895,5.00166666666667,5.22833333333333
2011-12-28,4.86082644628099,4.9526923076923,5.19491652340651
2011-12-29,,4.93,5.18980740602131
2011-12-30,4.86,4.93675373134328,5.19454545454545
2012-01-02,,4.95,5.19
2012-01-03,4.66389300998573,4.96542857142857,5.2
2012-01-04,4.78641975308642,4.95,5.19111111111111
2012-01-05,4.87201465201465,4.9675,5.16316369388534
2012-01-06,4.988,5.00071034905083,
2012-01-09,,5.05238647342995,5.2147618622904
2012-01-10,4.82,5.05836363636364,
2012-01-11,4.88206896551724,5.03756051967474,5.18197964045917
2012-01-12,,4.9760165901558,5.15082352941177
2012-01-13,4.798,4.94,5.11857799167841
2012-01-16,4.79328800988875,4.90714285714286,5.04378122007553
2012-01-17,4.795625,4.92025668449198,5.0586250690991
2012-01-18,4.74746626686657,4.88705882352941,5.0097345882871
2012-01-19,4.75,4.89,5.03003988868275
2012-01-20,4.78,4.86794871794872,5.00571257961783
2012-01-23,,4.86816084004024,4.99548640800194
2012-01-24,,4.86292682926829,4.98955657991352
2012-01-25,4.74418666007091,4.85,4.99213615023474
2012-01-26,4.75,4.83558408408409,4.96485598377282
2012-01-27,4.82,,4.98
2012-01-30,4.85,,4.98372120486336
2012-01-31,4.75938622507341,4.82947171128264,4.98697064068346
2012-02-01,4.84,4.84025641025641,5.02115027829314
2012-02-02,4.87728945167841,4.86824287510478,5.06699347368421
2012-02-03,4.92,4.97283686946747,5.14088567722809
2012-02-06,4.898125,5.04562235776293,5.19725929054054
2012-02-07,4.98294243070362,5.06,5.20910450092467
2012-02-08,,5.08,5.24936907111259
2012-02-09,5.02,5.06625,5.25398999374609
2012-02-10,,5.04490829638198,5.20299809491174
2012-02-13,5.02,5.0425,5.19023809523809
2012-02-14,,5.04204081632653,5.18605422325976
2012-02-15,5.02,5.0808658008658,5.23864197530864
2012-02-16,,5.06992063492063,5.22128908421345
2012-02-17,,5.09625,5.2515024766098
2012-02-20,5.0,5.125,5.29
2012-02-21,5.22012834792659,5.2078947368421,5.38097309306469
2012-02-22,,,5.47856562042609
2012-02-23,5.25369470738822,5.38744923857868,5.46188188721973
2012-02-24,5.28351620264719,5.4193838028169,5.52909431751611
2012-02-27,,5.4084455667789,5.50276509386099
2012-02-28,5.29794976635514,5.42697605069425,5.55
2012-02-29,5.29934782608696,5.41557632398754,5.56065688161694
2012-03-01,5.38001189767995,5.43565495207668,5.59
2012-03-02,5.33941747572816,5.3721681944998,5.51235555555555
2012-03-05,,5.38967741935484,5.49098582590327
2012-03-06,5.28531698507746,5.35223522372138,5.47242312767871
2012-03-07,5.28393442622951,5.35636363636364,5.48
2012-03-08,5.4315832363213,5.47489026717558,5.61378378378379
2012-03-09,5.32280772032047,5.50089715162886,5.625
2012-03-12,5.41605633802817,5.50103609625668,5.71636363636364
2012-03-13,5.37677595628415,5.66732367001389,5.79265653775322
2012-03-14,5.44090773125543,5.7168803445413,5.8739741700554
2012-03-15,5.49992395437262,5.66467391304348,5.83920813939611
2012-03-16,5.50050240880936,5.75296296296296,5.89056326530612
2012-03-19,5.61777777777778,5.6640625,5.95794642857143
2012-03-20,5.60275960986804,5.73576375971113,5.94802322796934
2012-03-21,5.55,5.70476190476191,5.98441030689842
2012-03-22,5.49782608695652,5.68097604259095,5.85600371472985
2012-03-23,5.54565304487179,5.7,5.88503027017259
2012-03-26,5.57479020979021,5.76207667731629,5.94825724996652
2012-03-27,5.6,,5.94825724996652
2012-03-28,5.629,5.71,5.92887656924047
2012-03-29,5.60083333333333,5.74,5.95544720182766
2012-03-30,5.74950880476983,5.86571428571429,6.00016432743506
2012-04-02,5.73846153846154,5.81453562985478,5.96848962898042
2012-04-03,5.70807692307692,5.79636363636364,5.97001939111887
2012-04-04,5.70304914429267,5.83,5.97492753623188
2012-04-05,5.614368,5.756175,5.90720697167756
2012-04-09,5.615,5.72,5.8699851785979
2012-04-10,5.58683961526431,5.69053445390381,5.83590675791275
2012-04-11,5.553959197787,5.76369281045752,5.89499517231135
2012-04-12,5.52,5.76357142857143,5.88178512410511
2012-04-13,5.50744020142677,5.71834118073162,5.84250373692078
2012-04-16,5.49789473684211,5.72,5.8181146953405
2012-04-17,5.47,5.74,5.80866112650046
2012-04-18,5.43238095238095,5.65178571428571,5.76219476003943
2012-04-19,5.37014749262537,5.62327409353728,5.73100774336283
2012-04-20,5.529,5.7,5.76936286709806
2012-04-23,5.36327669448457,5.64,5.71512125066243
2012-04-24,5.37,5.65,5.75062884483937
2012-04-25,5.59,5.63681818181818,5.76505285868393
2012-04-26,5.39418181818182,5.64978571428571,5.73411825354133
2012-04-27,,5.64683632586437,5.72406218781219
2012-04-30,,,5.72
2012-05-02,5.36565217391304,5.58406406641604,5.68190476190476
2012-05-03,5.40333333333333,5.62954081632653,5.71785448460509
2012-05-04,5.41427067669173,5.62070643188416,5.68947878208748
2012-05-07,5.42,5.60571428571429,5.70625
2012-05-08,5.37763636363636,5.58079749103943,5.67302984423516
2012-05-09,5.35709302325581,5.58090909090909,5.63243010736871
2012-05-10,5.33975155279503,5.59273205332029,5.65266889296058
2012-05-11,5.35081018518519,5.57888888888889,5.64
2012-05-14,5.29602620087336,5.52352240615444,5.60639145405631
2012-05-15,5.27350427350427,5.48445529361697,5.57764426460239
2012-05-16,5.23928571428571,5.36592798488893,5.51679295532646
2012-05-17,5.17142722422805,5.25203412448766,5.41553108069051
2012-05-18,,5.26904761904762,5.41297631779985
2012-05-22,5.20974842767296,5.40494563529046,5.46600947233128
2012-05-23,5.15,5.36301932248294,5.39896103896104
2012-05-24,5.145,5.35655879627994,5.38858277515464
2012-05-25,5.042,5.21102219003683,5.30017043252519
2012-05-28,5.05,5.27256658703999,5.30762979065747
2012-05-29,,5.26040297540912,5.33650050420361
2012-05-30,5.04259218559219,5.22392932489451,5.29823917354663
2012-05-31,5.0,5.17001963680825,5.28422523700556
2012-06-01,4.98607475035663,5.14063391111454,5.2590412328131
2012-06-04,5.04916666666667,5.18344426947691,5.32180629752761
2012-06-05,,5.23084289725913,5.34964444560648
2012-06-06,,5.26844234951132,5.43603836452196
2012-06-07,5.132,5.28954732839348,5.41855730632429
2012-06-08,5.06501078360891,5.26137078432776,5.3745213389443
2012-06-11,5.08282608695652,5.29047534079429,5.40052765416402
2012-06-12,5.04801867293849,5.18626347425199,5.40302879841112
2012-06-13,5.04,5.2254937010555,5.38338789261558
2012-06-14,5.01105263157895,5.21305151991654,5.32566666666667
2012-06-15,,5.28276930586289,5.34463414634147
2012-06-18,5.09,5.27432767882467,5.37857142857143
2012-06-19,,5.28770813525576,5.44821516439275
2012-06-20,5.1035294117647,5.27845068780077,5.41571991412461
2012-06-21,5.05,5.24891168243705,5.373125
2012-06-22,5.06602309694209,5.22442249824009,5.34547165456585
2012-06-25,4.97733153638814,5.17207592278652,5.29042227650026
2012-06-26,4.98446666666667,5.1566347609825,5.28185828877005
2012-06-27,4.97607696011556,5.20015873015873,5.3
2012-06-28,4.98657571975729,5.14758259542172,5.25459359124462
2012-06-29,5.03130434782609,5.23039293898602,5.31601311953353
2012-07-03,5.04958333333333,5.23925857843137,5.34
2012-07-04,5.05115384615384,5.26688888888889,5.34923427704981
2012-07-05,5.03850119904077,5.25153443220824,5.32035972927242
2012-07-06,4.96638607173298,5.13058245656288,5.20390631243325
2012-07-09,4.99,5.13581792172122,5.21763980263158
2012-07-10,4.9919298245614,5.14791799494725,5.22317842605156
2012-07-11,4.99413110698825,5.13747567511421,5.20169222633527
2012-07-12,4.95827586206897,5.08887657516296,5.15829166159689
2012-07-13,,5.09957790856667,5.17097207303974
2012-07-17,,5.10520940437981,5.17852159937061
2012-07-18,,5.12797736857489,5.16210704607046
2012-07-19,,5.13452558759589,5.16624592662672
2012-07-20,,5.145,5.17691769965454
2012-07-23,4.98,5.10811218985976,5.15773312165775
2012-07-24,,5.10265024630542,5.16
2012-07-25,4.96333333333333,5.10479100911478,5.16434782608696
2012-07-26,4.98,5.12180276497696,5.17230769230769
2012-07-27,,5.13074363992172,5.18525219515416
2012-07-30,,5.15100775906139,5.21320741758242
2012-07-31,5.09,5.18217896052867,5.23669408551658
2012-08-01,5.07,5.1877221376434,5.23918633852336
2012-08-02,5.064,5.17052356818961,5.20178930307942
2012-08-03,,5.20027976190476,5.24594594594595
2012-08-06,5.108,5.26897891231965,5.29191954834157
2012-08-07,5.13,5.29831828460799,5.30080182072829
2012-08-08,5.2,5.29887096774194,5.31766666666667
2012-08-09,5.2,5.28074626865672,5.30551020408163
2012-08-10,5.19874595759971,5.27522548317824,5.30762934690416
2012-08-13,5.16769230769231,5.26,5.30655067155067
2012-08-14,5.23010854176498,5.30564102564103,5.33404149751917
2012-08-16,5.26733333333333,5.32907919777485,5.37303234682882
2012-08-17,5.29714285714286,5.3526709241172,5.38668093270366
2012-08-20,5.27596806387226,5.3345643153527,5.36573361823362
2012-08-21,5.3,5.32,5.39
2012-08-22,,5.35574077293006,5.35444614775371
2012-08-23,5.25181818181818,5.30174657072183,5.31900252296176
2012-08-24,5.23888888888889,5.31176223020328,5.32991071428572
2012-08-27,,5.33292927903137,5.35458770614693
2012-08-28,5.2291103202847,5.30847790507365,5.33126229440958
2012-08-29,5.18,5.28741935483871,5.31816039228092
2012-08-30,5.19673673673674,5.26470588235294,5.29423484588146
2012-08-31,5.2,5.27694257010046,5.29296912114014
2012-09-03,5.21,5.27473029045643,5.28212550607287
2012-09-04,5.1713427345187,5.24167477039438,5.27513966480447
2012-09-05,5.2,5.24490237972445,5.25
2012-09-06,5.23812967259603,5.292,5.29852198192229
2012-09-07,5.22,5.31771359807461,5.30180894701802
2012-09-10,,5.30323529411765,5.32331674958541
2012-09-11,5.23,5.3005076142132,5.34396013578821
2012-09-12,5.253125,5.34228753778972,5.3552058531746
2012-09-13,,5.32753211060632,5.36
2012-09-14,5.27487225193107,5.40360679856638,5.44304781306952
2012-09-20,,5.38960137677099,5.41259259259259
2012-09-21,,5.35621673923561,5.4191935483871
2012-09-24,,5.37228890069039,5.39465949820789
2012-09-25,5.26635220125786,5.36414148857775,5.39588307794804
2012-09-26,5.23384615384615,5.33211302211302,5.37
2012-09-27,5.21555555555556,5.31706259241005,5.37763513513514
2012-09-28,,5.36269512284832,5.38918345705196
2012-10-01,,,5.44492307692308
2012-10-02,,5.35800000000001,5.43122342506848
2012-10-03,5.25,5.3543982448809,5.41190306700257
2012-10-04,,5.36170968896897,5.39152174423887
2012-10-05,5.26467289719626,5.36888615888616,5.41255722178374
2012-10-08,5.24,5.37553128103277,5.43694444444444
2012-10-09,5.21755319148936,5.36025920621931,5.41005880686826
2012-10-10,5.24,5.3387358276644,5.37803925619835
2012-10-11,,5.34942420001382,5.38279537456008
2012-10-12,5.23360655737705,5.3646234996672,5.38087687715893
2012-10-16,5.19333333333333,5.37813496932515,5.39658848614073
2012-10-17,,5.37786791250796,5.40198041016223
2012-10-18,,5.37769230769231,5.39
2012-10-19,,5.37479452054794,5.38824675324675
2012-10-22,,5.39,5.4
2012-10-23,,5.35907476635514,5.37964311093565
2012-10-24,,5.37126168990976,5.38918994413408
2012-10-25,,5.40323580034423,5.40737390652337
2012-10-26,5.24,5.37333333333333,5.42
2012-10-29,5.33,,5.42
2012-10-30,5.30435897435897,5.38755908289241,5.420819000819
2012-10-31,5.33,5.40311362209667,5.44
2012-11-05,5.331640625,5.41,5.44985111662531
2012-11-06,5.3290756302521,5.40389429763561,5.45
2012-11-07,5.32,5.40663432215137,5.43666666666667
2012-11-08,,5.43739130434783,5.45921154499151
2012-11-09,,5.41,5.45169171626984
2012-11-12,5.37,,5.43334763948498
2012-11-13,5.33951219512195,5.3885,5.41435595345249
2012-11-14,,5.40570588235294,5.41991615180935
2012-11-15,5.36,5.38,5.41
2012-11-16,5.34205916699105,5.37633808574787,5.41954301075269
2012-11-19,,5.418125,5.44
2012-11-20,5.36,5.44641009927687,5.47
2012-11-21,5.40276729559748,5.4597361512792,5.49666666666667
2012-11-22,5.45,5.5,5.54893617021276
2012-11-23,5.48,5.51866279069767,5.5784178187404
2012-11-26,5.47930803571429,5.53,5.56266052651204
2012-11-27,5.49,5.53,5.5368
2012-11-28,5.46047619047619,5.49782456140351,5.50062378284647
2012-11-29,5.48515151515152,5.51539682539683,5.51488294314381
2012-11-30,5.57,5.52,5.53064814814815
2012-12-03,5.54230769230769,,5.55
2012-12-04,5.54797535211268,5.5835474738348,5.57
2012-12-05,5.5389302033643,5.57970414201183,5.55508547008547
2012-12-06,,5.58166833166833,5.5628
2012-12-07,5.49,5.51084852970863,5.50240404040404
2012-12-10,5.47366972477064,5.49074074074074,5.500125
2012-12-11,,5.4942004325735,5.4932783347257
2012-12-12,5.48,5.49,5.49
2012-12-13,5.47761904761905,5.47709677419355,5.47
2012-12-14,,5.49481481481481,5.48918482207698
2012-12-17,,5.49,5.49
2012-12-18,5.46310810810811,5.495,5.51
2012-12-19,5.47,5.5,5.49
2012-12-20,5.46504892367906,5.49485390128544,5.5081492063492
2012-12-21,5.47,5.5,
2012-12-24,,,5.5
2012-12-26,5.46,5.49,5.48909649242528
2012-12-27,5.43863636363636,5.48966921119593,5.495
2012-12-28,5.425,5.495,5.49
2013-01-02,5.49,,5.51991467576792
2013-01-03,5.52704545454545,5.53,5.51010989010989
2013-01-04,5.51,5.55048780487805,
2013-01-07,5.54,,
2013-01-08,5.55426732133115,5.58734453141987,5.59181818181818
2013-01-09,5.55224637681159,5.59931034482759,
2013-01-10,,5.616,5.67477644087938
2013-01-11,5.57883177570094,5.67047125588538,5.65
2013-01-14,5.62958333333333,5.69649350649351,5.72
2013-01-15,5.62539130434783,5.69015116628291,5.69
2013-01-16,5.60804569563443,5.65031073368945,5.6725
2013-01-17,,,5.65
2013-01-18,,5.67,5.65
2013-01-21,5.63,5.67,5.65
2013-01-22,5.56,5.59,
2013-01-23,5.56,5.59,
2013-01-24,5.56,5.5682587715315,5.5766632016632
2013-01-25,,5.55384068278805,5.54591544855929
2013-01-28,5.55269230769231,5.56052631578947,5.56909090909091
2013-01-29,5.56,5.56004370213318,5.57211075441412
2013-01-30,5.57,5.56,5.6154714850367
2013-01-31,5.57,5.59233644859813,5.6340990990991
2013-02-01,5.56284182861885,,5.68
2013-02-04,5.56,5.56,
2013-02-05,5.57,5.59,5.68731147540984
2013-02-06,,5.62,5.69
2013-02-07,,,5.69335984095428
2013-02-08,,5.68,5.68732951896588
2013-02-11,,,5.69883304983625
2013-02-12,5.56451612903226,,5.67450190114068
2013-02-13,,5.67769230769231,5.6709219605044
2013-02-14,,5.658,5.66312127976191
2013-02-15,,5.67,5.68145678126217
2013-02-18,,5.69096774193548,5.68
2013-02-19,5.53,5.6805701754386,5.67470338340161
2013-02-20,5.54888888888889,5.67,5.67666666666667
2013-02-21,5.54458333333333,5.64,5.66279009942293
2013-02-22,5.48,5.67,
2013-02-25,,5.67,5.66
2013-02-26,5.52276243093923,5.60490476190476,5.60696629213484
2013-02-27,,5.60248984504288,5.6
2013-02-28,5.52,5.61172794117647,
2013-03-01,5.50252114164905,5.605,
2013-03-04,5.52,5.58666666666667,5.6
2013-03-05,,5.59451398767188,5.62
2013-03-06,,5.62,5.61909090909091
2013-03-07,5.525,5.62,5.64642857142857
2013-03-08,5.49,5.6,5.62153195488722
2013-03-11,5.49083333333333,,5.62875
2013-03-12,,5.5806762295082,5.6040099009901
2013-03-13,5.495,,5.6275
2013-03-14,5.4575,,5.62
2013-03-18,5.4534,5.59,
2013-03-19,5.45,5.6,5.59009339975093
2013-03-20,5.445,5.58,5.59973829201102
2013-03-21,5.45,5.52453272261178,5.57076578902082
2013-03-22,,5.53,5.575
2013-03-25,,5.51,5.57668344870988
2013-03-26,5.44,5.46436621706811,5.553125
2013-03-27,5.4221875,5.47,5.55238095238095
2013-03-28,5.42552609776305,5.45660098522167,
2013-04-01,5.41,5.45529126213592,5.51181818181818
2013-04-02,5.41079702048417,5.44888888888889,5.51026315789474
2013-04-03,5.422,5.46,5.5
2013-04-04,5.40969346825218,5.43947618860614,5.48832431584725
2013-04-05,5.38582911702301,5.378,5.40984584980237
2013-04-08,5.33325865580448,5.30678310469396,5.32558331873138
2013-04-09,5.32561240884934,5.32141054194506,5.29786448769702
2013-04-10,5.32661578332812,5.31867515516612,5.28847324548796
2013-04-11,5.3,5.30516129032258,5.29434782608696
2013-04-12,5.26943037974684,5.23401846264153,5.20070007107321
2013-04-15,5.15695499707773,5.15095716783217,5.11470149253731
2013-04-16,5.17168258913119,5.22897603134981,5.15455782312925
2013-04-17,5.11030956422261,5.13,5.14
2013-04-18,5.14992985190959,5.17832864180155,5.17
2013-04-19,5.22240841610907,5.18,5.2
2013-04-22,5.208,5.22919889871517,5.20193548387097
2013-04-23,5.18340870410892,5.19889524990549,5.19038456722341
2013-04-24,5.1953125,5.23456137962333,5.22668162394494
2013-04-25,5.21236528822055,5.26132518796992,5.25205944058233
2013-04-26,5.21608695652174,5.24683430503493,5.23822172894315
2013-04-29,5.14589604631112,5.21943143812709,5.25368189530185
2013-04-30,5.12742424242424,5.1850873737672,5.21373950785032
2013-05-02,5.06583227905295,5.16727379073399,5.19100718194255
2013-05-03,5.11846153846154,5.1913769681991,5.21
2013-05-06,5.11,5.21642600624971,5.22977989319712
2013-05-07,5.09,5.22561688311688,5.25708333333333
2013-05-08,5.042,5.14466918714555,5.17040283687943
2013-05-09,5.00714285714286,5.1387968332777,5.18243655574207
2013-05-10,4.9875,5.0918990675895,5.12757723504769
2013-05-13,4.99958333333333,5.0806952255968,5.11071428571429
2013-05-14,4.97,5.07986820639721,5.09617929864253
2013-05-15,4.97633333333333,5.04925299455535,5.08511248193925
2013-05-16,4.93083333333333,5.05219938583529,5.08580041580042
2013-05-17,4.97,5.05617021276596,5.08919482655503
2013-05-20,4.9434375,5.04,5.08728886554622
2013-05-22,4.95,5.06421119700945,5.1154357868802
2013-05-23,5.01,5.13432766373869,5.17696890626916
2013-05-24,5.09333333333333,5.13011069860482,5.17947091842031
2013-05-27,5.14820895522388,5.15958666666667,5.18551724137931
2013-05-28,5.1839837398374,5.19929329588566,5.22227072486984
2013-05-29,,5.19940594059406,5.21293012833571
2013-05-30,5.18535618169479,5.24942245989305,5.25854011076157
2013-05-31,5.10981591334872,5.21182345360825,5.22617486338798
2013-06-03,4.94569646569647,5.09810384547227,5.14137931034483
2013-06-04,4.94677419354839,5.10865762425189,5.1437974090586
2013-06-05,4.93887912087912,5.07800610678772,5.13843915343915
2013-06-06,4.95285714285714,5.10021805019305,5.15066666666667
2013-06-07,4.8476987624778,5.08806744184484,5.16170191990667
2013-06-10,,5.16129496402082,5.22477611940299
2013-06-11,4.85333333333333,5.18957062169283,5.26906470825762
2013-06-12,4.81,5.166417535456,5.24790184096237
2013-06-13,4.79485036979933,5.12705962658623,5.22371079163555
2013-06-14,4.81711229946524,5.1436929534283,5.245
2013-06-17,4.84,5.17272703203601,5.26733223014257
2013-06-18,,5.22943173779769,5.30954446356533
2013-06-19,4.88,5.24101792875678,5.32559477292639
2013-06-20,4.965,5.31956154822992,5.394096489961
2013-06-21,4.96035714285714,5.31310631050003,5.38
2013-06-24,4.97888888888889,5.32784407993967,5.41345642331636
2013-06-25,,5.35154253131426,5.37142857142857
2013-06-26,4.90513513513513,5.29,5.38233480176211
2013-06-27,4.90770873733691,5.28032227375431,5.36714081667875
2013-06-28,4.896,5.24302107323814,5.35989212430822
2013-07-01,4.87,5.23172537742631,5.34767670061135
2013-07-02,4.88458594293667,5.20101851851852,5.33294895736072
2013-07-03,4.85,5.18710622710623,5.31947368421053
2013-07-04,4.89777777777778,5.18077747168656,5.30014934074316
2013-07-05,4.86813186813187,5.17807073954984,5.30441169479439
2013-07-08,4.9100296735905,5.17399777282851,5.29714285714286
2013-07-09,4.90119634570766,5.14747145131449,5.29008799171843
2013-07-10,4.87229532163743,5.1346131025958,5.24024390243902
2013-07-11,,5.09476003698018,5.23602616505133
2013-07-12,4.83523696682464,5.1311074050122,5.21850340136054
2013-07-15,4.83,5.10022510822511,5.21897849462366
2013-07-17,4.81285714285714,5.15451386783839,5.24019764662348
2013-07-18,,5.21417001955596,5.33393321004777
2013-07-19,5.0,5.19960531881146,5.33193990022044
2013-07-22,4.95318181818182,5.28197612035412,5.34865879503482
2013-07-23,4.97,5.23385454545455,5.38
2013-07-24,4.94027027027027,5.23580772483789,5.38
2013-07-25,4.90136363636364,5.22302350404204,5.31282548268349
2013-07-26,,5.25778135026455,5.28534855769231
2013-07-29,,5.16137229390236,5.26441484770009
2013-07-30,4.85981725611419,5.11928614614691,5.24080307200072
2013-07-31,,5.15523764473524,5.26124642873003
2013-08-01,,5.12545267489712,5.27947368421053
2013-08-02,4.82655462184874,5.11111053225666,5.26
2013-08-05,4.83483568075117,5.13110429447853,5.28915739804516
2013-08-06,,5.20518259935553,5.28037037037037
2013-08-07,4.8049853372434,5.10114258269517,5.24460849957829
2013-08-08,4.83760522496371,5.10618896648571,5.27
2013-08-09,,5.0943287037037,5.27759304729904
2013-08-12,,5.11576146788991,5.28387338325391
2013-08-13,,5.10732678166972,5.29807843137255
2013-08-14,,5.1070649540518,5.28
2013-08-16,4.8885,5.14666666666667,5.28127659574468
2013-08-19,4.90653846153846,5.10510131349583,5.25262962856536
2013-08-20,4.89,5.08375,5.25
2013-08-21,,5.16924604491647,5.25220812778952
2013-08-22,4.91,5.21466582577177,5.26997844827586
2013-08-23,4.92027808676307,5.242,5.27668718682892
2013-08-26,4.93,5.12007884362681,5.27
2013-08-27,4.93,5.12399688447979,5.25810864393339
2013-08-28,4.91875,5.21064741194878,5.24034825870647
2013-08-29,4.93413793103448,5.15876957314458,5.26827160493827
2013-08-30,4.99089401812386,5.21741096817874,5.28353013530135
2013-09-02,5.0214406779661,5.18452054794521,5.2775
2013-09-03,5.09595000082752,5.15198149073149,5.28406189555126
2013-09-04,5.07058060930371,5.18090747330961,5.28
2013-09-05,4.97327321109946,5.22503982378341,5.27749984158667
2013-09-06,4.96336879432624,5.21845017636684,5.24185537190083
2013-09-09,4.93988235294117,5.22742823693973,5.27958443708609
2013-09-10,4.98852941176471,5.15943100189037,5.27953623188406
2013-09-11,4.94,5.15343384338434,5.26050702729554
2013-09-12,5.01696369636964,5.16042903569633,5.26
2013-09-13,5.12310780834073,5.17038212815991,
2013-09-16,,5.16,5.28
2013-09-17,,5.20607594936709,5.28
2013-09-23,4.98380309397509,5.14486022606584,5.26
2013-09-24,,5.13109157680326,5.24927884615385
2013-09-25,4.97,5.1049866551539,5.25
2013-09-26,,5.10810575513197,5.25794117647059
2013-09-27,,5.10081205068117,5.261
2013-09-30,,5.12290410958904,5.24674071109332
2013-10-01,4.99142857142857,5.11887954296686,5.25115684627385
2013-10-02,4.96038961038961,5.08364226808157,5.24299969852276
2013-10-03,4.94163934426229,5.07551744539583,5.23055599438301
2013-10-04,4.94525906373945,5.0784303652968,5.22641547861507
2013-10-07,4.9554533198517,5.09377289377289,5.24
2013-10-08,4.95,5.09315931349049,5.24975609756098
2013-10-09,4.91760416666667,5.07005298013245,5.22562040209279
2013-10-10,4.9,5.04866443452381,5.22711111111111
2013-10-11,,5.03645861078012,5.21428043115501
2013-10-14,,5.02098591549295,5.2003110613413
2013-10-15,4.90042783072155,5.02252479908992,5.19702575107296
2013-10-16,4.88062874251497,5.03314833597464,5.21939708682642
2013-10-17,4.9,5.03585724043716,5.21036944137403
2013-10-18,4.71045070328422,4.86875,5.1265363073459
2013-10-21,4.67079739612032,4.83843574112879,5.11616666666667
2013-10-22,4.61205391320379,4.8217608769589,5.09391401322873
2013-10-23,4.60001916419387,4.80796686115636,5.07829290617849
2013-10-24,4.58644225657962,4.8,5.07243902439024
2013-10-25,4.59571296296296,4.77,5.05566635138489
2013-10-28,4.6,4.7610676470988,5.0390522509041
2013-10-29,4.5547764568468,4.71509232365145,5.00054589371981
2013-10-30,4.55,,4.99222222222222
2013-11-04,,,4.99948634280477
2013-11-05,4.50575757575758,4.70424242424243,4.985
2013-11-06,4.48,4.66290043290043,4.96880733944954
2013-11-07,4.47040337359133,4.61200280112045,4.91564829582373
2013-11-08,4.51422535211268,4.5958244680851,4.91510826995119
2013-11-11,4.49975292587776,4.62789915966387,4.93197017268446
2013-11-12,4.5425641025641,4.6319216317767,4.94
2013-11-13,4.47252318319455,4.61313044159853,4.93089780232977
2013-11-14,4.40773406593407,4.59501678876679,4.9046262806988
2013-11-15,,4.56849081364829,4.86908918042922
2013-11-18,4.39,4.58426605973813,4.8995
2013-11-19,4.40940425531915,4.5885,4.91241379310345
2013-11-20,4.37457709824333,4.55358661865442,4.88547351108033
2013-11-21,4.4,4.6,4.92644688644689
2013-11-22,4.42714285714286,4.6405805580558,4.97869025735294
2013-11-25,4.56150370804059,4.70151656640029,5.03883522727273
2013-11-26,4.6030671894493,4.70857142857143,5.06959183673469
2013-11-27,4.57804284323271,4.73,5.05728798185941
2013-11-28,4.6586231884058,4.74384159988448,5.07305516265912
2013-11-29,,4.76879310344828,5.09
2013-12-02,,4.79011717802045,5.05923076923077
2013-12-03,4.63,4.8262734741784,5.07
2013-12-04,4.63666666666667,4.82431129476584,5.08458333333333
2013-12-05,4.59530120481928,4.81,5.06
2013-12-06,4.64,4.86,5.09289473684211
2013-12-09,4.62770542635659,4.86399167849489,5.09988372093023
2013-12-10,,4.87666666666667,5.12576992753623
2013-12-11,4.6,4.88,5.13
2013-12-12,,4.87,5.13
2013-12-13,4.59,4.82571428571428,5.15858208955224
2013-12-16,4.59,4.83,5.1694799461642
2013-12-17,4.55,4.86984375,5.16108695652174
2013-12-18,,4.832,5.16
2013-12-19,4.55,4.89176470588235,5.18871486705385
2013-12-20,4.62636363636364,4.85,5.205
2013-12-23,4.55,4.85,5.20555555555556
2013-12-26,4.55,,5.22
2013-12-27,4.53,4.87352941176471,
2013-12-30,,4.82833333333333,5.18
2014-01-02,4.53,,5.2
2014-01-03,4.55,,5.21210445103858
2014-01-06,4.58214285714286,,
2014-01-07,4.56,,5.17545767855879
2014-01-08,,4.79857142857143,5.16496166384012
2014-01-09,4.54,4.77909090909091,5.13277207392197
2014-01-10,4.52875224577794,4.77,5.1117760369015
2014-01-13,,4.78,5.1
2014-01-14,4.54,4.77333333333333,5.09398386069229
2014-01-15,4.47,,5.07712516469038
2014-01-16,4.4110447761194,4.72,5.03519230769231
2014-01-17,4.4136,,5.03944512681277
2014-01-20,4.388,4.65846153846154,5.02711293793501
2014-01-21,4.37,,4.98015415562198
2014-01-22,4.33264516129032,,4.99555921052632
2014-01-23,4.35,,5.01
2014-01-24,4.31032811273943,,4.96681707827628
2014-01-27,,,4.94137711864407
2014-01-28,4.30962962962963,,4.96
2014-01-29,4.30751243781094,,4.95
2014-01-30,,,4.965
2014-01-31,4.36,,
2014-02-03,4.35,,5.01
2014-02-04,4.33,,
2014-02-05,4.34923076923077,,
2014-02-06,4.355,,
2014-02-07,4.35287749287749,,5.0
2014-02-10,4.41,,5.0
2014-02-11,4.38,,5.0
2014-02-13,4.38,,5.01
2014-02-14,4.365,,
2014-02-18,4.35,,
2014-02-19,4.2772020933583,,4.97
2014-02-20,4.332,,
2014-02-21,4.28260869565217,,
2014-02-24,4.28,4.801,4.98
2014-02-25,4.26666666666667,4.85203389830509,
2014-02-26,4.26410256410256,4.83861111111111,
2014-02-27,4.33,4.81688524590164,
2014-02-28,4.29,4.84,5.03
2014-03-03,4.3,4.84423076923077,
2014-03-04,4.3,4.862,5.04
2014-03-05,4.22545605808501,4.84860759493671,5.00705882352941
2014-03-06,4.20202864374538,4.87737704918033,5.0245
2014-03-07,4.2628,4.93727891156463,5.07257575757576
2014-03-10,4.22,4.88725806451612,4.99
2014-03-11,4.20549952122566,4.90588235294118,5.01333333333333
2014-03-12,4.14017650389086,4.85031007751938,4.95327098321343
2014-03-13,4.14,4.83230769230769,4.94
2014-03-14,4.096743860405,4.85327102803739,5.0059375
2014-03-17,,4.89,5.02
2014-03-18,4.11210526315789,4.86076190476192,
2014-03-19,4.1,4.84599999999999,4.98908731365987
2014-03-20,4.13,4.86,4.99663194444445
2014-03-21,4.11727272727273,4.86161616161617,5.04428070175439
2014-03-24,4.09695801199657,4.85680672268909,5.04105263157895
2014-03-25,4.07925091143473,4.84821428571428,5.05071428571429
2014-03-26,4.10411764705882,4.82205479452056,5.04
2014-03-27,,4.832,5.04619047619048
2014-03-28,4.057109375,4.83068965517241,5.02950085968843
2014-03-31,4.01,4.84612903225806,5.05139204545454
2014-04-01,4.00363636363636,4.78632978723404,5.02076923076923
2014-04-02,3.97,4.79400000000001,
2014-04-03,3.95,4.77303030303031,4.99
2014-04-04,3.95012738853503,4.7489705882353,4.96
2014-04-07,3.93,4.77777777777777,4.98052631578947
2014-04-08,3.92696531791908,4.778125,
2014-04-09,3.88,4.70162790697675,4.913125
2014-04-10,3.87333333333333,4.66231404958678,4.875
2014-04-11,,4.68811881188119,
2014-04-14,3.91727272727273,4.70991379310345,4.9
2014-04-15,,4.72666666666667,
2014-04-16,3.89666666666667,4.72018181818182,4.91
2014-04-17,3.90111111111111,4.72428571428571,
2014-04-21,3.9,4.74787878787879,4.92
2014-04-22,3.9,4.71359649122806,4.91
2014-04-23,3.91,4.688,4.86807692307693
2014-04-24,3.94,4.68547619047619,4.85
2014-04-25,3.9117951907131,4.69108108108108,4.89
2014-04-28,3.9,4.69931034482759,4.89
2014-04-29,3.88270588235294,4.67326086956521,4.89083333333333
2014-04-30,3.88065734608781,4.65822916666668,4.86142857142857
2014-05-02,3.9,4.65485714285714,4.83
2014-05-05,3.87,4.67928571428572,4.875
2014-05-06,3.89259202453988,4.69799999999999,4.91
2014-05-07,3.87631197681906,4.7213559322034,4.92909090909091
2014-05-08,3.94308133971292,4.78588477366253,4.96219512195122
2014-05-09,3.94110772357724,4.80454545454545,4.97083333333334
2014-05-12,3.94409090909091,4.84039473684211,4.98153846153846
2014-05-13,3.94980392156863,4.78107843137255,4.98132352941177
2014-05-14,3.92866959064327,4.76783333333333,4.98954298642534
2014-05-15,,4.74827586206897,4.95328234220421
2014-05-16,4.0106976744186,4.7535,4.96090909090909
2014-05-19,4.04285714285714,4.75966666666667,4.98
2014-05-20,4.07890473887814,4.7664,4.99083333333333
2014-05-22,4.05,4.74363636363636,4.98308610936518
2014-05-23,4.08,4.7295,4.99159670357971
2014-05-26,4.07,4.72052631578947,4.9934375
2014-05-27,4.03238095238095,4.69062367364121,4.9935
2014-05-28,,4.66785296432927,4.97972835571743
2014-05-29,4.01,4.67515625,4.97757898603968
2014-05-30,3.98961219879518,4.65340909090909,4.95940651627092
2014-06-02,4.0,4.6599152542373,4.96
2014-06-03,,4.66086956521739,4.96290625
2014-06-04,3.9,4.63612096774193,4.95
2014-06-05,3.90238829576908,4.61421079398238,4.91906593406594
2014-06-06,,4.58374617684116,4.89616311399444
2014-06-09,3.9,4.56755242825607,4.87007519446845
2014-06-10,3.87,4.57853435468895,4.87117764471058
2014-06-11,3.8,4.55537512493753,4.84571428571429
2014-06-12,3.8,4.53172413793103,4.83383858707802
2014-06-13,,4.5355,4.84047619047619
2014-06-16,3.89615384615385,4.51833333333334,4.83
2014-06-17,3.9,4.53811320754717,4.84
2014-06-18,3.922,4.53153684210527,4.835
2014-06-19,,4.49673440656179,4.82241379310345
2014-06-20,3.9,4.54944444444445,4.84298364116095
2014-06-23,,4.57083333333333,
2014-06-24,3.99,4.55238095238095,4.83803278688525
2014-06-25,,4.52743615336958,4.81961870620824
2014-06-26,3.817,4.50551908242665,4.81142857142857
2014-06-27,3.88,4.44973297671044,4.76780701754386
2014-06-30,3.84,4.45571428571429,4.77207792207792
2014-07-01,,4.46052071323428,4.76692307692308
2014-07-02,,4.43672602137445,4.74890909090909
2014-07-03,3.85,4.4625284738041,4.7730821559393
2014-07-04,3.80358108108108,4.45009436313784,4.7724
2014-07-07,3.78,4.42466666666667,4.74689655172414
2014-07-08,3.73671497584541,4.38447154471544,4.70124547082241
2014-07-09,3.69,4.29376360393884,4.68414674374354
2014-07-10,3.65213778829095,4.27890572390572,4.65485366485367
2014-07-11,3.63833333333333,4.24389100973469,4.66
2014-07-14,3.6,4.19888029875425,4.63689189189189
2014-07-15,3.58818181818182,4.19579357132373,4.63811989100817
2014-07-17,3.5400987654321,4.1864586244372,4.61166369390013
2014-07-18,3.56766798418972,4.24447920864397,4.66194444444444
2014-07-21,,4.22441488745609,4.61428571428571
2014-07-22,3.57674772036474,4.23040164057591,4.65551724137931
2014-07-23,3.57866738894908,4.21166666666667,4.5681605562579
2014-07-24,3.57,4.22715014356959,4.62105704565234
2014-07-25,,4.23534600389864,4.61152161445265
2014-07-28,3.57,4.23934559582347,4.62806007509387
2014-07-29,3.56,4.20699339376763,4.5236709506324
2014-07-30,3.576,4.21027345315535,4.63846320346319
2014-07-31,3.58,4.22595108418017,4.65622641509434
2014-08-01,3.58,4.21868707054341,4.64741258741259
2014-08-04,3.58,4.18317690036706,4.63835902228424
2014-08-05,3.49,4.15372357723578,4.55161003861004
2014-08-06,3.31861979166667,4.04531490368812,4.536
2014-08-07,3.35,3.95694643449168,4.36567710853088
2014-08-08,3.28,3.99762871207876,4.33226291794466
2014-08-11,3.20625,3.94749132327885,4.25789451827243
2014-08-12,3.25,4.00467478872776,4.28617647058824
2014-08-13,3.23833333333334,3.85526044975226,4.24153632927341
2014-08-14,3.18210526315789,3.93733355868834,4.21058823529412
2014-08-18,3.15641159299416,3.94666940615681,4.27642857142856
2014-08-19,3.20416666666667,3.95088814291671,4.24319050668015
2014-08-20,3.24253521126761,3.96647784517323,4.26170731707317
2014-08-21,3.25076923076923,3.97851851851852,4.28586666666667
2014-08-22,3.2925,3.94510673605656,4.33599565892013
2014-08-25,3.26,3.91158586997369,4.35
2014-08-26,3.26,3.96243638911425,4.30475761760681
2014-08-27,3.25,3.95172413793103,4.25338235294118
2014-08-28,3.15,3.9335593220339,4.22974202729087
2014-08-29,3.15625,3.95476923076923,4.23937267286428
2014-09-01,3.10333333333333,3.95051948051948,4.23428571428571
2014-09-02,3.0,3.96630952380953,4.26521739130435
2014-09-03,3.05172077922078,4.03550724637681,4.36936170212766
2014-09-04,3.11659090909091,4.08892215568861,4.38242050874404
2014-09-05,3.11686292428198,4.33939716312055,4.56969655547771
2014-09-08,3.09085550628234,4.35603053435115,4.59831324868772
2014-09-09,2.98916666666667,4.36414634146342,4.57657292095512
2014-09-10,3.03034005535785,4.27696428571427,4.58447631187593
2014-09-11,3.04,4.27826086956522,4.62650510204081
2014-09-12,3.00142857142857,4.34548076923078,4.7342310543788
2014-09-15,3.1281976744186,4.33625,4.66963636363636
2014-09-16,2.99285714285714,4.2931506849315,4.61517533936652
2014-09-17,,4.31542857142857,
2014-09-22,,4.34190476190476,4.67073333333333
2014-09-23,3.05,4.33348484848485,4.66254477796307
2014-09-24,,4.306625,4.64899133733418
2014-09-25,3.05,4.33583333333334,4.69841771315268
2014-09-26,,4.37241758241758,4.72181598062954
2014-09-29,3.19,4.44853658536585,4.7766690999343
2014-09-30,3.1993137254902,4.41736842105263,4.81
2014-10-01,,4.43156626506024,4.85749063670412
2014-10-02,,4.40763440860216,4.82786742034943
2014-10-03,3.3,4.43225,4.84687002275313
2014-10-06,3.48849574885546,4.44239130434783,4.85643761666193
2014-10-07,3.7,4.50687074829931,4.90149357776036
2014-10-08,3.633,4.50742424242424,4.89643996258903
2014-10-09,3.36246441281139,4.34693548387097,4.78826402328557
2014-10-10,3.4725,4.28810810810811,4.73644903629102
2014-10-13,,4.22818181818182,4.712
2014-10-14,3.25306954436451,4.13606741573034,4.57613708539167
2014-10-15,3.21177988308809,3.98896296296296,4.47308479532164
2014-10-16,3.24,4.04741379310345,4.57464285714286
2014-10-17,3.2,4.0859842519685,4.61899193548387
2014-10-20,3.35,4.06,4.5810843373494
2014-10-21,3.25,4.05954128440367,4.53576166322947
2014-10-22,3.26564315352697,4.05645833333333,4.52011609930481
2014-10-23,3.22429906542056,4.03392857142857,4.46077811281236
2014-10-24,3.28,4.05,4.42916119402985
2014-10-27,3.38,4.03449275362319,4.43142857142857
2014-10-28,3.24,4.02696202531646,4.41290879120879
2014-10-29,,4.05,4.44958289666736
2014-10-30,,4.07,4.44686895810956
2014-11-03,,4.09416666666667,4.51973333333333
2014-11-04,,4.03338461538462,4.47021741501235
2014-11-05,3.34857142857143,4.0368,4.44200926711522
2014-11-06,3.25,4.06463768115942,4.44252816981562
2014-11-07,,4.10410256410256,4.51652771108839
2014-11-10,,4.09,4.5075169245648
2014-11-11,3.2046017699115,4.09765957446808,4.51808219178082
2014-11-12,3.2,4.10525423728813,4.50473621616479
2014-11-13,,4.09,4.5
2014-11-14,,4.07232142857143,4.48430348258707
2014-11-17,,4.06030612244898,4.46543531830619
2014-11-18,3.24571428571429,4.03384615384615,4.43284972005429
2014-11-19,,4.01767441860465,4.38485398278304
2014-11-20,,4.01533333333333,4.38028592068742
2014-11-21,,3.9976,4.3812586052507
2014-11-24,,4.02813953488372,4.39
2014-11-25,3.21,4.01323529411765,4.37867667597765
2014-11-26,3.19516129032258,3.98988888888889,4.35956607495069
2014-11-27,3.24833333333333,3.985,4.37450261195718
2014-11-28,2.95,3.98242857142857,4.37909090909091
2014-12-01,,3.9731914893617,4.36250969433071
2014-12-02,,3.96928571428571,4.37769230769231
2014-12-03,,3.978,4.39285152409046
2014-12-04,,3.97615384615384,4.405
2014-12-05,3.10214285714286,4.01045454545454,4.43446153846154
2014-12-09,,3.95793103448276,4.40114793087047
2014-12-10,,3.93565217391305,4.37721684298607
2014-12-11,2.99,3.87352941176471,4.3612137053503
2014-12-12,,3.82921568627451,4.33068891496111
2014-12-15,3.02,3.83272727272727,4.31916286215979
2014-12-16,,3.83406779661017,4.3211394692762
2014-12-17,,3.86755555555555,4.33516130652005
2014-12-18,3.02930134680135,3.94353658536585,4.36488805970149
2014-12-19,3.01302325581395,3.94477272727273,4.3405809609687
2014-12-22,,3.92047619047619,4.35490855803048
2014-12-23,,3.9,4.36
2014-12-24,,3.88,4.36900406504065
2014-12-26,,3.87913043478261,4.36666666666667
2014-12-29,,3.88,4.35635869565218
2014-12-30,3.08,3.88,4.33333333333333
2015-01-05,3.07271414312039,3.87535714285714,4.35380952380952
2015-01-06,3.14685365853659,3.84983606557377,4.0196217071448
2015-01-07,3.01110964332893,3.84444444444444,4.28828947368421
2015-01-08,3.02505119070994,3.81905405405405,4.26339805825243
2015-01-09,3.11521739130435,3.81896551724138,4.26941176470588
2015-01-12,3.08731601731602,3.81178571428571,4.25379180151025
2015-01-13,3.04012557077626,3.81564516129032,4.23098627016008
2015-01-14,3.02700490998363,3.77018348623853,4.19826008462623
2015-01-15,2.99155844155844,3.76885714285714,4.19960784313725
2015-01-16,2.98330324675325,3.74875,4.19862348178138
2015-01-19,2.97944444444444,3.74,4.18053495548361
2015-01-20,2.97287098024022,3.73037037037037,4.1
2015-01-21,2.97763114429175,3.72944444444444,4.14609885260371
2015-01-22,2.94366316223459,3.72806451612903,4.14313912996893
2015-01-23,2.94501532552901,3.71611111111111,4.13416985645933
2015-01-26,3.0,3.72625,4.13617391304348
2015-01-27,3.0,3.73328767123288,4.15404271548436
2015-01-28,2.99875,3.75052631578947,4.11142857142857
2015-01-29,2.99344729344729,3.76,4.15575757575758
2015-01-30,2.94163265306122,3.76,4.14516129032257
2015-02-02,3.00530970901757,3.7364,4.13862349914237
2015-02-03,3.01255904931211,3.72,4.11977777777778
2015-02-04,3.05430643755448,3.73277777777778,4.14464285714286
2015-02-05,3.12530713320898,3.81689189189189,4.18089176967139
2015-02-06,3.23914893617021,3.90992125984253,4.25755337977994
2015-02-09,,3.94195652173913,4.27020297029703
2015-02-10,3.34711111111111,3.94916666666667,4.26803827751196
2015-02-11,,3.92214285714286,4.24885361552028
2015-02-12,3.34076923076923,3.90510204081633,4.23071428571429
2015-02-13,3.335,3.90555555555556,4.23
2015-02-16,3.34,3.89023255813953,4.20538461538461
2015-02-17,,3.89347826086957,4.185
2015-02-18,3.3177519379845,3.90222222222222,4.19
2015-02-19,3.35,3.895,4.19888888888889
2015-02-20,,3.89454545454545,4.1975
2015-02-23,3.35,3.89,4.2
2015-02-24,,3.95545454545454,4.2
2015-02-25,3.40285714285714,3.93526315789474,4.204
2015-02-26,3.45,3.92432432432433,4.1975
2015-02-27,,3.93066666666667,4.19666666666667
2015-03-02,,3.952,4.21833333333333
2015-03-03,3.5,3.98,4.26
2015-03-04,,4.00019230769231,4.28
2015-03-05,,3.97322580645162,4.26000530785563
2015-03-06,,4.0931111111111,4.36516927083333
2015-03-09,,4.07259259259259,4.32799363057325
2015-03-10,,4.06597701149425,4.3
2015-03-11,,4.09703703703704,4.34027450980392
2015-03-12,3.58,4.065,4.29286463012878
2015-03-13,3.575,4.0426,4.29548992030005
2015-03-16,,4.08097826086957,4.34214285714285
2015-03-17,3.53872577803875,4.12636363636363,4.35674876293297
2015-03-18,,4.12549019607843,4.38720430107527
2015-03-19,3.56747734138973,4.09221052631579,4.36238665526091
2015-03-20,3.5625,4.07916666666666,4.37523072747014
2015-03-23,,4.052,4.35642857142857
2015-03-24,3.52,4.05032608695652,4.35583333333333
2015-03-25,,4.06933333333333,4.36551327135778
2015-03-26,3.54031770045386,4.13851851851851,4.39846153846154
2015-03-27,3.62,4.16980392156863,4.4
2015-03-30,3.6,4.20698630136986,4.45
2015-03-31,,4.29041347381354,4.44
2015-04-01,3.60170250896057,4.32180600822687,4.46693811074918
2015-04-02,3.73,4.34618181818182,4.50179158448389
2015-04-06,,4.36992158963492,4.52
2015-04-07,3.80461538461538,4.33891788074887,
2015-04-08,,4.23032088744589,4.47135593220339
2015-04-09,3.6,4.17902541253607,4.49482122334312
2015-04-10,,4.22672310193879,4.55925914254004
2015-04-13,3.61666666666667,4.26761753334452,4.45814398595259
2015-04-14,3.69,4.22439579329325,4.55019607843138
2015-04-15,3.69,4.22978643822394,4.54
2015-04-16,3.61037037037037,4.2320389226113,4.532
2015-04-17,,4.25265339966833,4.55
2015-04-20,,4.20449998399969,4.51912280701755
2015-04-21,,4.17127960167169,4.50145161290323
2015-04-22,3.61,4.16057387270396,4.44955737210211
2015-04-23,,4.16047394121942,4.45849418737043
2015-04-24,,4.16114044737807,4.46172627814012
2015-04-27,3.61,4.16358834072587,4.45884335872515
2015-04-28,3.6,4.1315779825658,4.45424627307177
2015-04-29,,4.0939623059867,4.44851237458196
2015-04-30,3.6,4.11844512212933,4.45415453915454
2015-05-04,3.65,4.10990874932904,4.44876623376623
2015-05-05,,4.12100219047045,4.49626331569664
2015-05-06,3.6,4.15352380952381,4.52865324692357
2015-05-07,,4.15548087033891,4.52349927509276
2015-05-08,3.73,4.23688139324757,4.54950986766787
2015-05-11,,4.28489143990025,4.5748506935204
2015-05-12,,4.32697287553233,4.6292685390988
2015-05-13,,4.29669752269769,4.59188559057959
2015-05-14,,4.28200929909467,4.58652579762429
2015-05-15,,4.26138808147628,4.55968232579213
2015-05-18,3.65,4.26665003578797,4.56709677419355
2015-05-19,,4.28896544133832,4.585
2015-05-20,,4.26978503124047,4.56689935064935
2015-05-22,,4.25651109057301,4.55991902834008
2015-05-25,,4.26881823157685,4.57090311986864
2015-05-26,,4.27586206896552,4.55287280701754
2015-05-27,,4.23457974295155,4.55561186090597
2015-05-28,,4.21525168174438,4.55992518703242
2015-05-29,,4.22609038737446,4.56
2015-06-01,3.58,4.22957829764426,4.56225806451613
2015-06-02,,4.26698296554394,4.59571428571428
2015-06-03,,4.27198304283569,4.612
2015-06-04,3.65,4.25601997788805,4.60238095238095
2015-06-05,,4.24277503602621,4.60545454545455
2015-06-08,,4.20865414000448,4.60121212121212
2015-06-09,3.55,4.17478553928844,4.55515467938908
2015-06-10,3.55,4.19611532755594,4.64582677165353
2015-06-11,3.49241057792782,4.19825315574168,4.6
2015-06-12,3.40666666666667,4.19770833333333,
2015-06-15,3.45,4.18818958875563,4.63
2015-06-16,3.35,4.17409996095275,4.6953125
2015-06-17,3.43887640449438,4.18008665247796,4.7264406779661
2015-06-18,3.31389469608982,4.19514841173407,4.70928108623154
2015-06-19,3.42,4.18485977126143,4.68049204406365
2015-06-22,3.394,4.19756743256743,4.69266666666667
2015-06-23,3.42531531531532,4.20509274873524,4.70863636363637
2015-06-24,3.41,4.2171661232579,4.739
2015-06-25,3.45666666666667,4.20548982471777,4.72594666666666
2015-06-26,3.315,4.21174978127734,4.69029384756658
2015-06-30,,4.17256764406277,4.68627590410402
2015-07-01,,4.20627742334039,4.6762962962963
2015-07-02,3.35748129675811,4.17520489279526,4.61331682794391
2015-07-03,3.4,4.17384855581577,4.67
2015-07-06,3.39,4.11572343678613,4.67216712036927
2015-07-07,3.35076923076923,4.07434006382093,4.5987119057268
2015-07-08,3.39,4.07777361548727,4.60589884696017
2015-07-09,3.34,4.04389432649032,4.52428782100178
2015-07-10,,4.02444875437063,4.53820875000001
2015-07-13,3.33861538461538,4.02539413505515,4.54497750086536
2015-07-14,3.33544424700133,3.99508809007287,4.51482171680118
2015-07-15,3.3,4.02298711199855,4.47223562152134
2015-07-17,3.35,4.02330357142857,4.527125
2015-07-20,3.379,4.00987835308796,4.53421686746988
2015-07-21,3.39,4.00715434667429,4.53666666666667
2015-07-22,3.37961038961039,4.0060458861426,4.51348772321429
2015-07-23,3.4,3.99098852084245,4.51524757443961
2015-07-24,3.4,4.00354709633665,4.48496982643525
2015-07-27,,3.99336689627588,4.51000768535262
2015-07-28,3.38352941176471,4.00421800947867,4.52933333333333
2015-07-29,,4.03497348299593,4.50875461254613
2015-07-30,3.33454545454545,4.04227904861827,4.53645011534026
2015-07-31,,4.01598724082935,4.49358346202443
2015-08-03,,4.02087171906384,4.5078453038674
2015-08-04,,4.00305166405501,4.50918898809524
2015-08-05,,4.06358674540146,4.56525482434439
2015-08-06,,4.09918674609294,4.60163084464555
2015-08-07,3.56684210526316,4.10843303743876,4.52990627610693
2015-08-10,3.62,4.1040676822661,4.53096774193548
2015-08-11,3.62,4.07707945355191,4.54144804961813
2015-08-12,3.39,4.05501292330688,4.53397651055641
2015-08-13,3.61333333333333,4.05820525000365,4.53522769438354
2015-08-14,3.6075,4.0167898652541,4.51334622691748
2015-08-17,3.6,4.02369513369872,4.48254004060456
2015-08-18,3.488,4.05154503895143,4.48967389864269
2015-08-19,3.5,4.0415973689069,4.51688300192613
2015-08-20,3.65,4.06652715405696,4.51495915649166
2015-08-21,3.48,4.08106194234729,4.48435294117647
2015-08-24,,4.0789864611159,4.4923869801085
2015-08-25,3.49606550868486,4.08626737355812,4.50989765201686
2015-08-26,3.65,4.06191467216782,4.49759298203449
2015-08-27,,4.02631239915838,4.49841082047983
2015-08-28,3.75,4.03233458313805,4.47906070265665
2015-08-31,3.7,4.0342106884337,4.46818147989123
2015-09-01,3.6,4.03364115060352,4.4778272970433
2015-09-02,3.86117647058824,4.08650809444859,4.53238977227603
2015-09-03,3.77742671009772,4.15775974025974,4.54063492063492
2015-09-04,3.77789861479517,4.1228459789713,4.5271031096563
2015-09-07,,4.10866037075901,4.53763636363636
2015-09-08,,4.26079072054354,4.66722252597048
2015-09-09,,4.17680892243059,4.6652541544477
2015-09-10,3.98,4.15693937796521,4.63515689130147
2015-09-11,,4.1462925170068,4.61246351304945
2015-09-14,,4.18043010752688,4.64279462597013
2015-09-15,3.95764705882353,4.20387464387464,4.66167293233083
2015-09-16,3.97333333333333,4.24326868495743,4.69395687331536
2015-09-17,3.97,4.27016393442623,4.69090909090909
2015-09-21,3.95,4.22952380952381,4.65275371008844
2015-09-22,,4.25668641621223,4.64214285714286
2015-09-23,,4.26683764929245,4.63909356725146
2015-09-24,3.988,4.29391129222774,4.62480081716037
2015-09-25,,4.29872381807301,4.6232811747713
2015-09-28,3.96600755235153,4.28549480968858,4.59404545454546
2015-09-29,3.96112299465241,4.28223103385841,4.55982602684512
2015-09-30,3.96773251393817,4.23322732378376,4.53379020609119
2015-10-01,3.94,4.23613202478731,4.52064853790278
2015-10-02,3.94110204081633,4.16241554465473,4.46285345772888
2015-10-05,3.83338345864662,4.15334486550703,4.45927397952737
2015-10-06,3.90166666666667,4.1648392125165,4.47543950928309
2015-10-07,3.86029556650246,4.15758558867385,4.48019071729958
2015-10-08,3.78312751677852,4.11687096717862,4.43925949276135
2015-10-09,3.79097744360902,4.11941346746471,4.44577579228807
2015-10-13,3.80466091245376,4.12153846153846,4.44559782608696
2015-10-14,3.85483720930233,4.12505540547991,4.45168212865329
2015-10-15,3.80656186566313,4.13582236842105,4.45099044724272
2015-10-16,3.83600197628459,4.1543766911889,4.44887582151505
2015-10-19,3.84649369686309,4.17123934710386,4.46
2015-10-20,3.84775510204082,4.20179901960784,4.47631458184983
2015-10-21,3.9,4.2175723412443,4.47297796730633
2015-10-22,3.9,4.22996166680927,4.4720306561086
2015-10-23,,4.2366584625482,4.47292138999959
2015-10-26,3.91,4.21666666666666,4.46879120879121
2015-10-27,3.9,4.22996166680927,4.4720306561086
2015-10-28,3.92179979268473,4.20809523809524,4.44084651829322
2015-10-29,3.93080263157895,4.24543867973182,4.48035207567
2015-10-30,3.85,4.249679237243,4.49311547547028
2015-11-02,3.96352494092099,4.26066666666667,4.5406398385565
2015-11-03,3.94167422867514,4.27917808219178,4.51601485517508
2015-11-04,3.87175355658204,4.24882701125684,4.48928867950591
2015-11-05,3.94,4.28027844366587,4.49928792569659
2015-11-06,4.0,4.35827635454789,4.54488198025637
2015-11-09,4.00492890995261,4.3992048372031,4.61729289940828
2015-11-10,3.99807692307692,4.42093335910864,4.66956521739131
2015-11-11,4.0,4.39362520115867,4.63859350547731
2015-11-12,4.0,4.37850362027353,4.62930268261151
2015-11-13,3.97631868131868,4.33021523178808,4.62131578947368
2015-11-16,3.98,4.32294117647059,4.58162597881161
2015-11-17,3.98972222222222,4.31051271250188,4.55717592592592
2015-11-18,3.97754057428215,4.30967349847018,4.56914534041526
2015-11-19,4.01,4.27499194012666,4.5423345410628
2015-11-20,3.99756097560976,4.28983990628661,4.55466292134831
2015-11-23,4.0,4.3097011218396,4.52045454545455
2015-11-24,3.97643137254902,4.30351215451215,4.54497148560023
2015-11-25,4.0288493324857,4.30073368072719,4.51080225193526
2015-11-26,4.03504688136975,4.30653521126761,4.55082547169811
2015-11-27,4.063,4.36293007769146,4.6172192513369
2015-11-30,4.0268992248062,4.35521008403361,4.57058642830746
2015-12-01,4.00212369597615,4.31817927170868,4.59831259968103
2015-12-02,4.00860465116279,4.33293706293706,4.59641223289978
2015-12-03,4.045,4.38780821917808,4.61542021236539
2015-12-04,4.13,4.39857142857143,4.60653299520169
2015-12-07,,4.37818181818182,4.6071724137931
2015-12-09,4.1,4.38234693323192,4.58089535319572
2015-12-10,4.15,4.388,4.61285714285714
2015-12-11,4.13056994818653,4.35736842105263,4.6264
2015-12-14,4.1028605108055,4.414,4.63
2015-12-15,4.10388358778626,4.4275,4.65
2015-12-16,4.13882063882064,4.432,4.66
2015-12-17,4.13,4.39305091318489,4.63292682926829
2015-12-18,,4.42,4.63
2015-12-21,4.17777777777778,4.41008403361345,4.64052631578947
2015-12-22,4.18666666666667,4.39725101185314,4.635
2015-12-23,4.22493811881188,4.41056867741772,4.649375
2015-12-24,4.23643902439024,4.41030964040836,
2015-12-28,,4.41,4.6401923076923
2015-12-29,4.25198757763975,4.4387619047619,4.66
2015-12-30,4.28972277722278,4.46,
2016-01-04,4.235,4.43333333333333,4.595
2016-01-05,4.18958547096245,4.38267605633803,4.61279841505696
2016-01-06,4.19794089147287,4.37346844661879,4.58243314692675
2016-01-07,4.19397192402973,4.34852564102564,4.57396225077537
2016-01-08,4.28,4.34693452380953,4.59062278506566
2016-01-11,4.17104910714286,4.33689281847708,4.57251993620415
2016-01-12,4.19174517077268,4.30612903225806,4.58346193415638
2016-01-13,4.15585034013605,4.33064130915524,4.55888888888889
2016-01-14,4.1353006298912,4.30611111111111,4.58541666666667
2016-01-15,4.13208296432545,4.25987576823833,4.54366028112531
2016-01-18,4.12993812002654,4.24428571428571,4.49111111111111
2016-01-19,4.15585034013605,4.33064130915524,4.55888888888889
2016-01-20,4.09115035516969,4.24405292871501,4.5606951144094
2016-01-21,4.10838649155722,4.24948163405424,4.56015370705244
2016-01-22,4.07182648401827,4.26582491582491,4.619
2016-01-25,4.06114285714286,4.26169035532995,4.57772380523145
2016-01-26,4.04100664767332,4.27305995475113,4.53339805825243
2016-01-27,4.04498952879581,4.28014609421586,4.60333333333333
2016-01-28,4.02766574585635,4.2829528826456,4.49
2016-01-29,3.97877952755906,4.25336497369807,4.47860431654676
2016-02-01,3.9748309178744,4.24069614539174,4.49888484848485
2016-02-02,3.98661996497373,4.22595082667456,4.43921013460353
2016-02-03,4.01,4.2259697881631,4.46833333333333
2016-02-04,4.04,4.18240963855422,4.45
2016-02-05,3.98481220657277,4.18857142857143,4.46
2016-02-08,4.01832608695652,4.25258620689655,4.47
2016-02-09,4.02,4.24479193151962,4.41470588235294
2016-02-10,4.02662946428571,4.25683897801545,4.44716417910448
2016-02-11,4.0,4.18283272283272,4.40788153848684
2016-02-12,4.00221554487179,4.24070660522273,4.44191176470588
2016-02-15,3.9915507518797,4.23111111111111,4.44292682926829
2016-02-16,3.99672680412371,4.24,4.45
2016-02-17,4.0,4.21125,4.44956521739131
2016-02-18,4.00909090909091,4.25,4.46
2016-02-19,3.99153846153846,4.24,4.45
2016-02-22,3.99,4.22340016708438,
2016-02-23,3.98931165031836,4.22107142857143,4.45
2016-02-24,3.98972486413043,4.21,4.44
2016-02-25,3.98,4.22,4.44
2016-02-26,3.97,4.19457446808511,4.43396648044691
2016-02-29,3.94480601666349,4.14,4.41272727272727
2016-03-01,3.92988764044944,4.14702947845805,4.43388888888889
2016-03-02,3.90278934221482,4.14014788373279,4.43894736842105
2016-03-03,3.80405829596413,4.16120323129252,4.44068181818182
2016-03-04,3.81177033492823,4.17034188034188,4.44487179487179
2016-03-07,3.92,4.19343984962406,4.45
2016-03-08,3.85024596464258,4.2,4.44266666666667
2016-03-09,3.95438848920863,4.20462936883512,4.44999999999999
2016-03-10,3.90827380952381,4.22683333333334,4.44
2016-03-11,3.89,4.24489304812834,4.45
2016-03-14,3.96,4.27450310559006,
2016-03-15,3.98601133412042,4.27475231243576,4.45
2016-03-16,3.99063350340136,4.26754716981132,4.44333333333333
2016-03-17,3.9460034904014,4.24472735344078,4.42846153846154
2016-03-18,3.92096385542169,4.22365853658536,
2016-03-21,3.92352941176471,4.22619047619048,
2016-03-22,3.88280303030303,4.20876244665718,4.44
2016-03-23,3.9246790756227,4.21954545454546,4.44
2016-03-24,3.92012345679012,4.22333333333333,4.45
2016-03-28,3.94,4.19627601551578,
2016-03-29,3.87,4.18533309709426,4.42346153846154
2016-03-30,3.93,4.18557641191125,4.42
2016-03-31,3.9175,4.16270833333333,4.43
2016-04-01,3.9,4.16860869565217,4.42285714285714
2016-04-04,3.88103587418714,4.16799629421147,4.43
2016-04-05,3.87451972242513,4.18093350171634,4.43
2016-04-06,3.87878378378378,4.18478683966636,
2016-04-07,3.87949735449736,4.17,4.42
2016-04-08,3.79367875647668,4.12343547871207,4.39529411764706
2016-04-11,3.82256493948048,4.11704545454546,
2016-04-12,3.82356608478803,4.12277056277056,4.39066666666667
2016-04-13,3.81522521941146,4.11145949288806,4.3709375
2016-04-14,3.78984485190409,4.10346570747394,4.36
2016-04-15,3.76285714285714,4.11407508532423,4.37
2016-04-18,3.76869565217391,4.109,4.35105263157895
2016-04-19,3.78333333333333,4.09668122270743,4.3485
2016-04-20,3.77,4.11382849350591,
2016-04-21,3.81,4.126,4.38
2016-04-22,,4.14580709445995,4.3875
2016-04-25,3.77090909090909,4.11802785042765,4.37818181818182
2016-04-26,3.82929607008452,4.10333333333334,4.385
2016-04-27,3.79210909090909,4.13100654109801,4.41
2016-04-28,3.83583333333333,4.16813609467456,4.41625
2016-04-29,3.83280926111668,4.15601457975986,4.42
2016-05-02,3.81,4.16138093950249,4.41571428571429
2016-05-03,3.79,4.14468505598241,4.4085
2016-05-04,3.80933884297521,4.12811070998797,4.410625
2016-05-05,3.78543502824859,4.136464778504,4.41
2016-05-06,3.76,4.1282206981153,4.39583333333333
2016-05-09,3.79717994628469,4.1121635916061,4.41032786885245
2016-05-10,3.79315137872819,4.12505711874961,4.43421052631579
2016-05-11,3.79475396046544,4.14168465577596,4.45391304347826
2016-05-12,,4.16424069365126,4.46846153846154
2016-05-13,3.78,4.16210794730132,4.50413793103449
2016-05-16,3.84515850144092,4.19127407908077,4.5184
2016-05-17,3.83764436344702,4.22361300738884,4.53180722891566
2016-05-18,3.81,4.21645905277027,4.53
2016-05-19,3.81,4.21699170124481,4.56461538461538
2016-05-20,3.81,4.19709247471314,4.5596
2016-05-23,3.906,4.21699470899471,4.58758620689655
2016-05-24,3.92464032421479,4.23045454545455,4.58625
2016-05-25,3.83381564844587,4.22278051113844,4.57867647058824
2016-05-26,3.92948206018518,4.22,4.56126315789474
2016-05-27,3.88341463414634,4.21694244604317,4.56
2016-05-30,,4.23048972145379,4.57190476190476
2016-05-31,3.88438340053763,4.24955138920262,4.57870588235294
2016-06-01,3.91744034707158,4.22674995166067,4.58545454545455
2016-06-02,3.93,4.19231399459841,4.5596
2016-06-03,3.84,4.1679012345679,4.555875
2016-06-06,3.89942307692308,4.14283095737955,4.53
2016-06-07,,4.15669955595958,4.55107142857143
2016-06-08,3.81299690128375,4.12386101565483,4.52857142857143
2016-06-09,,4.16677186061801,4.55583333333332
2016-06-10,3.8575079149706,4.18585699522332,4.56
2016-06-13,3.89,4.17757981185553,4.55190789473683
2016-06-14,3.88513513513514,4.17238486519427,4.54037383177571
2016-06-15,3.89,4.16718053400457,4.54038461538461
2016-06-16,3.87,4.16180009419593,4.53294117647059
2016-06-17,4.0,4.16916427005611,4.54039603960397
2016-06-20,3.88480940794809,4.17880922479736,4.56493827160494
2016-06-21,3.85209016393443,4.17792397782966,4.58199999999999
2016-06-22,3.87,4.17779492413526,4.5774358974359
2016-06-23,3.87133333333333,4.18739130434782,4.57892857142857
2016-06-24,3.84714285714286,4.16456517692724,4.54592274678109
2016-06-28,3.81,4.14398827665715,4.53107692307691
2016-06-29,3.8011961722488,4.11940557434772,4.48666666666668
2016-06-30,3.79069498069498,4.08911194517908,4.45589211618259
2016-07-01,,4.08172844635651,4.43791666666667
2016-07-04,3.79666666666667,4.07005183000448,4.4190780141844
2016-07-05,3.77859519408503,4.04166543942292,4.38943396226414
2016-07-06,3.8,4.03579590929302,4.38670520231213
2016-07-07,3.81152919369787,4.05694434036055,4.40675
2016-07-08,3.8216598079561,4.05268292682927,4.3916883116883
2016-07-11,3.71,4.02201005498043,4.36224489795919
2016-07-12,3.78085106382979,4.03252404335074,4.3676377952756
2016-07-13,3.8,4.04954732228462,4.38686274509803
2016-07-14,3.76199168405321,4.03311252543925,4.3786033519553
2016-07-15,3.78666666666667,4.01986019548365,4.38128205128205
2016-07-18,3.75,4.02800079968013,4.38125
2016-07-19,3.7663492063492,4.03124382166864,4.38874999999999
2016-07-20,,4.04477777777778,4.39
2016-07-21,3.75577181208054,4.06360098161022,4.39954545454544
2016-07-22,3.72,4.05323558848906,4.40882352941176
2016-07-25,,4.10967770633971,4.4518
2016-07-26,3.78,4.14930112056236,4.47055555555556
2016-07-27,3.77349994268027,4.15831497098691,4.47402298850575
2016-07-28,3.82093461351483,4.13849494161261,4.455
2016-07-29,3.707421848375,4.10177772092406,4.41493827160494
2016-08-01,3.79818181818182,4.07827946989072,4.4
2016-08-02,3.71087570621469,4.0606869529421,4.39076923076922
2016-08-03,3.75012176560122,4.04985863298371,4.39381818181818
2016-08-04,3.65830188679245,4.0297710501419,4.3633116883117
2016-08-05,3.65,4.01508979790727,4.36123595505619
2016-08-08,3.74,4.0536354679803,4.38259259259259
2016-08-09,3.72666666666667,4.04158459276018,4.35609523809525
2016-08-10,3.70631554160126,4.00863311473128,4.329
2016-08-11,3.67861667744021,3.98932103825137,4.31430555555556
2016-08-12,3.62745736719421,3.9348650730632,4.23663636363636
2016-08-16,3.60637804187889,3.91292260837679,4.23638297872341
2016-08-17,3.58728407695457,3.94955705246242,4.25574468085106
2016-08-18,3.59834123222749,3.94263488351953,4.24333333333333
2016-08-19,3.56821791320406,3.95843137254902,4.26
2016-08-22,,,4.25038461538461
2016-08-23,3.60333333333333,3.92566975069654,4.24
2016-08-24,3.61,3.92748675694163,4.24
2016-08-25,3.61,3.9112,4.22457142857143
2016-08-26,3.58797884084637,3.90610414052698,4.203125
2016-08-29,3.62235933503836,3.93147566718995,4.2148
2016-08-30,3.62487179487179,3.92690334146856,4.22421052631579
2016-08-31,3.65538918597742,3.95513627426963,4.24
2016-09-01,3.64332565637955,3.98510416492664,4.26882352941176
2016-09-02,3.68230769230769,3.9678198737122,4.25886363636364
2016-09-05,3.62864230834557,3.94965171836038,4.24192307692308
2016-09-06,3.60018711467325,3.91217940422051,4.22216216216216
2016-09-07,3.5977487745098,3.89370328361595,4.18395161290323
2016-09-08,3.58122194513716,3.88852615698142,4.16647058823529
2016-09-09,3.60957575757576,3.93367804595923,4.22296296296298
2016-09-12,3.68428571428571,3.96118468051891,4.25025641025641
2016-09-13,3.63727272727273,3.9545858904405,4.24631578947368
2016-09-14,3.65336584233136,3.99718106550241,4.27421052631579
2016-09-15,3.64815656565657,3.98037122807018,4.24046875
2016-09-16,3.7,3.96660946366465,4.255
2016-09-20,,3.96991723594325,4.25
2016-09-21,3.7,3.96605901154982,4.252
2016-09-22,3.63434661723818,3.93211738893826,4.21157894736842
2016-09-23,3.64291166848419,3.92321776106444,4.21371428571428
2016-09-26,3.63744186046512,3.92311533242876,4.21166666666667
2016-09-27,3.63867766075387,3.9053535888375,4.19
2016-09-28,3.63744186046512,3.92311533242876,4.21166666666667
2016-09-29,3.595,3.8721698682057,4.15939393939394
2016-09-30,3.6,3.89950869236583,4.17
2016-10-03,,3.8891498564315,4.18
2016-10-04,,3.91635510180132,4.19782608695652
2016-10-05,3.63491692693272,3.95260763490241,4.22924050632912
2016-10-06,3.62867469879518,3.94177901166019,4.23625
2016-10-07,3.54611505122144,3.84744345490529,4.16903846153846
2016-10-11,3.50528356994972,3.80924165457184,4.17
2016-10-12,3.49754053814214,3.78136894164194,4.18825
2016-10-13,3.48141347605324,3.79078369905956,4.19692307692308
2016-10-14,3.50638888888889,3.77811667432246,4.22333333333333
2016-10-17,3.52,3.78749011517965,4.24
2016-10-18,3.52,3.78678018575851,4.2190625
2016-10-19,,3.82319273670558,4.20408450704225
2016-10-20,3.50061728395062,3.80952548062252,4.17397058823529
2016-10-21,,3.82796477495108,4.18571428571429
2016-10-24,3.53,3.84965676957723,4.19
2016-10-25,3.50503270922626,3.81763110185993,4.170625
2016-10-26,3.5200539083558,3.80582566323768,4.19
2016-10-27,3.57,3.85402123438028,4.22444444444444
2016-10-28,3.567,3.93690583881579,4.2693023255814
2016-11-02,,3.9875,4.28214285714286
2016-11-03,3.54,3.93944022180793,4.25484848484849
2016-11-04,3.55233341975629,3.906345713073,4.21759493670887
2016-11-07,3.5147628458498,3.86791069359141,4.19785714285714
2016-11-08,3.49800682076544,3.82300875273523,4.16666666666667
2016-11-09,3.48628571428571,3.80533135571825,4.17294117647059
2016-11-10,3.655,4.0034375,4.36904761904762
2016-11-11,3.56,4.07964688137698,4.52703703703704
2016-11-14,3.87382086167801,4.29499292875045,4.74327868852459
2016-11-15,3.79961538461538,4.18505747126437,4.59512195121951
2016-11-16,3.82809523809524,4.21333333333333,4.56517647058823
2016-11-17,3.795,4.216,4.58227272727272
2016-11-18,3.81777777777778,4.27117647058824,4.60117647058823
2016-11-21,3.79,4.30290576431241,4.609
2016-11-22,3.7861581920904,4.274812583668,4.58454545454545
2016-11-23,3.822,4.28701257106253,4.60740740740741
2016-11-24,3.81,4.2754725767506,4.61615384615385
2016-11-25,3.84,4.3,4.63272727272727
2016-11-28,3.824,4.29,4.62627906976744
2016-11-29,3.78375363180137,4.23967741935484,4.56514851485149
2016-11-30,3.76817277250113,4.23813183195048,4.5
2016-12-01,3.76896551724138,4.22,4.55909090909091
2016-12-02,3.69387428140609,4.11428571428571,4.52342465753425
2016-12-05,3.63804897314376,4.04214285714286,4.44883720930232
2016-12-06,3.57371031746032,3.983,4.4174
2016-12-07,3.58450171821306,3.96556353194544,4.4012
2016-12-09,,3.94125,4.39716981132076
2016-12-12,3.59722222222222,3.94473684210526,4.39607594936708
2016-12-13,3.52510365251727,3.90175,4.36277777777778
2016-12-14,3.43959478166031,3.804,4.28875
2016-12-15,3.46769230769231,3.87,4.35666666666667
2016-12-16,3.4302027027027,3.87333333333333,4.35981395348838
2016-12-19,3.47,3.88983485026424,4.35806451612903
2016-12-20,3.47666666666667,3.9225,4.36090909090909
2016-12-21,,3.88302325581395,4.35
2016-12-22,3.43842556151858,3.91732777374909,4.353
2016-12-23,,3.90866666666667,4.376
2016-12-26,3.44026622296173,3.88088375882672,4.356
2016-12-27,3.46960317460317,3.87916666666667,4.34029850746269
2016-12-28,3.44513740458015,3.8364244521338,4.2962015503876
2016-12-29,3.45801587301587,3.82224715990209,4.27944444444445
2016-12-30,,,4.27
2017-01-03,3.4325,3.8,4.23342105263158
2017-01-04,3.39639455782313,3.7501253397765,4.17971830985916
2017-01-05,3.37765583149686,3.74,4.17078431372549
2017-01-06,3.27846653144016,3.72933333333333,4.12383966244726
2017-01-09,,3.71904761904762,4.11528301886793
2017-01-10,3.32000755381117,3.77,4.14
2017-01-11,3.28,3.74231481481482,4.1295
2017-01-12,3.31453510436433,,4.12714285714286
2017-01-13,3.30563920454545,,4.14
2017-01-16,,3.77860759493671,4.15008403361344
2017-01-17,3.29389978213508,3.75,4.1696
2017-01-18,3.29857142857143,,4.17962962962963
2017-01-19,3.288,3.76321548821549,4.19806451612903
2017-01-20,3.28259655556829,3.7425,4.19518518518519
2017-01-23,3.29967213114754,3.77,4.18296296296296
2017-01-24,,3.77,4.181
2017-01-25,3.32055555555556,3.8,4.17803571428572
2017-01-26,3.35664451827243,3.79666666666667,
2017-01-27,3.34,3.798125,4.18
2017-01-30,3.326,3.79,4.19089552238806
2017-01-31,3.31948705179283,3.77,4.18022222222223
2017-02-01,3.3,3.75,4.16722222222222
2017-02-02,3.29702702702703,3.74,4.15150943396227
2017-02-03,3.29481389578164,3.72,4.15266666666667
2017-02-06,3.295,3.72333333333333,4.12
2017-02-07,3.3,3.73184210526316,4.125
2017-02-08,3.33,3.75,4.14935483870968
2017-02-09,3.30297563237774,3.72657534246575,4.13052631578947
2017-02-10,3.3,3.73833333333333,4.13
2017-02-13,3.30147233510472,3.74225806451613,4.13
2017-02-14,3.3,3.72053351783518,4.12
2017-02-15,3.33280701754386,3.75888888888889,4.15875
2017-02-16,3.35229729729729,3.766,4.17952380952381
2017-02-17,3.34875,3.77,4.17333333333333
2017-02-20,3.37,,4.18166666666667
2017-02-21,3.35251672671128,,4.19955223880597
2017-02-22,3.35413142413142,3.76,4.18846153846154
2017-02-23,3.30636363636364,3.72764220183486,4.16
2017-02-24,3.27569200463029,3.72,4.13352941176471
2017-02-27,3.25118644067797,3.74,4.14
2017-02-28,3.22959026140101,3.72333333333333,4.15326923076924
2017-03-01,3.255,3.7,4.17046728971963
2017-03-02,3.27,3.67728173454288,4.1725
2017-03-03,,3.7,4.18018867924529
2017-03-06,3.29,3.72333333333333,4.19315789473684
2017-03-07,3.28,3.744,4.22
2017-03-08,3.2689740579224,3.72,4.226
2017-03-09,3.275,3.76875,4.25914285714286
2017-03-10,3.272,3.79452736318408,4.28406249999999
2017-03-13,,,4.30735294117647
2017-03-14,3.22103492884864,,4.33116279069767
2017-03-15,3.22357945425361,3.89,4.36571428571429
2017-03-16,3.2075,3.80564102564103,4.28904761904762
2017-03-17,3.17803443328551,3.7471724137931,4.25
2017-03-20,3.19,3.72666666666666,4.22214285714286
2017-03-21,3.14181818181818,3.73,4.24
2017-03-22,3.116,3.70488332719912,4.21836363636364
2017-03-23,,3.68237419310534,4.13688524590163
2017-03-24,3.095,3.68894736842105,4.12416666666667
2017-03-27,3.13952380952381,3.67525757575758,4.11857142857143
2017-03-28,3.14,3.69,4.11214285714285
2017-03-29,3.10510055033724,3.69,4.10891719745224
2017-03-30,,3.67140472734813,4.07125
2017-03-31,3.01463636363636,3.62211842105263,4.02631578947368
2017-04-03,3.01,3.59792168674699,3.98069444444444
2017-04-04,3.0,3.58932810512929,3.93100719424461
2017-04-05,3.03666666666667,3.61602205882353,3.93454545454545
2017-04-06,3.05863636363636,3.63473259599248,3.97448275862069
2017-04-07,3.03055208547243,3.6087724587743,3.92652173913043
2017-04-10,2.99826616682287,3.5679917712595,3.90166666666667
2017-04-11,2.94828701364325,3.49927917446507,3.87728155339806
2017-04-12,2.93454545454545,3.49196679438059,3.8625
2017-04-13,2.93,3.47625,3.841
2017-04-17,2.83923076923077,3.4,3.78142857142857
2017-04-18,2.85,3.44103646452636,3.82583333333333
2017-04-20,2.86142857142857,3.41972265458706,3.83285714285714
2017-04-21,2.87458870761083,3.44945679012346,3.8735
2017-04-24,2.9,3.49995024875622,3.94066666666667
2017-04-25,2.95994764397906,3.515,3.96782608695652
2017-04-26,2.98,3.55903846153846,3.96426470588235
2017-04-27,2.89915128593041,3.49423998198128,3.91433333333333
2017-04-28,2.88522580645161,3.50954545454545,3.88290909090909
2017-05-02,2.88,3.53809756097561,3.89
2017-05-03,2.96,3.55233911785973,3.9025
2017-05-04,,3.61646295298194,3.9365
2017-05-05,2.92166666666667,3.6319512195122,3.9675
2017-05-08,2.92,3.66044235294118,3.99133333333333
2017-05-09,2.9,3.72536126353204,4.05379310344827
2017-05-10,2.95,3.70190666160081,4.02
2017-05-11,,3.74988095238095,4.08
2017-05-12,2.9,3.71531587661206,4.08
2017-05-15,2.87,3.67459489501853,4.06
2017-05-16,2.85,3.68134472934473,4.01755102040816
2017-05-17,2.84333333333333,3.64748963346657,3.97933333333333
2017-05-18,2.85,3.66442913385827,3.96230769230769
2017-05-19,2.82286878881987,3.64243150684932,3.98857142857143
2017-05-22,,3.66,4.03
2017-05-23,2.83,3.72386289914312,4.055625
2017-05-24,2.83,3.70601150951749,4.05857142857143
2017-05-25,2.852,3.73876271186441,4.12772727272727
2017-05-26,2.865,,4.161
2017-05-29,2.87,,4.14625
2017-05-30,2.825,3.70619047619048,4.07612903225806
2017-05-31,2.81311287192756,3.66505770195685,4.00569721115539
2017-06-01,2.78039215686275,3.65977777777778,3.93239436619719
2017-06-02,2.78954545454545,3.64569827050538,3.91048780487805
2017-06-05,,3.60230769230769,3.92708333333333
2017-06-06,2.8,3.57889705882353,3.94350877192982
2017-06-07,2.79222222222222,3.60212209302326,3.9425
2017-06-08,,3.64210317460317,3.98595238095238
2017-06-09,2.81030050083472,3.6695,4.01934065934066
2017-06-12,,3.64,3.99035714285715
2017-06-13,2.8,3.63616858237548,3.98136363636364
2017-06-14,2.7989292543021,3.61680449984798,3.95733333333333
2017-06-15,,3.66924242424242,3.98654205607477
2017-06-16,2.8,3.72084557053917,4.03
2017-06-19,2.8,3.70181818181818,4.035
2017-06-20,2.8,3.69345911949686,4.03397435897436
2017-06-21,2.79,3.69,4.055
2017-06-22,2.78504811250925,3.63382260262306,4.00452830188679
2017-06-23,,3.64993506493507,4.04538461538462
2017-06-27,,3.68946557040082,4.08485714285715
2017-06-28,2.796875,3.69145658263305,4.10693069306931
2017-06-29,,3.69554954954955,4.10887096774194
2017-06-30,2.778,3.70130637636081,4.13181818181818
2017-07-03,,3.71959183673469,4.16925925925926
2017-07-04,2.75,3.74,4.18725
2017-07-05,2.76875,3.7095652173913,4.17117021276596
2017-07-06,2.75,3.725,4.22083333333333
2017-07-07,2.65992006394884,3.67680198698184,4.16192771084338
2017-07-10,2.65078947368421,3.64355127353267,4.12380281690141
2017-07-11,2.64,3.61891704797396,4.09176470588236
2017-07-12,2.64032258064516,3.59176586115618,4.08652173913044
2017-07-13,2.66863636363636,3.62017095658855,4.15036697247707
2017-07-14,2.69047619047619,3.66509641873278,4.23183333333333
2017-07-17,2.72113300492611,3.66822949350067,4.26428571428571
2017-07-18,2.75,3.71864864864865,4.25435897435897
2017-07-19,2.76,3.68059528954192,4.3054
2017-07-20,2.7775,3.682625,4.29736111111111
2017-07-21,,3.69288257575758,4.28390625
2017-07-24,,3.67802323211738,4.27
2017-07-25,,3.66185997442455,4.2805
2017-07-26,,3.62958193979933,4.27991999999998
2017-07-27,,3.61977744807122,4.27029126213592
2017-07-28,,3.56831402199529,4.27056910569105
2017-07-31,3.075,3.52791666666667,4.27003144654087
2017-08-01,3.07,3.53664651954326,4.25349056603773
2017-08-02,3.074,3.52666076347894,4.26163716814158
2017-08-03,3.08,3.55435465040861,4.27886554621847
2017-08-04,3.08,3.58730628965824,4.3075
2017-08-07,,3.6,4.32061224489796
2017-08-08,,3.67384921569693,4.36263888888889
2017-08-09,3.10833333333333,3.65784696828753,4.35546762589929
2017-08-10,3.10428571428571,3.66197313797314,4.35292307692308
2017-08-11,3.11,3.66040076146802,4.33545023696683
2017-08-14,3.11,3.65282362616099,4.33325242718448
2017-08-16,3.11,3.61,4.33853658536586
2017-08-17,3.1,3.60552840909091,4.3215909090909
2017-08-18,3.102,3.60901960784314,4.31408450704225
2017-08-21,3.12277777777778,3.60237212826575,4.28989130434783
2017-08-22,,3.60740740740741,4.30635416666667
2017-08-23,3.12,3.61583581143458,4.31463917525773
2017-08-24,,3.64950810810811,4.35606784092473
2017-08-25,,3.68014925373134,4.3752
2017-08-28,,3.64,4.37893333333333
2017-08-29,3.11571428571429,3.64952380952381,4.34507202087662
2017-08-30,3.13642857142857,3.684,4.37176472565896
2017-08-31,3.14,3.66233333333333,4.35035714285714
2017-09-01,3.10818181818182,3.65,4.32552631578947
2017-09-04,3.1085,3.64,4.32285714285714
2017-09-05,3.09,3.63715265866209,4.30319318621388
2017-09-06,3.121,3.66977777777778,4.28288888888889
2017-09-07,3.13,3.6565671641791,4.30283582089552
2017-09-08,,3.61866781753053,4.27341463414634
2017-09-11,,3.63461538461539,4.29818181818182
2017-09-12,,3.67847514554411,4.33338624338624
2017-09-13,,3.69,4.31324324324324
2017-09-14,,3.67127659574468,4.32912793555817
2017-09-15,,3.7,4.3325
2017-09-20,,3.7,4.33
2017-09-21,3.18,3.70555555555556,4.31262561754429
2017-09-22,3.15,3.66923076923077,4.3012
2017-09-25,,3.66446721311475,4.29687275628241
2017-09-26,3.19682926829268,3.65,4.30207006369427
2017-09-27,,3.73,4.32428571428571
2017-09-28,3.24,3.75,4.356
2017-09-29,3.27,3.78,4.39933333333333
2017-10-02,3.28,,4.41382352941176
2017-10-03,3.3,3.79124848484849,4.44984615384615
2017-10-04,3.32,3.77812615955473,4.44102564102564
2017-10-05,3.3425,3.82704645048203,4.4696052631579
2017-10-06,3.3,3.84393939393939,4.44705882352941
2017-10-10,3.29166666666667,3.84203045685279,4.51487804878049
2017-10-11,3.3,3.87,4.50472727272727
2017-10-12,,3.86125,4.5541935483871
2017-10-13,,3.87878269617706,4.54519480519481
2017-10-16,3.33,3.84,4.55
2017-10-17,,3.88,4.55055555555556
2017-10-18,3.3,3.8765625,4.54
2017-10-19,3.2925,3.82643206678181,4.52340425531915
2017-10-20,3.24666666666666,3.76861979166667,4.474
2017-10-23,3.23705882352941,3.70026365348399,4.43935897435897
2017-10-24,3.23307692307692,3.715,4.44296296296296
2017-10-25,,3.78162774155305,4.50174603174603
2017-10-26,,3.775,4.47083333333333
2017-10-30,,3.77,4.46894736842105
2017-10-31,3.3,3.8,4.46897435897436
2017-11-02,,3.81333333333333,4.45685534591195
2017-11-03,,3.79,4.45028985507246
2017-11-06,,3.76472222222222,4.45
2017-11-07,,3.77857142857143,4.426875
2017-11-08,,3.8415,4.46407407407408
2017-11-09,,3.79121951219512,4.43054054054054
2017-11-10,3.38564920273349,3.80666666666667,4.45684210526316
2017-11-13,,3.82,4.45
2017-11-14,3.39414473684211,3.835,4.43309090909091
2017-11-15,3.42,3.83666666666667,4.43473684210526
2017-11-16,,3.86,4.47027027027027
2017-11-17,3.44,3.89333333333333,4.50647058823529
2017-11-20,3.44671532846715,,4.48266666666667
2017-11-21,3.46,3.9575,4.53846153846154
2017-11-22,3.50486928104575,3.985,4.64630230466051
2017-11-23,,3.996,4.60214285714286
2017-11-24,3.5525,3.96864583333334,4.585
2017-11-27,3.52681818181818,3.94,4.55733333333333
2017-11-28,,3.99888888888889,4.60264462809918
2017-11-29,3.53079365079365,4.01,4.60883720930233
2017-11-30,3.53441176470588,3.99,4.62304347826087
2017-12-01,3.5,3.97267857142857,4.6154
2017-12-04,3.5,4.02,4.63655172413793
2017-12-05,3.5096,4.01,4.63066666666666
2017-12-06,3.5275,4.01,4.6315107913669
2017-12-07,3.56222222222222,4.02428571428571,4.67857142857143
2017-12-11,3.56,4.05,4.68730769230769
2017-12-12,3.57,,4.6816
2017-12-13,3.51794790844515,4.1,4.69472727272727
2017-12-14,3.58178232758621,4.07,4.69893203883494
2017-12-15,3.58,4.06,4.66022727272727
2017-12-18,3.53196721311475,4.03,4.60858695652174
2017-12-19,3.56341864716636,4.04,4.62947368421052
2017-12-20,3.515,3.99965517241379,4.59860465116279
2017-12-21,3.46536451671844,3.99666666666667,4.57105263157894
2017-12-22,3.48635406698565,,4.55458333333333
2017-12-26,3.4875,4.01,4.5475
2017-12-27,3.42210280900989,3.98272727272727,4.5268085106383
2017-12-28,3.43142857142857,3.9725,4.53822222222222
2017-12-29,3.415,3.97,4.53
2018-01-02,3.38545454545455,3.92,4.49962962962963
2018-01-03,3.33547030384026,3.915,4.47785714285715
2018-01-04,3.35961727927245,3.94,4.5165688449374
2018-01-05,3.36714285714286,3.934,4.52100783874579
2018-01-08,3.34922077922078,3.92,4.50769230769231
2018-01-09,3.31517299578059,3.92315789473684,4.52415059738345
2018-01-10,3.40833333333333,4.016,4.58448275862068
2018-01-11,3.36774647887324,4.015,4.56928571428571
2018-01-12,3.2925,,4.56727272727273
2018-01-15,3.37772727272727,,4.56
2018-01-17,3.30028461784458,3.96142857142857,4.52731707317074
2018-01-18,3.33256463828676,3.97142857142857,4.53439024390244
2018-01-19,3.32981487517111,3.98615384615385,4.54817073170732
2018-01-22,3.28153144016227,3.98375,4.55166666666667
2018-01-23,3.25852813852814,3.95976470588235,4.53666666666667
2018-01-24,3.255,3.92,4.5115
2018-01-25,3.23230978260869,3.88,4.47633333333333
2018-01-26,3.23817747535417,3.85190476190476,4.45266666666667
2018-01-29,3.23987083978328,3.87666666666667,4.50772727272727
2018-01-30,3.24127584830051,3.855,4.50461538461539
2018-01-31,3.26211546266234,3.88,4.52133333333333
2018-02-01,3.26210084033613,3.89,4.53909090909091
2018-02-02,3.36953488372093,3.96,4.588
2018-02-05,3.35224358974359,3.93666666666667,4.59166666666667
2018-02-06,3.33835451287064,3.96,4.56381679389312
2018-02-07,3.38274661145484,3.975,4.54649122807018
2018-02-08,3.38839757148453,3.98833333333333,4.54588235294118
2018-02-09,3.34607212475634,3.99961538461538,4.53086956521739
2018-02-12,3.31942464040025,,4.51666666666667
2018-02-13,3.2985576661573,3.92,4.52095238095238
2018-02-14,3.27758820017247,3.9545,4.52966666666667
2018-02-15,3.29619418306245,3.99703703703704,4.53666666666667
2018-02-16,3.32298440768207,4.01285714285714,4.54666666666667
2018-02-19,3.33470588235294,4.0,4.55125
2018-02-20,3.34376082474227,4.02571428571429,4.54
2018-02-21,3.32577409138968,4.015,4.5378947368421
2018-02-22,3.31100425436632,3.99,4.52735294117647
2018-02-23,3.29935563816605,3.95545454545454,4.53884615384615
2018-02-26,3.29068432671082,3.94541666666667,4.56510869565217
2018-02-27,3.3004555393586,3.98,4.5624
2018-02-28,3.31139817629179,3.96952380952381,4.5504
2018-03-01,3.27284658319505,4.09491228070175,4.53447368421052
2018-03-02,3.30456383822363,4.08962962962963,4.52636363636364
2018-03-05,3.32098972922502,3.941,4.50172413793103
2018-03-06,3.34,3.97363636363636,4.51166666666667
2018-03-07,3.33839527027027,3.985,4.49764705882353
2018-03-08,3.32707485654669,4.0275,4.50176470588235
2018-03-09,3.35,4.0787181663837,4.53
2018-03-12,3.3237462006079,4.03020408163265,4.51
2018-03-13,3.38571048220436,4.01,4.506
2018-03-14,3.4186353537149,4.10964285714286,4.4924
2018-03-15,3.40505582137161,4.03002245508982,4.49395348837209
2018-03-16,3.37878460355434,,4.49222222222222
2018-03-19,3.37944444444444,4.09067226890756,4.47
2018-03-20,3.39877304964539,4.01,4.48
2018-03-21,3.3934132743,4.0,4.49454545454546
2018-03-22,3.38260869565217,3.98,4.48578947368421
2018-03-23,3.25126016260163,4.10568222621185,4.47857142857143
2018-03-26,3.36804971084041,3.97,4.47
2018-03-27,3.33575987841945,3.94,4.462
2018-03-28,3.35099105229994,3.94769230769231,4.452
2018-03-29,3.33551020408163,3.954,4.468
2018-04-02,3.22864197530864,3.93,4.477
2018-04-03,,,4.47
2018-04-04,3.35666666666667,,4.45838709677419
2018-04-05,3.33780822776872,3.93565217391304,4.44611111111111
2018-04-06,3.31146597490348,,4.44444444444444
2018-04-09,3.29859649122807,3.97857142857143,4.44
2018-04-10,3.29738172728646,3.97,4.42230769230769
2018-04-11,3.26509644873595,3.87235294117647,4.3983870967742
2018-04-12,3.25305992081978,,4.37241379310345
2018-04-13,3.27294392572664,3.8919829424307,4.38769230769231
2018-04-16,3.28512820512821,,4.373
2018-04-17,3.17299760191847,3.83,4.37315789473684
2018-04-18,3.28129842615012,3.835,4.36368421052631
2018-04-19,3.26326730520851,,4.356
2018-04-20,3.27229089112173,3.85,4.36857142857143
2018-04-23,3.27921348314607,3.85,4.38454545454545
2018-04-24,3.28521337158993,3.87,4.41347826086957
2018-04-25,3.3159315765141,3.92333333333333,4.46411764705882
2018-04-26,3.20913238629148,3.93290909090909,4.45857142857143
2018-04-27,3.29984251968504,,4.45444444444444
2018-04-30,3.28766932270916,3.89,4.44923076923077
2018-05-02,3.29818181818182,,4.45022727272727
2018-05-03,3.16172473867596,,4.45102564102564
2018-05-04,3.27429386590585,3.87692307692308,4.42541284403671
2018-05-07,3.30997063142438,,4.43105263157895
2018-05-08,3.34037335213806,3.92,4.45263157894737
2018-05-09,3.38044732441472,3.9625,4.45720588235294
2018-05-10,3.38077193520364,3.945,4.4676
2018-05-11,3.33834918838314,3.95132075471698,4.44307692307692
2018-05-14,3.36292537313433,4.00125,4.44935483870967
2018-05-15,3.34871428571429,4.02333333333333,4.48304347826087
2018-05-16,3.3821568627451,,4.49006644518273
2018-05-17,3.39641509433962,,4.52352941176471
2018-05-18,3.42882875335121,,4.57377049180328
2018-05-22,3.43506858143839,4.14,4.5776010781671
2018-05-23,3.4362294854927,4.06,4.55882352941175
2018-05-24,3.40627621865955,4.06,4.54710280373833
2018-05-25,3.38,4.04,4.54028169014085
2018-05-28,3.39,4.00833333333333,4.55
2018-05-29,3.37381042822592,4.00111111111111,4.54735849056604
2018-05-30,3.37411928174434,4.00166666666667,4.56
2018-05-31,3.43666666666667,4.06,4.5690243902439
2018-06-01,3.46125,4.09333333333333,4.56916666666666
2018-06-04,3.42933085501859,,4.56857142857143
2018-06-05,3.44080145643258,4.11326446280992,4.57277777777778
2018-06-06,3.40029978222404,,4.55375
2018-06-07,3.41005747126437,4.03814814814815,4.54025641025641
2018-06-08,3.43544879375591,4.01,4.55041666666667
2018-06-11,3.42139274334464,4.0125,4.55461538461539
2018-06-12,3.36510985162071,4.08,4.57
2018-06-13,3.45487421383648,4.1,4.582
2018-06-14,3.41374875207987,4.085,4.58285714285714
2018-06-15,3.33166666666667,4.1,4.58957894736841
2018-06-18,,,4.59909090909091
2018-06-19,3.42664335664336,4.11,4.59966666666666
2018-06-20,3.38666666666667,,4.6
2018-06-21,3.39683348498635,4.08,4.59
2018-06-22,3.40752808988764,4.1,4.5902380952381
2018-06-25,3.33,,4.57790697674419
2018-06-26,3.418,4.08,4.575
2018-06-27,3.37381153912593,4.12458333333333,4.57
2018-06-28,,,4.58428571428571
2018-06-29,,,4.58666666666667
2018-07-03,3.34,4.10737588652482,4.585
2018-07-04,3.34681415929204,4.10964589235128,4.59008849557521
2018-07-05,3.415,4.11111111111111,4.58285714285714
2018-07-06,3.39571428571429,4.09403513441576,4.57285714285714
2018-07-09,3.39129172714078,4.10228873239437,4.5837037037037
2018-07-10,3.39018181818182,4.12,4.59
2018-07-11,3.39402777777778,4.115,4.59714233576643
2018-07-12,3.38425454545455,,
2018-07-13,3.36964285714286,4.12248142644874,
2018-07-17,3.41,4.1197951893308,4.55481481481482
2018-07-18,3.36011904761905,4.10666666666667,4.55
2018-07-19,3.35349281633193,4.10777777777778,4.55892857142857
2018-07-20,3.38586647727273,4.12851416171768,4.55894736842105
2018-07-23,3.35307692307692,4.11,4.55833333333333
2018-07-24,3.37546184738956,4.12119402985075,4.54941176470588
2018-07-25,3.35444444444444,4.18191588785047,4.56
2018-07-26,3.3725,4.12957446808511,4.55321428571428
2018-07-27,3.35,4.13897959183673,4.55
2018-07-30,3.32705882352941,4.13711816578483,4.52929824561404
2018-07-31,3.34037135278515,4.13798898071625,4.54290322580645
2018-08-01,,4.14170399648661,4.5481308411215
2018-08-02,3.35444444444444,,4.53409090909091
2018-08-03,3.422,4.1306836461126,4.52914893617021
2018-08-06,3.42,4.13978695073236,4.51973673385438
2018-08-07,3.40799020525298,4.139765625,4.51478260869566
2018-08-08,3.43996764408493,4.13,4.51225
2018-08-09,3.43671321793863,4.11123179850453,4.49717948717949
2018-08-10,,4.09315764909824,4.48940476190477
2018-08-13,3.40425925925926,4.05034482758621,4.48333333333333
2018-08-14,3.40740157480315,4.05142191142191,4.48166666666667
2018-08-16,3.39901734104046,4.032,4.4776
2018-08-17,3.43,4.0795652173913,4.47272727272727
2018-08-20,,4.01,4.45556962025316
2018-08-21,3.45610979087452,4.01308263505688,4.46
2018-08-22,3.47408306709265,4.0,4.45
2018-08-23,3.44222222222222,3.9925641025641,4.43035714285714
2018-08-24,3.44538461538462,3.98095744680851,4.43666666666667
2018-08-27,3.41347107438017,3.98381818181818,4.42125
2018-08-28,3.43502164502164,4.05673056443025,4.42241379310345
2018-08-29,3.45333333333333,4.08526778389781,4.45352941176471
2018-08-30,3.43952879581152,4.09,4.46666666666667
2018-08-31,3.44261038961039,4.07069406392694,4.45875
2018-09-03,3.44,4.04714285714286,4.44411764705882
2018-09-04,3.46676952197482,4.03166666666667,4.43133333333333
2018-09-05,3.514,4.08061193295061,4.46586206896551
2018-09-06,3.55482796717172,4.09744927536232,4.49448275862069
2018-09-07,3.62149804716839,4.10026666666667,4.5
2018-09-10,3.68507434944238,4.25,4.5
2018-09-11,3.756,4.10083333333333,4.5
2018-09-12,3.58362682912942,4.10111111111111,4.5
2018-09-13,3.66151741293532,4.1,
2018-09-14,3.77770833333333,4.1,4.49
2018-09-20,,4.10329254116793,4.492
2018-09-21,3.77,4.09217857142857,4.48692307692308
2018-09-24,3.74057851239669,4.11,4.50636363636364
2018-09-25,3.77005089058524,4.11165500297796,4.55800362166532
2018-09-26,3.788,4.13875,4.5624526764088
2018-09-27,3.7670406504065,4.14405063291139,4.54999999999999
2018-09-28,3.82758620689655,4.14,4.53411850982693
2018-10-01,3.82,4.1225,4.51384615384616
2018-10-02,,4.148,4.51331908831909
2018-10-03,3.749,4.15,
2018-10-04,3.84950464396285,4.17884210526316,4.55833333333333
2018-10-05,3.88631147540984,4.17024691358025,4.56023976023976
2018-10-08,3.69090909090909,4.252,4.55443108233118
2018-10-09,3.80697986577181,4.2016,4.54
2018-10-10,3.84288782816229,4.20145454545455,4.57
2018-10-11,3.92409395973154,,4.60068965517242
2018-10-12,3.78126313577133,,4.59666666666667
2018-10-16,3.99950617283951,4.27,
2018-10-17,4.03164359861592,4.275,4.63529411764706
2018-10-18,3.99619587155963,4.35794612794613,4.63333333333333
2018-10-19,3.97955497214574,4.27,4.59725490196078
2018-10-22,3.97043824701195,4.28407814407814,4.57666666666667
2018-10-23,3.93958703374778,4.2925,4.58359452078929
2018-10-24,3.9159022556391,4.33697386794335,4.56
2018-10-25,3.9815945540334,4.35285714285715,4.5725
2018-10-26,3.85331269349845,4.33348837209302,4.5525
2018-10-29,3.9275,4.32857142857143,4.56641414141414
2018-10-30,3.98855875044374,4.34321917808219,4.55882352941176
2018-10-31,3.84147474144789,4.32392156862745,4.530625
2018-11-05,3.91461420541645,4.31695852534562,4.5
2018-11-06,3.88093857072932,4.30025641025641,4.50085714285714
2018-11-07,3.90668283294842,4.30129146919431,4.52714285714286
2018-11-08,3.92414054334436,4.32210526315789,4.53
2018-11-09,3.88433325218007,4.31059428709756,4.546875
2018-11-12,3.88810246679317,4.27714285714286,4.53960393719241
2018-11-13,3.86880096323114,4.28804878048781,4.50615009746589
2018-11-14,3.85800746483483,4.28,4.51299158753097
2018-11-15,3.84978723404255,4.26666666666667,4.46764705882353
2018-11-16,3.82805223285487,4.26341463414634,4.4725
2018-11-19,3.81157939997335,4.24614234056542,4.45403846153846
2018-11-20,3.7921751380253,4.16708824014515,4.4458064516129
2018-11-21,3.82499390910511,4.15749626865671,
2018-11-22,3.80540816326531,4.14981481481482,4.4458064516129
2018-11-23,3.79696774193548,4.14199308003187,4.39
2018-11-26,3.83345864661654,4.15,4.38
2018-11-27,3.76519792865362,4.15,4.38666666666667
2018-11-28,3.78264755480607,4.16,4.388
2018-11-29,3.80666765358993,4.13653846153846,4.38
2018-11-30,3.7979652173913,4.14029411764706,4.39625
2018-12-03,3.79357016498791,4.1572131147541,4.41875
2018-12-04,3.75973468104223,4.144,4.41866666666667
2018-12-05,3.70937083842913,4.10932203389831,4.37933333333333
2018-12-06,3.70314814814815,4.08393939393939,4.366
2018-12-07,3.69111111111111,4.08052464833354,4.35333333333333
2018-12-10,3.6925,4.08326612903226,
2018-12-11,3.70924338369228,,4.37857142857143
2018-12-12,3.71875150966184,,4.398
2018-12-13,3.75407407407407,,4.4
2018-12-14,3.69776699029126,,4.38615384615385
2018-12-17,3.7469696969697,,4.36875
2018-12-18,3.68714285714286,,4.344
2018-12-19,3.66940429566905,,4.325
2018-12-20,3.62249737246342,,4.27555555555555
2018-12-21,3.61440546934764,,4.26769230769231
2018-12-24,3.59019900497512,,
2018-12-26,3.57,,4.25
2018-12-27,3.57,4.07,4.23785714285714
2018-12-28,3.56919107391911,4.1,4.21
2019-01-02,3.55043774319066,4.16987042062415,4.42636363636364
2019-01-03,3.55627983855468,4.15666666666667,4.41058823529412
2019-01-04,3.55559680871765,4.15176470588235,4.41
2019-01-07,3.61615642062976,4.19,4.43
2019-01-08,3.63505882842856,4.19764705882353,4.4425
2019-01-09,3.67347473684211,4.23,4.46636363636364
2019-01-10,3.68348885806665,4.25703125,4.46090909090909
2019-01-11,3.67611111111111,4.25,4.46701492537314
2019-01-14,3.63100529100529,4.24,4.46333333333333
2019-01-15,3.59358895341946,,4.48
2019-01-16,3.62462301587302,4.256,4.49385714285714
2019-01-17,3.64689265536723,,4.55
2019-01-18,3.64235423542354,,4.566
2019-01-21,3.66035714285714,4.33142857142857,
2019-01-22,3.65878189599483,4.304,4.60428571428572
2019-01-23,3.6375,4.27733653007847,4.59272727272727
2019-01-24,3.61132020997375,4.23963636363637,4.52662650602409
2019-01-25,3.59104151037759,4.21157894736842,4.51020304568527
2019-01-28,3.6075,4.202,4.5
2019-01-29,3.58293233082707,4.19333333333333,4.51
2019-01-30,3.58,4.20363636363636,4.51166666666667
2019-01-31,3.55670035938904,4.17173913043478,4.48119230769232
2019-02-01,3.55539295392954,4.155,4.4275
2019-02-04,3.56537037037037,4.17928571428571,4.42333333333333
2019-02-05,3.57008971704624,4.17780808412751,4.44083333333333
2019-02-06,3.55427567182773,4.19,4.45166666666667
2019-02-07,3.55009581263307,4.18872727272727,4.46154761904762
2019-02-08,3.50872354497354,4.1162962962963,4.40683720930231
2019-02-11,3.44994508397706,4.07266666666666,4.37016146788991
2019-02-12,3.4716263045493,,4.39272727272727
2019-02-13,3.51557138785979,4.11887096774194,4.37538461538462
2019-02-14,3.48,4.11021505376345,4.36538461538462
2019-02-15,3.51083333333333,4.12666666666667,4.36
2019-02-18,3.51,4.12,4.38
2019-02-19,3.51044642857143,4.12,4.36941176470588
2019-02-20,3.50066978193146,4.1193670886076,4.355
2019-02-21,3.52,4.10016393442623,4.36094488188977
2019-02-22,3.53,4.11333333333333,4.3796699669967
2019-02-25,3.55,4.1089552238806,4.36857142857143
2019-02-26,,4.12,
2019-02-27,3.57125,4.12703213610586,4.365
2019-02-28,3.56694777043765,4.11816393442623,4.38
2019-03-01,3.58568600010367,4.15441265060241,4.39428571428571
2019-03-04,3.61176470588235,4.18444444444444,4.41
2019-03-05,3.59274038461538,4.162,4.4
2019-03-06,3.54741348010815,4.14816666666666,4.37647619047619
2019-03-07,3.53189947780679,4.11285714285714,4.3339866549605
2019-03-08,3.50227716727717,4.05910714285714,4.27333333333333
2019-03-11,3.51671875,4.07333333333333,4.27
2019-03-12,3.52027777777778,4.08333333333333,
2019-03-13,3.51861788617886,4.0775,4.26
2019-03-14,3.51948009748172,4.05846153846154,4.242
2019-03-15,3.52,4.04852941176471,4.25
2019-03-18,3.52193791946309,4.052,4.25
2019-03-19,3.51880143112701,4.04838709677419,
2019-03-20,3.50178826895565,4.01668112798265,4.235
2019-03-21,3.4618691588785,3.97851612903226,4.17452054794521
2019-03-22,3.4547842835131,3.96017857142857,4.15069970845481
2019-03-25,3.43,3.95225,
2019-03-26,3.43948665297741,3.96008928571428,4.14666666666667
2019-03-27,3.39309280627891,3.92730337078652,4.19545454545455
2019-03-28,3.38438149197356,3.94333333333333,4.12
2019-03-29,3.39324827586207,3.96928571428571,4.145
2019-04-01,3.39998951781971,3.89760233918129,4.16
2019-04-02,3.38,3.97645910997204,4.16
2019-04-03,3.38005157843613,3.96137254901961,4.16
2019-04-04,3.35114044353579,3.95571428571428,4.15714285714286
2019-04-05,3.32334736456808,3.94222222222222,4.14
2019-04-08,3.3,3.93826086956522,4.1
2019-04-09,3.28,3.86632794371874,4.05133333333333
2019-04-10,3.24849307479224,3.825,4.01789473684211
2019-04-11,3.26,3.82699346405229,4.085
2019-04-12,3.28045796308954,3.87415886229622,4.116
2019-04-15,3.30749063670412,3.89230015317105,4.110625
2019-04-16,3.33,3.93078947368421,4.13772727272727
2019-04-17,3.3046969273743,3.90423076923077,4.11645833333334
2019-04-18,3.27425287356322,3.8896,4.09702378416755
2019-04-22,3.255,3.90571428571429,4.094
2019-04-23,3.24887284874877,3.90466666666667,4.09
2019-04-24,3.25963296792529,3.88571428571429,4.0948275862069
2019-04-25,3.28314924391847,3.92357142857143,4.128
2019-04-26,3.31,3.92766666666667,4.13333333333333
2019-04-29,3.30837837837838,3.95064516129032,4.168
2019-04-30,3.29130718954248,3.934,4.15844444444444
2019-05-02,3.29490196078431,3.92615384615385,4.155
2019-05-03,3.29898406374502,3.92166666666666,4.15688524590164
2019-05-06,3.32790401567091,3.91464285714286,4.15047619047619
2019-05-07,3.32568221849444,3.90894618329205,4.148125
2019-05-08,3.27684232894178,3.9096875,4.14666666666667
2019-05-09,3.26005960492041,3.76883794762581,4.13578947368421
2019-05-10,3.26,3.87280701754386,4.12
2019-05-13,3.23777282850779,3.83916666666667,4.09941176470588
2019-05-14,3.24273277222514,3.84545454545455,4.12916666666667
2019-05-15,3.26869188337273,3.8375,4.13
2019-05-16,3.23336687306502,3.83384615384615,4.13908163265305
2019-05-17,3.25,3.82272727272727,4.12081632653061
2019-05-20,3.25,3.82,4.09592592592592
2019-05-22,3.22610354237957,3.7643119266055,4.07614035087719
2019-05-23,3.16785151647291,3.72375,4.015
2019-05-24,3.175,3.69333333333333,3.99138888888889
2019-05-27,3.11612470170094,3.625,3.95130841121495
2019-05-28,3.04524590163934,3.53828571428572,3.87
2019-05-29,3.00803694158076,3.45217391304348,3.78166666666667
2019-05-30,3.03130081300813,3.49,3.78
2019-05-31,2.93714036123825,3.42857142857143,3.72457142857143
2019-06-03,2.92086237872799,3.43264705882353,3.73608695652174
2019-06-04,2.8950742792217,3.43662601626016,3.74910447761194
2019-06-05,2.85546218487395,3.41666666666667,3.71477272727273
2019-06-06,2.87134986225895,3.426,3.71
2019-06-07,2.86967336683417,3.41441176470588,3.70617449664429
2019-06-10,2.54669571420284,3.1546854827943,3.46516129032258
2019-06-11,2.48566525277008,3.1344502327592,3.41263157894737
2019-06-12,2.48218085106383,3.12015982211104,3.40076335877863
2019-06-13,2.51791304186185,3.15117647058824,3.43326086956522
2019-06-14,2.55,3.17948717948718,3.4771874807846
2019-06-17,2.539,3.15668639053256,3.44574468085106
2019-06-18,2.53834912672726,3.15087719298246,3.42606060606061
2019-06-19,2.53752136752137,3.14757142857143,3.41181818181818
2019-06-20,2.47855554835598,3.06373333333334,3.32909090909091
2019-06-21,2.50418706199461,3.07299065420561,3.3351724137931
2019-06-24,2.50777720096904,3.085625,3.34090909090909
2019-06-25,2.49,3.08658823529412,3.366
2019-06-26,2.53128571428571,3.15829268292682,3.42
2019-06-27,2.51619341201339,3.13211538461538,3.38866666666667
2019-06-28,2.49,3.1044776119403,3.35324708243122
2019-07-01,2.50271354060828,3.11561896884478,3.34470588235294
2019-07-02,2.4875,3.08975845410628,3.30857142857143
2019-07-03,2.48676470588235,3.07792452830189,3.29074755606671
2019-07-04,,3.07842105263158,3.26879310344828
2019-07-05,2.51241248817408,3.12015384615385,3.31238095238095
2019-07-08,2.51464108031272,3.1,3.30333333333333
2019-07-09,2.50842953821656,3.09694736842105,3.29519230769231
2019-07-10,2.48571428571429,3.04524475524476,3.25733333333333
2019-07-11,2.47397003745318,3.05887640449438,3.25333333333333
2019-07-12,2.46064244741874,3.04888498776466,3.2575
2019-07-15,2.44692955589587,3.03944444444444,3.25
2019-07-17,2.43034407587199,3.01944,3.20428571428571
2019-07-18,2.39613333333333,2.98289473684211,3.1804347826087
2019-07-19,2.2704347826087,2.86535714285714,3.08357142857143
2019-07-22,2.25166536111546,2.85910447761194,3.05
2019-07-23,2.24042408821035,2.85139002315944,3.04557142857143
2019-07-24,2.22871953975041,2.8010889879241,3.01294620101306
2019-07-25,2.22711286089239,2.77633333333334,2.99078212290503
2019-07-26,2.17719396606513,2.72178473499999,2.96857142857143
2019-07-29,2.16018321292372,2.71008196721311,2.97
2019-07-30,2.1519590268886,2.71830508474576,2.94111111111111
2019-07-31,2.00148944727729,2.63506037234175,2.87060606060606
2019-08-01,2.0333269441402,2.65157894736842,2.85852631578947
2019-08-02,2.03779393996338,2.57339553441234,2.78635036496349
2019-08-05,1.97610894941634,2.53038167938931,2.72314814814815
2019-08-06,2.0075,2.5390625,2.72333333333333
2019-08-07,1.97971177944862,2.4667132867133,2.67255813953489
2019-08-08,2.00536142356629,2.50018518518519,2.7145871559633
2019-08-09,1.99224380165289,2.480123257157,2.70125
2019-08-12,2.0,2.49438202247191,2.69846153846154
2019-08-13,2.02095808383234,2.52780487804878,2.72268262737876
2019-08-14,1.98076007931262,2.50416105526663,2.67777777777778
2019-08-16,1.97,2.48625,2.655
2019-08-19,,2.50240384615384,2.67
2019-08-20,1.9722454224221,2.49621621621622,2.68169230769231
2019-08-21,1.8865473236441,2.48567567567568,2.6798717948718
2019-08-22,1.91631578947368,2.5028125,2.69666666666667
2019-08-23,1.92,2.495625,2.67390804597701
2019-08-26,1.96,2.5031914893617,2.685
2019-08-27,1.95287291199202,2.49689655172414,2.67970588235294
2019-08-28,1.9405359056806,2.49119565217392,2.67
2019-08-29,1.95524305555556,2.49952380952381,2.68179775280899
2019-08-30,1.95157126823794,2.53847826086956,2.73432098765432
2019-09-02,1.95,2.517,2.71625
2019-09-03,1.95669126691267,2.47938271604938,2.67782608695652
2019-09-04,1.8085389026282,2.36470588235295,2.566875
2019-09-05,1.80740615058324,2.38,2.60147727272727
2019-09-06,1.81,2.39,2.6
2019-09-09,1.80468421052632,2.4428125,2.62571428571429
2019-09-10,1.7839503686621,2.46761006289309,2.63868421052632
2019-09-11,1.71043209876543,2.47741935483871,2.72620689655172
2019-09-12,1.71283810037777,2.46303370786517,2.71787878787878
2019-09-13,1.75049106431417,2.55181818181818,2.79291666666667
2019-09-16,1.76,2.54666666666667,2.77642857142857
2019-09-17,,2.565,2.785
2019-09-23,,2.51647058823529,2.74617021276596
2019-09-24,,2.48609756097561,2.72040404040404
2019-09-25,,2.48307692307692,2.74344827586207
2019-09-26,2.07,2.50432432432432,2.77386363636364
2019-09-27,,2.52411764705882,2.78333333333333
2019-09-30,,2.53333333333333,2.79666666666667
2019-10-01,2.08249376558603,2.55959183673469,2.85295238095238
2019-10-02,2.08,2.52641304347826,2.82205128205128
2019-10-03,1.99808917197452,2.46111111111111,2.76509933774834
2019-10-04,,2.45,2.75891304347826
2019-10-07,,2.46,2.75971223021582
2019-10-08,,2.40078431372549,2.71087912087912
2019-10-09,1.93,2.41210526315789,2.70307692307692
2019-10-10,1.92047619047619,2.445,2.74923076923077
2019-10-11,1.92,2.50153846153846,2.8164
2019-10-14,,2.53638888888889,2.845
2019-10-15,1.975,2.53833333333333,2.85666666666667
2019-10-16,2.0,2.555,2.86423423423424
2019-10-17,1.99383116883117,2.71974522292994,2.97823529411765
2019-10-18,2.0,2.76121212121212,3.02551282051283
2019-10-21,,,3.145
2019-10-22,,2.99318181818182,3.18870967741935
2019-10-23,1.98,2.8908108108108,3.09489795918367
2019-10-24,1.85,2.80024390243903,3.01076923076923
2019-10-25,,2.77421052631579,3.04730769230769
2019-10-28,1.85,2.87455555555555,3.15351351351352
2019-10-29,1.9,2.96351351351351,3.26142857142857
2019-10-30,1.875,2.98972972972973,3.35333333333333
2019-11-04,1.88,2.99693548387097,3.38923076923077
2019-11-05,1.769,2.92890909090909,3.3696
2019-11-06,1.84298245614035,2.84454545454546,3.31378787878788
2019-11-07,1.74,2.7845,3.25683544303797
2019-11-08,,2.77257142857143,3.22166666666667
2019-11-11,,2.75014652014652,3.26166666666667
2019-11-12,,2.998,3.39651162790698
2019-11-13,,3.21333333333333,3.63333333333333
2019-11-14,2.2,3.47011494252873,3.88675675675676
2019-11-15,1.985,2.93813333333333,3.35796296296296
2019-11-18,1.95,2.826,3.316
2019-11-19,1.9,2.83,3.29072218786505
2019-11-20,1.91333333333333,2.925625,3.40641301802856
2019-11-21,2.0974025974026,2.90853658536586,3.35806451612903
2019-11-22,1.94853801169591,2.90506849315068,3.30015151515152
2019-11-25,1.86,2.84833333333334,3.24727272727273
2019-11-26,1.85,2.78297619047619,3.15631578947369
2019-11-27,1.83,2.83055555555555,3.16809523809524
2019-11-28,,2.92285714285714,3.22055555555555
2019-11-29,1.85,2.92545454545455,3.19538461538462
2019-12-02,,3.017,3.29384615384615
2019-12-03,,3.05055555555556,3.36701540703727
2019-12-04,2.2204,3.092,3.43
2019-12-05,,3.29617021276596,3.66785714285714
2019-12-06,,3.23652173913044,3.62117647058823
2019-12-09,2.10975747508306,3.19053333333333,3.6
2019-12-10,2.02518518518519,3.11659574468085,3.54
2019-12-11,2.01,3.07388888888888,3.45685714285714
2019-12-12,1.98093023255814,2.99351351351351,3.39944444444445
2019-12-13,1.95,2.92373493975903,3.33029123036649
2019-12-16,1.9875,2.82692307692308,3.21560283687943
2019-12-17,1.89354961832061,2.693125,2.98920941586088
2019-12-18,,2.73,3.03612244897959
2019-12-19,,2.79933333333333,3.07833333333333
2019-12-20,1.845,2.831,3.13
2019-12-23,,2.83368421052631,3.19625
2019-12-24,,2.815,3.20166666666667
2019-12-26,1.9,2.77666666666667,3.16357142857143
2019-12-27,1.99153846153846,2.71625,3.1386111111111
2019-12-30,,2.67125,3.144
2020-01-02,1.89,2.66875,3.10420560747663
2020-01-03,1.89,2.7015625,3.14060606060606
2020-01-06,,2.768,3.175
2020-01-07,1.97,2.85142857142857,3.20133333333333
2020-01-08,,2.86272727272727,3.2834
2020-01-09,1.95,3.02724137931035,3.40795454545454
2020-01-10,2.06,3.11134831460675,3.46988505747126
2020-01-13,2.04363636363636,3.06724489795919,3.4542
2020-01-14,2.032,2.98463157894737,3.38632911392405
2020-01-15,2.02,2.94428571428571,3.30904761904762
2020-01-16,2.04,2.92609756097561,3.29195652173913
2020-01-17,2.04,2.87033333333334,3.24015625
2020-01-20,,2.84622641509434,3.20229166666667
2020-01-21,,2.84965909090909,3.22684210526316
2020-01-22,,2.86846153846154,3.28186440677966
2020-01-23,,2.9078947368421,3.31767441860465
2020-01-24,2.1,2.91166666666667,3.35142857142857
2020-01-27,2.05,2.885625,3.34409090909091
2020-01-28,2.08,2.87205882352941,3.30214285714286
2020-01-29,2.07238636363636,2.89583333333333,3.34181818181818
2020-01-30,,2.94491803278688,3.37411764705882
2020-01-31,2.12,,3.42666666666667
2020-02-03,2.12,2.9262,3.45636363636364
2020-02-04,2.085,2.87709090909091,3.3902
2020-02-05,2.09085987261146,2.84590909090909,3.36090909090909
2020-02-06,,2.88764705882353,3.36
2020-02-07,,2.92263157894737,3.37578947368421
2020-02-10,2.11,2.89661971830986,3.380625
2020-02-11,,2.89744186046511,3.37333333333333
2020-02-12,,2.92184210526316,3.4
2020-02-13,2.09,2.921875,3.425
2020-02-14,2.09875,2.97545454545455,3.47
2020-02-17,2.13,3.02,
2020-02-18,,3.02201923076923,3.546875
2020-02-19,,3.17204545454546,3.59705882352941
2020-02-20,,3.24880952380952,3.69586206896552
2020-02-21,2.11833333333333,3.26514285714286,3.764332504714
2020-02-24,2.17369889280633,3.15866666666666,3.58142857142857
2020-02-25,2.13405797101449,3.0565811965812,3.46631578947368
2020-02-26,2.27285714285714,3.05642857142857,3.48344827586207
2020-02-27,2.29973057184751,3.14976744186047,3.56125
2020-02-28,2.07,3.14426356589148,3.58531707317074
2020-03-02,2.01,3.04116666666667,3.51755555555556
2020-03-03,1.955,2.9355421686747,3.43333333333333
2020-03-04,1.78099762470309,2.71333333333333,3.20925925925926
2020-03-05,1.77833333333333,2.6659375,3.15125
2020-03-06,,2.63833333333333,3.08
2020-03-09,1.57535353535354,2.44487804878049,2.92333333333333
2020-03-10,1.6,2.56785714285714,3.01309523809524
2020-03-11,1.60863157894737,2.43457142857143,2.93863157894736
2020-03-12,1.8,2.78242990654206,3.319625
2020-03-13,,2.71794871794872,3.30519230769231
2020-03-16,1.47941176470588,2.49058823529412,3.01055789394566
2020-03-17,1.33333333333333,2.318,2.9121875
2020-03-18,,2.94526315789474,3.593
2020-03-19,1.62,3.10612244897959,3.712
2020-03-20,,3.13592592592592,3.83166666666667
2020-03-23,1.8,3.23642857142857,3.90470588235294
2020-03-24,,3.17891891891892,3.87631578947368
2020-03-25,1.35,3.00784090909091,3.78923076923077
2020-03-26,1.4,2.87485294117647,3.67444444444444
2020-03-27,1.14166666666667,2.81617647058823,3.59727272727273
2020-03-30,1.05,2.83707317073171,3.62583333333333
2020-03-31,1.03847014925373,2.80689655172414,3.6124
2020-04-01,0.544,2.46904347826087,3.30465346534654
2020-04-02,0.75,2.55325301204819,3.36
2020-04-03,0.543529411764706,2.64494117647059,3.417
2020-04-06,,2.65022727272728,3.4
2020-04-07,0.7,2.68990291262136,3.40222222222222
2020-04-08,0.58,2.59456250000001,3.26380952380952
2020-04-09,,2.51658536585366,3.19780487804877
2020-04-13,,2.41427140701441,3.16409090909091
2020-04-14,,2.44233951577077,3.175
2020-04-15,,2.44994382022471,3.15269230769231
2020-04-16,0.53,2.4419587628866,3.12152380952381
2020-04-17,,2.40132781973218,3.09355555555556
2020-04-20,0.58,2.31142857142857,3.02
2020-04-21,0.54,2.26070422535211,2.9180487804878
2020-04-22,,2.2758,2.88
2020-04-23,0.55,2.1333161878705,2.76045839699958
2020-04-24,0.539090909090909,2.09955882352941,2.68735849056604
2020-04-27,,1.90236402800215,2.64788235294118
2020-04-28,,2.0042702272447,2.71153846153846
2020-04-29,0.53,1.9694,2.67363636363637
2020-04-30,,1.74999955901484,2.66662921348314
2020-05-04,0.53,1.76769807958904,2.62364864864865
2020-05-05,,1.84196078431373,2.63682926829268
2020-05-06,0.64,1.83571428571429,2.63339285714285
2020-05-07,0.6,1.8105,2.6390060774576
2020-05-08,,1.78866666666667,2.62213675213675
2020-05-11,0.62,1.696875,2.61485294117647
2020-05-12,,1.6569696969697,2.55675213675214
2020-05-13,,1.6,2.55333333333333
2020-05-14,0.534,1.56,2.52522123893805
2020-05-15,,1.46945454545454,2.42854166666667
2020-05-18,0.49,1.4106976744186,2.35113636363636
2020-05-19,0.49,1.37666666666667,2.2837037037037
2020-05-20,,1.423,2.18042553191489
2020-05-22,,1.40565217391305,2.02357865818392
2020-05-25,0.525,1.46075471698113,2.00117647058824
2020-05-26,,1.63337662337662,2.20421052631579
2020-05-27,0.6,1.84614379084968,2.31213675213676
2020-05-28,,1.67892405063291,2.17759999999999
2020-05-29,,1.65435185185185,2.17747572815534
2020-06-01,,1.61319444444444,2.20818181818182
2020-06-02,0.5,1.69709677419355,2.30857142857143
2020-06-03,,1.74292682926829,2.50169117647059
2020-06-04,0.56,1.798,2.55169230769231
2020-06-05,0.55,1.83237288135593,2.7143
2020-06-08,0.49,1.764,2.75
2020-06-09,,1.69580882352941,2.67987012987013
2020-06-10,,1.58984848484848,2.55220588235294
2020-06-11,,1.53418918918919,2.5140625
2020-06-12,,1.55274509803922,2.54846153846154
2020-06-15,,1.53785714285714,2.570625
2020-06-16,0.4,1.57895833333333,2.585
2020-06-17,,1.46971887550201,2.47057142857143
2020-06-18,0.36,1.24954775394831,2.27417582417582
2020-06-19,,1.18024096385542,2.10921568627451
2020-06-22,,1.26669565217391,2.22716981132075
2020-06-23,,1.25523076923077,2.22117647058823
2020-06-24,,1.21838707954295,2.214
2020-06-25,0.5,1.16826455180194,2.2548
2020-06-26,0.5,1.19965440553076,2.36181818181818
2020-06-30,0.23,1.30846068912769,2.39
2020-07-01,,1.29797113402062,2.40501578103172
2020-07-02,,1.27450615842005,2.46083333333333
2020-07-03,,1.25719765583378,2.44433333333333
2020-07-06,0.3,1.24111780959558,2.38615384615385
2020-07-07,,1.19895438209983,2.32775362318841
2020-07-08,,1.24995455811583,2.24071428571428
2020-07-09,,1.31010869805849,2.49713615023474
2020-07-10,,1.43963372494817,2.50239583333333
2020-07-13,,1.46,2.525
2020-07-14,,1.45354166666667,2.48076923076923
2020-07-15,,1.41806258707252,2.6121568627451
2020-07-17,,1.68,2.80938461538462
2020-07-20,0.3,1.80614678899083,2.82037037037037
2020-07-21,,1.73256182538598,2.75599879251998
2020-07-22,,1.63925925925926,2.59548076923077
2020-07-23,,1.50790697674419,2.48022222222222
2020-07-24,,1.47689655172414,2.38123809523809
2020-07-27,,1.56375,2.49457142857143
2020-07-28,,1.56272727272727,2.52962962962963
2020-07-29,,1.48136363636364,2.4506015037594
2020-07-30,,1.53596153846154,2.48746031746032
2020-07-31,,1.47441860465116,2.41258620689655
2020-08-03,,1.44014084507042,2.385
2020-08-04,,1.41242424242425,2.3425
2020-08-05,,1.37633802816902,2.30222222222222
2020-08-06,,1.42270008360569,2.35230769230769
2020-08-07,,1.49,2.405
2020-08-10,,1.48777777777778,2.39
2020-08-11,,,2.49447916666666
2020-08-12,,1.5475,2.51458333333333
2020-08-13,0.5384,1.50547169811321,2.47085714285714
2020-08-14,,1.48405405405405,2.45923076923077
2020-08-17,,1.4825,2.478125
2020-08-18,,1.39402818014222,2.4975
2020-08-19,,1.42038362654187,2.47078947368421
2020-08-20,,1.47266666666667,2.46537037037037
2020-08-21,,1.47884615384615,2.478
2020-08-24,,1.48041666666667,2.49045454545454
2020-08-25,,1.46478260869565,2.4744117647059
2020-08-26,0.4,1.45322580645161,2.4194776119403
2020-08-27,0.39,1.46933333333333,2.36603773584906
2020-08-28,0.38,1.52461538461538,2.43083333333333
2020-08-31,,1.49677419354839,2.39788617886179
2020-09-01,0.3725,1.44514285714286,2.38205882352941
2020-09-02,0.445,1.50833333333333,2.4447619047619
2020-09-03,0.413333333333333,1.48052631578947,2.48230769230769
2020-09-04,0.4,1.5,2.50666666666667
2020-09-07,0.4,1.526,2.51
2020-09-08,,1.50714285714286,2.52341463414634
2020-09-09,0.5125,1.56,2.57966165413534
2020-09-10,0.486666666666667,1.555,2.67103448275862
2020-09-11,0.53,1.54571428571429,2.67984848484848
2020-09-14,0.518333333333333,1.525,2.64288461538461
2020-09-15,0.520714285714285,1.53363636363636,2.63978021978022
2020-09-16,0.521704949854416,1.53263157894737,2.60836734693877
2020-09-17,0.53,1.50882352941177,2.57237288135593
2020-09-21,0.49875,1.47825,2.53692307692308
2020-09-22,0.48,1.48071428571429,2.55018518518518
2020-09-23,0.495,1.5,2.60565217391304
2020-09-24,0.53,1.54428571428571,2.64573333333333
2020-09-25,0.511363636363636,1.545,2.67666666666667
2020-09-28,0.502,1.6,2.69347826086956
2020-09-29,0.542,1.664,2.70955555555556
2020-09-30,0.58,1.6449231126597,2.69545454545455
2020-10-01,0.51125,1.53084745762712,2.60888888888889
2020-10-02,0.502857142857143,1.47807692307692,2.52297297297297
2020-10-05,,1.495,2.545
2020-10-06,0.483050847457627,1.52833333333333,2.61444444444444
2020-10-07,0.5,1.55,2.65666666666667
2020-10-08,0.53,1.55039215686274,2.68
2020-10-09,0.516,1.53,2.665
2020-10-13,,1.49529411764706,2.65055555555556
2020-10-14,,1.49806451612903,2.61923076923077
2020-10-15,0.545,1.505,2.62818181818182
2020-10-16,,1.53,2.63
2020-10-19,,1.56666666666667,2.65071428571429
2020-10-20,0.545,1.57,2.63916666666667
2020-10-21,0.510869565217391,1.54,2.60973684210526
2020-10-22,0.52,1.53714285714286,2.59
2020-10-23,0.523333333333333,1.50333333333333,2.56947368421053
2020-10-26,,1.44833333333333,2.541875
2020-10-27,0.52,1.444375,2.53078947368421
2020-10-28,0.55,1.47909090909091,2.60333333333333
2020-10-29,0.55,1.45714285714286,2.58366666666667
2020-10-30,0.546666666666667,1.48416666666667,2.59410256410256
2020-11-02,,1.49,2.60882352941176
2020-11-03,0.511818181818182,1.474,2.58647058823529
2020-11-04,0.5,1.44363636363636,2.52797297297297
2020-11-05,0.48,1.42052631578947,2.49733333333333
2020-11-06,0.48,1.465,2.54692307692308
2020-11-09,0.5,1.51333333333333,2.605
2020-11-10,,1.49625,2.58428571428571
2020-11-11,0.52,1.51076923076923,2.6004
2020-11-12,0.5,1.5,2.60702702702703
2020-11-13,0.53,1.525,2.63608695652174
2020-11-16,0.53,1.525,2.65
2020-11-17,,1.504,2.62090909090909
2020-11-18,,1.506,2.66444444444444
2020-11-19,0.5125,1.52444444444444,2.68088235294118
2020-11-20,0.5075,1.5,2.63380952380952
2020-11-23,0.5,1.49076923076923,2.60644444444444
2020-11-24,0.502307692307692,1.51125,2.64020833333333
2020-11-25,0.520787525448825,1.524,2.67185185185185
2020-11-26,0.52,1.54,2.702
2020-11-27,0.525,1.58,2.73666666666667
2020-11-30,0.52,1.61230769230769,2.78285714285714
2020-12-01,0.529583333333333,1.62714285714286,2.79166666666667
2020-12-02,,1.665,2.86733333333333
2020-12-03,0.515,1.672,2.893
2020-12-04,0.545,1.72941176470588,2.92
2020-12-07,0.503333333333333,1.66055555555556,2.86109375
2020-12-09,0.51,1.62894736842105,2.83011363636364
2020-12-10,0.521428571428571,1.54923076923077,2.79727272727273
2020-12-11,,1.55,2.7908
2020-12-14,,1.55,2.75454545454545
2020-12-15,,1.54,2.74396825396825
2020-12-16,0.54,1.495625,2.68071428571429
2020-12-17,0.549677419354839,1.5085,2.64684931506849
2020-12-18,0.53,1.522,2.662
2020-12-21,0.52,1.49166666666667,2.64473684210526
2020-12-22,0.540196061009922,1.52806451612903,2.66333333333333
2020-12-23,0.581544279629902,1.58,2.667
2020-12-24,0.57,1.57,2.7
2020-12-28,0.57,1.565,2.65
2020-12-29,0.575714285714286,1.55333333333333,
2020-12-30,0.575,1.53047619047619,2.64888888888889
2021-01-04,0.56,1.49571428571429,2.6012
2021-01-05,0.54,1.50230769230769,2.5903125
2021-01-06,0.53,1.498,2.592
2021-01-07,0.521666666666667,1.50159420289855,2.63
2021-01-08,0.533333333333333,1.54090909090909,2.64304347826087
2021-01-11,0.53,,2.705
2021-01-12,0.51066037735849,1.545,2.71827956989247
2021-01-13,0.509807692307693,1.53428571428571,2.74475806451613
2021-01-14,0.505,1.53333333333333,2.72647058823529
2021-01-15,0.5075,1.5204,2.68864864864865
2021-01-18,0.5,1.51023809523809,2.67033333333333
2021-01-19,0.5,,2.66384615384615
2021-01-20,0.51,1.556,2.714
2021-01-21,0.505,1.53933333333333,2.68477124183007
2021-01-22,0.5,1.52333333333333,2.63796610169491
2021-01-25,0.46,1.535,2.59717391304348
2021-01-26,0.480714285714286,1.52567567567568,2.592
2021-01-27,0.48,1.51033333333333,2.57770642201835
2021-01-28,0.5,1.50833333333333,2.54556962025317
2021-01-29,0.49,1.52,2.569375
2021-02-01,0.467368421052631,1.53,2.5764
2021-02-02,,1.53166666666667,2.57767857142857
2021-02-03,0.482659294365456,1.52358974358974,2.56833333333333
2021-02-04,0.45,1.538,2.55290322580645
2021-02-05,0.466,1.53,2.57703703703704
2021-02-08,0.48,1.53125,2.604
2021-02-09,0.451428571428571,1.51,2.57774193548387
2021-02-10,0.438888888888889,1.5,2.58852941176471
2021-02-11,0.452979351032448,1.47259259259259,2.59178571428572
2021-02-12,0.441875,1.47315789473684,2.61533333333333
2021-02-15,0.445,1.47875,2.67351851851852
2021-02-16,0.443,1.49,2.7272
2021-02-17,0.444814814814815,1.50625,2.778
2021-02-18,0.473333333333333,1.535,2.75772727272727
2021-02-19,0.480769230769231,1.565,2.800625
2021-02-22,0.518,1.62891891891892,2.91
2021-02-23,0.521538461538462,1.64764705882353,2.91838709677419
2021-02-24,0.54,1.71142857142857,2.94428571428571
2021-02-25,0.516,1.81470588235294,3.01481481481482
2021-02-26,0.508888888888889,1.78467741935484,2.98282608695652
2021-03-01,0.476,1.6,2.89275862068965
2021-03-02,0.515,1.54382978723404,2.86387387387388
2021-03-03,0.55,1.64363636363636,2.97139534883721
2021-03-04,0.5475,1.61578947368421,3.00578947368421
2021-03-05,0.55,1.72464285714286,3.0964705882353
2021-03-08,0.55,1.65,3.06958333333333
2021-03-09,0.51,1.67666666666667,3.06391304347826
2021-03-10,0.514,1.68,3.1115
2021-03-11,0.54,1.65764705882353,3.052
2021-03-12,0.554,1.7,3.10565217391304
2021-03-15,0.55,1.7,3.09375
2021-03-16,0.53,1.71047619047619,3.06411764705882
2021-03-17,0.55,1.8,3.128
2021-03-18,0.54,1.85,3.20225806451613
2021-03-19,,1.83,3.25554054054054
2021-03-22,,1.83666666666667,3.25375
2021-03-23,0.53,1.81947368421053,3.254
2021-03-24,0.560625,1.8575,3.28257575757576
2021-03-25,,1.95,3.29666666666667
2021-03-26,0.594590208276981,2.11717741935484,3.49090909090909
2021-03-29,0.62,,3.49977941176471
2021-03-30,0.61,2.15526998491704,3.48897617641268
2021-03-31,0.61,2.116122341822,3.49554356846473
2021-04-01,0.6,2.09279187817259,3.4575799086758
2021-04-05,0.6,2.0111410459588,3.35273652085453
2021-04-06,0.6,1.95876033057851,3.3125925925926
2021-04-07,,1.94333333333333,3.34192307692308
2021-04-08,0.67,1.93571428571429,3.34435364041604
2021-04-09,,1.92465437788018,3.39
2021-04-12,0.669367088607595,,3.4413197704747
2021-04-13,,2.09667582417582,3.55
2021-04-14,0.786521739130435,2.21612403100775,3.66524390243902
2021-04-15,0.785517568850902,2.03529702970297,3.59531914893617
2021-04-16,0.825720984759672,1.97893469198703,3.48243055555556
2021-04-19,0.83,1.9964238410596,3.4975
2021-04-20,0.860545454545455,2.05,3.50625
2021-04-21,,2.08609970674487,3.56849660523763
2021-04-22,0.922606984751599,,3.62353562005277
2021-04-23,,2.15,3.57269254467036
2021-04-26,1.00805172413793,2.2901768172888,3.66508137432188
2021-04-27,1.08,2.46140700068634,3.77188226255642
2021-04-28,1.18536121673004,2.62211064177681,3.8725195968645
2021-04-29,1.15365079365079,2.65789258610625,3.86440347071583
2021-04-30,1.1,2.63931989924433,3.76270502945174
2021-05-03,,2.61,3.66909090909091
2021-05-04,1.08812210411556,2.52781090623774,3.5217570241393
2021-05-05,1.02601908065915,2.47407799074686,3.47523287671233
2021-05-06,1.03342105263158,2.49440481704493,3.53794086589229
2021-05-07,1.00477099236641,2.40504145936982,3.482
2021-05-10,1.02,2.39945787373856,3.47682926829268
2021-05-11,1.00976178408515,2.39672811059908,3.48173913043478
2021-05-12,1.06459492140266,2.49730290456432,3.58954248366013
2021-05-13,1.08,2.49,3.54975609756098
2021-05-14,1.1,2.49,3.60120656370656
2021-05-17,1.3,2.6842032967033,3.81840277777778
2021-05-18,1.21055384615385,2.6,3.75373831775701
2021-05-19,1.21,2.59950851900393,3.78882352941176
2021-05-20,1.25739130434783,2.65,3.83727272727273
2021-05-24,1.275,,3.956875
2021-05-25,1.35459558823529,2.76438596491228,4.01316428948759
2021-05-26,1.35,2.74,3.9481221719457
2021-05-27,1.30682634730539,2.70960384153662,3.97252589641434
2021-05-28,1.2085798816568,2.66147494033413,3.9075
2021-05-31,,2.64333333333333,3.84280119482243
2021-06-01,1.3,2.67,3.87346907993967
2021-06-02,1.29,2.68157270029674,3.92976744186047
2021-06-03,1.3,2.74,4.0607476635514
2021-06-04,1.35,2.80814323607427,4.25173535791757
2021-06-07,,,4.3740932642487
2021-06-08,,2.8,4.37610385619911
2021-06-10,1.43,2.89131652661064,4.22890864028715
2021-06-11,,2.92090909090909,4.12616615853659
2021-06-14,,,4.21052346570398
2021-06-15,1.42,3.03,4.26005988023952
2021-06-16,1.45,3.04136005726557,4.22645295902883
2021-06-17,,3.07,4.26002486325212
2021-06-18,1.56,3.06861878453039,4.26065693430657
2021-06-22,1.7,,4.30993939393939
2021-06-23,1.82,3.1,4.32655263157895
2021-06-24,,3.24,4.35098918083463
2021-06-25,1.95,,4.47211334552103
2021-06-29,2.15,3.4,4.48381679389313
2021-06-30,2.15,3.48625,4.62
2021-07-01,2.25,3.55433333333333,4.62476314211473
2021-07-02,,3.69655462184874,4.78028457598179
2021-07-05,,3.9025,4.98259157509158
2021-07-06,2.40307692307692,3.844,4.9355421686747
2021-07-07,2.45,3.96363269424823,4.85540041067762
2021-07-08,2.45393063583815,3.85189128816083,4.58293096487687
2021-07-09,2.48,3.8053164556962,4.52576382380506
2021-07-12,2.41070588235294,3.73285198555957,4.51198529411765
2021-07-13,2.38564032697548,3.69887052341598,4.51178004535147
2021-07-14,2.37,3.61637426900585,4.39697105444521
2021-07-15,2.26768261964736,3.45,4.24531722054381
2021-07-19,2.05,3.41907483552631,4.13147887323944
2021-07-20,2.03,3.44846153846154,4.11907692307692
2021-07-21,2.18865176640231,3.5467264573991,4.22676724137931
2021-07-22,,3.59498098859316,4.26558857673555
2021-07-23,,,4.29590200445434
2021-07-26,2.22,3.56015873015873,4.36461873638344
2021-07-27,,3.5793023255814,4.42089759182681
2021-07-28,,3.7,4.53448512585812
2021-07-29,2.3,3.71,4.4958940397351
2021-07-30,2.19,3.67579520697168,4.43113744075829
2021-08-02,2.2575,3.62904317386231,4.37222222222222
2021-08-03,2.312,3.59624024960998,4.41272925764192
2021-08-04,2.34597292724196,3.67,4.46333333333333
2021-08-05,2.35,3.72422535211268,4.57382978723404
2021-08-06,2.35,3.7752380952381,4.64204019488429
2021-08-09,,3.85,4.67018115642319
2021-08-10,2.32,3.9,4.67
2021-08-11,2.55,3.99,4.7587460815047
2021-08-12,2.73333333333333,3.99827586206897,4.7495061728395
2021-08-13,,3.99794044665013,4.76111111111111
2021-08-16,2.76551724137931,3.97278350515464,4.72061712156089
2021-08-17,,3.90545454545455,4.72512755102041
2021-08-18,2.8,3.95,4.77084005695301
2021-08-19,2.85612472160356,3.98,4.84528214077952
2021-08-20,2.9,4.01,4.86631578947368
2021-08-23,2.92177330895795,4.02039215686274,4.8852
2021-08-24,,4.02,4.86014992503748
2021-08-25,,3.99181818181818,4.79222826086957
2021-08-26,,3.94,4.76438596491228
2021-08-27,,3.94,4.74145374449339
2021-08-30,3.0095652173913,,4.71696296296296
2021-08-31,3.01,3.9675,4.74421052631579
2021-09-01,3.67,4.4,4.98093023255814
2021-09-02,3.81839506172839,4.40613425925926,5.08827259820161
2021-09-03,3.79344827586207,4.40012944983819,5.05283870967742
2021-09-06,3.8,,
2021-09-07,,,5.12
2021-09-08,4.0,4.8,5.28
2021-09-09,4.15,5.0,
2021-09-13,,4.95,5.40623188405797
2021-09-14,3.82578947368421,4.875,5.2633779264214
2021-09-15,3.8,4.81969696969697,5.09554846938775
2021-09-16,3.8,,5.17469387755102
2021-09-20,3.85,4.73340996168582,5.14551724137931
2021-09-21,3.8,,5.00622149837134
2021-09-22,,,5.0170935035674
2021-09-23,4.00418060200669,4.7,5.15266047297297
2021-09-24,4.07,4.85,5.24470588235294
2021-09-27,4.1,5.0,5.4
2021-09-28,4.1,5.1,5.4954609929078
2021-09-29,4.4,5.18,5.56176470588235
2021-09-30,4.41588785046729,5.17730337078652,5.57031954887218
2021-10-01,4.42,,5.7
2021-10-04,4.42,,5.82444444444444
2021-10-05,4.51420289855072,5.45,5.9988
2021-10-06,,,6.25
2021-10-07,4.50763358778626,5.9,6.41802325581395
2021-10-08,,6.11,6.62459418070444
2021-10-12,,6.36333333333333,6.80862068965517
2021-10-13,5.0,6.37754257907543,6.86
2021-10-14,5.0,6.15152671755726,6.6001321003963
2021-10-15,5.0,5.93477611940298,6.39934143686502
2021-10-18,,,6.4797256097561
2021-10-19,5.0,6.04777777777778,6.4452380952381
2021-10-20,5.01333333333333,5.986,6.41014423076923
2021-10-21,,6.1,6.49551569506727
2021-10-22,5.00396226415094,6.14478431372549,6.55910256410256
2021-10-25,5.0,5.8646511627907,6.29549222797927
2021-10-26,,5.78161172161172,6.15530120481928
2021-10-27,,5.77182320441989,6.20764705882353
2021-10-28,5.13365517241379,5.74144200626959,6.09222222222222
2021-10-29,,5.77258771929825,6.09418709150327
2021-11-02,,5.72818908122503,5.98526816021724
2021-11-03,5.05,5.74,5.98571428571429
2021-11-04,,5.735,6.065
2021-11-05,5.3,5.79021276595745,6.06438848920863
2021-11-08,,5.85181818181818,6.07487804878049
2021-11-09,5.32,5.70909090909091,6.05075075075075
2021-11-10,5.05,5.38471571906355,5.61902067889192
2021-11-11,5.15,5.38808864265928,5.58082191780822
2021-11-12,5.19,5.4782905982906,5.65839024390244
2021-11-15,5.30909090909091,5.53076923076923,5.70564102564103
2021-11-16,5.6,5.54317829457364,5.80806451612903
2021-11-17,5.65,5.65047619047619,5.92133193277311
2021-11-18,,5.70043373493976,6.0272730929079
2021-11-19,5.71561764705882,,6.09032432432433
2021-11-22,5.45624442462087,5.46833333333333,5.61758293838863
2021-11-23,5.42074688796681,,5.55618947368421
2021-11-24,5.5,5.44069444444445,5.59756734693878
2021-11-25,5.5990243902439,5.441,5.76172839506173
2021-11-26,5.60608547400612,5.45566037735849,5.69996677740863
2021-11-29,5.60076687116564,5.5719512195122,5.7569825436409
2021-11-30,5.5703187250996,5.60666666666667,5.73470967741936
2021-12-01,,,5.70741339491917
2021-12-02,5.45,5.55,5.66466666666667
2021-12-03,5.3910989010989,5.36316287878788,5.59082089552239
2021-12-06,,,5.59870870870871
2021-12-07,,,5.65083333333333
2021-12-09,,5.515625,5.61927710843374
2021-12-10,,5.48,5.586875
2021-12-13,,5.56,5.59
2021-12-14,5.48,,5.7
2021-12-15,,5.56714285714286,5.71714285714286
2021-12-16,,5.615,
2021-12-17,5.86,5.69704918032787,5.87857142857143
2021-12-20,5.92380952380952,5.78,5.96666666666667
2021-12-21,5.8,5.7735,5.925
2021-12-22,5.70339622641509,5.62771428571429,5.80812445442075
2021-12-23,,5.6,5.70861917897128
2021-12-24,,,5.65666666666667
2021-12-27,5.6576479631053,5.54,5.59057983942908
2021-12-28,5.62189189189189,5.58,5.59264462809917
2021-12-29,5.64571428571429,,5.6553282345443
2021-12-30,5.75,,5.65
2022-01-03,,5.56,5.65333333333333
2022-01-04,,5.725,5.75673267326733
2022-01-05,,5.7165,5.7
2022-01-06,,5.57095214602861,5.72578947368421
2022-01-07,,5.59110576923077,5.80625
2022-01-10,5.7,5.62151260504202,5.94818181818182
2022-01-11,,5.89166666666667,6.0566511627907
2022-01-12,,,6.06690476190476
2022-01-13,,6.01,6.105
2022-01-14,,6.07981072555205,6.11
2022-01-17,,,6.1075
2022-01-18,,6.07,6.1075
2022-01-19,,6.11,6.178
2022-01-20,,6.07757575757576,6.12
2022-01-21,,5.8875,5.81063548102383
2022-01-24,,5.75714285714286,5.63473429951691
2022-01-25,,5.75,5.68648
2022-01-26,,5.76226869455006,5.75352059925094
2022-01-27,,,5.865625
2022-01-28,,5.77,5.7625
2022-01-31,,5.71452229299363,5.65416666666667
2022-02-01,,5.67682926829268,5.60310237849018
2022-02-02,,5.62428571428571,5.55441696113074
2022-02-03,,,5.64943262411348
2022-02-04,,,5.64490566037736
2022-02-07,,5.75,5.65765306122449
2022-02-08,,5.9,5.8284140969163
2022-02-09,,5.94794829708658,5.85667117726658
2022-02-10,,6.10263157894737,5.9680987202925
2022-02-14,,6.1,6.00058411214953
2022-02-15,,6.15,5.94095238095238
2022-02-16,,,5.90222222222222
2022-02-17,,6.15,5.86079754601227
2022-02-18,,6.15,5.91666666666667
2022-02-21,,6.15,5.9
2022-02-22,,6.15,5.89
2022-02-23,,6.1536231884058,5.916
2022-02-24,,6.10645161290323,5.83
2022-02-25,,,5.83757575757576
2022-02-28,,6.19819672131148,5.8
2022-03-01,,6.18888888888889,5.72
2022-03-02,,6.2,
2022-03-03,,6.3,5.8698
2022-03-04,,6.4,5.84759920634921
2022-03-07,,,5.88980099502488
2022-03-08,,6.38857142857143,5.88984555984556
2022-03-09,,,5.96564102564103
2022-03-10,,6.57692307692308,5.97696428571428
2022-03-11,,6.60074257425742,6.00909090909091
2022-03-14,,,6.09907834101382
2022-03-15,,,6.16434782608696
2022-03-16,,6.78979166666667,
2022-03-17,,6.8175,6.2102138690862
2022-03-18,,6.84982954545455,6.19
2022-03-21,,6.9,6.24459459459459
2022-03-22,,7.15439579684764,6.29571428571429
2022-03-23,,7.16215639810427,
2022-03-24,,7.19881005586592,6.505
2022-03-25,,7.18571428571429,
2022-03-28,,7.2,
2022-03-29,,7.18058737151248,6.49428571428571
2022-03-30,,6.85063559322034,6.28322222222222
2022-03-31,,6.58281739130435,6.2025641025641
2022-04-01,,6.44,6.09876796714579
2022-04-04,,6.36013513513514,6.1
2022-04-05,,6.38052631578947,6.15951468710089
2022-04-06,,6.55897533206831,6.29035928143712
2022-04-07,,6.64141630901288,6.34237288135593
2022-04-08,,7.00015691868759,6.55
2022-04-11,,7.05884615384615,6.55
2022-04-12,,6.8948275862069,6.57727272727273
2022-04-13,,6.85,6.52034860090667
2022-04-14,,6.78686098654708,6.55222222222222
2022-04-18,,6.79,6.66287553648069
2022-04-19,,6.6,6.65142857142857
2022-04-20,,6.57,6.67263157894737
2022-04-22,,7.0,
2022-04-25,,,6.814
2022-04-26,,6.96,6.82111394755163
2022-04-27,,7.06801346801347,6.7315406162465
2022-04-28,,7.02115384615385,6.73875269848885
2022-04-29,,6.99973384030418,6.72778365667255
2022-05-02,,6.96928736039709,6.72071428571429
2022-05-03,,6.94511834319527,6.70234073013601
2022-05-04,,6.94185528756957,
2022-05-05,,6.97,6.72219966159052
2022-05-06,,7.1,
2022-05-09,,7.20909090909091,6.89285714285714
2022-05-10,,7.19,6.86159600997506
2022-05-11,,7.08981818181818,6.80624798711755
2022-05-12,,6.95235294117647,6.70943396226415
2022-05-13,,6.97,6.74914205344585
2022-05-16,,6.92,6.69969696969697
2022-05-17,,6.83725512528474,6.74016548463357
2022-05-18,,,6.72300578034682
2022-05-19,,6.75304959785523,6.63505603985056
2022-05-20,,6.6,6.54705029838023
2022-05-23,,6.56085987261146,6.521
2022-05-24,,6.50625,6.3838283062645
2022-05-25,,6.4,6.35835555555555
2022-05-26,,6.36938271604938,6.34464705882353
2022-05-27,,6.34,6.30962006717044
2022-05-30,,6.35,
2022-05-31,,6.31666666666667,6.31186018957346
2022-06-01,,6.299336492891,6.3011274509804
2022-06-02,,6.3,6.33882094700533
2022-06-03,,6.285,6.36
2022-06-06,,,6.39997254632807
2022-06-07,,,6.3931314699793
2022-06-08,,6.4404347826087,6.43514678899082
2022-06-09,,6.43,6.44344757380387
2022-06-10,,6.48,6.499
2022-06-13,,,6.58475
2022-06-14,,6.64369085173502,6.61069597069597
2022-06-15,,6.59,6.58047619047619
2022-06-16,,6.59975609756098,6.55733333333333
2022-06-17,,6.57,6.49955423476969
2022-06-20,,6.54176470588235,6.48674747474747
2022-06-22,,6.4747619047619,6.37402756508423
2022-06-23,,6.36692682926829,6.32631944444445
2022-06-24,,,6.37248939179632
2022-06-28,,6.47087378640777,6.41130434782609
2022-06-29,,6.45486618004866,6.45845519808561
2022-06-30,,6.41880952380952,6.41651162790698
2022-07-01,,,6.30645756457564
2022-07-04,,6.45,6.34006337135614
2022-07-05,,6.38354838709677,6.29022950819672
2022-07-06,,6.39285714285714,6.31132879045997
2022-07-07,,6.36,6.51214285714286
2022-07-08,,,6.4
2022-07-11,,6.42391304347826,
2022-07-12,,6.6,6.76
2022-07-13,,6.77,6.75357142857143
2022-07-14,,6.82,6.84653662182362
2022-07-15,,6.84829185520362,6.80311926605504
2022-07-18,,6.76714285714286,6.60098591549296
2022-07-19,,6.79592592592593,6.66924562191289
2022-07-20,,6.83890126206385,6.67035661218425
2022-07-21,,6.9,6.68628680203045
2022-07-22,,6.96033299697276,6.7208120649652
2022-07-25,,6.96,6.74952702702703
2022-07-26,,7.095,6.69525111607143
2022-07-27,,7.18588235294118,6.699595
2022-07-28,,7.19475714285714,6.64237818181818
2022-07-29,,,6.65
2022-08-01,,7.1519302615193,6.52510062456627
2022-08-02,,7.00428571428571,6.52698630136986
2022-08-03,,7.12666666666667,6.69540540540541
2022-08-04,,7.13691588785047,6.66404973357016
2022-08-05,,,6.66981412639405
2022-08-08,,7.25,6.64961038961039
2022-08-09,,7.26411764705882,6.6785
2022-08-10,,7.25645161290323,6.54416906820365
2022-08-11,,7.15,6.54788732394366
2022-08-12,,,6.56014178482069
2022-08-16,,7.34025,6.67373015873016
2022-08-17,,7.37727272727273,6.71991071428571
2022-08-18,,7.51176470588235,6.76830687830688
2022-08-19,,7.68722222222222,6.85608228980322
2022-08-22,,7.825,6.97219512195122
2022-08-23,,7.803,6.89283708902845
2022-08-24,,7.82815450643777,6.90918300653595
2022-08-25,,7.86571428571429,6.86634560906516
2022-08-26,,7.84644351464435,6.75071428571429
2022-08-29,,7.86275862068966,6.87911875987362
2022-08-30,,7.86370370370371,6.75
2022-08-31,,7.849875,6.68686847599165
2022-09-01,,7.86170588235294,6.67097507692308
2022-09-02,,7.75685913389746,6.57780392156863
2022-09-05,,7.56646403242148,6.47577669902913
2022-09-06,,7.62083333333333,6.49928784860558
2022-09-07,,7.66555555555555,6.5
2022-09-08,,7.64133676092545,6.59589147286821
2022-09-09,,7.51330348258707,6.51215982721382
2022-09-12,,,6.47702247191012
2022-09-13,,,6.4755303030303
2022-09-14,,,6.51407637075718
2022-09-15,,,6.50018633540373
2022-09-20,,,6.54488340425532
2022-09-21,,,6.59047826086957
2022-09-22,,,6.64853308884814
2022-09-23,,,6.73344086021505
2022-09-26,,,6.83686346863469
2022-09-27,,,6.97445314473351
2022-09-28,,,6.98271258503401
2022-09-29,,,6.94456066945607
2022-09-30,,,6.87155495978552
2022-10-03,,,6.76521739130435
2022-10-04,,,6.79884742041712
2022-10-05,,,6.90888157894737
2022-10-06,,,6.93820895522388
2022-10-07,,,6.88361083249749
2022-10-11,,,6.8090243902439
2022-10-12,,,6.75121621621622
2022-10-13,,,6.6441466992665
2022-10-14,,,6.54451403887689
2022-10-17,,,6.41783055198974
2022-10-18,,,6.45463043478261
2022-10-19,,,6.60257537688442
2022-10-20,,,6.7
2022-10-21,,,6.73086614173228
2022-10-24,,,6.62111111111111
2022-10-25,,,6.58378763222132
2022-10-26,,,6.55918774074695
2022-10-27,,,6.52612375948627
2022-10-28,,,6.63154212218649
2022-11-02,,,6.55819089900111
2022-11-03,,,6.5251724137931
2022-11-04,,,6.45763603925067
2022-11-07,,,6.38537987679671
2022-11-08,,,6.0921680420105
2022-11-09,,,5.9598171221865
2022-11-10,,,5.78873811931244
2022-11-11,,,5.70857794361525
2022-11-14,,,5.65731601731602
2022-11-15,,,5.37716320687187
2022-11-16,,,5.358383600377
2022-11-17,,,5.53280028030834
2022-11-18,,,5.56071107110711
2022-11-21,,,5.37382014388489
2022-11-22,,,5.38280301636932
2022-11-23,,,5.39742424242425
2022-11-24,,,5.39196644295302
2022-11-25,,,5.47366438356164
2022-11-28,,,5.50275608635737
2022-11-29,,,5.48381944444444
2022-11-30,,,5.4814584139265
2022-12-01,,,5.36167182662539
2022-12-02,,,5.30974298375185
2022-12-05,,,5.321728
2022-12-06,,,5.30335038363171
2022-12-07,,,5.42272941176471
2022-12-09,,,5.36666666666667
2022-12-12,,,5.37771391076116
2022-12-13,,,5.29345062555854
2022-12-14,,,5.25827061649319
2022-12-15,,,5.26282177931831
2022-12-16,,,5.33989022662889
2022-12-19,,,5.35309968847352
2022-12-20,,,5.37467355684396
2022-12-21,,,5.34693571844095
2022-12-22,,,5.36587512794268
2022-12-23,,,5.361354056902
2022-12-26,,,5.36764430577223
2022-12-27,,,5.34056936936937
2022-12-28,,,5.32191581108829
2022-12-29,,,5.3316501650165
2022-12-30,,,5.32
2023-01-03,,,5.33
2023-01-04,,,5.33655172413793
2023-01-05,,,5.3684022556391
2023-01-06,,,5.34491935483872
2023-01-09,,,5.3090625
2023-01-10,,,5.31267428571428
2023-01-11,,,5.26957911518533
2023-01-12,,,5.22328083491461
2023-01-13,,,5.3066511627907
2023-01-16,,,5.32012300123001
2023-01-17,,,5.32614376489278
2023-01-18,,,5.30626250378903
2023-01-19,,,5.31660899653979
2023-01-20,,,5.35384615384615
2023-01-23,,,5.35263157894737
2023-01-24,,,5.36789473684211
2023-01-25,,,5.39816132858837
2023-01-26,,,5.42437800320342
2023-01-30,,,5.42005797101449
2023-01-31,,,5.53564161592158
2023-02-01,,,5.50422222222222
2023-02-02,,,5.46917882960413
2023-02-03,,,5.5354617737003
2023-02-06,,,5.65125
2023-02-07,,,5.61025641025641
2023-02-08,,,5.68622950819672
2023-02-09,,,5.65898483080513
2023-02-10,,,5.73036914963744
2023-02-13,,,5.7701169020945
2023-02-14,,,5.75603614457831
2023-02-15,,,5.77179464285714
2023-02-16,,,5.75635897435897
2023-02-17,,,5.73342524161455
2023-02-20,,,5.71394088669951
2023-02-21,,,5.77018214936248
2023-02-22,,,5.76477220204688
2023-02-23,,,5.7852186277995
2023-02-24,,,5.80261843003413
2023-02-27,,,5.80513024823782
2023-02-28,,,5.82036880192978
2023-03-01,,,5.8995650248051
2023-03-02,,,5.99655855855856
2023-03-03,,,5.90052545155993
2023-03-06,,,5.89
2023-03-07,,,5.89272321428571
2023-03-08,,,5.76255608613389
2023-03-09,,,5.74216176470588
2023-03-10,,,5.6032794262134
2023-03-13,,,5.42
2023-03-14,,,5.53
2023-03-15,,,5.41
2023-03-16,,,5.39
2023-03-17,,,5.38
2023-03-20,,,5.33
2023-03-21,,,5.37
2023-03-22,,,5.38
2023-03-23,,,5.29
2023-03-24,,,5.23
2023-03-27,,,5.3
2023-03-28,,,5.31
2023-03-29,,,5.33
2023-03-30,,,5.34
2023-03-31,,,5.32
2023-04-03,,,5.29
2023-04-04,,,5.34
2023-04-05,,,5.4
2023-04-06,,,5.47
2023-04-10,,,5.49
2023-04-11,,,5.57
2023-04-12,,,5.61
2023-04-13,,,5.5
2023-04-14,,,5.56
2023-04-17,,,5.62
2023-04-18,,,5.64
2023-04-19,,,5.69
2023-04-20,,,5.63
2023-04-21,,,5.64
2023-04-24,,,5.64
2023-04-25,,,5.5
2023-04-27,,,5.59
2023-04-28,,,5.53
2023-05-02,,,5.46
2023-05-03,,,5.45
2023-05-04,,,5.43
2023-05-05,,,5.43
2023-05-08,,,5.45
2023-05-09,,,5.51
2023-05-10,,,5.53
2023-05-11,,,5.48
2023-05-12,,,5.49
2023-05-15,,,5.57
2023-05-16,,,5.56
2023-05-17,,,5.53
2023-05-18,,,5.6
2023-05-19,,,5.64
2023-05-22,,,5.63
2023-05-23,,,5.65
2023-05-24,,,5.61
2023-05-25,,,5.67
2023-05-26,,,5.64
2023-05-29,,,5.63
2023-05-30,,,5.6
2023-05-31,,,5.51
2023-06-01,,,5.45
2023-06-02,,,5.44
2023-06-05,,,5.39
2023-06-06,,,5.4
2023-06-07,,,5.42
2023-06-08,,,5.37
2023-06-09,,,5.33
2023-06-12,,,5.3
2023-06-13,,,5.28
2023-06-14,,,5.27
2023-06-15,,,5.23
2023-06-16,,,5.24
2023-06-19,,,5.25
2023-06-20,,,5.2
2023-06-22,,,5.24
2023-06-23,,,5.26
2023-06-27,,,5.24
2023-06-28,,,5.24
2023-06-29,,,5.27
2023-06-30,,,5.29
2023-07-03,6.6,5.38,5.28
2023-07-04,6.55,5.39,
2023-07-05,6.48,5.4,5.3
2023-07-06,6.52,5.51,5.33
2023-07-07,6.41,5.46,5.3
2023-07-10,6.37,5.44,5.3
2023-07-11,6.35,5.42,5.31
2023-07-12,6.34,5.43,5.29
2023-07-13,6.33,5.39,5.26
2023-07-14,6.39,5.38,5.27
2023-07-17,6.39,5.41,5.28
2023-07-18,6.31,5.4,5.27
2023-07-19,6.26,5.41,5.32
2023-07-20,6.19,5.45,5.33
2023-07-21,6.23,5.48,5.36
2023-07-24,6.25,5.5,5.4
2023-07-25,6.21,5.45,5.4
2023-07-26,6.17,5.44,5.41
2023-07-27,6.2,5.48,5.43
2023-07-28,6.11,5.43,5.42
2023-07-31,5.91,5.3,5.35
2023-08-01,,5.32,5.41
2023-08-02,,5.36,5.46
2023-08-03,,5.41,5.5
2023-08-04,,5.42,5.49
2023-08-07,5.98,5.39,5.5
2023-08-08,,,5.49
2023-08-10,6.0,5.44,5.49
2023-08-11,6.01,5.51,5.6
2023-08-14,,5.55,5.59
2023-08-16,6.06,5.58,5.59
2023-08-17,,5.69,
2023-08-18,6.13,5.79,5.72
2023-08-21,6.25,5.79,5.8
2023-08-22,,5.84,5.86
2023-08-23,6.13,5.76,5.8
2023-08-24,,5.73,5.73
2023-08-25,,5.7,5.75
2023-08-28,6.16,5.75,
2023-08-29,,5.75,5.75
2023-08-30,,5.7,5.76
2023-08-31,6.18,5.71,5.77
2023-09-01,,5.72,
2023-09-04,,,5.77
2023-09-05,,5.75,
2023-09-06,,,5.81
2023-09-07,,,5.82
2023-09-08,6.13,5.81,5.82
2023-09-11,,5.82,5.8
2023-09-12,6.21,,
2023-09-13,,5.86,5.85
2023-09-20,,5.88,5.86
2023-09-21,,5.88,5.93
2023-09-22,,,5.94
2023-09-25,,,5.95
2023-09-26,,6.1,6.12
2023-09-27,6.53,,6.18
2023-09-28,,6.39,6.36
2023-09-29,,6.35,6.31
2023-10-02,,6.36,
2023-10-03,,6.5,6.49
2023-10-04,6.7,6.43,6.48
2023-10-05,,,6.49
2023-10-06,,6.54,
2023-10-10,,6.44,6.45
2023-10-11,,6.27,6.38
2023-10-12,6.95,6.32,6.42
2023-10-13,6.86,6.2,6.35
2023-10-16,,6.24,6.41
2023-10-17,7.15,6.4,6.45
2023-10-18,,,6.5
2023-10-19,7.4,,6.56
2023-10-20,7.5,6.8,6.6
2023-10-23,,6.8,
2023-10-24,,6.88,6.65
2023-10-25,7.58,6.8,6.82
2023-10-26,7.39,6.62,6.69
2023-10-30,7.24,6.68,6.68
2023-10-31,7.2,,
2023-11-02,7.21,6.38,6.44
2023-11-03,7.17,6.1,6.3
2023-11-06,,6.19,6.34
2023-11-07,7.16,6.13,6.25
2023-11-08,7.07,6.05,6.17
2023-11-09,7.09,6.09,6.12
2023-11-10,7.07,6.08,6.15
2023-11-13,7.1,,6.2
2023-11-14,6.97,5.95,6.02
2023-11-15,6.92,5.81,5.91
2023-11-16,6.81,5.66,5.73
2023-11-17,,5.7,5.78
2023-11-20,6.97,5.76,5.87
2023-11-21,6.79,5.64,5.8
2023-11-22,6.72,5.58,5.75
2023-11-23,6.58,5.63,5.7
2023-11-24,6.58,5.65,5.8
2023-11-27,,5.62,5.81
2023-11-28,6.51,5.58,5.77
2023-11-29,6.4,5.5,5.69
2023-11-30,6.3,5.55,5.71
2023-12-01,6.3,5.52,5.7
2023-12-04,,5.52,5.67
2023-12-05,6.25,5.52,5.62
2023-12-06,6.26,5.51,5.59
2023-12-07,,5.6,5.6
2023-12-11,,5.55,5.62
2023-12-12,6.25,5.6,5.59
2023-12-13,6.25,5.59,5.56
2023-12-14,5.8,,5.45
2023-12-15,,5.4,5.43
2023-12-18,,5.39,5.4
2023-12-19,,5.39,5.4
2023-12-20,,5.31,5.3
2023-12-21,,5.35,
2023-12-22,,5.33,5.31
2023-12-26,6.02,5.4,5.29
2023-12-27,6.04,5.37,5.3
2023-12-28,6.2,5.36,5.3
2023-12-29,,5.4,
2024-01-02,,5.41,
2024-01-03,,5.41,5.53
2024-01-04,,5.4,
2024-01-05,,5.42,5.61
2024-01-08,6.17,5.33,
2024-01-09,,5.44,
2024-01-10,6.14,5.41,5.58
2024-01-11,6.17,5.4,5.55
2024-01-12,,5.37,5.53
2024-01-15,6.1,5.33,5.46
2024-01-16,,5.34,5.49
2024-01-17,6.16,5.38,5.5
2024-01-18,6.07,5.36,5.51
2024-01-19,,5.34,5.56
2024-01-22,6.0,5.33,5.52
2024-01-23,5.93,5.32,5.57
2024-01-24,5.9,5.28,5.53
2024-01-25,5.75,5.28,5.53
2024-01-26,5.72,5.29,5.56
2024-01-29,5.68,5.23,5.53
2024-01-30,5.7,5.24,5.52
2024-01-31,5.63,5.2,5.46
2024-02-01,5.45,5.12,5.41
2024-02-02,5.45,5.13,5.4
2024-02-05,5.45,5.18,5.45
2024-02-06,5.4,5.15,5.47
2024-02-07,5.35,5.08,5.43
2024-02-08,,5.18,5.46
2024-02-09,5.5,5.23,5.45
2024-02-12,,5.21,
2024-02-13,,5.28,
2024-02-14,5.5,5.35,
2024-02-15,5.35,5.23,
2024-02-16,,5.28,
2024-02-19,5.3,5.32,5.5
2024-02-20,5.27,5.28,5.46
2024-02-21,5.24,5.27,5.46
2024-02-22,5.26,5.28,
2024-02-23,5.29,5.37,5.51
2024-02-26,5.25,5.46,
2024-02-27,,5.54,5.61
2024-02-28,5.32,5.58,
2024-02-29,5.4,5.56,
2024-03-01,5.37,5.56,
2024-03-04,,5.54,5.74
2024-03-05,5.45,5.48,5.73
2024-03-06,5.44,5.4,5.69
2024-03-07,5.42,5.34,5.65
2024-03-08,5.5,5.45,5.66
2024-03-11,,5.5,5.68
2024-03-12,5.57,5.56,5.74
2024-03-13,5.6,5.62,5.69
2024-03-14,5.56,5.61,5.74
2024-03-15,5.59,5.67,5.76
2024-03-18,,5.74,5.82
2024-03-19,,5.73,5.84
2024-03-20,,5.76,5.82
2024-03-21,5.59,5.69,5.83
2024-03-22,5.62,5.68,5.82
2024-03-25,5.62,5.71,5.86
2024-03-26,,5.75,5.85
2024-03-27,,5.73,5.84
2024-03-28,,5.75,5.85
2024-04-01,,5.8,5.85
2024-04-02,5.81,5.9,5.93
2024-04-03,5.77,5.89,5.98
2024-04-04,5.76,5.84,5.97
2024-04-05,5.79,5.86,5.99
2024-04-08,5.7,5.87,6.04
2024-04-09,5.52,5.8,6.05
2024-04-10,,5.89,6.1
2024-04-11,5.57,5.99,6.12
2024-04-12,,5.95,6.1
2024-04-15,,6.06,6.2
2024-04-16,,6.14,6.22
2024-04-17,,6.12,6.3
2024-04-18,,6.12,6.31
2024-04-19,5.75,6.05,6.21
2024-04-22,,6.09,6.17
2024-04-23,5.72,5.92,6.12
2024-04-24,5.72,5.95,6.12
2024-04-25,5.75,6.01,6.18
2024-04-26,5.74,5.98,6.14
2024-04-29,5.7,5.92,6.1
2024-04-30,5.69,5.92,6.1
2024-05-02,5.68,5.87,6.1
2024-05-03,5.59,5.75,6.02
2024-05-06,5.54,5.7,5.97
2024-05-07,5.52,5.62,5.92
2024-05-08,5.58,5.66,6.0
2024-05-09,5.53,5.65,5.97
2024-05-10,5.55,5.7,6.03
2024-05-13,5.49,5.71,6.01
2024-05-14,,5.75,6.05
2024-05-15,5.39,5.68,6.0
2024-05-16,5.39,5.65,5.94
2024-05-17,5.35,5.65,5.95
2024-05-20,5.28,5.67,5.91
2024-05-22,,5.7,5.93
2024-05-23,5.14,5.71,6.01
2024-05-24,5.09,5.73,6.03
2024-05-27,4.86,5.65,6.06
2024-05-28,4.85,5.62,6.11
2024-05-29,4.85,5.7,6.17
2024-05-30,,5.74,6.2
2024-05-31,4.95,5.65,6.1
2024-06-03,,5.61,6.08
2024-06-04,4.73,5.56,6.03
2024-06-05,4.74,5.57,5.99
2024-06-06,4.75,5.52,5.95
2024-06-07,,5.54,5.98
2024-06-10,4.76,5.58,5.98
2024-06-11,4.71,5.56,6.01
2024-06-12,4.48,5.51,5.95
2024-06-13,,5.54,5.97
2024-06-14,,5.58,5.97
2024-06-17,4.6,5.58,6.02
2024-06-18,4.53,5.7,6.07
2024-06-19,,5.75,6.1
2024-06-21,,5.8,6.14
2024-06-24,,,6.18
2024-06-25,4.55,5.92,6.18
2024-06-26,4.53,5.98,6.3
2024-06-27,,5.96,6.3
2024-06-28,,5.92,6.25
2024-07-01,4.68,5.88,6.27
2024-07-02,,5.82,6.28
2024-07-03,4.73,5.78,6.24
2024-07-04,,5.79,6.23
2024-07-05,4.8,,6.22
2024-07-08,4.81,5.8,6.19
2024-07-09,4.83,,6.21
2024-07-10,,5.78,6.23
2024-07-11,4.8,5.75,6.13
2024-07-12,,5.73,6.11
2024-07-15,,5.74,6.12
2024-07-17,4.94,5.71,6.07
2024-07-18,5.17,,6.08
2024-07-19,5.2,,6.1
2024-07-22,5.1,5.75,6.1
2024-07-23,5.12,5.76,6.1
2024-07-24,5.09,5.74,6.09
2024-07-25,5.07,5.72,6.08
2024-07-26,,,6.08
2024-07-29,,,6.15
2024-07-30,5.15,,6.15
2024-07-31,5.0,5.74,6.1
2024-08-01,,5.71,6.05
2024-08-02,5.0,5.65,5.99
2024-08-05,,,5.88
2024-08-06,5.15,5.67,5.93
2024-08-07,,5.65,5.96
2024-08-08,,,5.96
2024-08-09,5.25,5.7,5.91
2024-08-12,,,5.91
2024-08-13,5.3,5.6,5.85
2024-08-14,5.3,5.55,5.79
2024-08-16,,,5.8
2024-08-19,5.3,5.55,5.78
2024-08-20,,5.55,5.77
2024-08-21,,,5.75
2024-08-22,5.3,,5.78
2024-08-23,,5.57,5.73
2024-08-26,,5.57,5.71
2024-08-27,,5.55,5.73
2024-08-28,,5.57,5.71
2024-08-29,,5.57,5.71
2024-08-30,,5.51,5.64
2024-09-02,,,5.64
2024-09-03,,5.51,5.61
2024-09-04,5.08,5.42,5.56
2024-09-05,4.95,5.34,5.53
2024-09-06,4.8,5.32,5.5
2024-09-09,4.75,5.29,5.49
2024-09-10,4.72,5.26,5.41
2024-09-11,4.65,5.24,5.37
2024-09-12,4.65,5.24,5.37
2024-09-13,,5.2,5.31
2024-09-16,,5.18,5.32
2024-09-17,4.5,,5.3
2024-09-23,4.6,5.15,5.29
2024-09-24,4.6,5.16,5.28
2024-09-25,5.05,5.13,5.3
2024-09-26,,5.03,5.28
2024-09-27,,4.93,5.16
2024-09-30,,,5.18
2024-10-01,5.0,4.88,5.22
2024-10-02,,,5.24
2024-10-03,,,5.3
2024-10-04,,5.1,5.41
2024-10-07,5.15,,5.47
2024-10-08,5.2,5.06,5.48
2024-10-09,5.18,5.07,5.53
2024-10-10,,5.17,5.57
2024-10-11,,5.17,5.57
2024-10-14,,,5.6
2024-10-15,,5.15,5.58
2024-10-16,5.1,5.15,5.5
2024-10-17,,5.14,5.46
2024-10-18,5.07,5.15,5.49
2024-10-21,,5.18,5.62
2024-10-22,,,5.7
2024-10-23,,5.33,5.76
2024-10-24,,5.34,5.75
2024-10-25,4.95,5.38,5.74
2024-10-28,,5.35,
2024-10-29,,,5.76
2024-10-30,,,5.76
2024-11-04,,5.36,5.73
2024-11-05,5.0,,5.74
2024-11-06,5.1,5.46,5.81
2024-11-07,5.05,,5.78
2024-11-08,,5.6,5.8
2024-11-11,,5.54,5.83
2024-11-12,,5.6,5.9
2024-11-13,5.1,5.63,5.9
2024-11-14,5.05,5.6,5.96
2024-11-15,,,5.92
2024-11-18,,,5.93
2024-11-19,5.16,5.7,5.91
2024-11-20,5.16,5.7,5.91
2024-11-21,5.15,5.64,5.86
2024-11-22,5.19,5.65,5.87
2024-11-25,5.2,5.6,5.83
2024-11-26,5.2,5.6,5.76
2024-11-27,5.16,5.54,5.69
2024-11-28,5.18,,5.73
2024-11-29,5.14,5.5,5.68
2024-12-02,5.15,,5.69
2024-12-03,5.09,5.45,5.64
2024-12-04,5.1,5.47,5.64
2024-12-05,5.05,5.43,5.63
2024-12-06,5.0,5.38,5.58
2024-12-09,5.0,5.4,5.6
2024-12-10,5.0,,5.63
2024-12-11,5.0,5.38,5.62
2024-12-12,5.0,5.4,5.69
2024-12-13,5.0,5.42,5.69
2024-12-16,4.99,5.44,
2024-12-17,4.99,5.54,5.77
2024-12-18,,5.53,5.78
2024-12-19,,5.65,5.88
2024-12-20,,5.69,5.86
2024-12-23,,5.75,5.92
2024-12-24,,5.83,5.93
2024-12-26,,5.87,5.98
2024-12-27,5.05,5.86,5.99
2024-12-30,4.9,5.8,5.95
2025-01-02,,5.85,5.93
2025-01-03,,5.9,
2025-01-06,,5.93,
2025-01-07,,5.97,6.01
2025-01-08,,6.03,6.05
2025-01-09,,5.98,6.05
2025-01-10,,6.04,
2025-01-13,,6.08,
2025-01-14,,6.16,6.03
2025-01-15,,6.11,6.03
2025-01-16,,6.1,6.0
2025-01-17,,6.07,5.93
2025-01-20,,6.04,5.9
2025-01-21,,5.98,5.9
2025-01-22,,5.93,
2025-01-23,,6.01,
2025-01-24,,5.98,6.01
2025-01-27,,5.96,5.95
2025-01-28,,6.02,5.98
2025-01-29,,6.07,
2025-01-30,,6.06,
2025-01-31,,6.08,6.03
2025-02-03,,6.06,6.05
2025-02-04,,6.08,6.02
2025-02-05,,6.04,5.98
2025-02-06,,6.02,5.98
2025-02-07,,6.07,
2025-02-10,,6.08,
2025-02-11,,6.11,6.0
2025-02-12,,6.2,
2025-02-13,,6.19,
2025-02-14,,6.12,
2025-02-17,,6.11,
2025-02-18,,6.15,
2025-02-19,,6.12,6.12
2025-02-20,,6.06,6.1
2025-02-21,,5.99,6.04
2025-02-24,,5.99,
2025-02-25,,5.93,5.93
2025-02-26,,5.89,
2025-02-27,,5.91,5.96
2025-02-28,,5.93,5.94
2025-03-03,,5.93,5.94
2025-03-04,,5.87,5.86
2025-03-05,,5.88,
2025-03-06,,5.9,
2025-03-07,,5.85,
2025-03-10,,5.82,5.75
2025-03-11,,5.8,5.75
2025-03-12,,5.83,5.76
2025-03-13,,5.81,5.73
2025-03-14,,5.83,5.76
2025-03-17,,5.8,
2025-03-18,5.12,5.82,
2025-03-19,5.1,5.82,5.76
2025-03-20,5.05,5.76,5.67
2025-03-21,5.01,5.78,
2025-03-24,5.0,5.82,
2025-03-25,,5.82,5.76
2025-03-26,4.95,5.85,5.8
2025-03-27,5.05,5.86,5.85
2025-03-28,5.04,5.85,5.85
2025-03-31,,5.82,5.85
2025-04-01,5.05,5.79,5.85
2025-04-02,5.05,5.73,5.82
2025-04-03,5.01,5.61,5.68
2025-04-04,4.9,5.49,5.55
2025-04-07,4.82,5.53,5.6
2025-04-08,4.8,5.53,5.58
2025-04-09,4.95,5.58,5.55
2025-04-10,4.95,5.55,5.61
2025-04-11,4.95,5.62,5.68
2025-04-14,4.81,5.57,5.62
2025-04-15,4.8,5.56,5.56
2025-04-16,,5.57,5.58
2025-04-17,5.1,5.55,5.58
2025-04-21,5.0,5.58,5.58
2025-04-22,4.95,5.57,5.65
2025-04-23,4.94,5.55,
2025-04-24,,5.54,
2025-04-25,5.03,5.54,5.71
2025-04-28,5.01,5.53,5.71
2025-04-29,5.08,5.49,5.73
2025-04-30,5.04,5.5,5.7
2025-05-02,5.04,5.56,
2025-05-05,,5.58,5.78
2025-05-06,5.04,5.56,
2025-05-07,,5.55,5.78
2025-05-08,5.02,5.55,
2025-05-09,5.04,5.55,5.77
2025-05-12,5.02,5.59,
2025-05-13,5.0,5.58,5.81
2025-05-14,5.0,5.59,5.84
2025-05-15,5.03,5.54,5.8
2025-05-16,5.0,5.51,5.75
2025-05-19,5.0,5.55,
2025-05-20,5.02,5.56,5.79
2025-05-22,5.02,5.61,5.8
2025-05-23,5.03,5.58,5.79
2025-05-26,5.0,5.57,5.81
2025-05-27,5.0,5.57,5.8
2025-05-28,5.0,5.59,5.84
2025-05-29,5.05,5.57,5.81
2025-05-30,5.0,5.54,5.77
2025-06-02,4.99,5.51,5.82
2025-06-03,4.99,5.53,5.77
2025-06-04,4.95,5.49,5.76
2025-06-05,4.92,5.49,5.75
2025-06-06,4.9,5.52,
2025-06-09,,5.54,5.8
2025-06-10,4.9,5.52,
2025-06-11,4.87,5.49,5.73
2025-06-12,4.83,5.46,5.71
2025-06-13,4.81,5.48,5.76
2025-06-16,4.79,5.48,5.73
2025-06-17,4.75,5.48,
2025-06-18,4.75,5.47,
2025-06-19,4.75,5.48,
2025-06-23,4.74,5.48,
2025-06-24,4.75,5.49,5.7
2025-06-25,4.76,5.5,5.7
2025-06-26,4.74,5.47,5.64
2025-06-27,4.75,5.49,5.68
2025-06-30,4.74,5.48,
2025-07-01,4.75,5.48,5.67
2025-07-02,4.74,5.48,5.69
2025-07-03,,5.48,5.67
2025-07-04,4.73,5.47,
2025-07-07,,5.46,
2025-07-08,,5.43,5.65
2025-07-09,,5.41,5.63
2025-07-10,,5.43,
2025-07-11,,5.48,5.61
2025-07-14,,5.5,
2025-07-15,,5.51,
2025-07-17,,5.51,
2025-07-18,,5.51,
2025-07-21,,5.48,5.62
2025-07-22,,5.46,5.6
2025-07-23,,5.46,5.6
2025-07-24,,5.47,5.6
2025-07-25,,5.47,5.6
2025-07-28,,5.45,5.6
2025-07-29,,5.44,5.6
2025-07-30,,5.44,5.61
2025-07-31,,5.45,5.62
2025-08-01,4.68,5.4,5.6
2025-08-04,4.67,5.38,5.59
2025-08-05,4.71,5.38,5.6
2025-08-06,,5.39,5.6
2025-08-07,,5.38,5.59
2025-08-08,4.73,5.42,5.63
2025-08-11,,5.42,5.63
2025-08-12,4.7,5.43,
2025-08-13,4.73,5.39,5.59
2025-08-14,4.7,5.4,
2025-08-18,4.7,5.39,5.59
2025-08-19,4.7,5.37,
2025-08-20,4.7,5.35,5.56
2025-08-21,4.7,5.4,5.59
2025-08-22,4.7,5.37,5.57
2025-08-25,4.69,5.39,
2025-08-26,,5.39,5.65
2025-08-27,4.68,5.39,5.61
2025-08-28,4.7,5.37,5.62
2025-08-29,4.67,5.38,5.63
2025-09-01,4.67,5.36,5.64
2025-09-02,4.66,5.38,5.69
2025-09-03,4.65,5.37,5.66
2025-09-04,,5.37,5.67
2025-09-05,4.63,5.35,5.67
2025-09-08,4.6,5.34,5.65
2025-09-09,4.57,5.35,5.66
2025-09-10,4.56,5.37,5.68
2025-09-11,4.53,5.33,5.65
2025-09-12,,5.34,5.62
2025-09-15,,5.33,5.6
2025-09-16,,5.33,5.6
2025-09-17,4.53,5.32,
2025-09-22,4.53,5.34,5.6
2025-09-23,4.55,5.33,5.6
2025-09-24,4.52,5.35,
2025-09-25,4.5,5.38,5.58
2025-09-26,4.53,5.37,
2025-09-29,4.52,5.38,5.63
2025-09-30,4.5,5.37,
2025-10-01,4.48,5.35,5.63
2025-10-02,,5.37,5.63
2025-10-03,4.47,5.37,
2025-10-06,,5.37,5.61
2025-10-07,,5.38,5.6
2025-10-08,4.47,5.38,5.58
2025-10-09,,5.38,
2025-10-10,4.45,5.37,5.58
2025-10-13,4.45,5.36,5.58
2025-10-14,4.42,5.35,5.59
2025-10-15,,5.35,5.58
2025-10-16,,5.35,5.57
2025-10-17,4.44,5.34,5.57
2025-10-20,,5.34,5.57
2025-10-21,4.4,5.35,5.59
2025-10-22,,5.35,
2025-10-23,4.4,5.37,5.55
2025-10-24,,5.36,5.55
2025-10-27,4.4,5.36,5.54
2025-10-28,4.41,5.35,5.51
2025-10-29,4.47,5.33,
2025-10-30,4.4,5.36,5.56
2025-11-03,,5.37,5.55
2025-11-04,4.4,5.35,5.54
2025-11-05,4.4,5.36,5.55
2025-11-06,4.39,5.36,5.55
2025-11-07,4.36,5.31,5.52
2025-11-10,4.35,5.28,5.49
2025-11-11,4.33,5.25,5.46
2025-11-12,4.32,5.24,5.44
2025-11-13,4.3,5.22,5.41
2025-11-14,,5.17,5.38
2025-11-17,4.25,5.11,5.29
2025-11-18,4.25,5.1,5.29
2025-11-19,4.25,5.11,
2025-11-20,4.25,5.15,5.35
2025-11-21,4.26,5.13,
2025-11-24,4.22,5.14,
2025-11-25,4.22,5.13,5.31
2025-11-26,4.22,5.14,
2025-11-27,4.22,5.12,
2025-11-28,4.23,5.12,
2025-12-01,,5.12,5.33
2025-12-03,4.19,5.11,5.34
2025-12-04,4.2,5.13,5.34
2025-12-05,,5.11,5.32
2025-12-09,,5.11,
2025-12-10,4.18,5.15,5.33
2025-12-11,,5.11,5.32
2025-12-12,,5.12,5.32
2025-12-15,4.15,5.12,5.35
2025-12-16,4.15,5.12,5.35
2025-12-17,4.15,5.14,5.41
2025-12-18,4.15,5.14,5.39
2025-12-19,,5.15,
2025-12-22,4.21,5.17,5.4
2025-12-23,4.25,5.18,5.39
2025-12-24,,5.2,5.41
2025-12-26,4.2,5.2,5.4
2025-12-29,4.2,5.18,5.41
2026-01-02,,5.17,
2026-01-05,4.69,5.14,5.39
2026-01-06,4.65,5.14,5.39
2026-01-07,4.61,5.09,5.36
2026-01-08,4.42,5.03,5.33
2026-01-09,4.42,5.04,5.31
2026-01-12,4.47,5.06,
2026-01-13,4.47,5.08,5.32
2026-01-14,4.5,5.09,5.31
2026-01-15,,5.07,5.33
2026-01-16,5.52,5.08,5.34
2026-01-19,,5.07,
2026-01-20,4.55,5.09,
2026-01-21,,5.08,5.34
2026-01-22,4.62,5.06,
2026-01-23,,5.05,5.34
2026-01-26,4.65,5.05,5.35
2026-01-27,4.64,5.03,
2026-01-28,4.64,5.01,5.33
2026-01-29,4.62,4.98,5.34
2026-01-30,4.59,4.95,5.34
2026-02-02,4.62,4.97,5.35
2026-02-03,4.63,4.98,
2026-02-04,4.63,4.97,5.34
2026-02-05,,4.97,
2026-02-06,,4.96,
2026-02-09,,4.98,5.34
2026-02-10,4.66,4.98,5.31
2026-02-11,4.65,4.99,
2026-02-12,4.69,4.98,
2026-02-13,4.66,4.96,
2026-02-16,,4.96,5.3
2026-02-17,,4.94,5.28
2026-02-18,,4.94,5.28
2026-02-19,4.68,4.94,5.29
2026-02-20,4.7,4.95,5.28
2026-02-23,4.69,4.96,5.28
2026-02-24,4.69,4.95,
2026-02-25,4.7,4.95,
2026-02-26,4.72,4.95,
2026-02-27,4.7,4.92,5.25
2026-03-02,,4.93,5.27
2026-03-03,4.69,4.96,
2026-03-04,4.72,4.97,5.3
2026-03-05,4.77,5.03,
2026-03-06,4.81,5.09,
2026-03-09,4.83,5.14,
2026-03-10,4.8,5.11,5.4
2026-03-11,,5.11,5.4
2026-03-12,4.91,5.16,5.44
2026-03-13,4.94,5.17,5.46
2026-03-16,4.98,5.2,5.53
2026-03-17,5.02,5.18,5.49
2026-03-18,5.06,5.25,5.54
2026-03-19,5.2,5.43,5.66
2026-03-20,5.25,5.59,5.66
2026-03-23,5.27,5.59,5.73
2026-03-24,5.34,5.67,5.74
2026-03-25,5.31,5.55,5.75
2026-03-26,5.31,5.54,5.67
2026-03-27,5.3,5.51,5.69
2026-03-30,5.29,5.44,5.65
2026-03-31,5.3,5.39,5.62
2026-04-01,5.2,5.3,5.56
2026-04-02,5.19,5.3,5.56
2026-04-06,5.19,5.36,
2026-04-07,5.2,5.42,5.57
2026-04-08,5.1,5.28,5.51
2026-04-09,5.09,5.18,5.45
2026-04-10,,5.16,5.46
2026-04-13,,5.16,5.43
2026-04-14,4.98,5.13,5.39
2026-04-15,4.9,5.11,5.36
2026-04-16,4.87,5.11,5.39
2026-04-17,4.84,5.08,5.34
2026-04-20,4.84,5.12,5.34
2026-04-21,4.86,5.14,
2026-04-22,4.9,5.14,
2026-04-23,4.87,5.19,5.46
2026-04-24,4.89,5.2,
2026-04-27,,5.24,
2026-04-28,4.95,5.33,5.57
2026-04-29,,5.4,5.58
2026-04-30,5.0,5.42,5.61
2026-05-04,,5.45,5.67
2026-05-05,5.0,5.44,5.67
2026-05-06,5.0,5.36,5.62
2026-05-07,5.0,5.34,5.6
2026-05-08,4.98,5.28,5.56
2026-05-11,5.0,5.28,5.52
2026-05-12,,5.33,5.55
2026-05-13,5.0,5.33,5.53
2026-05-14,,,5.53
2026-05-15,5.07,5.4,5.53
2026-05-18,,5.38,5.55
2026-05-19,5.1,5.46,5.58
2026-05-20,5.1,5.38,5.63
2026-05-22,5.11,5.36,5.62
2026-05-25,5.01,5.3,5.56
2026-05-26,5.03,5.3,5.57
2026-05-27,5.0,5.28,5.58
2026-05-28,4.96,5.24,5.52
2026-05-29,4.89,5.18,5.53
2026-06-01,4.88,5.2,5.57
2026-06-02,4.86,5.28,5.57
2026-06-03,4.82,5.27,5.62
2026-06-04,4.76,5.24,5.57
2026-06-05,4.76,5.29,
2026-06-08,4.76,5.23,5.6
2026-06-09,4.75,5.22,5.56
2026-06-10,4.73,5.22,5.6
2026-06-11,4.74,5.21,5.56
2026-06-12,4.73,5.2,5.54
2026-06-15,4.72,5.14,5.5
2026-06-16,4.71,5.12,5.46
2026-06-17,4.72,5.12,5.46
2026-06-18,,5.16,5.45
2026-06-19,,5.19,5.45
2026-06-22,,5.21,5.5
2026-06-23,4.73,5.22,5.5
2026-06-24,4.71,5.19,5.5
2026-06-25,,5.16,5.46
2026-06-26,,5.15,5.45
2026-06-30,4.66,5.1,5.43
2026-07-01,,5.05,5.5
2026-07-02,4.64,5.0,5.47
2026-07-03,4.62,4.98,5.42
2026-07-06,4.57,4.92,5.41
2026-07-07,,4.94,5.4
2026-07-08,,5.0,5.42
2026-07-09,4.65,5.06,5.46
2026-07-10,,5.07,5.48
2026-07-13,,5.19,
2026-07-14,,5.18,5.56
2026-07-15,4.8,5.22,
2026-07-17,,5.22,5.54
2026-07-20,,5.25,5.54
2026-07-21,4.96,5.34,5.68
2026-07-22,4.97,5.39,5.68
2026-07-23,4.95,5.39,
2026-07-24,4.9,5.37,
2026-07-27,4.88,5.34,5.67
2026-07-28,4.88,5.31,5.7
2026-07-29,4.9,5.37,5.68
2026-07-30,4.88,5.37,5.68
2026-07-31,4.92,5.4,
2026-08-03,4.87,5.39,
2026-08-04,4.85,5.37,5.67
2026-08-05,4.83,5.34,5.66
2026-08-06,4.8,5.32,5.63
2026-08-07,4.86,5.29,
2026-08-10,4.89,5.34,
2026-08-11,4.91,5.33,
2026-08-12,,5.35,
2026-08-13,,5.36,5.66
2026-08-14,4.91,5.39,5.66
2026-08-17,,5.39,
2026-08-18,,5.41,5.68
2026-08-19,,5.4,5.7
2026-08-20,,5.44,
2026-08-21,,5.41,
2026-08-24,4.96,5.46,
2026-08-25,4.95,5.42,5.7
2026-08-26,4.98,5.42,
2026-08-27,4.98,5.43,
2026-08-28,4.98,5.43,
2026-08-31,4.98,5.46,5.72
2026-09-01,4.96,5.46,5.71
2026-09-02,4.95,5.45,
2026-09-03,4.89,5.43,5.71
2026-09-04,4.91,5.43,
2026-09-07,,5.45,
2026-09-08,5.0,5.49,
2026-09-09,5.02,5.52,
2026-09-10,,5.58,
2026-09-11,,5.6,6.0
2026-09-14,,5.65,6.02
2026-09-15,,5.69,
2026-09-16,5.13,5.69,6.03
2026-09-17,5.15,5.64,6.03
2026-09-21,5.16,5.61,6.0
2026-09-22,5.12,5.56,5.97
