fecha,0.25,0.5,1,2,3,4,5,10
2008-01-02,6.10371833291357,6.15000844385793,6.11002838352359,6.369943440903,6.4105334241946,6.43082849538132,6.45112361958222,6.58304321842995
2008-01-03,6.09386796508016,6.14515895470369,6.09826652593171,6.3800909168376,6.39023840603188,6.4105334241946,6.44097605085561,6.5627477498764
2008-01-04,6.17266419309459,6.26151443814393,6.21347329667898,6.54245233427315,6.5627477498764,6.58304321842995,6.60333873992407,6.67437348191866
2008-01-07,6.22190404333178,6.34873690295468,6.34497633891851,6.72511298009124,6.72511298009124,6.71496505401583,6.73526091938463,6.81644490943309
2008-01-08,6.30067534036094,6.47465817515602,6.42004359392256,6.75555683762052,6.78600081407881,6.79614883265454,6.83674103903968,6.89762974473001
2008-01-09,6.30067534036094,6.47465817515602,6.42004359392256,6.75555683762052,6.77585280871376,6.8265929676335,6.83674103903968,6.89762974473001
2008-01-10,6.30067534036094,6.47465817515602,6.42004359392256,6.72511298009124,6.74540887189481,6.8062968644397,6.8062968644397,6.86718533248079
2008-01-11,6.48769572496377,6.59566202997208,6.49505470657186,6.83674103903968,6.85703722146456,6.89762974473001,6.89762974473001,6.94837069574081
2008-01-14,6.46801343945835,6.57630630399808,6.48099439554439,6.83674103903968,6.85703722146456,6.83674103903968,6.87733345669792,6.91792608555111
2008-01-15,6.44833019636692,6.54726922245885,6.45755616278176,6.73526091938463,6.74540887189481,6.75555683762052,6.75555683762052,6.81644490943309
2008-01-16,6.44833019636692,6.54726922245885,6.46224424754216,6.72511298009124,6.72511298009124,6.72511298009124,6.71496505401583,6.79614883265454
2008-01-17,6.44833019636692,6.55210902714387,6.46224424754216,6.71496505401583,6.73526091938463,6.72511298009124,6.72511298009124,6.78600081407881
2008-01-18,6.44833019636692,6.54726922245885,6.45286785889265,6.69466924152391,6.66422562195159,6.69466924152391,6.68452135510984,6.71496505401583
2008-01-21,6.44833019636692,6.53758926374426,6.44349059359239,6.68452135510984,6.66422562195159,6.65407777520983,6.64392994169469,6.69466924152391
2008-01-22,6.39911789853809,6.46497472152507,6.36844089210697,6.60333873992407,6.59319097256006,6.58304321842995,6.58304321842995,6.64392994169469
2008-01-23,6.36958764615869,6.42139341053305,6.32150629485029,6.5627477498764,6.55260003545537,6.53230464633099,6.55260003545537,6.62363431434889
2008-01-24,6.34989961369037,6.37295865487886,6.24401615938197,6.44097605085561,6.45112361958222,6.42068095316057,6.48156640526365,6.54245233427315
2008-01-25,6.34005523814363,6.37780265528765,6.26515577090725,6.48156640526365,6.48156640526365,6.48156640526365,6.49171402698723,6.62363431434889
2008-01-28,6.34989961369037,6.38264653904574,6.27924637030652,6.44097605085561,6.45112361958222,6.45112361958222,6.46127120155993,6.53230464633099
2008-01-29,6.36958764615869,6.42139341053305,6.32150629485029,6.46127120155993,6.46127120155993,6.47141879678748,6.48156640526365,6.55260003545537
2008-01-30,6.36958764615869,6.41170739234553,6.31211673919729,6.47141879678748,6.47141879678748,6.46127120155993,6.45112361958222,6.54245233427315
2008-01-31,6.37943130312024,6.42139341053305,6.31211673919729,6.49171402698723,6.45112361958222,6.47141879678748,6.46127120155993,6.58304321842995
2008-02-01,6.35974374968473,6.40202090773911,6.31681162690789,6.48156640526365,6.46127120155993,6.45112361958222,6.47141879678748,6.53230464633099
2008-02-04,6.35974374968473,6.40202090773911,6.33089497154238,6.50186166195696,6.50186166195696,6.46127120155993,6.45112361958222,6.54245233427315
2008-02-05,6.320365768401,6.33904738546232,6.24636522515587,6.53230464633099,6.49171402698723,6.47141879678748,6.47141879678748,6.54245233427315
2008-02-06,6.320365768401,6.34389220254583,6.24636522515587,6.40038590848462,6.39023840603188,6.39023840603188,6.39023840603188,6.53230464633099
2008-02-07,6.320365768401,6.33904738546232,6.24636522515587,6.40038590848462,6.4105334241946,6.39023840603188,6.39023840603188,6.48156640526365
2008-02-08,6.34989961369037,6.37295865487886,6.25576093808355,6.40038590848462,6.3800909168376,6.3800909168376,6.3800909168376,6.49171402698723
2008-02-11,6.320365768401,6.34873690295468,6.25576093808355,6.31920626016849,6.4105334241946,6.4105334241946,6.43082849538132,6.52215697163008
2008-02-12,6.3302106230525,6.35358148667287,6.25576093808355,6.43082849538132,6.42068095316057,6.43082849538132,6.43082849538132,6.50186166195696
2008-02-13,6.3302106230525,6.35358148667287,6.26515577090725,6.4105334241946,6.40038590848462,6.40038590848462,6.40038590848462,6.48156640526365
2008-02-14,6.30067534036094,6.31966695013375,6.23227000519666,6.34964852881783,6.34964852881783,6.34964852881783,6.34964852881783,6.39023840603188
2008-02-15,6.28098395392751,6.2663611229814,6.16646610759375,6.28876411092285,6.2989114807356,6.2989114807356,6.31920626016849,6.3395010926697
2008-02-18,6.27113790128231,6.26151443814393,6.15706202540878,6.31920626016849,6.31920626016849,6.31920626016849,6.32935366978618,6.3800909168376
2008-02-19,6.28098395392751,6.28090047683827,6.19467306475574,6.3090588638179,6.31920626016849,6.32935366978618,6.3395010926697,6.40038590848462
2008-02-20,6.29082976694839,6.29543877986372,6.22287209127759,6.3800909168376,6.39023840603188,6.39023840603188,6.43082849538132,6.46127120155993
2008-02-21,6.29082976694839,6.30028464737897,6.26045846449941,6.34964852881783,6.369943440903,6.3800909168376,6.40038590848462,6.47141879678748
2008-02-22,6.28098395392751,6.30997603220163,6.27689807454068,6.39023840603188,6.39023840603188,6.40038590848462,6.4105334241946,6.45112361958222
2008-02-25,6.320365768401,6.34873690295468,6.30272630443152,6.3800909168376,6.39023840603188,6.4105334241946,6.4105334241946,6.44097605085561
2008-02-26,6.34005523814363,6.37295865487886,6.33558898034003,6.42068095316057,6.42068095316057,6.42068095316057,6.43082849538132,6.47141879678748
2008-02-27,6.35974374968473,6.41170739234553,6.34028276945742,6.43082849538132,6.44097605085561,6.44097605085561,6.45112361958222,6.49171402698723
2008-02-28,6.38927472056938,6.44076404779526,6.35436281895174,6.52215697163008,6.53230464633099,6.53230464633099,6.54245233427315,6.57289547753499
2008-02-29,6.39911789853809,6.47465817515602,6.4106632590617,6.54245233427315,6.54245233427315,6.53230464633099,6.53230464633099,6.54245233427315
2008-03-03,6.4188035360262,6.48918248161756,6.4106632590617,6.52215697163008,6.52215697163008,6.51200931017166,6.51200931017166,6.52215697163008
2008-03-04,6.39911789853809,6.47465817515602,6.39189995699763,6.46127120155993,6.47141879678748,6.47141879678748,6.48156640526365,6.50186166195696
2008-03-05,6.45817193762088,6.55694871537804,6.49505470657186,6.60333873992407,6.55260003545537,6.55260003545537,6.54245233427315,6.51200931017166
2008-03-06,6.45817193762088,6.55694871537804,6.48099439554439,6.59319097256006,6.5627477498764,6.5627477498764,6.53230464633099,6.52215697163008
2008-03-07,6.44833019636692,6.54726922245885,6.49036815523285,6.5627477498764,6.51200931017166,6.50186166195696,6.49171402698723,6.48156640526365
2008-03-10,6.43848821568849,6.53758926374426,6.48099439554439,6.60333873992407,6.52215697163008,6.48156640526365,6.48156640526365,6.48156640526365
2008-03-11,6.45817193762088,6.55694871537804,6.48099439554439,6.62363431434889,6.54245233427315,6.52215697163008,6.52215697163008,6.50186166195696
2008-03-12,6.44833019636692,6.54726922245885,6.47161975970079,6.63378212140728,6.51200931017166,6.53230464633099,6.49171402698723,6.49171402698723
2008-03-13,6.43848821568849,6.5279088391863,6.44349059359239,6.60333873992407,6.52215697163008,6.48156640526365,6.48156640526365,6.44097605085561
2008-03-14,6.36958764615869,6.42139341053305,6.35436281895174,6.52215697163008,6.45112361958222,6.4105334241946,6.40038590848462,6.4105334241946
2008-03-17,6.35974374968473,6.40202090773911,6.33558898034003,6.49171402698723,6.4105334241946,6.3800909168376,6.4105334241946,6.39023840603188
2008-03-18,6.34005523814363,6.37295865487886,6.27454972378683,6.44097605085561,6.369943440903,6.369943440903,6.369943440903,6.369943440903
2008-03-19,6.3302106230525,6.35358148667287,6.25576093808355,6.4105334241946,6.369943440903,6.39023840603188,6.40038590848462,6.369943440903
2008-03-20,6.31052067417315,6.32451223401986,6.22757115831707,6.4105334241946,6.34964852881783,6.39023840603188,6.39023840603188,6.39023840603188
2008-03-24,6.31052067417315,6.32451223401986,6.22757115831707,6.44097605085561,6.369943440903,6.4105334241946,6.39023840603188,6.43082849538132
2008-03-25,6.31052067417315,6.32935740119933,6.2510631916437,6.43082849538132,6.4105334241946,6.4105334241946,6.4105334241946,6.4105334241946
2008-03-26,6.31052067417315,6.32935740119933,6.24166703859608,6.47141879678748,6.45112361958222,6.45112361958222,6.45112361958222,6.45112361958222
2008-03-27,6.31052067417315,6.32451223401986,6.22757115831707,6.4105334241946,6.40038590848462,6.3800909168376,6.39023840603188,6.4105334241946
2008-03-28,6.31052067417315,6.31482154952501,6.21817280407022,6.39023840603188,6.35979597822933,6.35979597822933,6.35979597822933,6.35979597822933
2008-03-31,6.3302106230525,6.35358148667287,6.25576093808355,6.44097605085561,6.4105334241946,6.4105334241946,6.4105334241946,6.4105334241946
2008-04-01,6.3302106230525,6.35358148667287,6.24166703859608,6.4105334241946,6.39023840603188,6.4105334241946,6.39023840603188,6.43082849538132
2008-04-02,6.35974374968473,6.40202090773911,6.30272630443152,6.49171402698723,6.46127120155993,6.46127120155993,6.43082849538132,6.46127120155993
2008-04-03,6.28098395392751,6.28090047683827,6.20877356906391,6.42068095316057,6.35979597822933,6.369943440903,6.369943440903,6.369943440903
2008-04-04,6.28098395392751,6.28090047683827,6.21347329667898,6.42068095316057,6.35979597822933,6.369943440903,6.369943440903,6.369943440903
2008-04-07,6.31052067417315,6.32935740119933,6.25576093808355,6.45112361958222,6.42068095316057,6.4105334241946,6.4105334241946,6.4105334241946
2008-04-08,6.320365768401,6.35842595372438,6.30272630443152,6.46127120155993,6.46127120155993,6.43082849538132,6.43082849538132,6.43082849538132
2008-04-09,6.34989961369037,6.38264653904574,6.30272630443152,6.44097605085561,6.4105334241946,6.43082849538132,6.43082849538132,6.43082849538132
2008-04-10,6.34989961369037,6.39233395664984,6.31681162690789,6.48156640526365,6.45112361958222,6.45112361958222,6.45112361958222,6.45112361958222
2008-04-11,6.29082976694839,6.30028464737897,6.24166703859608,6.4105334241946,6.4105334241946,6.4105334241946,6.4105334241946,6.4105334241946
2008-04-14,6.27113790128231,6.27120769103229,6.20407362122499,6.4105334241946,6.42068095316057,6.43082849538132,6.43082849538132,6.49171402698723
2008-04-15,6.31052067417315,6.32451223401986,6.27924637030652,6.52215697163008,6.53230464633099,6.54245233427315,6.55260003545537,6.59319097256006
2008-04-16,6.29082976694839,6.30997603220163,6.26985285733106,6.50186166195696,6.52215697163008,6.53230464633099,6.52215697163008,6.60333873992407
2008-04-17,6.29082976694839,6.30028464737897,6.22757115831707,6.52215697163008,6.52215697163008,6.53230464633099,6.54245233427315,6.58304321842995
2008-04-18,6.29082976694839,6.30028464737897,6.22757115831707,6.51200931017166,6.52215697163008,6.51200931017166,6.52215697163008,6.58304321842995
2008-04-21,6.30067534036094,6.31966695013375,6.25576093808355,6.53230464633099,6.54245233427315,6.52215697163008,6.52215697163008,6.60333873992407
2008-04-22,6.29082976694839,6.30513039815561,6.26515577090725,6.52215697163008,6.52215697163008,6.52215697163008,6.53230464633099,6.5627477498764
2008-04-23,6.29082976694839,6.30513039815561,6.25576093808355,6.54245233427315,6.54245233427315,6.54245233427315,6.53230464633099,6.53230464633099
2008-04-24,6.30067534036094,6.31482154952501,6.26045846449941,6.54245233427315,6.54245233427315,6.54245233427315,6.5627477498764,6.54245233427315
2008-04-25,6.31052067417315,6.32451223401986,6.27924637030652,6.57289547753499,6.59319097256006,6.58304321842995,6.60333873992407,6.58304321842995
2008-04-28,6.30067534036094,6.32451223401986,6.28394279689015,6.57289547753499,6.5627477498764,6.59319097256006,6.60333873992407,6.60333873992407
2008-04-29,6.29082976694839,6.30997603220163,6.27924637030652,6.58304321842995,6.58304321842995,6.62363431434889,6.60333873992407,6.62363431434889
2008-04-30,6.28098395392751,6.30028464737897,6.26515577090725,6.59319097256006,6.60333873992407,6.63378212140728,6.63378212140728,6.63378212140728
2008-05-02,6.30067534036094,6.31966695013375,6.29568290133875,6.59319097256006,6.63378212140728,6.65407777520983,6.66422562195159,6.67437348191866
2008-05-05,6.29082976694839,6.30755322977095,6.29333499038509,6.61348652052076,6.64392994169469,6.66422562195159,6.67437348191866,6.67437348191866
2008-05-06,6.27113790128231,6.29059279560185,6.28394279689015,6.62363431434889,6.62363431434889,6.64392994169469,6.65407777520983,6.64392994169469
2008-05-07,6.29082976694839,6.30997603220163,6.28394279689015,6.63378212140728,6.68452135510984,6.69466924152391,6.71496505401583,6.71496505401583
2008-05-08,6.28098395392751,6.30997603220163,6.32150629485029,6.68452135510984,6.73526091938463,6.76570481656058,6.76570481656058,6.77585280871376
2008-05-09,6.31052067417315,6.3356559440626,6.33089497154238,6.72511298009124,6.74540887189481,6.8062968644397,6.8265929676335,6.84688912365043
2008-05-12,6.31052067417315,6.34389220254583,6.35905572957185,6.72511298009124,6.77585280871376,6.79614883265454,6.81644490943309,6.8265929676335
2008-05-13,6.30067534036094,6.33904738546232,6.34966968874728,6.79614883265454,6.81644490943309,6.79614883265454,6.85703722146456,6.87733345669792
2008-05-14,6.320365768401,6.36327030410122,6.38251698947467,6.8265929676335,6.86718533248079,6.89762974473001,6.91792608555111,6.97881542465097
2008-05-15,6.320365768401,6.36811453781938,6.39189995699763,6.8265929676335,6.87733345669792,6.90777790854256,6.93822247915148,6.96866716849178
2008-05-16,6.320365768401,6.37780265528765,6.43411245147352,6.84688912365043,6.88748159411472,6.90777790854256,6.93822247915148,6.95851892552133
2008-05-19,6.3302106230525,6.38264653904574,6.43411245147352,6.83674103903968,6.87733345669792,6.90777790854256,6.93822247915148,7.01940858115062
2008-05-20,6.320365768401,6.37295865487886,6.42942305156513,6.8265929676335,6.86718533248079,6.90777790854256,6.93822247915148,7.01940858115062
2008-05-22,6.34005523814363,6.39233395664984,6.44349059359239,6.8265929676335,6.85703722146456,6.88748159411472,6.91792608555111,6.98896369399766
2008-05-23,6.3302106230525,6.39717749050384,6.46693211317384,6.88748159411472,6.91792608555111,6.94837069574081,6.97881542465097,7.04985358694739
2008-05-26,6.34989961369037,6.42139341053305,6.48568138490102,6.89762974473001,6.93822247915148,6.97881542465097,7.00926027224871,7.07015032337557
2008-05-27,6.35974374968473,6.44076404779526,6.53722381704736,6.9280742757545,6.95851892552133,6.98896369399766,7.01940858115062,7.09044711251001
2008-05-28,6.36958764615869,6.44076404779526,6.49036815523285,6.84688912365043,6.88748159411472,6.91792608555111,6.94837069574081,7.01940858115062
2008-05-29,6.3302106230525,6.38264653904574,6.43880163214927,6.75555683762052,6.79614883265454,6.81644490943309,6.8265929676335,6.9280742757545
2008-05-30,6.34005523814363,6.39233395664984,6.41535353615641,6.75555683762052,6.79614883265454,6.81644490943309,6.83674103903968,6.93822247915148
2008-06-02,6.3302106230525,6.38264653904574,6.4106632590617,6.73526091938463,6.77585280871376,6.79614883265454,6.81644490943309,6.91792608555111
2008-06-03,6.37943130312024,6.45529080170704,6.46224424754216,6.78600081407881,6.79614883265454,6.8062968644397,6.8265929676335,6.95851892552133
2008-06-04,6.38927472056938,6.46981650660994,6.5091130467918,6.83674103903968,6.85703722146456,6.87733345669792,6.89762974473001,6.99911197653065
2008-06-05,6.50737705296311,6.64404319813983,6.6027849908572,7.03970523850117,7.03970523850117,7.03970523850117,7.04985358694739,7.11074395434101
2008-06-06,6.52705742355231,6.69724904640301,6.70104646766045,7.08029871135512,7.08029871135512,7.08029871135512,7.09044711251001,7.1208923950147
2008-06-09,6.54673683683527,6.7165931389308,6.70572318524165,7.08029871135512,7.08029871135512,7.08029871135512,7.10059552683906,7.10059552683906
2008-06-10,6.53689724985806,6.7069213251969,6.71039968476528,7.04985358694739,7.06000194857257,7.07015032337557,7.09044711251001,7.09044711251001
2008-06-11,6.89097170258357,6.95340742683825,6.88794528613013,7.23252611141105,7.23252611141105,7.22237752592862,7.22237752592862,7.17163479591625
2008-06-12,6.90080268195814,6.97755648187393,6.92994956679982,7.32386397267999,7.31371526882667,7.30356657812083,7.2934179005637,7.27312058490033
2008-06-13,6.98927074791111,7.10791130589694,7.04653590916404,7.37460768911642,7.36445891954385,7.3543101631127,7.34416141982421,7.32386397267999
2008-06-16,6.99909933896414,7.12721594940469,7.06051716769096,7.47609610735551,7.47609610735551,7.47609610735551,7.47609610735551,7.47609610735551
2008-06-17,7.05806587158886,7.22853494434261,7.13970750706494,7.57758583841071,7.5674368062628,7.5674368062628,7.5674368062628,7.5674368062628
2008-06-18,7.10719808448701,7.31533919810357,7.27930282128497,7.68922605743645,7.67907688107745,7.67907688107745,7.66892771782255,7.67907688107745
2008-06-19,7.08754591532301,7.27194175347368,7.25605042364563,7.68922605743645,7.68922605743645,7.68922605743645,7.69937524689834,7.7298228938893
2008-06-20,7.11702381110335,7.3298029326736,7.30254982953937,7.70952444946191,7.70952444946191,7.70952444946191,7.71967366512596,7.73997213575073
2008-06-23,7.10719808448701,7.3105177221251,7.33043912898523,7.76027065876306,7.76027065876306,7.76027065876306,7.76027065876306,7.78056923415333
2008-06-24,7.18579721649792,7.43583855449259,7.44191884200607,7.85161466035709,7.85161466035709,7.85161466035709,7.85161466035709,7.87191347132945
2008-06-25,7.17597316002561,7.43583855449259,7.46976942061739,7.8820628964382,7.8820628964382,7.8820628964382,7.8820628964382,7.8820628964382
2008-06-26,7.16614886500011,7.41656350746212,7.46048675365429,7.85161466035709,7.85161466035709,7.85161466035709,7.85161466035709,7.85161466035709
2008-06-27,7.15632433140545,7.41174445710335,7.46512819452594,7.80086786191194,7.80086786191194,7.80086786191194,7.80086786191194,7.80086786191194
2008-06-30,7.10719808448701,7.32016055851048,7.34902768790935,7.75012139070905,7.76027065876306,7.76027065876306,7.76027065876306,7.75012139070905
2008-07-01,7.21526795466776,7.48401809326715,7.51153079378497,7.8820628964382,7.89221233462702,7.90236178589478,7.91251125024026,7.93281021815955
2008-07-02,7.30366729086285,7.62848751157552,7.64597705893788,8.04445547625936,8.04445547625936,8.05460512356735,8.05460512356735,8.07490445736148
2008-07-03,7.4018661273012,7.77285324902,7.76636206359083,8.22715112497845,8.21700125581608,8.20685139969444,8.19670155661474,8.18655172657814
2008-07-04,7.37240897894065,7.76804272660758,7.87735858200733,8.27790066635961,8.26775073201143,8.26775073201143,8.26775073201143,8.22715112497845
2008-07-07,7.37240897894065,7.76804272660758,7.87735858200733,8.11550328162909,8.10535355598025,8.10535355598025,8.08505414384524,8.05460512356735
2008-07-08,7.27420299154247,7.60441647928012,7.66913924577839,7.99370743565821,7.98355786673408,7.96325876809145,7.95310923837536,7.94295972173098
2008-07-09,7.30366729086285,7.62848751157552,7.65060992422928,7.97340831087809,7.96325876809145,7.95310923837536,7.94295972173098,7.91251125024026
2008-07-10,7.30366729086285,7.62848751157552,7.65524257553984,8.01400661270617,7.99370743565821,7.98355786673408,7.97340831087809,7.89221233462702
2008-07-11,7.54911970624761,7.73436584828158,7.7941227109477,8.12565302033057,8.08505414384524,8.06475478393509,8.05460512356735,8.01400661270617
2008-07-14,7.54911970624761,7.73436584828158,7.7941227109477,8.16625210563904,8.11550328162909,8.07490445736148,8.04445547625936,8.00385701764932
2008-07-15,7.50985732535714,7.67662093678112,7.73859373063779,8.07490445736148,8.03430584201239,8.01400661270617,8.00385701764932,7.96325876809145
2008-07-17,7.48040803902761,7.60923091617727,7.60427163878852,7.94295972173098,7.91251125024026,7.8820628964382,7.86176405930201,7.82116654202931
2008-07-18,7.4607739905046,7.58034256627305,7.55327478613577,7.83131590171955,7.79071854148718,7.75012139070905,7.71967366512596,7.67907688107745
2008-07-21,7.48040803902761,7.59960192715514,7.5671855903563,7.90236178589478,7.84146527449587,7.78056923415333,7.7298228938893,7.68922605743645
2008-07-22,7.50004113475278,7.63811511804757,7.60890643081868,7.78056923415333,7.73997213575073,7.69937524689834,7.77041993991154,7.62833119586783
2008-07-23,7.50004113475278,7.62848751157552,7.56254886998864,7.78056923415333,7.73997213575073,7.69937524689834,7.77041993991154,7.62833119586783
2008-07-24,7.54911970624761,7.7054954645579,7.63207717895487,7.89221233462702,7.80086786191194,7.7298228938893,7.64862943062978,7.60803301354627
2008-07-25,7.53930446822526,7.6958710824746,7.64134397963367,7.86176405930201,7.76027065876306,7.68922605743645,7.59788394205363,7.55728778723224
2008-07-28,7.53930446822526,7.6958710824746,7.63671068631666,7.89221233462702,7.79071854148718,7.70952444946191,7.62833119586783,7.54713878132016
2008-07-29,7.55893470615643,7.72474284742142,7.65060992422928,7.90236178589478,7.79071854148718,7.70952444946191,7.62833119586783,7.54713878132016
2008-07-30,7.55893470615643,7.72474284742142,7.68303399087689,7.95310923837536,7.83131590171955,7.75012139070905,7.65877856767292,7.54713878132016
2008-07-31,7.51967327779202,7.67180811250601,7.65524257553984,7.92266072766223,7.81101719542638,7.70952444946191,7.59788394205363,7.50654288888122
2008-08-01,7.52948899208139,7.70068333107421,7.70155732395228,7.95310923837536,7.85161466035709,7.73997213575073,7.62833119586783,7.52684080885642
2008-08-04,7.55893470615643,7.72474284742142,7.70155732395228,7.90236178589478,7.82116654202931,7.71967366512596,7.63848030669436,7.51669184230717
2008-08-05,7.6570716114146,7.8882712889774,7.87273617864326,8.14595253688668,8.05460512356735,7.92266072766223,7.81101719542638,7.60803301354627
2008-08-06,7.70613113878316,7.96517987530088,7.92357090297724,8.20685139969444,8.08505414384524,7.96325876809145,7.86176405930201,7.62833119586783
2008-08-07,7.77480448437728,8.06127427750436,7.99746635819609,8.27790066635961,8.15610231473891,8.00385701764932,7.87191347132945,7.61818209815139
2008-08-08,7.76499472007242,8.05166690269665,7.99746635819609,8.25760081069804,8.12565302033057,7.97340831087809,7.84146527449587,7.57758583841071
2008-08-11,7.76499472007242,8.042059069024,7.97437987612604,8.16625210563904,8.06475478393509,7.91251125024026,7.79071854148718,7.54713878132016
2008-08-12,7.72575328413971,7.99881813790027,7.96976194197896,8.17640190958584,8.08505414384524,7.93281021815955,7.81101719542638,7.5674368062628
2008-08-13,7.74537447787349,8.03725498010532,8.02054752761183,8.26775073201143,8.10535355598025,7.98355786673408,7.8820628964382,7.61818209815139
2008-08-14,7.75518471790981,8.05166690269665,8.04362338683529,8.25760081069804,8.15610231473891,7.98355786673408,7.8820628964382,7.61818209815139
2008-08-18,7.99055914392355,8.10930427011147,8.04362338683529,8.26775073201143,8.16625210563904,8.01400661270617,7.93281021815955,7.67907688107745
2008-08-19,8.00036344065003,8.14291844294068,8.11743048028024,8.27790066635961,8.17640190958584,8.02415622082759,7.94295972173098,7.68922605743645
2008-08-20,8.02977490536971,8.18132776387248,8.1358737706152,8.31850053407648,8.21700125581608,8.06475478393509,7.99370743565821,7.75012139070905
2008-08-21,8.09839334277385,8.29651174389845,8.26027735464141,8.37940072649344,8.26775073201143,8.12565302033057,8.05460512356735,7.81101719542638
2008-08-22,8.17680016635158,8.39724365271266,8.30171095129906,8.43015124494926,8.27790066635961,8.14595253688668,8.06475478393509,7.81101719542638
2008-08-25,8.23559531402207,8.49313193146184,8.36612921172897,8.43015124494926,8.29820057415562,8.16625210563904,8.08505414384524,7.84146527449587
2008-08-26,8.24539367466492,8.51230410363168,8.41211693810795,8.50120251741782,8.37940072649344,8.24745090242061,8.16625210563904,7.91251125024026
2008-08-27,8.24539367466492,8.51230410363168,8.43050612648,8.59255508993271,8.3997008948189,8.23730100718034,8.16625210563904,7.91251125024026
2008-08-28,8.26498968408806,8.55064296718755,8.5040291840901,8.5621041154134,8.45045154345048,8.27790066635961,8.19670155661474,7.92266072766223
2008-08-29,8.35315998299802,8.68477147804558,8.61421281886621,8.62300618142382,8.50120251741782,8.33880054611273,8.23730100718034,7.93281021815955
2008-09-01,8.35315998299802,8.68477147804558,8.61421281886621,8.65345738985484,8.51135275123855,8.34895057167118,8.22715112497845,7.96325876809145
2008-09-02,8.34336423193172,8.67040484305992,8.54995374232637,8.59255508993271,8.43015124494926,8.25760081069804,8.1358027720835,7.87191347132945
2008-09-03,8.35315998299802,8.66561573671643,8.51321577805564,8.50120251741782,8.31850053407648,8.14595253688668,8.04445547625936,7.73997213575073
2008-09-04,8.36295549689403,8.68477147804558,8.5040291840901,8.50120251741782,8.26775073201143,8.14595253688668,8.04445547625936,7.73997213575073
2008-09-05,8.54902521480749,8.68477147804558,8.5040291840901,8.37940072649344,8.16625210563904,8.02415622082759,7.93281021815955,7.62833119586783
2008-09-08,8.54902521480749,8.68477147804558,8.49484174865367,8.29820057415562,8.08505414384524,7.96325876809145,7.8820628964382,7.58773488367472
2008-09-09,8.54902521480749,8.68477147804558,8.51321577805564,8.29820057415562,8.06475478393509,7.95310923837536,7.85161466035709,7.55728778723224
2008-09-10,8.54902521480749,8.68477147804558,8.51321577805564,8.18655172657814,7.92266072766223,7.80086786191194,7.70952444946191,7.46594720643496
2008-09-11,8.57839682307304,8.73265285255886,8.54995374232637,8.18655172657814,7.92266072766223,7.80086786191194,7.70952444946191,7.46594720643496
2008-09-12,8.61755565087741,8.78052283309039,8.58667825542891,8.27790066635961,8.01400661270617,7.87191347132945,7.76027065876306,7.53698978852784
2008-09-15,8.56860652389368,8.70392539547371,8.48565347158647,8.06475478393509,7.83131590171955,7.67907688107745,7.58773488367472,7.37460768911642
2008-09-16,8.53923420486069,8.65603718197505,8.40292107948137,8.06475478393509,7.83131590171955,7.67907688107745,7.58773488367472,7.37460768911642
2008-09-17,8.53923420486069,8.65603718197505,8.39372437768926,7.91251125024026,7.70952444946191,7.5674368062628,7.51669184230717,7.31371526882667
2008-09-22,8.53923420486069,8.65603718197505,8.41211693810795,7.95310923837536,7.77041993991154,7.63848030669436,7.58773488367472,7.42535173405856
2008-09-23,8.59797671072826,8.74222776000977,8.47646435275262,8.02415622082759,7.77041993991154,7.62833119586783,7.58773488367472,7.42535173405856
2008-09-24,8.58818688534591,8.73265285255886,8.47646435275262,8.01400661270617,7.76027065876306,7.61818209815139,7.5674368062628,7.42535173405856
2008-09-25,8.6077662992361,8.75180221174521,8.48565347158647,8.05460512356735,7.77041993991154,7.62833119586783,7.58773488367472,7.42535173405856
2008-09-26,8.6077662992361,8.76137620780515,8.49484174865367,8.07490445736148,7.78056923415333,7.62833119586783,7.58773488367472,7.42535173405856
2008-09-29,8.61755565087741,8.78052283309039,8.52240153071016,8.04445547625936,7.73997213575073,7.53698978852784,7.53698978852784,7.37460768911642
2008-09-30,8.44131107148272,8.49313193146184,8.24646235137205,7.73997213575073,7.48624502140418,7.36445891954385,7.33401268967957,7.19193184843638
2008-10-01,8.38254581323117,8.4068345376469,8.18196716482866,7.7298228938893,7.46594720643496,7.34416141982421,7.32386397267999,7.20208039444008
2008-10-02,8.39234061570426,8.41642496534689,8.15431367023844,7.62833119586783,7.41520289879691,7.2934179005637,7.28326923615645,7.17163479591625
2008-10-03,8.38254581323117,8.39724365271266,8.1358737706152,7.61818209815139,7.38475647182921,7.28326923615645,7.2528233218462,7.16148628940223
2008-10-06,8.35315998299802,8.34928236786503,8.04362338683529,7.50654288888122,7.30356657812083,7.23252611141105,7.21222895360456,7.11074395434101
2008-10-07,8.30417885579582,8.25332547990154,7.90508852952154,7.33401268967957,7.23252611141105,7.15133779605384,7.14118931587233,7.08029871135512
2008-10-08,8.24539367466492,8.13331496670244,7.61354100869216,7.15133779605384,7.02955690323517,6.99911197653065,6.97881542465097,6.90777790854256
2008-10-09,8.23559531402207,8.12851305664886,7.64597705893788,7.24267471005065,7.16148628940223,7.13104084885887,7.1208923950147,7.03970523850117
2008-10-10,8.22579671607304,8.10930427011147,7.61817537241694,7.08029871135512,7.02955690323517,6.99911197653065,6.99911197653065,6.94837069574081
2008-10-13,8.17680016635158,8.03245077644643,7.54399984469689,7.08029871135512,7.02955690323517,6.99911197653065,6.99911197653065,6.94837069574081
2008-10-14,8.17680016635158,8.03245077644643,7.54399984469689,7.08029871135512,7.02955690323517,6.99911197653065,6.99911197653065,6.94837069574081
2008-10-15,8.16700014433369,8.01803747703644,7.51616987320158,7.04985358694739,6.99911197653065,6.97881542465097,6.95851892552133,6.90777790854256
2008-10-16,8.10819502672633,7.91711545472129,7.40477270336104,6.95851892552133,6.91792608555111,6.90777790854256,6.87733345669792,6.84688912365043
2008-10-17,8.06898686605617,7.84980596653817,7.34902768790935,6.94837069574081,6.86718533248079,6.83674103903968,6.8265929676335,6.78600081407881
2008-10-20,8.04938136075695,7.82095214709244,7.34902768790935,6.93822247915148,6.8265929676335,6.78600081407881,6.77585280871376,6.72511298009124
2008-10-21,8.04938136075695,7.82095214709244,7.34902768790935,6.93822247915148,6.78600081407881,6.73526091938463,6.66422562195159,6.66422562195159
2008-10-22,8.04938136075695,7.82095214709244,7.34902768790935,6.94837069574081,6.81644490943309,6.75555683762052,6.69466924152391,6.69466924152391
2008-10-23,8.11799647322875,7.94595548515709,7.4883321776209,7.1208923950147,6.99911197653065,6.91792608555111,6.86718533248079,6.87733345669792
2008-10-24,8.25519179801759,8.15732279772963,7.67377104135747,7.28326923615645,7.16148628940223,7.11074395434101,7.09044711251001,7.09044711251001
2008-10-27,8.21599788080185,8.10930427011147,7.69229608502453,7.23252611141105,7.11074395434101,7.07015032337557,7.04985358694739,7.04985358694739
2008-10-28,8.18659995099935,8.06127427750436,7.67840262305164,7.21222895360456,7.1208923950147,7.08029871135512,7.04985358694739,7.04985358694739
2008-10-29,8.196399498277,8.06127427750436,7.59963663257768,7.17163479591625,7.08029871135512,7.02955690323517,6.99911197653065,7.02955690323517
2008-10-30,8.2061988082085,8.0804876507008,7.59963663257768,7.17163479591625,7.09044711251001,7.03970523850117,7.02955690323517,7.02955690323517
2008-11-03,8.196399498277,8.07568447944007,7.60890643081868,7.17163479591625,7.09044711251001,7.03970523850117,7.02955690323517,7.02955690323517
2008-11-04,8.22579671607304,8.10930427011147,7.60890643081868,7.17163479591625,7.09044711251001,7.03970523850117,7.02955690323517,7.08029871135512
2008-11-05,8.28458474443838,8.1861284133744,7.67377104135747,7.24267471005065,7.1208923950147,7.09044711251001,7.08029871135512,7.08029871135512
2008-11-06,8.23559531402207,8.11890889266476,7.6274434575323,7.20208039444008,7.09044711251001,7.07015032337557,7.03970523850117,7.03970523850117
2008-11-07,8.23559531402207,8.11890889266476,7.6274434575323,7.15133779605384,7.03970523850117,7.00926027224871,6.99911197653065,6.99911197653065
2008-11-10,8.16700014433369,8.0132328143927,7.53472404550415,7.11074395434101,7.02955690323517,6.99911197653065,6.97881542465097,6.97881542465097
2008-11-11,8.16700014433369,7.99401301618374,7.44191884200607,7.09044711251001,6.99911197653065,6.96866716849178,6.93822247915148,6.93822247915148
2008-11-12,8.14739938813158,7.96517987530088,7.42334749233198,7.00926027224871,6.90777790854256,6.87733345669792,6.85703722146456,6.85703722146456
2008-11-13,8.14739938813158,7.96517987530088,7.42334749233198,6.97881542465097,6.87733345669792,6.85703722146456,6.8265929676335,6.8265929676335
2008-11-14,7.96114482815646,7.7054954645579,7.28395265400383,6.83674103903968,6.74540887189481,6.70481714115965,6.68452135510984,6.68452135510984
2008-11-17,7.86308166131366,7.55145006715185,7.19091501743296,6.70481714115965,6.5627477498764,6.49171402698723,6.45112361958222,6.45112361958222
2008-11-18,7.89250310715328,7.58034256627305,7.13505098218725,6.61348652052076,6.48156640526365,6.44097605085561,6.4105334241946,6.4105334241946
2008-11-19,7.89250310715328,7.58034256627305,7.08847383926869,6.65407777520983,6.52215697163008,6.49171402698723,6.48156640526365,6.53230464633099
2008-11-20,7.96114482815646,7.67662093678112,7.16298688919093,6.5627477498764,6.46127120155993,6.43082849538132,6.4105334241946,6.46127120155993
2008-11-21,7.96114482815646,7.67662093678112,7.16298688919093,6.45112361958222,6.35979597822933,6.35979597822933,6.35979597822933,6.4105334241946
2008-11-24,7.84346617539011,7.50328667819478,7.03255270142034,6.39023840603188,6.39023840603188,6.39023840603188,6.369943440903,6.44097605085561
2008-11-25,7.83365807578562,7.52,7.06,6.42068095316057,6.3800909168376,6.35979597822933,6.34964852881783,6.40038590848462
2008-11-26,7.85327403723279,7.52255341760666,7.07449647754466,6.42068095316057,6.3800909168376,6.32935366978618,6.369943440903,6.39023840603188
2008-11-27,7.85327403723279,7.5129202785682,7.06051716769096,6.43082849538132,6.34964852881783,6.32935366978618,6.34964852881783,6.40038590848462
2008-11-28,7.84346617539011,7.50328667819478,7.06051716769096,6.40038590848462,6.369943440903,6.3090588638179,6.32935366978618,6.45112361958222
2008-12-01,7.85327403723279,7.5129202785682,7.06051716769096,6.46127120155993,6.369943440903,6.3395010926697,6.3395010926697,6.44097605085561
2008-12-02,7.84346617539011,7.5129202785682,7.06983692407359,6.44097605085561,6.34964852881783,6.32935366978618,6.32935366978618,6.43082849538132
2008-12-03,7.84346617539011,7.5129202785682,7.06983692407359,6.43082849538132,6.35979597822933,6.2989114807356,6.32935366978618,6.43082849538132
2008-12-04,7.7944232994458,7.43583855449259,6.99525461379391,6.40038590848462,6.3090588638179,6.27861675438088,6.2684694111109,6.35979597822933
2008-12-05,7.78461401083241,7.41656350746212,6.99525461379391,6.369943440903,6.27861675438088,6.2481747643919,6.23802746094535,6.34964852881783
2008-12-09,7.76499472007242,7.38764747347087,6.94861249091794,6.369943440903,6.27861675438088,6.2481747643919,6.23802746094535,6.34964852881783
2008-12-10,7.75518471790981,7.36836780799077,6.92061680231859,6.35979597822933,6.27861675438088,6.2481747643919,6.23802746094535,6.3395010926697
2008-12-11,7.73556399995545,7.33944484466242,6.90194866768845,6.25832208111416,6.20758563027217,6.18729114289123,6.17714391912478,6.2684694111109
2008-12-12,7.67669613624378,7.24300492147112,6.80855583923368,6.2684694111109,6.19743837994076,6.18729114289123,6.19743837994076,6.28876411092285
2008-12-15,7.6080061343573,7.14651874045824,6.77117434447805,6.13655515691478,6.0858195031704,6.05537827045945,6.04523121948584,6.13655515691478
2008-12-16,7.50985732535714,7.00170263813238,6.66830333725343,6.07567241230298,5.95390835939038,5.98434919299609,5.903173902962,6.00464314860782
2008-12-17,7.4607739905046,6.92442473343302,6.5793752052512,5.99449616414864,5.85243977947776,5.81185272051439,5.81185272051439,5.903173902962
2008-12-18,7.45095660892492,6.90510061765348,6.56766826314747,6.01479014637236,5.84229299474786,5.81185272051439,5.81185272051439,5.903173902962
2008-12-19,7.4607739905046,6.90993182064314,6.49036815523285,6.06552533473224,5.89302705162467,5.85243977947776,5.85243977947776,5.94376144147661
2008-12-22,7.4607739905046,6.90993182064314,6.49505470657186,6.09596660733329,5.94376144147661,5.88288021360632,5.85243977947776,5.98434919299609
2008-12-23,7.4607739905046,6.92442473343302,6.53019686308465,6.10611372479042,5.94376144147661,5.88288021360632,5.87273338890824,5.97420223515135
2008-12-24,7.50004113475278,6.94374699301736,6.51614147802881,6.11626085554053,5.94376144147661,5.87273338890824,5.87273338890824,5.97420223515135
2008-12-26,7.50004113475278,6.94,6.46,6.13655515691478,5.94376144147661,5.88288021360632,5.86258657753163,5.93361453687566
2008-12-29,7.50985732535714,6.88094286211349,6.51379872233537,6.13655515691478,5.9640552906157,5.903173902962,5.88288021360632,5.97420223515135
2008-12-30,7.50985732535714,6.95340742683825,6.36844089210697,6.06552533473224,5.91332076761713,5.86258657753163,5.85243977947776,5.94376144147661
2009-01-02,7.45095660892492,6.85678220499053,6.32150629485029,6.03508418181262,5.93361453687566,5.88288021360632,5.88288021360632,5.98434919299609
2009-01-05,7.45095660892492,6.85678220499053,6.32620074305645,5.89302705162467,5.76111919672075,5.74082588054075,5.77126587481414,5.86258657753163
2009-01-06,7.27420299154247,6.73593537141048,6.04414420803234,5.66979969411205,5.65965314942631,5.66979969411205,5.69009282352138,5.81185272051439
2009-01-07,7.19562103441707,6.44560641566194,5.85566487681799,5.35526302110794,5.38570149240005,5.41614008412443,5.43643254549746,5.53789565466842
2009-01-08,7.09737211922956,6.30028464737897,5.73296309772076,5.24365632394888,5.28424038996416,5.32482467028192,5.35526302110794,5.45672506037089
2009-01-09,6.65495650208037,6.17667854453785,5.560454991417,4.92913708739187,5.01030210720137,5.12190541252189,5.1523429593743,5.27409435336634
2009-01-12,6.48769572496377,5.91224587643158,5.3165473516037,4.94942826174158,5.05088493941579,5.13205124806035,5.1827806269189,5.29438643995588
2009-01-13,6.43848821568849,5.83940519705539,5.25962919254575,4.92913708739187,5.08132220452084,5.17263472432921,5.22336437132978,5.34511689077914
2009-01-14,6.25144507708697,5.54291439034138,4.9507598760945,4.66535671595796,4.82768202212494,4.91899152037336,5.0,5.16248883514725
2009-01-15,6.05446409518517,5.23137155922448,4.66480298379324,4.36100606593262,4.51317987331947,4.62477592805024,4.67550194661539,4.96971948983314
2009-01-16,5.98549808659321,5.11441848340866,4.52629766345236,4.36100606593262,4.45230998589377,4.55376006808699,4.66535671595796,4.79724576477469
2009-01-19,5.98549808659321,5.30930251556061,4.65048371426313,4.49288985687062,4.57405024638529,4.66535671595796,4.72622830192195,4.86826388689492
2009-01-20,6.11356846091482,5.28495233494475,4.56930254669885,4.52332490177951,4.64506629505717,4.70593771940051,4.77695499381128,4.95957386907024
2009-01-21,6.17266419309459,5.38233537591193,4.6838921634702,4.63492110481634,4.71608300392894,4.77695499381128,4.8581184005309,5.0204477951163
2009-01-22,6.20220882239764,5.44560907944458,4.76021256918546,4.75666427667576,4.70593771940051,4.76680962851441,4.80739117043871,4.97986512402895
2009-01-23,6.13326799746083,5.35312541371891,4.78881775458184,4.76680962851441,4.72622830192195,4.78710037256513,4.81753658955588,5.0204477951163
2009-01-26,6.13326799746083,5.33851884180692,4.71251912212978,4.72622830192195,4.68564719074247,4.79724576477469,4.84797292761372,4.99001077165642
2009-01-27,6.10371833291357,5.29956279704091,4.72205962615657,4.69579244833793,4.67550194661539,4.75666427667576,4.80739117043871,4.96971948983314
2009-01-28,6.06431542245911,5.20701194213302,4.52151820459168,4.43202013138611,4.46245493339468,4.5030348583494,4.59434047861307,4.81753658955588
2009-01-29,6.01505638702449,5.13878931584077,4.47371108447303,4.54361499916456,4.55376006808699,4.62477592805024,4.69579244833793,4.90884596679411
2009-01-30,5.96579135312414,5.08516958629635,4.47371108447303,4.5030348583494,4.51317987331947,4.61463076476016,4.69579244833793,4.90884596679411
2009-02-02,5.90666539241269,4.9778872276276,4.33015283840632,4.36100606593262,4.40158545087934,4.5030348583494,4.59434047861307,4.81753658955588
2009-02-03,5.83767418166037,4.86078663126399,4.21036379326711,4.11753429818578,4.0972453359988,4.23926920829656,4.34071645450895,4.64506629505717
2009-02-04,5.63062992914976,4.57262420534299,4.13842162816991,4.20883529810194,4.20883529810194,4.36100606593262,4.46245493339468,4.76680962851441
2009-02-05,5.65035299522609,4.59217369178866,4.13842162816991,4.20883529810194,4.32042689713206,4.42187522438195,4.52332490177951,4.84797292761372
2009-02-06,5.64049158237978,4.34,3.97,4.21897992130689,4.21897992130689,4.33057166906403,4.41173033087927,4.78710037256513
2009-02-09,5.48267627643639,4.35256145719887,3.95593683720374,4.18854609227832,4.28999266242676,4.38129573139281,4.5030348583494,4.86826388689492
2009-02-10,5.48267627643639,4.35256145719887,3.94632317042909,4.07695642798154,4.18854609227832,4.33057166906403,4.45230998589377,4.82768202212494
2009-02-11,5.43334636545634,4.25957373749863,3.87419127994448,3.95522411801701,4.12767879958968,4.26970324021148,4.42187522438195,4.80739117043871
2009-02-12,5.41361271670926,4.2326482146553,3.80200747212545,3.60018270886306,3.77262931507958,3.95522411801701,4.11753429818578,4.63492110481634
2009-02-13,4.39602630142666,3.57,3.44,3.63061417736459,3.80306147680751,4.0059456766558,4.18854609227832,4.62477592805024
2009-02-16,4.04966102562998,3.59271933557626,3.44513830932058,3.60018270886306,3.782773355407,3.99580133781494,4.18854609227832,4.61463076476016
2009-02-17,3.99025433318467,3.49446577269052,3.34846879759709,3.48860170558931,3.68133356355116,3.94507984696537,4.13782331453216,4.59434047861307
2009-02-18,3.86150989726453,3.27813883955574,3.07729738361751,3.35673537201209,3.53932013924658,3.83349376075317,4.01609002905066,4.49288985687062
2009-02-19,3.81198189450949,3.22402073276784,3.05789991061367,3.37702235032169,3.57989513122128,3.86392616688178,4.0465231675463,4.5030348583494
2009-02-20,3.81198189450949,3.22402073276784,3.0845704688236,3.3871658599284,3.59003891323872,3.87407032940372,4.06681199428975,4.49288985687062
2009-02-23,3.77235512593099,3.1772706468054,3.07972180396199,3.28573137755557,3.52917642528316,3.77262931507958,3.93493558947542,4.45230998589377
2009-02-24,3.59398661580901,2.85464503189381,2.68863327242652,2.85972146812838,3.07272340787119,3.397309383168,3.5494638668234,4.22912455803883
2009-02-25,3.54442584690418,2.80534364584017,2.71783538738468,2.85972146812838,3.09300962157169,3.33644844824963,3.48860170558931,4.18854609227832
2009-02-26,3.53451296446128,2.77575701252886,2.65942265168029,2.81915035475351,3.11329588995501,3.37702235032169,3.57989513122128,4.20883529810194
2009-02-27,3.49485900540891,2.70670460488898,2.57173970504887,2.76843677143259,3.07272340787119,3.34659190331181,3.56975136281206,4.20376299157252
2009-03-02,3.40562338301353,2.55865528206378,2.41566936551685,2.78872216363206,3.0422941898737,3.26544464479013,3.5494638668234,4.20376299157252
2009-03-03,3.24693365667006,2.31166398288263,2.15174864952328,2.41345129630759,2.81915035475351,3.12343904464947,3.34659190331181,4.0059456766558
2009-03-04,3.18740895656511,2.21278247405365,2.10279813014935,2.41345129630759,2.81915035475351,3.12343904464947,3.34659190331181,4.0059456766558
2009-03-05,3.17748732161149,2.21278247405365,2.13217130891064,2.51487400038612,2.94086435243561,3.24515796661873,3.44802720381361,4.11753429818578
2009-03-06,3.10802906253116,2.11385232813832,2.08321123023936,2.41345129630759,2.86986428072755,3.15386859072835,3.35673537201209,4.10738981032173
2009-03-09,3.07825758598312,2.06436900127027,2.03912671311457,2.33231412362411,2.77857946067663,3.07272340787119,3.24515796661873,4.02623439499823
2009-03-10,3.06833327354727,2.03467316044392,1.95580304693177,2.22075195024007,2.73800878598192,3.01186509497149,3.21472805174825,3.99580133781494
2009-03-11,3.00878228546253,1.95051112681366,1.92147316915126,2.17004242268901,2.56558586797149,2.90029280071711,3.10315274892865,3.89435869515846
2009-03-12,3.03855887532833,1.98517034704349,1.92637815698316,2.2410358577589,2.61629807903381,2.92057854919039,3.12343904464947,3.90450289838871
2009-03-13,1.95526672535262,1.76721310664352,1.72507667113475,2.15990055854591,2.54530107971085,2.86986428072755,3.09300962157169,3.97551270080028
2009-03-16,2.01497299530473,1.86631386087832,1.85768648618367,2.34245622203009,2.73800878598192,3.07272340787119,3.24515796661873,4.21897992130689
2009-03-17,2.07467045397713,1.97031712685369,2.00972626503848,2.46416247644303,2.89014994702321,3.24515796661873,3.49874536508621,4.44216505189048
2009-03-18,2.04482282588803,1.92079846931126,1.9116624737272,2.43373572709424,2.92057854919039,3.24515796661873,3.45817080882318,4.40158545087934
2009-03-19,2.06472148931702,1.94060739535473,1.9116624737272,2.45402021290604,3.00172209069804,3.34659190331181,3.55960760801233,4.43202013138611
2009-03-20,2.02492318357805,1.89108142170458,1.88222462747856,2.48444704477262,3.06258032153028,3.41759647054061,3.60018270886306,4.56390515049432
2009-03-23,2.07467045397713,1.97031712685369,2.00972626503848,2.63658305959531,3.33644844824963,3.6204703409273,3.82334965252702,4.71608300392894
2009-03-24,2.04482282588803,1.92079846931126,1.9116624737272,2.47430475373234,3.18429825977304,3.51903272493441,3.7219093172228,4.62477592805024
2009-03-25,2.04482282588803,1.92079846931126,1.9116624737272,2.54530107971085,3.24515796661873,3.60018270886306,3.81320555787803,4.65521149877146
2009-03-26,2.02492318357805,1.89108142170458,1.89203820307071,2.58587071118843,3.2958747644078,3.64075802740362,3.84363788255522,4.67550194661539
2009-03-27,1.96521838235508,1.79199287334608,1.81350269567737,2.56558586797149,3.30601816490461,3.63061417736459,3.83349376075317,4.59434047861307
2009-03-30,1.95526672535262,1.77216930423185,1.78403601671651,2.51487400038612,3.32630500682685,3.65090189104309,3.85378201793185,4.59434047861307
2009-03-31,1.96521838235508,1.7820813330216,1.71524674255963,2.48444704477262,3.32630500682685,3.67118965911815,3.87407032940372,4.62477592805024
2009-04-01,1.96521838235508,1.7820813330216,1.73490563624856,2.42359350482211,3.26544464479013,3.63061417736459,3.83349376075317,4.58419535575865
2009-04-02,1.82587290040992,1.5738260765179,1.56768207122138,2.41345129630759,3.24515796661873,3.7219093172228,4.01609002905066,4.79724576477469
2009-04-03,1.86569079355259,1.62343022381162,1.60705388643745,2.41345129630759,3.24515796661873,3.81320555787803,4.16825694057823,4.90884596679411
2009-04-06,1.8756446544641,1.65318684094995,1.65624692808564,2.40330910155198,3.24515796661873,3.80306147680751,4.16825694057823,4.89870042665539
2009-04-07,1.9154576489413,1.72260183162543,1.76438675279655,2.47430475373234,3.35673537201209,3.92479134554848,4.25955854938416,5.00015643271432
2009-04-08,1.90550476767015,1.70277142163933,1.71524674255963,2.46416247644303,3.32630500682685,3.87407032940372,4.22912455803883,4.96971948983314
2009-04-09,1.8756446544641,1.65318684094995,1.67591738999295,2.44387796312266,3.28573137755557,3.84363788255522,4.16825694057823,4.8581184005309
2009-04-13,1.61676463400351,1.54405771478228,1.5972123816903,2.43373572709424,3.19444151010757,3.7624852883358,4.11753429818578,4.86826388689492
2009-04-14,1.63668436483633,1.5738260765179,1.5972123816903,2.43373572709424,3.20458477409975,3.75234127517696,4.07695642798154,4.76680962851441
2009-04-15,1.64664386242297,1.59366920353943,1.6168944254531,2.55544346697096,3.37702235032169,3.87407032940372,4.23926920829656,4.76680962851441
2009-04-16,1.64664386242297,1.59366920353943,1.63657260708128,2.54530107971085,3.3871658599284,3.93493558947542,4.27984794455942,4.93928266784835
2009-04-17,1.64664386242297,1.59366920353943,1.63657260708128,2.56558586797149,3.3871658599284,3.93493558947542,4.28999266242676,4.93928266784835
2009-04-20,1.63668436483633,1.5738260765179,1.6168944254531,2.58587071118843,3.36687885434914,3.92479134554848,4.27984794455942,4.92913708739187
2009-04-21,1.61676463400351,1.54405771478228,1.56768207122138,2.56558586797149,3.3871658599284,3.93493558947542,4.27984794455942,4.91899152037336
2009-04-22,1.55699955526956,1.44479800932729,1.49874417765172,2.55544346697096,3.32630500682685,3.87407032940372,4.19869068842535,4.86826388689492
2009-04-23,1.52711370430758,1.40508040679244,1.44947379446236,2.58587071118843,3.37702235032169,3.87407032940372,4.19869068842535,4.8581184005309
2009-04-24,1.53707589996799,1.42494018847561,1.49874417765172,2.60615560935111,3.397309383168,3.89435869515846,4.20883529810194,4.86826388689492
2009-04-27,1.53707589996799,1.42494018847561,1.46918485270398,2.59601315340221,3.36687885434914,3.85378201793185,4.14796784301195,4.80739117043871
2009-04-28,1.47729904550165,1.32562166401495,1.38045456438718,2.60615560935111,3.35673537201209,3.83349376075317,4.13782331453216,4.78710037256513
2009-04-29,1.47729904550165,1.32562166401495,1.41989994085634,2.61629807903381,3.3871658599284,3.82334965252702,4.0972453359988,4.79724576477469
2009-04-30,1.47729904550165,1.32562166401495,1.41989994085634,2.62644056244898,3.397309383168,3.85378201793185,4.12767879958968,4.80739117043871
2009-05-04,1.47729904550165,1.32562166401495,1.40017919207036,2.72786615159657,3.50888903820166,3.96536840262907,4.23926920829656,4.91899152037336
2009-05-05,1.47729904550165,1.34548929289302,1.48889203741209,2.82929311254132,3.57989513122128,4.05666757414425,4.32042689713206,4.93928266784835
2009-05-06,1.48726246804465,1.35542237141273,1.51844555489333,2.84957866923008,3.61032651809303,4.05666757414425,4.32042689713206,4.94942826174158
2009-05-07,1.44740730536252,1.30575207236294,1.51844555489333,2.80900761067182,3.60018270886306,4.06681199428975,4.33057166906403,4.96971948983314
2009-05-08,1.17828219762739,1.17655185724441,1.40017919207036,2.72786615159657,3.55960760801233,4.01609002905066,4.27984794455942,5.00015643271432
2009-05-11,1.19822353230692,1.19643421638749,1.37059079548951,2.64672557047148,3.47845805971232,3.96536840262907,4.24941387207876,4.92913708739187
2009-05-12,1.19822353230692,1.19643421638749,1.3508603466148,2.65686809507615,3.49874536508621,4.0059456766558,4.31028213871434,4.97986512402895
2009-05-13,1.17828219762739,1.15666753240973,1.30151723422678,2.59601315340221,3.48860170558931,4.0465231675463,4.36100606593262,4.93928266784835
2009-05-14,1.17828219762739,1.15666753240973,1.30151723422678,2.35259833420429,3.28573137755557,3.93493558947542,4.31028213871434,5.00015643271432
2009-05-15,1.12842455961726,1.07711056837712,1.17311140090859,2.29174586770886,3.40745292003917,4.0465231675463,4.44216505189048,5.1827806269189
2009-05-18,1.08853402417441,1.0273714803688,1.17311140090859,2.20046809785788,3.37702235032169,4.02623439499823,4.43202013138611,5.27409435336634
2009-05-19,1.02869084413904,0.927856386667258,1.10390163615737,2.12947504887473,3.2958747644078,3.95522411801701,4.35086125346558,5.20307247231642
2009-05-20,1.0785607756274,0.997522122095695,1.10390163615737,2.10919144473907,3.26544464479013,3.90450289838871,4.28999266242676,5.12190541252189
2009-05-22,1.09850702683811,1.0273714803688,1.12368072915281,2.20046809785788,3.32630500682685,3.94507984696537,4.34071645450895,5.1523429593743
2009-05-25,1.13839657885162,1.09700275987112,1.22251771941695,2.22075195024007,3.35673537201209,3.97551270080028,4.36100606593262,5.17263472432921
2009-05-26,1.08853402417441,1.0273714803688,1.22251771941695,2.42359350482211,3.52917642528316,4.13782331453216,4.5030348583494,5.25380232035744
2009-05-27,1.09850702683811,1.05721640924905,1.27189970870667,2.48444704477262,3.53932013924658,4.13782331453216,4.5030348583494,5.29438643995588
2009-05-28,1.06858728118109,0.997522122095695,1.20275811286596,2.47430475373234,3.53932013924658,4.20883529810194,4.62477592805024,5.39584767626182
2009-05-29,1.00874114989846,0.927856386667258,1.26202525603514,2.53515870619245,3.59003891323872,4.23926920829656,4.65521149877146,5.41614008412443
2009-06-01,1.01871612000437,0.947763344981034,1.27189970870667,2.48444704477262,3.6204703409273,4.26970324021148,4.67550194661539,5.43643254549746
2009-06-02,1.00874114989846,0.927856386667258,1.25214983096544,2.48444704477262,3.61032651809303,4.28999266242676,4.67550194661539,5.42628630812279
2009-06-03,1.00874114989846,0.927856386667258,1.25214983096544,2.50473166810083,3.64075802740362,4.30013739381214,4.70593771940051,5.45672506037089
2009-06-04,1.00874114989846,0.927856386667258,1.25214983096544,2.49458934956255,3.63061417736459,4.31028213871434,4.69579244833793,5.44657879624726
2009-06-05,0.988790471724954,0.897992254244251,1.25214983096544,2.45402021290604,3.57989513122128,4.26970324021148,4.66535671595796,5.43643254549746
2009-06-08,1.00874114989846,0.927856386667258,1.27189970870667,2.46416247644303,3.59003891323872,4.27984794455942,4.67550194661539,5.44657879624726
2009-06-09,1.00874114989846,0.927856386667258,1.27189970870667,2.45402021290604,3.60018270886306,4.28999266242676,4.67550194661539,5.44657879624726
2009-06-10,0.988790471724954,0.897992254244251,1.24227343329775,2.48444704477262,3.6204703409273,4.32042689713206,4.70593771940051,5.46687133786714
2009-06-11,0.9688388095066,0.878080368767797,1.27189970870667,2.46416247644303,3.65090189104309,4.30013739381214,4.70593771940051,5.46687133786714
2009-06-12,0.97881476362538,0.897992254244251,1.29164569760665,2.49458934956255,3.6204703409273,4.31028213871434,4.69579244833793,5.46687133786714
2009-06-15,0.948886163147478,0.858166511740421,1.32125739275057,2.49458934956255,3.63061417736459,4.31028213871434,4.69579244833793,5.47701762873471
2009-06-16,0.90897791763922,0.798413107435891,1.24227343329775,2.40330910155198,3.57989513122128,4.25955854938416,4.64506629505717,5.41614008412443
2009-06-17,0.729342072296468,0.798413107435891,1.17311140090859,2.28160383816385,3.44802720381361,4.12767879958968,4.51317987331947,5.33497077383671
2009-06-18,0.719359963660793,0.778491360287958,1.19287684935454,2.27146182239502,3.41759647054061,4.08710087521833,4.47259989439199,5.27409435336634
2009-06-19,0.739323934609182,0.808373241065752,1.20275811286596,2.3120299681221,3.47845805971232,4.12767879958968,4.47259989439199,5.29438643995588
2009-06-22,0.739323934609182,0.808373241065752,1.21263840282015,2.2613198204037,3.47845805971232,4.0972453359988,4.47259989439199,5.30453250334026
2009-06-23,0.739323934609182,0.808373241065752,1.22251771941695,2.29174586770886,3.51903272493441,4.13782331453216,4.49288985687062,5.31467858011603
2009-06-24,0.729342072296468,0.808373241065752,1.30151723422678,2.44387796312266,3.64075802740362,4.25955854938416,4.63492110481634,5.36540916482187
2009-06-25,0.719359963660793,0.798413107435891,1.32125739275057,2.43373572709424,3.64075802740362,4.25955854938416,4.62477592805024,5.46687133786714
2009-06-26,0.719359963660793,0.808373241065752,1.31138779920814,2.43373572709424,3.64075802740362,4.25955854938416,4.62477592805024,5.45672506037089
2009-06-30,0.719359963660793,0.798413107435891,1.31138779920814,2.40330910155198,3.57989513122128,4.21897992130689,4.59434047861307,5.43643254549746
2009-07-01,0.699395007356607,0.758567639638663,1.17311140090859,2.28160383816385,3.4683144274565,4.11753429818578,4.47259989439199,5.37555532191965
2009-07-02,0.609540507547912,0.609076789555907,1.02474622966398,2.08890789579863,3.28573137755557,3.96536840262907,4.38129573139281,5.33497077383671
2009-07-03,0.629509899176206,0.629015324035365,1.02474622966398,2.11933323990816,3.30601816490461,3.96536840262907,4.38129573139281,5.33497077383671
2009-07-06,0.629509899176206,0.638983850071995,1.01484740929259,2.09904966336878,3.2958747644078,3.96536840262907,4.38129573139281,5.34511689077914
2009-07-07,0.619525326599479,0.609076789555907,0.975242353721484,2.05848267590234,3.27558800434926,3.94507984696537,4.38129573139281,5.30453250334026
2009-07-08,0.619525326599479,0.609076789555907,0.94552829385286,2.03819926499658,3.19444151010757,3.90450289838871,4.34071645450895,5.29438643995588
2009-07-09,0.58957013002825,0.549249323486656,0.836501351546559,1.957066173806,3.05243724886402,3.782773355407,4.22912455803883,5.17263472432921
2009-07-10,0.509678759005538,0.559221803816179,0.776982111050373,1.92664149258339,2.98143612319994,3.7219093172228,4.20883529810194,5.17263472432921
2009-07-13,0.519666043349076,0.579165281141769,0.826583931013758,1.94692459957786,3.07272340787119,3.75234127517696,4.23926920829656,5.25380232035744
2009-07-14,0.549626416899152,0.629015324035365,0.886073747574656,2.01791590932339,3.14372539503744,3.81320555787803,4.27984794455942,5.28424038996416
2009-07-15,0.549626416899152,0.638983850071995,0.935621650355323,2.10919144473907,3.20458477409975,3.95522411801701,4.42187522438195,5.34511689077914
2009-07-17,0.559612714967628,0.668886464016971,1.01484740929259,2.11933323990816,3.2958747644078,3.98565701252931,4.46245493339468,5.39584767626182
2009-07-20,0.539639872275899,0.638983850071995,0.99504683670304,2.15990055854591,3.34659190331181,4.0059456766558,4.51317987331947,5.52774928359903
2009-07-21,0.529653081097869,0.619046303873994,1.00494761170289,2.20046809785788,3.42774003467103,4.0972453359988,4.58419535575865,5.57848127255944
2009-07-22,0.519666043349076,0.609076789555907,1.01484740929259,2.21061001715623,3.397309383168,4.08710087521833,4.57405024638529,5.5480420391004
2009-07-23,0.509678759005538,0.609076789555907,1.06433174289933,2.40330910155198,3.60018270886306,4.23926920829656,4.72622830192195,5.59877416165553
2009-07-24,0.509678759005538,0.629015324035365,1.22251771941695,2.53515870619245,3.6204703409273,4.30013739381214,4.81753658955588,5.60892062623686
2009-07-27,0.459738638134866,0.559221803816179,1.15334205594753,2.42359350482211,3.6204703409273,4.27984794455942,4.82768202212494,5.62921359545983
2009-07-28,0.479715426374483,0.569193789677236,1.07422568010485,2.35259833420429,3.53932013924658,4.23926920829656,4.74651893829663,5.57848127255944
2009-07-29,0.479715426374483,0.579165281141769,1.12368072915281,2.25117783219122,3.49874536508621,4.15811238502772,4.66535671595796,5.52774928359903
2009-07-30,0.479715426374483,0.579165281141769,1.12368072915281,2.35259833420429,3.60018270886306,4.25955854938416,4.76680962851441,5.57848127255944
2009-07-31,0.49969122807525,0.599106781025149,1.12368072915281,2.38302475332286,3.6204703409273,4.24941387207876,4.74651893829663,5.56833484804717
2009-08-03,0.49969122807525,0.609076789555907,1.19287684935454,2.35259833420429,3.60018270886306,4.25955854938416,4.76680962851441,5.57848127255944
2009-08-04,0.49969122807525,0.619046303873994,1.18299461210203,2.38302475332286,3.64075802740362,4.25955854938416,4.72622830192195,5.57848127255944
2009-08-05,0.469727155572031,0.569193789677236,1.14345592178822,2.372882599852,3.64075802740362,4.30013739381214,4.80739117043871,5.62921359545983
2009-08-06,0.469727155572031,0.539276348656692,0.975242353721484,2.23089389710809,3.55960760801233,4.23926920829656,4.69579244833793,5.57848127255944
2009-08-07,0.489703450534229,0.579165281141769,1.05443682944273,2.33231412362411,3.65090189104309,4.33057166906403,4.80739117043871,5.67994625214414
2009-08-10,0.469727155572031,0.549249323486656,1.03464407302489,2.33231412362411,3.65090189104309,4.36100606593262,4.81753658955588,5.67994625214414
2009-08-11,0.489703450534229,0.569193789677236,0.985145084109185,2.3120299681221,3.60018270886306,4.31028213871434,4.81753658955588,5.67994625214414
2009-08-12,0.479715426374483,0.549249323486656,0.965338645340097,2.3120299681221,3.60018270886306,4.31028213871434,4.81753658955588,5.67994625214414
2009-08-13,0.489703450534229,0.559221803816179,0.925714028096714,2.23089389710809,3.5494638668234,4.31028213871434,4.81753658955588,5.67994625214414
2009-08-14,0.489703450534229,0.559221803816179,0.94552829385286,2.28160383816385,3.60018270886306,4.36100606593262,4.86826388689492,5.73067924245658
2009-08-17,0.49969122807525,0.579165281141769,0.99504683670304,2.3120299681221,3.6204703409273,4.41173033087927,4.88855489995843,5.73067924245658
2009-08-18,0.489703450534229,0.569193789677236,0.975242353721484,2.27146182239502,3.65090189104309,4.41173033087927,4.88855489995843,5.73067924245658
2009-08-19,0.49969122807525,0.579165281141769,0.94552829385286,2.25117783219122,3.57989513122128,4.38129573139281,4.80739117043871,5.73067924245658
2009-08-20,0.509678759005538,0.589136278241753,0.94552829385286,2.25117783219122,3.5494638668234,4.36100606593262,4.78710037256513,5.70023940824247
2009-08-21,0.49969122807525,0.579165281141769,0.94552829385286,2.23089389710809,3.49874536508621,4.31028213871434,4.76680962851441,5.67994625214414
2009-08-24,0.519666043349076,0.599106781025149,0.975242353721484,2.28160383816385,3.49874536508621,4.31028213871434,4.76680962851441,5.67994625214414
2009-08-25,0.509678759005538,0.609076789555907,1.0445409395512,2.35259833420429,3.47845805971232,4.27984794455942,4.71608300392894,5.67994625214414
2009-08-26,0.509678759005538,0.609076789555907,1.08411864125113,2.39316692055662,3.48860170558931,4.27984794455942,4.69579244833793,5.56833484804717
2009-08-27,0.529653081097869,0.629015324035365,1.0445409395512,2.39316692055662,3.47845805971232,4.23926920829656,4.69579244833793,5.52774928359903
2009-08-28,0.509678759005538,0.609076789555907,1.06433174289933,2.40330910155198,3.44802720381361,4.20883529810194,4.61463076476016,5.52774928359903
2009-08-31,0.519666043349076,0.619046303873994,1.06433174289933,2.39316692055662,3.47845805971232,4.18854609227832,4.61463076476016,5.52774928359903
2009-09-01,0.509678759005538,0.619046303873994,1.10390163615737,2.46416247644303,3.49874536508621,4.25955854938416,4.65521149877146,5.52774928359903
2009-09-02,0.519666043349076,0.629015324035365,1.12368072915281,2.54530107971085,3.60018270886306,4.21897992130689,4.67550194661539,5.52774928359903
2009-09-03,0.529653081097869,0.658919420018833,1.19287684935454,2.56558586797149,3.60018270886306,4.36100606593262,4.76680962851441,5.52774928359903
2009-09-04,0.539639872275899,0.678853014098202,1.22251771941695,2.60615560935111,3.68133356355116,4.41173033087927,4.80739117043871,5.52774928359903
2009-09-07,0.539639872275899,0.678853014098202,1.22251771941695,2.60615560935111,3.68133356355116,4.38129573139281,4.80739117043871,5.52774928359903
2009-09-08,0.539639872275899,0.678853014098202,1.24227343329775,2.63658305959531,3.75234127517696,4.41173033087927,4.81753658955588,5.52774928359903
2009-09-09,0.549626416899152,0.698784632709781,1.27189970870667,2.65686809507615,3.69147748157941,4.39144058438341,4.86826388689492,5.5480420391004
2009-09-10,0.569598766505308,0.728678357477364,1.29164569760665,2.65686809507615,3.70162141320163,4.41173033087927,4.8581184005309,5.53789565466842
2009-09-11,0.569598766505308,0.728678357477364,1.33112601502994,2.68729575124811,3.75234127517696,4.51317987331947,4.91899152037336,5.52774928359903
2009-09-14,0.539639872275899,0.698784632709781,1.3508603466148,2.73800878598192,3.7624852883358,4.4827448688844,4.91899152037336,5.55818843689373
2009-09-15,0.539639872275899,0.698784632709781,1.3508603466148,2.60615560935111,3.77262931507958,4.4827448688844,4.80739117043871,5.52774928359903
2009-09-16,0.549626416899152,0.718714276237264,1.39031736318884,2.73800878598192,3.79291740931673,4.49288985687062,4.8581184005309,5.52774928359903
2009-09-17,0.559612714967628,0.728678357477364,1.41989994085634,2.73800878598192,3.77262931507958,4.5030348583494,5.00015643271432,5.5480420391004
2009-09-21,0.549626416899152,0.708749701336053,1.39031736318884,2.77857946067663,3.80306147680751,4.53346994372832,4.99001077165642,5.5480420391004
2009-09-22,0.559612714967628,0.728678357477364,1.41989994085634,2.73800878598192,3.80306147680751,4.53346994372832,4.97986512402895,5.5480420391004
2009-09-23,0.559612714967628,0.738641945088325,1.41989994085634,2.74815143408389,3.79291740931673,4.53346994372832,4.95957386907024,5.55818843689373
2009-09-24,0.539639872275899,0.698784632709781,1.37059079548951,2.71772353092921,3.75234127517696,4.51317987331947,4.95957386907024,5.55818843689373
2009-09-25,0.549626416899152,0.708749701336053,1.3508603466148,2.71772353092921,3.79291740931673,4.51317987331947,4.97986512402895,5.55818843689373
2009-09-28,0.539639872275899,0.698784632709781,1.38045456438718,2.76843677143259,3.80306147680751,4.51317987331947,5.00015643271432,5.56833484804717
2009-09-29,0.539639872275899,0.698784632709781,1.37059079548951,2.83943588403395,3.94507984696537,4.59434047861307,5.04073921122477,5.62921359545983
2009-09-30,0.529653081097869,0.698784632709781,1.44947379446236,2.88000710702625,3.89435869515846,4.62477592805024,5.08132220452084,5.63936010009896
2009-10-01,0.539639872275899,0.708749701336053,1.46918485270398,2.92057854919039,3.91464711518581,4.62477592805024,5.06103068102965,5.64950661808821
2009-10-02,0.529653081097869,0.698784632709781,1.41989994085634,2.88000710702625,3.93493558947542,4.59434047861307,5.04073921122477,5.62921359545983
2009-10-05,0.529653081097869,0.698784632709781,1.44947379446236,2.95100727459443,3.98565701252931,4.59434047861307,5.05088493941579,5.67994625214414
2009-10-06,0.529653081097869,0.698784632709781,1.42975886114449,2.92057854919039,3.98565701252931,4.62477592805024,5.04073921122477,5.66979969411205
2009-10-07,0.529653081097869,0.698784632709781,1.46918485270398,2.95100727459443,4.03637877449718,4.64506629505717,5.06103068102965,5.7103860063062
2009-10-08,0.529653081097869,0.708749701336053,1.53814306239841,3.07272340787119,4.08710087521833,4.69579244833793,5.14219709701156,5.76111919672075
2009-10-09,0.539639872275899,0.718714276237264,1.50859535008951,3.12343904464947,4.12767879958968,4.70593771940051,5.17263472432921,5.78141256624143
2009-10-13,0.539639872275899,0.738641945088325,1.6168944254531,3.17415502309746,4.15811238502772,4.74651893829663,5.1827806269189,5.78141256624143
2009-10-14,0.539639872275899,0.728678357477364,1.57752647427412,3.17415502309746,4.12767879958968,4.74651893829663,5.17263472432921,5.78141256624143
2009-10-15,0.539639872275899,0.728678357477364,1.58736991103581,3.26544464479013,4.25955854938416,4.86826388689492,5.26394833016368,5.86258657753163
2009-10-16,0.529653081097869,0.728678357477364,1.6660826413375,3.28573137755557,4.31028213871434,4.90884596679411,5.27409435336634,5.8017059890928
2009-10-19,0.529653081097869,0.728678357477364,1.65624692808564,3.26544464479013,4.32042689713206,4.88855489995843,5.27409435336634,5.9640552906157
2009-10-20,0.529653081097869,0.728678357477364,1.64641025006951,3.27558800434926,4.34071645450895,4.88855489995843,5.30453250334026,5.98434919299609
2009-10-21,0.519666043349076,0.728678357477364,1.67591738999295,3.28573137755557,4.37115089190878,4.92913708739187,5.31467858011603,6.03508418181262
2009-10-22,0.519666043349076,0.728678357477364,1.69558399431402,3.36687885434914,4.45230998589377,5.04073921122477,5.43643254549746,6.19743837994076
2009-10-23,0.539639872275899,0.768529746681956,1.78403601671651,3.34659190331181,4.47259989439199,5.08132220452084,5.46687133786714,6.22788017077569
2009-10-26,0.519666043349076,0.758567639638663,1.86259459479921,3.49874536508621,4.51317987331947,5.12190541252189,5.47701762873471,6.23802746094535
2009-10-27,0.519666043349076,0.748605039126105,1.8233229982485,3.43788361242914,4.51317987331947,5.1016137816883,5.47701762873471,6.22788017077569
2009-10-28,0.49969122807525,0.708749701336053,1.73490563624856,3.35673537201209,4.46245493339468,5.1016137816883,5.47701762873471,6.21773289388423
2009-10-29,0.509678759005538,0.708749701336053,1.67591738999295,3.2958747644078,4.44216505189048,5.0204477951163,5.39584767626182,6.20758563027217
2009-10-30,0.489703450534229,0.678853014098202,1.64641025006951,3.24515796661873,4.41173033087927,5.0204477951163,5.37555532191965,6.15684951144617
2009-11-02,0.489703450534229,0.678853014098202,1.6168944254531,3.26544464479013,4.42187522438195,4.99001077165642,5.37555532191965,6.13655515691478
2009-11-03,0.49969122807525,0.698784632709781,1.69558399431402,3.24515796661873,4.42187522438195,4.99001077165642,5.37555532191965,6.14670232753645
2009-11-04,0.509678759005538,0.708749701336053,1.6660826413375,3.28573137755557,4.44216505189048,5.00015643271432,5.36540916482187,6.13655515691478
2009-11-05,0.509678759005538,0.698784632709781,1.6168944254531,3.26544464479013,4.42187522438195,4.96971948983314,5.34511689077914,6.11626085554053
2009-11-06,0.509678759005538,0.698784632709781,1.6168944254531,3.26544464479013,4.41173033087927,4.96971948983314,5.35526302110794,6.11626085554053
2009-11-09,0.49969122807525,0.678853014098202,1.57752647427412,3.20458477409975,4.36100606593262,4.94942826174158,5.30453250334026,6.09596660733329
2009-11-10,0.509678759005538,0.678853014098202,1.51844555489333,3.11329588995501,4.28999266242676,4.84797292761372,5.19292654291506,6.01479014637236
2009-11-11,0.469727155572031,0.609076789555907,1.40017919207036,3.09300962157169,4.23926920829656,4.82768202212494,5.1827806269189,6.00464314860782
2009-11-12,0.509678759005538,0.648951882055826,1.3508603466148,3.05243724886402,4.19869068842535,4.80739117043871,5.16248883514725,6.01479014637236
2009-11-13,0.479715426374483,0.609076789555907,1.32125739275057,3.00172209069804,4.16825694057823,4.78710037256513,5.13205124806035,5.97420223515135
2009-11-16,0.479715426374483,0.609076789555907,1.32125739275057,2.98143612319994,4.15811238502772,4.76680962851441,5.13205124806035,5.94376144147661
2009-11-17,0.479715426374483,0.609076789555907,1.34099366626206,2.9915791001071,4.15811238502772,4.78710037256513,5.13205124806035,5.98434919299609
2009-11-18,0.479715426374483,0.609076789555907,1.34099366626206,3.00172209069804,4.15811238502772,4.78710037256513,5.13205124806035,5.98434919299609
2009-11-19,0.469727155572031,0.609076789555907,1.360726056296,2.98143612319994,4.13782331453216,4.78710037256513,5.11175959039745,5.97420223515135
2009-11-20,0.479715426374483,0.609076789555907,1.32125739275057,2.98143612319994,4.14796784301195,4.77695499381128,5.13205124806035,5.97420223515135
2009-11-23,0.479715426374483,0.609076789555907,1.34099366626206,3.00172209069804,4.15811238502772,4.78710037256513,5.13205124806035,5.98434919299609
2009-11-24,0.489703450534229,0.629015324035365,1.32125739275057,2.97129315997793,4.15811238502772,4.75666427667576,5.13205124806035,5.9640552906157
2009-11-25,0.489703450534229,0.629015324035365,1.34099366626206,3.03215114456064,4.16825694057823,4.79724576477469,5.14219709701156,5.99449616414864
2009-11-26,0.489703450534229,0.629015324035365,1.37059079548951,3.02200811292612,4.14796784301195,4.77695499381128,5.12190541252189,5.98434919299609
2009-11-27,0.489703450534229,0.629015324035365,1.3508603466148,3.05243724886402,4.0972453359988,4.79724576477469,5.14219709701156,5.98434919299609
2009-11-30,0.489703450534229,0.629015324035365,1.3508603466148,3.05243724886402,4.16825694057823,4.80739117043871,5.14219709701156,6.01479014637236
2009-12-01,0.489703450534229,0.629015324035365,1.39031736318884,3.11329588995501,4.23926920829656,4.86826388689492,5.20307247231642,6.07567241230298
2009-12-02,0.49969122807525,0.648951882055826,1.40017919207036,3.11329588995501,4.23926920829656,4.86826388689492,5.21321841512172,6.07567241230298
2009-12-03,0.49969122807525,0.648951882055826,1.40017919207036,3.13358221301072,4.24941387207876,4.88855489995843,5.24365632394888,6.09596660733329
2009-12-04,0.459738638134866,0.599106781025149,1.39031736318884,3.10315274892865,4.22912455803883,4.86826388689492,5.22336437132978,6.10611372479042
2009-12-07,0.469727155572031,0.599106781025149,1.360726056296,3.06258032153028,4.24941387207876,4.89870042665539,5.26394833016368,6.11626085554053
2009-12-09,0.469727155572031,0.599106781025149,1.30151723422678,3.05243724886402,4.26970324021148,4.92913708739187,5.34511689077914,6.21773289388423
2009-12-10,0.49969122807525,0.638983850071995,1.32125739275057,3.0422941898737,4.28999266242676,4.92913708739187,5.33497077383671,6.15684951144617
2009-12-11,0.469727155572031,0.599106781025149,1.31138779920814,3.08286650788543,4.26970324021148,4.96971948983314,5.35526302110794,6.22788017077569
2009-12-14,0.459738638134866,0.579165281141769,1.30151723422678,3.03215114456064,4.27984794455942,4.96971948983314,5.37555532191965,6.23802746094535
2009-12-15,0.479715426374483,0.599106781025149,1.28177318916389,3.07272340787119,4.30013739381214,4.94942826174158,5.37555532191965,6.23802746094535
2009-12-16,0.459738638134866,0.569193789677236,1.27189970870667,3.08286650788543,4.22912455803883,4.90884596679411,5.32482467028192,6.20758563027217
2009-12-17,0.439760863268468,0.559221803816179,1.30151723422678,3.08286650788543,4.21897992130689,4.92913708739187,5.33497077383671,6.2989114807356
2009-12-18,0.449749874031014,0.569193789677236,1.34099366626206,3.09300962157169,4.20883529810194,4.92913708739187,5.35526302110794,6.20758563027217
2009-12-21,0.459738638134866,0.579165281141769,1.29164569760665,3.11329588995501,4.20883529810194,4.90884596679411,5.32482467028192,6.19743837994076
2009-12-22,0.449749874031014,0.579165281141769,1.3508603466148,3.09300962157169,4.18854609227832,4.87840938670452,5.31467858011603,6.18729114289123
2009-12-23,0.449749874031014,0.579165281141769,1.34099366626206,3.09300962157169,4.16825694057823,4.71608300392894,5.30453250334026,6.15684951144617
2009-12-24,0.459738638134866,0.579165281141769,1.29164569760665,3.08286650788543,4.15811238502772,4.8581184005309,5.28424038996416,6.14670232753645
2009-12-28,0.469727155572031,0.599106781025149,1.31138779920814,3.10315274892865,4.28999266242676,4.86826388689492,5.30453250334026,6.15684951144617
2009-12-29,0.469727155572031,0.599106781025149,1.30151723422678,3.06258032153028,4.18854609227832,4.88855489995843,5.30453250334026,6.13655515691478
2009-12-30,0.469727155572031,0.599106781025149,1.30151723422678,3.09300962157169,4.16825694057823,4.87840938670452,5.30453250334026,6.10611372479042
2010-01-04,0.469727155572031,0.599106781025149,1.32125739275057,3.09808118354142,4.17332922342863,4.87333663511909,5.29945946997405,6.16192310838366
2010-01-05,0.459738638134866,0.589136278241753,1.360726056296,3.16908340988218,4.21390760801343,4.9037731950446,5.31975162352529,6.17207031222313
2010-01-06,0.479715426374483,0.629015324035365,1.44947379446236,3.20965641121702,4.21390760801343,4.9037731950446,5.31975162352529,6.17207031222313
2010-01-07,0.469727155572031,0.629015324035365,1.49874417765172,3.2806596892466,4.24434153849718,4.93420987594047,5.35018995427032,6.18221752934756
2010-01-08,0.469727155572031,0.629015324035365,1.48889203741209,3.20965641121702,4.19361838866055,4.8936276616266,5.31975162352529,6.16192310838366
2010-01-11,0.49969122807525,0.658919420018833,1.48889203741209,3.17922663972781,4.18347379927884,4.883482141651,5.29945946997405,6.20251200344633
2010-01-12,0.469727155572031,0.629015324035365,1.48889203741209,3.13865380231599,4.15304011232793,4.86319114203213,5.27916736999092,6.19236475975569
2010-01-13,0.479715426374483,0.638983850071995,1.48889203741209,3.11836746559382,4.1327510553687,4.84290019619809,5.25887532358593,6.17207031222313
2010-01-14,0.469727155572031,0.629015324035365,1.48889203741209,3.11836746559382,4.1327510553687,4.84290019619809,5.25887532358593,6.17207031222313
2010-01-15,0.469727155572031,0.619046303873994,1.44947379446236,3.04736571765927,4.07188420944244,4.79217306698805,5.22843735445939,6.09089305358999
2010-01-18,0.469727155572031,0.619046303873994,1.43961681227989,3.04736571765927,4.06173978252362,4.79217306698805,5.22843735445939,6.09089305358999
2010-01-19,0.459738638134866,0.609076789555907,1.44947379446236,3.03722266550741,4.03130658305384,4.74144627415478,5.2182913915505,6.09089305358999
2010-01-20,0.479715426374483,0.629015324035365,1.44947379446236,3.05750878348774,4.03130658305384,4.74144627415478,5.24872932047835,6.09089305358999
2010-01-21,0.459738638134866,0.609076789555907,1.49874417765172,3.03722266550741,4.03130658305384,4.74144627415478,5.22843735445939,6.09089305358999
2010-01-22,0.459738638134866,0.609076789555907,1.48889203741209,3.01693660223874,4.02116221033042,4.74144627415478,5.22843735445939,6.09089305358999
2010-01-25,0.469727155572031,0.629015324035365,1.4790389291548,3.00679359112452,4.00087350554104,4.72115565124247,5.20814544204367,6.07059887185544
2010-01-26,0.469727155572031,0.638983850071995,1.55783670167775,3.16908340988218,4.1327510553687,4.85304566239138,5.34004383063456,6.14162874056454
2010-01-27,0.479715426374483,0.648951882055826,1.52829479226302,3.18936988323302,4.1327510553687,4.82260930415899,5.29945946997405,6.14162874056454
2010-01-28,0.49969122807525,0.668886464016971,1.53814306239841,3.11836746559382,4.08202864990688,4.77188230948065,5.24872932047835,6.09089305358999
2010-01-29,0.489703450534229,0.658919420018833,1.52829479226302,3.06765186299152,4.05159536915174,4.7515916058037,5.22843735445939,6.07059887185544
2010-02-01,0.489703450534229,0.648951882055826,1.45932980787578,3.04736571765927,4.03130658305384,4.73130095596728,5.20814544204367,6.05030474331014
2010-02-02,0.479715426374483,0.629015324035365,1.43961681227989,3.00679359112452,3.99072917347763,4.69071981785671,5.16756177806219,6.05030474331014
2010-02-03,0.479715426374483,0.629015324035365,1.45932980787578,3.01693660223874,3.99072917347763,4.69071981785671,5.16756177806219,6.05030474331014
2010-02-04,0.489703450534229,0.648951882055826,1.48889203741209,3.00679359112452,3.99072917347763,4.69071981785671,5.16756177806219,6.05030474331014
2010-02-05,0.479715426374483,0.638983850071995,1.45932980787578,2.9763646398782,3.96029625862808,4.66028410568076,5.13712417085945,6.05030474331014
2010-02-08,0.49969122807525,0.658919420018833,1.4790389291548,2.96622168349923,3.95015198079607,4.63999369825248,5.09654088236482,6.03001066796405
2010-02-09,0.49969122807525,0.658919420018833,1.47,2.93579289649002,3.91971922867154,4.60955818816902,5.06610355686974,6.00971664582701
2010-02-10,0.49969122807525,0.658919420018833,1.47,2.92564999486724,3.9095750050915,4.59941304509532,5.05595780854493,5.999569654715
2010-02-11,0.509678759005538,0.658919420018833,1.41004005122358,2.86479287271544,3.86899824644631,4.55883260760512,5.01537494948043,5.96912876121982
2010-02-12,0.479715426374483,0.629015324035365,1.40017919207036,2.90536423269998,3.89943079507766,4.58926791550081,5.03566635216322,5.97927571241017
2010-02-15,0.479715426374483,0.629015324035365,1.40017919207036,2.93579289649002,3.92986346581652,4.60955818816902,5.05595780854493,5.999569654715
2010-02-16,0.539639872275899,0.708749701336053,1.46918485270398,3.02707962703346,3.98058485497015,4.60955818816902,5.05595780854493,5.999569654715
2010-02-17,0.569598766505308,0.758567639638663,1.50859535008951,3.05750878348774,3.99072917347763,4.60955818816902,5.05595780854493,5.999569654715
2010-02-18,0.559612714967628,0.738641945088325,1.48889203741209,2.99665059369216,3.92986346581652,4.5385424697606,4.974792305252,5.9488348987695
2010-02-19,0.569598766505308,0.748605039126105,1.45932980787578,2.99665059369216,3.91971922867154,4.51825238586334,4.94435546311547,5.93868798751198
2010-02-22,0.569598766505308,0.748605039126105,1.44947379446236,2.98650760994295,3.89943079507766,4.49796235592352,4.9240643022028,5.91839420493843
2010-02-23,0.599555442029498,0.798413107435891,1.46918485270398,3.02707962703346,4.01609002905066,4.63492110481634,5.01030210720137,5.93361453687566
2010-02-24,0.609540507547912,0.808373241065752,1.48889203741209,2.9763646398782,3.85885409071021,4.46752741220637,4.8936276616266,5.87780679959216
2010-02-25,0.58957013002825,0.778491360287958,1.46918485270398,2.95607874080732,3.83856581995727,4.44723751720482,4.87333663511909,5.85751317683927
2010-02-26,0.58957013002825,0.788452480528612,1.4790389291548,2.94847154277134,3.82588567831075,4.44470128412582,4.87080026058684,5.87527009383391
2010-03-01,0.439760863268468,0.529302879278326,1.19287684935454,2.68222446664146,3.52410457340688,4.15304011232793,4.58926791550081,5.67487297145988
2010-03-02,0.469727155572031,0.579165281141769,1.22251771941695,2.90536423269998,3.85885409071021,4.52332490177951,4.93928266784835,5.88288021360632
2010-03-03,0.449749874031014,0.559221803816179,1.24227343329775,2.69236703928557,3.59511080935011,4.31535451623386,4.81246387831571,5.84736638544721
2010-03-04,0.449749874031014,0.539276348656692,1.17311140090859,2.6619393625263,3.62554225744565,4.36607847723214,4.87333663511909,5.90824733362492
2010-03-05,0.469727155572031,0.579165281141769,1.20275811286596,2.71265222574018,3.65597382796257,4.39651301594328,4.8936276616266,5.92854108956786
2010-03-08,0.469727155572031,0.579165281141769,1.2323960628482,2.76082976349843,3.68894150079786,4.41426655298911,4.91645513071859,5.92093092484749
2010-03-09,0.469727155572031,0.579165281141769,1.22251771941695,2.74054444672154,3.69908542902171,4.42948390336937,4.93674627147449,5.96151855656148
2010-03-10,0.469727155572031,0.579165281141769,1.18299461210203,2.66954627013571,3.64329399203851,4.36861468414833,4.87587301049168,5.97673897336486
2010-03-11,0.459738638134866,0.559221803816179,1.18299461210203,2.66954627013571,3.63315013859924,4.35846986154933,4.87587301049168,5.97673897336486
2010-03-12,0.469727155572031,0.569193789677236,1.12368072915281,2.60361999407628,3.56721542283618,4.31281832705173,4.80992752395681,5.93107781280571
2010-03-15,0.469727155572031,0.559221803816179,1.12368072915281,2.58840632045414,3.58243107544993,4.32296308884814,4.80992752395681,5.93615126177776
2010-03-16,0.479715426374483,0.569193789677236,1.05443682944273,2.62897618544833,3.64329399203851,4.38383194337428,4.85558203104091,5.94122471407827
2010-03-17,0.49969122807525,0.599106781025149,1.08411864125113,2.65433246263802,3.67372563395176,4.41933899974045,4.89109128037242,5.97673897336486
2010-03-18,0.479715426374483,0.579165281141769,1.14345592178822,2.67968882562473,3.70922937083857,4.45991869525413,4.93167348124623,5.98688593453667
2010-03-19,0.49969122807525,0.599106781025149,1.10390163615737,2.66447499753821,3.70415739823109,4.46499117237877,4.93167348124623,5.98181245228724
2010-03-22,0.489703450534229,0.589136278241753,1.10390163615737,2.66954627013571,3.70415739823109,4.47006365287745,4.94181906506201,5.99703290901601
2010-03-23,0.509678759005538,0.609076789555907,1.09401062653802,2.65433246263802,3.70415739823109,4.47006365287745,4.94181906506201,6.00210640124561
2010-03-24,0.49969122807525,0.599106781025149,1.10390163615737,2.65433246263802,3.72951729524607,4.48020862399621,4.95196466231422,6.00717989680164
2010-03-25,0.489703450534229,0.589136278241753,1.09401062653802,2.66954627013571,3.74980527401003,4.49542610597544,4.95703746597858,6.01225339568392
2010-03-26,0.49969122807525,0.599106781025149,1.12368072915281,2.69490268459078,3.77516532388804,4.52078864339989,4.98747435849041,6.03762093998392
2010-03-29,0.49969122807525,0.609076789555907,1.16322721559037,2.69997397777413,3.78023734405175,4.5258611610022,4.99254718566187,6.03254742447263
2010-03-30,0.509678759005538,0.619046303873994,1.15334205594753,2.7101165744319,3.78023734405175,4.50557111082717,4.9722558971228,6.07313564166365
2010-03-31,0.509678759005538,0.619046303873994,1.17311140090859,2.69997397777413,3.76502129374823,4.47006365287745,4.96211027300157,6.05791503528088
2010-04-01,0.509678759005538,0.629015324035365,1.18299461210203,2.73547312609959,3.77516532388804,4.47006365287745,4.96211027300157,6.05791503528088
2010-04-05,0.469727155572031,0.589136278241753,1.31138779920814,2.90789994997533,3.91211105971472,4.55629633742467,5.04834850610958,6.09850338545128
2010-04-06,0.579584571520186,0.768529746681956,1.46918485270398,3.08033073160008,4.01355393968132,4.6120944760434,5.09400443396095,6.13401836633578
2010-04-07,0.649478305009055,0.917902168569462,1.81350269567737,3.33898431073656,4.18093765404766,4.74398260580504,5.19039006265922,6.18475433570427
2010-04-08,0.649478305009055,0.897992254244251,1.69558399431402,3.18683407107621,4.01862611926702,4.5816590771514,5.01791137187877,6.08835627796471
2010-04-09,0.649478305009055,0.90794745777778,1.73490563624856,3.22740716801111,4.04905926792563,4.5918041966357,5.00776568732069,6.07313564166365
2010-04-12,0.639494225310067,0.897992254244251,1.75456067689961,3.23247882048978,4.03384267835205,4.5816590771514,4.99254718566187,6.07313564166365
2010-04-13,0.699395007356607,0.987571351472205,1.8527781373443,3.21219223105589,4.01355393968132,4.55122379959212,4.94689186200865,6.03762093998392
2010-04-14,0.689412159664116,0.987571351472205,1.9116624737272,3.24262213568647,4.05920367791059,4.57658652246473,4.97732871422072,6.04269445882055
2010-04-15,0.739323934609182,1.06716373478832,1.99012117669373,3.28319553297465,4.10485369047147,4.61716705431923,5.01791137187877,6.06298856741729
2010-04-16,0.699395007356607,1.01742218649203,1.96070635597057,3.21726387329402,4.09470921953403,4.60702190113698,5.00269285007715,6.06298856741729
2010-04-19,0.739323934609182,1.05721640924905,1.94109168116618,3.21219223105589,4.05920367791059,4.5816590771514,4.96718308338302,6.04776798098237
2010-04-20,0.739323934609182,1.05721640924905,1.92147316915126,3.21219223105589,4.05920367791059,4.58673163520846,4.96211027300157,6.04776798098237
2010-04-21,0.729342072296468,1.04726859169535,1.94109168116618,3.21219223105589,4.06934810144279,4.5918041966357,4.96718308338302,6.05284150646919
2010-04-22,0.719359963660793,1.03732028207926,1.92147316915126,3.21219223105589,4.08456476213936,4.61716705431923,4.99254718566187,6.05791503528088
2010-04-23,0.739323934609182,1.05721640924905,1.95089949812477,3.23247882048978,4.10485369047147,4.63745740111334,5.02805706986378,6.06298856741729
2010-04-26,0.719359963660793,1.03732028207926,1.93128290491096,3.25276546453461,4.11499817495036,4.65267519657984,5.03820278127447,6.06298856741729
2010-04-27,0.719359963660793,1.03732028207926,1.93128290491096,3.22233551894582,4.11499817495036,4.65774780180512,5.04327564201406,6.06806210287829
2010-04-28,0.729342072296468,1.04726859169535,1.9116624737272,3.21726387329402,4.11499817495036,4.65774780180512,5.04834850610958,6.06806210287829
2010-04-29,0.729342072296468,1.04726859169535,1.92147316915126,3.25783713407755,4.16064852264655,4.69325613267648,5.07371287692093,6.11118728850393
2010-04-30,0.899000241026293,1.2958165403818,2.07831390745206,3.40491703454346,4.30774595122168,4.76934596857699,5.12951478791823,6.09850338545128
2010-05-03,0.90897791763922,1.32562166401495,2.17621495205123,3.42520414236076,4.32803547481415,4.78456402661516,5.13966063351639,6.09850338545128
2010-05-04,0.9688388095066,1.42494018847561,2.25446703250665,3.47085033424339,4.37368710051349,4.82007294643707,5.1700982507767,6.11372407160686
2010-05-05,0.958862609352629,1.40508040679244,2.27402051572323,3.44041950899783,4.36354227116025,4.83021838236892,5.1700982507767,6.08835627796471
2010-05-06,0.948886163147478,1.39514978051913,2.27402051572323,3.46577852152101,4.37368710051349,4.83021838236892,5.16502530618572,6.07820918377331
2010-05-07,0.918955348145012,1.34548929289302,2.20556663815685,3.41506058163745,4.32296308884814,4.78963671935613,5.12951478791823,6.05284150646919
2010-05-10,0.988790471724954,1.44479800932729,2.24468886101814,3.45056310378871,4.36354227116025,4.7997821149294,5.13458770904074,6.05284150646919
2010-05-11,0.988790471724954,1.44479800932729,2.24468886101814,3.46070671220431,4.39397679974134,4.82514566272161,5.15487942706037,6.06298856741729
2010-05-12,0.988790471724954,1.45472618456921,2.30334359391282,3.51649680197468,4.44977375112749,4.88094576375764,5.24111982694024,6.07820918377331
2010-05-13,1.01871612000437,1.5043597108102,2.34242769893722,3.52156864874515,4.44470128412582,4.87080026058684,5.23097384728053,6.06806210287829
2010-05-14,0.90897791763922,1.34548929289302,2.27402051572323,3.50635311864613,4.41933899974045,4.84036383175108,5.19039006265922,6.04776798098237
2010-05-17,0.90897791763922,1.34548929289302,2.27402051572323,3.52156864874515,4.42441144986727,4.84036383175108,5.19039006265922,6.04776798098237
2010-05-18,0.918955348145012,1.34548929289302,2.19578369729145,3.43534771671208,4.34325265298143,4.77949133723823,5.13458770904074,6.03762093998392
2010-05-19,0.899000241026293,1.31568711356067,2.18599980198153,3.38970173946027,4.29252884400582,4.73383728425207,5.10415023260782,6.02747391228684
2010-05-20,0.819169966771227,1.19643421638749,2.07831390745206,3.35927124131796,4.26716706623704,4.7034014003724,5.05342137356091,5.95644509094879
2010-05-24,0.859087073247444,1.24613151690234,2.07831390745206,3.20712059223163,4.12007042226743,4.57658652246473,4.93167348124623,5.8651232791268
2010-05-25,0.7992099362788,1.14672463273813,1.98031719506719,3.14118959824972,4.06427588798337,4.52078864339989,4.88094576375764,5.80424267069857
2010-05-26,0.899000241026293,1.2958165403818,2.04892494737052,3.16147599646286,4.08456476213936,4.54107873404113,4.90123681042995,5.80424267069857
2010-05-27,0.859087073247444,1.24613151690234,2.09790176380498,3.24262213568647,4.17586536612253,4.65267519657984,5.02298421919298,5.84482968968114
2010-05-28,0.889022318290245,1.2958165403818,2.15664238757807,3.31869743471136,4.22658839758774,4.68311087844799,5.04834850610958,5.86004987676909
2010-05-31,0.889022318290245,1.2958165403818,2.15664238757807,3.34405603826766,4.24180537297423,4.69325613267648,5.05849424436784,5.8651232791268
2010-06-01,0.928932532559656,1.36535495938883,2.23490973602836,3.39477350108006,4.26209472082335,4.71354668153448,5.07878576114884,5.87527009383391
2010-06-02,0.97881476362538,1.44479800932729,2.30334359391282,3.4454913046901,4.27731176720496,4.72876462852387,5.09907733160728,5.88034350618298
2010-06-03,0.988790471724954,1.46465386974715,2.34242769893722,3.42520414236076,4.25702237879009,4.70847403927024,5.07878576114884,5.88034350618298
2010-06-04,1.00874114989846,1.48450777011089,2.32288755045396,3.38970173946027,4.22151607922174,4.67803825638442,5.04834850610958,5.86004987676909
2010-06-07,1.00874114989846,1.48450777011089,2.32288755045396,3.42520414236076,4.25195004013736,4.70847403927024,5.08893153966901,5.91585748586165
2010-06-08,1.05861354081949,1.5738260765179,2.4205502419159,3.49113761918671,4.28238412275888,4.73383728425207,5.09907733160728,5.92093092484749
2010-06-09,1.09850702683811,1.63334958536776,2.4498305127798,3.52664049891955,4.28238412275888,4.74398260580504,5.11429604467091,5.92600436716222
2010-06-10,1.10847978362649,1.65318684094995,2.48885758031747,3.55707167143904,4.29760120969855,4.75920061337367,5.11429604467091,5.92600436716222
2010-06-11,1.14836835225063,1.69285548339282,2.46934594501802,3.57735918784314,4.30267357877054,4.75920061337367,5.11429604467091,5.92600436716222
2010-06-14,1.15833987984626,1.72260183162543,2.54736971933944,3.58243107544993,4.30267357877054,4.75920061337367,5.11429604467091,5.92600436716222
2010-06-15,1.16831116163052,1.73251630346094,2.55711842427875,3.58243107544993,4.30267357877054,4.75920061337367,5.11429604467091,5.92600436716222
2010-06-16,1.53707589996799,2.00992327672544,2.7616226223186,3.74980527401003,4.40412166961337,4.85050929458231,5.2005359887094,5.97673897336486
2010-06-17,1.53707589996799,2.00992327672544,2.78107748050704,3.76502129374823,4.40919410961333,4.85558203104091,5.21068192816385,5.96659202550183
2010-06-18,1.57692222931605,2.06931788183162,2.81025269316082,3.79545342491625,4.42441144986727,4.86319114203213,5.2157549029173,5.95137162866395
2010-06-21,1.56696101494269,2.06931788183162,2.84913977842471,3.81066953633735,4.42441144986727,4.86319114203213,5.2157549029173,5.93615126177776
2010-06-22,1.59684392219539,2.09900860833301,2.81025269316082,3.77009330712013,4.36861468414833,4.7997821149294,5.15487942706037,5.82960953257419
2010-06-23,1.61676463400351,2.11879999130549,2.7616226223186,3.79038139456602,4.36861468414833,4.79470941546092,5.14980649252637,5.81946277782777
2010-06-24,1.61676463400351,2.13858942696366,2.88801179067377,3.80559749580209,4.3787595202555,4.79470941546092,5.14473356134497,5.82960953257419
2010-06-25,1.61676463400351,2.13858942696366,2.88801179067377,3.81574158026734,4.3787595202555,4.79470941546092,5.14473356134497,5.82960953257419
2010-06-29,1.62672462202984,2.13858942696366,2.82969812065303,3.75487727719304,4.34832505245979,4.7997821149294,5.14473356134497,5.82960953257419
2010-06-30,1.60680440072536,2.11879999130549,2.80052856531388,3.66865368513432,4.27731176720496,4.72369197616147,5.06863999604803,5.80424267069857
2010-07-01,1.61676463400351,2.11879999130549,2.79080349449323,3.65343785907788,4.24687770486536,4.69325613267648,5.04327564201406,5.78902259356155
2010-07-02,1.65660311479776,2.18805449917792,2.85885919412099,3.6585097976972,4.26716706623704,4.69325613267648,5.04327564201406,5.78902259356155
2010-07-05,1.74622535391578,2.31660678246026,2.88801179067377,3.71430134684394,4.31789070626063,4.72876462852387,5.06356711853029,5.79409594927449
2010-07-06,1.75618215489948,2.33637676615839,2.97541876811369,3.75487727719304,4.33818025688095,4.73890994334583,5.06863999604803,5.79916930832021
2010-07-07,1.77609502165499,2.3660280985478,2.98512595361711,3.79545342491625,4.36354227116025,4.7490552716295,5.07371287692093,5.80424267069857
2010-07-08,1.76613871080722,2.35614480677881,3.00453750627039,3.82081362759186,4.33818025688095,4.71861932716493,5.03820278127447,5.7687292040407
2010-07-09,1.77609502165499,2.3660280985478,3.00453750627039,3.79038139456602,4.32803547481415,4.7034014003724,5.02805706986378,5.76365586499399
2010-07-12,1.78605108745877,2.38579322524313,2.99483219960806,3.81574158026734,4.32803547481415,4.68311087844799,5.01283852792129,5.74589920458453
2010-07-13,1.82587290040992,2.45495587694489,3.0724483670852,3.91211105971472,4.39397679974134,4.73383728425207,5.05342137356091,5.77380254642095
2010-07-14,1.855736687709,2.49446671680076,3.11123393609769,3.94254378132142,4.4396288204988,4.75412794081911,5.05849424436784,5.78902259356155
2010-07-15,1.83582774114566,2.46483431458078,3.11123393609769,3.95268804898277,4.44470128412582,4.75920061337367,5.05849424436784,5.78902259356155
2010-07-19,2.16420012655671,2.68203728430283,3.24686542349095,4.01862611926702,4.47513613674997,4.77441865122543,5.06863999604803,5.79916930832021
2010-07-20,2.13435910398374,2.64256327774337,3.27590546417511,4.04398706801377,4.50049860671486,4.78456402661516,5.07371287692093,5.80424267069857
2010-07-21,2.18409291869825,2.73136890059078,3.39198160946275,4.18093765404766,4.60702190113698,4.87587301049168,5.14473356134497,5.80931603640935
2010-07-22,2.24376542628146,2.82999584945465,3.49826684894428,4.19615453812012,4.6019493296001,4.86065477086131,5.13458770904074,5.80424267069857
2010-07-23,2.20398473263828,2.76096206363885,3.44030704615506,4.15050397724697,4.56644142320304,4.83529110537877,5.10415023260782,5.79409594927449
2010-07-26,2.19403894793846,2.76096206363885,3.45963070253408,4.09978145330998,4.53093368197661,4.79470941546092,5.07371287692093,5.77887589213464
2010-07-27,2.20398473263828,2.76096206363885,3.44996933976027,4.11499817495036,4.53600620632297,4.7997821149294,5.07371287692093,5.77887589213464
2010-07-28,2.20398473263828,2.76096206363885,3.42097966575494,4.07949253852093,4.51064361831222,4.78456402661516,5.05849424436784,5.76365586499399
2010-07-29,2.2338206196153,2.80041284251453,3.39198160946275,3.98819309257985,4.42441144986727,4.71354668153448,4.99254718566187,5.68248289373738
2010-07-30,2.29348579262556,2.87929119390906,3.41131457860033,4.01862611926702,4.44470128412582,4.72369197616147,4.9722558971228,5.6571165153404
2010-08-02,2.29348579262556,2.88914881316593,3.48860920768157,4.13528718452738,4.52078864339989,4.78456402661516,5.033129923891,5.70784935553947
2010-08-03,2.29348579262556,2.88914881316593,3.48860920768157,4.14035944538302,4.54615126513087,4.78963671935613,5.02298421919298,5.68755617942602
2010-08-04,2.31337222814787,2.92857445964145,3.53688811648034,4.20122683957613,4.59687676143297,4.83021838236892,5.05849424436784,5.70784935553947
2010-08-05,2.40284909184219,3.05665446467529,3.63337626550297,4.24180537297423,4.65267519657984,4.89109128037242,5.11936895573317,5.71799596360936
2010-08-06,2.40284909184219,3.05665446467529,3.63337626550297,4.23673304446415,4.65774780180512,4.90123681042995,5.12951478791823,5.71292265790677
2010-08-09,2.39290819540816,3.05665446467529,3.66230461730499,4.28238412275888,4.69832876484106,4.94181906506201,5.15995236494688,5.73321590072715
2010-08-10,2.42273015187244,3.10589429608754,3.71050000159645,4.28238412275888,4.69832876484106,4.95196466231422,5.17517119871973,5.73321590072715
2010-08-11,2.41278974399961,3.09604729411372,3.72977167208788,4.25195004013736,4.65267519657984,4.90630958049934,5.10415023260782,5.68248289373738
2010-08-12,2.42273015187244,3.10589429608754,3.72977167208788,4.21644376423742,4.64252999623376,4.88601852038462,5.08385864873155,5.6723363323689
2010-08-13,2.64135734825111,3.15512207604396,3.79719337048812,4.29252884400582,4.69325613267648,4.91138235392892,5.10415023260782,5.67740961138496
2010-08-16,2.68109505600744,3.22402073276784,3.84532399108917,4.28745648169255,4.6729656376882,4.86572751404335,5.04834850610958,5.66218978434645
2010-08-17,2.6910288730404,3.22402073276784,3.81644839067441,4.29252884400582,4.66789302235946,4.85558203104091,5.03820278127447,5.66218978434645
2010-08-18,2.67116099501763,3.19449562691965,3.75867223597393,4.23166071933527,4.60702190113698,4.79470941546092,4.9722558971228,5.57594466517906
2010-08-19,2.66122669007096,3.17480981493912,3.71050000159645,4.20122683957613,4.52078864339989,4.72369197616147,4.87080026058684,5.4694079093305
2010-08-20,2.68109505600744,3.19449562691965,3.71050000159645,4.18093765404766,4.48528111461595,4.6729656376882,4.82007294643707,5.4237497508691
2010-08-23,2.67116099501763,3.18465296176473,3.70086277744974,4.17586536612253,4.4903536086091,4.68818350387872,4.84543656148562,5.4237497508691
2010-08-24,2.68109505600744,3.18465296176473,3.67194554723138,4.16064852264655,4.47006365287745,4.6729656376882,4.83021838236892,5.41867663886992
2010-08-25,2.68109505600744,3.18465296176473,3.67194554723138,4.15050397724697,4.47006365287745,4.7034014003724,4.87080026058684,5.43389598489981
2010-08-26,2.66122669007096,3.16496618637885,3.66230461730499,4.14543170962296,4.48020862399621,4.72369197616147,4.89616404372093,5.42882286621247
2010-08-27,2.65129214115944,3.15512207604396,3.70086277744974,4.17586536612253,4.50557111082717,4.76934596857699,4.94181906506201,5.44404223230595
2010-08-30,2.63142231135394,3.12558685391195,3.65266276049603,4.17586536612253,4.50557111082717,4.76934596857699,4.94181906506201,5.44404223230595
2010-08-31,2.62148703044396,3.10589429608754,3.63337626550297,4.14543170962296,4.48528111461595,4.75920061337367,4.93674627147449,5.44404223230595
2010-09-01,2.64135734825111,3.12558685391195,3.62373162695917,4.15050397724697,4.51064361831222,4.80485481776141,4.98747435849041,5.47448105476434
2010-09-02,2.61155150551318,3.08619981002956,3.60443956688172,4.13528718452738,4.50049860671486,4.78456402661516,4.94689186200865,5.45418849308623
2010-09-03,2.6016157365536,3.0665033953543,3.55619317425671,4.09470921953403,4.45991869525413,4.7490552716295,4.91138235392892,5.40853042490468
2010-09-06,2.5817434664841,3.04680505169408,3.58514379496544,4.13528718452738,4.48528111461595,4.76427328929299,4.92152791086811,5.40853042490468
2010-09-07,2.63142231135394,3.10589429608754,3.58514379496544,4.14543170962296,4.49542610597544,4.77441865122543,4.94181906506201,5.4034573229389
2010-09-08,2.61155150551318,3.07635184379507,3.56584430977946,4.23673304446415,4.55122379959212,4.82514566272161,4.98240153467666,5.41360353021505
2010-09-09,2.5817434664841,3.07635184379507,3.77793465273157,4.30774595122168,4.6019493296001,4.85558203104091,5.00776568732069,5.43389598489981
2010-09-10,2.71089577531569,3.25354150520241,3.80682134269161,4.34325265298143,4.62223963596429,4.86572751404335,5.01283852792129,5.43896910693105
2010-09-13,2.720828860582,3.28305794548633,3.88381186337838,4.42948390336937,4.69832876484106,4.92152791086811,5.06863999604803,5.50999316638507
2010-09-14,2.83007670370594,3.43057520933066,3.92228497091018,4.41426655298911,4.69325613267648,4.90630958049934,5.04834850610958,5.50491999755636
2010-09-15,2.83007670370594,3.43057520933066,3.92228497091018,4.45991869525413,4.71354668153448,4.91645513071859,5.04834850610958,5.50491999755636
2010-09-16,2.81021565388517,3.41091249078929,3.95113011901227,4.52078864339989,4.77949133723823,4.98240153467666,5.11936895573317,5.54550544173975
2010-09-21,3.0286335889036,3.45023600585748,3.99918693705725,4.55629633742467,4.80485481776141,5.00776568732069,5.12951478791823,5.55057863729616
2010-09-22,2.98893000781675,3.40108041065523,3.97035560966774,4.55629633742467,4.80485481776141,5.00776568732069,5.12951478791823,5.55057863729616
2010-09-23,2.97900350363811,3.40108041065523,4.02800997838693,4.53600620632297,4.80485481776141,5.00776568732069,5.12951478791823,5.55057863729616
2010-09-24,3.01870805895366,3.44040584781791,3.99918693705725,4.48528111461595,4.77949133723823,4.98747435849041,5.10922313696243,5.54550544173975
2010-09-27,2.98893000781675,3.40108041065523,3.96074332502749,4.44977375112749,4.76427328929299,4.98240153467666,5.10415023260782,5.54043224952372
2010-09-28,2.97900350363811,3.38141480841259,3.92228497091018,4.45484622150363,4.76934596857699,4.98240153467666,5.09400443396095,5.54043224952372
2010-09-29,2.97900350363811,3.38141480841259,3.92228497091018,4.44977375112749,4.76934596857699,4.98240153467666,5.09400443396095,5.54043224952372
2010-09-30,2.97900350363811,3.38141480841259,3.94151599143822,4.44470128412582,4.76934596857699,4.98240153467666,5.08893153966901,5.49984683206928
2010-10-01,2.96907675587033,3.37158128620807,3.93190094212947,4.40919410961333,4.73890994334583,4.94689186200865,5.04834850610958,5.4846273556596
2010-10-04,2.9591497644974,3.35191279940883,3.93190094212947,4.3533974553158,4.69832876484106,4.91645513071859,5.01791137187877,5.46433476723944
2010-10-05,2.86979587823932,3.20433781044382,3.76830390681882,4.23673304446415,4.62223963596429,4.84543656148562,4.9722558971228,5.45926162849131
2010-10-06,2.85986645021552,3.18465296176473,3.68158555044307,4.18093765404766,4.56644142320304,4.7997821149294,4.93674627147449,5.44404223230595
2010-10-07,2.87972506253809,3.20433781044382,3.67194554723138,4.19615453812012,4.56644142320304,4.7997821149294,4.93674627147449,5.44404223230595
2010-10-08,2.87972506253809,3.20433781044382,3.67194554723138,4.19615453812012,4.56644142320304,4.80992752395681,4.93674627147449,5.44404223230595
2010-10-12,2.88965400313579,3.20433781044382,3.63337626550297,4.13528718452738,4.5258611610022,4.78456402661516,4.92152791086811,5.43389598489981
2010-10-13,2.87972506253809,3.19449562691965,3.64301997662064,4.17586536612253,4.55629633742467,4.8150002335154,4.93167348124623,5.43896910693105
2010-10-14,2.91943936279448,3.25354150520241,3.62373162695917,4.21137145263495,4.56136887862835,4.84036383175108,4.92660069437738,5.47448105476434
2010-10-15,3.01870805895366,3.25354150520241,3.59479214498837,4.14035944538302,4.50557111082717,4.82007294643707,4.90123681042995,5.47448105476434
2010-10-18,2.99885626842222,3.21417951237724,3.56584430977946,4.14543170962296,4.51064361831222,4.83021838236892,4.92152791086811,5.52013951406694
2010-10-19,2.98893000781675,3.21417951237724,3.56584430977946,4.21644376423742,4.55629633742467,4.87080026058684,4.95703746597858,5.54550544173975
2010-10-20,3.0286335889036,3.27321961332938,3.62373162695917,4.24687770486536,4.5918041966357,4.91138235392892,5.02805706986378,5.59623754759688
2010-10-21,3.06833327354727,3.32240646250703,3.66230461730499,4.31789070626063,4.65774780180512,4.9722558971228,5.07371287692093,5.63175022036797
2010-10-22,3.04848391823587,3.30273316621899,3.66230461730499,4.31789070626063,4.65774780180512,4.9722558971228,5.07371287692093,5.63175022036797
2010-10-25,3.03855887532833,3.29289579643621,3.66230461730499,4.31281832705173,4.65774780180512,4.9722558971228,5.07371287692093,5.63175022036797
2010-10-26,3.0286335889036,3.27321961332938,3.64301997662064,4.29252884400582,4.64760259472266,4.96211027300157,5.05849424436784,5.62667697138612
2010-10-27,3.06833327354727,3.33224238910024,3.6912246271239,4.3787595202555,4.71354668153448,5.02298421919298,5.13458770904074,5.68755617942602
2010-10-28,3.10802906253116,3.39124784988165,3.70086277744974,4.3787595202555,4.7490552716295,5.05849424436784,5.19039006265922,5.77380254642095
2010-10-29,3.12787549638749,3.41091249078929,3.68158555044307,4.30267357877054,4.71861932716493,5.033129923891,5.17517119871973,5.7687292040407
2010-11-02,3.03855887532833,3.27321961332938,3.53688811648034,4.18854609227832,4.62223963596429,4.93674627147449,5.07878576114884,5.7281425850197
2010-11-03,3.04848391823587,3.28305794548633,3.54654110988495,4.19108224004663,4.5918041966357,4.89616404372093,5.04834850610958,5.68755617942602
2010-11-04,3.03855887532833,3.26338079991739,3.49826684894428,4.14796784301195,4.53093368197661,4.85050929458231,5.01791137187877,5.6723363323689
2010-11-05,3.03855887532833,3.27321961332938,3.55619317425671,4.22151607922174,4.59687676143297,4.90630958049934,5.05849424436784,5.70277605650757
2010-11-08,3.04848391823587,3.27321961332938,3.50792356027885,4.16064852264655,4.55629633742467,4.87080026058684,5.033129923891,5.68248289373738
2010-11-09,3.00878228546253,3.22402073276784,3.48860920768157,4.10992593101829,4.51571612916983,4.84036383175108,5.02298421919298,5.67740961138496
2010-11-10,3.0286335889036,3.25354150520241,3.54654110988495,4.16064852264655,4.57151397114854,4.89616404372093,5.08385864873155,5.7687292040407
2010-11-11,3.01870805895366,3.25354150520241,3.61408606080538,4.22912455803883,4.65267519657984,4.94181906506201,5.12444187014898,5.80931603640935
2010-11-12,3.05840871763419,3.32240646250703,3.66230461730499,4.29760120969855,4.73383728425207,5.02298421919298,5.21068192816385,5.88034350618298
2010-11-15,3.07825758598312,3.34207783471818,3.67194554723138,4.31281832705173,4.7490552716295,5.02298421919298,5.21068192816385,5.88034350618298
2010-11-16,3.07825758598312,3.35191279940883,3.67194554723138,4.32803547481415,4.76934596857699,5.04327564201406,5.23604683543542,5.91078405020486
2010-11-17,3.17748732161149,3.37158128620807,3.73940611878432,4.34832505245979,4.79470941546092,5.06356711853029,5.25633882155301,5.94629816970704
2010-11-18,3.18740895656511,3.37158128620807,3.6912246271239,4.41426655298911,4.86572751404335,5.12951478791823,5.34258036028852,6.01732689789234
2010-11-19,3.26677327714453,3.49937959090685,3.85494734397973,4.50557111082717,4.94689186200865,5.2157549029173,5.42882286621247,6.09850338545128
2010-11-22,3.27669272251363,3.50920686721157,3.83569971468933,4.53093368197661,4.96718308338302,5.23604683543542,5.43896910693105,6.09342983004619
2010-11-23,3.25685358853001,3.48955183442623,3.83569971468933,4.4903536086091,4.93674627147449,5.2005359887094,5.41360353021505,6.07820918377331
2010-11-24,3.29653088357951,3.54851117167865,3.90305026202853,4.51571612916983,4.94689186200865,5.2157549029173,5.43389598489981,6.04776798098237
2010-11-25,3.27669272251363,3.52885997950914,3.94151599143822,4.5258611610022,4.94689186200865,5.2157549029173,5.43389598489981,6.02747391228684
2010-11-26,3.25685358853001,3.49937959090685,3.90305026202853,4.47513613674997,4.91645513071859,5.19546302400871,5.42882286621247,6.02747391228684
2010-11-29,3.24693365667006,3.47972359772974,3.85494734397973,4.44977375112749,4.91645513071859,5.19039006265922,5.41867663886992,6.02747391228684
2010-11-30,3.2171724014658,3.44040584781791,3.88381186337838,4.4903536086091,4.96211027300157,5.24111982694024,5.47955420354074,6.06298856741729
2010-12-01,3.17748732161149,3.39124784988165,3.85494734397973,4.51571612916983,4.9722558971228,5.26141182645614,5.52013951406694,6.04269445882055
2010-12-02,3.25685358853001,3.49937959090685,3.94151599143822,4.5918041966357,5.02805706986378,5.3070690212788,5.56579824400638,6.07820918377331
2010-12-03,3.25685358853001,3.50920686721157,3.97035560966774,4.61716705431923,5.02298421919298,5.30199598623868,5.56579824400638,6.08328272920704
2010-12-06,3.24693365667006,3.48955183442623,3.92228497091018,4.58673163520846,5.01791137187877,5.3070690212788,5.57087145292288,6.08328272920704
2010-12-07,3.25685358853001,3.49937959090685,3.92228497091018,4.57151397114854,4.98240153467666,5.27663086126005,5.55565183619284,6.05791503528088
2010-12-09,3.19733034818537,3.42074409033177,3.88381186337838,4.56136887862835,4.9722558971228,5.26141182645614,5.54043224952372,6.08328272920704
2010-12-10,3.20725149648027,3.43057520933066,3.86456977353689,4.56136887862835,4.96211027300157,5.23097384728053,5.49984683206928,5.98688593453667
2010-12-13,3.17748732161149,3.38141480841259,3.84532399108917,4.57658652246473,4.97732871422072,5.24111982694024,5.49984683206928,5.98688593453667
2010-12-14,3.18740895656511,3.40108041065523,3.88381186337838,4.60702190113698,5.01791137187877,5.29692295454647,5.54043224952372,6.02240040342668
2010-12-15,3.22709306314994,3.46006568349733,3.87419127994448,4.6120944760434,5.05849424436784,5.35779955578159,5.58609109970964,6.05284150646919
2010-12-16,3.22709306314994,3.45023600585748,3.87419127994448,4.60702190113698,5.06863999604803,5.36794570284163,5.59623754759688,6.06298856741729
2010-12-17,3.36595678706164,3.51903366339634,3.89343152401445,4.6120944760434,5.06863999604803,5.37301878139054,5.59623754759688,6.03762093998392
2010-12-20,3.35603953030184,3.50920686721157,3.89343152401445,4.60702190113698,5.06863999604803,5.37301878139054,5.59623754759688,6.03762093998392
2010-12-21,3.36595678706164,3.50920686721157,3.87419127994448,4.57151397114854,5.04327564201406,5.34765342210641,5.56579824400638,6.02240040342668
2010-12-22,3.37587380069593,3.52885997950914,3.89343152401445,4.6120944760434,5.07371287692093,5.35272648727083,5.55057863729616,6.02240040342668
2010-12-23,3.42545522252014,3.59763075405617,3.90305026202853,4.62731222097843,5.07371287692093,5.35272648727083,5.55057863729616,6.00210640124561
2010-12-24,3.42545522252014,3.60745323123979,3.95113011901227,4.62731222097843,5.07371287692093,5.35272648727083,5.55057863729616,6.00210640124561
2010-12-27,3.43537077768907,3.61727522877509,3.96074332502749,4.66282041039841,5.09400443396095,5.36794570284163,5.55565183619284,6.00210640124561
2010-12-28,3.43537077768907,3.62709674669404,4.0087955379402,4.75412794081911,5.10415023260782,5.3831649485254,5.55565183619284,6.00210640124561
2010-12-29,3.44528608982841,3.63691778506059,4.0087955379402,4.79470941546092,5.12951478791823,5.4034573229389,5.56072503842964,5.99195942011297
2010-12-30,3.46511598505028,3.67619714385814,4.05682473842894,4.78963671935613,5.12951478791823,5.4034573229389,5.56072503842964,5.99195942011297
2011-01-03,3.45520115894615,3.67619714385814,4.09523154469227,4.86065477086131,5.15487942706037,5.40853042490468,5.56072503842964,5.99703290901601
2011-01-04,3.47503056815679,3.69583394712159,4.09523154469227,4.92152791086811,5.27155784630984,5.55057863729616,5.75350919690185,6.20504881644421
2011-01-05,3.46511598505028,3.68601578513417,4.11442943367479,4.97732871422072,5.34765342210641,5.66218978434645,5.87527009383391,6.28622727054315
2011-01-06,3.48494490827367,3.70565162988434,4.10483094854808,4.95196466231422,5.34765342210641,5.66726305668932,5.88034350618298,6.29130095213195
2011-01-07,3.49485900540891,3.74491756955209,4.19118426136045,5.02298421919298,5.4034573229389,5.7281425850197,5.95137162866395,6.3420379504632
2011-01-10,3.52459983910069,3.78417584527035,4.23912621557498,5.11936895573317,5.49984683206928,5.80931603640935,6.02747391228684,6.39784903162852
2011-01-11,3.55433848644537,3.82342646004474,4.25829658212518,5.11429604467091,5.53535906064828,5.85497647774214,6.07820918377331,6.42321783747319
2011-01-12,3.56425088309287,3.85285939542168,4.32536402270234,5.19039006265922,5.63175022036797,5.97673897336486,6.21519607673624,6.62109736465148
2011-01-13,3.55433848644537,3.85285939542168,4.36366814730249,5.13458770904074,5.5810178807747,5.91078405020486,6.12894478766954,6.57543241151788
2011-01-14,3.48494490827367,3.74491756955209,4.31578570525115,5.14980649252637,5.62667697138612,5.97166549776966,6.19490156943316,6.57543241151788
2011-01-17,3.48494490827367,3.75473285686301,4.3349414254612,5.21068192816385,5.6723363323689,5.99195942011297,6.21519607673624,6.58558015572173
2011-01-18,3.55433848644537,3.86266941686486,4.42109691779358,5.29692295454647,5.74336254214582,6.05791503528088,6.28622727054315,6.63124516840241
2011-01-19,3.56425088309287,3.85285939542168,4.37324189301869,5.28424038996416,5.7103860063062,6.01479014637236,6.21265926041821,6.58304321842995
2011-01-20,3.56425088309287,3.86266941686486,4.36366814730249,5.26902134009053,5.69009282352138,5.97420223515135,6.16192310838366,6.53737848864699
2011-01-21,3.55433848644537,3.85285939542168,4.39238664317187,5.29438643995588,5.70531270560657,5.99449616414864,6.16192310838366,6.54245233427315
2011-01-24,3.57416303686264,3.90190471872831,4.52629766345236,5.44657879624726,5.84229299474786,6.10611372479042,6.26339574445329,6.62363431434889
2011-01-25,3.63363085967272,3.99015617499909,4.5836334108742,5.45672506037089,5.85243977947776,6.11118728850393,6.21265926041821,6.59319097256006
2011-01-26,3.6732712188039,4.05876943648753,4.6791202091665,5.48209077918236,5.86765998155465,6.06552533473224,6.15684951144617,6.54245233427315
2011-01-27,3.68318070168616,4.07836892728586,4.74590691637111,5.52267610307571,5.88795363095054,6.07567241230298,6.16192310838366,6.54245233427315
2011-01-28,3.6732712188039,4.05876943648753,4.6791202091665,5.48209077918236,5.85751317683927,6.02493715744103,6.1264079995824,6.54245233427315
2011-01-31,3.68318070168616,4.05876943648753,4.66003012110416,5.44150566920054,5.81692609122362,5.9640552906157,6.07567241230298,6.54245233427315
2011-02-01,3.65345152478191,4.00976235242467,4.59318618279969,5.41614008412443,5.75604586267469,5.93868798751198,6.04015769898658,6.51708313924548
2011-02-02,3.65345152478191,4.00976235242467,4.5836334108742,5.39077458265835,5.74589920458453,5.92854108956786,6.04523121948584,6.51708313924548
2011-02-03,3.65345152478191,4.00976235242467,4.59318618279969,5.43643254549746,5.79155927100141,5.96912876121982,6.11118728850393,6.54245233427315
2011-02-04,3.65345152478191,4.0195647245227,4.63138817405806,5.54296884521417,5.86765998155465,6.04015769898658,6.19236475975569,6.59826485458792
2011-02-07,3.64354131361821,4.0195647245227,4.69820666419896,5.57848127255944,5.93361453687566,6.09596660733329,6.24310111100908,6.63378212140728
2011-02-08,3.65345152478191,4.0195647245227,4.63138817405806,5.59370093437297,5.95898182333918,6.11626085554053,6.23802746094535,6.60841262856842
2011-02-09,3.65345152478191,4.0195647245227,4.59318618279969,5.5480420391004,5.91332076761713,6.09089305358999,6.19236475975569,6.58304321842995
2011-02-10,3.64354131361821,3.99995950260479,4.61228899736987,5.45165192663741,5.82199946526492,6.01986365024378,6.13148157658734,6.55260003545537
2011-02-11,3.66336149317181,4.02936661892284,4.59318618279969,5.45165192663741,5.83721960737977,6.01479014637236,6.13655515691478,6.55260003545537
2011-02-14,3.61380922338039,3.96074332502749,4.5836334108742,5.47701762873472,5.84736638544721,6.01986365024378,6.13655515691478,6.55260003545537
2011-02-15,3.62372016292944,3.96074332502749,4.54541322153279,5.46687133786714,5.84229299474786,6.01479014637236,6.1264079995824,6.54752618320935
2011-02-16,3.6732712188039,4.02936661892284,4.55496963446578,5.44657879624726,5.83214622334316,6.00464314860782,6.15177591783038,6.55260003545537
2011-02-17,3.70299893924919,4.07836892728586,4.62183904036628,5.48716393297239,5.86258657753163,6.01986365024378,6.16192310838366,6.55260003545537
2011-02-18,3.82188798017324,4.12735930046804,4.65048371426313,5.50745658155303,5.903173902962,6.04523121948584,6.16699670864269,6.55260003545537
2011-02-21,3.82188798017324,4.12735930046804,4.68866389072353,5.50745658155303,5.903173902962,6.04523121948584,6.16699670864269,6.55260003545537
2011-02-22,3.82188798017324,4.13715594340491,4.69820666419896,5.50745658155303,5.91839420493843,6.04015769898658,6.16192310838366,6.55767389101112
2011-02-23,3.83179382327103,4.13715594340491,4.68866389072353,5.45672506037089,5.83214622334316,5.97420223515135,6.10611372479042,6.4967878428164
2011-02-24,3.82188798017324,4.13715594340491,4.70774852976064,5.44657879624726,5.81185272051439,5.95390835939038,6.11118728850393,6.4967878428164
2011-02-25,3.85160478180069,4.17633774432069,4.7268295378462,5.47701762873472,5.84229299474786,5.97927571241017,6.11626085554053,6.4967878428164
2011-02-28,3.86150989726453,4.19592578294381,4.74590691637111,5.44657879624726,5.8017059890928,5.9640552906157,6.10104016440014,6.48664021446959
2011-03-01,3.87141477020236,4.20571908696754,4.73636868071381,5.44657879624726,5.79155927100141,5.94376144147661,6.08074595607466,6.46634499751753
2011-03-02,3.87141477020236,4.21551191418068,4.81264917828828,5.50745658155303,5.83214622334316,5.95390835939038,6.0858195031704,6.42575472261417
2011-03-03,3.91103183698949,4.27425886728283,4.82218016239422,5.52774928359903,5.83214622334316,5.94376144147661,6.07567241230298,6.369943440903
2011-03-04,4.01005753333639,4.42105122713432,4.96503634060108,5.60892062623686,5.86258657753163,5.9640552906157,6.09596660733329,6.37501717721278
2011-03-07,4.0001560544356,4.41126840199235,4.99358317436993,5.66472642010081,5.903173902962,5.999569654715,6.11118728850393,6.3800909168376
2011-03-08,4.02985976411951,4.45039684807558,4.98406846590882,5.65965314942631,5.90824733362492,6.00464314860782,6.11626085554053,6.3800909168376
2011-03-09,4.01995876988703,4.44061545012797,4.99358317436993,5.69009282352138,5.92854108956786,6.02493715744103,6.1264079995824,6.369943440903
2011-03-10,4.03976051602584,4.46995821709617,5.02212188498863,5.60384739227688,5.87780679959216,5.98434919299609,6.09089305358999,6.33442737956977
2011-03-11,4.01005753333639,4.40148510102301,4.86029504390917,5.57340805863353,5.86258657753163,5.96912876121982,6.07567241230298,6.33442737956977
2011-03-14,4.01005753333639,4.42105122713432,4.90791828511572,5.55818843689373,5.84229299474786,5.96912876121982,6.07567241230298,6.33442737956977
2011-03-15,3.96054771517917,4.33298866726606,4.81264917828828,5.4922370901046,5.79155927100141,5.93868798751198,6.04523121948584,6.3090588638179
2011-03-16,4.01005753333639,4.42105122713432,4.92696125157543,5.51252975205252,5.82199946526492,5.95898182333918,6.05537827045946,6.27861675438088
2011-03-17,4.01005753333639,4.42105122713432,4.90791828511572,5.50745658155303,5.81185272051439,5.95898182333918,6.05537827045946,6.2684694111109
2011-03-18,4.4850437459143,4.84126323559586,5.20267871307745,5.63936010009896,5.83721960737977,5.95898182333918,6.04523121948584,6.24310111100908
2011-03-21,4.44548285547075,4.79244645431454,5.18368803125835,5.73067924245658,5.87273338890824,5.97927571241017,6.06552533473224,6.25832208111416
2011-03-22,4.52460076802819,4.90958683153675,5.28809230982485,5.81692609122362,5.95390835939038,6.04523121948584,6.1264079995824,6.25832208111416
2011-03-23,4.52460076802819,4.90958683153675,5.27860550157389,5.83721960737977,5.98434919299609,6.05537827045946,6.12133442590006,6.25832208111416
2011-03-24,4.4751538859833,4.85102517029645,5.26911779586481,5.82199946526492,5.98434919299609,6.06045180093351,6.10611372479042,6.27861675438088
2011-03-25,4.4850437459143,4.85102517029645,5.22166579966044,5.77633921886114,5.97420223515135,6.04015769898658,6.09089305358999,6.27861675438088
2011-03-28,4.4751538859833,4.84126323559586,5.24064929235823,5.83214622334316,6.02493715744103,6.07567241230298,6.1264079995824,6.30398517061812
2011-03-29,4.53448941922208,4.9388612697383,5.3165473516037,5.89302705162467,6.08074595607466,6.1264079995824,6.16192310838366,6.34457480908575
2011-03-30,4.53448941922208,4.9388612697383,5.33551289533118,5.90824733362492,6.09596660733329,6.15177591783038,6.18221752934756,6.36486970790848
2011-03-31,4.54437782869732,4.95837519515785,5.36395448811611,5.93361453687566,6.11118728850393,6.18221752934756,6.20251200344633,6.40038590848462
2011-04-01,4.57404160699504,4.99739736752325,5.35447485333496,5.93361453687566,6.10104016440014,6.16192310838366,6.19236475975569,6.39023840603188
2011-04-04,4.59381625085342,5.01690561521251,5.36395448811611,5.95898182333918,6.11626085554053,6.17207031222313,6.20251200344633,6.40038590848462
2011-04-05,4.56415392257981,4.9876425341262,5.41133922662507,5.95390835939038,6.0858195031704,6.1264079995824,6.16699670864269,6.40038590848462
2011-04-06,4.61358992815697,5.06566795843977,5.46817137727462,5.97420223515135,6.1264079995824,6.16192310838366,6.19236475975569,6.39531215560103
2011-04-07,4.61358992815697,5.06566795843977,5.47764027219078,5.97420223515135,6.1264079995824,6.16192310838366,6.20251200344633,6.40038590848462
2011-04-08,4.64324863202581,5.10466932360121,5.48710827322196,5.9640552906157,6.10611372479042,6.15177591783038,6.19236475975569,6.369943440903
2011-04-11,4.63336263899361,5.09491969124376,5.47764027219078,5.90824733362492,6.07567241230298,6.11626085554053,6.15684951144617,6.34457480908575
2011-04-12,4.65313438346726,5.12416717071407,5.51550691467639,5.92854108956786,6.06552533473224,6.09089305358999,6.13148157658734,6.28876411092285
2011-04-13,4.91007916523056,5.23137155922448,5.56282012174858,5.98942267690898,6.10104016440014,6.12133442590006,6.14670232753645,6.28876411092285
2011-04-14,4.91007916523056,5.23137155922448,5.55335926574596,5.93361453687566,6.05537827045946,6.07567241230298,6.11118728850393,6.2481747643919
2011-04-15,4.95947291918153,5.28008194506935,5.49657538053605,5.88288021360632,5.99449616414864,6.01479014637236,6.03508418181262,6.20758563027217
2011-04-18,4.93971614128785,5.25085712908613,5.46817137727462,5.84229299474786,5.94376144147661,5.97420223515135,6.01479014637236,6.19743837994076
2011-04-19,4.93971614128785,5.26059920621513,5.49657538053605,5.88288021360632,5.99449616414864,6.01986365024378,6.05537827045946,6.26339574445329
2011-04-20,4.98910627704507,5.31904176249753,5.53443487596272,5.88288021360632,5.99449616414864,6.01479014637236,6.06045180093351,6.22788017077569
2011-04-21,4.99898358065209,5.33851884180692,5.53443487596272,5.88288021360632,5.99449616414864,6.01479014637236,6.05537827045946,6.22280653067013
2011-04-25,4.99898358065209,5.3482566742673,5.5438975172093,5.86765998155465,5.97927571241017,6.00971664582701,6.04015769898658,6.19236475975569
2011-04-26,4.96935094632178,5.30930251556061,5.5438975172093,5.84229299474786,5.95898182333918,5.999569654715,6.04015769898658,6.18729114289123
2011-04-27,4.97922873227097,5.30930251556061,5.49657538053605,5.83721960737977,5.9488348987695,5.99449616414864,6.05030474331014,6.17207031222313
2011-04-28,4.97922873227097,5.29956279704091,5.48710827322196,5.8017059890928,5.93868798751198,5.97420223515135,6.03001066796405,6.15177591783038
2011-04-29,4.96935094632178,5.28982260689048,5.47764027219078,5.81185272051439,5.93868798751198,5.97420223515135,6.03001066796405,6.14162874056454
2011-05-02,4.96935094632178,5.28982260689048,5.50604159429291,5.8017059890928,5.93361453687566,5.96912876121982,6.02493715744103,6.14670232753645
2011-05-03,4.96935094632178,5.28982260689048,5.49657538053605,5.8017059890928,5.93868798751198,5.98434919299609,6.03508418181262,6.15177591783038
2011-05-04,4.97922873227097,5.29956279704091,5.49657538053605,5.79663262838077,5.92854108956786,5.99449616414864,6.03508418181262,6.14670232753645
2011-05-05,4.96935094632178,5.28982260689048,5.45870158829764,5.77633921886114,5.88288021360632,5.95390835939038,5.99449616414864,6.10104016440014
2011-05-06,4.93971614128785,5.23137155922448,5.41133922662507,5.74082588054075,5.82199946526492,5.90824733362492,5.95898182333918,6.08074595607466
2011-05-09,4.93971614128785,5.23137155922448,5.37343322698192,5.70023940824247,5.78648591695492,5.87780679959216,5.93868798751198,6.06552533473224
2011-05-10,4.91007916523056,5.20213966468752,5.38291107009226,5.71545931034116,5.81185272051439,5.88288021360632,5.93868798751198,6.06552533473224
2011-05-11,4.91007916523056,5.19239475572775,5.3449943224626,5.64950661808821,5.75097253196255,5.81692609122362,5.88288021360632,6.03508418181262
2011-05-12,4.91007916523056,5.18264937463364,5.30706323467189,5.61906710417202,5.73575255983139,5.8067793531374,5.87273338890824,6.03508418181262
2011-05-13,5.21622326919413,5.36773092503928,5.43975932748975,5.70531270560657,5.77633921886114,5.81692609122362,5.85243977947776,6.03508418181262
2011-05-16,5.22609502926752,5.3774673434388,5.45870158829764,5.70531270560657,5.77126587481414,5.79663262838077,5.83214622334316,6.00971664582701
2011-05-17,5.22609502926752,5.3774673434388,5.44923090509197,5.72053261771133,5.76111919672075,5.78648591695492,5.8017059890928,6.02493715744103
2011-05-18,5.22609502926752,5.38720329057529,5.50604159429291,5.73067924245658,5.77126587481414,5.79155927100141,5.8017059890928,6.04523121948584
2011-05-19,5.21622326919413,5.36773092503928,5.47764027219078,5.75097253196255,5.79155927100141,5.81185272051439,5.82707284263815,6.07567241230298
2011-05-20,5.22609502926752,5.3774673434388,5.46817137727462,5.74589920458453,5.79155927100141,5.81185272051439,5.82707284263815,6.0858195031704
2011-05-23,5.22609502926752,5.3774673434388,5.44923090509197,5.72560592841651,5.77126587481414,5.8017059890928,5.82707284263815,6.0858195031704
2011-05-24,5.22609502926752,5.38720329057529,5.46817137727462,5.74589920458453,5.78648591695492,5.82199946526492,5.84229299474786,6.08074595607466
2011-05-25,5.24583782678434,5.40667377124304,5.47764027219078,5.74082588054075,5.78648591695492,5.82199946526492,5.85243977947776,6.08074595607466
2011-05-26,5.23596654846159,5.40667377124304,5.49657538053605,5.76619253410064,5.81185272051439,5.84736638544721,5.88288021360632,6.09596660733329
2011-05-27,5.23596654846159,5.40667377124304,5.50604159429291,5.74589920458453,5.8017059890928,5.84736638544721,5.89810047562853,6.10104016440014
2011-05-30,5.23596654846159,5.40667377124304,5.50604159429291,5.74589920458453,5.8017059890928,5.84736638544721,5.89810047562853,6.10104016440014
2011-05-31,5.23596654846159,5.40667377124304,5.50604159429291,5.73575255983139,5.79155927100141,5.83721960737977,5.88795363095054,6.09089305358999
2011-06-01,5.22609502926752,5.36773092503928,5.43975932748975,5.69009282352138,5.74082588054075,5.79155927100141,5.84736638544721,6.04523121948584
2011-06-02,5.20635126822544,5.3482566742673,5.41133922662507,5.67994625214414,5.73575255983139,5.79155927100141,5.84736638544721,6.04523121948584
2011-06-03,5.21622326919413,5.35799403532877,5.41133922662507,5.67487297145988,5.72560592841651,5.78141256624143,5.83721960737977,6.04015769898658
2011-06-06,5.21622326919413,5.35799403532877,5.42081348842416,5.65965314942631,5.72053261771133,5.78648591695492,5.84229299474786,6.04523121948584
2011-06-07,5.17673381984363,5.29956279704091,5.40186406974197,5.64950661808821,5.72053261771133,5.79155927100141,5.84736638544721,6.04523121948584
2011-06-08,5.21622326919413,5.36773092503928,5.45870158829764,5.7103860063062,5.75097253196255,5.83214622334316,5.89810047562853,6.06552533473224
2011-06-09,5.22609502926752,5.38720329057529,5.45870158829764,5.72053261771133,5.77126587481414,5.85751317683927,5.93361453687566,6.0858195031704
2011-06-10,5.22609502926752,5.38720329057529,5.49657538053605,5.72053261771133,5.77126587481414,5.86258657753163,5.93868798751198,6.0858195031704
2011-06-13,5.22609502926752,5.38720329057529,5.49657538053605,5.75097253196255,5.82199946526492,5.91332076761713,5.999569654715,6.1264079995824
2011-06-14,5.22609502926752,5.38720329057529,5.49657538053605,5.75097253196255,5.81185272051439,5.88795363095054,5.96912876121982,6.07567241230298
2011-06-15,5.35440599434445,5.43587595891903,5.52497134183838,5.75604586267469,5.81185272051439,5.87780679959216,5.94376144147661,6.05537827045946
2011-06-16,5.33466849452591,5.41640830487022,5.53443487596272,5.75097253196255,5.79155927100141,5.85751317683927,5.92346764558875,6.05537827045946
2011-06-17,5.35440599434445,5.43587595891903,5.5438975172093,5.75858252928099,5.79155927100141,5.85751317683927,5.92346764558875,6.05537827045946
2011-06-20,5.35440599434445,5.44560907944458,5.55335926574596,5.75097253196255,5.8017059890928,5.86765998155465,5.93361453687566,6.05537827045946
2011-06-21,5.35440599434445,5.44560907944458,5.57228008537702,5.75097253196255,5.8017059890928,5.86258657753163,5.90824733362492,6.04015769898658
2011-06-22,5.35440599434445,5.44560907944458,5.56282012174858,5.77126587481414,5.81692609122362,5.87273338890824,5.92346764558875,6.03001066796405
2011-06-23,5.3445373647989,5.42614236741024,5.55335926574596,5.73067924245658,5.79916930832021,5.85243977947776,5.90824733362492,6.00464314860782
2011-06-24,5.3445373647989,5.42614236741024,5.55335926574596,5.73575255983139,5.8067793531374,5.85751317683927,5.91332076761713,6.00464314860782
2011-06-28,5.35440599434445,5.43587595891903,5.56282012174858,5.74082588054075,5.8067793531374,5.85751317683927,5.92854108956786,6.01986365024378
2011-06-29,5.35440599434445,5.44560907944458,5.58173915680715,5.75097253196255,5.82707284263815,5.86765998155465,5.94376144147661,6.01479014637236
2011-06-30,5.3445373647989,5.43587595891903,5.58173915680715,5.75097253196255,5.81692609122362,5.86765998155465,5.93868798751198,6.01479014637236
2011-07-01,5.3445373647989,5.43587595891903,5.56282012174858,5.75097253196255,5.81185272051439,5.86258657753163,5.93361453687566,6.01479014637236
2011-07-04,5.3445373647989,5.43587595891903,5.56282012174858,5.76111919672075,5.81185272051439,5.86258657753163,5.93361453687566,6.01479014637236
2011-07-05,5.3445373647989,5.43587595891903,5.57228008537702,5.77126587481414,5.82707284263815,5.87780679959216,5.9488348987695,6.01986365024378
2011-07-06,5.35440599434445,5.43587595891903,5.56282012174858,5.78648591695492,5.84229299474786,5.88795363095054,5.9488348987695,6.00971664582701
2011-07-07,5.3938781053402,5.49426761881833,5.59119733620683,5.83214622334316,5.88795363095054,5.93361453687566,5.97420223515135,6.02493715744103
2011-07-08,5.36427438315457,5.46507390769779,5.56282012174858,5.82199946526492,5.89302705162467,5.93868798751198,5.96912876121982,6.02493715744103
2011-07-11,5.36427438315457,5.45534172901885,5.5438975172093,5.77126587481414,5.84736638544721,5.88795363095054,5.91839420493843,5.99449616414864
2011-07-12,5.3445373647989,5.41640830487022,5.53443487596272,5.75604586267469,5.83214622334316,5.88288021360632,5.90824733362492,5.98942267690898
2011-07-13,5.33466849452591,5.40667377124304,5.51550691467639,5.73575255983139,5.82707284263815,5.87780679959216,5.90824733362492,5.98942267690898
2011-07-14,5.33466849452591,5.40667377124304,5.48710827322196,5.72053261771133,5.8067793531374,5.82707284263815,5.84736638544721,5.9640552906157
2011-07-15,5.32479938349351,5.3774673434388,5.43975932748975,5.69770276081127,5.78648591695492,5.81185272051439,5.85751317683927,5.9488348987695
2011-07-18,5.3445373647989,5.40667377124304,5.44923090509197,5.70531270560657,5.78648591695492,5.81185272051439,5.86258657753163,5.9488348987695
2011-07-19,5.3445373647989,5.41640830487022,5.45870158829764,5.72560592841651,5.81692609122362,5.84736638544721,5.89556376321039,5.95898182333918
2011-07-20,5.3445373647989,5.41640830487022,5.45870158829764,5.67994625214414,5.77633921886114,5.79155927100141,5.83214622334316,5.92854108956786
2011-07-21,5.32479938349351,5.40667377124304,5.4302868553231,5.67487297145988,5.76111919672075,5.78141256624143,5.82707284263815,5.91332076761713
2011-07-22,5.33466849452591,5.41640830487022,5.44923090509197,5.69516611421401,5.7687292040407,5.78902259356155,5.82707284263815,5.903173902962
2011-07-25,5.35440599434445,5.43587595891903,5.46817137727462,5.70531270560657,5.77380254642095,5.79409594927449,5.83214622334316,5.91332076761713
2011-07-26,5.36427438315457,5.43587595891903,5.48710827322196,5.73067924245658,5.8017059890928,5.82199946526492,5.84736638544721,5.91332076761713
2011-07-27,5.37414253125323,5.44560907944458,5.46817137727462,5.70531270560657,5.79663262838077,5.82199946526492,5.83214622334316,5.91332076761713
2011-07-28,5.36427438315457,5.38720329057529,5.43975932748975,5.70023940824247,5.77633921886114,5.79663262838077,5.8067793531374,5.903173902962
2011-07-29,5.32479938349351,5.35799403532877,5.42081348842416,5.64950661808821,5.73067924245658,5.76111919672075,5.77633921886114,5.86765998155465
2011-08-01,5.31164019425923,5.3774673434388,5.38291107009226,5.58862771042932,5.67487297145988,5.70531270560657,5.72053261771133,5.82707284263815
2011-08-02,5.27874034840359,5.28008194506935,5.3165473516037,5.55057863729616,5.62921359545983,5.64443335742488,5.65965314942631,5.78648591695492
2011-08-03,5.26228942209439,5.30930251556061,5.3165473516037,5.47701762873472,5.52774928359903,5.52774928359903,5.5480420391004,5.69009282352138
2011-08-04,5.26228942209439,5.26059920621513,5.23115799516205,5.36033609129185,5.3806284054871,5.39077458265835,5.40599387350369,5.57848127255944
2011-08-05,5.25241854518654,5.25085712908613,5.19318382166034,5.31467858011603,5.30960554005429,5.32482467028192,5.34004383063456,5.51252975205252
2011-08-08,5.1635698134227,5.04616443965578,4.99358317436993,5.12697832861446,5.13205124806035,5.14727002651658,5.16248883514725,5.33497077383671
2011-08-09,5.18989739792719,5.11441848340866,4.91744022031604,5.08639509378095,5.11175959039745,5.12190541252189,5.14727002651658,5.31467858011603
2011-08-10,5.14382300059779,4.9778872276276,4.80311728833094,4.87840938670452,4.91391874190377,4.94942826174158,4.97986512402895,5.17770767394818
2011-08-11,5.15369652748987,5.00715172787469,4.80311728833094,4.91899152037336,4.95957386907024,4.99508360050667,5.03059349645787,5.2182913915505
2011-08-12,5.18331566242658,5.075419008711,4.91744022031604,5.02552064410882,5.03566635216322,5.05595780854493,5.0762493186155,5.26902134009053
2011-08-16,5.20635126822544,5.09491969124376,4.95551892340274,5.02552064410882,5.04581207364234,5.06610355686974,5.09146798639568,5.29945946997405
2011-08-17,5.20964196198292,5.12416717071407,4.96503634060108,5.05088493941579,5.08132220452084,5.10668668436587,5.13712417085945,5.35018995427032
2011-08-18,5.21622326919413,5.01690561521251,4.86029504390917,4.84290019619809,4.85304566239138,4.89870042665539,4.98493794616381,5.20814544204367
2011-08-19,5.08786846265075,4.89982773860298,4.66003012110416,4.6501388952302,4.69579244833793,4.78202768150617,4.87333663511909,5.12697832861446
2011-08-22,5.13065792320155,4.96813144798747,4.69820666419896,4.68564719074247,4.76173695091273,4.86319114203213,4.974792305252,5.19799950594018
2011-08-23,5.06811795427797,4.92910359706045,4.65048371426313,4.62477592805024,4.71101035998158,4.80739117043871,4.91899152037336,5.13712417085945
2011-08-24,5.13065792320155,4.9388612697383,4.68866389072353,4.68564719074247,4.74651893829663,4.85304566239138,4.96971948983314,5.17770767394818
2011-08-25,5.13065792320155,5.00715172787469,4.77451618172786,4.67550194661539,4.69579244833793,4.84290019619809,4.95957386907024,5.17263472432921
2011-08-26,5.13394923271449,4.92910359706045,4.66003012110416,4.64506629505717,4.68564719074247,4.84797292761372,4.9646466777725,5.16248883514725
2011-08-29,5.1471142030044,4.9778872276276,4.7268295378462,4.66028410568076,4.72115565124247,4.87840938670452,4.99508360050667,5.1827806269189
2011-08-30,5.1800247545204,4.92910359706045,4.68866389072353,4.66535671595796,4.71608300392894,4.86826388689492,4.974792305252,5.16248883514725
2011-08-31,5.20964196198292,5.01690561521251,4.79358449237033,4.7515916058037,4.79217306698805,4.90884596679411,5.0204477951163,5.19799950594018
2011-09-01,,4.9876425341262,4.75544424496999,4.74651893829663,4.78710037256513,4.89870042665539,5.00522926827929,5.20307247231642
2011-09-02,,4.94861846909078,4.71728948758443,4.68057456699529,4.7515916058037,4.83275474345353,4.92913708739187,5.12190541252189
2011-09-05,5.0911601203012,4.90958683153675,4.64093639863705,4.61970334472062,4.67042932960289,4.74144627415478,4.83782746814465,5.03059349645787
2011-09-06,5.05495041299664,4.76315069767796,4.54541322153279,4.52839742106792,4.58926791550081,4.66535671595796,4.74651893829663,4.94435546311547
2011-09-07,5.08128506699812,4.79244645431454,4.61228899736987,4.56897769675444,4.63999369825248,4.71608300392894,4.80739117043871,5.00522926827929
2011-09-08,5.13394923271449,4.84126323559586,4.61228899736987,4.60448561494735,4.67042932960289,4.74651893829663,4.83782746814465,5.03566635216322
2011-09-09,5.1471142030044,4.83150082709827,4.59318618279969,4.61970334472062,4.69579244833793,4.77188230948065,4.86826388689492,5.06103068102965
2011-09-12,5.1471142030044,4.85102517029645,4.57407972895663,4.54868753194009,4.62477592805024,4.69579244833793,4.78202768150617,5.01030210720137
2011-09-13,5.14382300059779,4.89982773860298,4.52629766345236,4.54868753194009,4.62984851474886,4.7008650821859,4.79724576477469,5.0762493186155
2011-09-14,5.16027874488501,4.89982773860298,4.48805561349364,4.52839742106792,4.61463076476016,4.69071981785671,4.80231846592498,5.08639509378095
2011-09-15,5.16027874488501,4.89982773860298,4.52629766345236,4.56390515049432,4.64506629505717,4.72115565124247,4.84290019619809,5.13205124806035
2011-09-16,5.16027874488501,4.94861846909078,4.61228899736987,4.59941304509532,4.65521149877146,4.73130095596728,4.86826388689492,5.15741589558458
2011-09-20,5.18989739792719,4.92910359706045,4.54541322153279,4.61463076476016,4.68057456699529,4.77695499381128,4.9037731950446,5.20814544204367
2011-09-21,5.21622326919413,5.03641197106308,4.5836334108742,4.66028410568076,4.73637361337826,4.84290019619809,4.97986512402895,5.31975162352529
2011-09-22,5.20306054770536,5.02665902959265,4.53585589792027,4.55376006808699,4.66028410568076,4.78710037256513,4.93420987594047,5.29438643995588
2011-09-23,5.1997698004147,5.00715172787469,4.45936450347784,4.48781736119086,4.57405024638529,4.73130095596728,4.89870042665539,5.25887532358593
2011-09-26,5.12078383399928,4.89982773860298,4.45936450347784,4.45738245795708,4.54868753194009,4.71608300392894,4.883482141651,5.2182913915505
2011-09-27,5.1405317714126,4.8803081321358,4.44979897586784,4.44216505189048,4.52332490177951,4.71101035998158,4.883482141651,5.2182913915505
2011-09-28,5.11090950378978,4.87054761852246,4.40195764795259,4.40158545087934,4.48781736119086,4.68564719074247,4.8581184005309,5.19292654291506
2011-09-29,5.06153423721045,4.77291642398558,4.36366814730249,4.32549928140886,4.41680277594283,4.61463076476016,4.8190584035837,5.16248883514725
2011-09-30,4.98581378891494,4.62638072173327,4.23912621557498,4.16318466111123,4.25448620904112,4.47259989439199,4.70593771940051,5.10668668436587
2011-10-03,4.91666534754209,4.58728649830675,4.19118426136045,4.12767879958968,4.20883529810194,4.43709258995084,4.68564719074247,5.08132220452084
2011-10-04,4.81456747030151,4.42105122713432,4.05682473842894,3.90450289838871,4.01609002905066,4.25955854938416,4.53346994372832,4.93420987594047
2011-10-05,4.91995839849402,4.36234713798456,3.95113011901227,3.96536840262907,4.07695642798154,4.32042689713206,4.59434047861307,5.01030210720137
2011-10-06,4.98252127399024,4.54818467503149,4.10483094854808,4.08710087521833,4.19869068842536,4.44216505189048,4.71608300392894,5.13712417085945
2011-10-07,5.05165846070987,4.65569640367924,4.23912621557498,4.14796784301195,4.25955854938416,4.5030348583494,4.77695499381128,5.19292654291506
2011-10-11,5.11420097397419,4.64592498442951,4.24871185689568,4.22912455803883,4.32042689713206,4.55883260760512,4.82260930415899,5.2385833307691
2011-10-12,5.1076180068268,4.75338449721363,4.37324189301869,4.33564406009745,4.44216505189048,4.66535671595796,4.9240643022028,5.34004383063456
2011-10-13,5.03190618441529,4.73385067361498,4.29662632556038,4.24434153849718,4.36100606593262,4.59434047861307,4.8581184005309,5.27916736999092
2011-10-14,5.06153423721045,4.75338449721363,4.31578570525115,4.25955854938416,4.37115089190878,4.59941304509532,4.86319114203213,5.26394833016368
2011-10-17,5.06811795427797,4.77291642398558,4.3349414254612,4.25955854938416,4.37115089190878,4.59434047861307,4.85304566239138,5.24872932047835
2011-10-18,5.08128506699812,4.79244645431454,4.34451791369561,4.33057166906403,4.42694767619642,4.64506629505717,4.89870042665539,5.25380232035744
2011-10-19,5.07140977263987,4.87054761852246,4.45936450347784,4.38636815619988,4.49796235592352,4.66535671595796,4.91899152037336,5.26902134009053
2011-10-20,5.04836648162854,4.84126323559586,4.42109691779358,4.30520976457374,4.41173033087927,4.58419535575865,4.83782746814465,5.20307247231642
2011-10-21,5.04507447576863,4.83150082709827,4.40195764795259,4.32549928140886,4.43709258995084,4.61463076476016,4.86826388689492,5.25887532358593
2011-10-24,5.06811795427797,4.79244645431454,4.42109691779358,4.37622330996241,4.47767237995138,4.6501388952302,4.89870042665539,5.29945946997405
2011-10-25,5.05165846070987,4.84126323559586,4.43066518319757,4.37115089190878,4.45738245795708,4.61970334472062,4.86826388689492,5.27409435336634
2011-10-26,5.06153423721045,4.85102517029645,4.45936450347784,4.40158545087934,4.47767237995138,4.61970334472062,4.86826388689492,5.27409435336634
2011-10-27,5.15040537863243,4.9778872276276,4.57407972895663,4.62477592805024,4.67042932960289,4.79724576477469,5.04581207364234,5.44150566920054
2011-10-28,5.1471142030044,4.9778872276276,4.66003012110416,4.76173695091273,4.78202768150617,4.883482141651,5.09654088236482,5.47194448162958
2011-11-02,5.10103493255709,4.89982773860298,4.64093639863705,4.7008650821859,4.72622830192195,4.82260930415899,5.04073921122477,5.41614008412443
2011-11-03,5.09774335525837,4.86078663126399,4.63138817405806,4.71608300392894,4.78202768150617,4.84290019619809,5.04073921122477,5.40599387350369
2011-11-04,5.08128506699812,4.83150082709827,4.62183904036628,4.6501388952302,4.72115565124247,4.80739117043871,4.974792305252,5.37555532191965
2011-11-07,5.06811795427797,4.8217379447717,4.59318618279969,4.58926791550081,4.67042932960289,4.7515916058037,4.91899152037336,5.32989772038581
2011-11-08,5.07799332899594,4.83150082709827,4.61228899736987,4.66028410568076,4.75666427667576,4.82768202212494,4.94435546311547,5.34004383063456
2011-11-09,5.04178244311415,4.78268167618445,4.56452513687911,4.59434047861307,4.7008650821859,4.77695499381128,4.9037731950446,5.27409435336634
2011-11-10,5.03519829743748,4.72408305040073,4.55496963446578,4.56390515049432,4.69579244833793,4.77188230948065,4.89870042665539,5.26902134009053
2011-11-11,5.05495041299664,4.72408305040073,4.53585589792027,4.62984851474886,4.75666427667576,4.83275474345353,4.95957386907024,5.30960554005429
2011-11-14,5.04178244311415,4.75338449721363,4.5836334108742,4.61463076476016,4.75666427667576,4.84290019619809,4.97986512402895,5.32989772038581
2011-11-15,5.01215294367618,4.71431495283792,4.53585589792027,4.56390515049432,4.70593771940051,4.79217306698805,4.92913708739187,5.27916736999092
2011-11-16,5.05165846070987,4.73385067361498,4.52629766345236,4.58419535575865,4.72622830192195,4.81246387831571,4.94942826174158,5.29438643995588
2011-11-17,5.03519829743748,4.69477733450674,4.47849282211887,4.54361499916456,4.7008650821859,4.79217306698805,4.92913708739187,5.27916736999092
2011-11-18,5.05495041299664,4.73385067361498,4.50717846123094,4.56390515049432,4.72115565124247,4.81246387831571,4.94435546311547,5.29438643995588
2011-11-21,5.01873746442083,4.70454638088658,4.46892911883356,4.46752741220637,4.6501388952302,4.74144627415478,4.87333663511909,5.24365632394888
2011-11-22,4.94959465084222,4.61660787819884,4.37324189301869,4.36607847723214,4.54868753194009,4.63999369825248,4.78710037256513,5.15741589558458
2011-11-23,4.90019969071209,4.48951768393435,4.24871185689568,4.26970324021148,4.45738245795708,4.55376006808699,4.72115565124247,5.10668668436587
2011-11-24,4.88044001783816,4.48951768393435,4.22953965797923,4.25955854938416,4.44723751720482,4.54361499916456,4.71101035998158,5.09654088236482
2011-11-25,4.90019969071209,4.46017777037966,4.20077448580702,4.26463089310765,4.43709258995084,4.53346994372832,4.7008650821859,5.09146798639568
2011-11-28,4.94300900460587,4.53840803139283,4.31578570525115,4.31028213871434,4.47767237995138,4.57405024638529,4.74144627415478,5.13205124806035
2011-11-29,4.92325142263539,4.48951768393435,4.21995218393256,4.25955854938416,4.45738245795708,4.5385424697606,4.7008650821859,5.08132220452084
2011-11-30,4.93313033423615,4.58728649830675,4.27746328498202,4.30520976457374,4.49796235592352,4.57912279938677,4.74651893829663,5.12190541252189
2011-12-01,4.93313033423615,4.53840803139283,4.27746328498202,4.34071645450895,4.56390515049432,4.66028410568076,4.84290019619809,5.19292654291506
2011-12-02,4.92983739051045,4.58728649830675,4.28704526296908,4.35593365801039,4.57405024638529,4.67042932960289,4.84290019619809,5.19292654291506
2011-12-05,4.92325142263539,4.55796084349824,4.27746328498202,4.36100606593262,4.57912279938677,4.67550194661539,4.84797292761372,5.19292654291506
2011-12-06,4.85409228592992,4.53840803139283,4.24871185689568,4.34071645450895,4.56897769675444,4.67042932960289,4.83275474345353,5.18785358324125
2011-12-07,4.90019969071209,4.58728649830675,4.29662632556038,4.41173033087927,4.62984851474886,4.71608300392894,4.86826388689492,5.22336437132978
2011-12-09,4.90019969071209,4.59706076653355,4.31578570525115,4.41173033087927,4.63492110481634,4.72622830192195,4.86826388689492,5.22336437132978
2011-12-12,4.87714664519157,4.58728649830675,4.31578570525115,4.38129573139281,4.59941304509532,4.70593771940051,4.85304566239138,5.20814544204367
2011-12-13,4.87055981946671,4.51885331839996,4.27746328498202,4.37622330996241,4.57405024638529,4.68057456699529,4.81246387831571,5.17263472432921
2011-12-14,4.90349287569281,4.53840803139283,4.27746328498202,4.31028213871434,4.51317987331947,4.62477592805024,4.77695499381128,5.14219709701156
2011-12-15,4.91007916523056,4.52863091252631,4.25829658212518,4.30013739381214,4.5030348583494,4.62984851474886,4.77188230948065,5.13712417085945
2011-12-16,4.92983739051045,4.53840803139283,4.26788039142334,4.31028213871434,4.50810736414811,4.63492110481634,4.77695499381128,5.14219709701156
2011-12-19,4.92983739051045,4.52863091252631,4.24871185689568,4.31028213871434,4.50810736414811,4.63492110481634,4.77695499381128,5.14219709701156
2011-12-20,4.90678603386296,4.53840803139283,4.25829658212518,4.30520976457374,4.49288985687062,4.62477592805024,4.75666427667576,5.12190541252189
2011-12-21,4.90019969071209,4.49929670414395,4.21995218393256,4.28492030180323,4.47767237995138,4.61970334472062,4.74651893829663,5.12190541252189
2011-12-22,4.91337226978761,4.55796084349824,4.23912621557498,4.30013739381214,4.49288985687062,4.63492110481634,4.75666427667576,5.13712417085945
2011-12-23,4.92325142263539,4.59706076653355,4.25829658212518,4.31028213871434,4.5030348583494,4.64506629505717,4.76680962851441,5.14727002651658
2011-12-26,4.92325142263539,4.57751175508392,4.26788039142334,4.31028213871434,4.5030348583494,4.64506629505717,4.76680962851441,5.14727002651658
2011-12-27,4.91007916523056,4.57751175508392,4.25829658212518,4.28999266242676,4.49288985687062,4.63492110481634,4.75666427667576,5.13712417085945
2011-12-28,4.89361324031901,4.54818467503149,4.22953965797923,4.26970324021148,4.46245493339468,4.60955818816902,4.72622830192195,5.12190541252189
2011-12-29,4.92325142263539,4.57751175508392,4.23912621557498,4.30520976457374,4.48781736119086,4.63999369825248,4.7515916058037,5.14219709701156
2011-12-30,4.92325142263539,4.58728649830675,4.23912621557498,4.30520976457374,4.48781736119086,4.63999369825248,4.7515916058037,5.14219709701156
2012-01-02,4.93971614128785,4.58728649830675,4.25829658212518,4.33057166906403,4.51317987331947,4.66535671595796,4.77695499381128,5.15741589558458
2012-01-03,4.94959465084222,4.63615309045551,4.32536402270234,4.39651301594328,4.57405024638529,4.71608300392894,4.82260930415899,5.18785358324125
2012-01-04,4.93642325115928,4.69477733450674,4.37324189301869,4.44723751720482,4.60955818816902,4.72622830192195,4.83275474345353,5.19292654291506
2012-01-05,4.93971614128785,4.72408305040073,4.42109691779358,4.48781736119086,4.62477592805024,4.74144627415478,4.85304566239138,5.20307247231642
2012-01-06,5.01544521744179,4.8217379447717,4.54541322153279,4.59434047861307,4.71101035998158,4.79217306698805,4.8936276616266,5.22336437132978
2012-01-09,5.00556831575327,4.78268167618445,4.52629766345236,4.57912279938677,4.69071981785671,4.77188230948065,4.87333663511909,5.20814544204367
2012-01-10,5.03190618441529,4.8119745885602,4.56452513687911,4.61463076476016,4.7008650821859,4.78202768150617,4.88855489995843,5.21321841512172
2012-01-11,5.03190618441529,4.8022107584238,4.55496963446578,4.59941304509532,4.69071981785671,4.77188230948065,4.87333663511909,5.19799950594018
2012-01-12,4.93971614128785,4.8022107584238,4.56452513687911,4.59434047861307,4.69579244833793,4.76680962851441,4.86826388689492,5.19292654291506
2012-01-13,4.78162717384301,4.51885331839996,4.35409348758142,4.40665788919137,4.53346994372832,4.66535671595796,4.77695499381128,5.12697832861446
2012-01-16,4.78821544771346,4.58728649830675,4.38281472492186,4.40665788919137,4.53346994372832,4.66535671595796,4.77695499381128,5.12697832861446
2012-01-17,4.78821544771346,4.61660787819884,4.40195764795259,4.45230998589377,4.56390515049432,4.67550194661539,4.78710037256513,5.08639509378095
2012-01-18,4.77833299667196,4.57751175508392,4.35409348758142,4.40158545087934,4.5030348583494,4.61970334472062,4.73130095596728,5.01537494948043
2012-01-19,4.80797962558377,4.61660787819884,4.38281472492186,4.45738245795708,4.54361499916456,4.65521149877146,4.76680962851441,4.97986512402895
2012-01-20,4.86397288649165,4.62638072173327,4.40195764795259,4.48781736119086,4.57912279938677,4.68057456699529,4.78710037256513,4.98493794616381
2012-01-23,4.81786135243656,4.62638072173327,4.41152773943188,4.51317987331947,4.60448561494735,4.70593771940051,4.81753658955588,4.99508360050667
2012-01-24,4.79809765734007,4.61660787819884,4.39238664317187,4.51317987331947,4.60448561494735,4.71101035998158,4.82768202212494,5.00522926827929
2012-01-25,4.79480361428575,4.61660787819884,4.41152773943188,4.49288985687062,4.59941304509532,4.71101035998158,4.82768202212494,5.01537494948043
2012-01-26,4.77503879268237,4.59706076653355,4.37324189301869,4.43202013138611,4.54868753194009,4.67042932960289,4.79724576477469,5.02552064410882
2012-01-27,4.77503879268237,4.60683455981226,4.38281472492186,4.45738245795708,4.57405024638529,4.69579244833793,4.82768202212494,5.08639509378095
2012-01-30,4.76845030422357,4.59706076653355,4.38281472492186,4.46245493339468,4.57405024638529,4.69579244833793,4.82768202212494,5.09146798639568
2012-01-31,4.78162717384301,4.62638072173327,4.42109691779358,4.50810736414811,4.61970334472062,4.74144627415478,4.86826388689492,5.13712417085945
2012-02-01,4.78821544771346,4.63615309045551,4.45936450347784,4.57405024638529,4.67550194661539,4.78710037256513,4.89870042665539,5.16756177806219
2012-02-02,4.79480361428575,4.67523781823775,4.51673851794521,4.61463076476016,4.72622830192195,4.86319114203213,4.97986512402895,5.2385833307691
2012-02-03,4.79480361428575,4.71431495283792,4.60273804490097,4.67550194661539,4.76680962851441,4.91899152037336,5.02552064410882,5.28931341328585
2012-02-06,4.79480361428575,4.66546734826867,4.57407972895663,4.71608300392894,4.79724576477469,4.94942826174158,5.05088493941579,5.32482467028192
2012-02-07,4.78821544771346,4.67523781823775,4.61228899736987,4.78202768150617,4.84290019619809,4.99001077165642,5.09146798639568,5.34511689077914
2012-02-08,4.76845030422357,4.66546734826867,4.64093639863705,4.77188230948065,4.81246387831571,4.96971948983314,5.0762493186155,5.31975162352529
2012-02-09,4.77833299667196,4.66546734826867,4.65048371426313,4.81246387831571,4.86826388689492,5.01030210720137,5.1016137816883,5.32989772038581
2012-02-10,4.7618617084586,4.66546734826867,4.61228899736987,4.77188230948065,4.87840938670452,4.99508360050667,5.09146798639568,5.31975162352529
2012-02-13,4.7519786136121,4.66546734826867,4.63138817405806,4.81753658955588,4.89870042665539,5.00522926827929,5.1016137816883,5.30960554005429
2012-02-14,4.72891711997736,4.63615309045551,4.59318618279969,4.77188230948065,4.87333663511909,4.99001077165642,5.09146798639568,5.30960554005429
2012-02-15,4.8343303608176,4.71431495283792,4.6791202091665,4.86319114203213,4.95957386907024,5.07117643606509,5.16756177806219,5.32989772038581
2012-02-16,4.83762408204136,4.69477733450674,4.669575619352,4.85304566239138,4.95450106372657,5.04581207364234,5.12697832861446,5.30960554005429
2012-02-17,4.83762408204136,4.73385067361498,4.69820666419896,4.8581184005309,4.94942826174158,5.04581207364234,5.12697832861446,5.27916736999092
2012-02-20,4.85738584626638,4.72408305040073,4.7268295378462,4.90884596679411,4.99001077165642,5.0762493186155,5.16248883514725,5.28931341328585
2012-02-21,4.87385324573442,4.75338449721363,4.76498066670228,4.96971948983314,5.04581207364234,5.12697832861446,5.2182913915505,5.35526302110794
2012-02-22,4.86726636638046,4.77291642398558,4.74590691637111,4.94942826174158,5.03059349645787,5.11175959039745,5.20307247231642,5.32989772038581
2012-02-23,4.87385324573442,4.78268167618445,4.75544424496999,4.98493794616381,5.0762493186155,5.16756177806219,5.25887532358593,5.37048224169785
2012-02-24,4.89361324031901,4.8217379447717,4.84123941379533,5.02552064410882,5.12190541252189,5.22336437132978,5.32482467028192,5.43643254549746
2012-02-27,4.89361324031901,4.84126323559586,4.84123941379533,5.05088493941579,5.14727002651658,5.24365632394888,5.34511689077914,5.45672506037089
2012-02-28,4.9265444199742,4.84126323559586,4.83171024084061,5.14727002651658,5.23351034093924,5.31975162352529,5.41614008412443,5.52774928359903
2012-02-29,4.88702668269969,4.86078663126399,4.86029504390917,5.12190541252189,5.21321841512172,5.29945946997405,5.39584767626182,5.51252975205252
2012-03-01,4.88702668269969,4.84126323559586,4.83171024084061,5.14219709701156,5.24365632394888,5.31467858011603,5.4110669771418,5.53282246746334
2012-03-02,4.89361324031901,4.83150082709827,4.78405079023059,5.13712417085945,5.24365632394888,5.31467858011603,5.40092077321033,5.53282246746334
2012-03-05,4.9265444199742,4.84126323559586,4.85076768142623,5.19292654291506,5.26902134009053,5.34004383063456,5.42121319445148,5.55818843689373
2012-03-06,4.89031997491463,4.86078663126399,4.86029504390917,5.1523429593743,5.23351034093924,5.29945946997405,5.37555532191965,5.52774928359903
2012-03-07,4.91337226978761,4.8803081321358,4.86982150142001,5.14219709701156,5.2385833307691,5.31975162352529,5.41614008412443,5.55818843689373
2012-03-08,4.95947291918153,4.9778872276276,4.98406846590882,5.2385833307691,5.34004383063456,5.42121319445148,5.51760292589347,5.64950661808821
2012-03-09,4.95947291918153,4.9778872276276,4.98406846590882,5.25380232035744,5.36033609129185,5.44150566920054,5.52774928359903,5.65965314942631
2012-03-12,4.94959465084222,4.96813144798747,4.95551892340274,5.24365632394888,5.35018995427032,5.43135942513815,5.52267610307571,5.65457988208873
2012-03-13,4.95288743375255,4.9778872276276,4.99358317436993,5.30453250334026,5.40092077321033,5.48209077918236,5.57340805863353,5.7103860063062
2012-03-14,4.98252127399024,5.02665902959265,5.11719231266294,5.45165192663741,5.52774928359903,5.59877416165553,5.68501953616469,5.84229299474786
2012-03-15,4.98910627704507,5.01690561521251,5.14569587643621,5.43135942513815,5.49731025057891,5.56326164080052,5.63936010009896,5.79155927100141
2012-03-16,4.98581378891494,5.01690561521251,5.1551952644644,5.52267610307571,5.60384739227688,5.64950661808821,5.7103860063062,5.86258657753163
2012-03-19,4.98581378891494,5.01690561521251,5.1551952644644,5.5480420391004,5.63428684611054,5.69516611421401,5.76619253410064,5.9488348987695
2012-03-20,4.98581378891494,5.01690561521251,5.16469375282824,5.53282246746334,5.61399386353529,5.66472642010081,5.74082588054075,5.91839420493843
2012-03-21,4.97264356843274,5.01690561521251,5.10768932427474,5.47701762873472,5.553115236327,5.61399386353529,5.67994625214414,5.85751317683927
2012-03-22,4.98252127399024,4.99739736752325,5.02212188498863,5.35018995427032,5.45165192663741,5.51760292589347,5.59370093437297,5.77126587481414
2012-03-23,4.98252127399024,4.99739736752325,5.03163298418485,5.39077458265835,5.48716393297239,5.553115236327,5.62414034814693,5.8017059890928
2012-03-26,4.98252127399024,5.00715172787469,5.07917495532073,5.44657879624726,5.54296884521417,5.60892062623686,5.67487297145988,5.83721960737977
2012-03-27,4.98581378891494,5.01690561521251,5.12669440070734,5.43643254549746,5.5480420391004,5.61399386353529,5.73067924245658,5.84229299474786
2012-03-28,4.98581378891494,5.00715172787469,5.10768932427474,5.40599387350369,5.51760292589347,5.58355448982477,5.64950661808821,5.81185272051439
2012-03-29,4.98910627704507,5.00715172787469,5.13619558857581,5.4617981974475,5.57340805863353,5.63936010009896,5.72560592841651,5.88795363095054
2012-03-30,5.00227596159597,5.075419008711,5.22166579966044,5.58862771042932,5.70023940824247,5.77126587481414,5.86765998155465,6.01986365024378
2012-04-02,5.01215294367618,5.075419008711,5.25013969143284,5.63936010009896,5.74589920458453,5.81692609122362,5.91991623678401,6.06552533473224
2012-04-03,5.02861404460653,5.10466932360121,5.28809230982485,5.67994625214414,5.76619253410064,5.83721960737977,5.93868798751198,6.05030474331014
2012-04-04,5.0253218780032,5.09491969124376,5.25962919254575,5.65965314942631,5.74589920458453,5.82707284263815,5.92346764558875,6.03508418181262
2012-04-05,5.00556831575327,5.04616443965578,5.25013969143284,5.57848127255944,5.69009282352138,5.77633921886114,5.88288021360632,6.01986365024378
2012-04-09,4.99898358065209,5.03641197106308,5.18368803125835,5.51760292589347,5.62414034814693,5.72560592841651,5.83214622334316,5.97927571241017
2012-04-10,4.98581378891494,5.02665902959265,5.13619558857581,5.42628630812279,5.53789565466842,5.63936010009896,5.74082588054075,5.90824733362492
2012-04-11,4.98581378891494,5.02665902959265,5.14569587643621,5.45672506037089,5.56833484804717,5.63936010009896,5.73575255983139,5.89302705162467
2012-04-12,4.99569117291365,5.03641197106308,5.14569587643621,5.47701762873472,5.57848127255944,5.64950661808821,5.74589920458453,5.91332076761713
2012-04-13,4.99239873837265,5.00715172787469,5.10768932427474,5.38570149240005,5.50745658155303,5.60384739227688,5.70023940824247,5.86258657753163
2012-04-16,4.99569117291365,5.01690561521251,5.10768932427474,5.32989772038581,5.42121319445148,5.53282246746334,5.62921359545983,5.8017059890928
2012-04-17,4.99239873837265,4.99739736752325,5.09818543536689,5.32482467028192,5.43643254549746,5.53282246746334,5.62921359545983,5.81692609122362
2012-04-18,4.98581378891494,4.9876425341262,5.07917495532073,5.25887532358593,5.3806284054871,5.47701762873472,5.57340805863353,5.75604586267469
2012-04-19,4.99239873837265,4.9876425341262,5.05065247710146,5.25380232035744,5.35018995427032,5.44150566920054,5.53282246746334,5.70023940824247
2012-04-20,4.98581378891494,5.00715172787469,5.09818543536689,5.30453250334026,5.40092077321033,5.47701762873472,5.56833484804717,5.72560592841651
2012-04-23,4.97922873227097,4.9876425341262,5.06966836383871,5.28424038996416,5.3806284054871,5.45672506037089,5.54296884521417,5.70023940824247
2012-04-24,4.98581378891494,4.99739736752325,5.09818543536689,5.32482467028192,5.42628630812279,5.49731025057891,5.58355448982477,5.73067924245658
2012-04-25,4.99239873837265,5.02665902959265,5.10768932427474,5.34511689077914,5.45165192663741,5.52267610307571,5.60892062623686,5.75097253196255
2012-04-26,4.97922873227097,5.00715172787469,5.07917495532073,5.33497077383671,5.43643254549746,5.50745658155303,5.59877416165553,5.75097253196255
2012-04-27,4.98581378891494,5.02665902959265,5.09818543536689,5.33497077383671,5.43643254549746,5.50745658155303,5.59877416165553,5.75604586267469
2012-04-30,4.98581378891494,5.01690561521251,5.07917495532073,5.27916736999092,5.39077458265835,5.4922370901046,5.57848127255944,5.74589920458453
2012-05-02,4.98252127399024,5.00715172787469,5.04114318150251,5.21321841512172,5.31467858011603,5.4110669771418,5.48209077918236,5.65457988208873
2012-05-03,4.97922873227097,5.00715172787469,5.03163298418485,5.2385833307691,5.32482467028192,5.39584767626182,5.46687133786714,5.64950661808821
2012-05-04,4.98581378891494,5.00715172787469,5.01260988372998,5.20307247231642,5.26902134009053,5.35018995427032,5.42628630812279,5.62921359545983
2012-05-07,4.99239873837265,5.00715172787469,5.03163298418485,5.2385833307691,5.30960554005429,5.38570149240005,5.4617981974475,5.66472642010081
2012-05-08,4.97922873227097,4.99739736752325,5.00309698024903,5.20307247231642,5.26902134009053,5.35526302110794,5.42628630812279,5.64950661808821
2012-05-09,4.98252127399024,4.99739736752325,5.01260988372998,5.2182913915505,5.26394833016368,5.35526302110794,5.42628630812279,5.63936010009896
2012-05-10,4.99569117291365,5.01690561521251,5.01260988372998,5.23351034093924,5.27916736999092,5.37048224169785,5.45165192663741,5.65965314942631
2012-05-11,4.99898358065209,5.01690561521251,5.00309698024903,5.23351034093924,5.27916736999092,5.37048224169785,5.45165192663741,5.65965314942631
2012-05-14,4.97593616374914,4.9778872276276,4.95551892340274,5.14727002651658,5.19799950594018,5.29438643995588,5.3806284054871,5.62921359545983
2012-05-15,4.95947291918153,4.91934545100925,4.86982150142001,5.05088493941579,5.10668668436587,5.20307247231642,5.28931341328585,5.553115236327
2012-05-16,4.91007916523056,4.87054761852246,4.76498066670228,4.91391874190377,4.94942826174158,5.06610355686974,5.15741589558458,5.41614008412443
2012-05-17,4.91337226978761,4.8022107584238,4.69820666419896,4.87333663511909,4.91899152037336,5.02552064410882,5.11175959039745,5.37555532191965
2012-05-18,4.90678603386296,4.78268167618445,4.70774852976064,4.883482141651,4.93420987594047,5.03059349645787,5.11175959039745,5.37555532191965
2012-05-22,4.91666534754209,4.8803081321358,4.77451618172786,4.93928266784835,4.98493794616381,5.08132220452084,5.16248883514725,5.4110669771418
2012-05-23,4.90019969071209,4.83150082709827,4.69820666419896,4.86319114203213,4.89870042665539,4.99508360050667,5.0762493186155,5.33497077383671
2012-05-24,4.88702668269969,4.8022107584238,4.66003012110416,4.79217306698805,4.83782746814465,4.93928266784835,5.02552064410882,5.29438643995588
2012-05-25,4.83762408204136,4.76315069767796,4.60273804490097,4.74144627415478,4.79724576477469,4.9037731950446,5.00522926827929,5.27916736999092
2012-05-28,4.84750508481735,4.8022107584238,4.62183904036628,4.73130095596728,4.79724576477469,4.92913708739187,5.01537494948043,5.28424038996416
2012-05-29,4.84421144404124,4.8119745885602,4.64093639863705,4.76173695091273,4.83275474345353,4.95957386907024,5.06103068102965,5.33497077383671
2012-05-30,4.83762408204136,4.77291642398558,4.56452513687911,4.68057456699529,4.76680962851441,4.9037731950446,5.03059349645787,5.31975162352529
2012-05-31,4.82444903624302,4.78268167618445,4.53585589792027,4.63492110481634,4.73637361337826,4.90884596679411,5.0204477951163,5.33497077383671
2012-06-01,4.76515601975436,4.71431495283792,4.48805561349364,4.61970334472062,4.74144627415478,4.91899152037336,5.04073921122477,5.40599387350369
2012-06-04,4.82774283791443,4.79244645431454,4.5836334108742,4.66535671595796,4.80231846592498,4.98493794616381,5.10668668436587,5.44150566920054
2012-06-05,4.85738584626638,4.84126323559586,4.60273804490097,4.68564719074247,4.80739117043871,5.00015643271432,5.12697832861446,5.47701762873472
2012-06-06,4.90019969071209,4.85102517029645,4.68866389072353,4.78202768150617,4.88855489995843,5.07117643606509,5.19292654291506,5.5480420391004
2012-06-07,4.91007916523056,4.8803081321358,4.71728948758443,4.77695499381128,4.883482141651,5.04073921122477,5.1827806269189,5.53789565466842
2012-06-08,4.86726636638046,4.8217379447717,4.669575619352,4.75666427667576,4.85304566239138,5.01537494948043,5.14727002651658,5.51252975205252
2012-06-11,4.86726636638046,4.8217379447717,4.65048371426313,4.74144627415478,4.84290019619809,5.00015643271432,5.13205124806035,5.49731025057891
2012-06-12,4.86067937978429,4.8119745885602,4.62183904036628,4.7008650821859,4.79724576477469,4.94435546311547,5.08132220452084,5.44657879624726
2012-06-13,4.85738584626638,4.79244645431454,4.61228899736987,4.66535671595796,4.7515916058037,4.89870042665539,5.03566635216322,5.40599387350369
2012-06-14,4.84750508481735,4.79244645431454,4.59318618279969,4.6501388952302,4.73130095596728,4.87333663511909,5.0204477951163,5.36033609129185
2012-06-15,4.89031997491463,4.8022107584238,4.64093639863705,4.70593771940051,4.81246387831571,4.91391874190377,5.05595780854493,5.37555532191965
2012-06-18,4.90678603386296,4.8217379447717,4.65048371426313,4.74651893829663,4.84797292761372,4.94942826174158,5.07117643606509,5.39077458265835
2012-06-19,4.93313033423615,4.8803081321358,4.70774852976064,4.79217306698805,4.8936276616266,4.97986512402895,5.09146798639568,5.41614008412443
2012-06-20,4.89031997491463,4.83150082709827,4.66003012110416,4.77695499381128,4.883482141651,4.95957386907024,5.07117643606509,5.39077458265835
2012-06-21,4.87714664519157,4.79244645431454,4.62183904036628,4.69579244833793,4.79724576477469,4.87840938670452,5.00015643271432,5.32989772038581
2012-06-22,4.87714664519157,4.76315069767796,4.5836334108742,4.64506629505717,4.77188230948065,4.8581184005309,4.96971948983314,5.30960554005429
2012-06-25,4.86397288649165,4.74361782253663,4.4976174931417,4.55376006808699,4.69071981785671,4.80231846592498,4.91391874190377,5.26902134009053
2012-06-26,4.86726636638046,4.74361782253663,4.4976174931417,4.52839742106792,4.66028410568076,4.76680962851441,4.87333663511909,5.24365632394888
2012-06-27,4.90678603386296,4.74361782253663,4.51673851794521,4.54868753194009,4.68057456699529,4.77695499381128,4.8581184005309,5.2182913915505
2012-06-28,4.89361324031901,4.74361782253663,4.52629766345236,4.5385424697606,4.65521149877146,4.76173695091273,4.83275474345353,5.1523429593743
2012-06-29,4.94300900460587,4.8217379447717,4.63138817405806,4.64506629505717,4.74651893829663,4.86319114203213,4.93928266784835,5.25380232035744
2012-07-03,4.94630184112133,4.83150082709827,4.6791202091665,4.7008650821859,4.81246387831571,4.91899152037336,5.00522926827929,5.32482467028192
2012-07-04,4.90678603386296,4.8119745885602,4.66003012110416,4.62984851474886,4.74144627415478,4.883482141651,4.97986512402895,5.30453250334026
2012-07-05,4.87714664519157,4.76315069767796,4.60273804490097,4.58926791550081,4.69579244833793,4.81753658955588,4.90884596679411,5.23351034093924
2012-07-06,4.80468566299308,4.65569640367924,4.48805561349364,4.5030348583494,4.61970334472062,4.73637361337826,4.86319114203213,5.20814544204367
2012-07-09,4.80468566299308,4.68500781363446,4.51673851794521,4.49288985687062,4.60955818816902,4.73637361337826,4.86319114203213,5.21321841512172
2012-07-10,4.80139167357585,4.67523781823775,4.46892911883356,4.4827448688844,4.59941304509532,4.72622830192195,4.85304566239138,5.21321841512172
2012-07-11,4.80797962558377,4.67523781823775,4.4976174931417,4.49288985687062,4.60955818816902,4.73637361337826,4.86826388689492,5.22336437132978
2012-07-12,4.78492132418751,4.64592498442951,4.46892911883356,4.42187522438195,4.52332490177951,4.61970334472062,4.74144627415478,5.11683249978285
2012-07-13,4.79150954441288,4.64592498442951,4.44979897586784,4.42694767619642,4.52839742106792,4.62477592805024,4.7515916058037,5.14219709701156
2012-07-17,4.83762408204136,4.66546734826867,4.4976174931417,4.46245493339468,4.56390515049432,4.6501388952302,4.75666427667576,5.1523429593743
2012-07-18,4.85409228592992,4.69477733450674,4.55496963446578,4.55376006808699,4.66535671595796,4.72115565124247,4.80739117043871,5.17770767394818
2012-07-19,4.86067937978429,4.72408305040073,4.57407972895663,4.55883260760512,4.65521149877146,4.71608300392894,4.80739117043871,5.16756177806219
2012-07-20,4.86726636638046,4.69477733450674,4.54541322153279,4.50810736414811,4.61463076476016,4.68564719074247,4.76680962851441,5.11175959039745
2012-07-23,4.83762408204136,4.67523781823775,4.51673851794521,4.47767237995138,4.58419535575865,4.65521149877146,4.74144627415478,5.08639509378095
2012-07-24,4.84421144404124,4.68500781363446,4.52629766345236,4.4827448688844,4.58926791550081,4.66535671595796,4.74651893829663,5.09146798639568
2012-07-25,4.84750508481735,4.69477733450674,4.52629766345236,4.49288985687062,4.59941304509532,4.67550194661539,4.78202768150617,5.08639509378095
2012-07-26,4.87385324573442,4.73385067361498,4.57407972895663,4.52332490177951,4.61463076476016,4.69579244833793,4.79217306698805,5.09654088236482
2012-07-27,4.88044001783816,4.74361782253663,4.59318618279969,4.60448561494735,4.71608300392894,4.78710037256513,4.8936276616266,5.1827806269189
2012-07-30,4.91337226978761,4.83150082709827,4.68866389072353,4.71608300392894,4.81753658955588,4.88855489995843,4.94942826174158,5.20307247231642
2012-07-31,4.89690647892083,4.8217379447717,4.70774852976064,4.67550194661539,4.77695499381128,4.84797292761372,4.89870042665539,5.16248883514725
2012-08-01,4.87385324573442,4.77291642398558,4.64093639863705,4.66535671595796,4.76680962851441,4.82768202212494,4.86319114203213,5.1523429593743
2012-08-02,4.87055981946671,4.74361782253663,4.62183904036628,4.62984851474886,4.72115565124247,4.79724576477469,4.83782746814465,5.14727002651658
2012-08-03,4.89690647892083,4.79244645431454,4.70774852976064,4.76680962851441,4.85304566239138,4.9240643022028,4.94942826174158,5.24872932047835
2012-08-06,4.91666534754209,4.86078663126399,4.76498066670228,4.83782746814465,4.92913708739187,5.00015643271432,5.03059349645787,5.29945946997405
2012-08-07,4.92983739051045,4.87054761852246,4.79358449237033,4.89870042665539,4.98493794616381,5.05088493941579,5.08132220452084,5.35526302110794
2012-08-08,4.9265444199742,4.87054761852246,4.80311728833094,4.89870042665539,4.99508360050667,5.06610355686974,5.1016137816883,5.37048224169785
2012-08-09,4.91337226978761,4.85102517029645,4.75544424496999,4.84797292761372,4.95957386907024,5.03566635216322,5.08132220452084,5.33497077383671
2012-08-10,4.90349287569281,4.84126323559586,4.7268295378462,4.8581184005309,4.96971948983314,5.04581207364234,5.09146798639568,5.34004383063456
2012-08-13,4.91007916523056,4.84126323559586,4.74590691637111,4.84797292761372,4.94942826174158,5.01030210720137,5.06103068102965,5.31467858011603
2012-08-14,4.91666534754209,4.8803081321358,4.76498066670228,4.89870042665539,4.99508360050667,5.05595780854493,5.11175959039745,5.34511689077914
2012-08-16,4.92983739051045,4.89982773860298,4.83171024084061,4.96971948983314,5.07117643606509,5.12190541252189,5.17263472432921,5.39584767626182
2012-08-17,4.93313033423615,4.89982773860298,4.83171024084061,4.94942826174158,5.04581207364234,5.09654088236482,5.14219709701156,5.36540916482187
2012-08-20,4.93477679605103,4.90958683153675,4.83171024084061,4.92913708739187,5.03566635216322,5.09146798639568,5.13712417085945,5.35526302110794
2012-08-21,4.94300900460587,4.90958683153675,4.85076768142623,4.99001077165642,5.0762493186155,5.13205124806035,5.19292654291506,5.39584767626182
2012-08-22,4.94630184112133,4.91934545100925,4.84123941379533,4.91899152037336,5.01537494948043,5.07117643606509,5.12697832861446,5.35526302110794
2012-08-23,4.93971614128785,4.90958683153675,4.80311728833094,4.88855489995843,4.99508360050667,5.05088493941579,5.10668668436587,5.34511689077914
2012-08-24,4.93313033423615,4.89982773860298,4.78405079023059,4.8581184005309,4.974792305252,5.03566635216322,5.09146798639568,5.32482467028192
2012-08-27,4.93971614128785,4.90958683153675,4.76498066670228,4.83782746814465,4.95450106372657,5.01537494948043,5.07117643606509,5.30453250334026
2012-08-28,4.9265444199742,4.8803081321358,4.73636868071381,4.81753658955588,4.9240643022028,4.99001077165642,5.05088493941579,5.28424038996416
2012-08-29,4.9265444199742,4.8803081321358,4.73636868071381,4.82768202212494,4.93420987594047,4.99001077165642,5.04581207364234,5.26902134009053
2012-08-30,4.9265444199742,4.8803081321358,4.75544424496999,4.81753658955588,4.91391874190377,4.974792305252,5.03566635216322,5.25887532358593
2012-08-31,4.93642325115928,4.89006817215198,4.75544424496999,4.82768202212494,4.9240643022028,5.00015643271432,5.06610355686974,5.26902134009053
2012-09-03,4.93642325115928,4.89006817215198,4.75544424496999,4.83782746814465,4.91899152037336,5.00015643271432,5.06610355686974,5.26902134009053
2012-09-04,4.93642325115928,4.89006817215198,4.73636868071381,4.81753658955588,4.9037731950446,4.98493794616381,5.05088493941579,5.26902134009053
2012-09-05,4.93642325115928,4.89982773860298,4.74590691637111,4.85304566239138,4.91899152037336,5.02552064410882,5.07117643606509,5.28424038996416
2012-09-06,4.93642325115928,4.90958683153675,4.79358449237033,4.88855489995843,4.95450106372657,5.05088493941579,5.09654088236482,5.32482467028192
2012-09-07,4.93642325115928,4.89006817215198,4.77451618172786,4.90884596679411,5.00522926827929,5.08132220452084,5.13205124806035,5.35526302110794
2012-09-10,4.95,4.90958683153675,4.80311728833094,4.93928266784835,5.03059349645787,5.10668668436587,5.16248883514725,5.39077458265835
2012-09-11,4.95,4.90958683153675,4.84123941379533,4.94942826174158,5.04073921122477,5.11175959039745,5.16248883514725,5.39077458265835
2012-09-12,4.96,4.90958683153675,4.86982150142001,5.01030210720137,5.0762493186155,5.14219709701156,5.19799950594018,5.44657879624726
2012-09-13,4.96,4.91934545100925,4.85076768142623,5.04073921122477,5.09654088236482,5.16248883514725,5.2182913915505,5.4617981974475
2012-09-14,4.98,4.95837519515785,4.93648137906177,5.13712417085945,5.20307247231642,5.26902134009053,5.33497077383671,5.57848127255944
2012-09-20,4.95,4.9388612697383,4.85076768142623,5.06103068102965,5.10668668436587,5.19292654291506,5.27409435336634,5.51252975205252
2012-09-21,4.95,4.9388612697383,4.87934705411863,5.05088493941579,5.10668668436587,5.19292654291506,5.26394833016368,5.52267610307571
2012-09-24,4.93,4.91934545100925,4.84123941379533,4.99508360050667,5.04073921122477,5.13205124806035,5.20307247231642,5.46687133786714
2012-09-25,4.93,4.91934545100925,4.83171024084061,4.96971948983314,5.0204477951163,5.11175959039745,5.17770767394818,5.45672506037089
2012-09-26,4.92,4.86078663126399,4.73636868071381,4.91391874190377,4.9646466777725,5.06103068102965,5.13712417085945,5.41614008412443
2012-09-27,4.92,4.86078663126399,4.78405079023059,4.90884596679411,4.96971948983314,5.05088493941579,5.13205124806035,5.40599387350369
2012-09-28,4.94,4.8803081321358,4.81264917828828,4.94435546311547,4.99508360050667,5.0762493186155,5.16756177806219,5.43643254549746
2012-10-01,4.94,4.8803081321358,4.81264917828828,4.95957386907024,5.01030210720137,5.07117643606509,5.17263472432921,5.43643254549746
2012-10-02,4.94,4.89006817215198,4.82218016239422,4.92913708739187,4.97986512402895,5.05595780854493,5.15741589558458,5.41614008412443
2012-10-03,4.94,4.8803081321358,4.79358449237033,4.9240643022028,4.97986512402895,5.05595780854493,5.1523429593743,5.41614008412443
2012-10-04,4.94,4.8803081321358,4.82218016239422,4.95450106372657,5.01030210720137,5.0762493186155,5.16248883514725,5.45165192663741
2012-10-05,4.95,4.90958683153675,4.85076768142623,5.00015643271432,5.05088493941579,5.10668668436587,5.1827806269189,5.46687133786714
2012-10-08,4.95,4.91934545100925,4.85076768142623,5.0204477951163,5.07117643606509,5.12190541252189,5.19799950594018,5.47194448162958
2012-10-09,4.95,4.8803081321358,4.81264917828828,4.96971948983314,5.0204477951163,5.07117643606509,5.13205124806035,5.41614008412443
2012-10-10,4.94,4.8803081321358,4.82218016239422,4.97986512402895,5.0204477951163,5.07117643606509,5.13205124806035,5.42121319445148
2012-10-11,4.93,4.89982773860298,4.84123941379533,4.94942826174158,5.00015643271432,5.06103068102965,5.12697832861446,5.44150566920054
2012-10-12,4.93,4.89982773860298,4.82218016239422,4.96971948983314,5.01030210720137,5.06610355686974,5.13205124806035,5.44150566920054
2012-10-16,4.94,4.90958683153675,4.85076768142623,5.00522926827929,5.04073921122477,5.08639509378095,5.1523429593743,5.45672506037089
2012-10-17,4.94,4.90958683153675,4.85076768142623,5.02552064410882,5.05595780854493,5.09654088236482,5.16248883514725,5.4617981974475
2012-10-18,4.94,4.92910359706045,4.84123941379533,5.0204477951163,5.06103068102965,5.1016137816883,5.19292654291506,5.47701762873472
2012-10-19,4.94,4.91934545100925,4.86029504390917,5.01537494948043,5.06610355686974,5.10668668436587,5.19799950594018,5.48209077918236
2012-10-22,4.93,4.90958683153675,4.86029504390917,5.0204477951163,5.0762493186155,5.11683249978285,5.20814544204367,5.48209077918236
2012-10-23,4.93,4.8803081321358,4.81264917828828,4.95450106372657,5.00522926827929,5.05595780854493,5.14219709701156,5.43643254549746
2012-10-24,4.93,4.89006817215198,4.83171024084061,4.96971948983314,5.02552064410882,5.06103068102965,5.1523429593743,5.44657879624726
2012-10-25,4.94,4.89982773860298,4.84123941379533,4.99001077165642,5.04581207364234,5.09146798639568,5.18785358324125,5.48209077918236
2012-10-26,4.93,4.89006817215198,4.80311728833094,4.94942826174158,5.01537494948043,5.06103068102965,5.1523429593743,5.44657879624726
2012-10-29,4.92,4.8803081321358,4.81264917828828,4.95957386907024,5.01537494948043,5.06103068102965,5.1523429593743,5.44657879624726
2012-10-30,4.92,4.87054761852246,4.81264917828828,4.92913708739187,5.00015643271432,5.05088493941579,5.13712417085945,5.43643254549746
2012-10-31,4.92,4.87054761852246,4.80311728833094,4.92913708739187,5.00015643271432,5.05088493941579,5.13712417085945,5.43643254549746
2012-11-05,4.94,4.89006817215198,4.85076768142623,4.9646466777725,5.03059349645787,5.08132220452084,5.16756177806219,5.46687133786714
2012-11-06,4.94,4.89982773860298,4.86029504390917,5.01537494948043,5.0762493186155,5.12697832861446,5.21321841512172,5.50238341439508
2012-11-07,4.94,4.89982773860298,4.85076768142623,5.0204477951163,5.08132220452084,5.12697832861446,5.21321841512172,5.4922370901046
2012-11-08,4.94,4.90958683153675,4.86982150142001,5.03566635216322,5.1016137816883,5.1523429593743,5.2385833307691,5.52774928359903
2012-11-09,4.94,4.90958683153675,4.84123941379533,5.0204477951163,5.09146798639568,5.14219709701156,5.22843735445939,5.50238341439508
2012-11-12,4.94,4.91934545100925,4.87934705411863,5.03059349645787,5.09146798639568,5.14219709701156,5.22843735445939,5.48716393297239
2012-11-13,4.94,4.90958683153675,4.89839544579862,5.0762493186155,5.11175959039745,5.1827806269189,5.27409435336634,5.51760292589347
2012-11-14,4.94,4.91934545100925,4.88887170218888,5.06103068102965,5.10668668436587,5.17770767394818,5.26394833016368,5.52267610307571
2012-11-15,4.94,4.91934545100925,4.87934705411863,5.07117643606509,5.11683249978285,5.1827806269189,5.26902134009053,5.52774928359903
2012-11-16,4.95,4.91934545100925,4.87934705411863,5.07117643606509,5.11683249978285,5.1827806269189,5.26394833016368,5.52267610307571
2012-11-19,4.96,4.92910359706045,4.91744022031604,5.12190541252189,5.17770767394818,5.24365632394888,5.31975162352529,5.553115236327
2012-11-20,4.95,4.92910359706045,4.92696125157543,5.1523429593743,5.20307247231642,5.26394833016368,5.33497077383671,5.51252975205252
2012-11-21,4.96,4.94861846909078,4.95551892340274,5.14727002651658,5.20307247231642,5.26394833016368,5.34004383063456,5.53282246746334
2012-11-22,4.96,4.96813144798747,4.98406846590882,5.22336437132978,5.26902134009053,5.32482467028192,5.40599387350369,5.56326164080052
2012-11-23,4.96,4.95837519515785,4.99358317436993,5.23351034093924,5.30453250334026,5.36033609129185,5.43643254549746,5.60892062623686
2012-11-26,4.96,4.94861846909078,4.99358317436993,5.23351034093924,5.30453250334026,5.37048224169785,5.43643254549746,5.59877416165553
2012-11-27,4.99,4.99739736752325,5.03163298418485,5.23351034093924,5.30453250334026,5.37048224169785,5.39584767626182,5.52267610307571
2012-11-28,4.97,4.9876425341262,5.02212188498863,5.22843735445939,5.30453250334026,5.37048224169785,5.40092077321033,5.50745658155303
2012-11-29,5.0,5.01690561521251,5.06016087115757,5.26394833016368,5.35526302110794,5.41614008412443,5.44657879624726,5.53282246746334
2012-11-30,4.99,5.01690561521251,5.05065247710146,5.26394833016368,5.35018995427032,5.4110669771418,5.45165192663741,5.553115236327
2012-12-03,5.0,5.01690561521251,5.06016087115757,5.26394833016368,5.34511689077914,5.40599387350369,5.44657879624726,5.55818843689373
2012-12-04,5.0,5.03641197106308,5.07917495532073,5.29945946997405,5.3806284054871,5.44150566920054,5.48209077918236,5.59877416165553
2012-12-05,5.0,5.02665902959265,5.06016087115757,5.29438643995588,5.36540916482187,5.42628630812279,5.44657879624726,5.57848127255944
2012-12-06,5.0,5.02665902959265,5.06016087115757,5.26394833016368,5.34004383063456,5.4110669771418,5.44657879624726,5.57848127255944
2012-12-07,4.98,5.00715172787469,5.02212188498863,5.24365632394888,5.32989772038581,5.41614008412443,5.45165192663741,5.58355448982477
2012-12-10,4.99,5.00715172787469,5.02212188498863,5.24365632394888,5.33497077383671,5.39584767626182,5.45672506037089,5.59877416165553
2012-12-11,4.99,5.01690561521251,5.06016087115757,5.26394833016368,5.32989772038581,5.39584767626182,5.44657879624726,5.57848127255944
2012-12-12,4.99,5.00715172787469,5.05065247710146,5.25380232035744,5.31975162352529,5.38570149240005,5.44150566920054,5.58355448982477
2012-12-13,4.99,5.00715172787469,5.04114318150251,5.24365632394888,5.31975162352529,5.39584767626182,5.43643254549746,5.58355448982477
2012-12-14,4.99,4.99739736752325,5.04114318150251,5.24365632394888,5.32482467028192,5.39584767626182,5.42628630812279,5.55818843689373
2012-12-17,4.98,4.99739736752325,5.04114318150251,5.23351034093924,5.30960554005429,5.38570149240005,5.41614008412443,5.56326164080052
2012-12-18,4.98,4.99739736752325,5.03163298418485,5.22336437132978,5.30453250334026,5.36033609129185,5.39584767626182,5.53789565466842
2012-12-19,4.98,4.99739736752325,5.05065247710146,5.2385833307691,5.32482467028192,5.3806284054871,5.42121319445148,5.5480420391004
2012-12-20,4.98,4.99739736752325,5.03163298418485,5.2385833307691,5.31975162352529,5.37555532191965,5.41614008412443,5.553115236327
2012-12-21,4.99,5.02665902959265,5.06966836383871,5.24872932047835,5.32482467028192,5.38570149240005,5.43135942513815,5.56326164080052
2012-12-24,4.99,5.02665902959265,5.06966836383871,5.24872932047835,5.32482467028192,5.3806284054871,5.43135942513815,5.56833484804717
2012-12-26,4.99,5.02665902959265,5.06966836383871,5.27409435336634,5.34511689077914,5.38570149240005,5.43643254549746,5.57340805863353
2012-12-27,4.99,5.02665902959265,5.06966836383871,5.28424038996416,5.35526302110794,5.37555532191965,5.42121319445148,5.553115236327
2012-12-28,4.99,5.03641197106308,5.09818543536689,5.30960554005429,5.36033609129185,5.3806284054871,5.42628630812279,5.5480420391004
2013-01-02,5.0,5.05591643543468,5.13619558857581,5.34511689077914,5.39077458265835,5.41614008412443,5.45672506037089,5.57848127255944
2013-01-03,5.0,5.05591643543468,5.1551952644644,5.35018995427032,5.3806284054871,5.42121319445148,5.47701762873472,5.60384739227688
2013-01-04,5.0,5.05591643543468,5.13619558857581,5.34004383063456,5.37555532191965,5.42628630812279,5.48716393297239,5.61906710417202
2013-01-07,5.0,5.06,5.15,5.34511689077914,5.3806284054871,5.44150566920054,5.51252975205252,5.64443335742488
2013-01-08,5.0,5.06,5.14,5.33497077383671,5.37555532191965,5.42628630812279,5.49731025057891,5.62921359545983
2013-01-09,5.0,5.04616443965578,5.11719231266294,5.31467858011603,5.35526302110794,5.4110669771418,5.47701762873472,5.61399386353529
2013-01-10,5.0,5.04,5.14,5.32482467028192,5.36540916482187,5.41614008412443,5.48209077918236,5.62414034814693
2013-01-11,5.0,5.03641197106308,5.11719231266294,5.30960554005429,5.33497077383671,5.39584767626182,5.4617981974475,5.61399386353529
2013-01-14,5.0,5.02665902959265,5.11719231266294,5.33497077383671,5.36540916482187,5.42628630812279,5.47701762873472,5.60892062623686
2013-01-15,5.0,5.01690561521251,5.11719231266294,5.31467858011603,5.35018995427032,5.4110669771418,5.45672506037089,5.60892062623686
2013-01-16,5.0,5.01690561521251,5.09818543536689,5.30453250334026,5.34511689077914,5.40599387350369,5.45672506037089,5.58862771042932
2013-01-17,5.01,5.03641197106308,5.0886806457715,5.29438643995588,5.33497077383671,5.39584767626182,5.44150566920054,5.58862771042932
2013-01-18,5.01,5.03641197106308,5.09818543536689,5.29438643995588,5.34511689077914,5.40599387350369,5.44657879624726,5.59877416165553
2013-01-21,5.01,5.03641197106308,5.06016087115757,5.29438643995588,5.34511689077914,5.40599387350369,5.44657879624726,5.59877416165553
2013-01-22,5.0,5.02665902959265,5.07917495532073,5.28424038996416,5.33497077383671,5.39584767626182,5.44657879624726,5.60384739227688
2013-01-23,5.0,5.01690561521251,5.06966836383871,5.26394833016368,5.31467858011603,5.37555532191965,5.42628630812279,5.59370093437297
2013-01-24,4.99,5.00715172787469,5.03163298418485,5.23351034093924,5.28424038996416,5.34004383063456,5.39077458265835,5.553115236327
2013-01-25,4.99,5.01690561521251,5.05065247710146,5.24365632394888,5.29945946997405,5.35526302110794,5.4110669771418,5.55818843689373
2013-01-28,5.0,5.01690561521251,5.06016087115757,5.27409435336634,5.32482467028192,5.39077458265835,5.44657879624726,5.60384739227688
2013-01-29,5.0,5.01690561521251,5.06016087115757,5.29438643995588,5.34511689077914,5.40599387350369,5.4617981974475,5.61906710417202
2013-01-30,5.0,5.03641197106308,5.06966836383871,5.29438643995588,5.35018995427032,5.41614008412443,5.46687133786714,5.62921359545983
2013-01-31,5.0,5.02665902959265,5.07917495532073,5.30453250334026,5.36540916482187,5.42628630812279,5.47701762873472,5.63428684611054
2013-02-01,5.0,5.02665902959265,5.0886806457715,5.31467858011603,5.39077458265835,5.44657879624726,5.50238341439508,5.64443335742488
2013-02-04,4.99,5.02665902959265,5.07917495532073,5.30453250334026,5.37555532191965,5.43135942513815,5.48716393297239,5.64443335742488
2013-02-05,5.0,5.02665902959265,5.0886806457715,5.32482467028192,5.40599387350369,5.45165192663741,5.50745658155303,5.65965314942631
2013-02-06,5.0,5.02665902959265,5.06966836383871,5.31975162352529,5.39584767626182,5.44657879624726,5.50745658155303,5.65965314942631
2013-02-07,5.0,5.02665902959265,5.06966836383871,5.30960554005429,5.3806284054871,5.42628630812279,5.48716393297239,5.64950661808821
2013-02-08,5.0,5.04616443965578,5.09818543536689,5.32482467028192,5.39077458265835,5.44150566920054,5.50745658155303,5.66472642010081
2013-02-09,,5.04616443965578,5.0886806457715,,,,,
2013-02-11,4.99,5.04616443965578,5.0886806457715,5.31467858011603,5.38570149240005,5.43643254549746,5.50238341439508,5.66979969411205
2013-02-12,5.0,5.03641197106308,5.0886806457715,5.30960554005429,5.37048224169785,5.42628630812279,5.48716393297239,5.65457988208873
2013-02-13,5.0,5.02665902959265,5.06966836383871,5.29945946997405,5.36033609129185,5.41614008412443,5.48209077918236,5.64443335742488
2013-02-14,5.0,5.02665902959265,5.06966836383871,5.29438643995588,5.35526302110794,5.4110669771418,5.47701762873472,5.64950661808821
2013-02-15,5.0,5.03641197106308,5.0886806457715,5.30453250334026,5.36540916482187,5.41614008412443,5.48716393297239,5.64950661808821
2013-02-18,5.0,5.03641197106308,5.0886806457715,5.30453250334026,5.36540916482187,5.41614008412443,5.48716393297239,5.65457988208873
2013-02-19,5.0,5.03641197106308,5.0886806457715,5.30453250334026,5.36540916482187,5.41614008412443,5.48716393297239,5.65965314942631
2013-02-20,5.0,5.03641197106308,5.07917495532073,5.29945946997405,5.36033609129185,5.4110669771418,5.48209077918236,5.65965314942631
2013-02-21,5.0,5.02665902959265,5.06966836383871,5.27916736999092,5.32482467028192,5.37555532191965,5.44657879624726,5.61399386353529
2013-02-22,5.0,5.03641197106308,5.06966836383871,5.27916736999092,5.32482467028192,5.37555532191965,5.43643254549746,5.60892062623686
2013-02-25,5.0,5.03641197106308,5.06016087115757,5.25380232035744,5.30453250334026,5.35526302110794,5.41614008412443,5.59877416165553
2013-02-26,5.0,5.03641197106308,5.03163298418485,5.23351034093924,5.27409435336634,5.32482467028192,5.37048224169785,5.553115236327
2013-02-27,5.0,5.03641197106308,5.03163298418485,5.24365632394888,5.29945946997405,5.35018995427032,5.39584767626182,5.55818843689373
2013-02-28,5.0,5.03641197106308,5.05065247710146,5.25380232035744,5.31975162352529,5.37048224169785,5.40599387350369,5.57340805863353
2013-03-01,5.0,5.03641197106308,5.04114318150251,5.2385833307691,5.30960554005429,5.35018995427032,5.38570149240005,5.56326164080052
2013-03-04,5.01,5.02665902959265,5.04114318150251,5.23351034093924,5.29945946997405,5.34511689077914,5.3806284054871,5.55818843689373
2013-03-05,5.0,5.04616443965578,5.06016087115757,5.25380232035744,5.30453250334026,5.34004383063456,5.37555532191965,5.55818843689373
2013-03-06,5.01,5.04616443965578,5.09818543536689,5.29438643995588,5.34004383063456,5.37048224169785,5.4110669771418,5.58862771042932
2013-03-07,5.0,5.03641197106308,5.06966836383871,5.28931341328585,5.33497077383671,5.36540916482187,5.40599387350369,5.58355448982477
2013-03-08,5.0,5.03641197106308,5.05065247710146,5.24872932047835,5.29438643995588,5.33497077383671,5.38570149240005,5.55818843689373
2013-03-11,5.0,5.02665902959265,5.04114318150251,5.26394833016368,5.29438643995588,5.33497077383671,5.37555532191965,5.55818843689373
2013-03-12,5.0,5.02665902959265,5.05065247710146,5.26394833016368,5.30453250334026,5.34004383063456,5.3806284054871,5.57848127255944
2013-03-13,5.0,5.03641197106308,5.06016087115757,5.27409435336634,5.33497077383671,5.35018995427032,5.39584767626182,5.57340805863353
2013-03-14,5.0,5.03641197106308,5.06966836383871,5.29438643995588,5.34511689077914,5.37048224169785,5.40599387350369,5.57340805863353
2013-03-15,5.01,5.05591643543468,5.0886806457715,5.30453250334026,5.34511689077914,5.38570149240005,5.42628630812279,5.58862771042932
2013-03-18,5.0,5.04616443965578,5.0886806457715,5.29945946997405,5.34004383063456,5.37555532191965,5.41614008412443,5.58355448982477
2013-03-19,5.0,5.04616443965578,5.09818543536689,5.27916736999092,5.31975162352529,5.35526302110794,5.39584767626182,5.56833484804717
2013-03-20,5.0,5.04616443965578,5.06966836383871,5.29438643995588,5.32989772038581,5.36540916482187,5.40599387350369,5.58355448982477
2013-03-21,5.0,5.03641197106308,5.05065247710146,5.26902134009053,5.31467858011603,5.35526302110794,5.40599387350369,5.58355448982477
2013-03-22,5.0,5.03641197106308,5.05065247710146,5.25380232035744,5.30453250334026,5.33497077383671,5.39584767626182,5.57848127255944
2013-03-25,5.0,5.04616443965578,5.05065247710146,5.25380232035744,5.30453250334026,5.33497077383671,5.39584767626182,5.57848127255944
2013-03-26,5.0,5.03641197106308,5.04114318150251,5.2385833307691,5.29438643995588,5.31975162352529,5.3806284054871,5.56833484804717
2013-03-27,4.98,5.01690561521251,5.03163298418485,5.22336437132978,5.27409435336634,5.30453250334026,5.36540916482187,5.55818843689373
2013-03-28,4.98,4.99739736752325,4.99358317436993,5.1827806269189,5.22843735445939,5.27409435336634,5.31975162352529,5.48716393297239
2013-04-01,4.99,5.00715172787469,4.99358317436993,5.17263472432921,5.22843735445939,5.27409435336634,5.32482467028192,5.50238341439508
2013-04-02,4.99,5.00715172787469,5.00309698024903,5.19292654291506,5.2385833307691,5.28424038996416,5.33497077383671,5.51760292589347
2013-04-03,4.99,5.01690561521251,5.00309698024903,5.1827806269189,5.22336437132978,5.27409435336634,5.32482467028192,5.52267610307571
2013-04-04,4.98,4.99739736752325,4.98406846590882,5.16248883514725,5.20307247231642,5.24872932047835,5.28931341328585,5.4922370901046
2013-04-05,4.98,4.9778872276276,4.94600060295092,5.08639509378095,5.11683249978285,5.15741589558458,5.18785358324125,5.40092077321033
2013-04-08,4.98,4.95837519515785,4.90791828511572,5.05088493941579,5.08132220452084,5.11683249978285,5.13712417085945,5.35018995427032
2013-04-09,4.98,4.95837519515785,4.92696125157543,5.07117643606509,5.10668668436587,5.12697832861446,5.14219709701156,5.35018995427032
2013-04-10,4.98,4.95837519515785,4.93648137906177,5.08132220452084,5.11683249978285,5.14727002651658,5.17770767394818,5.36033609129185
2013-04-11,4.98,4.95837519515785,4.90791828511572,5.04073921122477,5.08639509378095,5.1016137816883,5.14219709701156,5.32482467028192
2013-04-12,4.97,4.9388612697383,4.84123941379533,4.97986512402895,5.01030210720137,5.02552064410882,5.05595780854493,5.24365632394888
2013-04-15,4.96,4.90958683153675,4.79358449237033,4.91391874190377,4.9646466777725,4.97986512402895,5.01537494948043,5.21321841512172
2013-04-16,4.96,4.89982773860298,4.76498066670228,4.87333663511909,4.91899152037336,4.94435546311547,4.98493794616381,5.1827806269189
2013-04-17,4.94,4.89006817215198,4.76498066670228,4.83782746814465,4.87840938670452,4.9037731950446,4.93420987594047,5.14219709701156
2013-04-18,4.95,4.8803081321358,4.74590691637111,4.88855489995843,4.9037731950446,4.93928266784835,4.98493794616381,5.1827806269189
2013-04-19,4.96,4.9388612697383,4.82218016239422,4.93928266784835,4.95450106372657,4.99508360050667,5.03059349645787,5.22336437132978
2013-04-22,4.96,4.9388612697383,4.87934705411863,4.9646466777725,4.99508360050667,5.03059349645787,5.07117643606509,5.26394833016368
2013-04-23,4.96,4.9388612697383,4.85076768142623,4.91899152037336,4.96971948983314,5.00522926827929,5.04073921122477,5.24872932047835
2013-04-24,4.96,4.9388612697383,4.86982150142001,4.92913708739187,4.974792305252,5.01030210720137,5.06103068102965,5.26902134009053
2013-04-25,4.98,4.94861846909078,4.89839544579862,4.93928266784835,4.99001077165642,5.04073921122477,5.1016137816883,5.30960554005429
2013-04-26,4.94,4.91934545100925,4.85076768142623,4.8581184005309,4.91899152037336,4.96971948983314,5.02552064410882,5.25380232035744
2013-04-29,4.94,4.90958683153675,4.7268295378462,4.77695499381128,4.84797292761372,4.8936276616266,4.95450106372657,5.19292654291506
2013-04-30,4.94,4.90958683153675,4.73636868071381,4.74651893829663,4.79217306698805,4.83782746814465,4.89870042665539,5.14219709701156
2013-05-02,4.93,4.86078663126399,4.669575619352,4.71608300392894,4.76173695091273,4.79724576477469,4.84797292761372,5.1016137816883
2013-05-03,4.95,4.90958683153675,4.76498066670228,4.79217306698805,4.83275474345353,4.86319114203213,4.91899152037336,5.14727002651658
2013-05-06,4.94,4.90958683153675,4.75544424496999,4.82768202212494,4.86826388689492,4.89870042665539,4.96971948983314,5.20814544204367
2013-05-07,4.95,4.9388612697383,4.79358449237033,4.82768202212494,4.87840938670452,4.91899152037336,4.974792305252,5.23351034093924
2013-05-08,4.92,4.86078663126399,4.68866389072353,4.66535671595796,4.72622830192195,4.77695499381128,4.83275474345353,5.12697832861446
2013-05-09,4.86,4.78268167618445,4.55496963446578,4.53346994372832,4.59434047861307,4.67042932960289,4.73130095596728,5.04581207364234
2013-05-10,4.9,4.76315069767796,4.56452513687911,4.56897769675444,4.61463076476016,4.70593771940051,4.77188230948065,5.1016137816883
2013-05-13,4.9,4.74361782253663,4.56452513687911,4.58419535575865,4.62984851474886,4.71608300392894,4.79724576477469,5.12697832861446
2013-05-14,4.89,4.71431495283792,4.54541322153279,4.54868753194009,4.61463076476016,4.7008650821859,4.78202768150617,5.11683249978285
2013-05-15,4.89,4.72408305040073,4.56452513687911,4.58419535575865,4.6501388952302,4.73637361337826,4.82260930415899,5.1523429593743
2013-05-16,4.86,4.71431495283792,4.57407972895663,4.52332490177951,4.57405024638529,4.65521149877146,4.75666427667576,5.11683249978285
2013-05-17,4.87,4.69477733450674,4.52629766345236,4.55883260760512,4.60448561494735,4.68564719074247,4.77188230948065,5.12697832861446
2013-05-20,4.87,4.68500781363446,4.47849282211887,4.48781736119086,4.5385424697606,4.60955818816902,4.69579244833793,5.05595780854493
2013-05-22,4.87,4.68500781363446,4.47849282211887,4.57405024638529,4.62477592805024,4.7008650821859,4.78710037256513,5.13205124806035
2013-05-23,4.93,4.78268167618445,4.62183904036628,4.63999369825248,4.67042932960289,4.75666427667576,4.83782746814465,5.16756177806219
2013-05-24,4.92,4.8022107584238,4.63138817405806,4.74144627415478,4.78202768150617,4.86826388689492,4.93928266784835,5.25380232035744
2013-05-27,4.94,4.86078663126399,4.68866389072353,4.76680962851441,4.82260930415899,4.90884596679411,4.9646466777725,5.27409435336634
2013-05-28,4.93,4.86078663126399,4.69820666419896,4.80231846592498,4.86826388689492,4.95450106372657,5.00522926827929,5.35526302110794
2013-05-29,4.92,4.86078663126399,4.69820666419896,4.83275474345353,4.88855489995843,4.9646466777725,5.0204477951163,5.35526302110794
2013-05-30,4.91,4.8803081321358,4.74590691637111,4.84290019619809,4.91391874190377,5.00015643271432,5.06103068102965,5.40092077321033
2013-05-31,4.9,4.84126323559586,4.74590691637111,4.76680962851441,4.86826388689492,4.9646466777725,5.05595780854493,5.44657879624726
2013-06-01,,4.7533844972136,4.6027380449009,,,,,
2013-06-03,4.83,4.66546734826867,4.52629766345236,4.62984851474886,4.75666427667576,4.883482141651,4.98493794616381,5.4110669771418
2013-06-04,4.82,4.70454638088658,4.57407972895663,4.65521149877146,4.77695499381128,4.89870042665539,4.99508360050667,5.45672506037089
2013-06-05,4.81,4.67523781823775,4.50717846123094,4.58926791550081,4.71608300392894,4.82260930415899,4.90884596679411,5.40092077321033
2013-06-06,4.81,4.67523781823775,4.50717846123094,4.56897769675444,4.72115565124247,4.83275474345353,4.93928266784835,5.43135942513815
2013-06-07,4.77,4.59706076653355,4.46892911883356,4.56390515049432,4.71101035998158,4.83275474345353,4.92913708739187,5.42628630812279
2013-06-10,4.77,4.61660787819884,4.4976174931417,4.61463076476016,4.79724576477469,4.9240643022028,5.04073921122477,5.50238341439508
2013-06-11,4.76,4.60683455981226,4.4976174931417,4.61970334472062,4.80231846592498,4.9240643022028,5.05595780854493,5.50745658155303
2013-06-12,4.75,4.61660787819884,4.4976174931417,4.61463076476016,4.80231846592498,4.9240643022028,5.05595780854493,5.48716393297239
2013-06-13,4.75,4.61660787819884,4.4976174931417,4.56390515049432,4.73130095596728,4.8581184005309,4.974792305252,5.37555532191965
2013-06-14,4.78,4.61660787819884,4.4976174931417,4.60448561494735,4.73637361337826,4.85304566239138,4.96971948983314,5.3806284054871
2013-06-17,4.78,4.67523781823775,4.60273804490097,4.67042932960289,4.77695499381128,4.88855489995843,5.00015643271432,5.43643254549746
2013-06-18,4.8,4.67523781823775,4.60273804490097,4.70593771940051,4.82768202212494,4.93420987594047,5.04073921122477,5.49731025057891
2013-06-19,4.81,4.70454638088658,4.61228899736987,4.76680962851441,4.90884596679411,5.03059349645787,5.10668668436587,5.553115236327
2013-06-20,4.88,4.78268167618445,4.70774852976064,4.86826388689492,5.03566635216322,5.1523429593743,5.25380232035744,5.67487297145988
2013-06-21,4.88,4.8022107584238,4.70774852976064,4.88855489995843,5.04073921122477,5.15741589558458,5.24872932047835,5.64443335742488
2013-06-24,4.9,4.8217379447717,4.75544424496999,4.87840938670452,5.02552064410882,5.14727002651658,5.24365632394888,5.64443335742488
2013-06-25,4.89,4.8022107584238,4.69820666419896,4.84797292761372,5.01537494948043,5.12697832861446,5.22336437132978,5.64950661808821
2013-06-26,4.87,4.78268167618445,4.65048371426313,4.79724576477469,4.96971948983314,5.07117643606509,5.17770767394818,5.60892062623686
2013-06-27,4.87,4.76315069767796,4.62183904036628,4.73637361337826,4.9240643022028,5.03059349645787,5.13712417085945,5.56326164080052
2013-06-28,4.87,4.75338449721363,4.60273804490097,4.71608300392894,4.90884596679411,5.01537494948043,5.12190541252189,5.5480420391004
2013-07-01,4.87,4.75338449721363,4.60273804490097,4.68564719074247,4.88855489995843,4.99001077165642,5.09654088236482,5.52774928359903
2013-07-02,4.87,4.75338449721363,4.60273804490097,4.6501388952302,4.85304566239138,4.95957386907024,5.07117643606509,5.50238341439508
2013-07-03,4.86,4.73385067361498,4.57407972895663,4.67042932960289,4.86319114203213,4.974792305252,5.08639509378095,5.49731025057891
2013-07-04,4.86,4.73385067361498,4.59318618279969,4.67042932960289,4.86319114203213,4.974792305252,5.08639509378095,5.49731025057891
2013-07-05,4.88,4.75338449721363,4.62183904036628,4.69579244833793,4.87840938670452,4.99001077165642,5.11175959039745,5.51760292589347
2013-07-08,4.88,4.76315069767796,4.62183904036628,4.66535671595796,4.85304566239138,4.9646466777725,5.09146798639568,5.49731025057891
2013-07-09,4.88,4.75338449721363,4.59318618279969,4.64506629505717,4.79724576477469,4.91899152037336,5.03059349645787,5.43135942513815
2013-07-10,4.84,4.72408305040073,4.54541322153279,4.61463076476016,4.74651893829663,4.87333663511909,4.97986512402895,5.34004383063456
2013-07-11,4.82,4.72408305040073,4.53585589792027,4.61463076476016,4.72622830192195,4.84290019619809,4.95957386907024,5.34511689077914
2013-07-12,4.79,4.67523781823775,4.50717846123094,4.57405024638529,4.68564719074247,4.81246387831571,4.93928266784835,5.32989772038581
2013-07-15,4.81,4.67523781823775,4.50717846123094,4.56897769675444,4.68057456699529,4.81246387831571,4.9240643022028,5.31975162352529
2013-07-17,4.8,4.65569640367924,4.47849282211887,4.56390515049432,4.68057456699529,4.78710037256513,4.90884596679411,5.29945946997405
2013-07-18,4.81,4.66546734826867,4.51673851794521,4.59434047861307,4.71608300392894,4.82260930415899,4.94435546311547,5.33497077383671
2013-07-19,4.83,4.67523781823775,4.55496963446578,4.62984851474886,4.74144627415478,4.84797292761372,4.97986512402895,5.36540916482187
2013-07-22,4.83,4.68500781363446,4.57407972895663,4.6501388952302,4.76680962851441,4.87840938670452,5.01030210720137,5.38570149240005
2013-07-23,4.82,4.68500781363446,4.57407972895663,4.65521149877146,4.76173695091273,4.87333663511909,5.01030210720137,5.38570149240005
2013-07-24,4.83,4.68500781363446,4.57407972895663,4.66535671595796,4.77188230948065,4.88855489995843,5.02552064410882,5.42628630812279
2013-07-25,4.76,4.65569640367924,4.53585589792027,4.64506629505717,4.75666427667576,4.87840938670452,5.01537494948043,5.43643254549746
2013-07-26,4.77,4.65569640367924,4.54541322153279,4.65521149877146,4.76680962851441,4.88855489995843,5.0204477951163,5.43643254549746
2013-07-29,4.76,4.64592498442951,4.53585589792027,4.62477592805024,4.75666427667576,4.87840938670452,5.01537494948043,5.43643254549746
2013-07-30,4.72,4.60683455981226,4.48805561349364,4.56897769675444,4.69579244833793,4.82768202212494,4.94435546311547,5.36540916482187
2013-07-31,4.72,4.59706076653355,4.47849282211887,4.53346994372832,4.65521149877146,4.79724576477469,4.91899152037336,5.36033609129185
2013-08-01,4.71,4.57751175508392,4.4402325358357,4.55376006808699,4.66535671595796,4.80739117043871,4.93928266784835,5.3806284054871
2013-08-02,4.69,4.56773653683307,4.41152773943188,4.54361499916456,4.64506629505717,4.78202768150617,4.91899152037336,5.34004383063456
2013-08-05,4.7,4.58728649830675,4.4402325358357,4.56390515049432,4.67550194661539,4.80231846592498,4.93928266784835,5.35018995427032
2013-08-06,4.72,4.57751175508392,4.45936450347784,4.55376006808699,4.66535671595796,4.79724576477469,4.92913708739187,5.35018995427032
2013-08-07,4.72,4.57751175508392,4.44979897586784,4.55376006808699,4.66535671595796,4.80739117043871,4.93420987594047,5.35018995427032
2013-08-08,4.74,4.60683455981226,4.47849282211887,4.57912279938677,4.69579244833793,4.82260930415899,4.94942826174158,5.36033609129185
2013-08-09,4.74,4.62638072173327,4.4976174931417,4.59434047861307,4.70593771940051,4.82768202212494,4.95450106372657,5.36033609129185
2013-08-12,4.74,4.62638072173327,4.4976174931417,4.59941304509532,4.70593771940051,4.82768202212494,4.95450106372657,5.36033609129185
2013-08-13,4.76,4.64592498442951,4.53585589792027,4.63492110481634,4.73637361337826,4.883482141651,4.97986512402895,5.40599387350369
2013-08-14,4.82,4.68500781363446,4.5836334108742,4.67042932960289,4.77188230948065,4.9037731950446,4.99508360050667,5.43643254549746
2013-08-16,4.86,4.72408305040073,4.62183904036628,4.75666427667576,4.8581184005309,5.00015643271432,5.12190541252189,5.51760292589347
2013-08-19,4.89,4.77291642398558,4.6791202091665,4.8581184005309,4.93928266784835,5.0762493186155,5.22336437132978,5.58355448982477
2013-08-20,4.86,4.74361782253663,4.65048371426313,4.80739117043871,4.88855489995843,5.03566635216322,5.16756177806219,5.5480420391004
2013-08-21,4.86,4.72408305040073,4.66003012110416,4.82768202212494,4.9037731950446,5.04581207364234,5.17263472432921,5.57340805863353
2013-08-22,4.85,4.72408305040073,4.66003012110416,4.82260930415899,4.91899152037336,5.05088493941579,5.17770767394818,5.58862771042932
2013-08-23,4.85,4.72408305040073,4.64093639863705,4.82260930415899,4.91899152037336,5.03566635216322,5.17770767394818,5.57848127255944
2013-08-26,4.85,4.73385067361498,4.64093639863705,4.79724576477469,4.88855489995843,5.00522926827929,5.1523429593743,5.5480420391004
2013-08-27,4.86,4.71431495283792,4.62183904036628,4.79724576477469,4.87333663511909,5.00015643271432,5.13205124806035,5.54296884521417
2013-08-28,4.88,4.73385067361498,4.64093639863705,4.81246387831571,4.8936276616266,5.0204477951163,5.14727002651658,5.5480420391004
2013-08-29,4.9,4.77291642398558,4.6791202091665,4.84797292761372,4.91899152037336,5.04581207364234,5.16756177806219,5.55818843689373
2013-08-30,4.92,4.8119745885602,4.7268295378462,4.87840938670452,4.94435546311547,5.06610355686974,5.19292654291506,5.58862771042932
2013-09-02,4.93,4.84126323559586,4.74590691637111,4.90884596679411,4.97986512402895,5.09146798639568,5.20814544204367,5.59877416165553
2013-09-03,4.94,4.84126323559586,4.76498066670228,4.91899152037336,5.00015643271432,5.10668668436587,5.22336437132978,5.62414034814693
2013-09-04,4.91,4.8119745885602,4.70774852976064,4.883482141651,4.97986512402895,5.08132220452084,5.19292654291506,5.58862771042932
2013-09-05,4.89,4.79244645431454,4.68866389072353,4.82768202212494,4.92913708739187,5.07117643606509,5.19292654291506,5.60892062623686
2013-09-06,4.84,4.70454638088658,4.60273804490097,4.77188230948065,4.84797292761372,4.99508360050667,5.12697832861446,5.52267610307571
2013-09-07,,4.71431495283792,4.63138817405806,,,,,
2013-09-09,4.84,4.71431495283792,4.63138817405806,4.75666427667576,4.83782746814465,4.97986512402895,5.11175959039745,5.51252975205252
2013-09-10,4.83,4.69477733450674,4.62183904036628,4.78710037256513,4.87840938670452,5.02552064410882,5.14219709701156,5.56326164080052
2013-09-11,4.84,4.72408305040073,4.64093639863705,4.79724576477469,4.87840938670452,5.02552064410882,5.14219709701156,5.55818843689373
2013-09-12,4.84,4.72408305040073,4.64093639863705,4.78710037256513,4.87333663511909,5.01537494948043,5.13712417085945,5.56833484804717
2013-09-13,4.87,4.73385067361498,4.66003012110416,4.81246387831571,4.89870042665539,5.03566635216322,5.14727002651658,5.55818843689373
2013-09-16,4.86,4.71431495283792,4.64093639863705,4.79724576477469,4.89870042665539,5.00522926827929,5.11175959039745,5.52774928359903
2013-09-17,4.86,4.72408305040073,4.65048371426313,4.77695499381128,4.88855489995843,5.00015643271432,5.11175959039745,5.52267610307571
2013-09-23,4.82,4.68500781363446,4.61228899736987,4.74144627415478,4.84290019619809,4.93928266784835,5.03566635216322,5.46687133786714
2013-09-24,4.83,4.69477733450674,4.62183904036628,4.77188230948065,4.8581184005309,4.94435546311547,5.04073921122477,5.46687133786714
2013-09-25,4.83,4.71431495283792,4.64093639863705,4.80231846592498,4.883482141651,4.974792305252,5.06103068102965,5.48209077918236
2013-09-26,4.85,4.72408305040073,4.65048371426313,4.81753658955588,4.89870042665539,4.99508360050667,5.06610355686974,5.48209077918236
2013-09-27,4.85,4.70454638088658,4.63138817405806,4.79217306698805,4.883482141651,4.9646466777725,5.04581207364234,5.47701762873472
2013-09-30,4.88,4.71431495283792,4.66003012110416,4.82260930415899,4.8936276616266,4.99001077165642,5.05595780854493,5.50745658155303
2013-10-01,4.88,4.72408305040073,4.66003012110416,4.80739117043871,4.87840938670452,4.974792305252,5.02552064410882,5.4922370901046
2013-10-02,4.84,4.69477733450674,4.60273804490097,4.7515916058037,4.83275474345353,4.94435546311547,4.97986512402895,5.44150566920054
2013-10-03,4.83,4.67523781823775,4.56452513687911,4.69579244833793,4.77188230948065,4.87333663511909,4.90884596679411,5.40092077321033
2013-10-04,4.84,4.68500781363446,4.55496963446578,4.65521149877146,4.71608300392894,4.82260930415899,4.87333663511909,5.38570149240005
2013-10-07,4.83,4.66546734826867,4.54541322153279,4.6501388952302,4.7008650821859,4.83782746814465,4.87333663511909,5.40599387350369
2013-10-08,4.85,4.67523781823775,4.57407972895663,4.66535671595796,4.7008650821859,4.82260930415899,4.87840938670452,5.37555532191965
2013-10-09,4.85,4.68500781363446,4.59318618279969,4.67042932960289,4.70593771940051,4.83275474345353,4.88855489995843,5.37555532191965
2013-10-10,4.87,4.69477733450674,4.62183904036628,4.67550194661539,4.72115565124247,4.85304566239138,4.91899152037336,5.38570149240005
2013-10-11,4.87,4.69477733450674,4.61228899736987,4.65521149877146,4.7008650821859,4.82768202212494,4.9037731950446,5.35526302110794
2013-10-14,4.87,4.68500781363446,4.5836334108742,4.64506629505717,4.69579244833793,4.82260930415899,4.9037731950446,5.35526302110794
2013-10-15,4.85,4.66546734826867,4.5836334108742,4.66535671595796,4.73637361337826,4.84797292761372,4.93928266784835,5.39077458265835
2013-10-16,4.87,4.68500781363446,4.61228899736987,4.68564719074247,4.78710037256513,4.883482141651,4.96971948983314,5.42628630812279
2013-10-17,4.86,4.66546734826867,4.5836334108742,4.6501388952302,4.74651893829663,4.83275474345353,4.9240643022028,5.39077458265835
2013-10-18,4.6,4.49929670414395,4.42109691779358,4.51317987331947,4.60955818816902,4.72115565124247,4.82260930415899,5.30960554005429
2013-10-21,4.57,4.45039684807558,4.38281472492186,4.44216505189048,4.54361499916456,4.67550194661539,4.77695499381128,5.28931341328585
2013-10-22,4.53,4.38191707143432,4.31578570525115,4.38129573139281,4.49796235592352,4.63492110481634,4.72622830192195,5.22336437132978
2013-10-23,4.54,4.39170132418631,4.34451791369561,4.40158545087934,4.5030348583494,4.65521149877146,4.74651893829663,5.2182913915505
2013-10-24,4.53,4.37213234271105,4.25829658212518,4.39651301594328,4.4827448688844,4.61970334472062,4.71608300392894,5.18785358324125
2013-10-25,4.56,4.39170132418631,4.28704526296908,4.41173033087927,4.49288985687062,4.61970334472062,4.72115565124247,5.17263472432921
2013-10-28,4.56,4.42105122713432,4.28704526296908,4.42187522438195,4.49796235592352,4.62984851474886,4.73130095596728,5.17263472432921
2013-10-29,4.52,4.34277530030602,4.21036379326711,4.34578885229839,4.43709258995084,4.56390515049432,4.65521149877146,5.10668668436587
2013-10-30,4.53,4.38191707143432,4.23912621557498,4.35086125346558,4.44723751720482,4.56897769675444,4.65521149877146,5.09654088236482
2013-11-04,4.55,4.40148510102301,4.25829658212518,4.39144058438341,4.4827448688844,4.59941304509532,4.68564719074247,5.12190541252189
2013-11-05,4.52,4.41126840199235,4.25829658212518,4.37115089190878,4.47767237995138,4.60955818816902,4.71101035998158,5.14727002651658
2013-11-06,4.51,4.37213234271105,4.19118426136045,4.34578885229839,4.45230998589377,4.57912279938677,4.68564719074247,5.1523429593743
2013-11-07,4.51,4.35256145719887,4.20077448580702,4.33564406009745,4.42694767619642,4.56897769675444,4.68564719074247,5.14219709701156
2013-11-08,4.51,4.35256145719887,4.19118426136045,4.33564406009745,4.43202013138611,4.56390515049432,4.69579244833793,5.1523429593743
2013-11-11,4.5,4.35256145719887,4.19118426136045,4.34071645450895,4.45230998589377,4.57912279938677,4.72115565124247,5.16756177806219
2013-11-12,4.5,4.35256145719887,4.19118426136045,4.33057166906403,4.43202013138611,4.56390515049432,4.71101035998158,5.13205124806035
2013-11-13,4.48,4.32320155803101,4.15281419034397,4.29506502642978,4.39144058438341,4.51317987331947,4.67550194661539,5.1016137816883
2013-11-14,4.47,4.30362591078381,4.11442943367479,4.24941387207876,4.32549928140886,4.48781736119086,4.64506629505717,5.08132220452084
2013-11-15,4.47,4.28404835819673,4.12402700023229,4.25448620904112,4.33057166906403,4.4827448688844,4.62477592805024,5.11175959039745
2013-11-18,4.47,4.28404835819673,4.11442943367479,4.25955854938416,4.34071645450895,4.49796235592352,4.64506629505717,5.13205124806035
2013-11-19,4.45,4.25467845597449,4.10483094854808,4.24941387207876,4.33057166906403,4.4827448688844,4.62477592805024,5.13205124806035
2013-11-20,4.29,4.15674779792763,4.07602998008194,4.20376299157252,4.30013739381214,4.43202013138611,4.57912279938677,5.12190541252189
2013-11-21,4.32,4.15674779792763,4.11442943367479,4.24941387207876,4.34578885229839,4.47767237995138,4.63492110481634,5.17770767394818
2013-11-22,4.33,4.18613200207751,4.1336236484204,4.25448620904112,4.34578885229839,4.47259989439199,4.62477592805024,5.19292654291506
2013-11-25,4.33,4.24488753550012,4.18159311977551,4.30520976457374,4.40158545087934,4.52332490177951,4.69071981785671,5.22843735445939
2013-11-26,4.36,4.24488753550012,4.20077448580702,4.33057166906403,4.43709258995084,4.56897769675444,4.73130095596728,5.26394833016368
2013-11-27,4.36,4.27425886728283,4.19118426136045,4.32549928140886,4.43202013138611,4.56390515049432,4.72622830192195,5.25380232035744
2013-11-28,4.37,4.29383737268374,4.23912621557498,4.36607847723214,4.45738245795708,4.58419535575865,4.74144627415478,5.27409435336634
2013-11-29,4.39,4.31341397255292,4.27746328498202,4.38636815619988,4.49288985687062,4.62477592805024,4.77188230948065,5.30453250334026
2013-12-02,4.36,4.29383737268374,4.26788039142334,4.37622330996241,4.48781736119086,4.62477592805024,4.78202768150617,5.31467858011603
2013-12-03,4.36,4.30362591078381,4.25829658212518,4.38129573139281,4.50810736414811,4.65521149877146,4.81246387831571,5.35018995427032
2013-12-04,4.37,4.30362591078381,4.26788039142334,4.40158545087934,4.52839742106792,4.68564719074247,4.83782746814465,5.3806284054871
2013-12-05,4.31,4.24488753550012,4.21995218393256,4.35086125346558,4.4827448688844,4.64506629505717,4.77188230948065,5.36033609129185
2013-12-06,4.33,4.26446889988608,4.24871185689568,4.36100606593262,4.48781736119086,4.65521149877146,4.79217306698805,5.42121319445148
2013-12-09,4.34,4.26446889988608,4.23912621557498,4.36100606593262,4.48781736119086,4.65521149877146,4.79217306698805,5.41614008412443
2013-12-10,4.34,4.26446889988608,4.21036379326711,4.35086125346558,4.47767237995138,4.63492110481634,4.78202768150617,5.39077458265835
2013-12-11,4.33,4.25467845597449,4.19118426136045,4.34071645450895,4.46245493339468,4.61970334472062,4.77695499381128,5.37555532191965
2013-12-12,4.33,4.24488753550012,4.18159311977551,4.35086125346558,4.47259989439199,4.62477592805024,4.79217306698805,5.39584767626182
2013-12-13,4.32,4.27425886728283,4.21995218393256,4.35086125346558,4.47259989439199,4.62984851474886,4.79217306698805,5.40092077321033
2013-12-16,4.33,4.25467845597449,4.20077448580702,4.34071645450895,4.47259989439199,4.62984851474886,4.78710037256513,5.40599387350369
2013-12-17,4.33,4.25467845597449,4.19118426136045,4.33564406009745,4.47259989439199,4.62984851474886,4.79724576477469,5.44150566920054
2013-12-18,4.34,4.26446889988608,4.21036379326711,4.35593365801039,4.5030348583494,4.67042932960289,4.83782746814465,5.47194448162958
2013-12-19,4.35,4.26446889988608,4.21036379326711,4.35593365801039,4.51825238586334,4.68057456699529,4.85304566239138,5.48716393297239
2013-12-20,4.36,4.26446889988608,4.21995218393256,4.36100606593262,4.5385424697606,4.7008650821859,4.8936276616266,5.51252975205252
2013-12-23,4.36,4.27425886728283,4.21995218393256,4.35086125346558,4.53346994372832,4.70593771940051,4.8936276616266,5.50745658155303
2013-12-24,4.36,4.26446889988608,4.21036379326711,4.36100606593262,4.5385424697606,4.71608300392894,4.89870042665539,5.51252975205252
2013-12-26,4.36,4.26446889988608,4.21036379326711,4.36100606593262,4.54361499916456,4.71608300392894,4.89870042665539,5.51252975205252
2013-12-27,4.36,4.26446889988608,4.21036379326711,4.35593365801039,4.51825238586334,4.69071981785671,4.86826388689492,5.49731025057891
2013-12-30,4.36,4.26446889988608,4.19118426136045,4.36100606593262,4.5385424697606,4.71608300392894,4.89870042665539,5.51760292589347
2014-01-02,4.36,4.27425886728283,4.20077448580702,4.36607847723214,4.54361499916456,4.72622830192195,4.91899152037336,5.54296884521417
2014-01-03,4.37,4.29383737268374,4.21995218393256,4.36100606593262,4.54361499916456,4.72622830192195,4.91899152037336,5.553115236327
2014-01-06,4.36,4.27425886728283,4.20077448580702,4.34578885229839,4.52839742106792,4.71608300392894,4.90884596679411,5.53789565466842
2014-01-07,4.36,4.24488753550012,4.17200106086035,4.30013739381214,4.48781736119086,4.67550194661539,4.86319114203213,5.51760292589347
2014-01-08,4.35,4.28404835819673,4.17200106086035,4.33057166906403,4.5030348583494,4.69579244833793,4.89870042665539,5.57848127255944
2014-01-09,4.34,4.27425886728283,4.16240808443913,4.33057166906403,4.49796235592352,4.69071981785671,4.88855489995843,5.57340805863353
2014-01-10,4.34,4.27425886728283,4.1336236484204,4.27477559069545,4.44216505189048,4.6501388952302,4.84797292761372,5.54296884521417
2014-01-13,4.31,4.23509613839901,4.05682473842894,4.25955854938416,4.42187522438195,4.6501388952302,4.86319114203213,5.5480420391004
2014-01-14,4.3,4.23509613839901,4.08563122193151,4.24941387207876,4.43202013138611,4.67042932960289,4.8936276616266,5.60384739227688
2014-01-15,4.25,4.20571908696754,4.07602998008194,4.21897992130689,4.39144058438341,4.64506629505717,4.87840938670452,5.60892062623686
2014-01-16,4.25,4.17633774432069,4.05682473842894,4.18347379927884,4.31535451623386,4.58926791550081,4.84290019619809,5.57848127255944
2014-01-17,4.29,4.17633774432069,4.07602998008194,4.14796784301195,4.27984794455942,4.56897769675444,4.81753658955588,5.553115236327
2014-01-20,4.28,4.15674779792763,3.99918693705725,4.10738981032173,4.22405223798206,4.48781736119086,4.73637361337826,5.50238341439508
2014-01-21,4.26,4.15674779792763,3.97996697310088,4.12767879958968,4.21390760801343,4.47259989439199,4.73637361337826,5.48716393297239
2014-01-22,4.26,4.15674779792763,4.01840321832747,4.15811238502772,4.23926920829656,4.49796235592352,4.73637361337826,5.48209077918236
2014-01-23,4.24,4.14695210920346,4.0087955379402,4.1327510553687,4.20883529810194,4.44216505189048,4.7008650821859,5.45165192663741
2014-01-24,4.23,4.14695210920346,3.99918693705725,4.11246205256119,4.21390760801343,4.41173033087927,4.64506629505717,5.43643254549746
2014-01-27,4.23,4.14695210920346,3.99918693705725,4.11753429818578,4.21390760801343,4.40665788919137,4.64506629505717,5.43135942513815
2014-01-28,4.22,4.14695210920346,4.01840321832747,4.10738981032173,4.19869068842536,4.41173033087927,4.62984851474886,5.41614008412443
2014-01-29,4.22,4.11756218036885,4.03761581831041,4.13782331453216,4.23926920829656,4.46245493339468,4.67042932960289,5.46687133786714
2014-01-30,4.21,4.16654300961739,4.09523154469227,4.20883529810194,4.33564406009745,4.52332490177951,4.72622830192195,5.50238341439508
2014-01-31,4.23,4.13715594340491,4.09523154469227,4.22912455803883,4.36100606593262,4.58419535575865,4.77695499381128,5.54296884521417
2014-02-03,4.23,4.14695210920346,4.09523154469227,4.23926920829656,4.38129573139281,4.61970334472062,4.82260930415899,5.553115236327
2014-02-04,4.23,4.13715594340491,4.0664278189757,4.18854609227832,4.33564406009745,4.57912279938677,4.79217306698805,5.53282246746334
2014-02-05,4.23,4.13715594340491,4.0664278189757,4.1784015096622,4.33564406009745,4.55376006808699,4.78202768150617,5.51760292589347
2014-02-06,4.22,4.12735930046804,4.05682473842894,4.19869068842536,4.32549928140886,4.54361499916456,4.77695499381128,5.51760292589347
2014-02-07,4.22,4.11756218036885,4.0472207382658,4.18347379927884,4.32042689713206,4.51825238586334,4.76680962851441,5.50745658155303
2014-02-10,4.2,4.11756218036885,4.05682473842894,4.18854609227832,4.33057166906403,4.52332490177951,4.75666427667576,5.50745658155303
2014-02-11,4.2,4.13715594340491,4.0472207382658,4.20883529810194,4.36100606593262,4.55376006808699,4.76680962851441,5.50745658155303
2014-02-12,4.18,4.13715594340491,4.0664278189757,4.22405223798206,4.35086125346558,4.54868753194009,4.7515916058037,5.49731025057891
2014-02-13,4.19,4.10776458304341,4.0472207382658,4.19361838866055,4.32549928140886,4.52332490177951,4.72622830192195,5.48209077918236
2014-02-14,4.17,4.10776458304341,4.0472207382658,4.16318466111123,4.28999266242676,4.4827448688844,4.66028410568076,5.45165192663741
2014-02-17,4.16,4.05876943648753,3.99918693705725,4.16318466111123,4.28492030180323,4.4827448688844,4.64506629505717,5.43135942513815
2014-02-18,4.16,4.0195647245227,3.98957741550277,4.15811238502772,4.25955854938416,4.46245493339468,4.62477592805024,5.38570149240005
2014-02-19,4.07,3.98035236955963,3.93190094212947,4.0972453359988,4.22912455803883,4.43709258995084,4.60448561494735,5.35018995427032
2014-02-20,4.06,3.98035236955963,3.92228497091018,4.0921731039157,4.23926920829656,4.46245493339468,4.66535671595796,5.36540916482187
2014-02-21,4.06,3.96074332502749,3.91266807760449,4.06681199428975,4.21897992130689,4.43709258995084,4.6501388952302,5.34511689077914
2014-02-24,4.02,3.96074332502749,3.89343152401445,4.04145096932804,4.20883529810194,4.42694767619642,4.6501388952302,5.34511689077914
2014-02-25,4.0,3.91171234845267,3.84532399108917,4.02623439499823,4.21390760801343,4.42694767619642,4.6501388952302,5.31975162352529
2014-02-26,3.98,3.90190471872831,3.81644839067441,4.00087350554104,4.19869068842536,4.42187522438195,4.62984851474886,5.29945946997405
2014-02-27,4.01666666666667,3.90190471872831,3.83569971468933,4.02116221033042,4.22912455803883,4.43709258995084,4.63999369825248,5.33497077383671
2014-02-28,3.99166666666667,3.90190471872831,3.85494734397973,4.06681199428975,4.26970324021148,4.4827448688844,4.68057456699529,5.40092077321033
2014-03-03,3.975,3.88228802447532,3.82607451461237,4.05666757414425,4.24941387207876,4.45230998589377,4.66535671595796,5.37048224169785
2014-03-04,3.96944444444444,3.87247895985876,3.81644839067441,4.03637877449718,4.23419688147706,4.44216505189048,4.65521149877146,5.36540916482187
2014-03-05,3.96388888888889,3.83323791705958,3.78756447389605,4.01101785115905,4.23419688147706,4.44216505189048,4.6501388952302,5.35526302110794
2014-03-06,3.95833333333333,3.83323791705958,3.80682134269161,4.04145096932804,4.25448620904112,4.47259989439199,4.66535671595796,5.37048224169785
2014-03-07,3.95277777777778,3.87247895985876,3.82607451461237,4.06681199428975,4.27984794455942,4.5030348583494,4.67550194661539,5.37048224169785
2014-03-10,3.93611111111111,3.87247895985876,3.83569971468933,4.07695642798154,4.29506502642978,4.51825238586334,4.71101035998158,5.37555532191965
2014-03-11,3.93055555555556,3.84304889550524,3.81644839067441,4.05159536915174,4.27984794455942,4.50810736414811,4.70593771940051,5.38570149240005
2014-03-12,3.925,3.84304889550524,3.81644839067441,4.04145096932804,4.27477559069545,4.49288985687062,4.69579244833793,5.34511689077914
2014-03-13,3.92222222222222,3.83323791705958,3.79719337048812,4.02623439499823,4.24941387207876,4.46245493339468,4.67042932960289,5.35018995427032
2014-03-14,3.91944444444444,3.82342646004474,3.77793465273157,4.02116221033042,4.24434153849718,4.45230998589377,4.66535671595796,5.33497077383671
2014-03-17,3.91111111111111,3.81361452439677,3.77793465273157,4.0059456766558,4.22912455803883,4.43709258995084,4.64506629505717,5.32482467028192
2014-03-18,3.90833333333333,3.81361452439677,3.74903964002105,3.98565701252931,4.19869068842536,4.40665788919137,4.61463076476016,5.28931341328585
2014-03-19,3.90555555555556,3.80380211009168,3.72977167208788,3.96536840262907,4.1784015096622,4.39651301594328,4.61970334472062,5.26902134009053
2014-03-20,3.90277777777778,3.80380211009168,3.72977167208788,3.94507984696537,4.15811238502772,4.39144058438341,4.63999369825248,5.26902134009053
2014-03-21,3.9,3.80380211009168,3.71050000159645,3.91464711518581,4.12767879958968,4.37622330996241,4.61463076476016,5.28424038996416
2014-03-24,3.89166666666667,3.78417584527035,3.6912246271239,3.90450289838871,4.0972453359988,4.36100606593262,4.59941304509532,5.27916736999092
2014-03-25,3.89166666666667,3.76454766522105,3.68158555044307,3.88928659863135,4.08710087521833,4.35086125346558,4.59434047861307,5.27409435336634
2014-03-26,3.88888888888889,3.76454766522105,3.68158555044307,3.9095750050915,4.11246205256119,4.37115089190878,4.61970334472062,5.27409435336634
2014-03-27,3.88611111111111,3.76454766522105,3.68158555044307,3.89435869515846,4.11246205256119,4.36607847723214,4.60955818816902,5.26394833016368
2014-03-28,3.88333333333333,3.76454766522105,3.68158555044307,3.92479134554848,4.13782331453216,4.38636815619988,4.61970334472062,5.26902134009053
2014-03-31,3.875,3.77436199467418,3.68158555044307,3.90450289838871,4.10738981032173,4.36100606593262,4.59941304509532,5.24365632394888
2014-04-01,3.87222222222222,3.73510180324832,3.64301997662064,3.85885409071021,4.08202864990688,4.32042689713206,4.56897769675444,5.22336437132978
2014-04-02,3.86944444444444,3.72528555789575,3.64301997662064,3.84363788255522,4.05666757414425,4.30013739381214,4.55883260760512,5.2182913915505
2014-04-03,3.86666666666667,3.70565162988434,3.63337626550297,3.79798944136456,4.00087350554104,4.23926920829656,4.5030348583494,5.17263472432921
2014-04-04,3.86388888888889,3.70565162988434,3.63337626550297,3.782773355407,3.97551270080028,4.20376299157252,4.45738245795708,5.1523429593743
2014-04-07,3.85555555555556,3.72528555789575,3.66230461730499,3.79798944136456,3.99580133781494,4.21897992130689,4.47259989439199,5.16756177806219
2014-04-08,3.85277777777778,3.72528555789575,3.67194554723138,3.78784538066415,3.99072917347763,4.20883529810194,4.46245493339468,5.17770767394818
2014-04-09,3.77222222222222,3.69583394712159,3.63337626550297,3.75234127517696,3.95015198079607,4.17332922342863,4.45230998589377,5.1523429593743
2014-04-10,3.84722222222222,3.65655842329637,3.57549451662109,3.71176535841653,3.90450289838871,4.10738981032173,4.40158545087934,5.11175959039745
2014-04-11,3.84444444444444,3.65655842329637,3.60443956688172,3.71683733612083,3.91464711518581,4.10231757146755,4.38129573139281,5.10668668436587
2014-04-14,3.83611111111111,3.66637802326952,3.64301997662064,3.7624852883358,3.94507984696537,4.13782331453216,4.41680277594283,5.12697832861446
2014-04-15,3.83333333333333,3.67619714385814,3.65266276049603,3.77770133354542,3.97551270080028,4.14796784301195,4.44216505189048,5.12190541252189
2014-04-16,4.0,3.68601578513417,3.66230461730499,3.79291740931673,3.99580133781494,4.15811238502772,4.45230998589377,5.11683249978285
2014-04-17,3.83,3.69583394712159,3.67194554723138,3.80813351564537,4.01609002905066,4.19361838866055,4.47259989439199,5.1016137816883
2014-04-21,3.82,3.72528555789575,3.72977167208788,3.85885409071021,4.06681199428975,4.24941387207876,4.51317987331947,5.12190541252189
2014-04-22,3.81845238095238,3.72528555789575,3.72013629975587,3.84363788255522,4.05666757414425,4.25448620904112,4.49288985687062,5.09146798639568
2014-04-23,3.79166666666667,3.72528555789575,3.6912246271239,3.83349376075317,4.04145096932804,4.23419688147706,4.45738245795708,5.07117643606509
2014-04-24,3.78611111111111,3.72528555789575,3.66230461730499,3.80306147680751,4.02116221033042,4.21390760801343,4.43709258995084,5.0762493186155
2014-04-25,3.78055555555556,3.70565162988434,3.65266276049603,3.79291740931673,4.0059456766558,4.20883529810194,4.42694767619642,5.08639509378095
2014-04-28,3.79722222222222,3.67619714385814,3.63337626550297,3.7624852883358,3.98058485497015,4.18347379927884,4.41680277594283,5.09654088236482
2014-04-29,3.75833333333333,3.67619714385814,3.61408606080538,3.73712528091321,3.95015198079607,4.1784015096622,4.40158545087934,5.10668668436587
2014-04-30,3.75277777777778,3.64673834391471,3.59479214498837,3.73712528091321,3.93493558947542,4.16318466111123,4.38636815619988,5.10668668436587
2014-05-02,3.75,3.65655842329637,3.59479214498837,3.73205328961916,3.93493558947542,4.16825694057823,4.38636815619988,5.1016137816883
2014-05-05,3.725,3.63691778506059,3.57549451662109,3.71683733612083,3.88928659863135,4.11753429818578,4.34578885229839,5.06103068102965
2014-05-06,3.71944444444444,3.61727522877509,3.58514379496544,3.71176535841653,3.88421450549639,4.10738981032173,4.33564406009745,5.06103068102965
2014-05-07,3.71388888888889,3.65655842329637,3.62373162695917,3.74726927369229,3.92479134554848,4.14289557707999,4.36607847723214,5.0762493186155
2014-05-08,3.84722222222222,3.74491756955209,3.71050000159645,3.85378201793185,3.99580133781494,4.21897992130689,4.43202013138611,5.11683249978285
2014-05-09,3.84444444444444,3.80380211009168,3.76830390681882,3.89943079507766,4.0465231675463,4.23926920829656,4.46752741220637,5.12697832861446
2014-05-12,3.83611111111111,3.81361452439677,3.77793465273157,3.9095750050915,4.07695642798154,4.24434153849718,4.46245493339468,5.11175959039745
2014-05-13,3.83333333333333,3.81361452439677,3.80682134269161,3.92986346581652,4.08710087521833,4.25955854938416,4.46245493339468,5.09146798639568
2014-05-14,3.84,3.8136,3.78756447389605,3.94000771652512,4.08710087521833,4.25955854938416,4.45738245795708,5.0762493186155
2014-05-15,3.84,3.81361452439677,3.76830390681882,3.93493558947542,4.08202864990688,4.25955854938416,4.45230998589377,5.0762493186155
2014-05-16,3.87,3.82342646004474,3.80682134269161,3.97551270080028,4.11753429818578,4.28492030180323,4.47767237995138,5.09654088236482
2014-05-19,3.85,3.82342646004474,3.78756447389605,3.95522411801701,4.0972453359988,4.26463089310765,4.45738245795708,5.08132220452084
2014-05-20,3.85,3.82342646004474,3.76830390681882,3.91464711518581,4.05666757414425,4.22912455803883,4.41173033087927,5.03566635216322
2014-05-22,3.84,3.82342646004474,3.73940611878432,3.88421450549639,4.03637877449718,4.20883529810194,4.38129573139281,5.03566635216322
2014-05-23,3.84,3.81361452439677,3.72013629975587,3.85885409071021,4.0059456766558,4.18854609227832,4.36607847723214,5.03059349645787
2014-05-26,3.85,3.81361452439677,3.72977167208788,3.87407032940372,4.01101785115905,4.18347379927884,4.36100606593262,5.03059349645787
2014-05-27,3.88611111111111,3.81361452439677,3.71050000159645,3.85885409071021,3.99580133781494,4.15304011232793,4.33057166906403,5.00015643271432
2014-05-28,3.88333333333333,3.81361452439677,3.70086277744974,3.84363788255522,3.98058485497015,4.1327510553687,4.31028213871434,4.95957386907024
2014-05-29,3.88055555555556,3.81361452439677,3.68158555044307,3.82334965252702,3.96029625862808,4.12260654719534,4.30520976457374,4.95957386907024
2014-05-30,3.87777777777778,3.76454766522105,3.64301997662064,3.77262931507958,3.92479134554848,4.08710087521833,4.27477559069545,4.94942826174158
2014-06-02,3.86944444444444,3.76454766522105,3.64301997662064,3.79798944136456,3.95015198079607,4.11753429818578,4.30520976457374,4.98493794616381
2014-06-03,3.87,3.78417584527035,3.68158555044307,3.82334965252702,3.97551270080028,4.14796784301195,4.33057166906403,5.01030210720137
2014-06-04,3.86,3.79398921705754,3.6912246271239,3.82334965252702,3.97551270080028,4.14289557707999,4.32549928140886,5.01537494948043
2014-06-05,3.86,3.79398921705754,3.6912246271239,3.82842170494302,3.97551270080028,4.14796784301195,4.33564406009745,5.01537494948043
2014-06-06,3.86,3.73510180324832,3.65266276049603,3.77770133354542,3.93493558947542,4.10738981032173,4.28999266242676,4.99508360050667
2014-06-09,3.85,3.73510180324832,3.63337626550297,3.77262931507958,3.93493558947542,4.11246205256119,4.28999266242676,4.99508360050667
2014-06-10,3.85,3.71546883346241,3.61408606080538,3.7624852883358,3.92479134554848,4.11246205256119,4.28999266242676,4.99508360050667
2014-06-11,3.86,3.69583394712159,3.59479214498837,3.72698130172231,3.89435869515846,4.06681199428975,4.24941387207876,4.96971948983314
2014-06-12,3.86,3.69583394712159,3.59479214498837,3.7219093172228,3.88421450549639,4.06173978252362,4.23419688147706,4.95957386907024
2014-06-13,3.88,3.72528555789575,3.59479214498837,3.73205328961916,3.90450289838871,4.08202864990688,4.23926920829656,4.95957386907024
2014-06-16,3.9,3.73510180324832,3.60443956688172,3.7421972756043,3.91464711518581,4.07695642798154,4.24941387207876,4.95957386907024
2014-06-17,3.9,3.74491756955209,3.63337626550297,3.76755730000968,3.94000771652512,4.10231757146755,4.27477559069545,4.96971948983314
2014-06-18,3.9,3.74491756955209,3.63337626550297,3.75234127517696,3.92479134554848,4.0921731039157,4.26463089310765,4.95450106372657
2014-06-19,3.9,3.74491756955209,3.59479214498837,3.73205328961916,3.89435869515846,4.06681199428975,4.23926920829656,4.92913708739187
2014-06-20,3.9,3.75473285686301,3.63337626550297,3.7624852883358,3.92986346581652,4.08710087521833,4.25955854938416,4.92913708739187
2014-06-23,3.9,3.75473285686301,3.63337626550297,3.7624852883358,3.92986346581652,4.08710087521833,4.25955854938416,4.92913708739187
2014-06-24,3.91,3.75473285686301,3.64301997662064,3.76755730000968,3.91971922867154,4.08710087521833,4.25955854938416,4.91391874190377
2014-06-25,3.9,3.75473285686301,3.63337626550297,3.7624852883358,3.9095750050915,4.05666757414425,4.22912455803883,4.87840938670452
2014-06-26,3.9,3.75473285686301,3.61408606080538,3.7219093172228,3.87914241575378,4.02116221033042,4.18854609227832,4.84797292761372
2014-06-27,3.84,3.71546883346241,3.58514379496544,3.69147748157941,3.85378201793185,4.00087350554104,4.18854609227832,4.82260930415899
2014-06-30,3.83,3.68601578513417,3.56584430977946,3.68640552086597,3.84363788255522,3.99580133781494,4.16825694057823,4.81246387831571
2014-07-01,3.81,3.67619714385814,3.60443956688172,3.71683733612083,3.86899824644631,4.01101785115905,4.18854609227832,4.79724576477469
2014-07-02,3.83,3.69583394712159,3.62373162695917,3.7421972756043,3.88421450549639,4.0465231675463,4.21390760801343,4.82260930415899
2014-07-03,3.82,3.70565162988434,3.62373162695917,3.7421972756043,3.90450289838871,4.07188420944244,4.23926920829656,4.84290019619809
2014-07-04,3.82,3.70565162988434,3.61408606080538,3.73205328961916,3.90450289838871,4.07188420944244,4.23926920829656,4.84290019619809
2014-07-07,3.81,3.69583394712159,3.58514379496544,3.70162141320163,3.86899824644631,4.0465231675463,4.20376299157252,4.83275474345353
2014-07-08,3.73,3.61727522877509,3.54654110988495,3.6610457682817,3.82842170494302,4.01101785115905,4.1784015096622,4.82768202212494
2014-07-09,3.72,3.59763075405617,3.51757934185315,3.64075802740362,3.81320555787803,3.99072917347763,4.14289557707999,4.81246387831571
2014-07-10,3.71,3.5681604441038,3.50792356027885,3.62554225744565,3.79291740931673,3.97044055001987,4.12260654719534,4.80231846592498
2014-07-11,3.66,3.53868581558192,3.45963070253408,3.57482324531557,3.75234127517696,3.92479134554848,4.08710087521833,4.76173695091273
2014-07-14,3.68,3.55833604783928,3.49826684894428,3.60018270886306,3.77770133354542,3.96029625862808,4.12767879958968,4.77695499381128
2014-07-15,3.67,3.53868581558192,3.45963070253408,3.57482324531557,3.75234127517696,3.94000771652512,4.08710087521833,4.71608300392894
2014-07-17,3.6,3.48955183442623,3.42097966575494,3.53932013924658,3.7219093172228,3.91971922867154,4.06173978252362,4.69071981785671
2014-07-18,3.6,3.48955183442623,3.44030704615506,3.55453573571645,3.7219093172228,3.91464711518581,4.06681199428975,4.69579244833793
2014-07-21,3.6,3.48955183442623,3.44030704615506,3.55453573571645,3.7219093172228,3.9095750050915,4.06681199428975,4.69579244833793
2014-07-22,3.61,3.47972359772974,3.42097966575494,3.53424828056312,3.69654944569136,3.87914241575378,4.04145096932804,4.67042932960289
2014-07-23,3.59,3.46006568349733,3.38231372712805,3.49874536508621,3.65090189104309,3.83856581995727,4.01101785115905,4.63492110481634
2014-07-24,3.59,3.46989488076943,3.40164855989489,3.52410457340688,3.67626160963515,3.86392616688178,4.02623439499823,4.63492110481634
2014-07-25,3.58,3.46006568349733,3.41131457860033,3.52917642528316,3.68640552086597,3.87407032940372,4.03637877449718,4.63492110481634
2014-07-28,3.58,3.46006568349733,3.41131457860033,3.52917642528316,3.69147748157941,3.87407032940372,4.03637877449718,4.63999369825248
2014-07-29,3.58,3.46006568349733,3.42097966575494,3.55453573571645,3.71683733612083,3.90450289838871,4.06681199428975,4.67042932960289
2014-07-30,3.51,3.40108041065523,3.36297516602357,3.49367353363537,3.67118965911815,3.86392616688178,4.02623439499823,4.66535671595796
2014-07-31,3.46,3.36174728322813,3.33396033056932,3.44802720381361,3.63568610068397,3.83349376075317,4.01609002905066,4.65521149877146
2014-08-01,3.46,3.33224238910024,3.27590546417511,3.397309383168,3.58496702052906,3.79798944136456,3.98058485497015,4.64506629505717
2014-08-04,3.46,3.30273316621899,3.23718354094726,3.35166363595729,3.53932013924658,3.77262931507958,3.96536840262907,4.63999369825248
2014-08-05,3.39,3.24370172913646,3.16938417889467,3.31108987026936,3.49874536508621,3.73205328961916,3.94507984696537,4.65521149877146
2014-08-06,3.33,3.19449562691965,3.11123393609769,3.22994299382378,3.44295540641815,3.66611771200027,3.88421450549639,4.61463076476016
2014-08-07,3.31,3.15512207604396,3.06274963060726,3.17415502309746,3.4023811498997,3.63061417736459,3.83349376075317,4.59434047861307
2014-08-08,3.3,3.16496618637885,3.0724483670852,3.17415502309746,3.3871658599284,3.58496702052906,3.77770133354542,4.51825238586334
2014-08-11,3.3,3.14527748388649,3.06274963060726,3.16908340988218,3.36687885434914,3.57482324531557,3.77770133354542,4.5030348583494
2014-08-12,3.28,3.14527748388649,3.0724483670852,3.16401180008212,3.37195060063107,3.57989513122128,3.782773355407,4.5030348583494
2014-08-13,3.27,3.15512207604396,3.0724483670852,3.17922663972781,3.37702235032169,3.57482324531557,3.782773355407,4.50810736414811
2014-08-14,3.21,3.10589429608754,3.02394530235262,3.10822431773325,3.30601816490461,3.51903272493441,3.73205328961916,4.44723751720482
2014-08-15,,,,3.11329588995501,3.2958747644078,3.51903272493441,3.73205328961916,4.45230998589377
2014-08-18,3.26,3.12558685391195,3.04334934331862,3.14879699117496,3.32123329123064,3.53424828056312,3.74726927369229,4.44723751720482
2014-08-19,3.23,3.09604729411372,3.04334934331862,3.13865380231599,3.32630500682685,3.53932013924658,3.77262931507958,4.46245493339468
2014-08-20,3.22,3.09604729411372,3.03364779213222,3.12343904464947,3.2958747644078,3.52410457340688,3.76755730000968,4.47259989439199
2014-08-21,3.22,3.08619981002956,3.03364779213222,3.13358221301072,3.30601816490461,3.55453573571645,3.78784538066415,4.47767237995138
2014-08-22,3.22,3.08619981002956,3.02394530235262,3.12343904464947,3.31616157904473,3.55960760801233,3.79291740931673,4.47767237995138
2014-08-25,3.22,3.08619981002956,3.02394530235262,3.11329588995501,3.30094646295074,3.55960760801233,3.79291740931673,4.47259989439199
2014-08-26,3.2,3.0369551563707,2.99483219960806,3.08286650788543,3.2705163228637,3.53932013924658,3.80306147680751,4.45230998589377
2014-08-27,3.18,3.0172539185056,2.93658062739421,3.03722266550741,3.21979969569322,3.49874536508621,3.77262931507958,4.44723751720482
2014-08-28,3.17,3.0271047786572,2.94629157274606,3.04736571765927,3.22487134305178,3.50888903820166,3.79291740931673,4.4827448688844
2014-08-29,3.15,3.0369551563707,2.93658062739421,3.03722266550741,3.24515796661873,3.55960760801233,3.83856581995727,4.52332490177951
2014-09-01,3.11,2.99755075070429,2.87829520006966,2.99665059369216,3.22487134305178,3.55960760801233,3.85885409071021,4.53346994372832
2014-09-02,3.13,3.0172539185056,2.9074421480848,3.02707962703346,3.2502296310428,3.59003891323872,3.88928659863135,4.56897769675444
2014-09-03,3.14,3.0172539185056,2.95600157786602,3.06765186299152,3.2806596892466,3.62554225744565,3.92986346581652,4.62984851474886
2014-09-04,3.1,3.0271047786572,2.95600157786602,3.08286650788543,3.31108987026936,3.64582995752338,3.96536840262907,4.69071981785671
2014-09-05,3.15,3.05665446467529,3.00453750627039,3.14372539503744,3.37195060063107,3.71176535841653,4.0465231675463,4.73130095596728
2014-09-08,3.15,3.07635184379507,3.06274963060726,3.21979969569322,3.43788361242914,3.76755730000968,4.13782331453216,4.79217306698805
2014-09-09,3.14,3.07635184379507,3.05304995607969,3.23501464800904,3.45817080882318,3.782773355407,4.13782331453216,4.79217306698805
2014-09-10,3.12,3.05665446467529,3.04334934331862,3.23501464800904,3.4683144274565,3.77262931507958,4.10231757146755,4.73637361337826
2014-09-11,3.12,3.04680505169408,3.01424187379595,3.22487134305178,3.47845805971232,3.76755730000968,4.08710087521833,4.72622830192195
2014-09-12,3.17,3.12558685391195,3.08214616569735,3.2958747644078,3.55453573571645,3.84363788255522,4.16318466111123,4.78710037256513
2014-09-15,3.16,3.10589429608754,3.0724483670852,3.30601816490461,3.56467948371093,3.84363788255522,4.16825694057823,4.77695499381128
2014-09-16,3.16,3.10589429608754,3.08214616569735,3.32630500682685,3.61032651809303,3.89943079507766,4.21390760801343,4.78710037256513
2014-09-17,3.17,3.11574081600696,3.12092798503727,3.35166363595729,3.63568610068397,3.92479134554848,4.24434153849718,4.81753658955588
2014-09-22,3.19,3.15512207604396,3.15969481296108,3.38209410342085,3.6610457682817,3.95015198079607,4.25955854938416,4.8581184005309
2014-09-23,3.18,3.15512207604396,3.14031327220476,3.37702235032169,3.6610457682817,3.96029625862808,4.26463089310765,4.88855489995843
2014-09-24,3.19,3.16496618637885,3.14031327220476,3.4023811498997,3.69654944569136,3.99580133781494,4.28999266242676,4.94435546311547
2014-09-25,3.19,3.14527748388649,3.13062109701434,3.37702235032169,3.69147748157941,3.99580133781494,4.27984794455942,4.93928266784835
2014-09-26,3.19,3.15512207604396,3.13062109701434,3.3871658599284,3.69147748157941,3.99072917347763,4.27477559069545,4.93420987594047
2014-09-29,3.18,3.12558685391195,3.10153895001974,3.36687885434914,3.6610457682817,3.95522411801701,4.26970324021148,4.94435546311547
2014-09-30,3.14,3.12558685391195,3.10153895001974,3.35673537201209,3.66611771200027,3.97551270080028,4.28492030180323,4.96971948983314
2014-10-01,3.14,3.12558685391195,3.10153895001974,3.37702235032169,3.67626160963515,3.98058485497015,4.28492030180323,4.96971948983314
2014-10-02,3.14,3.10589429608754,3.10153895001974,3.37702235032169,3.67118965911815,3.98565701252931,4.27477559069545,4.98493794616381
2014-10-03,3.14,3.11574081600696,3.10153895001974,3.37195060063107,3.65090189104309,3.96536840262907,4.26463089310765,4.98493794616381
2014-10-06,3.11,3.08619981002956,3.08214616569735,3.36687885434914,3.65090189104309,3.96536840262907,4.24941387207876,4.974792305252
2014-10-07,3.1,3.0665033953543,3.06274963060726,3.38209410342085,3.67118965911815,3.96029625862808,4.23926920829656,4.96971948983314
2014-10-08,3.13,3.08619981002956,3.0724483670852,3.397309383168,3.67626160963515,3.96536840262907,4.23419688147706,4.95450106372657
2014-10-09,3.12,3.07635184379507,3.05304995607969,3.38209410342085,3.6610457682817,3.94507984696537,4.20376299157252,4.93928266784835
2014-10-10,3.08,3.0369551563707,3.02394530235262,3.33644844824963,3.6204703409273,3.9095750050915,4.17332922342863,4.92913708739187
2014-10-13,3.03,2.99755075070429,2.98512595361711,3.25530129887952,3.53424828056312,3.82334965252702,4.08202864990688,4.89870042665539
2014-10-14,3.03,2.98769844295066,2.96571064292994,3.19951314039653,3.45817080882318,3.74726927369229,4.02623439499823,4.83782746814465
2014-10-15,2.91111111111111,2.92857445964145,2.9074421480848,3.09300962157169,3.34659190331181,3.64075802740362,3.9095750050915,4.72622830192195
2014-10-16,2.90833333333333,2.93842966386215,2.92686874161863,3.09300962157169,3.35673537201209,3.66611771200027,3.95015198079607,4.73637361337826
2014-10-17,3.0,2.97784565258308,2.98512595361711,3.18429825977304,3.43281182184669,3.73205328961916,4.03637877449718,4.79724576477469
2014-10-20,3.0,2.9679923795296,2.99483219960806,3.18936988323302,3.43281182184669,3.72698130172231,4.02623439499823,4.78202768150617
2014-10-21,3.0,2.9679923795296,3.00453750627039,3.22487134305178,3.45817080882318,3.73205328961916,4.02116221033042,4.77695499381128
2014-10-22,3.0,2.9679923795296,3.00453750627039,3.2705163228637,3.47845805971232,3.75234127517696,4.02623439499823,4.73637361337826
2014-10-23,3.0,2.97784565258308,3.00453750627039,3.29080306927605,3.49874536508621,3.77770133354542,4.04145096932804,4.74144627415478
2014-10-24,3.0,2.9679923795296,2.97541876811369,3.2705163228637,3.49367353363537,3.75741328005821,4.01101785115905,4.73130095596728
2014-10-27,3.0,2.95813862375827,2.94629157274606,3.23501464800904,3.4683144274565,3.71683733612083,3.99580133781494,4.71608300392894
2014-10-28,3.0,2.95813862375827,2.96571064292994,3.24008630560741,3.47845805971232,3.73712528091321,4.0059456766558,4.73637361337826
2014-10-29,3.0,2.9482843852211,2.95600157786602,3.20458477409975,3.44295540641815,3.71176535841653,3.99580133781494,4.72115565124247
2014-10-30,3.0,2.95813862375827,2.94629157274606,3.19951314039653,3.44802720381361,3.7219093172228,3.99580133781494,4.72622830192195
2014-11-03,3.0,2.95813862375827,2.94629157274606,3.21472805174825,3.46324261643693,3.74726927369229,4.01101785115905,4.74144627415478
2014-11-04,3.0,2.95813862375827,2.95600157786602,3.20965641121702,3.45817080882318,3.73205328961916,3.99580133781494,4.71608300392894
2014-11-05,3.0,2.95813862375827,2.93658062739421,3.20965641121702,3.45309900461532,3.7421972756043,4.01609002905066,4.70593771940051
2014-11-06,3.0,2.95813862375827,2.92686874161863,3.20458477409975,3.43788361242914,3.73205328961916,4.01609002905066,4.70593771940051
2014-11-07,3.0,2.98769844295066,2.99483219960806,3.2502296310428,3.47845805971232,3.76755730000968,4.0465231675463,4.74144627415478
2014-11-10,3.0,2.98769844295066,2.98512595361711,3.26037297012867,3.48352988094827,3.77262931507958,4.07695642798154,4.75666427667576
2014-11-11,3.0,2.97784565258308,2.98512595361711,3.26544464479013,3.50381719994171,3.77770133354542,4.07695642798154,4.76173695091273
2014-11-12,3.0,2.98769844295066,2.98512595361711,3.27558800434926,3.50381719994171,3.78784538066415,4.08710087521833,4.78710037256513
2014-11-13,3.0,2.98769844295066,2.97541876811369,3.27558800434926,3.49874536508621,3.782773355407,4.06173978252362,4.77695499381128
2014-11-14,3.0,2.98769844295066,2.96571064292994,3.24515796661873,3.48352988094827,3.75741328005821,4.0465231675463,4.76173695091273
2014-11-17,3.0,2.98769844295066,2.95600157786602,3.21979969569322,3.45309900461532,3.73205328961916,4.0059456766558,4.7515916058037
2014-11-18,3.0,2.97784565258308,2.94629157274606,3.20965641121702,3.44802720381361,3.71176535841653,3.98058485497015,4.74651893829663
2014-11-19,3.0,2.93842966386215,2.9074421480848,3.15386859072835,3.397309383168,3.6610457682817,3.92986346581652,4.70593771940051
2014-11-20,3.0,2.93842966386215,2.89772743995087,3.12343904464947,3.37702235032169,3.62554225744565,3.86899824644631,4.66535671595796
2014-11-21,3.0,2.91871877251104,2.88801179067377,3.09300962157169,3.34659190331181,3.58496702052906,3.82334965252702,4.62984851474886
2014-11-24,3.0,2.90886260241496,2.86857766794668,3.11329588995501,3.36180711147611,3.60018270886306,3.84363788255522,4.63492110481634
2014-11-25,3.0,2.90886260241496,2.85885919412099,3.12343904464947,3.36180711147611,3.59511080935011,3.85378201793185,4.62477592805024
2014-11-26,2.98055555555556,2.86943309150267,2.82969812065303,3.08793806301966,3.31616157904473,3.56975136281206,3.82842170494302,4.60448561494735
2014-11-27,2.97777777777778,2.85957450590679,2.78107748050704,3.05750878348774,3.2958747644078,3.53932013924658,3.79798944136456,4.58419535575865
2014-11-28,2.975,2.8102743282945,2.7616226223186,3.03215114456064,3.25530129887952,3.50381719994171,3.75234127517696,4.55883260760512
2014-12-01,2.96666666666667,2.80041284251453,2.74216398928573,3.01186509497149,3.22487134305178,3.47845805971232,3.71683733612083,4.54868753194009
2014-12-02,2.96388888888889,2.82013533058922,2.78107748050704,3.03722266550741,3.25530129887952,3.50381719994171,3.75741328005821,4.58419535575865
2014-12-03,3.0,2.87929119390906,2.82969812065303,3.09300962157169,3.30094646295074,3.54439200133341,3.79798944136456,4.63999369825248
2014-12-04,3.0,2.88914881316593,2.83941942065802,3.08286650788543,3.2806596892466,3.51903272493441,3.782773355407,4.65521149877146
2014-12-05,3.0,2.87929119390906,2.84913977842471,3.09300962157169,3.28573137755557,3.52410457340688,3.79291740931673,4.6501388952302
2014-12-09,3.0,2.89900594932124,2.87829520006966,3.11329588995501,3.31616157904473,3.55453573571645,3.82334965252702,4.67042932960289
2014-12-10,3.0,2.86943309150267,2.82969812065303,3.04736571765927,3.24515796661873,3.49367353363537,3.75234127517696,4.58926791550081
2014-12-11,3.0,2.82013533058922,2.74216398928573,2.94593581180382,3.18429825977304,3.43281182184669,3.69147748157941,4.51825238586334
2014-12-12,3.0,2.8102743282945,2.73243325674599,2.95100727459443,3.18429825977304,3.41252469358617,3.68133356355116,4.45738245795708
2014-12-15,2.99166666666667,2.82013533058922,2.74216398928573,2.96622168349923,3.19444151010757,3.41759647054061,3.68640552086597,4.4827448688844
2014-12-16,2.98888888888889,2.83985588492275,2.79080349449323,2.9915791001071,3.21979969569322,3.44802720381361,3.71683733612083,4.51317987331947
2014-12-17,2.98611111111111,2.86943309150267,2.81025269316082,3.02200811292612,3.25530129887952,3.47338624188167,3.7421972756043,4.54868753194009
2014-12-18,3.0,2.90886260241496,2.84913977842471,3.09808118354142,3.32630500682685,3.54439200133341,3.81827760350528,4.61463076476016
2014-12-19,3.0,2.90886260241496,2.81997587820992,3.09300962157169,3.31616157904473,3.54439200133341,3.81827760350528,4.61463076476016
2014-12-22,3.0,2.90886260241496,2.81997587820992,3.09300962157169,3.31108987026936,3.54439200133341,3.81827760350528,4.61463076476016
2014-12-23,3.0,2.91871877251104,2.87829520006966,3.12343904464947,3.35166363595729,3.59003891323872,3.85378201793185,4.64506629505717
2014-12-24,3.0,2.90886260241496,2.84913977842471,3.13865380231599,3.37195060063107,3.61032651809303,3.88928659863135,4.67550194661539
2014-12-26,3.0,2.90886260241496,2.87829520006966,3.15386859072835,3.37702235032169,3.61032651809303,3.88928659863135,4.66028410568076
2014-12-29,3.0,2.91871877251104,2.88801179067377,3.16401180008212,3.37702235032169,3.61032651809303,3.88928659863135,4.66028410568076
2014-12-30,3.0,2.93842966386215,2.87829520006966,3.14372539503744,3.38209410342085,3.61032651809303,3.87914241575378,4.67550194661539
2015-01-02,3.0,2.9482843852211,2.87829520006966,3.14372539503744,3.39223761984415,3.6204703409273,3.88928659863135,4.68564719074247
2015-01-05,3.0,2.92857445964145,2.85885919412099,3.11329588995501,3.36180711147611,3.59003891323872,3.85378201793185,4.63492110481634
2015-01-06,3.0,2.89900594932124,2.79080349449323,3.00172209069804,3.26037297012867,3.51396087986597,3.77262931507958,4.52839742106792
2015-01-07,3.0,2.88914881316593,2.79080349449323,2.97129315997793,3.23501464800904,3.49367353363537,3.76755730000968,4.51317987331947
2015-01-08,3.0,2.85957450590679,2.7616226223186,2.93072144396715,3.20965641121702,3.46324261643693,3.72698130172231,4.49288985687062
2015-01-09,3.0,2.85957450590679,2.75189377774865,2.91043566810658,3.17415502309746,3.41759647054061,3.66611771200027,4.44723751720482
2015-01-12,3.0,2.85957450590679,2.74216398928573,2.88507852531255,3.13358221301072,3.36687885434914,3.61032651809303,4.42187522438195
2015-01-13,3.0,2.85957450590679,2.75189377774865,2.89014994702321,3.14372539503744,3.37195060063107,3.61539842780969,4.41173033087927
2015-01-14,3.0,2.82999584945465,2.69350088213383,2.84450727491914,3.09300962157169,3.33137672583324,3.57989513122128,4.34071645450895
2015-01-15,3.0,2.8102743282945,2.69350088213383,2.81915035475351,3.03215114456064,3.28573137755557,3.53424828056312,4.28999266242676
2015-01-16,3.0,2.8102743282945,2.70323539281936,2.81915035475351,3.03215114456064,3.2705163228637,3.52410457340688,4.25955854938416
2015-01-19,2.99166666666667,2.8102743282945,2.68376542645221,2.79886488029757,3.01693660223874,3.25530129887952,3.50381719994171,4.25448620904112
2015-01-20,2.98888888888889,2.8102743282945,2.68376542645221,2.77857946067663,2.98143612319994,3.21979969569322,3.4683144274565,4.19361838866055
2015-01-21,2.98611111111111,2.82013533058922,2.70323539281936,2.81915035475351,3.02200811292612,3.22994299382378,3.47845805971232,4.20883529810194
2015-01-22,2.98333333333333,2.83985588492275,2.72270157994559,2.83943588403395,3.05243724886402,3.26037297012867,3.49367353363537,4.25955854938416
2015-01-23,2.98055555555556,2.85957450590679,2.73243325674599,2.84957866923008,3.06258032153028,3.27558800434926,3.51396087986597,4.28999266242676
2015-01-26,3.0,2.89900594932124,2.78107748050704,2.90536423269998,3.12343904464947,3.35166363595729,3.61032651809303,4.36607847723214
2015-01-27,3.0,2.86943309150267,2.77135052317945,2.89522137215814,3.11836746559382,3.33644844824963,3.57482324531557,4.31535451623386
2015-01-28,3.0,2.86943309150267,2.77135052317945,2.86986428072755,3.09300962157169,3.30094646295074,3.53932013924658,4.24434153849718
2015-01-29,3.0,2.86943309150267,2.78107748050704,2.87493569216455,3.08793806301966,3.2958747644078,3.52917642528316,4.19869068842536
2015-01-30,3.0,2.87929119390906,2.78107748050704,2.88507852531255,3.07779495616924,3.26544464479013,3.50381719994171,4.10738981032173
2015-02-02,3.0,2.89900594932124,2.81997587820992,2.94086435243561,3.13865380231599,3.30094646295074,3.53424828056312,4.1327510553687
2015-02-03,3.0,2.90886260241496,2.84913977842471,2.99665059369216,3.20458477409975,3.38209410342085,3.59511080935011,4.20376299157252
2015-02-04,3.0,2.90886260241496,2.85885919412099,3.03215114456064,3.26544464479013,3.44802720381361,3.6610457682817,4.24941387207876
2015-02-05,3.0,2.92857445964145,2.86857766794668,3.07272340787119,3.32630500682685,3.50381719994171,3.71683733612083,4.26970324021148
2015-02-06,3.0,2.99755075070429,2.97541876811369,3.22994299382378,3.45817080882318,3.64582995752338,3.85378201793185,4.42187522438195
2015-02-09,3.0,2.99755075070429,2.98512595361711,3.26037297012867,3.47845805971232,3.66611771200027,3.87407032940372,4.44723751720482
2015-02-10,3.0,2.95813862375827,2.94629157274606,3.2806596892466,3.51396087986597,3.68640552086597,3.88421450549639,4.44216505189048
2015-02-11,3.0,2.95813862375827,2.94629157274606,3.30094646295074,3.52917642528316,3.70162141320163,3.90450289838871,4.41680277594283
2015-02-12,3.0,2.95813862375827,2.94629157274606,3.30094646295074,3.52410457340688,3.71176535841653,3.9095750050915,4.44723751720482
2015-02-13,3.0,2.97784565258308,2.96571064292994,3.32123329123064,3.53932013924658,3.73712528091321,3.92479134554848,4.46245493339468
2015-02-16,3.0,2.97784565258308,2.96571064292994,3.32123329123064,3.53932013924658,3.73712528091321,3.92479134554848,4.46752741220637
2015-02-17,3.0,2.97784565258308,2.95600157786602,3.31108987026936,3.51903272493441,3.71683733612083,3.9095750050915,4.42694767619642
2015-02-18,3.0,2.97784565258308,2.96571064292994,3.32630500682685,3.55453573571645,3.75234127517696,3.95522411801701,4.45230998589377
2015-02-19,3.0,2.97784565258308,2.97541876811369,3.32123329123064,3.55960760801233,3.7624852883358,3.96029625862808,4.44723751720482
2015-02-20,3.0,2.97784565258308,2.98512595361711,3.33644844824963,3.57482324531557,3.782773355407,3.98058485497015,4.46245493339468
2015-02-23,3.0,2.97784565258308,2.97541876811369,3.31616157904473,3.56975136281206,3.782773355407,3.97551270080028,4.46245493339468
2015-02-24,3.0,2.9679923795296,2.97541876811369,3.30601816490461,3.5494638668234,3.7624852883358,3.94000771652512,4.46245493339468
2015-02-25,3.0,2.9679923795296,2.97541876811369,3.2705163228637,3.51396087986597,3.70162141320163,3.87407032940372,4.42187522438195
2015-02-26,3.0,2.95813862375827,2.96571064292994,3.24515796661873,3.4683144274565,3.6610457682817,3.83349376075317,4.38129573139281
2015-02-27,3.0,2.9679923795296,2.97541876811369,3.2502296310428,3.47338624188167,3.6610457682817,3.83349376075317,4.38129573139281
2015-03-02,3.0,2.97784565258308,2.99483219960806,3.28573137755557,3.51396087986597,3.69654944569136,3.87914241575378,4.41173033087927
2015-03-03,3.0,2.97784565258308,3.00453750627039,3.33137672583324,3.55960760801233,3.7624852883358,3.95522411801701,4.47259989439199
2015-03-04,3.0,3.00740257586796,3.02394530235262,3.38209410342085,3.60018270886306,3.80306147680751,3.99580133781494,4.48781736119086
2015-03-05,3.0,3.0271047786572,3.03364779213222,3.37702235032169,3.61539842780969,3.81320555787803,4.0059456766558,4.49288985687062
2015-03-06,3.0,3.0369551563707,3.11123393609769,3.47338624188167,3.71683733612083,3.91971922867154,4.10738981032173,4.55376006808699
2015-03-09,3.0,3.0172539185056,3.10153895001974,3.47845805971232,3.72698130172231,3.92986346581652,4.11246205256119,4.55883260760512
2015-03-10,3.0,3.0172539185056,3.12092798503727,3.49874536508621,3.73712528091321,3.92986346581652,4.10738981032173,4.55883260760512
2015-03-11,3.0,3.0172539185056,3.14031327220476,3.52917642528316,3.74726927369229,3.96536840262907,4.13782331453216,4.59434047861307
2015-03-12,3.0,3.0172539185056,3.13062109701434,3.52917642528316,3.75234127517696,3.97044055001987,4.13782331453216,4.59434047861307
2015-03-13,3.0,3.0369551563707,3.16938417889467,3.60018270886306,3.79291740931673,4.01609002905066,4.18854609227832,4.64506629505717
2015-03-16,3.0,3.0369551563707,3.16938417889467,3.57989513122128,3.782773355407,3.99072917347763,4.16825694057823,4.63999369825248
2015-03-17,3.0,3.04680505169408,3.16938417889467,3.55960760801233,3.77262931507958,3.98565701252931,4.16825694057823,4.61463076476016
2015-03-18,3.0,3.04680505169408,3.15969481296108,3.55453573571645,3.77262931507958,3.97551270080028,4.15811238502772,4.61970334472062
2015-03-19,3.0,3.04680505169408,3.15969481296108,3.55453573571645,3.78784538066415,3.99580133781494,4.17332922342863,4.61970334472062
2015-03-20,3.04,3.0369551563707,3.16938417889467,3.51396087986597,3.74726927369229,3.95522411801701,4.1327510553687,4.60955818816902
2015-03-23,3.04,3.0271047786572,3.13062109701434,3.44802720381361,3.66611771200027,3.87407032940372,4.05666757414425,4.54868753194009
2015-03-24,3.03,3.0172539185056,3.12092798503727,3.42266825090227,3.63568610068397,3.84363788255522,4.03637877449718,4.53346994372832
2015-03-25,3.04,3.0369551563707,3.11123393609769,3.397309383168,3.6204703409273,3.82334965252702,4.01101785115905,4.51825238586334
2015-03-26,3.04,3.0665033953543,3.14031327220476,3.42774003467103,3.65090189104309,3.84363788255522,4.04145096932804,4.54361499916456
2015-03-27,3.04,3.0665033953543,3.14031327220476,3.42774003467103,3.64582995752338,3.83349376075317,4.01609002905066,4.54868753194009
2015-03-30,3.05,3.0665033953543,3.17907260876904,3.48860170558931,3.68133356355116,3.86392616688178,4.0465231675463,4.57912279938677
2015-03-31,3.06,3.11574081600696,3.23718354094726,3.56975136281206,3.75234127517696,3.91971922867154,4.10738981032173,4.62984851474886
2015-04-01,3.05,3.09604729411372,3.25654637142225,3.61032651809303,3.80813351564537,3.98058485497015,4.13782331453216,4.66535671595796
2015-04-02,3.05,3.09604729411372,3.25654637142225,3.61539842780969,3.80813351564537,3.98565701252931,4.14796784301195,4.67550194661539
2015-04-06,3.05,3.08619981002956,3.25654637142225,3.63568610068397,3.82334965252702,4.00087350554104,4.16825694057823,4.67042932960289
2015-04-07,3.04,3.07635184379507,3.27590546417511,3.64582995752338,3.86899824644631,4.02623439499823,4.18347379927884,4.69579244833793
2015-04-08,3.02,3.0271047786572,3.17907260876904,3.56975136281206,3.79798944136456,3.97551270080028,4.1327510553687,4.66535671595796
2015-04-09,3.03,3.0172539185056,3.15969481296108,3.54439200133341,3.75741328005821,3.94507984696537,4.0972453359988,4.6501388952302
2015-04-10,3.03,3.0271047786572,3.18876010276803,3.5494638668234,3.74726927369229,3.9095750050915,4.05666757414425,4.60955818816902
2015-04-13,3.02,3.0271047786572,3.1984466610675,3.57482324531557,3.782773355407,3.94000771652512,4.08710087521833,4.60448561494735
2015-04-14,3.02,3.0172539185056,3.16938417889467,3.55453573571645,3.76755730000968,3.92479134554848,4.06681199428975,4.54868753194009
2015-04-15,3.02,3.0172539185056,3.15969481296108,3.57482324531557,3.77262931507958,3.92479134554848,4.06681199428975,4.54868753194009
2015-04-16,3.02,3.0172539185056,3.14031327220476,3.5494638668234,3.75234127517696,3.90450289838871,4.03637877449718,4.5385424697606
2015-04-17,3.03,3.0172539185056,3.15000451079239,3.5494638668234,3.7624852883358,3.89435869515846,4.03130658305384,4.52839742106792
2015-04-20,3.03,3.0172539185056,3.14031327220476,3.51903272493441,3.71683733612083,3.83856581995727,3.97551270080028,4.47767237995138
2015-04-21,3.02,3.0172539185056,3.13062109701434,3.49367353363537,3.69654944569136,3.80306147680751,3.94000771652512,4.42694767619642
2015-04-22,3.03,3.0172539185056,3.15969481296108,3.51903272493441,3.71683733612083,3.83856581995727,3.96029625862808,4.42694767619642
2015-04-23,3.03,3.0172539185056,3.15000451079239,3.49367353363537,3.70669338411009,3.82842170494302,3.94507984696537,4.42694767619642
2015-04-24,3.02,3.0172539185056,3.14031327220476,3.47845805971232,3.67118965911815,3.79291740931673,3.9095750050915,4.41173033087927
2015-04-27,3.02,3.0172539185056,3.13062109701434,3.47845805971232,3.66611771200027,3.79291740931673,3.91464711518581,4.41173033087927
2015-04-28,3.02,3.0172539185056,3.14031327220476,3.48860170558931,3.68133356355116,3.81320555787803,3.93493558947542,4.44216505189048
2015-04-29,3.02,3.00740257586796,3.13062109701434,3.45817080882318,3.6610457682817,3.80306147680751,3.91464711518581,4.42694767619642
2015-04-30,3.02,3.0172539185056,3.14031327220476,3.47845805971232,3.67118965911815,3.81320555787803,3.94507984696537,4.44723751720482
2015-05-04,3.02,3.0172539185056,3.13062109701434,3.47845805971232,3.68133356355116,3.83349376075317,3.96536840262907,4.48781736119086
2015-05-05,3.02,3.00740257586796,3.15969481296108,3.51903272493441,3.72698130172231,3.89435869515846,4.04145096932804,4.57912279938677
2015-05-06,3.02,3.0172539185056,3.15969481296108,3.52917642528316,3.7421972756043,3.92986346581652,4.07695642798154,4.61463076476016
2015-05-07,3.03,3.00740257586796,3.15000451079239,3.53932013924658,3.75234127517696,3.92986346581652,4.07695642798154,4.62477592805024
2015-05-08,3.03,3.0369551563707,3.17907260876904,3.60018270886306,3.81320555787803,3.99072917347763,4.1327510553687,4.66028410568076
2015-05-11,3.03,3.0172539185056,3.1984466610675,3.63061417736459,3.86392616688178,4.05666757414425,4.21390760801343,4.71608300392894
2015-05-12,3.03,3.0172539185056,3.18876010276803,3.6204703409273,3.87407032940372,4.0465231675463,4.21390760801343,4.7008650821859
2015-05-13,3.03,3.0172539185056,3.18876010276803,3.6204703409273,3.88421450549639,4.05159536915174,4.23419688147706,4.70593771940051
2015-05-14,3.02,3.0172539185056,3.16938417889467,3.62554225744565,3.89435869515846,4.08202864990688,4.25448620904112,4.71608300392894
2015-05-15,3.02,3.0172539185056,3.15000451079239,3.60018270886306,3.87407032940372,4.0465231675463,4.23926920829656,4.68057456699529
2015-05-18,3.02,3.0172539185056,3.15969481296108,3.60525461177741,3.88421450549639,4.06681199428975,4.26970324021148,4.68564719074247
2015-05-19,3.03,3.0271047786572,3.14031327220476,3.59003891323872,3.88421450549639,4.07188420944244,4.27477559069545,4.71101035998158
2015-05-20,3.02,3.0172539185056,3.13062109701434,3.56975136281206,3.85378201793185,4.06681199428975,4.26463089310765,4.7008650821859
2015-05-22,3.02,3.0172539185056,3.14031327220476,3.55453573571645,3.82842170494302,4.04145096932804,4.22912455803883,4.68057456699529
2015-05-25,3.02,3.0172539185056,3.13062109701434,3.53424828056312,3.77770133354542,3.97551270080028,4.1784015096622,4.66028410568076
2015-05-26,3.02,3.0172539185056,3.12092798503727,3.53424828056312,3.76755730000968,3.96029625862808,4.16825694057823,4.64506629505717
2015-05-27,3.02,3.0172539185056,3.10153895001974,3.52917642528316,3.76755730000968,3.96536840262907,4.16825694057823,4.65521149877146
2015-05-28,3.02,3.0172539185056,3.09184302661158,3.51903272493441,3.73205328961916,3.94000771652512,4.14289557707999,4.62984851474886
2015-05-29,3.02,3.0172539185056,3.11123393609769,3.52917642528316,3.7421972756043,3.95015198079607,4.16825694057823,4.64506629505717
2015-06-01,3.02,3.0172539185056,3.12092798503727,3.53932013924658,3.7624852883358,3.98058485497015,4.1784015096622,4.67042932960289
2015-06-02,3.02,3.0271047786572,3.12092798503727,3.55960760801233,3.80306147680751,4.02116221033042,4.22405223798206,4.73130095596728
2015-06-03,3.02,3.0172539185056,3.11123393609769,3.56467948371093,3.82334965252702,4.06173978252362,4.25955854938416,4.76680962851441
2015-06-04,3.02,3.0172539185056,3.10153895001974,3.53932013924658,3.78784538066415,4.03130658305384,4.23926920829656,4.7515916058037
2015-06-05,3.02,3.0172539185056,3.10153895001974,3.51903272493441,3.74726927369229,4.01609002905066,4.24941387207876,4.76173695091273
2015-06-08,3.02,3.0172539185056,3.08214616569735,3.48860170558931,3.7219093172228,4.00087350554104,4.22912455803883,4.76173695091273
2015-06-09,3.02,3.00740257586796,3.06274963060726,3.48860170558931,3.72698130172231,4.00087350554104,4.23419688147706,4.77695499381128
2015-06-10,3.02,3.0172539185056,3.08214616569735,3.52917642528316,3.78784538066415,4.05666757414425,4.27984794455942,4.82768202212494
2015-06-11,3.03,3.0172539185056,3.08214616569735,3.52917642528316,3.76755730000968,4.02623439499823,4.25448620904112,4.80739117043871
2015-06-12,3.03,3.0172539185056,3.08214616569735,3.51903272493441,3.77262931507958,4.02623439499823,4.25955854938416,4.82260930415899
2015-06-15,3.03,3.0172539185056,3.08214616569735,3.52917642528316,3.77770133354542,4.02116221033042,4.24434153849718,4.80231846592498
2015-06-16,3.03,3.0172539185056,3.0724483670852,3.52410457340688,3.77770133354542,4.01101785115905,4.23419688147706,4.79724576477469
2015-06-17,3.03,3.0172539185056,3.09184302661158,3.5494638668234,3.81320555787803,4.0465231675463,4.25955854938416,4.83782746814465
2015-06-18,3.02,3.0172539185056,3.08214616569735,3.5494638668234,3.82334965252702,4.05666757414425,4.25955854938416,4.84797292761372
2015-06-19,3.02,3.0172539185056,3.06274963060726,3.52917642528316,3.79798944136456,4.02623439499823,4.23926920829656,4.84290019619809
2015-06-22,3.02,3.0172539185056,3.0724483670852,3.5494638668234,3.82334965252702,4.06173978252362,4.26970324021148,4.86319114203213
2015-06-23,3.02,3.0172539185056,3.0724483670852,3.55453573571645,3.84363788255522,4.07695642798154,4.28492030180323,4.88855489995843
2015-06-24,3.01,3.00740257586796,3.06274963060726,3.52410457340688,3.82334965252702,4.05159536915174,4.22912455803883,4.8581184005309
2015-06-25,3.01,2.99755075070429,3.08214616569735,3.53932013924658,3.82842170494302,4.06173978252362,4.24941387207876,4.86319114203213
2015-06-26,3.01,2.99755075070429,3.06274963060726,3.51396087986597,3.80813351564537,4.03130658305384,4.20883529810194,4.83275474345353
2015-06-30,3.01,3.00740257586796,3.04334934331862,3.48352988094827,3.75741328005821,3.99580133781494,4.15811238502772,4.79217306698805
2015-07-01,3.01,3.00740257586796,3.06274963060726,3.48860170558931,3.77770133354542,4.01609002905066,4.1784015096622,4.81246387831571
2015-07-02,3.02,2.99755075070429,3.06274963060726,3.47338624188167,3.76755730000968,3.99072917347763,4.16318466111123,4.77695499381128
2015-07-03,3.01,2.99755075070429,3.06274963060726,3.47338624188167,3.77262931507958,3.98565701252931,4.16318466111123,4.77695499381128
2015-07-06,3.01,3.00740257586796,3.04334934331862,3.42266825090227,3.70669338411009,3.91971922867154,4.10738981032173,4.71608300392894
2015-07-07,3.01,3.00740257586796,3.04334934331862,3.35673537201209,3.63061417736459,3.83856581995727,4.03637877449718,4.65521149877146
2015-07-08,3.02,3.00740257586796,3.02394530235262,3.35673537201209,3.61539842780969,3.82842170494302,4.0059456766558,4.63492110481634
2015-07-09,3.01,3.00740257586796,3.04334934331862,3.36687885434914,3.62554225744565,3.85378201793185,4.03130658305384,4.68057456699529
2015-07-10,3.02,3.00740257586796,3.06274963060726,3.41759647054061,3.67626160963515,3.88928659863135,4.07188420944244,4.72622830192195
2015-07-13,3.01,2.99755075070429,3.04334934331862,3.4023811498997,3.6610457682817,3.85378201793185,4.03637877449718,4.69071981785671
2015-07-14,3.01,2.99755075070429,3.03364779213222,3.36687885434914,3.63568610068397,3.83349376075317,4.02623439499823,4.66028410568076
2015-07-15,3.01,2.99755075070429,3.02394530235262,3.34659190331181,3.61032651809303,3.81320555787803,4.01609002905066,4.65521149877146
2015-07-17,3.01,2.99755075070429,3.01424187379595,3.30601816490461,3.57482324531557,3.77770133354542,3.98058485497015,4.62984851474886
2015-07-20,3.01,2.99755075070429,3.01424187379595,3.30094646295074,3.56975136281206,3.75234127517696,3.95522411801701,4.62984851474886
2015-07-21,3.01,3.00740257586796,3.01424187379595,3.30601816490461,3.57482324531557,3.75741328005821,3.96536840262907,4.64506629505717
2015-07-22,3.01,2.99755075070429,3.02394530235262,3.29080306927605,3.56467948371093,3.75741328005821,3.95522411801701,4.6501388952302
2015-07-23,3.01,3.00740257586796,3.04334934331862,3.32123329123064,3.59003891323872,3.79291740931673,4.00087350554104,4.66028410568076
2015-07-24,3.01,2.98769844295066,3.03364779213222,3.32630500682685,3.60525461177741,3.79798944136456,4.0059456766558,4.65521149877146
2015-07-27,3.01,2.98769844295066,3.04334934331862,3.32123329123064,3.59003891323872,3.79291740931673,3.98565701252931,4.59941304509532
2015-07-28,3.01,2.98769844295066,3.05304995607969,3.3415201740759,3.60018270886306,3.80306147680751,3.99072917347763,4.61970334472062
2015-07-29,3.01,2.98769844295066,3.05304995607969,3.35673537201209,3.60525461177741,3.81827760350528,4.00087350554104,4.62477592805024
2015-07-30,3.01,3.0172539185056,3.10153895001974,3.4023811498997,3.65090189104309,3.86392616688178,4.04145096932804,4.66535671595796
2015-07-31,3.02,3.0172539185056,3.09184302661158,3.4023811498997,3.64075802740362,3.84363788255522,4.03130658305384,4.64506629505717
2015-08-03,3.02,3.0172539185056,3.12092798503727,3.44295540641815,3.68640552086597,3.88421450549639,4.06681199428975,4.69071981785671
2015-08-04,3.02,3.04680505169408,3.15000451079239,3.50888903820166,3.7219093172228,3.9095750050915,4.10231757146755,4.70593771940051
2015-08-05,3.02,3.05665446467529,3.16938417889467,3.5494638668234,3.77262931507958,3.95015198079607,4.13782331453216,4.71608300392894
2015-08-06,3.02,3.0271047786572,3.17907260876904,3.56975136281206,3.79291740931673,3.96536840262907,4.14796784301195,4.72115565124247
2015-08-07,3.03,3.0369551563707,3.17907260876904,3.57482324531557,3.80813351564537,3.98565701252931,4.16318466111123,4.72115565124247
2015-08-10,3.03,3.0369551563707,3.15000451079239,3.53932013924658,3.77770133354542,3.96536840262907,4.14289557707999,4.71101035998158
2015-08-11,3.03,3.0369551563707,3.13062109701434,3.51396087986597,3.74726927369229,3.94000771652512,4.11246205256119,4.67042932960289
2015-08-12,3.04,3.0369551563707,3.14031327220476,3.49874536508621,3.73712528091321,3.92986346581652,4.0972453359988,4.64506629505717
2015-08-13,3.03,3.05665446467529,3.14031327220476,3.49367353363537,3.75234127517696,3.94507984696537,4.12260654719534,4.65521149877146
2015-08-14,3.03,3.04680505169408,3.11123393609769,3.48860170558931,3.75234127517696,3.95015198079607,4.1327510553687,4.6501388952302
2015-08-17,3.03,3.04680505169408,3.11123393609769,3.48352988094827,3.7624852883358,3.95522411801701,4.1327510553687,4.63492110481634
2015-08-18,3.04,3.05665446467529,3.16938417889467,3.5494638668234,3.82334965252702,4.01101785115905,4.1784015096622,4.66535671595796
2015-08-19,3.05,3.09604729411372,3.23718354094726,3.64582995752338,3.9095750050915,4.0921731039157,4.25955854938416,4.7515916058037
2015-08-20,3.03,3.0665033953543,3.22750072361533,3.63061417736459,3.89435869515846,4.05666757414425,4.23926920829656,4.70593771940051
2015-08-21,3.05,3.10589429608754,3.29526082065268,3.71683733612083,3.96029625862808,4.12260654719534,4.30013739381214,4.74651893829663
2015-08-24,3.04,3.09604729411372,3.3146124423018,3.75741328005821,3.99072917347763,4.16825694057823,4.33057166906403,4.72622830192195
2015-08-25,3.03,3.0665033953543,3.28558360935638,3.75234127517696,3.97551270080028,4.16318466111123,4.31535451623386,4.69071981785671
2015-08-26,3.04,3.07635184379507,3.3146124423018,3.75234127517696,3.97551270080028,4.15811238502772,4.31028213871434,4.69071981785671
2015-08-27,3.04,3.07635184379507,3.25654637142225,3.68640552086597,3.91971922867154,4.0972453359988,4.24941387207876,4.67042932960289
2015-08-28,3.08,3.15512207604396,3.35330448688609,3.75741328005821,3.96029625862808,4.1327510553687,4.30520976457374,4.7008650821859
2015-08-31,3.08,3.17480981493912,3.36297516602357,3.77262931507958,3.97044055001987,4.13782331453216,4.31028213871434,4.71608300392894
2015-09-01,3.07,3.24370172913646,3.44030704615506,3.81320555787803,4.03130658305384,4.19361838866055,4.35086125346558,4.76173695091273
2015-09-02,3.09,3.30273316621899,3.51757934185315,3.94000771652512,4.16318466111123,4.31535451623386,4.47767237995138,4.86319114203213
2015-09-03,3.1,3.29289579643621,3.46929113466032,3.92479134554848,4.15811238502772,4.27477559069545,4.43709258995084,4.84290019619809
2015-09-04,3.09,3.29289579643621,3.48860920768157,3.94000771652512,4.16825694057823,4.31028213871434,4.44216505189048,4.86319114203213
2015-09-07,3.11,3.35191279940883,3.57549451662109,3.99072917347763,4.22405223798206,4.36100606593262,4.49288985687062,4.89870042665539
2015-09-08,3.15,3.39124784988165,3.61408606080538,4.0465231675463,4.26970324021148,4.40158545087934,4.51317987331947,4.9037731950446
2015-09-09,3.17,3.38141480841259,3.57549451662109,4.0059456766558,4.22912455803883,4.37115089190878,4.46752741220637,4.87333663511909
2015-09-10,3.17,3.38141480841259,3.55619317425671,3.97044055001987,4.19361838866055,4.32042689713206,4.43202013138611,4.84797292761372
2015-09-11,3.22,3.43057520933066,3.60443956688172,3.99580133781494,4.20376299157252,4.34578885229839,4.47767237995138,4.86826388689492
2015-09-14,3.24,3.46006568349733,3.63337626550297,4.03637877449718,4.23926920829656,4.37622330996241,4.51825238586334,4.883482141651
2015-09-15,3.21,3.42074409033177,3.58514379496544,3.98565701252931,4.1784015096622,4.32549928140886,4.46245493339468,4.84290019619809
2015-09-16,3.23,3.44040584781791,3.61408606080538,3.99072917347763,4.19869068842536,4.34071645450895,4.47259989439199,4.84797292761372
2015-09-17,3.23,3.44040584781791,3.61408606080538,3.98058485497015,4.19361838866055,4.33564406009745,4.47259989439199,4.83275474345353
2015-09-21,3.21,3.43057520933066,3.60443956688172,3.98058485497015,4.19869068842536,4.32549928140886,4.44723751720482,4.81246387831571
2015-09-22,3.2,3.44040584781791,3.59479214498837,4.00087350554104,4.20376299157252,4.32042689713206,4.44723751720482,4.80231846592498
2015-09-23,3.22,3.45023600585748,3.62373162695917,4.02623439499823,4.22912455803883,4.34071645450895,4.46245493339468,4.81246387831571
2015-09-24,3.24,3.46006568349733,3.66230461730499,4.05666757414425,4.23926920829656,4.37115089190878,4.49288985687062,4.81753658955588
2015-09-25,3.24,3.46006568349733,3.67194554723138,4.05666757414425,4.25448620904112,4.40158545087934,4.52332490177951,4.84797292761372
2015-09-28,3.28,3.49937959090685,3.71050000159645,4.08710087521833,4.28999266242676,4.43709258995084,4.55883260760512,4.87840938670452
2015-09-29,3.28,3.49937959090685,3.68158555044307,4.08710087521833,4.28999266242676,4.43202013138611,4.55883260760512,4.84797292761372
2015-09-30,3.28,3.48955183442623,3.68158555044307,4.08202864990688,4.27984794455942,4.43202013138611,4.56390515049432,4.84797292761372
2015-10-01,3.29,3.47972359772974,3.65266276049603,4.01609002905066,4.21897992130689,4.37115089190878,4.49288985687062,4.79217306698805
2015-10-02,3.28,3.45023600585748,3.57549451662109,3.92986346581652,4.12260654719534,4.25955854938416,4.36607847723214,4.7008650821859
2015-10-05,3.3,3.44040584781791,3.55619317425671,3.88928659863135,4.07695642798154,4.20376299157252,4.32042689713206,4.68057456699529
2015-10-06,3.28,3.43057520933066,3.53688811648034,3.87914241575378,4.06173978252362,4.19869068842536,4.31535451623386,4.68057456699529
2015-10-07,3.3,3.43057520933066,3.53688811648034,3.84870994854678,4.05159536915174,4.15304011232793,4.29506502642978,4.67042932960289
2015-10-08,3.26,3.40108041065523,3.50792356027885,3.78784538066415,3.98565701252931,4.10231757146755,4.24434153849718,4.64506629505717
2015-10-09,3.28,3.40108041065523,3.51757934185315,3.782773355407,3.97044055001987,4.0921731039157,4.24941387207876,4.63999369825248
2015-10-13,3.31,3.45023600585748,3.53688811648034,3.81827760350528,3.99072917347763,4.11753429818578,4.26970324021148,4.69579244833793
2015-10-14,3.29,3.40108041065523,3.51757934185315,3.78784538066415,3.96536840262907,4.07695642798154,4.23419688147706,4.66028410568076
2015-10-15,3.31,3.38141480841259,3.50792356027885,3.75741328005821,3.92986346581652,4.0465231675463,4.19869068842536,4.62984851474886
2015-10-16,3.38,3.46989488076943,3.57549451662109,3.81827760350528,3.96536840262907,4.08202864990688,4.21897992130689,4.62477592805024
2015-10-19,3.41,3.46989488076943,3.59479214498837,3.84870994854678,3.99072917347763,4.12260654719534,4.23926920829656,4.63999369825248
2015-10-20,3.41,3.51903366339634,3.63337626550297,3.92986346581652,4.0465231675463,4.1784015096622,4.29506502642978,4.71101035998158
2015-10-21,3.41,3.49937959090685,3.63337626550297,3.95522411801701,4.05666757414425,4.18347379927884,4.31028213871434,4.71608300392894
2015-10-22,3.4,3.48955183442623,3.61408606080538,3.92479134554848,4.0465231675463,4.16825694057823,4.28999266242676,4.68057456699529
2015-10-23,3.4,3.49937959090685,3.63337626550297,3.91464711518581,4.04145096932804,4.16318466111123,4.27477559069545,4.69579244833793
2015-10-26,3.4,3.50920686721157,3.63337626550297,3.91971922867154,4.0465231675463,4.16318466111123,4.27984794455942,4.71101035998158
2015-10-27,3.39,3.49937959090685,3.63337626550297,3.91464711518581,4.04145096932804,4.13782331453216,4.27477559069545,4.71101035998158
2015-10-28,3.38,3.49937959090685,3.62373162695917,3.87407032940372,4.01609002905066,4.11246205256119,4.22912455803883,4.69071981785671
2015-10-29,3.37,3.51903366339634,3.66230461730499,3.92479134554848,4.0465231675463,4.15304011232793,4.27984794455942,4.73637361337826
2015-10-30,3.4,3.54851117167865,3.67194554723138,3.95522411801701,4.08202864990688,4.20883529810194,4.33057166906403,4.78202768150617
2015-11-02,3.41,3.55833604783928,3.6912246271239,3.99580133781494,4.1327510553687,4.28492030180323,4.41173033087927,4.82260930415899
2015-11-03,3.44,3.52885997950914,3.67194554723138,3.95015198079607,4.10231757146755,4.25955854938416,4.39144058438341,4.79217306698805
2015-11-04,3.45,3.51903366339634,3.67194554723138,3.94000771652512,4.0972453359988,4.24941387207876,4.39651301594328,4.80231846592498
2015-11-05,3.5,3.55833604783928,3.6912246271239,3.96536840262907,4.12260654719534,4.26970324021148,4.41680277594283,4.82260930415899
2015-11-06,3.54,3.60745323123979,3.73940611878432,4.03130658305384,4.18347379927884,4.36100606593262,4.51317987331947,4.8936276616266
2015-11-09,3.55,3.61727522877509,3.73940611878432,4.03637877449718,4.18854609227832,4.36607847723214,4.52332490177951,4.9037731950446
2015-11-10,3.54,3.60745323123979,3.72013629975587,4.01101785115905,4.16318466111123,4.32042689713206,4.48781736119086,4.8936276616266
2015-11-11,3.53,3.59763075405617,3.71050000159645,4.0059456766558,4.14796784301195,4.30520976457374,4.46752741220637,4.87333663511909
2015-11-12,3.51,3.58780779716827,3.70086277744974,4.00087350554104,4.1327510553687,4.30520976457374,4.47259989439199,4.84797292761372
2015-11-13,3.46,3.52885997950914,3.66230461730499,3.96029625862808,4.10231757146755,4.26463089310765,4.43202013138611,4.80231846592498
2015-11-16,3.46,3.53868581558192,3.68158555044307,3.96536840262907,4.11246205256119,4.27477559069545,4.43709258995084,4.81246387831571
2015-11-17,3.46,3.54851117167865,3.68158555044307,3.95015198079607,4.11246205256119,4.27477559069545,4.43709258995084,4.81246387831571
2015-11-18,3.47,3.58780779716827,3.68158555044307,3.96536840262907,4.12260654719534,4.27984794455942,4.42187522438195,4.82768202212494
2015-11-19,3.48,3.58780779716827,3.68158555044307,3.97044055001987,4.11753429818578,4.26970324021148,4.41680277594283,4.81246387831571
2015-11-20,3.48,3.59763075405617,3.66230461730499,3.96536840262907,4.11246205256119,4.23926920829656,4.39144058438341,4.80231846592498
2015-11-23,3.49,3.59763075405617,3.67194554723138,3.97551270080028,4.11246205256119,4.24434153849718,4.39144058438341,4.80231846592498
2015-11-24,3.49,3.57798436053614,3.66230461730499,3.95522411801701,4.08202864990688,4.20883529810194,4.35086125346558,4.76173695091273
2015-11-25,3.49,3.58780779716827,3.65266276049603,3.91971922867154,4.0465231675463,4.17332922342863,4.30520976457374,4.7008650821859
2015-11-26,3.5,3.59763075405617,3.66230461730499,3.94507984696537,4.0921731039157,4.20376299157252,4.33057166906403,4.76173695091273
2015-11-27,3.49,3.60745323123979,3.67194554723138,3.95015198079607,4.0972453359988,4.21897992130689,4.34071645450895,4.78202768150617
2015-11-30,3.53,3.63691778506059,3.72977167208788,3.99072917347763,4.13782331453216,4.24434153849718,4.37115089190878,4.81246387831571
2015-12-01,3.53,3.59763075405617,3.72013629975587,3.94000771652512,4.08710087521833,4.21390760801343,4.34578885229839,4.78710037256513
2015-12-02,3.53,3.60745323123979,3.72977167208788,3.97044055001987,4.10738981032173,4.23926920829656,4.37115089190878,4.80231846592498
2015-12-03,3.53,3.61727522877509,3.74903964002105,4.01101785115905,4.14289557707999,4.28492030180323,4.40158545087934,4.83782746814465
2015-12-04,3.55,3.64673834391471,3.75867223597393,4.03130658305384,4.15304011232793,4.28492030180323,4.40665788919137,4.85304566239138
2015-12-07,3.55,3.64673834391471,3.74903964002105,4.03130658305384,4.14289557707999,4.28999266242676,4.41680277594283,4.84797292761372
2015-12-09,3.55,3.63691778506059,3.75867223597393,4.02623439499823,4.14796784301195,4.30520976457374,4.43709258995084,4.86319114203213
2015-12-10,3.55,3.66637802326952,3.78756447389605,4.05159536915174,4.19869068842536,4.34071645450895,4.47259989439199,4.883482141651
2015-12-11,3.55,3.66637802326952,3.78756447389605,4.08710087521833,4.23419688147706,4.38129573139281,4.51317987331947,4.89870042665539
2015-12-14,3.53,3.65655842329637,3.78756447389605,4.08710087521833,4.23926920829656,4.38129573139281,4.49796235592352,4.8936276616266
2015-12-15,3.55,3.65655842329637,3.76830390681882,4.08202864990688,4.22912455803883,4.36100606593262,4.4827448688844,4.88855489995843
2015-12-16,3.54,3.64673834391471,3.73940611878432,4.06681199428975,4.20883529810194,4.34578885229839,4.47259989439199,4.87840938670452
2015-12-17,3.51,3.59763075405617,3.71050000159645,4.02116221033042,4.16318466111123,4.27984794455942,4.40158545087934,4.78202768150617
2015-12-18,3.58,3.63691778506059,3.75867223597393,4.05159536915174,4.18347379927884,4.30013739381214,4.40158545087934,4.78202768150617
2015-12-21,3.58,3.64673834391471,3.77793465273157,4.05666757414425,4.19869068842536,4.30013739381214,4.40665788919137,4.77188230948065
2015-12-22,3.59,3.62709674669404,3.73940611878432,4.02116221033042,4.15811238502772,4.27477559069545,4.38129573139281,4.7515916058037
2015-12-23,3.6,3.64673834391471,3.74903964002105,4.02623439499823,4.15304011232793,4.26970324021148,4.36607847723214,4.74144627415478
2015-12-24,3.61,3.64673834391471,3.74903964002105,4.03637877449718,4.16318466111123,4.27984794455942,4.37622330996241,4.77188230948065
2015-12-28,3.61,3.64673834391471,3.75867223597393,4.05666757414425,4.1784015096622,4.29506502642978,4.38636815619988,4.77188230948065
2015-12-29,3.61,3.67619714385814,3.76830390681882,4.07695642798154,4.20883529810194,4.32042689713206,4.42187522438195,4.82260930415899
2015-12-30,3.62,3.68601578513417,3.78756447389605,4.0972453359988,4.23419688147706,4.35593365801039,4.45230998589377,4.84797292761372
2016-01-04,3.64,3.70565162988434,3.79719337048812,4.10738981032173,4.24434153849718,4.36100606593262,4.45738245795708,4.85304566239138
2016-01-05,3.64,3.74491756955209,3.84532399108917,4.12767879958968,4.28999266242676,4.40158545087934,4.5030348583494,4.89870042665539
2016-01-06,3.64,3.71546883346241,3.83569971468933,4.11246205256119,4.26463089310765,4.37115089190878,4.46752741220637,4.84797292761372
2016-01-07,3.64,3.72528555789575,3.84532399108917,4.10738981032173,4.24941387207876,4.36607847723214,4.46752741220637,4.84797292761372
2016-01-08,3.63,3.70565162988434,3.83569971468933,4.08710087521833,4.22912455803883,4.33564406009745,4.44216505189048,4.83782746814465
2016-01-11,3.64,3.70565162988434,3.70565162988434,4.07695642798154,4.22405223798206,4.32549928140886,4.42694767619642,4.81246387831571
2016-01-12,3.64,3.69583394712159,3.81644839067441,4.07188420944244,4.20376299157252,4.31028213871434,4.40665788919137,4.79724576477469
2016-01-13,3.63,3.68601578513417,3.80682134269161,4.06173978252362,4.19361838866055,4.30013739381214,4.40158545087934,4.80231846592498
2016-01-14,3.61,3.67619714385814,3.77793465273157,4.01609002905066,4.16825694057823,4.27477559069545,4.37622330996241,4.75666427667576
2016-01-15,3.58,3.65655842329637,3.73940611878432,4.00087350554104,4.14796784301195,4.24434153849718,4.35086125346558,4.74651893829663
2016-01-18,3.57,3.63691778506059,3.72977167208788,3.99580133781494,4.1327510553687,4.23926920829656,4.34578885229839,4.73130095596728
2016-01-19,3.59,3.65655842329637,3.75867223597393,4.02116221033042,4.15304011232793,4.25955854938416,4.36100606593262,4.76173695091273
2016-01-20,3.6,3.64673834391471,3.75867223597393,3.99580133781494,4.12767879958968,4.23419688147706,4.33057166906403,4.72622830192195
2016-01-21,3.6,3.64673834391471,3.75867223597393,3.99580133781494,4.12260654719534,4.23926920829656,4.33564406009745,4.73637361337826
2016-01-22,3.58,3.63691778506059,3.73940611878432,3.97044055001987,4.08710087521833,4.21390760801343,4.31028213871434,4.72622830192195
2016-01-25,3.6,3.63691778506059,3.75867223597393,3.98565701252931,4.0972453359988,4.21390760801343,4.31535451623386,4.74651893829663
2016-01-26,3.6,3.63691778506059,3.75867223597393,3.97044055001987,4.08202864990688,4.19869068842536,4.30520976457374,4.72622830192195
2016-01-27,3.62,3.65655842329637,3.76830390681882,3.99580133781494,4.10738981032173,4.22912455803883,4.34071645450895,4.73637361337826
2016-01-28,3.59,3.60745323123979,3.72013629975587,3.97551270080028,4.0972453359988,4.21897992130689,4.34071645450895,4.73637361337826
2016-01-29,3.59,3.60745323123979,3.70086277744974,3.92479134554848,4.02116221033042,4.16825694057823,4.27984794455942,4.69579244833793
2016-02-01,3.59,3.60745323123979,3.70086277744974,3.90450289838871,3.99580133781494,4.15304011232793,4.24434153849718,4.6501388952302
2016-02-02,3.58,3.60745323123979,3.70086277744974,3.89435869515846,3.98058485497015,4.13782331453216,4.20883529810194,4.63492110481634
2016-02-03,3.59,3.60745323123979,3.71050000159645,3.87407032940372,3.98058485497015,4.1327510553687,4.21390760801343,4.62984851474886
2016-02-04,3.59,3.60745323123979,3.71050000159645,3.87407032940372,3.98058485497015,4.12767879958968,4.21897992130689,4.63999369825248
2016-02-05,3.61,3.62709674669404,3.74903964002105,3.9095750050915,4.01609002905066,4.13782331453216,4.23926920829656,4.67042932960289
2016-02-08,3.63,3.68601578513417,3.77793465273157,3.96029625862808,4.05159536915174,4.15811238502772,4.26463089310765,4.67042932960289
2016-02-09,3.64,3.68601578513417,3.80682134269161,3.97551270080028,4.06681199428975,4.16825694057823,4.27984794455942,4.68564719074247
2016-02-10,3.65,3.70565162988434,3.80682134269161,3.97551270080028,4.08710087521833,4.18347379927884,4.30013739381214,4.69071981785671
2016-02-11,3.64,3.71546883346241,3.79719337048812,3.98058485497015,4.06681199428975,4.15811238502772,4.25955854938416,4.65521149877146
2016-02-12,3.64,3.70565162988434,3.79719337048812,3.98565701252931,4.07695642798154,4.16825694057823,4.27477559069545,4.69579244833793
2016-02-15,3.64,3.70565162988434,3.79719337048812,3.99072917347763,4.07695642798154,4.16825694057823,4.27984794455942,4.7008650821859
2016-02-16,3.63,3.69583394712159,3.78756447389605,3.98565701252931,4.08202864990688,4.18347379927884,4.28492030180323,4.70593771940051
2016-02-17,3.64,3.68601578513417,3.78756447389605,3.98565701252931,4.08202864990688,4.18854609227832,4.27984794455942,4.71608300392894
2016-02-18,3.63,3.68601578513417,3.80682134269161,3.99580133781494,4.0972453359988,4.19869068842536,4.28999266242676,4.70593771940051
2016-02-19,3.63,3.68601578513417,3.80682134269161,3.99580133781494,4.0972453359988,4.20376299157252,4.28999266242676,4.70593771940051
2016-02-22,3.63,3.68601578513417,3.80682134269161,3.99072917347763,4.0972453359988,4.19361838866055,4.27984794455942,4.70593771940051
2016-02-23,3.61,3.65655842329637,3.76830390681882,3.97044055001987,4.05666757414425,4.15304011232793,4.25448620904112,4.66535671595796
2016-02-24,3.6,3.63691778506059,3.73940611878432,3.91971922867154,4.02116221033042,4.11246205256119,4.21390760801343,4.61463076476016
2016-02-25,3.6,3.63691778506059,3.73940611878432,3.91971922867154,4.01609002905066,4.11753429818578,4.20883529810194,4.61463076476016
2016-02-26,3.57,3.61727522877509,3.70086277744974,3.86899824644631,3.97551270080028,4.07695642798154,4.16318466111123,4.58419535575865
2016-02-29,3.56,3.57798436053614,3.66230461730499,3.83856581995727,3.95015198079607,4.05159536915174,4.14796784301195,4.54868753194009
2016-03-01,3.56,3.59763075405617,3.65266276049603,3.82842170494302,3.93493558947542,4.0465231675463,4.14796784301195,4.5385424697606
2016-03-02,3.55,3.57798436053614,3.63337626550297,3.81320555787803,3.91971922867154,4.03637877449718,4.12767879958968,4.52839742106792
2016-03-03,3.56,3.57798436053614,3.63337626550297,3.82334965252702,3.92986346581652,4.06173978252362,4.15304011232793,4.55883260760512
2016-03-04,3.57,3.57798436053614,3.63337626550297,3.84363788255522,3.95522411801701,4.07695642798154,4.16318466111123,4.56390515049432
2016-03-07,3.59,3.59763075405617,3.67194554723138,3.86392616688178,3.99072917347763,4.11753429818578,4.20376299157252,4.59434047861307
2016-03-08,3.61,3.60745323123979,3.6912246271239,3.88928659863135,4.0059456766558,4.12767879958968,4.21897992130689,4.57912279938677
2016-03-09,3.61,3.62709674669404,3.71050000159645,3.90450289838871,4.02623439499823,4.14796784301195,4.24941387207876,4.58926791550081
2016-03-10,3.62,3.62709674669404,3.71050000159645,3.90450289838871,4.02116221033042,4.14289557707999,4.24941387207876,4.58419535575865
2016-03-11,3.63,3.65655842329637,3.73940611878432,3.93493558947542,4.0465231675463,4.16825694057823,4.27477559069545,4.61463076476016
2016-03-14,3.65,3.67619714385814,3.77793465273157,3.98565701252931,4.0921731039157,4.21390760801343,4.32042689713206,4.6501388952302
2016-03-15,3.66,3.70565162988434,3.78756447389605,3.99072917347763,4.0972453359988,4.23419688147706,4.33057166906403,4.6501388952302
2016-03-16,3.67,3.71546883346241,3.77793465273157,4.00087350554104,4.10738981032173,4.23926920829656,4.34071645450895,4.67550194661539
2016-03-17,3.64,3.68601578513417,3.73940611878432,3.95015198079607,4.06173978252362,4.19361838866055,4.30013739381214,4.62984851474886
2016-03-18,3.62,3.65655842329637,3.70086277744974,3.91464711518581,4.02623439499823,4.15811238502772,4.27477559069545,4.61463076476016
2016-03-21,3.62,3.65655842329637,3.71050000159645,3.92479134554848,4.04145096932804,4.1784015096622,4.27984794455942,4.61970334472062
2016-03-22,3.63,3.66637802326952,3.72977167208788,3.92479134554848,4.0465231675463,4.1784015096622,4.28492030180323,4.62984851474886
2016-03-23,3.63,3.67619714385814,3.75867223597393,3.93493558947542,4.07188420944244,4.19869068842536,4.30520976457374,4.63999369825248
2016-03-24,3.62,3.67619714385814,3.75867223597393,3.93493558947542,4.07188420944244,4.1784015096622,4.30520976457374,4.64506629505717
2016-03-28,3.58,3.64673834391471,3.72977167208788,3.9095750050915,4.03637877449718,4.16318466111123,4.27984794455942,4.63492110481634
2016-03-29,3.575,3.62709674669404,3.71050000159645,3.89435869515846,4.0059456766558,4.14289557707999,4.24941387207876,4.62984851474886
2016-03-30,3.58,3.62709674669404,3.71050000159645,3.90450289838871,4.0059456766558,4.13782331453216,4.23926920829656,4.62477592805024
2016-03-31,3.585,3.62709674669404,3.71050000159645,3.88928659863135,4.00087350554104,4.11753429818578,4.23419688147706,4.63999369825248
2016-04-01,3.585,3.63691778506059,3.72013629975587,3.89435869515846,4.00087350554104,4.11753429818578,4.23926920829656,4.64506629505717
2016-04-04,3.585,3.62709674669404,3.70086277744974,3.87914241575378,3.99072917347763,4.11246205256119,4.22405223798206,4.63999369825248
2016-04-05,3.57,3.60745323123979,3.66230461730499,3.84363788255522,3.97551270080028,4.0921731039157,4.20376299157252,4.60955818816902
2016-04-06,3.565,3.60745323123979,3.66230461730499,3.86392616688178,3.98058485497015,4.10231757146755,4.21897992130689,4.62477592805024
2016-04-07,3.565,3.59763075405617,3.64301997662064,3.85378201793185,3.97044055001987,4.08710087521833,4.20376299157252,4.61970334472062
2016-04-08,3.54,3.5681604441038,3.60443956688172,3.81827760350528,3.94000771652512,4.06681199428975,4.1784015096622,4.60955818816902
2016-04-11,3.54,3.5681604441038,3.62373162695917,3.82334965252702,3.96029625862808,4.0972453359988,4.20376299157252,4.62984851474886
2016-04-12,3.545,3.5681604441038,3.63337626550297,3.81827760350528,3.95522411801701,4.08710087521833,4.20376299157252,4.59941304509532
2016-04-13,3.545,3.55833604783928,3.62373162695917,3.80306147680751,3.95015198079607,4.08202864990688,4.19869068842536,4.59434047861307
2016-04-14,3.54,3.54851117167865,3.61408606080538,3.782773355407,3.92986346581652,4.06173978252362,4.1784015096622,4.55883260760512
2016-04-15,3.545,3.53868581558192,3.62373162695917,3.782773355407,3.92479134554848,4.05666757414425,4.17332922342863,4.54361499916456
2016-04-18,3.545,3.52885997950914,3.58514379496544,3.7421972756043,3.88421450549639,4.02623439499823,4.13782331453216,4.51825238586334
2016-04-19,3.535,3.52885997950914,3.60443956688172,3.74726927369229,3.88928659863135,4.03637877449718,4.15811238502772,4.55883260760512
2016-04-20,3.54,3.53868581558192,3.60443956688172,3.77262931507958,3.91464711518581,4.05159536915174,4.17332922342863,4.58419535575865
2016-04-21,3.55,3.55833604783928,3.63337626550297,3.80306147680751,3.93493558947542,4.07188420944244,4.19361838866055,4.60955818816902
2016-04-22,3.555,3.5681604441038,3.63337626550297,3.79798944136456,3.93493558947542,4.06681199428975,4.17332922342863,4.59434047861307
2016-04-25,3.545,3.55833604783928,3.61408606080538,3.78784538066415,3.92479134554848,4.05159536915174,4.16318466111123,4.57912279938677
2016-04-26,3.55,3.54851117167865,3.59479214498837,3.77770133354542,3.90450289838871,4.0465231675463,4.16825694057823,4.57912279938677
2016-04-27,3.555,3.54851117167865,3.59479214498837,3.77262931507958,3.89435869515846,4.03130658305384,4.15304011232793,4.56390515049432
2016-04-28,3.55,3.53868581558192,3.59479214498837,3.75741328005821,3.87407032940372,4.01609002905066,4.1327510553687,4.54361499916456
2016-04-29,3.545,3.52885997950914,3.58514379496544,3.74726927369229,3.86392616688178,3.99580133781494,4.10738981032173,4.5385424697606
2016-05-02,3.545,3.53868581558192,3.59479214498837,3.75234127517696,3.86392616688178,3.98058485497015,4.10231757146755,4.54361499916456
2016-05-03,3.545,3.54851117167865,3.58514379496544,3.75741328005821,3.86392616688178,3.97551270080028,4.10738981032173,4.5385424697606
2016-05-04,3.55,3.54851117167865,3.58514379496544,3.7624852883358,3.87407032940372,3.98058485497015,4.10738981032173,4.5385424697606
2016-05-05,3.53,3.51903366339634,3.56584430977946,3.75234127517696,3.85378201793185,3.96536840262907,4.0921731039157,4.52839742106792
2016-05-06,3.53,3.51903366339634,3.56584430977946,3.74726927369229,3.85885409071021,3.97044055001987,4.0921731039157,4.52839742106792
2016-05-09,3.53,3.53868581558192,3.58514379496544,3.77262931507958,3.88421450549639,3.99580133781494,4.11246205256119,4.55376006808699
2016-05-10,3.555,3.54851117167865,3.58514379496544,3.78784538066415,3.89435869515846,4.00087350554104,4.11753429818578,4.54868753194009
2016-05-11,3.555,3.54851117167865,3.59479214498837,3.80306147680751,3.9095750050915,4.01101785115905,4.12260654719534,4.55376006808699
2016-05-12,3.56,3.55833604783928,3.60443956688172,3.80813351564537,3.92479134554848,4.02623439499823,4.14289557707999,4.58419535575865
2016-05-13,3.56,3.5681604441038,3.61408606080538,3.82842170494302,3.94000771652512,4.04145096932804,4.15811238502772,4.58419535575865
2016-05-16,3.575,3.5681604441038,3.62373162695917,3.84363788255522,3.95522411801701,4.05159536915174,4.17332922342863,4.61463076476016
2016-05-17,3.565,3.55833604783928,3.60443956688172,3.82334965252702,3.94000771652512,4.0465231675463,4.15304011232793,4.60955818816902
2016-05-18,3.56,3.54851117167865,3.61408606080538,3.81320555787803,3.93493558947542,4.05666757414425,4.16825694057823,4.60448561494735
2016-05-19,3.595,3.58780779716827,3.65266276049603,3.86392616688178,3.97551270080028,4.10231757146755,4.22405223798206,4.6501388952302
2016-05-20,3.585,3.58780779716827,3.65266276049603,3.86392616688178,3.97551270080028,4.10231757146755,4.21897992130689,4.6501388952302
2016-05-23,3.575,3.58780779716827,3.65266276049603,3.86899824644631,3.98058485497015,4.11246205256119,4.22912455803883,4.65521149877146
2016-05-24,3.575,3.5681604441038,3.64301997662064,3.87914241575378,3.99580133781494,4.11753429818578,4.23926920829656,4.65521149877146
2016-05-25,3.57,3.57798436053614,3.65266276049603,3.87914241575378,4.00087350554104,4.1327510553687,4.23926920829656,4.67042932960289
2016-05-26,3.555,3.55833604783928,3.62373162695917,3.84363788255522,3.96536840262907,4.10738981032173,4.21897992130689,4.63999369825248
2016-05-27,3.565,3.55833604783928,3.63337626550297,3.87914241575378,3.99580133781494,4.1327510553687,4.24434153849718,4.66535671595796
2016-05-28,3.565,,,,,,,
2016-05-30,3.565,3.57798436053614,3.64301997662064,3.88928659863135,4.00087350554104,4.13782331453216,4.25448620904112,4.67550194661539
2016-05-31,3.58,3.58780779716827,3.65266276049603,3.88421450549639,4.00087350554104,4.13782331453216,4.26970324021148,4.68564719074247
2016-06-01,3.54,3.54851117167865,3.61408606080538,3.85885409071021,3.97551270080028,4.10231757146755,4.23926920829656,4.66535671595796
2016-06-02,3.535,3.53868581558192,3.59479214498837,3.82334965252702,3.94507984696537,4.07695642798154,4.21390760801343,4.6501388952302
2016-06-03,3.53,3.51903366339634,3.57549451662109,3.782773355407,3.9095750050915,4.04145096932804,4.18347379927884,4.61970334472062
2016-06-06,3.535,3.51903366339634,3.57549451662109,3.76755730000968,3.88421450549639,4.0059456766558,4.14289557707999,4.58926791550081
2016-06-07,3.535,3.52885997950914,3.57549451662109,3.77770133354542,3.89943079507766,4.02623439499823,4.16825694057823,4.59941304509532
2016-06-08,3.525,3.51903366339634,3.56584430977946,3.75741328005821,3.87914241575378,4.00087350554104,4.15304011232793,4.57912279938677
2016-06-09,3.545,3.52885997950914,3.57549451662109,3.76755730000968,3.87914241575378,4.0059456766558,4.14796784301195,4.57405024638529
2016-06-10,3.545,3.52885997950914,3.57549451662109,3.7624852883358,3.87407032940372,3.99580133781494,4.12767879958968,4.55883260760512
2016-06-13,3.545,3.52885997950914,3.57549451662109,3.75741328005821,3.87407032940372,3.99072917347763,4.1327510553687,4.56390515049432
2016-06-14,3.55,3.52885997950914,3.57549451662109,3.74726927369229,3.87407032940372,3.99072917347763,4.12767879958968,4.57405024638529
2016-06-15,3.545,3.52885997950914,3.57549451662109,3.7421972756043,3.87407032940372,4.0059456766558,4.13782331453216,4.60448561494735
2016-06-16,3.54,3.51903366339634,3.54654110988495,3.7219093172228,3.84363788255522,3.98058485497015,4.11246205256119,4.57405024638529
2016-06-17,3.535,3.50920686721157,3.54654110988495,3.71176535841653,3.81827760350528,3.95522411801701,4.08710087521833,4.54868753194009
2016-06-20,3.545,3.51903366339634,3.55619317425671,3.73205328961916,3.83349376075317,3.96536840262907,4.11246205256119,4.55883260760512
2016-06-21,3.55,3.51903366339634,3.55619317425671,3.72698130172231,3.83349376075317,3.96536840262907,4.10738981032173,4.57405024638529
2016-06-22,3.55,3.52885997950914,3.55619317425671,3.7219093172228,3.82334965252702,3.95522411801701,4.0921731039157,4.56390515049432
2016-06-23,3.55,3.52885997950914,3.56584430977946,3.72698130172231,3.83349376075317,3.97551270080028,4.11246205256119,4.57405024638529
2016-06-24,3.535,3.50920686721157,3.54654110988495,3.70669338411009,3.81320555787803,3.95015198079607,4.07695642798154,4.5385424697606
2016-06-28,3.525,3.49937959090685,3.51757934185315,3.6610457682817,3.75741328005821,3.87914241575378,3.99580133781494,4.47259989439199
2016-06-29,3.525,3.49937959090685,3.49826684894428,3.64075802740362,3.75741328005821,3.86899824644631,3.99072917347763,4.46245493339468
2016-06-30,3.515,3.48955183442623,3.50792356027885,3.6204703409273,3.7219093172228,3.82842170494302,3.94507984696537,4.40665788919137
2016-07-01,3.52,3.48955183442623,3.48860920768157,3.61032651809303,3.71683733612083,3.81827760350528,3.92986346581652,4.38129573139281
2016-07-04,3.495,3.46989488076943,3.46929113466032,3.57482324531557,3.67118965911815,3.76755730000968,3.86392616688178,4.33564406009745
2016-07-05,3.51,3.48955183442623,3.47895063631487,3.60525461177741,3.70162141320163,3.79291740931673,3.88421450549639,4.34578885229839
2016-07-06,3.515,3.48955183442623,3.46929113466032,3.61032651809303,3.70162141320163,3.80813351564537,3.90450289838871,4.36100606593262
2016-07-07,3.515,3.49937959090685,3.47895063631487,3.6204703409273,3.7219093172228,3.82842170494302,3.92479134554848,4.37115089190878
2016-07-08,3.525,3.49937959090685,3.48860920768157,3.61032651809303,3.69654944569136,3.80813351564537,3.89943079507766,4.35086125346558
2016-07-11,3.52,3.49937959090685,3.48860920768157,3.61032651809303,3.69654944569136,3.80306147680751,3.90450289838871,4.35593365801039
2016-07-12,3.51,3.49937959090685,3.47895063631487,3.59511080935011,3.69147748157941,3.79798944136456,3.89943079507766,4.35086125346558
2016-07-13,3.525,3.49937959090685,3.48860920768157,3.59003891323872,3.70162141320163,3.80813351564537,3.9095750050915,4.36100606593262
2016-07-14,3.515,3.47972359772974,3.45963070253408,3.53932013924658,3.63061417736459,3.73712528091321,3.85378201793185,4.29506502642978
2016-07-15,3.525,3.49937959090685,3.46929113466032,3.5494638668234,3.64582995752338,3.74726927369229,3.86899824644631,4.30013739381214
2016-07-18,3.53,3.50920686721157,3.47895063631487,3.56467948371093,3.65090189104309,3.75234127517696,3.86899824644631,4.31028213871434
2016-07-19,3.525,3.48955183442623,3.45963070253408,3.54439200133341,3.63568610068397,3.73205328961916,3.83856581995727,4.27984794455942
2016-07-20,3.515,3.48955183442623,3.45963070253408,3.5494638668234,3.63568610068397,3.7219093172228,3.82842170494302,4.26970324021148
2016-07-21,3.525,3.49937959090685,3.47895063631487,3.57989513122128,3.67118965911815,3.76755730000968,3.87407032940372,4.31535451623386
2016-07-22,3.525,3.49937959090685,3.48860920768157,3.59003891323872,3.70162141320163,3.81827760350528,3.92479134554848,4.35086125346558
2016-07-25,3.535,3.49937959090685,3.49826684894428,3.63061417736459,3.75234127517696,3.86392616688178,3.98565701252931,4.41173033087927
2016-07-26,3.52,3.50920686721157,3.49826684894428,3.63061417736459,3.75234127517696,3.86899824644631,3.98565701252931,4.39651301594328
2016-07-27,3.52,3.49937959090685,3.49826684894428,3.6204703409273,3.73205328961916,3.85378201793185,3.97551270080028,4.37622330996241
2016-07-28,3.525,3.49937959090685,3.49826684894428,3.61032651809303,3.7219093172228,3.84363788255522,3.95522411801701,4.35086125346558
2016-07-29,3.51,3.47972359772974,3.46929113466032,3.5494638668234,3.65090189104309,3.75741328005821,3.85378201793185,4.26970324021148
2016-08-01,3.515,3.47972359772974,3.46929113466032,3.55453573571645,3.66611771200027,3.76755730000968,3.86392616688178,4.27984794455942
2016-08-02,3.515,3.48955183442623,3.44996933976027,3.5494638668234,3.65090189104309,3.74726927369229,3.83856581995727,4.27984794455942
2016-08-03,3.505,3.46989488076943,3.44030704615506,3.52410457340688,3.60018270886306,3.71683733612083,3.80813351564537,4.26970324021148
2016-08-04,3.5,3.46006568349733,3.41131457860033,3.47845805971232,3.55960760801233,3.6610457682817,3.7624852883358,4.23926920829656
2016-08-05,3.5,3.45023600585748,3.40164855989489,3.4683144274565,3.5494638668234,3.65597382796257,3.7624852883358,4.21897992130689
2016-08-08,3.51,3.47972359772974,3.43064382155056,3.48860170558931,3.57482324531557,3.67626160963515,3.78784538066415,4.22912455803883
2016-08-09,3.515,3.47972359772974,3.42097966575494,3.49367353363537,3.56975136281206,3.68133356355116,3.78784538066415,4.23926920829656
2016-08-10,3.515,3.46006568349733,3.39198160946275,3.4683144274565,3.53932013924658,3.6610457682817,3.77770133354542,4.23926920829656
2016-08-11,3.505,3.44040584781791,3.37264491270695,3.43281182184669,3.50888903820166,3.64075802740362,3.76755730000968,4.22912455803883
2016-08-12,3.5,3.42074409033177,3.32428685302233,3.36180711147611,3.42774003467103,3.56975136281206,3.69654944569136,4.18347379927884
2016-08-16,3.505,3.43057520933066,3.3146124423018,3.35673537201209,3.42266825090227,3.56467948371093,3.70162141320163,4.18347379927884
2016-08-17,3.515,3.44040584781791,3.33396033056932,3.35673537201209,3.42774003467103,3.56467948371093,3.69654944569136,4.20376299157252
2016-08-18,3.515,3.46006568349733,3.36297516602357,3.3871658599284,3.44802720381361,3.57989513122128,3.70669338411009,4.20883529810194
2016-08-19,3.515,3.46989488076943,3.38231372712805,3.40745292003917,3.45817080882318,3.59511080935011,3.71176535841653,4.21897992130689
2016-08-22,3.515,3.47972359772974,3.41131457860033,3.45309900461532,3.49367353363537,3.61032651809303,3.72698130172231,4.22912455803883
2016-08-23,3.515,3.47972359772974,3.40164855989489,3.44802720381361,3.49874536508621,3.61539842780969,3.72698130172231,4.20883529810194
2016-08-24,3.515,3.47972359772974,3.41131457860033,3.45817080882318,3.51396087986597,3.63061417736459,3.75234127517696,4.21897992130689
2016-08-25,3.515,3.47972359772974,3.40164855989489,3.45309900461532,3.51903272493441,3.63568610068397,3.7624852883358,4.21897992130689
2016-08-26,3.515,3.47972359772974,3.42097966575494,3.46324261643693,3.52917642528316,3.64582995752338,3.77262931507958,4.21897992130689
2016-08-29,3.515,3.46989488076943,3.43064382155056,3.47845805971232,3.53932013924658,3.6610457682817,3.78784538066415,4.21897992130689
2016-08-30,3.515,3.46989488076943,3.44030704615506,3.47338624188167,3.53932013924658,3.6610457682817,3.782773355407,4.21897992130689
2016-08-31,3.515,3.46989488076943,3.44030704615506,3.47845805971232,3.53932013924658,3.6610457682817,3.782773355407,4.21390760801343
2016-09-01,3.51,3.46989488076943,3.44030704615506,3.48860170558931,3.53932013924658,3.67118965911815,3.79291740931673,4.22405223798206
2016-09-02,3.51,3.46006568349733,3.42097966575494,3.4683144274565,3.51903272493441,3.66611771200027,3.78784538066415,4.22405223798206
2016-09-05,3.5,3.45023600585748,3.38231372712805,3.43281182184669,3.48352988094827,3.62554225744565,3.73712528091321,4.18347379927884
2016-09-06,3.49,3.41091249078929,3.33396033056932,3.39223761984415,3.42774003467103,3.56975136281206,3.69654944569136,4.13782331453216
2016-09-07,3.51,3.42074409033177,3.33396033056932,3.37702235032169,3.39223761984415,3.51903272493441,3.6610457682817,4.11246205256119
2016-09-08,3.515,3.42074409033177,3.33396033056932,3.36687885434914,3.37702235032169,3.50888903820166,3.64582995752338,4.11753429818578
2016-09-09,3.52,3.45023600585748,3.38231372712805,3.42774003467103,3.45817080882318,3.55453573571645,3.70162141320163,4.18854609227832
2016-09-12,3.52,3.45023600585748,3.40164855989489,3.44802720381361,3.48860170558931,3.60018270886306,3.73205328961916,4.22405223798206
2016-09-13,3.515,3.46006568349733,3.41131457860033,3.48352988094827,3.52917642528316,3.64075802740362,3.782773355407,4.26970324021148
2016-09-14,3.515,3.45023600585748,3.40164855989489,3.4683144274565,3.51903272493441,3.6204703409273,3.75741328005821,4.24941387207876
2016-09-15,3.51,3.45023600585748,3.39198160946275,3.44295540641815,3.50888903820166,3.60018270886306,3.7421972756043,4.21897992130689
2016-09-16,3.515,3.46006568349733,3.39198160946275,3.44802720381361,3.51903272493441,3.6204703409273,3.74726927369229,4.22912455803883
2016-09-20,3.52,3.45023600585748,3.39198160946275,3.44295540641815,3.51903272493441,3.61032651809303,3.73712528091321,4.21897992130689
2016-09-21,3.515,3.45023600585748,3.38231372712805,3.42774003467103,3.50888903820166,3.61032651809303,3.73712528091321,4.20883529810194
2016-09-22,3.51,3.45023600585748,3.36297516602357,3.40745292003917,3.47845805971232,3.58496702052906,3.70669338411009,4.1784015096622
2016-09-23,3.51,3.44040584781791,3.36297516602357,3.40745292003917,3.47845805971232,3.58496702052906,3.70669338411009,4.17332922342863
2016-09-26,3.505,3.44040584781791,3.36297516602357,3.40745292003917,3.47845805971232,3.57989513122128,3.70162141320163,4.15304011232793
2016-09-27,3.51,3.43057520933066,3.35330448688609,3.3871658599284,3.44802720381361,3.54439200133341,3.66611771200027,4.12767879958968
2016-09-28,3.515,3.43057520933066,3.32428685302233,3.35166363595729,3.4023811498997,3.51903272493441,3.64582995752338,4.10738981032173
2016-09-29,3.51,3.45023600585748,3.34363287513462,3.37702235032169,3.43788361242914,3.5494638668234,3.68133356355116,4.1327510553687
2016-09-30,3.51,3.45023600585748,3.37264491270695,3.397309383168,3.45817080882318,3.57482324531557,3.70162141320163,4.15811238502772
2016-10-03,3.51,3.43057520933066,3.35330448688609,3.36687885434914,3.41759647054061,3.53932013924658,3.66611771200027,4.1327510553687
2016-10-04,3.505,3.43057520933066,3.35330448688609,3.38209410342085,3.43281182184669,3.55453573571645,3.68133356355116,4.14796784301195
2016-10-05,3.515,3.45023600585748,3.37264491270695,3.40745292003917,3.45817080882318,3.57989513122128,3.71176535841653,4.19361838866055
2016-10-06,3.51,3.45023600585748,3.38231372712805,3.40745292003917,3.45309900461532,3.56975136281206,3.7219093172228,4.20883529810194
2016-10-07,3.5,3.39124784988165,3.28558360935638,3.30601816490461,3.36180711147611,3.48860170558931,3.61539842780969,4.11753429818578
2016-10-11,3.48,3.3568301014224,3.22750072361533,3.2502296310428,3.30601816490461,3.44295540641815,3.58496702052906,4.08202864990688
2016-10-12,3.465,3.34207783471818,3.21781697131129,3.26037297012867,3.32123329123064,3.45817080882318,3.59511080935011,4.0921731039157
2016-10-13,3.475,3.34207783471818,3.22750072361533,3.25530129887952,3.31616157904473,3.44802720381361,3.59003891323872,4.0972453359988
2016-10-14,3.5,3.37158128620807,3.24686542349095,3.2806596892466,3.33644844824963,3.47338624188167,3.61539842780969,4.12767879958968
2016-10-17,3.47,3.37158128620807,3.21781697131129,3.25530129887952,3.32630500682685,3.46324261643693,3.60018270886306,4.12260654719534
2016-10-18,3.47,3.36174728322813,3.2081322838593,3.24515796661873,3.31616157904473,3.45817080882318,3.59511080935011,4.10738981032173
2016-10-19,3.49,3.36174728322813,3.22750072361533,3.25530129887952,3.33644844824963,3.4683144274565,3.60018270886306,4.0972453359988
2016-10-20,3.49,3.36174728322813,3.22750072361533,3.24008630560741,3.31616157904473,3.44295540641815,3.57482324531557,4.06173978252362
2016-10-21,3.485,3.37158128620807,3.24686542349095,3.25530129887952,3.32630500682685,3.45309900461532,3.58496702052906,4.06681199428975
2016-10-24,3.48,3.36174728322813,3.25654637142225,3.2705163228637,3.35166363595729,3.46324261643693,3.60018270886306,4.08710087521833
2016-10-25,3.475,3.36174728322813,3.23718354094726,3.24515796661873,3.33137672583324,3.44295540641815,3.58496702052906,4.07188420944244
2016-10-26,3.48,3.37158128620807,3.26622638492502,3.27558800434926,3.36687885434914,3.47338624188167,3.61032651809303,4.08202864990688
2016-10-27,3.49,3.40108041065523,3.28558360935638,3.30601816490461,3.41252469358617,3.52410457340688,3.65597382796257,4.10738981032173
2016-10-28,3.49,3.43057520933066,3.3146124423018,3.35166363595729,3.46324261643693,3.57989513122128,3.71176535841653,4.16825694057823
2016-11-02,3.49,3.45023600585748,3.35330448688609,3.3871658599284,3.48352988094827,3.61032651809303,3.7421972756043,4.19869068842536
2016-11-03,3.47,3.40108041065523,3.32428685302233,3.36180711147611,3.4683144274565,3.60525461177741,3.7421972756043,4.19361838866055
2016-11-04,3.46,3.37158128620807,3.27590546417511,3.31616157904473,3.41759647054061,3.56467948371093,3.70162141320163,4.16825694057823
2016-11-07,3.465,3.35191279940883,3.24686542349095,3.29080306927605,3.39223761984415,3.54439200133341,3.69654944569136,4.17332922342863
2016-11-08,3.45,3.33224238910024,3.22750072361533,3.26037297012867,3.36180711147611,3.51903272493441,3.67626160963515,4.16318466111123
2016-11-09,3.445,3.32240646250703,3.21781697131129,3.26544464479013,3.38209410342085,3.56467948371093,3.72698130172231,4.24434153849718
2016-11-10,3.475,3.36174728322813,3.27590546417511,3.34659190331181,3.4683144274565,3.65597382796257,3.83349376075317,4.37622330996241
2016-11-11,3.485,3.42074409033177,3.41131457860033,3.52917642528316,3.67626160963515,3.84870994854678,4.05159536915174,4.66535671595796
2016-11-14,3.485,3.45023600585748,3.46929113466032,3.59003891323872,3.78784538066415,3.94000771652512,4.16825694057823,4.79217306698805
2016-11-15,3.465,3.39124784988165,3.41131457860033,3.49874536508621,3.69654944569136,3.86392616688178,4.06173978252362,4.65521149877146
2016-11-16,3.445,3.36174728322813,3.32428685302233,3.42266825090227,3.63568610068397,3.80813351564537,4.0059456766558,4.58419535575865
2016-11-17,3.445,3.35191279940883,3.29526082065268,3.41759647054061,3.62554225744565,3.80813351564537,4.0059456766558,4.57405024638529
2016-11-18,3.475,3.40108041065523,3.37264491270695,3.48860170558931,3.69147748157941,3.89943079507766,4.0921731039157,4.63492110481634
2016-11-21,3.47,3.40108041065523,3.37264491270695,3.47845805971232,3.69147748157941,3.89943079507766,4.0921731039157,4.63492110481634
2016-11-22,3.455,3.40108041065523,3.37264491270695,3.47845805971232,3.69654944569136,3.90450289838871,4.10231757146755,4.63999369825248
2016-11-23,3.455,3.39124784988165,3.36297516602357,3.50381719994171,3.72698130172231,3.95522411801701,4.15304011232793,4.66535671595796
2016-11-24,3.435,3.38141480841259,3.36297516602357,3.50888903820166,3.72698130172231,3.94000771652512,4.15304011232793,4.65521149877146
2016-11-25,3.435,3.38141480841259,3.34363287513462,3.49367353363537,3.71683733612083,3.91971922867154,4.12260654719534,4.62477592805024
2016-11-28,3.43,3.37158128620807,3.32428685302233,3.46324261643693,3.67118965911815,3.87407032940372,4.06173978252362,4.56897769675444
2016-11-29,3.4,3.32240646250703,3.24686542349095,3.36180711147611,3.55453573571645,3.75741328005821,3.95522411801701,4.46752741220637
2016-11-30,3.4,3.32240646250703,3.23718354094726,3.36687885434914,3.57989513122128,3.80306147680751,3.98565701252931,4.5030348583494
2016-12-01,3.415,3.34207783471818,3.25654637142225,3.39223761984415,3.61032651809303,3.83856581995727,4.03130658305384,4.57405024638529
2016-12-02,3.405,3.27321961332938,3.2081322838593,3.33137672583324,3.54439200133341,3.76755730000968,3.96536840262907,4.49796235592352
2016-12-05,3.38,3.24370172913646,3.15969481296108,3.27558800434926,3.48352988094827,3.70669338411009,3.9095750050915,4.45230998589377
2016-12-06,3.37,3.21417951237724,3.14031327220476,3.24008630560741,3.42266825090227,3.63061417736459,3.83856581995727,4.39651301594328
2016-12-07,3.365,3.20433781044382,3.13062109701434,3.22994299382378,3.41252469358617,3.6204703409273,3.83349376075317,4.40158545087934
2016-12-09,3.37,3.21417951237724,3.13062109701434,3.2502296310428,3.42774003467103,3.63061417736459,3.83856581995727,4.42187522438195
2016-12-12,3.365,3.20433781044382,3.11123393609769,3.22994299382378,3.40745292003917,3.60525461177741,3.80306147680751,4.40158545087934
2016-12-13,3.36,3.19449562691965,3.10153895001974,3.19951314039653,3.37195060063107,3.56975136281206,3.782773355407,4.38636815619988
2016-12-14,3.325,3.17480981493912,3.0724483670852,3.18429825977304,3.34659190331181,3.53932013924658,3.7421972756043,4.35593365801039
2016-12-15,3.33,3.18465296176473,3.09184302661158,3.20965641121702,3.397309383168,3.59511080935011,3.81320555787803,4.43202013138611
2016-12-16,3.325,3.18465296176473,3.09184302661158,3.21979969569322,3.397309383168,3.60018270886306,3.81320555787803,4.43202013138611
2016-12-19,3.315,3.18465296176473,3.09184302661158,3.20965641121702,3.3871658599284,3.57989513122128,3.79291740931673,4.41680277594283
2016-12-20,3.31,3.18465296176473,3.09184302661158,3.18429825977304,3.33137672583324,3.50381719994171,3.73205328961916,4.33564406009745
2016-12-21,3.305,3.17480981493912,3.0724483670852,3.16401180008212,3.30601816490461,3.48352988094827,3.69147748157941,4.29506502642978
2016-12-22,3.315,3.18465296176473,3.09184302661158,3.17922663972781,3.32630500682685,3.51396087986597,3.7219093172228,4.33057166906403
2016-12-23,3.315,3.18465296176473,3.08214616569735,3.18429825977304,3.32630500682685,3.51903272493441,3.73205328961916,4.34071645450895
2016-12-26,3.315,3.19449562691965,3.08214616569735,3.18429825977304,3.32630500682685,3.51903272493441,3.73205328961916,4.34071645450895
2016-12-27,3.31,3.19449562691965,3.08214616569735,3.17922663972781,3.31616157904473,3.50888903820166,3.71683733612083,4.32042689713206
2016-12-28,3.28,3.17480981493912,3.04334934331862,3.14372539503744,3.2705163228637,3.45309900461532,3.66611771200027,4.25955854938416
2016-12-29,3.255,3.13543240985847,3.01424187379595,3.10315274892865,3.23501464800904,3.41252469358617,3.61539842780969,4.21390760801343
2016-12-30,3.255,3.12558685391195,3.00453750627039,3.10315274892865,3.22994299382378,3.40745292003917,3.6204703409273,4.21897992130689
2017-01-03,3.25,3.09604729411372,2.97541876811369,3.07272340787119,3.19951314039653,3.397309383168,3.61032651809303,4.20376299157252
2017-01-04,3.24,3.09604729411372,2.99483219960806,3.07272340787119,3.19951314039653,3.41252469358617,3.62554225744565,4.20883529810194
2017-01-05,3.215,3.08619981002956,2.95600157786602,3.0422941898737,3.16908340988218,3.37702235032169,3.60018270886306,4.19869068842536
2017-01-06,3.165,3.0271047786572,2.88801179067377,2.98143612319994,3.15386859072835,3.36687885434914,3.59511080935011,4.19869068842536
2017-01-09,3.18,3.0369551563707,2.88801179067377,2.98143612319994,3.15386859072835,3.36687885434914,3.60018270886306,4.22405223798206
2017-01-10,3.185,3.05665446467529,2.91715591524344,3.00679359112452,3.17415502309746,3.3871658599284,3.63061417736459,4.21897992130689
2017-01-11,3.175,3.05665446467529,2.92686874161863,3.00172209069804,3.18429825977304,3.4023811498997,3.62554225744565,4.21390760801343
2017-01-12,3.16,3.0665033953543,2.91715591524344,2.98650760994295,3.15894019369747,3.38209410342085,3.60525461177741,4.18854609227832
2017-01-13,3.155,3.0665033953543,2.91715591524344,2.98650760994295,3.15894019369747,3.38209410342085,3.61032651809303,4.20376299157252
2017-01-16,3.155,3.0665033953543,2.93658062739421,3.02200811292612,3.19444151010757,3.41252469358617,3.63061417736459,4.22405223798206
2017-01-17,3.13,3.05665446467529,2.9074421480848,2.99665059369216,3.15386859072835,3.37195060063107,3.59511080935011,4.19869068842536
2017-01-18,3.12,3.0369551563707,2.89772743995087,2.98650760994295,3.14879699117496,3.35673537201209,3.59003891323872,4.20376299157252
2017-01-19,3.1,3.0172539185056,2.89772743995087,3.00172209069804,3.16401180008212,3.37195060063107,3.60018270886306,4.22912455803883
2017-01-20,3.105,3.00740257586796,2.88801179067377,2.97129315997793,3.15386859072835,3.37195060063107,3.60018270886306,4.22405223798206
2017-01-23,3.105,3.00740257586796,2.88801179067377,2.9611502104423,3.13865380231599,3.36180711147611,3.59511080935011,4.21390760801343
2017-01-24,3.105,3.0271047786572,2.9074421480848,2.9915791001071,3.17415502309746,3.397309383168,3.62554225744565,4.23419688147706
2017-01-25,3.11,3.0369551563707,2.92686874161863,3.01693660223874,3.21979969569322,3.42774003467103,3.64582995752338,4.24941387207876
2017-01-26,3.1,3.0369551563707,2.91715591524344,3.03215114456064,3.24515796661873,3.46324261643693,3.67626160963515,4.26970324021148
2017-01-27,3.09,3.0172539185056,2.9074421480848,3.03215114456064,3.25530129887952,3.47338624188167,3.69147748157941,4.27984794455942
2017-01-30,3.085,3.0172539185056,2.89772743995087,3.02707962703346,3.2502296310428,3.4683144274565,3.69147748157941,4.27984794455942
2017-01-31,3.08,3.0172539185056,2.87829520006966,3.01186509497149,3.23501464800904,3.44802720381361,3.66611771200027,4.24941387207876
2017-02-01,3.075,2.99755075070429,2.88801179067377,3.01693660223874,3.2502296310428,3.46324261643693,3.67626160963515,4.25955854938416
2017-02-02,3.075,2.99755075070429,2.88801179067377,3.02200811292612,3.24008630560741,3.45309900461532,3.65090189104309,4.22405223798206
2017-02-03,3.065,2.99755075070429,2.89772743995087,3.02200811292612,3.22487134305178,3.43788361242914,3.64075802740362,4.20883529810194
2017-02-06,3.065,2.99755075070429,2.89772743995087,3.02707962703346,3.22487134305178,3.43788361242914,3.64582995752338,4.21390760801343
2017-02-07,3.05,2.99755075070429,2.87829520006966,3.01186509497149,3.21979969569322,3.43788361242914,3.64075802740362,4.19869068842536
2017-02-08,3.09,3.0172539185056,2.89772743995087,3.0422941898737,3.23501464800904,3.44802720381361,3.65090189104309,4.18854609227832
2017-02-09,3.09,3.0172539185056,2.9074421480848,3.05243724886402,3.2502296310428,3.46324261643693,3.67118965911815,4.18854609227832
2017-02-10,3.08,3.0172539185056,2.9074421480848,3.05497301574851,3.26037297012867,3.45309900461532,3.66611771200027,4.18854609227832
2017-02-13,3.06,3.00740257586796,2.9074421480848,3.06258032153028,3.25530129887952,3.44295540641815,3.6610457682817,4.19869068842536
2017-02-14,3.06,3.0172539185056,2.93658062739421,3.08793806301966,3.29080306927605,3.48352988094827,3.69147748157941,4.22912455803883
2017-02-15,3.09,3.0369551563707,2.95600157786602,3.10822431773325,3.31108987026936,3.50381719994171,3.70669338411009,4.24941387207876
2017-02-16,3.1,3.0369551563707,2.96571064292994,3.12851062712185,3.32630500682685,3.51903272493441,3.71176535841653,4.24941387207876
2017-02-17,3.1,3.0369551563707,2.95114669282004,3.12851062712185,3.31616157904473,3.51396087986597,3.71176535841653,4.25955854938416
2017-02-20,3.1,3.0369551563707,2.96571064292994,3.14372539503744,3.33644844824963,3.53424828056312,3.7219093172228,4.27984794455942
2017-02-21,3.1,3.04680505169408,2.96571064292994,3.14372539503744,3.34659190331181,3.53932013924658,3.73712528091321,4.29506502642978
2017-02-22,3.095,3.0369551563707,2.96085622789199,3.14372539503744,3.35673537201209,3.54439200133341,3.74726927369229,4.28492030180323
2017-02-23,3.085,3.0271047786572,2.92686874161863,3.10315274892865,3.31362572423073,3.50888903820166,3.70162141320163,4.24434153849718
2017-02-24,3.075,2.99262465715522,2.91715591524344,3.07272340787119,3.2705163228637,3.47338624188167,3.6610457682817,4.20883529810194
2017-02-27,3.075,2.99262465715522,2.91715591524344,3.0422941898737,3.24515796661873,3.45309900461532,3.64582995752338,4.20376299157252
2017-02-28,3.065,2.97291907639607,2.90258491164774,3.03215114456064,3.22994299382378,3.44295540641815,3.64075802740362,4.21390760801343
2017-03-01,3.06,2.9679923795296,2.93172480206838,3.07272340787119,3.26037297012867,3.47845805971232,3.66611771200027,4.23419688147706
2017-03-02,3.06,2.9679923795296,2.93658062739421,3.09300962157169,3.27558800434926,3.49367353363537,3.6838695417837,4.24941387207876
2017-03-03,3.055,2.9679923795296,2.91715591524344,3.08286650788543,3.2705163228637,3.49620944893518,3.6838695417837,4.24180537297423
2017-03-06,3.05,2.9679923795296,2.92686874161863,3.09808118354142,3.30601816490461,3.51903272493441,3.71430134684394,4.27477559069545
2017-03-07,3.05,2.97784565258308,2.92201244601298,3.10061696580786,3.30094646295074,3.50888903820166,3.71176535841653,4.26970324021148
2017-03-08,3.03,2.95321156483741,2.8928697329702,3.09808118354142,3.30601816490461,3.52410457340688,3.73205328961916,4.28999266242676
2017-03-09,3.06,2.9482843852211,2.8928697329702,3.09047384186845,3.32123329123064,3.54439200133341,3.76755730000968,4.32549928140886
2017-03-10,3.025,2.9482843852211,2.88315361305358,3.05750878348774,3.29841061325287,3.54692793365303,3.7624852883358,4.33057166906403
2017-03-13,3.015,2.93842966386215,2.87829520006966,3.05497301574851,3.30094646295074,3.55453573571645,3.77770133354542,4.35086125346558
2017-03-14,3.02,2.9482843852211,2.88801179067377,3.06258032153028,3.30601816490461,3.5494638668234,3.77262931507958,4.34071645450895
2017-03-15,3.005,2.92857445964145,2.8928697329702,3.06258032153028,3.30601816490461,3.55453573571645,3.77770133354542,4.33564406009745
2017-03-16,3.0,2.92857445964145,2.86857766794668,3.05243724886402,3.29080306927605,3.53424828056312,3.75741328005821,4.31535451623386
2017-03-17,2.95,2.88914881316593,2.83941942065802,3.03215114456064,3.27558800434926,3.52410457340688,3.73966127783414,4.31028213871434
2017-03-20,2.955,2.87929119390906,2.82969812065303,3.00932934262046,3.25530129887952,3.49874536508621,3.71176535841653,4.29506502642978
2017-03-21,2.935,2.85957450590679,2.79080349449323,2.99665059369216,3.21979969569322,3.4683144274565,3.69147748157941,4.27223941503094
2017-03-22,2.935,2.85957450590679,2.80052856531388,2.97129315997793,3.18936988323302,3.42774003467103,3.64075802740362,4.23419688147706
2017-03-23,2.935,2.84971543706547,2.78594060540183,2.97382889950037,3.18176244932356,3.42266825090227,3.6204703409273,4.21897992130689
2017-03-24,2.94,2.84971543706547,2.80052856531388,2.9915791001071,3.20712059223163,3.43788361242914,3.63061417736459,4.22405223798206
2017-03-27,2.93,2.84971543706547,2.78594060540183,2.98650760994295,3.19951314039653,3.430275927833,3.61539842780969,4.21137145263495
2017-03-28,2.92,2.84971543706547,2.80052856531388,3.01947235715494,3.22994299382378,3.45817080882318,3.65090189104309,4.23419688147706
2017-03-29,2.92,2.85957450590679,2.79566614778926,3.00679359112452,3.22740716801111,3.45817080882318,3.65090189104309,4.23419688147706
2017-03-30,2.91,2.84478572140578,2.79566614778926,3.01693660223874,3.24008630560741,3.45817080882318,3.64329399203851,4.20883529810194
2017-03-31,2.82,2.75109815973718,2.68376542645221,2.93072144396715,3.17415502309746,3.3871658599284,3.59511080935011,4.1784015096622
2017-04-03,2.81,2.75109815973718,2.68376542645221,2.92564999486724,3.16401180008212,3.37702235032169,3.58496702052906,4.16318466111123
2017-04-04,2.81,2.74123377207047,2.70323539281936,2.9155071069368,3.14372539503744,3.36180711147611,3.54692793365303,4.11499817495036
2017-04-05,2.815,2.75109815973718,2.70323539281936,2.93072144396715,3.15894019369747,3.36687885434914,3.54439200133341,4.10738981032173
2017-04-06,2.81,2.75109815973718,2.71296895870066,2.93579289649002,3.15894019369747,3.36180711147611,3.53424828056312,4.11753429818578
2017-04-07,2.79,2.72150354525014,2.68376542645221,2.89014994702321,3.11329588995501,3.31108987026936,3.48860170558931,4.07695642798154
2017-04-10,2.77,2.72150354525014,2.65455338759235,2.84197157904833,3.07779495616924,3.2705163228637,3.44802720381361,4.03130658305384
2017-04-11,2.785,2.70177138278616,2.63507396666807,2.84197157904833,3.06765186299152,3.24515796661873,3.41252469358617,4.00848176348387
2017-04-12,2.75,2.67710345713201,2.61559076134699,2.81915035475351,3.0422941898737,3.22487134305178,3.39223761984415,3.96536840262907
2017-04-13,2.735,2.67216950893001,2.57661299162315,2.79886488029757,3.00679359112452,3.19951314039653,3.37702235032169,3.96536840262907
2017-04-17,2.63,2.55371842733076,2.4986119745698,2.72786615159657,2.94593581180382,3.14879699117496,3.33137672583324,3.93493558947542
2017-04-18,2.625,2.55371842733076,2.4986119745698,2.73800878598192,2.94593581180382,3.16147599646286,3.35166363595729,3.96536840262907
2017-04-20,2.625,2.55371842733076,2.51324178723511,2.78618648660782,2.99665059369216,3.21472805174825,3.41252469358617,4.02116221033042
2017-04-21,2.59,2.51421922649264,2.46934594501802,2.74308010831841,2.9611502104423,3.17669083098575,3.37702235032169,3.99580133781494
2017-04-24,2.59,2.50434321412474,2.46934594501802,2.75322276327823,2.9915791001071,3.21219223105589,3.41759647054061,4.04145096932804
2017-04-25,2.59,2.50434321412474,2.47422420974619,2.76082976349843,3.00425784048373,3.22740716801111,3.42520414236076,4.0465231675463
2017-04-26,2.59,2.50434321412474,2.46934594501802,2.76843677143259,3.01186509497149,3.23501464800904,3.44802720381361,4.0972453359988
2017-04-27,2.58,2.50434321412474,2.45470972688455,2.72025918480994,2.97129315997793,3.20965641121702,3.42266825090227,4.07188420944244
2017-04-28,2.575,2.50434321412474,2.4498305127798,2.71772353092921,2.98143612319994,3.21726387329402,3.43281182184669,4.08202864990688
2017-05-02,2.57,2.49446671680076,2.41566936551685,2.69743833075364,2.95100727459443,3.18429825977304,3.40745292003917,4.06173978252362
2017-05-03,2.6,2.52409475395243,2.47910223719217,2.72533049514363,2.97129315997793,3.19444151010757,3.43281182184669,4.07188420944244
2017-05-04,2.61,2.52409475395243,2.4986119745698,2.75575842916116,3.00679359112452,3.22994299382378,3.46324261643693,4.10231757146755
2017-05-05,2.62,2.53396979654408,2.52786946599137,2.78111513513009,3.02200811292612,3.2502296310428,3.48099396990462,4.12514267296942
2017-05-08,2.615,2.54384435432353,2.53274488482003,2.81915035475351,3.0422941898737,3.2806596892466,3.49874536508621,4.15304011232793
2017-05-09,2.63,2.56359201562173,2.56199242139665,2.84957866923008,3.07272340787119,3.31108987026936,3.5494638668234,4.19869068842536
2017-05-10,2.595,2.54384435432353,2.53274488482003,2.81915035475351,3.04736571765927,3.30094646295074,3.53932013924658,4.20376299157252
2017-05-11,2.61,2.55371842733076,2.55711842427875,2.86479287271544,3.10822431773325,3.34659190331181,3.59003891323872,4.23926920829656
2017-05-12,2.59,2.54384435432353,2.53762006663827,2.83943588403395,3.08286650788543,3.32884086590379,3.58496702052906,4.22405223798206
2017-05-15,2.58,2.53890713603333,2.50836542014898,2.80647192679311,3.05243724886402,3.30855401716064,3.55960760801233,4.19869068842536
2017-05-16,2.58,2.52409475395243,2.52299381013632,2.80900761067182,3.05497301574851,3.30601816490461,3.55960760801233,4.19108224004663
2017-05-17,2.55,2.50434321412474,2.48885758031747,2.78872216363206,3.02200811292612,3.2806596892466,3.51649680197468,4.13528718452738
2017-05-18,2.55,2.50434321412474,2.48885758031747,2.79379352025113,3.03215114456064,3.2806596892466,3.51903272493441,4.1327510553687
2017-05-19,2.49,2.47965106140224,2.50836542014898,2.81915035475351,3.08033073160008,3.32884086590379,3.54185606986461,4.14796784301195
2017-05-22,2.49,2.47471226707674,2.51324178723511,2.85465006696652,3.10568853290378,3.34912776920839,3.56721542283618,4.18600994535572
2017-05-23,2.485,2.46483431458078,2.4986119745698,2.86986428072755,3.11836746559382,3.35673537201209,3.55960760801233,4.1784015096622
2017-05-24,2.48,2.46483431458078,2.4986119745698,2.85972146812838,3.12343904464947,3.35673537201209,3.56467948371093,4.18600994535572
2017-05-25,2.475,2.45989515641032,2.49373489603677,2.85972146812838,3.14372539503744,3.37702235032169,3.58243107544993,4.20883529810194
2017-05-26,2.48,2.45495587694489,2.48885758031747,2.86479287271544,3.14372539503744,3.38462998124858,3.60018270886306,4.21644376423742
2017-05-29,2.49,2.46483431458078,2.49373489603677,2.86479287271544,3.15894019369747,3.39984526610786,3.60525461177741,4.22151607922174
2017-05-30,2.475,2.45495587694489,2.4498305127798,2.80900761067182,3.10315274892865,3.33644844824963,3.5494638668234,4.16825694057823
2017-05-31,2.47,2.45495587694489,2.43031128211602,2.77604378708012,3.07272340787119,3.2958747644078,3.50381719994171,4.11246205256119
2017-06-01,2.47,2.44507695410512,2.4205502419159,2.77604378708012,3.06004455208169,3.2705163228637,3.47085033424339,4.08202864990688
2017-06-02,2.45,2.4154372739229,2.40102531084396,2.72786615159657,3.01186509497149,3.23501464800904,3.42774003467103,4.02623439499823
2017-06-05,2.47,2.44507695410512,2.4205502419159,2.73800878598192,3.02454386955231,3.24515796661873,3.43788361242914,4.0465231675463
2017-06-06,2.48,2.46977335147225,2.44007137234004,2.71518787790597,2.97129315997793,3.19190569624348,3.397309383168,4.01609002905066
2017-06-07,2.48,2.46483431458078,2.44007137234004,2.73800878598192,2.9915791001071,3.21472805174825,3.42266825090227,4.06173978252362
2017-06-08,2.485,2.46483431458078,2.45470972688455,2.77350811434058,3.02200811292612,3.24515796661873,3.45817080882318,4.10738981032173
2017-06-09,2.485,2.46483431458078,2.45470972688455,2.78618648660782,3.04736571765927,3.26544464479013,3.47845805971232,4.12767879958968
2017-06-12,2.49,2.46483431458078,2.45470972688455,2.76843677143259,3.03722266550741,3.25530129887952,3.47085033424339,4.11753429818578
2017-06-13,2.48,2.45495587694489,2.4498305127798,2.76336543195272,3.02707962703346,3.25530129887952,3.46324261643693,4.0972453359988
2017-06-14,2.485,2.45495587694489,2.44007137234004,2.74815143408389,3.00172209069804,3.23501464800904,3.43281182184669,4.05666757414425
2017-06-15,2.485,2.45989515641032,2.4498305127798,2.76843677143259,3.03722266550741,3.26544464479013,3.4683144274565,4.10738981032173
2017-06-16,2.49,2.45989515641032,2.4498305127798,2.7836508104405,3.05243724886402,3.2806596892466,3.48099396990462,4.10738981032173
2017-06-19,2.49,2.46483431458078,2.45958870361118,2.79379352025113,3.05243724886402,3.28573137755557,3.47845805971232,4.11246205256119
2017-06-20,2.49,2.46483431458078,2.46934594501802,2.80393624377115,3.04736571765927,3.2806596892466,3.47592215037134,4.08963698914377
2017-06-21,2.495,2.46483431458078,2.46934594501802,2.80647192679311,3.04482995333908,3.2806596892466,3.47845805971232,4.08456476213936
2017-06-22,2.495,2.46483431458078,2.4498305127798,2.78872216363206,3.02200811292612,3.26544464479013,3.47085033424339,4.08710087521833
2017-06-23,2.49,2.46483431458078,2.44495106127296,2.78618648660782,3.02200811292612,3.26544464479013,3.46070671220431,4.08963698914377
2017-06-27,2.485,2.46004333292138,2.44509744827148,2.79886488029757,3.0422941898737,3.28573137755557,3.48860170558931,4.11499817495036
2017-06-28,2.485,2.46004333292138,2.44509744827148,2.79125784151317,3.0422941898737,3.28573137755557,3.47845805971232,4.11246205256119
2017-06-29,2.485,2.46004333292138,2.44509744827148,2.79886488029757,3.05243724886402,3.30094646295074,3.51142495860828,4.15811238502772
2017-06-30,2.48,2.45510405709304,2.44021776646886,2.78872216363206,3.04736571765927,3.2958747644078,3.51903272493441,4.1784015096622
2017-07-03,2.49,2.46498248745475,2.44997689265603,2.79632919984592,3.06765186299152,3.32123329123064,3.55453573571645,4.20883529810194
2017-07-04,2.49,2.46498248745475,2.44021776646886,2.79632919984592,3.07779495616924,3.32630500682685,3.56975136281206,4.22405223798206
2017-07-05,2.48,2.44522514153545,2.42557729627269,2.7836508104405,3.07525918159293,3.32123329123064,3.54185606986461,4.21897992130689
2017-07-06,2.49,2.44522514153545,2.42557729627269,2.76843677143259,3.07272340787119,3.31616157904473,3.53678420947943,4.21897992130689
2017-07-07,2.435,2.39582328410659,2.35234286807096,2.68729575124811,2.98143612319994,3.22994299382378,3.47085033424339,4.18347379927884
2017-07-10,2.44,2.37111780435662,2.31326262785103,2.63658305959531,2.93072144396715,3.18176244932356,3.42774003467103,4.14796784301195
2017-07-11,2.42,2.351351235375,2.29371679529056,2.59854876610182,2.89014994702321,3.14372539503744,3.38970173946027,4.0972453359988
2017-07-12,2.42,2.351351235375,2.30837652683924,2.61629807903381,2.88507852531255,3.12851062712185,3.38462998124858,4.09978145330998
2017-07-13,2.42,2.36617634422753,2.32303411574186,2.63404743402151,2.90029280071711,3.14879699117496,3.40745292003917,4.14796784301195
2017-07-14,2.445,2.38594145635851,2.34257423566397,2.66701063340804,2.90789994997533,3.15894019369747,3.42266825090227,4.1784015096622
2017-07-17,2.465,2.40570462637102,2.36211054902302,2.6771531854658,2.92564999486724,3.17922663972781,3.43281182184669,4.20376299157252
2017-07-18,2.455,2.40570462637102,2.36211054902302,2.68222446664146,2.94086435243561,3.20458477409975,3.44041950899783,4.19615453812012
2017-07-19,2.465,2.42546585463277,2.39140788499626,2.71265222574018,2.98650760994295,3.23755047638159,3.47845805971232,4.23673304446415
2017-07-20,2.47,2.43534574072601,2.41093468842646,2.72786615159657,2.99665059369216,3.24515796661873,3.49113761918671,4.22912455803883
2017-07-21,2.455075,2.41558548319176,2.38164305729782,2.7101165744319,2.98143612319994,3.23247882048978,3.47845805971232,4.21390760801343
2017-07-24,2.455075,2.41558548319176,2.39140788499626,2.71518787790597,2.9915791001071,3.23501464800904,3.48099396990462,4.18600994535572
2017-07-25,2.465075,2.42052572957974,2.40117176197518,2.71265222574018,2.98904335459738,3.23501464800904,3.47845805971232,4.18854609227832
2017-07-26,2.465075,2.42546585463277,2.41093468842646,2.70758092398113,2.98143612319994,3.23501464800904,3.45817080882318,4.18093765404766
2017-07-27,2.445075,2.41064511546085,2.38652558999597,2.65940372837226,2.95100727459443,3.20965641121702,3.42774003467103,4.15811238502772
2017-07-28,2.427575,2.37605914307881,2.32303411574186,2.60615560935111,2.92057854919039,3.18936988323302,3.41759647054061,4.15050397724697
2017-07-31,2.427575,2.37605914307881,2.31326262785103,2.57319267773819,2.89014994702321,3.15894019369747,3.397309383168,4.1327510553687
2017-08-01,2.410075,2.33652503369264,2.29371679529056,2.55544346697096,2.88507852531255,3.15133279052469,3.40745292003917,4.14289557707999
2017-08-02,2.407575,2.34640928957841,2.28394245024521,2.54783667523766,2.86479287271544,3.15133279052469,3.3871658599284,4.12767879958968
2017-08-03,2.370075,2.31675506456686,2.26439090169706,2.53008752458683,2.83943588403395,3.11329588995501,3.35927124131796,4.12767879958968
2017-08-04,2.375075,2.33158272359546,2.29371679529056,2.5376942982837,2.85211436767012,3.12343904464947,3.37702235032169,4.13782331453216
2017-08-07,2.380075,2.33652503369264,2.29371679529056,2.54022989123386,2.83943588403395,3.11329588995501,3.369414727064,4.14035944538302
2017-08-08,2.445075,2.40570462637102,2.38164305729782,2.60108437965985,2.89522137215814,3.16908340988218,3.42013236029555,4.18854609227832
2017-08-09,2.440075,2.40570462637102,2.37187727870403,2.57572828271109,2.86732857629337,3.15640439178597,3.40745292003917,4.16825694057823
2017-08-10,2.450075,2.40570462637102,2.36211054902302,2.57572828271109,2.87493569216455,3.17415502309746,3.41252469358617,4.1784015096622
2017-08-11,2.460075,2.40570462637102,2.37676028687783,2.58333510278124,2.87493569216455,3.16654760455524,3.41252469358617,4.1784015096622
2017-08-14,2.455075,2.40570462637102,2.35722682746786,2.56558586797149,2.85972146812838,3.15133279052469,3.38970173946027,4.16572080042181
2017-08-16,2.440075,2.39582328410659,2.35234286807096,2.55290786886773,2.84957866923008,3.14372539503744,3.38209410342085,4.14796784301195
2017-08-17,2.425075,2.390882430924,2.35234286807096,2.55544346697096,2.86986428072755,3.15133279052469,3.39223761984415,4.13782331453216
2017-08-18,2.440075,2.37111780435662,2.35234286807096,2.55544346697096,2.86479287271544,3.14879699117496,3.3871658599284,4.1327510553687
2017-08-21,2.430075,2.35629305974072,2.33280465161823,2.53515870619245,2.83943588403395,3.12851062712185,3.37702235032169,4.10992593101829
2017-08-22,2.425075,2.35629305974072,2.31326262785103,2.53515870619245,2.83182880412971,3.12343904464947,3.37195060063107,4.0972453359988
2017-08-23,2.430075,2.35629305974072,2.33280465161823,2.56305026643326,2.85972146812838,3.14879699117496,3.3871658599284,4.11753429818578
2017-08-24,2.430075,2.351351235375,2.34257423566397,2.57572828271109,2.88000710702625,3.16401180008212,3.40745292003917,4.13782331453216
2017-08-25,2.417575,2.35629305974072,2.34745867081632,2.5807994952326,2.88254281574134,3.17415502309746,3.42013236029555,4.12767879958968
2017-08-28,2.412575,2.33652503369264,2.32791950266886,2.56305026643326,2.84957866923008,3.14879699117496,3.38209410342085,4.10738981032173
2017-08-29,2.390075,2.31675506456686,2.28882974184863,2.53262311496016,2.81661466744809,3.11329588995501,3.35166363595729,4.08202864990688
2017-08-30,2.415075,2.35629305974072,2.33768956260594,2.56558586797149,2.86986428072755,3.14879699117496,3.3871658599284,4.11753429818578
2017-08-31,2.412575,2.36617634422753,2.34257423566397,2.56305026643326,2.86986428072755,3.14118959824972,3.38462998124858,4.12007042226743
2017-09-01,2.355075,2.29698315197169,2.28882974184863,2.54022989123386,2.82929311254132,3.11329588995501,3.36687885434914,4.11246205256119
2017-09-04,2.355075,2.27720929552344,2.28394245024521,2.54530107971085,2.83436449657462,3.110760103417,3.36180711147611,4.11246205256119
2017-09-05,2.352575,2.27720929552344,2.26439090169706,2.51487400038612,2.8140789809993,3.09300962157169,3.3415201740759,4.10231757146755
2017-09-06,2.457575,2.38594145635851,2.38164305729782,2.60615560935111,2.89268565916265,3.14372539503744,3.3871658599284,4.14035944538302
2017-09-07,2.480075,2.44522514153545,2.43045769048944,2.65686809507615,2.91043566810658,3.15133279052469,3.38462998124858,4.10738981032173
2017-09-08,2.470075,2.42546585463277,2.43045769048944,2.66701063340804,2.92057854919039,3.16147599646286,3.39477350108006,4.10738981032173
2017-09-11,2.455075,2.40570462637102,2.40605334400978,2.64672557047148,2.91043566810658,3.15133279052469,3.39223761984415,4.11753429818578
2017-09-12,2.467575,2.43534574072601,2.43533784721617,2.67461754616463,2.94340008169192,3.18936988323302,3.43788361242914,4.15811238502772
2017-09-13,2.472575,2.44522514153545,2.44021776646886,2.6771531854658,2.95607874080732,3.20965641121702,3.45817080882318,4.16825694057823
2017-09-14,2.475075,2.44522514153545,2.45485609963847,2.69743833075364,2.9763646398782,3.23247882048978,3.4683144274565,4.1784015096622
2017-09-15,2.475075,2.44522514153545,2.44997689265603,2.7101165744319,2.98143612319994,3.24515796661873,3.47845805971232,4.16825694057823
2017-09-20,2.465075,2.42546585463277,2.43533784721617,2.68729575124811,2.96622168349923,3.22994299382378,3.46324261643693,4.14035944538302
2017-09-21,2.467575,2.42546585463277,2.43533784721617,2.68729575124811,2.96368594654304,3.23755047638159,3.46577852152101,4.14796784301195
2017-09-22,2.467575,2.42546585463277,2.43533784721617,2.68476010851593,2.97129315997793,3.22487134305178,3.45817080882318,4.14543170962296
2017-09-25,2.480075,2.45510405709304,2.4597350692428,2.71265222574018,3.01186509497149,3.26544464479013,3.47338624188167,4.16064852264655
2017-09-26,2.482575,2.44028550179021,2.48412635740802,2.75322276327823,3.05750878348774,3.29080306927605,3.50381719994171,4.17586536612253
2017-09-27,2.480075,2.45016465996173,2.50851171460553,2.78872216363206,3.09554540212935,3.3339125866152,3.53678420947943,4.20122683957613
2017-09-28,2.475075,2.44028550179021,2.49875828326296,2.79125784151317,3.09808118354142,3.33137672583324,3.53424828056312,4.19869068842536
2017-09-29,2.490075,2.46498248745475,2.53289114372102,2.83436449657462,3.15640439178597,3.37195060063107,3.57482324531557,4.23926920829656
2017-10-02,2.485075,2.46498248745475,2.52801573200667,2.87239998601794,3.18683407107621,3.40745292003917,3.60525461177741,4.26970324021148
2017-10-03,2.487575,2.46004333292138,2.53776631843294,2.86986428072755,3.18429825977304,3.397309383168,3.59511080935011,4.25702237879009
2017-10-04,2.487575,2.46004333292138,2.55726464764017,2.88254281574134,3.19697732482527,3.41759647054061,3.6204703409273,4.28745648169255
2017-10-05,2.477575,2.44028550179021,2.54751595691349,2.89014994702321,3.20458477409975,3.42266825090227,3.63061417736459,4.28999266242676
2017-10-06,2.465075,2.41064511546085,2.49875828326296,2.84704297164642,3.17922663972781,3.40745292003917,3.63061417736459,4.30013739381214
2017-10-09,,,,2.84450727491914,3.18429825977304,3.397309383168,3.63061417736459,4.30013739381214
2017-10-10,2.452575,2.390882430924,2.46949229641302,2.82422173193422,3.14372539503744,3.3871658599284,3.59764675868139,4.27984794455942
2017-10-11,2.455075,2.38594145635851,2.43045769048944,2.76336543195272,3.09300962157169,3.3415201740759,3.55453573571645,4.25955854938416
2017-10-12,2.465075,2.40570462637102,2.47924857435056,2.79379352025113,3.11329588995501,3.37448647505028,3.60525461177741,4.28999266242676
2017-10-13,2.465075,2.40570462637102,2.44997689265603,2.76843677143259,3.09300962157169,3.35673537201209,3.57989513122128,4.26716706623704
2017-10-16,2.442575,2.390882430924,2.42069666453393,2.74308010831841,3.06258032153028,3.3415201740759,3.56975136281206,4.26716706623704
2017-10-17,2.442575,2.40076401592226,2.41093468842646,2.75322276327823,3.08286650788543,3.35673537201209,3.56975136281206,4.27477559069545
2017-10-18,2.442575,2.39582328410659,2.42069666453393,2.75829409590125,3.08286650788543,3.36180711147611,3.59003891323872,4.27223941503094
2017-10-19,2.427575,2.36123476269157,2.40117176197518,2.73293746707459,3.05750878348774,3.34659190331181,3.55960760801233,4.24941387207876
2017-10-20,2.437575,2.37605914307881,2.40117176197518,2.72533049514363,3.06258032153028,3.3415201740759,3.55960760801233,4.25955854938416
2017-10-23,2.415075,2.33652503369264,2.33280465161823,2.67208190772128,3.01186509497149,3.30601816490461,3.52917642528316,4.22912455803883
2017-10-24,2.437575,2.35629305974072,2.34257423566397,2.68476010851593,3.01947235715494,3.31108987026936,3.53424828056312,4.26463089310765
2017-10-25,2.465075,2.39582328410659,2.38164305729782,2.71772353092921,3.06258032153028,3.35166363595729,3.57482324531557,4.27984794455942
2017-10-26,2.465075,2.38594145635851,2.39140788499626,2.71265222574018,3.05243724886402,3.33137672583324,3.55453573571645,4.24941387207876
2017-10-30,2.467575,2.39582328410659,2.40117176197518,2.69997397777413,3.0422941898737,3.32123329123064,3.5494638668234,4.23926920829656
2017-10-31,2.445075,2.37605914307881,2.37676028687783,2.67461754616463,3.00932934262046,3.2958747644078,3.52664049891955,4.22912455803883
2017-11-02,2.435075,2.36617634422753,2.35722682746786,2.6619393625263,2.9915791001071,3.28573137755557,3.49874536508621,4.20629914441446
2017-11-03,2.452575,2.38594145635851,2.38164305729782,2.66954627013571,3.01186509497149,3.2958747644078,3.51396087986597,4.21644376423742
2017-11-06,2.422575,2.34640928957841,2.37187727870403,2.6619393625263,3.00425784048373,3.29080306927605,3.49874536508621,4.19869068842536
2017-11-07,2.425075,2.34640928957841,2.38164305729782,2.67208190772128,3.02200811292612,3.30601816490461,3.51396087986597,4.19869068842536
2017-11-08,2.472575,2.41558548319176,2.4597350692428,2.72279483954807,3.05750878348774,3.33644844824963,3.5494638668234,4.22912455803883
2017-11-09,2.475075,2.41558548319176,2.46949229641302,2.72786615159657,3.05750878348774,3.33644844824963,3.55453573571645,4.22405223798206
2017-11-10,2.472575,2.42052572957974,2.47924857435056,2.76843677143259,3.07272340787119,3.34659190331181,3.56467948371093,4.21897992130689
2017-11-13,2.470075,2.41558548319176,2.47924857435056,2.76336543195272,3.06258032153028,3.33644844824963,3.53932013924658,4.18854609227832
2017-11-14,2.475075,2.42546585463277,2.47924857435056,2.79632919984592,3.10315274892865,3.35673537201209,3.55960760801233,4.19869068842536
2017-11-15,2.470075,2.42546585463277,2.47924857435056,2.80900761067182,3.12343904464947,3.37702235032169,3.57989513122128,4.20883529810194
2017-11-16,2.485075,2.42546585463277,2.50363511751139,2.83436449657462,3.14879699117496,3.397309383168,3.60018270886306,4.22912455803883
2017-11-17,2.480075,2.44522514153545,2.53289114372102,2.86479287271544,3.17415502309746,3.42520414236076,3.6204703409273,4.24687770486536
2017-11-20,2.470075,2.42546585463277,2.49875828326296,2.85972146812838,3.17922663972781,3.43281182184669,3.6204703409273,4.27984794455942
2017-11-21,2.475075,2.41558548319176,2.50363511751139,2.87493569216455,3.18683407107621,3.44295540641815,3.64329399203851,4.29252884400582
2017-11-22,2.487575,2.41558548319176,2.50851171460553,2.89522137215814,3.20458477409975,3.4683144274565,3.67372563395176,4.33057166906403
2017-11-23,2.477575,2.43040585834287,2.50851171460553,2.87493569216455,3.19444151010757,3.47338624188167,3.68133356355116,4.35593365801039
2017-11-24,2.477575,2.41558548319176,2.48900390323925,2.82929311254132,3.15386859072835,3.43788361242914,3.65090189104309,4.31535451623386
2017-11-27,2.472575,2.41558548319176,2.47924857435056,2.8140789809993,3.14372539503744,3.42774003467103,3.64329399203851,4.31535451623386
2017-11-28,2.482575,2.42052572957974,2.49875828326296,2.83690018987606,3.16908340988218,3.45817080882318,3.6610457682817,4.33564406009745
2017-11-29,2.462575,2.41064511546085,2.4597350692428,2.8140789809993,3.15386859072835,3.42774003467103,3.63061417736459,4.31535451623386
2017-11-30,2.440075,2.38594145635851,2.43533784721617,2.78618648660782,3.12090325469456,3.40491703454346,3.6204703409273,4.31789070626063
2017-12-01,2.442575,2.38594145635851,2.40117176197518,2.77097244245808,3.11836746559382,3.4023811498997,3.61539842780969,4.32042689713206
2017-12-04,2.470075,2.41558548319176,2.44021776646886,2.80140056160598,3.15386859072835,3.42774003467103,3.65090189104309,4.34071645450895
2017-12-05,2.465075,2.41064511546085,2.44021776646886,2.80140056160598,3.15386859072835,3.42774003467103,3.65090189104309,4.35593365801039
2017-12-06,2.465075,2.40570462637102,2.44021776646886,2.79886488029757,3.16401180008212,3.44295540641815,3.67118965911815,4.39651301594328
2017-12-07,2.485075,2.45016465996173,2.47924857435056,2.84957866923008,3.21472805174825,3.48860170558931,3.7219093172228,4.44216505189048
2017-12-11,2.485075,2.45016465996173,2.50851171460553,2.85465006696652,3.21472805174825,3.49874536508621,3.73458928484156,4.45738245795708
2017-12-12,2.485075,2.45016465996173,2.50363511751139,2.85972146812838,3.22487134305178,3.50635311864613,3.74726927369229,4.46499117237877
2017-12-13,2.485075,2.44522514153545,2.51826419746681,2.89522137215814,3.25530129887952,3.52410457340688,3.7624852883358,4.45230998589377
2017-12-14,2.485075,2.44522514153545,2.51826419746681,2.89775708600961,3.24769379840417,3.51649680197468,3.7421972756043,4.42187522438195
2017-12-15,2.485075,2.44522514153545,2.51826419746681,2.89775708600961,3.23501464800904,3.50635311864613,3.72698130172231,4.39651301594328
2017-12-18,2.485075,2.43534574072601,2.51826419746681,2.87493569216455,3.19951314039653,3.4683144274565,3.67626160963515,4.32042689713206
2017-12-19,2.490075,2.43534574072601,2.51338807458534,2.88507852531255,3.21979969569322,3.47845805971232,3.69147748157941,4.34578885229839
2017-12-20,2.482575,2.43534574072601,2.50851171460553,2.88000710702625,3.21472805174825,3.4683144274565,3.67118965911815,4.35086125346558
2017-12-21,2.482575,2.43534574072601,2.51826419746681,2.87747139916732,3.21979969569322,3.4683144274565,3.67118965911815,4.34071645450895
2017-12-22,2.485075,2.44028550179021,2.51826419746681,2.88507852531255,3.22233551894582,3.47338624188167,3.67626160963515,4.34325265298143
2017-12-26,2.480075,2.44028550179021,2.51826419746681,2.88507852531255,3.22233551894582,3.47338624188167,3.67626160963515,4.33310786415846
2017-12-27,2.480075,2.44028550179021,2.52801573200667,2.87747139916732,3.22233551894582,3.4683144274565,3.6610457682817,4.31281832705173
2017-12-28,2.475075,2.43534574072601,2.50851171460553,2.88000710702625,3.22487134305178,3.47085033424339,3.66611771200027,4.30520976457374
2017-12-29,2.475075,2.44028550179021,2.50363511751139,2.88507852531255,3.22994299382378,3.48099396990462,3.6610457682817,4.30013739381214
2018-01-02,2.467575,2.42546585463277,2.49875828326296,2.85972146812838,3.20458477409975,3.45309900461532,3.63568610068397,4.31028213871434
2018-01-03,2.467575,2.42546585463277,2.46949229641302,2.82929311254132,3.18936988323302,3.44295540641815,3.62554225744565,4.30013739381214
2018-01-04,2.447575,2.41558548319176,2.44021776646886,2.80900761067182,3.18429825977304,3.43788361242914,3.6204703409273,4.32042689713206
2018-01-05,2.465075,2.43534574072601,2.46949229641302,2.83943588403395,3.20458477409975,3.45817080882318,3.64075802740362,4.35086125346558
2018-01-08,2.457575,2.42546585463277,2.46461380149299,2.81915035475351,3.18936988323302,3.44295540641815,3.63061417736459,4.33057166906403
2018-01-09,2.465075,2.43534574072601,2.47924857435056,2.83943588403395,3.20458477409975,3.4556349062935,3.64582995752338,4.34071645450895
2018-01-10,2.477575,2.44028550179021,2.49388121184424,2.85972146812838,3.21472805174825,3.47845805971232,3.67118965911815,4.35086125346558
2018-01-11,2.470075,2.44028550179021,2.48412635740802,2.85465006696652,3.20458477409975,3.47845805971232,3.67118965911815,4.37115089190878
2018-01-12,2.462575,2.43534574072601,2.47924857435056,2.83943588403395,3.18429825977304,3.46324261643693,3.66358173971606,4.35846986154933
2018-01-15,2.447575,2.43040585834287,2.45485609963847,2.81915035475351,3.17415502309746,3.44802720381361,3.64582995752338,4.35086125346558
2018-01-17,2.427575,2.41558548319176,2.44021776646886,2.77857946067663,3.12851062712185,3.40745292003917,3.61032651809303,4.30520976457374
2018-01-18,2.437575,2.43040585834287,2.44021776646886,2.78618648660782,3.13358221301072,3.40745292003917,3.61793438394338,4.31028213871434
2018-01-19,2.427575,2.42052572957974,2.44021776646886,2.75322276327823,3.09808118354142,3.3871658599284,3.60525461177741,4.29760120969855
2018-01-22,2.427575,2.41558548319176,2.44509744827148,2.76336543195272,3.09300962157169,3.38209410342085,3.60525461177741,4.29506502642978
2018-01-23,2.430075,2.41558548319176,2.43045769048944,2.75575842916116,3.09300962157169,3.369414727064,3.58496702052906,4.27984794455942
2018-01-24,2.435075,2.42052572957974,2.44021776646886,2.76590110126411,3.10822431773325,3.35673537201209,3.57482324531557,4.26970324021148
2018-01-25,2.435075,2.41558548319176,2.43045769048944,2.75322276327823,3.08793806301966,3.3415201740759,3.55960760801233,4.24941387207876
2018-01-26,2.435075,2.41558548319176,2.44509744827148,2.75322276327823,3.08793806301966,3.3415201740759,3.55453573571645,4.23673304446415
2018-01-29,2.440075,2.42546585463277,2.45485609963847,2.77857946067663,3.11583167734728,3.36687885434914,3.57482324531557,4.26463089310765
2018-01-30,2.450075,2.43534574072601,2.45485609963847,2.77857946067663,3.11329588995501,3.369414727064,3.57989513122128,4.27223941503094
2018-01-31,2.452575,2.44028550179021,2.46461380149299,2.79886488029757,3.12343904464947,3.37702235032169,3.59003891323872,4.26970324021148
2018-02-01,2.440075,2.42546585463277,2.44509744827148,2.78872216363206,3.11836746559382,3.36687885434914,3.57989513122128,4.26970324021148
2018-02-02,2.492575,2.48967644093678,2.56701239079682,2.90029280071711,3.22487134305178,3.44295540641815,3.64582995752338,4.32296308884814
2018-02-05,2.492575,2.4995531734886,2.60599389140825,2.94086435243561,3.2502296310428,3.46324261643693,3.66611771200027,4.33057166906403
2018-02-06,2.502575,2.50449135789399,2.64009027927337,2.95607874080732,3.2502296310428,3.46324261643693,3.66611771200027,4.31535451623386
2018-02-07,2.502575,2.4946148678362,2.63522007640837,2.95100727459443,3.22487134305178,3.4454913046901,3.65090189104309,4.28238412275888
2018-02-08,2.510075,2.52424288317332,2.64496024563954,2.9915791001071,3.26544464479013,3.47845805971232,3.67118965911815,4.30013739381214
2018-02-09,2.507575,2.51436736298771,2.64496024563954,3.01186509497149,3.28573137755557,3.48860170558931,3.68133356355116,4.33057166906403
2018-02-12,2.505075,2.51436736298771,2.61573689947259,2.99665059369216,3.2806596892466,3.48860170558931,3.66611771200027,4.31281832705173
2018-02-13,2.502575,2.51930518369203,2.59137760427564,2.96875742131084,3.25276546453461,3.4683144274565,3.65597382796257,4.26970324021148
2018-02-14,2.505075,2.52424288317332,2.59137760427564,2.97129315997793,3.26037297012867,3.47845805971232,3.66865368513432,4.30013739381214
2018-02-15,2.505075,2.52424288317332,2.60112203238805,2.98143612319994,3.27558800434926,3.49367353363537,3.68133356355116,4.32549928140886
2018-02-16,2.500075,2.52424288317332,2.60112203238805,2.97129315997793,3.2705163228637,3.48606579284316,3.67372563395176,4.31789070626063
2018-02-19,2.500075,2.52424288317332,2.59624993668517,2.9763646398782,3.27812384637145,3.49874536508621,3.68133356355116,4.32549928140886
2018-02-20,2.500075,2.52424288317332,2.59624993668517,2.99665059369216,3.29080306927605,3.50888903820166,3.69147748157941,4.33057166906403
2018-02-21,2.500075,2.51930518369203,2.59624993668517,2.9915791001071,3.27558800434926,3.48860170558931,3.66865368513432,4.30013739381214
2018-02-22,2.500075,2.51930518369203,2.60599389140825,2.9915791001071,3.27558800434926,3.49113761918671,3.67626160963515,4.27477559069545
2018-02-23,2.502575,2.51930518369203,2.58650503513547,2.9611502104423,3.25530129887952,3.4683144274565,3.65090189104309,4.24941387207876
2018-02-26,2.502575,2.50449135789399,2.56701239079682,2.94086435243561,3.22487134305178,3.43788361242914,3.61793438394338,4.21897992130689
2018-02-27,2.502575,2.51930518369203,2.58650503513547,2.96622168349923,3.26544464479013,3.47338624188167,3.6610457682817,4.24941387207876
2018-02-28,2.502575,2.52424288317332,2.60599389140825,2.98143612319994,3.28319553297465,3.49367353363537,3.68133356355116,4.25955854938416
2018-03-01,2.502575,2.53411791849079,2.62060804857267,3.00172209069804,3.29080306927605,3.50888903820166,3.69147748157941,4.27477559069545
2018-03-02,2.502575,2.54399246899606,2.62547896107801,3.02707962703346,3.32123329123064,3.53932013924658,3.7219093172228,4.30013739381214
2018-03-05,2.502575,2.5538665347371,2.66930653074748,3.06258032153028,3.34659190331181,3.55960760801233,3.74473327422371,4.32296308884814
2018-03-06,2.502575,2.54399246899606,2.66443774653968,3.07525918159293,3.36180711147611,3.56975136281206,3.76502129374823,4.33310786415846
2018-03-07,2.502575,2.54399246899606,2.66443774653968,3.07272340787119,3.35673537201209,3.56975136281206,3.75994928377246,4.33310786415846
2018-03-08,2.502575,2.54399246899606,2.66443774653968,3.08286650788543,3.37702235032169,3.59511080935011,3.7624852883358,4.32296308884814
2018-03-09,2.502575,2.53905525434295,2.67417507858436,3.10568853290378,3.39223761984415,3.60779056451006,3.77516532388804,4.32549928140886
2018-03-12,2.502575,2.5538665347371,2.67417507858436,3.10822431773325,3.39984526610786,3.61286247252623,3.78023734405175,4.34071645450895
2018-03-13,2.507575,2.53905525434295,2.67904339008229,3.10061696580786,3.4023811498997,3.61539842780969,3.782773355407,4.32042689713206
2018-03-14,2.502575,2.53905525434295,2.67417507858436,3.09554540212935,3.38209410342085,3.60018270886306,3.78784538066415,4.32296308884814
2018-03-15,2.502575,2.53411791849079,2.66443774653968,3.06765186299152,3.35166363595729,3.57989513122128,3.77770133354542,4.31789070626063
2018-03-16,2.502575,2.54399246899606,2.66443774653968,3.07018763500406,3.3415201740759,3.56975136281206,3.7624852883358,4.31028213871434
2018-03-19,2.502575,2.54399246899606,2.66930653074748,3.06765186299152,3.33644844824963,3.56467948371093,3.75741328005821,4.29506502642978
2018-03-20,2.502575,2.54892956245811,2.67417507858436,3.07525918159293,3.34405603826766,3.55453573571645,3.74980527401003,4.29506502642978
2018-03-21,2.502575,2.52918046143957,2.65469946895536,3.0854022850253,3.36687885434914,3.59003891323872,3.77262931507958,4.31281832705173
2018-03-22,2.502575,2.52918046143957,2.63034963702058,3.04990148283428,3.33137672583324,3.55960760801233,3.75487727719304,4.28745648169255
2018-03-23,2.502575,2.52918046143957,2.62547896107801,3.06004455208169,3.34405603826766,3.56975136281206,3.76502129374823,4.29506502642978
2018-03-26,2.502575,2.53411791849079,2.62060804857267,3.05243724886402,3.33644844824963,3.55960760801233,3.75741328005821,4.29506502642978
2018-03-27,2.50085833333333,2.54399246899606,2.61086551376177,3.04736571765927,3.32630500682685,3.5494638668234,3.74980527401003,4.28745648169255
2018-03-28,2.502575,2.52424288317332,2.61573689947259,3.0422941898737,3.31616157904473,3.53678420947943,3.73205328961916,4.25955854938416
2018-03-29,2.502575,2.52424288317332,2.60112203238805,3.04990148283428,3.31616157904473,3.52917642528316,3.7219093172228,4.26463089310765
2018-04-02,2.502575,2.53411791849079,2.61086551376177,3.0422941898737,3.31362572423073,3.52664049891955,3.71176535841653,4.25195004013736
2018-04-03,2.502575,2.53411791849079,2.61573689947259,3.03722266550741,3.31108987026936,3.51649680197468,3.70669338411009,4.26463089310765
2018-04-04,2.502575,2.52918046143957,2.61086551376177,3.03468690460658,3.31869743471136,3.52917642528316,3.71683733612083,4.27984794455942
2018-04-05,2.502575,2.51930518369203,2.60599389140825,3.02961538536959,3.31108987026936,3.52156864874515,3.70162141320163,4.27477559069545
2018-04-06,2.5,2.51436736298771,2.5767591865673,3.01186509497149,3.29333891641552,3.49874536508621,3.68133356355116,4.25195004013736
2018-04-09,2.502575,2.51930518369203,2.5767591865673,3.00932934262046,3.2705163228637,3.4683144274565,3.65597382796257,4.22912455803883
2018-04-10,2.502575,2.52424288317332,2.58650503513547,3.02200811292612,3.2806596892466,3.47845805971232,3.66865368513432,4.23419688147706
2018-04-11,2.502575,2.51930518369203,2.59137760427564,3.00932934262046,3.26544464479013,3.46324261643693,3.65090189104309,4.19869068842536
2018-04-12,2.502575,2.52424288317332,2.59624993668517,3.00932934262046,3.2705163228637,3.4683144274565,3.65090189104309,4.20122683957613
2018-04-13,2.502575,2.52424288317332,2.58163222924068,2.98397186614381,3.24515796661873,3.44802720381361,3.6204703409273,4.17586536612253
2018-04-16,2.507575,2.52424288317332,2.58163222924068,2.98397186614381,3.23501464800904,3.44802720381361,3.61539842780969,4.17332922342863
2018-04-17,2.502575,2.52424288317332,2.60112203238805,2.9915791001071,3.25530129887952,3.4683144274565,3.63822206361879,4.18854609227832
2018-04-18,2.502575,2.52424288317332,2.58163222924068,2.97890038111139,3.23501464800904,3.42774003467103,3.60525461177741,4.1784015096622
2018-04-19,2.502575,2.52424288317332,2.58650503513547,2.98904335459738,3.23755047638159,3.43788361242914,3.6204703409273,4.19361838866055
2018-04-20,2.502575,2.52424288317332,2.59624993668517,2.98904335459738,3.2502296310428,3.44295540641815,3.63061417736459,4.20122683957613
2018-04-23,2.505075,2.51930518369203,2.60599389140825,3.02200811292612,3.2806596892466,3.47338624188167,3.66358173971606,4.23419688147706
2018-04-24,2.507575,2.52918046143957,2.61086551376177,3.01947235715494,3.2958747644078,3.48860170558931,3.68133356355116,4.23166071933527
2018-04-25,2.502575,2.52918046143957,2.61573689947259,3.03975842726314,3.31869743471136,3.51903272493441,3.71176535841653,4.25955854938416
2018-04-26,2.502575,2.52424288317332,2.60599389140825,3.02200811292612,3.29080306927605,3.49874536508621,3.69654944569136,4.24941387207876
2018-04-27,2.502575,2.52918046143957,2.59624993668517,3.00425784048373,3.28573137755557,3.49620944893518,3.68894150079786,4.24434153849718
2018-04-30,2.5,2.52918046143957,2.60112203238805,2.9915791001071,3.27305216318001,3.48352988094827,3.67118965911815,4.22151607922174
2018-05-02,2.5,2.52424288317332,2.61573689947259,3.03722266550741,3.31108987026936,3.51396087986597,3.69654944569136,4.24180537297423
2018-05-03,2.5,2.52424288317332,2.62060804857267,3.03975842726314,3.31616157904473,3.51142495860828,3.70162141320163,4.24687770486536
2018-05-04,2.5,2.52424288317332,2.63034963702058,3.03975842726314,3.32630500682685,3.51903272493441,3.70162141320163,4.24941387207876
2018-05-07,2.5,2.52424288317332,2.65469946895536,3.07525918159293,3.34659190331181,3.54439200133341,3.73712528091321,4.27223941503094
2018-05-08,2.5,2.56867672451566,2.72284756207597,3.14118959824972,3.38970173946027,3.58496702052906,3.77770133354542,4.29506502642978
2018-05-09,2.5,2.56867672451566,2.72771351143142,3.17415502309746,3.42266825090227,3.61539842780969,3.79798944136456,4.30774595122168
2018-05-10,2.5,2.54892956245811,2.71311495499571,3.15386859072835,3.41506058163745,3.61032651809303,3.79291740931673,4.29252884400582
2018-05-11,2.5,2.53905525434295,2.70824829723093,3.15640439178597,3.42520414236076,3.61032651809303,3.782773355407,4.29760120969855
2018-05-14,2.5,2.53905525434295,2.73744470191684,3.18429825977304,3.45817080882318,3.64582995752338,3.81066953633735,4.32042689713206
2018-05-15,2.5,2.54399246899606,2.74717494823751,3.22487134305178,3.49367353363537,3.69147748157941,3.85378201793185,4.36100606593262
2018-05-16,2.5,2.54399246899606,2.74230994308677,3.22487134305178,3.49874536508621,3.69654944569136,3.87914241575378,4.37115089190878
2018-05-17,2.5,2.54399246899606,2.77149643450247,3.27558800434926,3.54439200133341,3.75487727719304,3.94254378132142,4.42187522438195
2018-05-18,2.5,2.54399246899606,2.77149643450247,3.2958747644078,3.60018270886306,3.81066953633735,3.99072917347763,4.47259989439199
2018-05-22,2.5,2.54892956245811,2.75203971739302,3.2806596892466,3.57482324531557,3.79291740931673,3.98058485497015,4.46752741220637
2018-05-23,2.5,2.54892956245811,2.73257922471171,3.23755047638159,3.52664049891955,3.7421972756043,3.92986346581652,4.42187522438195
2018-05-24,2.5,2.54892956245811,2.72284756207597,3.20965641121702,3.49874536508621,3.72698130172231,3.91464711518581,4.39651301594328
2018-05-25,2.51,2.54892956245811,2.7179813765974,3.17415502309746,3.46324261643693,3.68894150079786,3.87914241575378,4.34578885229839
2018-05-28,2.51,2.5538665347371,2.7179813765974,3.18683407107621,3.47845805971232,3.70415739823109,3.89435869515846,4.36607847723214
2018-05-29,2.51,2.54399246899606,2.70338140328708,3.16147599646286,3.46324261643693,3.68640552086597,3.87153428750093,4.33057166906403
2018-05-30,2.5,2.54399246899606,2.70338140328708,3.17415502309746,3.47338624188167,3.69654944569136,3.87660637215468,4.33564406009745
2018-05-31,2.51,2.5538665347371,2.74230994308677,3.21472805174825,3.50381719994171,3.72698130172231,3.90450289838871,4.36607847723214
2018-06-01,2.52,2.59335795097826,2.79094937751889,3.25530129887952,3.53932013924658,3.74726927369229,3.92986346581652,4.38890436986958
2018-06-04,2.52,2.58842194797193,2.80067443419885,3.28573137755557,3.57482324531557,3.77262931507958,3.96029625862808,4.41173033087927
2018-06-05,2.53,2.5834858238305,2.81039854789711,3.29841061325287,3.57989513122128,3.77770133354542,3.95522411801701,4.41173033087927
2018-06-06,2.52,2.57854957854597,2.8055366089097,3.30601816490461,3.59511080935011,3.78784538066415,3.97044055001987,4.42187522438195
2018-06-07,2.53,2.5834858238305,2.80067443419885,3.3034823135013,3.59003891323872,3.79291740931673,3.96790447590076,4.41680277594283
2018-06-08,2.52,2.5834858238305,2.80067443419885,3.30601816490461,3.59003891323872,3.79291740931673,3.96536840262907,4.41680277594283
2018-06-11,2.52,2.5834858238305,2.81039854789711,3.31108987026936,3.60018270886306,3.80306147680751,3.97551270080028,4.42187522438195
2018-06-12,2.52,2.5834858238305,2.82012171881352,3.32630500682685,3.6204703409273,3.81574158026734,3.98058485497015,4.44216505189048
2018-06-13,2.52,2.5834858238305,2.80067443419885,3.30601816490461,3.60018270886306,3.79798944136456,3.96029625862808,4.41680277594283
2018-06-14,2.51,2.56374011576188,2.79094937751889,3.30601816490461,3.58496702052906,3.78784538066415,3.95015198079607,4.41173033087927
2018-06-15,2.52,2.56374011576188,2.77149643450247,3.29080306927605,3.57482324531557,3.77262931507958,3.93493558947542,4.39144058438341
2018-06-18,2.52,2.56867672451566,2.77636002402559,3.29841061325287,3.58496702052906,3.782773355407,3.94507984696537,4.40158545087934
2018-06-19,2.52,2.56374011576188,2.78608649550982,3.2958747644078,3.57989513122128,3.77262931507958,3.93747165257645,4.38383194337428
2018-06-20,2.52,2.56374011576188,2.76663260910404,3.27558800434926,3.55960760801233,3.75234127517696,3.92479134554848,4.36100606593262
2018-06-21,2.52,2.55880338583303,2.77149643450247,3.2806596892466,3.56214354543631,3.7421972756043,3.91464711518581,4.3533974553158
2018-06-22,2.52,2.56374011576188,2.79581202374057,3.30601816490461,3.58750296645864,3.75994928377246,3.91464711518581,4.35086125346558
2018-06-25,2.52,2.55880338583303,2.78122337768139,3.2958747644078,3.57989513122128,3.74726927369229,3.89943079507766,4.33564406009745
2018-06-26,2.52,2.55880338583303,2.78122337768139,3.2958747644078,3.59003891323872,3.77516532388804,3.91718317150476,4.33564406009745
2018-06-27,2.52,2.5538665347371,2.79094937751889,3.30601816490461,3.59511080935011,3.77516532388804,3.9222552866861,4.33564406009745
2018-06-28,2.52,2.55880338583303,2.77636002402559,3.30601816490461,3.58496702052906,3.77262931507958,3.91718317150476,4.33310786415846
2018-06-29,2.52,2.55880338583303,2.78122337768139,3.31616157904473,3.58750296645864,3.77516532388804,3.92479134554848,4.35086125346558
2018-07-03,2.52,2.56374011576188,2.79581202374057,3.31616157904473,3.59257486086921,3.78023734405175,3.92732740525861,4.34578885229839
2018-07-04,2.52,2.56374011576188,2.79094937751889,3.31362572423073,3.57989513122128,3.76755730000968,3.91718317150476,4.34578885229839
2018-07-05,2.54,2.57854957854597,2.83470470783787,3.35673537201209,3.61539842780969,3.80306147680751,3.95522411801701,4.36354227116025
2018-07-06,2.53,2.57361321210237,2.82984394710795,3.35419950355853,3.6204703409273,3.80813351564537,3.96283233020485,4.3787595202555
2018-07-09,2.54,2.57361321210237,2.82984394710795,3.34912776920839,3.62554225744565,3.80306147680751,3.95522411801701,4.3787595202555
2018-07-10,2.54,2.57361321210237,2.82012171881352,3.34405603826766,3.62554225744565,3.80559749580209,3.96029625862808,4.3787595202555
2018-07-11,2.54,2.57854957854597,2.82012171881352,3.3415201740759,3.63061417736459,3.80306147680751,3.96283233020485,4.38129573139281
2018-07-12,2.53,2.57854957854597,2.81039854789711,3.32630500682685,3.61539842780969,3.79291740931673,3.95268804898277,4.37115089190878
2018-07-13,2.53,2.57361321210237,2.80067443419885,3.30601816490461,3.60018270886306,3.78023734405175,3.92732740525861,4.36100606593262
2018-07-17,2.54,2.57361321210237,2.81039854789711,3.30094646295074,3.58750296645864,3.77262931507958,3.91718317150476,4.34325265298143
2018-07-18,2.54,2.57361321210237,2.8055366089097,3.2958747644078,3.58750296645864,3.782773355407,3.92479134554848,4.34832505245979
2018-07-19,2.54,2.57361321210237,2.82012171881352,3.32123329123064,3.59764675868139,3.79545342491625,3.92986346581652,4.35846986154933
2018-07-20,2.54,2.57854957854597,2.81039854789711,3.31108987026936,3.59764675868139,3.80052545866165,3.94000771652512,4.38129573139281
2018-07-23,2.54,2.57854957854597,2.82012171881352,3.3034823135013,3.60525461177741,3.81827760350528,3.96283233020485,4.40412166961337
2018-07-24,2.54,2.57854957854597,2.82012171881352,3.30855401716064,3.60525461177741,3.80052545866165,3.94254378132142,4.39144058438341
2018-07-25,2.54,2.59335795097826,2.84442552257502,3.32884086590379,3.61793438394338,3.81066953633735,3.94761591345694,4.38890436986958
2018-07-26,2.54,2.59829383284949,2.83470470783787,3.32630500682685,3.60525461177741,3.80052545866165,3.94507984696537,4.39144058438341
2018-07-27,2.54,2.59829383284949,2.84928557662223,3.3415201740759,3.61539842780969,3.80306147680751,3.95015198079607,4.39144058438341
2018-07-30,2.54,2.59335795097826,2.8590049781938,3.34912776920839,3.62300629876138,3.81066953633735,3.95522411801701,4.39904923298928
2018-07-31,2.54,2.6032295936016,2.87844095588508,3.37448647505028,3.64329399203851,3.82842170494302,3.97044055001987,4.41680277594283
2018-08-01,2.54,2.61310075173249,2.88815753237248,3.38462998124858,3.65597382796257,3.84870994854678,3.98312093332609,4.42187522438195
2018-08-02,2.54,2.62297142544288,2.9027306321634,3.39984526610786,3.66358173971606,3.85124598281514,3.99326525522266,4.42441144986727
2018-08-03,2.54,2.61803614914324,2.89787316752488,3.3871658599284,3.65090189104309,3.84110185083204,3.98312093332609,4.40158545087934
2018-08-06,2.54,2.6081652332266,2.88815753237248,3.37702235032169,3.64329399203851,3.83349376075317,3.97804877746155,4.40412166961337
2018-08-07,2.54,2.6081652332266,2.88815753237248,3.39984526610786,3.66865368513432,3.85124598281514,3.99580133781494,4.41173033087927
2018-08-08,2.54,2.6032295936016,2.87358231457979,3.37702235032169,3.64836592385827,3.82842170494302,3.97044055001987,4.39651301594328
2018-08-09,2.54,2.6032295936016,2.87358231457979,3.38209410342085,3.64836592385827,3.82842170494302,3.96790447590076,4.40158545087934
2018-08-10,2.53,2.6032295936016,2.85414539515383,3.369414727064,3.64329399203851,3.82588567831075,3.96536840262907,4.39397679974134
2018-08-13,2.54,2.6081652332266,2.8687234378868,3.369414727064,3.63568610068397,3.82334965252702,3.97044055001987,4.40158545087934
2018-08-14,2.54,2.59335795097826,2.8590049781938,3.34659190331181,3.60525461177741,3.79798944136456,3.94507984696537,4.3787595202555
2018-08-16,2.53,2.59335795097826,2.84928557662223,3.3339125866152,3.58750296645864,3.77770133354542,3.91971922867154,4.36607847723214
2018-08-17,2.54,2.59335795097826,2.84442552257502,3.32884086590379,3.57989513122128,3.76502129374823,3.90196684630921,4.34071645450895
2018-08-20,2.54,2.59335795097826,2.8687234378868,3.34659190331181,3.59003891323872,3.782773355407,3.9222552866861,4.33310786415846
2018-08-21,2.54,2.62297142544288,2.8687234378868,3.36687885434914,3.61286247252623,3.80813351564537,3.94761591345694,4.33310786415846
2018-08-22,2.53,2.6032295936016,2.87358231457979,3.36687885434914,3.61286247252623,3.80052545866165,3.94761591345694,4.33057166906403
2018-08-23,2.53,2.6032295936016,2.8687234378868,3.36180711147611,3.60525461177741,3.80052545866165,3.94254378132142,4.33310786415846
2018-08-24,2.53,2.6081652332266,2.87358231457979,3.36434298248649,3.61286247252623,3.80559749580209,3.94254378132142,4.34325265298143
2018-08-27,2.53,2.61310075173249,2.87844095588508,3.36180711147611,3.60525461177741,3.79798944136456,3.93493558947542,4.35086125346558
2018-08-28,2.53,2.61803614914324,2.88329936180265,3.37702235032169,3.6204703409273,3.81066953633735,3.95268804898277,4.36861468414833
2018-08-29,2.53,2.61803614914324,2.87844095588508,3.36434298248649,3.61286247252623,3.80306147680751,3.94761591345694,4.35846986154933
2018-08-30,2.52,2.59335795097826,2.84442552257502,3.3339125866152,3.58750296645864,3.76755730000968,3.91464711518581,4.33564406009745
2018-08-31,2.52,2.59829383284949,2.83470470783787,3.32884086590379,3.57735918784314,3.77262931507958,3.91211105971472,4.33818025688095
2018-09-03,2.51,2.5834858238305,2.81526025119305,3.30601816490461,3.55199980084457,3.75487727719304,3.89435869515846,4.31789070626063
2018-09-04,2.5225,2.6032295936016,2.83470470783787,3.32630500682685,3.57735918784314,3.77262931507958,3.90703895131614,4.33310786415846
2018-09-05,2.51,2.71178569715591,2.96585627174295,3.45309900461532,3.70415739823109,3.86392616688178,4.00087350554104,4.37368710051349
2018-09-06,2.5825,2.75124612186772,3.02409084663324,3.52917642528316,3.78023734405175,3.94254378132142,4.05413147122464,4.40158545087934
2018-09-07,2.57,2.73644936982809,3.02409084663324,3.5317123524977,3.782773355407,3.9222552866861,4.0389148714892,4.39904923298928
2018-09-10,2.57,2.72165152915527,3.00468307872048,3.5317123524977,3.77770133354542,3.9222552866861,4.0389148714892,4.40158545087934
2018-09-11,2.58,2.74138174145921,3.04349485943778,3.56975136281206,3.81320555787803,3.95268804898277,4.06934810144279,4.41933899974045
2018-09-12,2.57,2.75124612186772,3.05804540562971,3.55707167143904,3.80559749580209,3.95015198079607,4.06934810144279,4.43202013138611
2018-09-13,2.59,2.74631399213909,3.06289511858893,3.5494638668234,3.79798944136456,3.94000771652512,4.04905926792563,4.43202013138611
2018-09-14,2.58,2.7611100185112,3.08714016615852,3.57735918784314,3.82081362759186,3.94761591345694,4.06173978252362,4.44216505189048
2018-09-20,2.59,2.80056076837809,3.1065319849013,3.60271865989508,3.8461739151268,3.97804877746155,4.08710087521833,4.45991869525413
2018-09-21,2.62,2.79562984779425,3.10168438173442,3.58243107544993,3.82334965252702,3.96029625862808,4.07949253852093,4.45991869525413
2018-09-24,2.69,2.84000378177751,3.14045864770041,3.63315013859924,3.86646220623992,3.98565701252931,4.10485369047147,4.48020862399621
2018-09-25,2.7,2.86465173783768,3.15014987224327,3.6610457682817,3.88675055163981,4.01862611926702,4.14035944538302,4.51317987331947
2018-09-26,2.69,2.84000378177751,3.15014987224327,3.65090189104309,3.87660637215468,4.01609002905066,4.1302149270561,4.5030348583494
2018-09-27,2.69,2.83014375355162,3.12592005470691,3.62300629876138,3.84870994854678,3.99580133781494,4.10485369047147,4.48781736119086
2018-09-28,2.7,2.83014375355162,3.1065319849013,3.59764675868139,3.81827760350528,3.97044055001987,4.07695642798154,4.44723751720482
2018-10-01,2.71,2.84493361463944,3.1113793537596,3.60525461177741,3.82842170494302,3.97297662498637,4.08710087521833,4.44977375112749
2018-10-02,2.73,2.86465173783768,3.13561268421392,3.61286247252623,3.82081362759186,3.96283233020485,4.08456476213936,4.44977375112749
2018-10-03,2.75,2.88436792816604,3.15984016036719,3.65343785907788,3.85885409071021,4.00340959067482,4.12260654719534,4.47006365287745
2018-10-04,2.77,2.88929667377769,3.17921792809361,3.67118965911815,3.89943079507766,4.04398706801377,4.15304011232793,4.52078864339989
2018-10-05,2.76,2.90408218598426,3.17921792809361,3.68640552086597,3.92479134554848,4.06681199428975,4.17586536612253,4.55629633742467
2018-10-08,2.75,2.87943906177102,3.1549951333476,3.67372563395176,3.92479134554848,4.05920367791059,4.18093765404766,4.55883260760512
2018-10-09,2.74,2.87451007458461,3.14045864770041,3.65090189104309,3.89689474469406,4.0389148714892,4.16064852264655,4.54361499916456
2018-10-10,2.75,2.85972238826115,3.14045864770041,3.6610457682817,3.90703895131614,4.04905926792563,4.18600994535572,4.57151397114854
2018-10-11,2.76,2.87943906177102,3.14045864770041,3.6610457682817,3.91718317150476,4.05413147122464,4.19108224004663,4.58926791550081
2018-10-12,2.76,2.87943906177102,3.17437383717323,3.67118965911815,3.9222552866861,4.07188420944244,4.18854609227832,4.5918041966357
2018-10-16,2.78,2.8991538026828,3.17921792809361,3.69401346321057,3.94254378132142,4.08963698914377,4.19108224004663,4.58673163520846
2018-10-17,2.79,2.90408218598426,3.17921792809361,3.70162141320163,3.94761591345694,4.0921731039157,4.19615453812012,4.58673163520846
2018-10-18,2.8,2.89422529861394,3.16952951225602,3.68133356355116,3.93493558947542,4.08202864990688,4.18600994535572,4.5816590771514
2018-10-19,2.82,2.91886661138019,3.15984016036719,3.65090189104309,3.90196684630921,4.04145096932804,4.14796784301195,4.54868753194009
2018-10-22,2.82,2.91393859033295,3.16952951225602,3.66358173971606,3.90703895131614,4.04905926792563,4.15304011232793,4.54868753194009
2018-10-23,2.83,2.90408218598426,3.1549951333476,3.65090189104309,3.88421450549639,4.01355393968132,4.12007042226743,4.51571612916983
2018-10-24,2.83,2.8991538026828,3.14045864770041,3.61286247252623,3.83856581995727,3.98312093332609,4.08202864990688,4.48781736119086
2018-10-25,2.83,2.90408218598426,3.15014987224327,3.63061417736459,3.85885409071021,3.98819309257985,4.0921731039157,4.48781736119086
2018-10-26,2.84,2.91886661138019,3.15014987224327,3.62300629876138,3.83095773242383,3.97044055001987,4.06934810144279,4.46752741220637
2018-10-29,2.84,2.93364995012535,3.15984016036719,3.62554225744565,3.83856581995727,3.98058485497015,4.07695642798154,4.47513613674997
2018-10-30,2.85,2.92872229126839,3.16952951225602,3.61793438394338,3.83095773242383,3.96790447590076,4.07442031828871,4.47259989439199
2018-10-31,2.83,2.91886661138019,3.14530437703819,3.59511080935011,3.81066953633735,3.94507984696537,4.0465231675463,4.45230998589377
2018-11-05,2.83,2.91886661138019,3.15014987224327,3.60271865989508,3.81320555787803,3.95522411801701,4.06173978252362,4.46499117237877
2018-11-06,2.84,2.91886661138019,3.164684953334,3.6204703409273,3.83349376075317,3.97044055001987,4.08202864990688,4.47006365287745
2018-11-07,2.86,2.94843220236363,3.17921792809361,3.64836592385827,3.85378201793185,3.99326525522266,4.0972453359988,4.48528111461595
2018-11-08,2.88,2.97306687543308,3.21796223450477,3.66611771200027,3.88928659863135,4.01355393968132,4.10992593101829,4.50049860671486
2018-11-09,2.88,2.95828643366658,3.19859195232652,3.6585097976972,3.87914241575378,4.00848176348387,4.09978145330998,4.49288985687062
2018-11-12,2.88,2.97306687543308,3.19859195232652,3.6610457682817,3.87660637215468,4.00848176348387,4.09978145330998,4.49288985687062
2018-11-13,2.88,2.97306687543308,3.19859195232652,3.65597382796257,3.87407032940372,4.00848176348387,4.0972453359988,4.4827448688844
2018-11-14,2.88,2.96321336827088,3.19374879713763,3.6585097976972,3.85885409071021,3.98312093332609,4.08202864990688,4.46499117237877
2018-11-15,2.89,2.95335937836683,3.19374879713763,3.60779056451006,3.80813351564537,3.92732740525861,4.0465231675463,4.42694767619642
2018-11-16,2.89,2.95828643366658,3.19859195232652,3.60779056451006,3.80052545866165,3.92986346581652,4.03384267835205,4.41680277594283
2018-11-19,2.92,2.98784623113235,3.20827756108155,3.59511080935011,3.77770133354542,3.91464711518581,4.0059456766558,4.38129573139281
2018-11-20,2.91,2.97306687543308,3.19374879713763,3.59511080935011,3.77770133354542,3.88675055163981,3.98312093332609,4.3533974553158
2018-11-21,2.9,2.94843220236363,3.18890540805583,3.56214354543631,3.74473327422371,3.85631805389688,3.94000771652512,4.32296308884814
2018-11-22,2.91,2.97799344799898,3.19859195232652,3.56721542283618,3.76502129374823,3.87660637215468,3.96790447590076,4.34325265298143
2018-11-23,2.91,2.96814018219571,3.18890540805583,3.5317123524977,3.72444530904785,3.83856581995727,3.92986346581652,4.31281832705173
2018-11-26,2.91,2.95828643366658,3.18890540805583,3.52664049891955,3.71430134684394,3.82588567831075,3.91718317150476,4.30520976457374
2018-11-27,2.91,2.96814018219571,3.19374879713763,3.53678420947943,3.72951729524607,3.84363788255522,3.93493558947542,4.30520976457374
2018-11-28,2.9,2.96814018219571,3.18890540805583,3.53678420947943,3.72951729524607,3.84870994854678,3.94000771652512,4.31281832705173
2018-11-29,2.9,2.95828643366658,3.17437383717323,3.51142495860828,3.68894150079786,3.80813351564537,3.89435869515846,4.28492030180323
2018-11-30,2.9,2.95828643366658,3.16952951225602,3.50381719994171,3.67626160963515,3.79545342491625,3.87914241575378,4.26463089310765
2018-12-03,2.96,3.01740168496867,3.2228042205249,3.55960760801233,3.72951729524607,3.84363788255522,3.94761591345694,4.32803547481415
2018-12-04,2.96,3.03217778342546,3.21796223450477,3.56467948371093,3.71937332624712,3.84363788255522,3.94000771652512,4.30013739381214
2018-12-05,2.85,2.93364995012535,3.1549951333476,3.5317123524977,3.69654944569136,3.82081362759186,3.91211105971472,4.26970324021148
2018-12-06,2.82,2.8991538026828,3.12107338863843,3.47845805971232,3.65090189104309,3.77770133354542,3.87407032940372,4.22151607922174
2018-12-07,2.82,2.89422529861394,3.09683654423498,3.46324261643693,3.64075802740362,3.76502129374823,3.85885409071021,4.22405223798206
2018-12-10,2.83,2.90408218598426,3.13076648656274,3.48099396990462,3.67118965911815,3.79545342491625,3.88675055163981,4.25702237879009
2018-12-11,2.83,2.923794511692,3.14045864770041,3.49367353363537,3.69147748157941,3.80813351564537,3.89943079507766,4.26209472082335
2018-12-12,2.83,2.91886661138019,3.13076648656274,3.50888903820166,3.70162141320163,3.82334965252702,3.91211105971472,4.27731176720496
2018-12-13,2.84,2.92872229126839,3.14045864770041,3.51142495860828,3.70922937083857,3.83349376075317,3.9222552866861,4.27223941503094
2018-12-14,2.84,2.91886661138019,3.1113793537596,3.49874536508621,3.69908542902171,3.81320555787803,3.90450289838871,4.25702237879009
2018-12-17,2.84,2.90901044853431,3.10168438173442,3.46577852152101,3.65597382796257,3.78530936761114,3.87914241575378,4.22912455803883
2018-12-18,2.84,2.90901044853431,3.09198847238701,3.44041950899783,3.62300629876138,3.75741328005821,3.85124598281514,4.20122683957613
2018-12-19,2.86,2.90408218598426,3.08229162553353,3.42266825090227,3.61286247252623,3.75487727719304,3.84870994854678,4.20376299157252
2018-12-20,2.85,2.89422529861394,3.06774459703973,3.397309383168,3.59003891323872,3.7219093172228,3.81320555787803,4.16318466111123
2018-12-21,2.84,2.8991538026828,3.07259384099812,3.34405603826766,3.53932013924658,3.66611771200027,3.77262931507958,4.13782331453216
2018-12-24,2.84,2.8991538026828,3.07259384099812,3.34405603826766,3.53932013924658,3.66611771200027,3.77262931507958,4.13782331453216
2018-12-26,2.83,2.88436792816604,3.07259384099812,3.32123329123064,3.49874536508621,3.64075802740362,3.74473327422371,4.10738981032173
2018-12-27,2.84,2.88929667377769,3.06289511858893,3.32630500682685,3.50381719994171,3.64075802740362,3.73966127783414,4.10738981032173
2018-12-28,2.84,2.89422529861394,3.07259384099812,3.33898431073656,3.51396087986597,3.65090189104309,3.74473327422371,4.12007042226743
2019-01-02,2.86,2.90408218598426,3.08229162553353,3.32376914860246,3.49367353363537,3.62554225744565,3.72444530904785,4.08710087521833
2019-01-03,2.88,2.923794511692,3.07259384099812,3.29080306927605,3.47085033424339,3.59511080935011,3.69908542902171,4.05920367791059
2019-01-04,2.9,2.94843220236363,3.09198847238701,3.30601816490461,3.48352988094827,3.61286247252623,3.71683733612083,4.05666757414425
2019-01-07,2.93,2.97799344799898,3.11622648833332,3.33644844824963,3.50888903820166,3.63061417736459,3.73205328961916,4.07695642798154
2019-01-08,2.94,2.9829198999014,3.12107338863843,3.37702235032169,3.54692793365303,3.65597382796257,3.74726927369229,4.10485369047147
2019-01-09,2.94,2.9829198999014,3.11622648833332,3.38209410342085,3.55960760801233,3.66865368513432,3.75994928377246,4.11753429818578
2019-01-10,2.94,3.0124760775827,3.14045864770041,3.40745292003917,3.58750296645864,3.69401346321057,3.782773355407,4.15557624825487
2019-01-11,2.94,3.0124760775827,3.14045864770041,3.397309383168,3.58243107544993,3.69401346321057,3.782773355407,4.15557624825487
2019-01-14,2.94,3.0124760775827,3.14045864770041,3.40745292003917,3.58750296645864,3.69908542902171,3.79291740931673,4.15557624825487
2019-01-15,2.93,3.00755034957323,3.14530437703819,3.42266825090227,3.59764675868139,3.7219093172228,3.82081362759186,4.18347379927884
2019-01-16,2.93,2.99769853164378,3.15014987224327,3.430275927833,3.60018270886306,3.7219093172228,3.82588567831075,4.20122683957613
2019-01-17,2.94,2.98784623113235,3.13561268421392,3.43281182184669,3.59764675868139,3.71937332624712,3.82842170494302,4.21137145263495
2019-01-18,2.94,2.99277244171581,3.15984016036719,3.46324261643693,3.63568610068397,3.7624852883358,3.86392616688178,4.24941387207876
2019-01-21,2.94,2.99769853164378,3.164684953334,3.47845805971232,3.64329399203851,3.77262931507958,3.87407032940372,4.25448620904112
2019-01-22,2.94,2.97799344799898,3.15984016036719,3.43788361242914,3.60018270886306,3.72698130172231,3.82588567831075,4.20376299157252
2019-01-23,2.95,3.00262450093225,3.164684953334,3.43534771671208,3.59764675868139,3.72444530904785,3.82081362759186,4.20122683957613
2019-01-24,2.95,2.99277244171581,3.14530437703819,3.4023811498997,3.56721542283618,3.69147748157941,3.78023734405175,4.15557624825487
2019-01-25,2.96,2.99769853164378,3.13561268421392,3.40491703454346,3.56721542283618,3.67879758616829,3.77262931507958,4.15557624825487
2019-01-28,2.96,2.99769853164378,3.12592005470691,3.4023811498997,3.56467948371093,3.67626160963515,3.77009330712013,4.15304011232793
2019-01-29,2.98,3.00755034957323,3.12592005470691,3.40745292003917,3.55960760801233,3.66358173971606,3.75994928377246,4.14543170962296
2019-01-30,2.98,3.0124760775827,3.13076648656274,3.41506058163745,3.56214354543631,3.66865368513432,3.76755730000968,4.14289557707999
2019-01-31,3.02,3.03710290836534,3.13076648656274,3.369414727064,3.51649680197468,3.62300629876138,3.71683733612083,4.0921731039157
2019-02-01,3.02,3.06172672420768,3.1549951333476,3.397309383168,3.54439200133341,3.65343785907788,3.74726927369229,4.11753429818578
2019-02-04,3.03,3.0666511256463,3.15984016036719,3.42520414236076,3.56721542283618,3.68133356355116,3.78023734405175,4.15304011232793
2019-02-05,3.03,3.05680220219351,3.15984016036719,3.40998880638672,3.55453573571645,3.67626160963515,3.77770133354542,4.16064852264655
2019-02-06,3.03,3.0420279126977,3.14045864770041,3.3871658599284,3.53932013924658,3.65343785907788,3.75741328005821,4.1327510553687
2019-02-07,3.02,3.02725253788605,3.13076648656274,3.37702235032169,3.52156864874515,3.63822206361879,3.7421972756043,4.14796784301195
2019-02-08,3.02,3.03217778342546,3.09683654423498,3.31362572423073,3.44295540641815,3.55707167143904,3.66865368513432,4.09470921953403
2019-02-11,3.02,3.01740168496867,3.05804540562971,3.2806596892466,3.40745292003917,3.51903272493441,3.62554225744565,4.07188420944244
2019-02-12,3.01,3.02725253788605,3.08714016615852,3.32884086590379,3.44295540641815,3.5494638668234,3.65343785907788,4.12260654719534
2019-02-13,3.01,3.02232717173911,3.12107338863843,3.3415201740759,3.46070671220431,3.57228730363852,3.67372563395176,4.11246205256119
2019-02-14,3.01,3.01740168496867,3.1113793537596,3.31616157904473,3.42520414236076,3.5317123524977,3.63822206361879,4.08202864990688
2019-02-15,3.02,3.02232717173911,3.12107338863843,3.32884086590379,3.43534771671208,3.53932013924658,3.63061417736459,4.07442031828871
2019-02-18,3.02,3.02725253788605,3.13561268421392,3.33137672583324,3.43788361242914,3.54439200133341,3.63822206361879,4.07949253852093
2019-02-19,3.02,3.02725253788605,3.12107338863843,3.32376914860246,3.43534771671208,3.53932013924658,3.64075802740362,4.06427588798337
2019-02-20,3.02,3.03710290836534,3.11622648833332,3.32376914860246,3.44041950899783,3.5494638668234,3.65597382796257,4.07188420944244
2019-02-21,3.03,3.05187755961178,3.13561268421392,3.35166363595729,3.4683144274565,3.57989513122128,3.6838695417837,4.0972453359988
2019-02-22,3.03,3.0420279126977,3.13076648656274,3.3415201740759,3.45817080882318,3.56721542283618,3.66611771200027,4.09470921953403
2019-02-25,3.03,3.04695279644651,3.13561268421392,3.34659190331181,3.46324261643693,3.58496702052906,3.68133356355116,4.12007042226743
2019-02-26,3.02,3.04188016432416,3.13062109701434,3.35927124131796,3.47592215037134,3.59257486086921,3.69147748157941,4.12260654719534
2019-02-27,3.03,3.04680505169408,3.14031327220476,3.3795582264452,3.50381719994171,3.6204703409273,3.71937332624712,4.14289557707999
2019-02-28,3.03,3.05172981847246,3.15000451079239,3.397309383168,3.52410457340688,3.64329399203851,3.74726927369229,4.16572080042181
2019-03-01,3.03,3.05172981847246,3.15484977892311,3.40745292003917,3.54439200133341,3.6585097976972,3.7624852883358,4.18600994535572
2019-03-04,3.02,3.05172981847246,3.15000451079239,3.397309383168,3.52917642528316,3.64329399203851,3.74980527401003,4.17586536612253
2019-03-05,3.02,3.04188016432416,3.14515900856094,3.40491703454346,3.53932013924658,3.65343785907788,3.75741328005821,4.19615453812012
2019-03-06,3.02,3.03203002780972,3.12092798503727,3.36180711147611,3.49620944893518,3.61032651809303,3.71176535841653,4.13528718452738
2019-03-07,3.01,3.02217940888916,3.106386560213,3.31362572423073,3.4454913046901,3.55960760801233,3.66611771200027,4.07949253852093
2019-03-08,3.01,3.0271047786572,3.09669110549393,3.29333891641552,3.42013236029555,3.52410457340688,3.63061417736459,4.06173978252362
2019-03-11,3.02,3.0271047786572,3.11123393609769,3.31108987026936,3.44041950899783,3.55453573571645,3.65343785907788,4.07949253852093
2019-03-12,3.01,3.0172539185056,3.10153895001974,3.32884086590379,3.45817080882318,3.57228730363852,3.66865368513432,4.0972453359988
2019-03-13,3.01,3.03203002780972,3.09669110549393,3.30094646295074,3.43534771671208,3.54439200133341,3.63568610068397,4.07949253852093
2019-03-14,3.02,3.03203002780972,3.09184302661158,3.31362572423073,3.44802720381361,3.55960760801233,3.65090189104309,4.0972453359988
2019-03-15,3.01,3.02217940888916,3.09184302661158,3.29841061325287,3.41759647054061,3.53678420947943,3.63315013859924,4.07188420944244
2019-03-18,3.02,3.04188016432416,3.106386560213,3.30855401716064,3.42520414236076,3.54439200133341,3.64329399203851,4.07695642798154
2019-03-19,3.02,3.04680505169408,3.12092798503727,3.31108987026936,3.43788361242914,3.54185606986461,3.64329399203851,4.07949253852093
2019-03-20,3.02,3.0369551563707,3.09669110549393,3.28826722298938,3.41252469358617,3.52156864874515,3.62300629876138,4.05413147122464
2019-03-21,3.02,3.03203002780972,3.0724483670852,3.25276546453461,3.37195060063107,3.48352988094827,3.56975136281206,4.0059456766558
2019-03-22,3.02,3.02217940888916,3.03364779213222,3.19697732482527,3.29080306927605,3.40491703454346,3.49874536508621,3.92986346581652
2019-03-25,3.01,3.02217940888916,3.03364779213222,3.18176244932356,3.26037297012867,3.37448647505028,3.46577852152101,3.88675055163981
2019-03-26,3.02,3.03203002780972,3.04819976698933,3.19444151010757,3.28319553297465,3.3871658599284,3.48606579284316,3.89435869515846
2019-03-27,3.01,3.0271047786572,3.04334934331862,3.17922663972781,3.26290880703288,3.35927124131796,3.45817080882318,3.86899824644631
2019-03-28,3.01,3.0271047786572,3.04334934331862,3.17669083098575,3.26037297012867,3.35927124131796,3.46324261643693,3.87407032940372
2019-03-29,3.02,3.0271047786572,3.05304995607969,3.19190569624348,3.2705163228637,3.37448647505028,3.48352988094827,3.89689474469406
2019-04-01,3.01,3.02217940888916,3.04334934331862,3.21472805174825,3.30094646295074,3.4023811498997,3.51142495860828,3.92732740525861
2019-04-02,3.01,3.0172539185056,3.02394530235262,3.19697732482527,3.2958747644078,3.39223761984415,3.49620944893518,3.91464711518581
2019-04-03,3.01,3.0172539185056,3.02394530235262,3.19190569624348,3.29841061325287,3.39477350108006,3.50128128208838,3.91464711518581
2019-04-04,3.01,3.00247672360587,3.00938980741527,3.17415502309746,3.28573137755557,3.3795582264452,3.48860170558931,3.89435869515846
2019-04-05,3.01,3.00247672360587,3.01424187379595,3.16654760455524,3.27305216318001,3.37195060063107,3.48099396990462,3.88675055163981
2019-04-08,3.01,3.01232830749854,3.01424187379595,3.16147599646286,3.26798048340042,3.369414727064,3.47845805971232,3.88928659863135
2019-04-09,3.01,3.00740257586796,3.0190937054364,3.15133279052469,3.25530129887952,3.36434298248649,3.47085033424339,3.88421450549639
2019-04-10,3.01,3.00740257586796,3.01424187379595,3.15386859072835,3.25783713407755,3.36180711147611,3.46577852152101,3.87407032940372
2019-04-11,3.01,3.00740257586796,3.02394530235262,3.17161921606293,3.27558800434926,3.3795582264452,3.48352988094827,3.90196684630921
2019-04-12,3.01,3.00740257586796,3.04334934331862,3.19444151010757,3.2958747644078,3.40491703454346,3.51396087986597,3.94254378132142
2019-04-15,3.01,3.00247672360587,3.04334934331862,3.20712059223163,3.30601816490461,3.42266825090227,3.54185606986461,3.95268804898277
2019-04-16,3.01,3.00740257586796,3.04334934331862,3.22487134305178,3.33137672583324,3.4454913046901,3.56721542283618,3.97551270080028
2019-04-17,3.01,3.00740257586796,3.04819976698933,3.22740716801111,3.33137672583324,3.44295540641815,3.56467948371093,3.98312093332609
2019-04-18,3.01,3.00740257586796,3.04819976698933,3.21472805174825,3.32376914860246,3.43534771671208,3.55707167143904,3.98565701252931
2019-04-22,3.0,3.01232830749854,3.04334934331862,3.21979969569322,3.32376914860246,3.43534771671208,3.55707167143904,3.98565701252931
2019-04-23,3.0,3.00740257586796,3.04334934331862,3.20965641121702,3.31362572423073,3.42520414236076,3.5494638668234,3.97297662498637
2019-04-24,3.01,3.00740257586796,3.03364779213222,3.21472805174825,3.31869743471136,3.42774003467103,3.5494638668234,3.97297662498637
2019-04-25,3.0,3.00740257586796,3.03849868503558,3.22487134305178,3.3415201740759,3.45309900461532,3.56975136281206,3.99326525522266
2019-04-26,3.01,3.01232830749854,3.03849868503558,3.22740716801111,3.34405603826766,3.45817080882318,3.57482324531557,4.0059456766558
2019-04-29,3.01,3.00740257586796,3.04334934331862,3.23247882048978,3.34912776920839,3.46577852152101,3.58496702052906,4.02369830224081
2019-04-30,3.01,3.00740257586796,3.03364779213222,3.23247882048978,3.33137672583324,3.45817080882318,3.57989513122128,4.01862611926702
2019-05-02,3.01,3.01232830749854,3.04334934331862,3.25276546453461,3.36687885434914,3.48352988094827,3.60271865989508,4.0465231675463
2019-05-03,3.01,3.01232830749854,3.04334934331862,3.25276546453461,3.36434298248649,3.48860170558931,3.61286247252623,4.0465231675463
2019-05-06,3.01,3.01232830749854,3.03849868503558,3.23501464800904,3.34659190331181,3.46577852152101,3.58496702052906,4.02623439499823
2019-05-07,3.0,3.01232830749854,3.03364779213222,3.20965641121702,3.31616157904473,3.43281182184669,3.54439200133341,3.98312093332609
2019-05-08,3.0,3.00740257586796,3.02394530235262,3.19951314039653,3.30601816490461,3.42266825090227,3.53678420947943,3.97044055001987
2019-05-09,3.01,3.00740257586796,3.02394530235262,3.20204895682135,3.31108987026936,3.42774003467103,3.54185606986461,3.98058485497015
2019-05-10,3.01,3.00247672360587,3.01424187379595,3.19444151010757,3.30094646295074,3.42266825090227,3.54185606986461,3.97297662498637
2019-05-13,3.01,2.99755075070429,2.99968497034531,3.14626119267922,3.25783713407755,3.37448647505028,3.49367353363537,3.93239952722211
2019-05-14,3.01,2.99755075070429,3.00453750627039,3.15894019369747,3.26798048340042,3.3871658599284,3.50635311864613,3.95015198079607
2019-05-15,3.01,2.99262465715522,2.99968497034531,3.14372539503744,3.25783713407755,3.37702235032169,3.49113761918671,3.92986346581652
2019-05-16,3.01,2.99262465715522,2.99968497034531,3.14626119267922,3.25783713407755,3.36687885434914,3.48099396990462,3.91464711518581
2019-05-17,3.01,2.99262465715522,3.00453750627039,3.14118959824972,3.25276546453461,3.36434298248649,3.48099396990462,3.90450289838871
2019-05-20,3.01,2.99262465715522,2.98997919404265,3.13104641963922,3.24515796661873,3.35419950355853,3.4683144274565,3.89943079507766
2019-05-21,,,,3.13358221301072,3.24515796661873,3.35673537201209,3.4683144274565,3.89435869515846
2019-05-22,2.98,2.97784565258308,2.94629157274606,3.06765186299152,3.17161921606293,3.2806596892466,3.39984526610786,3.81827760350528
2019-05-23,2.98,2.97291907639607,2.93658062739421,3.02707962703346,3.12343904464947,3.24008630560741,3.35673537201209,3.79038139456602
2019-05-24,2.99,2.97291907639607,2.94629157274606,3.03468690460658,3.13865380231599,3.24008630560741,3.36434298248649,3.79038139456602
2019-05-27,2.97,2.93842966386215,2.86857766794668,2.93579289649002,3.04482995333908,3.15386859072835,3.28319553297465,3.73458928484156
2019-05-28,2.94,2.87929119390906,2.80052856531388,2.84197157904833,2.9611502104423,3.07779495616924,3.20204895682135,3.70415739823109
2019-05-29,2.96,2.85957450590679,2.78107748050704,2.81661466744809,2.92311427160092,3.05497301574851,3.18429825977304,3.68640552086597
2019-05-30,2.96,2.85464503189381,2.79080349449323,2.80393624377115,2.91297138709377,3.04736571765927,3.18176244932356,3.68894150079786
2019-05-31,2.95,2.83492592760837,2.75675831800726,2.74054444672154,2.85718576711931,2.98650760994295,3.1259748354586,3.60525461177741
2019-06-03,2.95,2.82999584945465,2.72270157994559,2.68476010851593,2.79125784151317,2.92057854919039,3.05497301574851,3.54439200133341
2019-06-04,2.96,2.83985588492275,2.73243325674599,2.70758092398113,2.8140789809993,2.94086435243561,3.07018763500406,3.56721542283618
2019-06-05,2.95,2.83246090363143,2.72756753639136,2.70250962565224,2.80140056160598,2.92818571898932,3.0422941898737,3.54692793365303
2019-06-06,2.94,2.82999584945465,2.7470290015188,2.74054444672154,2.83690018987606,2.95354300727311,3.08033073160008,3.57482324531557
2019-06-07,2.94,2.83985588492275,2.71053565579749,2.70504527438791,2.79886488029757,2.91804282763568,3.04990148283428,3.54692793365303
2019-06-10,2.46,2.37591090468925,2.30090033151242,2.3602049273695,2.4717691831208,2.61376246032567,2.75068709825248,3.2958747644078
2019-06-11,2.44,2.34379000907392,2.24224416916918,2.29174586770886,2.43373572709424,2.58840632045414,2.74054444672154,3.30094646295074
2019-06-12,2.44,2.36849884560275,2.25202257901902,2.3145654845474,2.47430475373234,2.63404743402151,2.79125784151317,3.35166363595729
2019-06-13,2.44,2.38085212565764,2.26424425067773,2.3120299681221,2.46923361336873,2.63911868602722,2.80393624377115,3.35419950355853
2019-06-14,2.44,2.38332269062624,2.26913250232919,2.32217203898766,2.47430475373234,2.64672557047148,2.81661466744809,3.35673537201209
2019-06-17,2.44,2.3907342034537,2.28623950696605,2.33992069613778,2.49458934956255,2.67208190772128,2.84197157904833,3.36434298248649
2019-06-18,2.43,2.37591090468925,2.26913250232919,2.3145654845474,2.46669804447612,2.64165431331724,2.80393624377115,3.33898431073656
2019-06-19,2.43,2.36849884560275,2.26668840629163,2.31710100183344,2.46162690926945,2.63658305959531,2.79632919984592,3.32376914860246
2019-06-20,2.38,2.31660678246026,2.2104577507438,2.25624882457505,2.40584464895091,2.5807994952326,2.74815143408389,3.27558800434926
2019-06-21,2.39,2.34131895846179,2.24224416916918,2.28160383816385,2.42359350482211,2.59854876610182,2.76336543195272,3.30094646295074
2019-06-24,2.4,2.3660280985478,2.26180003550347,2.30442342401085,2.44387796312266,2.60869122548431,2.77604378708012,3.31108987026936
2019-06-25,2.4,2.37096956231397,2.26668840629163,2.3145654845474,2.44641352427901,2.60869122548431,2.77604378708012,3.31616157904473
2019-06-26,2.43,2.39814544317163,2.32044476416871,2.36781152827805,2.50473166810083,2.66447499753821,2.82422173193422,3.3795582264452
2019-06-27,2.42,2.38332269062624,2.29601362813447,2.34245622203009,2.46923361336873,2.62897618544833,2.79632919984592,3.3415201740759
2019-06-28,2.42,2.37591090468925,2.30578679678484,2.34499174878293,2.47430475373234,2.63404743402151,2.80140056160598,3.33898431073656
2019-07-01,2.43,2.38826372952428,2.31800191837905,2.35513386439896,2.48951819544898,2.64926120033564,2.81661466744809,3.3415201740759
2019-07-02,2.43,2.37838153034531,2.29601362813447,2.32977860117405,2.46162690926945,2.61629807903381,2.77097244245808,3.26290880703288
2019-07-03,2.42,2.36849884560275,2.28623950696605,2.31963651998019,2.44641352427901,2.59094193057834,2.74308010831841,3.24262213568647
2019-07-04,2.42,2.37096956231397,2.28623950696605,2.31710100183344,2.44641352427901,2.59094193057834,2.74308010831841,3.24262213568647
2019-07-05,2.44,2.39567506027338,2.31800191837905,2.35766939545403,2.48444704477262,2.61883369860023,2.77857946067663,3.27305216318001
2019-07-08,2.44,2.37591090468925,2.29845700959164,2.33231412362411,2.45655577750092,2.59347754156103,2.75322276327823,3.24262213568647
2019-07-09,2.43,2.3660280985478,2.28868312656871,2.30949445255755,2.42866461423854,2.57572828271109,2.72279483954807,3.20712059223163
2019-07-10,2.42,2.35367390794927,2.27402051572323,2.29681688764702,2.40330910155198,2.56051466575375,2.7101165744319,3.19951314039653
2019-07-11,2.41,2.34379000907392,2.26668840629163,2.29681688764702,2.40838019720981,2.57065707362396,2.72279483954807,3.21979969569322
2019-07-12,2.41,2.33884787748995,2.25202257901902,2.27906833293008,2.38302475332286,2.54022989123386,2.68222446664146,3.19444151010757
2019-07-15,2.4,2.30672106182617,2.20801222426648,2.22582292195113,2.32724307958463,2.4768403252033,2.62390494030786,3.12851062712185
2019-07-17,2.39,2.27706098425617,2.16398254691441,2.18271977226108,2.28160383816385,2.42612905910042,2.57572828271109,3.07525918159293
2019-07-18,2.39,2.26964528139639,2.15174864952328,2.18018430062294,2.27906833293008,2.42359350482211,2.57826388854254,3.07525918159293
2019-07-19,2.32,2.15837691570719,2.02197749924959,2.05594724651894,2.17511335993219,2.337385171106,2.50219608717743,3.00679359112452
2019-07-22,2.32,2.14106296952643,2.00727583859273,2.03819926499658,2.15990055854591,2.31710100183344,2.47937589753369,2.98904335459738
2019-07-23,2.33,2.14848341467277,2.02932752143248,2.06862440206408,2.18018430062294,2.337385171106,2.49458934956255,3.01186509497149
2019-07-24,2.32,2.13116861676532,2.00482535225888,2.04327011254539,2.1548296316463,2.30188791102872,2.46416247644303,2.96875742131084
2019-07-25,2.31,2.14353648165755,2.0195273721404,2.05087639034078,2.17004242268901,2.32217203898766,2.48698261968112,3.00425784048373
2019-07-26,2.31,2.16579672211648,2.03422723696978,2.08130157917816,2.20300357639001,2.35766939545403,2.52755193507248,3.07272340787119
2019-07-29,2.31,2.16085021492063,2.04402594991482,2.08383701718904,2.20300357639001,2.35513386439896,2.51740958560529,3.04990148283428
2019-07-30,2.3,2.1559035860701,2.04157636143076,2.08130157917816,2.19793262018744,2.35259833420429,2.51740958560529,3.03722266550741
2019-07-31,2.25,2.10890454325252,1.98767027114322,2.02298674306305,2.1421523294836,2.29428137724748,2.45148464917073,2.94847154277134
2019-08-01,2.24,2.09406045827532,1.96560942528912,1.99763260889345,2.11172689223778,2.2613198204037,2.41091574632872,2.90536423269998
2019-08-02,2.2,2.05447087481581,1.89939775459891,1.92664149258339,2.02298674306305,2.17257789087966,2.32217203898766,2.82422173193422
2019-08-05,2.17,2.00249771768579,1.83559702429203,1.83790354972964,1.92157072447365,2.07115983576145,2.22075195024007,2.71772353092921
2019-08-06,2.18,2.01239840215806,1.85768648618367,1.85818641474538,1.93678303916986,2.08890789579863,2.23596487571072,2.71772353092921
2019-08-07,2.17,1.99754719267986,1.81350269567737,1.7948026453247,1.88100470402122,2.01538049374832,2.15990055854591,2.63404743402151
2019-08-08,2.17,2.0074481208372,1.83805164923534,1.81762074005212,1.90889381931909,2.04834096354605,2.18018430062294,2.66701063340804
2019-08-09,2.17,2.00992327672544,1.8405062141067,1.82522678719557,1.91903534171471,2.05087639034078,2.17764882984663,2.66447499753821
2019-08-12,2.17,2.00992327672544,1.83559702429203,1.81762074005212,1.90889381931909,2.0331284208998,2.16243602328872,2.63658305959531
2019-08-13,2.19,2.03714798131216,1.87977108351856,1.87339859981646,1.96213696610221,2.08383701718904,2.20553905578378,2.6619393625263
2019-08-14,2.17,2.00992327672544,1.84296071889811,1.83029748961505,1.92157072447365,2.04580553761424,2.15736509466509,2.59854876610182
2019-08-16,2.17,2.01982359569008,1.84296071889811,1.8328328421219,1.92917687793419,2.04834096354605,2.15736509466509,2.58587071118843
2019-08-19,2.17,2.02229859928416,1.85768648618367,1.8607217767628,1.957066173806,2.0736952703216,2.17511335993219,2.60615560935111
2019-08-20,2.17,2.02477357242259,1.8527781373443,1.85311569330409,1.94692459957786,2.05341181799843,2.1548296316463,2.5807994952326
2019-08-21,2.17,2.02477357242259,1.8527781373443,1.83790354972964,1.92664149258339,2.0356638425167,2.13708141465343,2.55037227162327
2019-08-22,2.17,2.02972342734054,1.86014057051942,1.85565105359247,1.94438920818016,2.05087639034078,2.15990055854591,2.57065707362396
2019-08-23,2.15,2.00992327672544,1.83559702429203,1.81508539273394,1.90889381931909,2.01538049374832,2.12186869085635,2.52501634641711
2019-08-26,2.15,2.01239840215806,1.8405062141067,1.82269143728298,1.91396457878883,2.03059300014599,2.13708141465343,2.54022989123386
2019-08-27,2.15,2.0074481208372,1.8527781373443,1.8328328421219,1.93424765122745,2.04580553761424,2.15736509466509,2.56558586797149
2019-08-28,2.14,1.99754719267986,1.86014057051942,1.84043890483052,1.94945999183931,2.06101810614856,2.16750695536028,2.56051466575375
2019-08-29,2.12,1.97279273972839,1.86014057051942,1.85311569330409,1.96213696610221,2.08130157917816,2.19286166743162,2.60869122548431
2019-08-30,2.09,1.96536580968942,1.85768648618367,1.85058033388024,1.96213696610221,2.07876614202995,2.19793262018744,2.60869122548431
2019-09-02,2.09,1.96536580968942,1.84786954825711,1.84550961762617,1.957066173806,2.0736952703216,2.19539714337866,2.60869122548431
2019-09-03,2.07,1.94555932204743,1.80368143136356,1.78973196712213,1.89368156164826,2.00523884008019,2.12440414266686,2.5376942982837
2019-09-04,1.92,1.76721310664352,1.6414915492069,1.63761323080616,1.74663134212401,1.87086323347692,1.98495557418266,2.40077355501305
2019-09-05,1.93,1.77712537968588,1.6660826413375,1.665501432459,1.77198462066355,1.89875231074865,2.00777425220235,2.43627128481174
2019-09-06,1.93,1.76225678692887,1.64886951003318,1.64521909358957,1.75170199090926,1.88100470402122,1.99256179241896,2.41598684714637
2019-09-09,1.93,1.75977858126419,1.66362380346019,1.67817792240086,1.77959062109785,1.91649995981975,2.03059300014599,2.44894908629505
2019-09-10,1.93,1.75730034507193,1.66362380346019,1.68831912994214,1.80494401210987,1.92917687793419,2.04580553761424,2.45909134295541
2019-09-11,1.93,1.76721310664352,1.67591738999295,1.70606627647556,1.82015608823514,1.96213696610221,2.07876614202995,2.49205377207611
2019-09-12,1.92,1.76721310664352,1.67591738999295,1.72381346543069,1.83790354972964,1.97734936371743,2.09144333639733,2.50726724988344
2019-09-13,1.93,1.79694846035083,1.72261927931672,1.7948026453247,1.93424765122745,2.08637245606254,2.20807453603922,2.65940372837226
2019-09-16,1.89,1.79447068211225,1.72507667113475,1.79226730579092,1.93678303916986,2.09144333639733,2.22328743566487,2.66447499753821
2019-09-17,1.89,1.79199287334608,1.72016182729084,1.77959062109785,1.92664149258339,2.08130157917816,2.21314549913485,2.65686809507615
2019-09-23,1.8,1.68541820887658,1.62919374146675,1.6857838267579,1.82776213797293,1.98242016983077,2.12440414266686,2.56051466575375
2019-09-24,1.75,1.63086979083804,1.57998742404608,1.64014851753433,1.7846612923798,1.94945999183931,2.08637245606254,2.51233841602609
2019-09-25,1.75,1.62838996574077,1.60459360079024,1.66803672871529,1.81001470069211,1.97481396195598,2.10919144473907,2.56558586797149
2019-09-26,1.75,1.62343022381162,1.59967284842466,1.68071322298726,1.82776213797293,1.97734936371743,2.12440414266686,2.60108437965985
2019-09-27,1.75,1.62095030697973,1.5972123816903,1.66803672871529,1.81762074005212,1.96974316102374,2.11679778982232,2.59347754156103
2019-09-30,1.75,1.62095030697973,1.5972123816903,1.66803672871529,1.81762074005212,1.96974316102374,2.10919144473907,2.59347754156103
2019-10-01,1.75,1.63086979083804,1.61443438122877,1.6857838267579,1.8328328421219,1.98242016983077,2.12440414266686,2.61376246032567
2019-10-02,1.74,1.62343022381162,1.59229126711047,1.6629661370688,1.81001470069211,1.96213696610221,2.09144333639733,2.57826388854254
2019-10-03,1.74,1.61351037302282,1.57014326258409,1.63507794494426,1.77705528675458,1.92410610809655,2.04834096354605,2.52755193507248
2019-10-04,1.74,1.62095030697973,1.57014326258409,1.63507794494426,1.76944928891583,1.91649995981975,2.04327011254539,2.52755193507248
2019-10-07,1.74,1.64078878549567,1.57998742404608,1.65282496416927,1.78719662931843,1.92917687793419,2.05594724651894,2.54276548504291
2019-10-08,1.65,1.56142312790575,1.52090795492921,1.56662555421829,1.70099565885122,1.83790354972964,1.97734936371743,2.48191147072347
2019-10-09,1.65,1.56638439913159,1.52090795492921,1.5590197720297,1.69338973890822,1.83536819549344,1.97734936371743,2.48444704477262
2019-10-10,1.66,1.58374788474891,1.53814306239841,1.58437240966574,1.72888409863721,1.86832786800173,2.01284507903643,2.52755193507248
2019-10-11,1.66,1.5911889197211,1.57506546411046,1.63254265994874,1.77705528675458,1.92157072447365,2.0736952703216,2.59601315340221
2019-10-14,1.66,1.58870860531923,1.57014326258409,1.6224015286304,1.76691395803334,1.91649995981975,2.06355353725762,2.58587071118843
2019-10-15,1.64,1.58374788474891,1.57260439354712,1.64014851753433,1.7948026453247,1.93931842797617,2.08383701718904,2.61122684247581
2019-10-16,1.63,1.57134554798333,1.55783670167775,1.63000737581958,1.77451995327649,1.92664149258339,2.07115983576145,2.61376246032567
2019-10-17,1.64,1.57630657446095,1.58490914242293,1.6629661370688,1.82269143728298,1.97988476634234,2.13708141465343,2.68476010851593
2019-10-18,1.67,1.60359003294541,1.58736991103581,1.68071322298726,1.85058033388024,2.01538049374832,2.17004242268901,2.72533049514363
2019-10-21,1.62,1.56886498885722,1.56768207122138,1.66043084254472,1.8607217767628,2.0407346883395,2.21061001715623,2.82168604291555
2019-10-22,1.62,1.56142312790575,1.56768207122138,1.65028967310983,1.84550961762617,2.0407346883395,2.22075195024007,2.85718576711931
2019-10-23,1.55,1.52420969223677,1.5012070614846,1.54887874124923,1.71620752211303,1.88607544447925,2.06862440206408,2.65686809507615
2019-10-24,1.59,1.48698936986058,1.45193788863107,1.50577951521751,1.69592504469007,1.86579250339098,2.05848267590234,2.6619393625263
2019-10-25,1.59,1.47458106490905,1.43468795784329,1.50324427443311,1.6857838267579,1.86325713964466,2.06355353725762,2.68222446664146
2019-10-28,1.61,1.49691546267228,1.47164846259606,1.56409029262183,1.73902537543675,1.91396457878883,2.10919144473907,2.77857946067663
2019-10-29,1.6,1.49443398539262,1.4667211822923,1.60718985764661,1.82269143728298,2.02045132576165,2.22075195024007,2.90536423269998
2019-10-30,1.57,1.44479800932729,1.41497011721903,1.55394925490546,1.79226730579092,2.02298674306305,2.23596487571072,2.92311427160092
2019-11-04,1.53,1.40508040679244,1.36565854719173,1.53113197076578,1.75677264315603,1.99002638547678,2.21314549913485,2.93072144396715
2019-11-05,1.49,1.36783802973817,1.30645263816032,1.50070903451611,1.74916666608393,1.99002638547678,2.21314549913485,2.9611502104423
2019-11-06,1.49,1.36038872671573,1.28917766161507,1.47535668305971,1.71113689756286,1.93678303916986,2.1446877881919,2.89268565916265
2019-11-07,1.5,1.3752870568613,1.30151723422678,1.48296237938712,1.71113689756286,1.92664149258339,2.12947504887473,2.88254281574134
2019-11-08,1.51,1.3827358081091,1.31138779920814,1.49310331996999,1.7136722094051,1.92410610809655,2.12440414266686,2.87239998601794
2019-11-11,1.5,1.40259779618734,1.32619182528515,1.51338524277513,1.73902537543675,1.94185381764627,2.1446877881919,2.89268565916265
2019-11-12,1.6,1.50684106562782,1.44947379446236,1.63507794494426,1.88861081600469,2.11426234059886,2.337385171106,3.13104641963922
2019-11-13,1.68,1.66310473507991,1.6168944254531,1.83029748961505,2.08130157917816,2.31710100183344,2.55544346697096,3.36687885434914
2019-11-14,1.68,1.70277142163933,1.68083440266198,1.97227856105808,2.22328743566487,2.44641352427901,2.7101165744319,3.51396087986597
2019-11-15,1.63,1.57630657446095,1.53075695046834,1.74156069680038,1.97227856105808,2.18525524476103,2.42359350482211,3.17922663972781
2019-11-18,1.61,1.54901941438546,1.49874417765172,1.6857838267579,1.91142919862193,2.12693959533965,2.34245622203009,3.08793806301966
2019-11-19,1.63,1.59862967940949,1.57014326258409,1.77451995327649,1.99256179241896,2.20807453603922,2.41852239884506,3.17922663972781
2019-11-20,1.69,1.66806349875159,1.63903210829996,1.87086323347692,2.08890789579863,2.30442342401085,2.51233841602609,3.26798048340042
2019-11-21,1.68,1.65566636033176,1.62673399893709,1.85058033388024,2.07115983576145,2.28667485121443,2.49966050711325,3.23501464800904
2019-11-22,1.69,1.66806349875159,1.66362380346019,1.87339859981646,2.08383701718904,2.3120299681221,2.51740958560529,3.25276546453461
2019-11-25,1.67,1.63582934931394,1.63657260708128,1.81762074005212,2.0331284208998,2.24864233729121,2.45655577750092,3.16147599646286
2019-11-26,1.65,1.62095030697973,1.61443438122877,1.77451995327649,1.98242016983077,2.19539714337866,2.40838019720981,3.11583167734728
2019-11-27,1.61,1.5911889197211,1.60951411171695,1.78212595630625,1.99002638547678,2.20807453603922,2.43120017023652,3.16147599646286
2019-11-28,1.64,1.63086979083804,1.63657260708128,1.81762074005212,2.02805758025526,2.243571350075,2.46416247644303,3.20712059223163
2019-11-29,1.63,1.59366920353943,1.63411304553485,1.84297426079605,2.05087639034078,2.25878432205877,2.48444704477262,3.22487134305178
2019-12-02,1.73,1.71516565700536,1.81104746977478,2.02298674306305,2.22328743566487,2.44894908629505,2.6771531854658,3.35166363595729
2019-12-03,1.7,1.69533451378978,1.80613683761788,2.0407346883395,2.23342938597868,2.44387796312266,2.67461754616463,3.35673537201209
2019-12-04,1.69,1.65814584914603,1.7791240616658,2.06862440206408,2.24864233729121,2.45402021290604,2.68222446664146,3.397309383168
2019-12-05,1.74,1.7820813330216,1.9116624737272,2.19286166743162,2.38809583521946,2.58333510278124,2.78872216363206,3.47592215037134
2019-12-06,1.75,1.73251630346094,1.8405062141067,2.104120552329,2.3069589378538,2.51740958560529,2.71265222574018,3.42266825090227
2019-12-09,1.74,1.70525032981406,1.76929942972581,2.00523884008019,2.19539714337866,2.41852239884506,2.62644056244898,3.33898431073656
2019-12-10,1.74,1.6903764224443,1.73736272701142,1.96720776185297,2.15990055854591,2.37795367486697,2.58333510278124,3.29841061325287
2019-12-11,1.73,1.70772920743723,1.75210400747972,1.93678303916986,2.10158510741767,2.31710100183344,2.51233841602609,3.24262213568647
2019-12-12,1.74,1.72260183162543,1.76684312134512,1.94185381764627,2.11426234059886,2.31963651998019,2.5199451716835,3.22994299382378
2019-12-13,1.73,1.68293905625738,1.70541585035533,1.82776213797293,1.99509720022453,2.18525524476103,2.37034706363488,3.08033073160008
2019-12-16,1.73,1.68045987307064,1.67591738999295,1.76691395803334,1.91649995981975,2.09904966336878,2.27653282855735,2.98397186614381
2019-12-17,1.73,1.68541820887658,1.69066770480253,1.77451995327649,1.91142919862193,2.09397877785862,2.27399732504563,2.9611502104423
2019-12-18,1.74,1.68789733094421,1.69558399431402,1.78719662931843,1.93424765122745,2.11426234059886,2.29681688764702,2.96622168349923
2019-12-19,1.73,1.68541820887658,1.67837592646336,1.75423731659998,1.90382306330563,2.08637245606254,2.27146182239502,2.95607874080732
2019-12-20,1.74,1.68789733094421,1.68083440266198,1.76944928891583,1.90889381931909,2.09144333639733,2.28160383816385,2.94593581180382
2019-12-23,1.74,1.68789733094421,1.68083440266198,1.76691395803334,1.9063584408803,2.08890789579863,2.28160383816385,2.94593581180382
2019-12-24,1.74,1.68789733094421,1.68083440266198,1.76691395803334,1.9063584408803,2.08890789579863,2.27906833293008,2.94593581180382
2019-12-26,1.74,1.68293905625738,1.67345879325076,1.75423731659998,1.89114618839439,2.07115983576145,2.2613198204037,2.93072144396715
2019-12-27,1.74,1.68293905625738,1.67345879325076,1.75423731659998,1.89114618839439,2.07623070574443,2.27146182239502,2.95100727459443
2019-12-30,1.74,1.6903764224443,1.68575117425984,1.76944928891583,1.9063584408803,2.09144333639733,2.28921035903116,2.97382889950037
2020-01-02,1.74,1.71268687102888,1.71770431504115,1.80747935596852,1.95199538496449,2.13961687163742,2.337385171106,3.02454386955231
2020-01-03,1.75,1.71764441242228,1.71770431504115,1.81508539273394,1.96720776185297,2.15736509466509,2.35259833420429,3.0422941898737
2020-01-06,1.75,1.7374733561093,1.7447336381089,1.8607217767628,2.01284507903643,2.21061001715623,2.41091574632872,3.10822431773325
2020-01-07,1.74,1.7349948450569,1.72507667113475,1.85565105359247,2.02045132576165,2.22328743566487,2.43627128481174,3.12343904464947
2020-01-08,1.75,1.72755912863032,1.70787366375613,1.85311569330409,2.0255221612276,2.23089389710809,2.44894908629505,3.14118959824972
2020-01-09,1.75,1.7374733561093,1.72753400272896,1.86325713964466,2.04834096354605,2.26385531960982,2.48444704477262,3.17922663972781
2020-01-10,1.75,1.7374733561093,1.73736272701142,1.90382306330563,2.08890789579863,2.3145654845474,2.55037227162327,3.25530129887952
2020-01-13,1.74,1.72260183162543,1.72261927931672,1.89368156164826,2.08890789579863,2.3145654845474,2.55037227162327,3.25530129887952
2020-01-14,1.72,1.69533451378978,1.69312587968218,1.86325713964466,2.05848267590234,2.27653282855735,2.51740958560529,3.21726387329402
2020-01-15,1.72,1.6903764224443,1.6832928185968,1.83790354972964,2.00777425220235,2.2283584090989,2.4717691831208,3.18683407107621
2020-01-16,1.73,1.69285548339282,1.69066770480253,1.83029748961505,2.00777425220235,2.20807453603922,2.438806843389,3.15640439178597
2020-01-17,1.73,1.69285548339282,1.69558399431402,1.82269143728298,1.98242016983077,2.17511335993219,2.39570246451537,3.10315274892865
2020-01-20,1.73,1.69285548339282,1.69066770480253,1.82522678719557,1.99763260889345,2.19286166743162,2.40330910155198,3.12343904464947
2020-01-21,1.73,1.70277142163933,1.70787366375613,1.85058033388024,2.01284507903643,2.20553905578378,2.41091574632872,3.11583167734728
2020-01-22,1.73,1.70277142163933,1.70541585035533,1.85818641474538,2.02298674306305,2.21568098197504,2.42612905910042,3.13358221301072
2020-01-23,1.72,1.70277142163933,1.71033141692511,1.86832786800173,2.03819926499658,2.23089389710809,2.44387796312266,3.16401180008212
2020-01-24,1.72,1.70525032981406,1.71524674255963,1.87339859981646,2.04580553761424,2.2410358577589,2.45909134295541,3.17161921606293
2020-01-27,1.71,1.69781351362719,1.70541585035533,1.84550961762617,2.0255221612276,2.21314549913485,2.42359350482211,3.13611800723634
2020-01-28,1.71,1.70525032981406,1.71524674255963,1.86325713964466,2.04834096354605,2.23342938597868,2.44894908629505,3.16401180008212
2020-01-29,1.72,1.70772920743723,1.71278910985428,1.85818641474538,2.0407346883395,2.23342938597868,2.45402021290604,3.18176244932356
2020-01-30,1.73,1.72012313729564,1.72999127410733,1.85565105359247,2.03819926499658,2.23850036630413,2.44641352427901,3.19697732482527
2020-01-31,1.74,1.7374733561093,1.75456067689961,1.86832786800173,2.05087639034078,2.2537133279525,2.46923361336873,3.21979969569322
2020-02-03,1.73,1.72012313729564,1.72507667113475,1.83029748961505,2.01284507903643,2.20807453603922,2.41345129630759,3.15894019369747
2020-02-04,1.72,1.71020805450883,1.71524674255963,1.78212595630625,1.95199538496449,2.12440414266686,2.32217203898766,3.07272340787119
2020-02-05,1.72,1.70525032981406,1.70541585035533,1.76184329886409,1.92410610809655,2.09144333639733,2.28413934425864,3.04736571765927
2020-02-06,1.72,1.70029248291304,1.70541585035533,1.75423731659998,1.91649995981975,2.09144333639733,2.29174586770886,3.06511609183358
2020-02-07,1.73,1.71764441242228,1.72507667113475,1.7846612923798,1.92917687793419,2.10919144473907,2.3120299681221,3.07779495616924
2020-02-10,1.72,1.71268687102888,1.72507667113475,1.77959062109785,1.92917687793419,2.10919144473907,2.3120299681221,3.07779495616924
2020-02-11,1.73,1.71268687102888,1.72261927931672,1.77451995327649,1.92664149258339,2.11172689223778,2.3145654845474,3.06765186299152
2020-02-12,1.73,1.71268687102888,1.72261927931672,1.78212595630625,1.92410610809655,2.11933323990816,2.32217203898766,3.09047384186845
2020-02-13,1.73,1.69781351362719,1.70787366375613,1.77705528675458,1.91396457878883,2.12186869085635,2.32724307958463,3.10061696580786
2020-02-14,1.73,1.69533451378978,1.71033141692511,1.78719662931843,1.92664149258339,2.13961687163742,2.34752727639624,3.13104641963922
2020-02-17,1.73,1.69533451378978,1.71033141692511,1.77451995327649,1.92664149258339,2.14975870819494,2.372882599852,3.14118959824972
2020-02-18,1.71,1.68293905625738,1.69558399431402,1.77451995327649,1.92917687793419,2.16497148889352,2.39063137745796,3.18176244932356
2020-02-19,1.71,1.67302214016107,1.68083440266198,1.76944928891583,1.94438920818016,2.17004242268901,2.42359350482211,3.22233551894582
2020-02-20,1.72,1.68293905625738,1.69066770480253,1.77451995327649,1.94438920818016,2.18779071812278,2.46669804447612,3.27305216318001
2020-02-21,1.72,1.68789733094421,1.67591738999295,1.75677264315603,1.92664149258339,2.12440414266686,2.37541813692936,3.19951314039653
2020-02-24,1.71,1.66310473507991,1.65378784904124,1.69338973890822,1.85565105359247,2.05087639034078,2.3069589378538,3.12090325469456
2020-02-25,1.71,1.66310473507991,1.65870594684225,1.70353096723048,1.85311569330409,2.04834096354605,2.3069589378538,3.10568853290378
2020-02-26,1.72,1.66310473507991,1.65870594684225,1.73141941653878,1.8835400738181,2.08637245606254,2.33992069613778,3.14879699117496
2020-02-27,1.72,1.69781351362719,1.70787366375613,1.78212595630625,1.94692459957786,2.15736509466509,2.40838019720981,3.23247882048978
2020-02-28,1.71,1.69781351362719,1.69558399431402,1.78719662931843,1.95199538496449,2.17257789087966,2.43120017023652,3.2502296310428
2020-03-02,1.63,1.58374788474891,1.55537520826066,1.61479568923923,1.80747935596852,2.0331284208998,2.29174586770886,3.11583167734728
2020-03-03,1.55,1.48947093898677,1.46918485270398,1.46775099454126,1.64521909358957,1.8607217767628,2.12440414266686,2.95354300727311
2020-03-04,1.51,1.38770148902356,1.34592712778936,1.34606104073176,1.48549761323149,1.69592504469007,1.95960156952228,2.80393624377115
2020-03-05,1.48,1.31071965430873,1.29164569760665,1.29535748392069,1.43479310121233,1.6477543829166,1.91396457878883,2.77097244245808
2020-03-06,1.51,1.35542237141273,1.33605996201691,1.36887775467753,1.48042714641035,1.67564262268043,1.92157072447365,2.72279483954807
2020-03-09,1.48,1.3007843677233,1.26943118668787,1.30296299528283,1.40690576758524,1.60718985764661,1.85058033388024,2.63151180930583
2020-03-10,1.48,1.2958165403818,1.25708766505905,1.29282231520496,1.41451139361135,1.60718985764661,1.83790354972964,2.61883369860023
2020-03-11,1.47,1.28836456927761,1.26696260390968,1.31056851446685,1.43225788472396,1.64014851753433,1.85565105359247,2.64165431331724
2020-03-12,1.63,1.59366920353943,1.56029813468717,1.74663134212401,2.00777425220235,2.19286166743162,2.40330910155198,3.27558800434926
2020-03-13,1.55,1.50932238983792,1.52337029450145,1.68831912994214,1.97988476634234,2.19032619234634,2.43627128481174,3.27558800434926
2020-03-16,1.01,0.972644272363432,0.999997346393222,1.15845961759893,1.45000441836967,1.66043084254472,1.91396457878883,2.84704297164642
2020-03-17,0.83,0.773510615159623,0.826583931013758,1.02409936468735,1.28014648466444,1.52859672130821,1.7948026453247,2.72279483954807
2020-03-18,0.82,0.788452480528612,0.858811962353379,1.15845961759893,1.48549761323149,1.76437862801608,2.09904966336878,3.18176244932356
2020-03-19,0.81,0.798413107435891,0.87368294575807,1.19395141346412,1.5564845130341,1.84297426079605,2.18779071812278,3.31108987026936
2020-03-20,0.76,0.73615109445857,0.791865233336964,1.1102924532058,1.51592048702907,1.86832786800173,2.23850036630413,3.29841061325287
2020-03-23,0.62,0.609076789555907,0.682671006916102,1.04691508423438,1.46775099454126,1.88100470402122,2.2613198204037,3.30601816490461
2020-03-24,0.56,0.541769638727096,0.593241753257701,0.9480474760728,1.35620179379894,1.76437862801608,2.14975870819494,3.19190569624348
2020-03-25,0.55,0.549249323486656,0.563414270494,0.877066421476713,1.24972458003982,1.64014851753433,2.02298674306305,3.00932934262046
2020-03-26,0.54,0.539276348656692,0.55595601335412,0.874531396463474,1.1660649880691,1.51845573215033,1.92664149258339,2.94847154277134
2020-03-27,0.53,0.539276348656692,0.541037834765667,0.859321264711288,1.13564355318734,1.49817379546657,1.89875231074865,2.88254281574134
2020-03-30,0.53,0.526809434651554,0.523630487665905,0.839041137920327,1.12296799231399,1.47535668305971,1.84043890483052,2.81661466744809
2020-03-31,0.49,0.504367041811449,0.498757606063549,0.816226062064662,1.09508183500964,1.42972266910364,1.77705528675458,2.76590110126411
2020-04-01,0.5,0.519328915287609,0.526117436544737,0.78580607094727,1.04184491823582,1.37141294945897,1.7136722094051,2.70758092398113
2020-04-02,0.51,0.526809434651554,0.565900232937899,0.871996372322914,1.12296799231399,1.44746919667365,1.78973196712213,2.78111513513009
2020-04-03,0.5,0.541769638727096,0.62802927371397,0.953117577568796,1.19648654826598,1.51845573215033,1.85565105359247,2.85718576711931
2020-04-06,0.51,0.539276348656692,0.652870116192972,1.02409936468735,1.25479488878282,1.57930187520379,1.91396457878883,2.92057854919039
2020-04-07,0.5,0.534289675790056,0.618091213515193,1.03677475572237,1.29028714735839,1.61226041117515,1.93424765122745,2.92057854919039
2020-04-08,0.5,0.534289675790056,0.598212137945531,1.01649414052336,1.29535748392069,1.61479568923923,1.95199538496449,2.91043566810658
2020-04-09,0.5,0.526809434651554,0.588271122190953,0.993678515094576,1.30549816747509,1.61986624796688,1.97227856105808,2.93325716980075
2020-04-13,0.5,0.524315959105515,0.588271122190953,0.983538259789185,1.29282231520496,1.6224015286304,1.97734936371743,2.94847154277134
2020-04-14,0.5,0.519328915287609,0.565900232937899,0.9480474760728,1.25733004445856,1.5970487609885,1.94945999183931,2.90029280071711
2020-04-15,0.5,0.519328915287609,0.55595601335412,0.884671501752332,1.19902168393782,1.53620247228252,1.89368156164826,2.82168604291555
2020-04-16,0.5,0.516835346999756,0.558442160698114,0.76299116014702,1.09254673502475,1.43479310121233,1.7846612923798,2.71265222574018
2020-04-17,0.5,0.514341747800628,0.550983533742055,0.770596122551881,1.08240634379402,1.42972266910364,1.74663134212401,2.66701063340804
2020-04-20,0.51,0.511848117682234,0.546010807559227,0.755386205604802,1.04691508423438,1.39422974157328,1.70860158658634,2.61376246032567
2020-04-21,0.51,0.511848117682234,0.550983533742055,0.750316240278459,1.05452033976652,1.38155373726985,1.70099565885122,2.62136931902492
2020-04-22,0.51,0.511848117682234,0.558442160698114,0.76552614674168,1.06973087435203,1.39422974157328,1.72127815012584,2.63658305959531
2020-04-23,0.51,0.511848117682234,0.57087197296557,0.778201092818831,1.08240634379402,1.41197618406776,1.73902537543675,2.64418994146534
2020-04-24,0.5,0.496885687651272,0.565900232937899,0.813691058001886,1.13310843927157,1.48042714641035,1.81001470069211,2.72533049514363
2020-04-27,0.5,0.504367041811449,0.55595601335412,0.79087606073347,1.10522224365734,1.46014531383236,1.79226730579092,2.70504527438791
2020-04-28,0.5,0.504367041811449,0.553469804371431,0.79087606073347,1.10775734799622,1.45507486436536,1.79226730579092,2.70758092398113
2020-04-29,0.5,0.504367041811449,0.541037834765667,0.745246278447032,1.03930983654343,1.38155373726985,1.7136722094051,2.61122684247581
2020-04-30,0.49,0.499379503293262,0.536064615353382,0.735106365269722,1.00888892420286,1.35620179379894,1.69085443399224,2.61883369860023
2020-05-04,0.49,0.494391841090014,0.538551255894859,0.735106365269722,1.00635385383911,1.34859622769552,1.66803672871529,2.64165431331724
2020-05-05,0.47,0.471945830375908,0.503732675955604,0.669197270485578,0.937907283545858,1.25479488878282,1.58944294759473,2.55797906593298
2020-05-06,0.47,0.469451674542043,0.496269978551567,0.659057462205404,0.917626940356886,1.22183794413042,1.54127297726789,2.5098028325252
2020-05-07,0.49,0.469451674542043,0.503732675955604,0.653987563312297,0.91002182605382,1.20916223532466,1.51845573215033,2.48698261968112
2020-05-08,0.49,0.491897963609489,0.498757606063549,0.618498369019505,0.856786245807339,1.13310843927157,1.44746919667365,2.38809583521946
2020-05-11,0.48,0.486910115858663,0.501245171856901,0.636242944735765,0.864391305137624,1.14831913582312,1.47028622317971,2.39823800933419
2020-05-12,0.48,0.486910115858663,0.508707499037087,0.621033305783159,0.821296072809763,1.12043288275108,1.43225788472396,2.35259833420429
2020-05-13,0.48,0.486910115858663,0.501245171856901,0.605823698324404,0.79594605401323,1.07480105951581,1.37648334162741,2.28160383816385
2020-05-14,0.48,0.486910115858663,0.498757606063549,0.583009346197283,0.750316240278459,1.01902921437322,1.32831475631154,2.22328743566487
2020-05-15,0.48,0.486910115858663,0.493782289336941,0.575404577906857,0.719896521720131,0.96579284656888,1.25986520100378,2.12693959533965
2020-05-18,0.47,0.466957487780917,0.491294538395692,0.56272998159399,0.69201189026753,0.925232062510872,1.22437308850101,2.08130157917816
2020-05-19,0.45,0.447002880054725,0.468902002322302,0.56272998159399,0.681872050510135,0.91002182605382,1.21676765799865,2.07623070574443
2020-05-20,0.44,0.424551579564003,0.429080698779671,0.504427120449913,0.636242944735765,0.854251227776204,1.14324890015747,2.00523884008019
2020-05-21,,,,0.517101616078586,0.643847776020801,0.856786245807339,1.1457840175551,2.01284507903643
2020-05-22,0.44,0.419562061301448,0.419122901608837,0.49935732832902,0.613428498116786,0.816226062064662,1.10775734799622,1.98495557418266
2020-05-25,0.45,0.437024833697564,0.45397086653054,0.550055407164196,0.681872050510135,0.87960144736261,1.17113523940044,2.04327011254539
2020-05-26,0.47,0.469451674542043,0.503732675955604,0.610893563977721,0.750316240278459,0.963257791024952,1.23958397298858,2.11933323990816
2020-05-27,0.48,0.476934049253863,0.50622011834367,0.636242944735765,0.801016050786418,1.013959067545,1.28268164903405,2.17764882984663
2020-05-28,0.48,0.479428112297953,0.493782289336941,0.613428498116786,0.773131111767311,0.988608385698408,1.25225973397656,2.12947504887473
2020-05-29,0.49,0.479428112297953,0.493782289336941,0.608358630713601,0.773131111767311,0.993678515094576,1.24972458003982,2.13201050327207
2020-06-01,0.48,0.479428112297953,0.488806725743807,0.605823698324404,0.773131111767311,0.981003198142227,1.23451367468066,2.12947504887473
2020-06-02,0.5,0.494391841090014,0.52114347710841,0.648917667917348,0.821296072809763,1.04691508423438,1.30042782395965,2.21061001715623
2020-06-03,0.49,0.486910115858663,0.526117436544737,0.719896521720131,0.922697020920604,1.14831913582312,1.40690576758524,2.32724307958463
2020-06-04,0.48,0.481922144414781,0.508707499037087,0.727501439562239,0.932837192515246,1.16352986370876,1.42465224046713,2.35513386439896
2020-06-05,0.48,0.474439955282513,0.501245171856901,0.719896521720131,0.937907283545858,1.17620549421265,1.45761008866496,2.39823800933419
2020-06-08,0.48,0.466957487780917,0.47387855358938,0.67173222474175,0.87960144736261,1.12550310274755,1.4094409753924,2.36781152827805
2020-06-09,0.48,0.456980431399856,0.468902002322302,0.626103181934945,0.818761067000651,1.06719578307668,1.34859622769552,2.32217203898766
2020-06-10,0.48,0.459474741894006,0.468902002322302,0.623568243421668,0.821296072809763,1.05959051447722,1.36380736772028,2.32470755885583
2020-06-11,0.48,0.459474741894006,0.456459543554999,0.598218906406656,0.811156054812301,1.04184491823582,1.32831475631154,2.29935239890744
2020-06-12,0.48,0.459474741894006,0.468902002322302,0.626103181934945,0.839041137920327,1.08240634379402,1.37901853901441,2.33992069613778
2020-06-15,0.48,0.459474741894006,0.468902002322302,0.621033305783159,0.828901095475909,1.09508183500964,1.40437056064628,2.35513386439896
2020-06-16,0.48,0.454486089962458,0.466413634074847,0.631173061585866,0.841576150713963,1.13310843927157,1.45507486436536,2.42105795140366
2020-06-17,0.49,0.459474741894006,0.451482127747482,0.55766014919596,0.724966466074228,0.99621358110018,1.34859622769552,2.30949445255755
2020-06-18,0.46,0.43453024475415,0.411653904763831,0.476543307142419,0.615963433130706,0.874531396463474,1.18888114647047,2.14975870819494
2020-06-19,0.46,0.432035624875482,0.399204340328474,0.491752646716659,0.605823698324404,0.851716210617948,1.15592449584947,2.09144333639733
2020-06-22,0.46,0.432035624875482,0.389243575835252,0.517101616078586,0.664127364596578,0.91002182605382,1.22183794413042,2.15990055854591
2020-06-23,0.46,0.42205683590435,0.391733859710364,0.517101616078586,0.67173222474175,0.902416719602295,1.20916223532466,2.13201050327207
2020-06-24,0.46,0.412077551809276,0.369319078143526,0.494287539711546,0.659057462205404,0.871996372322914,1.17367036637144,2.08637245606254
2020-06-25,0.46,0.402097772526311,0.35935534456133,0.494287539711546,0.656522512321578,0.854251227776204,1.15845961759893,2.0736952703216
2020-06-26,0.45,0.389622351997687,0.364337335101439,0.529776133599924,0.707221676130043,0.894811621002867,1.17620549421265,2.09144333639733
2020-06-30,0.45,0.389622351997687,0.371809856862804,0.542450673011285,0.719896521720131,0.917626940356886,1.19902168393782,2.09397877785862
2020-07-01,0.45,0.394612613074052,0.379281821837552,0.537380854620118,0.745246278447032,0.9455124266329,1.21423251623747,2.12693959533965
2020-07-02,0.45,0.394612613074052,0.376791228705819,0.527241228344377,0.727501439562239,0.935372237594456,1.19395141346412,2.09397877785862
2020-07-03,0.45,0.394612613074052,0.379281821837552,0.527241228344377,0.730036413924173,0.942977378065102,1.19648654826598,2.11426234059886
2020-07-06,0.45,0.397107697173382,0.376791228705819,0.517101616078586,0.707221676130043,0.904951754213723,1.15085425496153,2.0736952703216
2020-07-07,0.45,0.397107697173382,0.376791228705819,0.514566715201337,0.676802135877219,0.877066421476713,1.09761693586536,1.99763260889345
2020-07-08,0.45,0.399602750329464,0.379281821837552,0.514566715201337,0.659057462205404,0.864391305137624,1.09761693586536,1.99256179241896
2020-07-09,0.45,0.419562061301448,0.414143632188058,0.570334736755918,0.732571389160008,0.950582526384758,1.19648654826598,2.1446877881919
2020-07-10,0.45,0.417067255755299,0.416633297805724,0.588079196100044,0.76045617442595,0.988608385698408,1.23958397298858,2.19286166743162
2020-07-13,0.45,0.409582653417395,0.414143632188058,0.575404577906857,0.750316240278459,0.975933077463709,1.22183794413042,2.17511335993219
2020-07-14,0.45,0.40708772406628,0.401694376865436,0.555125234309961,0.74778125892585,0.96579284656888,1.21169737534612,2.18525524476103
2020-07-15,0.45,0.404592763771916,0.394224081754935,0.567799817493331,0.79087606073347,1.04438000079947,1.32070921887864,2.33992069613778
2020-07-16,,,,0.567799817493331,0.79594605401323,1.04438000079947,1.32324439715401,2.34245622203009
2020-07-17,0.47,0.424551579564003,0.419122901608837,0.580474422558619,0.80862105249595,1.05198525371795,1.34859622769552,2.3804892136648
2020-07-20,0.47,0.417067255755299,0.411653904763831,0.544985583520119,0.750316240278459,0.978468137367061,1.25986520100378,2.29681688764702
2020-07-21,0.46,0.397107697173382,0.399204340328474,0.527241228344377,0.714826580861971,0.932837192515246,1.21169737534612,2.23342938597868
2020-07-22,0.46,0.399602750329464,0.414143632188058,0.539915763377929,0.727501439562239,0.912556863282465,1.20155682047962,2.20807453603922
2020-07-23,0.46,0.399602750329464,0.414143632188058,0.54752049490443,0.707221676130043,0.902416719602295,1.17874062292396,2.18018430062294
2020-07-24,0.46,0.404592763771916,0.424101923795384,0.56272998159399,0.732571389160008,0.915091901383502,1.18888114647047,2.20553905578378
2020-07-27,0.46,0.404592763771916,0.424101923795384,0.56272998159399,0.724966466074228,0.917626940356886,1.19902168393782,2.21821646567681
2020-07-28,0.46,0.402097772526311,0.424101923795384,0.550055407164196,0.704686709634261,0.897346652996855,1.17367036637144,2.18525524476103
2020-07-29,0.45,0.40708772406628,0.419122901608837,0.522171420460138,0.686941968640276,0.869461349055078,1.13817866797359,2.13201050327207
2020-07-30,0.45,0.404592763771916,0.416633297805724,0.504427120449913,0.67173222474175,0.844111164380568,1.09508183500964,2.08130157917816
2020-07-31,0.44,0.402097772526311,0.414143632188058,0.496822433582333,0.648917667917348,0.818761067000651,1.05452033976652,2.0407346883395
2020-08-03,0.44,0.409582653417395,0.42161244360539,0.504427120449913,0.636242944735765,0.801016050786418,1.05198525371795,2.05341181799843
2020-08-04,0.45,0.412077551809276,0.429080698779671,0.522171420460138,0.641312831384444,0.798481051963162,1.05959051447722,2.05341181799843
2020-08-05,0.45,0.414572419257908,0.431569993581959,0.532311039731082,0.648917667917348,0.806086051052812,1.06466069267241,2.06355353725762
2020-08-06,0.45,0.414572419257908,0.431569993581959,0.537380854620118,0.66159241296373,0.83143610477745,1.09001163591074,2.09397877785862
2020-08-07,0.46,0.417067255755299,0.436548397806824,0.537380854620118,0.697081815391676,0.882136474121142,1.1457840175551,2.14722324776235
2020-08-10,0.46,0.414572419257908,0.441526554901372,0.539915763377929,0.707221676130043,0.897346652996855,1.16099474021871,2.16243602328872
2020-08-11,0.45,0.409582653417395,0.439037507245388,0.55766014919596,0.722431493460207,0.91002182605382,1.18127575250544,2.20300357639001
2020-08-12,0.45,0.40708772406628,0.434059226593675,0.54752049490443,0.717361550854023,0.899881685863324,1.17367036637144,2.21061001715623
2020-08-13,0.45,0.412077551809276,0.434059226593675,0.539915763377929,0.709756643499948,0.884671501752332,1.15845961759893,2.18271977226108
2020-08-14,0.46,0.412077551809276,0.439037507245388,0.555125234309961,0.732571389160008,0.902416719602295,1.17113523940044,2.18525524476103
2020-08-17,0.46,0.409582653417395,0.436548397806824,0.55766014919596,0.724966466074228,0.887206530256113,1.15845961759893,2.18018430062294
2020-08-18,0.46,0.417067255755299,0.436548397806824,0.550055407164196,0.704686709634261,0.87960144736261,1.15592449584947,2.17004242268901
2020-08-19,0.46,0.419562061301448,0.439037507245388,0.550055407164196,0.699616779265044,0.889741559632462,1.16860011329967,2.17764882984663
2020-08-20,0.46,0.42205683590435,0.439037507245388,0.55766014919596,0.707221676130043,0.902416719602295,1.17874062292396,2.18525524476103
2020-08-21,0.46,0.42205683590435,0.439037507245388,0.544985583520119,0.712291611743932,0.915091901383502,1.19648654826598,2.21061001715623
2020-08-24,0.46,0.417067255755299,0.431569993581959,0.542450673011285,0.712291611743932,0.925232062510872,1.19902168393782,2.22075195024007
2020-08-25,0.46,0.419562061301448,0.431569993581959,0.550055407164196,0.732571389160008,0.953117577568796,1.23451367468066,2.25878432205877
2020-08-26,0.46,0.427046292280409,0.439037507245388,0.560195064957303,0.740176320110741,0.955652629624826,1.23958397298858,2.2410358577589
2020-08-27,0.46,0.427046292280409,0.441526554901372,0.577939499795144,0.778201092818831,0.981003198142227,1.28014648466444,2.27906833293008
2020-08-28,0.46,0.43453024475415,0.446504464865605,0.580474422558619,0.788341065403664,0.991143449960652,1.28521681427292,2.29174586770886
2020-08-31,0.45,0.42205683590435,0.424101923795384,0.55766014919596,0.76552614674168,0.960722736352926,1.24211912344701,2.22328743566487
2020-09-01,0.45,0.429540974045572,0.429080698779671,0.560195064957303,0.752851222504769,0.96579284656888,1.24718942697264,2.22582292195113
2020-09-02,0.5,0.486910115858663,0.503732675955604,0.659057462205404,0.836506125999703,1.04691508423438,1.35113141552796,2.32724307958463
2020-09-03,0.5,0.48940405519371,0.51119481802786,0.651452615177517,0.833971114952048,1.04691508423438,1.34099066941054,2.32470755885583
2020-09-04,0.5,0.496885687651272,0.526117436544737,0.659057462205404,0.833971114952048,1.06973087435203,1.35873698423743,2.33231412362411
2020-09-07,0.5,0.496885687651272,0.526117436544737,0.659057462205404,0.833971114952048,1.06973087435203,1.35873698423743,2.33231412362411
2020-09-08,0.5,0.499379503293262,0.52114347710841,0.664127364596578,0.841576150713963,1.09001163591074,1.38408893639372,2.3602049273695
2020-09-09,0.5,0.494391841090014,0.518656404864259,0.648917667917348,0.83143610477745,1.07226596649841,1.37394814510894,2.37034706363488
2020-09-10,0.5,0.494391841090014,0.513682075331978,0.638777887622766,0.826366087047425,1.07987124816367,1.38662413638606,2.38556029384107
2020-09-11,0.5,0.491897963609489,0.51119481802786,0.628638121323033,0.818761067000651,1.07480105951581,1.38408893639372,2.37541813692936
2020-09-14,0.5,0.491897963609489,0.50622011834367,0.618498369019505,0.806086051052812,1.05198525371795,1.35873698423743,2.35513386439896
2020-09-15,0.5,0.491897963609489,0.50622011834367,0.623568243421668,0.79087606073347,1.02663444115156,1.32324439715401,2.32724307958463
2020-09-16,0.5,0.499379503293262,0.513682075331978,0.621033305783159,0.783271077364311,1.00888892420286,1.30549816747509,2.29681688764702
2020-09-17,0.49,0.491897963609489,0.51119481802786,0.623568243421668,0.783271077364311,1.00635385383911,1.29282231520496,2.28667485121443
2020-09-18,,,,0.623568243421668,0.78580607094727,0.998748647977465,1.28775198038102,2.27653282855735
2020-09-21,0.49,0.494391841090014,0.508707499037087,0.621033305783159,0.768061134209996,0.96579284656888,1.24211912344701,2.24610684325244
2020-09-22,0.49,0.494391841090014,0.516169270941447,0.648917667917348,0.79087606073347,0.986073322307934,1.25986520100378,2.2613198204037
2020-09-23,0.49,0.491897963609489,0.518656404864259,0.669197270485578,0.826366087047425,1.01902921437322,1.29535748392069,2.3069589378538
2020-09-24,0.49,0.491897963609489,0.516169270941447,0.67173222474175,0.83143610477745,1.03423967577263,1.31310368926629,2.35259833420429
2020-09-25,0.49,0.491897963609489,0.508707499037087,0.646382721531769,0.80862105249595,1.00888892420286,1.27761132116411,2.34499174878293
2020-09-28,0.49,0.486910115858663,0.501245171856901,0.638777887622766,0.806086051052812,1.01649414052336,1.29028714735839,2.35513386439896
2020-09-29,0.49,0.484416145596356,0.498757606063549,0.636242944735765,0.803551050482976,1.01142399543817,1.29282231520496,2.34245622203009
2020-09-30,0.48,0.474439955282513,0.488806725743807,0.633708002723465,0.801016050786418,1.01142399543817,1.29789265350559,2.32470755885583
2020-10-01,0.48,0.471945830375908,0.481342917452388,0.628638121323033,0.79087606073347,0.998748647977465,1.28268164903405,2.29681688764702
2020-10-02,0.48,0.474439955282513,0.481342917452388,0.621033305783159,0.778201092818831,0.981003198142227,1.25733004445856,2.25878432205877
2020-10-05,0.47,0.466957487780917,0.478854857902,0.633708002723465,0.803551050482976,0.99621358110018,1.27507615853311,2.29174586770886
2020-10-06,0.47,0.471945830375908,0.483830915276151,0.646382721531769,0.823831079492021,1.02663444115156,1.32070921887864,2.37034706363488
2020-10-07,0.47,0.466957487780917,0.478854857902,0.648917667917348,0.826366087047425,1.04438000079947,1.34352585463677,2.39823800933419
2020-10-08,0.47,0.464463270084536,0.488806725743807,0.664127364596578,0.844111164380568,1.06719578307668,1.35366660422911,2.41598684714637
2020-10-09,0.47,0.461969021452902,0.486318851373291,0.66159241296373,0.839041137920327,1.05705542668628,1.34099066941054,2.39823800933419
2020-10-12,,,,0.653987563312297,0.836506125999703,1.05959051447722,1.34352585463677,2.39823800933419
2020-10-13,0.46,0.456980431399856,0.47387855358938,0.636242944735765,0.806086051052812,1.03170459669424,1.31056851446685,2.36527599378156
2020-10-14,0.45,0.447002880054725,0.463925204076787,0.623568243421668,0.783271077364311,1.00381878434697,1.27761132116411,2.3120299681221
2020-10-15,0.45,0.461969021452902,0.481342917452388,0.641312831384444,0.823831079492021,1.04438000079947,1.32577957629831,2.3602049273695
2020-10-16,0.46,0.461969021452902,0.471390308827147,0.628638121323033,0.818761067000651,1.03930983654343,1.31563886493475,2.35513386439896
2020-10-19,0.46,0.464463270084536,0.476366736616995,0.636242944735765,0.833971114952048,1.05705542668628,1.33338511894463,2.372882599852
2020-10-20,0.47,0.464463270084536,0.476366736616995,0.638777887622766,0.846646178920119,1.06212560313925,1.34606104073176,2.39823800933419
2020-10-21,0.46,0.461969021452902,0.47387855358938,0.633708002723465,0.839041137920327,1.05705542668628,1.34606104073176,2.39570246451537
2020-10-22,0.45,0.454486089962458,0.463925204076787,0.618498369019505,0.826366087047425,1.04438000079947,1.32324439715401,2.36274046014537
2020-10-23,0.46,0.456980431399856,0.463925204076787,0.621033305783159,0.816226062064662,1.02916951848722,1.30803334053644,2.337385171106
2020-10-26,0.46,0.456980431399856,0.461436712328123,0.610893563977721,0.806086051052812,1.013959067545,1.29282231520496,2.3069589378538
2020-10-27,0.46,0.459474741894006,0.45894815882086,0.621033305783159,0.80862105249595,1.01649414052336,1.30042782395965,2.31710100183344
2020-10-28,0.46,0.464463270084536,0.468902002322302,0.631173061585866,0.828901095475909,1.04438000079947,1.33592030156444,2.38809583521946
2020-10-29,0.46,0.464463270084536,0.468902002322302,0.631173061585866,0.821296072809763,1.03930983654343,1.33338511894463,2.39570246451537
2020-10-30,0.46,0.464463270084536,0.466413634074847,0.621033305783159,0.813691058001886,1.03423967577263,1.31817404147219,2.39063137745796
2020-11-02,0.45,0.454486089962458,0.45894815882086,0.613428498116786,0.806086051052812,1.02663444115156,1.31056851446685,2.37541813692936
2020-11-03,0.45,0.454486089962458,0.45894815882086,0.603288766810151,0.803551050482976,1.02663444115156,1.31817404147219,2.38302475332286
2020-11-04,0.44,0.437024833697564,0.439037507245388,0.572869656893737,0.78580607094727,1.00888892420286,1.29789265350559,2.337385171106
2020-11-05,0.44,0.439519391689736,0.441526554901372,0.560195064957303,0.76552614674168,0.988608385698408,1.25733004445856,2.28921035903116
2020-11-06,0.45,0.449497314289893,0.45894815882086,0.572869656893737,0.79087606073347,1.01902921437322,1.28775198038102,2.32217203898766
2020-11-09,0.45,0.464463270084536,0.47387855358938,0.598218906406656,0.839041137920327,1.07480105951581,1.35873698423743,2.39823800933419
2020-11-10,0.44,0.456980431399856,0.466413634074847,0.605823698324404,0.859321264711288,1.10015203759191,1.38915933724675,2.42612905910042
2020-11-11,0.44,0.454486089962458,0.468902002322302,0.618498369019505,0.874531396463474,1.12296799231399,1.41958181530299,2.45655577750092
2020-11-12,0.45,0.454486089962458,0.478854857902,0.631173061585866,0.877066421476713,1.12043288275108,1.41451139361135,2.42612905910042
2020-11-13,0.46,0.466957487780917,0.486318851373291,0.641312831384444,0.871996372322914,1.11789777405877,1.41451139361135,2.45402021290604
2020-11-16,0.47,0.479428112297953,0.501245171856901,0.664127364596578,0.894811621002867,1.1457840175551,1.45000441836967,2.4717691831208
2020-11-17,0.45,0.466957487780917,0.498757606063549,0.656522512321578,0.884671501752332,1.13057332622635,1.42465224046713,2.44894908629505
2020-11-18,0.45,0.466957487780917,0.493782289336941,0.67426717987229,0.894811621002867,1.13564355318734,1.42972266910364,2.46416247644303
2020-11-19,0.43,0.449497314289893,0.488806725743807,0.679337092756493,0.899881685863324,1.14324890015747,1.43986353679297,2.49205377207611
2020-11-20,0.45,0.461969021452902,0.50622011834367,0.727501439562239,0.930302148308226,1.17874062292396,1.47282145268586,2.52755193507248
2020-11-23,0.46,0.481922144414781,0.543524351989788,0.788341065403664,1.00128371572641,1.25733004445856,1.5564845130341,2.61376246032567
2020-11-24,0.45,0.476934049253863,0.538551255894859,0.803551050482976,1.03677475572237,1.28268164903405,1.58690767819685,2.64165431331724
2020-11-25,0.45,0.464463270084536,0.52114347710841,0.793411056936666,1.03677475572237,1.27000583587908,1.57676660927302,2.61629807903381
2020-11-26,0.46,0.464463270084536,0.516169270941447,0.798481051963162,1.03930983654343,1.27761132116411,1.57423134420904,2.62390494030786
2020-11-27,0.45,0.454486089962458,0.508707499037087,0.854251227776204,1.10522224365734,1.35113141552796,1.64268380512882,2.69490268459078
2020-11-30,0.45,0.459474741894006,0.536064615353382,0.917626940356886,1.18127575250544,1.43986353679297,1.72381346543069,2.76590110126411
2020-12-01,0.46,0.479428112297953,0.550983533742055,0.902416719602295,1.17620549421265,1.46014531383236,1.7440960190295,2.78872216363206
2020-12-02,0.45,0.476934049253863,0.548497201473985,0.851716210617948,1.1407137836303,1.42718745435138,1.71620752211303,2.74815143408389
2020-12-03,0.45,0.469451674542043,0.550983533742055,0.854251227776204,1.15592449584947,1.43225788472396,1.73649005493861,2.80140056160598
2020-12-04,0.44,0.454486089962458,0.553469804371431,0.869461349055078,1.17367036637144,1.46268053986756,1.7846612923798,2.84704297164642
2020-12-07,0.4,0.404592763771916,0.503732675955604,0.816226062064662,1.11789777405877,1.4094409753924,1.72634878160116,2.79125784151317
2020-12-08,,,,0.816226062064662,1.11536266623709,1.41451139361135,1.72381346543069,2.79379352025113
2020-12-09,0.41,0.40708772406628,0.466413634074847,0.735106365269722,1.04184491823582,1.32577957629831,1.63000737581958,2.69997397777413
2020-12-10,0.42,0.419562061301448,0.476366736616995,0.730036413924173,1.03423967577263,1.32070921887864,1.60718985764661,2.69490268459078
2020-12-11,0.43,0.432035624875482,0.476366736616995,0.722431493460207,1.00888892420286,1.28268164903405,1.5590197720297,2.64926120033564
2020-12-14,0.43,0.43453024475415,0.486318851373291,0.732571389160008,1.02663444115156,1.28268164903405,1.5590197720297,2.65686809507615
2020-12-15,0.44,0.449497314289893,0.501245171856901,0.768061134209996,1.05705542668628,1.30296299528283,1.57930187520379,2.66701063340804
2020-12-16,0.44,0.447002880054725,0.498757606063549,0.76045617442595,1.04945016854057,1.28268164903405,1.56409029262183,2.64165431331724
2020-12-17,0.44,0.449497314289893,0.503732675955604,0.757921189578536,1.04184491823582,1.28268164903405,1.55141399764385,2.61629807903381
2020-12-18,0.44,0.449497314289893,0.513682075331978,0.773131111767311,1.04945016854057,1.29282231520496,1.5564845130341,2.62136931902492
2020-12-21,0.44,0.447002880054725,0.498757606063549,0.74271129884198,1.00635385383911,1.24465427477503,1.50577951521751,2.55037227162327
2020-12-22,0.44,0.447002880054725,0.498757606063549,0.724966466074228,0.975933077463709,1.2040919578914,1.46268053986756,2.50473166810083
2020-12-23,0.44,0.447002880054725,0.50622011834367,0.74271129884198,0.986073322307934,1.22183794413042,1.47282145268586,2.52501634641711
2020-12-24,0.45,0.449497314289893,0.508707499037087,0.74778125892585,0.986073322307934,1.22437308850101,1.48549761323149,2.52501634641711
2020-12-25,,,,0.750316240278459,0.983538259789185,1.22690823374134,1.48549761323149,2.52501634641711
2020-12-28,0.45,0.449497314289893,0.508707499037087,0.745246278447032,0.986073322307934,1.22437308850101,1.49310331996999,2.53008752458683
2020-12-29,0.45,0.447002880054725,0.50622011834367,0.74271129884198,0.983538259789185,1.22437308850101,1.50324427443311,2.53262311496016
2020-12-30,0.44,0.439519391689736,0.496269978551567,0.74778125892585,0.998748647977465,1.23958397298858,1.51845573215033,2.55037227162327
2020-12-31,,,,0.750316240278459,1.00888892420286,1.24718942697264,1.52606147271785,2.56051466575375
2021-01-01,,,,0.750316240278459,1.00888892420286,1.24718942697264,1.52606147271785,2.56051466575375
2021-01-04,0.43,0.427046292280409,0.501245171856901,0.745246278447032,1.013959067545,1.27254099677143,1.55394925490546,2.58587071118843
2021-01-05,0.43,0.427046292280409,0.501245171856901,0.732571389160008,0.998748647977465,1.26240035841849,1.54127297726789,2.57319267773819
2021-01-06,0.42,0.419562061301448,0.50622011834367,0.757921189578536,1.05705542668628,1.32324439715401,1.61479568923923,2.65433246263802
2021-01-07,0.42,0.419562061301448,0.51119481802786,0.755386205604802,1.06973087435203,1.36380736772028,1.65789554888676,2.71772353092921
2021-01-08,0.42,0.42205683590435,0.50622011834367,0.76045617442595,1.08494144029534,1.37394814510894,1.67057202583765,2.75068709825248
2021-01-11,0.42,0.419562061301448,0.496269978551567,0.757921189578536,1.07987124816367,1.36127217554456,1.6629661370688,2.74561577077255
2021-01-12,0.42,0.42205683590435,0.503732675955604,0.793411056936666,1.10775734799622,1.39422974157328,1.69338973890822,2.7836508104405
2021-01-13,0.43,0.429540974045572,0.50622011834367,0.803551050482976,1.10015203759191,1.38915933724675,1.68324852443962,2.75575842916116
2021-01-14,0.43,0.42205683590435,0.493782289336941,0.79087606073347,1.08240634379402,1.3663425607646,1.65536025609492,2.71772353092921
2021-01-15,0.41,0.414572419257908,0.466413634074847,0.757921189578536,1.04691508423438,1.32324439715401,1.60211930758434,2.65686809507615
2021-01-18,0.41,0.414572419257908,0.466413634074847,0.74778125892585,1.03423967577263,1.31056851446685,1.58944294759473,2.63404743402151
2021-01-19,0.4,0.394612613074052,0.461436712328123,0.76299116014702,1.04945016854057,1.31817404147219,1.5919782178593,2.65940372837226
2021-01-20,0.38,0.379641458374103,0.45894815882086,0.76299116014702,1.06973087435203,1.34099066941054,1.63507794494426,2.69490268459078
2021-01-21,0.38,0.377146157576114,0.456459543554999,0.783271077364311,1.08747653766761,1.36127217554456,1.65028967310983,2.69743833075364
2021-01-22,0.38,0.377146157576114,0.45894815882086,0.78580607094727,1.08494144029534,1.36127217554456,1.64521909358957,2.69743833075364
2021-01-25,0.36,0.359678185043677,0.45397086653054,0.773131111767311,1.07226596649841,1.36380736772028,1.63507794494426,2.67968882562473
2021-01-26,0.34,0.347200132876146,0.444015540774778,0.757921189578536,1.05452033976652,1.32831475631154,1.60718985764661,2.65179683105783
2021-01-27,0.33,0.337217133704826,0.439037507245388,0.730036413924173,1.01649414052336,1.27761132116411,1.5590197720297,2.58587071118843
2021-01-28,0.32,0.329729559120473,0.42161244360539,0.722431493460207,1.01142399543817,1.27761132116411,1.55394925490546,2.59094193057834
2021-01-29,0.33,0.347200132876146,0.439037507245388,0.757921189578536,1.04691508423438,1.32070921887864,1.60465458218217,2.64165431331724
2021-02-01,0.34,0.347200132876146,0.45397086653054,0.793411056936666,1.08494144029534,1.36127217554456,1.6477543829166,2.68983139483798
2021-02-02,0.34,0.349695805248906,0.456459543554999,0.793411056936666,1.09001163591074,1.36380736772028,1.66043084254472,2.69743833075364
2021-02-03,0.34,0.349695805248906,0.45894815882086,0.806086051052812,1.10268714018924,1.39930014937319,1.70099565885122,2.73800878598192
2021-02-04,0.35,0.359678185043677,0.468902002322302,0.816226062064662,1.12550310274755,1.43986353679297,1.74916666608393,2.78618648660782
2021-02-05,0.35,0.384631967100368,0.491294538395692,0.856786245807339,1.17367036637144,1.49817379546657,1.80240866911614,2.84450727491914
2021-02-08,0.35,0.412077551809276,0.558442160698114,0.920161980202572,1.23451367468066,1.56409029262183,1.8607217767628,2.90029280071711
2021-02-09,0.36,0.409582653417395,0.543524351989788,0.892276589881402,1.19648654826598,1.51338524277513,1.79987332698732,2.84197157904833
2021-02-10,0.34,0.394612613074052,0.538551255894859,0.874531396463474,1.17113523940044,1.47028622317971,1.75930797057742,2.78872216363206
2021-02-11,0.35,0.38213672822085,0.531091149290397,0.864391305137624,1.16352986370876,1.45761008866496,1.74663134212401,2.76843677143259
2021-02-12,0.35,0.384631967100368,0.538551255894859,0.887206530256113,1.20662709617307,1.50324427443311,1.79733798572352,2.80900761067182
2021-02-15,0.35,0.392117498015487,0.565900232937899,0.925232062510872,1.24718942697264,1.54887874124923,1.85311569330409,2.87493569216455
2021-02-16,0.36,0.394612613074052,0.568386133767085,0.970862960272534,1.30549816747509,1.61226041117515,1.91649995981975,2.92564999486724
2021-02-17,0.35,0.389622351997687,0.575843466510406,0.983538259789185,1.31310368926629,1.61733096816981,1.92157072447365,2.92057854919039
2021-02-18,0.36,0.397107697173382,0.593241753257701,1.013959067545,1.33845548505309,1.64268380512882,1.94692459957786,2.94847154277134
2021-02-19,0.36,0.402097772526311,0.580814713604383,1.04438000079947,1.3663425607646,1.68324852443962,1.98495557418266,2.99411484647203
2021-02-22,0.35,0.392117498015487,0.585785714263487,1.09254673502475,1.43479310121233,1.75677264315603,2.08637245606254,3.08286650788543
2021-02-23,0.34,0.387127175028645,0.565900232937899,1.05959051447722,1.39930014937319,1.72634878160116,2.04327011254539,3.00679359112452
2021-02-24,0.34,0.389622351997687,0.583300244737295,1.09761693586536,1.44746919667365,1.77959062109785,2.11172689223778,3.04482995333908
2021-02-25,0.35,0.394612613074052,0.603182276294412,1.18381088295703,1.57930187520379,1.91142919862193,2.23596487571072,3.16654760455524
2021-02-26,0.36,0.399602750329464,0.608152168320331,1.18634601427872,1.57676660927302,1.92410610809655,2.2283584090989,3.15386859072835
2021-03-01,0.35,0.394612613074052,0.575843466510406,1.12803821405167,1.50070903451611,1.83536819549344,2.1421523294836,3.08033073160008
2021-03-02,0.35,0.402097772526311,0.575843466510406,1.1128275592861,1.48549761323149,1.82269143728298,2.12693959533965,3.07525918159293
2021-03-03,0.35,0.427046292280409,0.625544850998416,1.16352986370876,1.57930187520379,1.92664149258339,2.22328743566487,3.18683407107621
2021-03-04,0.36,0.432035624875482,0.618091213515193,1.15085425496153,1.56916081668166,1.91649995981975,2.22075195024007,3.19190569624348
2021-03-05,0.36,0.439519391689736,0.645418509533258,1.2040919578914,1.63254265994874,1.98749097939803,2.31710100183344,3.28319553297465
2021-03-08,0.36,0.437024833697564,0.660321169175582,1.25225973397656,1.66803672871529,2.02805758025526,2.36274046014537,3.32630500682685
2021-03-09,0.35,0.42205683590435,0.632997934508772,1.21423251623747,1.66043084254472,2.04580553761424,2.40077355501305,3.37195060063107
2021-03-10,0.35,0.414572419257908,0.603182276294412,1.17113523940044,1.59451348899056,1.99763260889345,2.372882599852,3.34912776920839
2021-03-11,0.34,0.412077551809276,0.583300244737295,1.12043288275108,1.51084999938853,1.90128768659508,2.27146182239502,3.23755047638159
2021-03-12,0.35,0.424551579564003,0.615606544564606,1.16860011329967,1.56662555421829,1.97481396195598,2.34499174878293,3.31869743471136
2021-03-15,0.36,0.447002880054725,0.642934517601113,1.20155682047962,1.58690767819685,1.98242016983077,2.35006280487002,3.3339125866152
2021-03-16,0.37,0.447002880054725,0.660321169175582,1.21930280062963,1.60465458218217,1.99763260889345,2.37034706363488,3.34405603826766
2021-03-17,0.37,0.456980431399856,0.69260266946447,1.25225973397656,1.6477543829166,2.05848267590234,2.43627128481174,3.40745292003917
2021-03-18,0.38,0.469451674542043,0.742246233260246,1.32324439715401,1.72634878160116,2.1446877881919,2.52501634641711,3.49367353363537
2021-03-19,0.37,0.456980431399856,0.722391756749374,1.28521681427292,1.67057202583765,2.07623070574443,2.44134240282599,3.40491703454346
2021-03-22,0.37,0.447002880054725,0.709980712437108,1.23451367468066,1.5919782178593,1.99763260889345,2.36527599378156,3.32884086590379
2021-03-23,0.38,0.451991717597799,0.72735574441829,1.25733004445856,1.60465458218217,1.99509720022453,2.34499174878293,3.31869743471136
2021-03-24,0.38,0.459474741894006,0.754653285174101,1.34859622769552,1.70353096723048,2.07876614202995,2.41598684714637,3.37195060063107
2021-03-25,0.37,0.454486089962458,0.744727766447184,1.38662413638606,1.73395473530593,2.09651422018244,2.43627128481174,3.397309383168
2021-03-26,0.37,0.451991717597799,0.749690648608414,1.39676494503909,1.75930797057742,2.12693959533965,2.4768403252033,3.43788361242914
2021-03-29,0.36,0.454486089962458,0.72735574441829,1.38915933724675,1.76691395803334,2.12693959533965,2.46923361336873,3.42774003467103
2021-03-30,0.36,0.456980431399856,0.744727766447184,1.4094409753924,1.7948026453247,2.14975870819494,2.49458934956255,3.43534771671208
2021-03-31,0.37,0.469451674542043,0.809226084693471,1.52099097813887,1.91649995981975,2.27146182239502,2.61376246032567,3.48099396990462
2021-04-01,0.36,0.456980431399856,0.774501375905068,1.50577951521751,1.9063584408803,2.25624882457505,2.59601315340221,3.42013236029555
2021-04-02,,,,1.50070903451611,1.9063584408803,2.25624882457505,2.59601315340221,3.41252469358617
2021-04-05,0.35,0.447002880054725,0.72735574441829,1.46521576677054,1.87086323347692,2.21821646567681,2.55290786886773,3.37448647505028
2021-04-06,0.35,0.437024833697564,0.707498319242106,1.44493397584551,1.85818641474538,2.22075195024007,2.55037227162327,3.40998880638672
2021-04-07,0.35,0.432035624875482,0.690119846045612,1.42718745435138,1.84043890483052,2.20807453603922,2.55037227162327,3.430275927833
2021-04-08,0.37,0.442013918754647,0.67273836065862,1.36380736772028,1.7846612923798,2.15736509466509,2.50726724988344,3.41506058163745
2021-04-09,0.38,0.451991717597799,0.68763696114793,1.36380736772028,1.77198462066355,2.1548296316463,2.51740958560529,3.45817080882318
2021-04-12,0.37,0.447002880054725,0.690119846045612,1.37141294945897,1.78973196712213,2.17764882984663,2.53515870619245,3.49620944893518
2021-04-13,0.36,0.43453024475415,0.682671006916102,1.32831475631154,1.75423731659998,2.1548296316463,2.51233841602609,3.49367353363537
2021-04-14,0.36,0.432035624875482,0.675221614453214,1.31056851446685,1.74916666608393,2.1548296316463,2.51740958560529,3.49874536508621
2021-04-15,0.35,0.417067255755299,0.647902439946613,1.23197852683119,1.665501432459,2.06101810614856,2.41852239884506,3.38462998124858
2021-04-16,0.36,0.429540974045572,0.657837546356177,1.20155682047962,1.62493681016036,2.00523884008019,2.3602049273695,3.3415201740759
2021-04-19,0.36,0.43453024475415,0.682671006916102,1.24211912344701,1.66043084254472,2.04834096354605,2.40584464895091,3.397309383168
2021-04-20,0.36,0.444508414868316,0.712463044185263,1.27761132116411,1.70099565885122,2.09144333639733,2.45909134295541,3.45309900461532
2021-04-21,0.36,0.444508414868316,0.719909670764629,1.31310368926629,1.74916666608393,2.15229416948959,2.53262311496016,3.52917642528316
2021-04-22,0.36,0.449497314289893,0.724873781295265,1.33084993719366,1.77198462066355,2.18525524476103,2.57065707362396,3.57735918784314
2021-04-23,0.36,0.442013918754647,0.722391756749374,1.33084993719366,1.76944928891583,2.16497148889352,2.55037227162327,3.55453573571645
2021-04-26,0.36,0.449497314289893,0.742246233260246,1.37394814510894,1.81001470069211,2.21568098197504,2.59601315340221,3.60525461177741
2021-04-27,0.36,0.451991717597799,0.744727766447184,1.37901853901441,1.82776213797293,2.24610684325244,2.62897618544833,3.64582995752338
2021-04-28,0.36,0.451991717597799,0.747209238227242,1.39930014937319,1.85058033388024,2.2613198204037,2.64926120033564,3.66611771200027
2021-04-29,0.35,0.439519391689736,0.717427523349023,1.38915933724675,1.86325713964466,2.27906833293008,2.66954627013571,3.71683733612083
2021-04-30,0.35,0.432035624875482,0.705015864592262,1.38662413638606,1.85565105359247,2.26385531960982,2.64672557047148,3.69654944569136
2021-05-03,0.35,0.439519391689736,0.707498319242106,1.38915933724675,1.85311569330409,2.25117783219122,2.62644056244898,3.66358173971606
2021-05-04,0.35,0.442013918754647,0.702533348487577,1.36380736772028,1.82522678719557,2.21061001715623,2.58840632045414,3.61286247252623
2021-05-05,0.35,0.439519391689736,0.700050770928051,1.34859622769552,1.80240866911614,2.17764882984663,2.55544346697096,3.59003891323872
2021-05-06,0.35,0.437024833697564,0.67273836065862,1.33084993719366,1.78212595630625,2.15990055854591,2.53515870619245,3.55707167143904
2021-05-07,0.35,0.439519391689736,0.680187937581955,1.33845548505309,1.79226730579092,2.17764882984663,2.54276548504291,3.52410457340688
2021-05-10,0.35,0.439519391689736,0.677704806760993,1.33845548505309,1.78973196712213,2.17257789087966,2.5376942982837,3.51396087986597
2021-05-11,0.37,0.454486089962458,0.712463044185263,1.39422974157328,1.85058033388024,2.23089389710809,2.59094193057834,3.58243107544993
2021-05-12,0.38,0.459474741894006,0.734801265218188,1.45507486436536,1.9063584408803,2.31710100183344,2.6771531854658,3.63822206361879
2021-05-13,0.38,0.459474741894006,0.749690648608414,1.47535668305971,1.91903534171471,2.32724307958463,2.68983139483798,3.65090189104309
2021-05-14,0.43,0.534289675790056,0.87368294575807,1.58183714200137,2.02045132576165,2.39316692055662,2.75068709825248,3.6610457682817
2021-05-17,0.45,0.561714846636363,0.943051724727084,1.67057202583765,2.12440414266686,2.49966050711325,2.87747139916732,3.81827760350528
2021-05-18,0.39,0.509354456644573,0.886073747574656,1.62493681016036,2.08383701718904,2.46669804447612,2.84450727491914,3.79038139456602
2021-05-19,0.39,0.506860764687644,0.903418298418224,1.63507794494426,2.09904966336878,2.48951819544898,2.86732857629337,3.83856581995727
2021-05-20,0.41,0.551742489927953,0.967814664130096,1.72127815012584,2.19032619234634,2.58333510278124,2.9611502104423,3.92732740525861
2021-05-21,,,,1.72381346543069,2.19539714337866,2.59601315340221,2.96622168349923,3.93493558947542
2021-05-24,0.41,0.549249323486656,0.955433958789165,1.70606627647556,2.18018430062294,2.57572828271109,2.95354300727311,3.92479134554848
2021-05-25,0.39,0.519328915287609,0.915805426885186,1.68831912994214,2.16497148889352,2.57319267773819,2.94847154277134,3.91464711518581
2021-05-26,0.39,0.524315959105515,0.905895846520899,1.665501432459,2.1421523294836,2.52501634641711,2.89014994702321,3.83856581995727
2021-05-27,0.41,0.551742489927953,0.940575094442231,1.70353096723048,2.17257789087966,2.55290786886773,2.9155071069368,3.83602978993101
2021-05-28,0.41,0.549249323486656,0.94552829385286,1.71620752211303,2.19286166743162,2.57319267773819,2.93832862403498,3.84110185083204
2021-05-31,0.41,0.549249323486656,0.94552829385286,1.71620752211303,2.19286166743162,2.57572828271109,2.94847154277134,3.84110185083204
2021-06-01,0.45,0.629015324035365,1.03464407302489,1.82269143728298,2.28160383816385,2.65686809507615,3.01947235715494,3.87914241575378
2021-06-02,0.45,0.666394749326393,1.05196294851861,1.81001470069211,2.2663908196771,2.64672557047148,2.98904335459738,3.87407032940372
2021-06-03,0.46,0.698784632709781,1.11626402643683,1.87593396702035,2.33992069613778,2.72025918480994,3.05750878348774,3.95015198079607
2021-06-04,0.46,0.721205342830267,1.1755822950219,1.96974316102374,2.44134240282599,2.82675742180951,3.16908340988218,4.0972453359988
2021-06-07,0.47,0.758567639638663,1.20522827661951,2.00016801842571,2.45655577750092,2.83690018987606,3.16654760455524,4.11753429818578
2021-06-08,0.44,0.731169300649093,1.18052390061862,1.93678303916986,2.38809583521946,2.75829409590125,3.08033073160008,4.05159536915174
2021-06-09,0.55,0.875591244469121,1.42975886114449,2.13201050327207,2.5199451716835,2.82422173193422,3.08286650788543,3.9577601878988
2021-06-10,0.57,,,2.20807453603922,2.55544346697096,2.80393624377115,3.02707962703346,3.88167846020102
2021-06-11,0.56,0.917902168569462,1.49628123333123,2.21821646567681,2.5681214703684,2.84704297164642,3.08793806301966,3.9222552866861
2021-06-14,0.6,0.952739776711731,1.54306683480421,2.26385531960982,2.61122684247581,2.89268565916265,3.13611800723634,3.95015198079607
2021-06-15,0.58,0.930344864211285,1.53075695046834,2.2613198204037,2.62390494030786,2.90789994997533,3.16401180008212,3.95015198079607
2021-06-16,0.57,0.893014467685305,1.4790389291548,2.22075195024007,2.5681214703684,2.86732857629337,3.15133279052469,3.91718317150476
2021-06-17,0.58,0.90794745777778,1.52337029450145,2.2613198204037,2.61122684247581,2.91043566810658,3.20458477409975,3.95522411801701
2021-06-18,0.59,0.902969917605745,1.52337029450145,2.23850036630413,2.58333510278124,2.86732857629337,3.15386859072835,3.9095750050915
2021-06-22,0.63,0.942786790124828,1.56768207122138,2.28921035903116,2.63151180930583,2.92311427160092,3.22487134305178,3.99580133781494
2021-06-23,0.72,1.02985872692951,1.62673399893709,2.33484964693478,2.6619393625263,2.94086435243561,3.23755047638159,4.01609002905066
2021-06-24,0.77,1.10943438054001,1.69066770480253,2.40584464895091,2.72533049514363,3.00172209069804,3.29333891641552,4.07949253852093
2021-06-25,0.83,1.18649328250342,1.78894773118365,2.52501634641711,2.85211436767012,3.12090325469456,3.38970173946027,4.13782331453216
2021-06-29,0.83,1.19394902897962,1.78894773118365,2.57065707362396,2.90536423269998,3.17669083098575,3.43788361242914,4.17586536612253
2021-06-30,0.84,1.19146381086033,1.7815800692631,2.59601315340221,2.95861447519705,3.22487134305178,3.50381719994171,4.26970324021148
2021-07-01,0.86,1.20637465894458,1.78894773118365,2.60361999407628,2.9763646398782,3.26798048340042,3.56721542283618,4.36100606593262
2021-07-02,0.86,1.21631461023064,1.81595786148403,2.63911868602722,3.01186509497149,3.31869743471136,3.63315013859924,4.47767237995138
2021-07-05,0.89,1.24364694350731,1.86014057051942,2.72279483954807,3.10315274892865,3.42013236029555,3.73712528091321,4.5816590771514
2021-07-06,0.89,1.24364694350731,1.85523234179996,2.70758092398113,3.08033073160008,3.40491703454346,3.72951729524607,4.55883260760512
2021-07-07,0.89,1.23122361611649,1.83068759414162,2.65940372837226,3.01947235715494,3.33137672583324,3.64836592385827,4.46245493339468
2021-07-08,0.86,1.17655185724441,1.75210400747972,2.51233841602609,2.87747139916732,3.17669083098575,3.48352988094827,4.30013739381214
2021-07-09,0.86,1.16412438460145,1.69804204869006,2.44641352427901,2.80140056160598,3.09554540212935,3.3871658599284,4.21644376423742
2021-07-12,0.87,1.18152263130078,1.69312587968218,2.39570246451537,2.72025918480994,2.98904335459738,3.27812384637145,4.0921731039157
2021-07-13,0.91,1.24364694350731,1.7447336381089,2.44387796312266,2.77604378708012,3.04990148283428,3.32376914860246,4.10485369047147
2021-07-14,0.98,1.33803916204478,1.83805164923534,2.52248075862078,2.84450727491914,3.10822431773325,3.37195060063107,4.10738981032173
2021-07-15,0.9,1.23867770463892,1.74964727787597,2.49712492790826,2.85718576711931,3.12851062712185,3.39477350108006,4.14543170962296
2021-07-19,0.9,1.21134469599049,1.70541585035533,2.40330910155198,2.76336543195272,3.03975842726314,3.30094646295074,4.05413147122464
2021-07-20,0.89,1.20140449907691,1.67837592646336,2.34499174878293,2.7101165744319,3.00679359112452,3.2806596892466,4.07442031828871
2021-07-21,0.89,1.20140449907691,1.69558399431402,2.372882599852,2.73293746707459,3.03468690460658,3.30855401716064,4.10992593101829
2021-07-22,0.91,1.20637465894458,1.69804204869006,2.36274046014537,2.71518787790597,3.00172209069804,3.26798048340042,4.07949253852093
2021-07-23,0.92,1.20637465894458,1.69558399431402,2.34752727639624,2.69236703928557,2.97382889950037,3.24515796661873,4.06427588798337
2021-07-26,0.93,1.23370834298875,1.72016182729084,2.38809583521946,2.73040180890691,3.01693660223874,3.28573137755557,4.10231757146755
2021-07-27,0.97,1.29333258068787,1.79385920509922,2.49712492790826,2.86986428072755,3.16654760455524,3.43281182184669,4.28238412275888
2021-07-28,1.01,1.32313807240259,1.83068759414162,2.58333510278124,2.93832862403498,3.24008630560741,3.49874536508621,4.31028213871434
2021-07-29,1.01,1.35045589347182,1.87241009144667,2.56051466575375,2.92311427160092,3.20712059223163,3.4683144274565,4.26970324021148
2021-07-30,1.01,1.29333258068787,1.8208680127616,2.51487400038612,2.86479287271544,3.15894019369747,3.41759647054061,4.21390760801343
2021-08-02,1.04,1.35293914777002,1.88467811140658,2.57319267773819,2.90789994997533,3.19190569624348,3.44041950899783,4.21644376423742
2021-08-03,1.06,1.3827358081091,1.93128290491096,2.63404743402151,2.9763646398782,3.2705163228637,3.51649680197468,4.28492030180323
2021-08-04,1.06,1.3926670473321,1.95335130250029,2.65940372837226,3.00679359112452,3.31362572423073,3.56214354543631,4.33818025688095
2021-08-05,1.09,1.4348693439814,2.01462693832966,2.69997397777413,3.05750878348774,3.36180711147611,3.61286247252623,4.39651301594328
2021-08-06,1.17,1.55398099158255,2.20067528701673,2.83943588403395,3.17415502309746,3.46324261643693,3.7219093172228,4.46499117237877
2021-08-09,1.15,1.52172855169574,2.16398254691441,2.81661466744809,3.14879699117496,3.4454913046901,3.71430134684394,4.46245493339468
2021-08-10,1.13,1.49443398539262,2.12727637653121,2.80140056160598,3.13358221301072,3.43534771671208,3.70415739823109,4.45230998589377
2021-08-11,1.18,1.54653857987963,2.18355367899736,2.89522137215814,3.22740716801111,3.52156864874515,3.76502129374823,4.49288985687062
2021-08-12,1.18,1.55150021828376,2.2104577507438,2.90789994997533,3.25276546453461,3.54439200133341,3.78530936761114,4.50557111082717
2021-08-13,1.19,1.59862967940949,2.24468886101814,2.93072144396715,3.26544464479013,3.53424828056312,3.77516532388804,4.47767237995138
2021-08-16,1.24,1.60855026414719,2.22512965734545,2.90029280071711,3.23247882048978,3.49620944893518,3.7421972756043,4.43709258995084
2021-08-17,1.28,1.64574809939122,2.23001981591153,2.90029280071711,3.22740716801111,3.49113761918671,3.73966127783414,4.44470128412582
2021-08-18,1.28,1.67798065933233,2.26913250232919,2.97382889950037,3.31108987026936,3.57735918784314,3.81066953633735,4.5030348583494
2021-08-19,1.32,1.73995183661813,2.32777294451925,3.00932934262046,3.34405603826766,3.61286247252623,3.84870994854678,4.51064361831222
2021-08-20,1.36,1.77216930423185,2.3644058159995,3.06258032153028,3.3871658599284,3.65090189104309,3.88928659863135,4.54361499916456
2021-08-23,1.37,1.76225678692887,2.35708031214799,3.06004455208169,3.39477350108006,3.64836592385827,3.88675055163981,4.53346994372832
2021-08-24,1.36,1.7548220783361,2.34975427314854,3.03722266550741,3.369414727064,3.62300629876138,3.85378201793185,4.48528111461595
2021-08-25,1.36,1.74490870602106,2.3326581006069,3.00932934262046,3.33137672583324,3.58243107544993,3.81320555787803,4.4396288204988
2021-08-26,1.38,1.76721310664352,2.35219634561279,3.04482995333908,3.369414727064,3.61539842780969,3.8461739151268,4.45484622150363
2021-08-27,1.42,1.78455926389809,2.36196404083344,3.06511609183358,3.39477350108006,3.63822206361879,3.86646220623992,4.45738245795708
2021-08-30,1.44,1.80190392526125,2.38393787727187,3.08793806301966,3.40998880638672,3.65343785907788,3.87407032940372,4.47513613674997
2021-08-31,1.47,1.81429205338457,2.40102531084396,3.12090325469456,3.45309900461532,3.68640552086597,3.89435869515846,4.5258611610022
2021-09-01,1.9,2.35367390794927,3.09426709534932,3.69908542902171,3.96536840262907,4.1302149270561,4.28745648169255,4.78710037256513
2021-09-02,1.89,2.36108651336675,3.13062109701434,3.76755730000968,4.00848176348387,4.17079308158055,4.33564406009745,4.78456402661516
2021-09-03,1.91,2.38085212565764,3.15242717411834,3.80306147680751,4.0465231675463,4.19869068842536,4.36354227116025,4.8150002335154
2021-09-06,1.91,2.3907342034537,3.17665058904826,3.83095773242383,4.07442031828871,4.22151607922174,4.3787595202555,4.8150002335154
2021-09-07,1.93,2.41296710340677,3.18876010276803,3.86646220623992,4.12767879958968,4.28492030180323,4.43709258995084,4.8936276616266
2021-09-08,1.94,2.43766744354001,3.24686542349095,3.9577601878988,4.27223941503094,4.44470128412582,4.60702190113698,5.0762493186155
2021-09-09,2.01,2.52162591754512,3.37022756344219,4.12260654719534,4.44470128412582,4.62477592805024,4.79470941546092,5.31467858011603
2021-09-10,2.0,2.49446671680076,3.30735602176535,4.01101785115905,4.33564406009745,4.51571612916983,4.68818350387872,5.19799950594018
2021-09-13,2.02,2.50681226268235,3.29284160536858,3.93747165257645,4.23419688147706,4.41933899974045,4.5918041966357,5.08639509378095
2021-09-14,2.03,2.52162591754512,3.30735602176535,3.89943079507766,4.16064852264655,4.36861468414833,4.53600620632297,5.03059349645787
2021-09-15,2.04,2.54137576033031,3.30735602176535,3.87407032940372,4.10738981032173,4.29506502642978,4.45738245795708,4.94689186200865
2021-09-16,2.08,2.58827386600924,3.34605086551854,3.91971922867154,4.16318466111123,4.34325265298143,4.50049860671486,4.98493794616381
2021-09-20,2.07,2.56606033696105,3.28800299972443,3.85124598281514,4.08963698914377,4.25955854938416,4.41173033087927,4.86319114203213
2021-09-21,2.08,2.59320987265266,3.30009907615292,3.86392616688178,4.07949253852093,4.24941387207876,4.40412166961337,4.84036383175108
2021-09-22,2.11,2.62035574408337,3.33637855416669,3.91971922867154,4.12767879958968,4.30267357877054,4.46245493339468,4.88094576375764
2021-09-23,2.17,2.67710345713201,3.40889816126211,4.0389148714892,4.27477559069545,4.4396288204988,4.6019493296001,5.04073921122477
2021-09-24,2.21,2.74863210817422,3.50068111394819,4.12767879958968,4.36607847723214,4.53093368197661,4.69071981785671,5.12190541252189
2021-09-27,2.22,2.77575701252886,3.54654110988495,4.19108224004663,4.43455636024661,4.60448561494735,4.75920061337367,5.2182913915505
2021-09-28,2.25,2.80287825928927,3.58514379496544,4.25448620904112,4.49796235592352,4.67042932960289,4.83021838236892,5.28677690120647
2021-09-29,2.31,2.87436220310155,3.67435563490481,4.34578885229839,4.59941304509532,4.78456402661516,4.95450106372657,5.42628630812279
2021-09-30,2.34,2.90393433624381,3.71050000159645,4.3787595202555,4.63999369825248,4.83782746814465,5.01537494948043,5.47448105476434
2021-10-01,2.38,2.9482843852211,3.75144787575188,4.4396288204988,4.70593771940051,4.90884596679411,5.09146798639568,5.54043224952372
2021-10-04,2.42,2.99262465715522,3.81644839067441,4.52839742106792,4.7997821149294,5.00522926827929,5.19039006265922,5.69009282352138
2021-10-05,2.5,3.06896555267233,3.91266807760449,4.65521149877146,4.96211027300157,5.16756177806219,5.37048224169785,5.91078405020486
2021-10-06,2.49,3.0665033953543,3.93190094212947,4.67803825638442,4.99762001619082,5.21321841512172,5.42628630812279,5.97673897336486
2021-10-07,2.52,3.10097085536043,3.95353350690897,4.68564719074247,5.00776568732069,5.22590086247579,5.43389598489981,5.96912876121982
2021-10-08,2.75,3.36174728322813,4.27746328498202,4.99254718566187,5.30453250334026,5.48970051112074,5.67487297145988,6.16953351001772
2021-10-12,2.91,3.51166361126776,4.41870470879469,5.08132220452084,5.37301878139054,5.55565183619284,5.73575255983139,6.23295381420081
2021-10-13,2.93,3.57061646819989,4.4426242313893,5.02298421919298,5.29945946997405,5.47448105476434,5.64443335742488,6.09850338545128
2021-10-14,3.22,3.95093808583891,4.78643430073156,5.22082788102132,5.36033609129185,5.44404223230595,5.553115236327,5.92346764558875
2021-10-15,3.26,4.18858049200033,4.94600060295092,5.42628630812279,5.55818843689373,5.6571165153404,5.76365586499399,6.09342983004619
2021-10-18,3.22,4.12980850593847,4.88887170218888,5.36033609129185,5.49477366992401,5.60131077654888,5.71292265790677,6.04015769898658
2021-10-19,3.14,4.03426738701018,4.8245627669079,5.28931341328585,5.43389598489981,5.56072503842964,5.66979969411205,5.98434919299609
2021-10-20,3.2,4.03426738701018,4.84362156557516,5.29692295454647,5.43643254549746,5.56072503842964,5.6723363323689,5.97673897336486
2021-10-21,3.23,4.07836892728586,4.92934136816725,5.39838422431795,5.53789565466842,5.6723363323689,5.78902259356155,6.0858195031704
2021-10-22,3.21,4.03426738701018,4.89839544579862,5.36033609129185,5.49477366992401,5.62160372574223,5.73321590072715,6.03254742447263
2021-10-25,3.21,3.93622933075299,4.74352244249676,5.18024415001457,5.30453250334026,5.42882286621247,5.54296884521417,5.82453615353506
2021-10-26,3.24,3.96809694075984,4.75782843541506,5.1827806269189,5.29438643995588,5.41360353021505,5.51506633855534,5.78141256624143
2021-10-27,3.28,4.00486098723096,4.77928359928459,5.14727002651658,5.2385833307691,5.35526302110794,5.46433476723944,5.72560592841651
2021-10-28,3.44,4.12491006518145,4.90077624039209,5.19799950594018,5.2461928217949,5.33750730181728,5.42628630812279,5.63428684611054
2021-10-29,3.49,4.18123493281541,4.98406846590882,5.25633882155301,5.29692295454647,5.3806284054871,5.46687133786714,5.67740961138496
2021-11-02,3.51,4.19837415364999,4.96979471053116,5.20814544204367,5.24872932047835,5.3324342466929,5.42121319445148,5.64443335742488
2021-11-03,3.53,4.21306375207564,4.98406846590882,5.22336437132978,5.27663086126005,5.37555532191965,5.4694079093305,5.69262946845071
2021-11-04,3.58,4.25712611162865,5.00309698024903,5.23351034093924,5.28424038996416,5.3831649485254,5.4846273556596,5.72560592841651
2021-11-05,3.57,4.21061556017044,4.94600060295092,5.13712417085945,5.1827806269189,5.28931341328585,5.39838422431795,5.64443335742488
2021-11-08,3.66,4.27425886728283,5.0054752907176,5.15487942706037,5.19039006265922,5.28677690120647,5.39077458265835,5.64443335742488
2021-11-09,3.61,4.15429892046681,4.79596777630853,4.88094576375764,4.91138235392892,4.99762001619082,5.06863999604803,5.31467858011603
2021-11-10,3.68,4.23020026111143,4.81264917828828,4.79724576477469,4.78202768150617,4.86572751404335,4.94435546311547,5.1700982507767
2021-11-11,3.73,4.29139016372027,4.90077624039209,4.89109128037242,4.85050929458231,4.94181906506201,5.0204477951163,5.26648483470848
2021-11-12,3.79,4.38191707143432,5.02925529394815,5.05088493941579,5.05088493941579,5.13966063351639,5.22082788102132,5.4922370901046
2021-11-15,3.81,4.42349685907928,5.0886806457715,5.15741589558458,5.16502530618572,5.25380232035744,5.34765342210641,5.60384739227688
2021-11-16,3.83,4.42594246128802,5.07917495532073,5.18531710466115,5.19292654291506,5.27663086126005,5.36033609129185,5.61653048343638
2021-11-17,3.83,4.43083357649687,5.06729157516084,5.15995236494688,5.15487942706037,5.23604683543542,5.32228814648521,5.56579824400638
2021-11-18,3.92,4.52618655855108,5.19080995834642,5.29438643995588,5.28424038996416,5.35779955578159,5.44404223230595,5.71545931034116
2021-11-19,3.9,4.52374217487161,5.20979929178811,5.31467858011603,5.30199598623868,5.36287262763859,5.44404223230595,5.71799596360936
2021-11-22,3.82,4.42838803376056,5.05540678680738,5.12697832861446,5.08893153966901,5.11175959039745,5.14727002651658,5.25633882155301
2021-11-23,3.91,4.51885331839996,5.14332088883762,5.21068192816385,5.15741589558458,5.18024415001457,5.20560895676119,5.31721510140222
2021-11-24,3.99,4.60683455981226,5.26200142753819,5.3806284054871,5.34765342210641,5.36287262763859,5.3806284054871,5.48716393297239
2021-11-25,3.99,4.61416459312058,5.27148980643677,5.4034573229389,5.36540916482187,5.37555532191965,5.39331112904193,5.49477366992401
2021-11-26,3.89,4.45773258438997,5.08155146239986,5.24111982694024,5.2157549029173,5.22590086247579,5.26394833016368,5.38570149240005
2021-11-29,3.94,4.44061545012797,5.05065247710146,5.2157549029173,5.20307247231642,5.20814544204367,5.24872932047835,5.3831649485254
2021-11-30,3.93,4.41615987403576,5.02449974435404,5.19546302400871,5.17770767394818,5.19039006265922,5.22082788102132,5.34511689077914
2021-12-01,3.97,4.44550620855821,5.06491473016002,5.22082788102132,5.19292654291506,5.2005359887094,5.22843735445939,5.3806284054871
2021-12-02,4.01,4.44795154318101,5.04114318150251,5.18531710466115,5.16248883514725,5.18024415001457,5.19799950594018,5.33750730181728
2021-12-03,4.02,4.45528736868006,5.03638819556951,5.10415023260782,5.05342137356091,5.07878576114884,5.09654088236482,5.2461928217949
2021-12-06,4.08,4.49440725346761,5.06966836383871,5.13712417085945,5.07878576114884,5.09146798639568,5.11683249978285,5.26394833016368
2021-12-07,4.17,4.57018038593215,5.10531343647624,5.14219709701156,5.07117643606509,5.08893153966901,5.12444187014898,5.27663086126005
2021-12-09,4.29,4.67279524523789,5.18843603884545,5.1700982507767,5.08639509378095,5.07117643606509,5.08385864873155,5.2512658199992
2021-12-10,4.4,4.77779910934562,5.27860550157389,5.25380232035744,5.16248883514725,5.13966063351639,5.14473356134497,5.27409435336634
2021-12-13,4.48,4.88762820654642,5.37817226049953,5.34511689077914,5.25633882155301,5.24365632394888,5.24872932047835,5.38570149240005
2021-12-14,4.51,5.01934401314408,5.56518519630878,5.50999316638507,5.39584767626182,5.37555532191965,5.37301878139054,5.44911536102441
2021-12-15,4.51,5.01690561521251,5.61011101957831,5.553115236327,5.41614008412443,5.4034573229389,5.42882286621247,5.50238341439508
2021-12-16,4.52,5.02665902959265,5.57937447258272,5.52521269291975,5.39584767626182,5.40599387350369,5.45165192663741,5.5480420391004
2021-12-17,4.52,5.00471318213336,5.53680061997142,5.47701762873472,5.35779955578159,5.37555532191965,5.42121319445148,5.50745658155303
2021-12-20,4.56,5.05104049664595,5.59592609145021,5.553115236327,5.45418849308623,5.47448105476434,5.52774928359903,5.64189672834474
2021-12-21,4.56,5.0388501325358,5.56755021509758,5.52774928359903,5.43643254549746,5.46433476723944,5.52267610307571,5.64696998733938
2021-12-22,4.55,5.00715172787469,5.50604159429291,5.46687133786714,5.37301878139054,5.39331112904193,5.45165192663741,5.53028587511355
2021-12-23,4.56,5.02178238152329,5.49657538053605,5.44150566920054,5.35526302110794,5.37555532191965,5.40092077321033,5.4694079093305
2021-12-24,4.6,5.05591643543468,5.52970322051927,5.4617981974475,5.37809186328519,5.39584767626182,5.4237497508691,5.4922370901046
2021-12-27,4.66,5.09248220931546,5.54626303802852,5.4694079093305,5.3831649485254,5.39077458265835,5.41867663886992,5.44911536102441
2021-12-28,4.7,5.12416717071407,5.57228008537702,5.48716393297239,5.39331112904193,5.39077458265835,5.40599387350369,5.43643254549746
2021-12-29,4.98,5.42370889593791,5.7778138462119,5.61399386353529,5.49731025057891,5.4846273556596,5.49477366992401,5.49477366992401
2021-12-30,4.99,5.45534172901885,5.78017385642315,5.60892062623686,5.47955420354074,5.47955420354074,5.48716393297239,5.49984683206928
2022-01-03,5.05,5.58668642791194,5.89574638190093,5.73575255983139,5.55565183619284,5.54043224952372,5.56326164080052,5.57594466517906
2022-01-04,5.07,5.6766323805979,6.01589487863663,5.89810047562853,5.69516611421401,5.6723363323689,5.68755617942602,5.71292265790677
2022-01-05,5.08,5.68149317837818,6.03472864895593,5.93868798751198,5.74082588054075,5.71545931034116,5.72306927264705,5.74589920458453
2022-01-06,5.08,5.68635385870042,6.006476667066,5.90063718887908,5.69009282352138,5.66472642010081,5.66472642010081,5.69770276081127
2022-01-07,5.19,5.80540385105266,6.12649266721998,6.04523121948584,5.81185272051439,5.77380254642095,5.77633921886114,5.81185272051439
2022-01-10,5.28,5.91710098399556,6.24166703859608,6.17207031222313,5.94122471407827,5.89810047562853,5.90571061787728,5.95644509094879
2022-01-11,5.34,5.97777994306092,6.29803075732838,6.24056428556232,6.01732689789234,5.97673897336486,5.99449616414864,6.01479014637236
2022-01-12,5.36,6.0117521664953,6.30272630443152,6.21265926041821,5.98688593453667,5.95137162866395,5.96151855656148,5.98181245228724
2022-01-13,5.5,6.14758371389712,6.38017111043165,6.27100624568409,6.03762093998392,6.01479014637236,6.02240040342668,6.03001066796405
2022-01-14,5.5,6.15970707143099,6.38720858296438,6.21265926041821,5.98434919299609,5.96151855656148,5.96912876121982,5.95644509094879
2022-01-17,5.51,6.1548578160977,6.3965911116064,6.20504881644421,5.98434919299609,5.9488348987695,5.95390835939038,5.95137162866395
2022-01-18,5.56,6.2106171956513,6.4552120382313,6.2684694111109,6.06298856741729,6.01225339568392,6.02240040342668,6.00971664582701
2022-01-19,5.56,6.14758371389712,6.40597276261445,6.19490156943316,5.97927571241017,5.91839420493843,5.92854108956786,5.91078405020486
2022-01-20,5.62,6.14273416628564,6.37547918773329,6.13401836633578,5.89810047562853,5.82960953257419,5.82707284263815,5.81692609122362
2022-01-21,5.59,6.06269974617035,6.28394279689015,5.91332076761713,5.60638400883955,5.53282246746334,5.53028587511355,5.55565183619284
2022-01-24,5.62,6.06269974617035,6.26985285733106,5.91585748586165,5.61145724446879,5.52521269291975,5.51506633855534,5.5480420391004
2022-01-25,5.64,6.07967940557685,6.31681162690789,5.999569654715,5.68501953616469,5.59116432198377,5.58355448982477,5.59623754759688
2022-01-26,5.67,6.14030934863496,6.38486281364958,6.14162874056454,5.85243977947776,5.75350919690185,5.74843586785676,5.7687292040407
2022-01-27,5.94,6.54484927645527,6.71741402523374,6.39023840603188,6.03508418181262,5.88034350618298,5.83214622334316,5.82199946526492
2022-01-28,5.95,6.53032898900285,6.69169237824541,6.31159571166169,5.95390835939038,5.79916930832021,5.74336254214582,5.70784935553947
2022-01-31,5.96,6.52306845219908,6.65894619344165,6.23802746094535,5.85243977947776,5.70531270560657,5.64189672834474,5.63428684611054
2022-02-01,6.02,6.57630630399808,6.6963695320057,6.3014483252622,5.91839420493843,5.77126587481414,5.7103860063062,5.7281425850197
2022-02-02,6.02,6.55694871537804,6.64724853594301,6.21265926041821,5.82960953257419,5.75350919690185,5.72306927264705,5.76365586499399
2022-02-03,6.05,6.58840385098625,6.64724853594301,6.19743837994076,5.83468291494502,5.70784935553947,5.69262946845071,5.74843586785676
2022-02-04,6.15,6.68032143933495,6.79921177161802,6.30652201680337,5.94629816970704,5.81185272051439,5.8017059890928,5.82960953257419
2022-02-07,6.16,6.72868225218526,6.86927106889357,6.3775540466108,5.99195942011297,5.84229299474786,5.82707284263815,5.83214622334316
2022-02-08,6.47,7.19959186707975,7.45120322749848,6.93061132536688,6.40292278616932,6.1264079995824,6.06045180093351,5.96659202550183
2022-02-09,6.54,7.3298029326736,7.62049247398355,7.10820684623064,6.49425093448788,6.22280653067013,6.15177591783038,6.02493715744103
2022-02-10,6.67,7.47197429036017,7.78949646993343,7.24521186176623,6.63378212140728,6.33442737956977,6.24310111100908,6.06552533473224
2022-02-11,6.7,7.53218609535011,7.84499728402999,7.28073207210944,6.68705832547376,6.37501717721278,6.27100624568409,6.03762093998392
2022-02-14,6.66,7.52014517609645,7.85424443464322,7.28834356671626,6.68452135510984,6.37248030864348,6.27100624568409,6.03001066796405
2022-02-15,6.66,7.55626577185886,7.9351206571463,7.39997967053372,6.8062968644397,6.48664021446959,6.3800909168376,6.09596660733329
2022-02-16,6.64,7.50328667819478,7.83112495941296,7.27819490888442,6.72003901540119,6.40545966468253,6.30398517061812,5.98181245228724
2022-02-17,6.76,7.61163809141241,7.86349073279435,7.28834356671626,6.74287188252827,6.4105334241946,6.28622727054315,5.97166549776966
2022-02-18,6.83,7.66458866018205,7.89584606548743,7.34162423605578,6.79614883265454,6.4967878428164,6.3395010926697,6.03254742447263
2022-02-21,6.83,7.65496232069651,7.89584606548743,7.33908705310882,6.79107482171544,6.48917712031445,6.32935366978618,6.00464314860782
2022-02-22,6.91,7.67662093678112,7.93050091507741,7.37460768911642,6.82912998424707,6.52215697163008,6.33442737956977,6.00464314860782
2022-02-23,6.99,7.75120499218485,8.01362373447301,7.45326109874762,6.9128519953974,6.58811709384071,6.3800909168376,5.999569654715
2022-02-24,7.15,7.85221026468275,8.09898379798657,7.56489955027537,7.00164904922409,6.66676258570353,6.44097605085561,6.01986365024378
2022-02-25,7.16,7.82335679012913,8.09898379798657,7.56489955027537,7.01433442505177,6.67437348191866,6.43590227146185,5.95390835939038
2022-02-28,7.17,7.80652368521118,8.05977333003405,7.51922908271421,6.95851892552133,6.60841262856842,6.369943440903,5.87273338890824
2022-03-01,7.19,7.74398838882995,7.97437987612604,7.42027731478589,6.84688912365043,6.4790295019026,6.2481747643919,5.78141256624143
2022-03-02,7.22,7.78006881693916,8.00669946334054,7.51161736395369,6.92300017900351,6.54752618320935,6.31159571166169,5.88795363095054
2022-03-03,7.28,7.82095214709244,8.02054752761183,7.51669184230717,6.92300017900351,6.54752618320935,6.31159571166169,5.91078405020486
2022-03-04,7.34,7.8546145340983,7.99515794910022,7.47609610735551,6.84942614686621,6.45873430482327,6.23041699207334,5.84736638544721
2022-03-07,7.48,8.07568447944007,8.16814137055921,7.66131585398164,7.02194566043595,6.61856041578097,6.37501717721278,5.97673897336486
2022-03-08,7.49,8.12851305664886,8.23494839493577,7.76027065876306,7.10313263247964,6.69466924152391,6.43336538300743,6.01986365024378
2022-03-09,7.46,8.08529070727726,8.18657533943856,7.71967366512596,7.02955690323517,6.57543241151788,6.31666940983702,5.90063718887908
2022-03-10,7.57,8.15252146073764,8.23725129196085,7.80847986082069,7.1361150807195,6.69466924152391,6.4181440696764,5.99195942011297
2022-03-11,7.57,8.12851305664886,8.23264544503299,7.86683876368051,7.20969181257969,6.77331580943681,6.50439857276899,6.01479014637236
2022-03-14,7.65,8.16212402012528,8.28790165408133,7.996244829931,7.3517729760584,6.93314837580385,6.65407777520983,6.11118728850393
2022-03-15,7.63,8.07328285080011,8.16814137055921,7.94549709966652,7.30610374956464,6.89762974473001,6.59826485458792,6.02747391228684
2022-03-16,7.68,8.06127427750436,8.19348720442292,8.0190814151339,7.37968207883037,6.98642662542472,6.69720621519336,6.05537827045946
2022-03-17,7.73,8.08529070727726,8.18196716482866,8.02923102978714,7.37968207883037,6.99657490466126,6.68959529666409,5.99195942011297
2022-03-18,7.79,8.13811676212772,8.29020333564667,8.04953029828082,7.39744246869682,6.98135249075136,6.67691044897674,5.97927571241017
2022-03-21,7.88,8.23412860840111,8.42590914545216,8.17386445737609,7.50400565257539,7.09044711251001,6.77331580943681,6.11118728850393
2022-03-22,7.98,8.34208718878049,8.52240153071016,8.2829756384214,7.61310755420985,7.19446898370342,6.89001863053123,6.28115359227217
2022-03-23,7.99,8.36607011831081,8.54995374232637,8.32357553220009,7.65624128218336,7.24774901430401,6.94837069574081,6.35472225186575
2022-03-24,8.12,8.47635478178432,8.62797726659981,8.47328944148435,7.80340519406344,7.39236806748638,7.0853729102857,6.55767389101112
2022-03-25,8.08,8.44519350541706,8.58208842656794,8.40477594503772,7.73997213575073,7.34162423605578,7.04477941107682,6.46888189673847
2022-03-28,8.12,8.44998786213669,8.51321577805564,8.26775073201143,7.60803301354627,7.2528233218462,6.95090775194931,6.31413256033473
2022-03-29,8.16,8.44519350541706,8.46038136879201,8.14595253688668,7.56236229510776,7.22237752592862,6.96105598502743,6.31666940983702
2022-03-30,7.62,7.73677152657815,7.61817537241694,7.33654987098342,6.83166700168596,6.60587568383273,6.45873430482327,6.14416553363524
2022-03-31,7.59,7.73196014122401,7.61354100869216,7.16909766805354,6.71242807456245,6.49425093448788,6.40038590848462,6.13148157658734
2022-04-01,7.62,7.76804272660758,7.65524257553984,7.21222895360456,6.75555683762052,6.5348415670752,6.42321783747319,6.22026971186223
2022-04-04,7.63,7.81133328749561,7.70155732395228,7.24013755915733,6.77331580943681,6.54752618320935,6.42829160858356,6.22026971186223
2022-04-05,7.67,7.87865564789403,7.80800015386252,7.37460768911642,6.88748159411472,6.63124516840241,6.49171402698723,6.25071159232791
2022-04-06,7.71,7.91471193220428,7.88198077234981,7.53952703549587,7.0523906761182,6.78092680974489,6.63378212140728,6.35979597822933
2022-04-07,7.74,7.94595548515709,7.9281909642468,7.64355486702355,7.15641204108224,6.90016678444594,6.75809383111674,6.42321783747319
2022-04-08,8.0,8.20292978450077,8.26948629982383,8.02669362489914,7.47863333463694,7.24774901430401,7.0523906761182,6.64392994169469
2022-04-11,8.02,8.21492990479022,8.2717884040111,8.06221736761887,7.53952703549587,7.30356657812083,7.12342950724105,6.69213226868079
2022-04-12,8.03,8.20292978450077,8.14278913026012,7.8795255389347,7.36699611070502,7.1361150807195,6.95598186683961,6.55260003545537
2022-04-13,8.07,8.20292978450077,8.09206541737417,7.73489751318284,7.23252611141105,6.97120423129518,6.79107482171544,6.45619740891477
2022-04-14,8.11,8.23412860840111,8.15431367023844,7.79579320006329,7.29849223769861,7.06000194857257,6.89001863053123,6.56021082003007
2022-04-18,8.09,8.22212963336355,8.14509414419184,7.77295726224454,7.27819490888442,7.03970523850117,6.86211127532248,6.52215697163008
2022-04-19,8.08,8.21972975246954,8.1358737706152,7.7577333405219,7.24774901430401,7.01687150268921,6.83674103903968,6.49171402698723
2022-04-20,8.12,8.25812441154561,8.19348720442292,7.80086786191194,7.28580640102539,7.04731649860024,6.86211127532248,6.50693548440877
2022-04-21,8.18,8.31810139964162,8.29250496440626,7.91758598731673,7.37460768911642,7.10566973894349,6.9128519953974,6.53737848864699
2022-04-22,8.26,8.43320711370588,8.41671455128612,8.06475478393509,7.47863333463694,7.18178331559471,6.98135249075136,6.59826485458792
2022-04-25,8.26,8.41882250082904,8.40292107948137,8.04953029828082,7.46087276089813,7.13104084885887,6.9280742757545,6.52469388906387
2022-04-26,8.26,8.36846825400883,8.33392525304522,7.9251980990608,7.33654987098342,7.0574648569308,6.88494455852311,6.47141879678748
2022-04-27,8.27,8.37326443964947,8.33852645166733,7.91251125024026,7.32386397267999,7.03970523850117,6.86718533248079,6.44604983356245
2022-04-28,8.31,8.38765231048821,8.3523287812266,7.90743651643286,7.31878961910997,7.01687150268921,6.83420401995016,6.42575472261417
2022-04-29,8.34,8.41642496534689,8.40522012318079,7.88967497385362,7.32893832953656,6.98896369399766,6.79361182677218,6.38262778789311
2022-05-02,8.47,8.53626674960317,8.52929029318261,7.96072138443702,7.39490526768105,7.06000194857257,6.84942614686621,6.42068095316057
2022-05-03,8.5,8.54585100881344,8.53158644220553,7.92266072766223,7.3568473509884,7.02955690323517,6.82405595184532,6.40799654402431
2022-05-04,8.54,8.59137000524957,8.58667825542891,7.97087092395614,7.40251687319167,7.08029871135512,6.87479642440609,6.44097605085561
2022-05-05,8.56,8.59376545661483,8.59585728311885,7.98355786673408,7.42535173405856,7.10566973894349,6.90524086635222,6.44351294179493
2022-05-06,8.99,9.05555437927585,9.06516130784851,8.48851474343384,7.82877856057014,7.40759128097073,7.17924618444101,6.62870821622439
2022-05-09,9.1,9.14874063028748,9.13137372802719,8.44537646394479,7.80847986082069,7.39744246869682,7.17163479591625,6.62870821622439
2022-05-10,9.03,9.11051559527021,9.06744522249792,8.23730100718034,7.61818209815139,7.26043478932572,7.04224232437713,6.53991541104633
2022-05-11,8.99,9.09140035366462,8.96918990185025,8.06475478393509,7.46087276089813,7.10820684623064,6.9128519953974,6.42321783747319
2022-05-12,8.98,9.06989353552223,8.86854984204444,7.92266072766223,7.30102940749879,6.97374129492288,6.78346381149901,6.33189052426342
2022-05-13,9.05,9.14635177837919,8.92803117251351,7.99117004220211,7.36445891954385,7.04224232437713,6.84942614686621,6.42321783747319
2022-05-16,9.07,9.17262758929027,8.9028702989129,8.00639441518864,7.3543101631127,7.02194566043595,6.82405595184532,6.43336538300743
2022-05-17,9.13,9.2275568333875,8.98290572600668,8.06982961901603,7.41012848609182,7.07015032337557,6.86972236229753,6.46888189673847
2022-05-18,9.11,9.21561696916218,8.9028702989129,7.99117004220211,7.31371526882667,6.96613010651268,6.7530198449502,6.35979597822933
2022-05-19,9.12,9.21561696916218,8.85024079553354,7.92773547127654,7.20715467237729,6.84181507969459,6.67183651568708,6.3420379504632
2022-05-20,9.18,9.21561696916218,8.78842307797267,7.80086786191194,7.04477941107682,6.63378212140728,6.44097605085561,6.17207031222313
2022-05-23,9.18,9.22039299989308,8.76322715514455,7.76027065876306,6.9635930453579,6.57543241151788,6.3775540466108,6.13148157658734
2022-05-24,9.19,9.22516891723468,8.7609363028287,7.72221097108878,6.91792608555111,6.54245233427315,6.3420379504632,6.09089305358999
2022-05-25,9.21,9.23710821455348,8.76551795513425,7.70698714759277,6.89762974473001,6.50186166195696,6.32935366978618,6.09342983004619
2022-05-26,9.29,9.27292185555828,8.822770957849,7.77803190936546,6.97120423129518,6.58558015572173,6.41560718702068,6.17207031222313
2022-05-27,9.3,9.25859716424515,8.83650681707504,7.79071854148718,6.98135249075136,6.59319097256006,6.4181440696764,6.14416553363524
2022-05-30,9.3,9.25859716424515,8.83650681707504,7.79579320006329,6.98642662542472,6.60080179684246,6.42829160858356,6.14416553363524
2022-05-31,9.35,9.30634216907489,8.94861264832514,7.93788496831105,7.09805842202178,6.70735411813432,6.51708313924548,6.18475433570427
2022-06-01,9.4,9.37555230439369,9.01718708312771,8.02161881757251,7.17417192460175,6.77585280871376,6.5703585443794,6.19997519127851
2022-06-02,9.46,9.43042617541678,9.10169770319769,8.14341509446248,7.30356657812083,6.88748159411472,6.67437348191866,6.25832208111416
2022-06-03,9.47,9.45666491042552,9.12909126857375,8.18147681645136,7.32640115069745,6.89001863053123,6.67437348191866,6.24563793728561
2022-06-06,9.44,9.45666491042552,9.19069945073758,8.27536318155062,7.42281452401177,6.97881542465097,6.74540887189481,6.27861675438088
2022-06-07,9.51,9.52105457235586,9.26822633522573,8.36163812193587,7.50654288888122,7.09552131802784,6.8722593929393,6.38516465977736
2022-06-08,9.42,9.4900547151866,9.3320270422792,8.45806416880905,7.58519762112915,7.16148628940223,6.91538904006193,6.44351294179493
2022-06-09,9.42,9.53536058772819,9.39578719341405,8.55449139006415,7.68922605743645,7.27058342414126,7.02194566043595,6.56021082003007
2022-06-10,9.43,9.6068754082177,9.47770502124712,8.65599499583496,7.78056923415333,7.3543101631127,7.12850373416316,6.63631907523896
2022-06-13,9.48,9.63070803326715,9.54819180388977,8.76257517986672,7.86683876368051,7.45833553936066,7.21984038161396,6.67944741686131
2022-06-14,9.46,9.64024029278487,9.57319134125001,8.87930749917019,7.96072138443702,7.54713878132016,7.29849223769861,6.72511298009124
2022-06-15,9.48,9.62832489781817,9.51181771417353,8.82094112510257,7.92266072766223,7.46848443043426,7.24013755915733,6.70228016501127
2022-06-16,9.46,9.57588877400717,9.30696731835923,8.59001750425465,7.73489751318284,7.2629719467965,7.02448274054515,6.54752618320935
2022-06-17,9.48,9.56396956675398,9.24999010550742,8.49105229660458,7.65624128218336,7.17163479591625,6.91538904006193,6.46634499751753
2022-06-20,9.48,9.56396956675398,9.24999010550742,8.49866496099501,7.6714650074077,7.17924618444101,6.91538904006193,6.46634499751753
2022-06-21,,,,8.50627763270231,7.6740022978119,7.18685758037023,6.9027038249867,6.46634499751753
2022-06-22,9.48,9.50436293517143,9.1496315340942,8.30835054760104,7.48117056273889,6.99403783361594,6.73526091938463,6.31159571166169
2022-06-23,9.49,9.49243948918888,9.12224357857472,8.21953872188415,7.40251687319167,6.92300017900351,6.67437348191866,6.27354308108681
2022-06-24,9.57,9.59734156757275,9.25226981554417,8.38955080414589,7.55728778723224,7.09044711251001,6.84942614686621,6.41560718702068
2022-06-28,9.6,9.64977210064788,9.32519319300074,8.49866496099501,7.67653958903516,7.21984038161396,6.98135249075136,6.52723080732529
2022-06-29,9.63,9.64262328709076,9.31380240945234,8.51135275123855,7.6740022978119,7.21476609545191,6.9635930453579,6.50186166195696
2022-06-30,9.68,9.66406896568373,9.33658268314375,8.513890311726,7.66639042905646,7.18432044757111,6.90016678444594,6.47141879678748
2022-07-01,9.69,9.70218897249886,9.33658268314375,8.47582698977645,7.59788394205363,7.04985358694739,6.74794586208731,6.3572591146331
2022-07-04,9.69,9.70695346549899,9.3320270422792,8.48090208880006,7.59788394205363,7.08791001098614,6.79361182677218,6.38770153249029
2022-07-05,9.71,9.75935544233675,9.40261623490635,8.53672839269044,7.55728778723224,7.04477941107682,6.73272393332216,6.32935366978618
2022-07-06,9.83,9.94979310320954,9.59591278780625,8.76765046242321,7.76788261839689,7.20208039444008,6.85450019577327,6.44604983356245
2022-07-07,10.11,10.1780805879574,9.88629363909865,9.08486205379213,8.00639441518864,7.41774010638094,7.06000194857257,6.58811709384071
2022-07-08,10.17,10.2398638930294,10.0130713975259,9.20413688299371,8.13072789457565,7.51669184230717,7.14372643468324,6.63124516840241
2022-07-11,10.34,10.4488359372583,10.2774303728763,9.54674471488601,8.45806416880905,7.81101719542638,7.43550058245439,6.84181507969459
2022-07-12,10.44,10.5081634232063,10.3721587803944,9.68379196021518,8.5646416921549,7.90236178589478,7.51415460272031,6.92553722696672
2022-07-13,10.47,10.5817052158139,10.5365932015937,9.78277198530788,8.58494233533553,7.89982442185175,7.50908012600733,6.9027038249867
2022-07-14,10.43,10.7476685035426,10.7389502452033,10.1964709508652,8.94021199863801,8.12565302033057,7.70191254631099,7.02701982147824
2022-07-15,10.26,10.6694457259193,10.7367040748576,10.064491051927,8.79810222588373,7.9810204765449,7.55221328263629,6.90524086635222
2022-07-18,10.18,10.360999137065,10.3856841101626,9.78277198530788,8.53672839269044,7.76280797782261,7.36445891954385,6.79361182677218
2022-07-19,10.2,10.3989873246686,10.3699043814469,9.77515809380833,8.55956653948444,7.81862920415162,7.41774010638094,6.89001863053123
2022-07-20,10.22,10.4369683402732,10.3834300151799,9.88936722561153,8.7143601574091,7.97087092395614,7.5674368062628,7.05492776611267
2022-07-21,10.32,10.4820614848595,10.4104758123977,9.96296952780693,8.80317753114605,8.04699288686195,7.66385314110949,7.08283581040869
2022-07-22,10.31,10.5437515185649,10.3766674262911,9.87160125382653,8.7498869876695,7.99878222502048,7.61310755420985,7.00672319708315
2022-07-25,10.3,10.5295170358763,10.3586316266453,9.89951922715462,8.76257517986672,7.9810204765449,7.60042120869742,6.98135249075136
2022-07-26,10.33,10.5057906596606,10.3676499318359,9.82845548619446,8.72451066411446,7.92266072766223,7.52430356598888,6.91538904006193
2022-07-27,10.33,10.4773153140112,10.3428476413026,9.66602644416994,8.57732958804958,7.80594252703304,7.40251687319167,6.79107482171544
2022-07-28,10.36,10.4440889824771,10.3022488419562,9.45284332847058,8.42000111522177,7.66892771782255,7.23252611141105,6.62363431434889
2022-07-29,10.38,10.5200268211743,10.3293165339,9.38685923058518,8.32865053358078,7.57758583841071,7.15894916483082,6.53737848864699
2022-08-01,10.39,10.5010450486045,10.299992871226,9.33102695822887,8.26521325046103,7.52176632394144,7.1208923950147,6.49171402698723
2022-08-02,10.45,10.5769613952216,10.3969538253317,9.45791905088262,8.38447576369203,7.6714650074077,7.27312058490033,6.64900385679887
2022-08-03,10.41,10.5769613952216,10.4127292997065,9.57212365728375,8.46060171222183,7.75519602309915,7.34416141982421,6.70481714115965
2022-08-04,10.42,10.5579849941471,10.3202947814669,9.50106282154852,8.38447576369203,7.66639042905646,7.24267471005065,6.60080179684246
2022-08-05,10.47,10.612537323377,10.3699043814469,9.60004058692583,8.47328944148435,7.75012139070905,7.31878961910997,6.67437348191866
2022-08-08,10.49,10.636251114164,10.3879381544898,9.58735106137512,8.47075189400541,7.73743482405751,7.30356657812083,6.68198438557235
2022-08-09,10.49,10.5840770841636,10.3541221699812,9.5645099661086,8.44791400329095,7.70952444946191,7.29849223769861,6.65661473565535
2022-08-10,10.49,10.5674734184333,10.2887122564397,9.43507832542137,8.30581305301805,7.59280941122489,7.19700611979306,6.58304321842995
2022-08-11,10.47,10.5295170358763,10.2164862651639,9.37417004349088,8.24745090242061,7.53952703549587,7.16148628940223,6.58304321842995
2022-08-12,10.5,10.5484961223228,10.2368050822488,9.3767078792965,8.24745090242061,7.53952703549587,7.17163479591625,6.62363431434889
2022-08-16,10.53,10.5651013543122,10.2390624745459,9.40969981816711,8.24491342738827,7.54713878132016,7.16909766805354,6.58304321842995
2022-08-17,10.6,10.6433647063593,10.3766674262911,9.61780595650808,8.43776385078658,7.73489751318284,7.33401268967957,6.71242807456245
2022-08-18,10.64,10.7026348613992,10.496072759576,9.82845548619446,8.61793099138697,7.91758598731673,7.49639394857984,6.84181507969459
2022-08-19,10.77,10.8400744087662,10.6625522221595,10.0340344599469,8.80063987810951,8.06982961901603,7.62071937135136,6.94075953206206
2022-08-22,10.83,10.9016547738374,10.8108011521475,10.1787042998261,8.98081525742938,8.23476353540748,7.78818121342642,6.97374129492288
2022-08-23,10.82,10.8613928221848,10.703005482477,10.0314964158275,8.85393076211529,8.1205781493483,7.69937524689834,6.90524086635222
2022-08-24,10.84,10.8898138597642,10.7569177975213,10.077181332661,8.87169446954552,8.1358027720835,7.71459905565643,6.90524086635222
2022-08-25,10.83,10.8305988331781,10.6378227516002,9.95281744599208,8.72958592233528,7.98355786673408,7.57251132069718,6.7682418133602
2022-08-26,10.89,10.9040228730262,10.7142396045417,10.0213442473697,8.7854139769175,8.03176843549156,7.60549574444376,6.76063082543885
2022-08-29,10.88,10.8921820983374,10.7187329011085,10.0238822882811,8.77526339234065,8.03430584201239,7.60042120869742,6.75048285310578
2022-08-30,10.88,10.8637613953464,10.682780891619,9.97312162246109,8.72704829281921,7.97340831087809,7.54206428328394,6.69720621519336
2022-08-31,10.84,10.7808447378144,10.550096378938,9.8538353213937,8.62554377766038,7.85922670833927,7.43042615661478,6.60587568383273
2022-09-01,10.86,10.7950614492784,10.5163350266722,9.85129733425893,8.61539339758668,7.83385324368688,7.40251687319167,6.62617126487322
2022-09-02,10.83,10.7547781571924,10.4758063986585,9.82845548619446,8.59255508993271,7.80340519406344,7.37460768911642,6.63631907523896
2022-09-05,10.86,10.7618875595952,10.5140838657745,9.89951922715462,8.6610702102307,7.86176405930201,7.43803779660543,6.67691044897674
2022-09-06,10.81,10.7618875595952,10.5410944626856,9.97819767460253,8.74227408208494,7.9404223446125,7.50908012600733,6.77585280871376
2022-09-07,11.11,11.001090946869,10.6760384550579,10.0035779834479,8.7498869876695,7.92012335708088,7.48117056273889,6.74540887189481
2022-09-08,11.27,11.2187319289614,10.889329196095,10.0924096959959,8.85139309286675,8.00131962092658,7.54713878132016,6.81137088528545
2022-09-09,11.23,11.1359614750706,10.8332440099677,9.99342585028271,8.78287632955688,7.94295972173098,7.4887822519675,6.7682418133602
2022-09-12,11.17,11.1099408691047,10.7950881634533,9.88175323288543,8.67375826042638,7.84146527449587,7.3517729760584,6.67691044897674
2022-09-13,11.22,11.1525182903813,10.837731979036,9.97565964813063,8.72197303622104,7.8795255389347,7.39490526768105,6.71496505401583
2022-09-14,11.23,11.1335961045071,10.8085565901712,9.9248992872133,8.67629587290073,7.81862920415162,7.33401268967957,6.65661473565535
2022-09-15,11.22,11.1430574199103,10.7950881634533,9.90205722954769,8.68137110028449,7.82877856057014,7.3517729760584,6.68959529666409
2022-09-20,11.32,11.277832839391,10.9319329747519,10.0594149452455,8.81840346639098,7.9810204765449,7.51161736395369,6.80122284689602
2022-09-21,11.34,11.3203747468438,11.090976613267,10.2421568051315,8.97320213061867,8.13834021206086,7.66892771782255,6.90524086635222
2022-09-22,11.43,11.4573930637683,11.3078547952083,10.4502845327456,9.18637243358051,8.33880054611273,7.86430141108245,7.0523906761182
2022-09-23,11.42,11.5164239145438,11.3926897163683,10.5264301661981,9.28534629861866,8.42000111522177,7.95818400159949,7.10313263247964
2022-09-26,11.54,11.6226358170008,11.5131213171082,10.6939530886926,9.46807050537926,8.61285580459856,8.15863976124076,7.30610374956464
2022-09-27,11.55,11.6273550447934,11.5242650809879,10.737103495067,9.52136585303043,8.64584457678572,8.15102742418172,7.2528233218462
2022-09-28,11.48,11.5140630130455,11.3971527253787,10.5315065673182,9.30818659573493,8.40985099851124,7.91758598731673,7.03716815344899
2022-09-29,11.59,11.6273550447934,11.5198077240004,10.6406499636571,9.43507832542137,8.54180353073395,8.02415622082759,7.11581817303146
2022-09-30,11.52,11.495174803577,11.3993841554274,10.4604372423345,9.2878841061804,8.42000111522177,7.9251980990608,7.02448274054515
2022-10-03,11.5,11.4030693789857,11.2721133527307,10.2396186953117,9.05440919212872,8.20938886250222,7.71967366512596,6.83166700168596
2022-10-04,11.5,11.4030693789857,11.2140063335424,10.1888566670433,9.05694692615184,8.20177647652429,7.70698714759277,6.8189819227451
2022-10-05,11.51,11.3770833000091,11.1692857105217,10.1787042998261,9.04679599491318,8.2043139377018,7.71206175214978,6.86464830348907
2022-10-06,11.48,11.3558194657637,11.1178323340981,10.0873335716779,8.97320213061867,8.17893936261094,7.68922605743645,6.96105598502743
2022-10-07,11.45,11.3085584526766,10.979000318998,9.87667724174985,8.77780103726844,8.06475478393509,7.58773488367472,6.86972236229753
2022-10-11,11.39,11.2612863344967,10.9588313042757,9.83606942831925,8.74481171646861,8.05714253743499,7.59788394205363,6.9280742757545
2022-10-12,11.42,11.2967414644407,10.9072698347337,9.65333681398866,8.57732958804958,7.90743651643286,7.49639394857984,6.86464830348907
2022-10-13,11.42,11.240010256893,10.6333258291338,9.33356478031884,8.18147681645136,7.56236229510776,7.22998896380691,6.73526091938463
2022-10-14,11.41,11.2069096631311,10.5140838657745,9.22190137199301,8.0672922010675,7.43042615661478,7.07015032337557,6.64139298538267
2022-10-17,11.44,11.2187319289614,10.4510308400458,9.03918280497877,7.89221233462702,7.26550910508936,6.90777790854256,6.46127120155993
2022-10-18,11.5,11.3038317406788,10.5905950078284,9.22697694754855,8.09012899198329,7.46087276089813,7.09552131802784,6.60841262856842
2022-10-19,11.46,11.2967414644407,10.6760384550579,9.391934911069,8.2829756384214,7.62325664537078,7.26043478932572,6.72764996367543
2022-10-20,11.47,11.3085584526766,10.7209794739083,9.45030546847372,8.3438755572637,7.6714650074077,7.31878961910997,6.75048285310578
2022-10-21,11.45,11.2967414644407,10.703005482477,9.45284332847058,8.3438755572637,7.65624128218336,7.2934179005637,6.75048285310578
2022-10-24,11.46,11.284923782056,10.6490641758317,9.42492691284398,8.31850053407648,7.62325664537078,7.25536047685058,6.73018694808574
2022-10-25,11.47,11.2471025327716,10.5995924830653,9.26504386718872,8.16625210563904,7.47609610735551,7.11581817303146,6.62617126487322
2022-10-26,11.45,11.1856278337523,10.5005758393251,9.06202239662488,7.99370743565822,7.36445891954385,6.99657490466126,6.5348415670752
2022-10-27,11.44,11.1123065178136,10.3451026484196,8.85646843217425,7.81101719542638,7.2528233218462,6.91538904006193,6.53737848864699
2022-10-28,11.45,11.1264998259344,10.3451026484196,8.83109176805521,7.74250944826254,7.15894916483082,6.8265929676335,6.42575472261417
2022-11-02,11.48,11.1761685202358,10.3405925834901,8.77526339234065,7.67653958903516,7.10059552683906,6.78600081407881,6.40545966468253
2022-11-03,11.43,11.1950867025286,10.4149827363837,8.87423214527681,7.76027065876306,7.20715467237729,6.90016678444594,6.46634499751753
2022-11-04,11.41,11.131230706126,10.318039216572,8.78033868300718,7.65370399751297,7.10820684623064,6.8189819227451,6.40799654402431
2022-11-07,11.41,11.1004779960915,10.243577106734,8.71182253276124,7.56489955027537,7.0523906761182,6.77838980881644,6.36233284265446
2022-11-08,11.27,10.714486797256,9.50272213035941,7.85668935819419,6.76570481656058,6.34964852881783,6.15684951144617,5.95898182333918
2022-11-09,11.24,10.65284910469,9.27278487465966,7.71459905565643,6.7530198449502,6.28369043099293,6.06298856741729,5.86004987676909
2022-11-10,11.23,10.5627292622295,8.83192840633651,7.30610374956464,6.39784903162852,5.93868798751198,5.74082588054075,5.64950661808821
2022-11-11,11.24,10.5769613952216,8.82048146508563,7.27565774648138,6.36740657399133,5.92093092484749,5.7103860063062,5.61906710417202
2022-11-14,11.21,10.5556128181474,8.73115046052408,7.20208039444008,6.3090588638179,5.83975630064737,5.59370093437297,5.45926162849131
2022-11-15,11.2,10.5081634232063,8.62797726659981,7.09552131802784,6.20504881644421,5.70023940824247,5.4237497508691,5.27663086126005
2022-11-16,11.23,10.6338798608743,8.80445355232062,7.34923578982554,6.47395569766449,5.93868798751198,5.64696998733938,5.4846273556596
2022-11-17,11.22,10.6978938915425,8.92803117251351,7.54967603156824,6.70989109593525,6.14670232753645,5.87273338890824,5.69009282352138
2022-11-18,11.2,10.6386223395161,8.85024079553354,7.43550058245439,6.59826485458792,6.03508418181262,5.75097253196255,5.5480420391004
2022-11-21,11.22,10.6338798608743,8.80445355232062,7.3517729760584,6.4967878428164,5.95137162866395,5.64696998733938,5.45165192663741
2022-11-22,11.25,10.6955233647197,8.91659519420518,7.34669860441413,6.49425093448788,5.95644509094879,5.61399386353529,5.3806284054871
2022-11-23,11.22,10.6789288947855,8.93489213370469,7.361921729204,6.50186166195696,5.96659202550183,5.62921359545983,5.36794570284163
2022-11-24,11.21,10.6552201344146,8.91659519420518,7.34669860441413,6.4967878428164,5.96151855656148,5.62921359545983,5.35018995427032
2022-11-25,11.25,10.7358185224102,9.08571466779051,7.48117056273889,6.65154081559101,6.13401836633578,5.78394924118155,5.42628630812279
2022-11-28,11.26,10.7168571006415,9.16560438866121,7.54713878132016,6.68705832547376,6.12387121232592,5.78648591695492,5.41614008412443
2022-11-29,11.25,10.7121164659407,9.22034915901815,7.64355486702355,6.72257599733315,6.16953351001772,5.85751317683927,5.41614008412443
2022-11-30,11.25,10.7263380349192,9.23631075707743,7.61818209815139,6.68452135510984,6.12387121232592,5.82453615353506,5.3806284054871
2022-12-01,11.24,10.6291372704259,9.04003481375515,7.37968207883037,6.41560718702068,5.86004987676909,5.57087145292288,5.16248883514725
2022-12-02,11.27,10.6315085796229,9.01261691241384,7.33908705310882,6.38516465977736,5.85751317683927,5.57848127255944,5.22336437132978
2022-12-05,11.25,10.6220231751291,8.97376205162903,7.32640115069745,6.37248030864348,5.84482968968114,5.58609109970964,5.22590086247579
2022-12-06,11.17,10.5413791747235,8.82506039835018,7.14626355431713,6.18221752934756,5.70023940824247,5.43389598489981,5.09654088236482
2022-12-07,11.34,10.8329677689136,9.22490987479918,7.54460153189207,6.55006310891864,6.01986365024378,5.70784935553947,5.26902134009053
2022-12-08,,,,7.53698978852784,6.54245233427315,6.01479014637236,5.70023940824247,5.26394833016368
2022-12-09,11.3,10.7476685035426,9.19982337142855,7.50146841708987,6.51200931017166,5.98181245228724,5.6723363323689,5.23604683543542
2022-12-12,11.36,10.8069079414337,9.30696731835923,7.60042120869742,6.62363431434889,6.10611372479042,5.79916930832021,5.32482467028192
2022-12-13,11.34,10.7903226570878,9.25226981554417,7.45072387967212,6.48410330945264,5.97166549776966,5.63428684611054,5.19546302400871
2022-12-14,11.34,10.8045386988076,9.32519319300074,7.48624502140418,6.50947239687636,5.98434919299609,5.67740961138496,5.22590086247579
2022-12-15,11.34,10.8163846329132,9.34569334419333,7.50400565257539,6.52976772641436,5.99195942011297,5.67740961138496,5.23097384728053
2022-12-16,11.35,10.8187537360349,9.30013176147071,7.51415460272031,6.56782161205109,6.01225339568392,5.71799596360936,5.25887532358593
2022-12-19,11.35,10.8211228112589,9.29557446473872,7.51669184230717,6.5703585443794,6.01479014637236,5.73828921976927,5.26394833016368
2022-12-20,11.34,10.7998001298544,9.26138813760957,7.57504857914406,6.61856041578097,6.05537827045946,5.7687292040407,5.27916736999092
2022-12-21,11.34,10.8045386988076,9.25226981554417,7.56236229510776,6.59319097256006,6.03762093998392,5.75097253196255,5.2512658199992
2022-12-22,11.35,10.8495495380714,9.32519319300074,7.6740022978119,6.70989109593525,6.14416553363524,5.84736638544721,5.36033609129185
2022-12-23,11.34,10.8661299406183,9.36391218411003,7.7298228938893,6.76570481656058,6.20758563027217,5.91078405020486,5.42121319445148
2022-12-26,11.35,10.8661299406183,9.37757414272244,7.73743482405751,6.77585280871376,6.22280653067013,5.93361453687566,5.43896910693105
2022-12-27,11.35,10.8684984580085,9.38668108145357,7.75265870649489,6.84942614686621,6.29383779417045,6.00464314860782,5.43135942513815
2022-12-28,11.35,10.8661299406183,9.37985095492522,7.75265870649489,6.83420401995016,6.27861675438088,5.98688593453667,5.43896910693105
2022-12-29,11.34,10.8448120292062,9.34113811710979,7.73236020312675,6.79868583936249,6.23549063715816,5.93615126177776,5.41867663886992
2022-12-30,11.35,10.8258608780138,9.29557446473872,7.73489751318284,6.77331580943681,6.22026971186223,5.89810047562853,5.4110669771418
2023-01-03,11.39,10.7713663720022,9.23631075707743,7.70191254631099,6.74540887189481,6.20251200344633,5.88795363095054,5.4034573229389
2023-01-04,11.33,10.6884116166412,9.1405030464804,7.61818209815139,6.65154081559101,6.11118728850393,5.8067793531374,5.37301878139054
2023-01-05,11.3,10.5983077070517,9.04003481375515,7.51161736395369,6.5627477498764,6.01732689789234,5.72053261771133,5.37555532191965
2023-01-06,11.29,10.5010450486045,8.79300347493839,7.2629719467965,6.3572591146331,5.82453615353506,5.55565183619284,5.31467858011603
2023-01-09,11.28,10.4251000431601,8.62109527884414,6.95090775194931,6.13401836633578,5.65457988208873,5.39838422431795,5.19292654291506
2023-01-10,11.3,10.4583295108176,8.60274100267322,6.93061132536688,6.09850338545128,5.62667697138612,5.36033609129185,5.16248883514725
2023-01-11,11.3,10.4630761295956,8.64632692581591,6.87479642440609,6.00464314860782,5.53535906064828,5.26648483470848,5.06356711853029
2023-01-12,11.29,10.4678226363832,8.68989391717445,6.88494455852311,5.999569654715,5.553115236327,5.281703879559,5.0762493186155
2023-01-13,11.29,10.5413791747235,8.78613280105256,6.99403783361594,6.06298856741729,5.61145724446879,5.34765342210641,5.11175959039745
2023-01-16,11.29,10.5579849941471,8.84337404136826,7.07776161312497,6.12894478766954,5.67994625214414,5.41360353021505,5.15741589558458
2023-01-17,11.25,10.5413791747235,8.86854984204444,7.12850373416316,6.16699670864269,5.70784935553947,5.44911536102441,5.23097384728053
2023-01-18,11.25,10.489180531188,8.79300347493839,7.04224232437713,6.11118728850393,5.64189672834474,5.39077458265835,5.18024415001457
2023-01-19,11.25,10.5034178681214,8.85481837049262,7.11581817303146,6.19490156943316,5.7103860063062,5.4617981974475,5.2461928217949
2023-01-20,11.23,10.4820614848595,8.83421763782888,7.04477941107682,6.12387121232592,5.65204324967132,5.40092077321033,5.16248883514725
2023-01-23,11.24,10.4962993256059,8.89143145138771,7.14626355431713,6.21773289388423,5.75858252928099,5.48209077918236,5.24365632394888
2023-01-24,11.25,10.5081634232063,8.92116974199375,7.20461753299744,6.25071159232791,5.78902259356155,5.51506633855534,5.2461928217949
2023-01-25,11.22,10.4939264221242,8.90515791188395,7.19193184843638,6.23802746094535,5.77126587481414,5.49731025057891,5.22590086247579
2023-01-26,11.17,10.4132310458471,8.85710707962684,7.15641204108224,6.23549063715816,5.77887589213464,5.50745658155303,5.23097384728053
2023-01-27,11.28,10.5342619753497,9.02175704562413,7.30610374956464,6.36486970790848,5.90824733362492,5.62667697138612,5.32482467028192
2023-01-30,11.29,10.574589442971,9.10169770319769,7.42535173405856,6.47649259936955,6.02240040342668,5.73828921976927,5.39077458265835
2023-01-31,11.28,10.5888207369782,9.12909126857375,7.44057501157727,6.48917712031445,6.01225339568392,5.7281425850197,5.36033609129185
2023-02-01,11.3,10.5793333195026,9.13822079476478,7.46340998325625,6.51708313924548,6.02240040342668,5.73828921976927,5.38570149240005
2023-02-02,11.27,10.5105361587663,9.03546568396063,7.30102940749879,6.35472225186575,5.8651232791268,5.56579824400638,5.27155784630984
2023-02-03,11.28,10.5342619753497,9.09028150922353,7.36445891954385,6.42068095316057,5.92346764558875,5.61906710417202,5.33750730181728
2023-02-06,11.29,10.5698454545768,9.14506739413223,7.45326109874762,6.50693548440877,6.00717989680164,5.71292265790677,5.38823803711106
2023-02-07,11.28,10.5603571421691,9.11311259797909,7.41266569203387,6.46380809912468,5.96151855656148,5.68501953616469,5.35272648727083
2023-02-08,11.36,10.7974308035192,9.37529727884101,7.63594302775872,6.67183651568708,6.1593863094997,5.85497647774214,5.45165192663741
2023-02-09,11.36,10.7998001298544,9.41172090038389,7.68922605743645,6.70989109593525,6.18475433570427,5.88288021360632,5.41614008412443
2023-02-10,11.35,10.8258608780138,9.48907720798342,7.87445082638032,6.86211127532248,6.31666940983702,5.999569654715,5.53535906064828
2023-02-13,11.34,10.8069079414337,9.53682631773756,7.99878222502048,6.9762783593748,6.40038590848462,6.05537827045946,5.56579824400638
2023-02-14,11.34,10.792692067132,9.55501047748353,8.02669362489914,7.00164904922409,6.42068095316057,6.07313564166365,5.57340805863353
2023-02-15,11.34,10.7263380349192,9.50272213035941,7.96579615256279,6.94837069574081,6.37248030864348,6.03254742447263,5.55057863729616
2023-02-16,11.33,10.7073757195293,9.49135149061764,7.90997388292789,6.89255566777263,6.36740657399133,6.02747391228684,5.5810178807747
2023-02-17,11.33,10.7239678432363,9.50954389554415,7.88460025475919,6.86972236229753,6.3521853899273,6.02240040342668,5.56579824400638
2023-02-20,11.33,10.7287081986804,9.51636519681198,7.89982442185175,6.88240752375642,6.37501717721278,6.05537827045946,5.59623754759688
2023-02-21,11.33,10.792692067132,9.6504232692789,8.06221736761887,7.02448274054515,6.52215697163008,6.2101224449302,5.73067924245658
2023-02-22,11.3,10.7689967107669,9.60045645955709,7.96325876809145,6.92300017900351,6.42068095316057,6.10611372479042,5.60384739227688
2023-02-23,11.28,10.7571479859097,9.61408623999738,7.9480344784191,6.90016678444594,6.3800909168376,6.06045180093351,5.56326164080052
2023-02-24,11.3,10.7855837532664,9.72986465802617,8.09266641727626,7.07522451571834,6.54245233427315,6.2101224449302,5.66472642010081
2023-02-27,11.31,10.78795321913,9.75028227831665,8.13326533292176,7.11581817303146,6.5703585443794,6.23549063715816,5.63682347268755
2023-02-28,11.33,10.8448120292062,9.85457414688184,8.24745090242061,7.20969181257969,6.65661473565535,6.30398517061812,5.67740961138496
2023-03-01,11.36,10.9419086694462,9.99723293781418,8.4326887794149,7.38475647182921,6.83166700168596,6.46634499751753,5.8067793531374
2023-03-02,11.35,10.9987239900144,10.1125702053029,8.56717926970889,7.50400565257539,6.94583364035677,6.57289547753499,5.87527009383391
2023-03-03,11.3,10.8827089767782,9.97912877813878,8.37940072649344,7.29595506872023,6.75048285310578,6.39784903162852,5.8017059890928
2023-03-06,11.35,10.9324378891982,10.0379553538934,8.41746358482374,7.32132679548414,6.73779790627314,6.38262778789311,5.75858252928099
2023-03-07,11.35,10.9821545122486,10.1283904651011,8.47075189400541,7.3543101631127,6.7682418133602,6.39784903162852,5.73575255983139
2023-03-08,11.34,10.9561140039149,10.099007996395,8.42253864643332,7.30864092183023,6.71496505401583,6.33442737956977,5.66218978434645
2023-03-09,11.33,10.9892558841151,10.1261305807494,8.36163812193587,7.23252611141105,6.65915169692748,6.28115359227217,5.61399386353529
2023-03-10,11.33,10.8850772989886,9.82737802489542,8.09774127031013,6.9762783593748,6.38770153249029,6.02747391228684,5.43135942513815
2023-03-13,11.22,10.6433647063593,9.47997956173907,7.72221097108878,6.62363431434889,6.07059887185544,5.71545931034116,5.22336437132978
2023-03-14,11.25,10.7239678432363,9.6436110789071,7.89982442185175,6.78346381149901,6.20504881644421,5.85751317683927,5.32482467028192
2023-03-15,11.05,10.4156049013273,9.24771034364813,7.39997967053372,6.3369642357052,5.8067793531374,5.50745658155303,5.1016137816883
2023-03-16,11.12,10.4678226363832,9.3889576869417,7.54713878132016,6.47649259936955,5.903173902962,5.5810178807747,5.17770767394818
2023-03-17,11.08,10.4108571623494,9.24087074717495,7.38729366956044,6.31920626016849,5.77633921886114,5.44150566920054,5.10922313696243
2023-03-20,11.06,10.3657480528296,9.17701201339405,7.31878961910997,6.24056428556232,5.72306927264705,5.39331112904193,5.05342137356091
2023-03-21,11.1,10.4132310458471,9.22262954282793,7.39997967053372,6.31920626016849,5.81185272051439,5.47701762873472,5.10668668436587
2023-03-22,11.18,10.5010450486045,9.29557446473872,7.49639394857984,6.39531215560103,5.84482968968114,5.4922370901046,5.06103068102965
2023-03-23,11.18,10.4939264221242,9.27050563083398,7.46340998325625,6.32427996331901,5.77887589213464,5.45418849308623,5.06610355686974
2023-03-24,11.19,10.4939264221242,9.23631075707743,7.47355888089454,6.33189052426342,5.79155927100141,5.45926162849131,5.07117643606509
2023-03-27,11.21,10.5817052158139,9.3548031778008,7.64355486702355,6.48664021446959,5.90571061787728,5.56579824400638,5.14727002651658
2023-03-28,11.27,10.6694457259193,9.48680287377446,7.79579320006329,6.63124516840241,6.05791503528088,5.69516611421401,5.2385833307691
2023-03-29,11.27,10.6575911361855,9.52318603422686,7.83639058647203,6.68198438557235,6.09850338545128,5.73067924245658,5.24365632394888
2023-03-30,11.24,10.6338798608743,9.49817402913578,7.84146527449587,6.70481714115965,6.10357694417989,5.73828921976927,5.23351034093924
2023-03-31,11.18,10.5200268211743,9.31835887810273,7.62833119586783,6.53991541104633,5.99195942011297,5.64950661808821,5.19799950594018
2023-04-03,11.2,10.5413791747235,9.30468885115232,7.60549574444376,6.52723080732529,5.97927571241017,5.65204324967132,5.22590086247579
2023-04-04,11.23,10.5840770841636,9.38212771544134,7.65116671366179,6.54752618320935,5.94629816970704,5.6571165153404,5.15995236494688
2023-04-05,11.31,10.8092771561541,9.65723499703675,7.90489915075516,6.70989109593525,6.07820918377331,5.70023940824247,5.19546302400871
2023-04-06,11.3,10.8732354091359,9.74801385906421,7.99370743565822,6.77838980881644,6.15177591783038,5.73575255983139,5.22082788102132
2023-04-10,11.32,10.9253345114002,9.85457414688184,8.1358027720835,6.89762974473001,6.23549063715816,5.83214622334316,5.29184992620235
2023-04-11,11.31,10.9158629508403,9.86363788251587,8.18908918286443,6.96613010651268,6.3014483252622,5.903173902962,5.3324342466929
2023-04-12,11.32,10.8519182506734,9.80697609330328,8.14848998012643,6.93822247915148,6.27354308108681,5.87780679959216,5.27409435336634
2023-04-13,11.29,10.7950614492784,9.70036520060535,8.02161881757251,6.85957424798096,6.20758563027217,5.81692609122362,5.24872932047835
2023-04-14,11.33,10.9040228730262,9.75935544233675,8.04953029828082,6.90016678444594,6.23802746094535,5.86765998155465,5.28424038996416
2023-04-17,11.35,10.9419086694462,9.84324332548869,8.1358027720835,6.98135249075136,6.32935366978618,5.95898182333918,5.37555532191965
2023-04-18,11.34,10.9134949910281,9.84097700760334,8.13072789457565,6.96105598502743,6.32174311132916,5.95390835939038,5.37555532191965
2023-04-19,11.36,10.9584814621444,9.94970254771843,8.21700125581608,7.00164904922409,6.36233284265446,5.97927571241017,5.37809186328519
2023-04-20,11.34,10.9277023318679,9.89988463721758,8.14341509446248,6.92553722696672,6.28369043099293,5.903173902962,5.28931341328585
2023-04-21,11.34,10.9205987868597,9.89308936834998,8.15102742418172,6.93822247915148,6.28115359227217,5.91585748586165,5.32482467028192
2023-04-24,11.32,10.8921820983374,9.79563989352439,8.05460512356735,6.84688912365043,6.22026971186223,5.86765998155465,5.27916736999092
2023-04-25,11.31,10.8519182506734,9.70036520060535,7.92266072766223,6.72003901540119,6.09342983004619,5.74082588054075,5.20560895676119
2023-04-26,11.33,10.8590242211415,9.69809565218416,7.93027284430947,6.75048285310578,6.15431271422304,5.8067793531374,5.27155784630984
2023-04-27,11.34,,,7.97087092395614,6.79107482171544,6.18221752934756,5.84990308204609,5.31214205966672
2023-04-28,11.34,10.8140155018939,9.61635769001745,7.85922670833927,6.68959529666409,6.11118728850393,5.77126587481414,5.25633882155301
2023-05-02,11.31,10.7737360053237,9.50499610364108,7.71713635998184,6.58811709384071,6.00971664582701,5.67740961138496,5.20814544204367
2023-05-03,11.3,10.731078334512,9.46633154503029,7.66639042905646,6.55260003545537,5.97673897336486,5.63428684611054,5.18531710466115
2023-05-04,11.31,10.7381885744768,9.46633154503029,7.63086847234544,6.51454622429473,5.94629816970704,5.59877416165553,5.18785358324125
2023-05-05,11.32,10.7547781571924,9.507270025364,7.6740022978119,6.52976772641436,5.9640552906157,5.61653048343638,5.21068192816385
2023-05-08,11.31,10.7713663720022,9.51863886082105,7.70698714759277,6.56782161205109,6.01225339568392,5.67487297145988,5.3070690212788
2023-05-09,11.32,10.8045386988076,9.58000831565897,7.79325587036614,6.64392994169469,6.06298856741729,5.73321590072715,5.32989772038581
2023-05-10,11.32,10.8116463429768,9.58682482680651,7.82877856057014,6.65407777520983,6.05284150646919,5.71292265790677,5.27916736999092
2023-05-11,11.32,10.7998001298544,9.54364576396927,7.83639058647203,6.65661473565535,6.06298856741729,5.7281425850197,5.26902134009053
2023-05-12,11.32,10.7689967107669,9.53455306596673,7.84146527449587,6.67437348191866,6.07820918377331,5.74336254214582,5.27663086126005
2023-05-15,11.33,10.7618875595952,9.54137266673882,7.85668935819419,6.69213226868079,6.10611372479042,5.77633921886114,5.37809186328519
2023-05-16,11.34,10.7737360053237,9.55955600237601,7.82877856057014,6.67944741686131,6.10104016440014,5.78394924118155,5.37555532191965
2023-05-17,11.32,10.766627021626,9.55046474659582,7.81355453085011,6.66422562195159,6.0858195031704,5.76619253410064,5.34511689077914
2023-05-18,11.33,10.7832142594972,9.59136891023604,7.85161466035709,6.70735411813432,6.12894478766954,5.80931603640935,5.37809186328519
2023-05-19,11.32,10.7713663720022,9.58682482680651,7.84146527449587,6.71496505401583,6.11879764030494,5.79409594927449,5.36287262763859
2023-05-22,11.31,10.7571479859097,9.55501047748353,7.82370388072502,6.71242807456245,6.13401836633578,5.81438940545249,5.39331112904193
2023-05-23,11.31,10.7168571006415,9.47088109027483,7.75265870649489,6.67437348191866,6.13148157658734,5.82199946526492,5.4034573229389
2023-05-24,11.31,10.7050053044251,9.38212771544134,7.7298228938893,6.67183651568708,6.13909194832438,5.84736638544721,5.44657879624726
2023-05-25,11.3,10.6789288947855,9.37074339601818,7.73236020312675,6.68452135510984,6.14416553363524,5.83721960737977,5.43643254549746
2023-05-26,11.31,10.7002643904357,9.39123424076715,7.76027065876306,6.72257599733315,6.17714391912478,5.85497647774214,5.43896910693105
2023-05-29,11.3,10.6765581444774,9.34797088016115,7.69937524689834,6.66422562195159,6.12387121232592,5.8017059890928,5.37301878139054
2023-05-30,11.28,10.624394568179,9.26366758861352,7.65370399751297,6.63124516840241,6.08328272920706,5.77126587481414,5.3324342466929
2023-05-31,11.25,10.5532406141782,9.12452619384752,7.52176632394144,6.52976772641436,5.99449616414864,5.69009282352138,5.29945946997405
2023-06-01,11.22,10.4820614848595,9.02632679991111,7.40251687319167,6.42321783747319,5.90824733362492,5.60384739227688,5.25887532358593
2023-06-02,11.24,10.4820614848595,9.04231930060284,7.40505407667067,6.42575472261417,5.91839420493843,5.61145724446879,5.25380232035744
2023-06-05,11.23,10.4654493969862,9.01033174896337,7.37207049549133,6.40545966468253,5.903173902962,5.61145724446879,5.26141182645614
2023-06-06,11.24,10.4701958477786,9.0240419487948,7.39490526768105,6.42068095316057,5.91078405020486,5.63175022036797,5.2461928217949
2023-06-07,11.21,10.4369683402732,8.9966196748712,7.3822192749192,6.40799654402431,5.89302705162467,5.61399386353529,5.22590086247579
2023-06-08,11.14,10.2826258378785,8.79300347493839,7.22237752592862,6.27354308108681,5.75858252928099,5.49477366992401,5.17517119871973
2023-06-09,11.07,10.1947164213643,8.66696628063313,7.10313263247964,6.18221752934756,5.6723363323689,5.38570149240005,5.07878576114884
2023-06-12,11.05,10.1614433787551,8.57979343337245,7.02194566043595,6.13148157658734,5.62921359545983,5.33497077383671,5.04073921122477
2023-06-13,11.05,10.1685737797448,8.58667825542891,7.02194566043595,6.11372407160686,5.62414034814693,5.32228814648521,5.04327564201406
2023-06-14,11.01,10.1757039280246,8.62109527884414,6.98135249075136,6.08328272920706,5.60384739227688,5.31214205966672,5.03820278127447
2023-06-15,10.99,10.1804572198088,8.64403340198905,6.97881542465097,6.10104016440014,5.62414034814693,5.34258036028852,5.08893153966901
2023-06-16,10.88,10.0782366878738,8.56831767965716,6.92553722696672,6.08328272920706,5.62667697138612,5.35526302110794,5.12444187014898
2023-06-19,10.89,10.0473225782016,8.51780875953878,6.88494455852311,6.04523121948584,5.59877416165553,5.33497077383671,5.11683249978285
2023-06-20,10.84,9.89506073740198,8.27409045536864,6.68452135510984,5.89556376321039,5.49984683206928,5.2461928217949,5.06610355686974
2023-06-22,10.81,9.88554054485569,8.24876498405658,6.66422562195159,5.88795363095054,5.51760292589347,5.281703879559,5.10415023260782
2023-06-23,10.81,9.8593576920738,8.20500592104345,6.62363431434889,5.85243977947776,5.47955420354074,5.25633882155301,5.08639509378095
2023-06-27,10.78,9.85459680724343,8.18196716482866,6.62109736465148,5.87019668481512,5.49477366992401,5.27155784630984,5.09146798639568
2023-06-28,10.76,9.84745526873887,8.19809484981615,6.59826485458792,5.86258657753163,5.47448105476434,5.24111982694024,5.09654088236482
2023-06-29,10.73,9.81888657922081,8.26257967020361,6.64900385679887,5.93107781280571,5.55565183619284,5.32736119491546,5.15487942706037
2023-06-30,10.68,9.76888160815292,8.23494839493577,6.62109736465148,5.90571061787728,5.52774928359903,5.29438643995588,5.12190541252189
2023-07-03,10.64,9.71171784566138,8.14970401315041,6.53737848864699,5.86258657753163,5.49984683206928,5.28677690120647,5.11683249978285
2023-07-04,10.6,9.68789481641608,8.13126326595714,6.52723080732529,5.88541692186217,5.52267610307571,5.30960554005429,5.11683249978285
2023-07-05,10.6,9.63547421948885,8.08514655953552,6.53230464633099,5.88541692186217,5.54550544173975,5.33497077383671,5.15741589558458
2023-07-06,10.61,9.69504202141991,8.16353234893086,6.62363431434889,5.99703290901601,5.66979969411205,5.46687133786714,5.26394833016368
2023-07-07,10.46,9.50674753956537,7.89815676134609,6.43843916074458,5.8017059890928,5.52267610307571,5.34511689077914,5.1827806269189
2023-07-10,10.42,9.43519710906493,7.83806136155363,6.38262778789311,5.76111919672075,5.47448105476434,5.29692295454647,5.14219709701156
2023-07-11,10.44,9.43042617541678,7.81262554151141,6.35979597822933,5.76111919672075,5.4617981974475,5.28677690120647,5.1523429593743
2023-07-12,10.38,9.35407584491088,7.72007723678758,6.26339574445329,5.69516611421401,5.39331112904193,5.21068192816385,5.06863999604803
2023-07-13,10.34,9.37077995598123,7.75016480365753,6.29637463703836,5.72560592841651,5.42121319445148,5.23351034093924,5.11683249978285
2023-07-14,10.28,9.31350294253708,7.69461147492834,6.30652201680337,5.72306927264705,5.4237497508691,5.2385833307691,5.11175959039745
2023-07-17,10.24,9.26098468363534,7.60658906157818,6.30398517061812,5.7281425850197,5.4237497508691,5.2512658199992,5.09400443396095
2023-07-18,,9.20128819659372,7.50921117360903,6.18221752934756,5.62921359545983,5.34511689077914,5.17517119871973,5.06356711853029
2023-07-19,,9.19889996861034,7.51848933245025,6.16953351001772,5.61906710417202,5.32482467028192,5.14980649252637,5.07878576114884
2023-07-20,10.18,9.17979312393591,7.55095613118772,6.21773289388423,5.66726305668932,5.39331112904193,5.22843735445939,5.16248883514725
2023-07-21,10.15,9.13679608706897,7.50921117360903,6.16699670864269,5.59877416165553,5.34765342210641,5.19546302400871,5.13712417085945
2023-07-24,10.12,9.06989353552223,7.46280750093664,6.14923912226817,5.58862771042932,5.33497077383671,5.19799950594018,5.14980649252637
2023-07-25,10.11,9.04121420086312,7.46280750093664,6.19743837994076,5.6571165153404,5.4110669771418,5.281703879559,5.23604683543542
2023-07-26,10.1,9.06272408516084,7.4581659526709,6.21519607673624,5.69770276081127,5.45165192663741,5.30960554005429,5.24111982694024
2023-07-27,10.01,8.97427984874621,7.35135101556761,6.14670232753645,5.64950661808821,5.39584767626182,5.2512658199992,5.18531710466115
2023-07-28,9.98,8.94080431918987,7.27465277298656,6.11372407160686,5.61399386353529,5.35526302110794,5.2157549029173,5.16248883514725
2023-07-31,9.59,8.45717918296351,6.88794528613013,5.83721960737977,5.44911536102441,5.23097384728053,5.11175959039745,5.12951478791823
2023-08-01,9.56,8.47395793189776,6.97426834262505,5.92346764558875,5.52267610307571,5.30453250334026,5.19292654291506,5.19039006265922
2023-08-02,9.55,8.49552855290714,7.06284718797168,6.10104016440014,5.63936010009896,5.43389598489981,5.29692295454647,5.28677690120647
2023-08-03,9.46,8.4068345376469,7.04187505651621,6.11879764030494,5.66472642010081,5.45418849308623,5.31721510140222,5.30199598623868
2023-08-04,9.41,8.32050010725816,6.96493970130163,6.01732689789234,5.59877416165553,5.4034573229389,5.27663086126005,5.25380232035744
2023-08-07,9.4,8.29651174389845,6.94861249091794,6.02240040342668,5.60892062623686,5.4034573229389,5.28424038996416,5.26648483470848
2023-08-08,9.45,8.35168070370695,6.9929230227217,6.06806210287829,5.64443335742488,5.44404223230595,5.31975162352529,5.27409435336634
2023-08-09,9.42,8.37806051093359,7.00458043610031,6.08835627796471,5.66218978434645,5.45672506037089,5.35272648727083,5.26902134009053
2023-08-10,9.45,8.48833860290377,7.11642272051005,6.22026971186223,5.77633921886114,5.54296884521417,5.42628630812279,5.31467858011603
2023-08-11,9.46,8.55064296718755,7.31649544863089,6.4181440696764,5.94122471407827,5.71545931034116,5.5810178807747,5.40853042490468
2023-08-14,9.44,8.52668203374218,7.29325167280681,6.36233284265446,5.92600436716222,5.70277605650757,5.57594466517906,5.4034573229389
2023-08-16,9.45,8.53626674960317,7.27697782408221,6.33442737956977,5.91332076761713,5.71292265790677,5.61145724446879,5.44911536102441
2023-08-17,9.41,8.50271824594806,7.26302670897105,6.31920626016849,5.91839420493843,5.73067924245658,5.64189672834474,5.50491999755636
2023-08-18,9.38,8.49552855290714,7.24674795500224,6.31159571166169,5.89810047562853,5.7103860063062,5.61653048343638,5.50238341439508
2023-08-21,9.38,8.52668203374218,7.34438087113798,6.39277528040214,5.97420223515135,5.78141256624143,5.68755617942602,5.57594466517906
2023-08-22,9.35,8.50032171015425,7.31417131343459,6.35472225186575,5.94122471407827,5.73828921976927,5.64950661808821,5.55057863729616
2023-08-23,9.32,8.45717918296351,7.23046655852322,6.22788017077569,5.8017059890928,5.59877416165553,5.4922370901046,5.41867663886992
2023-08-24,9.28,8.4308097496546,7.19556894951268,6.20504881644421,5.78141256624143,5.56579824400638,5.4617981974475,5.40599387350369
2023-08-25,9.26,8.39964141681193,7.16764211730592,6.18729114289123,5.74336254214582,5.53282246746334,5.43896910693105,5.39838422431795
2023-08-28,9.24,8.43800175610099,7.19789583457331,6.22534335030795,5.79155927100141,5.5810178807747,5.49477366992401,5.4617981974475
2023-08-29,9.2,8.40203915233406,7.15833144500078,6.16953351001772,5.74843586785676,5.52521269291975,5.4237497508691,5.42628630812279
2023-08-30,9.19,8.39005018891203,7.13272263867726,6.11372407160686,5.69262946845071,5.47448105476434,5.38570149240005,5.39077458265835
2023-08-31,9.1,8.29651174389845,7.06750706616699,6.08328272920706,5.67487297145988,5.46433476723944,5.36540916482187,5.3831649485254
2023-09-01,9.14,8.37086636112172,7.11176511444922,6.1593863094997,5.73575255983139,5.53282246746334,5.43643254549746,5.42628630812279
2023-09-04,9.14,8.37086636112172,7.11176511444922,6.1593863094997,5.73575255983139,5.53282246746334,5.43643254549746,5.42121319445148
2023-09-05,9.19,8.37326443964947,7.10943623030769,6.20251200344633,5.79155927100141,5.59623754759688,5.49984683206928,5.47194448162958
2023-09-06,9.25,8.47875160312572,7.29325167280681,6.3420379504632,5.92854108956788,5.71545931034116,5.59877416165553,5.54043224952372
2023-09-07,9.23,8.48354516012506,7.31417131343459,6.3369642357052,5.92600436716222,5.7103860063062,5.59877416165553,5.53282246746334
2023-09-08,9.16,8.34208718878049,7.1303942411145,6.18729114289123,5.77887589213464,5.5810178807747,5.4694079093305,5.41867663886992
2023-09-11,9.17,8.33249321631602,7.11176511444922,6.13909194832438,5.71799596360936,5.50745658155303,5.40092077321033,5.35018995427032
2023-09-12,9.2,8.37326443964947,7.16996965033623,6.18982795090839,5.75097253196255,5.53535906064828,5.43389598489981,5.3831649485254
2023-09-13,9.18,8.38045850369795,7.17229712936174,6.17714391912478,5.73575255983139,5.51506633855534,5.41360353021505,5.37048224169785
2023-09-14,9.16,8.35168070370695,7.17695192538237,6.22026971186223,5.7687292040407,5.54296884521417,5.43643254549746,5.39331112904193
2023-09-15,9.14,8.33968873855806,7.20254944275212,6.27100624568409,5.82199946526492,5.58609109970964,5.47955420354074,5.43389598489981
2023-09-20,9.11,8.33249321631602,7.22814042897024,6.32681681613803,5.88034350618296,5.63682347268755,5.52521269291975,5.4694079093305
2023-09-21,9.07,8.31570266342396,7.25372488737008,6.43843916074458,5.98688593453667,5.73828921976927,5.61906710417202,5.55818843689373
2023-09-22,9.07,8.29411275022274,7.24907365305238,6.47395569766449,6.02493715744103,5.77633921886114,5.66218978434645,5.60384739227688
2023-09-25,9.04,8.27971818734508,7.23977053727864,6.50186166195696,6.09342983004619,5.88541692186217,5.8017059890928,5.71799596360936
2023-09-26,9.05,8.28931467704397,7.27465277298656,6.56021082003007,6.16953351001772,5.97673897336486,5.903173902962,5.81692609122362
2023-09-27,9.1,8.34928236786503,7.36064378804713,6.63378212140728,6.25324842109365,6.06298856741729,5.98181245228724,5.88034350618296
2023-09-28,9.04,8.31090510517729,7.33043912898523,6.60333873992407,6.20758563027217,6.02493715744103,5.94376144147661,5.83468291494502
2023-09-29,8.99,8.27731899338158,7.28395265400383,6.53737848864699,6.14162874056454,5.94122471407827,5.85243977947776,5.77380254642097
2023-10-02,8.96,8.24372727314415,7.31184712437738,6.59572791316043,6.2101224449302,6.02493715744103,5.93361453687566,5.85243977947776
2023-10-03,8.94,8.25812441154561,7.35832067564068,6.64900385679887,6.2684694111109,6.08328272920706,6.00464314860782,5.93361453687566
2023-10-04,8.92,8.22692930926827,7.30254982953937,6.59826485458792,6.2101224449302,6.01732689789234,5.93107781280571,5.84736638544721
2023-10-05,8.9,8.21012994257853,7.28395265400383,6.58558015572173,6.22280653067013,6.00717989680164,5.93107781280571,5.85497647774214
2023-10-06,8.85,8.19092894831996,7.28627748952793,6.58304321842995,6.21265926041821,5.99195942011297,5.91585748586165,5.84736638544721
2023-10-10,8.83,8.08529070727726,7.15833144500078,6.39784903162852,6.02747391228684,5.8067793531374,5.72306927264705,5.6723363323689
2023-10-11,8.8,8.068479507501,7.13272263867726,6.35979597822933,5.98688593453667,5.7687292040407,5.67740961138496,5.59877416165553
2023-10-12,8.78,8.09249507712195,7.16996965033623,6.39023840603188,6.00464314860782,5.77887589213464,5.68501953616469,5.64696998733938
2023-10-13,8.77,8.10930427011147,7.20022266565312,6.4181440696764,6.03001066796405,5.81438940545249,5.69770276081127,5.65457988208873
2023-10-16,8.81,8.14291844294068,7.29790085891491,6.54752618320935,6.15684951144617,5.93868798751198,5.82707284263815,5.81185272051439
2023-10-17,8.79,8.13571587874762,7.33973383907482,6.66168865902623,6.29383779417045,6.07059887185544,5.95898182333918,5.95898182333918
2023-10-18,8.85,8.22452948563246,7.47905122855563,6.83927805895452,6.44097605085561,6.2101224449302,6.08835627796471,6.07313564166365
2023-10-19,8.84,8.29891070896505,7.62049247398355,7.00926027224871,6.58304321842995,6.3395010926697,6.20504881644421,6.16699670864269
2023-10-20,8.79,8.32529743668786,7.64829351833018,7.00926027224871,6.62870821622439,6.37248030864348,6.2481747643919,6.17968072382102
2023-10-23,8.79,8.32289878627357,7.64597705893788,7.04477941107682,6.67183651568708,6.43590227146185,6.31159571166169,6.23041699207334
2023-10-24,8.74,8.25812441154561,7.59731904914851,7.01433442505177,6.63378212140728,6.4105334241946,6.2989114807356,6.24056428556232
2023-10-25,8.7,8.19092894831996,7.50921117360903,6.92300017900351,6.55513696281953,6.36486970790848,6.27100624568409,6.22026971186223
2023-10-26,8.65,8.09489647640138,7.39548401874757,6.8189819227451,6.44097605085561,6.26593257736729,6.17207031222313,6.12894478766954
2023-10-30,8.84,8.26532259436341,7.55095613118772,6.91031495155761,6.51708313924548,6.31159571166169,6.19490156943316,6.1264079995824
2023-10-31,8.85,8.29411275022274,7.58804817987624,6.91792608555111,6.52215697163008,6.31413256033473,6.18475433570427,6.10865050623177
2023-11-02,8.76,8.20532986582645,7.49297233013113,6.7530198449502,6.32174311132916,6.10611372479042,5.97420223515135,5.90063718887908
2023-11-03,8.72,8.13091402600818,7.31881952997426,6.51708313924548,6.05284150646919,5.83975630064737,5.72560592841651,5.69009282352138
2023-11-06,8.72,8.14291844294068,7.33973383907482,6.5627477498764,6.09342983004619,5.86765998155465,5.75858252928099,5.72560592841651
2023-11-07,8.71,8.09729784701574,7.21418251866268,6.44351294179493,5.99195942011297,5.78141256624143,5.67740961138496,5.66218978434645
2023-11-08,8.66,8.03245077644643,7.13505098218725,6.34457480908575,5.89810047562853,5.66979969411205,5.55565183619284,5.55565183619284
2023-11-09,8.69,8.07568447944007,7.19091501743296,6.39531215560103,5.92854108956786,5.70784935553947,5.57848127255944,5.57340805863353
2023-11-10,8.66,8.09249507712195,7.22348800802575,6.44604983356245,5.97166549776966,5.73575255983139,5.60638400883955,5.58862771042932
2023-11-13,8.64,8.08529070727726,7.19091501743296,6.42575472261417,5.93107781280571,5.69516611421401,5.56072503842964,5.53028587511355
2023-11-14,8.56,7.92913263656292,6.98359611637844,6.19490156943316,5.7103860063062,5.4694079093305,5.32989772038581,5.29945946997405
2023-11-15,8.57,7.98199970972213,6.9999176333404,6.19743837994076,5.72560592841651,5.47701762873472,5.32989772038581,5.31214205966672
2023-11-16,8.51,7.8882712889774,6.92761645709439,6.12133442590006,5.67740961138496,5.43135942513815,5.281703879559,5.26394833016368
2023-11-17,8.52,7.9026938888358,6.96260740539323,6.15177591783038,5.73067924245658,5.50238341439508,5.36540916482187,5.37301878139054
2023-11-20,8.45,7.8546145340983,6.89961490652813,6.11879764030494,5.69009282352138,5.4694079093305,5.33497077383671,5.32989772038581
2023-11-21,8.46,7.84259289966638,6.81322754661462,6.02240040342668,5.60384739227688,5.37048224169785,5.24111982694024,5.26648483470848
2023-11-22,8.41,7.79930906616499,6.81089172012239,6.04015769898658,5.62160372574223,5.40092077321033,5.281703879559,5.29945946997405
2023-11-23,8.4,7.79690413564627,6.80154787014065,6.02493715744103,5.61399386353529,5.39331112904193,5.27409435336634,5.29692295454647
2023-11-24,8.4,7.79690413564627,6.80154787014065,6.04776798098237,5.63175022036797,5.42121319445148,5.31214205966672,5.32989772038581
2023-11-27,8.38,7.76804272660758,6.75715269123955,5.97420223515135,5.56326164080052,5.34511689077914,5.23097384728053,5.2461928217949
2023-11-28,8.36,7.72714864079393,6.71507596624732,5.92093092484749,5.4846273556596,5.25633882155301,5.14980649252637,5.1650253061857
2023-11-29,8.36,7.66940165718299,6.63554951398382,5.81692609122362,5.39838422431795,5.17770767394818,5.08132220452084,5.12697832861446
2023-11-30,8.34,7.70790148813028,6.70572318524165,5.85497647774214,5.43896910693105,5.23604683543542,5.14727002651658,5.19546302400871
2023-12-01,8.29,7.65255566383871,6.61682823997278,5.77380254642095,5.34765342210641,5.16502530618572,5.07117643606509,5.11429604467091
2023-12-04,8.28,7.63330137240548,6.5723512039666,5.72053261771133,5.29945946997405,5.11683249978285,5.03059349645787,5.10668668436587
2023-12-05,8.25,7.58034256627305,6.51379872233537,5.62921359545983,5.22336437132978,5.04327564201406,4.94689186200865,5.05595780854493
2023-12-06,8.22,7.60441647928012,6.5723512039666,5.67994625214414,5.26394833016368,5.06610355686974,4.9646466777725,5.06356711853029
2023-12-07,8.3,7.72955440539747,6.69403098238774,5.75858252928099,5.34258036028852,5.1523429593743,5.04834850610958,5.11683249978285
2023-12-11,8.28,7.71993117435343,6.6963695320057,5.80931603640935,5.39838422431795,5.20814544204367,5.10922313696243,5.18024415001457
2023-12-12,8.25,7.666995173083,6.62852944572911,5.7103860063062,5.30199598623868,5.12190541252189,5.03820278127447,5.14219709701156
2023-12-13,8.18,7.55145006715185,6.52082682523503,5.60131077654888,5.19039006265922,5.01791137187877,4.94181906506201,5.05849424436786
2023-12-14,8.06,7.36595771987769,6.29333499038509,5.36287262763859,4.93420987594047,4.80231846592498,4.73637361337826,4.88855489995843
2023-12-15,8.06,7.35872728227704,6.28863900357768,5.34511689077914,4.91138235392892,4.78202768150617,4.71354668153448,4.88094576375764
2023-12-18,8.02,7.34908629450892,6.29803075732838,5.4034573229389,4.95196466231422,4.80739117043871,4.72876462852387,4.91138235392892
2023-12-19,8.0,7.32739238246616,6.25341209236563,5.38823803711106,4.95703746597858,4.79724576477469,4.71608300392894,4.883482141651
2023-12-20,7.89,7.20682802681516,6.10297143449046,5.27663086126005,4.87333663511909,4.72369197616147,4.65774780180512,4.85558203104091
2023-12-21,7.86,7.1875310223728,6.09120874923264,5.30199598623868,4.93674627147449,4.77949133723823,4.71608300392894,4.9037731950446
2023-12-22,7.86,7.16823216658735,6.06061930979518,5.28931341328585,4.93167348124623,4.77188230948065,4.71354668153448,4.91138235392892
2023-12-26,7.86,7.1561694414326,6.04649795969792,5.27916736999092,4.92152791086811,4.76427328929299,4.7034014003724,4.89109128037242
2023-12-27,7.83,7.04998625711539,5.92638614024743,5.1700982507767,4.84036383175108,4.7008650821859,4.64760259472266,4.88855489995843
2023-12-28,7.81,7.06446908314184,5.96172808030992,5.18024415001457,4.88094576375764,4.73890994334583,4.69325613267648,4.93928266784835
2023-12-29,7.76,7.04998625711539,5.98057202403535,5.21068192816385,4.91899152037336,4.77949133723823,4.74398260580504,4.98240153467666
2024-01-02,7.8,7.08136439571483,6.01824929334782,5.281703879559,4.98240153467666,4.86572751404335,4.83021838236892,5.05088493941579
2024-01-03,7.79,7.09101822296443,6.05355888327175,5.34258036028852,5.03059349645787,4.9037731950446,4.87333663511909,5.11429604467091
2024-01-04,7.72,7.02826006275981,6.01354040865765,5.37555532191965,5.07371287692093,4.94942826174158,4.91391874190377,5.15995236494688
2024-01-05,7.71,7.00170263813238,5.96643939817376,5.29945946997405,5.02298421919298,4.89616404372093,4.86826388689492,5.13205124806035
2024-01-08,7.65,6.88094286211349,5.7919730745617,5.13458770904074,4.8936276616266,4.78963671935613,4.78456402661516,5.05088493941579
2024-01-09,7.61,6.82295240906594,5.73768517375495,5.05849424436786,4.82007294643707,4.74144627415478,4.74398260580504,5.01283852792129
2024-01-10,7.6,6.80845218326187,5.72115693486541,5.02298421919298,4.78710037256513,4.72369197616147,4.73383728425207,5.00776568732069
2024-01-11,7.51,6.74077063894085,5.69754043905046,5.01283852792129,4.77949133723823,4.71861932716493,4.73130095596728,5.00269285007715
2024-01-12,7.44,6.63436789538885,5.58883287498002,4.9240643022028,4.69832876484106,4.63492110481634,4.66535671595796,4.95957386907024
2024-01-15,7.44,6.61985406862442,5.58410378528418,4.9240643022028,4.69832876484106,4.63492110481634,4.67042932960289,4.95196466231422
2024-01-16,7.39,6.54484927645527,5.50840800814179,4.88855489995843,4.68818350387872,4.64252999623376,4.67550194661539,4.96211027300157
2024-01-17,7.42,6.56904742656295,5.52970322051927,4.94181906506201,4.75412794081911,4.71861932716493,4.73383728425207,4.99254718566187
2024-01-18,7.31,6.50854659235645,5.47053868481662,4.89870042665539,4.71354668153448,4.67803825638442,4.69579244833793,4.99254718566187
2024-01-19,7.3,6.50612618045354,5.47764027219078,4.92660069437738,4.74398260580504,4.71354668153448,4.73130095596728,5.033129923891
2024-01-22,7.22,6.41412894061943,5.41133922662507,4.87333663511909,4.69325613267648,4.6729656376882,4.69325613267648,5.00269285007715
2024-01-23,7.18,6.35115920939811,5.39712615560095,4.87587301049168,4.7008650821859,4.67042932960289,4.68311087844799,5.00522926827929
2024-01-24,7.17,6.30270753735562,5.3449943224626,4.85304566239138,4.67803825638442,4.64252999623376,4.66282041039841,4.99762001619082
2024-01-25,7.1,6.25424419193088,5.28809230982485,4.80992752395681,4.65521149877146,4.62731222097843,4.65774780180512,4.99762001619082
2024-01-26,7.08,6.2106171956513,5.23590375603433,4.7490552716295,4.61463076476016,4.58673163520846,4.62477592805024,4.98747435849041
2024-01-29,7.05,6.16698073523825,5.17181702880531,4.68311087844799,4.56136887862835,4.55122379959212,4.58673163520846,4.97986512402895
2024-01-30,7.1,6.18637588631543,5.18131394317223,4.69832876484106,4.56644142320304,4.54361499916456,4.58419535575865,4.9722558971228
2024-01-31,7.01,6.123334806591,5.11244093102281,4.62984851474886,4.49542610597544,4.46752741220637,4.49542610597544,4.883482141651
2024-02-01,6.92,6.00447288731587,4.98882593296912,4.54107873404113,4.40412166961337,4.37368710051349,4.39651301594328,4.81753658955588
2024-02-02,6.95,6.06269974617035,5.07679839192665,4.64760259472266,4.49288985687062,4.47006365287745,4.4827448688844,4.883482141651
2024-02-05,6.96,6.14030934863496,5.21217270568552,4.78456402661516,4.62477592805024,4.59687676143297,4.61716705431923,4.95957386907024
2024-02-06,6.93,6.0821049542028,5.17181702880531,4.71101035998158,4.55629633742467,4.52078864339989,4.54361499916456,4.87080026058684
2024-02-07,6.91,6.06027396353159,5.15756997089589,4.69071981785671,4.54615126513087,4.51571612916983,4.54107873404113,4.86065477086131
2024-02-08,6.92,6.14030934863496,5.23827655226583,4.82260930415899,4.66789302235946,4.64506629505717,4.66282041039841,4.95703746597858
2024-02-09,6.92,6.1209097550714,5.23353090366374,4.86572751404335,4.7008650821859,4.69579244833793,4.72115565124247,4.99001077165642
2024-02-12,6.91,6.09665763180978,5.22403893275847,4.88855489995843,4.73383728425207,4.73383728425207,4.76427328929299,5.00522926827929
2024-02-13,6.93,6.18152727386789,5.32840123670919,5.03820278127447,4.90884596679411,4.9037731950446,4.92913708739187,5.1523429593743
2024-02-14,6.88,6.09423225865147,5.25251215088574,4.95957386907024,4.83529110537877,4.83021838236892,4.85050929458231,5.06356711853029
2024-02-15,6.8,5.8976798505741,5.10531343647624,4.79724576477469,4.72115565124247,4.73383728425207,4.76173695091273,4.99762001619082
2024-02-16,6.79,5.87097273002701,5.09818543536689,4.86319114203213,4.78202768150617,4.79470941546092,4.82768202212494,5.08893153966901
2024-02-19,6.77,5.84183364471436,5.0886806457715,4.84797292761372,4.76427328929299,4.78456402661516,4.82260930415899,5.0762493186155
2024-02-20,6.74,5.7665381309544,5.04352058993263,4.84036383175108,4.76173695091273,4.76934596857699,4.80992752395681,5.08893153966901
2024-02-21,6.74,5.79083008602588,5.06253782882027,4.883482141651,4.80485481776141,4.80231846592498,4.84036383175108,5.12190541252189
2024-02-22,6.7,5.78597192970065,5.07442177221762,4.90884596679411,4.86319114203213,4.86065477086131,4.89870042665539,5.14473356134497
2024-02-23,6.69,5.82969111322207,5.11956791907053,4.94689186200865,4.90123681042995,4.8936276616266,4.93420987594047,5.1700982507767
2024-02-26,6.71,5.87582883388205,5.18606206314942,5.02552064410882,4.96971948983314,4.96971948983314,5.00776568732069,5.22082788102132
2024-02-27,6.68,5.84669045207864,5.20505229548807,5.03566635216322,4.96971948983314,4.9722558971228,5.00776568732069,5.22082788102132
2024-02-28,6.62,5.83211967816322,5.22878503050528,5.07878576114884,5.00776568732069,5.01283852792129,5.04327564201406,5.24872932047835
2024-02-29,6.58,5.80540385105266,5.20505229548807,5.08639509378095,5.01030210720135,5.01030210720135,5.04073921122477,5.22336437132978
2024-03-01,6.58,5.79811710052969,5.19318382166034,5.05088493941579,4.98240153467666,4.99001077165642,5.03059349645787,5.20560895676119
2024-03-04,6.6,5.81511910782773,5.21691936499114,5.06356711853029,5.0204477951163,5.01791137187877,5.05595780854493,5.24365632394888
2024-03-05,6.55,5.75682052744853,5.14569587643621,4.974792305252,4.91899152037336,4.91899152037336,4.94435546311547,5.12697832861446
2024-03-06,6.51,5.7033653149281,5.07917495532073,4.883482141651,4.81246387831571,4.80992752395681,4.82514566272161,5.00015643271432
2024-03-07,6.51,5.75439105321873,5.1338203759892,4.88601852038462,4.7997821149294,4.79724576477469,4.80231846592498,4.99508360050667
2024-03-08,6.54,5.84669045207864,5.25725690143819,4.99508360050667,4.86319114203213,4.83529110537877,4.86065477086131,5.03059349645787
2024-03-11,6.51,5.86126017059829,5.28809230982485,5.04073921122477,4.90630958049934,4.87333663511909,4.8936276616266,5.05595780854493
2024-03-12,6.54,5.88796858064189,5.33314239848437,5.11175959039745,4.98240153467666,4.94942826174158,4.96718308338302,5.12951478791823
2024-03-13,6.53,5.86611650893776,5.30706323467189,5.11683249978285,4.99254718566187,4.974792305252,4.97986512402895,5.13458770904074
2024-03-14,6.48,5.83454821377583,5.29046387168375,5.12951478791823,5.01283852792129,5.00522926827929,5.00522926827929,5.16756177806219
2024-03-15,6.45,5.79083008602588,5.2738617609096,5.13205124806035,5.033129923891,5.01030210720137,5.01030210720137,5.1700982507767
2024-03-18,6.5,5.84183364471436,5.36869396953144,5.18024415001457,5.1016137816883,5.07878576114884,5.07117643606509,5.22082788102132
2024-03-19,6.42,5.78111365602929,5.32840123670919,5.1523429593743,5.06610355686974,5.04834850610958,5.04327564201406,5.19292654291506
2024-03-20,6.39,5.7665381309544,5.32128907377061,5.15995236494688,5.07371287692093,5.05342137356091,5.04581207364234,5.18785358324125
2024-03-21,6.33,5.69850504566904,5.2738617609096,5.14727002651658,5.07117643606509,5.06356711853029,5.05849424436786,5.19799950594018
2024-03-22,6.32,5.69364465896793,5.28334901787364,5.1523429593743,5.07878576114884,5.07117643606509,5.07117643606509,5.19546302400871
2024-03-25,6.3,5.68878415481677,5.2738617609096,5.17770767394818,5.09146798639568,5.07371287692093,5.07117643606509,5.19799950594018
2024-03-26,6.27,5.72037533259451,5.31417640645149,5.21068192816385,5.12697832861446,5.10668668436587,5.10415023260782,5.23097384728053
2024-03-27,6.2,5.70093519497483,5.32603057176484,5.20560895676119,5.12190541252189,5.10415023260782,5.09907733160728,5.22336437132978
2024-03-28,6.21,5.73009469689989,5.35921478272794,5.23604683543542,5.14727002651658,5.12697832861446,5.12190541252189,5.23604683543542
2024-04-01,6.28,5.79083008602588,5.43502320323697,5.3070690212788,5.22082788102132,5.19039006265922,5.19039006265922,5.29945946997405
2024-04-02,6.3,5.87582883388205,5.50840800814179,5.38823803711106,5.29692295454647,5.25380232035744,5.24365632394888,5.33497077383671
2024-04-03,6.3,5.85883195746373,5.45870158829764,5.32736119491546,5.24872932047835,5.21068192816385,5.2005359887094,5.281703879559
2024-04-04,6.28,5.81511910782773,5.40186406974197,5.25887532358593,5.19039006265922,5.1827806269189,5.19039006265922,5.29945946997405
2024-04-05,6.3,5.86611650893776,5.48710827322196,5.33497077383671,5.25887532358593,5.23604683543542,5.2461928217949,5.34511689077914
2024-04-08,6.27,5.8636883544203,5.5273373090845,5.35272648727083,5.27409435336634,5.25380232035744,5.26141182645614,5.36540916482187
2024-04-09,6.22,5.83211967816322,5.50130859909714,5.27916736999092,5.19546302400871,5.18785358324125,5.19799950594018,5.32482467028192
2024-04-10,6.29,5.91710098399556,5.63374810911199,5.45926162849131,5.37301878139054,5.35272648727083,5.36287262763859,5.45418849308623
2024-04-11,6.26,5.94137476418943,5.67864323765477,5.52774928359903,5.41867663886992,5.39838422431795,5.4034573229389,5.48970051112074
2024-04-12,6.21,5.87582883388205,5.61011101957831,5.4617981974475,5.34511689077914,5.32228814648521,5.31467858011603,5.39331112904193
2024-04-15,6.21,5.90981827870074,5.6644679996154,5.54296884521417,5.43896910693105,5.4034573229389,5.4034573229389,5.4694079093305
2024-04-16,6.27,6.00447288731587,5.82028553583314,5.73828921976927,5.61906710417202,5.57594466517906,5.56833484804717,5.64696998733938
2024-04-17,6.24,5.99476677197242,5.81556734728128,5.68755617942602,5.57087145292288,5.51760292589347,5.48970051112074,5.55818843689373
2024-04-18,6.22,6.00204640239088,5.82500350243453,5.70023940824247,5.56579824400638,5.49731025057891,5.4617981974475,5.50999316638507
2024-04-19,6.2,5.98991353866118,5.80848964825442,5.6723363323689,5.53028587511355,5.45165192663741,5.4110669771418,5.44911536102441
2024-04-22,6.18,5.95108345614381,5.76837325000312,5.64189672834474,5.48970051112074,5.4110669771418,5.37048224169785,5.40092077321033
2024-04-23,6.16,5.90010759479576,5.69754043905046,5.58609109970964,5.43135942513815,5.36540916482187,5.34004383063456,5.39838422431795
2024-04-24,6.17,5.88796858064189,5.68336787181867,5.61145724446879,5.4846273556596,5.43389598489981,5.41360353021505,5.47955420354074
2024-04-25,6.17,5.89525207704789,5.69281647249653,5.63936010009896,5.53535906064828,5.4922370901046,5.46687133786714,5.5480420391004
2024-04-26,6.13,5.87582883388205,5.66683067842799,5.59877416165553,5.49731025057891,5.45672506037089,5.44657879624726,5.51252975205252
2024-04-29,6.09,5.81997656025202,5.57700973261088,5.51252975205252,5.43135942513815,5.39331112904193,5.38823803711106,5.45165192663741
2024-04-30,6.06,5.77625526502779,5.53443487596272,5.43389598489981,5.36540916482187,5.34765342210641,5.34258036028852,5.43135942513815
2024-05-02,6.04,5.71551547432669,5.44212730575122,5.32228814648521,5.23604683543542,5.22082788102132,5.22843735445939,5.36794570284163
2024-05-03,5.96,5.63287991395622,5.34736453919749,5.21068192816385,5.12190541252189,5.09400443396095,5.1016137816883,5.27409435336634
2024-05-06,5.96,5.6255869108508,5.3165473516037,5.14219709701156,5.04834850610958,5.02805706986378,5.04073921122477,5.21321841512172
2024-05-07,5.98,5.61829364332489,5.28334901787364,5.09654088236482,5.00015643271432,4.97732871422072,4.98493794616381,5.15741589558458
2024-05-08,5.98,5.674201937655,5.37817226049953,5.19039006265922,5.06356711853029,5.033129923891,5.02805706986378,5.1700982507767
2024-05-09,5.96,5.674201937655,5.40660176007801,5.2385833307691,5.09146798639568,5.05342137356091,5.05595780854493,5.19039006265922
2024-05-10,5.96,5.674201937655,5.44212730575122,5.29945946997405,5.18531710466115,5.14727002651658,5.14980649252637,5.30453250334026
2024-05-13,5.92,5.63774176912268,5.39238801762298,5.29184992620235,5.19546302400871,5.1650253061857,5.1700982507767,5.34004383063456
2024-05-14,5.86,5.56723336494347,5.29757822080956,5.21321841512172,5.14727002651658,5.12444187014898,5.13205124806035,5.31467858011603
2024-05-15,5.8,5.49183497138284,5.16231921507782,5.07371287692093,5.0204477951163,4.98747435849041,5.01283852792129,5.2005359887094
2024-05-16,5.77,5.48210408743621,5.18843603884545,5.13712417085945,5.07878576114884,5.04327564201406,5.05595780854493,5.22082788102132
2024-05-17,5.73,5.44560907944458,5.16944265969599,5.10668668436587,5.05342137356091,5.02298421919298,5.033129923891,5.2005359887094
2024-05-20,5.69,5.38476934796783,5.14569587643621,5.08893153966901,5.03059349645787,5.00522926827929,5.01791137187877,5.19799950594018
2024-05-22,5.67,5.40910744881451,5.20267871307745,5.12190541252189,5.05849424436786,5.05088493941579,5.05595780854493,5.22590086247579
2024-05-23,5.64,5.37503328302158,5.18131394317223,5.12190541252189,5.07117643606509,5.06103068102965,5.06610355686974,5.24365632394888
2024-05-24,5.68,5.40910744881451,5.20742582172762,5.13458770904074,5.08639509378095,5.08385864873155,5.09400443396095,5.27663086126005
2024-05-27,5.68,5.40910744881451,5.20742582172762,5.13458770904074,5.09146798639568,5.09654088236482,5.10415023260782,5.30453250334026
2024-05-28,5.71,5.43344260520051,5.23115799516205,5.18024415001457,5.13205124806035,5.13458770904074,5.14473356134497,5.35526302110794
2024-05-29,5.74,5.48210408743621,5.28334901787364,5.23351034093924,5.2005359887094,5.20560895676119,5.22336437132978,5.44150566920054
2024-05-30,5.69,5.43100922204154,5.22641200970941,5.19799950594018,5.17517119871973,5.18024415001457,5.2005359887094,5.44911536102441
2024-05-31,5.69,5.43100922204154,5.22166579966044,5.19039006265922,5.17770767394818,5.16248883514725,5.17770767394818,5.41614008412443
2024-06-03,5.65,5.35312541371891,5.12669440070734,5.06863999604803,5.05088493941579,5.05088493941579,5.06610355686974,5.30960554005429
2024-06-04,5.65,5.30686763014732,5.05302966012788,4.95957386907024,4.91138235392892,4.93167348124623,4.94435546311547,5.19292654291506
2024-06-05,5.65,5.3214765005567,5.03401061805864,4.97986512402895,4.93928266784835,4.95196466231422,4.96971948983314,5.21068192816385
2024-06-06,5.64,5.33851884180692,5.06016087115757,4.98747435849041,4.94435546311547,4.94689186200865,4.9646466777725,5.20560895676119
2024-06-07,5.65,5.37503328302158,5.12906978205496,5.07117643606509,5.03566635216322,5.04327564201406,5.07371287692093,5.29438643995588
2024-06-10,5.63,5.36529674679631,5.13144510715158,5.07371287692093,5.04581207364234,5.04834850610958,5.0762493186155,5.31721510140222
2024-06-11,5.62,5.34582226034885,5.10768932427474,5.02805706986378,5.00015643271432,5.01537494948043,5.033129923891,5.281703879559
2024-06-12,5.57,5.31173737150148,5.07442177221762,4.98747435849041,4.96971948983314,4.99762001619082,5.02805706986378,5.25380232035744
2024-06-13,5.56,5.32878053789965,5.0886806457715,4.99762001619082,4.99254718566187,5.01283852792129,5.02805706986378,5.25380232035744
2024-06-14,5.61,5.37503328302158,5.12431896309273,5.033129923891,5.01283852792129,5.02298421919298,5.0204477951163,5.2385833307691
2024-06-17,5.59,5.39937256185397,5.1741913417036,5.10922313696243,5.0762493186155,5.08132220452084,5.07878576114884,5.28677690120647
2024-06-18,5.59,5.39207108743689,5.20030507449576,5.14727002651658,5.10922313696243,5.09400443396095,5.1016137816883,5.281703879559
2024-06-19,5.7,5.54291439034138,5.38764965580008,5.29184992620235,5.2461928217949,5.22082788102132,5.20814544204367,5.34765342210641
2024-06-21,5.73,5.59154939971318,5.44449522810542,5.41360353021505,5.37048224169785,5.36033609129185,5.34004383063456,5.45165192663741
2024-06-24,5.71,5.60127499063778,5.47290593648331,5.43643254549746,5.39331112904193,5.39584767626182,5.3831649485254,5.47701762873472
2024-06-25,5.7,5.5720968070565,5.44923090509197,5.42882286621247,5.39331112904193,5.40092077321033,5.39331112904193,5.49984683206928
2024-06-26,5.67,5.54291439034138,5.43502320323697,5.39584767626182,5.36540916482187,5.36794570284163,5.36033609129185,5.48209077918236
2024-06-27,5.67,5.54291439034138,5.40186406974197,5.37555532191965,5.36540916482187,5.36033609129185,5.35272648727083,5.45672506037089
2024-06-28,5.69,5.5720968070565,5.40660176007801,5.39584767626182,5.39077458265835,5.37301878139054,5.36794570284163,5.47448105476434
2024-07-01,5.7,5.57696013159159,5.41133922662507,5.39838422431795,5.40092077321033,5.38823803711106,5.38823803711106,5.49984683206928
2024-07-02,5.69,5.55750612791961,5.42081348842416,5.38570149240005,5.38823803711106,5.38570149240005,5.38823803711106,5.51252975205252
2024-07-03,5.64,5.51859247520348,5.36395448811611,5.33497077383671,5.31467858011603,5.32736119491546,5.33750730181728,5.46687133786714
2024-07-04,5.64,5.5137277392534,5.35921478272794,5.35779955578159,5.32989772038581,5.34511689077914,5.36033609129185,5.4694079093305
2024-07-05,5.64,5.46993982046651,5.3165473516037,5.33750730181728,5.31975162352529,5.33750730181728,5.35272648727083,5.47701762873472
2024-07-08,5.64,5.48210408743621,5.34262404970853,5.36287262763859,5.34258036028852,5.35272648727083,5.35526302110794,5.47194448162958
2024-07-09,5.65,5.48940229453088,5.36395448811611,5.35526302110794,5.33497077383671,5.3324342466929,5.3324342466929,5.45165192663741
2024-07-10,5.63,5.49183497138284,5.3449943224626,5.31467858011603,5.29438643995588,5.28424038996416,5.28677690120647,5.40092077321033
2024-07-11,5.62,5.46750687880238,5.30232083986704,5.24365632394888,5.2182913915505,5.20814544204367,5.20814544204367,5.32482467028192
2024-07-12,5.6,5.45777481783727,5.27860550157389,5.21321841512172,5.1827806269189,5.1700982507767,5.17517119871973,5.30960554005429
2024-07-15,5.59,5.44317584346388,5.24776717585684,5.18024415001457,5.14727002651658,5.14980649252637,5.14727002651658,5.28677690120647
2024-07-17,5.61,5.42614236741024,5.21454606341987,5.12697832861446,5.08893153966901,5.08132220452084,5.07878576114884,5.2385833307691
2024-07-18,5.63,5.46507390769779,5.25013969143284,5.15995236494688,5.12697832861446,5.12190541252189,5.13205124806035,5.30199598623868
2024-07-19,5.63,5.47480561552938,5.26437360641552,5.18531710466115,5.14473356134497,5.14473356134497,5.14727002651658,5.32482467028192
2024-07-22,5.63,5.47480561552938,5.27623365929131,5.19039006265922,5.14980649252637,5.1523429593743,5.15995236494688,5.33750730181728
2024-07-23,5.61,5.46750687880238,5.27148980643677,5.17517119871973,5.12951478791823,5.13205124806035,5.14727002651658,5.32989772038581
2024-07-24,5.61,5.46507390769779,5.25962919254575,5.15741589558458,5.10922313696243,5.11683249978285,5.12444187014898,5.31214205966672
2024-07-25,5.62,5.49183497138284,5.28572069189082,5.17517119871973,5.12444187014898,5.12697832861446,5.13966063351639,5.31975162352529
2024-07-26,5.63,5.5137277392534,5.32840123670919,5.24111982694024,5.17770767394818,5.1700982507767,5.18024415001457,5.34258036028852
2024-07-29,5.62,5.50643041471677,5.31417640645149,5.26141182645614,5.20307247231642,5.19292654291506,5.21068192816385,5.40092077321033
2024-07-30,5.61,5.50399791437162,5.30706323467189,5.22590086247579,5.17263472432921,5.17263472432921,5.19292654291506,5.3806284054871
2024-07-31,5.63,5.5210247990658,5.32365985079331,5.19799950594018,5.13966063351639,5.13712417085945,5.14727002651658,5.32482467028192
2024-08-01,5.69,5.58668642791194,5.36158466341963,5.19292654291506,5.11683249978285,5.09654088236482,5.1016137816883,5.27663086126005
2024-08-02,5.65,5.47967129289439,5.19080995834642,5.00776568732069,4.91899152037336,4.89616404372093,4.9037731950446,5.10415023260782
2024-08-05,5.65,5.45047546309263,5.1338203759892,4.9037731950446,4.81753658955588,4.80992752395681,4.81753658955588,5.03566635216322
2024-08-06,5.67,5.46264090717674,5.16231921507782,5.00015643271432,4.9037731950446,4.89109128037242,4.9037731950446,5.11683249978285
2024-08-07,5.66,5.52345709351165,5.23115799516205,5.08385864873155,4.98240153467666,4.96211027300157,4.96718308338302,5.1700982507767
2024-08-08,5.66,5.51859247520348,5.19080995834642,5.04073921122477,4.94435546311547,4.93420987594047,4.94181906506201,5.14219709701156
2024-08-09,5.65,5.49426761881833,5.14807080779978,5.00269285007715,4.93167348124623,4.91645513071859,4.93674627147449,5.14727002651658
2024-08-12,5.64,5.4383092832051,5.14569587643621,4.93167348124623,4.86319114203213,4.8581184005309,4.87080026058684,5.08132220452084
2024-08-13,5.61,5.38233537591193,5.05540678680738,4.86319114203213,4.79217306698805,4.78202768150617,4.79217306698805,5.00522926827929
2024-08-14,5.6,5.38720329057529,5.04589794200783,4.83275474345353,4.7515916058037,4.73383728425207,4.74398260580504,4.95957386907024
2024-08-16,5.59,5.38720329057529,5.05778385714795,4.85050929458231,4.76934596857699,4.7515916058037,4.76680962851441,4.98493794616381
2024-08-19,5.58,5.38476934796783,5.06016087115757,4.85558203104091,4.77188230948065,4.75412794081911,4.76680962851441,4.9646466777725
2024-08-20,5.58,5.37990137439959,5.06016087115757,4.90123681042995,4.7997821149294,4.77949133723823,4.79217306698805,4.9722558971228
2024-08-21,5.58,5.39207108743689,5.06729157516084,4.86572751404335,4.76680962851441,4.74398260580504,4.75412794081911,4.95196466231422
2024-08-22,5.59,5.40424006423113,5.06966836383871,4.88855489995843,4.80231846592498,4.78456402661516,4.7997821149294,5.01791137187877
2024-08-23,5.56,5.37503328302158,5.02925529394815,4.83782746814465,4.76680962851441,4.76427328929299,4.77188230948065,4.98747435849041
2024-08-26,5.53,5.35555973926005,5.02687754733255,4.85050929458231,4.76934596857699,4.76680962851441,4.77441865122543,4.98240153467666
2024-08-27,5.52,5.34582226034885,5.0173659971291,4.83782746814465,4.75920061337367,4.75920061337367,4.76680962851441,4.9722558971228
2024-08-28,5.52,5.34338781696597,5.01023174245407,4.83021838236892,4.75920061337367,4.75920061337367,4.77188230948065,4.98240153467666
2024-08-29,5.5,5.3214765005567,4.98406846590882,4.80739117043871,4.74398260580504,4.74651893829663,4.76680962851441,4.99254718566187
2024-08-30,5.52,5.32391120913545,5.01498796862698,4.82260930415899,4.75920061337367,4.75666427667576,4.77188230948065,5.02298421919298
2024-09-02,5.55,5.35312541371891,5.04589794200783,4.84797292761372,4.78963671935613,4.79470941546092,4.82007294643707,5.04073921122477
2024-09-03,5.53,5.35555973926005,5.03401061805864,4.82260930415899,4.75666427667576,4.76173695091273,4.78202768150617,5.00269285007715
2024-09-04,5.44,5.18995845471881,4.8293278061271,4.62731222097843,4.6120944760434,4.63745740111334,4.66535671595796,4.92913708739187
2024-09-05,5.43,5.17290352136524,4.77451618172786,4.58673163520846,4.57405024638529,4.6120944760434,4.64760259472266,4.93674627147449
2024-09-06,5.42,5.13635236547128,4.69820666419896,4.48020862399621,4.45230998589377,4.50049860671486,4.5385424697606,4.85558203104091
2024-09-09,5.4,5.10710665784764,4.6838921634702,4.44470128412582,4.39144058438341,4.41933899974045,4.44977375112749,4.74398260580504
2024-09-10,5.39,5.11929288612212,4.69104966921829,4.44470128412582,4.37115089190878,4.38383194337428,4.41680277594283,4.71608300392894
2024-09-11,5.39,5.12173004318228,4.69582105595201,4.4396288204988,4.37115089190878,4.38383194337428,4.42441144986727,4.71861932716493
2024-09-12,5.38,5.13147837614714,4.71490433322241,4.48020862399621,4.40158545087934,4.40412166961337,4.42441144986727,4.71354668153448
2024-09-13,5.35,5.08273198620657,4.669575619352,4.42441144986727,4.35086125346558,4.34832505245979,4.36354227116025,4.65774780180512
2024-09-16,5.26,4.99495870352451,4.59557423361279,4.35086125346558,4.28492030180323,4.29252884400582,4.31281832705173,4.60448561494735
2024-09-17,5.29,5.00959024404768,4.61467659337078,4.39904923298928,4.32803547481415,4.32549928140886,4.35593365801039,4.62731222097843
2024-09-23,5.24,4.94861846909078,4.57646823475777,4.39904923298928,4.35846986154933,4.37622330996241,4.42187522438195,4.71608300392894
2024-09-24,5.25,4.93642189594734,4.5836334108742,4.40665788919137,4.3787595202555,4.39651301594328,4.44977375112747,4.75920061337367
2024-09-25,5.26,4.95105769497606,4.60751363483247,4.46752741220637,4.44977375112747,4.48020862399621,4.53346994372832,4.84290019619809
2024-09-26,5.23,4.91934545100925,4.55258061660224,4.41680277594283,4.40158545087934,4.43709258995084,4.4903536086091,4.81753658955588
2024-09-27,5.22,4.88518821134054,4.49283666727052,4.37115089190878,4.34578885229839,4.37368710051349,4.42441144986727,4.76934596857699
2024-09-30,5.24,4.91690584052762,4.51195860350495,4.38890436986958,4.36861468414833,4.39397679974134,4.44723751720482,4.78710037256513
2024-10-01,5.21,4.89250810815722,4.47849282211887,4.33564406009745,4.31281832705173,4.33818025688095,4.38636815619988,4.71608300392894
2024-10-02,5.22,4.91934545100925,4.52629766345236,4.38890436986958,4.38383194337428,4.39397679974134,4.44723751720482,4.76173695091273
2024-10-03,5.21,4.93398249257204,4.56930254669885,4.45230998589377,4.44216505189048,4.45484622150363,4.51317987331947,4.82007294643707
2024-10-04,5.27,4.99983600196163,4.69582105595201,4.62731222097843,4.61463076476016,4.62984851474886,4.66789302235946,4.94435546311547
2024-10-07,5.25,5.00471318213336,4.70297771046102,4.62984851474886,4.62984851474886,4.64506629505717,4.68564719074247,4.96718308338302
2024-10-08,5.2,4.96569242914457,4.63616239997666,4.55376006808699,4.55122379959212,4.5816590771514,4.62477592805024,4.88855489995843
2024-10-09,5.23,4.98032609860477,4.65287040115925,4.58673163520846,4.58419535575865,4.6323848093615,4.69071981785671,4.95196466231422
2024-10-10,5.23,4.9876425341262,4.68150621469565,4.62223963596429,4.62731222097843,4.67042932960289,4.72622830192195,4.99001077165642
2024-10-11,5.23,4.99252000995742,4.69820666419896,4.64506629505717,4.65267519657984,4.69579244833793,4.7515916058037,5.01283852792129
2024-10-14,5.23,4.99252000995742,4.7005922156993,4.66282041039841,4.67550194661539,4.72369197616147,4.78456402661516,5.05088493941579
2024-10-15,5.23,5.00471318213336,4.70297771046102,4.6729656376882,4.68057456699529,4.71101035998158,4.77188230948065,5.033129923891
2024-10-16,5.21,4.99983600196163,4.69343539095846,4.64760259472266,4.6501388952302,4.6729656376882,4.72622830192195,4.99001077165642
2024-10-17,5.23,5.04128826446415,4.75067569403986,4.70847403927024,4.70847403927024,4.74144627415478,4.80485481776141,5.06863999604803
2024-10-18,5.21,5.00715172787469,4.7244446103587,4.68057456699529,4.6729656376882,4.71354668153448,4.77949133723823,5.05342137356091
2024-10-21,5.23,5.06079225602996,4.79120115179743,4.76934596857699,4.77441865122543,4.82007294643707,4.883482141651,5.15995236494688
2024-10-22,5.22,5.0388501325358,4.78881775458184,4.8150002335154,4.83782746814465,4.89616404372093,4.95450106372657,5.2157549029173
2024-10-23,5.21,5.01690561521251,4.77213238796548,4.7997821149294,4.83021838236892,4.88855489995843,4.95196466231422,5.2182913915505
2024-10-24,5.21,4.9876425341262,4.74352244249676,4.77949133723823,4.80739117043871,4.86572751404335,4.9240643022028,5.17517119871973
2024-10-25,5.22,5.00715172787469,4.74352244249676,4.79724576477469,4.83021838236892,4.8936276616266,4.95450106372657,5.21321841512175
2024-10-28,5.23,5.02178238152329,4.78405079023059,4.85558203104091,4.89870042665539,4.96211027300157,5.02552064410882,5.27663086126005
2024-10-29,5.2,5.00715172787469,4.78405079023059,4.87080026058684,4.93167348124623,4.99762001619082,5.06610355686974,5.30453250334026
2024-10-30,5.2,5.00715172787469,4.78166722307893,4.86065477086131,4.93420987594047,5.00015643271432,5.06356711853029,5.30453250334026
2024-11-04,5.17,4.96813144798747,4.7244446103587,4.78456402661516,4.85558203104091,4.92152791086811,4.97986512402895,5.22082788102132
2024-11-05,5.17,4.97057043725402,4.74829133354682,4.82514566272161,4.89870042665539,4.95450106372657,5.01791137187877,5.25887532358593
2024-11-06,5.18,4.9876425341262,4.79120115179743,4.883482141651,4.96211027300157,5.04834850610958,5.11429604467091,5.37301878139054
2024-11-07,5.15,4.93398249257204,4.71490433322241,4.77188230948065,4.83782746814465,4.91391874190377,4.96971948983314,5.26394833016368
2024-11-08,5.21,5.01934401314408,4.80788334655102,4.86826388689492,4.9240643022028,4.99001077165642,5.04073921122477,5.3070690212788
2024-11-11,5.2,5.06566795843977,4.85076768142623,4.91391874190377,4.96718308338302,5.033129923891,5.08385864873155,5.36287262763859
2024-11-12,5.23,5.09979456649123,4.94362088168288,5.07371287692093,5.12190541252189,5.17517119871973,5.22590086247579,5.47955420354074
2024-11-13,5.21,5.09248220931546,4.94600060295092,5.04327564201406,5.08893153966901,5.13712417085945,5.19292654291506,5.43643254549746
2024-11-14,5.19,5.06566795843977,4.91267936571749,4.99001077165642,5.04327564201406,5.09654088236482,5.15741589558458,5.40599387350369
2024-11-15,5.18,5.04616443965578,4.8912527228735,4.96971948983314,5.0204477951163,5.07371287692093,5.13712417085945,5.39838422431795
2024-11-18,5.19,5.0534784808125,4.89601459467437,4.97986512402895,5.02298421919298,5.0762493186155,5.13458770904074,5.39077458265835
2024-11-19,5.21,5.05591643543468,4.88887170218888,4.93674627147449,4.98240153467666,5.02805706986378,5.0762493186155,5.31721510140222
2024-11-20,5.18,5.03641197106308,4.84362156557516,4.87080026058684,4.91138235392892,4.95450106372657,5.00015643271432,5.23351034093924
2024-11-21,5.19,5.04860248292704,4.85791328814056,4.88855489995843,4.90884596679411,4.93928266784835,4.99508360050667,5.22843735445939
2024-11-22,5.19,5.08273198620657,4.90077624039209,4.95196466231422,4.9722558971228,5.00522926827929,5.04834850610958,5.29184992620235
2024-11-25,5.16,5.06079225602996,4.8912527228735,4.94689186200865,4.96718308338302,5.00015643271432,5.04581207364234,5.28931341328585
2024-11-26,5.16,5.05104049664595,4.89601459467437,4.94942826174158,4.96971948983314,5.00522926827929,5.04581207364234,5.27663086126005
2024-11-27,5.13,5.00715172787469,4.85076768142623,4.89870042665539,4.91138235392892,4.93420987594047,4.96971948983314,5.20560895676119
2024-11-28,5.13,5.00715172787469,4.85076768142623,4.89109128037242,4.91391874190377,4.93674627147449,4.96971948983314,5.19799950594018
2024-11-29,5.14,4.99252000995742,4.83409261896739,4.86826388689492,4.883482141651,4.90884596679411,4.94942826174158,5.15741589558458
2024-12-02,5.13,4.9778872276276,4.81503200922884,4.84797292761372,4.8581184005309,4.883482141651,4.92152791086811,5.14727002651658
2024-12-03,5.1,4.94373992857522,4.79596777630853,4.85050929458231,4.86065477086131,4.89109128037242,4.93420987594047,5.17263472432921
2024-12-04,5.12,4.95105769497606,4.79835100361203,4.85558203104091,4.86826388689492,4.89870042665539,4.93167348124623,5.1650253061857
2024-12-05,5.13,4.99008128682998,4.83647494049944,4.88855489995843,4.9037731950446,4.93420987594047,4.95957386907024,5.19039006265922
2024-12-06,5.07,4.94861846909078,4.79596777630853,4.86319114203213,4.88094576375764,4.90884596679411,4.95196466231422,5.1827806269189
2024-12-09,5.08,4.96081430272977,4.79596777630853,4.87080026058684,4.89870042665539,4.9240643022028,4.96718308338302,5.19799950594018
2024-12-10,5.07,4.94373992857522,4.78166722307893,4.86826388689492,4.9037731950446,4.94181906506201,4.99254718566187,5.22843735445939
2024-12-11,5.07,4.94373992857522,4.80073417428883,4.88094576375764,4.90884596679411,4.94689186200865,4.99508360050667,5.24111982694024
2024-12-12,5.08,4.95593605800959,4.80788334655102,4.89616404372093,4.92660069437738,4.95703746597858,5.01030210720135,5.26648483470848
2024-12-13,5.08,4.97057043725402,4.82218016239422,4.93167348124623,4.9646466777725,5.00015643271432,5.04581207364234,5.31214205966672
2024-12-16,5.1,4.99739736752325,4.84362156557516,4.94942826174158,4.98240153467666,5.0204477951163,5.06610355686974,5.33497077383671
2024-12-17,5.12,5.04860248292704,4.910298853674,5.03820278127447,5.07371287692093,5.10922313696243,5.1523429593743,5.40092077321033
2024-12-18,5.02,4.95837519515785,4.88887170218888,5.06356711853029,5.11175959039745,5.1650253061857,5.22336437132978,5.4846273556596
2024-12-19,5.04,4.95837519515785,4.91744022031604,5.14980649252637,5.2157549029173,5.27663086126005,5.33750730181728,5.58355448982477
2024-12-20,5.03,4.95105769497606,4.90791828511572,5.13205124806035,5.22082788102132,5.29184992620235,5.35018995427032,5.58609109970964
2024-12-23,5.04,4.9778872276276,4.95551892340274,5.20560895676119,5.31721510140222,5.38823803711106,5.45672506037089,5.67740961138496
2024-12-24,5.04,4.9827649400136,4.96265707097177,5.22082788102132,5.34511689077914,5.42628630812279,5.49477366992401,5.7281425850197
2024-12-26,5.04,4.9778872276276,4.95551892340274,5.21068192816385,5.33750730181728,5.4237497508691,5.48970051112074,5.71545931034116
2024-12-27,5.04,4.9388612697383,4.88887170218888,5.13966063351639,5.26141182645614,5.34765342210641,5.4110669771418,5.64443335742488
2024-12-30,5.04,4.94373992857522,4.84600366076826,5.0762493186155,5.19039006265922,5.28424038996416,5.34511689077914,5.57848127255944
2025-01-02,5.04,4.96081430272977,4.88410949121931,5.11683249978285,5.2157549029173,5.30453250334026,5.36540916482187,5.60131077654888
2025-01-03,5.05,5.01446718772058,4.98168964775036,5.28931341328585,5.36540916482187,5.45165192663741,5.53789565466842,5.76365586499399
2025-01-06,5.03,4.97057043725402,4.99358317436993,5.32989772038581,5.42882286621247,5.50745658155303,5.56326164080052,5.79409594927449
2025-01-07,5.03,4.9778872276276,4.99120458187896,5.31721510140222,5.44657879624726,5.54043224952372,5.59623754759688,5.81438940545249
2025-01-08,5.03,4.96569242914457,4.97455285471382,5.29184992620235,5.44657879624726,5.55565183619284,5.61653048343638,5.84990308204609
2025-01-09,5.04,4.96081430272977,4.96265707097177,5.27409435336634,5.42121319445148,5.53282246746334,5.60131077654888,5.85243977947776
2025-01-10,5.05,4.99739736752325,5.03163298418485,5.35526302110794,5.50745658155303,5.61653048343638,5.68501953616469,5.92600436716222
2025-01-13,5.06,5.00715172787469,5.06253782882027,5.42628630812279,5.5810178807747,5.69009282352138,5.76111919672075,6.00210640124561
2025-01-14,5.04,5.00227460682368,5.07679839192665,5.44911536102441,5.60384739227688,5.70277605650757,5.77633921886114,6.02747391228684
2025-01-15,5.04,4.97544832707408,5.00309698024903,5.35526302110794,5.50238341439508,5.59877416165553,5.66726305668932,5.92600436716222
2025-01-16,5.03,4.96081430272977,4.97693184215287,5.31214205966672,5.45926162849131,5.55818843689373,5.63682347268755,5.903173902962
2025-01-17,5.04,4.96569242914457,4.96741555378755,5.24872932047835,5.38823803711106,5.48209077918236,5.55818843689373,5.81692609122362
2025-01-20,5.03,4.94861846909078,4.93648137906177,5.19546302400871,5.32736119491546,5.42121319445148,5.48970051112074,5.75097253196255
2025-01-21,5.03,4.94373992857522,4.910298853674,5.16248883514725,5.27155784630984,5.35526302110794,5.42628630812279,5.67740961138496
2025-01-22,5.04,4.97300939695222,4.95551892340274,5.20560895676119,5.3070690212788,5.38823803711106,5.45926162849131,5.7103860063062
2025-01-23,5.04,4.99739736752325,4.99596171045003,5.25887532358593,5.34511689077914,5.45165192663741,5.53535906064828,5.79663262838077
2025-01-24,5.03,4.99008128682998,4.96741555378755,5.2385833307691,5.35526302110794,5.43896910693105,5.51252975205252,5.77633921886114
2025-01-27,5.04,4.99495870352451,4.98168964775036,5.24111982694024,5.35526302110794,5.44911536102441,5.53028587511355,5.78648591695492
2025-01-28,5.04,4.99983600196163,4.99596171045003,5.27155784630984,5.37555532191965,5.4617981974475,5.53789565466842,5.80931603640935
2025-01-29,5.05,5.02178238152329,5.09343315316713,5.35018995427032,5.43643254549746,5.50491999755636,5.57340805863353,5.80931603640935
2025-01-30,5.07,5.07054354265613,5.12194346921913,5.37048224169785,5.44657879624726,5.52774928359903,5.58862771042932,5.80931603640935
2025-01-31,5.06,5.0583543605045,5.12906978205496,5.40092077321033,5.48209077918236,5.55565183619284,5.61399386353529,5.82453615353506
2025-02-03,5.05,5.0583543605045,5.13144510715158,5.39584767626182,5.47448105476434,5.5480420391004,5.61399386353529,5.82453615353506
2025-02-04,5.04,5.03641197106308,5.08392791316403,5.32482467028192,5.41360353021505,5.49731025057891,5.55818843689373,5.78394924118155
2025-02-05,5.06,5.03641197106308,5.07204509619363,5.29438643995588,5.35018995427032,5.40599387350369,5.46687133786714,5.69516611421401
2025-02-06,5.06,5.06323012200305,5.10056149203031,5.31721510140222,5.36287262763859,5.41614008412443,5.48209077918236,5.70277605650757
2025-02-07,5.06,5.08516958629635,5.1551952644644,5.3831649485254,5.43389598489981,5.47955420354074,5.52521269291975,5.73321590072715
2025-02-10,5.07,5.08029435658042,5.16469375282824,5.40092077321033,5.45165192663741,5.48970051112074,5.52521269291975,5.7103860063062
2025-02-11,5.07,5.06323012200305,5.14094584499603,5.38570149240005,5.45165192663741,5.51252975205252,5.55565183619284,5.75604586267469
2025-02-12,5.1,5.14609998981896,5.26200142753819,5.55565183619284,5.62667697138612,5.67740961138496,5.7281425850197,5.92854108956788
2025-02-13,5.1,5.10466932360121,5.18843603884545,5.48970051112074,5.55818843689373,5.62160372574223,5.6723363323689,5.85497647774214
2025-02-14,5.08,5.06079225602996,5.10293749239477,5.36287262763859,5.44404223230595,5.51506633855534,5.57594466517906,5.77633921886114
2025-02-17,5.08,5.06566795843977,5.12669440070734,5.40599387350369,5.48716393297239,5.55818843689373,5.61906710417202,5.79409594927449
2025-02-18,5.08,5.06810576532413,5.11956791907053,5.40853042490468,5.4846273556596,5.5480420391004,5.60384739227688,5.78902259356155
2025-02-19,5.09,5.07054354265613,5.11006515579027,5.36033609129185,5.44404223230595,5.51252975205252,5.5810178807747,5.75858252928099
2025-02-20,5.07,5.04860248292704,5.08630430762125,5.30199598623868,5.37809186328519,5.44404223230595,5.52013951406694,5.68501953616469
2025-02-21,5.07,5.0534784808125,5.0886806457715,5.30199598623868,5.35272648727083,5.4110669771418,5.46687133786714,5.64696998733938
2025-02-24,5.06,5.02665902959265,5.05065247710146,5.25380232035744,5.30453250334026,5.36794570284163,5.41867663886992,5.59370093437297
2025-02-25,5.06,5.00471318213336,5.01498796862698,5.21068192816385,5.2461928217949,5.29945946997405,5.34004383063456,5.50491999755636
2025-02-26,5.06,5.02178238152329,5.02212188498863,5.22082788102132,5.25380232035744,5.3070690212788,5.34511689077914,5.52267610307571
2025-02-27,5.07,5.02665902959265,5.03163298418485,5.22590086247579,5.26141182645614,5.3070690212788,5.35018995427032,5.55057863729616
2025-02-28,5.07,5.01690561521251,5.02449974435404,5.19546302400871,5.23351034093924,5.27409435336634,5.31975162352529,5.50491999755636
2025-03-03,5.06,5.03153555943658,5.04114318150251,5.19039006265922,5.23097384728053,5.27409435336634,5.32736119491546,5.52521269291975
2025-03-04,5.05,5.00227460682368,4.96979471053116,5.08893153966901,5.10922313696243,5.15741589558458,5.2182913915505,5.43389598489981
2025-03-05,5.06,5.01446718772058,4.98882593296912,5.10415023260782,5.12951478791823,5.19799950594018,5.26394833016368,5.51506633855534
2025-03-06,5.06,5.01446718772058,4.98168964775036,5.13458770904074,5.1700982507767,5.23604683543542,5.31467858011603,5.56326164080052
2025-03-07,5.05,4.98032609860477,4.93410143191042,5.06610355686974,5.10415023260782,5.18785358324125,5.25380232035744,5.51252975205252
2025-03-10,5.04,4.92422458321151,4.83409261896739,4.94435546311547,4.99001077165642,5.06356711853029,5.12444187014898,5.39838422431795
2025-03-11,5.03,4.9388612697383,4.82218016239422,4.91645513071859,4.95450106372657,5.03566635216322,5.10415023260782,5.41360353021505
2025-03-12,5.04,4.9778872276276,4.8912527228735,5.00269285007715,5.04834850610958,5.12697832861446,5.2005359887094,5.4846273556596
2025-03-13,5.04,4.97057043725402,4.88649062497348,5.00776568732069,5.06103068102965,5.14473356134497,5.20307247231642,5.4694079093305
2025-03-14,5.04,4.96325338072534,4.8912527228735,5.02805706986378,5.0762493186155,5.1523429593743,5.20814544204367,5.4694079093305
2025-03-17,5.04,4.94617921362117,4.87934705411863,4.99508360050667,5.05342137356091,5.11429604467091,5.15995236494688,5.40092077321033
2025-03-18,5.04,4.94617921362117,4.90791828511572,5.04581207364234,5.09907733160728,5.15487942706037,5.20307247231642,5.43896910693105
2025-03-19,5.04,4.96325338072534,4.93410143191042,5.05849424436786,5.11429604467091,5.1700982507767,5.22082788102132,5.47194448162958
2025-03-20,5.04,4.96569242914457,4.91744022031604,5.01537494948043,5.07117643606509,5.12697832861446,5.18024415001457,5.44404223230595
2025-03-21,5.03,4.95105769497606,4.87696575075613,4.96211027300157,5.01030210720135,5.07371287692093,5.12444187014898,5.4034573229389
2025-03-24,5.04,4.95593605800959,4.88410949121931,4.96718308338302,5.01283852792129,5.07878576114884,5.12697832861446,5.40853042490468
2025-03-25,5.04,4.96081430272977,4.89839544579862,4.98493794616381,5.02552064410882,5.08639509378095,5.14219709701156,5.42882286621247
2025-03-26,5.05,4.97057043725402,4.91505982127016,4.99762001619082,5.04327564201406,5.10415023260782,5.1700982507767,5.45165192663741
2025-03-27,5.05,4.97544832707408,4.92220084892736,5.01030210720135,5.05595780854493,5.11683249978285,5.17770767394818,5.4617981974475
2025-03-28,5.05,4.99252000995742,4.92934136816725,5.01283852792129,5.05595780854493,5.11936895573317,5.17770767394818,5.46433476723944
2025-03-31,5.04,4.98032609860477,4.91267936571749,4.98240153467666,5.0204477951163,5.08893153966901,5.14980649252637,5.43643254549746
2025-04-01,5.05,4.97300939695222,4.88887170218888,4.93420987594047,4.9646466777725,5.02552064410882,5.0762493186155,5.36540916482187
2025-04-02,5.04,4.953496891277,4.8555314758012,4.883482141651,4.90884596679411,4.9646466777725,5.01030210720137,5.32482467028192
2025-04-03,4.99,4.86566718410586,4.72205962615657,4.71608300392894,4.7515916058037,4.80739117043871,4.8581184005309,5.18785358324125
2025-04-04,4.96,4.80709273273661,4.59318618279969,4.56390515049432,4.60955818816902,4.68564719074247,4.73130095596728,5.08132220452084
2025-04-07,4.97,4.8022107584238,4.56930254669885,4.54361499916456,4.58926791550081,4.67550194661539,4.73130095596728,5.13205124806035
2025-04-08,4.99,4.79244645431454,4.55496963446578,4.5030348583494,4.5385424697606,4.61970334472062,4.69071981785671,5.08132220452084
2025-04-09,4.98,4.84614426217078,4.61706413253715,4.57405024638529,4.60955818816902,4.71101035998158,4.81753658955588,5.20307247231642
2025-04-10,4.98,4.85102517029645,4.62661372086526,4.58419535575865,4.60448561494735,4.70593771940051,4.78202768150617,5.19799950594018
2025-04-11,4.98,4.85590595999685,4.66003012110416,4.6501388952302,4.69071981785671,4.78202768150617,4.8581184005309,5.29438643995588
2025-04-14,4.99,4.84614426217078,4.62183904036628,4.58419535575865,4.61970334472062,4.71608300392894,4.79217306698805,5.20307247231642
2025-04-15,5.0,4.84614426217078,4.61228899736987,4.56390515049432,4.59941304509532,4.68564719074247,4.77695499381128,5.1827806269189
2025-04-16,5.0,4.85102517029645,4.61706413253715,4.56390515049432,4.60448561494735,4.69071981785671,4.78202768150617,5.19799950594018
2025-04-17,5.01,4.88518821134054,4.67434802780442,4.64506629505717,4.68057456699529,4.74651893829663,4.86319114203213,5.28931341328585
2025-04-21,5.01,4.87542793453777,4.66480298379324,4.62477592805024,4.64506629505717,4.73637361337826,4.83275474345353,5.28931341328585
2025-04-22,5.0,4.87542793453777,4.669575619352,4.61970334472062,4.63999369825248,4.72115565124247,4.82260930415899,5.28424038996416
2025-04-23,5.0,4.8803081321358,4.669575619352,4.61970334472062,4.64506629505717,4.72622830192195,4.81246387831571,5.2385833307691
2025-04-24,5.0,4.86566718410586,4.64571017005522,4.57405024638529,4.61463076476016,4.69579244833793,4.77188230948065,5.21321841512172
2025-04-25,4.99,4.85590595999685,4.63138817405806,4.54868753194009,4.57912279938677,4.66028410568076,4.73637361337826,5.18785358324125
2025-04-28,4.99,4.83150082709827,4.59796222756736,4.50810736414811,4.5385424697606,4.61970334472062,4.70593771940051,5.16756177806219
2025-04-29,4.99,4.8217379447717,4.55496963446578,4.45738245795708,4.48781736119086,4.57405024638529,4.66535671595796,5.1016137816883
2025-04-30,4.97,4.8022107584238,4.53107689455923,4.41680277594283,4.45738245795708,4.5385424697606,4.62984851474886,5.06103068102965
2025-05-02,4.99,4.85102517029645,4.62661372086526,4.53346994372832,4.56897769675444,4.6501388952302,4.73637361337826,5.14727002651658
2025-05-05,5.0,4.85590595999685,4.66003012110416,4.57405024638529,4.60955818816902,4.68564719074247,4.76680962851441,5.17263472432921
2025-05-06,4.99,4.83638209057169,4.62661372086526,4.56897769675444,4.59434047861307,4.67042932960289,4.75666427667576,5.16248883514725
2025-05-07,4.98,4.83150082709827,4.64093639863705,4.58419535575865,4.61463076476016,4.68564719074247,4.76173695091273,5.1523429593743
2025-05-08,4.99,4.85102517029645,4.67434802780442,4.63999369825248,4.68057456699529,4.74144627415478,4.82768202212494,5.2182913915505
2025-05-09,4.98,4.8217379447717,4.62183904036628,4.58419535575865,4.63492110481634,4.71101035998158,4.79724576477469,5.20814544204367
2025-05-12,4.99,4.83150082709827,4.66003012110416,4.6501388952302,4.71101035998158,4.77188230948065,4.86319114203213,5.24872932047835
2025-05-13,4.99,4.84126323559586,4.6838921634702,4.68057456699529,4.74651893829663,4.81753658955588,4.91391874190377,5.31975162352529
2025-05-14,4.99,4.85590595999685,4.70774852976064,4.71101035998158,4.78202768150617,4.86319114203213,4.95450106372657,5.37555532191965
2025-05-15,4.95,4.7875641245021,4.59318618279969,4.56390515049432,4.63999369825248,4.74144627415478,4.83275474345353,5.27916736999092
2025-05-16,4.95,4.7875641245021,4.5836334108742,4.56897769675444,4.63999369825248,4.73637361337826,4.83275474345353,5.28424038996416
2025-05-19,4.93,4.76315069767796,4.55974749947341,4.52332490177951,4.59941304509532,4.69579244833793,4.79724576477469,5.26394833016368
2025-05-20,4.93,4.74361782253663,4.54541322153279,4.52332490177951,4.60448561494735,4.7008650821859,4.81246387831571,5.27409435336634
2025-05-22,4.94,4.74850121915171,4.55974749947341,4.54361499916456,4.61463076476016,4.71608300392894,4.82260930415899,5.30453250334026
2025-05-23,4.93,4.74850121915171,4.54541322153279,4.5385424697606,4.62477592805024,4.73130095596728,4.84797292761372,5.32482467028192
2025-05-26,4.93,4.75338449721363,4.55019154182423,4.55376006808699,4.6501388952302,4.75666427667576,4.86319114203213,5.34004383063456
2025-05-27,4.93,4.73385067361498,4.50717846123094,4.51825238586334,4.59941304509532,4.70593771940051,4.80739117043871,5.27916736999092
2025-05-28,4.93,4.74361782253663,4.52629766345236,4.52839742106792,4.61463076476016,4.72115565124247,4.82768202212494,5.29438643995588
2025-05-29,4.91,4.71431495283792,4.49283666727052,4.4827448688844,4.55883260760512,4.66535671595796,4.76173695091273,5.2182913915505
2025-05-30,4.89,4.69477733450674,4.46414692517649,4.43709258995084,4.52332490177951,4.61970334472062,4.70593771940051,5.16248883514725
2025-06-02,4.91,4.71431495283792,4.49283666727052,4.48781736119086,4.56897769675444,4.66535671595796,4.7515916058037,5.19799950594018
2025-06-03,4.91,4.71431495283792,4.50717846123094,4.50810736414811,4.58926791550081,4.68564719074247,4.76680962851441,5.20814544204367
2025-06-04,4.89,4.68989263338315,4.46892911883356,4.43709258995084,4.51825238586334,4.60955818816902,4.69579244833793,5.15741589558458
2025-06-05,4.89,4.70943072616681,4.4976174931417,4.49288985687062,4.56390515049432,4.66028410568076,4.74651893829663,5.21321841512172
2025-06-06,4.92,4.75826765671439,4.55496963446578,4.55376006808699,4.63999369825248,4.73130095596728,4.81753658955588,5.27916736999092
2025-06-09,4.89,4.72896692130043,4.52629766345236,4.52332490177951,4.60955818816902,4.7008650821859,4.79217306698805,5.25887532358593
2025-06-10,4.9,4.72408305040073,4.51195860350495,4.51825238586334,4.60448561494735,4.69579244833793,4.78202768150617,5.24365632394888
2025-06-11,4.88,4.70454638088658,4.4976174931417,4.49288985687062,4.55883260760512,4.65521149877146,4.7515916058037,5.21321841512172
2025-06-12,4.88,4.68989263338315,4.48327433177909,4.47259989439199,4.54361499916456,4.64506629505717,4.73637361337826,5.19292654291506
2025-06-13,4.88,4.69966191700522,4.52151820459168,4.48781736119086,4.56390515049432,4.66028410568076,4.75666427667576,5.21321841512172
2025-06-16,4.86,4.67523781823775,4.4976174931417,4.47259989439199,4.55376006808699,4.6501388952302,4.74651893829663,5.20307247231642
2025-06-17,4.84,4.68012287526065,4.48805561349364,4.46752741220637,4.54868753194009,4.65521149877146,4.74651893829663,5.19799950594018
2025-06-18,4.9,4.72896692130043,4.4976174931417,4.46245493339468,4.53346994372832,4.63492110481634,4.72115565124247,5.17263472432921
2025-06-19,4.92,4.72408305040073,4.50239809112318,4.45738245795708,4.52839742106792,4.62477592805024,4.71608300392894,5.16756177806219
2025-06-23,4.93,4.74850121915171,4.51673851794521,4.47259989439199,4.53346994372832,4.62477592805024,4.71101035998158,5.16756177806219
2025-06-24,4.93,4.77291642398558,4.54541322153279,4.50810736414811,4.56897769675444,4.67042932960289,4.7515916058037,5.19799950594018
2025-06-25,4.91,4.73385067361498,4.53585589792027,4.4827448688844,4.55376006808699,4.6501388952302,4.74651893829663,5.20307247231642
2025-06-26,4.9,4.72896692130043,4.52151820459168,4.45230998589377,4.51825238586334,4.6501388952302,4.74144627415478,5.19292654291506
2025-06-27,4.9,4.73385067361498,4.52629766345236,4.46245493339468,4.52839742106792,4.64506629505717,4.74144627415478,5.19799950594018
2025-06-30,4.88,4.71431495283792,4.51195860350495,4.45230998589377,4.51317987331947,4.62477592805024,4.72622830192195,5.17770767394818
2025-07-01,4.86,4.69477733450674,4.48805561349364,4.45230998589377,4.51317987331947,4.61463076476016,4.72622830192195,5.16248883514725
2025-07-02,4.85,4.68012287526065,4.45936450347784,4.42187522438195,4.48781736119086,4.58926791550081,4.7008650821859,5.17263472432921
2025-07-03,4.84,4.67035264258175,4.46414692517649,4.42694767619642,4.5030348583494,4.61463076476016,4.71608300392894,5.19799950594018
2025-07-04,4.84,4.66546734826867,4.45936450347784,4.41173033087927,4.5030348583494,4.60955818816902,4.71608300392894,5.18785358324125
2025-07-07,4.83,4.6605819353065,4.47371108447303,4.45738245795708,4.54361499916456,4.64506629505717,4.74651893829663,5.21321841512172
2025-07-08,4.83,4.67035264258175,4.47849282211887,4.47767237995138,4.56390515049432,4.67550194661539,4.78710037256513,5.22843735445939
2025-07-09,4.82,4.67035264258175,4.49283666727052,4.5030348583494,4.58419535575865,4.7008650821859,4.80739117043871,5.26394833016368
2025-07-10,4.82,4.68012287526065,4.49283666727052,4.52839742106792,4.60955818816902,4.72622830192195,4.82768202212494,5.29438643995588
2025-07-11,4.82,4.69477733450674,4.52151820459168,4.56390515049432,4.64506629505717,4.76173695091273,4.86826388689492,5.33497077383671
2025-07-14,4.84,4.71431495283792,4.54541322153279,4.58926791550081,4.67550194661539,4.78710037256513,4.9037731950446,5.35018995427032
2025-07-15,4.83,4.70943072616681,4.55496963446578,4.60448561494735,4.69579244833793,4.81246387831571,4.91899152037336,5.36033609129185
2025-07-17,4.83,4.70943072616681,4.55974749947341,4.60955818816902,4.7008650821859,4.81246387831571,4.9240643022028,5.36033609129185
2025-07-18,4.84,4.70943072616681,4.56452513687911,4.61463076476016,4.71101035998158,4.81246387831571,4.91391874190377,5.35526302110794
2025-07-21,4.82,4.68012287526065,4.51673851794521,4.55883260760512,4.6501388952302,4.75666427667576,4.86319114203213,5.29438643995588
2025-07-22,4.8,4.65081075338691,4.47371108447303,4.5030348583494,4.59941304509532,4.69579244833793,4.80231846592498,5.24365632394888
2025-07-23,4.82,4.67035264258175,4.50239809112318,4.52332490177951,4.60448561494735,4.69579244833793,4.80739117043871,5.25887532358593
2025-07-24,4.8,4.65569640367924,4.50717846123094,4.51825238586334,4.60448561494735,4.70593771940051,4.80739117043871,5.25380232035744
2025-07-25,4.77,4.63126696543892,4.47371108447303,4.48781736119086,4.56897769675444,4.67042932960289,4.77695499381128,5.2182913915505
2025-07-28,4.79,4.65569640367924,4.49283666727052,4.51317987331947,4.59941304509532,4.7008650821859,4.80231846592498,5.24365632394888
2025-07-29,4.79,4.64592498442951,4.46414692517649,4.5030348583494,4.58926791550081,4.68564719074247,4.78202768150617,5.22336437132978
2025-07-30,4.74,4.61172127836207,4.46414692517649,4.51825238586334,4.60448561494735,4.70593771940051,4.80739117043871,5.25887532358593
2025-07-31,4.74,4.59706076653355,4.45936450347784,4.54361499916456,4.62477592805024,4.72622830192195,4.82768202212494,5.25380232035744
2025-08-01,4.7,4.54329641261264,4.40195764795259,4.45738245795708,4.5385424697606,4.63492110481634,4.74144627415478,5.16248883514725
2025-08-04,4.69,4.54818467503149,4.40195764795259,4.45230998589377,4.5385424697606,4.63999369825248,4.74651893829663,5.1827806269189
2025-08-05,4.71,4.55796084349824,4.39717225973091,4.44723751720482,4.53346994372832,4.63999369825248,4.74651893829663,5.18785358324125
2025-08-06,4.72,4.58239918607184,4.41631244273744,4.46245493339468,4.54868753194009,4.65521149877146,4.75666427667576,5.19799950594018
2025-08-07,4.72,4.58239918607184,4.42109691779358,4.43202013138611,4.52332490177951,4.62984851474886,4.73130095596728,5.17770767394818
2025-08-08,4.76,4.64103909678304,4.48327433177909,4.52839742106792,4.59434047861307,4.69071981785671,4.77695499381128,5.20814544204367
2025-08-11,4.75,4.63126696543892,4.48805561349364,4.5385424697606,4.60448561494735,4.7008650821859,4.78710037256513,5.22336437132978
2025-08-12,4.73,4.61172127836207,4.48805561349364,4.53346994372832,4.60448561494735,4.69071981785671,4.79724576477469,5.22843735445939
2025-08-13,4.72,4.59706076653355,4.45936450347784,4.50810736414811,4.57912279938677,4.67550194661539,4.78202768150617,5.2182913915505
2025-08-14,4.72,4.59706076653355,4.46414692517649,4.49288985687062,4.57405024638529,4.68564719074247,4.79724576477469,5.24872932047835
2025-08-18,4.73,4.61172127836207,4.48327433177909,4.51317987331947,4.59434047861307,4.69579244833793,4.80739117043871,5.26394833016368
2025-08-19,4.72,4.60683455981226,4.49283666727052,4.52839742106792,4.60448561494735,4.70593771940051,4.81246387831571,5.25887532358593
2025-08-20,4.72,4.59217369178866,4.47371108447303,4.51317987331947,4.59434047861307,4.69579244833793,4.79724576477469,5.24872932047835
2025-08-21,4.72,4.60194772253342,4.48327433177909,4.5385424697606,4.61463076476016,4.72115565124247,4.83275474345353,5.29438643995588
2025-08-22,4.71,4.58239918607184,4.4402325358357,4.47767237995138,4.56390515049432,4.67550194661539,4.78202768150617,5.26394833016368
2025-08-25,4.7,4.59706076653355,4.45936450347784,4.5030348583494,4.58926791550081,4.7008650821859,4.81246387831571,5.28424038996416
2025-08-26,4.7,4.58728649830675,4.45936450347784,4.50810736414811,4.58926791550081,4.69071981785671,4.79724576477469,5.26902134009053
2025-08-27,4.69,4.58239918607184,4.44501586991652,4.47767237995138,4.56390515049432,4.66535671595796,4.77188230948065,5.24872932047835
2025-08-28,4.7,4.58239918607184,4.48327433177909,4.52839742106792,4.61463076476016,4.70593771940051,4.81246387831571,5.26902134009053
2025-08-29,4.7,4.60194772253342,4.49283666727052,4.5385424697606,4.62477592805024,4.73130095596728,4.83275474345353,5.28931341328585
2025-09-01,4.7,4.59706076653355,4.48327433177909,4.53346994372832,4.62477592805024,4.73130095596728,4.83275474345353,5.29945946997405
2025-09-02,4.71,4.61660787819884,4.50239809112318,4.56390515049432,4.66535671595796,4.76680962851441,4.87840938670452,5.34511689077914
2025-09-03,4.71,4.61660787819884,4.50717846123094,4.57405024638529,4.67042932960289,4.76173695091273,4.883482141651,5.34511689077914
2025-09-04,4.71,4.59217369178866,4.48327433177909,4.54868753194009,4.64506629505717,4.73130095596728,4.84797292761372,5.29438643995588
2025-09-05,4.69,4.56284874955415,4.4402325358357,4.5030348583494,4.59434047861307,4.68057456699529,4.78710037256513,5.24365632394888
2025-09-08,4.68,4.54818467503149,4.42109691779358,4.47767237995138,4.56897769675444,4.6501388952302,4.7515916058037,5.20814544204367
2025-09-09,4.7,4.57262420534299,4.44979897586784,4.5030348583494,4.59941304509532,4.69579244833793,4.79724576477469,5.24872932047835
2025-09-10,4.75,4.64103909678304,4.51673851794521,4.56390515049432,4.64506629505717,4.72115565124247,4.81246387831571,5.25887532358593
2025-09-11,4.75,4.63126696543892,4.4976174931417,4.5385424697606,4.61970334472062,4.69579244833793,4.78202768150617,5.2182913915505
2025-09-12,4.78,4.65569640367924,4.54541322153279,4.58419535575865,4.66028410568076,4.73637361337826,4.83275474345353,5.25887532358593
2025-09-15,4.76,4.62149435931458,4.51673851794521,4.56390515049432,4.63999369825248,4.72115565124247,4.81246387831571,5.22843735445939
2025-09-16,4.75,4.62638072173327,4.51673851794521,4.55376006808699,4.62984851474886,4.71101035998158,4.80231846592498,5.2182913915505
2025-09-17,4.75,4.62638072173327,4.52151820459168,4.55376006808699,4.62984851474886,4.71101035998158,4.80231846592498,5.21321841512172
2025-09-22,4.77,4.65081075338691,4.55974749947341,4.60955818816902,4.68564719074247,4.76680962851441,4.86826388689492,5.29438643995588
2025-09-23,4.75,4.65081075338691,4.55496963446578,4.61970334472062,4.7008650821859,4.79724576477469,4.8936276616266,5.32482467028192
2025-09-24,4.74,4.61660787819884,4.52629766345236,4.60448561494735,4.68057456699529,4.78202768150617,4.883482141651,5.30960554005429
2025-09-25,4.75,4.62149435931458,4.54063467357546,4.61970334472062,4.7008650821859,4.79724576477469,4.8936276616266,5.31467858011603
2025-09-26,4.76,4.63126696543892,4.55496963446578,4.63492110481634,4.70593771940051,4.80231846592498,4.9037731950446,5.32482467028192
2025-09-29,4.75,4.62149435931458,4.54541322153279,4.60448561494735,4.68564719074247,4.78202768150617,4.883482141651,5.30453250334026
2025-09-30,4.75,4.63126696543892,4.55496963446578,4.60955818816902,4.69579244833793,4.79217306698805,4.8936276616266,5.30453250334026
2025-10-01,4.75,4.63615309045551,4.55019154182423,4.58926791550081,4.67042932960289,4.76680962851441,4.86319114203213,5.28424038996416
2025-10-02,4.76,4.64103909678304,4.56452513687911,4.60955818816902,4.69579244833793,4.79217306698805,4.88855489995843,5.29945946997405
2025-10-03,4.76,4.65081075338691,4.56930254669885,4.62477592805024,4.71101035998158,4.80231846592498,4.89870042665539,5.30960554005429
2025-10-06,4.76,4.64103909678304,4.56452513687911,4.62984851474886,4.71608300392894,4.81753658955588,4.9240643022028,5.33497077383671
2025-10-07,4.76,4.63615309045551,4.55974749947341,4.63492110481634,4.71608300392894,4.81753658955588,4.91899152037336,5.33497077383671
2025-10-08,4.76,4.61660787819884,4.53585589792027,4.61463076476016,4.7008650821859,4.79724576477469,4.8936276616266,5.30960554005429
2025-10-09,4.76,4.63126696543892,4.55019154182423,4.62477592805024,4.7008650821859,4.79724576477469,4.89870042665539,5.32482467028192
2025-10-10,,4.61660787819884,4.52629766345236,4.58926791550081,4.67550194661539,4.76680962851441,4.86319114203213,5.30453250334026
2025-10-13,4.73,4.60683455981226,4.51195860350495,4.57405024638529,4.65521149877146,4.7515916058037,4.83782746814465,5.28424038996416
2025-10-14,4.73,4.60683455981226,4.51195860350495,4.56897769675444,4.65521149877146,4.74651893829663,4.83782746814465,5.27409435336634
2025-10-15,4.73,4.59706076653355,4.4976174931417,4.53346994372832,4.61970334472062,4.71101035998158,4.80231846592498,5.24365632394888
2025-10-16,4.72,4.59217369178866,4.47371108447303,4.5030348583494,4.57912279938677,4.67550194661539,4.75666427667576,5.19799950594018
2025-10-17,4.72,4.59706076653355,4.4976174931417,4.52839742106792,4.60448561494735,4.69071981785671,4.77695499381128,5.20814544204367
2025-10-20,4.72,4.60194772253342,4.51673851794521,4.55376006808699,4.62984851474886,4.71608300392894,4.79217306698805,5.2182913915505
2025-10-21,4.72,4.61172127836207,4.52151820459168,4.56897769675444,4.63492110481634,4.72115565124247,4.80231846592498,5.22843735445939
2025-10-22,4.73,4.62638072173327,4.54063467357546,4.60448561494735,4.68564719074247,4.76680962851441,4.85304566239138,5.26394833016368
2025-10-23,4.72,4.62149435931458,4.55019154182423,4.61970334472062,4.7008650821859,4.79217306698805,4.87840938670452,5.27916736999092
2025-10-24,4.72,4.61172127836207,4.53585589792027,4.60955818816902,4.69071981785671,4.78202768150617,4.87333663511909,5.28424038996416
2025-10-27,4.71,4.61172127836207,4.54063467357546,4.60955818816902,4.68564719074247,4.78202768150617,4.87333663511909,5.27916736999092
2025-10-28,4.71,4.60683455981226,4.53585589792027,4.60955818816902,4.68564719074247,4.77695499381128,4.86826388689492,5.27916736999092
2025-10-29,4.73,4.61660787819884,4.55019154182423,4.62477592805024,4.7008650821859,4.78202768150617,4.87333663511909,5.28931341328585
2025-10-30,4.73,4.62638072173327,4.56452513687911,4.63999369825248,4.71608300392894,4.80231846592498,4.8936276616266,5.30453250334026
2025-11-03,4.73,4.62149435931458,4.57885668367641,4.66535671595796,4.74144627415478,4.83275474345353,4.92913708739187,5.34004383063456
2025-11-04,4.72,4.60683455981226,4.55019154182423,4.62984851474886,4.70593771940051,4.79724576477469,4.88855489995843,5.29438643995588
2025-11-05,4.72,4.61172127836207,4.55974749947341,4.65521149877146,4.73637361337826,4.82768202212494,4.9240643022028,5.33497077383671
2025-11-06,4.71,4.58728649830675,4.51673851794521,4.61463076476016,4.69071981785671,4.77695499381128,4.87840938670452,5.29945946997405
2025-11-07,4.66,4.55307281865736,4.47371108447303,4.56897769675444,4.6501388952302,4.74144627415478,4.83782746814465,5.27409435336634
2025-11-10,4.67,4.56773653683307,4.47849282211887,4.56897769675444,4.64506629505717,4.73130095596728,4.84290019619809,5.27409435336634
2025-11-11,4.68,4.56773653683307,4.47849282211887,4.57405024638529,4.6501388952302,4.73637361337826,4.83782746814465,5.27409435336634
2025-11-12,4.68,4.56284874955415,4.46414692517649,4.55883260760512,4.63999369825248,4.72622830192195,4.82260930415899,5.25380232035744
2025-11-13,4.66,4.55307281865736,4.44501586991652,4.54361499916456,4.62477592805024,4.71608300392894,4.81246387831571,5.2385833307691
2025-11-14,4.64,4.53351953136405,4.41631244273744,4.50810736414811,4.59434047861307,4.69579244833793,4.79217306698805,5.2182913915505
2025-11-17,4.63,4.52374217487161,4.40195764795259,4.48781736119086,4.57912279938677,4.68057456699529,4.78710037256513,5.19799950594018
2025-11-18,4.64,4.52374217487161,4.40195764795259,4.49796235592352,4.58419535575865,4.67550194661539,4.78710037256513,5.19799950594018
2025-11-19,4.64,4.52863091252631,4.41631244273744,4.51825238586334,4.60448561494735,4.69579244833793,4.80231846592498,5.2182913915505
2025-11-20,4.64,4.52863091252631,4.41152773943188,4.50810736414811,4.59434047861307,4.68564719074247,4.79217306698805,5.21321841512172
2025-11-21,4.64,4.51885331839996,4.40195764795259,4.48781736119086,4.57405024638529,4.66535671595796,4.76680962851441,5.19799950594018
2025-11-24,4.63,4.50418603597136,4.38760079824352,4.46245493339468,4.54868753194009,4.63999369825248,4.74144627415478,5.17263472432921
2025-11-25,4.63,4.51396434309537,4.39238664317188,4.47767237995138,4.54868753194009,4.63999369825248,4.74144627415478,5.17263472432921
2025-11-26,4.62,4.50907524894983,4.40195764795259,4.48781736119086,4.56897769675444,4.65521149877146,4.74651893829663,5.19292654291506
2025-11-27,4.62,4.50418603597136,4.41152773943188,4.49796235592352,4.57912279938677,4.66028410568076,4.74651893829663,5.19799950594018
2025-11-28,4.62,4.50418603597136,4.42109691779358,4.50810736414811,4.59434047861307,4.68057456699529,4.77188230948065,5.20307247231642
2025-12-01,4.62,4.50907524894983,4.4402325358357,4.5385424697606,4.62477592805024,4.71101035998158,4.80231846592498,5.2385833307691
2025-12-02,4.62,4.51396434309537,4.44979897586784,4.55376006808699,4.63492110481634,4.73130095596728,4.82260930415899,5.25380232035744
2025-12-03,4.62,4.50907524894983,4.44501586991652,4.55883260760512,4.6501388952302,4.74144627415478,4.83782746814465,5.26902134009053
2025-12-04,4.62,4.52374217487161,4.46892911883356,4.58926791550081,4.67550194661539,4.76680962851441,4.87333663511909,5.28931341328585
2025-12-05,4.57,4.46995821709617,4.42109691779358,4.55883260760512,4.66535671595796,4.76173695091273,4.86826388689492,5.29438643995588
2025-12-09,4.56,4.46995821709617,4.41631244273744,4.57912279938677,4.68057456699529,4.78202768150617,4.88855489995843,5.29945946997405
2025-12-10,4.55,4.46995821709617,4.41631244273744,4.60448561494735,4.70593771940051,4.79724576477469,4.8936276616266,5.29438643995588
2025-12-11,4.54,4.44550620855821,4.39717225973091,4.57405024638529,4.67550194661539,4.77188230948065,4.86826388689492,5.27409435336634
2025-12-12,4.54,4.45039684807558,4.40674280784492,4.58926791550081,4.69579244833793,4.79724576477469,4.89870042665539,5.29438643995588
2025-12-15,4.54,4.43572457277686,4.38281472492186,4.56390515049432,4.68057456699529,4.77695499381128,4.883482141651,5.27916736999092
2025-12-16,4.53,4.41126840199235,4.34451791369561,4.50810736414811,4.62477592805024,4.72622830192195,4.82768202212494,5.2385833307691
2025-12-17,4.53,4.44550620855821,4.37324189301869,4.55883260760512,4.68057456699529,4.77695499381128,4.87840938670452,5.28424038996416
2025-12-18,4.53,4.44061545012797,4.35888093170256,4.54361499916456,4.67042932960289,4.77188230948065,4.87333663511909,5.26394833016368
2025-12-19,4.53,4.46017777037966,4.36845513439721,4.55883260760512,4.69071981785671,4.79217306698805,4.883482141651,5.28424038996416
2025-12-22,4.53,4.45528736868006,4.3493058149231,4.54868753194009,4.67550194661539,4.77695499381128,4.87840938670452,5.28424038996416
2025-12-23,4.54,4.45039684807558,4.3493058149231,4.56390515049432,4.69579244833793,4.80739117043871,4.89870042665539,5.30960554005429
2025-12-24,4.53,4.45039684807558,4.34451791369561,4.56897769675444,4.7008650821859,4.80739117043871,4.90884596679411,5.31467858011603
2025-12-26,4.53,4.44550620855821,4.33015283840632,4.5385424697606,4.68564719074247,4.79217306698805,4.8936276616266,5.27916736999092
2025-12-29,4.53,4.44550620855821,4.33972978388297,4.51317987331947,4.66535671595796,4.77188230948065,4.87840938670452,5.26902134009053
2025-12-30,4.52,4.42594246128802,4.32057497832528,4.49288985687062,4.63492110481634,4.74144627415478,4.84797292761372,5.24365632394888
2026-01-02,4.52,4.42105122713432,4.30620647293178,4.4827448688844,4.61463076476016,4.72115565124247,4.82768202212494,5.22843735445939
2026-01-05,4.51,4.39659327209707,4.29183590868121,4.45230998589377,4.57912279938677,4.68057456699529,4.79217306698805,5.20814544204367
2026-01-06,4.51,4.38191707143432,4.28704526296908,4.44723751720482,4.57405024638529,4.67550194661539,4.78202768150617,5.22336437132978
2026-01-07,4.51,4.38191707143432,4.29183590868121,4.44723751720482,4.56897769675444,4.67042932960289,4.77188230948065,5.22843735445939
2026-01-08,4.5,4.39170132418631,4.29662632556038,4.46752741220637,4.58926791550081,4.69579244833793,4.79724576477469,5.24365632394888
2026-01-09,4.49,4.37213234271105,4.27746328498202,4.45230998589377,4.58419535575865,4.7008650821859,4.80739117043871,5.2385833307691
2026-01-12,4.48,4.36234713798456,4.26308860125069,4.44723751720482,4.58926791550081,4.70593771940051,4.81246387831571,5.24365632394888
2026-01-13,4.47,4.34277530030602,4.25350433401483,4.42187522438195,4.55883260760512,4.68057456699529,4.78710037256513,5.22843735445939
2026-01-14,4.48,4.33788204330643,4.23912621557498,4.40665788919137,4.54868753194009,4.66028410568076,4.75666427667576,5.20814544204367
2026-01-15,4.46,4.33788204330643,4.25350433401483,4.42187522438195,4.56897769675444,4.68057456699529,4.77695499381128,5.2385833307691
2026-01-16,4.44,4.33788204330643,4.26788039142334,4.44216505189048,4.59434047861307,4.71101035998158,4.81753658955588,5.26902134009053
2026-01-19,4.44,4.33788204330643,4.26788039142334,4.44216505189048,4.59434047861307,4.71101035998158,4.81753658955588,5.26902134009053
2026-01-20,4.45,4.34277530030602,4.28225438840801,4.46245493339468,4.61463076476016,4.74144627415478,4.85304566239138,5.31467858011603
2026-01-21,4.45,4.34766843826484,4.28225438840801,4.45230998589377,4.60448561494735,4.73637361337826,4.84290019619809,5.29945946997405
2026-01-22,4.46,4.35745435710011,4.29183590868121,4.47259989439199,4.61970334472062,4.74144627415478,4.84797292761372,5.30453250334026
2026-01-23,4.45,4.35256145719887,4.29183590868121,4.47259989439199,4.62477592805024,4.74651893829663,4.84797292761372,5.29945946997405
2026-01-26,4.42,4.31830782482834,4.26308860125069,4.44216505189048,4.58926791550081,4.71101035998158,4.81753658955588,5.26394833016368
2026-01-27,4.39,4.28404835819673,4.21036379326711,4.39651301594328,4.54361499916456,4.66535671595796,4.77188230948065,5.22843735445939
2026-01-28,4.44,4.32809517217692,4.25829658212518,4.42187522438195,4.55883260760512,4.67042932960289,4.77695499381128,5.22843735445939
2026-01-29,4.45,4.32320155803101,4.26308860125069,4.41173033087927,4.54361499916456,4.64506629505717,4.7515916058037,5.21321841512172
2026-01-30,4.46,4.33788204330643,4.27746328498202,4.42694767619642,4.55376006808699,4.66535671595796,4.77188230948065,5.22843735445939
2026-02-02,4.47,4.36723979985221,4.31099620345599,4.47767237995138,4.60955818816902,4.72115565124247,4.83275474345353,5.28424038996416
2026-02-03,4.46,4.36723979985221,4.30620647293178,4.4827448688844,4.61463076476016,4.73130095596728,4.84290019619809,5.28424038996416
2026-02-04,4.45,4.34766843826484,4.31578570525115,4.5030348583494,4.63999369825248,4.74651893829663,4.86319114203213,5.29945946997405
2026-02-05,4.43,4.32320155803101,4.29183590868121,4.4827448688844,4.62477592805024,4.73130095596728,4.84290019619809,5.26394833016368
2026-02-06,4.43,4.33298866726606,4.29183590868121,4.49288985687062,4.63492110481634,4.74144627415478,4.8581184005309,5.26394833016368
2026-02-09,4.43,4.32809517217692,4.28225438840801,4.47767237995138,4.62477592805024,4.73637361337826,4.85304566239138,5.26394833016368
2026-02-10,4.41,4.30362591078381,4.26308860125069,4.43709258995084,4.57912279938677,4.7008650821859,4.81246387831571,5.23351034093924
2026-02-11,4.41,4.31830782482834,4.27746328498202,4.44216505189048,4.59941304509532,4.71608300392894,4.82260930415899,5.24872932047835
2026-02-12,4.4,4.30362591078381,4.24391915075972,4.40158545087934,4.5385424697606,4.66535671595796,4.77188230948065,5.20814544204367
2026-02-13,4.39,4.29383737268374,4.21036379326711,4.37115089190878,4.5030348583494,4.62477592805024,4.72115565124247,5.16756177806219
2026-02-16,,4.29383737268374,4.23433305132548,4.39651301594328,4.52332490177951,4.63492110481634,4.73637361337826,5.1827806269189
2026-02-17,4.39,4.29873170127415,4.23912621557498,4.41680277594283,4.54361499916456,4.6501388952302,4.7515916058037,5.20307247231642
2026-02-18,4.4,4.30362591078381,4.25350433401483,4.43202013138611,4.55883260760512,4.67042932960289,4.77188230948065,5.2182913915505
2026-02-19,4.39,4.30362591078381,4.24871185689568,4.44216505189048,4.57912279938677,4.68564719074247,4.79217306698805,5.2385833307691
2026-02-20,4.4,4.30852000120474,4.25829658212518,4.46752741220637,4.60448561494735,4.71608300392894,4.82260930415899,5.24365632394888
2026-02-23,4.39,4.29383737268374,4.24391915075972,4.43202013138611,4.56897769675444,4.68057456699529,4.78202768150617,5.21321841512172
2026-02-24,4.38,4.2889429249886,4.23912621557498,4.42694767619642,4.56390515049432,4.67550194661539,4.77695499381128,5.20814544204367
2026-02-25,4.37,4.29383737268374,4.24391915075972,4.42187522438195,4.56390515049432,4.67550194661539,4.77188230948065,5.20307247231642
2026-02-26,4.37,4.2889429249886,4.22953965797923,4.40665788919137,4.54361499916456,4.65521149877146,4.75666427667576,5.19799950594018
2026-02-27,4.36,4.28404835819673,4.21515810319217,4.38129573139281,4.51825238586334,4.62477592805024,4.73130095596728,5.17770767394818
2026-03-02,4.39,4.30362591078381,4.26308860125069,4.44216505189048,4.57405024638529,4.68564719074247,4.78710037256513,5.22336437132978
2026-03-03,4.42,4.34277530030602,4.29183590868121,4.4827448688844,4.60448561494735,4.71101035998158,4.81246387831571,5.2385833307691
2026-03-04,4.39,4.31341397255292,4.27746328498202,4.4827448688844,4.59941304509532,4.70593771940051,4.80231846592498,5.22843735445939
2026-03-05,4.41,4.33788204330643,4.31578570525115,4.54868753194009,4.66535671595796,4.76173695091273,4.8581184005309,5.26902134009053
2026-03-06,4.43,4.37213234271105,4.35888093170256,4.58926791550081,4.71101035998158,4.80231846592498,4.89870042665539,5.29438643995588
2026-03-09,4.45,4.39659327209707,4.39238664317188,4.63492110481634,4.7515916058037,4.82768202212494,4.9240643022028,5.29438643995588
2026-03-10,4.42,4.35256145719887,4.34451791369561,4.58419535575865,4.7008650821859,4.77695499381128,4.87840938670452,5.24872932047835
2026-03-11,4.45,4.37702476656909,4.37802842318291,4.63999369825248,4.75666427667576,4.83275474345353,4.93420987594047,5.29438643995588
2026-03-12,4.5,4.46995821709617,4.48805561349364,4.77695499381128,4.88855489995843,4.96971948983314,5.07117643606509,5.39584767626182
2026-03-13,4.54,4.51885331839996,4.61228899736987,4.96971948983314,5.08639509378095,5.18785358324125,5.30453250334026,5.55818843689373
2026-03-16,4.54,4.49929670414395,4.57885668367641,4.90884596679411,5.01537494948043,5.11175959039745,5.20814544204367,5.46687133786714
2026-03-17,4.53,4.47973818826508,4.53585589792027,4.82768202212494,4.93928266784835,5.01537494948043,5.11175959039745,5.38570149240005
2026-03-18,4.53,4.51396434309537,4.58840991057397,4.8936276616266,5.00522926827929,5.05595780854493,5.14727002651658,5.41614008412443
2026-03-19,4.57,4.58239918607184,4.669575619352,4.98493794616381,5.09146798639568,5.1523429593743,5.24365632394888,5.48209077918236
2026-03-20,4.6,4.61172127836207,4.73636868071381,5.05088493941579,5.15741589558458,5.2182913915505,5.29438643995588,5.53282246746334
2026-03-23,4.58,4.57262420534299,4.6791202091665,4.974792305252,5.0762493186155,5.14727002651658,5.2182913915505,5.46687133786714
2026-03-24,4.64,4.6605819353065,4.80311728833094,5.10668668436587,5.19292654291506,5.22843735445939,5.28424038996416,5.51252975205252
2026-03-25,4.61,4.62638072173327,4.70774852976064,4.97986512402895,5.05088493941579,5.09654088236482,5.1523429593743,5.3806284054871
2026-03-26,4.63,4.65569640367924,4.76021256918546,5.04073921122477,5.12190541252189,5.15741589558458,5.20307247231642,5.40092077321033
2026-03-27,4.64,4.67035264258175,4.78881775458184,5.05088493941579,5.12697832861446,5.15741589558458,5.20814544204367,5.40092077321033
2026-03-30,4.61,4.64103909678304,4.75067569403986,5.00015643271432,5.06103068102965,5.09654088236482,5.14219709701156,5.31975162352529
2026-03-31,4.61,4.64592498442951,4.76021256918546,5.00015643271432,5.07117643606509,5.11683249978285,5.14727002651658,5.35018995427032
2026-04-01,4.59,4.61172127836207,4.7268295378462,4.96971948983314,5.05088493941579,5.09654088236482,5.14727002651658,5.36033609129185
2026-04-02,4.61,4.61172127836207,4.73636868071381,4.98493794616381,5.05595780854493,5.10668668436587,5.15741589558458,5.36540916482187
2026-04-06,4.63,4.62638072173327,4.75544424496999,5.01537494948043,5.06610355686974,5.11175959039745,5.16248883514725,5.37555532191965
2026-04-07,4.64,4.6605819353065,4.78405079023059,5.04581207364234,5.1016137816883,5.14219709701156,5.18785358324125,5.39077458265835
2026-04-08,4.59,4.58239918607184,4.61706413253715,4.82260930415899,4.8936276616266,4.94435546311547,5.01537494948043,5.29438643995588
2026-04-09,4.57,4.54818467503149,4.59318618279969,4.78202768150617,4.84797292761372,4.89870042665539,4.974792305252,5.28424038996416
2026-04-10,4.58,4.56284874955415,4.61706413253715,4.83275474345353,4.9037731950446,4.95450106372657,5.03566635216322,5.32989772038581
2026-04-13,4.56,4.55307281865736,4.59796222756736,4.81753658955588,4.87840938670452,4.93420987594047,5.01537494948043,5.30960554005429
2026-04-14,4.56,4.53840803139283,4.55974749947341,4.74651893829663,4.81753658955588,4.87333663511909,4.95450106372657,5.25380232035744
2026-04-15,4.55,4.53351953136405,4.55496963446578,4.74651893829663,4.79724576477469,4.84290019619809,4.91899152037336,5.2385833307691
2026-04-16,4.58,4.57262420534299,4.60273804490097,4.80739117043871,4.8581184005309,4.89870042665539,4.96971948983314,5.27916736999092
2026-04-17,4.57,4.54818467503149,4.55019154182423,4.74144627415478,4.78202768150617,4.82260930415899,4.89870042665539,5.20814544204367
2026-04-20,4.58,4.57262420534299,4.59318618279969,4.79724576477469,4.83782746814465,4.87333663511909,4.93928266784835,5.2385833307691
2026-04-21,4.6,4.60683455981226,4.66003012110416,4.85304566239138,4.90884596679411,4.9646466777725,5.03566635216322,5.30960554005429
2026-04-22,4.6,4.63615309045551,4.68866389072353,4.87840938670452,4.93420987594047,4.99508360050667,5.06610355686974,5.32989772038581
2026-04-23,4.6,4.64592498442951,4.72205962615657,4.92913708739187,4.97986512402895,5.04073921122477,5.10668668436587,5.37048224169785
2026-04-24,4.59,4.61172127836207,4.68866389072353,4.88855489995843,4.94435546311547,5.00522926827929,5.07117643606509,5.34511689077914
2026-04-27,4.59,4.63615309045551,4.7268295378462,4.9240643022028,4.99001077165642,5.04581207364234,5.11683249978285,5.36540916482187
2026-04-28,4.61,4.68989263338315,4.80311728833094,5.00522926827929,5.06610355686974,5.10668668436587,5.16756177806219,5.42121319445148
2026-04-29,4.62,4.69477733450674,4.82694531481886,5.03566635216322,5.10668668436587,5.1523429593743,5.20814544204367,5.44150566920054
2026-04-30,4.59,4.64592498442951,4.75067569403986,4.95450106372657,5.0204477951163,5.0762493186155,5.13205124806035,5.38570149240005
2026-05-04,4.6,4.66546734826867,4.78405079023059,5.01030210720137,5.06610355686974,5.11175959039745,5.16756177806219,5.42121319445148
2026-05-05,4.59,4.65081075338691,4.76498066670228,4.99001077165642,5.04581207364234,5.09146798639568,5.14727002651658,5.40599387350369
2026-05-06,4.57,4.59217369178866,4.70774852976064,4.93420987594047,4.99508360050667,5.04581207364234,5.11175959039745,5.37048224169785
2026-05-07,4.61,4.60683455981226,4.70774852976064,4.93420987594047,5.00015643271432,5.05088493941579,5.11683249978285,5.38570149240005
2026-05-08,4.57,4.57751175508392,4.66003012110416,4.86826388689492,4.93928266784835,5.00015643271432,5.07117643606509,5.36033609129185
2026-05-11,4.58,4.61660787819884,4.71251912212978,4.91899152037336,4.98493794616381,5.03566635216322,5.10668668436587,5.40092077321033
2026-05-12,4.59,4.62638072173327,4.74113791193176,4.95450106372657,5.01030210720137,5.05595780854493,5.11175959039745,5.39584767626182
2026-05-13,4.59,4.62149435931458,4.74113791193176,4.95957386907024,5.01537494948043,5.06103068102965,5.13205124806035,5.41614008412443
2026-05-14,4.58,4.60683455981226,4.70774852976064,4.91899152037336,4.974792305252,5.03059349645787,5.09654088236482,5.40092077321033
2026-05-15,4.62,4.67523781823775,4.78405079023059,5.02552064410882,5.09654088236482,5.1523429593743,5.21321841512172,5.49731025057891
2026-05-18,4.61,4.65081075338691,4.77451618172786,5.03059349645787,5.09654088236482,5.16248883514725,5.23351034093924,5.51760292589347
2026-05-19,4.61,4.6605819353065,4.80788334655102,5.09654088236482,5.16756177806219,5.22843735445939,5.29945946997405,5.57340805863353
2026-05-20,4.58,4.59217369178866,4.70297771046102,4.9646466777725,5.04581207364234,5.10668668436587,5.1827806269189,5.45165192663741
2026-05-22,4.56,4.55796084349824,4.66480298379324,4.91899152037336,5.01537494948043,5.08132220452084,5.1523429593743,5.43643254549746
2026-05-25,4.56,4.54329641261264,4.60273804490097,4.82768202212494,4.91391874190377,4.98493794616381,5.05595780854493,5.35526302110794
2026-05-26,4.56,4.55796084349824,4.62183904036628,4.86319114203213,4.95450106372657,5.02552064410882,5.09654088236482,5.43643254549746
2026-05-27,4.57,4.56284874955415,4.61706413253715,4.8581184005309,4.94942826174158,5.0204477951163,5.08639509378095,5.41614008412443
2026-05-28,4.56,4.54329641261264,4.61228899736987,4.82768202212494,4.91899152037336,4.98493794616381,5.05595780854493,5.37555532191965
2026-05-29,4.56,4.54329641261264,4.58840991057397,4.77695499381128,4.86826388689492,4.93928266784835,5.00522926827929,5.35018995427032
2026-06-01,4.55,4.53840803139283,4.58840991057397,4.77695499381128,4.86319114203213,4.93420987594047,5.00015643271432,5.35526302110794
2026-06-02,4.56,4.54818467503149,4.59318618279969,4.79217306698805,4.883482141651,4.94942826174158,5.0204477951163,5.3806284054871
2026-06-03,4.57,4.56773653683307,4.62183904036628,4.81753658955588,4.91391874190377,4.99001077165642,5.06103068102965,5.4110669771418
2026-06-04,4.57,4.55307281865736,4.60273804490097,4.79724576477469,4.89870042665539,4.96971948983314,5.03059349645787,5.36540916482187
2026-06-05,4.58,4.57751175508392,4.66003012110416,4.87840938670452,4.9646466777725,5.04073921122477,5.11175959039745,5.43135942513815
2026-06-08,4.55,4.54818467503149,4.61228899736987,4.83275474345353,4.92913708739187,5.01030210720137,5.08132220452084,5.41614008412443
2026-06-09,4.55,4.52863091252631,4.58840991057397,4.79217306698805,4.88855489995843,4.95957386907024,5.03566635216322,5.37048224169785
2026-06-10,4.55,4.53351953136405,4.59796222756736,4.81246387831571,4.91391874190377,4.98493794616381,5.06103068102965,5.4110669771418
2026-06-11,4.56,4.52374217487161,4.55496963446578,4.76173695091273,4.86319114203213,4.94435546311547,5.01030210720137,5.35526302110794
2026-06-12,4.55,4.52374217487161,4.55019154182423,4.73130095596728,4.84797292761372,4.9240643022028,4.99508360050667,5.35018995427032
2026-06-15,4.54,4.50907524894983,4.50717846123094,4.67550194661539,4.78202768150617,4.883482141651,4.95450106372657,5.32482467028192
2026-06-16,4.54,4.49440725346761,4.45936450347784,4.60955818816902,4.71608300392894,4.81246387831571,4.883482141651,5.26902134009053
2026-06-17,4.52,4.48462799552818,4.44979897586784,4.56897769675444,4.67550194661539,4.76173695091273,4.84290019619809,5.23351034093924
2026-06-18,4.54,4.50418603597136,4.48327433177909,4.59941304509532,4.68564719074247,4.76680962851441,4.83275474345353,5.2182913915505
2026-06-19,4.55,4.51396434309537,4.50717846123094,4.64506629505717,4.73637361337826,4.81753658955588,4.88855489995843,5.27916736999092
2026-06-22,4.55,4.51396434309537,4.51195860350495,4.66535671595796,4.74651893829663,4.81753658955588,4.883482141651,5.28931341328585
2026-06-23,4.55,4.50418603597136,4.4976174931417,4.66028410568076,4.73637361337826,4.81753658955588,4.883482141651,5.28931341328585
2026-06-24,4.53,4.48951768393435,4.47371108447303,4.60955818816902,4.68564719074247,4.77188230948065,4.84797292761372,5.25380232035744
2026-06-25,4.52,4.47973818826508,4.44979897586784,4.57405024638529,4.66028410568076,4.74651893829663,4.82768202212494,5.22336437132978
2026-06-26,,4.45528736868006,4.42109691779358,4.54361499916456,4.63999369825248,4.73130095596728,4.80739117043871,5.20307247231642
2026-06-30,4.5,4.43083357649687,4.38760079824352,4.49796235592352,4.59941304509532,4.70593771940051,4.79217306698805,5.19292654291506
2026-07-01,4.49,4.42594246128802,4.36845513439721,4.47259989439199,4.57912279938677,4.68564719074247,4.77695499381128,5.20814544204367
2026-07-02,4.48,4.40148510102301,4.33015283840632,4.43709258995084,4.5385424697606,4.63999369825248,4.74651893829663,5.21321841512172
2026-07-03,4.48,4.39659327209707,4.33015283840632,4.43202013138611,4.5385424697606,4.63999369825248,4.74651893829663,5.2182913915505
2026-07-06,4.46,4.34766843826484,4.26788039142334,4.37622330996241,4.4827448688844,4.59434047861307,4.71608300392894,5.19799950594018
2026-07-07,4.46,4.34766843826484,4.28704526296908,4.42187522438195,4.52839742106792,4.62984851474886,4.75666427667576,5.24365632394888
2026-07-08,4.5,4.41615987403576,4.37324189301869,4.51825238586334,4.62477592805024,4.71608300392894,4.82260930415899,5.28424038996416
2026-07-09,4.51,4.43572457277686,4.40195764795259,4.54868753194009,4.64506629505717,4.74651893829663,4.84797292761372,5.30960554005429
2026-07-10,4.52,4.46995821709617,4.46892911883356,4.64506629505717,4.74144627415478,4.84797292761372,4.94435546311547,5.38570149240005
2026-07-13,4.52,4.47973818826508,4.4976174931417,4.70593771940051,4.80739117043871,4.91899152037336,5.01537494948043,5.43135942513815
2026-07-14,4.51,4.46506805318236,4.45936450347784,4.68564719074247,4.79217306698805,4.9037731950446,4.99508360050667,5.40092077321033
2026-07-15,4.5,4.43572457277686,4.43544897360137,4.64506629505717,4.76173695091273,4.87840938670452,4.974792305252,5.37048224169785
2026-07-17,4.51,4.45039684807558,4.47849282211887,4.7008650821859,4.81246387831571,4.93420987594047,5.04073921122477,5.43643254549746
2026-07-20,4.52,4.46995821709617,4.51673851794521,4.76173695091273,4.87333663511909,4.98493794616381,5.09146798639568,5.47701762873472
2026-07-21,4.51,4.46995821709617,4.54541322153279,4.85304566239138,4.97986512402895,5.0762493186155,5.1827806269189,5.53282246746334
2026-07-22,4.51,4.46995821709617,4.53107689455923,4.82260930415899,4.9646466777725,5.06610355686974,5.16756177806219,5.50745658155303
2026-07-23,4.52,4.50418603597136,4.57885668367641,4.87840938670452,5.00015643271432,5.11175959039745,5.20307247231642,5.56326164080052
2026-07-24,4.51,4.49929670414395,4.56930254669885,4.85304566239138,4.974792305252,5.0762493186155,5.17263472432921,5.53789565466842
2026-07-27,4.52,4.48462799552818,4.54541322153279,4.80739117043871,4.92913708739187,5.03566635216322,5.13205124806035,5.50238341439508
2026-07-28,4.52,4.48462799552818,4.53585589792027,4.76680962851441,4.89870042665539,5.01030210720137,5.10668668436587,5.47194448162958
2026-07-29,4.56,4.55796084349824,4.63138817405806,4.87840938670452,5.01030210720137,5.11683249978285,5.21321841512172,5.56833484804717
2026-07-30,4.53,4.53351953136405,4.59796222756736,4.83275474345353,4.974792305252,5.0762493186155,5.17263472432921,5.55818843689373
2026-07-31,4.56,4.57262420534299,4.66480298379324,4.9240643022028,5.05595780854493,5.16248883514725,5.25887532358593,5.64950661808821
2026-08-03,4.54,4.55307281865736,4.63616239997666,4.8936276616266,5.0204477951163,5.12190541252189,5.21321841512172,5.59877416165553
2026-08-04,4.53,4.51885331839996,4.57885668367641,4.80739117043871,4.92913708739187,5.03566635216322,5.12697832861446,5.50745658155303
2026-08-05,4.53,4.51885331839996,4.57885668367641,4.80231846592498,4.91899152037336,5.03059349645787,5.12190541252189,5.50238341439508
2026-08-06,4.54,4.55307281865736,4.62661372086526,4.85304566239138,4.974792305252,5.09146798639568,5.1827806269189,5.553115236327
2026-08-07,4.53,4.55307281865736,4.62661372086526,4.85304566239138,4.96971948983314,5.08132220452084,5.17263472432921,5.5480420391004
2026-08-10,4.54,4.56773653683307,4.65525703126879,4.8936276616266,5.01030210720137,5.12190541252189,5.21321841512172,5.58862771042932
2026-08-11,4.53,4.54818467503149,4.63616239997666,4.87840938670452,4.99001077165642,5.09654088236482,5.19292654291506,5.56833484804717
2026-08-12,4.54,4.54818467503149,4.62661372086526,4.86826388689492,4.974792305252,5.0762493186155,5.17263472432921,5.56326164080052
2026-08-13,4.54,4.53351953136405,4.60273804490097,4.84797292761372,4.94435546311547,5.05595780854493,5.1523429593743,5.5480420391004
2026-08-14,4.54,4.54818467503149,4.62183904036628,4.87840938670452,4.99001077165642,5.1016137816883,5.20307247231642,5.60384739227688
2026-08-17,4.54,4.55307281865736,4.64571017005522,4.91899152037336,5.03566635216322,5.14727002651658,5.25887532358593,5.64443335742488
2026-08-18,4.53,4.52374217487161,4.60751363483247,4.88855489995843,5.0204477951163,5.12697832861446,5.23351034093924,5.61399386353529
2026-08-19,4.52,4.53840803139283,4.61228899736987,4.88855489995843,5.02552064410882,5.14727002651658,5.25887532358593,5.61906710417202
2026-08-20,4.53,4.53840803139283,4.63616239997666,4.91899152037336,5.05088493941579,5.17263472432921,5.27916736999092,5.66472642010081
2026-08-21,4.53,4.54818467503149,4.65525703126879,4.9646466777725,5.09146798639568,5.21321841512172,5.32989772038581,5.72053261771133
2026-08-24,4.53,4.53351953136405,4.64571017005522,4.95957386907024,5.09146798639568,5.20814544204367,5.31467858011603,5.70531270560657
2026-08-25,4.53,4.51396434309537,4.60273804490097,4.9037731950446,5.04073921122477,5.1523429593743,5.24872932047835,5.64443335742488
2026-08-26,4.53,4.51396434309537,4.60273804490097,4.8936276616266,5.03059349645787,5.14727002651658,5.25380232035744,5.63936010009896
2026-08-27,4.53,4.51396434309537,4.60751363483247,4.89870042665539,5.03566635216322,5.15741589558458,5.25380232035744,5.62921359545983
2026-08-28,4.54,4.52863091252631,4.64571017005522,4.94942826174158,5.08639509378095,5.19799950594018,5.29945946997405,5.66979969411205
2026-08-31,4.54,4.54329641261264,4.66480298379324,4.89870042665539,5.11683249978285,5.23351034093924,5.34004383063456,5.71545931034116
2026-09-01,4.53,4.51885331839996,4.64093639863705,4.95450106372657,5.1016137816883,5.23351034093924,5.34004383063456,5.73067924245658
2026-09-02,4.53,4.50907524894983,4.62661372086526,4.93928266784835,5.08639509378095,5.22336437132978,5.33497077383671,5.72560592841651
2026-09-03,4.53,4.50418603597136,4.60273804490097,4.90884596679411,5.06103068102965,5.19292654291506,5.30960554005429,5.70023940824247
2026-09-04,4.54,4.51396434309537,4.62661372086526,4.93928266784835,5.08132220452084,5.20307247231642,5.31467858011603,5.70023940824247
2026-09-07,4.54,4.51396434309537,4.62661372086526,4.94942826174158,5.08132220452084,5.20307247231642,5.31467858011603,5.70531270560657
2026-09-08,4.54,4.53351953136405,4.66003012110416,4.974792305252,5.11175959039745,5.2182913915505,5.32989772038581,5.70023940824247
2026-09-09,4.55,4.54818467503149,4.67434802780442,4.99508360050667,5.14727002651658,5.27409435336634,5.38570149240005,5.76619253410064
2026-09-10,4.55,4.54818467503149,4.6838921634702,5.03566635216322,5.21321841512172,5.34511689077914,5.45672506037089,5.85243977947776
2026-09-11,4.55,4.54329641261264,4.67434802780442,5.0204477951163,5.19292654291506,5.31467858011603,5.42121319445148,5.82199946526492
2026-09-14,4.56,4.56773653683307,4.70297771046102,5.05595780854493,5.23351034093924,5.35018995427032,5.4617981974475,5.84736638544721
2026-09-15,4.55,4.57751175508392,4.73159922269328,5.09146798639568,5.27916736999092,5.40092077321033,5.51760292589347,5.88288021360632
2026-09-16,4.55,4.56284874955415,4.70774852976064,5.04581207364234,5.23351034093924,5.36033609129185,5.47701762873472,5.85243977947776
2026-09-17,4.55,4.55796084349824,4.70774852976064,5.05088493941579,5.2182913915505,5.33497077383671,5.43643254549746,5.81692609122362
2026-09-21,4.55,4.56773653683307,4.71728948758443,5.05088493941579,5.21321841512172,5.33497077383671,5.43643254549746,5.81692609122362
2026-09-22,4.55,4.55796084349824,4.70297771046102,5.03566635216322,5.20307247231642,5.32482467028192,5.42121319445148,5.78141256624143
2026-09-23,4.57,4.58728649830675,4.78405079023059,5.14219709701156,5.31467858011603,5.43643254549746,5.53789565466842,5.89810047562853
