fecha,BCI,Santander,Banco de Chile,Cencosud,CMPC,Copec,Enel Chile,Falabella,SQM-B,ETF IPSA
2019-01-02,22127.769531,34.843803,65.636856,843.458618,1983.724731,8246.279297,44.938587,4483.933105,24382.062500,3413.178711
2019-01-03,22248.013672,34.662743,65.794685,852.423706,1955.751465,8192.289062,45.093906,4511.598633,23376.634766,3398.326904
2019-01-04,22202.183594,34.790161,66.044579,864.801086,1987.797974,8233.911133,45.377563,4584.578613,24088.736328,3442.486572
2019-01-07,22170.644531,34.367683,66.360237,862.258789,1946.070557,8256.781250,45.850327,4607.660156,24317.074219,3469.713135
2019-01-08,22142.554688,34.521919,66.176094,890.090759,1925.388794,8251.970703,45.580173,4613.987305,25243.082031,3472.481934
2019-01-09,22114.464844,34.622509,66.130066,924.078064,1959.827881,8378.106445,46.025909,4654.805176,25393.804688,3497.862549
2019-01-10,22402.751953,34.662743,66.018272,915.447449,2007.021851,8624.192383,46.633747,4642.862305,25428.095703,3509.718994
2019-01-11,22441.683594,35.091923,66.557510,925.951294,2068.702148,8833.076172,47.255074,4635.020020,25805.363281,3557.549805
2019-01-14,22594.943359,35.065102,66.419418,916.584656,2054.489502,8834.350586,47.065971,4643.218750,25948.867188,3538.982422
2019-01-15,22588.541016,35.192505,66.669312,929.965515,2090.841309,8853.984375,47.673798,4619.156738,25839.660156,3577.963135
2019-01-16,22728.003906,35.541218,67.208557,940.001038,2150.152588,8930.549805,48.173557,4652.131348,25856.800781,3601.334961
2019-01-17,22752.642578,35.474155,67.471611,916.517761,2172.019287,8932.512695,48.457211,4652.042480,26173.593750,3608.907471
2019-01-18,22964.550781,35.467453,68.070045,943.346252,2181.129150,8912.879883,48.720604,4700.256836,26173.593750,3622.487061
2019-01-21,22935.968750,35.313217,68.181839,926.954773,2172.474365,8932.512695,48.253273,4703.822266,26011.142578,3603.458984
2019-01-22,22570.306641,35.440628,68.326515,909.559814,2144.686279,8821.592773,46.894028,4695.800781,25892.902344,3586.349365
2019-01-23,22570.306641,36.205101,67.734665,901.865967,2167.463379,8754.843750,47.029942,4696.691406,25627.558594,3593.187256
2019-01-24,23033.539062,35.910038,67.721504,886.477966,2168.374023,8883.431641,47.498890,4683.323730,25632.072266,3584.517822
2019-01-25,22964.550781,35.869808,67.734665,889.822998,2209.190918,8922.696289,47.675594,4696.691406,25617.630859,3612.193848
2019-01-28,22915.267578,35.936867,68.063469,916.584656,2205.546875,9026.744141,47.709576,4634.307129,25220.515625,3580.743896
2019-01-29,22912.802734,35.876507,67.899063,885.139954,2175.663086,8893.248047,47.505680,4612.027344,25180.802734,3592.028320
2019-01-30,22668.865234,35.407101,68.063469,883.132874,2139.402344,8932.512695,47.301800,4678.778809,25180.802734,3601.464111
2019-01-31,23034.033203,35.474155,68.418571,886.477966,2159.263672,8834.350586,46.961979,4692.236816,25225.929688,3605.719482
2019-02-01,23235.589844,35.252861,69.049889,891.830200,2232.150146,9127.849609,47.294998,4705.604004,24998.492188,3609.326660
2019-02-04,23235.097656,35.541218,68.800003,889.756226,2252.194092,9176.926758,47.233833,4697.672363,25264.738281,3641.795654
2019-02-05,23259.240234,35.541218,68.852600,856.371216,2260.393555,9155.235352,47.526070,4676.996582,25160.951172,3639.944824
2019-02-06,22993.130859,35.353455,68.852600,816.228821,2211.195068,9079.750000,47.070724,4652.131348,25271.056641,3625.514893
2019-02-07,22874.857422,35.340042,68.260750,823.588135,2241.260742,9040.978516,47.430923,4615.591797,25215.103516,3605.534424
2019-02-08,22856.130859,35.044975,68.260750,809.538391,2171.198975,8959.997070,46.961979,4561.228027,24810.761719,3561.318848
2019-02-11,22841.347656,35.085213,67.866180,809.538391,2141.041748,9050.301758,47.356167,4598.658691,24594.158203,3582.224609
2019-02-12,22667.880859,35.521099,68.484337,808.200195,2148.239014,8932.119141,48.212498,4677.085938,23961.478516,3564.185791
2019-02-13,22530.388672,35.541218,68.392273,816.228821,2145.870361,8844.167969,47.505680,4691.344727,24278.261719,3595.452148
2019-02-14,22376.142578,35.132153,68.852600,810.876404,2141.041748,8854.179688,47.464901,4691.255859,24910.050781,3575.194580
2019-02-15,22224.855469,34.877331,68.398857,822.919067,2131.931396,9050.301758,48.654240,4678.867676,24910.050781,3579.355713
2019-02-18,22028.224609,34.884041,68.070045,812.883484,2120.360840,8917.689453,48.457153,4683.323730,24639.285156,3579.355713
2019-02-19,22176.066406,34.850506,68.280472,828.940430,2165.641113,8890.302734,49.068810,4686.710938,24456.064453,3574.268555
2019-02-20,22274.626953,34.850506,68.287056,856.371216,2204.817871,8770.547852,49.476604,4669.866699,24973.218750,3602.944580
2019-02-21,22220.419922,35.192505,69.017006,847.606689,2208.370605,8887.356445,49.673676,4739.469727,25573.404297,3574.268555
2019-02-22,22565.376953,35.440628,69.155113,856.304199,2240.805420,9001.024414,49.598934,4749.185059,26038.212891,3637.631104
2019-02-25,22693.996094,34.971218,69.378700,846.268677,2233.061035,8981.590820,49.408634,4740.361328,26281.898438,3665.752686
2019-02-26,22692.523438,35.541218,69.378700,842.321289,2266.771240,9012.021484,48.926090,4705.604004,25993.087891,3631.989502
2019-02-27,22570.306641,35.333336,69.049889,836.299927,2213.928223,8843.088867,48.049377,4594.203125,25992.185547,3574.268555
2019-02-28,22097.710938,35.071808,68.464615,816.897827,2241.260742,8736.190430,46.764889,4546.076660,24594.158203,3531.717529
2019-03-01,22107.564453,34.870628,67.741226,819.707764,2186.596191,8748.070312,47.492088,4558.553711,23538.187500,3509.517822
2019-03-04,22127.769531,34.890747,68.129219,819.507080,2153.797363,8657.663086,47.233833,4527.361816,23102.259766,3484.727295
2019-03-05,22176.066406,34.783451,67.083626,811.746277,2168.556396,8628.217773,46.914417,4546.968750,23285.472656,3486.207275
2019-03-06,22422.464844,34.870628,67.603142,822.852173,2168.374023,8834.350586,46.792080,4566.574707,23213.271484,3488.055908
2019-03-07,22220.912109,34.796860,67.984543,816.228821,2154.708252,8785.272461,46.866837,4589.747070,22906.410156,3488.799316
2019-03-08,22079.970703,34.461567,67.997704,816.897827,2172.930176,8839.258789,47.097912,4563.009277,22861.279297,3501.192627
2019-03-11,22031.181641,34.568859,68.392273,839.645203,2186.596191,8799.996094,47.261021,4589.747070,23082.398438,3537.082275
2019-03-12,22077.996094,34.535332,68.484337,822.919067,2158.352539,8814.720703,46.826065,4599.549805,23557.138672,3515.067383
2019-03-13,22185.923828,34.676155,68.392273,819.573975,2140.950684,8726.375977,46.961979,4545.275879,24260.216797,3522.282715
2019-03-14,22161.283203,34.803566,67.668900,809.538391,2120.907715,8667.480469,47.505680,4475.670898,24358.595703,3508.037354
2019-03-15,22175.572266,35.205921,67.701775,812.816711,2130.473389,8687.112305,47.261021,4587.963867,24549.925781,3538.193115
2019-03-18,22175.572266,35.004745,68.063469,818.102112,2141.041748,8687.112305,47.498890,4563.009277,24007.503906,3538.655762
2019-03-19,22220.419922,34.770042,67.695206,814.221680,2113.709473,8638.034180,47.430923,4545.186523,24007.503906,3531.178711
2019-03-20,21929.662109,34.441456,67.537369,811.210876,2068.155029,8490.791992,47.016357,4500.625000,23294.501953,3488.704590
2019-03-21,22102.142578,34.193329,68.254181,811.344727,2084.554688,8539.873047,47.145481,4535.383301,23691.617188,3471.306396
2019-03-22,21978.945312,34.092743,68.319939,799.502747,2068.155029,8488.829102,46.995972,4411.504883,23407.316406,3451.688477
2019-03-25,22168.177734,33.650154,67.596481,786.121826,2057.222656,8439.750977,47.356167,4472.105957,23434.392578,3428.739014
2019-03-26,21817.798828,33.495918,67.984497,796.157471,2075.443848,8471.164062,47.369759,4411.504883,23148.287109,3433.181152
2019-03-27,21929.662109,33.529449,67.569260,785.787415,2095.488281,8441.714844,47.036743,4385.658691,23110.384766,3428.923828
2019-03-28,21977.958984,33.730625,67.528397,787.460022,2135.575439,8441.714844,47.505680,4496.168945,23330.601562,3465.586426
2019-03-29,21930.574219,34.327450,68.202332,788.195984,2186.596191,8480.879883,48.457153,4509.537109,23600.462891,3484.285400
2019-04-01,22231.019531,34.213448,67.848351,792.812317,2168.374023,8571.283203,48.117348,4491.713379,23601.363281,3513.058350
2019-04-02,22232.029297,33.837917,67.119972,803.182495,2111.887207,8422.080078,47.736752,4463.194336,23180.783203,3462.287354
2019-04-03,22583.894531,34.166508,67.262924,842.321289,2115.531738,8473.127930,47.240627,4473.888672,22879.330078,3473.015869
2019-04-04,23087.998047,34.669453,67.732628,856.371216,2146.507812,8601.223633,47.879467,4491.713379,23217.787109,3470.786377
2019-04-05,22937.267578,34.468273,67.589684,869.751953,2113.709473,8588.855469,47.879467,4500.625000,23208.759766,3494.296387
2019-04-08,23087.998047,34.843803,67.576057,896.513611,2110.976318,8586.990234,47.648403,4523.796387,23191.607422,3495.968506
2019-04-09,23012.382812,34.307335,67.800705,900.527710,2107.058838,8637.052734,47.913456,4518.449219,23086.912109,3497.920410
2019-04-10,23087.998047,34.200039,67.596481,903.203979,2093.665527,8539.873047,47.825108,4527.361816,23095.941406,3510.836426
2019-04-11,23055.736328,33.797688,67.827927,899.858704,2101.774170,8541.836914,47.430923,4499.644531,22743.953125,3487.791992
2019-04-12,22861.152344,33.864742,67.201653,897.316406,2096.399414,8516.414062,47.437717,4456.153809,22396.476562,3489.370605
2019-04-15,22684.714844,33.878151,67.324196,914.443787,2099.132568,8392.632812,47.403744,4456.064941,22292.683594,3486.397461
2019-04-16,22835.943359,34.300629,67.725815,921.669373,2088.198975,8440.733398,47.566849,4491.713379,22413.625000,3484.725586
2019-04-17,23023.978516,34.213303,67.793892,933.912964,2085.465576,8470.182617,47.362965,4474.779785,23104.964844,3499.871582
2019-04-18,22982.136719,33.962654,68.270409,927.222351,2063.600098,8500.609375,46.894028,4431.823730,22789.080078,3506.562988
2019-04-22,22771.419922,34.101906,68.072998,903.203979,2065.240234,8441.813477,46.622169,4464.886230,22157.302734,3469.577148
2019-04-23,22735.123047,34.101906,68.059380,879.118530,2027.156616,8426.990234,46.812466,4441.804688,21976.796875,3452.108154
2019-04-24,22977.095703,34.108868,67.793892,869.751953,2040.367310,8337.666016,47.165874,4402.592285,21790.873047,3449.217773
2019-04-25,22746.214844,33.962654,67.392265,849.011658,2045.286987,8265.027344,47.091110,4428.347168,21572.457031,3440.551758
2019-04-26,22911.056641,33.746826,67.610100,869.751953,2040.823242,8264.044922,46.887226,4446.974609,22112.177734,3448.947021
2019-04-29,22730.589844,33.663277,67.576057,853.695007,2069.977539,8215.946289,45.996922,4415.959473,21853.144531,3435.785156
2019-04-30,22733.109375,33.141090,67.644135,859.716370,2077.084473,8343.555664,46.384300,4455.975098,21795.382812,3439.776855
2019-05-02,22443.250000,33.099319,67.392265,847.071411,2054.742920,8207.113281,45.541576,4402.592285,22246.652344,3407.013184
2019-05-03,22584.396484,33.524021,67.269730,844.328369,2002.582520,8212.020508,44.902725,4411.595215,22157.302734,3421.014893
2019-05-06,22532.976562,33.837330,67.507988,849.680725,1988.611084,8026.696289,44.991074,4339.568848,22366.080078,3388.438232
2019-05-07,22362.085938,33.976578,67.283348,845.666382,1955.079346,7902.128906,44.549316,4258.539551,21995.453125,3383.268066
2019-05-08,22744.197266,33.732891,67.371841,853.084595,1928.440308,7791.107422,43.699799,4283.748535,21474.210938,3353.428955
2019-05-09,22258.748047,33.767708,67.051895,839.597168,2011.990112,7902.030273,43.822128,4238.732422,21500.681641,3374.430176
2019-05-10,22508.783203,33.872143,66.514114,829.481445,2007.239990,7811.721680,44.175537,4204.520996,21853.960938,3361.830566
2019-05-13,22231.523438,33.489212,65.867424,829.481445,1942.039551,7618.342773,42.889114,4213.523926,21543.591797,3301.816895
2019-05-14,22432.660156,34.046204,66.575394,836.225281,1929.930786,7641.901855,43.477512,4285.549316,21680.515625,3328.301514
2019-05-15,22367.128906,34.115837,67.358231,836.225281,1932.724854,7520.181152,43.527130,4233.331055,21552.718750,3322.955566
2019-05-16,22377.207031,33.983543,67.181236,836.967102,1901.056396,7391.589355,43.328632,4159.503418,21269.730469,3330.437500
2019-05-17,22306.636719,33.419582,66.384789,822.940063,1862.867432,7274.776855,43.420792,4118.990234,20631.636719,3315.166748
2019-05-20,22181.115234,33.635426,66.861298,811.947754,1842.375977,7214.996582,43.456234,4060.467529,20722.009766,3266.010742
2019-05-22,22268.828125,33.712009,67.228889,822.737793,1802.603760,7200.173340,43.881580,4051.464844,20813.294922,3280.474365
2019-05-23,22196.234375,33.976578,67.807510,822.737793,1758.546753,7176.614258,43.739807,4051.464844,19512.464844,3244.307129
2019-05-24,22218.417969,33.990501,67.889198,828.200134,1723.152344,7065.494629,44.094261,3988.442383,18987.572266,3257.064209
2019-05-27,22256.226562,33.698086,67.576057,824.221313,1698.935181,6932.387207,43.839050,3925.418945,18531.138672,3234.239258
2019-05-28,21172.398438,33.322113,67.528397,833.190552,1667.266357,6881.146973,43.378258,3826.383545,18307.484375,3206.206055
2019-05-29,22281.431641,33.837330,67.657745,858.075073,1695.116455,6953.787598,44.370739,3862.396484,18804.992188,3228.461670
2019-05-30,22458.873047,34.359509,67.868774,876.687744,1751.095337,7244.345703,45.015846,3880.403076,19398.355469,3279.436523
2019-05-31,22936.765625,34.784225,69.339149,869.944031,1755.752563,7205.277832,46.065033,3853.393066,19537.111328,3309.462402
2019-06-03,23188.818359,34.798141,68.746918,885.522095,1750.163818,7263.782715,46.185547,3861.495850,20083.009766,3317.986328
2019-06-04,22886.859375,34.477879,68.079796,873.315918,1756.684204,7335.637207,46.256435,3851.501709,20538.527344,3325.753418
2019-06-05,23087.998047,34.589275,66.847672,851.061462,1713.838135,7104.957031,46.150101,3844.390381,19946.078125,3298.190430
2019-06-06,23188.818359,34.387363,66.166946,851.735840,1684.032349,6989.224121,45.427010,3824.582764,19900.433594,3272.142090
2019-06-07,22841.490234,34.777260,66.861298,863.200195,1684.963623,6994.034180,45.370296,3826.293701,19718.136719,3295.253906
2019-06-10,23384.916016,35.334255,66.983833,886.735962,1698.842163,7057.838867,46.079212,3862.306396,20192.833984,3336.741211
2019-06-11,23440.871094,35.856434,67.616905,907.709045,1719.426636,7170.724609,46.164280,3907.413086,20840.974609,3365.629395
2019-06-12,23526.570312,35.856434,67.732628,918.566284,1722.220703,7193.302734,45.760197,3934.422607,20266.773438,3373.598145
2019-06-13,23294.679688,35.717182,68.059380,926.591553,1717.657104,7208.025879,46.008324,3961.432373,20471.259766,3362.227295
2019-06-14,23390.458984,35.849472,68.072998,927.265808,1730.603760,7156.000488,45.795643,3929.741211,19967.349609,3345.643799
2019-06-17,23718.128906,35.299438,67.126778,915.801575,1705.920898,7053.028809,45.547527,3898.409668,20094.238281,3337.398926
2019-06-18,23793.746094,35.438694,67.528397,931.986633,1697.072266,7048.022949,45.724754,3857.894775,20037.644531,3354.646240
2019-06-19,23791.226562,35.313362,67.623711,915.531677,1704.523438,7033.298828,45.866531,3857.894775,19782.041016,3336.167480
2019-06-20,23793.240234,35.139305,68.072998,913.710999,1723.059204,7087.287109,45.979961,3862.396484,19710.832031,3367.438965
2019-06-21,23576.982422,34.881695,68.086601,895.907532,1760.409546,7116.735352,45.724754,3871.399414,19645.107422,3356.303467
2019-06-24,23944.976562,35.048794,69.094086,917.150269,1760.409546,7313.059570,46.150101,3950.628174,19254.392578,3366.446777
2019-06-25,23944.976562,35.292477,68.889870,909.462280,1752.958374,7293.426758,46.327332,4051.464844,19019.787109,3366.446777
2019-06-26,23737.285156,35.647560,68.569923,903.662842,1751.095337,7214.898438,46.150101,4001.947021,19225.181641,3381.710938
2019-06-27,23737.285156,35.250706,68.004921,903.730225,1733.397949,7196.247070,46.320240,4006.358643,19581.203125,3363.699219
2019-06-28,23566.896484,35.160187,68.004921,896.918945,1732.466919,7287.537109,45.653862,3983.850586,19216.054688,3363.223877
2019-07-01,23496.324219,35.403877,67.814316,910.406555,1704.616699,7131.459473,45.724754,3962.332764,18987.835938,3384.458740
2019-07-02,23525.058594,35.264622,67.732628,897.660828,1690.552002,6969.493164,45.490814,3934.422607,18540.523438,3365.499512
2019-07-03,23633.441406,35.612751,68.202332,921.870850,1704.523438,6969.002441,46.313152,3988.442383,18713.974609,3355.070801
2019-07-04,23692.417969,35.598824,68.202332,915.127197,1714.769653,6994.034180,46.093384,3983.940674,18805.255859,3359.811768
2019-07-05,23662.677734,35.849472,68.515472,903.662842,1721.289429,7156.000488,46.291882,3988.442383,18832.648438,3342.746094
2019-07-08,23692.417969,35.717182,68.569923,924.568420,1709.180786,7067.655273,46.008324,4037.960205,18485.750000,3360.759521
2019-07-09,23662.677734,35.501354,68.072998,927.265808,1709.180786,6969.493164,45.930344,4013.650635,18164.421875,3352.227295
2019-07-10,23806.347656,35.508312,67.855156,957.612854,1697.351807,6910.595215,45.916161,4012.661377,18147.988281,3373.936768
2019-07-11,23793.746094,35.508312,67.970879,977.169800,1699.866577,6866.423828,45.795643,4023.554688,18346.998047,3376.875488
2019-07-12,23591.601562,35.689331,67.977692,958.287109,1690.552002,6886.055664,45.476639,4051.464844,18796.128906,3380.099609
2019-07-15,23692.923828,35.369061,68.542702,949.520264,1704.430420,6919.430664,45.526260,4050.564209,18970.496094,3380.099609
2019-07-17,23365.255859,35.584904,68.515472,943.383362,1699.866577,6900.779297,45.122177,4051.464844,18531.398438,3359.811768
2019-07-18,23415.667969,35.647560,68.454201,947.497070,1690.552002,6872.312988,44.838615,3983.940674,18667.416016,3351.089355
2019-07-19,23490.779297,36.134930,69.257462,938.123230,1676.580811,6724.088379,45.185986,3960.531006,19261.695312,3356.019531
2019-07-22,23415.667969,35.696297,68.447395,950.869019,1681.983154,6718.984375,44.165150,3956.031006,19435.142578,3350.332275
2019-07-23,23188.818359,35.452614,67.868774,940.416260,1635.224976,6550.341797,44.306934,3970.436279,19425.101562,3316.296387
2019-07-24,23272.390625,35.515270,67.392265,942.102173,1582.505981,6410.952148,44.101349,3970.436279,19242.527344,3307.004883
2019-07-25,23884.933594,36.065304,68.740120,943.450806,1511.717041,6319.661621,44.519611,4024.455322,19079.117188,3299.137695
2019-07-26,23511.417969,35.605785,68.767334,939.404724,1541.802246,6342.238281,44.441624,3952.428711,19080.029297,3328.431885
2019-07-29,23592.318359,35.995678,69.162163,940.078979,1540.591431,6368.153320,44.512512,3956.930908,18878.292969,3314.685059
2019-07-30,23542.939453,35.598824,69.345963,940.753296,1559.220215,6511.567871,44.306934,3965.933838,19057.210938,3334.499268
2019-07-31,23299.183594,35.494389,68.753723,937.381592,1537.796997,6341.256836,45.235600,3916.416016,18850.908203,3311.366699
2019-08-01,23221.958984,35.508312,68.753723,930.705261,1499.608521,6219.733398,44.803165,3938.924072,17938.029297,3286.528320
2019-08-02,23114.791016,35.369061,68.413353,910.406555,1467.101440,6115.485352,43.598026,3911.914062,17584.742188,3249.366455
2019-08-05,22618.871094,34.617123,67.392265,890.175293,1443.722412,5937.812988,42.768600,3835.476807,17343.742188,3171.627930
2019-08-06,22374.066406,34.248116,69.012398,880.059570,1445.864746,5938.793945,43.172680,3826.473633,16988.636719,3188.408203
2019-08-07,22274.253906,34.812069,69.359573,880.059570,1491.318359,5958.425781,43.314449,3799.373779,17527.230469,3194.854736
2019-08-08,22599.958984,35.090565,70.373848,896.784241,1564.808716,6297.083496,43.236477,3853.393066,18559.695312,3276.479980
2019-08-09,22752.306641,35.243740,70.469154,880.059570,1566.671509,6234.260254,43.243565,3826.383545,18604.427734,3251.547119
2019-08-12,22484.386719,35.007015,70.326202,820.714722,1574.123291,6252.911133,42.974178,3785.869141,17833.042969,3217.322266
2019-08-13,22440.785156,34.881695,70.455551,798.122986,1606.723267,6380.521973,43.030895,3844.390381,17714.367188,3241.687500
2019-08-14,22687.166016,34.582317,70.108376,767.169128,1541.522827,6209.818848,42.711880,3781.367432,17162.080078,3195.991455
2019-08-16,22432.378906,35.229813,70.911636,785.647217,1518.236938,6147.878418,42.541740,3781.367432,17358.349609,3193.432373
2019-08-19,22642.511719,35.355141,70.727844,769.327271,1499.608521,6149.841309,42.477936,3736.531250,17253.371094,3193.432373
2019-08-20,22834.259766,35.146263,70.789108,750.579651,1491.225342,6233.082520,42.442497,3754.357422,16989.546875,3189.260986
2019-08-21,23114.791016,35.174110,70.441933,755.300171,1493.181152,6146.013184,42.399963,3817.380127,16659.996094,3185.374512
2019-08-22,23167.322266,35.299438,70.094765,741.812744,1463.375610,5987.875488,42.180199,3781.367432,15492.430664,3163.094971
2019-08-23,22485.962891,34.812069,68.753723,718.344482,1429.750854,5914.252441,41.407486,3704.839355,15089.848633,3126.122070
2019-08-26,22608.367188,34.986130,68.072998,714.837769,1406.465088,5869.884277,41.123920,3646.318115,14990.346680,3076.350342
2019-08-27,22613.093750,34.812069,69.339149,711.533264,1403.670410,5889.712891,41.634342,3581.494873,15190.265625,3074.739746
2019-08-28,22589.453125,34.714596,68.072998,714.433167,1443.722412,5957.443848,42.499210,3529.276123,15490.605469,3055.683838
2019-08-29,22904.656250,35.000053,68.746918,738.305969,1514.604370,6126.380859,42.889114,3600.401611,15975.339844,3114.759277
2019-08-30,23902.794922,35.891239,69.979042,728.325195,1550.837280,6381.503906,44.108444,3646.318115,16249.203125,3174.586426
2019-09-02,23763.054688,35.633636,69.774818,715.107422,1539.660034,6332.520508,43.860321,3614.806641,16066.629883,3182.361084
2019-09-03,23272.917969,35.299438,69.686325,704.789551,1491.225342,6190.087402,42.995445,3541.160400,15701.476562,3137.514160
2019-09-04,23314.419922,35.494389,69.985840,721.581421,1536.958862,6334.484375,42.889114,3601.302246,15874.010742,3158.183838
2019-09-05,23509.320312,35.424767,70.251328,735.068970,1588.094482,6526.782715,43.491688,3632.813721,16341.402344,3191.569092
2019-09-06,23351.193359,35.362099,70.441933,748.219299,1547.670288,6577.041992,43.158493,3641.816895,16338.664062,3202.284424
2019-09-09,23901.746094,35.417805,70.285370,765.415833,1550.837280,6601.288086,43.952477,3682.421387,16536.316406,3216.508789
2019-09-10,23897.542969,35.626671,70.578079,751.860962,1562.945801,6576.845703,44.448715,3683.231445,17247.785156,3229.119629
2019-09-11,24228.501953,35.786812,70.591690,784.972717,1613.243286,6812.434082,45.703487,3700.337891,18171.494141,3270.651367
2019-09-12,24370.341797,35.905174,69.808853,801.629761,1630.474854,6892.827637,45.653862,3682.331299,18087.519531,3296.106934
2019-09-13,24323.062500,35.988716,70.564468,807.901489,1628.146362,6898.816406,45.696392,3693.675537,18112.439453,3311.286377
2019-09-16,24585.732422,36.350758,71.469833,824.019104,1684.963623,7067.655273,46.150101,3754.357422,18427.107422,3354.165283
2019-09-17,24235.859375,36.204552,70.659767,828.267517,1704.523438,7133.619141,46.079212,3781.367432,18710.406250,3354.165283
2019-09-23,23955.855469,35.717182,70.564468,822.872681,1637.072632,6940.044434,45.724754,3801.174072,18630.115234,3362.038330
2019-09-24,24270.529297,35.807693,70.305794,813.296570,1595.067627,6763.353027,44.732285,3794.872314,18088.445312,3317.453369
2019-09-25,24217.994141,36.190628,70.591690,812.082581,1618.455444,6753.537598,44.441624,3776.865479,18464.941406,3296.391357
2019-09-26,24375.595703,36.134930,70.115189,802.506531,1609.100464,6861.515625,45.568798,3778.666016,18801.757812,3332.395508
2019-09-27,24271.054688,36.204552,70.115189,821.388977,1595.161133,6871.331543,44.562141,3807.476562,18547.990234,3388.691650
2019-09-30,24124.488281,35.765919,69.502525,809.250244,1586.647827,6748.628906,44.682655,3668.826416,18520.308594,3350.642334
2019-10-01,24007.861328,35.508312,69.277885,804.529602,1558.862671,6627.889648,44.661392,3718.344238,18547.990234,3360.984375
2019-10-02,23903.318359,35.229813,69.434448,801.090210,1552.875488,6528.746094,44.916595,3690.434326,18275.765625,3343.808838
2019-10-03,23745.195312,35.334255,69.026009,783.624023,1543.613770,6505.187988,44.817352,3709.341064,17903.886719,3328.248047
2019-10-04,23876.529297,35.480461,69.434448,772.159668,1567.001709,6635.742676,45.717667,3711.141602,17892.810547,3340.108643
2019-10-07,24007.861328,35.717182,69.434448,765.348450,1604.422729,6684.823730,46.008324,3704.749268,17798.693359,3341.057861
2019-10-08,24006.812500,35.557049,69.359573,760.020813,1599.745117,6675.988770,46.079212,3673.328125,17713.791016,3336.691895
2019-10-09,23981.595703,35.919098,69.468491,756.446594,1590.389771,6628.871582,45.937431,3674.228516,17514.470703,3339.159424
2019-10-10,24004.708984,35.577934,69.400406,748.556458,1651.199097,6782.985352,45.738926,3677.830078,17808.839844,3364.115479
2019-10-11,24102.421875,35.856434,69.979042,785.647217,1707.330322,7066.673340,46.291882,3762.460449,18686.408203,3405.583496
2019-10-14,23902.794922,35.849472,70.081146,766.157593,1721.363037,7141.275879,48.064167,3776.865479,18271.152344,3419.815918
2019-10-15,24217.994141,36.190628,70.115189,765.415833,1726.040649,7136.368164,49.269306,3797.572998,18534.150391,3411.086426
2019-10-16,24191.730469,36.239365,69.815659,765.415833,1700.781494,7081.397949,49.708832,3857.894775,18614.431641,3410.612305
2019-10-17,24527.945312,36.274178,69.706741,765.415833,1721.269409,7166.798828,50.580803,3853.302734,18679.949219,3447.903320
2019-10-18,24585.208984,35.786812,69.910957,768.113403,1743.815796,7224.714355,50.687138,3844.390381,18631.039062,3444.487305
2019-10-21,24047.261719,34.324699,67.399071,724.953308,1637.166016,6915.503906,46.681778,3574.292480,17634.433594,3273.590576
2019-10-22,23823.994141,34.895615,68.059380,739.115234,1683.942261,7057.838867,45.327766,3601.392334,18178.873047,3322.934082
2019-10-23,23304.439453,34.248116,67.473953,702.698975,1664.109253,6900.779297,42.889114,3483.359863,18317.287109,3235.730713
2019-10-24,23955.328125,34.728516,67.732628,721.581421,1721.269409,7014.745605,44.732285,3646.588379,18483.392578,3306.364014
2019-10-25,23745.195312,34.255077,67.317383,719.288513,1683.942261,6871.331543,44.547955,3557.096191,18160.421875,3284.166016
2019-10-28,23881.783203,34.094940,67.045090,707.419617,1712.007812,6920.412109,44.661392,3601.122070,18612.587891,3284.166016
2019-10-29,23057.003906,33.329079,65.350067,704.047729,1683.006592,6797.709961,43.810699,3520.272461,18612.587891,3227.879395
2019-10-30,21691.126953,32.034069,65.009712,679.095825,1581.034546,6509.212891,43.236477,3398.729004,18178.873047,3118.249023
2019-11-04,21800.927734,32.848671,65.220741,698.652710,1637.072632,6704.455566,41.825748,3295.101562,19470.777344,3192.855225
2019-11-05,21165.794922,31.978369,64.601265,681.860779,1610.971558,6508.132812,41.237343,3277.095215,19229.929688,3114.642578
2019-11-06,20277.974609,30.989706,61.265701,687.390686,1590.389771,6301.992188,41.499649,3097.120117,18814.677734,3042.125244
2019-11-07,21019.226562,31.330864,61.537983,687.862671,1679.264282,6571.937012,42.534657,3195.255127,19092.429688,3081.040527
2019-11-08,20903.125000,31.818233,62.422935,701.350281,1702.652954,6621.019043,42.421227,3241.171631,18271.152344,3104.676514
2019-11-11,19805.171875,31.546696,60.891285,677.747131,1683.006592,6437.456055,41.818657,3239.371094,18778.685547,3059.209717
2019-11-12,19637.064453,30.913120,59.223507,672.959045,1674.586914,6378.558594,41.109745,3061.106934,17691.648438,2979.574219
2019-11-13,18518.099609,30.982738,57.181313,647.393494,1595.067627,6149.841309,40.698574,2862.135254,17071.533203,2940.563232
2019-11-14,18796.001953,31.477074,58.883137,674.510071,1648.485840,6427.639160,40.904163,2881.041504,17671.345703,2980.427979
2019-11-15,20593.175781,34.359509,65.690437,755.300171,1753.171021,7057.740723,44.625946,3286.188232,17634.433594,3239.553955
2019-11-18,21039.714844,33.329079,63.212578,730.550720,1754.106445,6966.548828,44.207684,3299.692627,17209.949219,3215.349854
2019-11-19,20739.746094,32.987919,62.286789,695.483215,1730.718384,6900.779297,43.527130,3353.712402,17439.724609,3173.964844
2019-11-20,20172.906250,32.723343,61.674129,694.606445,1730.718384,6969.493164,44.484161,3290.689941,16794.693359,3176.529053
2019-11-21,20172.906250,32.027107,59.706825,698.720215,1721.363037,6969.493164,43.980831,3164.644287,17163.810547,3159.633301
2019-11-22,19910.240234,32.027107,59.897430,706.273193,1688.619629,6773.169434,44.484161,3110.624512,16979.253906,3115.495361
2019-11-25,19069.701172,31.678989,58.617649,708.093933,1665.231934,6625.925781,43.527130,3025.093994,16979.253906,3103.537109
2019-11-26,19148.503906,30.815643,58.678913,693.257751,1599.745117,6234.260254,42.889114,2975.575928,16611.064453,3035.006348
2019-11-27,18807.033203,31.330864,57.800781,673.700806,1654.940796,6462.978516,42.825310,2953.067627,17902.039062,3045.257568
2019-11-28,18596.902344,30.356127,56.840958,673.700806,1592.354370,6213.646484,41.613075,2890.044678,17671.345703,2991.819092
2019-11-29,18901.593750,29.917488,55.615631,691.234558,1632.488281,6282.360352,42.811134,2907.961182,17625.207031,3003.208496
2019-12-02,18570.632812,29.381390,54.608158,685.165222,1610.971558,6209.720703,41.896633,2836.205566,17717.480469,3006.056152
2019-12-03,18649.433594,29.242142,54.254173,690.492798,1628.746460,6203.831055,41.683964,2826.751953,17795.925781,2988.970459
2019-12-04,19647.046875,30.620699,57.399151,694.606445,1712.007812,6478.684082,43.385349,2989.080566,18084.751953,3077.542725
2019-12-05,20094.107422,31.435299,59.223507,708.093933,1750.364380,6650.467285,48.205948,3052.103516,17828.216797,3148.641113
2019-12-06,19962.771484,30.634623,57.555717,731.022644,1729.688965,6675.006836,49.630840,2912.552979,17902.039062,3146.169678
2019-12-09,20078.343750,30.356127,57.331070,711.465820,1777.494629,6767.279785,49.723003,2962.071045,17828.427734,3143.412598
2019-12-10,19960.146484,30.495377,57.521687,709.442749,1758.784180,6676.087402,50.332668,3061.106934,18179.089844,3162.138184
2019-12-11,19805.171875,30.244724,57.576138,695.483215,1819.593140,6782.985352,50.587879,2971.074219,18453.164062,3171.262695
2019-12-12,20172.906250,30.634623,58.134346,684.490906,1812.109131,6851.698730,50.970688,2971.074219,18651.562500,3196.417236
2019-12-13,19747.384766,31.045406,59.223507,687.862671,1852.336548,7066.673340,51.601620,3087.216309,19055.748047,3228.779053
2019-12-16,19384.904297,31.212502,58.610847,691.234558,1866.369263,7018.575195,51.396042,3073.621094,19103.734375,3238.387939
2019-12-17,18885.833984,30.773867,57.392338,681.118958,1835.496826,6823.231934,51.502377,2936.951660,19448.859375,3187.871582
2019-12-18,18136.181641,30.356127,56.500587,667.631470,1775.623535,6616.110352,50.899807,2871.138184,19148.029297,3135.089111
2019-12-19,18229.164062,30.773867,56.228291,672.352112,1777.681396,6596.478516,50.864349,2836.025635,18812.132812,3148.418457
2019-12-20,17971.748047,30.641584,55.990040,667.638123,1763.461548,6530.709961,50.970688,2876.540283,18826.894531,3151.274170
2019-12-23,17730.093750,30.634623,55.615631,667.557312,1754.106445,6513.138672,50.970688,2943.973877,19193.248047,3145.562256
2019-12-24,17858.277344,30.502340,55.397808,664.933899,1764.397217,6576.845703,50.821827,2948.476318,19309.517578,3145.562256
2019-12-26,17834.638672,30.397900,54.458393,664.259644,1749.335327,6630.835449,50.616238,2881.041504,19286.443359,3120.439697
2019-12-27,17756.365234,30.070662,53.777668,671.003357,1753.077393,6724.088379,50.403561,2939.563232,18945.015625,3091.299072
2019-12-30,17913.962891,29.938375,54.254173,667.631470,1721.363037,6625.925781,49.978222,2917.954834,18557.437500,3115.805664
2020-01-02,18544.365234,30.975780,57.399151,698.652710,1791.527222,6969.493164,50.864349,3016.090332,18871.193359,3194.756104
2020-01-03,18675.699219,31.525808,57.657825,697.910828,1796.205078,7057.838867,52.459415,3031.474121,18905.332031,3210.374512
2020-01-06,19069.701172,32.027107,58.406631,697.978271,1836.432617,7214.898438,53.310101,3067.670654,19379.650391,3232.658203
2020-01-07,19489.972656,32.235977,59.032902,703.440796,1833.625977,7406.117188,53.168324,3121.965576,19849.349609,3276.086426
2020-01-08,19595.035156,32.166355,58.202408,688.537109,1833.625977,7322.875977,53.295921,3127.304932,19728.468750,3269.923584
2020-01-09,19489.972656,32.361294,58.324944,689.885803,1846.723022,7263.979004,53.522781,3142.779053,19378.728516,3261.349854
2020-01-10,19647.572266,32.507507,60.244595,706.677856,1945.888672,7450.486328,54.515251,3212.457275,19950.863281,3291.166748
2020-01-13,19673.839844,32.131542,59.216686,693.932068,1936.533325,7449.504883,55.365940,3108.392090,21406.107422,3307.456543
2020-01-14,19568.773438,30.982738,57.862038,689.278870,1910.338867,7448.032715,55.507717,3012.470947,22191.412109,3269.447266
2020-01-15,19219.947266,30.808681,57.228966,676.398254,1870.204956,7313.059570,55.295059,2981.703857,21897.962891,3238.867188
2020-01-16,19116.457031,30.516262,56.480160,694.741272,1925.213257,7509.384277,55.429749,2963.605225,22488.546875,3250.013428
2020-01-17,19123.285156,30.356127,55.860699,712.814636,1943.082275,7655.644043,54.657032,2940.982422,21946.871094,3255.157715
2020-01-20,18912.099609,29.847870,55.084663,716.321228,1894.434692,7465.209961,54.940590,2901.799316,21685.720703,3211.419434
2020-01-21,18339.484375,29.242142,54.458393,704.722107,1842.981323,7244.345703,54.586140,2807.054199,21220.630859,3160.522461
2020-01-22,18045.294922,29.311762,54.254173,708.093933,1842.981323,7214.898438,54.586140,2859.539551,20684.484375,3128.686523
2020-01-23,17963.345703,29.659880,54.118023,702.024597,1819.593140,7116.833496,54.635773,2859.539551,21408.876953,3096.632812
2020-01-24,17808.896484,28.949718,53.525787,694.134460,1805.560303,7165.818359,54.302574,2886.778076,20810.908203,3112.523926
2020-01-27,17309.826172,28.274363,52.960793,674.375183,1749.428955,6979.211426,53.473434,2810.764893,20409.492188,3032.323975
2020-01-28,17519.958984,27.954090,53.913807,675.251953,1772.816772,7043.113770,53.623180,2864.064209,20596.816406,3054.664795
2020-01-29,17283.558594,27.188225,53.695976,677.814575,1749.428955,7018.575195,53.623180,2841.441406,20716.779297,3053.996582
2020-01-30,17152.222656,27.160376,52.416203,671.677734,1740.260864,7038.206543,54.300606,2827.867676,20855.201172,3036.524414
2020-01-31,17553.054688,27.564198,53.641525,667.631470,1716.685547,7008.758301,54.122334,2841.441406,20578.363281,3058.920898
2020-02-03,17958.087891,28.455385,54.601349,674.375183,1716.685547,7009.249023,54.871056,2841.441406,20673.414062,3063.984131
2020-02-04,18386.765625,28.810471,55.486298,691.908997,1747.557739,7127.533691,55.619793,2864.064209,22515.312500,3110.494629
2020-02-05,18912.099609,28.511084,54.594536,688.267334,1803.689209,7286.849609,55.619793,2893.926514,21640.500000,3146.883301
2020-02-06,19227.304688,28.587671,53.648327,694.606445,1837.274536,7460.301758,55.619793,2882.162598,22238.468750,3152.997314
2020-02-07,19205.238281,28.204741,55.397808,697.978271,1777.494629,7362.140625,55.691093,2873.023193,21500.236328,3122.337891
2020-02-10,18859.568359,27.933207,54.329056,684.558228,1721.456543,7244.345703,55.655449,2860.535156,21422.720703,3099.225098
2020-02-11,18912.099609,27.710411,54.798756,694.606445,1786.849976,7450.486328,55.612652,2855.015137,21962.556641,3110.877197
2020-02-12,18859.568359,27.856617,55.002983,694.606445,1824.270508,7599.692383,54.906723,2850.490723,22609.443359,3120.715088
2020-02-13,18859.568359,27.849653,54.458393,691.234558,1840.174805,7577.115234,55.113503,2862.254150,22645.425781,3107.057373
2020-02-14,19012.441406,27.529388,54.989361,685.839600,1832.690308,7548.647949,55.049324,2858.906250,22396.273438,3099.225098
2020-02-17,18912.099609,27.230001,54.458393,689.143982,1806.495972,7460.301758,54.557301,2850.490723,22654.650391,3088.719727
2020-02-18,18439.298828,26.373625,53.233078,671.003357,1749.428955,7262.997070,53.694500,2819.723389,21861.048828,3073.438477
2020-02-19,17861.427734,26.206530,52.545544,672.696045,1712.007812,7203.118164,53.473434,2786.241455,22387.042969,2998.942871
2020-02-20,17861.427734,26.387550,53.437302,674.375183,1684.690796,7067.655273,53.623180,2759.093994,23983.482422,3024.729004
2020-02-21,17808.369141,26.728703,52.518314,685.165222,1697.975098,7106.920410,54.193642,2732.851318,23486.097656,3026.639893
2020-02-24,17213.164062,25.928032,51.796734,670.328918,1646.521240,6833.047852,53.373600,2714.662354,22517.158203,2959.115479
2020-02-25,16968.355469,25.600796,51.871620,650.772156,1602.551880,6655.374023,53.651703,2637.835205,22220.937500,2944.121094
2020-02-26,16764.003906,25.969801,52.354939,654.137207,1591.325684,6479.665527,52.767494,2551.867676,21456.865234,2896.653076
2020-02-27,16809.705078,25.635605,52.436623,654.143860,1609.100464,6440.008301,52.582088,2511.237061,20856.123047,2860.456055
2020-02-28,16022.750000,25.405849,49.046593,647.400208,1543.613770,6232.297363,52.054413,2461.375977,19799.517578,2778.415039
2020-03-02,16679.423828,25.914104,52.205177,664.933899,1576.356934,6478.684082,50.778015,2637.835205,21224.318359,2850.045654
2020-03-03,16968.355469,26.060316,52.899525,657.515869,1581.128174,6478.684082,51.127419,2596.208740,21408.876953,2907.159424
2020-03-04,17442.736328,26.666046,53.641525,671.003357,1627.810913,6625.925781,52.018761,2606.163086,22197.871094,2917.092773
2020-03-05,17336.093750,26.554642,52.688496,670.935852,1590.389771,6577.041992,51.619446,2569.966553,21870.277344,2894.362061
2020-03-06,16868.544922,25.698275,51.599335,655.762451,1572.615234,6478.094727,51.341339,2463.276367,20764.765625,2894.362061
2020-03-09,16469.287109,24.089951,49.366531,627.169006,1473.449341,6135.117676,49.915192,2352.785645,19139.724609,2728.846680
2020-03-10,16601.675781,24.577324,50.333172,625.152588,1496.837402,6208.738770,49.908066,2325.638184,19397.185547,2744.796143
2020-03-11,15970.744141,24.368450,49.012550,633.238342,1470.642700,6149.841309,49.886665,2293.966064,18457.779297,2644.608643
2020-03-12,14977.333984,23.184835,46.071804,586.706360,1403.285156,5615.840332,47.740314,2190.805664,17348.578125,2507.459961
2020-03-13,15234.749023,23.539925,47.317539,573.225647,1442.577148,5709.192383,48.845581,2162.753174,17256.294922,2547.955078
2020-03-16,13658.739258,20.539122,42.885986,499.037689,1239.568481,5005.960938,42.784454,1737.441895,14497.136719,2242.234863
2020-03-17,13973.941406,21.618296,44.832874,478.806427,1282.696289,4760.851074,41.714844,1701.245117,14967.759766,2175.378906
2020-03-18,12398.458008,18.450396,40.707649,404.625122,1146.016235,4320.104004,38.506008,1519.266235,12919.150391,1959.914062
2020-03-19,12424.200195,20.399872,47.583019,439.692566,1216.180298,4329.919922,39.361698,1511.212402,13713.679688,2097.427490
2020-03-20,13002.070312,21.513861,47.310730,418.787018,1253.507812,4171.879883,39.147774,1565.507568,12919.150391,2126.430176
2020-03-23,12345.399414,20.573933,41.593082,418.112640,1197.469971,4024.735107,37.792938,1384.523926,12827.794922,1955.570190
2020-03-24,12266.074219,18.624456,40.847916,413.418976,1242.842896,4024.636719,38.063896,1384.523926,14534.044922,2005.248047
2020-03-25,13291.005859,19.919466,43.348518,452.573212,1337.798706,4348.570312,38.791241,1429.769775,16711.845703,2055.981201
2020-03-26,14226.101562,20.191002,45.139782,494.991364,1440.706055,4446.733398,38.156597,1430.674805,17071.736328,2198.718506
2020-03-27,14762.995117,20.385948,45.935101,515.896973,1543.613770,4711.770020,38.292088,1438.818848,16153.555664,2119.979492
2020-03-30,14604.345703,21.513861,47.790844,546.918335,1627.810913,4854.104004,37.792938,1498.543457,17440.857422,2232.795410
2020-03-31,15234.749023,22.975965,49.510456,600.268005,1711.072388,4810.030762,41.358299,1706.674683,18031.441406,2333.519287
2020-04-01,14966.825195,23.080404,50.012012,593.450195,1627.810913,4751.035645,40.645229,1646.950195,16956.382812,2283.846680
2020-04-02,15392.348633,24.646946,53.092979,593.450195,1660.460571,5202.480957,42.427921,1748.391357,17440.857422,2379.051514
2020-04-03,15990.636719,24.577324,54.382687,595.473267,1635.295044,5339.024414,44.060860,1744.681152,17176.013672,2448.457520
2020-04-06,16251.709961,25.273561,55.880180,599.526367,1609.100464,5330.189941,44.923676,1808.025513,17302.433594,2511.510498
2020-04-07,16099.418945,25.050766,54.454334,584.076355,1511.806152,5016.071777,44.567139,1787.212402,17403.941406,2492.160156
2020-04-08,15773.079102,24.403259,52.311989,609.635132,1553.156250,4963.064453,44.923676,1809.925781,17720.460938,2531.226807
2020-04-09,15884.578125,24.577324,53.092979,633.912659,1516.577026,5095.092285,46.706364,1900.327148,17809.050781,2566.667480
2020-04-13,16099.418945,24.702644,53.415413,640.723877,1562.230713,5201.597656,47.041500,1899.422119,17715.845703,2578.240234
2020-04-14,16123.894531,24.270977,53.644695,667.631470,1598.341919,5300.740234,47.098560,2004.392700,18086.810547,2623.757812
2020-04-15,15773.079102,23.386749,52.233181,656.841431,1567.001709,5182.946777,48.346436,1999.868042,17533.134766,2604.760498
2020-04-16,15408.665039,22.286686,51.953743,653.469604,1548.291382,5006.254883,46.456787,1951.002441,16982.222656,2558.373779
2020-04-17,15501.126953,22.836718,50.943462,657.583191,1529.861450,5026.869629,46.706364,1990.818726,17500.837891,2574.767822
2020-04-20,15391.806641,22.237949,50.012012,631.282654,1487.482178,4878.646484,45.886326,1945.301636,17210.152344,2520.295410
2020-04-21,14649.925781,21.653109,48.937260,623.797119,1467.836304,4762.814941,44.816711,1868.654907,16601.111328,2450.747314
2020-04-22,14685.824219,21.792353,49.890202,625.152588,1473.449341,4829.563477,44.417393,1855.081177,17339.347656,2474.477051
2020-04-23,15360.802734,21.785395,50.076492,654.143860,1551.097900,5054.354004,44.923676,1884.943359,17206.462891,2495.697510
2020-04-24,14957.230469,21.576521,48.507351,643.353882,1595.067627,4931.652832,43.568832,1877.704102,16794.892578,2468.430908
2020-04-27,15773.079102,22.815832,50.155315,670.126587,1665.231934,5026.672852,45.358654,1959.237427,17403.941406,2548.269531
2020-04-28,16316.975586,23.966894,51.445023,684.490906,1665.231934,5006.353516,46.499573,2008.917236,18179.089844,2611.115723
2020-04-29,17064.837891,25.333363,54.647797,703.373291,1696.946045,5251.758789,48.467659,2114.792725,18086.810547,2687.094482
2020-04-30,16859.789062,25.648153,52.734730,681.118958,1683.848755,5122.086426,48.481915,2063.212158,18317.505859,2647.511475
2020-05-04,15936.249023,24.696636,51.659973,667.631470,1627.810913,4908.093750,45.137592,2049.638672,17090.408203,2591.694336
2020-05-05,15906.333984,25.440680,52.878029,709.375366,1655.876587,5025.888184,44.353214,2158.228516,17175.308594,2625.732422
2020-05-06,15721.408203,25.920017,53.737835,688.578857,1684.784302,5212.395508,44.923676,2230.621582,17108.863281,2667.185059
2020-05-07,16209.830078,25.741161,54.096092,692.870300,1740.073608,5349.822754,44.994984,2295.775879,17459.531250,2671.216064
2020-05-08,15609.910156,24.059900,50.871819,658.740295,1608.747314,5006.254883,42.435047,2192.748779,17090.408203,2623.772949
2020-05-11,15386.910156,23.566254,50.513565,675.363647,1613.156128,5006.296875,43.354908,2188.190186,17616.414062,2553.792480
2020-05-12,15229.177734,23.001066,49.940361,661.453003,1580.605835,4957.215820,42.862892,2169.042969,17071.955078,2524.471191
2020-05-13,14609.677734,22.035233,48.005802,639.891357,1591.111938,4780.523438,43.497524,2037.751709,16607.785156,2389.219482
2020-05-14,14848.449219,22.815054,48.650654,675.363647,1613.437622,4811.934570,43.775623,2005.840942,16887.394531,2442.579590
2020-05-15,14528.637695,22.464493,47.647549,702.489502,1572.163452,4682.359863,44.053722,1937.095215,16840.330078,2440.518799
2020-05-18,15337.958008,23.401703,48.973080,744.221497,1660.339966,4886.539062,44.567139,2006.023071,17649.634766,2519.476562
2020-05-19,15218.299805,22.807898,48.385544,710.140381,1657.525757,4957.215820,44.560005,1929.254150,17810.201172,2511.016846
2020-05-20,15074.168945,22.950987,48.722305,692.125977,1669.626709,4967.032227,44.802452,1992.164673,17487.216797,2499.931152
2020-05-22,14692.352539,22.900902,47.934147,689.274292,1611.561279,4839.420898,44.212738,1965.997681,17201.148438,2482.328613
2020-05-25,14956.141602,23.580561,48.012966,688.585693,1637.826660,4811.934570,45.912350,1969.371094,17579.498047,2462.002197
2020-05-26,14761.969727,23.809500,48.908596,676.066101,1627.508179,4828.622559,46.595234,1869.078857,18193.167969,2530.387695
2020-05-27,15440.754883,24.539240,50.871819,685.796631,1622.817749,4888.502930,46.284138,1840.541260,19008.927734,2505.417969
2020-05-28,14902.293945,23.144150,48.356884,657.279785,1575.071533,4809.972168,45.070126,1714.993774,18733.011719,2449.935791
2020-05-29,14739.668945,23.323008,48.729469,650.324463,1529.013428,4957.215820,45.517796,1700.406006,18132.263672,2438.241211
2020-06-01,14902.293945,23.108379,49.438808,671.294800,1538.393921,5045.562988,45.146011,1730.949463,18297.445312,2479.587646
2020-06-02,14957.230469,23.602028,50.155315,695.534119,1559.969116,5241.887695,45.525387,1809.815430,18862.203125,2511.336182
2020-06-03,15446.739258,23.952585,51.445023,701.794006,1589.986328,5271.336914,46.511765,1869.078857,19240.554688,2563.594238
2020-06-04,15609.910156,24.560701,53.580200,695.464661,1585.296143,5300.784668,47.042900,1922.051636,19277.466797,2562.706543
2020-06-05,16244.638672,26.041643,55.178013,727.528748,1620.848267,5502.018555,49.311573,2124.367920,20089.537109,2701.634277
2020-06-08,16425.755859,26.435127,56.087967,751.176819,1663.153931,5634.538574,49.319164,2173.602295,21189.080078,2774.400879
2020-06-09,16316.434570,26.041643,55.392963,755.976013,1655.649658,5546.192383,48.636284,2220.283691,20987.544922,2767.202881
2020-06-10,15860.100586,25.404909,55.170837,724.816101,1642.516846,5497.111328,47.437454,2124.459229,20528.751953,2721.354248
2020-06-11,15501.126953,24.682323,54.454334,726.833191,1604.057129,5252.686035,45.980640,2024.987427,19178.369141,2618.452637
2020-06-12,15661.579102,24.825411,54.375526,738.657288,1585.296143,5595.273926,45.760605,2132.573486,19326.968750,2648.441162
2020-06-15,15201.984375,24.088516,52.304829,738.657288,1576.854004,5406.801270,44.766628,2170.866943,18621.128906,2615.296143
2020-06-16,15180.229492,24.553547,53.594543,753.402527,1619.065796,5477.478516,44.774220,2142.328857,19737.466797,2637.886719
2020-06-17,15284.115234,25.183125,54.103249,782.475830,1660.339966,5526.559082,46.967018,2220.101318,19717.037109,2673.299561
2020-06-18,15229.177734,24.939878,53.737835,813.775024,1660.246216,5595.469727,46.511765,2219.189453,19735.611328,2666.493408
2020-06-19,15207.421875,25.319056,54.311043,822.121399,1665.029907,5596.254883,46.777336,2288.482422,20245.488281,2710.685547
2020-06-22,15155.751953,24.896954,54.117580,799.168823,1613.531372,5595.273926,46.838032,2251.100586,19837.769531,2688.392090
2020-06-23,15392.891602,24.954187,55.041874,808.906311,1584.358276,5688.527344,46.845619,2288.482422,19738.396484,2683.164307
2020-06-24,15354.819336,24.539240,54.096092,845.073975,1620.003784,5687.546875,47.710606,2352.304199,19549.863281,2681.881836
2020-06-25,15316.203125,24.417616,53.171799,834.640991,1617.189697,5656.625000,47.399509,2366.071533,19605.585938,2701.314941
2020-06-26,15404.858398,24.152905,52.304829,827.685669,1585.296143,5595.273926,47.748535,2362.424561,19847.056641,2683.361572
2020-06-30,15175.333984,24.038439,51.946571,799.864258,1530.889282,5408.764648,46.587646,2370.539062,19847.056641,2661.363281
2020-07-01,15228.636719,24.510622,53.659019,827.685669,1577.791870,5597.040039,47.202236,2407.009033,19864.705078,2705.852783
2020-07-02,15367.874023,25.283283,55.242496,883.328308,1629.947021,5978.108398,49.910999,2543.770996,20645.769531,2773.622559
2020-07-03,15848.137695,25.433525,55.056202,897.934570,1632.198486,5937.862305,49.690956,2589.358154,20617.904297,2822.945068
2020-07-06,16188.618164,25.827011,56.582359,893.761292,1660.527466,6208.790527,50.722862,2584.799316,21109.210938,2871.577637
2020-07-07,16045.027344,25.483604,56.611023,898.630188,1630.322266,6195.047852,51.208466,2625.828125,20655.054688,2838.334473
2020-07-08,15664.296875,25.018576,55.084862,882.076355,1622.817749,6146.948242,50.760803,2548.329834,20544.535156,2799.467529
2020-07-09,14956.684570,24.145752,53.236286,849.247253,1547.774414,5860.312500,48.105156,2451.684814,19967.796875,2673.299561
2020-07-10,14957.230469,24.253067,52.978340,834.640991,1538.393921,5938.843750,47.877529,2411.567871,20339.289062,2693.522461
2020-07-13,15446.194336,24.181524,53.028500,879.850647,1610.623413,6191.120605,48.947376,2466.272461,21323.744141,2753.103516
2020-07-14,15963.442383,24.682323,54.131912,925.755920,1589.892700,6380.575195,49.501266,2534.653320,22084.380859,2791.378418
2020-07-15,15147.594727,23.695032,52.849377,895.152405,1554.340820,6094.332520,48.029274,2402.450439,21425.906250,2695.889648
2020-07-17,15609.364258,22.965292,51.445023,876.372925,1552.464722,5863.256836,47.505741,2315.834473,21806.687500,2651.597900
2020-07-20,15228.090820,22.729200,51.230068,854.115845,1546.836426,5835.772949,46.663521,2201.866211,21588.435547,2619.537842
2020-07-21,15201.984375,23.015371,50.972126,817.322144,1518.694946,5985.961426,45.525387,2216.089600,21174.220703,2603.261230
2020-07-22,15218.299805,23.230003,51.079605,845.073975,1538.393921,5978.108398,46.284138,2279.364502,21778.824219,2633.842041
2020-07-23,15229.177734,23.466095,51.803276,835.336548,1578.729736,6154.801270,47.027718,2290.487793,21797.400391,2693.522461
2020-07-24,15223.741211,23.394550,52.698910,865.940063,1594.676636,6086.086426,46.382778,2379.748047,21704.527344,2691.055664
2020-07-27,15315.659180,23.773727,53.307926,897.239075,1606.871460,6151.856445,47.376751,2461.713867,22131.748047,2728.343506
2020-07-28,15222.652344,23.852428,52.347813,904.194397,1594.676636,6086.086426,48.332783,2482.957520,21964.568359,2725.977051
2020-07-29,14782.637695,23.323008,50.878983,897.239075,1552.839844,6011.482910,47.801655,2431.626221,21834.550781,2667.380859
2020-07-30,14522.111328,23.344471,50.520729,897.239075,1524.323242,6032.097656,47.801655,2402.085449,21453.773438,2634.728271
2020-07-31,14685.280273,23.573408,52.075542,917.409546,1573.101562,6066.454590,49.319164,2461.713867,21407.328125,2658.502686
2020-08-03,14577.042969,22.893751,50.377430,883.328308,1519.632935,5870.129395,47.657494,2456.243408,21315.388672,2662.645996
2020-08-04,14494.915039,22.607580,50.019173,876.372925,1505.562378,5796.507324,47.042900,2407.920654,21797.400391,2650.512451
2020-08-05,14277.355469,22.607580,49.797058,886.736450,1501.810059,5821.048340,47.194645,2402.450439,22382.505859,2635.814697
2020-08-06,14528.637695,22.950987,50.513565,886.806030,1529.013428,5986.943359,47.574032,2443.479004,22577.539062,2643.705811
2020-08-07,14616.204102,22.893751,50.599545,885.414856,1577.791870,5901.540527,48.029274,2457.154785,22799.507812,2688.786865
2020-08-10,14661.891602,22.807898,50.162479,865.940063,1571.225464,5927.063477,47.042900,2434.361328,23476.554688,2677.047852
2020-08-11,14441.069336,22.664812,49.789894,900.021118,1592.800415,5972.217773,46.360012,2462.625488,23776.535156,2690.266602
2020-08-12,14372.537109,22.722046,49.911705,909.341431,1597.490845,6066.356445,47.255348,2566.473145,24138.742188,2698.454590
2020-08-13,14669.813477,22.843672,49.940361,932.015808,1556.122925,5968.291504,46.360012,2516.418701,23580.572266,2677.639648
2020-08-14,14598.962891,23.001066,50.148144,940.014343,1538.393921,6026.207520,46.276554,2567.567627,23866.623047,2688.590088
2020-08-17,14964.065430,23.358780,50.807335,932.015808,1589.986328,6076.271484,45.973049,2576.593750,24054.230469,2693.423828
2020-08-18,14956.636719,23.537640,50.778675,908.993591,1607.809326,6115.536621,45.525387,2543.770996,23956.708984,2697.468018
2020-08-19,14718.948242,22.893751,49.940361,898.699585,1597.490845,6105.719727,45.897171,2492.713623,23400.394531,2671.129395
2020-08-20,14560.109375,22.836517,49.789894,893.761292,1613.437622,5999.802246,45.586090,2457.154785,23552.708984,2649.230469
2020-08-21,14496.117188,22.779282,49.861546,894.457031,1641.578857,5987.925293,46.284138,2416.035156,23589.859375,2659.391113
2020-08-24,14486.975586,22.550344,49.080559,897.169617,1646.269043,5874.645020,45.601261,2425.244141,23710.593750,2656.430908
2020-08-25,14267.000000,22.357180,48.371220,872.895447,1618.127563,5751.352539,45.654369,2343.186523,23496.054688,2625.357178
2020-08-26,14089.875977,21.999460,47.934147,863.853394,1566.441528,5642.293945,44.910786,2274.714355,23680.878906,2579.092773
2020-08-27,14169.866211,21.820604,48.364052,876.372925,1575.915771,5946.695801,45.146011,2381.024170,23170.074219,2582.644531
2020-08-28,14475.547852,21.827759,47.984303,852.377136,1561.844971,5958.573730,46.056519,2329.510254,23214.648438,2603.833740
2020-08-31,13998.458008,21.391346,46.565620,799.864258,1514.942871,5596.254883,45.373631,2233.777344,22571.037109,2526.126465
2020-09-01,13997.316406,21.341269,45.856285,799.864258,1503.686401,5595.273926,44.493473,2207.336426,23757.029297,2509.440430
2020-09-02,14372.701172,21.248264,46.422321,855.506897,1524.323242,5693.436035,43.711952,2270.247070,24195.390625,2534.717285
2020-09-03,14728.091797,22.178322,47.575901,858.289062,1547.774414,5693.436035,43.924412,2314.922607,23352.105469,2551.207031
2020-09-04,14461.263672,21.906456,47.289291,842.987366,1514.942871,5615.003906,43.931995,2297.599609,23083.695312,2555.108154
2020-09-07,14461.263672,22.142550,47.969971,848.551697,1535.485962,5653.190430,44.690754,2342.275146,23311.240234,2561.329102
2020-09-08,14398.414062,21.777681,47.145996,854.811462,1537.456177,5605.089355,43.711952,2315.743164,22939.744141,2554.121338
2020-09-09,14064.164062,21.348423,45.870613,831.163330,1492.523438,5645.336426,43.029076,2224.659912,23120.847656,2542.271973
2020-09-10,13729.916016,20.747463,45.211430,817.252625,1453.969971,5477.478516,41.997166,2175.425537,22308.201172,2451.430664
2020-09-11,14187.007812,20.389744,44.638226,800.559814,1481.173218,5480.816406,42.027515,2197.307373,22930.451172,2453.306885
2020-09-14,13855.615234,20.282433,44.745705,827.685669,1458.753906,5359.683105,41.086662,2134.670654,23496.984375,2487.964600
2020-09-15,13882.469727,20.282433,44.365955,810.297363,1491.397705,5398.947266,40.980434,2174.604980,24147.097656,2486.385010
2020-09-16,13827.048828,20.311049,44.573742,824.207947,1486.801514,5487.294434,41.162537,2208.248291,24239.041016,2477.596680
2020-09-17,14047.024414,20.332514,44.781532,803.898315,1491.491455,5448.028809,41.352226,2174.513916,24239.970703,2470.290527
2020-09-21,13769.911133,19.810247,43.721104,786.649109,1491.491455,5443.121582,40.593468,2060.545410,23793.253906,2440.371338
2020-09-22,13826.475586,19.831713,44.065025,802.159546,1519.632935,5457.845703,40.153389,2128.926758,23627.939453,2439.681152
2020-09-23,13484.228516,19.216442,42.488716,785.953613,1444.589355,5372.738281,40.214096,2069.663330,21453.773438,2360.687744
2020-09-24,13827.048828,19.803095,43.420170,813.775024,1472.730835,5452.937500,40.214096,2113.426758,21459.339844,2377.671387
2020-09-25,13884.183594,19.481152,43.205223,820.660767,1524.323242,5502.706055,40.547943,2096.924561,21869.841797,2392.581299
2020-09-28,13883.614258,19.481152,43.033260,808.767029,1519.632935,5541.283203,41.200470,2109.779785,22706.632812,2424.474365
2020-09-29,13855.615234,19.159208,42.101799,799.864258,1500.871948,5428.396484,40.510002,2105.220947,22745.642578,2369.771973
2020-09-30,14169.866211,19.531231,42.954441,799.864258,1547.774414,5779.819824,41.807480,2097.015381,23682.734375,2406.369141
2020-10-01,14283.570312,19.509769,43.642288,802.159546,1535.392334,5889.860840,41.837826,2097.106689,23032.617188,2414.960693
2020-10-02,14593.250000,20.246660,44.788692,801.950928,1545.898315,5830.864746,42.148914,2069.663330,23865.693359,2451.397949
2020-10-05,14284.139648,20.740307,44.652557,782.406433,1514.755249,5791.500977,40.745220,2021.158447,26027.728516,2450.904053
2020-10-06,14261.284180,19.924717,43.133564,784.910278,1496.182007,5683.619629,41.253590,1958.885986,25698.857422,2430.266113
2020-10-07,14284.139648,19.459688,42.488716,769.956238,1499.464966,5693.436035,40.972847,1919.224854,25821.009766,2400.740723
2020-10-08,14740.660156,19.323757,43.527649,760.844788,1523.385254,5889.664062,41.708839,1960.253418,26643.181641,2427.575684
2020-10-09,14849.792969,19.660007,43.749763,774.825012,1547.774414,5997.740234,41.428097,1993.988037,26530.427734,2472.166504
2020-10-13,14741.232422,19.388145,43.527649,781.780334,1533.703613,6007.556641,40.889385,2005.840942,25922.490234,2442.604248
2020-10-14,14398.414062,19.388145,42.990265,791.517883,1559.969116,6037.005859,42.110977,1979.400146,25887.722656,2435.287842
2020-10-15,14172.722656,20.389744,43.276875,778.998230,1547.774414,5986.255859,41.966812,1937.368652,25805.035156,2469.101807
2020-10-16,13941.891602,19.860329,43.276875,776.911621,1563.814941,5803.377930,41.731602,1923.783813,25518.449219,2433.508301
2020-10-19,13941.322266,19.674318,43.348518,772.738342,1565.784912,5919.210449,41.352226,1892.784302,25821.009766,2450.810547
2020-10-20,14112.731445,19.960485,43.742596,775.520569,1613.437622,6087.067871,41.519146,1952.959473,25839.800781,2455.061768
2020-10-21,14798.368164,20.997864,45.841953,781.780334,1669.720459,6303.714355,42.323429,1969.371094,27153.404297,2510.330811
2020-10-22,15426.874023,21.326960,47.196152,781.015320,1654.992920,6405.115723,41.276348,2065.104492,27249.244141,2541.377197
2020-10-23,15397.732422,21.935074,47.640377,767.869690,1632.010742,6473.830078,41.595028,2105.220947,26967.357422,2550.867920
2020-10-26,14626.958984,21.183874,45.211430,792.908936,1549.744263,6108.664551,40.783154,2120.629639,26309.615234,2489.271240
2020-10-27,14506.973633,21.284035,45.526695,772.042908,1556.779541,6135.168457,39.963699,2061.639893,27237.966797,2462.971680
2020-10-28,14298.426758,20.761772,44.860344,775.520569,1547.962036,6110.627441,38.909023,2005.840942,26074.705078,2412.745605
2020-10-29,14169.866211,19.931870,44.065025,767.174133,1500.871948,6007.556641,38.810398,1987.606079,26723.992188,2397.835693
2020-10-30,13827.620117,19.366682,42.775318,747.699158,1508.470093,5791.599609,39.371868,1932.901245,26544.523438,2364.708984
2020-11-02,14290.425781,19.817404,44.251320,747.699158,1500.871948,5889.762207,39.151825,1914.666504,26967.357422,2400.605225
2020-11-03,14284.139648,19.710087,43.348518,724.259766,1500.871948,5825.170898,37.937824,1851.755981,26840.507812,2352.074951
2020-11-04,14163.582031,19.044739,42.395573,725.442078,1543.084106,5919.210449,38.848328,1840.814819,26355.658203,2335.260254
2020-11-05,14861.219727,20.711689,45.849125,771.347351,1594.582642,6056.637695,40.411366,2023.164062,28902.994141,2455.040527
2020-11-06,15341.737305,21.827759,47.647549,796.386658,1602.087280,6140.075684,40.502415,2133.302734,29376.566406,2526.453613
2020-11-09,15655.419922,22.428722,50.155315,824.207947,1598.147217,6379.495117,41.632957,2205.513428,30115.117188,2608.251953
2020-11-10,15598.282227,23.280083,51.022282,841.596313,1598.428589,6243.146973,41.959232,2237.879883,30256.060547,2647.716553
2020-11-11,15623.993164,23.451786,51.301720,869.417664,1575.821777,6359.960938,41.724010,2324.040283,29711.074219,2650.288574
2020-11-12,15198.324219,23.923967,50.226967,883.328308,1543.084106,6037.005859,41.048721,2370.539062,30068.130859,2629.121582
2020-11-13,15415.444336,24.639397,51.187080,902.803345,1547.774414,6173.451660,41.868176,2438.920166,31216.357422,2665.619385
2020-11-16,15141.188477,24.682323,51.380531,935.493469,1552.464722,6312.745117,42.490356,2461.713867,32389.013672,2729.910645
2020-11-17,15361.735352,24.725252,51.387699,932.015808,1560.906982,6262.779785,41.557087,2489.066406,32182.300781,2705.381348
2020-11-18,15450.297852,24.825411,51.588322,945.926453,1613.343872,6379.593750,42.300667,2516.418701,32604.191406,2735.350586
2020-11-19,15401.730469,24.317457,50.148144,911.149658,1561.000732,6331.493164,40.722458,2487.242676,31852.490234,2710.128662
2020-11-20,15464.582031,24.617935,49.546284,925.060364,1561.844971,6478.738281,40.843861,2481.863281,32370.226562,2705.479736
2020-11-23,15712.554688,25.123726,49.152206,949.473572,1571.131836,6488.554199,41.959232,2552.888428,34297.398438,2747.121094
2020-11-24,15884.533203,25.336636,49.983349,945.926453,1574.039551,6478.738281,43.795422,2580.240723,34864.941406,2800.097168
2020-11-25,15706.840820,25.109041,48.364052,932.015808,1611.842651,6193.084473,42.581413,2493.624756,34427.074219,2775.165039
2020-11-26,15706.840820,24.727266,48.113277,931.320190,1599.273071,6051.730469,43.211178,2479.948486,34292.707031,2784.762207
2020-11-27,15426.874023,24.587772,48.636322,952.186279,1627.508179,6189.157227,42.110977,2498.183594,34296.460938,2770.939453
2020-11-30,15198.324219,24.301439,48.113277,915.809814,1547.868408,5938.843750,40.267200,2380.568604,33733.621094,2724.547363
2020-12-01,15412.015625,25.204483,50.162479,914.627441,1646.269043,6115.536621,40.593468,2479.948486,33355.894531,2753.306885
2020-12-02,15872.534180,25.879934,52.018223,925.060364,1682.384155,6380.575195,43.416042,2472.654541,32568.478516,2769.967529
2020-12-03,15998.238281,26.210316,52.555603,956.359375,1688.481079,6483.645508,44.387249,2475.389648,32204.847656,2779.983887
2020-12-04,15723.982422,25.968035,52.878029,938.971130,1677.318237,6459.105469,44.690754,2402.906250,33027.964844,2784.942627
2020-12-07,15455.439453,25.520180,51.459351,918.105103,1668.782104,6421.606934,42.687634,2365.980469,32840.035156,2740.414062
2020-12-09,15798.258789,26.056137,52.534103,925.060364,1656.587646,6365.851074,41.989578,2393.150391,32501.775391,2787.619873
2020-12-10,15769.692383,25.990061,52.311989,900.716736,1613.437622,6392.846191,41.503971,2284.834717,32210.484375,2757.301025
2020-12-11,15276.030273,25.410053,52.068378,886.806030,1660.339966,6468.921387,40.896965,2279.364502,32022.560547,2704.961670
2020-12-14,15198.324219,25.696386,51.774616,874.982056,1613.437622,6392.354980,40.821091,2238.335938,31477.578125,2722.142822
2020-12-15,15150.330078,25.314611,51.452187,868.722168,1632.198486,6498.369629,40.517590,2241.800537,31906.046875,2718.808594
2020-12-16,15683.985352,25.534864,51.595490,886.806030,1674.410400,6694.695801,41.124596,2331.334717,32229.279297,2732.177979
2020-12-17,15986.807617,26.386517,53.666183,893.761292,1717.654175,6998.999512,41.724010,2415.123535,32182.300781,2785.697510
2020-12-18,16038.233398,26.614115,52.448128,890.283691,1760.335449,6773.226074,43.249115,2415.214844,32370.226562,2813.807129
2020-12-21,15592.568359,26.026770,53.723511,875.677551,1739.135742,6730.230957,42.300667,2343.186523,31994.376953,2761.757080
2020-12-22,15826.828125,25.975376,53.659019,887.501526,1726.002930,6773.226074,41.503971,2343.186523,33545.699219,2809.869385
2020-12-23,15490.291992,25.373344,53.358093,883.258789,1697.861450,6802.674316,41.329464,2307.628662,33056.156250,2777.771973
2020-12-24,15826.255859,25.336636,52.620090,866.635559,1711.932373,6940.102539,41.731602,2324.951904,31663.625000,2758.158203
2020-12-28,15826.828125,25.343979,52.863697,868.722168,1730.786987,7062.707031,41.807480,2355.951660,32877.628906,2798.480957
2020-12-29,15626.850586,25.402712,52.670250,888.892639,1754.238159,7244.406250,41.807480,2406.097412,32482.982422,2789.321533
2020-12-30,15935.388672,25.035620,51.982403,879.850647,1754.144287,7077.530762,41.883350,2397.891602,32511.164062,2804.542236
2021-01-04,16483.894531,26.063478,52.433796,894.457031,1796.356079,7342.569824,42.938026,2430.714355,34167.738281,2840.994385
2021-01-05,17420.937500,26.592089,53.200459,921.582764,1865.771851,7704.789551,44.007870,2493.624756,35986.859375,2907.525146
2021-01-06,17050.693359,26.518671,53.737835,932.015808,1847.948853,7655.708008,44.690754,2537.753418,39064.136719,2951.945068
2021-01-07,17792.324219,28.258684,55.385799,956.289795,1876.090210,7915.839844,47.642311,2603.034424,39408.050781,3010.408447
2021-01-08,17712.335938,29.205782,56.424728,980.703125,1921.960571,7853.015137,49.008080,2644.062988,38148.941406,3017.081543
2021-01-11,17936.880859,28.897421,56.596684,1008.524597,1913.518188,7765.650879,47.877529,2579.328857,38804.808594,3021.762207
2021-01-12,18083.722656,29.132360,56.611023,1001.499512,1988.655396,7852.033691,48.173447,2520.065674,40638.027344,3052.637451
2021-01-13,18712.222656,29.602234,57.606960,996.700378,1988.655396,7941.361328,47.574032,2543.770996,41155.753906,3097.356201
2021-01-14,18963.625000,29.631603,57.950882,1020.348633,1988.655396,7970.811035,46.716629,2543.770996,39698.390625,3085.604004
2021-01-15,18569.382812,28.948816,56.245602,1001.569214,1960.514038,7969.829102,45.942699,2479.857666,38947.632812,3057.019531
2021-01-18,18169.425781,29.359959,56.962105,1032.172607,2003.664185,8289.839844,47.042900,2507.301025,39746.312500,3057.318359
2021-01-19,18377.972656,29.837175,57.893566,1015.479980,2050.566162,8538.190430,46.663521,2525.536133,39653.292969,3132.314941
2021-01-20,18546.525391,29.132360,56.596684,1004.351318,2063.699219,8441.992188,46.322079,2539.212158,39097.964844,3105.622803
2021-01-21,18197.996094,28.706533,55.966164,985.571960,2044.938110,8172.731445,45.601261,2516.418701,38441.175781,3080.424805
2021-01-22,17483.787109,27.898932,54.454334,962.410522,1979.275146,7960.994141,43.863708,2428.343750,38421.445312,3002.839111
2021-01-25,18219.707031,27.678679,54.669289,952.881714,1970.832764,8239.777344,42.975964,2480.860596,37547.578125,2997.958984
2021-01-26,18460.822266,27.884251,54.447170,946.621948,2014.920776,8162.227539,42.642113,2497.271484,37961.027344,2998.855225
2021-01-27,18443.681641,27.803492,53.952785,922.278320,1953.009766,7907.987305,42.110977,2411.567871,37067.429688,2915.592529
2021-01-28,18677.945312,28.376152,54.311043,914.627441,1913.611938,7709.698242,41.731602,2379.748047,37303.277344,2936.109619
2021-01-29,17598.060547,27.311588,53.666183,886.945068,1843.258423,7578.160156,40.365837,2293.496582,34907.218750,2886.809082
2021-02-01,17712.906250,28.067797,54.232224,897.934570,1924.024414,7902.096191,41.352226,2379.656982,35828.054688,2906.628418
2021-02-02,17712.335938,28.449570,53.451229,930.624634,1916.519897,7843.198730,41.503971,2388.774170,36795.878906,2964.095947
2021-02-03,17769.468750,28.412859,53.873974,918.105103,1876.090210,7814.731934,41.928879,2379.656982,36175.718750,2941.189209
2021-02-04,17767.187500,28.082479,54.454334,921.582764,1876.090210,8113.146973,42.368958,2386.950439,35320.660156,2934.117188
2021-02-05,18055.152344,28.258684,54.103249,907.741516,1932.372803,8137.687500,42.778687,2452.596191,36175.718750,2963.697754
2021-02-08,17928.882812,28.398178,54.382687,917.409546,1915.487915,7922.710938,41.807480,2493.624756,38402.644531,2992.082764
2021-02-09,17768.326172,29.213120,55.457447,952.812195,1987.998901,8147.503906,43.241531,2548.329834,37396.304688,3003.536377
2021-02-10,17766.042969,29.000206,55.880180,938.971130,1969.894531,8184.804688,43.552624,2542.494629,37067.429688,3001.445068
2021-02-11,18307.126953,29.866543,57.320358,953.577271,2012.106689,8283.949219,42.809036,2520.885986,36650.230469,3042.876953
2021-02-12,18557.955078,29.881227,57.248703,966.792480,2053.380859,8489.109375,42.755928,2543.770996,38524.789062,3056.621338
2021-02-15,18975.052734,30.835665,57.642784,967.835815,2060.979492,8491.661133,43.188408,2530.003418,38524.789062,3067.875488
2021-02-16,19420.716797,31.496431,59.383892,973.747803,2016.796875,8401.547852,43.362930,2562.005859,38900.648438,3086.699707
2021-02-17,19340.724609,31.569845,58.108509,949.404053,1969.894531,8059.157227,42.300667,2489.066406,37126.628906,3048.554199
2021-02-18,18855.064453,31.239464,57.685783,950.099731,1979.275146,8059.157227,41.959232,2515.415527,35555.566406,3003.536377
2021-02-19,19140.173828,31.481745,58.531254,973.747803,2054.318604,8245.666016,42.277908,2587.625488,37430.132812,3086.102295
2021-02-22,18755.078125,30.343761,57.363346,952.881714,2047.752319,8103.625000,41.162537,2552.888428,38435.535156,3052.836670
2021-02-23,18055.152344,29.734388,55.894512,959.837219,1975.616943,8000.259277,40.449299,2597.472656,37209.320312,3000.349121
2021-02-24,18311.697266,30.475914,56.825970,974.443298,2002.726074,8147.503906,40.525177,2707.884766,38101.964844,3040.885010
2021-02-25,18283.699219,30.218950,56.611023,1001.708130,2002.726074,8049.340820,41.010788,2690.562012,36950.921875,3057.318359
2021-02-26,17940.878906,30.395157,56.825970,985.919617,1979.462646,8011.057617,40.593468,2734.325928,36457.605469,3056.322510
2021-03-01,18512.244141,31.055916,57.850563,973.747803,2040.342041,8147.503906,41.086662,2776.266113,37583.285156,3083.811035
2021-03-02,19196.744141,31.812132,59.082954,1012.002197,2091.840088,8245.666016,41.048721,2811.003906,38617.816406,3145.262451
2021-03-03,19712.115234,32.671116,61.261131,1029.390625,2110.601562,8441.992188,41.541916,2890.234131,38045.585938,3186.296143
2021-03-04,19427.572266,32.237957,60.480148,1001.569214,2101.221191,8164.388184,41.731602,2871.999268,35236.097656,3147.453369
2021-03-05,19347.582031,32.597702,61.261131,1015.479980,2092.778076,8378.382812,41.640560,2935.822021,35095.148438,3137.892334
2021-03-08,19534.990234,33.038212,61.053345,995.309326,2105.911377,8208.365234,40.874207,2894.792969,35083.871094,3138.489502
2021-03-09,20211.486328,33.574165,62.543678,1025.217529,2204.406006,8588.253906,41.374985,2985.967773,36363.648438,3231.513184
2021-03-10,20397.181641,33.735683,62.837444,1020.278992,2231.609375,8756.112305,41.663319,3036.113525,37275.085938,3235.397705
2021-03-11,19768.107422,33.662266,63.331829,991.136230,2204.406006,8775.744141,42.110977,2976.850098,38421.445312,3252.528076
2021-03-12,20512.025391,33.948601,63.467964,1018.261902,2162.100098,8672.281250,42.110977,2944.027100,38420.503906,3238.086426
2021-03-15,20477.744141,33.478718,64.127151,1015.618835,2180.954346,8623.591797,43.036659,2926.704102,38872.457031,3274.638428
2021-03-16,20848.560547,33.456696,64.306274,1014.784424,2212.848389,8716.845703,43.681610,2885.766846,37669.734375,3269.658691
2021-03-17,21083.392578,33.331886,64.162971,1029.390625,2204.406006,8833.562500,43.628490,2821.853516,38055.917969,3269.758301
2021-03-18,20976.546875,33.544796,64.291954,1022.435181,2184.707275,8638.317383,42.672459,2843.735107,37302.335938,3244.958740
2021-03-19,20626.296875,33.207069,63.303169,1012.210815,2175.795654,8637.238281,42.490356,2789.942139,37068.371094,3216.971924
2021-03-22,20455.460938,33.140991,63.501919,1036.345947,2138.742676,8569.602539,42.368958,2826.411865,37018.468750,3185.200684
2021-03-23,20456.599609,33.772392,62.458733,1050.326050,2124.672119,8491.072266,42.035107,2826.411865,36159.765625,3205.518311
2021-03-24,20903.982422,34.154167,62.884819,1055.820923,2124.672119,8633.410156,42.619343,2898.439941,36318.160156,3228.425781
2021-03-25,20854.845703,32.817955,61.342091,1032.868286,2101.221191,8389.964844,41.731602,2870.176270,36512.785156,3182.113037
2021-03-26,21569.052734,32.781246,61.665333,1078.078003,2162.194092,8785.561523,41.845417,2917.586670,36122.554688,3215.976074
2021-03-29,21991.291016,33.258465,62.436691,1091.292969,2213.411133,8834.641602,43.241531,2972.291260,36254.230469,3246.950684
2021-03-30,21881.304688,33.258465,62.444038,1091.988647,2204.406006,8883.723633,43.628490,2981.409180,37018.468750,3255.316650
2021-03-31,22172.861328,33.038212,62.392616,1071.192017,2169.698486,8734.515625,42.551060,2983.232178,36742.730469,3251.830566
2021-04-01,22492.351562,32.781246,62.297115,1041.145020,2106.849365,8687.398438,42.095806,2963.173828,37401.070312,3228.325928
2021-04-05,22282.267578,32.715168,62.289768,1046.778931,2091.840088,8676.600586,41.883350,2936.733398,37114.835938,3226.931885
2021-04-06,22520.283203,32.406818,61.489010,1047.822144,2080.583740,8628.500977,42.110977,2935.822021,37000.335938,3223.843994
2021-04-07,22695.451172,32.450867,61.408203,1078.078003,2068.389404,8677.580078,41.595028,3008.761475,36014.738281,3214.283203
2021-04-08,22812.419922,32.722507,61.489010,1094.144775,2100.189209,8663.839844,41.959232,3090.818359,36303.843750,3248.743164
2021-04-09,23254.705078,32.546307,62.444038,1112.785034,2147.185303,8687.398438,42.414482,3136.405762,36446.000000,3286.490723
2021-04-12,22987.007812,32.575676,62.737900,1130.243042,2152.062500,8711.939453,41.853004,3191.110596,35817.250000,3275.036865
2021-04-13,22871.197266,32.634407,62.150181,1112.854736,2142.307129,8687.398438,40.972847,3189.287109,35130.281250,3249.839111
2021-04-14,22987.007812,32.906055,62.370579,1147.631348,2193.149414,8829.732422,41.428097,3148.258057,36246.601562,3262.985596
2021-04-15,22870.617188,32.847324,62.804012,1160.150879,2184.707275,8834.641602,41.716427,3126.832275,36152.128906,3274.140381
2021-04-16,22637.255859,33.185047,63.545994,1169.262329,2199.153076,8867.035156,42.566235,3145.523438,36971.714844,3319.365967
2021-04-19,22341.625000,33.111626,62.958282,1179.625977,2207.219727,8834.641602,43.021484,3146.435059,37210.250000,3318.569092
2021-04-20,22928.810547,32.972134,63.523960,1181.712524,2157.503174,8873.906250,42.103394,3145.523438,36055.765625,3278.425537
2021-04-21,22347.445312,32.935429,63.178669,1134.416138,2129.362305,8883.723633,42.475185,3088.082764,35497.621094,3274.540771
2021-04-22,21532.714844,31.826809,61.342091,1118.697144,2110.601562,8774.469727,42.186855,3035.201660,35588.265625,3207.302734
2021-04-23,21415.742188,31.812132,60.658878,1132.329712,2104.973145,8588.253906,41.617786,3099.936035,36352.500000,3231.707764
2021-04-26,21532.132812,31.863655,60.460529,1133.720581,2089.682617,8608.867188,41.268761,3127.288086,37376.261719,3251.331055
2021-04-27,20950.181641,31.260721,58.932484,1103.812744,2054.224609,8293.766602,40.289963,3008.761475,36588.167969,3143.551025
2021-04-28,19903.255859,29.970915,57.521980,1064.167114,1962.202637,8029.707520,37.945404,2916.674805,35919.335938,3043.142334
2021-04-29,19786.283203,30.230402,57.154667,1045.037720,1904.231323,7684.174805,37.824005,2926.704102,35779.078125,3001.903076
2021-04-30,19207.244141,29.764851,55.905785,1045.392090,1852.639038,7513.372070,36.799686,2926.704102,35730.421875,3012.959961
2021-05-03,20048.160156,30.314358,57.301594,1080.462769,1933.311157,7907.005859,37.937824,2940.380127,35435.613281,3018.139648
2021-05-04,20542.820312,31.016500,58.263966,1091.019287,1941.753174,7951.178711,39.015251,2972.291260,35349.750000,3052.605469
2021-05-05,20542.820312,31.291254,59.189606,1105.189453,1949.257446,7951.178711,39.599491,3026.995850,36542.382812,3107.790283
2021-05-06,19728.089844,31.329411,59.358574,1076.920288,1922.992554,7853.015137,38.355129,3036.113525,35297.269531,3032.981934
2021-05-07,19709.464844,31.291254,57.970116,1049.288818,1882.796265,7737.773438,38.104748,3045.231201,36358.242188,3052.306641
2021-05-10,19786.283203,31.291254,56.566952,1056.373901,1854.111816,7509.492676,37.406681,3045.231201,36723.664062,3014.254883
2021-05-11,19902.673828,31.100452,56.566952,1077.628784,1815.425537,7367.646484,37.786068,3003.228271,35674.140625,2982.677979
2021-05-12,19204.333984,30.245668,55.318073,1054.248291,1830.522583,7421.145508,37.937824,3013.272461,34968.105469,2961.659912
2021-05-13,19923.626953,30.070131,54.363045,1055.735962,1802.215942,7391.696289,37.034901,2949.354736,34538.753906,2936.159180
2021-05-14,20601.593750,30.985970,55.832314,1081.596436,1891.665894,7853.063477,38.688988,3104.583252,35006.265625,2996.224854
2021-05-17,18273.212891,27.139439,50.689869,942.872070,1707.858765,7254.268066,34.751041,2823.162354,31914.955078,2733.050537
2021-05-18,18621.802734,27.482874,50.322552,924.592651,1729.560913,7254.268066,33.992287,2739.338623,31485.609375,2699.581055
2021-05-19,18436.162109,27.169966,49.147133,896.252686,1726.729980,7145.110352,33.233532,2620.633789,28985.837891,2633.538574
2021-05-20,18931.984375,27.475246,49.440987,903.833557,1722.012451,7018.676758,34.128868,2658.071289,29100.332031,2653.560303
2021-05-24,18901.722656,27.406559,51.351044,889.167786,1712.576660,7215.002930,33.841671,2693.682617,29477.205078,2691.313477
2021-05-25,18913.359375,28.123966,49.477718,921.050171,1695.498047,7077.574219,33.605480,2766.731934,29063.123047,2681.053223
2021-05-26,18738.775391,28.291874,50.689869,952.932739,1723.899536,6969.593750,33.230816,2812.387695,29100.332031,2687.527832
2021-05-27,18874.953125,29.680897,51.284920,974.896179,1688.043701,6974.502930,33.230816,2830.649414,29529.681641,2719.403809
2021-05-28,19902.673828,29.711424,53.261089,998.985229,1706.915161,7077.574219,34.965664,2893.654541,30054.441406,2785.745361
2021-05-31,20135.455078,30.489891,54.877289,1066.292847,1764.472900,7175.737305,36.171093,2988.070312,30960.845703,2837.244873
2021-06-01,20426.427734,30.192242,56.309834,1066.292847,1797.780884,7362.247559,36.545753,3031.534180,30824.408203,2878.782959
2021-06-02,20071.439453,30.108290,54.723015,1057.011353,1764.378540,7362.247559,35.837151,3068.059082,31676.429688,2837.244873
2021-06-03,19023.349609,28.994020,52.599922,999.056030,1670.116211,7088.861816,33.719505,2877.492676,31109.687500,2740.421875
2021-06-04,18767.873047,29.291668,53.040707,1009.612793,1623.031860,6949.862793,34.175606,2910.090332,31533.308594,2740.023438
2021-06-07,18331.990234,28.795586,51.916706,970.645142,1566.323853,6881.247070,32.823574,2784.994141,31018.318359,2704.063721
2021-06-08,18622.384766,28.429249,51.791821,988.357605,1529.807495,6949.960938,33.393711,2766.731934,32201.421875,2716.216064
2021-06-09,19337.019531,29.230612,53.650452,1006.070251,1569.909058,7188.006836,34.354801,2821.518555,32913.191406,2762.436279
2021-06-10,18828.978516,29.688532,53.378639,1007.345581,1604.066284,7008.859863,34.248920,2867.174072,32439.951172,2793.614502
2021-06-11,18954.679688,29.612213,54.436508,1025.908325,1622.843140,7074.727539,34.476974,2858.042725,33000.019531,2801.483643
2021-06-14,19151.960938,29.474834,54.230812,1048.580322,1641.809082,7313.165527,35.063393,2910.090332,32318.781250,2835.252441
2021-06-15,19094.343750,29.574049,54.407131,1047.871826,1670.116211,7459.429199,34.778328,2968.529785,32497.197266,2853.083008
2021-06-16,19313.740234,29.764851,54.958099,1047.800781,1674.833862,7411.329102,34.371094,3002.314941,32062.117188,2853.780029
2021-06-17,19320.724609,30.062502,54.429161,1038.661255,1688.043701,7265.065918,34.819054,3013.272461,31008.777344,2818.916016
2021-06-18,18797.550781,29.245876,54.363045,1044.329346,1656.056885,7224.818848,35.258873,2966.703613,30543.164062,2802.380371
2021-06-22,18855.164062,29.772484,55.105026,1052.193481,1684.269409,7362.247559,34.216335,3031.534180,32033.488281,2848.102295
2021-06-23,18622.384766,29.352718,55.127071,1059.207642,1698.422974,7293.532715,34.012718,2981.313477,32370.298828,2845.711670
2021-06-24,18849.347656,29.337460,55.391537,1069.835327,1722.012451,7362.247559,34.656155,3008.706543,32802.511719,2891.832031
2021-06-25,18215.019531,28.528467,54.363045,1035.827271,1670.116211,7176.718262,33.971992,2919.221436,33018.148438,2860.254639
2021-06-29,18044.507812,27.925537,53.628414,1041.495361,1660.680542,7163.958496,34.452538,2885.436523,33031.503906,2804.173584
2021-06-30,18041.017578,27.711843,53.253746,1035.189575,1651.244751,7097.207031,34.411816,2984.874512,33012.421875,2817.521240
2021-07-01,18435.582031,27.475246,53.106823,1041.495361,1680.495361,7033.400391,34.403667,2911.916504,33508.554688,2843.918701
2021-07-02,18330.248047,27.070749,52.526459,1013.155151,1627.561035,7018.676758,34.208195,2853.477539,33632.593750,2825.490479
2021-07-05,17970.017578,26.918110,51.791821,991.900208,1610.671143,6969.593750,33.377419,2847.998535,33298.652344,2793.614502
2021-07-06,17109.316406,26.177805,50.337242,963.560242,1547.452148,6726.148438,32.538509,2765.818359,32485.750000,2715.519287
2021-07-07,17633.072266,26.704412,50.770679,945.847717,1542.734253,6822.349121,32.253441,2876.305420,32525.816406,2727.472656
2021-07-08,17633.072266,26.406763,50.322552,961.930603,1522.919312,6645.655273,32.171986,2876.305420,32821.597656,2740.023438
2021-07-09,17953.142578,26.963902,51.424507,982.548157,1553.774170,6576.940918,32.212708,2876.305420,34300.468750,2756.359863
2021-07-12,17633.072266,26.406763,50.983727,979.147278,1604.066284,6499.391602,31.968369,2830.649414,35970.183594,2754.268066
2021-07-13,17308.343750,26.193069,50.322552,960.017822,1578.589844,6434.604004,32.009094,2794.125000,35956.824219,2740.820557
2021-07-14,17459.070312,25.948845,49.955231,962.851685,1558.775024,6218.645020,32.009094,2739.338623,35010.332031,2725.280518
2021-07-15,17340.931641,25.643562,49.587917,977.730347,1530.467651,6099.082031,31.699589,2798.690674,35636.238281,2713.526611
2021-07-19,18389.605469,26.177805,51.057186,1020.240234,1568.210693,6414.775391,33.230816,2876.305420,34300.468750,2756.359863
2021-07-20,18808.607422,27.666046,51.505314,1006.070251,1575.759155,6478.777832,35.022671,2867.174072,34703.117188,2798.993652
2021-07-21,18244.117188,27.452353,51.865288,998.985229,1571.041382,6380.614258,34.452538,2793.212402,35063.765625,2805.368896
2021-07-22,18215.019531,27.612623,51.409813,1002.456848,1553.868530,6390.430664,34.778328,2732.581543,36065.585938,2769.209717
2021-07-23,17487.582031,27.055487,50.256439,995.442688,1514.427246,6212.754883,33.597332,2657.158447,34393.984375,2740.720703
2021-07-26,16934.730469,27.200495,49.220600,991.900208,1497.472778,6037.042969,32.579235,2645.287842,34502.746094,2711.633789
2021-07-27,17254.804688,27.398926,49.514454,998.985229,1486.149902,6027.226562,33.230816,2657.158447,34252.761719,2681.750488
2021-07-28,17615.611328,27.719471,49.367519,991.900208,1498.416504,6205.294434,32.204575,2657.158447,34656.363281,2704.760742
2021-07-29,18038.687500,28.467407,52.004868,994.025757,1534.272705,6380.614258,32.497784,2638.895996,35291.796875,2769.708008
2021-07-30,18215.019531,28.581890,51.057186,975.179749,1547.482910,6429.695312,32.082397,2693.682617,34586.703125,2751.001709
2021-08-02,17963.617188,27.704208,49.396908,979.926514,1509.739502,6282.451172,31.438959,2693.682617,34801.386719,2751.301025
2021-08-03,17669.150391,27.475246,48.779816,953.641235,1473.977539,6223.553223,31.349371,2725.641602,35685.851562,2729.368652
2021-08-04,18073.605469,27.856850,48.853279,945.847717,1468.221680,6216.387207,31.064295,2748.469482,35777.445312,2731.262695
2021-08-05,18124.234375,28.116335,49.918499,966.394165,1451.237061,6267.727051,30.950270,2753.035156,36743.007812,2751.500244
2021-08-06,18389.605469,29.001648,50.653133,956.475220,1494.642212,6292.267090,31.487825,2775.862793,37677.093750,2790.579590
2021-08-09,17923.462891,28.849009,49.587917,944.005615,1462.560059,6120.480957,31.430809,2730.207275,38069.238281,2751.600098
2021-08-10,17958.960938,29.383247,50.572323,977.730347,1528.611084,6527.761230,30.950270,2774.949707,39882.054688,2837.634033
2021-08-11,18115.507812,29.658005,50.572323,1006.282776,1554.088257,6553.676758,30.518593,2848.820312,39019.531250,2855.080322
2021-08-12,17814.056641,29.764851,50.535595,1028.033936,1533.517700,6446.383301,30.380133,2901.324219,39216.078125,2842.917969
2021-08-13,17702.906250,29.688532,50.858841,1053.539673,1528.705444,6478.777832,30.257965,2894.567383,40073.828125,2871.130615
2021-08-16,17367.121094,29.665636,50.579674,1048.580322,1488.037109,6255.946289,30.135790,2806.908691,38522.433594,2819.789307
2021-08-17,18022.394531,30.024342,50.844139,1013.226135,1541.821533,6391.412109,29.972895,2830.649414,37067.414062,2809.022461
2021-08-18,18564.191406,30.413568,52.122406,1005.290894,1500.303711,6429.695312,30.681488,2831.562500,36723.925781,2840.724365
2021-08-19,18738.775391,30.299091,52.820312,1006.070251,1490.867798,6321.716309,31.162031,2830.649414,35970.183594,2797.458496
2021-08-20,18564.191406,30.314358,52.599922,1012.446716,1518.231689,6321.716309,32.057964,2821.518555,37161.867188,2826.568359
2021-08-23,18738.193359,30.818069,53.194977,1018.752380,1538.047363,6428.713867,31.764751,2821.518555,37976.683594,2854.083252
2021-08-24,18709.677734,31.138611,53.194977,1013.155151,1509.739502,6380.614258,31.031713,2775.862793,37735.296875,2849.597168
2021-08-25,18738.775391,31.367569,54.656898,1047.871826,1534.272705,6572.032227,31.357513,2816.952881,39009.031250,2884.888428
2021-08-26,18738.193359,30.909653,54.289581,1049.359619,1592.775269,6635.838379,30.950270,2798.690674,38264.828125,2896.751465
2021-08-27,18616.566406,30.833334,54.656898,1047.163208,1646.559570,6797.808105,31.748461,2801.429932,38393.628906,2911.406250
2021-08-30,19204.333984,31.153879,55.318073,1046.950562,1671.092896,7013.767578,32.742130,2803.256592,38880.226562,2924.964600
2021-08-31,19507.531250,31.207300,55.553165,1034.410400,1622.026245,7066.775879,32.171986,2798.690674,38623.578125,2921.475098
2021-09-01,19296.281250,31.184402,55.905785,1009.612793,1591.831543,6920.512207,32.220867,2784.994141,38499.531250,2918.085693
2021-09-02,19029.748047,30.360149,55.824974,1007.487244,1528.611084,6803.697754,32.375607,2730.207275,39899.230469,2885.087402
2021-09-03,19198.513672,29.993811,55.318073,1034.410400,1592.775269,7033.400391,32.310452,2734.681641,39872.511719,2872.625977
2021-09-06,18779.509766,30.405941,55.722122,1024.491455,1588.057251,7057.941406,31.724026,2753.035156,39453.000000,2873.124756
2021-09-07,18709.677734,30.757013,55.979248,996.151306,1552.106567,6971.949707,31.764751,2702.357422,39495.937500,2884.987793
2021-09-08,18610.164062,30.352520,55.597237,991.900208,1527.667603,6906.769531,30.950270,2648.027100,39428.191406,2841.123291
2021-09-09,18414.628906,30.146450,55.428272,1019.531677,1548.426880,6969.692383,30.339411,2614.789795,40693.359375,2868.738037
2021-09-10,18447.800781,30.489891,55.780895,1020.240234,1594.662231,7043.215820,30.828093,2637.982422,42268.613281,2897.150391
2021-09-13,17919.390625,30.528051,56.126179,1026.616821,1542.765015,6871.430664,30.860678,2593.240479,40992.957031,2858.071045
2021-09-14,17865.849609,30.833334,56.677151,998.985229,1528.611084,6919.530762,30.868824,2579.543701,41359.339844,2885.087402
2021-09-15,18331.412109,30.871490,56.941624,991.900208,1548.521240,6969.593750,30.779228,2582.282959,42548.175781,2880.900391
2021-09-16,18680.578125,31.214933,57.301594,1010.888184,1604.098267,7165.921875,31.129459,2624.286621,42200.875000,2858.968506
2021-09-20,17749.462891,30.451733,56.199635,980.918457,1507.380737,6724.186035,30.534885,2573.151855,39643.828125,2816.599121
2021-09-21,17894.945312,30.459366,55.920475,988.357605,1500.303711,6578.904785,30.543030,2561.281494,40884.183594,2792.174561
2021-09-22,18185.921875,30.734114,56.875500,1006.070251,1533.329102,6660.380371,30.681488,2565.846924,41504.363281,2845.310547
2021-09-23,17979.912109,30.734114,57.228123,1006.211792,1547.482910,6737.928711,30.876966,2556.716064,42153.167969,2855.877686
2021-09-24,17894.945312,30.314358,56.045361,1006.070251,1547.482910,6673.140625,30.241671,2579.791016,42153.167969,2825.471924
2021-09-27,17458.488281,30.528051,55.465004,1067.001221,1532.341919,6576.940918,30.819950,2556.716064,40742.980469,2813.309326
2021-09-28,17347.916016,30.314358,54.803825,1076.920288,1529.368408,6449.329102,30.624475,2584.406250,40816.441406,2793.670166
2021-09-29,17176.240234,30.489891,54.730370,1100.300903,1501.120117,6449.329102,31.153891,2612.095947,41411.804688,2821.284912
2021-09-30,17225.707031,31.008869,54.950764,1110.928223,1514.500977,6606.389648,31.276070,2621.326172,41752.437500,2815.901611
2021-10-01,17634.816406,30.451733,54.576096,1075.503296,1506.274048,6655.470703,31.349371,2619.295166,41311.628906,2789.483154
2021-10-04,17374.685547,29.764851,53.628414,1078.337402,1471.880737,6464.052734,30.950270,2577.944824,40612.261719,2762.765381
2021-10-05,17718.035156,29.841171,52.526459,1052.831421,1426.187866,6380.614258,30.437143,2482.875977,41912.726562,2748.210449
2021-10-06,17429.388672,29.421406,51.314304,1059.916260,1387.631714,6199.011719,30.054338,2367.500488,40074.128906,2544.439941
2021-10-07,17675.552734,30.047232,51.799168,1023.995361,1342.038208,6086.124023,29.109543,2353.655273,40081.761719,2683.011963
2021-10-08,17781.466797,30.291456,52.320759,1055.665283,1309.329712,6068.454590,28.718592,2337.041504,40455.781250,2675.634521
2021-10-12,16822.414062,28.398720,50.792713,1045.746216,1273.647705,6065.510254,29.248005,2265.970215,42267.660156,2671.447510
2021-10-13,16235.810547,27.253916,49.955231,1007.446716,1235.983521,5790.653809,28.262486,2252.125244,41504.363281,2566.969971
2021-10-14,15712.639648,26.788366,50.028694,1000.785828,1214.177979,5693.471191,29.321308,2211.513184,42782.886719,2548.826416
2021-10-15,15421.662109,26.864689,49.955231,999.120544,1293.470825,5750.406250,29.272442,2187.514893,42315.367188,2517.223877
2021-10-18,15305.273438,27.452353,50.983727,989.961975,1327.170532,5840.716309,30.135790,2182.900146,42463.257812,2582.023926
2021-10-19,14752.420898,26.979166,51.057186,966.232910,1361.861572,5816.174805,30.502304,2158.901855,42363.082031,2546.034912
2021-10-20,15014.297852,27.620255,51.277580,965.816650,1407.455078,5948.695801,31.601854,2158.901855,42249.527344,2562.185059
2021-10-21,15538.053711,28.497936,51.277580,984.133789,1452.057617,6037.042969,30.909550,2146.903076,41433.750000,2569.961182
2021-10-22,15769.668945,28.162128,52.526459,988.296814,1475.845581,6086.332031,30.176508,2178.284912,40623.710938,2576.142090
2021-10-25,16579.740234,28.238449,53.650452,1001.535156,1525.899414,6312.312500,30.795521,2224.435059,41008.222656,2636.655029
2021-10-26,16934.730469,28.871904,53.995731,1032.341309,1584.873657,6606.615234,28.099590,2242.802734,42935.546875,2680.419922
2021-10-27,16701.953125,28.093441,51.204113,992.459900,1546.218262,6205.113770,28.751173,2141.272705,41790.601562,2603.357910
2021-10-28,16352.782227,27.742367,51.468578,990.794556,1538.388184,6270.101074,28.238052,2132.227539,41362.199219,2576.939209
2021-10-29,16704.746094,27.169966,51.865288,990.794556,1487.739502,6282.665527,27.146650,2076.385742,42153.167969,2589.999268
2021-11-02,16708.404297,27.620255,53.194977,1005.864685,1486.748291,6282.665527,27.610903,2105.367920,46389.472656,2646.823730
2021-11-03,16708.404297,28.772690,54.752399,1005.864685,1496.164429,6567.348633,27.472437,2216.127930,47377.949219,2694.376709
2021-11-04,17806.037109,29.642736,55.391537,1041.500000,1458.004517,6435.141113,27.944838,2381.437988,51035.105469,2768.447998
2021-11-05,17562.117188,29.001648,53.554955,1032.507812,1388.325562,6253.523926,27.855246,2271.508301,49709.816406,2739.936035
2021-11-08,17085.259766,28.497936,53.077435,1024.182007,1407.355957,6013.985840,27.358410,2372.115479,50579.027344,2761.469482
2021-11-09,17957.876953,29.688532,55.494392,1029.177368,1535.315430,6332.061035,28.075153,2584.406250,49900.652344,2796.760254
2021-11-10,17854.822266,29.772484,56.199635,1044.913574,1531.350586,6478.336914,28.498686,2708.087891,49212.722656,2782.704102
2021-11-11,18171.914062,29.810646,56.934273,1034.089844,1506.571533,6498.952637,28.547552,2684.090088,50191.660156,2807.327637
2021-11-12,17684.078125,30.108290,57.353012,1050.741821,1452.057617,6284.939453,27.285105,2676.706055,50535.136719,2797.059570
2021-11-15,16708.404297,29.383247,57.154667,1035.755005,1387.631714,5940.356934,26.543932,2630.555908,49805.238281,2734.652344
2021-11-16,16464.486328,29.261139,57.169353,978.305603,1352.941040,5782.301758,26.063387,2504.935303,49614.410156,2680.320068
2021-11-17,16891.343750,28.467407,55.758858,1009.361694,1338.073486,5792.118652,25.981937,2482.968018,50759.355469,2648.418701
2021-11-18,17067.576172,28.078176,55.817631,982.468567,1367.907471,6066.016602,25.175598,2427.495361,49566.710938,2671.646729
2021-11-19,17677.982422,28.688738,55.832314,974.142578,1387.631714,6128.846680,27.171082,2556.716064,50282.300781,2706.539062
2021-11-22,19207.958984,31.062292,61.364124,1124.010742,1563.067993,6773.833496,30.119497,2937.639160,52340.339844,3013.490967
2021-11-23,19420.167969,30.337248,60.974766,1115.684692,1518.465576,6577.490234,29.891451,2796.696533,51141.003906,2912.303711
2021-11-24,18598.773438,29.787743,60.622143,1123.177979,1480.801147,6282.975586,30.135790,2685.013428,50854.765625,2877.311768
2021-11-25,18141.425781,30.222769,61.261276,1100.697876,1447.101562,6099.395508,30.038054,2675.783203,50568.535156,2860.663086
2021-11-26,17988.976562,29.764851,60.607449,1082.380615,1428.170410,6332.061035,30.844389,2612.095947,50440.679688,2846.905518
2021-11-29,17074.283203,28.658207,58.770863,1057.402588,1392.885010,6332.061035,30.697779,2492.105713,51446.320312,2784.697754
2021-11-30,17074.283203,28.238449,58.770863,1099.032715,1328.161865,5991.405762,29.321308,2362.885254,49709.816406,2707.635742
2021-12-01,16464.486328,27.398926,55.832314,1048.327271,1313.393555,6017.912109,27.684204,2409.035889,49051.472656,2717.604980
2021-12-02,16708.404297,27.437086,56.934273,1076.718994,1387.631714,6263.341309,27.692348,2477.337646,48278.636719,2723.985352
2021-12-03,16465.095703,27.627886,57.654221,1107.358521,1348.976318,6086.632324,27.610903,2584.406250,46752.039062,2759.974121
2021-12-06,16461.437500,27.604990,57.154667,1074.887207,1362.852539,6113.139160,27.692348,2537.332764,46086.058594,2718.601807
2021-12-07,16331.550781,28.780321,57.360363,1071.723267,1366.817261,6037.546387,27.529449,2474.660889,47038.281250,2743.624512
2021-12-09,16769.384766,28.849009,56.566952,1115.684692,1372.764282,6086.632324,27.692348,2492.105713,47229.109375,2770.940430
2021-12-10,16647.425781,28.971121,56.199635,1107.358521,1371.376709,6184.804688,27.415426,2458.877686,46562.171875,2735.649414
2021-12-13,16341.917969,27.734734,54.142651,1089.041382,1318.249878,5919.740723,27.138500,2441.802246,45368.558594,2680.120605
2021-12-14,16098.609375,26.330444,53.217018,1047.328125,1303.382690,5880.472656,26.299585,2381.345459,43641.593750,2592.192383
2021-12-15,16465.095703,27.017328,53.628414,1085.627686,1367.808594,6184.804688,26.633520,2436.725586,44223.621094,2655.795898
2021-12-16,16532.173828,27.956062,54.862598,1114.769043,1458.202759,6479.318848,26.943024,2542.963135,46274.984375,2727.873291
2021-12-17,16281.547852,27.658415,54.179386,1115.684692,1437.189819,6515.249023,27.276966,2493.029053,45788.378906,2692.183594
2021-12-20,15610.773438,25.956474,51.027802,1057.402588,1331.135376,6282.975586,25.819040,2289.045166,39320.375000,2523.404785
2021-12-21,15671.751953,26.124380,51.387772,1064.895996,1352.941040,6215.728027,25.737595,2279.815186,40645.656250,2563.979492
2021-12-22,15457.712891,26.254126,49.962578,1057.402588,1345.011719,6076.815918,24.719496,2289.045166,40555.960938,2580.129639
2021-12-23,15635.165039,26.788366,50.462132,1103.112427,1379.458984,6427.582520,24.955690,2381.345459,41790.601562,2633.863770
2021-12-24,15671.751953,27.017328,50.689869,1132.253418,1400.571777,6381.146973,25.004562,2402.574219,41791.937500,2674.737305
2021-12-27,15458.322266,26.750202,49.955231,1115.684692,1417.422119,6164.581055,24.923115,2399.805420,41951.273438,2673.341797
2021-12-28,15305.875977,26.521244,49.881771,1132.336792,1365.879272,6224.072754,24.882383,2413.650879,41363.519531,2679.422852
2021-12-29,15183.915039,26.460188,49.294060,1147.822876,1394.426025,6292.792480,24.442570,2418.265625,40224.265625,2639.745361
2021-12-30,15177.817383,26.139645,48.897354,1186.455811,1415.439575,6465.574219,24.271528,2565.022949,41495.195312,2665.765137
2022-01-03,15613.821289,26.712042,50.542942,1148.988647,1393.534058,6361.513184,24.597319,2445.955811,41310.089844,2643.035156
2022-01-04,16159.588867,27.551565,52.570534,1156.482056,1346.055420,6312.427246,26.087818,2352.732422,39788.210938,2612.729004
2022-01-05,16394.359375,27.795792,54.363045,1153.151733,1387.685913,6224.072754,25.648001,2339.810303,39167.058594,2635.359131
2022-01-06,16708.404297,28.375824,55.942516,1132.336792,1417.422119,6135.718262,25.248905,2352.732422,39883.625000,2652.007568
2022-01-07,16391.312500,28.238449,54.950764,1119.847656,1392.939453,6054.236328,24.882383,2307.505371,39540.136719,2668.257324
2022-01-10,16586.445312,29.001648,55.832314,1132.336792,1367.762939,6086.632324,25.200037,2318.673828,38501.050781,2634.860596
2022-01-11,16799.873047,29.764851,55.795586,1140.662720,1392.642090,6165.170410,25.077864,2390.575439,41188.910156,2683.609863
2022-01-12,17073.675781,29.764851,55.979248,1165.640625,1412.466187,6302.609863,26.055241,2529.025635,44066.640625,2743.923584
2022-01-13,16478.511719,30.138821,56.934273,1157.314575,1417.322998,6479.318848,26.470625,2455.185547,44175.414062,2796.162354
2022-01-14,16525.464844,29.688532,55.538460,1162.310303,1442.202271,6528.404785,26.592798,2445.955811,43603.871094,2741.431396
2022-01-17,16394.359375,29.658005,54.737717,1165.640625,1437.047852,6502.879883,25.900488,2446.878662,43986.496094,2776.522949
2022-01-18,16610.837891,29.749584,54.554054,1161.477661,1476.795288,6426.306152,26.030804,2444.109131,45130.523438,2802.343262
2022-01-19,16799.873047,29.612213,55.097683,1140.745972,1432.290161,6155.353027,26.226280,2418.265625,44842.367188,2769.743896
2022-01-20,16769.384766,30.146450,55.971905,1139.830200,1435.858276,6256.468750,26.454332,2422.880371,43891.074219,2762.765381
2022-01-21,17745.056641,30.909653,58.770863,1228.085693,1536.168335,6970.176270,27.895966,2570.560791,41981.808594,2872.526367
2022-01-24,17702.371094,30.291456,56.934273,1189.786133,1462.026123,6798.375977,27.107553,2492.198242,39959.007812,2775.127441
2022-01-25,17927.998047,30.077763,56.787346,1206.438110,1475.804199,6800.830078,26.192533,2542.870850,40713.742188,2788.186768
2022-01-26,17806.037109,30.337248,56.566952,1236.411865,1476.795288,6636.392578,26.552002,2603.788818,41312.949219,2826.468506
2022-01-27,18162.765625,30.795172,58.410885,1240.574829,1447.158081,6762.052246,25.980112,2630.648193,39593.562500,2820.885986
2022-01-28,17927.998047,30.566214,59.138180,1253.896240,1442.202271,6597.125000,25.334698,2584.406250,39120.304688,2813.309326
2022-01-31,17685.298828,30.299091,58.859016,1228.002441,1456.772827,6597.125000,25.628813,2630.555908,40742.367188,2826.369141
2022-02-01,18232.894531,30.306721,59.432034,1237.993652,1442.202271,6582.398926,25.612471,2621.326172,43127.746094,2851.989990
2022-02-02,18049.957031,30.398308,59.725891,1242.239990,1439.228394,6365.243164,25.653324,2538.255615,42221.304688,2836.238525
2022-02-03,17440.769531,29.993811,58.778210,1235.246094,1388.776123,6173.023438,24.999733,2464.600342,40885.488281,2753.892578
2022-02-04,17074.283203,30.123554,58.212540,1211.433594,1349.029053,6125.802734,24.305298,2492.105713,41424.582031,2769.544434
2022-02-07,17141.361328,29.955652,59.072063,1216.012939,1392.642090,6194.621582,24.509542,2492.105713,43586.699219,2765.656494
2022-02-08,17684.078125,31.337046,62.076729,1248.068237,1441.210815,6567.672852,24.509542,2519.703369,44272.734375,2840.923828
2022-02-09,18049.957031,31.436262,62.444038,1223.922729,1405.527344,6606.941406,24.672939,2527.179688,45036.058594,2837.733887
2022-02-10,18019.466797,30.657793,62.407310,1207.270752,1409.492432,6573.759766,24.305298,2519.796143,47946.234375,2860.862305
2022-02-11,18476.814453,30.665428,62.546890,1207.270752,1407.410889,6639.043945,24.101049,2436.725586,49730.496094,2881.797607
2022-02-14,18293.873047,30.260933,62.693813,1211.433594,1375.791382,6479.318848,23.251383,2363.900635,49519.628906,2852.089355
2022-02-15,18458.517578,31.092823,63.178669,1202.191895,1427.334106,6625.593750,23.937653,2399.805420,49786.789062,2873.224365
2022-02-16,18660.363281,30.963078,63.545994,1236.411865,1437.245972,6626.575195,23.202368,2422.880371,49805.875000,2867.142822
2022-02-17,18293.873047,29.688532,62.914207,1211.433594,1376.782593,6386.055664,22.352701,2399.805420,48190.484375,2834.144775
2022-02-18,18049.957031,29.612213,63.031757,1212.266235,1401.562866,6518.488770,22.589628,2417.342773,47087.488281,2799.750977
2022-02-21,17958.488281,29.367987,62.076729,1217.261963,1375.791382,6320.280762,22.875574,2393.251953,47609.410156,2772.833984
2022-02-22,17988.976562,29.077967,61.702057,1198.112061,1353.984863,6263.144531,23.504652,2316.735352,45608.558594,2758.777832
2022-02-23,17209.658203,28.658207,59.505501,1167.306030,1288.565430,6086.828613,22.614136,2326.888184,45417.726562,2726.078857
2022-02-24,16982.812500,28.650579,59.505501,1206.438110,1347.046509,6160.064453,22.148458,2321.072998,46753.531250,2685.703613
2022-02-25,17287.710938,29.383247,60.982113,1209.768555,1316.319214,6120.992188,21.323301,2388.175781,47669.523438,2739.038818
2022-02-28,17422.476562,29.917494,62.282425,1223.922729,1308.786011,6086.632324,21.405003,2427.495361,50570.152344,2786.292725
2022-03-01,16776.091797,29.803011,61.342091,1174.965820,1291.539185,6054.825195,20.138674,2387.252197,48661.843750,2741.132324
2022-03-02,17013.304688,30.833334,62.444038,1178.129639,1342.784302,6125.901367,19.436069,2320.427490,50188.496094,2753.195068
2022-03-03,16776.091797,31.062292,63.913315,1181.460083,1338.125732,6233.889648,18.790649,2275.199951,55340.914062,2829.060547
2022-03-04,16768.775391,30.955444,63.913315,1213.931641,1366.771484,6471.465332,18.382154,2275.199951,58678.550781,2848.201660
2022-03-07,17158.433594,31.291254,63.913315,1186.455811,1377.674683,6556.580566,18.218760,2325.965332,56246.414062,2849.298340
2022-03-08,16647.425781,31.291254,64.023506,1181.293701,1319.292847,6430.232422,17.826607,2256.739990,56151.953125,2811.614502
2022-03-09,17001.107422,32.123142,65.007927,1173.883545,1333.169678,6430.232422,18.790649,2269.662109,57535.468750,2875.517090
2022-03-10,16404.117188,31.222565,62.870129,1176.048218,1304.424805,6489.136230,18.521046,2252.125244,57964.843750,2822.680176
2022-03-11,16952.324219,31.520212,62.444038,1222.257568,1325.240112,6442.896973,18.194252,2255.725098,58203.382812,2875.018555
2022-03-14,16685.232422,31.794970,62.150181,1201.359131,1397.597900,6538.221191,19.354368,2236.434082,54968.808594,2841.222900
2022-03-15,16432.777344,32.283413,62.076729,1234.746460,1403.347168,6528.404785,19.811882,2252.125244,54960.218750,2862.158447
2022-03-16,16598.033203,32.947395,63.171322,1282.204590,1452.114258,6479.318848,20.833111,2278.892090,55160.589844,2901.736328
2022-03-17,16982.812500,33.641914,63.252144,1299.689453,1494.438721,6518.586914,21.535719,2335.195312,56438.199219,2970.822510
2022-03-18,17556.023438,34.115097,63.913315,1298.856812,1489.284424,6796.706543,21.919703,2325.965332,58585.035156,2991.060059
2022-03-21,17684.078125,34.649338,66.117218,1273.878784,1570.067383,6872.004883,22.875574,2361.962646,61514.289062,3037.217773
2022-03-22,17165.751953,33.351894,64.647949,1275.543945,1481.850342,6557.758301,21.731794,2332.610840,60541.058594,3028.245605
2022-03-23,17074.283203,33.267941,62.627701,1265.552734,1422.477295,6381.146973,20.841282,2321.350098,60636.472656,2984.480469
2022-03-24,17671.882812,33.733498,64.618561,1282.204590,1494.736206,6626.575195,21.641928,2351.809570,62878.726562,3035.622559
2022-03-25,17802.986328,33.504539,64.361443,1288.865601,1535.375244,6577.490234,21.650099,2352.732422,62524.742188,3053.467285
2022-03-28,17533.458984,33.306103,64.927811,1314.676270,1506.630371,6562.764160,20.922981,2336.118408,61495.207031,3012.693359
2022-03-29,17805.425781,33.428219,64.254990,1307.099487,1440.219849,6557.856445,20.212204,2353.193604,61657.414062,3020.668701
2022-03-30,17360.886719,33.351894,63.762104,1298.856812,1413.358154,6290.829102,19.762863,2321.257812,64215.500000,3002.225830
2022-03-31,17284.662109,33.817448,65.905762,1290.530762,1444.184570,6381.146973,19.199142,2321.257812,64892.011719,3029.042725
2022-04-01,17458.453125,34.076939,66.484711,1282.371338,1449.140625,6459.684570,19.280840,2352.639893,65655.320312,3039.211670
2022-04-04,17993.244141,33.809814,66.250000,1282.204590,1436.254883,6528.404785,19.852728,2344.425537,66293.656250,3034.426025
2022-04-05,17653.587891,33.405319,65.718002,1277.125854,1412.367065,6517.604980,19.117441,2328.734375,64262.265625,3009.004883
2022-04-06,17988.365234,34.191418,67.822533,1272.962769,1417.124634,6660.936523,19.158295,2325.965332,64787.042969,3029.242432
2022-04-07,17836.527344,33.641914,68.401482,1253.896240,1407.509766,6614.893555,19.117441,2329.564941,66027.453125,3039.610107
2022-04-08,17805.425781,32.855816,66.500351,1265.552734,1392.245605,6739.472656,19.305351,2343.501953,66647.640625,3043.398682
2022-04-11,17744.449219,33.199257,66.343887,1277.958496,1390.659546,6675.661133,19.231819,2353.655273,63738.425781,2990.661621
2022-04-12,17806.037109,33.122932,67.032356,1249.733276,1400.571777,6764.016113,18.831497,2364.731201,63451.226562,2983.583252
2022-04-13,17549.921875,33.504539,67.924240,1244.737793,1367.862061,6626.575195,18.627253,2372.115479,64930.171875,3008.406494
2022-04-14,17507.238281,33.496899,67.908607,1250.565918,1362.905762,6621.471191,18.708952,2364.731201,64696.402344,2998.038818
2022-04-18,17197.542969,33.580860,68.182426,1230.500366,1307.398315,6381.146973,18.373987,2300.121094,65082.828125,2970.822510
2022-04-19,16906.808594,33.695335,68.534477,1240.574829,1308.389526,6429.250977,18.741631,2284.337891,66743.046875,2982.187744
2022-04-20,17374.511719,34.267738,70.020958,1248.900757,1347.046509,6548.039551,19.509594,2279.815186,67267.835938,3021.864990
2022-04-21,17564.119141,34.672237,70.412140,1223.922729,1358.742798,6576.508789,19.607635,2263.201416,62344.414062,2965.538818
2022-04-22,17222.824219,34.130360,70.130501,1223.090210,1337.134521,6381.146973,19.754692,2238.280273,61829.160156,2970.922363
2022-04-25,16787.988281,33.263962,69.011719,1211.516968,1313.345703,6166.151855,19.133783,2228.795898,59735.746094,2872.825439
2022-04-26,16447.322266,32.973167,67.924240,1215.679932,1274.688477,6188.730469,18.259609,2190.858887,57345.601562,2874.420410
2022-04-27,16806.318359,33.199337,68.456253,1253.979736,1281.627075,6184.804688,18.218760,2227.847656,59510.574219,2901.536621
2022-04-28,16970.011719,33.433594,67.282707,1233.081421,1263.686157,6086.632324,18.177912,2252.506592,61064.882812,2902.989502
2022-04-29,16679.277344,33.142796,66.617714,1243.098877,1259.820557,6155.353027,18.373987,2271.474854,60397.941406,2883.832764
2022-05-02,16954.210938,33.684006,66.656830,1229.711792,1243.961182,6076.815918,18.766140,2205.085205,59920.953125,2832.649658
2022-05-03,16825.277344,33.255882,67.282707,1243.098877,1246.934937,6041.474121,18.847836,2228.795898,61161.347656,2832.649658
2022-05-04,17052.175781,34.128273,68.534477,1247.652466,1276.770020,6165.170410,18.994896,2226.803955,65207.921875,2939.306641
2022-05-05,16623.027344,34.095963,68.072899,1234.902588,1255.855713,6058.162598,18.749800,2200.343262,65833.843750,2893.411133
2022-05-06,16591.425781,33.595150,67.400063,1223.974365,1277.705200,5993.369141,18.749800,2204.136719,64525.707031,2902.490723
2022-05-09,16432.785156,32.391575,65.874466,1201.206909,1244.003052,5879.657715,18.668102,2143.437744,61562.093750,2832.649658
2022-05-10,15927.163086,31.268770,64.254990,1240.366943,1214.266235,5841.369629,18.602743,2124.469727,61244.363281,2831.053223
2022-05-11,16130.041992,31.769592,63.879463,1183.903809,1203.362427,5743.195801,18.096212,2034.369141,62020.097656,2831.053223
2022-05-12,16527.589844,32.149239,63.535225,1161.136353,1203.461548,5694.108398,18.545553,2181.374756,62535.332031,2788.749512
2022-05-13,16588.898438,32.876232,64.700928,1172.975342,1221.303589,5841.762207,19.199142,2196.549561,68222.101562,2913.565186
2022-05-16,16748.800781,32.965092,65.561539,1174.796753,1209.408691,5861.004395,18.553720,2181.374756,68594.218750,2894.308838
2022-05-17,17472.474609,33.522449,66.187408,1196.653442,1265.810425,6057.352539,18.619083,2261.895752,72803.000000,2962.354248
2022-05-18,17064.816406,32.876232,65.131233,1162.957886,1248.959351,5842.351562,18.341309,2182.322998,73756.210938,2946.590088
2022-05-19,17065.447266,32.189625,65.718002,1161.136353,1270.766724,5911.073242,17.973663,2161.458008,75904.007812,2962.517578
2022-05-20,17317.626953,31.914986,64.544464,1160.498901,1292.573975,6124.700684,17.769417,2143.437744,75569.093750,2924.892334
2022-05-23,17823.253906,32.520813,65.092110,1163.868530,1349.867432,6241.920898,17.979794,2190.858887,79862.796875,3019.005615
2022-05-24,18076.064453,33.272041,65.897942,1162.957886,1355.021729,6224.249512,17.781303,2167.148438,79194.882812,3041.261475
2022-05-25,18321.292969,32.957008,66.735062,1170.243408,1351.552490,6258.610352,17.144485,2133.953613,79911.460938,3060.024170
2022-05-26,18392.080078,32.957008,65.874466,1178.439575,1326.077881,6376.419922,16.846752,2162.406250,84230.914062,3094.455811
2022-05-27,18644.257812,33.199337,66.492531,1182.082275,1371.872803,6479.502441,17.367785,2174.735840,88974.976562,3174.696533
2022-05-30,18827.548828,32.633904,65.631935,1188.457275,1358.986816,6499.137207,17.690329,2209.827637,89356.640625,3166.213379
2022-05-31,19340.125000,33.280117,67.079300,1202.481934,1411.522461,6420.597656,17.458757,2287.598389,83952.296875,3145.800049
2022-06-01,19466.531250,32.545052,67.204483,1183.994751,1435.312134,6430.415039,17.739952,2265.784424,79660.523438,3089.399902
2022-06-02,19408.386719,33.288197,67.048004,1179.441284,1425.399658,6554.115234,18.451206,2200.343262,82439.015625,3171.000000
2022-06-03,19403.330078,33.118565,67.048004,1179.350220,1432.338379,6675.850586,19.518084,2246.816162,81629.890625,3158.000000
2022-06-06,19453.257812,32.577358,66.116997,1180.807373,1434.321045,6575.713379,19.344404,2181.374756,83458.820312,3135.000000
2022-06-07,19567.023438,32.456192,68.049423,1188.457275,1464.057861,6675.850586,19.427107,2170.942139,82281.687500,3143.300049
2022-06-08,19134.714844,32.189625,66.500351,1197.564087,1437.294434,6651.307617,20.088737,2105.500732,78900.257812,3098.699951
2022-06-09,18866.105469,31.898834,64.552292,1193.283936,1385.849121,6473.415039,20.055656,2047.457031,77528.085938,3070.199951
2022-06-10,19112.595703,31.785744,64.387993,1229.438477,1446.711182,6675.850586,19.824087,2034.369141,79978.390625,3030.000000
2022-06-13,18835.765625,30.848730,65.052994,1206.671143,1387.732666,6528.589844,19.269970,2033.420654,78410.187500,3000.899902
2022-06-14,18398.398438,31.341473,65.796234,1188.457275,1392.688965,6616.946289,18.765480,1991.690186,79269.757812,3015.699951
2022-06-15,18878.744141,31.381857,66.500351,1179.350220,1408.548584,6435.323730,18.666233,2001.174316,79173.695312,3001.600098
2022-06-16,18644.892578,31.179913,66.500351,1142.922485,1412.513794,6656.215820,18.112116,1944.268799,74712.164062,2917.800049
2022-06-17,18638.572266,31.179913,66.891533,1133.815552,1445.224487,6621.855469,18.112116,1934.879517,76253.921875,2957.000000
2022-06-20,18370.591797,31.091066,66.969765,1124.708618,1443.241943,6630.297852,18.136929,1940.285400,78214.171875,2946.399902
2022-06-22,17885.824219,30.856812,67.282707,1108.316040,1410.531128,6410.780762,17.698599,1931.085693,78859.085938,2952.100098
2022-06-23,17318.894531,30.517546,65.624115,1057.317017,1349.074341,6184.979980,17.376053,1958.494995,76351.921875,2881.600098
2022-06-24,16970.011719,30.129814,64.935638,1092.834351,1417.469849,6307.697266,17.202377,1967.979370,80370.453125,2910.199951
2022-06-28,17026.896484,30.412537,65.718002,1092.834351,1467.031616,6612.037109,17.326433,2000.795166,78018.140625,2895.000000
2022-06-29,17472.474609,30.493313,66.148293,1091.923584,1513.619751,6744.573242,17.318163,2010.658447,75813.835938,2897.899902
2022-06-30,16977.597656,29.927870,65.326820,1063.692017,1511.637329,6646.398926,17.161026,2039.111084,74979.742188,2889.899902
2022-07-01,17222.191406,30.872963,65.796234,1089.191528,1536.418335,6722.876465,17.268539,1982.205933,77429.093750,2892.699951
2022-07-04,17117.906250,30.646788,65.999649,1082.816528,1566.155518,6785.806641,17.119677,1952.330444,77720.171875,2893.600098
2022-07-05,17051.541016,30.089428,64.622696,1083.727173,1580.924683,6823.112305,16.921183,1952.804565,78753.226562,2893.600098
2022-07-06,16938.410156,29.790556,64.935638,1084.091675,1567.146729,6724.938477,16.623453,1931.939331,78792.437500,2905.399902
2022-07-07,17184.902344,29.483603,64.755699,1112.049927,1620.673462,6783.842773,16.706156,1919.609741,82963.859375,2964.100098
2022-07-08,17222.824219,29.814783,64.935638,1124.708618,1675.191650,6872.199707,17.367785,1885.466553,82469.875000,2949.699951
2022-07-11,16970.011719,29.677469,64.779167,1131.994141,1661.413208,6675.850586,17.640709,1863.937378,80581.171875,2930.800049
2022-07-12,17273.388672,29.839018,64.348869,1115.601562,1685.103882,6872.199707,18.277527,1873.136963,80630.179688,2929.100098
2022-07-13,17074.296875,29.653231,65.326820,1129.262085,1744.578125,6926.195312,18.823372,1841.838989,82330.695312,2974.899902
2022-07-14,17600.777344,29.758242,66.250000,1141.192139,1704.730591,6940.921387,19.435379,1764.068359,83801.875000,2955.199951
2022-07-15,17570.443359,29.523991,66.578590,1136.547607,1651.401978,6872.199707,19.137644,1809.592651,81458.390625,2968.500000
2022-07-18,17253.792969,29.378590,67.282707,1101.941284,1676.182617,6955.647949,18.608341,1830.458008,79390.320312,2938.300049
2022-07-19,17373.878906,29.871328,68.534477,1106.494751,1723.266724,7079.347168,18.856453,1863.652832,81339.789062,2970.699951
2022-07-20,17128.019531,29.289736,68.847427,1101.941284,1697.097656,7363.071289,18.980509,1815.283081,80419.460938,2981.100098
2022-07-21,17184.269531,28.918159,68.049423,1147.475952,1685.103882,7569.236328,19.178999,1858.910767,83703.867188,2996.199951
2022-07-22,17178.580078,29.418978,67.697365,1152.029541,1643.471802,7510.332520,19.683489,1876.930786,85271.085938,3024.899902
2022-07-25,17023.732422,29.483603,68.299782,1129.262085,1595.892578,7500.516113,19.840628,1896.847656,87546.937500,3038.000000
2022-07-26,16938.410156,29.467445,67.673889,1120.155029,1576.067749,7405.286621,19.749649,1934.879517,85271.085938,3020.899902
2022-07-27,16937.779297,29.564375,69.629784,1126.529785,1594.901245,7456.336914,20.427824,1925.205444,86741.281250,3025.199951
2022-07-28,16846.767578,29.079714,67.986832,1113.780273,1556.243042,7385.749512,22.578119,1895.899170,86739.320312,3042.100098
2022-07-29,17183.638672,28.829306,66.891533,1121.065796,1517.584717,7245.261230,21.337566,1906.331909,87720.429688,3042.399902
2022-08-01,17248.105469,28.514277,66.969765,1120.155029,1566.155518,7387.614258,21.337566,1887.078857,85856.218750,3047.800049
2022-08-02,17253.792969,28.118467,66.093529,1108.316040,1536.418335,7358.063965,21.916491,1896.847656,87231.335938,3033.300049
2022-08-03,16906.808594,28.061926,64.935638,1115.419434,1546.231689,7264.896484,22.735258,1872.188721,85075.054688,3015.399902
2022-08-04,17127.384766,28.183088,64.528816,1120.155029,1524.523560,7259.988770,23.314184,1835.484741,83604.867188,2980.199951
2022-08-05,17178.580078,29.160490,65.397232,1124.526489,1583.997681,7245.261230,23.777325,1844.684326,82918.765625,3004.300049
2022-08-08,17272.755859,29.556301,65.718002,1128.351318,1596.883911,7245.261230,23.984085,1849.426392,85467.109375,3027.399902
2022-08-09,17065.447266,28.845459,65.154701,1133.815552,1580.032715,7205.992188,23.735973,1830.647583,86251.203125,3041.500000
2022-08-10,17083.777344,28.942396,65.952705,1118.333740,1574.977539,7211.882812,23.165319,1868.394897,88211.468750,3047.300049
2022-08-11,16938.410156,29.645155,67.048004,1123.797974,1634.451660,7205.992188,23.984085,1886.414795,88407.500000,3070.199951
2022-08-12,17317.626953,30.210594,68.456253,1092.834351,1605.210205,7191.265625,23.851759,1902.727783,93121.898438,3125.000000
2022-08-16,17507.238281,29.887486,68.456253,1087.187988,1670.235474,7313.983887,23.694622,1894.002441,90661.789062,3062.199951
2022-08-17,17315.101562,29.645155,67.673889,1109.955444,1718.806030,7333.618652,23.405157,1892.105347,91494.906250,3145.800049
2022-08-18,17191.222656,29.079714,67.204483,1101.941284,1734.665771,7421.975586,23.223211,1896.847656,86328.640625,3095.600098
2022-08-19,17178.580078,28.393114,66.883713,1089.191528,1708.695312,7481.861816,22.735258,1906.331909,83310.820312,3084.399902
2022-08-22,17033.214844,28.595055,66.664650,1111.321411,1704.928589,7559.419434,22.784880,1927.386841,86642.289062,3106.800049
2022-08-23,17096.419922,28.425419,66.891533,1124.708618,1717.814575,7696.863281,22.743528,1939.526733,89191.593750,3121.199951
2022-08-24,17141.291016,28.813148,67.728661,1120.155029,1726.735840,7588.872070,23.570564,1926.248901,92131.968750,3137.699951
2022-08-25,17507.238281,28.716219,67.282707,1138.369019,1724.753418,7539.784668,23.653267,1991.690186,92622.046875,3167.000000
2022-08-26,17753.728516,28.473890,68.057243,1152.940063,1724.158813,7559.419434,23.735973,2012.081055,91989.859375,3175.100098
2022-08-29,18482.539062,28.732372,68.221535,1188.457275,1700.046997,7598.591309,24.389334,2048.595459,91151.843750,3200.800049
2022-08-30,18516.765625,29.451288,68.065071,1220.331543,1705.003174,7598.689453,25.638157,2086.532227,89387.617188,3221.300049
2022-08-31,18071.814453,29.079714,66.523827,1141.101196,1685.177612,7589.853516,24.331442,2003.071045,87821.382812,3222.100098
2022-09-01,18208.720703,28.837383,66.617714,1140.190430,1635.613647,7403.322754,25.886271,2086.532227,85334.804688,3142.600098
2022-09-02,19167.761719,30.113661,69.629784,1184.814575,1719.872437,7755.768066,26.729847,2275.174072,87231.335938,3276.399902
2022-09-05,19659.947266,30.695253,71.194504,1256.759399,1784.305664,7904.010742,28.739550,2205.085205,91053.835938,3368.000000
2022-09-06,19293.714844,29.879408,68.456253,1227.617065,1719.872437,7549.602051,28.201971,2110.242920,91249.859375,3235.000000
2022-09-07,18619.445312,29.330128,67.282707,1193.010742,1700.245117,7560.401367,28.011753,2086.532227,91633.101562,3198.199951
2022-09-08,18208.720703,29.483603,67.204483,1179.350220,1594.971069,7490.697754,27.540344,2076.099854,95660.437500,3188.100098
2022-09-09,18618.761719,30.275213,67.908607,1229.438477,1615.788208,7318.893066,28.036564,2086.532227,99659.351562,3227.000000
2022-09-12,18722.126953,30.315601,68.456253,1247.652466,1625.700806,7410.195312,28.756090,2105.500732,95072.359375,3221.199951
2022-09-13,18954.869141,29.887486,68.370186,1206.580078,1620.744385,7364.052734,28.780897,2086.532227,97332.531250,3217.000000
2022-09-14,18824.806641,29.645155,68.065071,1202.117798,1602.009155,7243.102051,29.368093,2086.532227,101933.257812,3258.100098
2022-09-15,18282.652344,29.725929,68.065071,1220.331543,1536.485596,7068.548340,28.119270,2086.532227,95939.773438,3178.199951
2022-09-20,17798.000000,28.554665,67.282707,1148.386841,1519.138184,6724.938477,26.837362,1982.205933,94876.320312,3104.100098
2022-09-21,18064.972656,28.538509,66.821121,1174.796753,1518.642456,6750.660156,27.044123,1967.030884,97031.632812,3106.000000
2022-09-22,18071.130859,28.675831,67.204483,1197.564087,1516.660034,6577.676758,25.968973,1982.205933,91984.960938,3060.000000
2022-09-23,17736.388672,28.110390,66.109184,1206.671143,1514.677368,6498.057129,24.604361,1934.784668,88706.421875,2995.199951
2022-09-26,17558.410156,27.060289,65.718002,1148.568726,1472.052246,6421.873535,24.290089,1909.177002,90397.156250,3005.000000
2022-09-27,17436.562500,26.906815,65.272057,1147.475952,1504.764526,6281.190430,23.984085,1868.584595,91445.890625,2968.100098
2022-09-28,17203.136719,26.664480,65.561539,1138.369019,1457.182983,6009.247559,23.735973,1849.426392,88506.476562,2941.100098
2022-09-29,16977.240234,26.664480,65.561539,1115.601562,1462.139282,5998.448242,22.908936,1829.509644,86090.468750,2937.899902
2022-09-30,16839.646484,27.318777,66.633354,1115.601562,1460.255981,6087.983398,23.148777,1830.458008,88309.492188,2979.000000
2022-10-03,17044.322266,27.544950,67.673889,1129.262085,1477.008545,6184.979980,23.388617,1844.684326,87295.257812,2964.000000
2022-10-04,17524.183594,27.787285,68.065071,1138.460083,1526.572754,6381.328125,23.735973,1838.993774,90984.648438,3050.899902
2022-10-05,17455.730469,27.666119,67.282707,1142.831543,1496.834351,6318.497070,24.000626,1802.005371,88984.984375,3002.800049
2022-10-06,17626.865234,27.100677,67.478302,1142.922485,1505.755981,6308.679199,23.487862,1754.583984,88885.000000,2993.800049
2022-10-07,17181.230469,26.987593,66.539474,1133.815552,1477.008545,6121.166016,23.644999,1679.658447,85735.523438,2926.000000
2022-10-11,16557.617188,26.834116,66.813301,1084.638062,1377.880493,5939.544434,23.405157,1718.543945,84280.765625,2892.199951
2022-10-12,16292.016602,27.116835,67.673889,1080.084351,1383.828369,5959.178711,23.570564,1707.162964,79286.609375,2832.899902
2022-10-13,16360.467773,27.229923,68.229362,1083.727173,1365.985107,6018.083008,23.777325,1692.841675,81286.289062,2850.000000
2022-10-14,16565.830078,26.922970,69.035194,1088.280762,1343.284790,5988.631836,24.141220,1742.775146,79940.507812,2859.399902
2022-10-17,17455.730469,28.053848,69.316841,1092.834351,1358.055054,6219.340820,24.811121,1752.473755,85635.546875,2926.100098
2022-10-18,17930.798828,28.094236,68.847427,1092.834351,1366.976440,6081.896484,24.405874,1752.473755,86985.328125,2925.600098
2022-10-19,17524.183594,27.141066,67.673889,1083.727173,1363.011353,6076.988281,24.554741,1718.864624,88685.031250,2935.399902
2022-10-20,17763.773438,27.302620,67.932076,1083.727173,1338.427490,6308.581055,24.811121,1694.858276,87985.140625,2915.500000
2022-10-21,17900.681641,27.448017,68.612724,1091.012817,1392.452393,6174.966309,24.397604,1677.093384,90884.664062,2946.000000
2022-10-24,17798.000000,27.238001,67.908607,1101.850098,1445.287720,6067.170410,24.397604,1675.653198,90036.804688,2927.600098
2022-10-25,18063.601562,27.617651,67.673889,1124.617432,1412.575562,6283.841309,24.811121,1709.166138,92781.343750,2949.600098
2022-10-26,18001.994141,27.448017,67.048004,1147.475952,1442.016479,6278.244629,24.984798,1728.467285,92334.414062,2956.300049
2022-10-27,17951.337891,27.738819,67.290543,1147.475952,1477.008545,6461.831543,26.134380,1756.314941,91384.570312,2976.300049
2022-10-28,17996.517578,27.302620,67.509598,1156.582886,1483.947632,6383.291504,27.457640,1771.486938,89784.851562,2970.300049
2022-11-02,17897.257812,27.213764,68.730072,1183.903809,1459.165649,6347.949219,28.235058,1781.761719,87885.156250,2970.899902
2022-11-03,17407.812500,26.939125,67.861656,1174.796753,1475.026001,6234.066406,28.218517,1775.520020,90262.773438,2960.000000
2022-11-04,17611.804688,26.906815,68.221535,1211.224731,1491.877808,6380.346680,27.945599,1776.480347,89984.812500,2998.199951
2022-11-07,17934.224609,27.254156,68.080711,1235.813354,1555.220703,6538.406738,28.946310,1781.185547,90469.726562,3003.699951
2022-11-08,18002.677734,28.110390,68.065071,1243.098877,1625.601685,6764.109863,28.780897,1761.020020,95853.828125,3090.000000
2022-11-09,17933.539062,27.375319,67.282707,1220.331543,1595.962402,6724.938477,28.367380,1718.768677,94585.039062,3047.500000
2022-11-10,17832.910156,27.431864,66.500351,1194.012451,1563.250000,6587.592285,27.705750,1680.454346,96207.765625,3071.199951
2022-11-11,17796.630859,27.439943,66.109184,1183.903809,1534.502808,6464.775879,27.871159,1668.931274,98983.296875,3063.899902
2022-11-14,17626.865234,27.343010,66.109184,1170.243408,1546.398438,6440.232910,28.119270,1618.037476,95133.945312,3049.100098
2022-11-15,17753.505859,26.947205,65.639763,1175.707397,1512.694824,6268.428223,27.275690,1603.633667,91398.570312,3018.399902
2022-11-16,17798.000000,26.656404,66.023117,1183.903809,1495.843018,6243.884277,27.267422,1580.587402,90884.664062,3008.199951
2022-11-17,17899.996094,26.656404,66.469055,1183.903809,1486.921509,6273.238281,28.574142,1541.216675,84985.648438,2986.500000
2022-11-18,17866.453125,27.221844,66.312592,1170.243408,1486.921509,6214.431641,29.359823,1537.375732,85385.601562,2968.199951
2022-11-21,17798.000000,27.480331,66.492531,1184.814575,1490.886597,6234.066406,30.600380,1531.614258,93484.226562,3061.100098
2022-11-22,17729.546875,27.771130,66.492531,1193.010742,1481.965088,6135.892578,30.947737,1498.005127,91982.476562,3035.600098
2022-11-23,17455.730469,27.221844,66.101357,1202.299805,1437.357300,6037.717773,30.972553,1503.766479,90734.687500,3021.000000
2022-11-24,17215.458984,26.979515,65.718002,1206.671143,1455.101440,6018.083008,31.071789,1512.408936,91574.546875,3022.399902
2022-11-25,17266.115234,27.625731,66.046593,1196.744507,1465.311523,6047.535156,32.651432,1516.250000,85725.523438,3000.600098
2022-11-28,16973.132812,27.706507,65.725822,1198.474854,1437.357300,5987.649902,33.081497,1458.058228,83485.914062,2992.199951
2022-11-29,16778.039062,27.666119,65.444176,1193.101685,1461.049194,5924.817871,33.495014,1493.203613,86235.453125,2996.500000
2022-11-30,16507.644531,27.964993,65.913589,1205.760498,1462.139282,6110.366699,33.495014,1526.812744,88385.093750,2992.000000
2022-12-01,16565.830078,27.973072,66.453415,1206.671143,1448.360596,6027.900879,31.510124,1498.005127,86485.406250,3013.100098
2022-12-02,16567.199219,27.908447,66.187408,1206.762207,1464.320190,6013.174805,30.724440,1460.650879,87485.234375,3031.000000
2022-12-05,16428.921875,28.118467,66.500351,1202.117798,1457.182983,5954.367676,31.179310,1478.799927,85685.539062,3022.600098
2022-12-06,16422.078125,27.803436,65.718002,1202.117798,1411.661011,5939.544434,31.262011,1536.415405,82186.125000,2985.600098
2022-12-07,16292.016602,27.383400,65.725822,1211.224731,1404.721680,5924.817871,31.013905,1506.647339,82286.117188,2969.300049
2022-12-09,16428.921875,26.898735,65.209465,1202.208740,1437.336426,6035.754395,30.683084,1517.210205,81486.242188,2955.100098
2022-12-12,16477.527344,27.617651,66.250000,1211.224731,1452.305664,5954.495117,31.270288,1536.415405,80679.429688,2972.600098
2022-12-13,16675.357422,27.617651,65.874466,1203.939087,1431.388550,5890.680176,31.005636,1536.415405,81179.367188,2980.100098
2022-12-14,17038.160156,27.011824,65.874466,1202.117798,1416.617676,5812.137695,30.600380,1522.011475,79389.593750,2979.100098
2022-12-15,17058.697266,26.826035,65.718002,1195.742920,1388.265503,5748.322266,29.657558,1522.011475,74490.242188,2929.199951
2022-12-16,17058.697266,27.165302,66.101357,1193.010742,1457.262329,5841.590820,30.426704,1488.402466,74979.171875,2930.600098
2022-12-19,16784.882812,27.431864,66.422119,1229.438477,1420.781128,5890.680176,30.600380,1488.498413,75480.117188,2936.500000
2022-12-20,16980.658203,27.868059,67.048004,1240.366943,1464.697388,6185.213867,31.840937,1490.418945,76240.015625,2986.100098
2022-12-21,16854.707031,27.746895,68.065071,1247.652466,1429.604126,6058.563965,31.840937,1517.210205,74140.296875,2966.699951
2022-12-22,16754.080078,27.019903,67.282707,1247.652466,1426.530762,6189.140625,32.254459,1546.018066,70790.726562,2944.600098
2022-12-23,16793.097656,26.947205,67.986832,1227.617065,1423.557007,6258.749023,32.585274,1579.627197,71877.585938,2969.899902
2022-12-26,16498.060547,26.511005,66.500351,1252.205933,1407.992920,6185.213867,32.337162,1589.229614,71090.687500,2948.000000
2022-12-27,16455.621094,26.704872,67.478302,1243.098877,1379.839233,6191.104492,32.874733,1583.084106,67591.148438,2966.500000
2022-12-28,16429.605469,26.817959,68.065071,1243.098877,1372.998901,6283.391602,32.667980,1583.468018,66699.265625,2949.600098
2022-12-29,16695.892578,27.294542,68.464066,1247.652466,1387.868896,6185.213867,32.419865,1589.133667,67841.117188,2959.899902
2022-12-30,16695.892578,27.423788,68.847427,1270.419922,1403.631226,6213.685059,32.246189,1584.428345,68591.015625,2962.100098
2023-01-03,16565.830078,26.979515,66.891533,1212.499634,1381.425293,6052.673828,30.856770,1585.292725,65692.398438,2905.899902
2023-01-04,16634.283203,26.696793,65.757118,1199.658813,1353.172241,5921.114746,30.195131,1569.736450,66740.265625,2871.199951
2023-01-05,16825.955078,26.882580,65.483284,1195.742920,1401.747681,5978.058105,31.262011,1598.832275,67491.171875,2885.899902
2023-01-06,16962.863281,27.027979,65.318993,1180.716187,1457.262329,6008.493164,31.303366,1641.947998,67493.164062,2897.800049
2023-01-09,16702.738281,27.205690,65.326820,1183.903809,1447.348877,6003.584473,31.179310,1680.454346,68850.984375,2917.399902
2023-01-10,16634.283203,27.019903,65.318993,1183.903809,1456.270874,6037.946289,30.517679,1727.506958,66991.218750,2889.199951
2023-01-11,16838.962891,26.648329,65.334648,1169.514771,1457.460449,6073.291016,30.385351,1728.467285,70090.812500,2934.000000
2023-01-12,16900.570312,26.616018,65.412880,1179.350220,1458.253662,6067.399902,31.063522,1738.165771,70290.804688,2931.500000
2023-01-13,16661.667969,26.535238,65.639763,1183.903809,1425.539551,5981.985840,30.592113,1732.308350,68591.015625,2931.500000
2023-01-16,16497.376953,26.252522,65.248581,1193.010742,1417.609009,5983.949219,30.931200,1741.911011,69270.929688,2931.500000
2023-01-17,16093.500000,25.816322,64.896523,1193.010742,1430.694458,6028.128906,30.195131,1766.877686,69957.828125,2931.500000
2023-01-18,16374.161133,26.228291,65.052994,1235.266968,1476.989868,6024.202148,30.542488,1766.877686,70889.726562,2935.100098
2023-01-19,16298.861328,25.994032,64.857414,1220.331543,1476.097778,6043.837402,31.013905,1786.083008,68603.015625,2924.300049
2023-01-20,16446.720703,25.816322,65.436356,1251.295166,1439.219971,6152.814941,30.625193,1776.480347,70760.734375,2966.000000
2023-01-23,16586.367188,25.759779,67.024536,1288.451782,1448.637695,6147.709473,31.379515,1853.301147,73490.375000,2993.500000
2023-01-24,16463.152344,25.525528,66.500351,1275.883911,1391.834473,5971.185547,30.828854,1860.983154,73191.414062,2971.199951
2023-01-25,16494.638672,25.517450,67.188828,1269.235840,1387.968018,5948.015625,30.812164,1846.867310,73141.421875,2971.300049
2023-01-26,16702.738281,26.365610,67.282707,1303.204956,1417.609009,5999.657227,31.371168,1828.334351,74930.179688,2994.199951
2023-01-27,16668.509766,26.712950,67.548714,1343.275391,1397.782227,6008.493164,31.538040,1781.281616,75989.054688,3019.899902
2023-01-30,16666.457031,26.979515,67.634773,1332.347168,1358.128906,5974.130859,31.362825,1790.884155,76972.921875,3006.500000
2023-01-31,16428.921875,27.036058,68.065071,1302.294189,1357.137451,5895.588379,31.362825,1776.480347,77435.859375,3014.899902
2023-02-01,16702.738281,27.108757,68.378014,1293.187134,1336.319458,5934.859863,30.870569,1752.473755,75990.054688,2995.000000
2023-02-02,17010.781250,26.914892,68.612724,1311.401123,1330.371460,5924.845215,30.453398,1776.480347,76090.031250,3017.199951
2023-02-03,17098.402344,27.027979,67.994659,1318.686768,1356.146118,5821.955078,30.703699,1767.357788,77199.890625,3013.100098
2023-02-06,17113.462891,26.906815,67.673889,1293.187134,1363.581299,5818.617188,29.844332,1780.993652,76140.023438,2978.800049
2023-02-07,17113.462891,26.979515,67.830360,1293.187134,1373.792114,5699.232910,29.944447,1786.083008,74340.250000,2997.000000
2023-02-08,17216.142578,27.383400,67.830360,1297.740601,1350.198242,5753.034180,29.744207,1786.083008,75278.148438,3002.300049
2023-02-09,17250.369141,27.754972,68.127655,1306.847656,1363.779419,5889.698242,29.927767,1795.685547,74180.296875,3030.399902
2023-02-10,17387.277344,27.553030,68.847427,1320.508057,1406.803345,5964.313477,30.620270,1832.079468,73885.335938,3024.500000
2023-02-13,17195.605469,27.989227,68.143303,1320.508057,1371.313721,5843.554688,30.144691,1814.890625,74425.250000,3048.000000
2023-02-14,17203.136719,27.738819,66.891533,1334.168579,1367.943237,5743.413086,29.485563,1824.493286,73982.312500,3030.000000
2023-02-15,17356.472656,27.868059,67.752129,1353.293091,1377.955444,5841.492676,30.019539,1834.095947,74440.250000,3018.300049
2023-02-16,17886.990234,27.981148,67.666069,1369.685669,1384.894775,5865.153320,30.870569,1832.943604,76490.976562,3073.899902
2023-02-17,17798.000000,27.706507,67.282707,1370.596436,1377.955444,5801.435547,30.027884,1809.129028,69393.906250,3021.699951
2023-02-20,17661.775391,27.464176,67.282707,1343.275391,1364.076782,5835.798828,30.378307,1818.731812,70195.812500,3011.100098
2023-02-21,17524.183594,27.343010,67.126244,1343.275391,1333.345459,5734.576660,29.760895,1799.718384,67791.125000,2985.500000
2023-02-22,17798.000000,27.617651,66.703766,1338.721924,1343.258667,5724.759277,30.403332,1795.685547,66791.250000,2973.899902
2023-02-23,17798.000000,28.110390,67.290543,1357.209106,1333.345459,5772.865723,30.787134,1776.480347,70174.812500,3003.100098
2023-02-24,17695.320312,28.005381,67.673889,1361.489258,1331.461914,5821.955078,30.945660,1786.083008,70989.718750,3000.500000
2023-02-27,17695.320312,27.876137,67.165359,1397.006470,1325.414917,5890.680176,30.461744,1780.129395,74190.296875,3029.100098
2023-02-28,17729.546875,28.344643,67.282707,1425.238037,1363.383057,5871.044434,31.112526,1749.689087,73980.312500,3040.800049
2023-03-01,17722.701172,28.118467,67.321838,1401.559814,1361.896118,5802.319336,31.955206,1757.275146,71521.632812,3045.000000
2023-03-02,17797.314453,28.263866,67.853828,1397.916992,1395.799561,5856.317871,32.706116,1786.083008,69790.859375,3045.000000
2023-03-03,17702.849609,28.118467,67.673889,1411.577515,1397.782227,5817.144531,32.197166,1805.288086,72290.531250,3079.899902
2023-03-06,18123.154297,28.263866,67.853828,1418.863037,1392.627441,5796.428711,31.704903,1795.685547,69475.906250,3062.699951
2023-03-07,18123.154297,28.215401,67.986832,1393.363647,1368.042358,5770.902832,32.113735,1765.917480,67171.195312,3028.199951
2023-03-08,17934.906250,28.942396,68.378014,1402.470703,1348.215454,5763.048340,33.031509,1751.513550,67090.218750,3054.000000
2023-03-09,18174.496094,29.079714,68.628365,1411.577515,1330.371460,5763.048340,33.114941,1769.758423,64489.554688,3079.699951
2023-03-10,17962.287109,29.152412,69.473312,1411.577515,1332.354248,5750.285156,31.796684,1775.520020,63076.742188,3043.800049
2023-03-13,17455.048828,28.175013,68.769188,1394.274292,1333.345459,5684.505859,31.162584,1747.672607,63090.738281,2997.500000
2023-03-14,17130.574219,28.336569,67.282707,1393.454590,1304.596924,5566.692383,31.863432,1757.275146,62791.777344,3000.899902
2023-03-15,16678.093750,28.409264,66.109184,1397.916992,1263.951904,5424.334473,32.455811,1747.672607,59703.179688,2924.899902
2023-03-16,16374.842773,28.409264,66.406471,1402.470703,1304.795044,5596.145020,32.539246,1738.070068,59592.191406,2942.300049
2023-03-17,15882.660156,27.617651,64.935638,1391.542358,1278.326416,5512.694336,31.120865,1677.861694,61591.933594,2949.800049
2023-03-20,15689.620117,27.504562,66.141556,1389.720825,1249.082031,5527.421387,31.421230,1670.851685,64141.601562,2896.800049
2023-03-21,16223.561523,28.158859,66.324799,1393.363647,1280.804810,5655.052734,32.330666,1718.864624,67787.125000,2992.100098
2023-03-22,16052.425781,28.280024,65.068275,1384.347778,1308.562012,5694.323730,31.788340,1728.467285,66390.304688,2983.199951
2023-03-23,16044.895508,28.110390,66.141556,1387.079834,1313.419800,5703.160156,32.455811,1747.672607,65491.421875,2975.600098
2023-03-24,15949.746094,27.472252,66.935600,1375.149658,1287.644897,5571.601562,32.122078,1751.321533,65341.449219,2912.000000
2023-03-27,15907.305664,27.876137,67.406792,1388.810303,1274.460205,5460.660645,32.547588,1756.314941,65721.390625,2935.000000
2023-03-28,15812.837891,28.166935,67.293358,1394.274292,1273.072266,5388.891602,32.005272,1763.996826,65509.417969,2933.000000
2023-03-29,16315.973633,28.683908,68.610947,1398.827881,1308.363892,5434.151855,33.498741,1757.275146,66141.343750,2950.100098
2023-03-30,16872.625000,28.675831,67.319534,1402.470703,1313.518921,5458.696777,34.833679,1764.957275,64091.605469,2945.000000
2023-03-31,17021.648438,28.473890,67.363159,1398.827881,1316.889282,5507.786133,36.176964,1755.354492,63791.644531,2964.699951
2023-04-03,16918.644531,28.595055,67.494057,1407.115112,1312.229858,5405.680176,35.292568,1755.258667,63242.714844,2960.600098
2023-04-04,16619.136719,28.683908,67.328262,1398.827881,1279.813477,5365.427734,34.466572,1718.864624,60707.050781,2932.000000
2023-04-05,16911.341797,29.225113,67.485321,1402.379517,1278.822021,5399.789551,34.917110,1709.262085,60092.136719,2914.600098
2023-04-06,17245.916016,29.160490,67.729652,1406.113403,1266.926147,5430.421387,34.958836,1728.467285,60740.042969,2919.300049
2023-04-10,17119.537109,29.176647,67.284630,1422.505737,1269.900024,5414.517090,35.442749,1723.666138,60637.058594,2939.100098
2023-04-11,16947.865234,29.322048,68.139763,1457.112305,1278.227295,5399.789551,36.143597,1707.341553,61779.910156,2940.399902
2023-04-12,17159.712891,30.008650,68.069954,1452.558838,1309.553467,5517.603516,37.453506,1747.672607,61769.914062,2979.899902
2023-04-13,17312.390625,30.372145,67.886719,1452.558838,1328.388794,5597.225586,37.461849,1728.467285,60692.054688,2981.100098
2023-04-14,17177.248047,30.259060,68.497520,1461.756836,1358.128906,5668.797363,37.561970,1723.666138,63014.746094,3010.000000
2023-04-17,17312.390625,30.533701,68.933807,1469.862183,1328.388794,5741.449219,36.310463,1725.586426,65831.375000,3040.000000
2023-04-18,17205.736328,30.533701,71.097809,1484.433228,1328.388794,5689.414551,37.503567,1675.653198,65689.398438,3041.500000
2023-04-19,17216.697266,30.339838,69.736580,1467.494141,1299.640015,5645.234863,37.436821,1680.454346,63641.667969,3023.100098
2023-04-20,17348.917969,30.598322,69.719131,1458.569458,1288.636230,5532.329590,37.411789,1703.500610,62091.867188,3002.300049
2023-04-21,17167.021484,30.767057,69.151947,1429.791504,1285.761353,5483.240723,36.293774,1666.050537,52972.062500,2897.500000
2023-04-24,16915.726562,31.269730,69.806389,1457.112305,1282.787354,5414.517090,37.044682,1680.454346,54743.835938,2927.199951
2023-04-25,17020.917969,31.477732,69.736580,1466.219482,1287.744019,5483.633301,36.844437,1698.699219,54092.914062,2935.000000
2023-04-26,17386.173828,32.240410,71.516640,1475.326172,1268.908691,5497.968262,36.969589,1704.460815,52093.175781,2950.899902
2023-04-27,17809.138672,33.107086,74.151840,1479.879639,1269.007812,5547.057129,38.371284,1667.682739,54020.925781,2985.000000
2023-04-28,17787.955078,33.453754,74.998230,1498.093506,1254.038696,5514.658203,38.379623,1662.209473,54642.843750,2985.399902
2023-05-02,17415.392578,33.193756,74.561951,1520.861084,1273.667114,5452.806152,38.871883,1618.037476,52493.125000,2939.000000
2023-05-03,17634.548828,33.193756,74.151840,1529.967773,1258.896240,5419.425781,38.796795,1626.679810,52793.089844,2952.899902
2023-05-04,17532.275391,33.627094,75.242569,1491.718750,1288.834473,5399.789551,37.962456,1642.044067,51173.300781,2962.899902
2023-05-05,17532.275391,33.713764,76.219849,1544.001831,1264.033936,5497.968262,38.629925,1709.262085,53871.945312,3010.100098
2023-05-08,18262.789062,33.809097,78.095894,1594.924194,1298.732788,5419.703613,40.298603,1728.467285,55282.761719,3054.899902
2023-05-09,18153.210938,33.887096,77.659607,1559.550659,1278.904907,5370.611816,40.448788,1704.460815,55592.718750,3057.699951
2023-05-10,17788.685547,33.583759,78.183159,1494.634277,1338.388916,5392.211914,40.006588,1670.851685,56492.597656,3058.500000
2023-05-11,17839.091797,33.627094,77.834114,1511.154907,1338.388916,5380.429688,39.480949,1717.904541,58943.281250,3082.800049
2023-05-12,17897.531250,33.609756,78.174423,1486.859863,1358.216919,5400.066406,39.631134,1738.070068,58592.328125,3055.899902
2023-05-15,17533.005859,33.757095,77.310577,1464.508301,1362.281616,5338.210938,39.422546,1782.722046,57547.632812,3040.500000
2023-05-16,17167.021484,33.237087,76.560158,1473.254395,1371.997437,5367.666504,39.964874,1814.890625,58796.535156,3054.100098
2023-05-17,17450.460938,32.847088,75.696304,1457.705688,1383.596802,5439.339844,40.215168,1842.738159,57605.628906,3057.800049
2023-05-18,17600.214844,32.483078,76.123863,1496.577881,1404.515137,5635.706055,40.632343,1852.340820,57756.617188,3053.100098
2023-05-19,17714.904297,32.673752,75.181480,1510.377441,1426.623291,5802.616699,41.308151,1867.705078,56995.671875,3043.000000
2023-05-22,18116.685547,32.413746,75.041862,1511.154907,1457.951538,5954.800293,38.187721,1847.539551,56715.691406,3075.000000
2023-05-23,18116.685547,32.283741,75.478157,1501.436768,1444.468628,5989.165039,38.129322,1800.486816,57375.640625,3104.500000
2023-05-24,17516.935547,31.711739,75.565414,1509.988770,1466.279419,6026.474609,38.488091,1790.884155,55577.777344,3044.399902
2023-05-25,17736.818359,32.127743,75.225105,1491.718750,1467.468994,6018.619629,38.963661,1767.838013,53448.945312,3027.600098
2023-05-26,17861.007812,31.607735,73.863884,1494.634277,1442.981323,6014.691895,38.521461,1773.503540,53056.972656,2984.399902
2023-05-29,17641.851562,31.417063,74.082031,1496.577881,1425.631958,5949.891602,37.962456,1776.480347,54295.875000,2973.000000
2023-05-30,17711.251953,31.599066,73.907509,1496.577881,1377.945679,5843.854004,38.204414,1782.722046,53738.921875,2973.000000
2023-05-31,17393.480469,30.507057,71.464294,1486.859863,1373.087891,5743.707520,37.128113,1714.063477,52196.039062,2919.899902
2023-06-01,17240.072266,30.966393,73.209450,1465.480103,1401.838501,5743.707520,37.403450,1718.864624,53007.972656,2922.300049
2023-06-02,17422.701172,31.781069,75.853371,1501.436768,1467.270752,5890.981934,38.379623,1726.354736,54645.851562,2971.199951
2023-06-05,17389.826172,31.737736,75.565414,1524.274292,1464.990479,5773.161621,39.505978,1725.586426,54846.832031,2992.899902
2023-06-06,17889.496094,32.240410,75.565414,1516.013794,1487.098755,5792.799316,40.465473,1744.695801,56493.707031,3002.000000
2023-06-07,17459.224609,32.543747,74.343803,1519.901001,1432.571899,5724.070801,40.465473,1727.506958,56494.707031,3023.800049
2023-06-08,17568.802734,32.387745,73.279259,1524.662964,1460.330933,5738.896484,40.882641,1739.030273,56094.738281,2993.800049
2023-06-09,17568.802734,32.309742,73.689369,1525.731934,1460.330933,5762.361816,41.091228,1776.480347,55795.761719,2998.300049
2023-06-12,17605.330078,32.509079,73.986046,1519.901001,1423.649170,5777.089355,40.865955,1824.493286,56045.746094,3000.100098
2023-06-13,17714.904297,32.517750,74.300179,1506.295898,1419.683594,5733.888672,41.174660,1800.486816,57695.617188,3029.300049
2023-06-14,17815.712891,32.925087,73.305435,1506.295898,1441.593506,5738.798340,41.466679,1813.450317,56935.679688,3025.399902
2023-06-15,17853.699219,33.141754,73.541031,1530.590820,1452.498779,5734.870605,42.134151,1843.602417,57132.660156,3027.899902
2023-06-16,17751.431641,33.193756,72.450302,1514.070312,1492.749634,5719.161621,43.969700,1811.049805,57300.648438,3039.500000
2023-06-19,17576.837891,33.843761,72.991302,1500.076294,1501.572998,5733.888672,43.377319,1810.089478,58115.589844,3030.699951
2023-06-20,17531.544922,33.332420,72.249611,1518.832031,1532.703125,5959.709961,44.136570,1808.649048,58191.582031,3048.300049
2023-06-22,17533.005859,32.795086,72.031471,1523.788452,1516.840820,6038.255859,44.361839,1794.725220,57211.656250,3037.000000
2023-06-23,17426.351562,31.997736,71.028000,1501.436768,1478.176147,5841.890137,44.136570,1782.337769,56110.734375,3015.000000
2023-06-27,17386.904297,31.460400,70.609161,1482.000732,1445.460083,5679.888184,44.687233,1807.208496,57442.636719,2992.500000
2023-06-28,17530.814453,31.798405,70.678970,1481.028809,1481.150391,5758.434570,44.220001,1795.685547,56337.730469,2984.199951
2023-06-29,17541.773438,32.197075,73.034927,1482.000732,1497.210938,5841.890137,44.153252,1848.499756,57360.640625,3019.100098
2023-06-30,17896.070312,32.881752,73.026207,1510.085815,1520.806274,5841.890137,43.469093,1848.499756,58394.566406,3047.899902
2023-07-03,17690.796875,32.656414,72.965126,1578.209351,1522.788940,5885.090820,43.093647,1892.671753,61385.335938,3076.000000
2023-07-04,18007.109375,33.193756,73.296707,1608.335205,1521.797607,5827.261230,42.634754,1922.439697,62375.265625,3107.300049
2023-07-05,17535.927734,32.673752,72.816788,1589.870972,1529.134033,5759.416504,42.885063,1898.433105,60764.382812,3085.000000
2023-07-06,17766.041016,32.240410,72.197250,1558.773193,1545.591309,5719.161621,42.910091,1886.910156,59485.484375,3051.300049
2023-07-07,18592.248047,32.925087,73.471222,1584.040161,1566.608887,5886.072754,43.844551,1906.595459,63616.167969,3150.300049
2023-07-10,19039.615234,32.717083,72.738251,1599.588989,1556.496704,5765.307129,45.262928,1963.731079,64395.109375,3150.399902
2023-07-11,19002.517578,33.488422,72.973854,1593.855347,1556.496704,5806.543945,45.938744,1950.287354,64872.074219,3172.500000
2023-07-12,19249.839844,34.060429,75.041862,1600.560791,1559.966431,5871.345215,47.557358,1982.936157,65595.015625,3206.199951
2023-07-13,18842.582031,34.303104,74.614304,1584.040161,1561.453735,5890.981934,49.059170,1952.976074,64395.109375,3217.000000
2023-07-14,19333.103516,34.753777,75.478157,1623.884033,1555.505249,5920.436523,48.900646,2002.141357,64672.089844,3220.199951
2023-07-17,19713.152344,35.187111,75.652672,1657.800049,1586.238770,6087.347656,48.391701,2093.365967,64745.871094,3253.100098
2023-07-18,19645.550781,35.949787,78.008636,1722.036255,1629.860229,6185.530762,48.717091,2155.782959,64844.863281,3321.600098
2023-07-19,19605.156250,36.591133,77.554893,1765.573120,1614.890137,6252.295410,50.060383,2189.199951,64545.882812,3333.000000
2023-07-20,19868.140625,36.495796,77.572350,1788.118896,1608.941772,6283.713867,49.601494,2170.186768,63895.925781,3331.399902
2023-07-21,20284.466797,37.189140,80.521667,1754.105835,1582.173950,6332.805176,50.243938,2145.219971,61311.093750,3317.399902
2023-07-24,20361.134766,37.960480,82.720573,1773.444702,1616.972168,6371.881836,52.146229,2117.276367,60096.171875,3364.000000
2023-07-25,20684.300781,38.532486,83.898552,1768.780029,1601.109497,6234.621582,51.061584,2102.968506,62292.023438,3379.000000
2023-07-26,20774.986328,38.653820,84.107971,1760.908325,1622.920410,6180.327148,48.349983,2107.289795,61495.078125,3375.500000
2023-07-27,20770.865234,38.827156,82.284279,1768.682983,1606.066650,6077.529785,48.141399,2102.968506,59996.171875,3350.199951
2023-07-28,20692.546875,37.917149,81.943977,1769.654663,1620.640137,5988.183594,47.982876,2169.994629,61986.042969,3346.800049
2023-07-31,20774.986328,38.818493,81.498955,1752.162231,1641.756958,6318.078613,48.299923,2227.802490,61511.078125,3390.000000
2023-08-01,20856.601562,38.653820,81.132477,1785.203491,1724.439697,6595.936035,49.184322,2299.822021,60846.117188,3384.600098
2023-08-02,20556.517578,37.033134,80.155190,1768.682983,1680.421631,6421.169922,48.642002,2256.610352,59996.171875,3353.399902
2023-08-03,20321.562500,36.608463,79.055733,1770.626465,1652.662231,6381.896973,47.056759,2247.007812,59996.171875,3322.399902
2023-08-04,20902.769531,36.634468,78.532188,1749.246826,1687.956055,6430.988281,46.873199,2266.020752,60502.136719,3334.100098
2023-08-07,21104.746094,37.007137,80.233711,1782.288086,1672.490356,6411.352051,47.557358,2247.007812,59996.171875,3329.699951
2023-08-08,20446.875000,36.287792,79.387314,1743.415894,1641.756958,6340.660156,47.448895,2223.001221,59897.179688,3314.000000
2023-08-09,21103.923828,37.310474,82.197021,1768.682983,1685.378540,6480.079590,47.557358,2236.444580,60096.171875,3328.100098
2023-08-10,20898.646484,36.920467,81.149925,1777.331909,1660.593750,6491.862305,47.540672,2203.795898,58397.277344,3329.699951
2023-08-11,21023.130859,35.949787,80.582748,1795.407471,1626.886108,6480.079590,47.140186,2198.034424,57996.296875,3297.899902
2023-08-14,20774.986328,35.620449,80.713638,1792.006104,1642.748291,6439.824707,46.931610,2189.392090,56697.382812,3274.300049
2023-08-16,20918.433594,35.533783,81.847992,1774.513794,1625.894653,6426.079102,47.557358,2163.561279,56727.378906,3273.000000
2023-08-17,20570.533203,34.545776,82.109764,1749.246826,1597.144043,6351.459961,47.974533,2098.455322,55680.449219,3273.000000
2023-08-18,20774.986328,34.710442,82.022507,1768.682983,1606.066650,6283.713867,47.473927,2093.269775,55092.488281,3208.899902
2023-08-21,20692.546875,34.797108,81.586220,1792.783691,1585.247192,6092.256836,47.557358,2060.717285,56886.375000,3211.500000
2023-08-22,20856.601562,35.195778,80.539124,1788.118896,1627.778198,6203.203613,47.549019,2120.253418,56845.375000,3239.000000
2023-08-23,20367.728516,35.793789,81.481506,1826.991089,1611.023560,6205.167480,47.473927,2157.703613,56590.390625,3274.000000
2023-08-24,20527.666016,34.710442,79.753799,1790.062500,1566.410645,6028.437988,47.373802,2064.558105,55196.480469,3221.500000
2023-08-25,20446.875000,35.421116,80.242439,1796.379272,1551.539551,6000.946777,46.856514,2030.949219,53796.570312,3181.000000
2023-08-28,20593.615234,35.360447,81.629845,1776.457397,1526.754761,6028.437988,47.348778,2045.352905,52795.636719,3202.199951
2023-08-29,20688.421875,36.088459,81.926521,1773.541870,1511.883667,6129.075684,47.891098,2016.545044,54126.546875,3194.600098
2023-08-30,20527.666016,35.698452,82.022507,1768.682983,1516.840820,6185.530762,47.724228,1974.293823,53196.605469,3200.800049
2023-08-31,20220.160156,35.360447,81.149925,1773.541870,1534.685791,6046.110352,47.932812,2016.641479,52796.636719,3183.000000
2023-09-01,20033.021484,35.152447,80.338425,1788.118896,1546.582764,5920.436523,47.231968,2026.147949,53794.570312,3166.600098
2023-09-04,20206.146484,35.533783,79.858505,1770.626465,1521.995850,5866.436035,47.574047,1987.737427,54186.546875,3159.800049
2023-09-05,19707.382812,34.701775,78.444931,1764.795532,1506.926758,5787.889648,46.856514,1973.333618,54976.488281,3131.300049
2023-09-06,19648.847656,34.987774,77.668335,1735.738770,1495.030029,5886.072754,46.723022,1958.929565,54076.550781,3115.100098
2023-09-07,19538.380859,34.927109,77.947556,1743.415894,1481.249512,5807.525879,46.138981,1944.429688,53796.570312,3106.699951
2023-09-08,19422.962891,34.571770,77.746864,1731.754395,1524.474487,5815.577148,44.887470,1968.532227,53151.613281,3110.100098
2023-09-11,19907.712891,34.563107,77.537445,1698.713013,1525.763428,5823.235352,45.388081,1987.737427,53480.593750,3104.300049
2023-09-12,20033.021484,35.013779,78.008636,1696.769409,1511.487183,5863.490234,46.556149,2026.147949,52216.671875,3109.100098
2023-09-13,20058.578125,35.533783,78.532188,1701.628418,1526.754761,5969.528320,46.723022,2021.346680,52896.628906,3132.800049
2023-09-14,20361.958984,36.270458,81.062668,1729.810791,1541.625610,5938.109863,48.383358,2016.545044,54221.542969,3164.699951
2023-09-15,21868.597656,36.643127,81.847992,1722.036255,1537.660278,5891.963867,48.116367,2006.942627,55346.468750,3189.600098
2023-09-20,21686.359375,35.750454,79.186623,1706.487427,1611.023560,6084.402344,47.599079,1968.532227,52758.636719,3159.600098
2023-09-21,21103.197266,35.360447,77.223312,1682.192383,1596.152710,6135.457520,45.938744,1962.770752,51676.707031,3107.699951
2023-09-22,21139.644531,35.369118,77.738136,1632.630249,1553.522461,6018.619629,46.873199,1957.969360,50985.750000,3071.800049
2023-09-25,21413.000000,35.273781,78.837585,1598.617310,1544.897339,5895.890625,47.448895,1934.923096,50853.753906,3066.300049
2023-09-26,21048.525391,34.615101,78.532188,1611.250732,1556.496704,6087.347656,45.529915,1936.651733,50886.753906,3049.699951
2023-09-27,21092.261719,35.490452,78.663071,1624.369995,1547.276611,6193.385254,45.071033,1919.558960,50017.808594,3031.000000
2023-09-28,20693.160156,36.391796,79.666542,1627.771362,1586.139648,6067.710938,44.970909,1915.718018,52998.617188,3075.000000
2023-09-29,20735.074219,35.663784,78.959747,1637.489380,1622.027954,6185.530762,45.054344,1906.883667,52848.628906,3066.100098
2023-10-02,20638.490234,35.412445,78.968475,1618.053223,1596.152710,6166.384766,44.220001,1871.545898,50916.750000,3047.100098
2023-10-03,20275.833984,35.265114,77.842850,1587.927368,1587.031982,6174.730957,43.811172,1852.340820,49986.808594,3017.300049
2023-10-04,20500.900391,35.525120,78.933571,1593.758179,1596.152710,6222.840820,44.228340,1838.897217,49797.824219,3017.300049
2023-10-05,20155.556641,35.360447,78.619438,1564.604126,1566.410645,6128.584961,42.976833,1853.301147,48773.890625,3001.399902
2023-10-06,20499.986328,35.360447,79.404770,1569.463135,1554.414917,6039.237793,43.802834,1872.506348,50491.777344,2973.199951
2023-10-10,20501.810547,36.287792,80.338425,1554.885986,1625.894653,6174.730957,45.730160,1890.751221,52506.648438,3029.699951
2023-10-11,20538.257812,36.322460,80.277344,1542.544189,1596.152710,6175.712891,45.571632,1894.592285,52936.625000,3056.399902
2023-10-12,20456.250000,35.681118,79.055733,1514.070312,1653.554688,6185.432617,45.888680,1906.115356,54759.507812,3056.399902
2023-10-13,20419.802734,34.883778,79.142990,1472.379883,1689.938965,6259.167969,45.888680,1870.585693,54371.531250,3055.199951
2023-10-16,20656.712891,35.620449,81.987602,1506.295898,1739.905518,6460.443359,45.471512,1864.824219,54389.531250,3097.600098
2023-10-17,20820.726562,35.447117,82.135933,1520.872803,1760.229248,6372.078125,45.471512,1882.108887,55841.433594,3120.399902
2023-10-18,20483.583984,35.533783,82.371544,1482.972534,1759.733643,6313.168945,44.228340,1855.893799,52258.671875,3060.300049
2023-10-19,20428.914062,35.707119,82.031227,1473.546143,1718.094604,6376.300293,43.886265,1838.897217,49826.824219,3017.000000
2023-10-20,20410.691406,35.039780,79.841057,1420.777100,1714.922241,6341.641602,43.402351,1776.480347,48994.875000,2970.199951
2023-10-23,20046.214844,34.927109,78.951027,1360.525146,1685.378540,6156.076172,42.484573,1747.672607,47253.988281,2927.000000
2023-10-24,20565.593750,34.797108,79.841057,1430.495117,1680.421631,6009.783203,43.802834,1766.781616,48294.917969,2912.000000
2023-10-25,19761.921875,34.623772,79.142990,1447.987671,1655.636597,6087.347656,44.470306,1769.662476,46748.015625,2914.899902
2023-10-26,20052.593750,34.901108,79.614189,1436.423096,1660.593750,6185.530762,44.804035,1776.480347,48058.933594,2914.899902
2023-10-30,19685.382812,34.060429,80.137726,1409.115479,1586.536255,5930.254883,44.011417,1738.070068,44697.148438,2882.100098
2023-10-31,19499.498047,33.817760,80.233711,1409.115479,1586.238770,5817.344238,44.220001,1750.073120,43297.242188,2856.300049
2023-11-02,19627.066406,34.658440,81.586220,1394.441284,1657.619385,5940.171875,44.620483,1734.132812,43297.242188,2879.399902
2023-11-03,20501.810547,35.178448,82.537323,1433.410522,1725.034546,6332.707031,44.620483,1823.532959,45137.125000,2948.000000
2023-11-06,20135.511719,35.447117,82.860176,1447.987671,1720.077515,6318.078613,44.553738,1843.698486,41797.894531,2943.000000
2023-11-07,20545.546875,35.369118,83.593155,1472.282715,1742.879761,6431.970215,44.587112,1875.195068,43148.832031,2971.000000
2023-11-08,20820.726562,35.447117,83.156860,1443.128540,1754.776367,6430.988281,44.553738,1853.781128,43357.820312,2988.600098
2023-11-09,21030.300781,35.429787,81.847992,1473.740479,1725.034546,6283.713867,45.371391,1801.447144,43696.800781,2974.699951
2023-11-10,21243.519531,35.620449,82.240646,1491.718750,1703.223877,6265.059570,45.054344,1816.907227,42598.859375,2965.399902
2023-11-13,21075.861328,35.533783,81.891617,1506.295898,1725.034546,6362.162598,45.788559,1814.890625,46587.656250,2980.399902
2023-11-14,20829.839844,35.767788,82.022507,1511.154907,1716.409424,6352.441895,45.471512,1812.970215,45916.691406,3008.500000
2023-11-15,21114.130859,36.279125,82.886360,1527.189575,1763.698975,6469.279785,45.830276,1877.307617,45722.699219,3042.100098
2023-11-16,20866.285156,36.391796,82.895081,1569.463135,1761.716309,6472.617676,45.638386,1920.519287,41947.890625,3042.100098
2023-11-17,20971.074219,36.443794,82.554779,1534.478149,1751.802246,6386.805664,46.138981,1930.121826,44257.773438,3029.800049
2023-11-20,21112.306641,36.556465,83.008514,1554.885986,1752.793823,6480.079590,46.472713,1944.525757,46676.656250,3052.500000
2023-11-21,21275.412109,36.227127,82.807831,1540.308960,1715.814575,6421.169922,45.479855,1930.121826,44996.734375,3030.100098
2023-11-22,21320.970703,36.114456,83.628052,1520.872803,1712.642212,6504.625977,45.638386,1919.558960,45087.734375,3030.100098
2023-11-23,21321.882812,36.391796,83.331375,1531.562866,1705.206421,6494.807617,45.880341,1906.115356,44897.742188,3030.100098
2023-11-24,21116.863281,36.227127,83.505890,1535.449951,1660.593750,6381.896973,46.205730,1893.631958,44147.781250,3041.300049
2023-11-27,21112.306641,36.270458,83.662956,1517.957397,1665.451416,6407.718750,46.147327,1872.410278,43582.804688,3029.000000
2023-11-28,21230.765625,36.443794,83.793839,1511.154907,1670.507690,6451.606934,46.639591,1901.314087,43500.816406,3026.300049
2023-11-29,21495.007812,36.660465,84.029442,1515.042114,1679.529419,6435.897461,46.431004,1938.764160,43997.785156,3045.000000
2023-11-30,21341.927734,37.093803,85.495377,1574.322144,1672.490356,6337.518066,45.897018,1955.088745,44297.769531,3043.699951
2023-12-01,21148.757812,36.573799,85.477921,1550.027100,1673.977539,6384.841797,47.307060,2011.647827,45987.687500,3075.100098
2023-12-04,21112.306641,36.833801,85.251053,1545.167969,1650.679565,6226.768066,46.806454,2016.545044,43407.816406,3085.000000
2023-12-05,21759.253906,37.483807,85.949112,1569.463135,1702.232422,6301.583496,48.667034,2102.968506,43732.796875,3079.600098
2023-12-06,21677.248047,37.267139,86.167259,1603.476074,1696.283691,6381.896973,48.383358,2102.872803,44208.781250,3110.000000
2023-12-07,21867.685547,37.267139,86.123627,1616.109741,1698.960693,6418.715332,48.258205,2110.554443,46187.675781,3105.100098
2023-12-11,21212.539062,36.556465,85.774605,1574.322144,1675.464478,6214.985352,48.141399,2074.160400,44198.261719,3059.899902
2023-12-12,21731.009766,37.171806,86.210892,1590.842773,1635.808716,6224.902832,48.800529,2099.991455,43998.265625,3095.000000
2023-12-13,21458.560547,37.527142,88.898430,1598.617310,1633.330078,6330.841309,49.267754,2117.372314,46198.179688,3149.899902
2023-12-14,21868.597656,38.263821,89.264923,1617.956055,1675.464478,6457.498047,50.268963,2174.988037,49277.054688,3234.000000
2023-12-15,21677.248047,38.133820,88.662834,1632.630249,1657.619385,6441.002930,49.810074,2175.948486,50997.992188,3260.800049
2023-12-18,21618.019531,37.007137,85.949112,1608.335205,1651.671021,6283.713867,49.084206,2131.776367,49998.027344,3196.500000
2023-12-19,21349.218750,36.946468,86.734436,1622.912231,1653.455566,6190.734375,48.850586,2178.829102,49810.039062,3171.000000
2023-12-20,21349.218750,36.998470,87.066017,1608.335205,1636.800171,6136.439453,48.642002,2137.538086,50748.003906,3180.899902
2023-12-21,21222.564453,36.946468,87.947319,1603.476074,1667.533325,6185.530762,49.226040,2126.975098,51299.980469,3186.800049
2023-12-22,21413.000000,37.093803,88.566856,1613.194214,1640.765625,6126.621094,49.117573,2102.968506,52894.917969,3200.000000
2023-12-26,21324.615234,37.050472,89.439438,1618.053223,1704.116211,6263.095703,48.750469,2116.892090,54747.843750,3250.000000
2023-12-27,21585.216797,37.180473,88.968239,1613.194214,1685.378540,6332.805176,47.757599,2102.968506,53992.871094,3236.000000
2023-12-28,21686.359375,37.431808,89.788467,1603.476074,1685.378540,6339.678223,47.891098,2118.332764,55297.820312,3278.899902
2023-12-29,21731.919922,37.267139,90.303291,1608.335205,1685.378540,6293.532227,47.549019,2112.571045,52647.921875,3248.600098
2024-01-02,21674.513672,37.553146,88.427238,1619.996826,1700.150513,6372.078125,47.515644,2112.571045,53195.902344,3235.100098
2024-01-03,21376.554688,37.865147,87.703003,1584.040161,1668.822266,6244.440918,46.155670,2112.571045,50947.992188,3203.600098
2024-01-04,21230.765625,37.700478,87.170731,1540.406006,1659.602295,6136.439453,46.305851,2112.571045,49097.066406,3199.000000
2024-01-05,21140.556641,37.596478,86.908951,1511.154907,1665.500000,6067.710938,45.262928,2059.853027,48808.078125,3160.199951
2024-01-08,21205.250000,37.518478,86.908951,1512.320923,1682.552734,6028.437988,45.429798,2069.359375,48978.070312,3168.899902
2024-01-09,21593.417969,37.674480,87.563385,1572.281372,1694.350586,6121.711914,45.554947,2144.355957,48506.089844,3181.300049
2024-01-10,21595.240234,37.267139,86.716988,1592.786377,1690.186646,6087.347656,45.054344,2112.571045,47288.136719,3168.000000
2024-01-11,21376.554688,37.085140,86.926407,1588.899292,1670.556396,6125.639160,45.137775,2134.368896,45998.187500,3144.899902
2024-01-12,21726.453125,37.215141,87.257988,1545.265137,1635.856323,6018.619629,45.062687,2064.558105,44408.250000,3112.500000
2024-01-15,21595.240234,37.267139,86.908951,1544.487671,1651.520996,6038.255859,45.137775,2046.409302,45494.210938,3129.199951
2024-01-16,21590.683594,37.093803,86.123627,1529.619141,1621.976196,6006.837891,45.471512,1993.499023,45598.203125,3123.199951
2024-01-17,21321.882812,36.400459,86.036377,1539.337158,1582.319214,5940.073730,45.037659,1947.406494,44698.238281,3080.800049
2024-01-18,21362.884766,36.400459,86.036377,1473.254395,1566.456299,5916.018066,44.770668,1920.519287,43998.265625,3060.000000
2024-01-19,21618.019531,36.790466,86.385406,1482.000732,1532.747803,5748.616699,44.470306,1920.519287,42991.308594,3059.600098
2024-01-22,21681.804688,36.747131,86.586098,1511.154907,1566.357178,5939.091797,44.299698,1934.923096,43598.281250,3070.000000
2024-01-23,21422.115234,36.487125,86.394135,1517.957397,1586.284912,5940.073730,44.890366,1968.532227,44798.234375,3118.399902
2024-01-24,21727.363281,36.790466,87.746628,1579.181152,1625.942139,6082.438965,45.902931,2054.955566,44898.230469,3148.399902
2024-01-25,21868.597656,36.755802,88.348709,1530.590820,1586.284912,5940.073730,45.902931,2026.147949,42753.316406,3116.600098
2024-01-26,22050.835938,36.929138,89.177658,1554.885986,1610.079102,6077.529785,47.253014,2112.571045,43429.289062,3166.399902
2024-01-29,22186.603516,37.353806,90.748299,1569.365967,1566.456299,6077.529785,47.759293,2108.730225,42698.320312,3158.600098
2024-01-30,22278.632812,36.660465,90.093872,1545.167969,1536.713501,5933.200195,46.831108,2107.769775,41015.386719,3147.399902
2024-01-31,22433.537109,37.267139,90.966446,1572.475708,1502.013428,5803.696777,47.160194,2122.077637,40298.414062,3118.500000
2024-02-01,23144.267578,38.827156,93.191528,1598.617310,1556.542114,5905.708984,47.058941,2208.501221,39800.433594,3150.100098
2024-02-02,22962.027344,38.549820,93.366043,1632.630249,1535.325439,5890.981934,46.620163,2192.272949,38098.496094,3013.899902
2024-02-05,23052.234375,38.653820,94.064110,1652.066406,1536.713501,5974.437012,46.409210,2218.199951,38196.496094,3129.000000
2024-02-06,23189.824219,38.471821,94.893059,1613.194214,1530.764893,5890.981934,46.662346,2203.795898,38378.484375,3128.199951
2024-02-07,23052.234375,38.220486,94.657463,1608.238037,1519.859253,5881.163086,45.691978,2213.494385,38848.468750,3121.300049
2024-02-08,23143.353516,37.917149,94.107735,1598.617310,1522.139526,5812.435547,45.565407,2205.716309,39175.457031,3118.899902
2024-02-09,23599.861328,38.610489,94.334602,1619.510986,1531.756348,5885.974121,45.227879,2218.199951,39038.460938,3118.899902
2024-02-12,23594.394531,38.922493,95.372978,1586.955566,1523.725708,5992.403809,45.987305,2184.590576,41087.382812,3165.000000
2024-02-13,23640.865234,38.220486,95.102478,1559.745117,1530.764893,5920.436523,45.244762,2184.590576,38898.468750,3153.500000
2024-02-14,24137.464844,39.208500,95.983780,1597.645386,1541.670532,5841.890137,46.409210,2174.892090,38858.468750,3160.399902
2024-02-15,24602.171875,41.253857,97.004700,1651.094604,1566.456299,5900.112305,47.506153,2203.795898,40290.414062,3219.000000
2024-02-16,24729.740234,42.406536,99.561363,1715.233643,1624.950684,6002.910645,48.805611,2246.911621,42388.332031,3263.399902
2024-02-19,24784.410156,41.990532,99.474098,1729.810791,1641.804688,6131.432129,49.109379,2277.735840,43098.300781,3301.199951
2024-02-20,24875.529297,42.033867,99.823135,1743.415894,1655.189087,6173.749023,49.024998,2266.212646,41246.371094,3292.399902
2024-02-21,24329.724609,41.167191,98.950562,1688.994995,1610.079102,6001.928711,48.434341,2166.345703,41309.371094,3271.699951
2024-02-22,23875.951172,40.733849,96.856361,1685.107666,1619.993408,5940.073730,48.771858,2123.134033,42318.332031,3268.699951
2024-02-23,23882.332031,40.040512,93.985573,1647.207397,1586.284912,5823.235352,48.096813,2117.372314,43336.292969,3248.000000
2024-02-26,24105.572266,40.387177,94.151360,1656.925415,1615.036377,5899.817871,48.856239,2138.498291,43198.296875,3230.199951
2024-02-27,24702.402344,41.080521,95.983780,1670.530640,1674.026245,6057.892578,48.932182,2178.829102,44909.230469,3273.000000
2024-02-28,24697.847656,40.907188,96.856361,1661.784424,1670.655518,6130.548340,48.518723,2275.815430,45109.226562,3316.300049
2024-02-29,24419.933594,40.716518,97.728943,1686.079590,1700.299194,6087.347656,48.965931,2352.636230,47998.105469,3351.399902
2024-03-01,24371.640625,41.539864,96.777832,1658.869019,1692.367798,6077.529785,48.518723,2426.576172,49458.050781,3364.199951
2024-03-04,24137.464844,40.820515,95.023949,1625.924805,1656.676270,6164.912598,47.843678,2323.828369,46699.164062,3302.899902
2024-03-05,24040.878906,40.673183,94.500404,1581.124756,1645.770630,6038.255859,47.134880,2318.066650,44348.253906,3278.000000
2024-03-06,24823.591797,40.742516,98.077972,1613.194214,1647.753418,6165.894043,48.518723,2318.066650,45404.210938,3316.500000
2024-03-07,24419.933594,40.430515,98.165237,1622.912231,1652.710449,6224.804199,47.978687,2337.271973,45533.203125,3325.000000
2024-03-08,24601.261719,40.612514,97.083237,1621.940430,1695.341919,6234.621582,48.603100,2343.033691,44609.242188,3304.899902
2024-03-11,24684.179688,41.210526,96.769104,1625.536133,1695.341919,6229.713379,48.839367,2392.966797,47253.140625,3329.899902
2024-03-12,24874.619141,42.025200,98.165237,1670.530640,1734.007812,6430.988281,50.020691,2442.900391,47803.117188,3378.000000
2024-03-13,24620.396484,41.903862,97.554436,1642.445435,1719.532837,6450.625000,48.695915,2429.456787,48000.105469,3397.600098
2024-03-14,24826.324219,41.678528,97.545700,1642.348267,1738.964844,6646.991211,48.349953,2401.609375,46242.175781,3371.699951
2024-03-15,24866.419922,41.773861,96.158302,1647.207397,1733.016357,6627.354004,48.771858,2378.659180,47747.117188,3375.199951
2024-03-18,24501.939453,41.375195,96.507332,1661.784424,1753.836182,6461.719727,47.885868,2391.046631,47799.117188,3355.199951
2024-03-19,24375.285156,40.811852,95.547493,1622.912231,1754.827515,6529.171387,47.928059,2382.404053,46546.167969,3359.300049
2024-03-20,24693.291016,40.837852,94.858154,1650.122803,1849.013184,6769.621582,47.868992,2401.609375,48698.082031,3367.399902
2024-03-21,24430.867188,41.262524,96.481155,1637.489380,1849.013184,6725.537598,47.506153,2405.450195,48198.101562,3383.399902
2024-03-22,24870.974609,41.236526,98.339745,1641.376587,1883.217529,6848.266113,48.096813,2400.649170,47298.136719,3399.600098
2024-03-25,24720.626953,41.427193,92.894852,1624.855957,1914.447632,6774.629395,48.096813,2399.688721,45508.203125,3387.100098
2024-03-26,24752.517578,41.938530,93.662720,1620.968628,1903.541870,6853.174805,48.181194,2415.053223,45753.199219,3390.699951
2024-03-27,25513.365234,41.903862,93.627823,1637.489380,1950.139038,6843.455566,49.362522,2447.701660,47548.128906,3425.600098
2024-03-28,25522.476562,42.293869,95.111206,1652.066406,1973.933228,6911.103027,49.700043,2470.748047,47696.117188,3446.000000
2024-04-01,25786.720703,42.467209,94.945412,1666.643555,1934.276123,6701.973145,49.151573,2457.304443,48051.105469,3440.300049
2024-04-02,25968.958984,43.030544,94.151360,1661.784424,1959.061768,6725.537598,49.151573,2467.867188,47096.144531,3409.199951
2024-04-03,25886.951172,42.727207,94.247353,1642.348267,1934.276123,6745.174316,47.928059,2458.264648,47005.148438,3422.699951
2024-04-04,26090.005859,41.860531,95.111206,1628.743164,1913.456177,6775.611328,49.278149,2419.854492,45698.199219,3429.800049
2024-04-05,25924.730469,41.297195,95.922699,1598.617310,1889.661865,6676.445801,48.932182,2362.238770,44799.234375,3383.100098
2024-04-08,26349.726562,41.505192,94.840706,1604.447998,1960.053223,6960.194824,49.193764,2429.456787,46998.148438,3394.600098
2024-04-09,26184.449219,41.383858,94.570206,1610.278809,1948.156006,7069.178223,50.206326,2482.175049,48502.089844,3428.899902
2024-04-10,26634.000000,40.924522,95.111206,1618.053223,1930.508545,7010.268066,49.193764,2474.493164,48781.078125,3435.199951
2024-04-11,26774.720703,40.907188,95.111206,1651.094604,1935.267578,7082.727051,50.569164,2440.979736,49048.070312,3452.899902
2024-04-12,26302.501953,40.109840,93.627823,1612.222412,1884.704712,6872.812012,49.362522,2368.480225,46597.164062,3391.699951
2024-04-15,25896.396484,39.936508,92.493469,1569.560181,1883.713257,6876.739258,48.721233,2328.629639,45898.191406,3330.000000
2024-04-16,25322.181641,39.685169,92.921028,1559.745117,1865.867676,6791.025879,48.923748,2322.867920,44998.226562,3322.899902
2024-04-17,25130.460938,39.737171,93.540558,1600.560791,1883.713257,6872.812012,47.674915,2362.238770,45138.226562,3310.000000
2024-04-18,25838.785156,39.433834,92.763962,1603.476074,1849.112305,6882.630859,47.995564,2433.297852,44288.253906,3328.500000
2024-04-19,25310.847656,38.931549,91.315483,1575.293823,1858.927612,6857.986328,46.957684,2382.404053,42923.308594,3286.000000
2024-04-22,25499.734375,39.292862,91.298027,1598.714478,1879.747681,6859.851562,47.624287,2382.404053,41978.343750,3287.000000
2024-04-23,25971.951172,39.383190,94.456772,1584.040161,1934.870972,6941.540039,48.096813,2443.764648,42875.308594,3318.199951
2024-04-24,25924.730469,39.283833,92.057175,1570.434937,1874.790405,6754.992676,47.337391,2395.847900,41012.386719,3295.800049
2024-04-25,25863.341797,39.247700,91.184593,1550.027100,1809.356201,6548.808594,46.493587,2371.841309,41296.371094,3240.500000
2024-04-26,25924.730469,39.274799,92.301498,1572.378540,1834.141968,6665.645508,46.974556,2391.238525,42198.335938,3267.199951
2024-04-29,26444.169922,39.473522,92.380035,1622.912231,1903.541870,6970.995117,49.674728,2487.072510,44248.261719,3336.600098
2024-04-30,26445.111328,39.292862,92.929756,1598.714478,1879.747681,6726.519531,48.096813,2467.867188,43848.273438,3344.500000
2024-05-02,26160.837891,38.678631,92.484734,1608.335205,1883.713257,6676.445801,46.772045,2458.264648,44078.261719,3331.300049
2024-05-03,26532.945312,38.543137,91.952461,1647.499023,1883.736694,6735.355957,47.624287,2468.443604,44908.230469,3368.000000
2024-05-06,25546.955078,38.208923,91.298027,1653.206177,1836.246948,6627.354004,46.535778,2476.509277,44448.246094,3335.800049
2024-05-07,25688.621094,38.705730,93.976845,1688.629883,1903.565552,6818.811523,46.966122,2539.886963,44998.226562,3335.800049
2024-05-08,26094.728516,38.678631,93.348595,1726.907104,1877.788208,6897.357422,48.383705,2664.720459,45033.226562,3384.699951
2024-05-09,25877.507812,38.705730,92.310226,1721.003296,1867.873779,7020.086426,49.261265,2631.111328,44903.230469,3400.899902
2024-05-10,25509.177734,39.726440,93.976845,1698.371460,1874.813843,7069.178223,49.531284,2639.753418,43695.277344,3393.100098
2024-05-13,25876.564453,40.286476,95.896530,1719.035278,1901.582764,7117.287598,49.404709,2592.700928,44448.464844,3399.899902
2024-05-14,25783.064453,40.647793,97.292656,1736.747192,1905.548462,7162.452148,49.362522,2609.025391,45098.445312,3425.000000
2024-05-15,25617.789062,40.972973,97.379906,1770.202881,1888.693970,7226.270508,50.189453,2626.310059,43560.496094,3440.399902
2024-05-16,25263.625000,40.828449,95.722008,1761.346924,1893.750244,7137.905762,48.949059,2631.111328,42899.519531,3409.300049
2024-05-17,25853.898438,40.367771,94.858154,1771.580444,1933.308838,7313.654297,48.012436,2688.727051,42469.535156,3398.000000
2024-05-20,25613.066406,40.331642,94.509125,1815.368164,1913.479980,7242.274414,48.442776,2718.495117,43304.507812,3421.399902
2024-05-22,25499.734375,40.828449,96.088493,1815.466553,1898.608521,7481.546875,48.518723,2669.521973,43275.507812,3397.100098
2024-05-23,25547.900391,41.009106,95.983780,1844.986206,1938.860840,7530.638184,49.058750,2688.727051,44117.476562,3433.500000
2024-05-24,25518.623047,40.882645,94.805801,1832.489624,1942.231812,7530.638184,49.549171,2627.750488,44498.464844,3402.100098
2024-05-27,25317.458984,40.918777,94.238625,1837.409668,1951.154663,7669.076660,49.811863,2602.303711,44897.449219,3425.000000
2024-05-28,25367.513672,40.349705,94.587654,1798.837036,1982.880737,7590.627930,49.268356,2628.230469,44272.468750,3431.899902
2024-05-29,24744.185547,39.735477,94.657463,1771.186890,1962.060547,7412.818848,48.915081,2693.624268,42850.519531,3380.800049
2024-05-30,24961.406250,39.238667,94.247353,1766.266846,1921.510620,7378.552734,48.480278,2617.667725,42818.523438,3345.699951
2024-05-31,24602.521484,39.247700,95.111206,1696.305054,1904.656128,7481.055664,47.655968,2670.481934,43000.519531,3324.600098
2024-06-03,24441.968750,39.292862,95.111206,1738.715088,1924.385864,7442.273438,47.864315,2676.243652,41848.554688,3307.800049
2024-06-04,24555.298828,39.383190,94.081558,1728.284790,1922.402954,7550.274902,48.652386,2665.680664,41201.578125,3316.699951
2024-06-05,25333.513672,39.473522,93.453300,1712.639404,1932.119141,7589.547852,49.331768,2716.574463,42508.531250,3352.899902
2024-06-06,25188.070312,39.834835,93.802330,1760.363037,1922.799561,7520.820312,49.367996,2784.849121,42774.523438,3353.899902
2024-06-07,24838.630859,39.518688,94.893059,1758.198120,1893.651123,7398.091309,48.878853,2737.700195,41787.554688,3347.800049
2024-06-10,24838.630859,39.021881,93.540558,1770.202881,1883.736694,7363.923340,48.444046,2746.342529,42173.542969,3347.500000
2024-06-11,24371.134766,38.750896,93.304962,1726.907104,1839.121826,7236.089355,47.782791,2760.746338,41372.574219,3294.399902
2024-06-12,24933.074219,39.202538,93.017006,1731.827148,1819.293091,7152.633301,47.556324,2823.163330,40744.593750,3299.800049
2024-06-13,25027.517578,39.301899,92.493469,1717.067261,1806.404297,7081.941895,46.922245,2869.255859,39873.625000,3276.899902
2024-06-14,25012.406250,39.211567,93.357315,1741.667114,1835.453857,7251.798340,46.759197,2878.858154,39785.628906,3271.100098
2024-06-17,24675.242188,39.401257,92.938477,1741.667114,1818.301636,7236.481934,47.338928,2923.990479,39473.636719,3274.399902
2024-06-18,24933.074219,39.744507,93.191528,1777.090820,1844.079224,7314.537598,48.552746,2933.593262,38988.652344,3289.199951
2024-06-19,25176.736328,39.717407,94.099007,1777.090820,1853.993652,7363.628906,49.666924,2914.387939,39798.628906,3303.500000
2024-06-21,25121.958984,39.338028,92.702881,1749.047119,1805.412964,7177.179199,49.730335,2851.971191,38598.667969,3286.899902
2024-06-24,25018.072266,40.196148,93.060646,1741.667114,1806.404297,7166.379883,48.507458,2846.593506,38748.660156,3242.300049
2024-06-25,24791.408203,39.825806,92.929756,1722.085571,1762.781006,7068.196289,47.855259,2799.156982,37898.691406,3247.300049
2024-06-26,24933.074219,40.196148,94.352058,1726.808838,1789.549927,7118.269531,48.824501,2813.560791,40548.597656,3285.000000
2024-06-27,25117.238281,40.440037,93.802330,1721.987305,1784.592773,7086.850586,49.377056,2833.726074,39878.625000,3269.600098
2024-06-28,25008.628906,39.925163,91.629616,1746.587036,1754.849487,7118.269531,48.099831,2785.713379,38025.687500,3240.000000
2024-07-01,25301.402344,39.699345,93.366043,1708.309692,1717.174805,6913.165039,48.009247,2773.229736,38318.679688,3198.600098
2024-07-02,25055.849609,39.726440,93.147896,1672.787598,1714.894409,6921.903809,47.927719,2812.600342,38200.679688,3202.199951
2024-07-03,25358.070312,40.494236,95.983780,1697.387451,1748.901001,7086.850586,48.724857,2880.778809,39908.625000,3268.000000
2024-07-04,25074.738281,41.099434,94.919235,1683.611450,1760.897217,7018.614258,49.268356,2924.086914,39929.621094,3279.199951
2024-07-05,25084.183594,40.286476,94.151360,1686.563477,1739.085571,7118.269531,49.549171,2918.229004,38751.660156,3245.100098
2024-07-08,25259.847656,40.286476,95.198456,1690.499390,1743.943726,7039.723145,49.685040,2943.483887,39098.648438,3247.000000
2024-07-09,25216.402344,40.756184,95.111206,1696.993774,1703.294678,6873.793945,49.458580,2880.778809,37518.703125,3253.000000
2024-07-10,25027.517578,41.009106,95.547493,1675.739624,1678.508667,6835.502441,48.915081,2823.163330,37918.691406,3250.300049
2024-07-11,25489.343750,42.273701,95.983780,1687.547485,1682.474487,6823.720215,49.540108,2861.573730,38697.664062,3278.399902
2024-07-12,25447.791016,42.815674,95.983780,1679.675537,1650.748291,6730.446777,49.277420,2925.910889,38702.664062,3287.000000
2024-07-15,25962.505859,43.149887,95.852898,1692.467407,1675.534180,6872.812012,49.277420,2966.241943,37995.691406,3299.699951
2024-07-17,26146.671875,43.628628,95.835449,1697.387451,1669.585693,6872.812012,49.458580,2948.093506,37818.695312,3285.600098
2024-07-18,26444.169922,43.809284,96.158302,1697.485718,1649.855957,6792.302246,49.232121,2947.997070,37258.714844,3299.500000
2024-07-19,26444.169922,43.176987,97.467163,1697.387451,1633.893799,6729.464844,49.096249,2925.910889,37204.714844,3311.800049
2024-07-22,26345.003906,43.646694,97.467163,1712.147339,1675.831665,6902.267090,48.915081,2931.672852,37199.714844,3317.000000
2024-07-23,26434.724609,43.583466,97.938362,1721.987305,1670.577148,6829.611816,48.552746,2963.361084,36198.750000,3313.000000
2024-07-24,26348.781250,43.357643,97.955811,1712.147339,1646.782593,6687.835449,48.915081,2969.122559,35619.769531,3284.100098
2024-07-25,25877.507812,42.815674,97.947090,1712.147339,1611.090576,6558.626465,49.186832,2962.400879,35523.777344,3262.699951
2024-07-26,25499.734375,42.580818,97.772575,1709.195312,1593.244751,6480.079590,48.280994,2953.854736,36298.746094,3260.100098
2024-07-29,25877.507812,42.517590,98.339745,1731.827148,1611.090576,6578.164551,48.643330,2967.202393,36403.746094,3249.000000
2024-07-30,25877.507812,42.183376,97.894737,1721.987305,1630.919434,6636.780273,48.915081,2970.083008,36028.757812,3244.399902
2024-07-31,26011.617188,42.364033,97.912186,1713.131348,1621.996460,6440.806641,48.733913,2996.010254,35708.765625,3252.500000
2024-08-01,26019.173828,42.364033,97.912186,1721.987305,1615.056519,6332.805176,48.190418,3015.119141,34798.800781,3226.500000
2024-08-02,25310.847656,41.189758,97.554436,1712.147339,1561.617676,6183.566895,47.601620,2996.010254,33598.839844,3169.000000
2024-08-05,24848.074219,40.412937,95.111206,1628.507935,1502.329712,5892.356445,45.291744,2904.785400,31998.896484,3062.000000
2024-08-06,25027.517578,41.081367,95.198456,1649.368530,1539.706909,6062.802246,44.748241,2934.553223,32492.878906,3101.000000
2024-08-07,24979.349609,40.467133,94.683647,1692.467407,1519.977173,5868.399414,43.887699,2938.394531,32998.863281,3120.000000
2024-08-08,25688.621094,41.334286,95.460236,1743.635010,1576.390259,5989.165039,43.978283,3000.811523,33748.832031,3154.699951
2024-08-09,25971.951172,41.099434,95.128647,1747.669434,1556.561401,6018.619629,46.097935,2976.804932,34293.816406,3187.899902
2024-08-12,26538.613281,41.822060,97.728943,1770.202881,1541.689819,6000.946777,46.088879,3025.778076,32713.871094,3192.000000
2024-08-13,27007.996094,42.174339,98.810944,1769.218872,1558.544434,6037.274414,46.061703,3039.125732,33848.832031,3197.300049
2024-08-14,27152.494141,42.264671,99.901665,1766.266846,1565.484497,6062.802246,46.197578,3072.830811,33887.832031,3187.699951
2024-08-16,27294.158203,42.625980,100.817879,1769.218872,1585.214111,6207.131348,46.088879,3092.132324,34758.800781,3251.500000
2024-08-19,27198.771484,42.779545,100.451393,1788.406738,1616.047974,6205.167480,45.799007,3123.724609,34543.808594,3244.500000
2024-08-20,27199.716797,43.140854,102.266350,1819.402588,1635.876709,6273.895996,46.143227,3140.049072,34388.812500,3266.800049
2024-08-21,27298.880859,42.589851,101.227989,1835.146362,1635.876709,6112.875488,45.382324,3141.105469,35018.789062,3261.000000
2024-08-22,26727.498047,42.463390,101.132004,1844.986206,1605.142090,6003.892090,46.106991,3120.843994,34598.808594,3250.000000
2024-08-23,26821.941406,42.318867,100.695717,1831.210449,1567.467285,5940.073730,45.753716,3087.426514,34958.792969,3265.500000
2024-08-26,26833.277344,41.822060,101.219261,1832.292847,1531.775391,5866.436035,46.079819,3072.830811,34553.808594,3232.000000
2024-08-27,26444.169922,41.822060,99.997650,1795.786743,1502.032227,5794.173340,45.201160,3015.215332,34148.820312,3200.000000
2024-08-28,26444.169922,42.047882,99.910393,1814.384155,1525.826782,5851.708496,45.282684,3005.708740,33988.828125,3207.199951
2024-08-29,26680.277344,42.318867,99.735878,1819.402588,1555.569946,5935.164062,45.219276,3081.473145,35522.777344,3244.000000
2024-08-30,26434.724609,42.454357,100.870224,1820.386475,1564.493042,5878.512207,44.847881,3101.638672,35598.769531,3239.600098
2024-09-02,26700.109375,42.815674,100.477570,1830.226440,1545.556519,5891.963867,44.929405,3093.956787,35022.789062,3239.600098
2024-09-03,26727.498047,42.409195,101.873695,1810.546509,1515.416748,5783.471191,44.847881,3071.870605,33798.832031,3212.699951
2024-09-04,26302.501953,42.644051,102.449600,1832.194458,1526.818359,5775.125488,44.404026,3050.744873,34198.820312,3230.100098
2024-09-05,26434.724609,42.951168,101.673004,1830.226440,1516.903931,5724.070801,43.009041,3055.065918,33936.828125,3202.699951
2024-09-06,25755.675781,42.616951,99.910393,1782.404419,1511.946533,5645.524414,43.117737,3006.572754,32478.878906,3152.899902
2024-09-09,25960.619141,42.454357,100.346687,1770.202881,1482.104248,5635.706055,43.634060,2948.957520,32888.863281,3146.699951
2024-09-10,25953.064453,41.957554,100.337952,1771.186890,1498.066406,5694.615723,43.489128,2909.586670,32758.869141,3121.899902
2024-09-11,25594.177734,42.454357,100.215790,1749.538940,1492.117798,5836.981445,44.159447,2852.163086,35949.757812,3154.800049
2024-09-12,25784.007812,43.059559,100.364128,1771.186890,1516.903931,5851.708496,44.385910,2891.341553,35598.769531,3172.500000
2024-09-13,26444.169922,43.122791,101.044746,1736.747192,1497.273315,5841.890137,44.657658,2966.050293,35500.777344,3184.699951
2024-09-16,26538.613281,43.204086,100.084908,1746.587036,1507.980835,5792.799316,44.141335,2891.341553,35050.789062,3176.000000
2024-09-17,26066.394531,42.463390,99.910393,1726.907104,1482.203369,5771.688965,43.480076,2929.079834,35508.777344,3179.000000
2024-09-23,26915.441406,42.454357,99.037811,1784.962646,1499.074707,5979.346680,43.027157,3020.016602,35003.789062,3173.300049
2024-09-24,26916.386719,42.978264,99.029083,1838.098389,1531.792603,6185.530762,43.389492,3117.963135,35998.757812,3229.899902
2024-09-25,27010.830078,43.122791,98.933098,1847.347900,1534.667969,6126.621094,43.706532,3115.082031,35398.777344,3235.899902
2024-09-26,26916.386719,43.249249,100.791695,1847.544678,1531.792603,6180.621582,44.829769,3167.896484,36797.730469,3268.100098
2024-09-27,26537.667969,43.149887,99.570084,1854.826294,1519.895142,6038.255859,45.201160,3260.081543,37302.714844,3280.399902
2024-09-30,26434.724609,42.228539,100.084908,1785.946655,1550.630127,5910.618164,44.838825,3197.664551,37303.714844,3258.000000
2024-10-01,26708.609375,41.650436,98.435730,1783.978760,1507.105469,5935.164062,44.630482,3123.916748,37403.710938,3231.100098
2024-10-02,26019.173828,41.153629,96.987251,1781.026855,1513.153320,5881.359863,44.648602,3159.254395,37303.714844,3219.399902
2024-10-03,25500.679688,40.873611,98.121605,1800.608276,1512.459351,5890.981934,44.558014,3264.882812,37097.722656,3178.000000
2024-10-04,26583.001953,41.153629,98.863297,1802.182617,1555.587524,6048.074219,44.929405,3303.293213,38348.679688,3235.100098
2024-10-07,25971.951172,40.954910,97.589333,1799.919434,1574.425049,6165.894043,44.404026,3254.223877,39118.648438,3243.199951
2024-10-08,25783.064453,41.225891,98.950562,1790.866699,1565.502075,6165.894043,44.394966,3292.729980,39214.648438,3254.199951
2024-10-09,25594.177734,41.551075,98.514267,1827.274414,1596.137939,6151.166504,44.558014,3304.541504,40397.605469,3278.000000
2024-10-10,26346.890625,41.822060,98.514267,1872.538086,1593.361816,6036.096191,44.295326,3330.180176,40598.597656,3282.000000
2024-10-11,26628.332031,41.948521,98.723686,1864.666138,1596.237061,6134.475586,45.056229,3360.908691,39268.644531,3289.100098
2024-10-14,26628.332031,41.948521,98.723686,1864.666138,1596.237061,6134.475586,45.056229,3360.908691,39268.644531,3289.100098
2024-10-15,26628.332031,41.948521,98.723686,1864.666138,1596.237061,6134.475586,45.056229,3360.908691,39268.644531,3289.100098
2024-10-16,26628.332031,41.948521,98.723686,1864.666138,1596.237061,6134.475586,45.056229,3360.908691,39268.644531,3289.100098
2024-10-17,26821.941406,43.718956,100.966209,1939.547974,1561.536133,6087.347656,47.492924,3399.319092,36103.753906,3293.500000
2024-10-18,26916.386719,44.062202,102.440872,1938.465698,1553.604614,6114.839355,47.375160,3437.729248,37210.714844,3319.899902
2024-10-21,27010.830078,44.170601,102.501961,1943.385620,1540.715698,6126.621094,47.329872,3456.934570,37303.714844,3333.500000
2024-10-22,27105.273438,43.700893,100.704445,1943.385620,1551.621582,6058.874512,46.279102,3435.809082,38340.679688,3346.399902
2024-10-23,27209.160156,44.242859,102.344887,1977.825317,1571.450806,6086.365723,47.058121,3380.114014,37456.707031,3355.300049
2024-10-24,27435.826172,44.450615,101.812614,1997.505249,1579.283325,6184.450684,47.556324,3369.551025,38098.683594,3373.100098
2024-10-25,27467.935547,44.260929,101.419960,1997.505249,1586.322510,6234.425293,47.828079,3392.597168,38813.660156,3392.600098
2024-10-28,27010.830078,44.125435,99.648613,1997.505249,1566.493530,6134.475586,47.574444,3363.789551,39598.636719,3372.199951
2024-10-29,26869.166016,43.511204,99.474098,1991.601196,1559.553345,6012.728516,47.103413,3389.716553,38603.667969,3368.800049
2024-10-30,26633.054688,43.122791,97.728943,1962.081543,1517.912354,5959.709961,46.215691,3313.855957,36999.722656,3292.300049
2024-11-04,27279.994141,43.213120,98.147781,1966.017334,1546.664551,6077.529785,47.628796,3388.755859,38096.683594,3305.399902
2024-11-05,26727.498047,42.553719,96.420074,1918.785767,1526.835571,5934.182129,48.280994,3322.594238,37208.714844,3294.500000
2024-11-06,27305.492188,43.303448,98.435730,1948.305542,1554.596069,6087.347656,49.458580,3341.799805,36897.726562,3287.199951
2024-11-07,27168.550781,42.906002,97.728943,1935.513672,1566.493530,6057.892578,49.367996,3356.107422,36044.757812,3302.500000
2024-11-08,27146.826172,42.671150,98.592796,1905.600342,1556.578979,5954.800293,49.349880,3312.895752,35098.789062,3268.899902
2024-11-11,26774.720703,43.041496,98.741135,1887.593140,1555.587524,5964.619141,48.507458,3265.842773,36814.726562,3284.399902
2024-11-12,26905.052734,42.644051,98.688782,1886.313965,1541.707153,5949.891602,47.357044,3262.962158,36498.738281,3261.600098
2024-11-13,27018.384766,42.860840,98.505539,1946.337524,1531.792603,5910.618164,47.556324,3244.717041,37849.691406,3285.699951
2024-11-14,26821.941406,41.912392,97.406090,1907.961792,1513.946655,5846.799316,47.547272,3178.459229,36898.726562,3263.500000
2024-11-15,26897.496094,42.788574,98.139053,1909.929810,1508.989258,5989.165039,48.815437,3298.491699,36986.722656,3253.199951
2024-11-18,26991.941406,42.454357,97.816200,1916.817749,1510.972168,5920.436523,48.815437,3264.882812,37681.699219,3275.899902
2024-11-19,26916.386719,42.526623,97.824928,1897.137939,1506.015015,5959.709961,49.820911,3223.591797,37599.703125,3287.800049
2024-11-20,26727.498047,42.996330,99.037811,1899.499634,1507.006348,5978.266602,49.268356,3264.882812,37299.714844,3296.500000
2024-11-21,26538.613281,42.996330,98.601517,1929.609619,1521.779053,5940.073730,49.404228,3258.160889,38058.683594,3311.500000
2024-11-22,26171.228516,42.544685,97.728943,1938.465698,1531.792603,5988.183594,48.525574,3243.757324,37723.699219,3275.500000
2024-11-25,26444.169922,42.273701,97.728943,1958.145508,1516.921021,5969.528320,46.650494,3231.273682,37598.703125,3282.500000
2024-11-26,26444.169922,42.129177,97.475899,1963.065430,1526.835571,6048.074219,47.266464,3231.273682,37229.714844,3287.899902
2024-11-27,26441.333984,42.174339,97.554436,2002.425171,1507.006348,5989.165039,48.036423,3204.386475,37149.714844,3290.600098
2024-11-28,26066.394531,42.093044,97.379906,2044.736816,1503.238892,5959.709961,48.688622,3209.187744,37148.714844,3313.399902
2024-11-29,26226.947266,41.912392,96.987251,2017.185059,1521.878174,5941.055176,48.552746,3168.856689,37198.714844,3295.600098
2024-12-02,26396.947266,42.264671,97.336288,2046.704712,1539.724243,6122.693359,48.915081,3250.478760,38151.683594,3311.100098
2024-12-03,26255.281250,42.282738,97.641685,2046.704712,1526.835571,6087.347656,48.896961,3255.280273,37998.691406,3326.600098
2024-12-04,26463.056641,42.174339,98.086708,2046.704712,1524.852539,6087.347656,49.268356,3274.485352,37286.714844,3310.100098
2024-12-05,26584.888672,42.680180,99.020363,2093.936523,1540.715698,6059.856445,49.449524,3312.895752,37076.722656,3327.300049
2024-12-06,26443.224609,42.400162,98.627701,2095.904541,1526.835571,5991.127930,49.413288,3312.895752,37004.722656,3330.699951
2024-12-09,26585.833984,42.896969,98.706230,2081.144531,1531.891724,5926.459961,49.721272,3325.379150,39022.652344,3354.500000
2024-12-10,26396.947266,42.671150,99.142525,2066.384766,1561.536133,5931.860352,50.364418,3341.799805,38948.656250,3392.600098
2024-12-11,26255.281250,42.635017,99.168701,2074.256836,1576.407959,5977.516113,50.545582,3377.233154,38888.660156,3362.800049
2024-12-12,26491.390625,43.520237,99.840584,2095.904541,1575.416504,6087.483398,51.859047,3404.120361,38498.671875,3373.600098
2024-12-13,26444.169922,43.718956,100.442665,2163.701416,1538.038940,6013.844727,51.904335,3399.319092,37518.703125,3386.199951
2024-12-16,26990.996094,43.718956,101.463585,2161.832031,1550.332764,6028.572266,52.085503,3442.434814,37448.707031,3390.600098
2024-12-17,26607.554688,43.014393,100.172173,2120.504395,1531.792603,6008.935059,51.759407,3389.716553,37153.714844,3366.600098
2024-12-18,26540.500000,43.077625,99.474098,2164.783936,1523.861084,5920.568359,51.723167,3341.703369,37686.699219,3357.800049
2024-12-19,26915.441406,42.707279,98.331024,2145.104248,1531.792603,5891.113281,51.632584,3350.345703,37448.707031,3329.500000
2024-12-20,26812.498047,42.815674,98.435730,2115.584473,1517.912354,5832.202148,52.148911,3323.458496,37591.703125,3331.100098
2024-12-23,26444.169922,42.093044,98.165237,2135.264160,1515.929565,5842.118652,52.148911,3344.584473,36947.726562,3309.600098
2024-12-24,26406.390625,42.454357,98.601517,2130.344238,1510.889648,5880.312500,51.732227,3347.464844,36939.726562,3309.199951
2024-12-26,26302.501953,42.707279,98.776039,2154.944092,1530.322266,5938.929688,51.741287,3332.101074,36909.726562,3347.899902
2024-12-27,26255.281250,42.725342,98.601517,2164.783936,1543.310425,5974.570312,51.632584,3336.902100,36946.726562,3348.500000
2024-12-30,26066.394531,42.725342,98.645149,2164.783936,1547.573853,5968.679688,52.085503,3375.312500,36598.734375,3342.300049
2025-01-02,26160.837891,42.273701,98.732414,2156.026367,1512.971680,5881.196289,51.768463,3346.504883,36288.746094,3341.899902
2025-01-03,26326.113281,42.228539,98.252487,2154.944092,1533.494873,5900.931152,51.804695,3324.278564,37064.722656,3325.300049
2025-01-06,26185.394531,42.391132,99.125069,2186.431885,1560.561890,6058.027832,52.176090,3359.164062,38700.664062,3374.300049
2025-01-07,26255.281250,42.680180,99.901665,2187.415771,1574.442383,6097.302246,52.873577,3344.572266,39250.648438,3395.300049
2025-01-08,26160.837891,42.111111,99.037811,2199.223633,1574.442383,5989.298340,52.764881,3356.265381,39217.648438,3390.600098
2025-01-09,26147.615234,42.318867,100.119812,2203.159668,1575.433838,6110.065918,52.810169,3382.260010,38598.667969,3392.300049
2025-01-10,26351.613281,42.318867,100.041275,2184.463867,1581.283447,6185.668457,52.946049,3411.250977,38998.652344,3388.000000
2025-01-13,26073.005859,41.551075,99.386848,2169.704102,1601.806641,6092.392578,52.221382,3343.605713,38703.664062,3388.300049
2025-01-14,26255.281250,42.228539,100.695717,2164.783936,1614.100830,6254.398438,52.321018,3344.572266,39696.628906,3397.000000
2025-01-15,26751.109375,42.770504,101.350151,2203.159668,1665.557739,6382.039062,52.792053,3370.760742,40197.613281,3432.000000
2025-01-16,26727.498047,43.447971,102.763725,2199.223633,1699.366699,6615.719727,52.538422,3370.663818,40348.605469,3458.399902
2025-01-17,26632.111328,43.357643,103.653763,2223.823486,1689.452026,6577.427734,52.538422,3396.658691,39998.617188,3457.399902
2025-01-20,27256.382812,43.827354,104.884094,2291.718994,1685.386963,6529.415527,53.087524,3399.654785,40128.617188,3480.399902
2025-01-21,27095.828125,44.486748,105.137138,2344.953125,1675.571533,6436.041016,53.832901,3469.232666,40213.613281,3499.300049
2025-01-22,26909.773438,44.450615,105.041161,2351.742676,1684.395508,6573.401855,53.851307,3454.737305,39198.648438,3503.500000
2025-01-23,26963.607422,44.676437,105.233131,2360.598389,1706.306885,6661.867188,53.740883,3498.320068,38848.660156,3487.199951
2025-01-24,27576.544922,44.893227,105.599609,2327.142822,1705.315430,6676.594727,53.372795,3527.214111,38878.660156,3517.899902
2025-01-27,27341.380859,44.396423,104.962631,2317.302734,1685.486084,6626.520020,53.658066,3560.070557,38298.679688,3475.899902
2025-01-28,27019.330078,44.351254,105.145874,2313.366699,1685.486084,6558.772461,53.740883,3594.762451,38320.679688,3498.600098
2025-01-29,27270.548828,44.622242,105.145874,2341.902588,1660.699707,6499.861328,53.648861,3619.984619,39397.640625,3519.600098
2025-01-30,27860.820312,45.164215,106.323853,2425.541992,1665.656860,6575.463867,54.053757,3660.572021,40397.605469,3595.300049
2025-01-31,28337.759766,45.796513,106.053360,2459.981689,1659.708130,6442.914062,53.648861,3594.859375,38748.660156,3593.199951
2025-02-03,28805.253906,46.103626,105.678146,2487.533447,1636.904541,6373.202148,54.247002,3533.012207,38498.671875,3564.100098
2025-02-04,29277.472656,46.157825,106.585632,2485.565430,1640.870361,6529.316895,55.673347,3628.681885,38983.652344,3611.699951
2025-02-05,29466.359375,46.781094,107.353493,2480.645508,1621.041016,6612.773926,56.418724,3633.513672,37800.695312,3600.300049
2025-02-06,29654.300781,47.250801,107.676353,2523.941406,1621.041016,6656.957520,57.872673,3719.519775,37273.714844,3623.300049
2025-02-07,29787.466797,47.404354,108.182449,2548.344238,1602.203247,6480.224121,57.053677,3614.186523,37293.714844,3604.600098
2025-02-10,29749.689453,47.874065,108.461678,2533.781250,1594.271606,6383.020508,57.062878,3565.868408,37083.722656,3624.899902
2025-02-11,29749.689453,47.874065,108.636192,2538.701172,1594.271606,6401.676270,57.881878,3488.656494,36453.742188,3602.100098
2025-02-12,30094.408203,48.145050,109.683289,2509.279785,1615.885498,6529.316895,58.894119,3460.535400,35908.757812,3612.800049
2025-02-13,30033.021484,47.783737,108.461678,2552.477051,1622.131592,6572.518066,59.814335,3554.272461,36988.722656,3626.399902
2025-02-14,30694.125000,48.768318,111.245201,2514.101318,1630.955811,6578.409668,59.280613,3593.796387,36598.734375,3641.300049
2025-02-17,30599.681641,48.280540,110.730385,2489.501465,1623.817261,6568.591309,58.894119,3519.483154,35998.757812,3616.500000
2025-02-18,30316.349609,47.693409,109.840347,2477.693848,1606.169189,6480.224121,59.308216,3520.449707,36897.726562,3610.000000
2025-02-19,30144.462891,47.241768,109.892708,2474.741699,1606.169189,6470.405762,59.170189,3479.862549,36698.734375,3610.000000
2025-02-20,30203.019531,47.232735,110.224281,2479.661377,1606.070068,6529.316895,58.894119,3546.444580,37348.710938,3643.800049
2025-02-21,30033.021484,46.844318,109.945061,2449.157959,1602.203247,6519.498047,58.664062,3619.018555,37298.714844,3638.100098
2025-02-24,29796.912109,46.753990,110.128304,2450.141846,1635.913086,6527.353516,59.124172,3566.834961,37498.703125,3625.199951
2025-02-25,29748.744141,46.790123,110.041046,2459.981689,1614.100830,6474.333496,59.354229,3623.753418,37447.707031,3625.000000
2025-02-26,29749.689453,47.332096,109.159737,2492.453613,1615.786255,6519.498047,59.630295,3618.148926,37398.710938,3644.800049
2025-02-27,30363.572266,47.566948,109.334259,2489.403076,1630.955811,6617.683594,59.354229,3623.850342,38248.679688,3655.000000
2025-02-28,30599.681641,46.961750,108.461678,2489.501465,1611.126465,6647.139160,58.387997,3633.513672,36739.734375,3644.800049
2025-03-03,30042.464844,47.214668,109.927612,2528.861084,1608.152100,6696.231934,58.710072,3662.504639,36598.734375,3644.899902
2025-03-04,30221.906250,46.790123,109.596031,2488.517578,1603.293823,6637.320801,57.513786,3662.407715,36587.738281,3622.699951
2025-03-05,30220.017578,47.377262,109.508766,2474.741699,1593.181030,6588.228516,57.200912,3682.025146,36837.726562,3641.899902
2025-03-06,30458.015625,47.115307,109.255722,2479.661377,1596.254517,6627.501953,56.685589,3715.654297,37698.699219,3626.899902
2025-03-07,30552.458984,46.970779,109.508766,2459.981689,1587.331421,6531.182617,56.225475,3720.486328,38550.671875,3673.000000
2025-03-10,30221.906250,46.925617,109.447693,2459.981689,1581.382568,6557.791016,56.602768,3672.168213,38948.656250,3652.100098
2025-03-11,29937.632812,46.555271,109.596031,2458.997559,1566.510742,6627.501953,56.869633,3652.841064,39788.628906,3651.399902
2025-03-12,30203.019531,47.874065,109.683289,2448.173828,1579.201538,6677.576660,57.053677,3710.822510,38998.652344,3657.399902
2025-03-13,31048.289062,48.163116,110.826370,2459.981689,1607.656372,6892.602051,57.237720,3681.831787,38898.660156,3689.899902
2025-03-14,31164.453125,48.325706,112.650063,2459.981689,1598.336670,7030.650879,57.007668,3715.654297,39948.621094,3720.899902
2025-03-17,31591.337891,48.768318,114.124718,2458.997559,1645.827637,7030.062012,57.513786,3749.476807,41708.562500,3774.500000
2025-03-18,31487.449219,47.684376,114.316681,2533.781250,1635.913086,6872.965332,57.035275,3744.548340,41346.574219,3764.300049
2025-03-19,31260.785156,47.684376,114.395226,2523.941406,1625.006958,6661.867188,56.547554,3797.794922,41505.566406,3761.100098
2025-03-20,31166.341797,48.099884,115.267807,2568.220947,1614.100830,6529.316895,57.053677,3817.218994,40853.589844,3766.399902
2025-03-21,31449.671875,48.587658,126.020370,2622.340332,1653.263550,6534.127930,56.777615,3711.789062,40248.609375,3762.800049
2025-03-24,31441.171875,48.506367,118.429924,2642.020508,1625.998413,6646.157227,56.832821,3766.871582,40063.617188,3784.600098
2025-03-25,32573.546875,49.048332,117.854744,2642.020508,1594.965576,6588.228516,56.934048,3748.510742,38845.660156,3766.899902
2025-03-26,32442.273438,49.364483,117.958466,2671.540039,1576.425293,6498.584961,56.593567,3734.981689,38299.679688,3761.899902
2025-03-27,32960.769531,49.680634,119.278549,2755.179688,1556.596069,6499.861328,56.685589,3855.776611,37986.691406,3774.000000
2025-03-28,33329.097656,49.527077,118.816521,2799.459229,1576.425293,6524.407715,56.869633,3877.036621,38197.683594,3774.199951
2025-03-31,33140.210938,48.786381,118.335632,2853.578857,1546.681519,6431.131836,57.458576,3826.785889,37798.695312,3761.899902
2025-04-01,33480.207031,50.087112,119.174828,2794.539307,1529.033325,6422.294922,58.894119,3846.113037,37748.695312,3788.800049
2025-04-02,32960.769531,49.680634,120.032883,2804.379150,1550.647217,6421.312988,57.154900,3936.950928,37896.691406,3784.600098
2025-04-03,33054.265625,49.680634,121.371819,2843.738770,1523.382080,6467.656738,57.035275,3936.950928,37386.710938,3779.800049
2025-04-04,32430.031250,48.235378,119.750000,2755.179688,1487.193604,6294.654297,55.397282,3768.804443,35898.757812,3685.000000
2025-04-07,31138.642578,46.880451,116.826973,2660.913086,1427.705933,6096.320312,53.943329,3638.345703,34398.812500,3570.199951
2025-04-08,31114.259766,47.241768,114.941147,2661.700195,1388.047363,5940.206055,55.259247,3674.197754,31598.910156,3536.000000
2025-04-09,32479.775391,49.228989,120.504333,2783.715332,1447.535156,6087.483398,57.145699,3845.146729,34818.796875,3616.600098
2025-04-10,32889.429688,48.443134,119.750000,2774.760986,1426.615356,6087.483398,55.305256,3817.122070,32897.863281,3596.800049
2025-04-11,32576.335938,48.596691,121.164375,2823.960693,1432.663208,6186.748535,55.627335,3797.794922,33848.832031,3745.000000
2025-04-14,33163.507812,49.680634,123.521660,2875.226807,1437.917969,6161.122070,57.467777,3875.103760,34594.808594,3716.100098
2025-04-15,34137.902344,50.611015,126.256104,2902.778564,1472.420898,6271.089844,57.302139,3933.085449,33988.828125,3767.699951
2025-04-16,34478.304688,51.387840,127.293312,2888.018555,1511.980225,6288.763184,57.246922,3930.186279,33533.843750,3782.199951
2025-04-17,34674.355469,52.254993,128.519104,2961.818115,1503.552856,6414.440430,57.476978,3962.076172,33998.828125,3822.300049
2025-04-21,34674.355469,52.182732,128.707687,2903.762451,1490.862061,6333.928223,57.661018,4015.226074,32868.863281,3811.699951
2025-04-22,35123.023438,52.462749,130.122055,2991.337891,1462.506226,6323.127930,58.756084,4049.048828,33398.843750,3831.600098
2025-04-23,35893.566406,53.447327,133.327957,3079.897217,1489.176514,6432.113770,59.354229,4097.366699,33098.855469,3869.399902
2025-04-24,37053.277344,53.939674,135.722961,3119.256836,1478.270508,6410.414551,59.308216,4078.039551,33564.843750,3911.100098
2025-04-25,36868.933594,54.989826,135.308075,3043.391113,1456.458252,6362.402344,60.182426,4086.736816,33498.843750,3905.800049
2025-04-28,36283.710938,54.856171,135.308075,3077.929199,1481.145752,6391.857422,60.274448,4063.544189,32848.867188,3898.500000
2025-04-29,36088.640625,54.798893,133.893707,3236.352051,1467.364380,6382.039062,60.697750,4093.501221,33218.851562,3912.399902
2025-04-30,36576.324219,54.655689,131.064972,3188.136475,1472.321777,6382.039062,61.654781,4201.579590,32598.875000,3879.399902
2025-05-02,36447.574219,54.025597,131.913574,3138.936768,1462.407104,6382.039062,61.470737,4226.400879,32578.875000,3891.399902
2025-05-05,36381.250000,54.006500,131.772156,3118.373047,1418.105591,6142.626953,63.403198,4226.400879,31899.900391,3895.100098
2025-05-06,36576.324219,54.560219,131.347839,3143.879883,1400.060669,6183.865723,64.424644,4299.690918,31848.900391,3915.000000
2025-05-07,37015.238281,54.703423,137.099609,3309.971680,1437.637573,6259.470703,66.706795,4415.000977,31503.912109,3961.800049
2025-05-08,36576.324219,55.085297,134.836624,3267.460205,1425.739868,6230.014160,67.544197,4475.587402,32098.892578,3976.800049
2025-05-09,37346.863281,54.665234,134.318008,3302.062500,1445.569458,6328.202148,67.360146,4675.914062,32791.867188,3978.100098
2025-05-12,37932.085938,55.199856,134.412308,3272.502441,1496.134644,6467.530273,68.096321,4719.887695,34147.820312,4022.600098
2025-05-13,38527.058594,55.371700,135.770111,3282.289795,1464.605713,6480.393066,67.507385,4660.278320,33798.832031,4041.100098
2025-05-14,39014.746094,55.944511,140.032059,3233.846436,1507.040771,6770.046875,68.004303,4665.164062,33738.835938,4108.799805
2025-05-15,38331.988281,56.326385,139.551178,3157.720947,1497.126099,6725.862793,66.715988,4641.711426,32877.863281,4091.800049
2025-05-16,39207.867188,56.708260,138.372543,3094.447998,1515.964111,6873.144531,66.403114,4618.258789,32798.867188,4054.899902
2025-05-19,38428.546875,56.536419,137.665359,3163.652832,1518.343628,6766.119629,67.539810,4768.748047,32388.880859,4070.500000
2025-05-20,38619.718750,57.090134,137.684219,3161.675537,1534.802124,6780.847656,67.829269,4641.711426,32401.880859,4057.199951
2025-05-22,38536.812500,56.307293,137.523926,3177.493896,1531.827637,6685.605469,66.671440,4675.914062,31497.912109,4052.300049
2025-05-23,38818.695312,55.992249,137.665359,3208.141602,1531.827637,6772.992676,66.526703,4748.227051,31008.929688,4034.199951
2025-05-26,38039.375000,55.304874,136.486710,3220.895020,1517.947021,6755.220703,67.433670,4746.272461,31098.927734,4037.000000
2025-05-27,38039.375000,55.533997,136.458435,3291.187500,1496.134644,6774.956543,66.671440,4641.711426,30604.943359,4054.199951
2025-05-28,37063.031250,54.751156,136.241562,3250.653320,1462.523560,6676.768555,66.333740,4571.645996,29480.982422,3987.399902
2025-05-29,36674.835938,54.942093,134.270859,3237.801025,1497.126099,6676.768555,66.478470,4507.444336,29548.980469,3961.699951
2025-05-30,35600.953125,53.815563,131.253540,3219.313477,1497.126099,6382.205078,66.189011,4411.482422,28265.025391,3898.899902
2025-06-02,36087.664062,54.894360,133.375107,3199.243896,1448.543823,6284.999512,65.127670,4446.270996,28089.031250,3879.000000
2025-06-03,37356.617188,55.304874,134.091721,3182.437012,1438.430786,6284.017578,65.417137,4409.137207,29046.998047,3907.199951
2025-06-04,37550.714844,55.371700,134.261444,3163.652832,1427.722900,6239.833008,66.189011,4539.105469,30061.960938,3934.000000
2025-06-05,37054.253906,55.037563,132.611343,3172.550537,1437.637573,6324.274414,65.590805,4592.851562,30199.958984,3920.000000
2025-06-06,36966.468750,55.562637,134.808334,3147.933594,1442.594971,6358.640625,65.127670,4542.036621,30797.937500,3916.600098
2025-06-09,36763.593750,54.903904,133.620270,3124.107178,1459.450073,6330.165527,64.645248,4640.734375,31598.910156,3925.000000
2025-06-10,36868.933594,55.352608,133.186523,3104.334229,1463.316772,6357.658691,65.571503,4788.291992,31923.896484,3954.600098
2025-06-11,37454.156250,56.469589,136.496140,3161.675537,1482.154785,6353.730957,67.308243,4843.015137,31664.906250,4040.000000
2025-06-12,37057.179688,56.612789,136.156693,3163.652832,1472.339233,6396.933594,67.153862,4778.520020,31098.927734,3982.300049
2025-06-13,37540.960938,55.448078,134.176575,3153.766357,1448.543823,6372.386230,67.578407,4770.604980,30698.939453,3956.000000
2025-06-16,37161.542969,55.180763,132.488754,3120.152588,1448.642944,6308.368164,66.092529,4758.976074,30898.933594,3939.000000
2025-06-17,36590.953125,54.970734,131.394989,3104.334229,1407.893433,6195.648438,66.565300,4814.676270,30410.949219,3910.000000
2025-06-18,36966.468750,54.674782,131.253540,3091.481934,1384.494629,6090.587402,65.513618,4806.761230,31199.923828,3866.800049
2025-06-19,36093.515625,54.751156,133.026230,3102.356934,1387.766357,6058.185547,66.063583,4822.591797,30997.929688,3886.000000
2025-06-23,36381.250000,53.786926,130.857529,3124.107178,1368.730103,6073.895996,65.590805,4768.748047,31308.917969,3849.199951
2025-06-24,37424.894531,54.798893,130.122055,3138.936768,1436.348633,6352.749023,66.285500,4858.552734,31948.896484,3899.600098
2025-06-25,37161.542969,54.798893,130.027756,3168.595947,1417.808105,6217.250000,65.417137,4837.152344,32086.892578,3906.600098
2025-06-26,36771.398438,54.722515,130.499207,3162.664062,1440.612061,6338.020996,66.140778,4803.438477,32878.863281,3938.399902
2025-06-27,37063.031250,55.514904,131.442123,3148.922119,1434.663208,6336.940430,65.918854,4787.314941,33098.855469,3920.000000
2025-06-30,38371.000000,56.049526,132.856491,3133.993652,1411.859253,6229.032227,66.555656,4837.152344,33198.855469,3962.300049
2025-07-01,37541.937500,55.371700,132.950790,3188.368896,1393.120361,6225.104980,66.565300,4787.314941,32548.875000,3958.899902
2025-07-02,37551.691406,55.476715,132.422760,3163.652832,1400.060669,6308.564453,66.767921,4812.722168,34398.812500,3986.399902
2025-07-03,37745.789062,56.039982,132.290756,3157.720947,1384.197144,6279.107910,66.719681,4847.901367,34398.812500,3969.300049
2025-07-04,37844.300781,56.087715,131.819305,3129.050293,1386.080933,6274.198730,66.102180,4868.422363,34257.820312,3973.800049
2025-07-07,37745.789062,55.562637,130.782089,3138.936768,1373.092651,6273.708008,65.503967,4890.897949,33788.832031,3965.300049
2025-07-08,37552.667969,56.020885,130.310638,3161.675537,1363.376221,6264.281738,65.610100,4950.898438,34847.796875,3991.500000
2025-07-09,37551.691406,55.849045,130.593506,3147.834473,1356.336670,6244.742676,65.407486,4875.263184,35798.765625,4002.399902
2025-07-10,37794.558594,55.734482,131.517563,3099.984375,1373.191772,6195.648438,65.600449,4781.451660,37248.714844,3995.000000
2025-07-11,37100.097656,54.961185,130.122055,3034.140869,1334.623413,6112.188965,64.635597,4727.705078,36108.753906,3973.300049
2025-07-14,37449.277344,54.703423,129.273438,3063.700928,1343.348389,6135.753906,64.394379,4739.333984,36778.730469,3949.600098
2025-07-15,37550.714844,54.607952,128.519104,3052.925049,1328.575439,6063.095215,63.024292,4729.659668,35298.781250,3905.399902
2025-07-17,36868.933594,54.321548,129.254578,3015.356689,1318.660645,6068.004395,63.390934,4693.503418,37498.703125,3927.000000
2025-07-18,36478.785156,54.512482,129.641174,2983.719971,1323.618042,5994.363281,64.027733,4757.021484,37297.714844,3930.100098
2025-07-21,36337.359375,54.703423,127.764771,2951.094971,1318.759766,5989.454590,62.715534,4730.637207,36598.734375,3914.399902
2025-07-22,36088.640625,53.653271,127.293312,2878.924072,1312.711914,5916.795410,61.654198,4641.711426,39009.652344,3899.300049
2025-07-23,36966.468750,54.302456,127.255600,2876.946777,1323.320557,5959.016113,61.297199,4768.748047,37738.695312,3890.800049
2025-07-24,36410.511719,54.082878,126.680420,2857.173828,1338.589355,6047.384766,61.557709,4642.688477,39198.648438,3912.199951
2025-07-25,37063.031250,54.264267,125.878944,2895.434326,1382.114990,6274.198730,61.943649,4638.780273,40148.617188,3932.000000
2025-07-28,36771.398438,53.271393,125.407486,2847.287598,1342.951782,6223.141602,60.399883,4509.789551,37998.691406,3889.000000
2025-07-29,36342.234375,53.949219,128.698257,2857.173828,1348.404907,6205.467285,59.820972,4559.626465,37498.703125,3885.199951
2025-07-30,37083.515625,53.844208,126.444695,2885.844482,1373.191772,6274.198730,59.917458,4611.418457,36448.742188,3901.399902
2025-07-31,37649.230469,53.634174,126.331535,2896.719482,1358.418823,6322.310547,60.110428,4739.431641,35768.765625,3915.199951
2025-08-01,37332.234375,53.280945,126.529556,2913.526611,1353.362305,6264.380371,60.872665,4805.881348,34708.800781,3923.000000
2025-08-04,37545.839844,54.283360,128.141922,2965.924561,1363.277100,6333.111328,61.075287,4768.748047,35008.789062,3932.000000
2025-08-05,37151.789062,53.701004,128.801971,2985.697266,1349.495483,6244.742676,62.705883,4814.187500,34846.796875,3930.800049
2025-08-06,37502.921875,54.073330,127.764771,2995.583740,1377.851685,6244.742676,62.908504,4794.252930,35248.785156,3957.100098
2025-08-07,37989.632812,54.607952,129.650589,2980.754150,1436.546997,6518.686035,62.503269,4845.946777,37398.710938,4012.600098
2025-08-08,38428.546875,55.467167,132.469910,2980.754150,1452.509766,6627.674805,62.011189,4934.872559,40848.589844,4065.800049
2025-08-11,38127.160156,55.390797,131.064972,2970.867676,1434.663208,6647.312500,61.403336,5007.185547,44997.445312,4123.000000
2025-08-12,38038.402344,55.037563,131.253540,2972.844971,1425.838989,6631.602539,61.171768,5032.592773,43818.488281,4128.399902
2025-08-13,38429.523438,55.753574,133.535400,3035.129395,1447.552368,6647.312500,63.207615,5154.742676,44198.476562,4186.100098
2025-08-14,39013.769531,55.133030,133.610825,3061.822754,1445.470337,6628.656738,63.680393,5296.437500,43708.492188,4195.899902
2025-08-18,39063.511719,55.715389,133.045090,3133.993652,1457.467041,6794.594238,63.033939,5358.978516,44498.464844,4250.500000
2025-08-19,38331.988281,54.130611,131.517563,3114.220703,1455.484131,6873.144531,63.651447,5315.981445,43448.500000,4206.200195
2025-08-20,37941.839844,54.531578,130.640656,3064.788574,1482.055664,6863.325684,64.317200,5247.577148,42061.550781,4172.500000
2025-08-21,37902.824219,54.989826,130.885803,3082.584229,1499.109009,6894.745605,63.448826,5232.919434,43754.488281,4206.000000
2025-08-22,38175.929688,55.285778,131.394989,3064.788574,1558.597412,7123.523438,65.475021,5345.102051,44348.468750,4245.600098
2025-08-25,38722.132812,54.703423,130.970673,3079.618164,1539.263672,7106.831055,65.523270,5434.223145,44848.453125,4271.700195
2025-08-26,37844.300781,54.894360,129.933472,3064.788574,1487.211304,6922.238281,65.600449,5452.789551,43810.488281,4221.100098
2025-08-27,38263.710938,54.894360,129.650589,3030.186279,1522.904419,7049.882324,65.889908,5472.333496,45426.433594,4266.000000
2025-08-28,38331.988281,55.457623,130.225769,3035.030518,1509.222046,7118.613770,65.803070,5466.470703,44382.468750,4271.000000
2025-08-29,38137.886719,55.467167,130.631210,3029.098633,1503.074951,7069.520020,65.417137,5377.544922,44093.476562,4289.600098
2025-09-01,38712.378906,55.658104,130.782089,3033.152100,1483.245361,7128.333984,66.324097,5482.007812,43448.500000,4278.200195
2025-09-02,39989.136719,56.192730,130.782089,3005.470215,1492.168701,7192.254395,66.767921,5472.431641,42378.539062,4297.100098
2025-09-03,39794.062500,57.090134,134.365158,2965.924561,1514.972534,7246.257812,68.244156,5682.432617,42438.535156,4341.899902
2025-09-04,41301.984375,58.522160,136.628143,2977.788086,1515.964111,7313.909180,68.495018,5731.292480,42952.519531,4395.200195
2025-09-05,41160.554688,59.161800,138.589417,2956.038086,1526.870239,7228.878418,69.276550,5692.204590,44158.476562,4429.000000
2025-09-08,41159.582031,58.713097,137.646500,2840.366943,1497.225220,7167.708008,68.745872,5501.649902,43498.500000,4399.200195
2025-09-09,41451.214844,59.381378,137.665359,2807.741943,1487.112183,7069.618164,67.877510,5521.193848,40248.609375,4295.399902
2025-09-10,41258.093750,59.190437,136.345291,2800.821289,1467.282715,7069.520020,67.539810,5610.119141,40098.617188,4315.299805
2025-09-11,42038.386719,60.336060,139.739761,2848.276123,1488.202759,7314.007812,69.469513,5785.038574,40498.605469,4379.200195
2025-09-12,40867.945312,58.904034,135.581512,2817.628174,1457.566162,7122.541504,68.919548,5618.914062,39698.628906,4329.299805
2025-09-15,42257.843750,59.954185,135.308075,2787.968994,1452.608887,7197.164062,70.444023,5623.799805,41368.574219,4361.700195
2025-09-16,42135.925781,59.094971,134.355743,2807.445312,1445.371094,7206.884277,70.337883,5634.549316,41038.585938,4352.799805
2025-09-17,40965.480469,59.094971,134.365158,2806.357910,1388.063843,7069.520020,68.601151,5590.575195,41248.574219,4362.799805
2025-09-22,42808.929688,59.858719,135.072342,2817.628174,1436.546997,7097.012207,70.916801,5853.442871,41938.554688,4359.200195
2025-09-23,42572.890625,60.326511,138.136810,2829.393066,1477.197510,7162.700195,71.206253,5853.442871,41513.566406,4394.299805
2025-09-24,42457.796875,60.336060,137.665359,2857.173828,1441.603516,7197.164062,71.399223,5799.696289,42021.550781,4366.500000
2025-09-25,42184.691406,60.145123,136.892166,2847.287598,1398.077759,7131.083496,70.916801,5717.611816,42578.531250,4348.000000
2025-09-26,42116.417969,60.412434,135.779526,2812.685059,1427.722900,7021.407715,69.951942,5667.774414,42503.531250,4345.000000
2025-09-29,41663.847656,60.651104,137.665359,2768.295166,1422.765503,7040.063477,70.530853,5618.914062,42453.535156,4342.700195
2025-09-30,41453.167969,60.794308,137.655930,2703.934570,1405.414673,6912.419434,71.785164,5570.054199,41483.566406,4304.700195
2025-10-01,41979.867188,61.099808,138.598846,2718.764160,1407.794312,6774.956543,71.399223,5599.370117,41686.562500,4300.000000
2025-10-02,41938.898438,60.431526,135.873825,2718.764160,1368.234375,6629.638672,71.013283,5569.077148,42498.531250,4260.899902
2025-10-03,41929.144531,60.927963,139.079727,2708.877686,1368.135254,6580.544922,70.308937,5540.737793,41478.566406,4252.899902
2025-10-06,41648.238281,60.908871,138.608276,2708.877686,1348.404907,6558.943359,70.048431,5470.281250,41698.562500,4244.299805
2025-10-07,42186.644531,60.221500,136.486710,2703.934570,1352.866577,6717.025391,69.894058,5570.151855,41749.562500,4229.600098
2025-10-08,43306.367188,60.813404,138.787430,2738.536865,1323.618042,6567.780273,70.337883,5640.021484,42147.542969,4249.500000
2025-10-09,43013.757812,60.908871,139.749207,2689.005859,1269.087036,6372.386230,69.276550,5506.448242,41446.570312,4261.799805
2025-10-10,42238.339844,60.842041,137.665359,2644.615967,1229.527100,6421.480469,68.514313,5442.419922,39148.648438,4175.500000
2025-10-13,43881.835938,60.908871,138.768570,2639.573730,1201.765869,6578.581055,69.951942,5513.343750,41348.574219,4197.600098
2025-10-14,44474.859375,61.433945,142.379929,2767.207520,1279.001709,6774.858398,69.276550,5711.339355,42898.519531,4297.500000
2025-10-15,45842.324219,62.245426,146.038437,2690.093506,1279.001709,6578.581055,69.758980,5725.622559,43497.500000,4361.299805
2025-10-16,46194.433594,62.531834,148.970901,2693.949219,1288.916504,6480.393066,69.469513,5761.478516,42748.523438,4401.500000
2025-10-17,46183.703125,63.047363,148.603165,2716.786865,1287.925049,6394.969727,70.000191,5733.010742,41798.554688,4358.600098
2025-10-20,46442.175781,63.438782,148.904892,2703.934570,1279.001709,6451.035156,70.723831,5693.608398,41896.554688,4397.200195
2025-10-21,46459.734375,63.963860,148.084549,2683.173096,1276.919678,6507.885742,69.971237,5732.025391,40498.605469,4383.500000
2025-10-22,45647.250000,63.486519,147.396225,2659.445557,1289.709717,6441.118164,69.276550,5644.355957,40050.617188,4357.200195
2025-10-23,45869.636719,63.935223,149.140610,2694.048096,1293.873901,6465.664551,69.527405,5673.907227,41700.562500,4382.000000
2025-10-24,45356.589844,64.040237,150.290970,2668.343506,1299.822632,6480.393066,68.890602,5771.427734,42999.519531,
2025-10-27,45743.812500,63.247849,151.149017,2866.071777,1298.831177,6514.758789,69.237953,5730.055176,41903.554688,4418.899902
2025-10-28,45744.789062,63.486519,153.034851,2924.302490,1317.669189,6480.393066,68.601151,5762.562012,41880.554688,4433.200195
2025-10-29,46426.570312,63.944771,153.449738,2916.492432,1347.314331,6578.581055,68.890602,5811.814941,43853.488281,4448.000000
2025-10-30,47256.609375,65.080841,153.883469,2889.799072,1348.404907,6616.874023,69.469513,5826.590820,45417.433594,4507.899902
2025-11-03,48534.343750,64.823082,159.022339,2965.924561,1344.439087,6658.604004,69.855461,5917.215332,45748.421875,4568.600098
2025-11-04,47500.453125,63.982952,156.344467,2933.398193,1306.763062,6572.689453,69.276550,5752.711426,42998.519531,4499.000000
2025-11-05,47647.730469,64.746704,159.352371,2888.711426,1323.618042,6652.222168,69.180061,5856.142090,44708.457031,4490.000000
2025-11-06,47793.062500,65.854141,160.295273,2857.173828,1339.580811,6706.225098,68.697624,5816.740234,44300.468750,4544.799805
2025-11-07,49541.898438,66.827911,162.171677,2893.753662,1366.251465,6853.506348,69.469513,5937.901855,45697.421875,4590.899902
2025-11-10,49547.750000,66.732445,160.314148,2867.060303,1338.589355,6745.500488,69.469513,5900.469727,48688.320312,4644.000000
2025-11-11,49256.117188,67.190689,161.247620,2911.351562,1358.815430,6706.225098,71.775513,5910.320312,48200.335938,4658.600098
2025-11-12,50719.167969,67.897163,165.009842,2967.012207,1378.149170,6774.956543,70.984337,6156.583496,49395.296875,4731.200195
2025-11-13,48963.503906,64.937637,160.295273,2857.173828,1343.546631,6716.043945,70.241402,5990.109375,49348.296875,4674.700195
2025-11-14,48670.894531,64.173897,156.523621,2815.650879,1324.609497,6579.562988,68.842361,5910.221680,50598.253906,4602.000000
2025-11-17,49062.015625,66.350571,162.284821,2818.616943,1343.447510,6637.493652,70.395775,6181.209961,56297.058594,4723.899902
2025-11-18,49646.261719,65.414978,162.181107,2807.741943,1318.561523,6568.762207,70.241402,5865.992676,55908.070312,4709.399902
2025-11-19,50329.019531,65.844589,161.803940,2733.593750,1295.063599,6465.664551,68.958145,5712.324219,58101.996094,4732.399902
2025-11-20,50329.019531,65.424530,160.295273,2748.423340,1308.745972,6480.393066,66.787224,5732.025391,56748.039062,4716.799805
2025-11-21,51109.316406,65.892319,161.238190,2759.001709,1316.182007,6500.030762,67.539810,5839.888672,56098.062500,4706.200195
2025-11-24,51024.457031,65.138123,162.652557,2718.764160,1270.078491,6480.393066,67.259995,5801.964355,54698.113281,4705.799805
2025-11-25,51206.851562,65.147667,161.719070,2802.798584,1290.007080,6529.486816,67.539810,5947.751953,58096.996094,4759.500000
2025-11-26,51597.000000,65.892319,163.029724,2806.753174,1291.890869,6470.574219,68.408180,5870.917969,58002.996094,4799.399902
2025-11-27,52006.656250,66.866104,164.943832,2858.162598,1284.058228,6490.211914,69.459862,5880.867188,58492.984375,4821.200195
2025-11-28,52570.417969,66.493774,165.104141,2884.855957,1285.644531,6525.559570,69.836159,5910.320312,59997.929688,4847.700195
2025-12-01,52474.832031,66.827911,165.717026,2901.662842,1313.108521,6513.776855,70.415077,5954.450195,59497.945312,4849.399902
2025-12-02,52668.929688,66.827911,166.876816,2891.776367,1319.652222,6504.940430,69.083572,5935.143555,59347.953125,4849.200195
2025-12-03,52348.035156,67.486649,165.849045,2867.060303,1374.183228,6691.497070,70.048431,6028.526367,58007.996094,4874.299805
2025-12-04,52864.980469,67.773048,166.424225,2885.646973,1392.922119,6735.681641,70.337883,6008.825684,55791.074219,4875.200195
2025-12-05,53449.226562,67.085678,164.811829,2884.756836,1391.930664,6647.312500,71.785164,6067.928711,57278.023438,4868.399902
2025-12-09,53537.984375,66.388763,163.359741,2876.946777,1361.194946,6627.674805,69.469513,6069.800293,58387.984375,4865.700195
2025-12-10,54513.351562,66.150093,164.774124,2860.139893,1368.333496,6605.091797,69.131821,6028.526367,58107.996094,4862.100098
2025-12-11,55498.472656,67.773048,167.291702,2907.594727,1413.842285,6726.844727,69.758980,6156.583496,59647.941406,4945.299805
2025-12-12,55956.898438,67.305260,165.321014,2916.492432,1477.296631,6951.596191,70.434372,6294.491211,59437.949219,4979.000000
2025-12-15,55291.695312,66.837463,164.990982,2896.719482,1418.799561,6775.026367,70.540504,6150.673340,58997.964844,4918.299805
2025-12-16,54035.421875,65.586823,162.181107,2870.026367,1402.936035,6686.656250,70.472969,5994.049805,58777.972656,4864.000000
2025-12-17,53309.746094,65.061752,160.464996,2832.458008,1368.234375,6617.924316,69.469513,5870.917969,61357.878906,4832.399902
2025-12-18,53639.421875,65.710938,161.238190,2812.685059,1383.106567,6598.188477,69.479164,5870.917969,61206.886719,4864.700195
2025-12-19,54132.957031,66.598793,162.228256,2841.355713,1377.950928,6655.235840,69.469513,6042.317383,62397.847656,4930.600098
2025-12-22,54912.277344,67.496193,162.652557,2860.041016,1363.475342,6735.750977,69.990540,6038.376953,63787.800781,4931.399902
2025-12-23,55108.328125,66.971115,161.709656,2842.344238,1356.336670,6761.279785,70.723831,6094.524902,64447.773438,4940.000000
2025-12-24,55108.328125,67.228882,163.124023,2842.541992,1367.242920,6755.388672,71.013283,6061.821289,63747.800781,4928.600098
2025-12-26,55888.621094,68.259941,164.774124,2868.049072,1388.956299,6838.849121,71.370285,6107.331055,65189.750000,4974.500000
2025-12-29,56961.527344,67.887611,164.066940,2868.049072,1407.695190,6941.947266,71.379929,6203.866211,64597.769531,4981.500000
2025-12-30,56961.527344,67.878067,164.066940,2862.117188,1401.944580,6932.128418,71.389572,6190.075195,63797.800781,4996.600098
2026-01-02,57546.750000,67.715775,163.265457,2896.719482,1383.205688,6941.947266,70.434372,5960.558105,62112.855469,4971.000000
2026-01-05,58180.738281,69.405563,167.338852,2975.811035,1437.637573,7069.592773,73.319283,6107.331055,63857.792969,5048.799805
2026-01-06,59985.171875,69.596504,170.186447,3064.788574,1481.857300,7246.921875,74.776222,6171.359375,66499.703125,5179.899902
2026-01-07,59302.410156,69.596504,168.781494,3099.292236,1423.756958,7214.912109,72.846504,6081.719238,67397.671875,5173.600098
2026-01-08,60764.488281,68.565437,171.044495,3078.629639,1407.893433,7166.799805,74.052582,6107.331055,66977.687500,5186.299805
2026-01-09,60362.636719,69.882904,169.545258,3093.459229,1402.936035,7197.238281,74.872696,6220.611816,66217.710938,5205.000000
2026-01-12,60867.878906,70.073845,172.081696,3163.652832,1430.201538,7300.336426,75.113914,6254.990234,68797.625000,5269.899902
2026-01-13,61919.324219,69.672874,171.987396,3163.652832,1467.381836,7488.957031,74.718330,6304.341309,72247.507812,5331.399902
2026-01-14,62023.691406,69.501038,170.657898,3148.823242,1440.612061,7496.517578,73.521904,6402.846680,73097.476562,5342.100098
2026-01-15,61437.492188,68.737282,166.707092,3064.788574,1393.021240,7590.975098,74.679733,6225.537109,71227.539062,5304.500000
2026-01-16,62911.277344,71.123993,165.104141,3063.800049,1398.077759,7560.536621,74.670082,6362.459473,69029.617188,5263.500000
2026-01-19,62413.839844,70.264778,166.886246,3092.470703,1379.140625,7659.805664,74.825195,6364.429688,68497.640625,5305.799805
2026-01-20,62412.863281,69.501038,166.405350,2985.697266,1368.135254,7658.626953,74.564682,6304.341309,70447.570312,5273.000000
2026-01-21,62522.105469,70.522545,169.771561,2980.457520,1377.157715,7560.438477,73.715607,6227.507324,71397.539062,5355.600098
2026-01-22,63740.339844,74.427200,176.211670,2980.754150,1352.370850,7657.743652,73.136688,6401.861816,72697.492188,5446.000000
2026-01-23,64861.039062,74.646782,176.268234,3015.356689,1308.745972,7658.725586,73.300713,6374.378906,73597.460938,5456.399902
2026-01-26,62618.664062,74.751801,179.426987,2946.151611,1279.001709,7624.359375,74.294518,6437.323730,73497.468750,5485.000000
2026-01-27,62911.277344,75.611008,184.801605,3005.470215,1265.121094,7549.735840,74.294518,6540.754395,72697.492188,5526.200195
2026-01-28,62424.566406,75.849678,185.093903,2995.583740,1268.095459,7501.623535,73.812088,6552.575195,71987.515625,5526.899902
2026-01-29,63388.230469,75.544182,185.753937,2960.981201,1283.959106,7290.517578,72.355141,6599.857422,69750.593750,5489.200195
2026-01-30,63392.132812,73.405693,187.630341,2891.776367,1297.839722,7315.064453,71.544662,6682.602051,67697.664062,5420.500000
2026-02-02,64081.718750,74.274460,181.935135,2990.640625,1284.950562,7207.057129,73.213867,6678.562988,65687.734375,5422.399902
2026-02-03,64763.500000,75.916512,186.932587,3062.811279,1308.745972,7177.600586,73.233170,6698.362793,66997.687500,5527.100098
2026-02-04,63691.570312,73.988045,186.696854,3084.561523,1299.822632,7089.230469,73.281410,6697.377930,63420.812500,5410.399902
2026-02-05,63164.871094,74.465393,181.039368,3153.766357,1328.476318,7020.498535,70.145599,6570.207520,61872.867188,5352.399902
2026-02-06,64345.066406,75.038200,177.739182,3064.788574,1368.234375,7040.136230,70.811363,6501.253418,61749.867188,5322.200195
2026-02-09,64291.421875,75.992882,182.548050,3045.015869,1354.552002,7069.592773,71.448174,6550.604980,60747.902344,5364.500000
2026-02-10,62473.335938,74.513130,181.982285,2965.924561,1313.703369,6937.038086,70.435066,6392.996094,59711.941406,5270.299805
2026-02-11,64374.328125,75.248230,185.282486,3049.464600,1366.251465,7096.987305,71.592896,6432.299805,63987.792969,5322.500000
2026-02-12,63091.718750,73.081100,177.833481,3020.299805,1368.234375,7138.324707,69.470200,6392.996094,61297.886719,5305.899902
2026-02-13,59499.437500,73.319771,176.796265,3015.356689,1357.328247,7216.875977,70.328926,6303.356445,61557.875000,5169.700195
2026-02-16,61838.371094,72.966537,175.523331,2968.890381,1330.855835,7236.513672,69.566689,6324.042480,61996.859375,5175.000000
2026-02-17,60083.683594,72.880608,174.438980,2978.776855,1368.135254,7211.966309,68.707954,6158.553711,62847.832031,5156.000000
2026-02-18,59107.339844,73.415237,173.034042,2876.946777,1326.592529,7265.970215,68.794800,6352.608887,63217.816406,5208.899902
2026-02-19,59204.875000,73.415237,172.722870,2857.173828,1308.745972,7128.505859,67.540474,6112.255859,62696.835938,5117.100098
2026-02-20,58385.566406,74.150345,178.210632,2852.230713,1328.575439,7118.687012,68.997421,5990.109375,62687.835938,5154.899902
2026-02-23,58034.433594,74.169441,174.438980,2963.354004,1327.583984,7148.143555,70.869247,6154.613281,63285.816406,5160.500000
2026-02-24,59398.972656,73.033363,173.024612,2956.038086,1311.422852,7138.324707,72.171822,6156.583496,65297.746094,5226.799805
2026-02-25,61847.148438,73.653908,175.372467,2951.094971,1323.618042,7148.143555,70.927147,6245.238281,68297.640625,5290.799805
2026-02-26,59985.171875,73.510704,174.344681,2867.060303,1274.639282,7059.773926,72.268311,6378.220703,67592.664062,5242.799805
2026-02-27,58319.242188,71.601334,169.724411,2696.420654,1281.976196,7071.949219,70.483307,6383.145996,66697.703125,5191.500000
2026-03-02,55498.472656,68.546349,166.886246,2669.332031,1249.257446,6799.671875,68.765846,5989.124512,66297.710938,5066.500000
2026-03-03,54132.957031,66.398308,163.227737,2610.013672,1229.427979,6637.562012,66.865074,5772.412598,63547.804688,4896.899902
2026-03-04,58521.140625,68.689545,165.490723,2590.240723,1293.973022,6593.376953,68.071152,5944.796875,64597.769531,4971.500000
2026-03-05,56137.339844,67.753960,162.181107,2589.944092,1254.214844,6509.916504,66.565956,5939.871582,64097.789062,4897.500000
2026-03-06,55498.472656,67.983086,164.726974,2587.274902,1288.817383,6529.554199,67.636955,6026.556641,64994.757812,4935.700195
2026-03-09,57546.750000,69.873360,168.677780,2570.468018,1264.129639,6783.273926,69.171097,5945.782227,66987.687500,4945.200195
2026-03-10,58034.433594,70.455719,171.119919,2607.838623,1264.129639,6589.449707,70.724525,6009.022461,68496.640625,5027.700195
2026-03-11,57546.750000,69.548767,167.838593,2530.823242,1262.146729,6530.536133,70.338577,5934.946289,68996.617188,5010.100098
2026-03-12,56581.132812,67.792145,163.501175,2569.479248,1244.300171,6285.064453,70.058769,5821.665527,69797.593750,4936.899902
2026-03-13,58522.117188,67.763512,164.764694,2575.411133,1249.257446,6332.194824,70.435066,5910.320312,68942.617188,4936.200195
2026-03-16,57405.320312,68.727737,167.178558,2638.684082,1254.214844,6333.176758,71.737633,6107.331055,69309.601562,5012.799805
2026-03-17,57536.996094,68.737282,165.575607,2550.695068,1254.214844,6381.289551,70.917496,6186.135254,70497.570312,5035.500000
2026-03-18,58522.117188,68.536804,166.895676,2550.695068,1263.138184,6381.289551,72.249008,6107.331055,69337.601562,5052.100098
2026-03-19,58863.496094,68.975952,165.132431,2476.349365,1263.039062,6470.641113,71.785873,5930.020996,67057.687500,4965.200195
2026-03-20,58131.968750,69.596504,171.300003,2333.193848,1208.607056,6186.875488,71.399925,5905.395020,64011.792969,4962.200195
2026-03-23,57552.601562,70.026108,163.699997,2274.864014,1160.024780,5984.410156,70.589447,5656.176270,68397.640625,4881.000000
2026-03-24,57546.750000,70.073845,163.009995,2273.875488,1125.323242,6038.610352,69.614929,5516.298828,67914.656250,4828.100098
2026-03-25,59009.800781,71.410400,168.000000,2244.216309,1150.110107,6137.781250,68.215874,5535.014648,72467.500000,4949.100098
2026-03-26,58522.117188,71.524963,168.000000,2313.421143,1130.280640,6176.074707,68.505333,5536.000000,71707.531250,4939.399902
2026-03-27,58522.117188,70.407982,165.500000,2372.838623,1148.127197,6215.350098,69.364067,5370.000000,75947.382812,4907.200195
2026-03-30,58424.582031,71.219460,164.770004,2371.750977,1184.811646,6333.176758,68.022903,5370.200195,75497.390625,4923.100098
2026-03-31,58522.117188,73.224297,168.119995,2500.076660,1249.257446,6284.082520,68.978119,5670.000000,74947.414062,4957.299805
2026-04-01,59398.000000,73.739830,170.500000,2491.376465,1230.518677,6390.126465,72.258659,5890.000000,74203.445312,5072.899902
2026-04-02,60500.000000,72.384178,167.000000,2471.603760,1199.683838,6409.666016,72.277962,5850.000000,74947.414062,5035.500000
2026-04-06,60703.000000,72.737411,168.649994,2491.376465,1204.641113,6391.206543,71.042923,5770.100098,73319.468750,5048.799805
2026-04-07,58500.000000,71.696808,165.000000,2432.058105,1153.183594,6234.987793,70.821014,5660.000000,71659.531250,4968.100098
2026-04-08,60000.000000,73.988045,170.000000,2511.149414,1131.073853,6391.009766,74.284866,5800.000000,74686.421875,5114.600098
2026-04-09,61100.000000,74.169441,171.600006,2547.729248,1158.041870,6384.234863,74.757660,6000.000000,73542.468750,5128.899902
2026-04-10,62605.000000,74.961823,173.000000,2597.161133,1178.862793,6529.554199,76.079514,6031.799805,73747.453125,5202.700195
2026-04-13,62292.000000,75.019112,172.050003,2535.865479,1165.973633,6724.950195,76.581253,5870.000000,78097.304688,5271.500000
2026-04-14,64989.000000,76.231552,175.600006,2560.482422,1169.939575,6691.565918,76.648788,5935.000000,78997.273438,5338.000000
2026-04-15,65300.000000,75.563278,177.990005,2511.149414,1162.007812,6608.105469,77.044380,5900.000000,77427.328125,5318.399902
2026-04-16,65300.000000,76.050171,180.500000,2444.910400,1159.826538,6693.529785,76.996140,5839.000000,84508.085938,5371.700195
2026-04-17,64196.000000,75.887871,183.000000,2491.376465,1150.407593,6663.876465,77.189110,5920.000000,78147.304688,5375.000000
2026-04-20,63305.000000,74.751801,182.899994,2461.717285,1144.161255,6598.286621,77.102280,5835.000000,77597.320312,5349.600098
2026-04-21,61998.000000,72.575111,176.110001,2392.512451,1121.357300,6554.101562,74.873436,5725.000000,77547.320312,5262.200195
2026-04-22,61800.000000,71.362663,171.600006,2351.978027,1120.365845,6534.463867,75.191841,5725.000000,77585.320312,5173.700195
2026-04-23,63000.000000,71.553596,170.500000,2343.080322,1116.399902,6529.554199,77.237358,5800.000000,76796.343750,5096.000000
2026-04-24,64500.000000,72.527382,173.300003,2352.966797,1125.323242,6544.282715,78.153976,5959.899902,79299.257812,5238.500000
2026-04-27,62002.000000,71.792274,170.789993,2328.547363,1117.391479,6480.459961,77.864517,5861.000000,81197.195312,5206.100098
2026-04-28,60800.000000,70.875778,168.250000,2252.125244,1100.734619,6396.999512,76.764572,5687.000000,79299.257812,5120.000000
2026-04-29,61304.000000,70.646652,167.000000,2179.954590,1110.451172,6284.082520,75.433060,5515.200195,82702.148438,5112.799805
2026-04-30,60800.000000,71.949997,168.679993,2249.159424,1106.584351,6188.839355,77.961006,5450.000000,82752.148438,5130.899902
2026-05-04,59886.000000,70.070000,166.490005,2175.011230,1087.647217,6105.869629,77.845222,5390.000000,81679.187500,5005.799805
2026-05-05,58592.000000,68.559998,165.850006,2112.924561,1073.171753,6009.153809,78.925873,5299.899902,83637.109375,5034.899902
2026-05-06,60180.000000,70.449997,167.679993,2116.681396,1105.493774,6097.523926,81.048569,5715.000000,83781.109375,5105.600098
2026-05-07,60174.000000,69.199997,162.800003,2176.000000,1128.400024,6087.705078,80.074051,5880.000000,81997.171875,5088.799805
2026-05-08,59000.000000,67.500000,161.100006,2230.000000,1178.900024,6210.000000,78.983757,5750.000000,82054.203125,5053.000000
2026-05-11,58010.000000,66.750000,159.000000,2115.000000,1143.599976,6190.000000,78.153976,5620.000000,83515.171875,5001.899902
2026-05-12,57126.000000,68.260002,158.759995,2055.100098,1110.000000,6180.000000,76.947899,5535.000000,84800.140625,4965.899902
2026-05-13,55747.000000,67.489998,155.839996,2083.100098,1100.000000,6143.500000,75.741814,5380.000000,81338.218750,4853.299805
2026-05-14,57253.000000,69.099998,163.490005,2125.000000,1065.000000,6150.000000,77.189110,5441.500000,78197.281250,4890.000000
2026-05-15,59193.000000,68.989998,163.699997,2060.000000,1055.000000,6145.000000,76.809998,5500.200195,76588.320312,4841.600098
2026-05-18,59600.000000,69.169998,165.000000,2106.000000,1061.000000,6450.000000,76.800003,5650.000000,74598.367188,4817.299805
2026-05-19,58399.000000,68.250000,166.500000,2071.500000,1065.000000,6400.000000,75.150002,5445.000000,73188.398438,4820.399902
2026-05-20,60000.000000,70.099998,171.899994,2180.000000,1095.000000,6425.000000,76.750000,5600.000000,72898.398438,4941.799805
2026-05-22,58226.000000,70.199997,169.000000,2116.000000,1095.000000,6399.500000,75.070000,5719.000000,71948.421875,4883.700195
2026-05-25,60100.000000,71.580002,172.160004,2200.000000,1145.000000,6420.000000,75.500000,5929.000000,73508.390625,4998.399902
2026-05-26,59400.000000,71.989998,172.990005,2122.000000,1121.099976,6390.000000,75.559998,5864.100098,72592.406250,4968.799805
2026-05-27,59005.000000,71.809998,173.139999,2130.899902,1164.900024,6445.000000,75.000000,5831.000000,75437.343750,5055.299805
2026-05-28,59970.000000,71.400002,172.500000,2180.000000,1120.000000,6560.000000,77.000000,5875.000000,75366.343750,5044.100098
2026-05-29,60051.000000,70.000000,167.660004,2099.000000,1066.000000,6323.399902,77.300003,5700.000000,76198.328125,5061.100098
2026-06-01,58652.000000,69.250000,166.589996,2146.000000,1065.000000,6340.000000,75.099998,5645.000000,74448.367188,4924.399902
2026-06-02,57050.000000,69.010002,166.800003,2160.000000,1032.000000,6184.399902,74.099998,5565.000000,71928.421875,4856.600098
2026-06-03,58399.000000,68.099998,163.990005,2167.899902,1028.000000,6100.000000,74.300003,5450.000000,70998.445312,4800.200195
2026-06-04,56508.000000,68.110001,165.500000,2160.000000,1050.000000,6115.000000,74.000000,5574.000000,69653.468750,4812.700195
2026-06-05,56508.000000,68.699997,165.210007,2110.000000,1040.000000,6105.000000,75.989998,5511.000000,69338.476562,4779.200195
2026-06-08,55610.000000,68.500000,167.000000,2110.000000,1030.000000,5980.000000,74.199997,5580.000000,66848.531250,4705.100098
2026-06-09,59100.000000,72.099998,175.899994,2105.000000,1048.000000,6119.500000,76.000000,5740.000000,69063.484375,4816.600098
2026-06-10,59007.000000,71.699997,176.800003,2090.000000,1040.099976,6187.500000,77.500000,5854.000000,67998.507812,4844.100098
2026-06-11,60490.000000,72.440002,178.250000,2180.100098,1040.300049,6159.000000,78.750000,5970.000000,72603.406250,4931.299805
2026-06-12,61299.000000,73.599998,182.000000,2248.000000,1060.000000,6120.000000,80.320000,5950.000000,75498.343750,5048.600098
2026-06-15,59800.000000,73.989998,180.509995,2274.899902,1058.000000,6000.000000,81.330002,5970.000000,74148.375000,5055.500000
2026-06-16,60060.000000,74.000000,179.600006,2185.000000,1050.000000,6027.899902,82.500000,6094.000000,73897.382812,5054.500000
2026-06-17,58600.000000,72.709999,179.000000,2110.000000,1064.900024,5990.000000,82.550003,6052.000000,74048.375000,5026.700195
2026-06-18,59000.000000,73.699997,182.470001,2160.600098,1054.900024,5861.000000,81.720001,6099.000000,71948.421875,4990.100098
2026-06-19,59000.000000,74.000000,180.009995,2116.000000,1041.000000,5860.000000,82.199997,6065.000000,73198.390625,5028.799805
2026-06-22,60199.000000,74.930000,182.000000,2160.000000,1048.000000,5980.000000,82.000000,5899.000000,71153.437500,5049.799805
2026-06-23,59938.000000,73.000000,178.100006,2159.000000,1043.000000,5967.000000,81.360001,5686.100098,70148.460938,4995.299805
2026-06-24,59000.000000,72.010002,175.020004,2111.000000,1035.599976,5830.000000,78.000000,5560.000000,69498.476562,4978.799805
2026-06-25,59000.000000,73.500000,177.610001,2123.000000,1040.000000,5802.000000,78.650002,5890.000000,67048.531250,4963.000000
2026-06-26,60200.000000,75.000000,179.990005,2127.000000,1040.000000,5765.000000,81.290001,5889.899902,65948.554688,4988.100098
2026-06-30,60569.000000,75.500000,180.500000,2130.000000,1026.000000,5751.000000,81.000000,5756.000000,68448.500000,5007.500000
2026-07-01,60900.000000,75.000000,179.509995,2101.000000,1031.000000,5799.899902,81.400002,5775.000000,68709.492188,5036.000000
2026-07-02,60880.000000,74.870003,181.889999,2073.000000,1034.000000,5834.700195,80.379997,5798.000000,67478.523438,5003.600098
2026-07-03,60699.000000,75.050003,182.490005,2090.000000,1041.000000,5811.100098,81.080002,5839.899902,66988.531250,5011.899902
2026-07-06,60637.000000,76.940002,182.500000,2095.000000,1046.900024,5880.000000,81.000000,5781.000000,68258.500000,5035.000000
2026-07-07,63000.000000,78.500000,187.500000,2081.000000,1075.000000,6050.000000,81.900002,6000.000000,67937.507812,5097.000000
2026-07-08,62967.000000,77.099998,185.449997,2079.000000,1078.599976,6030.000000,81.949997,5880.000000,69499.476562,5041.799805
2026-07-09,64080.000000,77.500000,187.000000,2056.500000,1094.500000,6020.000000,82.000000,5851.000000,69098.484375,5093.100098
2026-07-10,63500.000000,79.000000,188.880005,2045.099976,1109.000000,6139.000000,81.699997,5905.000000,67748.515625,5091.899902
2026-07-13,62500.000000,78.199997,185.000000,2040.000000,1078.000000,6057.299805,81.000000,5905.000000,67209.523438,5065.000000
2026-07-14,64477.000000,78.639999,189.500000,2040.000000,1103.000000,6210.000000,82.000000,5875.000000,67898.507812,5070.000000
2026-07-15,62802.000000,78.160004,188.880005,2005.000000,1074.000000,6126.000000,82.000000,5853.000000,66048.554688,5057.200195
2026-07-17,62502.000000,77.000000,188.500000,1995.000000,1070.000000,6249.600098,81.010002,5835.000000,65448.562500,5035.399902
2026-07-20,62502.000000,77.000000,189.949997,1995.000000,1070.000000,6249.600098,81.010002,5835.000000,65448.562500,5035.399902
2026-07-21,62502.000000,77.000000,190.009995,1995.000000,1070.000000,6249.600098,81.010002,5835.000000,65448.562500,5035.399902
2026-07-22,62502.000000,77.000000,193.500000,1995.000000,1070.000000,6249.600098,81.010002,5835.000000,65448.562500,5035.399902
2026-07-23,62502.000000,77.000000,190.720001,1995.000000,1070.000000,6249.600098,81.010002,5835.000000,65448.562500,5035.399902
2026-07-24,62502.000000,77.000000,193.100006,1995.000000,1070.000000,6249.600098,81.010002,5835.000000,65448.562500,5035.399902
2026-07-27,62502.000000,77.000000,193.259995,1995.000000,1070.000000,6249.600098,81.010002,5835.000000,65448.562500,5035.399902
2026-07-28,62502.000000,77.000000,189.100006,1995.000000,1070.000000,6249.600098,81.010002,5835.000000,65448.562500,5035.399902
2026-07-29,62502.000000,77.000000,191.000000,1995.000000,1070.000000,6249.600098,81.010002,5835.000000,65448.562500,5035.399902
2026-07-30,62502.000000,77.000000,196.800003,1995.000000,1070.000000,6249.600098,81.010002,5835.000000,65448.562500,5035.399902
2026-07-31,62502.000000,77.000000,193.710007,1995.000000,1070.000000,6249.600098,81.010002,5835.000000,65448.562500,5035.399902
2026-08-03,62502.000000,77.000000,192.479996,1995.000000,1070.000000,6249.600098,81.010002,5835.000000,65448.562500,5035.399902
2026-08-04,62502.000000,77.000000,189.020004,1995.000000,1070.000000,6249.600098,81.010002,5835.000000,65448.562500,5035.399902
2026-08-05,62502.000000,77.000000,190.220001,1995.000000,1070.000000,6249.600098,81.010002,5835.000000,65448.562500,5035.399902
2026-08-06,62502.000000,77.000000,191.699997,1995.000000,1070.000000,6249.600098,81.010002,5835.000000,65448.562500,5035.399902
2026-08-07,62502.000000,77.000000,188.649994,1995.000000,1070.000000,6249.600098,81.010002,5835.000000,65448.562500,5035.399902
2026-08-10,62502.000000,77.000000,189.759995,1995.000000,1070.000000,6249.600098,81.010002,5835.000000,65448.562500,5035.399902
2026-08-11,62502.000000,77.000000,186.850006,1995.000000,1070.000000,6249.600098,81.010002,5835.000000,65448.562500,5035.399902
2026-08-12,62502.000000,77.000000,183.000000,1995.000000,1070.000000,6249.600098,81.010002,5835.000000,65448.562500,5035.399902
2026-08-13,62502.000000,77.000000,186.000000,1995.000000,1070.000000,6249.600098,81.010002,5835.000000,65448.562500,5035.399902
2026-08-14,62502.000000,77.000000,185.809998,1995.000000,1070.000000,6249.600098,81.010002,5835.000000,65448.562500,5035.399902
2026-08-17,62502.000000,77.000000,188.500000,1995.000000,1070.000000,6249.600098,81.010002,5835.000000,65448.562500,5035.399902
2026-08-18,62502.000000,77.000000,191.600006,1995.000000,1070.000000,6249.600098,81.010002,5835.000000,65448.562500,5035.399902
2026-08-19,62502.000000,77.000000,192.699997,1995.000000,1070.000000,6249.600098,81.010002,5835.000000,65448.562500,5035.399902
2026-08-20,62502.000000,77.000000,189.000000,1995.000000,1070.000000,6249.600098,81.010002,5835.000000,65448.562500,5035.399902
2026-08-21,62502.000000,77.000000,192.009995,1995.000000,1070.000000,6249.600098,81.010002,5835.000000,65448.562500,5035.399902
2026-08-24,62502.000000,77.000000,196.500000,1995.000000,1070.000000,6249.600098,81.010002,5835.000000,65448.562500,5035.399902
2026-08-25,62502.000000,77.000000,194.009995,1995.000000,1070.000000,6249.600098,81.010002,5835.000000,65448.562500,5035.399902
2026-08-26,62502.000000,77.000000,191.050003,1995.000000,1070.000000,6249.600098,81.010002,5835.000000,65448.562500,5035.399902
2026-08-27,62502.000000,77.000000,193.000000,1995.000000,1070.000000,6249.600098,81.010002,5835.000000,65448.562500,5035.399902
2026-08-28,62502.000000,77.000000,194.800003,1995.000000,1070.000000,6249.600098,81.010002,5835.000000,65448.562500,5035.399902
2026-08-31,62502.000000,77.000000,192.500000,1995.000000,1070.000000,6249.600098,81.010002,5835.000000,65448.562500,5035.399902
