fecha,codigo_serie,nombre,valor
2019-08-01,CMF_CONT_RENTAB_ROAE_DESPUES_IMPTOS_AGIFI_BBRA_STO_RAZ_PORC_MONT,Banco Do Brasil S.A.,-3.237998195192285
2019-09-01,CMF_CONT_RENTAB_ROAE_DESPUES_IMPTOS_AGIFI_BBRA_STO_RAZ_PORC_MONT,Banco Do Brasil S.A.,-3.1462812124449195
2019-10-01,CMF_CONT_RENTAB_ROAE_DESPUES_IMPTOS_AGIFI_BBRA_STO_RAZ_PORC_MONT,Banco Do Brasil S.A.,-2.6410206636187774
2019-11-01,CMF_CONT_RENTAB_ROAE_DESPUES_IMPTOS_AGIFI_BBRA_STO_RAZ_PORC_MONT,Banco Do Brasil S.A.,2.6858966228529852
2019-12-01,CMF_CONT_RENTAB_ROAE_DESPUES_IMPTOS_AGIFI_BBRA_STO_RAZ_PORC_MONT,Banco Do Brasil S.A.,0.5419972850105231
2020-01-01,CMF_CONT_RENTAB_ROAE_DESPUES_IMPTOS_AGIFI_BBRA_STO_RAZ_PORC_MONT,Banco Do Brasil S.A.,1.6889641020174293
2020-02-01,CMF_CONT_RENTAB_ROAE_DESPUES_IMPTOS_AGIFI_BBRA_STO_RAZ_PORC_MONT,Banco Do Brasil S.A.,1.7348677467019873
2020-03-01,CMF_CONT_RENTAB_ROAE_DESPUES_IMPTOS_AGIFI_BBRA_STO_RAZ_PORC_MONT,Banco Do Brasil S.A.,2.254844626385603
2020-04-01,CMF_CONT_RENTAB_ROAE_DESPUES_IMPTOS_AGIFI_BBRA_STO_RAZ_PORC_MONT,Banco Do Brasil S.A.,1.8726144246407115
2020-05-01,CMF_CONT_RENTAB_ROAE_DESPUES_IMPTOS_AGIFI_BBRA_STO_RAZ_PORC_MONT,Banco Do Brasil S.A.,1.9609143198130252
2020-06-01,CMF_CONT_RENTAB_ROAE_DESPUES_IMPTOS_AGIFI_BBRA_STO_RAZ_PORC_MONT,Banco Do Brasil S.A.,4.021412241900105
2020-07-01,CMF_CONT_RENTAB_ROAE_DESPUES_IMPTOS_AGIFI_BBRA_STO_RAZ_PORC_MONT,Banco Do Brasil S.A.,4.76319252294531
2019-08-01,CMF_CONT_RENTAB_ROAE_DESPUES_IMPTOS_AGIFI_BBTGP_STO_RAZ_PORC_MONT,Banco BTG Pactual Chile,16.115892390228897
2019-09-01,CMF_CONT_RENTAB_ROAE_DESPUES_IMPTOS_AGIFI_BBTGP_STO_RAZ_PORC_MONT,Banco BTG Pactual Chile,16.31422814309477
2019-10-01,CMF_CONT_RENTAB_ROAE_DESPUES_IMPTOS_AGIFI_BBTGP_STO_RAZ_PORC_MONT,Banco BTG Pactual Chile,17.822003288179303
2019-11-01,CMF_CONT_RENTAB_ROAE_DESPUES_IMPTOS_AGIFI_BBTGP_STO_RAZ_PORC_MONT,Banco BTG Pactual Chile,18.74081807082882
2019-12-01,CMF_CONT_RENTAB_ROAE_DESPUES_IMPTOS_AGIFI_BBTGP_STO_RAZ_PORC_MONT,Banco BTG Pactual Chile,20.749594119776393
2020-01-01,CMF_CONT_RENTAB_ROAE_DESPUES_IMPTOS_AGIFI_BBTGP_STO_RAZ_PORC_MONT,Banco BTG Pactual Chile,21.366022653155035
2020-02-01,CMF_CONT_RENTAB_ROAE_DESPUES_IMPTOS_AGIFI_BBTGP_STO_RAZ_PORC_MONT,Banco BTG Pactual Chile,20.887644164541
2020-03-01,CMF_CONT_RENTAB_ROAE_DESPUES_IMPTOS_AGIFI_BBTGP_STO_RAZ_PORC_MONT,Banco BTG Pactual Chile,18.993551615976283
2020-04-01,CMF_CONT_RENTAB_ROAE_DESPUES_IMPTOS_AGIFI_BBTGP_STO_RAZ_PORC_MONT,Banco BTG Pactual Chile,18.00379503157618
2020-05-01,CMF_CONT_RENTAB_ROAE_DESPUES_IMPTOS_AGIFI_BBTGP_STO_RAZ_PORC_MONT,Banco BTG Pactual Chile,15.298705916340122
2020-06-01,CMF_CONT_RENTAB_ROAE_DESPUES_IMPTOS_AGIFI_BBTGP_STO_RAZ_PORC_MONT,Banco BTG Pactual Chile,13.315061464549688
2020-07-01,CMF_CONT_RENTAB_ROAE_DESPUES_IMPTOS_AGIFI_BBTGP_STO_RAZ_PORC_MONT,Banco BTG Pactual Chile,12.400627269898902
2019-08-01,CMF_CONT_RENTAB_ROAE_DESPUES_IMPTOS_AGIFI_BCHI_STO_RAZ_PORC_MONT,Banco de Chile,17.778413416329936
2019-09-01,CMF_CONT_RENTAB_ROAE_DESPUES_IMPTOS_AGIFI_BCHI_STO_RAZ_PORC_MONT,Banco de Chile,18.220810515413234
2019-10-01,CMF_CONT_RENTAB_ROAE_DESPUES_IMPTOS_AGIFI_BCHI_STO_RAZ_PORC_MONT,Banco de Chile,17.553264111574315
2019-11-01,CMF_CONT_RENTAB_ROAE_DESPUES_IMPTOS_AGIFI_BCHI_STO_RAZ_PORC_MONT,Banco de Chile,17.271781301943395
2019-12-01,CMF_CONT_RENTAB_ROAE_DESPUES_IMPTOS_AGIFI_BCHI_STO_RAZ_PORC_MONT,Banco de Chile,17.49036790858192
2020-01-01,CMF_CONT_RENTAB_ROAE_DESPUES_IMPTOS_AGIFI_BCHI_STO_RAZ_PORC_MONT,Banco de Chile,17.678165837761163
2020-02-01,CMF_CONT_RENTAB_ROAE_DESPUES_IMPTOS_AGIFI_BCHI_STO_RAZ_PORC_MONT,Banco de Chile,18.321067215695198
2020-03-01,CMF_CONT_RENTAB_ROAE_DESPUES_IMPTOS_AGIFI_BCHI_STO_RAZ_PORC_MONT,Banco de Chile,18.198003344059963
2020-04-01,CMF_CONT_RENTAB_ROAE_DESPUES_IMPTOS_AGIFI_BCHI_STO_RAZ_PORC_MONT,Banco de Chile,17.5592561177331
2020-05-01,CMF_CONT_RENTAB_ROAE_DESPUES_IMPTOS_AGIFI_BCHI_STO_RAZ_PORC_MONT,Banco de Chile,16.841854984666863
2020-06-01,CMF_CONT_RENTAB_ROAE_DESPUES_IMPTOS_AGIFI_BCHI_STO_RAZ_PORC_MONT,Banco de Chile,15.609264410410034
2020-07-01,CMF_CONT_RENTAB_ROAE_DESPUES_IMPTOS_AGIFI_BCHI_STO_RAZ_PORC_MONT,Banco de Chile,14.871341005605633
2019-08-01,CMF_CONT_RENTAB_ROAE_DESPUES_IMPTOS_AGIFI_BCI_STO_RAZ_PORC_MONT,Banco de Credito e Inversiones,12.355958172755665
2019-09-01,CMF_CONT_RENTAB_ROAE_DESPUES_IMPTOS_AGIFI_BCI_STO_RAZ_PORC_MONT,Banco de Credito e Inversiones,12.03316100920418
2019-10-01,CMF_CONT_RENTAB_ROAE_DESPUES_IMPTOS_AGIFI_BCI_STO_RAZ_PORC_MONT,Banco de Credito e Inversiones,11.708292462712043
2019-11-01,CMF_CONT_RENTAB_ROAE_DESPUES_IMPTOS_AGIFI_BCI_STO_RAZ_PORC_MONT,Banco de Credito e Inversiones,11.07909182921002
2019-12-01,CMF_CONT_RENTAB_ROAE_DESPUES_IMPTOS_AGIFI_BCI_STO_RAZ_PORC_MONT,Banco de Credito e Inversiones,11.153040640610914
2020-01-01,CMF_CONT_RENTAB_ROAE_DESPUES_IMPTOS_AGIFI_BCI_STO_RAZ_PORC_MONT,Banco de Credito e Inversiones,10.556647278817124
2020-02-01,CMF_CONT_RENTAB_ROAE_DESPUES_IMPTOS_AGIFI_BCI_STO_RAZ_PORC_MONT,Banco de Credito e Inversiones,10.586930213039329
2020-03-01,CMF_CONT_RENTAB_ROAE_DESPUES_IMPTOS_AGIFI_BCI_STO_RAZ_PORC_MONT,Banco de Credito e Inversiones,10.14240906634961
2020-04-01,CMF_CONT_RENTAB_ROAE_DESPUES_IMPTOS_AGIFI_BCI_STO_RAZ_PORC_MONT,Banco de Credito e Inversiones,9.679912764616041
2020-05-01,CMF_CONT_RENTAB_ROAE_DESPUES_IMPTOS_AGIFI_BCI_STO_RAZ_PORC_MONT,Banco de Credito e Inversiones,9.209639534333288
2020-06-01,CMF_CONT_RENTAB_ROAE_DESPUES_IMPTOS_AGIFI_BCI_STO_RAZ_PORC_MONT,Banco de Credito e Inversiones,8.628961334453864
2020-07-01,CMF_CONT_RENTAB_ROAE_DESPUES_IMPTOS_AGIFI_BCI_STO_RAZ_PORC_MONT,Banco de Credito e Inversiones,8.49774709949279
2019-08-01,CMF_CONT_RENTAB_ROAE_DESPUES_IMPTOS_AGIFI_BCON_STO_RAZ_PORC_MONT,Banco Consorcio,11.697380803398476
2019-09-01,CMF_CONT_RENTAB_ROAE_DESPUES_IMPTOS_AGIFI_BCON_STO_RAZ_PORC_MONT,Banco Consorcio,11.575616363463642
2019-10-01,CMF_CONT_RENTAB_ROAE_DESPUES_IMPTOS_AGIFI_BCON_STO_RAZ_PORC_MONT,Banco Consorcio,10.838442008793114
2019-11-01,CMF_CONT_RENTAB_ROAE_DESPUES_IMPTOS_AGIFI_BCON_STO_RAZ_PORC_MONT,Banco Consorcio,12.450325846191845
2019-12-01,CMF_CONT_RENTAB_ROAE_DESPUES_IMPTOS_AGIFI_BCON_STO_RAZ_PORC_MONT,Banco Consorcio,12.64212537518392
2020-01-01,CMF_CONT_RENTAB_ROAE_DESPUES_IMPTOS_AGIFI_BCON_STO_RAZ_PORC_MONT,Banco Consorcio,12.396528870747112
2020-02-01,CMF_CONT_RENTAB_ROAE_DESPUES_IMPTOS_AGIFI_BCON_STO_RAZ_PORC_MONT,Banco Consorcio,12.67749541367897
2020-03-01,CMF_CONT_RENTAB_ROAE_DESPUES_IMPTOS_AGIFI_BCON_STO_RAZ_PORC_MONT,Banco Consorcio,13.403634142001698
2020-04-01,CMF_CONT_RENTAB_ROAE_DESPUES_IMPTOS_AGIFI_BCON_STO_RAZ_PORC_MONT,Banco Consorcio,13.680635789461597
2020-05-01,CMF_CONT_RENTAB_ROAE_DESPUES_IMPTOS_AGIFI_BCON_STO_RAZ_PORC_MONT,Banco Consorcio,14.126182140868439
2020-06-01,CMF_CONT_RENTAB_ROAE_DESPUES_IMPTOS_AGIFI_BCON_STO_RAZ_PORC_MONT,Banco Consorcio,14.141110814016468
2020-07-01,CMF_CONT_RENTAB_ROAE_DESPUES_IMPTOS_AGIFI_BCON_STO_RAZ_PORC_MONT,Banco Consorcio,13.855739323623796
2019-08-01,CMF_CONT_RENTAB_ROAE_DESPUES_IMPTOS_AGIFI_BECH_STO_RAZ_PORC_MONT,Banco del Estado de Chile,11.981748092203603
2019-09-01,CMF_CONT_RENTAB_ROAE_DESPUES_IMPTOS_AGIFI_BECH_STO_RAZ_PORC_MONT,Banco del Estado de Chile,11.698926779045294
2019-10-01,CMF_CONT_RENTAB_ROAE_DESPUES_IMPTOS_AGIFI_BECH_STO_RAZ_PORC_MONT,Banco del Estado de Chile,10.215068798344689
2019-11-01,CMF_CONT_RENTAB_ROAE_DESPUES_IMPTOS_AGIFI_BECH_STO_RAZ_PORC_MONT,Banco del Estado de Chile,10.017223803320787
2019-12-01,CMF_CONT_RENTAB_ROAE_DESPUES_IMPTOS_AGIFI_BECH_STO_RAZ_PORC_MONT,Banco del Estado de Chile,10.364212077562016
2020-01-01,CMF_CONT_RENTAB_ROAE_DESPUES_IMPTOS_AGIFI_BECH_STO_RAZ_PORC_MONT,Banco del Estado de Chile,11.494999114256055
2020-02-01,CMF_CONT_RENTAB_ROAE_DESPUES_IMPTOS_AGIFI_BECH_STO_RAZ_PORC_MONT,Banco del Estado de Chile,10.90378385272735
2020-03-01,CMF_CONT_RENTAB_ROAE_DESPUES_IMPTOS_AGIFI_BECH_STO_RAZ_PORC_MONT,Banco del Estado de Chile,10.552810684259237
2020-04-01,CMF_CONT_RENTAB_ROAE_DESPUES_IMPTOS_AGIFI_BECH_STO_RAZ_PORC_MONT,Banco del Estado de Chile,10.1623858654644
2020-05-01,CMF_CONT_RENTAB_ROAE_DESPUES_IMPTOS_AGIFI_BECH_STO_RAZ_PORC_MONT,Banco del Estado de Chile,9.408549071462687
2020-06-01,CMF_CONT_RENTAB_ROAE_DESPUES_IMPTOS_AGIFI_BECH_STO_RAZ_PORC_MONT,Banco del Estado de Chile,8.466475103838336
2020-07-01,CMF_CONT_RENTAB_ROAE_DESPUES_IMPTOS_AGIFI_BECH_STO_RAZ_PORC_MONT,Banco del Estado de Chile,8.126334960857765
2019-08-01,CMF_CONT_RENTAB_ROAE_DESPUES_IMPTOS_AGIFI_BFALA_STO_RAZ_PORC_MONT,Banco Falabella,28.07228874665251
2019-09-01,CMF_CONT_RENTAB_ROAE_DESPUES_IMPTOS_AGIFI_BFALA_STO_RAZ_PORC_MONT,Banco Falabella,28.030422040612923
2019-10-01,CMF_CONT_RENTAB_ROAE_DESPUES_IMPTOS_AGIFI_BFALA_STO_RAZ_PORC_MONT,Banco Falabella,26.3018651174905
2019-11-01,CMF_CONT_RENTAB_ROAE_DESPUES_IMPTOS_AGIFI_BFALA_STO_RAZ_PORC_MONT,Banco Falabella,26.063742442767804
2019-12-01,CMF_CONT_RENTAB_ROAE_DESPUES_IMPTOS_AGIFI_BFALA_STO_RAZ_PORC_MONT,Banco Falabella,23.80284875676472
2020-01-01,CMF_CONT_RENTAB_ROAE_DESPUES_IMPTOS_AGIFI_BFALA_STO_RAZ_PORC_MONT,Banco Falabella,23.374616824320906
2020-02-01,CMF_CONT_RENTAB_ROAE_DESPUES_IMPTOS_AGIFI_BFALA_STO_RAZ_PORC_MONT,Banco Falabella,22.84671704475245
2020-03-01,CMF_CONT_RENTAB_ROAE_DESPUES_IMPTOS_AGIFI_BFALA_STO_RAZ_PORC_MONT,Banco Falabella,20.915927620844837
2020-04-01,CMF_CONT_RENTAB_ROAE_DESPUES_IMPTOS_AGIFI_BFALA_STO_RAZ_PORC_MONT,Banco Falabella,20.290213239741902
2020-05-01,CMF_CONT_RENTAB_ROAE_DESPUES_IMPTOS_AGIFI_BFALA_STO_RAZ_PORC_MONT,Banco Falabella,18.066502061429134
2020-06-01,CMF_CONT_RENTAB_ROAE_DESPUES_IMPTOS_AGIFI_BFALA_STO_RAZ_PORC_MONT,Banco Falabella,16.145523431739008
2020-07-01,CMF_CONT_RENTAB_ROAE_DESPUES_IMPTOS_AGIFI_BFALA_STO_RAZ_PORC_MONT,Banco Falabella,15.192187855834835
2019-08-01,CMF_CONT_RENTAB_ROAE_DESPUES_IMPTOS_AGIFI_BICE_STO_RAZ_PORC_MONT,Banco Bice,11.53555206371607
2019-09-01,CMF_CONT_RENTAB_ROAE_DESPUES_IMPTOS_AGIFI_BICE_STO_RAZ_PORC_MONT,Banco Bice,10.33012835434981
2019-10-01,CMF_CONT_RENTAB_ROAE_DESPUES_IMPTOS_AGIFI_BICE_STO_RAZ_PORC_MONT,Banco Bice,10.030362337833502
2019-11-01,CMF_CONT_RENTAB_ROAE_DESPUES_IMPTOS_AGIFI_BICE_STO_RAZ_PORC_MONT,Banco Bice,10.8693136591404
2019-12-01,CMF_CONT_RENTAB_ROAE_DESPUES_IMPTOS_AGIFI_BICE_STO_RAZ_PORC_MONT,Banco Bice,12.036142492334402
2020-01-01,CMF_CONT_RENTAB_ROAE_DESPUES_IMPTOS_AGIFI_BICE_STO_RAZ_PORC_MONT,Banco Bice,11.344863504586417
2020-02-01,CMF_CONT_RENTAB_ROAE_DESPUES_IMPTOS_AGIFI_BICE_STO_RAZ_PORC_MONT,Banco Bice,11.38115904017378
2020-03-01,CMF_CONT_RENTAB_ROAE_DESPUES_IMPTOS_AGIFI_BICE_STO_RAZ_PORC_MONT,Banco Bice,11.094755090597902
2020-04-01,CMF_CONT_RENTAB_ROAE_DESPUES_IMPTOS_AGIFI_BICE_STO_RAZ_PORC_MONT,Banco Bice,12.261099860685478
2020-05-01,CMF_CONT_RENTAB_ROAE_DESPUES_IMPTOS_AGIFI_BICE_STO_RAZ_PORC_MONT,Banco Bice,11.890456394135898
2020-06-01,CMF_CONT_RENTAB_ROAE_DESPUES_IMPTOS_AGIFI_BICE_STO_RAZ_PORC_MONT,Banco Bice,11.35511396657584
2020-07-01,CMF_CONT_RENTAB_ROAE_DESPUES_IMPTOS_AGIFI_BICE_STO_RAZ_PORC_MONT,Banco Bice,11.396967176938858
2019-08-01,CMF_CONT_RENTAB_ROAE_DESPUES_IMPTOS_AGIFI_BINTE_STO_RAZ_PORC_MONT,Banco Internacional,16.10135665581695
2019-09-01,CMF_CONT_RENTAB_ROAE_DESPUES_IMPTOS_AGIFI_BINTE_STO_RAZ_PORC_MONT,Banco Internacional,17.1819029039618
2019-10-01,CMF_CONT_RENTAB_ROAE_DESPUES_IMPTOS_AGIFI_BINTE_STO_RAZ_PORC_MONT,Banco Internacional,17.353638782830036
2019-11-01,CMF_CONT_RENTAB_ROAE_DESPUES_IMPTOS_AGIFI_BINTE_STO_RAZ_PORC_MONT,Banco Internacional,15.944119599798517
2019-12-01,CMF_CONT_RENTAB_ROAE_DESPUES_IMPTOS_AGIFI_BINTE_STO_RAZ_PORC_MONT,Banco Internacional,15.991868441598617
2020-01-01,CMF_CONT_RENTAB_ROAE_DESPUES_IMPTOS_AGIFI_BINTE_STO_RAZ_PORC_MONT,Banco Internacional,16.740207339426565
2020-02-01,CMF_CONT_RENTAB_ROAE_DESPUES_IMPTOS_AGIFI_BINTE_STO_RAZ_PORC_MONT,Banco Internacional,16.394802689153032
2020-03-01,CMF_CONT_RENTAB_ROAE_DESPUES_IMPTOS_AGIFI_BINTE_STO_RAZ_PORC_MONT,Banco Internacional,16.25146826908657
2020-04-01,CMF_CONT_RENTAB_ROAE_DESPUES_IMPTOS_AGIFI_BINTE_STO_RAZ_PORC_MONT,Banco Internacional,15.535686969307449
2020-05-01,CMF_CONT_RENTAB_ROAE_DESPUES_IMPTOS_AGIFI_BINTE_STO_RAZ_PORC_MONT,Banco Internacional,14.960670903108772
2020-06-01,CMF_CONT_RENTAB_ROAE_DESPUES_IMPTOS_AGIFI_BINTE_STO_RAZ_PORC_MONT,Banco Internacional,12.733320694991248
2020-07-01,CMF_CONT_RENTAB_ROAE_DESPUES_IMPTOS_AGIFI_BINTE_STO_RAZ_PORC_MONT,Banco Internacional,12.517518260210053
2019-08-01,CMF_CONT_RENTAB_ROAE_DESPUES_IMPTOS_AGIFI_BITAUCORP_STO_RAZ_PORC_MONT,Banco Itaú Chile,4.44671693031458
2019-09-01,CMF_CONT_RENTAB_ROAE_DESPUES_IMPTOS_AGIFI_BITAUCORP_STO_RAZ_PORC_MONT,Banco Itaú Chile,4.343301379567158
2019-10-01,CMF_CONT_RENTAB_ROAE_DESPUES_IMPTOS_AGIFI_BITAUCORP_STO_RAZ_PORC_MONT,Banco Itaú Chile,3.512244899754402
2019-11-01,CMF_CONT_RENTAB_ROAE_DESPUES_IMPTOS_AGIFI_BITAUCORP_STO_RAZ_PORC_MONT,Banco Itaú Chile,3.506380656314339
2019-12-01,CMF_CONT_RENTAB_ROAE_DESPUES_IMPTOS_AGIFI_BITAUCORP_STO_RAZ_PORC_MONT,Banco Itaú Chile,3.6877259171987715
2020-01-01,CMF_CONT_RENTAB_ROAE_DESPUES_IMPTOS_AGIFI_BITAUCORP_STO_RAZ_PORC_MONT,Banco Itaú Chile,3.8928014849331487
2020-02-01,CMF_CONT_RENTAB_ROAE_DESPUES_IMPTOS_AGIFI_BITAUCORP_STO_RAZ_PORC_MONT,Banco Itaú Chile,3.851613652748755
2020-03-01,CMF_CONT_RENTAB_ROAE_DESPUES_IMPTOS_AGIFI_BITAUCORP_STO_RAZ_PORC_MONT,Banco Itaú Chile,3.635701297555939
2020-04-01,CMF_CONT_RENTAB_ROAE_DESPUES_IMPTOS_AGIFI_BITAUCORP_STO_RAZ_PORC_MONT,Banco Itaú Chile,3.1286257040450147
2020-05-01,CMF_CONT_RENTAB_ROAE_DESPUES_IMPTOS_AGIFI_BITAUCORP_STO_RAZ_PORC_MONT,Banco Itaú Chile,2.7484856294045654
2020-06-01,CMF_CONT_RENTAB_ROAE_DESPUES_IMPTOS_AGIFI_BITAUCORP_STO_RAZ_PORC_MONT,Banco Itaú Chile,-19.87073796327532
2020-07-01,CMF_CONT_RENTAB_ROAE_DESPUES_IMPTOS_AGIFI_BITAUCORP_STO_RAZ_PORC_MONT,Banco Itaú Chile,-21.450216361389636
2019-08-01,CMF_CONT_RENTAB_ROAE_DESPUES_IMPTOS_AGIFI_BKCH_STO_RAZ_PORC_MONT,Bank of China,-10.007090043553124
2019-09-01,CMF_CONT_RENTAB_ROAE_DESPUES_IMPTOS_AGIFI_BKCH_STO_RAZ_PORC_MONT,Bank of China,-9.585528092539596
2019-10-01,CMF_CONT_RENTAB_ROAE_DESPUES_IMPTOS_AGIFI_BKCH_STO_RAZ_PORC_MONT,Bank of China,-10.626192469767888
2019-11-01,CMF_CONT_RENTAB_ROAE_DESPUES_IMPTOS_AGIFI_BKCH_STO_RAZ_PORC_MONT,Bank of China,-10.496978380689367
2019-12-01,CMF_CONT_RENTAB_ROAE_DESPUES_IMPTOS_AGIFI_BKCH_STO_RAZ_PORC_MONT,Bank of China,-11.11263970079023
2020-01-01,CMF_CONT_RENTAB_ROAE_DESPUES_IMPTOS_AGIFI_BKCH_STO_RAZ_PORC_MONT,Bank of China,-9.575920173209074
2020-02-01,CMF_CONT_RENTAB_ROAE_DESPUES_IMPTOS_AGIFI_BKCH_STO_RAZ_PORC_MONT,Bank of China,-9.665370166899626
2020-03-01,CMF_CONT_RENTAB_ROAE_DESPUES_IMPTOS_AGIFI_BKCH_STO_RAZ_PORC_MONT,Bank of China,-10.152120356860964
2020-04-01,CMF_CONT_RENTAB_ROAE_DESPUES_IMPTOS_AGIFI_BKCH_STO_RAZ_PORC_MONT,Bank of China,-10.506127569236707
2020-05-01,CMF_CONT_RENTAB_ROAE_DESPUES_IMPTOS_AGIFI_BKCH_STO_RAZ_PORC_MONT,Bank of China,-11.621833440426817
2020-06-01,CMF_CONT_RENTAB_ROAE_DESPUES_IMPTOS_AGIFI_BKCH_STO_RAZ_PORC_MONT,Bank of China,-11.655811438543024
2020-07-01,CMF_CONT_RENTAB_ROAE_DESPUES_IMPTOS_AGIFI_BKCH_STO_RAZ_PORC_MONT,Bank of China,-13.158175665778714
2019-08-01,CMF_CONT_RENTAB_ROAE_DESPUES_IMPTOS_AGIFI_BRIPL_STO_RAZ_PORC_MONT,Banco Ripley,15.384543742850004
2019-09-01,CMF_CONT_RENTAB_ROAE_DESPUES_IMPTOS_AGIFI_BRIPL_STO_RAZ_PORC_MONT,Banco Ripley,15.345814804268194
2019-10-01,CMF_CONT_RENTAB_ROAE_DESPUES_IMPTOS_AGIFI_BRIPL_STO_RAZ_PORC_MONT,Banco Ripley,14.620229152439487
2019-11-01,CMF_CONT_RENTAB_ROAE_DESPUES_IMPTOS_AGIFI_BRIPL_STO_RAZ_PORC_MONT,Banco Ripley,14.44969183491145
2019-12-01,CMF_CONT_RENTAB_ROAE_DESPUES_IMPTOS_AGIFI_BRIPL_STO_RAZ_PORC_MONT,Banco Ripley,12.098464198976707
2020-01-01,CMF_CONT_RENTAB_ROAE_DESPUES_IMPTOS_AGIFI_BRIPL_STO_RAZ_PORC_MONT,Banco Ripley,11.983953850276682
2020-02-01,CMF_CONT_RENTAB_ROAE_DESPUES_IMPTOS_AGIFI_BRIPL_STO_RAZ_PORC_MONT,Banco Ripley,12.204786283145856
2020-03-01,CMF_CONT_RENTAB_ROAE_DESPUES_IMPTOS_AGIFI_BRIPL_STO_RAZ_PORC_MONT,Banco Ripley,11.342359439352775
2020-04-01,CMF_CONT_RENTAB_ROAE_DESPUES_IMPTOS_AGIFI_BRIPL_STO_RAZ_PORC_MONT,Banco Ripley,8.595555753515962
2020-05-01,CMF_CONT_RENTAB_ROAE_DESPUES_IMPTOS_AGIFI_BRIPL_STO_RAZ_PORC_MONT,Banco Ripley,6.573424676550392
2020-06-01,CMF_CONT_RENTAB_ROAE_DESPUES_IMPTOS_AGIFI_BRIPL_STO_RAZ_PORC_MONT,Banco Ripley,3.7387646664593026
2020-07-01,CMF_CONT_RENTAB_ROAE_DESPUES_IMPTOS_AGIFI_BRIPL_STO_RAZ_PORC_MONT,Banco Ripley,2.765289844298068
2019-08-01,CMF_CONT_RENTAB_ROAE_DESPUES_IMPTOS_AGIFI_BSANT_STO_RAZ_PORC_MONT,Banco Santander-Chile,17.385230182301886
2019-09-01,CMF_CONT_RENTAB_ROAE_DESPUES_IMPTOS_AGIFI_BSANT_STO_RAZ_PORC_MONT,Banco Santander-Chile,18.09447880143525
2019-10-01,CMF_CONT_RENTAB_ROAE_DESPUES_IMPTOS_AGIFI_BSANT_STO_RAZ_PORC_MONT,Banco Santander-Chile,17.1201195321375
2019-11-01,CMF_CONT_RENTAB_ROAE_DESPUES_IMPTOS_AGIFI_BSANT_STO_RAZ_PORC_MONT,Banco Santander-Chile,16.99036486112016
2019-12-01,CMF_CONT_RENTAB_ROAE_DESPUES_IMPTOS_AGIFI_BSANT_STO_RAZ_PORC_MONT,Banco Santander-Chile,16.54639088123602
2020-01-01,CMF_CONT_RENTAB_ROAE_DESPUES_IMPTOS_AGIFI_BSANT_STO_RAZ_PORC_MONT,Banco Santander-Chile,16.58003076175413
2020-02-01,CMF_CONT_RENTAB_ROAE_DESPUES_IMPTOS_AGIFI_BSANT_STO_RAZ_PORC_MONT,Banco Santander-Chile,17.29752630594572
2020-03-01,CMF_CONT_RENTAB_ROAE_DESPUES_IMPTOS_AGIFI_BSANT_STO_RAZ_PORC_MONT,Banco Santander-Chile,16.873632513796604
2020-04-01,CMF_CONT_RENTAB_ROAE_DESPUES_IMPTOS_AGIFI_BSANT_STO_RAZ_PORC_MONT,Banco Santander-Chile,16.370290661896583
2020-05-01,CMF_CONT_RENTAB_ROAE_DESPUES_IMPTOS_AGIFI_BSANT_STO_RAZ_PORC_MONT,Banco Santander-Chile,15.21243241837469
2020-06-01,CMF_CONT_RENTAB_ROAE_DESPUES_IMPTOS_AGIFI_BSANT_STO_RAZ_PORC_MONT,Banco Santander-Chile,13.950312589969048
2020-07-01,CMF_CONT_RENTAB_ROAE_DESPUES_IMPTOS_AGIFI_BSANT_STO_RAZ_PORC_MONT,Banco Santander-Chile,13.443897309708847
2019-08-01,CMF_CONT_RENTAB_ROAE_DESPUES_IMPTOS_AGIFI_BSCOT_STO_RAZ_PORC_MONT,Scotiabank Chile,11.460491667190688
2019-09-01,CMF_CONT_RENTAB_ROAE_DESPUES_IMPTOS_AGIFI_BSCOT_STO_RAZ_PORC_MONT,Scotiabank Chile,11.595882069141851
2019-10-01,CMF_CONT_RENTAB_ROAE_DESPUES_IMPTOS_AGIFI_BSCOT_STO_RAZ_PORC_MONT,Scotiabank Chile,11.850335852924538
2019-11-01,CMF_CONT_RENTAB_ROAE_DESPUES_IMPTOS_AGIFI_BSCOT_STO_RAZ_PORC_MONT,Scotiabank Chile,11.814125884378878
2019-12-01,CMF_CONT_RENTAB_ROAE_DESPUES_IMPTOS_AGIFI_BSCOT_STO_RAZ_PORC_MONT,Scotiabank Chile,12.881245208503405
2020-01-01,CMF_CONT_RENTAB_ROAE_DESPUES_IMPTOS_AGIFI_BSCOT_STO_RAZ_PORC_MONT,Scotiabank Chile,12.814423001605537
2020-02-01,CMF_CONT_RENTAB_ROAE_DESPUES_IMPTOS_AGIFI_BSCOT_STO_RAZ_PORC_MONT,Scotiabank Chile,12.961382484301671
2020-03-01,CMF_CONT_RENTAB_ROAE_DESPUES_IMPTOS_AGIFI_BSCOT_STO_RAZ_PORC_MONT,Scotiabank Chile,13.167226159728925
2020-04-01,CMF_CONT_RENTAB_ROAE_DESPUES_IMPTOS_AGIFI_BSCOT_STO_RAZ_PORC_MONT,Scotiabank Chile,12.536820033575887
2020-05-01,CMF_CONT_RENTAB_ROAE_DESPUES_IMPTOS_AGIFI_BSCOT_STO_RAZ_PORC_MONT,Scotiabank Chile,11.460679820672885
2020-06-01,CMF_CONT_RENTAB_ROAE_DESPUES_IMPTOS_AGIFI_BSCOT_STO_RAZ_PORC_MONT,Scotiabank Chile,11.165980477770635
2020-07-01,CMF_CONT_RENTAB_ROAE_DESPUES_IMPTOS_AGIFI_BSCOT_STO_RAZ_PORC_MONT,Scotiabank Chile,10.636833291068417
2019-08-01,CMF_CONT_RENTAB_ROAE_DESPUES_IMPTOS_AGIFI_BSEC_STO_RAZ_PORC_MONT,Banco Security,12.174395305330568
2019-09-01,CMF_CONT_RENTAB_ROAE_DESPUES_IMPTOS_AGIFI_BSEC_STO_RAZ_PORC_MONT,Banco Security,12.669831404923848
2019-10-01,CMF_CONT_RENTAB_ROAE_DESPUES_IMPTOS_AGIFI_BSEC_STO_RAZ_PORC_MONT,Banco Security,13.379501914755338
2019-11-01,CMF_CONT_RENTAB_ROAE_DESPUES_IMPTOS_AGIFI_BSEC_STO_RAZ_PORC_MONT,Banco Security,12.857825508979477
2019-12-01,CMF_CONT_RENTAB_ROAE_DESPUES_IMPTOS_AGIFI_BSEC_STO_RAZ_PORC_MONT,Banco Security,12.95748915806712
2020-01-01,CMF_CONT_RENTAB_ROAE_DESPUES_IMPTOS_AGIFI_BSEC_STO_RAZ_PORC_MONT,Banco Security,12.70368121195826
2020-02-01,CMF_CONT_RENTAB_ROAE_DESPUES_IMPTOS_AGIFI_BSEC_STO_RAZ_PORC_MONT,Banco Security,12.539052170009162
2020-03-01,CMF_CONT_RENTAB_ROAE_DESPUES_IMPTOS_AGIFI_BSEC_STO_RAZ_PORC_MONT,Banco Security,12.328433549977087
2020-04-01,CMF_CONT_RENTAB_ROAE_DESPUES_IMPTOS_AGIFI_BSEC_STO_RAZ_PORC_MONT,Banco Security,12.038074036236663
2020-05-01,CMF_CONT_RENTAB_ROAE_DESPUES_IMPTOS_AGIFI_BSEC_STO_RAZ_PORC_MONT,Banco Security,11.35071556330292
2020-06-01,CMF_CONT_RENTAB_ROAE_DESPUES_IMPTOS_AGIFI_BSEC_STO_RAZ_PORC_MONT,Banco Security,10.812864308494488
2020-07-01,CMF_CONT_RENTAB_ROAE_DESPUES_IMPTOS_AGIFI_BSEC_STO_RAZ_PORC_MONT,Banco Security,10.394825127773275
2019-08-01,CMF_CONT_RENTAB_ROAE_DESPUES_IMPTOS_AGIFI_CHCONBANK_STO_RAZ_PORC_MONT,China Construction Bank,-0.8221571630955573
2019-09-01,CMF_CONT_RENTAB_ROAE_DESPUES_IMPTOS_AGIFI_CHCONBANK_STO_RAZ_PORC_MONT,China Construction Bank,-0.9796101408947718
2019-10-01,CMF_CONT_RENTAB_ROAE_DESPUES_IMPTOS_AGIFI_CHCONBANK_STO_RAZ_PORC_MONT,China Construction Bank,-1.2954829499112632
2019-11-01,CMF_CONT_RENTAB_ROAE_DESPUES_IMPTOS_AGIFI_CHCONBANK_STO_RAZ_PORC_MONT,China Construction Bank,-0.8871890296891647
2019-12-01,CMF_CONT_RENTAB_ROAE_DESPUES_IMPTOS_AGIFI_CHCONBANK_STO_RAZ_PORC_MONT,China Construction Bank,0.300998003992016
2020-01-01,CMF_CONT_RENTAB_ROAE_DESPUES_IMPTOS_AGIFI_CHCONBANK_STO_RAZ_PORC_MONT,China Construction Bank,0.4733731444098187
2020-02-01,CMF_CONT_RENTAB_ROAE_DESPUES_IMPTOS_AGIFI_CHCONBANK_STO_RAZ_PORC_MONT,China Construction Bank,0.330296512002553
2020-03-01,CMF_CONT_RENTAB_ROAE_DESPUES_IMPTOS_AGIFI_CHCONBANK_STO_RAZ_PORC_MONT,China Construction Bank,0.22733394651117558
2020-04-01,CMF_CONT_RENTAB_ROAE_DESPUES_IMPTOS_AGIFI_CHCONBANK_STO_RAZ_PORC_MONT,China Construction Bank,-0.2440996967469328
2020-05-01,CMF_CONT_RENTAB_ROAE_DESPUES_IMPTOS_AGIFI_CHCONBANK_STO_RAZ_PORC_MONT,China Construction Bank,-1.363826773607458
2020-06-01,CMF_CONT_RENTAB_ROAE_DESPUES_IMPTOS_AGIFI_CHCONBANK_STO_RAZ_PORC_MONT,China Construction Bank,-1.5467435683014412
2020-07-01,CMF_CONT_RENTAB_ROAE_DESPUES_IMPTOS_AGIFI_CHCONBANK_STO_RAZ_PORC_MONT,China Construction Bank,-1.1683177824368227
2019-08-01,CMF_CONT_RENTAB_ROAE_DESPUES_IMPTOS_AGIFI_HSBC_STO_RAZ_PORC_MONT,Hsbc Bank (Chile),10.60553795468353
2019-09-01,CMF_CONT_RENTAB_ROAE_DESPUES_IMPTOS_AGIFI_HSBC_STO_RAZ_PORC_MONT,Hsbc Bank (Chile),10.834663169252039
2019-10-01,CMF_CONT_RENTAB_ROAE_DESPUES_IMPTOS_AGIFI_HSBC_STO_RAZ_PORC_MONT,Hsbc Bank (Chile),12.829406943190186
2019-11-01,CMF_CONT_RENTAB_ROAE_DESPUES_IMPTOS_AGIFI_HSBC_STO_RAZ_PORC_MONT,Hsbc Bank (Chile),12.426834257406513
2019-12-01,CMF_CONT_RENTAB_ROAE_DESPUES_IMPTOS_AGIFI_HSBC_STO_RAZ_PORC_MONT,Hsbc Bank (Chile),14.422891699429998
2020-01-01,CMF_CONT_RENTAB_ROAE_DESPUES_IMPTOS_AGIFI_HSBC_STO_RAZ_PORC_MONT,Hsbc Bank (Chile),13.99689927312106
2020-02-01,CMF_CONT_RENTAB_ROAE_DESPUES_IMPTOS_AGIFI_HSBC_STO_RAZ_PORC_MONT,Hsbc Bank (Chile),14.570888894197832
2020-03-01,CMF_CONT_RENTAB_ROAE_DESPUES_IMPTOS_AGIFI_HSBC_STO_RAZ_PORC_MONT,Hsbc Bank (Chile),15.614820243314478
2020-04-01,CMF_CONT_RENTAB_ROAE_DESPUES_IMPTOS_AGIFI_HSBC_STO_RAZ_PORC_MONT,Hsbc Bank (Chile),17.824341791958638
2020-05-01,CMF_CONT_RENTAB_ROAE_DESPUES_IMPTOS_AGIFI_HSBC_STO_RAZ_PORC_MONT,Hsbc Bank (Chile),16.724202208073176
2020-06-01,CMF_CONT_RENTAB_ROAE_DESPUES_IMPTOS_AGIFI_HSBC_STO_RAZ_PORC_MONT,Hsbc Bank (Chile),18.57028554464192
2020-07-01,CMF_CONT_RENTAB_ROAE_DESPUES_IMPTOS_AGIFI_HSBC_STO_RAZ_PORC_MONT,Hsbc Bank (Chile),19.46314489104435
2019-08-01,CMF_CONT_RENTAB_ROAE_DESPUES_IMPTOS_AGIFI_JPMGC_STO_RAZ_PORC_MONT,Jp Morgan Chase Bank. N. A.,7.715543342386974
2019-09-01,CMF_CONT_RENTAB_ROAE_DESPUES_IMPTOS_AGIFI_JPMGC_STO_RAZ_PORC_MONT,Jp Morgan Chase Bank. N. A.,6.332382874062065
2019-10-01,CMF_CONT_RENTAB_ROAE_DESPUES_IMPTOS_AGIFI_JPMGC_STO_RAZ_PORC_MONT,Jp Morgan Chase Bank. N. A.,4.0229612062603275
2019-11-01,CMF_CONT_RENTAB_ROAE_DESPUES_IMPTOS_AGIFI_JPMGC_STO_RAZ_PORC_MONT,Jp Morgan Chase Bank. N. A.,5.778764542621479
2019-12-01,CMF_CONT_RENTAB_ROAE_DESPUES_IMPTOS_AGIFI_JPMGC_STO_RAZ_PORC_MONT,Jp Morgan Chase Bank. N. A.,6.7559297669165215
2020-01-01,CMF_CONT_RENTAB_ROAE_DESPUES_IMPTOS_AGIFI_JPMGC_STO_RAZ_PORC_MONT,Jp Morgan Chase Bank. N. A.,7.671296278851866
2020-02-01,CMF_CONT_RENTAB_ROAE_DESPUES_IMPTOS_AGIFI_JPMGC_STO_RAZ_PORC_MONT,Jp Morgan Chase Bank. N. A.,9.262885126298611
2020-03-01,CMF_CONT_RENTAB_ROAE_DESPUES_IMPTOS_AGIFI_JPMGC_STO_RAZ_PORC_MONT,Jp Morgan Chase Bank. N. A.,6.890025217234483
2020-04-01,CMF_CONT_RENTAB_ROAE_DESPUES_IMPTOS_AGIFI_JPMGC_STO_RAZ_PORC_MONT,Jp Morgan Chase Bank. N. A.,8.644843566449875
2020-05-01,CMF_CONT_RENTAB_ROAE_DESPUES_IMPTOS_AGIFI_JPMGC_STO_RAZ_PORC_MONT,Jp Morgan Chase Bank. N. A.,8.723152960987589
2020-06-01,CMF_CONT_RENTAB_ROAE_DESPUES_IMPTOS_AGIFI_JPMGC_STO_RAZ_PORC_MONT,Jp Morgan Chase Bank. N. A.,9.89281983452451
2020-07-01,CMF_CONT_RENTAB_ROAE_DESPUES_IMPTOS_AGIFI_JPMGC_STO_RAZ_PORC_MONT,Jp Morgan Chase Bank. N. A.,8.694858458590199
2020-08-01,CMF_CONT_RENTAB_ROAE_DESPUES_IMPTOS_AGIFI_BBRA_STO_RAZ_PORC_MONT,Banco Do Brasil S.A.,4.566289565254535
2020-09-01,CMF_CONT_RENTAB_ROAE_DESPUES_IMPTOS_AGIFI_BBRA_STO_RAZ_PORC_MONT,Banco Do Brasil S.A.,4.856479617060705
2020-10-01,CMF_CONT_RENTAB_ROAE_DESPUES_IMPTOS_AGIFI_BBRA_STO_RAZ_PORC_MONT,Banco Do Brasil S.A.,5.088892513456206
2020-11-01,CMF_CONT_RENTAB_ROAE_DESPUES_IMPTOS_AGIFI_BBRA_STO_RAZ_PORC_MONT,Banco Do Brasil S.A.,-1.3852476325065382
2020-12-01,CMF_CONT_RENTAB_ROAE_DESPUES_IMPTOS_AGIFI_BBRA_STO_RAZ_PORC_MONT,Banco Do Brasil S.A.,0.7267763115127088
2021-01-01,CMF_CONT_RENTAB_ROAE_DESPUES_IMPTOS_AGIFI_BBRA_STO_RAZ_PORC_MONT,Banco Do Brasil S.A.,-0.34637042139568436
2021-02-01,CMF_CONT_RENTAB_ROAE_DESPUES_IMPTOS_AGIFI_BBRA_STO_RAZ_PORC_MONT,Banco Do Brasil S.A.,-0.1394487062800676
2021-03-01,CMF_CONT_RENTAB_ROAE_DESPUES_IMPTOS_AGIFI_BBRA_STO_RAZ_PORC_MONT,Banco Do Brasil S.A.,-0.5790551744318366
2021-04-01,CMF_CONT_RENTAB_ROAE_DESPUES_IMPTOS_AGIFI_BBRA_STO_RAZ_PORC_MONT,Banco Do Brasil S.A.,0.22833723653395785
2021-05-01,CMF_CONT_RENTAB_ROAE_DESPUES_IMPTOS_AGIFI_BBRA_STO_RAZ_PORC_MONT,Banco Do Brasil S.A.,1.786636775671329
2021-06-01,CMF_CONT_RENTAB_ROAE_DESPUES_IMPTOS_AGIFI_BBRA_STO_RAZ_PORC_MONT,Banco Do Brasil S.A.,0.6750989117275716
2021-07-01,CMF_CONT_RENTAB_ROAE_DESPUES_IMPTOS_AGIFI_BBRA_STO_RAZ_PORC_MONT,Banco Do Brasil S.A.,0.08859235509633202
2020-08-01,CMF_CONT_RENTAB_ROAE_DESPUES_IMPTOS_AGIFI_BBTGP_STO_RAZ_PORC_MONT,Banco BTG Pactual Chile,11.831127520494274
2020-09-01,CMF_CONT_RENTAB_ROAE_DESPUES_IMPTOS_AGIFI_BBTGP_STO_RAZ_PORC_MONT,Banco BTG Pactual Chile,11.350656276341367
2020-10-01,CMF_CONT_RENTAB_ROAE_DESPUES_IMPTOS_AGIFI_BBTGP_STO_RAZ_PORC_MONT,Banco BTG Pactual Chile,9.570702892289153
2020-11-01,CMF_CONT_RENTAB_ROAE_DESPUES_IMPTOS_AGIFI_BBTGP_STO_RAZ_PORC_MONT,Banco BTG Pactual Chile,9.606531213553495
2020-12-01,CMF_CONT_RENTAB_ROAE_DESPUES_IMPTOS_AGIFI_BBTGP_STO_RAZ_PORC_MONT,Banco BTG Pactual Chile,8.745197801967993
2021-01-01,CMF_CONT_RENTAB_ROAE_DESPUES_IMPTOS_AGIFI_BBTGP_STO_RAZ_PORC_MONT,Banco BTG Pactual Chile,8.231031899060314
2021-02-01,CMF_CONT_RENTAB_ROAE_DESPUES_IMPTOS_AGIFI_BBTGP_STO_RAZ_PORC_MONT,Banco BTG Pactual Chile,9.139069464713659
2021-03-01,CMF_CONT_RENTAB_ROAE_DESPUES_IMPTOS_AGIFI_BBTGP_STO_RAZ_PORC_MONT,Banco BTG Pactual Chile,10.847449436462108
2021-04-01,CMF_CONT_RENTAB_ROAE_DESPUES_IMPTOS_AGIFI_BBTGP_STO_RAZ_PORC_MONT,Banco BTG Pactual Chile,12.660947730071955
2021-05-01,CMF_CONT_RENTAB_ROAE_DESPUES_IMPTOS_AGIFI_BBTGP_STO_RAZ_PORC_MONT,Banco BTG Pactual Chile,13.533931927690745
2021-06-01,CMF_CONT_RENTAB_ROAE_DESPUES_IMPTOS_AGIFI_BBTGP_STO_RAZ_PORC_MONT,Banco BTG Pactual Chile,14.562905693525446
2021-07-01,CMF_CONT_RENTAB_ROAE_DESPUES_IMPTOS_AGIFI_BBTGP_STO_RAZ_PORC_MONT,Banco BTG Pactual Chile,14.535462031738888
2020-08-01,CMF_CONT_RENTAB_ROAE_DESPUES_IMPTOS_AGIFI_BCHI_STO_RAZ_PORC_MONT,Banco de Chile,14.553846644148901
2020-09-01,CMF_CONT_RENTAB_ROAE_DESPUES_IMPTOS_AGIFI_BCHI_STO_RAZ_PORC_MONT,Banco de Chile,13.593748544960665
2020-10-01,CMF_CONT_RENTAB_ROAE_DESPUES_IMPTOS_AGIFI_BCHI_STO_RAZ_PORC_MONT,Banco de Chile,14.150863268428482
2020-11-01,CMF_CONT_RENTAB_ROAE_DESPUES_IMPTOS_AGIFI_BCHI_STO_RAZ_PORC_MONT,Banco de Chile,14.01796863538047
2020-12-01,CMF_CONT_RENTAB_ROAE_DESPUES_IMPTOS_AGIFI_BCHI_STO_RAZ_PORC_MONT,Banco de Chile,12.804756012065242
2021-01-01,CMF_CONT_RENTAB_ROAE_DESPUES_IMPTOS_AGIFI_BCHI_STO_RAZ_PORC_MONT,Banco de Chile,13.20768179444561
2021-02-01,CMF_CONT_RENTAB_ROAE_DESPUES_IMPTOS_AGIFI_BCHI_STO_RAZ_PORC_MONT,Banco de Chile,13.02106467188392
2021-03-01,CMF_CONT_RENTAB_ROAE_DESPUES_IMPTOS_AGIFI_BCHI_STO_RAZ_PORC_MONT,Banco de Chile,13.342421701031205
2021-04-01,CMF_CONT_RENTAB_ROAE_DESPUES_IMPTOS_AGIFI_BCHI_STO_RAZ_PORC_MONT,Banco de Chile,13.52929657677985
2021-05-01,CMF_CONT_RENTAB_ROAE_DESPUES_IMPTOS_AGIFI_BCHI_STO_RAZ_PORC_MONT,Banco de Chile,14.045033979954336
2021-06-01,CMF_CONT_RENTAB_ROAE_DESPUES_IMPTOS_AGIFI_BCHI_STO_RAZ_PORC_MONT,Banco de Chile,14.42292505166986
2021-07-01,CMF_CONT_RENTAB_ROAE_DESPUES_IMPTOS_AGIFI_BCHI_STO_RAZ_PORC_MONT,Banco de Chile,14.825508741019199
2020-08-01,CMF_CONT_RENTAB_ROAE_DESPUES_IMPTOS_AGIFI_BCI_STO_RAZ_PORC_MONT,Banco de Credito e Inversiones,8.144220884858218
2020-09-01,CMF_CONT_RENTAB_ROAE_DESPUES_IMPTOS_AGIFI_BCI_STO_RAZ_PORC_MONT,Banco de Credito e Inversiones,7.809503185984625
2020-10-01,CMF_CONT_RENTAB_ROAE_DESPUES_IMPTOS_AGIFI_BCI_STO_RAZ_PORC_MONT,Banco de Credito e Inversiones,7.5398069804925
2020-11-01,CMF_CONT_RENTAB_ROAE_DESPUES_IMPTOS_AGIFI_BCI_STO_RAZ_PORC_MONT,Banco de Credito e Inversiones,8.088401933957739
2020-12-01,CMF_CONT_RENTAB_ROAE_DESPUES_IMPTOS_AGIFI_BCI_STO_RAZ_PORC_MONT,Banco de Credito e Inversiones,8.055082334094696
2021-01-01,CMF_CONT_RENTAB_ROAE_DESPUES_IMPTOS_AGIFI_BCI_STO_RAZ_PORC_MONT,Banco de Credito e Inversiones,8.394879681427776
2021-02-01,CMF_CONT_RENTAB_ROAE_DESPUES_IMPTOS_AGIFI_BCI_STO_RAZ_PORC_MONT,Banco de Credito e Inversiones,8.790514214255396
2021-03-01,CMF_CONT_RENTAB_ROAE_DESPUES_IMPTOS_AGIFI_BCI_STO_RAZ_PORC_MONT,Banco de Credito e Inversiones,9.389251097130124
2021-04-01,CMF_CONT_RENTAB_ROAE_DESPUES_IMPTOS_AGIFI_BCI_STO_RAZ_PORC_MONT,Banco de Credito e Inversiones,9.780902464342363
2021-05-01,CMF_CONT_RENTAB_ROAE_DESPUES_IMPTOS_AGIFI_BCI_STO_RAZ_PORC_MONT,Banco de Credito e Inversiones,10.457420326778502
2021-06-01,CMF_CONT_RENTAB_ROAE_DESPUES_IMPTOS_AGIFI_BCI_STO_RAZ_PORC_MONT,Banco de Credito e Inversiones,10.839507420524685
2021-07-01,CMF_CONT_RENTAB_ROAE_DESPUES_IMPTOS_AGIFI_BCI_STO_RAZ_PORC_MONT,Banco de Credito e Inversiones,11.444607201363898
2020-08-01,CMF_CONT_RENTAB_ROAE_DESPUES_IMPTOS_AGIFI_BCON_STO_RAZ_PORC_MONT,Banco Consorcio,13.018600531712002
2020-09-01,CMF_CONT_RENTAB_ROAE_DESPUES_IMPTOS_AGIFI_BCON_STO_RAZ_PORC_MONT,Banco Consorcio,12.914878051729767
2020-10-01,CMF_CONT_RENTAB_ROAE_DESPUES_IMPTOS_AGIFI_BCON_STO_RAZ_PORC_MONT,Banco Consorcio,13.258810762409222
2020-11-01,CMF_CONT_RENTAB_ROAE_DESPUES_IMPTOS_AGIFI_BCON_STO_RAZ_PORC_MONT,Banco Consorcio,9.539526039354314
2020-12-01,CMF_CONT_RENTAB_ROAE_DESPUES_IMPTOS_AGIFI_BCON_STO_RAZ_PORC_MONT,Banco Consorcio,9.708952433516703
2021-01-01,CMF_CONT_RENTAB_ROAE_DESPUES_IMPTOS_AGIFI_BCON_STO_RAZ_PORC_MONT,Banco Consorcio,10.757782846429333
2021-02-01,CMF_CONT_RENTAB_ROAE_DESPUES_IMPTOS_AGIFI_BCON_STO_RAZ_PORC_MONT,Banco Consorcio,10.265002544847995
2021-03-01,CMF_CONT_RENTAB_ROAE_DESPUES_IMPTOS_AGIFI_BCON_STO_RAZ_PORC_MONT,Banco Consorcio,9.7651946976586
2021-04-01,CMF_CONT_RENTAB_ROAE_DESPUES_IMPTOS_AGIFI_BCON_STO_RAZ_PORC_MONT,Banco Consorcio,9.978150361748101
2021-05-01,CMF_CONT_RENTAB_ROAE_DESPUES_IMPTOS_AGIFI_BCON_STO_RAZ_PORC_MONT,Banco Consorcio,10.078569552957804
2021-06-01,CMF_CONT_RENTAB_ROAE_DESPUES_IMPTOS_AGIFI_BCON_STO_RAZ_PORC_MONT,Banco Consorcio,9.396751771684269
2021-07-01,CMF_CONT_RENTAB_ROAE_DESPUES_IMPTOS_AGIFI_BCON_STO_RAZ_PORC_MONT,Banco Consorcio,9.594713317162467
2020-08-01,CMF_CONT_RENTAB_ROAE_DESPUES_IMPTOS_AGIFI_BECH_STO_RAZ_PORC_MONT,Banco del Estado de Chile,8.208630084569249
2020-09-01,CMF_CONT_RENTAB_ROAE_DESPUES_IMPTOS_AGIFI_BECH_STO_RAZ_PORC_MONT,Banco del Estado de Chile,7.967003664318621
2020-10-01,CMF_CONT_RENTAB_ROAE_DESPUES_IMPTOS_AGIFI_BECH_STO_RAZ_PORC_MONT,Banco del Estado de Chile,9.094481776273573
2020-11-01,CMF_CONT_RENTAB_ROAE_DESPUES_IMPTOS_AGIFI_BECH_STO_RAZ_PORC_MONT,Banco del Estado de Chile,9.2051920308407
2020-12-01,CMF_CONT_RENTAB_ROAE_DESPUES_IMPTOS_AGIFI_BECH_STO_RAZ_PORC_MONT,Banco del Estado de Chile,7.694927564173026
2021-01-01,CMF_CONT_RENTAB_ROAE_DESPUES_IMPTOS_AGIFI_BECH_STO_RAZ_PORC_MONT,Banco del Estado de Chile,6.9110944812962565
2021-02-01,CMF_CONT_RENTAB_ROAE_DESPUES_IMPTOS_AGIFI_BECH_STO_RAZ_PORC_MONT,Banco del Estado de Chile,8.257801642470303
2021-03-01,CMF_CONT_RENTAB_ROAE_DESPUES_IMPTOS_AGIFI_BECH_STO_RAZ_PORC_MONT,Banco del Estado de Chile,8.576112761353397
2021-04-01,CMF_CONT_RENTAB_ROAE_DESPUES_IMPTOS_AGIFI_BECH_STO_RAZ_PORC_MONT,Banco del Estado de Chile,8.558773711981765
2021-05-01,CMF_CONT_RENTAB_ROAE_DESPUES_IMPTOS_AGIFI_BECH_STO_RAZ_PORC_MONT,Banco del Estado de Chile,8.75587462602203
2021-06-01,CMF_CONT_RENTAB_ROAE_DESPUES_IMPTOS_AGIFI_BECH_STO_RAZ_PORC_MONT,Banco del Estado de Chile,10.14850414750167
2021-07-01,CMF_CONT_RENTAB_ROAE_DESPUES_IMPTOS_AGIFI_BECH_STO_RAZ_PORC_MONT,Banco del Estado de Chile,10.761460514644975
2020-08-01,CMF_CONT_RENTAB_ROAE_DESPUES_IMPTOS_AGIFI_BFALA_STO_RAZ_PORC_MONT,Banco Falabella,13.851998996563815
2020-09-01,CMF_CONT_RENTAB_ROAE_DESPUES_IMPTOS_AGIFI_BFALA_STO_RAZ_PORC_MONT,Banco Falabella,13.893293840131706
2020-10-01,CMF_CONT_RENTAB_ROAE_DESPUES_IMPTOS_AGIFI_BFALA_STO_RAZ_PORC_MONT,Banco Falabella,15.815054544799926
2020-11-01,CMF_CONT_RENTAB_ROAE_DESPUES_IMPTOS_AGIFI_BFALA_STO_RAZ_PORC_MONT,Banco Falabella,16.690089302456222
2020-12-01,CMF_CONT_RENTAB_ROAE_DESPUES_IMPTOS_AGIFI_BFALA_STO_RAZ_PORC_MONT,Banco Falabella,17.8325504493297
2021-01-01,CMF_CONT_RENTAB_ROAE_DESPUES_IMPTOS_AGIFI_BFALA_STO_RAZ_PORC_MONT,Banco Falabella,18.849816168521055
2021-02-01,CMF_CONT_RENTAB_ROAE_DESPUES_IMPTOS_AGIFI_BFALA_STO_RAZ_PORC_MONT,Banco Falabella,20.23490902694009
2021-03-01,CMF_CONT_RENTAB_ROAE_DESPUES_IMPTOS_AGIFI_BFALA_STO_RAZ_PORC_MONT,Banco Falabella,21.403343097431485
2021-04-01,CMF_CONT_RENTAB_ROAE_DESPUES_IMPTOS_AGIFI_BFALA_STO_RAZ_PORC_MONT,Banco Falabella,22.045755125861056
2021-05-01,CMF_CONT_RENTAB_ROAE_DESPUES_IMPTOS_AGIFI_BFALA_STO_RAZ_PORC_MONT,Banco Falabella,24.395982263207312
2021-06-01,CMF_CONT_RENTAB_ROAE_DESPUES_IMPTOS_AGIFI_BFALA_STO_RAZ_PORC_MONT,Banco Falabella,25.593973988559927
2021-07-01,CMF_CONT_RENTAB_ROAE_DESPUES_IMPTOS_AGIFI_BFALA_STO_RAZ_PORC_MONT,Banco Falabella,26.290937407445135
2020-08-01,CMF_CONT_RENTAB_ROAE_DESPUES_IMPTOS_AGIFI_BICE_STO_RAZ_PORC_MONT,Banco Bice,12.024052517783183
2020-09-01,CMF_CONT_RENTAB_ROAE_DESPUES_IMPTOS_AGIFI_BICE_STO_RAZ_PORC_MONT,Banco Bice,12.592747114873417
2020-10-01,CMF_CONT_RENTAB_ROAE_DESPUES_IMPTOS_AGIFI_BICE_STO_RAZ_PORC_MONT,Banco Bice,13.349410996432052
2020-11-01,CMF_CONT_RENTAB_ROAE_DESPUES_IMPTOS_AGIFI_BICE_STO_RAZ_PORC_MONT,Banco Bice,12.689769661755552
2020-12-01,CMF_CONT_RENTAB_ROAE_DESPUES_IMPTOS_AGIFI_BICE_STO_RAZ_PORC_MONT,Banco Bice,11.9243411047809
2021-01-01,CMF_CONT_RENTAB_ROAE_DESPUES_IMPTOS_AGIFI_BICE_STO_RAZ_PORC_MONT,Banco Bice,12.445661585893843
2021-02-01,CMF_CONT_RENTAB_ROAE_DESPUES_IMPTOS_AGIFI_BICE_STO_RAZ_PORC_MONT,Banco Bice,12.58273928673248
2021-03-01,CMF_CONT_RENTAB_ROAE_DESPUES_IMPTOS_AGIFI_BICE_STO_RAZ_PORC_MONT,Banco Bice,13.333007233526681
2021-04-01,CMF_CONT_RENTAB_ROAE_DESPUES_IMPTOS_AGIFI_BICE_STO_RAZ_PORC_MONT,Banco Bice,12.582918925109471
2021-05-01,CMF_CONT_RENTAB_ROAE_DESPUES_IMPTOS_AGIFI_BICE_STO_RAZ_PORC_MONT,Banco Bice,13.220997625570213
2021-06-01,CMF_CONT_RENTAB_ROAE_DESPUES_IMPTOS_AGIFI_BICE_STO_RAZ_PORC_MONT,Banco Bice,14.099318967909696
2021-07-01,CMF_CONT_RENTAB_ROAE_DESPUES_IMPTOS_AGIFI_BICE_STO_RAZ_PORC_MONT,Banco Bice,14.059318923755736
2020-08-01,CMF_CONT_RENTAB_ROAE_DESPUES_IMPTOS_AGIFI_BINTE_STO_RAZ_PORC_MONT,Banco Internacional,11.59604723292278
2020-09-01,CMF_CONT_RENTAB_ROAE_DESPUES_IMPTOS_AGIFI_BINTE_STO_RAZ_PORC_MONT,Banco Internacional,10.466471866212224
2020-10-01,CMF_CONT_RENTAB_ROAE_DESPUES_IMPTOS_AGIFI_BINTE_STO_RAZ_PORC_MONT,Banco Internacional,10.297930203296596
2020-11-01,CMF_CONT_RENTAB_ROAE_DESPUES_IMPTOS_AGIFI_BINTE_STO_RAZ_PORC_MONT,Banco Internacional,10.66572988646955
2020-12-01,CMF_CONT_RENTAB_ROAE_DESPUES_IMPTOS_AGIFI_BINTE_STO_RAZ_PORC_MONT,Banco Internacional,13.15288345465669
2021-01-01,CMF_CONT_RENTAB_ROAE_DESPUES_IMPTOS_AGIFI_BINTE_STO_RAZ_PORC_MONT,Banco Internacional,13.011555079953174
2021-02-01,CMF_CONT_RENTAB_ROAE_DESPUES_IMPTOS_AGIFI_BINTE_STO_RAZ_PORC_MONT,Banco Internacional,12.803440496554268
2021-03-01,CMF_CONT_RENTAB_ROAE_DESPUES_IMPTOS_AGIFI_BINTE_STO_RAZ_PORC_MONT,Banco Internacional,12.206316295932474
2021-04-01,CMF_CONT_RENTAB_ROAE_DESPUES_IMPTOS_AGIFI_BINTE_STO_RAZ_PORC_MONT,Banco Internacional,12.691181095236049
2021-05-01,CMF_CONT_RENTAB_ROAE_DESPUES_IMPTOS_AGIFI_BINTE_STO_RAZ_PORC_MONT,Banco Internacional,13.722570789397757
2021-06-01,CMF_CONT_RENTAB_ROAE_DESPUES_IMPTOS_AGIFI_BINTE_STO_RAZ_PORC_MONT,Banco Internacional,13.82997748723316
2021-07-01,CMF_CONT_RENTAB_ROAE_DESPUES_IMPTOS_AGIFI_BINTE_STO_RAZ_PORC_MONT,Banco Internacional,13.630972716798462
2020-08-01,CMF_CONT_RENTAB_ROAE_DESPUES_IMPTOS_AGIFI_BITAUCORP_STO_RAZ_PORC_MONT,Banco Itaú Chile,-22.238713868412177
2020-09-01,CMF_CONT_RENTAB_ROAE_DESPUES_IMPTOS_AGIFI_BITAUCORP_STO_RAZ_PORC_MONT,Banco Itaú Chile,-22.948071076487178
2020-10-01,CMF_CONT_RENTAB_ROAE_DESPUES_IMPTOS_AGIFI_BITAUCORP_STO_RAZ_PORC_MONT,Banco Itaú Chile,-28.307974154705644
2020-11-01,CMF_CONT_RENTAB_ROAE_DESPUES_IMPTOS_AGIFI_BITAUCORP_STO_RAZ_PORC_MONT,Banco Itaú Chile,-29.48984918412361
2020-12-01,CMF_CONT_RENTAB_ROAE_DESPUES_IMPTOS_AGIFI_BITAUCORP_STO_RAZ_PORC_MONT,Banco Itaú Chile,-32.152667728758644
2021-01-01,CMF_CONT_RENTAB_ROAE_DESPUES_IMPTOS_AGIFI_BITAUCORP_STO_RAZ_PORC_MONT,Banco Itaú Chile,-32.547297035594696
2021-02-01,CMF_CONT_RENTAB_ROAE_DESPUES_IMPTOS_AGIFI_BITAUCORP_STO_RAZ_PORC_MONT,Banco Itaú Chile,-32.6493479598843
2021-03-01,CMF_CONT_RENTAB_ROAE_DESPUES_IMPTOS_AGIFI_BITAUCORP_STO_RAZ_PORC_MONT,Banco Itaú Chile,-32.66080287696228
2021-04-01,CMF_CONT_RENTAB_ROAE_DESPUES_IMPTOS_AGIFI_BITAUCORP_STO_RAZ_PORC_MONT,Banco Itaú Chile,-32.910932069374
2021-05-01,CMF_CONT_RENTAB_ROAE_DESPUES_IMPTOS_AGIFI_BITAUCORP_STO_RAZ_PORC_MONT,Banco Itaú Chile,-32.702699943292984
2021-06-01,CMF_CONT_RENTAB_ROAE_DESPUES_IMPTOS_AGIFI_BITAUCORP_STO_RAZ_PORC_MONT,Banco Itaú Chile,-1.9271344546039044
2021-07-01,CMF_CONT_RENTAB_ROAE_DESPUES_IMPTOS_AGIFI_BITAUCORP_STO_RAZ_PORC_MONT,Banco Itaú Chile,-0.596298921505723
2020-08-01,CMF_CONT_RENTAB_ROAE_DESPUES_IMPTOS_AGIFI_BKCH_STO_RAZ_PORC_MONT,Bank of China,-13.485835882431173
2020-09-01,CMF_CONT_RENTAB_ROAE_DESPUES_IMPTOS_AGIFI_BKCH_STO_RAZ_PORC_MONT,Bank of China,-13.95561308005634
2020-10-01,CMF_CONT_RENTAB_ROAE_DESPUES_IMPTOS_AGIFI_BKCH_STO_RAZ_PORC_MONT,Bank of China,-13.358391810239766
2020-11-01,CMF_CONT_RENTAB_ROAE_DESPUES_IMPTOS_AGIFI_BKCH_STO_RAZ_PORC_MONT,Bank of China,-11.808523058960887
2020-12-01,CMF_CONT_RENTAB_ROAE_DESPUES_IMPTOS_AGIFI_BKCH_STO_RAZ_PORC_MONT,Bank of China,-12.598953758210639
2021-01-01,CMF_CONT_RENTAB_ROAE_DESPUES_IMPTOS_AGIFI_BKCH_STO_RAZ_PORC_MONT,Bank of China,-12.495330544465139
2021-02-01,CMF_CONT_RENTAB_ROAE_DESPUES_IMPTOS_AGIFI_BKCH_STO_RAZ_PORC_MONT,Bank of China,-12.226229007878823
2021-03-01,CMF_CONT_RENTAB_ROAE_DESPUES_IMPTOS_AGIFI_BKCH_STO_RAZ_PORC_MONT,Bank of China,-12.809631228463083
2021-04-01,CMF_CONT_RENTAB_ROAE_DESPUES_IMPTOS_AGIFI_BKCH_STO_RAZ_PORC_MONT,Bank of China,-13.070238759282958
2021-05-01,CMF_CONT_RENTAB_ROAE_DESPUES_IMPTOS_AGIFI_BKCH_STO_RAZ_PORC_MONT,Bank of China,-13.7777298385647
2021-06-01,CMF_CONT_RENTAB_ROAE_DESPUES_IMPTOS_AGIFI_BKCH_STO_RAZ_PORC_MONT,Bank of China,-13.82750449717021
2021-07-01,CMF_CONT_RENTAB_ROAE_DESPUES_IMPTOS_AGIFI_BKCH_STO_RAZ_PORC_MONT,Bank of China,-13.673365411831304
2020-08-01,CMF_CONT_RENTAB_ROAE_DESPUES_IMPTOS_AGIFI_BRIPL_STO_RAZ_PORC_MONT,Banco Ripley,5.174719361688104
2020-09-01,CMF_CONT_RENTAB_ROAE_DESPUES_IMPTOS_AGIFI_BRIPL_STO_RAZ_PORC_MONT,Banco Ripley,6.826952328029236
2020-10-01,CMF_CONT_RENTAB_ROAE_DESPUES_IMPTOS_AGIFI_BRIPL_STO_RAZ_PORC_MONT,Banco Ripley,10.02064890043183
2020-11-01,CMF_CONT_RENTAB_ROAE_DESPUES_IMPTOS_AGIFI_BRIPL_STO_RAZ_PORC_MONT,Banco Ripley,10.473820634138821
2020-12-01,CMF_CONT_RENTAB_ROAE_DESPUES_IMPTOS_AGIFI_BRIPL_STO_RAZ_PORC_MONT,Banco Ripley,10.755481683951778
2021-01-01,CMF_CONT_RENTAB_ROAE_DESPUES_IMPTOS_AGIFI_BRIPL_STO_RAZ_PORC_MONT,Banco Ripley,11.729512248037231
2021-02-01,CMF_CONT_RENTAB_ROAE_DESPUES_IMPTOS_AGIFI_BRIPL_STO_RAZ_PORC_MONT,Banco Ripley,12.680472863674712
2021-03-01,CMF_CONT_RENTAB_ROAE_DESPUES_IMPTOS_AGIFI_BRIPL_STO_RAZ_PORC_MONT,Banco Ripley,14.775617095778221
2021-04-01,CMF_CONT_RENTAB_ROAE_DESPUES_IMPTOS_AGIFI_BRIPL_STO_RAZ_PORC_MONT,Banco Ripley,17.58735596500864
2021-05-01,CMF_CONT_RENTAB_ROAE_DESPUES_IMPTOS_AGIFI_BRIPL_STO_RAZ_PORC_MONT,Banco Ripley,20.034069870095088
2021-06-01,CMF_CONT_RENTAB_ROAE_DESPUES_IMPTOS_AGIFI_BRIPL_STO_RAZ_PORC_MONT,Banco Ripley,23.80897027826168
2021-07-01,CMF_CONT_RENTAB_ROAE_DESPUES_IMPTOS_AGIFI_BRIPL_STO_RAZ_PORC_MONT,Banco Ripley,25.396825396825395
2020-08-01,CMF_CONT_RENTAB_ROAE_DESPUES_IMPTOS_AGIFI_BSANT_STO_RAZ_PORC_MONT,Banco Santander-Chile,13.065873402065444
2020-09-01,CMF_CONT_RENTAB_ROAE_DESPUES_IMPTOS_AGIFI_BSANT_STO_RAZ_PORC_MONT,Banco Santander-Chile,12.696563965457285
2020-10-01,CMF_CONT_RENTAB_ROAE_DESPUES_IMPTOS_AGIFI_BSANT_STO_RAZ_PORC_MONT,Banco Santander-Chile,13.567153644797457
2020-11-01,CMF_CONT_RENTAB_ROAE_DESPUES_IMPTOS_AGIFI_BSANT_STO_RAZ_PORC_MONT,Banco Santander-Chile,14.155112295724882
2020-12-01,CMF_CONT_RENTAB_ROAE_DESPUES_IMPTOS_AGIFI_BSANT_STO_RAZ_PORC_MONT,Banco Santander-Chile,14.358827301813472
2021-01-01,CMF_CONT_RENTAB_ROAE_DESPUES_IMPTOS_AGIFI_BSANT_STO_RAZ_PORC_MONT,Banco Santander-Chile,14.623498589876643
2021-02-01,CMF_CONT_RENTAB_ROAE_DESPUES_IMPTOS_AGIFI_BSANT_STO_RAZ_PORC_MONT,Banco Santander-Chile,14.660424805758392
2021-03-01,CMF_CONT_RENTAB_ROAE_DESPUES_IMPTOS_AGIFI_BSANT_STO_RAZ_PORC_MONT,Banco Santander-Chile,15.268370316107926
2021-04-01,CMF_CONT_RENTAB_ROAE_DESPUES_IMPTOS_AGIFI_BSANT_STO_RAZ_PORC_MONT,Banco Santander-Chile,15.681471369695439
2021-05-01,CMF_CONT_RENTAB_ROAE_DESPUES_IMPTOS_AGIFI_BSANT_STO_RAZ_PORC_MONT,Banco Santander-Chile,17.018805298225217
2021-06-01,CMF_CONT_RENTAB_ROAE_DESPUES_IMPTOS_AGIFI_BSANT_STO_RAZ_PORC_MONT,Banco Santander-Chile,18.232660545832925
2021-07-01,CMF_CONT_RENTAB_ROAE_DESPUES_IMPTOS_AGIFI_BSANT_STO_RAZ_PORC_MONT,Banco Santander-Chile,19.208390229043825
2020-08-01,CMF_CONT_RENTAB_ROAE_DESPUES_IMPTOS_AGIFI_BSCOT_STO_RAZ_PORC_MONT,Scotiabank Chile,10.933222698180506
2020-09-01,CMF_CONT_RENTAB_ROAE_DESPUES_IMPTOS_AGIFI_BSCOT_STO_RAZ_PORC_MONT,Scotiabank Chile,11.439678684302063
2020-10-01,CMF_CONT_RENTAB_ROAE_DESPUES_IMPTOS_AGIFI_BSCOT_STO_RAZ_PORC_MONT,Scotiabank Chile,11.367959906535896
2020-11-01,CMF_CONT_RENTAB_ROAE_DESPUES_IMPTOS_AGIFI_BSCOT_STO_RAZ_PORC_MONT,Scotiabank Chile,11.459425801013309
2020-12-01,CMF_CONT_RENTAB_ROAE_DESPUES_IMPTOS_AGIFI_BSCOT_STO_RAZ_PORC_MONT,Scotiabank Chile,11.927366674132756
2021-01-01,CMF_CONT_RENTAB_ROAE_DESPUES_IMPTOS_AGIFI_BSCOT_STO_RAZ_PORC_MONT,Scotiabank Chile,12.023483343139755
2021-02-01,CMF_CONT_RENTAB_ROAE_DESPUES_IMPTOS_AGIFI_BSCOT_STO_RAZ_PORC_MONT,Scotiabank Chile,12.421671270747623
2021-03-01,CMF_CONT_RENTAB_ROAE_DESPUES_IMPTOS_AGIFI_BSCOT_STO_RAZ_PORC_MONT,Scotiabank Chile,12.939339757983316
2021-04-01,CMF_CONT_RENTAB_ROAE_DESPUES_IMPTOS_AGIFI_BSCOT_STO_RAZ_PORC_MONT,Scotiabank Chile,12.965752611966623
2021-05-01,CMF_CONT_RENTAB_ROAE_DESPUES_IMPTOS_AGIFI_BSCOT_STO_RAZ_PORC_MONT,Scotiabank Chile,14.162652157897405
2021-06-01,CMF_CONT_RENTAB_ROAE_DESPUES_IMPTOS_AGIFI_BSCOT_STO_RAZ_PORC_MONT,Scotiabank Chile,14.600287233358873
2021-07-01,CMF_CONT_RENTAB_ROAE_DESPUES_IMPTOS_AGIFI_BSCOT_STO_RAZ_PORC_MONT,Scotiabank Chile,15.04965725689466
2020-08-01,CMF_CONT_RENTAB_ROAE_DESPUES_IMPTOS_AGIFI_BSEC_STO_RAZ_PORC_MONT,Banco Security,10.751339241990893
2020-09-01,CMF_CONT_RENTAB_ROAE_DESPUES_IMPTOS_AGIFI_BSEC_STO_RAZ_PORC_MONT,Banco Security,10.029900022224407
2020-10-01,CMF_CONT_RENTAB_ROAE_DESPUES_IMPTOS_AGIFI_BSEC_STO_RAZ_PORC_MONT,Banco Security,9.832695729253844
2020-11-01,CMF_CONT_RENTAB_ROAE_DESPUES_IMPTOS_AGIFI_BSEC_STO_RAZ_PORC_MONT,Banco Security,9.932766127480003
2020-12-01,CMF_CONT_RENTAB_ROAE_DESPUES_IMPTOS_AGIFI_BSEC_STO_RAZ_PORC_MONT,Banco Security,9.465888406339726
2021-01-01,CMF_CONT_RENTAB_ROAE_DESPUES_IMPTOS_AGIFI_BSEC_STO_RAZ_PORC_MONT,Banco Security,9.282768765562658
2021-02-01,CMF_CONT_RENTAB_ROAE_DESPUES_IMPTOS_AGIFI_BSEC_STO_RAZ_PORC_MONT,Banco Security,9.211496917015271
2021-03-01,CMF_CONT_RENTAB_ROAE_DESPUES_IMPTOS_AGIFI_BSEC_STO_RAZ_PORC_MONT,Banco Security,9.45742146664153
2021-04-01,CMF_CONT_RENTAB_ROAE_DESPUES_IMPTOS_AGIFI_BSEC_STO_RAZ_PORC_MONT,Banco Security,8.997258546170997
2021-05-01,CMF_CONT_RENTAB_ROAE_DESPUES_IMPTOS_AGIFI_BSEC_STO_RAZ_PORC_MONT,Banco Security,9.535000228676715
2021-06-01,CMF_CONT_RENTAB_ROAE_DESPUES_IMPTOS_AGIFI_BSEC_STO_RAZ_PORC_MONT,Banco Security,9.26847283370237
2021-07-01,CMF_CONT_RENTAB_ROAE_DESPUES_IMPTOS_AGIFI_BSEC_STO_RAZ_PORC_MONT,Banco Security,9.189789795202906
2020-08-01,CMF_CONT_RENTAB_ROAE_DESPUES_IMPTOS_AGIFI_CHCONBANK_STO_RAZ_PORC_MONT,China Construction Bank,-1.3607894020215612
2020-09-01,CMF_CONT_RENTAB_ROAE_DESPUES_IMPTOS_AGIFI_CHCONBANK_STO_RAZ_PORC_MONT,China Construction Bank,-0.6772114792431754
2020-10-01,CMF_CONT_RENTAB_ROAE_DESPUES_IMPTOS_AGIFI_CHCONBANK_STO_RAZ_PORC_MONT,China Construction Bank,-0.12186653147869247
2020-11-01,CMF_CONT_RENTAB_ROAE_DESPUES_IMPTOS_AGIFI_CHCONBANK_STO_RAZ_PORC_MONT,China Construction Bank,-2.713536353193506
2020-12-01,CMF_CONT_RENTAB_ROAE_DESPUES_IMPTOS_AGIFI_CHCONBANK_STO_RAZ_PORC_MONT,China Construction Bank,-2.6896113120594385
2021-01-01,CMF_CONT_RENTAB_ROAE_DESPUES_IMPTOS_AGIFI_CHCONBANK_STO_RAZ_PORC_MONT,China Construction Bank,-2.582308644618406
2021-02-01,CMF_CONT_RENTAB_ROAE_DESPUES_IMPTOS_AGIFI_CHCONBANK_STO_RAZ_PORC_MONT,China Construction Bank,-2.592679398382
2021-03-01,CMF_CONT_RENTAB_ROAE_DESPUES_IMPTOS_AGIFI_CHCONBANK_STO_RAZ_PORC_MONT,China Construction Bank,-2.5388537126881014
2021-04-01,CMF_CONT_RENTAB_ROAE_DESPUES_IMPTOS_AGIFI_CHCONBANK_STO_RAZ_PORC_MONT,China Construction Bank,-2.3062436368562027
2021-05-01,CMF_CONT_RENTAB_ROAE_DESPUES_IMPTOS_AGIFI_CHCONBANK_STO_RAZ_PORC_MONT,China Construction Bank,-1.0696578070389335
2021-06-01,CMF_CONT_RENTAB_ROAE_DESPUES_IMPTOS_AGIFI_CHCONBANK_STO_RAZ_PORC_MONT,China Construction Bank,-1.5307070999194365
2021-07-01,CMF_CONT_RENTAB_ROAE_DESPUES_IMPTOS_AGIFI_CHCONBANK_STO_RAZ_PORC_MONT,China Construction Bank,-1.700330464875651
2020-08-01,CMF_CONT_RENTAB_ROAE_DESPUES_IMPTOS_AGIFI_HSBC_STO_RAZ_PORC_MONT,Hsbc Bank (Chile),22.095202584783067
2020-09-01,CMF_CONT_RENTAB_ROAE_DESPUES_IMPTOS_AGIFI_HSBC_STO_RAZ_PORC_MONT,Hsbc Bank (Chile),22.805949865481857
2020-10-01,CMF_CONT_RENTAB_ROAE_DESPUES_IMPTOS_AGIFI_HSBC_STO_RAZ_PORC_MONT,Hsbc Bank (Chile),22.194705488564434
2020-11-01,CMF_CONT_RENTAB_ROAE_DESPUES_IMPTOS_AGIFI_HSBC_STO_RAZ_PORC_MONT,Hsbc Bank (Chile),21.169671444151817
2020-12-01,CMF_CONT_RENTAB_ROAE_DESPUES_IMPTOS_AGIFI_HSBC_STO_RAZ_PORC_MONT,Hsbc Bank (Chile),20.342881255379062
2021-01-01,CMF_CONT_RENTAB_ROAE_DESPUES_IMPTOS_AGIFI_HSBC_STO_RAZ_PORC_MONT,Hsbc Bank (Chile),19.318617497615875
2021-02-01,CMF_CONT_RENTAB_ROAE_DESPUES_IMPTOS_AGIFI_HSBC_STO_RAZ_PORC_MONT,Hsbc Bank (Chile),19.871232296853748
2021-03-01,CMF_CONT_RENTAB_ROAE_DESPUES_IMPTOS_AGIFI_HSBC_STO_RAZ_PORC_MONT,Hsbc Bank (Chile),19.521905503084767
2021-04-01,CMF_CONT_RENTAB_ROAE_DESPUES_IMPTOS_AGIFI_HSBC_STO_RAZ_PORC_MONT,Hsbc Bank (Chile),16.777427313541033
2021-05-01,CMF_CONT_RENTAB_ROAE_DESPUES_IMPTOS_AGIFI_HSBC_STO_RAZ_PORC_MONT,Hsbc Bank (Chile),17.059949800153422
2021-06-01,CMF_CONT_RENTAB_ROAE_DESPUES_IMPTOS_AGIFI_HSBC_STO_RAZ_PORC_MONT,Hsbc Bank (Chile),16.534277656438856
2021-07-01,CMF_CONT_RENTAB_ROAE_DESPUES_IMPTOS_AGIFI_HSBC_STO_RAZ_PORC_MONT,Hsbc Bank (Chile),14.28723131752265
2020-08-01,CMF_CONT_RENTAB_ROAE_DESPUES_IMPTOS_AGIFI_JPMGC_STO_RAZ_PORC_MONT,Jp Morgan Chase Bank. N. A.,7.546339437480537
2020-09-01,CMF_CONT_RENTAB_ROAE_DESPUES_IMPTOS_AGIFI_JPMGC_STO_RAZ_PORC_MONT,Jp Morgan Chase Bank. N. A.,9.77533135623741
2020-10-01,CMF_CONT_RENTAB_ROAE_DESPUES_IMPTOS_AGIFI_JPMGC_STO_RAZ_PORC_MONT,Jp Morgan Chase Bank. N. A.,11.126239436230385
2020-11-01,CMF_CONT_RENTAB_ROAE_DESPUES_IMPTOS_AGIFI_JPMGC_STO_RAZ_PORC_MONT,Jp Morgan Chase Bank. N. A.,10.745188224912594
2020-12-01,CMF_CONT_RENTAB_ROAE_DESPUES_IMPTOS_AGIFI_JPMGC_STO_RAZ_PORC_MONT,Jp Morgan Chase Bank. N. A.,9.545357171044472
2021-01-01,CMF_CONT_RENTAB_ROAE_DESPUES_IMPTOS_AGIFI_JPMGC_STO_RAZ_PORC_MONT,Jp Morgan Chase Bank. N. A.,9.93716680506346
2021-02-01,CMF_CONT_RENTAB_ROAE_DESPUES_IMPTOS_AGIFI_JPMGC_STO_RAZ_PORC_MONT,Jp Morgan Chase Bank. N. A.,7.989086511669188
2021-03-01,CMF_CONT_RENTAB_ROAE_DESPUES_IMPTOS_AGIFI_JPMGC_STO_RAZ_PORC_MONT,Jp Morgan Chase Bank. N. A.,9.167781363030919
2021-04-01,CMF_CONT_RENTAB_ROAE_DESPUES_IMPTOS_AGIFI_JPMGC_STO_RAZ_PORC_MONT,Jp Morgan Chase Bank. N. A.,8.15744230048413
2021-05-01,CMF_CONT_RENTAB_ROAE_DESPUES_IMPTOS_AGIFI_JPMGC_STO_RAZ_PORC_MONT,Jp Morgan Chase Bank. N. A.,8.743693929208218
2021-06-01,CMF_CONT_RENTAB_ROAE_DESPUES_IMPTOS_AGIFI_JPMGC_STO_RAZ_PORC_MONT,Jp Morgan Chase Bank. N. A.,8.224278975800818
2021-07-01,CMF_CONT_RENTAB_ROAE_DESPUES_IMPTOS_AGIFI_JPMGC_STO_RAZ_PORC_MONT,Jp Morgan Chase Bank. N. A.,8.19135681064291
2021-08-01,CMF_CONT_RENTAB_ROAE_DESPUES_IMPTOS_AGIFI_BBRA_STO_RAZ_PORC_MONT,Banco Do Brasil S.A.,-7.377782129103845
2021-09-01,CMF_CONT_RENTAB_ROAE_DESPUES_IMPTOS_AGIFI_BBRA_STO_RAZ_PORC_MONT,Banco Do Brasil S.A.,-8.200828850839688
2021-10-01,CMF_CONT_RENTAB_ROAE_DESPUES_IMPTOS_AGIFI_BBRA_STO_RAZ_PORC_MONT,Banco Do Brasil S.A.,-8.339860985791201
2021-11-01,CMF_CONT_RENTAB_ROAE_DESPUES_IMPTOS_AGIFI_BBRA_STO_RAZ_PORC_MONT,Banco Do Brasil S.A.,-9.340030518819939
2021-08-01,CMF_CONT_RENTAB_ROAE_DESPUES_IMPTOS_AGIFI_BBTGP_STO_RAZ_PORC_MONT,Banco BTG Pactual Chile,15.154538008219554
2021-09-01,CMF_CONT_RENTAB_ROAE_DESPUES_IMPTOS_AGIFI_BBTGP_STO_RAZ_PORC_MONT,Banco BTG Pactual Chile,15.902815119469738
2021-10-01,CMF_CONT_RENTAB_ROAE_DESPUES_IMPTOS_AGIFI_BBTGP_STO_RAZ_PORC_MONT,Banco BTG Pactual Chile,15.301256729992476
2021-11-01,CMF_CONT_RENTAB_ROAE_DESPUES_IMPTOS_AGIFI_BBTGP_STO_RAZ_PORC_MONT,Banco BTG Pactual Chile,15.975902620046442
2021-12-01,CMF_CONT_RENTAB_ROAE_DESPUES_IMPTOS_AGIFI_BBTGP_STO_RAZ_PORC_MONT,Banco BTG Pactual Chile,16.007027996804126
2022-01-01,CMF_CONT_RENTAB_ROAE_DESPUES_IMPTOS_AGIFI_BBTGP_STO_RAZ_PORC_MONT,Banco BTG Pactual Chile,16.3364587340128
2022-02-01,CMF_CONT_RENTAB_ROAE_DESPUES_IMPTOS_AGIFI_BBTGP_STO_RAZ_PORC_MONT,Banco BTG Pactual Chile,15.002158447616084
2022-03-01,CMF_CONT_RENTAB_ROAE_DESPUES_IMPTOS_AGIFI_BBTGP_STO_RAZ_PORC_MONT,Banco BTG Pactual Chile,15.715189617364768
2022-04-01,CMF_CONT_RENTAB_ROAE_DESPUES_IMPTOS_AGIFI_BBTGP_STO_RAZ_PORC_MONT,Banco BTG Pactual Chile,14.798285988816035
2022-05-01,CMF_CONT_RENTAB_ROAE_DESPUES_IMPTOS_AGIFI_BBTGP_STO_RAZ_PORC_MONT,Banco BTG Pactual Chile,15.885539180562699
2022-06-01,CMF_CONT_RENTAB_ROAE_DESPUES_IMPTOS_AGIFI_BBTGP_STO_RAZ_PORC_MONT,Banco BTG Pactual Chile,14.662613147863624
2022-07-01,CMF_CONT_RENTAB_ROAE_DESPUES_IMPTOS_AGIFI_BBTGP_STO_RAZ_PORC_MONT,Banco BTG Pactual Chile,14.115421899066737
2021-08-01,CMF_CONT_RENTAB_ROAE_DESPUES_IMPTOS_AGIFI_BCHI_STO_RAZ_PORC_MONT,Banco de Chile,15.57806033774585
2021-09-01,CMF_CONT_RENTAB_ROAE_DESPUES_IMPTOS_AGIFI_BCHI_STO_RAZ_PORC_MONT,Banco de Chile,16.578761173207567
2021-10-01,CMF_CONT_RENTAB_ROAE_DESPUES_IMPTOS_AGIFI_BCHI_STO_RAZ_PORC_MONT,Banco de Chile,17.347431747475255
2021-11-01,CMF_CONT_RENTAB_ROAE_DESPUES_IMPTOS_AGIFI_BCHI_STO_RAZ_PORC_MONT,Banco de Chile,18.847919808252612
2021-12-01,CMF_CONT_RENTAB_ROAE_DESPUES_IMPTOS_AGIFI_BCHI_STO_RAZ_PORC_MONT,Banco de Chile,20.110800611089015
2022-01-01,CMF_CONT_RENTAB_ROAE_DESPUES_IMPTOS_AGIFI_BCHI_STO_RAZ_PORC_MONT,Banco de Chile,20.611778942595674
2022-02-01,CMF_CONT_RENTAB_ROAE_DESPUES_IMPTOS_AGIFI_BCHI_STO_RAZ_PORC_MONT,Banco de Chile,21.598719571931266
2022-03-01,CMF_CONT_RENTAB_ROAE_DESPUES_IMPTOS_AGIFI_BCHI_STO_RAZ_PORC_MONT,Banco de Chile,22.66536558734674
2022-04-01,CMF_CONT_RENTAB_ROAE_DESPUES_IMPTOS_AGIFI_BCHI_STO_RAZ_PORC_MONT,Banco de Chile,24.696422730045306
2022-05-01,CMF_CONT_RENTAB_ROAE_DESPUES_IMPTOS_AGIFI_BCHI_STO_RAZ_PORC_MONT,Banco de Chile,26.48103526339967
2022-06-01,CMF_CONT_RENTAB_ROAE_DESPUES_IMPTOS_AGIFI_BCHI_STO_RAZ_PORC_MONT,Banco de Chile,28.490390689069827
2022-07-01,CMF_CONT_RENTAB_ROAE_DESPUES_IMPTOS_AGIFI_BCHI_STO_RAZ_PORC_MONT,Banco de Chile,30.039176919120575
2021-08-01,CMF_CONT_RENTAB_ROAE_DESPUES_IMPTOS_AGIFI_BCI_STO_RAZ_PORC_MONT,Banco de Credito e Inversiones,11.742335136679946
2021-09-01,CMF_CONT_RENTAB_ROAE_DESPUES_IMPTOS_AGIFI_BCI_STO_RAZ_PORC_MONT,Banco de Credito e Inversiones,11.966240424503177
2021-10-01,CMF_CONT_RENTAB_ROAE_DESPUES_IMPTOS_AGIFI_BCI_STO_RAZ_PORC_MONT,Banco de Credito e Inversiones,12.33536115392147
2021-11-01,CMF_CONT_RENTAB_ROAE_DESPUES_IMPTOS_AGIFI_BCI_STO_RAZ_PORC_MONT,Banco de Credito e Inversiones,12.518002079484999
2021-12-01,CMF_CONT_RENTAB_ROAE_DESPUES_IMPTOS_AGIFI_BCI_STO_RAZ_PORC_MONT,Banco de Credito e Inversiones,12.582392766198632
2022-01-01,CMF_CONT_RENTAB_ROAE_DESPUES_IMPTOS_AGIFI_BCI_STO_RAZ_PORC_MONT,Banco de Credito e Inversiones,12.902044636943161
2022-02-01,CMF_CONT_RENTAB_ROAE_DESPUES_IMPTOS_AGIFI_BCI_STO_RAZ_PORC_MONT,Banco de Credito e Inversiones,12.779180237094124
2022-03-01,CMF_CONT_RENTAB_ROAE_DESPUES_IMPTOS_AGIFI_BCI_STO_RAZ_PORC_MONT,Banco de Credito e Inversiones,13.20777451185664
2022-04-01,CMF_CONT_RENTAB_ROAE_DESPUES_IMPTOS_AGIFI_BCI_STO_RAZ_PORC_MONT,Banco de Credito e Inversiones,14.01381247412924
2022-05-01,CMF_CONT_RENTAB_ROAE_DESPUES_IMPTOS_AGIFI_BCI_STO_RAZ_PORC_MONT,Banco de Credito e Inversiones,14.44854884906555
2022-06-01,CMF_CONT_RENTAB_ROAE_DESPUES_IMPTOS_AGIFI_BCI_STO_RAZ_PORC_MONT,Banco de Credito e Inversiones,15.791903261243533
2022-07-01,CMF_CONT_RENTAB_ROAE_DESPUES_IMPTOS_AGIFI_BCI_STO_RAZ_PORC_MONT,Banco de Credito e Inversiones,16.21865009543259
2021-08-01,CMF_CONT_RENTAB_ROAE_DESPUES_IMPTOS_AGIFI_BCON_STO_RAZ_PORC_MONT,Banco Consorcio,10.905488399376658
2021-09-01,CMF_CONT_RENTAB_ROAE_DESPUES_IMPTOS_AGIFI_BCON_STO_RAZ_PORC_MONT,Banco Consorcio,11.136396259509647
2021-10-01,CMF_CONT_RENTAB_ROAE_DESPUES_IMPTOS_AGIFI_BCON_STO_RAZ_PORC_MONT,Banco Consorcio,10.862091773258811
2021-11-01,CMF_CONT_RENTAB_ROAE_DESPUES_IMPTOS_AGIFI_BCON_STO_RAZ_PORC_MONT,Banco Consorcio,13.419414130182409
2021-12-01,CMF_CONT_RENTAB_ROAE_DESPUES_IMPTOS_AGIFI_BCON_STO_RAZ_PORC_MONT,Banco Consorcio,12.539613213217113
2022-01-01,CMF_CONT_RENTAB_ROAE_DESPUES_IMPTOS_AGIFI_BCON_STO_RAZ_PORC_MONT,Banco Consorcio,12.555848581111121
2022-02-01,CMF_CONT_RENTAB_ROAE_DESPUES_IMPTOS_AGIFI_BCON_STO_RAZ_PORC_MONT,Banco Consorcio,13.613975684861057
2022-03-01,CMF_CONT_RENTAB_ROAE_DESPUES_IMPTOS_AGIFI_BCON_STO_RAZ_PORC_MONT,Banco Consorcio,13.816397582603496
2022-04-01,CMF_CONT_RENTAB_ROAE_DESPUES_IMPTOS_AGIFI_BCON_STO_RAZ_PORC_MONT,Banco Consorcio,14.353543964137698
2022-05-01,CMF_CONT_RENTAB_ROAE_DESPUES_IMPTOS_AGIFI_BCON_STO_RAZ_PORC_MONT,Banco Consorcio,15.387338735888832
2022-06-01,CMF_CONT_RENTAB_ROAE_DESPUES_IMPTOS_AGIFI_BCON_STO_RAZ_PORC_MONT,Banco Consorcio,15.45129928972771
2022-07-01,CMF_CONT_RENTAB_ROAE_DESPUES_IMPTOS_AGIFI_BCON_STO_RAZ_PORC_MONT,Banco Consorcio,15.25204923998699
2021-08-01,CMF_CONT_RENTAB_ROAE_DESPUES_IMPTOS_AGIFI_BECH_STO_RAZ_PORC_MONT,Banco del Estado de Chile,11.501427241905516
2021-09-01,CMF_CONT_RENTAB_ROAE_DESPUES_IMPTOS_AGIFI_BECH_STO_RAZ_PORC_MONT,Banco del Estado de Chile,12.169787174332862
2021-10-01,CMF_CONT_RENTAB_ROAE_DESPUES_IMPTOS_AGIFI_BECH_STO_RAZ_PORC_MONT,Banco del Estado de Chile,12.898710457335744
2021-11-01,CMF_CONT_RENTAB_ROAE_DESPUES_IMPTOS_AGIFI_BECH_STO_RAZ_PORC_MONT,Banco del Estado de Chile,14.92927075451668
2021-12-01,CMF_CONT_RENTAB_ROAE_DESPUES_IMPTOS_AGIFI_BECH_STO_RAZ_PORC_MONT,Banco del Estado de Chile,17.766069754436362
2022-01-01,CMF_CONT_RENTAB_ROAE_DESPUES_IMPTOS_AGIFI_BECH_STO_RAZ_PORC_MONT,Banco del Estado de Chile,19.27761152831051
2022-02-01,CMF_CONT_RENTAB_ROAE_DESPUES_IMPTOS_AGIFI_BECH_STO_RAZ_PORC_MONT,Banco del Estado de Chile,20.649624210776373
2022-03-01,CMF_CONT_RENTAB_ROAE_DESPUES_IMPTOS_AGIFI_BECH_STO_RAZ_PORC_MONT,Banco del Estado de Chile,22.850917027974482
2022-04-01,CMF_CONT_RENTAB_ROAE_DESPUES_IMPTOS_AGIFI_BECH_STO_RAZ_PORC_MONT,Banco del Estado de Chile,25.471734977858805
2022-05-01,CMF_CONT_RENTAB_ROAE_DESPUES_IMPTOS_AGIFI_BECH_STO_RAZ_PORC_MONT,Banco del Estado de Chile,28.22517768140607
2022-06-01,CMF_CONT_RENTAB_ROAE_DESPUES_IMPTOS_AGIFI_BECH_STO_RAZ_PORC_MONT,Banco del Estado de Chile,28.588138601760335
2022-07-01,CMF_CONT_RENTAB_ROAE_DESPUES_IMPTOS_AGIFI_BECH_STO_RAZ_PORC_MONT,Banco del Estado de Chile,29.515584967257276
2021-08-01,CMF_CONT_RENTAB_ROAE_DESPUES_IMPTOS_AGIFI_BFALA_STO_RAZ_PORC_MONT,Banco Falabella,26.369856170454497
2021-09-01,CMF_CONT_RENTAB_ROAE_DESPUES_IMPTOS_AGIFI_BFALA_STO_RAZ_PORC_MONT,Banco Falabella,26.106270885580738
2021-10-01,CMF_CONT_RENTAB_ROAE_DESPUES_IMPTOS_AGIFI_BFALA_STO_RAZ_PORC_MONT,Banco Falabella,25.650909416628725
2021-11-01,CMF_CONT_RENTAB_ROAE_DESPUES_IMPTOS_AGIFI_BFALA_STO_RAZ_PORC_MONT,Banco Falabella,24.811855407163854
2021-12-01,CMF_CONT_RENTAB_ROAE_DESPUES_IMPTOS_AGIFI_BFALA_STO_RAZ_PORC_MONT,Banco Falabella,24.197323895511097
2022-01-01,CMF_CONT_RENTAB_ROAE_DESPUES_IMPTOS_AGIFI_BFALA_STO_RAZ_PORC_MONT,Banco Falabella,23.180391916020533
2022-02-01,CMF_CONT_RENTAB_ROAE_DESPUES_IMPTOS_AGIFI_BFALA_STO_RAZ_PORC_MONT,Banco Falabella,21.620877820406594
2022-03-01,CMF_CONT_RENTAB_ROAE_DESPUES_IMPTOS_AGIFI_BFALA_STO_RAZ_PORC_MONT,Banco Falabella,20.891332289895132
2022-04-01,CMF_CONT_RENTAB_ROAE_DESPUES_IMPTOS_AGIFI_BFALA_STO_RAZ_PORC_MONT,Banco Falabella,20.34176866067279
2022-05-01,CMF_CONT_RENTAB_ROAE_DESPUES_IMPTOS_AGIFI_BFALA_STO_RAZ_PORC_MONT,Banco Falabella,18.665456930554328
2022-06-01,CMF_CONT_RENTAB_ROAE_DESPUES_IMPTOS_AGIFI_BFALA_STO_RAZ_PORC_MONT,Banco Falabella,18.979844690510596
2022-07-01,CMF_CONT_RENTAB_ROAE_DESPUES_IMPTOS_AGIFI_BFALA_STO_RAZ_PORC_MONT,Banco Falabella,18.0218658600709
2021-08-01,CMF_CONT_RENTAB_ROAE_DESPUES_IMPTOS_AGIFI_BICE_STO_RAZ_PORC_MONT,Banco Bice,14.552908097102204
2021-09-01,CMF_CONT_RENTAB_ROAE_DESPUES_IMPTOS_AGIFI_BICE_STO_RAZ_PORC_MONT,Banco Bice,15.196693926253602
2021-10-01,CMF_CONT_RENTAB_ROAE_DESPUES_IMPTOS_AGIFI_BICE_STO_RAZ_PORC_MONT,Banco Bice,15.618425004891803
2021-11-01,CMF_CONT_RENTAB_ROAE_DESPUES_IMPTOS_AGIFI_BICE_STO_RAZ_PORC_MONT,Banco Bice,16.592883418362693
2021-12-01,CMF_CONT_RENTAB_ROAE_DESPUES_IMPTOS_AGIFI_BICE_STO_RAZ_PORC_MONT,Banco Bice,15.884892233484509
2022-01-01,CMF_CONT_RENTAB_ROAE_DESPUES_IMPTOS_AGIFI_BICE_STO_RAZ_PORC_MONT,Banco Bice,17.062043477355655
2022-02-01,CMF_CONT_RENTAB_ROAE_DESPUES_IMPTOS_AGIFI_BICE_STO_RAZ_PORC_MONT,Banco Bice,17.908315217893957
2022-03-01,CMF_CONT_RENTAB_ROAE_DESPUES_IMPTOS_AGIFI_BICE_STO_RAZ_PORC_MONT,Banco Bice,18.445710024902294
2022-04-01,CMF_CONT_RENTAB_ROAE_DESPUES_IMPTOS_AGIFI_BICE_STO_RAZ_PORC_MONT,Banco Bice,19.25393460037692
2022-05-01,CMF_CONT_RENTAB_ROAE_DESPUES_IMPTOS_AGIFI_BICE_STO_RAZ_PORC_MONT,Banco Bice,20.872933473899888
2022-06-01,CMF_CONT_RENTAB_ROAE_DESPUES_IMPTOS_AGIFI_BICE_STO_RAZ_PORC_MONT,Banco Bice,20.355013186723777
2022-07-01,CMF_CONT_RENTAB_ROAE_DESPUES_IMPTOS_AGIFI_BICE_STO_RAZ_PORC_MONT,Banco Bice,21.325695140748095
2021-08-01,CMF_CONT_RENTAB_ROAE_DESPUES_IMPTOS_AGIFI_BINTE_STO_RAZ_PORC_MONT,Banco Internacional,14.39814513273821
2021-09-01,CMF_CONT_RENTAB_ROAE_DESPUES_IMPTOS_AGIFI_BINTE_STO_RAZ_PORC_MONT,Banco Internacional,14.61943001079421
2021-10-01,CMF_CONT_RENTAB_ROAE_DESPUES_IMPTOS_AGIFI_BINTE_STO_RAZ_PORC_MONT,Banco Internacional,15.28505088429997
2021-11-01,CMF_CONT_RENTAB_ROAE_DESPUES_IMPTOS_AGIFI_BINTE_STO_RAZ_PORC_MONT,Banco Internacional,16.879861662037104
2021-12-01,CMF_CONT_RENTAB_ROAE_DESPUES_IMPTOS_AGIFI_BINTE_STO_RAZ_PORC_MONT,Banco Internacional,15.159502823582162
2022-01-01,CMF_CONT_RENTAB_ROAE_DESPUES_IMPTOS_AGIFI_BINTE_STO_RAZ_PORC_MONT,Banco Internacional,15.527298095277708
2022-02-01,CMF_CONT_RENTAB_ROAE_DESPUES_IMPTOS_AGIFI_BINTE_STO_RAZ_PORC_MONT,Banco Internacional,15.797854992449622
2022-03-01,CMF_CONT_RENTAB_ROAE_DESPUES_IMPTOS_AGIFI_BINTE_STO_RAZ_PORC_MONT,Banco Internacional,16.108232452791377
2022-04-01,CMF_CONT_RENTAB_ROAE_DESPUES_IMPTOS_AGIFI_BINTE_STO_RAZ_PORC_MONT,Banco Internacional,16.49762097855523
2022-05-01,CMF_CONT_RENTAB_ROAE_DESPUES_IMPTOS_AGIFI_BINTE_STO_RAZ_PORC_MONT,Banco Internacional,16.32159493794931
2022-06-01,CMF_CONT_RENTAB_ROAE_DESPUES_IMPTOS_AGIFI_BINTE_STO_RAZ_PORC_MONT,Banco Internacional,18.258038117708242
2022-07-01,CMF_CONT_RENTAB_ROAE_DESPUES_IMPTOS_AGIFI_BINTE_STO_RAZ_PORC_MONT,Banco Internacional,19.947248838130967
2021-08-01,CMF_CONT_RENTAB_ROAE_DESPUES_IMPTOS_AGIFI_BITAUCORP_STO_RAZ_PORC_MONT,Banco Itaú Chile,0.16412231447447778
2021-09-01,CMF_CONT_RENTAB_ROAE_DESPUES_IMPTOS_AGIFI_BITAUCORP_STO_RAZ_PORC_MONT,Banco Itaú Chile,0.7924268235416511
2021-10-01,CMF_CONT_RENTAB_ROAE_DESPUES_IMPTOS_AGIFI_BITAUCORP_STO_RAZ_PORC_MONT,Banco Itaú Chile,8.564082823510695
2021-11-01,CMF_CONT_RENTAB_ROAE_DESPUES_IMPTOS_AGIFI_BITAUCORP_STO_RAZ_PORC_MONT,Banco Itaú Chile,9.16398903759793
2021-12-01,CMF_CONT_RENTAB_ROAE_DESPUES_IMPTOS_AGIFI_BITAUCORP_STO_RAZ_PORC_MONT,Banco Itaú Chile,10.816819329933358
2022-01-01,CMF_CONT_RENTAB_ROAE_DESPUES_IMPTOS_AGIFI_BITAUCORP_STO_RAZ_PORC_MONT,Banco Itaú Chile,10.464653883883166
2022-02-01,CMF_CONT_RENTAB_ROAE_DESPUES_IMPTOS_AGIFI_BITAUCORP_STO_RAZ_PORC_MONT,Banco Itaú Chile,10.484891555655373
2022-03-01,CMF_CONT_RENTAB_ROAE_DESPUES_IMPTOS_AGIFI_BITAUCORP_STO_RAZ_PORC_MONT,Banco Itaú Chile,10.59814852592527
2022-04-01,CMF_CONT_RENTAB_ROAE_DESPUES_IMPTOS_AGIFI_BITAUCORP_STO_RAZ_PORC_MONT,Banco Itaú Chile,11.61819967360889
2022-05-01,CMF_CONT_RENTAB_ROAE_DESPUES_IMPTOS_AGIFI_BITAUCORP_STO_RAZ_PORC_MONT,Banco Itaú Chile,11.718032551718787
2022-06-01,CMF_CONT_RENTAB_ROAE_DESPUES_IMPTOS_AGIFI_BITAUCORP_STO_RAZ_PORC_MONT,Banco Itaú Chile,12.191458197095459
2022-07-01,CMF_CONT_RENTAB_ROAE_DESPUES_IMPTOS_AGIFI_BITAUCORP_STO_RAZ_PORC_MONT,Banco Itaú Chile,12.325390699065087
2021-08-01,CMF_CONT_RENTAB_ROAE_DESPUES_IMPTOS_AGIFI_BKCH_STO_RAZ_PORC_MONT,Bank of China,-14.079543307357126
2021-09-01,CMF_CONT_RENTAB_ROAE_DESPUES_IMPTOS_AGIFI_BKCH_STO_RAZ_PORC_MONT,Bank of China,-13.840642042673478
2021-10-01,CMF_CONT_RENTAB_ROAE_DESPUES_IMPTOS_AGIFI_BKCH_STO_RAZ_PORC_MONT,Bank of China,-14.638618980522658
2021-11-01,CMF_CONT_RENTAB_ROAE_DESPUES_IMPTOS_AGIFI_BKCH_STO_RAZ_PORC_MONT,Bank of China,-15.061800902319868
2021-12-01,CMF_CONT_RENTAB_ROAE_DESPUES_IMPTOS_AGIFI_BKCH_STO_RAZ_PORC_MONT,Bank of China,-14.588309522736491
2022-01-01,CMF_CONT_RENTAB_ROAE_DESPUES_IMPTOS_AGIFI_BKCH_STO_RAZ_PORC_MONT,Bank of China,-14.095408532155576
2022-02-01,CMF_CONT_RENTAB_ROAE_DESPUES_IMPTOS_AGIFI_BKCH_STO_RAZ_PORC_MONT,Bank of China,-14.193309928344137
2022-03-01,CMF_CONT_RENTAB_ROAE_DESPUES_IMPTOS_AGIFI_BKCH_STO_RAZ_PORC_MONT,Bank of China,-14.231776942527402
2022-04-01,CMF_CONT_RENTAB_ROAE_DESPUES_IMPTOS_AGIFI_BKCH_STO_RAZ_PORC_MONT,Bank of China,-13.786406032684567
2022-05-01,CMF_CONT_RENTAB_ROAE_DESPUES_IMPTOS_AGIFI_BKCH_STO_RAZ_PORC_MONT,Bank of China,-12.87924246725418
2022-06-01,CMF_CONT_RENTAB_ROAE_DESPUES_IMPTOS_AGIFI_BKCH_STO_RAZ_PORC_MONT,Bank of China,-12.285901323924254
2022-07-01,CMF_CONT_RENTAB_ROAE_DESPUES_IMPTOS_AGIFI_BKCH_STO_RAZ_PORC_MONT,Bank of China,-12.356759263516997
2021-08-01,CMF_CONT_RENTAB_ROAE_DESPUES_IMPTOS_AGIFI_BRIPL_STO_RAZ_PORC_MONT,Banco Ripley,23.51349512641631
2021-09-01,CMF_CONT_RENTAB_ROAE_DESPUES_IMPTOS_AGIFI_BRIPL_STO_RAZ_PORC_MONT,Banco Ripley,21.74601888678628
2021-10-01,CMF_CONT_RENTAB_ROAE_DESPUES_IMPTOS_AGIFI_BRIPL_STO_RAZ_PORC_MONT,Banco Ripley,19.27534857107872
2021-11-01,CMF_CONT_RENTAB_ROAE_DESPUES_IMPTOS_AGIFI_BRIPL_STO_RAZ_PORC_MONT,Banco Ripley,18.95949375432583
2021-12-01,CMF_CONT_RENTAB_ROAE_DESPUES_IMPTOS_AGIFI_BRIPL_STO_RAZ_PORC_MONT,Banco Ripley,19.93535252783898
2022-01-01,CMF_CONT_RENTAB_ROAE_DESPUES_IMPTOS_AGIFI_BRIPL_STO_RAZ_PORC_MONT,Banco Ripley,18.96437868686972
2022-02-01,CMF_CONT_RENTAB_ROAE_DESPUES_IMPTOS_AGIFI_BRIPL_STO_RAZ_PORC_MONT,Banco Ripley,18.481454057824802
2022-03-01,CMF_CONT_RENTAB_ROAE_DESPUES_IMPTOS_AGIFI_BRIPL_STO_RAZ_PORC_MONT,Banco Ripley,17.298040196519327
2022-04-01,CMF_CONT_RENTAB_ROAE_DESPUES_IMPTOS_AGIFI_BRIPL_STO_RAZ_PORC_MONT,Banco Ripley,16.596587456083224
2022-05-01,CMF_CONT_RENTAB_ROAE_DESPUES_IMPTOS_AGIFI_BRIPL_STO_RAZ_PORC_MONT,Banco Ripley,15.363467945264418
2022-06-01,CMF_CONT_RENTAB_ROAE_DESPUES_IMPTOS_AGIFI_BRIPL_STO_RAZ_PORC_MONT,Banco Ripley,13.620394268086955
2022-07-01,CMF_CONT_RENTAB_ROAE_DESPUES_IMPTOS_AGIFI_BRIPL_STO_RAZ_PORC_MONT,Banco Ripley,12.584769823032106
2021-08-01,CMF_CONT_RENTAB_ROAE_DESPUES_IMPTOS_AGIFI_BSANT_STO_RAZ_PORC_MONT,Banco Santander-Chile,20.183804895520208
2021-09-01,CMF_CONT_RENTAB_ROAE_DESPUES_IMPTOS_AGIFI_BSANT_STO_RAZ_PORC_MONT,Banco Santander-Chile,20.66782364951334
2021-10-01,CMF_CONT_RENTAB_ROAE_DESPUES_IMPTOS_AGIFI_BSANT_STO_RAZ_PORC_MONT,Banco Santander-Chile,21.264956764639944
2021-11-01,CMF_CONT_RENTAB_ROAE_DESPUES_IMPTOS_AGIFI_BSANT_STO_RAZ_PORC_MONT,Banco Santander-Chile,22.07604744912534
2021-12-01,CMF_CONT_RENTAB_ROAE_DESPUES_IMPTOS_AGIFI_BSANT_STO_RAZ_PORC_MONT,Banco Santander-Chile,22.444581254376782
2022-01-01,CMF_CONT_RENTAB_ROAE_DESPUES_IMPTOS_AGIFI_BSANT_STO_RAZ_PORC_MONT,Banco Santander-Chile,22.95857785165371
2022-02-01,CMF_CONT_RENTAB_ROAE_DESPUES_IMPTOS_AGIFI_BSANT_STO_RAZ_PORC_MONT,Banco Santander-Chile,23.693446464037464
2022-03-01,CMF_CONT_RENTAB_ROAE_DESPUES_IMPTOS_AGIFI_BSANT_STO_RAZ_PORC_MONT,Banco Santander-Chile,23.828464738263126
2022-04-01,CMF_CONT_RENTAB_ROAE_DESPUES_IMPTOS_AGIFI_BSANT_STO_RAZ_PORC_MONT,Banco Santander-Chile,25.263687652119785
2022-05-01,CMF_CONT_RENTAB_ROAE_DESPUES_IMPTOS_AGIFI_BSANT_STO_RAZ_PORC_MONT,Banco Santander-Chile,26.21384210649983
2022-06-01,CMF_CONT_RENTAB_ROAE_DESPUES_IMPTOS_AGIFI_BSANT_STO_RAZ_PORC_MONT,Banco Santander-Chile,26.52712283308633
2022-07-01,CMF_CONT_RENTAB_ROAE_DESPUES_IMPTOS_AGIFI_BSANT_STO_RAZ_PORC_MONT,Banco Santander-Chile,26.904844160932324
2021-08-01,CMF_CONT_RENTAB_ROAE_DESPUES_IMPTOS_AGIFI_BSCOT_STO_RAZ_PORC_MONT,Scotiabank Chile,15.543015253530179
2021-09-01,CMF_CONT_RENTAB_ROAE_DESPUES_IMPTOS_AGIFI_BSCOT_STO_RAZ_PORC_MONT,Scotiabank Chile,15.573519689636258
2021-10-01,CMF_CONT_RENTAB_ROAE_DESPUES_IMPTOS_AGIFI_BSCOT_STO_RAZ_PORC_MONT,Scotiabank Chile,16.160956378497488
2021-11-01,CMF_CONT_RENTAB_ROAE_DESPUES_IMPTOS_AGIFI_BSCOT_STO_RAZ_PORC_MONT,Scotiabank Chile,16.73930189959751
2021-12-01,CMF_CONT_RENTAB_ROAE_DESPUES_IMPTOS_AGIFI_BSCOT_STO_RAZ_PORC_MONT,Scotiabank Chile,17.037406969931677
2022-01-01,CMF_CONT_RENTAB_ROAE_DESPUES_IMPTOS_AGIFI_BSCOT_STO_RAZ_PORC_MONT,Scotiabank Chile,16.986283839482486
2022-02-01,CMF_CONT_RENTAB_ROAE_DESPUES_IMPTOS_AGIFI_BSCOT_STO_RAZ_PORC_MONT,Scotiabank Chile,16.745369662423634
2022-03-01,CMF_CONT_RENTAB_ROAE_DESPUES_IMPTOS_AGIFI_BSCOT_STO_RAZ_PORC_MONT,Scotiabank Chile,16.931183201561193
2022-04-01,CMF_CONT_RENTAB_ROAE_DESPUES_IMPTOS_AGIFI_BSCOT_STO_RAZ_PORC_MONT,Scotiabank Chile,16.996067475360622
2022-05-01,CMF_CONT_RENTAB_ROAE_DESPUES_IMPTOS_AGIFI_BSCOT_STO_RAZ_PORC_MONT,Scotiabank Chile,17.463837056112894
2022-06-01,CMF_CONT_RENTAB_ROAE_DESPUES_IMPTOS_AGIFI_BSCOT_STO_RAZ_PORC_MONT,Scotiabank Chile,17.791979272349842
2022-07-01,CMF_CONT_RENTAB_ROAE_DESPUES_IMPTOS_AGIFI_BSCOT_STO_RAZ_PORC_MONT,Scotiabank Chile,17.86995624872284
2021-08-01,CMF_CONT_RENTAB_ROAE_DESPUES_IMPTOS_AGIFI_BSEC_STO_RAZ_PORC_MONT,Banco Security,9.641094397853317
2021-09-01,CMF_CONT_RENTAB_ROAE_DESPUES_IMPTOS_AGIFI_BSEC_STO_RAZ_PORC_MONT,Banco Security,10.003426893398665
2021-10-01,CMF_CONT_RENTAB_ROAE_DESPUES_IMPTOS_AGIFI_BSEC_STO_RAZ_PORC_MONT,Banco Security,10.408054138966087
2021-11-01,CMF_CONT_RENTAB_ROAE_DESPUES_IMPTOS_AGIFI_BSEC_STO_RAZ_PORC_MONT,Banco Security,10.99542149113825
2021-12-01,CMF_CONT_RENTAB_ROAE_DESPUES_IMPTOS_AGIFI_BSEC_STO_RAZ_PORC_MONT,Banco Security,11.32324870452688
2022-01-01,CMF_CONT_RENTAB_ROAE_DESPUES_IMPTOS_AGIFI_BSEC_STO_RAZ_PORC_MONT,Banco Security,11.468835340062647
2022-02-01,CMF_CONT_RENTAB_ROAE_DESPUES_IMPTOS_AGIFI_BSEC_STO_RAZ_PORC_MONT,Banco Security,11.947545842338572
2022-03-01,CMF_CONT_RENTAB_ROAE_DESPUES_IMPTOS_AGIFI_BSEC_STO_RAZ_PORC_MONT,Banco Security,12.299767044157967
2022-04-01,CMF_CONT_RENTAB_ROAE_DESPUES_IMPTOS_AGIFI_BSEC_STO_RAZ_PORC_MONT,Banco Security,13.926213975302291
2022-05-01,CMF_CONT_RENTAB_ROAE_DESPUES_IMPTOS_AGIFI_BSEC_STO_RAZ_PORC_MONT,Banco Security,15.146885182116028
2022-06-01,CMF_CONT_RENTAB_ROAE_DESPUES_IMPTOS_AGIFI_BSEC_STO_RAZ_PORC_MONT,Banco Security,16.316149611863143
2022-07-01,CMF_CONT_RENTAB_ROAE_DESPUES_IMPTOS_AGIFI_BSEC_STO_RAZ_PORC_MONT,Banco Security,17.56399779305893
2021-08-01,CMF_CONT_RENTAB_ROAE_DESPUES_IMPTOS_AGIFI_CHCONBANK_STO_RAZ_PORC_MONT,China Construction Bank,-1.6820633042133784
2021-09-01,CMF_CONT_RENTAB_ROAE_DESPUES_IMPTOS_AGIFI_CHCONBANK_STO_RAZ_PORC_MONT,China Construction Bank,-2.412234538895546
2021-10-01,CMF_CONT_RENTAB_ROAE_DESPUES_IMPTOS_AGIFI_CHCONBANK_STO_RAZ_PORC_MONT,China Construction Bank,-2.434368052530736
2021-11-01,CMF_CONT_RENTAB_ROAE_DESPUES_IMPTOS_AGIFI_CHCONBANK_STO_RAZ_PORC_MONT,China Construction Bank,0.5121591305208391
2021-12-01,CMF_CONT_RENTAB_ROAE_DESPUES_IMPTOS_AGIFI_CHCONBANK_STO_RAZ_PORC_MONT,China Construction Bank,1.217433910550632
2022-01-01,CMF_CONT_RENTAB_ROAE_DESPUES_IMPTOS_AGIFI_CHCONBANK_STO_RAZ_PORC_MONT,China Construction Bank,1.9965778361696058
2022-02-01,CMF_CONT_RENTAB_ROAE_DESPUES_IMPTOS_AGIFI_CHCONBANK_STO_RAZ_PORC_MONT,China Construction Bank,2.459367436489877
2022-03-01,CMF_CONT_RENTAB_ROAE_DESPUES_IMPTOS_AGIFI_CHCONBANK_STO_RAZ_PORC_MONT,China Construction Bank,3.2484854987071268
2022-04-01,CMF_CONT_RENTAB_ROAE_DESPUES_IMPTOS_AGIFI_CHCONBANK_STO_RAZ_PORC_MONT,China Construction Bank,4.052102373952918
2022-05-01,CMF_CONT_RENTAB_ROAE_DESPUES_IMPTOS_AGIFI_CHCONBANK_STO_RAZ_PORC_MONT,China Construction Bank,4.687145771635449
2022-06-01,CMF_CONT_RENTAB_ROAE_DESPUES_IMPTOS_AGIFI_CHCONBANK_STO_RAZ_PORC_MONT,China Construction Bank,5.287900547465857
2022-07-01,CMF_CONT_RENTAB_ROAE_DESPUES_IMPTOS_AGIFI_CHCONBANK_STO_RAZ_PORC_MONT,China Construction Bank,5.20254743913762
2021-08-01,CMF_CONT_RENTAB_ROAE_DESPUES_IMPTOS_AGIFI_HSBC_STO_RAZ_PORC_MONT,Hsbc Bank (Chile),12.217731588401334
2021-09-01,CMF_CONT_RENTAB_ROAE_DESPUES_IMPTOS_AGIFI_HSBC_STO_RAZ_PORC_MONT,Hsbc Bank (Chile),9.439867137815497
2021-10-01,CMF_CONT_RENTAB_ROAE_DESPUES_IMPTOS_AGIFI_HSBC_STO_RAZ_PORC_MONT,Hsbc Bank (Chile),10.244214321808041
2021-11-01,CMF_CONT_RENTAB_ROAE_DESPUES_IMPTOS_AGIFI_HSBC_STO_RAZ_PORC_MONT,Hsbc Bank (Chile),11.643691626157576
2021-12-01,CMF_CONT_RENTAB_ROAE_DESPUES_IMPTOS_AGIFI_HSBC_STO_RAZ_PORC_MONT,Hsbc Bank (Chile),9.540790318680862
2022-01-01,CMF_CONT_RENTAB_ROAE_DESPUES_IMPTOS_AGIFI_HSBC_STO_RAZ_PORC_MONT,Hsbc Bank (Chile),9.341392182322021
2022-02-01,CMF_CONT_RENTAB_ROAE_DESPUES_IMPTOS_AGIFI_HSBC_STO_RAZ_PORC_MONT,Hsbc Bank (Chile),10.37259087995251
2022-03-01,CMF_CONT_RENTAB_ROAE_DESPUES_IMPTOS_AGIFI_HSBC_STO_RAZ_PORC_MONT,Hsbc Bank (Chile),9.174689149396357
2022-04-01,CMF_CONT_RENTAB_ROAE_DESPUES_IMPTOS_AGIFI_HSBC_STO_RAZ_PORC_MONT,Hsbc Bank (Chile),11.09349602628254
2022-05-01,CMF_CONT_RENTAB_ROAE_DESPUES_IMPTOS_AGIFI_HSBC_STO_RAZ_PORC_MONT,Hsbc Bank (Chile),12.342786283432215
2022-06-01,CMF_CONT_RENTAB_ROAE_DESPUES_IMPTOS_AGIFI_HSBC_STO_RAZ_PORC_MONT,Hsbc Bank (Chile),12.255901597238795
2022-07-01,CMF_CONT_RENTAB_ROAE_DESPUES_IMPTOS_AGIFI_HSBC_STO_RAZ_PORC_MONT,Hsbc Bank (Chile),14.642201116088232
2021-08-01,CMF_CONT_RENTAB_ROAE_DESPUES_IMPTOS_AGIFI_JPMGC_STO_RAZ_PORC_MONT,Jp Morgan Chase Bank. N. A.,7.947787848707221
2021-09-01,CMF_CONT_RENTAB_ROAE_DESPUES_IMPTOS_AGIFI_JPMGC_STO_RAZ_PORC_MONT,Jp Morgan Chase Bank. N. A.,7.517164569911132
2021-10-01,CMF_CONT_RENTAB_ROAE_DESPUES_IMPTOS_AGIFI_JPMGC_STO_RAZ_PORC_MONT,Jp Morgan Chase Bank. N. A.,6.415176603356267
2021-11-01,CMF_CONT_RENTAB_ROAE_DESPUES_IMPTOS_AGIFI_JPMGC_STO_RAZ_PORC_MONT,Jp Morgan Chase Bank. N. A.,6.271557037052917
2021-12-01,CMF_CONT_RENTAB_ROAE_DESPUES_IMPTOS_AGIFI_JPMGC_STO_RAZ_PORC_MONT,Jp Morgan Chase Bank. N. A.,6.815011849017435
2022-01-01,CMF_CONT_RENTAB_ROAE_DESPUES_IMPTOS_AGIFI_JPMGC_STO_RAZ_PORC_MONT,Jp Morgan Chase Bank. N. A.,6.263096851528228
2022-02-01,CMF_CONT_RENTAB_ROAE_DESPUES_IMPTOS_AGIFI_JPMGC_STO_RAZ_PORC_MONT,Jp Morgan Chase Bank. N. A.,8.565967366191101
2022-03-01,CMF_CONT_RENTAB_ROAE_DESPUES_IMPTOS_AGIFI_JPMGC_STO_RAZ_PORC_MONT,Jp Morgan Chase Bank. N. A.,9.902707969886267
2022-04-01,CMF_CONT_RENTAB_ROAE_DESPUES_IMPTOS_AGIFI_JPMGC_STO_RAZ_PORC_MONT,Jp Morgan Chase Bank. N. A.,12.491860987925328
2022-05-01,CMF_CONT_RENTAB_ROAE_DESPUES_IMPTOS_AGIFI_JPMGC_STO_RAZ_PORC_MONT,Jp Morgan Chase Bank. N. A.,12.874625605020833
2022-06-01,CMF_CONT_RENTAB_ROAE_DESPUES_IMPTOS_AGIFI_JPMGC_STO_RAZ_PORC_MONT,Jp Morgan Chase Bank. N. A.,13.71225419224068
2022-07-01,CMF_CONT_RENTAB_ROAE_DESPUES_IMPTOS_AGIFI_JPMGC_STO_RAZ_PORC_MONT,Jp Morgan Chase Bank. N. A.,16.6754880741497
2022-08-01,CMF_CONT_RENTAB_ROAE_DESPUES_IMPTOS_AGIFI_BBTGP_STO_RAZ_PORC_MONT,Banco BTG Pactual Chile,14.171393664531347
2022-09-01,CMF_CONT_RENTAB_ROAE_DESPUES_IMPTOS_AGIFI_BBTGP_STO_RAZ_PORC_MONT,Banco BTG Pactual Chile,13.226347600584132
2022-10-01,CMF_CONT_RENTAB_ROAE_DESPUES_IMPTOS_AGIFI_BBTGP_STO_RAZ_PORC_MONT,Banco BTG Pactual Chile,14.808102273809737
2022-11-01,CMF_CONT_RENTAB_ROAE_DESPUES_IMPTOS_AGIFI_BBTGP_STO_RAZ_PORC_MONT,Banco BTG Pactual Chile,14.745533271391091
2022-12-01,CMF_CONT_RENTAB_ROAE_DESPUES_IMPTOS_AGIFI_BBTGP_STO_RAZ_PORC_MONT,Banco BTG Pactual Chile,15.678280143556965
2023-01-01,CMF_CONT_RENTAB_ROAE_DESPUES_IMPTOS_AGIFI_BBTGP_STO_RAZ_PORC_MONT,Banco BTG Pactual Chile,16.10537481619512
2023-02-01,CMF_CONT_RENTAB_ROAE_DESPUES_IMPTOS_AGIFI_BBTGP_STO_RAZ_PORC_MONT,Banco BTG Pactual Chile,16.91439646788855
2023-03-01,CMF_CONT_RENTAB_ROAE_DESPUES_IMPTOS_AGIFI_BBTGP_STO_RAZ_PORC_MONT,Banco BTG Pactual Chile,16.483443185249527
2023-04-01,CMF_CONT_RENTAB_ROAE_DESPUES_IMPTOS_AGIFI_BBTGP_STO_RAZ_PORC_MONT,Banco BTG Pactual Chile,16.73971463194908
2023-05-01,CMF_CONT_RENTAB_ROAE_DESPUES_IMPTOS_AGIFI_BBTGP_STO_RAZ_PORC_MONT,Banco BTG Pactual Chile,16.59335859267125
2023-06-01,CMF_CONT_RENTAB_ROAE_DESPUES_IMPTOS_AGIFI_BBTGP_STO_RAZ_PORC_MONT,Banco BTG Pactual Chile,17.989730165461737
2023-07-01,CMF_CONT_RENTAB_ROAE_DESPUES_IMPTOS_AGIFI_BBTGP_STO_RAZ_PORC_MONT,Banco BTG Pactual Chile,18.640890474280827
2022-08-01,CMF_CONT_RENTAB_ROAE_DESPUES_IMPTOS_AGIFI_BCHI_STO_RAZ_PORC_MONT,Banco de Chile,30.49943139246638
2022-09-01,CMF_CONT_RENTAB_ROAE_DESPUES_IMPTOS_AGIFI_BCHI_STO_RAZ_PORC_MONT,Banco de Chile,31.183280222597098
2022-10-01,CMF_CONT_RENTAB_ROAE_DESPUES_IMPTOS_AGIFI_BCHI_STO_RAZ_PORC_MONT,Banco de Chile,31.70288315479383
2022-11-01,CMF_CONT_RENTAB_ROAE_DESPUES_IMPTOS_AGIFI_BCHI_STO_RAZ_PORC_MONT,Banco de Chile,30.922306218309632
2022-12-01,CMF_CONT_RENTAB_ROAE_DESPUES_IMPTOS_AGIFI_BCHI_STO_RAZ_PORC_MONT,Banco de Chile,31.434051655371714
2023-01-01,CMF_CONT_RENTAB_ROAE_DESPUES_IMPTOS_AGIFI_BCHI_STO_RAZ_PORC_MONT,Banco de Chile,31.181103232171548
2023-02-01,CMF_CONT_RENTAB_ROAE_DESPUES_IMPTOS_AGIFI_BCHI_STO_RAZ_PORC_MONT,Banco de Chile,30.830055873607527
2023-03-01,CMF_CONT_RENTAB_ROAE_DESPUES_IMPTOS_AGIFI_BCHI_STO_RAZ_PORC_MONT,Banco de Chile,29.964910908556558
2023-04-01,CMF_CONT_RENTAB_ROAE_DESPUES_IMPTOS_AGIFI_BCHI_STO_RAZ_PORC_MONT,Banco de Chile,29.35383315998522
2023-05-01,CMF_CONT_RENTAB_ROAE_DESPUES_IMPTOS_AGIFI_BCHI_STO_RAZ_PORC_MONT,Banco de Chile,28.222941016015398
2023-06-01,CMF_CONT_RENTAB_ROAE_DESPUES_IMPTOS_AGIFI_BCHI_STO_RAZ_PORC_MONT,Banco de Chile,27.06064879508231
2023-07-01,CMF_CONT_RENTAB_ROAE_DESPUES_IMPTOS_AGIFI_BCHI_STO_RAZ_PORC_MONT,Banco de Chile,25.90741103688929
2022-08-01,CMF_CONT_RENTAB_ROAE_DESPUES_IMPTOS_AGIFI_BCI_STO_RAZ_PORC_MONT,Banco de Credito e Inversiones,16.506182672164876
2022-09-01,CMF_CONT_RENTAB_ROAE_DESPUES_IMPTOS_AGIFI_BCI_STO_RAZ_PORC_MONT,Banco de Credito e Inversiones,16.90688111045576
2022-10-01,CMF_CONT_RENTAB_ROAE_DESPUES_IMPTOS_AGIFI_BCI_STO_RAZ_PORC_MONT,Banco de Credito e Inversiones,17.36111327853007
2022-11-01,CMF_CONT_RENTAB_ROAE_DESPUES_IMPTOS_AGIFI_BCI_STO_RAZ_PORC_MONT,Banco de Credito e Inversiones,17.623080678460255
2022-12-01,CMF_CONT_RENTAB_ROAE_DESPUES_IMPTOS_AGIFI_BCI_STO_RAZ_PORC_MONT,Banco de Credito e Inversiones,17.810504113427974
2023-01-01,CMF_CONT_RENTAB_ROAE_DESPUES_IMPTOS_AGIFI_BCI_STO_RAZ_PORC_MONT,Banco de Credito e Inversiones,17.63308935560867
2023-02-01,CMF_CONT_RENTAB_ROAE_DESPUES_IMPTOS_AGIFI_BCI_STO_RAZ_PORC_MONT,Banco de Credito e Inversiones,17.678926525744554
2023-03-01,CMF_CONT_RENTAB_ROAE_DESPUES_IMPTOS_AGIFI_BCI_STO_RAZ_PORC_MONT,Banco de Credito e Inversiones,17.14375161153912
2023-04-01,CMF_CONT_RENTAB_ROAE_DESPUES_IMPTOS_AGIFI_BCI_STO_RAZ_PORC_MONT,Banco de Credito e Inversiones,16.557557346108684
2023-05-01,CMF_CONT_RENTAB_ROAE_DESPUES_IMPTOS_AGIFI_BCI_STO_RAZ_PORC_MONT,Banco de Credito e Inversiones,16.495364146451795
2023-06-01,CMF_CONT_RENTAB_ROAE_DESPUES_IMPTOS_AGIFI_BCI_STO_RAZ_PORC_MONT,Banco de Credito e Inversiones,15.688757181257834
2023-07-01,CMF_CONT_RENTAB_ROAE_DESPUES_IMPTOS_AGIFI_BCI_STO_RAZ_PORC_MONT,Banco de Credito e Inversiones,15.07653495243113
2022-08-01,CMF_CONT_RENTAB_ROAE_DESPUES_IMPTOS_AGIFI_BCON_STO_RAZ_PORC_MONT,Banco Consorcio,15.266501037866487
2022-09-01,CMF_CONT_RENTAB_ROAE_DESPUES_IMPTOS_AGIFI_BCON_STO_RAZ_PORC_MONT,Banco Consorcio,15.362490069258968
2022-10-01,CMF_CONT_RENTAB_ROAE_DESPUES_IMPTOS_AGIFI_BCON_STO_RAZ_PORC_MONT,Banco Consorcio,16.807820876924744
2022-11-01,CMF_CONT_RENTAB_ROAE_DESPUES_IMPTOS_AGIFI_BCON_STO_RAZ_PORC_MONT,Banco Consorcio,16.294030086548805
2022-12-01,CMF_CONT_RENTAB_ROAE_DESPUES_IMPTOS_AGIFI_BCON_STO_RAZ_PORC_MONT,Banco Consorcio,16.741166816816463
2023-01-01,CMF_CONT_RENTAB_ROAE_DESPUES_IMPTOS_AGIFI_BCON_STO_RAZ_PORC_MONT,Banco Consorcio,15.697126509726475
2023-02-01,CMF_CONT_RENTAB_ROAE_DESPUES_IMPTOS_AGIFI_BCON_STO_RAZ_PORC_MONT,Banco Consorcio,15.759646793660346
2023-03-01,CMF_CONT_RENTAB_ROAE_DESPUES_IMPTOS_AGIFI_BCON_STO_RAZ_PORC_MONT,Banco Consorcio,15.124264006768078
2023-04-01,CMF_CONT_RENTAB_ROAE_DESPUES_IMPTOS_AGIFI_BCON_STO_RAZ_PORC_MONT,Banco Consorcio,14.305001902753308
2023-05-01,CMF_CONT_RENTAB_ROAE_DESPUES_IMPTOS_AGIFI_BCON_STO_RAZ_PORC_MONT,Banco Consorcio,13.867479576164005
2023-06-01,CMF_CONT_RENTAB_ROAE_DESPUES_IMPTOS_AGIFI_BCON_STO_RAZ_PORC_MONT,Banco Consorcio,13.909865280273937
2023-07-01,CMF_CONT_RENTAB_ROAE_DESPUES_IMPTOS_AGIFI_BCON_STO_RAZ_PORC_MONT,Banco Consorcio,13.564160951365672
2022-08-01,CMF_CONT_RENTAB_ROAE_DESPUES_IMPTOS_AGIFI_BECH_STO_RAZ_PORC_MONT,Banco del Estado de Chile,30.254567232908336
2022-09-01,CMF_CONT_RENTAB_ROAE_DESPUES_IMPTOS_AGIFI_BECH_STO_RAZ_PORC_MONT,Banco del Estado de Chile,31.83225817149658
2022-10-01,CMF_CONT_RENTAB_ROAE_DESPUES_IMPTOS_AGIFI_BECH_STO_RAZ_PORC_MONT,Banco del Estado de Chile,31.294598004471787
2022-11-01,CMF_CONT_RENTAB_ROAE_DESPUES_IMPTOS_AGIFI_BECH_STO_RAZ_PORC_MONT,Banco del Estado de Chile,29.974976639121543
2022-12-01,CMF_CONT_RENTAB_ROAE_DESPUES_IMPTOS_AGIFI_BECH_STO_RAZ_PORC_MONT,Banco del Estado de Chile,28.629915573623034
2023-01-01,CMF_CONT_RENTAB_ROAE_DESPUES_IMPTOS_AGIFI_BECH_STO_RAZ_PORC_MONT,Banco del Estado de Chile,27.933217850815872
2023-02-01,CMF_CONT_RENTAB_ROAE_DESPUES_IMPTOS_AGIFI_BECH_STO_RAZ_PORC_MONT,Banco del Estado de Chile,26.752035784202214
2023-03-01,CMF_CONT_RENTAB_ROAE_DESPUES_IMPTOS_AGIFI_BECH_STO_RAZ_PORC_MONT,Banco del Estado de Chile,25.515815205604028
2023-04-01,CMF_CONT_RENTAB_ROAE_DESPUES_IMPTOS_AGIFI_BECH_STO_RAZ_PORC_MONT,Banco del Estado de Chile,24.617685881415817
2023-05-01,CMF_CONT_RENTAB_ROAE_DESPUES_IMPTOS_AGIFI_BECH_STO_RAZ_PORC_MONT,Banco del Estado de Chile,23.330279585472585
2023-06-01,CMF_CONT_RENTAB_ROAE_DESPUES_IMPTOS_AGIFI_BECH_STO_RAZ_PORC_MONT,Banco del Estado de Chile,22.77764701918259
2023-07-01,CMF_CONT_RENTAB_ROAE_DESPUES_IMPTOS_AGIFI_BECH_STO_RAZ_PORC_MONT,Banco del Estado de Chile,22.40034380023025
2022-08-01,CMF_CONT_RENTAB_ROAE_DESPUES_IMPTOS_AGIFI_BFALA_STO_RAZ_PORC_MONT,Banco Falabella,19.01214124908564
2022-09-01,CMF_CONT_RENTAB_ROAE_DESPUES_IMPTOS_AGIFI_BFALA_STO_RAZ_PORC_MONT,Banco Falabella,17.698919915040822
2022-10-01,CMF_CONT_RENTAB_ROAE_DESPUES_IMPTOS_AGIFI_BFALA_STO_RAZ_PORC_MONT,Banco Falabella,15.989709506112034
2022-11-01,CMF_CONT_RENTAB_ROAE_DESPUES_IMPTOS_AGIFI_BFALA_STO_RAZ_PORC_MONT,Banco Falabella,14.785737617699374
2022-12-01,CMF_CONT_RENTAB_ROAE_DESPUES_IMPTOS_AGIFI_BFALA_STO_RAZ_PORC_MONT,Banco Falabella,12.51055086493196
2023-01-01,CMF_CONT_RENTAB_ROAE_DESPUES_IMPTOS_AGIFI_BFALA_STO_RAZ_PORC_MONT,Banco Falabella,11.177632028467752
2023-02-01,CMF_CONT_RENTAB_ROAE_DESPUES_IMPTOS_AGIFI_BFALA_STO_RAZ_PORC_MONT,Banco Falabella,10.71535036232452
2023-03-01,CMF_CONT_RENTAB_ROAE_DESPUES_IMPTOS_AGIFI_BFALA_STO_RAZ_PORC_MONT,Banco Falabella,9.594954073703185
2023-04-01,CMF_CONT_RENTAB_ROAE_DESPUES_IMPTOS_AGIFI_BFALA_STO_RAZ_PORC_MONT,Banco Falabella,8.586411709246685
2023-05-01,CMF_CONT_RENTAB_ROAE_DESPUES_IMPTOS_AGIFI_BFALA_STO_RAZ_PORC_MONT,Banco Falabella,8.274881228073385
2023-06-01,CMF_CONT_RENTAB_ROAE_DESPUES_IMPTOS_AGIFI_BFALA_STO_RAZ_PORC_MONT,Banco Falabella,6.077361798435151
2023-07-01,CMF_CONT_RENTAB_ROAE_DESPUES_IMPTOS_AGIFI_BFALA_STO_RAZ_PORC_MONT,Banco Falabella,6.669660557355109
2022-08-01,CMF_CONT_RENTAB_ROAE_DESPUES_IMPTOS_AGIFI_BICE_STO_RAZ_PORC_MONT,Banco Bice,22.07345588955417
2022-09-01,CMF_CONT_RENTAB_ROAE_DESPUES_IMPTOS_AGIFI_BICE_STO_RAZ_PORC_MONT,Banco Bice,21.783766887484745
2022-10-01,CMF_CONT_RENTAB_ROAE_DESPUES_IMPTOS_AGIFI_BICE_STO_RAZ_PORC_MONT,Banco Bice,22.30292042298229
2022-11-01,CMF_CONT_RENTAB_ROAE_DESPUES_IMPTOS_AGIFI_BICE_STO_RAZ_PORC_MONT,Banco Bice,22.61166919872569
2022-12-01,CMF_CONT_RENTAB_ROAE_DESPUES_IMPTOS_AGIFI_BICE_STO_RAZ_PORC_MONT,Banco Bice,23.184663560385058
2023-01-01,CMF_CONT_RENTAB_ROAE_DESPUES_IMPTOS_AGIFI_BICE_STO_RAZ_PORC_MONT,Banco Bice,22.582073041862348
2023-02-01,CMF_CONT_RENTAB_ROAE_DESPUES_IMPTOS_AGIFI_BICE_STO_RAZ_PORC_MONT,Banco Bice,21.877841404689008
2023-03-01,CMF_CONT_RENTAB_ROAE_DESPUES_IMPTOS_AGIFI_BICE_STO_RAZ_PORC_MONT,Banco Bice,21.21355974522334
2023-04-01,CMF_CONT_RENTAB_ROAE_DESPUES_IMPTOS_AGIFI_BICE_STO_RAZ_PORC_MONT,Banco Bice,20.673995145586698
2023-05-01,CMF_CONT_RENTAB_ROAE_DESPUES_IMPTOS_AGIFI_BICE_STO_RAZ_PORC_MONT,Banco Bice,20.235137582033147
2023-06-01,CMF_CONT_RENTAB_ROAE_DESPUES_IMPTOS_AGIFI_BICE_STO_RAZ_PORC_MONT,Banco Bice,21.387009014174374
2023-07-01,CMF_CONT_RENTAB_ROAE_DESPUES_IMPTOS_AGIFI_BICE_STO_RAZ_PORC_MONT,Banco Bice,20.837024493739264
2022-08-01,CMF_CONT_RENTAB_ROAE_DESPUES_IMPTOS_AGIFI_BINTE_STO_RAZ_PORC_MONT,Banco Internacional,21.017716514168523
2022-09-01,CMF_CONT_RENTAB_ROAE_DESPUES_IMPTOS_AGIFI_BINTE_STO_RAZ_PORC_MONT,Banco Internacional,22.515280752119086
2022-10-01,CMF_CONT_RENTAB_ROAE_DESPUES_IMPTOS_AGIFI_BINTE_STO_RAZ_PORC_MONT,Banco Internacional,22.12386992259211
2022-11-01,CMF_CONT_RENTAB_ROAE_DESPUES_IMPTOS_AGIFI_BINTE_STO_RAZ_PORC_MONT,Banco Internacional,20.179868779313868
2022-12-01,CMF_CONT_RENTAB_ROAE_DESPUES_IMPTOS_AGIFI_BINTE_STO_RAZ_PORC_MONT,Banco Internacional,19.201635855533276
2023-01-01,CMF_CONT_RENTAB_ROAE_DESPUES_IMPTOS_AGIFI_BINTE_STO_RAZ_PORC_MONT,Banco Internacional,19.411181713075933
2023-02-01,CMF_CONT_RENTAB_ROAE_DESPUES_IMPTOS_AGIFI_BINTE_STO_RAZ_PORC_MONT,Banco Internacional,19.370107969663408
2023-03-01,CMF_CONT_RENTAB_ROAE_DESPUES_IMPTOS_AGIFI_BINTE_STO_RAZ_PORC_MONT,Banco Internacional,20.204160863005807
2023-04-01,CMF_CONT_RENTAB_ROAE_DESPUES_IMPTOS_AGIFI_BINTE_STO_RAZ_PORC_MONT,Banco Internacional,19.65339059651209
2023-05-01,CMF_CONT_RENTAB_ROAE_DESPUES_IMPTOS_AGIFI_BINTE_STO_RAZ_PORC_MONT,Banco Internacional,19.935490369291028
2023-06-01,CMF_CONT_RENTAB_ROAE_DESPUES_IMPTOS_AGIFI_BINTE_STO_RAZ_PORC_MONT,Banco Internacional,19.933739542799902
2023-07-01,CMF_CONT_RENTAB_ROAE_DESPUES_IMPTOS_AGIFI_BINTE_STO_RAZ_PORC_MONT,Banco Internacional,18.889610779833156
2022-08-01,CMF_CONT_RENTAB_ROAE_DESPUES_IMPTOS_AGIFI_BITAUCORP_STO_RAZ_PORC_MONT,Banco Itaú Chile,12.848604556541613
2022-09-01,CMF_CONT_RENTAB_ROAE_DESPUES_IMPTOS_AGIFI_BITAUCORP_STO_RAZ_PORC_MONT,Banco Itaú Chile,13.29274984671911
2022-10-01,CMF_CONT_RENTAB_ROAE_DESPUES_IMPTOS_AGIFI_BITAUCORP_STO_RAZ_PORC_MONT,Banco Itaú Chile,13.426403627801019
2022-11-01,CMF_CONT_RENTAB_ROAE_DESPUES_IMPTOS_AGIFI_BITAUCORP_STO_RAZ_PORC_MONT,Banco Itaú Chile,12.944231773867076
2022-12-01,CMF_CONT_RENTAB_ROAE_DESPUES_IMPTOS_AGIFI_BITAUCORP_STO_RAZ_PORC_MONT,Banco Itaú Chile,13.283868946275863
2023-01-01,CMF_CONT_RENTAB_ROAE_DESPUES_IMPTOS_AGIFI_BITAUCORP_STO_RAZ_PORC_MONT,Banco Itaú Chile,13.305989072043054
2023-02-01,CMF_CONT_RENTAB_ROAE_DESPUES_IMPTOS_AGIFI_BITAUCORP_STO_RAZ_PORC_MONT,Banco Itaú Chile,12.745533571614413
2023-03-01,CMF_CONT_RENTAB_ROAE_DESPUES_IMPTOS_AGIFI_BITAUCORP_STO_RAZ_PORC_MONT,Banco Itaú Chile,12.279356280696287
2023-04-01,CMF_CONT_RENTAB_ROAE_DESPUES_IMPTOS_AGIFI_BITAUCORP_STO_RAZ_PORC_MONT,Banco Itaú Chile,12.750518114485315
2023-05-01,CMF_CONT_RENTAB_ROAE_DESPUES_IMPTOS_AGIFI_BITAUCORP_STO_RAZ_PORC_MONT,Banco Itaú Chile,12.46871143616583
2023-06-01,CMF_CONT_RENTAB_ROAE_DESPUES_IMPTOS_AGIFI_BITAUCORP_STO_RAZ_PORC_MONT,Banco Itaú Chile,12.217793709194531
2023-07-01,CMF_CONT_RENTAB_ROAE_DESPUES_IMPTOS_AGIFI_BITAUCORP_STO_RAZ_PORC_MONT,Banco Itaú Chile,11.943173552268188
2022-08-01,CMF_CONT_RENTAB_ROAE_DESPUES_IMPTOS_AGIFI_BKCH_STO_RAZ_PORC_MONT,Bank of China,-11.705258711892435
2022-09-01,CMF_CONT_RENTAB_ROAE_DESPUES_IMPTOS_AGIFI_BKCH_STO_RAZ_PORC_MONT,Bank of China,-11.379199259211775
2022-10-01,CMF_CONT_RENTAB_ROAE_DESPUES_IMPTOS_AGIFI_BKCH_STO_RAZ_PORC_MONT,Bank of China,-11.399500155892087
2022-11-01,CMF_CONT_RENTAB_ROAE_DESPUES_IMPTOS_AGIFI_BKCH_STO_RAZ_PORC_MONT,Bank of China,-14.686105192881682
2022-12-01,CMF_CONT_RENTAB_ROAE_DESPUES_IMPTOS_AGIFI_BKCH_STO_RAZ_PORC_MONT,Bank of China,-17.948325015909415
2023-01-01,CMF_CONT_RENTAB_ROAE_DESPUES_IMPTOS_AGIFI_BKCH_STO_RAZ_PORC_MONT,Bank of China,-19.288421724602344
2023-02-01,CMF_CONT_RENTAB_ROAE_DESPUES_IMPTOS_AGIFI_BKCH_STO_RAZ_PORC_MONT,Bank of China,-15.608547029218093
2023-03-01,CMF_CONT_RENTAB_ROAE_DESPUES_IMPTOS_AGIFI_BKCH_STO_RAZ_PORC_MONT,Bank of China,-12.527341757907122
2023-04-01,CMF_CONT_RENTAB_ROAE_DESPUES_IMPTOS_AGIFI_BKCH_STO_RAZ_PORC_MONT,Bank of China,-10.001510895788135
2023-05-01,CMF_CONT_RENTAB_ROAE_DESPUES_IMPTOS_AGIFI_BKCH_STO_RAZ_PORC_MONT,Bank of China,-7.166341179306095
2023-06-01,CMF_CONT_RENTAB_ROAE_DESPUES_IMPTOS_AGIFI_BKCH_STO_RAZ_PORC_MONT,Bank of China,-5.531433299086558
2023-07-01,CMF_CONT_RENTAB_ROAE_DESPUES_IMPTOS_AGIFI_BKCH_STO_RAZ_PORC_MONT,Bank of China,-2.7797125216028977
2022-08-01,CMF_CONT_RENTAB_ROAE_DESPUES_IMPTOS_AGIFI_BRIPL_STO_RAZ_PORC_MONT,Banco Ripley,10.025537631490712
2022-09-01,CMF_CONT_RENTAB_ROAE_DESPUES_IMPTOS_AGIFI_BRIPL_STO_RAZ_PORC_MONT,Banco Ripley,8.36173037343829
2022-10-01,CMF_CONT_RENTAB_ROAE_DESPUES_IMPTOS_AGIFI_BRIPL_STO_RAZ_PORC_MONT,Banco Ripley,7.92165046987307
2022-11-01,CMF_CONT_RENTAB_ROAE_DESPUES_IMPTOS_AGIFI_BRIPL_STO_RAZ_PORC_MONT,Banco Ripley,7.246478077921572
2022-12-01,CMF_CONT_RENTAB_ROAE_DESPUES_IMPTOS_AGIFI_BRIPL_STO_RAZ_PORC_MONT,Banco Ripley,7.422950685216837
2023-01-01,CMF_CONT_RENTAB_ROAE_DESPUES_IMPTOS_AGIFI_BRIPL_STO_RAZ_PORC_MONT,Banco Ripley,6.141839946900794
2023-02-01,CMF_CONT_RENTAB_ROAE_DESPUES_IMPTOS_AGIFI_BRIPL_STO_RAZ_PORC_MONT,Banco Ripley,4.126921828345142
2023-03-01,CMF_CONT_RENTAB_ROAE_DESPUES_IMPTOS_AGIFI_BRIPL_STO_RAZ_PORC_MONT,Banco Ripley,3.4321465032847187
2023-04-01,CMF_CONT_RENTAB_ROAE_DESPUES_IMPTOS_AGIFI_BRIPL_STO_RAZ_PORC_MONT,Banco Ripley,2.8723712284352776
2023-05-01,CMF_CONT_RENTAB_ROAE_DESPUES_IMPTOS_AGIFI_BRIPL_STO_RAZ_PORC_MONT,Banco Ripley,2.1490082836218005
2023-06-01,CMF_CONT_RENTAB_ROAE_DESPUES_IMPTOS_AGIFI_BRIPL_STO_RAZ_PORC_MONT,Banco Ripley,1.8082693758969537
2023-07-01,CMF_CONT_RENTAB_ROAE_DESPUES_IMPTOS_AGIFI_BRIPL_STO_RAZ_PORC_MONT,Banco Ripley,1.3530006294750134
2022-08-01,CMF_CONT_RENTAB_ROAE_DESPUES_IMPTOS_AGIFI_BSANT_STO_RAZ_PORC_MONT,Banco Santander-Chile,26.705426263438444
2022-09-01,CMF_CONT_RENTAB_ROAE_DESPUES_IMPTOS_AGIFI_BSANT_STO_RAZ_PORC_MONT,Banco Santander-Chile,26.23520667917659
2022-10-01,CMF_CONT_RENTAB_ROAE_DESPUES_IMPTOS_AGIFI_BSANT_STO_RAZ_PORC_MONT,Banco Santander-Chile,25.148898913621498
2022-11-01,CMF_CONT_RENTAB_ROAE_DESPUES_IMPTOS_AGIFI_BSANT_STO_RAZ_PORC_MONT,Banco Santander-Chile,22.990459242512244
2022-12-01,CMF_CONT_RENTAB_ROAE_DESPUES_IMPTOS_AGIFI_BSANT_STO_RAZ_PORC_MONT,Banco Santander-Chile,21.563416955325412
2023-01-01,CMF_CONT_RENTAB_ROAE_DESPUES_IMPTOS_AGIFI_BSANT_STO_RAZ_PORC_MONT,Banco Santander-Chile,20.13766972420252
2023-02-01,CMF_CONT_RENTAB_ROAE_DESPUES_IMPTOS_AGIFI_BSANT_STO_RAZ_PORC_MONT,Banco Santander-Chile,18.950732834495586
2023-03-01,CMF_CONT_RENTAB_ROAE_DESPUES_IMPTOS_AGIFI_BSANT_STO_RAZ_PORC_MONT,Banco Santander-Chile,18.40983987595514
2023-04-01,CMF_CONT_RENTAB_ROAE_DESPUES_IMPTOS_AGIFI_BSANT_STO_RAZ_PORC_MONT,Banco Santander-Chile,17.119189271538797
2023-05-01,CMF_CONT_RENTAB_ROAE_DESPUES_IMPTOS_AGIFI_BSANT_STO_RAZ_PORC_MONT,Banco Santander-Chile,15.180370038037557
2023-06-01,CMF_CONT_RENTAB_ROAE_DESPUES_IMPTOS_AGIFI_BSANT_STO_RAZ_PORC_MONT,Banco Santander-Chile,14.01396336408381
2023-07-01,CMF_CONT_RENTAB_ROAE_DESPUES_IMPTOS_AGIFI_BSANT_STO_RAZ_PORC_MONT,Banco Santander-Chile,12.553102278996121
2022-08-01,CMF_CONT_RENTAB_ROAE_DESPUES_IMPTOS_AGIFI_BSCOT_STO_RAZ_PORC_MONT,Scotiabank Chile,17.978812112825565
2022-09-01,CMF_CONT_RENTAB_ROAE_DESPUES_IMPTOS_AGIFI_BSCOT_STO_RAZ_PORC_MONT,Scotiabank Chile,18.256737023586656
2022-10-01,CMF_CONT_RENTAB_ROAE_DESPUES_IMPTOS_AGIFI_BSCOT_STO_RAZ_PORC_MONT,Scotiabank Chile,18.135133059239916
2022-11-01,CMF_CONT_RENTAB_ROAE_DESPUES_IMPTOS_AGIFI_BSCOT_STO_RAZ_PORC_MONT,Scotiabank Chile,18.091333412811554
2022-12-01,CMF_CONT_RENTAB_ROAE_DESPUES_IMPTOS_AGIFI_BSCOT_STO_RAZ_PORC_MONT,Scotiabank Chile,18.029493405243528
2023-01-01,CMF_CONT_RENTAB_ROAE_DESPUES_IMPTOS_AGIFI_BSCOT_STO_RAZ_PORC_MONT,Scotiabank Chile,17.32688193077988
2023-02-01,CMF_CONT_RENTAB_ROAE_DESPUES_IMPTOS_AGIFI_BSCOT_STO_RAZ_PORC_MONT,Scotiabank Chile,16.783852874150078
2023-03-01,CMF_CONT_RENTAB_ROAE_DESPUES_IMPTOS_AGIFI_BSCOT_STO_RAZ_PORC_MONT,Scotiabank Chile,15.908419671802363
2023-04-01,CMF_CONT_RENTAB_ROAE_DESPUES_IMPTOS_AGIFI_BSCOT_STO_RAZ_PORC_MONT,Scotiabank Chile,16.10633675736047
2023-05-01,CMF_CONT_RENTAB_ROAE_DESPUES_IMPTOS_AGIFI_BSCOT_STO_RAZ_PORC_MONT,Scotiabank Chile,15.570199001892137
2023-06-01,CMF_CONT_RENTAB_ROAE_DESPUES_IMPTOS_AGIFI_BSCOT_STO_RAZ_PORC_MONT,Scotiabank Chile,14.981699573830543
2023-07-01,CMF_CONT_RENTAB_ROAE_DESPUES_IMPTOS_AGIFI_BSCOT_STO_RAZ_PORC_MONT,Scotiabank Chile,14.525117298750194
2022-08-01,CMF_CONT_RENTAB_ROAE_DESPUES_IMPTOS_AGIFI_BSEC_STO_RAZ_PORC_MONT,Banco Security,18.280857124209344
2022-09-01,CMF_CONT_RENTAB_ROAE_DESPUES_IMPTOS_AGIFI_BSEC_STO_RAZ_PORC_MONT,Banco Security,19.045871997608824
2022-10-01,CMF_CONT_RENTAB_ROAE_DESPUES_IMPTOS_AGIFI_BSEC_STO_RAZ_PORC_MONT,Banco Security,19.55197627627045
2022-11-01,CMF_CONT_RENTAB_ROAE_DESPUES_IMPTOS_AGIFI_BSEC_STO_RAZ_PORC_MONT,Banco Security,19.753259824101814
2022-12-01,CMF_CONT_RENTAB_ROAE_DESPUES_IMPTOS_AGIFI_BSEC_STO_RAZ_PORC_MONT,Banco Security,19.33348276226004
2023-01-01,CMF_CONT_RENTAB_ROAE_DESPUES_IMPTOS_AGIFI_BSEC_STO_RAZ_PORC_MONT,Banco Security,20.241599810380734
2023-02-01,CMF_CONT_RENTAB_ROAE_DESPUES_IMPTOS_AGIFI_BSEC_STO_RAZ_PORC_MONT,Banco Security,20.923706368913617
2023-03-01,CMF_CONT_RENTAB_ROAE_DESPUES_IMPTOS_AGIFI_BSEC_STO_RAZ_PORC_MONT,Banco Security,21.15011378446377
2023-04-01,CMF_CONT_RENTAB_ROAE_DESPUES_IMPTOS_AGIFI_BSEC_STO_RAZ_PORC_MONT,Banco Security,20.878750849728448
2023-05-01,CMF_CONT_RENTAB_ROAE_DESPUES_IMPTOS_AGIFI_BSEC_STO_RAZ_PORC_MONT,Banco Security,21.105597726933116
2023-06-01,CMF_CONT_RENTAB_ROAE_DESPUES_IMPTOS_AGIFI_BSEC_STO_RAZ_PORC_MONT,Banco Security,21.523464370897756
2023-07-01,CMF_CONT_RENTAB_ROAE_DESPUES_IMPTOS_AGIFI_BSEC_STO_RAZ_PORC_MONT,Banco Security,21.80672505693055
2022-08-01,CMF_CONT_RENTAB_ROAE_DESPUES_IMPTOS_AGIFI_CHCONBANK_STO_RAZ_PORC_MONT,China Construction Bank,5.594394898189827
2022-09-01,CMF_CONT_RENTAB_ROAE_DESPUES_IMPTOS_AGIFI_CHCONBANK_STO_RAZ_PORC_MONT,China Construction Bank,6.75265554733874
2022-10-01,CMF_CONT_RENTAB_ROAE_DESPUES_IMPTOS_AGIFI_CHCONBANK_STO_RAZ_PORC_MONT,China Construction Bank,7.327399571790019
2022-11-01,CMF_CONT_RENTAB_ROAE_DESPUES_IMPTOS_AGIFI_CHCONBANK_STO_RAZ_PORC_MONT,China Construction Bank,7.606425247767975
2022-12-01,CMF_CONT_RENTAB_ROAE_DESPUES_IMPTOS_AGIFI_CHCONBANK_STO_RAZ_PORC_MONT,China Construction Bank,6.503851119048645
2023-01-01,CMF_CONT_RENTAB_ROAE_DESPUES_IMPTOS_AGIFI_CHCONBANK_STO_RAZ_PORC_MONT,China Construction Bank,5.038804063812712
2023-02-01,CMF_CONT_RENTAB_ROAE_DESPUES_IMPTOS_AGIFI_CHCONBANK_STO_RAZ_PORC_MONT,China Construction Bank,5.201235600418786
2023-03-01,CMF_CONT_RENTAB_ROAE_DESPUES_IMPTOS_AGIFI_CHCONBANK_STO_RAZ_PORC_MONT,China Construction Bank,2.9797577651527796
2023-04-01,CMF_CONT_RENTAB_ROAE_DESPUES_IMPTOS_AGIFI_CHCONBANK_STO_RAZ_PORC_MONT,China Construction Bank,2.449744293881902
2023-05-01,CMF_CONT_RENTAB_ROAE_DESPUES_IMPTOS_AGIFI_CHCONBANK_STO_RAZ_PORC_MONT,China Construction Bank,2.4607584079056184
2023-06-01,CMF_CONT_RENTAB_ROAE_DESPUES_IMPTOS_AGIFI_CHCONBANK_STO_RAZ_PORC_MONT,China Construction Bank,3.2651088115354425
2023-07-01,CMF_CONT_RENTAB_ROAE_DESPUES_IMPTOS_AGIFI_CHCONBANK_STO_RAZ_PORC_MONT,China Construction Bank,3.7503220059648803
2022-08-01,CMF_CONT_RENTAB_ROAE_DESPUES_IMPTOS_AGIFI_HSBC_STO_RAZ_PORC_MONT,Hsbc Bank (Chile),15.992293840889529
2022-09-01,CMF_CONT_RENTAB_ROAE_DESPUES_IMPTOS_AGIFI_HSBC_STO_RAZ_PORC_MONT,Hsbc Bank (Chile),19.783104571384165
2022-10-01,CMF_CONT_RENTAB_ROAE_DESPUES_IMPTOS_AGIFI_HSBC_STO_RAZ_PORC_MONT,Hsbc Bank (Chile),17.98287434054532
2022-11-01,CMF_CONT_RENTAB_ROAE_DESPUES_IMPTOS_AGIFI_HSBC_STO_RAZ_PORC_MONT,Hsbc Bank (Chile),18.294564065220836
2022-12-01,CMF_CONT_RENTAB_ROAE_DESPUES_IMPTOS_AGIFI_HSBC_STO_RAZ_PORC_MONT,Hsbc Bank (Chile),24.34905406729494
2023-01-01,CMF_CONT_RENTAB_ROAE_DESPUES_IMPTOS_AGIFI_HSBC_STO_RAZ_PORC_MONT,Hsbc Bank (Chile),26.002544670999495
2023-02-01,CMF_CONT_RENTAB_ROAE_DESPUES_IMPTOS_AGIFI_HSBC_STO_RAZ_PORC_MONT,Hsbc Bank (Chile),22.884018406411627
2023-03-01,CMF_CONT_RENTAB_ROAE_DESPUES_IMPTOS_AGIFI_HSBC_STO_RAZ_PORC_MONT,Hsbc Bank (Chile),24.211871731731396
2023-04-01,CMF_CONT_RENTAB_ROAE_DESPUES_IMPTOS_AGIFI_HSBC_STO_RAZ_PORC_MONT,Hsbc Bank (Chile),26.575014595353377
2023-05-01,CMF_CONT_RENTAB_ROAE_DESPUES_IMPTOS_AGIFI_HSBC_STO_RAZ_PORC_MONT,Hsbc Bank (Chile),24.997225269413278
2023-06-01,CMF_CONT_RENTAB_ROAE_DESPUES_IMPTOS_AGIFI_HSBC_STO_RAZ_PORC_MONT,Hsbc Bank (Chile),25.05381363410778
2023-07-01,CMF_CONT_RENTAB_ROAE_DESPUES_IMPTOS_AGIFI_HSBC_STO_RAZ_PORC_MONT,Hsbc Bank (Chile),25.134519804783338
2022-08-01,CMF_CONT_RENTAB_ROAE_DESPUES_IMPTOS_AGIFI_JPMGC_STO_RAZ_PORC_MONT,Jp Morgan Chase Bank. N. A.,16.540261958856437
2022-09-01,CMF_CONT_RENTAB_ROAE_DESPUES_IMPTOS_AGIFI_JPMGC_STO_RAZ_PORC_MONT,Jp Morgan Chase Bank. N. A.,16.96439855841195
2022-10-01,CMF_CONT_RENTAB_ROAE_DESPUES_IMPTOS_AGIFI_JPMGC_STO_RAZ_PORC_MONT,Jp Morgan Chase Bank. N. A.,19.45168282347284
2022-11-01,CMF_CONT_RENTAB_ROAE_DESPUES_IMPTOS_AGIFI_JPMGC_STO_RAZ_PORC_MONT,Jp Morgan Chase Bank. N. A.,22.40550654346343
2022-12-01,CMF_CONT_RENTAB_ROAE_DESPUES_IMPTOS_AGIFI_JPMGC_STO_RAZ_PORC_MONT,Jp Morgan Chase Bank. N. A.,25.018973135335244
2023-01-01,CMF_CONT_RENTAB_ROAE_DESPUES_IMPTOS_AGIFI_JPMGC_STO_RAZ_PORC_MONT,Jp Morgan Chase Bank. N. A.,25.495583588039104
2023-02-01,CMF_CONT_RENTAB_ROAE_DESPUES_IMPTOS_AGIFI_JPMGC_STO_RAZ_PORC_MONT,Jp Morgan Chase Bank. N. A.,27.493599762529403
2023-03-01,CMF_CONT_RENTAB_ROAE_DESPUES_IMPTOS_AGIFI_JPMGC_STO_RAZ_PORC_MONT,Jp Morgan Chase Bank. N. A.,25.77518391534296
2023-04-01,CMF_CONT_RENTAB_ROAE_DESPUES_IMPTOS_AGIFI_JPMGC_STO_RAZ_PORC_MONT,Jp Morgan Chase Bank. N. A.,23.715516282925527
2023-05-01,CMF_CONT_RENTAB_ROAE_DESPUES_IMPTOS_AGIFI_JPMGC_STO_RAZ_PORC_MONT,Jp Morgan Chase Bank. N. A.,23.323367281883744
2023-06-01,CMF_CONT_RENTAB_ROAE_DESPUES_IMPTOS_AGIFI_JPMGC_STO_RAZ_PORC_MONT,Jp Morgan Chase Bank. N. A.,21.242661368815053
2023-07-01,CMF_CONT_RENTAB_ROAE_DESPUES_IMPTOS_AGIFI_JPMGC_STO_RAZ_PORC_MONT,Jp Morgan Chase Bank. N. A.,21.570467638342038
2023-08-01,CMF_CONT_RENTAB_ROAE_DESPUES_IMPTOS_AGIFI_BBTGP_STO_RAZ_PORC_MONT,Banco BTG Pactual Chile,17.99119150946373
2023-09-01,CMF_CONT_RENTAB_ROAE_DESPUES_IMPTOS_AGIFI_BBTGP_STO_RAZ_PORC_MONT,Banco BTG Pactual Chile,18.284366698854775
2023-10-01,CMF_CONT_RENTAB_ROAE_DESPUES_IMPTOS_AGIFI_BBTGP_STO_RAZ_PORC_MONT,Banco BTG Pactual Chile,17.997403733349906
2023-11-01,CMF_CONT_RENTAB_ROAE_DESPUES_IMPTOS_AGIFI_BBTGP_STO_RAZ_PORC_MONT,Banco BTG Pactual Chile,17.735425023715415
2023-12-01,CMF_CONT_RENTAB_ROAE_DESPUES_IMPTOS_AGIFI_BBTGP_STO_RAZ_PORC_MONT,Banco BTG Pactual Chile,17.41476573392335
2024-01-01,CMF_CONT_RENTAB_ROAE_DESPUES_IMPTOS_AGIFI_BBTGP_STO_RAZ_PORC_MONT,Banco BTG Pactual Chile,16.219763156056295
2024-02-01,CMF_CONT_RENTAB_ROAE_DESPUES_IMPTOS_AGIFI_BBTGP_STO_RAZ_PORC_MONT,Banco BTG Pactual Chile,15.907100474331386
2024-03-01,CMF_CONT_RENTAB_ROAE_DESPUES_IMPTOS_AGIFI_BBTGP_STO_RAZ_PORC_MONT,Banco BTG Pactual Chile,15.64481640996199
2024-04-01,CMF_CONT_RENTAB_ROAE_DESPUES_IMPTOS_AGIFI_BBTGP_STO_RAZ_PORC_MONT,Banco BTG Pactual Chile,15.695916608068305
2024-05-01,CMF_CONT_RENTAB_ROAE_DESPUES_IMPTOS_AGIFI_BBTGP_STO_RAZ_PORC_MONT,Banco BTG Pactual Chile,16.034630949214453
2024-06-01,CMF_CONT_RENTAB_ROAE_DESPUES_IMPTOS_AGIFI_BBTGP_STO_RAZ_PORC_MONT,Banco BTG Pactual Chile,15.529860487299802
2024-07-01,CMF_CONT_RENTAB_ROAE_DESPUES_IMPTOS_AGIFI_BBTGP_STO_RAZ_PORC_MONT,Banco BTG Pactual Chile,15.885090551908208
2023-08-01,CMF_CONT_RENTAB_ROAE_DESPUES_IMPTOS_AGIFI_BCHI_STO_RAZ_PORC_MONT,Banco de Chile,25.63144310211646
2023-09-01,CMF_CONT_RENTAB_ROAE_DESPUES_IMPTOS_AGIFI_BCHI_STO_RAZ_PORC_MONT,Banco de Chile,24.767369704783327
2023-10-01,CMF_CONT_RENTAB_ROAE_DESPUES_IMPTOS_AGIFI_BCHI_STO_RAZ_PORC_MONT,Banco de Chile,24.2239172593765
2023-11-01,CMF_CONT_RENTAB_ROAE_DESPUES_IMPTOS_AGIFI_BCHI_STO_RAZ_PORC_MONT,Banco de Chile,24.76684341638593
2023-12-01,CMF_CONT_RENTAB_ROAE_DESPUES_IMPTOS_AGIFI_BCHI_STO_RAZ_PORC_MONT,Banco de Chile,25.103865276115524
2024-01-01,CMF_CONT_RENTAB_ROAE_DESPUES_IMPTOS_AGIFI_BCHI_STO_RAZ_PORC_MONT,Banco de Chile,24.574859104708253
2024-02-01,CMF_CONT_RENTAB_ROAE_DESPUES_IMPTOS_AGIFI_BCHI_STO_RAZ_PORC_MONT,Banco de Chile,24.430355584839205
2024-03-01,CMF_CONT_RENTAB_ROAE_DESPUES_IMPTOS_AGIFI_BCHI_STO_RAZ_PORC_MONT,Banco de Chile,25.379693030326006
2024-04-01,CMF_CONT_RENTAB_ROAE_DESPUES_IMPTOS_AGIFI_BCHI_STO_RAZ_PORC_MONT,Banco de Chile,24.8727795155936
2024-05-01,CMF_CONT_RENTAB_ROAE_DESPUES_IMPTOS_AGIFI_BCHI_STO_RAZ_PORC_MONT,Banco de Chile,24.824682662284935
2024-06-01,CMF_CONT_RENTAB_ROAE_DESPUES_IMPTOS_AGIFI_BCHI_STO_RAZ_PORC_MONT,Banco de Chile,24.63562560628726
2024-07-01,CMF_CONT_RENTAB_ROAE_DESPUES_IMPTOS_AGIFI_BCHI_STO_RAZ_PORC_MONT,Banco de Chile,24.428077377958036
2023-08-01,CMF_CONT_RENTAB_ROAE_DESPUES_IMPTOS_AGIFI_BCI_STO_RAZ_PORC_MONT,Banco de Credito e Inversiones,14.605710590736134
2023-09-01,CMF_CONT_RENTAB_ROAE_DESPUES_IMPTOS_AGIFI_BCI_STO_RAZ_PORC_MONT,Banco de Credito e Inversiones,14.041848066588996
2023-10-01,CMF_CONT_RENTAB_ROAE_DESPUES_IMPTOS_AGIFI_BCI_STO_RAZ_PORC_MONT,Banco de Credito e Inversiones,13.439556435422828
2023-11-01,CMF_CONT_RENTAB_ROAE_DESPUES_IMPTOS_AGIFI_BCI_STO_RAZ_PORC_MONT,Banco de Credito e Inversiones,13.312859380933034
2023-12-01,CMF_CONT_RENTAB_ROAE_DESPUES_IMPTOS_AGIFI_BCI_STO_RAZ_PORC_MONT,Banco de Credito e Inversiones,13.13370331449209
2024-01-01,CMF_CONT_RENTAB_ROAE_DESPUES_IMPTOS_AGIFI_BCI_STO_RAZ_PORC_MONT,Banco de Credito e Inversiones,12.821437555905565
2024-02-01,CMF_CONT_RENTAB_ROAE_DESPUES_IMPTOS_AGIFI_BCI_STO_RAZ_PORC_MONT,Banco de Credito e Inversiones,12.667980753717218
2024-03-01,CMF_CONT_RENTAB_ROAE_DESPUES_IMPTOS_AGIFI_BCI_STO_RAZ_PORC_MONT,Banco de Credito e Inversiones,12.89084961312648
2024-04-01,CMF_CONT_RENTAB_ROAE_DESPUES_IMPTOS_AGIFI_BCI_STO_RAZ_PORC_MONT,Banco de Credito e Inversiones,12.45856842451066
2024-05-01,CMF_CONT_RENTAB_ROAE_DESPUES_IMPTOS_AGIFI_BCI_STO_RAZ_PORC_MONT,Banco de Credito e Inversiones,12.483760035534967
2024-06-01,CMF_CONT_RENTAB_ROAE_DESPUES_IMPTOS_AGIFI_BCI_STO_RAZ_PORC_MONT,Banco de Credito e Inversiones,12.281178213211163
2024-07-01,CMF_CONT_RENTAB_ROAE_DESPUES_IMPTOS_AGIFI_BCI_STO_RAZ_PORC_MONT,Banco de Credito e Inversiones,12.46084039238007
2023-08-01,CMF_CONT_RENTAB_ROAE_DESPUES_IMPTOS_AGIFI_BCON_STO_RAZ_PORC_MONT,Banco Consorcio,13.389466225634665
2023-09-01,CMF_CONT_RENTAB_ROAE_DESPUES_IMPTOS_AGIFI_BCON_STO_RAZ_PORC_MONT,Banco Consorcio,14.038597307712731
2023-10-01,CMF_CONT_RENTAB_ROAE_DESPUES_IMPTOS_AGIFI_BCON_STO_RAZ_PORC_MONT,Banco Consorcio,13.355413432451071
2023-11-01,CMF_CONT_RENTAB_ROAE_DESPUES_IMPTOS_AGIFI_BCON_STO_RAZ_PORC_MONT,Banco Consorcio,13.59677280639858
2023-12-01,CMF_CONT_RENTAB_ROAE_DESPUES_IMPTOS_AGIFI_BCON_STO_RAZ_PORC_MONT,Banco Consorcio,13.943179036468848
2024-01-01,CMF_CONT_RENTAB_ROAE_DESPUES_IMPTOS_AGIFI_BCON_STO_RAZ_PORC_MONT,Banco Consorcio,13.571056131393552
2024-02-01,CMF_CONT_RENTAB_ROAE_DESPUES_IMPTOS_AGIFI_BCON_STO_RAZ_PORC_MONT,Banco Consorcio,13.042099889692329
2024-03-01,CMF_CONT_RENTAB_ROAE_DESPUES_IMPTOS_AGIFI_BCON_STO_RAZ_PORC_MONT,Banco Consorcio,13.71410001914765
2024-04-01,CMF_CONT_RENTAB_ROAE_DESPUES_IMPTOS_AGIFI_BCON_STO_RAZ_PORC_MONT,Banco Consorcio,13.37923565495459
2024-05-01,CMF_CONT_RENTAB_ROAE_DESPUES_IMPTOS_AGIFI_BCON_STO_RAZ_PORC_MONT,Banco Consorcio,12.832505121470016
2024-06-01,CMF_CONT_RENTAB_ROAE_DESPUES_IMPTOS_AGIFI_BCON_STO_RAZ_PORC_MONT,Banco Consorcio,11.881615725147753
2024-07-01,CMF_CONT_RENTAB_ROAE_DESPUES_IMPTOS_AGIFI_BCON_STO_RAZ_PORC_MONT,Banco Consorcio,11.80640173254583
2023-08-01,CMF_CONT_RENTAB_ROAE_DESPUES_IMPTOS_AGIFI_BECH_STO_RAZ_PORC_MONT,Banco del Estado de Chile,21.46643841091752
2023-09-01,CMF_CONT_RENTAB_ROAE_DESPUES_IMPTOS_AGIFI_BECH_STO_RAZ_PORC_MONT,Banco del Estado de Chile,19.94197114117882
2023-10-01,CMF_CONT_RENTAB_ROAE_DESPUES_IMPTOS_AGIFI_BECH_STO_RAZ_PORC_MONT,Banco del Estado de Chile,19.836805599539673
2023-11-01,CMF_CONT_RENTAB_ROAE_DESPUES_IMPTOS_AGIFI_BECH_STO_RAZ_PORC_MONT,Banco del Estado de Chile,19.506800956958806
2023-12-01,CMF_CONT_RENTAB_ROAE_DESPUES_IMPTOS_AGIFI_BECH_STO_RAZ_PORC_MONT,Banco del Estado de Chile,19.952282267996594
2024-01-01,CMF_CONT_RENTAB_ROAE_DESPUES_IMPTOS_AGIFI_BECH_STO_RAZ_PORC_MONT,Banco del Estado de Chile,19.520544377381366
2024-02-01,CMF_CONT_RENTAB_ROAE_DESPUES_IMPTOS_AGIFI_BECH_STO_RAZ_PORC_MONT,Banco del Estado de Chile,18.590343592763805
2024-03-01,CMF_CONT_RENTAB_ROAE_DESPUES_IMPTOS_AGIFI_BECH_STO_RAZ_PORC_MONT,Banco del Estado de Chile,18.09930549627671
2024-04-01,CMF_CONT_RENTAB_ROAE_DESPUES_IMPTOS_AGIFI_BECH_STO_RAZ_PORC_MONT,Banco del Estado de Chile,16.818452833835643
2024-05-01,CMF_CONT_RENTAB_ROAE_DESPUES_IMPTOS_AGIFI_BECH_STO_RAZ_PORC_MONT,Banco del Estado de Chile,16.567639769823657
2024-06-01,CMF_CONT_RENTAB_ROAE_DESPUES_IMPTOS_AGIFI_BECH_STO_RAZ_PORC_MONT,Banco del Estado de Chile,16.261181798727417
2024-07-01,CMF_CONT_RENTAB_ROAE_DESPUES_IMPTOS_AGIFI_BECH_STO_RAZ_PORC_MONT,Banco del Estado de Chile,15.519310526173436
2023-08-01,CMF_CONT_RENTAB_ROAE_DESPUES_IMPTOS_AGIFI_BFALA_STO_RAZ_PORC_MONT,Banco Falabella,5.001825562193817
2023-09-01,CMF_CONT_RENTAB_ROAE_DESPUES_IMPTOS_AGIFI_BFALA_STO_RAZ_PORC_MONT,Banco Falabella,6.137175708354703
2023-10-01,CMF_CONT_RENTAB_ROAE_DESPUES_IMPTOS_AGIFI_BFALA_STO_RAZ_PORC_MONT,Banco Falabella,6.0058041634794925
2023-11-01,CMF_CONT_RENTAB_ROAE_DESPUES_IMPTOS_AGIFI_BFALA_STO_RAZ_PORC_MONT,Banco Falabella,5.679766750933123
2023-12-01,CMF_CONT_RENTAB_ROAE_DESPUES_IMPTOS_AGIFI_BFALA_STO_RAZ_PORC_MONT,Banco Falabella,5.70201095124916
2024-01-01,CMF_CONT_RENTAB_ROAE_DESPUES_IMPTOS_AGIFI_BFALA_STO_RAZ_PORC_MONT,Banco Falabella,6.791284096059446
2024-02-01,CMF_CONT_RENTAB_ROAE_DESPUES_IMPTOS_AGIFI_BFALA_STO_RAZ_PORC_MONT,Banco Falabella,7.267104110164091
2024-03-01,CMF_CONT_RENTAB_ROAE_DESPUES_IMPTOS_AGIFI_BFALA_STO_RAZ_PORC_MONT,Banco Falabella,8.859503998258338
2024-04-01,CMF_CONT_RENTAB_ROAE_DESPUES_IMPTOS_AGIFI_BFALA_STO_RAZ_PORC_MONT,Banco Falabella,10.473609430968347
2024-05-01,CMF_CONT_RENTAB_ROAE_DESPUES_IMPTOS_AGIFI_BFALA_STO_RAZ_PORC_MONT,Banco Falabella,12.156474186185608
2024-06-01,CMF_CONT_RENTAB_ROAE_DESPUES_IMPTOS_AGIFI_BFALA_STO_RAZ_PORC_MONT,Banco Falabella,13.81912092246924
2024-07-01,CMF_CONT_RENTAB_ROAE_DESPUES_IMPTOS_AGIFI_BFALA_STO_RAZ_PORC_MONT,Banco Falabella,14.646574853499766
2023-08-01,CMF_CONT_RENTAB_ROAE_DESPUES_IMPTOS_AGIFI_BICE_STO_RAZ_PORC_MONT,Banco Bice,19.720460926089714
2023-09-01,CMF_CONT_RENTAB_ROAE_DESPUES_IMPTOS_AGIFI_BICE_STO_RAZ_PORC_MONT,Banco Bice,19.648410577372637
2023-10-01,CMF_CONT_RENTAB_ROAE_DESPUES_IMPTOS_AGIFI_BICE_STO_RAZ_PORC_MONT,Banco Bice,19.070118295190298
2023-11-01,CMF_CONT_RENTAB_ROAE_DESPUES_IMPTOS_AGIFI_BICE_STO_RAZ_PORC_MONT,Banco Bice,18.185147067106215
2023-12-01,CMF_CONT_RENTAB_ROAE_DESPUES_IMPTOS_AGIFI_BICE_STO_RAZ_PORC_MONT,Banco Bice,18.45942275391132
2024-01-01,CMF_CONT_RENTAB_ROAE_DESPUES_IMPTOS_AGIFI_BICE_STO_RAZ_PORC_MONT,Banco Bice,17.77627981189314
2024-02-01,CMF_CONT_RENTAB_ROAE_DESPUES_IMPTOS_AGIFI_BICE_STO_RAZ_PORC_MONT,Banco Bice,18.219619740133943
2024-03-01,CMF_CONT_RENTAB_ROAE_DESPUES_IMPTOS_AGIFI_BICE_STO_RAZ_PORC_MONT,Banco Bice,18.6656649542882
2024-04-01,CMF_CONT_RENTAB_ROAE_DESPUES_IMPTOS_AGIFI_BICE_STO_RAZ_PORC_MONT,Banco Bice,18.56924183735612
2024-05-01,CMF_CONT_RENTAB_ROAE_DESPUES_IMPTOS_AGIFI_BICE_STO_RAZ_PORC_MONT,Banco Bice,17.596962507218166
2024-06-01,CMF_CONT_RENTAB_ROAE_DESPUES_IMPTOS_AGIFI_BICE_STO_RAZ_PORC_MONT,Banco Bice,16.26425671811361
2024-07-01,CMF_CONT_RENTAB_ROAE_DESPUES_IMPTOS_AGIFI_BICE_STO_RAZ_PORC_MONT,Banco Bice,16.044407402275237
2023-08-01,CMF_CONT_RENTAB_ROAE_DESPUES_IMPTOS_AGIFI_BINTE_STO_RAZ_PORC_MONT,Banco Internacional,17.558828977847305
2023-09-01,CMF_CONT_RENTAB_ROAE_DESPUES_IMPTOS_AGIFI_BINTE_STO_RAZ_PORC_MONT,Banco Internacional,15.571733068386857
2023-10-01,CMF_CONT_RENTAB_ROAE_DESPUES_IMPTOS_AGIFI_BINTE_STO_RAZ_PORC_MONT,Banco Internacional,16.124903716848046
2023-11-01,CMF_CONT_RENTAB_ROAE_DESPUES_IMPTOS_AGIFI_BINTE_STO_RAZ_PORC_MONT,Banco Internacional,15.821756566113068
2023-12-01,CMF_CONT_RENTAB_ROAE_DESPUES_IMPTOS_AGIFI_BINTE_STO_RAZ_PORC_MONT,Banco Internacional,17.95694738067853
2024-01-01,CMF_CONT_RENTAB_ROAE_DESPUES_IMPTOS_AGIFI_BINTE_STO_RAZ_PORC_MONT,Banco Internacional,17.306442638240892
2024-02-01,CMF_CONT_RENTAB_ROAE_DESPUES_IMPTOS_AGIFI_BINTE_STO_RAZ_PORC_MONT,Banco Internacional,18.215595917084475
2024-03-01,CMF_CONT_RENTAB_ROAE_DESPUES_IMPTOS_AGIFI_BINTE_STO_RAZ_PORC_MONT,Banco Internacional,17.93160833082702
2024-04-01,CMF_CONT_RENTAB_ROAE_DESPUES_IMPTOS_AGIFI_BINTE_STO_RAZ_PORC_MONT,Banco Internacional,18.699081066222202
2024-05-01,CMF_CONT_RENTAB_ROAE_DESPUES_IMPTOS_AGIFI_BINTE_STO_RAZ_PORC_MONT,Banco Internacional,18.431161319782333
2024-06-01,CMF_CONT_RENTAB_ROAE_DESPUES_IMPTOS_AGIFI_BINTE_STO_RAZ_PORC_MONT,Banco Internacional,16.60792188871282
2024-07-01,CMF_CONT_RENTAB_ROAE_DESPUES_IMPTOS_AGIFI_BINTE_STO_RAZ_PORC_MONT,Banco Internacional,15.719035527425202
2023-08-01,CMF_CONT_RENTAB_ROAE_DESPUES_IMPTOS_AGIFI_BITAUCORP_STO_RAZ_PORC_MONT,Banco Itaú Chile,11.264532581131975
2023-09-01,CMF_CONT_RENTAB_ROAE_DESPUES_IMPTOS_AGIFI_BITAUCORP_STO_RAZ_PORC_MONT,Banco Itaú Chile,10.512879002990648
2023-10-01,CMF_CONT_RENTAB_ROAE_DESPUES_IMPTOS_AGIFI_BITAUCORP_STO_RAZ_PORC_MONT,Banco Itaú Chile,9.984376877338345
2023-11-01,CMF_CONT_RENTAB_ROAE_DESPUES_IMPTOS_AGIFI_BITAUCORP_STO_RAZ_PORC_MONT,Banco Itaú Chile,10.042929642411561
2023-12-01,CMF_CONT_RENTAB_ROAE_DESPUES_IMPTOS_AGIFI_BITAUCORP_STO_RAZ_PORC_MONT,Banco Itaú Chile,10.09976547467679
2024-01-01,CMF_CONT_RENTAB_ROAE_DESPUES_IMPTOS_AGIFI_BITAUCORP_STO_RAZ_PORC_MONT,Banco Itaú Chile,10.253431380874051
2024-02-01,CMF_CONT_RENTAB_ROAE_DESPUES_IMPTOS_AGIFI_BITAUCORP_STO_RAZ_PORC_MONT,Banco Itaú Chile,10.232800440008818
2024-03-01,CMF_CONT_RENTAB_ROAE_DESPUES_IMPTOS_AGIFI_BITAUCORP_STO_RAZ_PORC_MONT,Banco Itaú Chile,10.457864614257248
2024-04-01,CMF_CONT_RENTAB_ROAE_DESPUES_IMPTOS_AGIFI_BITAUCORP_STO_RAZ_PORC_MONT,Banco Itaú Chile,9.30105943991563
2024-05-01,CMF_CONT_RENTAB_ROAE_DESPUES_IMPTOS_AGIFI_BITAUCORP_STO_RAZ_PORC_MONT,Banco Itaú Chile,9.266923705447487
2024-06-01,CMF_CONT_RENTAB_ROAE_DESPUES_IMPTOS_AGIFI_BITAUCORP_STO_RAZ_PORC_MONT,Banco Itaú Chile,9.01256589301564
2024-07-01,CMF_CONT_RENTAB_ROAE_DESPUES_IMPTOS_AGIFI_BITAUCORP_STO_RAZ_PORC_MONT,Banco Itaú Chile,8.950492227878158
2023-08-01,CMF_CONT_RENTAB_ROAE_DESPUES_IMPTOS_AGIFI_BKCH_STO_RAZ_PORC_MONT,Bank of China,-1.2280891916200207
2023-09-01,CMF_CONT_RENTAB_ROAE_DESPUES_IMPTOS_AGIFI_BKCH_STO_RAZ_PORC_MONT,Bank of China,-0.5050038793080334
2023-10-01,CMF_CONT_RENTAB_ROAE_DESPUES_IMPTOS_AGIFI_BKCH_STO_RAZ_PORC_MONT,Bank of China,0.2179746461505386
2023-11-01,CMF_CONT_RENTAB_ROAE_DESPUES_IMPTOS_AGIFI_BKCH_STO_RAZ_PORC_MONT,Bank of China,1.6379029789958608
2023-12-01,CMF_CONT_RENTAB_ROAE_DESPUES_IMPTOS_AGIFI_BKCH_STO_RAZ_PORC_MONT,Bank of China,3.1286438238190533
2024-01-01,CMF_CONT_RENTAB_ROAE_DESPUES_IMPTOS_AGIFI_BKCH_STO_RAZ_PORC_MONT,Bank of China,5.220985249561561
2024-02-01,CMF_CONT_RENTAB_ROAE_DESPUES_IMPTOS_AGIFI_BKCH_STO_RAZ_PORC_MONT,Bank of China,6.633365481979943
2024-03-01,CMF_CONT_RENTAB_ROAE_DESPUES_IMPTOS_AGIFI_BKCH_STO_RAZ_PORC_MONT,Bank of China,6.671370988751198
2024-04-01,CMF_CONT_RENTAB_ROAE_DESPUES_IMPTOS_AGIFI_BKCH_STO_RAZ_PORC_MONT,Bank of China,6.810105480418407
2024-05-01,CMF_CONT_RENTAB_ROAE_DESPUES_IMPTOS_AGIFI_BKCH_STO_RAZ_PORC_MONT,Bank of China,6.467841233019244
2024-06-01,CMF_CONT_RENTAB_ROAE_DESPUES_IMPTOS_AGIFI_BKCH_STO_RAZ_PORC_MONT,Bank of China,6.07401849018222
2024-07-01,CMF_CONT_RENTAB_ROAE_DESPUES_IMPTOS_AGIFI_BKCH_STO_RAZ_PORC_MONT,Bank of China,4.808683854332324
2023-08-01,CMF_CONT_RENTAB_ROAE_DESPUES_IMPTOS_AGIFI_BRIPL_STO_RAZ_PORC_MONT,Banco Ripley,1.9927993485202888
2023-09-01,CMF_CONT_RENTAB_ROAE_DESPUES_IMPTOS_AGIFI_BRIPL_STO_RAZ_PORC_MONT,Banco Ripley,1.7394415465843562
2023-10-01,CMF_CONT_RENTAB_ROAE_DESPUES_IMPTOS_AGIFI_BRIPL_STO_RAZ_PORC_MONT,Banco Ripley,-1.3248524852638992
2023-11-01,CMF_CONT_RENTAB_ROAE_DESPUES_IMPTOS_AGIFI_BRIPL_STO_RAZ_PORC_MONT,Banco Ripley,-1.2155632057303765
2023-12-01,CMF_CONT_RENTAB_ROAE_DESPUES_IMPTOS_AGIFI_BRIPL_STO_RAZ_PORC_MONT,Banco Ripley,-2.0894940265150272
2024-01-01,CMF_CONT_RENTAB_ROAE_DESPUES_IMPTOS_AGIFI_BRIPL_STO_RAZ_PORC_MONT,Banco Ripley,-1.82392092181233
2024-02-01,CMF_CONT_RENTAB_ROAE_DESPUES_IMPTOS_AGIFI_BRIPL_STO_RAZ_PORC_MONT,Banco Ripley,0.009283970680211018
2024-03-01,CMF_CONT_RENTAB_ROAE_DESPUES_IMPTOS_AGIFI_BRIPL_STO_RAZ_PORC_MONT,Banco Ripley,1.5310310181130764
2024-04-01,CMF_CONT_RENTAB_ROAE_DESPUES_IMPTOS_AGIFI_BRIPL_STO_RAZ_PORC_MONT,Banco Ripley,2.4538580043550655
2024-05-01,CMF_CONT_RENTAB_ROAE_DESPUES_IMPTOS_AGIFI_BRIPL_STO_RAZ_PORC_MONT,Banco Ripley,3.7795001557403127
2024-06-01,CMF_CONT_RENTAB_ROAE_DESPUES_IMPTOS_AGIFI_BRIPL_STO_RAZ_PORC_MONT,Banco Ripley,4.968822463072851
2024-07-01,CMF_CONT_RENTAB_ROAE_DESPUES_IMPTOS_AGIFI_BRIPL_STO_RAZ_PORC_MONT,Banco Ripley,5.675700625002577
2023-08-01,CMF_CONT_RENTAB_ROAE_DESPUES_IMPTOS_AGIFI_BSANT_STO_RAZ_PORC_MONT,Banco Santander-Chile,11.26050904778897
2023-09-01,CMF_CONT_RENTAB_ROAE_DESPUES_IMPTOS_AGIFI_BSANT_STO_RAZ_PORC_MONT,Banco Santander-Chile,10.459630411055064
2023-10-01,CMF_CONT_RENTAB_ROAE_DESPUES_IMPTOS_AGIFI_BSANT_STO_RAZ_PORC_MONT,Banco Santander-Chile,10.572466894050825
2023-11-01,CMF_CONT_RENTAB_ROAE_DESPUES_IMPTOS_AGIFI_BSANT_STO_RAZ_PORC_MONT,Banco Santander-Chile,10.98772195050005
2023-12-01,CMF_CONT_RENTAB_ROAE_DESPUES_IMPTOS_AGIFI_BSANT_STO_RAZ_PORC_MONT,Banco Santander-Chile,11.945905255483304
2024-01-01,CMF_CONT_RENTAB_ROAE_DESPUES_IMPTOS_AGIFI_BSANT_STO_RAZ_PORC_MONT,Banco Santander-Chile,11.494976812637857
2024-02-01,CMF_CONT_RENTAB_ROAE_DESPUES_IMPTOS_AGIFI_BSANT_STO_RAZ_PORC_MONT,Banco Santander-Chile,11.455700315085453
2024-03-01,CMF_CONT_RENTAB_ROAE_DESPUES_IMPTOS_AGIFI_BSANT_STO_RAZ_PORC_MONT,Banco Santander-Chile,11.444398224180608
2024-04-01,CMF_CONT_RENTAB_ROAE_DESPUES_IMPTOS_AGIFI_BSANT_STO_RAZ_PORC_MONT,Banco Santander-Chile,11.691495717631051
2024-05-01,CMF_CONT_RENTAB_ROAE_DESPUES_IMPTOS_AGIFI_BSANT_STO_RAZ_PORC_MONT,Banco Santander-Chile,12.560459591385625
2024-06-01,CMF_CONT_RENTAB_ROAE_DESPUES_IMPTOS_AGIFI_BSANT_STO_RAZ_PORC_MONT,Banco Santander-Chile,13.332358399085132
2024-07-01,CMF_CONT_RENTAB_ROAE_DESPUES_IMPTOS_AGIFI_BSANT_STO_RAZ_PORC_MONT,Banco Santander-Chile,14.30121056532728
2023-08-01,CMF_CONT_RENTAB_ROAE_DESPUES_IMPTOS_AGIFI_BSCOT_STO_RAZ_PORC_MONT,Scotiabank Chile,13.859308181458163
2023-09-01,CMF_CONT_RENTAB_ROAE_DESPUES_IMPTOS_AGIFI_BSCOT_STO_RAZ_PORC_MONT,Scotiabank Chile,13.110811132597945
2023-10-01,CMF_CONT_RENTAB_ROAE_DESPUES_IMPTOS_AGIFI_BSCOT_STO_RAZ_PORC_MONT,Scotiabank Chile,12.863189839251135
2023-11-01,CMF_CONT_RENTAB_ROAE_DESPUES_IMPTOS_AGIFI_BSCOT_STO_RAZ_PORC_MONT,Scotiabank Chile,12.359396976645227
2023-12-01,CMF_CONT_RENTAB_ROAE_DESPUES_IMPTOS_AGIFI_BSCOT_STO_RAZ_PORC_MONT,Scotiabank Chile,12.342438724276453
2024-01-01,CMF_CONT_RENTAB_ROAE_DESPUES_IMPTOS_AGIFI_BSCOT_STO_RAZ_PORC_MONT,Scotiabank Chile,12.510812147880115
2024-02-01,CMF_CONT_RENTAB_ROAE_DESPUES_IMPTOS_AGIFI_BSCOT_STO_RAZ_PORC_MONT,Scotiabank Chile,12.854244865802674
2024-03-01,CMF_CONT_RENTAB_ROAE_DESPUES_IMPTOS_AGIFI_BSCOT_STO_RAZ_PORC_MONT,Scotiabank Chile,13.250148068212523
2024-04-01,CMF_CONT_RENTAB_ROAE_DESPUES_IMPTOS_AGIFI_BSCOT_STO_RAZ_PORC_MONT,Scotiabank Chile,13.01642295435055
2024-05-01,CMF_CONT_RENTAB_ROAE_DESPUES_IMPTOS_AGIFI_BSCOT_STO_RAZ_PORC_MONT,Scotiabank Chile,12.856966448060573
2024-06-01,CMF_CONT_RENTAB_ROAE_DESPUES_IMPTOS_AGIFI_BSCOT_STO_RAZ_PORC_MONT,Scotiabank Chile,12.782644061208211
2024-07-01,CMF_CONT_RENTAB_ROAE_DESPUES_IMPTOS_AGIFI_BSCOT_STO_RAZ_PORC_MONT,Scotiabank Chile,12.746597253465273
2023-08-01,CMF_CONT_RENTAB_ROAE_DESPUES_IMPTOS_AGIFI_BSEC_STO_RAZ_PORC_MONT,Banco Security,21.688472293566907
2023-09-01,CMF_CONT_RENTAB_ROAE_DESPUES_IMPTOS_AGIFI_BSEC_STO_RAZ_PORC_MONT,Banco Security,21.530807660080256
2023-10-01,CMF_CONT_RENTAB_ROAE_DESPUES_IMPTOS_AGIFI_BSEC_STO_RAZ_PORC_MONT,Banco Security,21.329434706063775
2023-11-01,CMF_CONT_RENTAB_ROAE_DESPUES_IMPTOS_AGIFI_BSEC_STO_RAZ_PORC_MONT,Banco Security,21.01164196198194
2023-12-01,CMF_CONT_RENTAB_ROAE_DESPUES_IMPTOS_AGIFI_BSEC_STO_RAZ_PORC_MONT,Banco Security,21.25694044828442
2024-01-01,CMF_CONT_RENTAB_ROAE_DESPUES_IMPTOS_AGIFI_BSEC_STO_RAZ_PORC_MONT,Banco Security,20.943167431909632
2024-02-01,CMF_CONT_RENTAB_ROAE_DESPUES_IMPTOS_AGIFI_BSEC_STO_RAZ_PORC_MONT,Banco Security,20.764383999705952
2024-03-01,CMF_CONT_RENTAB_ROAE_DESPUES_IMPTOS_AGIFI_BSEC_STO_RAZ_PORC_MONT,Banco Security,20.788731451874373
2024-04-01,CMF_CONT_RENTAB_ROAE_DESPUES_IMPTOS_AGIFI_BSEC_STO_RAZ_PORC_MONT,Banco Security,20.541998629061
2024-05-01,CMF_CONT_RENTAB_ROAE_DESPUES_IMPTOS_AGIFI_BSEC_STO_RAZ_PORC_MONT,Banco Security,19.840462262920866
2024-06-01,CMF_CONT_RENTAB_ROAE_DESPUES_IMPTOS_AGIFI_BSEC_STO_RAZ_PORC_MONT,Banco Security,19.114693442719087
2024-07-01,CMF_CONT_RENTAB_ROAE_DESPUES_IMPTOS_AGIFI_BSEC_STO_RAZ_PORC_MONT,Banco Security,18.021173371992376
2023-08-01,CMF_CONT_RENTAB_ROAE_DESPUES_IMPTOS_AGIFI_CHCONBANK_STO_RAZ_PORC_MONT,China Construction Bank,3.647145450612792
2023-09-01,CMF_CONT_RENTAB_ROAE_DESPUES_IMPTOS_AGIFI_CHCONBANK_STO_RAZ_PORC_MONT,China Construction Bank,2.5846204841395037
2023-10-01,CMF_CONT_RENTAB_ROAE_DESPUES_IMPTOS_AGIFI_CHCONBANK_STO_RAZ_PORC_MONT,China Construction Bank,2.5189894022442876
2023-11-01,CMF_CONT_RENTAB_ROAE_DESPUES_IMPTOS_AGIFI_CHCONBANK_STO_RAZ_PORC_MONT,China Construction Bank,2.396222402347027
2023-12-01,CMF_CONT_RENTAB_ROAE_DESPUES_IMPTOS_AGIFI_CHCONBANK_STO_RAZ_PORC_MONT,China Construction Bank,3.810160475611316
2024-01-01,CMF_CONT_RENTAB_ROAE_DESPUES_IMPTOS_AGIFI_CHCONBANK_STO_RAZ_PORC_MONT,China Construction Bank,4.412580428103207
2024-02-01,CMF_CONT_RENTAB_ROAE_DESPUES_IMPTOS_AGIFI_CHCONBANK_STO_RAZ_PORC_MONT,China Construction Bank,3.506047208578082
2024-03-01,CMF_CONT_RENTAB_ROAE_DESPUES_IMPTOS_AGIFI_CHCONBANK_STO_RAZ_PORC_MONT,China Construction Bank,5.763555401337128
2024-04-01,CMF_CONT_RENTAB_ROAE_DESPUES_IMPTOS_AGIFI_CHCONBANK_STO_RAZ_PORC_MONT,China Construction Bank,6.2984479498624975
2024-05-01,CMF_CONT_RENTAB_ROAE_DESPUES_IMPTOS_AGIFI_CHCONBANK_STO_RAZ_PORC_MONT,China Construction Bank,6.632573908902821
2024-06-01,CMF_CONT_RENTAB_ROAE_DESPUES_IMPTOS_AGIFI_CHCONBANK_STO_RAZ_PORC_MONT,China Construction Bank,6.133311237223734
2024-07-01,CMF_CONT_RENTAB_ROAE_DESPUES_IMPTOS_AGIFI_CHCONBANK_STO_RAZ_PORC_MONT,China Construction Bank,6.2189875014338405
2023-08-01,CMF_CONT_RENTAB_ROAE_DESPUES_IMPTOS_AGIFI_HSBC_STO_RAZ_PORC_MONT,Hsbc Bank (Chile),23.930285338457132
2023-09-01,CMF_CONT_RENTAB_ROAE_DESPUES_IMPTOS_AGIFI_HSBC_STO_RAZ_PORC_MONT,Hsbc Bank (Chile),21.248427761279967
2023-10-01,CMF_CONT_RENTAB_ROAE_DESPUES_IMPTOS_AGIFI_HSBC_STO_RAZ_PORC_MONT,Hsbc Bank (Chile),21.050065624231557
2023-11-01,CMF_CONT_RENTAB_ROAE_DESPUES_IMPTOS_AGIFI_HSBC_STO_RAZ_PORC_MONT,Hsbc Bank (Chile),23.412759282078504
2023-12-01,CMF_CONT_RENTAB_ROAE_DESPUES_IMPTOS_AGIFI_HSBC_STO_RAZ_PORC_MONT,Hsbc Bank (Chile),20.359938016902884
2024-01-01,CMF_CONT_RENTAB_ROAE_DESPUES_IMPTOS_AGIFI_HSBC_STO_RAZ_PORC_MONT,Hsbc Bank (Chile),19.514299404011485
2024-02-01,CMF_CONT_RENTAB_ROAE_DESPUES_IMPTOS_AGIFI_HSBC_STO_RAZ_PORC_MONT,Hsbc Bank (Chile),19.928231030777127
2024-03-01,CMF_CONT_RENTAB_ROAE_DESPUES_IMPTOS_AGIFI_HSBC_STO_RAZ_PORC_MONT,Hsbc Bank (Chile),21.19571168848946
2024-04-01,CMF_CONT_RENTAB_ROAE_DESPUES_IMPTOS_AGIFI_HSBC_STO_RAZ_PORC_MONT,Hsbc Bank (Chile),18.97962186926746
2024-05-01,CMF_CONT_RENTAB_ROAE_DESPUES_IMPTOS_AGIFI_HSBC_STO_RAZ_PORC_MONT,Hsbc Bank (Chile),20.45582714856148
2024-06-01,CMF_CONT_RENTAB_ROAE_DESPUES_IMPTOS_AGIFI_HSBC_STO_RAZ_PORC_MONT,Hsbc Bank (Chile),19.494625115744693
2024-07-01,CMF_CONT_RENTAB_ROAE_DESPUES_IMPTOS_AGIFI_HSBC_STO_RAZ_PORC_MONT,Hsbc Bank (Chile),17.490315436843407
2023-08-01,CMF_CONT_RENTAB_ROAE_DESPUES_IMPTOS_AGIFI_JPMGC_STO_RAZ_PORC_MONT,Jp Morgan Chase Bank. N. A.,22.472543365993552
2023-09-01,CMF_CONT_RENTAB_ROAE_DESPUES_IMPTOS_AGIFI_JPMGC_STO_RAZ_PORC_MONT,Jp Morgan Chase Bank. N. A.,22.09446012295771
2023-10-01,CMF_CONT_RENTAB_ROAE_DESPUES_IMPTOS_AGIFI_JPMGC_STO_RAZ_PORC_MONT,Jp Morgan Chase Bank. N. A.,20.1352589774515
2023-11-01,CMF_CONT_RENTAB_ROAE_DESPUES_IMPTOS_AGIFI_JPMGC_STO_RAZ_PORC_MONT,Jp Morgan Chase Bank. N. A.,18.23328850213779
2023-12-01,CMF_CONT_RENTAB_ROAE_DESPUES_IMPTOS_AGIFI_JPMGC_STO_RAZ_PORC_MONT,Jp Morgan Chase Bank. N. A.,16.518195940802528
2024-01-01,CMF_CONT_RENTAB_ROAE_DESPUES_IMPTOS_AGIFI_JPMGC_STO_RAZ_PORC_MONT,Jp Morgan Chase Bank. N. A.,15.553822931383639
2024-02-01,CMF_CONT_RENTAB_ROAE_DESPUES_IMPTOS_AGIFI_JPMGC_STO_RAZ_PORC_MONT,Jp Morgan Chase Bank. N. A.,13.297887393880284
2024-03-01,CMF_CONT_RENTAB_ROAE_DESPUES_IMPTOS_AGIFI_JPMGC_STO_RAZ_PORC_MONT,Jp Morgan Chase Bank. N. A.,14.569173538356052
2024-04-01,CMF_CONT_RENTAB_ROAE_DESPUES_IMPTOS_AGIFI_JPMGC_STO_RAZ_PORC_MONT,Jp Morgan Chase Bank. N. A.,14.867969409523479
2024-05-01,CMF_CONT_RENTAB_ROAE_DESPUES_IMPTOS_AGIFI_JPMGC_STO_RAZ_PORC_MONT,Jp Morgan Chase Bank. N. A.,14.046119263296823
2024-06-01,CMF_CONT_RENTAB_ROAE_DESPUES_IMPTOS_AGIFI_JPMGC_STO_RAZ_PORC_MONT,Jp Morgan Chase Bank. N. A.,13.5805572330572
2024-07-01,CMF_CONT_RENTAB_ROAE_DESPUES_IMPTOS_AGIFI_JPMGC_STO_RAZ_PORC_MONT,Jp Morgan Chase Bank. N. A.,11.592926794892698
2024-08-01,CMF_CONT_RENTAB_ROAE_DESPUES_IMPTOS_AGIFI_BBTGP_STO_RAZ_PORC_MONT,Banco BTG Pactual Chile,17.401376675337474
2024-09-01,CMF_CONT_RENTAB_ROAE_DESPUES_IMPTOS_AGIFI_BBTGP_STO_RAZ_PORC_MONT,Banco BTG Pactual Chile,18.176205424652252
2024-10-01,CMF_CONT_RENTAB_ROAE_DESPUES_IMPTOS_AGIFI_BBTGP_STO_RAZ_PORC_MONT,Banco BTG Pactual Chile,17.226323496165826
2024-11-01,CMF_CONT_RENTAB_ROAE_DESPUES_IMPTOS_AGIFI_BBTGP_STO_RAZ_PORC_MONT,Banco BTG Pactual Chile,16.79017023278765
2024-12-01,CMF_CONT_RENTAB_ROAE_DESPUES_IMPTOS_AGIFI_BBTGP_STO_RAZ_PORC_MONT,Banco BTG Pactual Chile,16.269983206025312
2025-01-01,CMF_CONT_RENTAB_ROAE_DESPUES_IMPTOS_AGIFI_BBTGP_STO_RAZ_PORC_MONT,Banco BTG Pactual Chile,16.37369027827947
2025-02-01,CMF_CONT_RENTAB_ROAE_DESPUES_IMPTOS_AGIFI_BBTGP_STO_RAZ_PORC_MONT,Banco BTG Pactual Chile,17.280685063910923
2025-03-01,CMF_CONT_RENTAB_ROAE_DESPUES_IMPTOS_AGIFI_BBTGP_STO_RAZ_PORC_MONT,Banco BTG Pactual Chile,17.730178912493514
2025-04-01,CMF_CONT_RENTAB_ROAE_DESPUES_IMPTOS_AGIFI_BBTGP_STO_RAZ_PORC_MONT,Banco BTG Pactual Chile,17.197636477201712
2025-05-01,CMF_CONT_RENTAB_ROAE_DESPUES_IMPTOS_AGIFI_BBTGP_STO_RAZ_PORC_MONT,Banco BTG Pactual Chile,16.957794420992553
2025-06-01,CMF_CONT_RENTAB_ROAE_DESPUES_IMPTOS_AGIFI_BBTGP_STO_RAZ_PORC_MONT,Banco BTG Pactual Chile,16.96360875929205
2025-07-01,CMF_CONT_RENTAB_ROAE_DESPUES_IMPTOS_AGIFI_BBTGP_STO_RAZ_PORC_MONT,Banco BTG Pactual Chile,16.064970139922885
2024-08-01,CMF_CONT_RENTAB_ROAE_DESPUES_IMPTOS_AGIFI_BCHI_STO_RAZ_PORC_MONT,Banco de Chile,24.519267405125145
2024-09-01,CMF_CONT_RENTAB_ROAE_DESPUES_IMPTOS_AGIFI_BCHI_STO_RAZ_PORC_MONT,Banco de Chile,24.637980655491745
2024-10-01,CMF_CONT_RENTAB_ROAE_DESPUES_IMPTOS_AGIFI_BCHI_STO_RAZ_PORC_MONT,Banco de Chile,23.94295369256503
2024-11-01,CMF_CONT_RENTAB_ROAE_DESPUES_IMPTOS_AGIFI_BCHI_STO_RAZ_PORC_MONT,Banco de Chile,23.674756035693793
2024-12-01,CMF_CONT_RENTAB_ROAE_DESPUES_IMPTOS_AGIFI_BCHI_STO_RAZ_PORC_MONT,Banco de Chile,22.483309941217737
2025-01-01,CMF_CONT_RENTAB_ROAE_DESPUES_IMPTOS_AGIFI_BCHI_STO_RAZ_PORC_MONT,Banco de Chile,22.273847060743332
2025-02-01,CMF_CONT_RENTAB_ROAE_DESPUES_IMPTOS_AGIFI_BCHI_STO_RAZ_PORC_MONT,Banco de Chile,22.61940474069913
2025-03-01,CMF_CONT_RENTAB_ROAE_DESPUES_IMPTOS_AGIFI_BCHI_STO_RAZ_PORC_MONT,Banco de Chile,22.758763314273477
2025-04-01,CMF_CONT_RENTAB_ROAE_DESPUES_IMPTOS_AGIFI_BCHI_STO_RAZ_PORC_MONT,Banco de Chile,22.622094894244768
2025-05-01,CMF_CONT_RENTAB_ROAE_DESPUES_IMPTOS_AGIFI_BCHI_STO_RAZ_PORC_MONT,Banco de Chile,22.30685502243387
2025-06-01,CMF_CONT_RENTAB_ROAE_DESPUES_IMPTOS_AGIFI_BCHI_STO_RAZ_PORC_MONT,Banco de Chile,22.153720644509786
2025-07-01,CMF_CONT_RENTAB_ROAE_DESPUES_IMPTOS_AGIFI_BCHI_STO_RAZ_PORC_MONT,Banco de Chile,21.920514567349773
2024-08-01,CMF_CONT_RENTAB_ROAE_DESPUES_IMPTOS_AGIFI_BCI_STO_RAZ_PORC_MONT,Banco de Credito e Inversiones,12.780180624201774
2024-09-01,CMF_CONT_RENTAB_ROAE_DESPUES_IMPTOS_AGIFI_BCI_STO_RAZ_PORC_MONT,Banco de Credito e Inversiones,12.903920530800375
2024-10-01,CMF_CONT_RENTAB_ROAE_DESPUES_IMPTOS_AGIFI_BCI_STO_RAZ_PORC_MONT,Banco de Credito e Inversiones,12.740780878712632
2024-11-01,CMF_CONT_RENTAB_ROAE_DESPUES_IMPTOS_AGIFI_BCI_STO_RAZ_PORC_MONT,Banco de Credito e Inversiones,12.490100458768296
2024-12-01,CMF_CONT_RENTAB_ROAE_DESPUES_IMPTOS_AGIFI_BCI_STO_RAZ_PORC_MONT,Banco de Credito e Inversiones,12.20895241543111
2025-01-01,CMF_CONT_RENTAB_ROAE_DESPUES_IMPTOS_AGIFI_BCI_STO_RAZ_PORC_MONT,Banco de Credito e Inversiones,12.467347879234023
2025-02-01,CMF_CONT_RENTAB_ROAE_DESPUES_IMPTOS_AGIFI_BCI_STO_RAZ_PORC_MONT,Banco de Credito e Inversiones,12.82430376405486
2025-03-01,CMF_CONT_RENTAB_ROAE_DESPUES_IMPTOS_AGIFI_BCI_STO_RAZ_PORC_MONT,Banco de Credito e Inversiones,12.868802063356672
2025-04-01,CMF_CONT_RENTAB_ROAE_DESPUES_IMPTOS_AGIFI_BCI_STO_RAZ_PORC_MONT,Banco de Credito e Inversiones,13.386157166611268
2025-05-01,CMF_CONT_RENTAB_ROAE_DESPUES_IMPTOS_AGIFI_BCI_STO_RAZ_PORC_MONT,Banco de Credito e Inversiones,13.141959024088319
2025-06-01,CMF_CONT_RENTAB_ROAE_DESPUES_IMPTOS_AGIFI_BCI_STO_RAZ_PORC_MONT,Banco de Credito e Inversiones,13.268678633864601
2025-07-01,CMF_CONT_RENTAB_ROAE_DESPUES_IMPTOS_AGIFI_BCI_STO_RAZ_PORC_MONT,Banco de Credito e Inversiones,12.969621594744932
2024-08-01,CMF_CONT_RENTAB_ROAE_DESPUES_IMPTOS_AGIFI_BCON_STO_RAZ_PORC_MONT,Banco Consorcio,11.172886002124105
2024-09-01,CMF_CONT_RENTAB_ROAE_DESPUES_IMPTOS_AGIFI_BCON_STO_RAZ_PORC_MONT,Banco Consorcio,10.532290359832391
2024-10-01,CMF_CONT_RENTAB_ROAE_DESPUES_IMPTOS_AGIFI_BCON_STO_RAZ_PORC_MONT,Banco Consorcio,10.03680979848345
2024-11-01,CMF_CONT_RENTAB_ROAE_DESPUES_IMPTOS_AGIFI_BCON_STO_RAZ_PORC_MONT,Banco Consorcio,9.969852060486971
2024-12-01,CMF_CONT_RENTAB_ROAE_DESPUES_IMPTOS_AGIFI_BCON_STO_RAZ_PORC_MONT,Banco Consorcio,9.574774344217834
2025-01-01,CMF_CONT_RENTAB_ROAE_DESPUES_IMPTOS_AGIFI_BCON_STO_RAZ_PORC_MONT,Banco Consorcio,9.40328810944699
2025-02-01,CMF_CONT_RENTAB_ROAE_DESPUES_IMPTOS_AGIFI_BCON_STO_RAZ_PORC_MONT,Banco Consorcio,9.670323137252726
2025-03-01,CMF_CONT_RENTAB_ROAE_DESPUES_IMPTOS_AGIFI_BCON_STO_RAZ_PORC_MONT,Banco Consorcio,9.833171872029949
2025-04-01,CMF_CONT_RENTAB_ROAE_DESPUES_IMPTOS_AGIFI_BCON_STO_RAZ_PORC_MONT,Banco Consorcio,9.927953166755792
2025-05-01,CMF_CONT_RENTAB_ROAE_DESPUES_IMPTOS_AGIFI_BCON_STO_RAZ_PORC_MONT,Banco Consorcio,9.912556247434189
2025-06-01,CMF_CONT_RENTAB_ROAE_DESPUES_IMPTOS_AGIFI_BCON_STO_RAZ_PORC_MONT,Banco Consorcio,10.567250789299784
2025-07-01,CMF_CONT_RENTAB_ROAE_DESPUES_IMPTOS_AGIFI_BCON_STO_RAZ_PORC_MONT,Banco Consorcio,10.624893813053275
2024-08-01,CMF_CONT_RENTAB_ROAE_DESPUES_IMPTOS_AGIFI_BECH_STO_RAZ_PORC_MONT,Banco del Estado de Chile,15.653434646932157
2024-09-01,CMF_CONT_RENTAB_ROAE_DESPUES_IMPTOS_AGIFI_BECH_STO_RAZ_PORC_MONT,Banco del Estado de Chile,15.90462685190589
2024-10-01,CMF_CONT_RENTAB_ROAE_DESPUES_IMPTOS_AGIFI_BECH_STO_RAZ_PORC_MONT,Banco del Estado de Chile,14.73157378498203
2024-11-01,CMF_CONT_RENTAB_ROAE_DESPUES_IMPTOS_AGIFI_BECH_STO_RAZ_PORC_MONT,Banco del Estado de Chile,14.823332469161734
2024-12-01,CMF_CONT_RENTAB_ROAE_DESPUES_IMPTOS_AGIFI_BECH_STO_RAZ_PORC_MONT,Banco del Estado de Chile,14.096935383614811
2025-01-01,CMF_CONT_RENTAB_ROAE_DESPUES_IMPTOS_AGIFI_BECH_STO_RAZ_PORC_MONT,Banco del Estado de Chile,13.511422862369873
2025-02-01,CMF_CONT_RENTAB_ROAE_DESPUES_IMPTOS_AGIFI_BECH_STO_RAZ_PORC_MONT,Banco del Estado de Chile,14.228077701329664
2025-03-01,CMF_CONT_RENTAB_ROAE_DESPUES_IMPTOS_AGIFI_BECH_STO_RAZ_PORC_MONT,Banco del Estado de Chile,14.436529363587324
2025-04-01,CMF_CONT_RENTAB_ROAE_DESPUES_IMPTOS_AGIFI_BECH_STO_RAZ_PORC_MONT,Banco del Estado de Chile,14.623612864111633
2025-05-01,CMF_CONT_RENTAB_ROAE_DESPUES_IMPTOS_AGIFI_BECH_STO_RAZ_PORC_MONT,Banco del Estado de Chile,13.87203756104536
2025-06-01,CMF_CONT_RENTAB_ROAE_DESPUES_IMPTOS_AGIFI_BECH_STO_RAZ_PORC_MONT,Banco del Estado de Chile,13.569139126738195
2025-07-01,CMF_CONT_RENTAB_ROAE_DESPUES_IMPTOS_AGIFI_BECH_STO_RAZ_PORC_MONT,Banco del Estado de Chile,12.884216054286023
2024-08-01,CMF_CONT_RENTAB_ROAE_DESPUES_IMPTOS_AGIFI_BFALA_STO_RAZ_PORC_MONT,Banco Falabella,16.23758956326794
2024-09-01,CMF_CONT_RENTAB_ROAE_DESPUES_IMPTOS_AGIFI_BFALA_STO_RAZ_PORC_MONT,Banco Falabella,16.20464742077983
2024-10-01,CMF_CONT_RENTAB_ROAE_DESPUES_IMPTOS_AGIFI_BFALA_STO_RAZ_PORC_MONT,Banco Falabella,17.19659525017083
2024-11-01,CMF_CONT_RENTAB_ROAE_DESPUES_IMPTOS_AGIFI_BFALA_STO_RAZ_PORC_MONT,Banco Falabella,17.973955747698664
2024-12-01,CMF_CONT_RENTAB_ROAE_DESPUES_IMPTOS_AGIFI_BFALA_STO_RAZ_PORC_MONT,Banco Falabella,19.857395049807398
2025-01-01,CMF_CONT_RENTAB_ROAE_DESPUES_IMPTOS_AGIFI_BFALA_STO_RAZ_PORC_MONT,Banco Falabella,20.47547946881378
2025-02-01,CMF_CONT_RENTAB_ROAE_DESPUES_IMPTOS_AGIFI_BFALA_STO_RAZ_PORC_MONT,Banco Falabella,21.428126658769155
2025-03-01,CMF_CONT_RENTAB_ROAE_DESPUES_IMPTOS_AGIFI_BFALA_STO_RAZ_PORC_MONT,Banco Falabella,22.109545449390875
2025-04-01,CMF_CONT_RENTAB_ROAE_DESPUES_IMPTOS_AGIFI_BFALA_STO_RAZ_PORC_MONT,Banco Falabella,22.54309583516083
2025-05-01,CMF_CONT_RENTAB_ROAE_DESPUES_IMPTOS_AGIFI_BFALA_STO_RAZ_PORC_MONT,Banco Falabella,22.858918471218978
2025-06-01,CMF_CONT_RENTAB_ROAE_DESPUES_IMPTOS_AGIFI_BFALA_STO_RAZ_PORC_MONT,Banco Falabella,23.072853485480515
2025-07-01,CMF_CONT_RENTAB_ROAE_DESPUES_IMPTOS_AGIFI_BFALA_STO_RAZ_PORC_MONT,Banco Falabella,22.845990621005743
2024-08-01,CMF_CONT_RENTAB_ROAE_DESPUES_IMPTOS_AGIFI_BICE_STO_RAZ_PORC_MONT,Banco Bice,16.319294008864908
2024-09-01,CMF_CONT_RENTAB_ROAE_DESPUES_IMPTOS_AGIFI_BICE_STO_RAZ_PORC_MONT,Banco Bice,16.67955745536785
2024-10-01,CMF_CONT_RENTAB_ROAE_DESPUES_IMPTOS_AGIFI_BICE_STO_RAZ_PORC_MONT,Banco Bice,16.20161695226372
2024-11-01,CMF_CONT_RENTAB_ROAE_DESPUES_IMPTOS_AGIFI_BICE_STO_RAZ_PORC_MONT,Banco Bice,16.132497855472796
2024-12-01,CMF_CONT_RENTAB_ROAE_DESPUES_IMPTOS_AGIFI_BICE_STO_RAZ_PORC_MONT,Banco Bice,15.68833705138778
2025-01-01,CMF_CONT_RENTAB_ROAE_DESPUES_IMPTOS_AGIFI_BICE_STO_RAZ_PORC_MONT,Banco Bice,15.485794269998594
2025-02-01,CMF_CONT_RENTAB_ROAE_DESPUES_IMPTOS_AGIFI_BICE_STO_RAZ_PORC_MONT,Banco Bice,15.638421867928415
2025-03-01,CMF_CONT_RENTAB_ROAE_DESPUES_IMPTOS_AGIFI_BICE_STO_RAZ_PORC_MONT,Banco Bice,15.598966644348497
2025-04-01,CMF_CONT_RENTAB_ROAE_DESPUES_IMPTOS_AGIFI_BICE_STO_RAZ_PORC_MONT,Banco Bice,15.312291881068512
2025-05-01,CMF_CONT_RENTAB_ROAE_DESPUES_IMPTOS_AGIFI_BICE_STO_RAZ_PORC_MONT,Banco Bice,15.453963398852768
2025-06-01,CMF_CONT_RENTAB_ROAE_DESPUES_IMPTOS_AGIFI_BICE_STO_RAZ_PORC_MONT,Banco Bice,15.894946542029615
2025-07-01,CMF_CONT_RENTAB_ROAE_DESPUES_IMPTOS_AGIFI_BICE_STO_RAZ_PORC_MONT,Banco Bice,15.577020523809498
2024-08-01,CMF_CONT_RENTAB_ROAE_DESPUES_IMPTOS_AGIFI_BINTE_STO_RAZ_PORC_MONT,Banco Internacional,15.63908692672144
2024-09-01,CMF_CONT_RENTAB_ROAE_DESPUES_IMPTOS_AGIFI_BINTE_STO_RAZ_PORC_MONT,Banco Internacional,15.988087776850467
2024-10-01,CMF_CONT_RENTAB_ROAE_DESPUES_IMPTOS_AGIFI_BINTE_STO_RAZ_PORC_MONT,Banco Internacional,15.078310579099071
2024-11-01,CMF_CONT_RENTAB_ROAE_DESPUES_IMPTOS_AGIFI_BINTE_STO_RAZ_PORC_MONT,Banco Internacional,15.7241367677376
2024-12-01,CMF_CONT_RENTAB_ROAE_DESPUES_IMPTOS_AGIFI_BINTE_STO_RAZ_PORC_MONT,Banco Internacional,14.893092951216731
2025-01-01,CMF_CONT_RENTAB_ROAE_DESPUES_IMPTOS_AGIFI_BINTE_STO_RAZ_PORC_MONT,Banco Internacional,14.466512580729603
2025-02-01,CMF_CONT_RENTAB_ROAE_DESPUES_IMPTOS_AGIFI_BINTE_STO_RAZ_PORC_MONT,Banco Internacional,13.96258953683865
2025-03-01,CMF_CONT_RENTAB_ROAE_DESPUES_IMPTOS_AGIFI_BINTE_STO_RAZ_PORC_MONT,Banco Internacional,14.07184446477407
2025-04-01,CMF_CONT_RENTAB_ROAE_DESPUES_IMPTOS_AGIFI_BINTE_STO_RAZ_PORC_MONT,Banco Internacional,13.405621533924903
2025-05-01,CMF_CONT_RENTAB_ROAE_DESPUES_IMPTOS_AGIFI_BINTE_STO_RAZ_PORC_MONT,Banco Internacional,12.963847247170307
2025-06-01,CMF_CONT_RENTAB_ROAE_DESPUES_IMPTOS_AGIFI_BINTE_STO_RAZ_PORC_MONT,Banco Internacional,12.48063993865857
2025-07-01,CMF_CONT_RENTAB_ROAE_DESPUES_IMPTOS_AGIFI_BINTE_STO_RAZ_PORC_MONT,Banco Internacional,12.226116386403207
2024-08-01,CMF_CONT_RENTAB_ROAE_DESPUES_IMPTOS_AGIFI_BITAUCORP_STO_RAZ_PORC_MONT,Banco Itaú Chile,9.140803808791405
2024-09-01,CMF_CONT_RENTAB_ROAE_DESPUES_IMPTOS_AGIFI_BITAUCORP_STO_RAZ_PORC_MONT,Banco Itaú Chile,9.495913751826265
2024-10-01,CMF_CONT_RENTAB_ROAE_DESPUES_IMPTOS_AGIFI_BITAUCORP_STO_RAZ_PORC_MONT,Banco Itaú Chile,9.311817288357473
2024-11-01,CMF_CONT_RENTAB_ROAE_DESPUES_IMPTOS_AGIFI_BITAUCORP_STO_RAZ_PORC_MONT,Banco Itaú Chile,9.66866393401036
2024-12-01,CMF_CONT_RENTAB_ROAE_DESPUES_IMPTOS_AGIFI_BITAUCORP_STO_RAZ_PORC_MONT,Banco Itaú Chile,9.744459920344973
2025-01-01,CMF_CONT_RENTAB_ROAE_DESPUES_IMPTOS_AGIFI_BITAUCORP_STO_RAZ_PORC_MONT,Banco Itaú Chile,9.425109625718349
2025-02-01,CMF_CONT_RENTAB_ROAE_DESPUES_IMPTOS_AGIFI_BITAUCORP_STO_RAZ_PORC_MONT,Banco Itaú Chile,9.80066176043286
2025-03-01,CMF_CONT_RENTAB_ROAE_DESPUES_IMPTOS_AGIFI_BITAUCORP_STO_RAZ_PORC_MONT,Banco Itaú Chile,9.903783897660427
2025-04-01,CMF_CONT_RENTAB_ROAE_DESPUES_IMPTOS_AGIFI_BITAUCORP_STO_RAZ_PORC_MONT,Banco Itaú Chile,9.59321535802002
2025-05-01,CMF_CONT_RENTAB_ROAE_DESPUES_IMPTOS_AGIFI_BITAUCORP_STO_RAZ_PORC_MONT,Banco Itaú Chile,9.690993556898697
2025-06-01,CMF_CONT_RENTAB_ROAE_DESPUES_IMPTOS_AGIFI_BITAUCORP_STO_RAZ_PORC_MONT,Banco Itaú Chile,9.711117244604354
2025-07-01,CMF_CONT_RENTAB_ROAE_DESPUES_IMPTOS_AGIFI_BITAUCORP_STO_RAZ_PORC_MONT,Banco Itaú Chile,9.910527959504169
2024-08-01,CMF_CONT_RENTAB_ROAE_DESPUES_IMPTOS_AGIFI_BKCH_STO_RAZ_PORC_MONT,Bank of China,4.939994200010025
2024-09-01,CMF_CONT_RENTAB_ROAE_DESPUES_IMPTOS_AGIFI_BKCH_STO_RAZ_PORC_MONT,Bank of China,4.947346260560966
2024-10-01,CMF_CONT_RENTAB_ROAE_DESPUES_IMPTOS_AGIFI_BKCH_STO_RAZ_PORC_MONT,Bank of China,4.652997699539683
2024-11-01,CMF_CONT_RENTAB_ROAE_DESPUES_IMPTOS_AGIFI_BKCH_STO_RAZ_PORC_MONT,Bank of China,4.590680066046841
2024-12-01,CMF_CONT_RENTAB_ROAE_DESPUES_IMPTOS_AGIFI_BKCH_STO_RAZ_PORC_MONT,Bank of China,5.542515706493484
2025-01-01,CMF_CONT_RENTAB_ROAE_DESPUES_IMPTOS_AGIFI_BKCH_STO_RAZ_PORC_MONT,Bank of China,4.929045914465886
2025-02-01,CMF_CONT_RENTAB_ROAE_DESPUES_IMPTOS_AGIFI_BKCH_STO_RAZ_PORC_MONT,Bank of China,3.911746272687525
2025-03-01,CMF_CONT_RENTAB_ROAE_DESPUES_IMPTOS_AGIFI_BKCH_STO_RAZ_PORC_MONT,Bank of China,4.2747755794370175
2025-04-01,CMF_CONT_RENTAB_ROAE_DESPUES_IMPTOS_AGIFI_BKCH_STO_RAZ_PORC_MONT,Bank of China,3.8024629569892445
2025-05-01,CMF_CONT_RENTAB_ROAE_DESPUES_IMPTOS_AGIFI_BKCH_STO_RAZ_PORC_MONT,Bank of China,4.199100877990427
2025-06-01,CMF_CONT_RENTAB_ROAE_DESPUES_IMPTOS_AGIFI_BKCH_STO_RAZ_PORC_MONT,Bank of China,4.756514540265811
2025-07-01,CMF_CONT_RENTAB_ROAE_DESPUES_IMPTOS_AGIFI_BKCH_STO_RAZ_PORC_MONT,Bank of China,4.7482727009318095
2024-08-01,CMF_CONT_RENTAB_ROAE_DESPUES_IMPTOS_AGIFI_BRIPL_STO_RAZ_PORC_MONT,Banco Ripley,7.506619134509722
2024-09-01,CMF_CONT_RENTAB_ROAE_DESPUES_IMPTOS_AGIFI_BRIPL_STO_RAZ_PORC_MONT,Banco Ripley,9.383405965793086
2024-10-01,CMF_CONT_RENTAB_ROAE_DESPUES_IMPTOS_AGIFI_BRIPL_STO_RAZ_PORC_MONT,Banco Ripley,12.51007686922326
2024-11-01,CMF_CONT_RENTAB_ROAE_DESPUES_IMPTOS_AGIFI_BRIPL_STO_RAZ_PORC_MONT,Banco Ripley,13.4827432497397
2024-12-01,CMF_CONT_RENTAB_ROAE_DESPUES_IMPTOS_AGIFI_BRIPL_STO_RAZ_PORC_MONT,Banco Ripley,14.462637861613114
2025-01-01,CMF_CONT_RENTAB_ROAE_DESPUES_IMPTOS_AGIFI_BRIPL_STO_RAZ_PORC_MONT,Banco Ripley,15.287703858085692
2025-02-01,CMF_CONT_RENTAB_ROAE_DESPUES_IMPTOS_AGIFI_BRIPL_STO_RAZ_PORC_MONT,Banco Ripley,15.582462469944753
2025-03-01,CMF_CONT_RENTAB_ROAE_DESPUES_IMPTOS_AGIFI_BRIPL_STO_RAZ_PORC_MONT,Banco Ripley,15.617254230895476
2025-04-01,CMF_CONT_RENTAB_ROAE_DESPUES_IMPTOS_AGIFI_BRIPL_STO_RAZ_PORC_MONT,Banco Ripley,15.342390437474053
2025-05-01,CMF_CONT_RENTAB_ROAE_DESPUES_IMPTOS_AGIFI_BRIPL_STO_RAZ_PORC_MONT,Banco Ripley,15.500336846100405
2025-06-01,CMF_CONT_RENTAB_ROAE_DESPUES_IMPTOS_AGIFI_BRIPL_STO_RAZ_PORC_MONT,Banco Ripley,16.068277379496084
2025-07-01,CMF_CONT_RENTAB_ROAE_DESPUES_IMPTOS_AGIFI_BRIPL_STO_RAZ_PORC_MONT,Banco Ripley,16.050676202822526
2024-08-01,CMF_CONT_RENTAB_ROAE_DESPUES_IMPTOS_AGIFI_BSANT_STO_RAZ_PORC_MONT,Banco Santander-Chile,16.064480054385466
2024-09-01,CMF_CONT_RENTAB_ROAE_DESPUES_IMPTOS_AGIFI_BSANT_STO_RAZ_PORC_MONT,Banco Santander-Chile,17.57582390234763
2024-10-01,CMF_CONT_RENTAB_ROAE_DESPUES_IMPTOS_AGIFI_BSANT_STO_RAZ_PORC_MONT,Banco Santander-Chile,18.1773987142809
2024-11-01,CMF_CONT_RENTAB_ROAE_DESPUES_IMPTOS_AGIFI_BSANT_STO_RAZ_PORC_MONT,Banco Santander-Chile,19.318100631949783
2024-12-01,CMF_CONT_RENTAB_ROAE_DESPUES_IMPTOS_AGIFI_BSANT_STO_RAZ_PORC_MONT,Banco Santander-Chile,19.795294734785614
2025-01-01,CMF_CONT_RENTAB_ROAE_DESPUES_IMPTOS_AGIFI_BSANT_STO_RAZ_PORC_MONT,Banco Santander-Chile,21.007161482141093
2025-02-01,CMF_CONT_RENTAB_ROAE_DESPUES_IMPTOS_AGIFI_BSANT_STO_RAZ_PORC_MONT,Banco Santander-Chile,22.27080221361085
2025-03-01,CMF_CONT_RENTAB_ROAE_DESPUES_IMPTOS_AGIFI_BSANT_STO_RAZ_PORC_MONT,Banco Santander-Chile,23.488885069404944
2025-04-01,CMF_CONT_RENTAB_ROAE_DESPUES_IMPTOS_AGIFI_BSANT_STO_RAZ_PORC_MONT,Banco Santander-Chile,23.976230762788724
2025-05-01,CMF_CONT_RENTAB_ROAE_DESPUES_IMPTOS_AGIFI_BSANT_STO_RAZ_PORC_MONT,Banco Santander-Chile,24.395366948262247
2025-06-01,CMF_CONT_RENTAB_ROAE_DESPUES_IMPTOS_AGIFI_BSANT_STO_RAZ_PORC_MONT,Banco Santander-Chile,24.452320824378084
2025-07-01,CMF_CONT_RENTAB_ROAE_DESPUES_IMPTOS_AGIFI_BSANT_STO_RAZ_PORC_MONT,Banco Santander-Chile,24.17970284790716
2024-08-01,CMF_CONT_RENTAB_ROAE_DESPUES_IMPTOS_AGIFI_BSCOT_STO_RAZ_PORC_MONT,Scotiabank Chile,12.739025532022076
2024-09-01,CMF_CONT_RENTAB_ROAE_DESPUES_IMPTOS_AGIFI_BSCOT_STO_RAZ_PORC_MONT,Scotiabank Chile,12.838731629582096
2024-10-01,CMF_CONT_RENTAB_ROAE_DESPUES_IMPTOS_AGIFI_BSCOT_STO_RAZ_PORC_MONT,Scotiabank Chile,12.682235518891627
2024-11-01,CMF_CONT_RENTAB_ROAE_DESPUES_IMPTOS_AGIFI_BSCOT_STO_RAZ_PORC_MONT,Scotiabank Chile,12.569040077333904
2024-12-01,CMF_CONT_RENTAB_ROAE_DESPUES_IMPTOS_AGIFI_BSCOT_STO_RAZ_PORC_MONT,Scotiabank Chile,12.37661806737467
2025-01-01,CMF_CONT_RENTAB_ROAE_DESPUES_IMPTOS_AGIFI_BSCOT_STO_RAZ_PORC_MONT,Scotiabank Chile,10.511511011566942
2025-02-01,CMF_CONT_RENTAB_ROAE_DESPUES_IMPTOS_AGIFI_BSCOT_STO_RAZ_PORC_MONT,Scotiabank Chile,10.464222463535243
2025-03-01,CMF_CONT_RENTAB_ROAE_DESPUES_IMPTOS_AGIFI_BSCOT_STO_RAZ_PORC_MONT,Scotiabank Chile,10.639272170214248
2025-04-01,CMF_CONT_RENTAB_ROAE_DESPUES_IMPTOS_AGIFI_BSCOT_STO_RAZ_PORC_MONT,Scotiabank Chile,10.875113024364438
2025-05-01,CMF_CONT_RENTAB_ROAE_DESPUES_IMPTOS_AGIFI_BSCOT_STO_RAZ_PORC_MONT,Scotiabank Chile,10.919298724080665
2025-06-01,CMF_CONT_RENTAB_ROAE_DESPUES_IMPTOS_AGIFI_BSCOT_STO_RAZ_PORC_MONT,Scotiabank Chile,10.987587015497999
2025-07-01,CMF_CONT_RENTAB_ROAE_DESPUES_IMPTOS_AGIFI_BSCOT_STO_RAZ_PORC_MONT,Scotiabank Chile,11.220758942288866
2024-08-01,CMF_CONT_RENTAB_ROAE_DESPUES_IMPTOS_AGIFI_BSEC_STO_RAZ_PORC_MONT,Banco Security,17.41510868346245
2024-09-01,CMF_CONT_RENTAB_ROAE_DESPUES_IMPTOS_AGIFI_BSEC_STO_RAZ_PORC_MONT,Banco Security,16.678271999582872
2024-10-01,CMF_CONT_RENTAB_ROAE_DESPUES_IMPTOS_AGIFI_BSEC_STO_RAZ_PORC_MONT,Banco Security,15.808485399853375
2024-11-01,CMF_CONT_RENTAB_ROAE_DESPUES_IMPTOS_AGIFI_BSEC_STO_RAZ_PORC_MONT,Banco Security,15.737844966053567
2024-12-01,CMF_CONT_RENTAB_ROAE_DESPUES_IMPTOS_AGIFI_BSEC_STO_RAZ_PORC_MONT,Banco Security,16.06636193141809
2025-01-01,CMF_CONT_RENTAB_ROAE_DESPUES_IMPTOS_AGIFI_BSEC_STO_RAZ_PORC_MONT,Banco Security,15.364827901223265
2025-02-01,CMF_CONT_RENTAB_ROAE_DESPUES_IMPTOS_AGIFI_BSEC_STO_RAZ_PORC_MONT,Banco Security,14.850443610627613
2025-03-01,CMF_CONT_RENTAB_ROAE_DESPUES_IMPTOS_AGIFI_BSEC_STO_RAZ_PORC_MONT,Banco Security,13.971739933904722
2025-04-01,CMF_CONT_RENTAB_ROAE_DESPUES_IMPTOS_AGIFI_BSEC_STO_RAZ_PORC_MONT,Banco Security,12.839684576058383
2025-05-01,CMF_CONT_RENTAB_ROAE_DESPUES_IMPTOS_AGIFI_BSEC_STO_RAZ_PORC_MONT,Banco Security,12.310708860582203
2025-06-01,CMF_CONT_RENTAB_ROAE_DESPUES_IMPTOS_AGIFI_BSEC_STO_RAZ_PORC_MONT,Banco Security,11.885890457513815
2025-07-01,CMF_CONT_RENTAB_ROAE_DESPUES_IMPTOS_AGIFI_BSEC_STO_RAZ_PORC_MONT,Banco Security,11.258759847023684
2024-08-01,CMF_CONT_RENTAB_ROAE_DESPUES_IMPTOS_AGIFI_CHCONBANK_STO_RAZ_PORC_MONT,China Construction Bank,5.6690959357588
2024-09-01,CMF_CONT_RENTAB_ROAE_DESPUES_IMPTOS_AGIFI_CHCONBANK_STO_RAZ_PORC_MONT,China Construction Bank,5.134024899557684
2024-10-01,CMF_CONT_RENTAB_ROAE_DESPUES_IMPTOS_AGIFI_CHCONBANK_STO_RAZ_PORC_MONT,China Construction Bank,4.91205515208167
2024-11-01,CMF_CONT_RENTAB_ROAE_DESPUES_IMPTOS_AGIFI_CHCONBANK_STO_RAZ_PORC_MONT,China Construction Bank,5.292832488207189
2024-12-01,CMF_CONT_RENTAB_ROAE_DESPUES_IMPTOS_AGIFI_CHCONBANK_STO_RAZ_PORC_MONT,China Construction Bank,4.9545147175383235
2025-01-01,CMF_CONT_RENTAB_ROAE_DESPUES_IMPTOS_AGIFI_CHCONBANK_STO_RAZ_PORC_MONT,China Construction Bank,5.233403839093304
2025-02-01,CMF_CONT_RENTAB_ROAE_DESPUES_IMPTOS_AGIFI_CHCONBANK_STO_RAZ_PORC_MONT,China Construction Bank,6.055011715374638
2025-03-01,CMF_CONT_RENTAB_ROAE_DESPUES_IMPTOS_AGIFI_CHCONBANK_STO_RAZ_PORC_MONT,China Construction Bank,6.063221134110183
2025-04-01,CMF_CONT_RENTAB_ROAE_DESPUES_IMPTOS_AGIFI_CHCONBANK_STO_RAZ_PORC_MONT,China Construction Bank,5.516446108623638
2025-05-01,CMF_CONT_RENTAB_ROAE_DESPUES_IMPTOS_AGIFI_CHCONBANK_STO_RAZ_PORC_MONT,China Construction Bank,4.698780424523345
2025-06-01,CMF_CONT_RENTAB_ROAE_DESPUES_IMPTOS_AGIFI_CHCONBANK_STO_RAZ_PORC_MONT,China Construction Bank,5.047627406932318
2025-07-01,CMF_CONT_RENTAB_ROAE_DESPUES_IMPTOS_AGIFI_CHCONBANK_STO_RAZ_PORC_MONT,China Construction Bank,4.556136065049167
2024-08-01,CMF_CONT_RENTAB_ROAE_DESPUES_IMPTOS_AGIFI_HSBC_STO_RAZ_PORC_MONT,Hsbc Bank (Chile),19.597409709303196
2024-09-01,CMF_CONT_RENTAB_ROAE_DESPUES_IMPTOS_AGIFI_HSBC_STO_RAZ_PORC_MONT,Hsbc Bank (Chile),22.504070130155917
2024-10-01,CMF_CONT_RENTAB_ROAE_DESPUES_IMPTOS_AGIFI_HSBC_STO_RAZ_PORC_MONT,Hsbc Bank (Chile),23.753073546267277
2024-11-01,CMF_CONT_RENTAB_ROAE_DESPUES_IMPTOS_AGIFI_HSBC_STO_RAZ_PORC_MONT,Hsbc Bank (Chile),20.428509170113273
2024-12-01,CMF_CONT_RENTAB_ROAE_DESPUES_IMPTOS_AGIFI_HSBC_STO_RAZ_PORC_MONT,Hsbc Bank (Chile),17.61533109082462
2025-01-01,CMF_CONT_RENTAB_ROAE_DESPUES_IMPTOS_AGIFI_HSBC_STO_RAZ_PORC_MONT,Hsbc Bank (Chile),18.236512905021776
2025-02-01,CMF_CONT_RENTAB_ROAE_DESPUES_IMPTOS_AGIFI_HSBC_STO_RAZ_PORC_MONT,Hsbc Bank (Chile),17.695628602957793
2025-03-01,CMF_CONT_RENTAB_ROAE_DESPUES_IMPTOS_AGIFI_HSBC_STO_RAZ_PORC_MONT,Hsbc Bank (Chile),15.589314060514647
2025-04-01,CMF_CONT_RENTAB_ROAE_DESPUES_IMPTOS_AGIFI_HSBC_STO_RAZ_PORC_MONT,Hsbc Bank (Chile),14.192502495324765
2025-05-01,CMF_CONT_RENTAB_ROAE_DESPUES_IMPTOS_AGIFI_HSBC_STO_RAZ_PORC_MONT,Hsbc Bank (Chile),12.493486405053162
2025-06-01,CMF_CONT_RENTAB_ROAE_DESPUES_IMPTOS_AGIFI_HSBC_STO_RAZ_PORC_MONT,Hsbc Bank (Chile),13.065848544468281
2025-07-01,CMF_CONT_RENTAB_ROAE_DESPUES_IMPTOS_AGIFI_HSBC_STO_RAZ_PORC_MONT,Hsbc Bank (Chile),14.272278199197489
2024-08-01,CMF_CONT_RENTAB_ROAE_DESPUES_IMPTOS_AGIFI_JPMGC_STO_RAZ_PORC_MONT,Jp Morgan Chase Bank. N. A.,10.828931251037396
2024-09-01,CMF_CONT_RENTAB_ROAE_DESPUES_IMPTOS_AGIFI_JPMGC_STO_RAZ_PORC_MONT,Jp Morgan Chase Bank. N. A.,10.674640217244061
2024-10-01,CMF_CONT_RENTAB_ROAE_DESPUES_IMPTOS_AGIFI_JPMGC_STO_RAZ_PORC_MONT,Jp Morgan Chase Bank. N. A.,11.021140740932905
2024-11-01,CMF_CONT_RENTAB_ROAE_DESPUES_IMPTOS_AGIFI_JPMGC_STO_RAZ_PORC_MONT,Jp Morgan Chase Bank. N. A.,9.462716311756916
2024-12-01,CMF_CONT_RENTAB_ROAE_DESPUES_IMPTOS_AGIFI_JPMGC_STO_RAZ_PORC_MONT,Jp Morgan Chase Bank. N. A.,9.287351225622823
2025-01-01,CMF_CONT_RENTAB_ROAE_DESPUES_IMPTOS_AGIFI_JPMGC_STO_RAZ_PORC_MONT,Jp Morgan Chase Bank. N. A.,8.859335308953783
2025-02-01,CMF_CONT_RENTAB_ROAE_DESPUES_IMPTOS_AGIFI_JPMGC_STO_RAZ_PORC_MONT,Jp Morgan Chase Bank. N. A.,7.752337071794823
2025-03-01,CMF_CONT_RENTAB_ROAE_DESPUES_IMPTOS_AGIFI_JPMGC_STO_RAZ_PORC_MONT,Jp Morgan Chase Bank. N. A.,7.857156772141263
2025-04-01,CMF_CONT_RENTAB_ROAE_DESPUES_IMPTOS_AGIFI_JPMGC_STO_RAZ_PORC_MONT,Jp Morgan Chase Bank. N. A.,7.971687982920731
2025-05-01,CMF_CONT_RENTAB_ROAE_DESPUES_IMPTOS_AGIFI_JPMGC_STO_RAZ_PORC_MONT,Jp Morgan Chase Bank. N. A.,7.907664137312412
2025-06-01,CMF_CONT_RENTAB_ROAE_DESPUES_IMPTOS_AGIFI_JPMGC_STO_RAZ_PORC_MONT,Jp Morgan Chase Bank. N. A.,8.189472570120708
2025-07-01,CMF_CONT_RENTAB_ROAE_DESPUES_IMPTOS_AGIFI_JPMGC_STO_RAZ_PORC_MONT,Jp Morgan Chase Bank. N. A.,8.12999076598944
2025-08-01,CMF_CONT_RENTAB_ROAE_DESPUES_IMPTOS_AGIFI_BBTGP_STO_RAZ_PORC_MONT,Banco BTG Pactual Chile,14.932632589592224
2025-09-01,CMF_CONT_RENTAB_ROAE_DESPUES_IMPTOS_AGIFI_BBTGP_STO_RAZ_PORC_MONT,Banco BTG Pactual Chile,14.747911547935072
2025-10-01,CMF_CONT_RENTAB_ROAE_DESPUES_IMPTOS_AGIFI_BBTGP_STO_RAZ_PORC_MONT,Banco BTG Pactual Chile,15.86961997094095
2025-11-01,CMF_CONT_RENTAB_ROAE_DESPUES_IMPTOS_AGIFI_BBTGP_STO_RAZ_PORC_MONT,Banco BTG Pactual Chile,15.778292199393492
2025-12-01,CMF_CONT_RENTAB_ROAE_DESPUES_IMPTOS_AGIFI_BBTGP_STO_RAZ_PORC_MONT,Banco BTG Pactual Chile,16.015499712666433
2026-01-01,CMF_CONT_RENTAB_ROAE_DESPUES_IMPTOS_AGIFI_BBTGP_STO_RAZ_PORC_MONT,Banco BTG Pactual Chile,16.84852046927972
2026-02-01,CMF_CONT_RENTAB_ROAE_DESPUES_IMPTOS_AGIFI_BBTGP_STO_RAZ_PORC_MONT,Banco BTG Pactual Chile,15.672863341562255
2026-03-01,CMF_CONT_RENTAB_ROAE_DESPUES_IMPTOS_AGIFI_BBTGP_STO_RAZ_PORC_MONT,Banco BTG Pactual Chile,14.462052618211544
2026-04-01,CMF_CONT_RENTAB_ROAE_DESPUES_IMPTOS_AGIFI_BBTGP_STO_RAZ_PORC_MONT,Banco BTG Pactual Chile,15.149901622421392
2026-05-01,CMF_CONT_RENTAB_ROAE_DESPUES_IMPTOS_AGIFI_BBTGP_STO_RAZ_PORC_MONT,Banco BTG Pactual Chile,15.948875576526165
2026-06-01,CMF_CONT_RENTAB_ROAE_DESPUES_IMPTOS_AGIFI_BBTGP_STO_RAZ_PORC_MONT,Banco BTG Pactual Chile,15.642645853429006
2026-07-01,CMF_CONT_RENTAB_ROAE_DESPUES_IMPTOS_AGIFI_BBTGP_STO_RAZ_PORC_MONT,Banco BTG Pactual Chile,15.903997160485138
2025-08-01,CMF_CONT_RENTAB_ROAE_DESPUES_IMPTOS_AGIFI_BCHI_STO_RAZ_PORC_MONT,Banco de Chile,22.094003431153208
2025-09-01,CMF_CONT_RENTAB_ROAE_DESPUES_IMPTOS_AGIFI_BCHI_STO_RAZ_PORC_MONT,Banco de Chile,22.017167219442662
2025-10-01,CMF_CONT_RENTAB_ROAE_DESPUES_IMPTOS_AGIFI_BCHI_STO_RAZ_PORC_MONT,Banco de Chile,22.256912279884574
2025-11-01,CMF_CONT_RENTAB_ROAE_DESPUES_IMPTOS_AGIFI_BCHI_STO_RAZ_PORC_MONT,Banco de Chile,21.373360701438504
2025-12-01,CMF_CONT_RENTAB_ROAE_DESPUES_IMPTOS_AGIFI_BCHI_STO_RAZ_PORC_MONT,Banco de Chile,21.2200956291359
2026-01-01,CMF_CONT_RENTAB_ROAE_DESPUES_IMPTOS_AGIFI_BCHI_STO_RAZ_PORC_MONT,Banco de Chile,21.107036851338812
2026-02-01,CMF_CONT_RENTAB_ROAE_DESPUES_IMPTOS_AGIFI_BCHI_STO_RAZ_PORC_MONT,Banco de Chile,20.41109270513996
2026-03-01,CMF_CONT_RENTAB_ROAE_DESPUES_IMPTOS_AGIFI_BCHI_STO_RAZ_PORC_MONT,Banco de Chile,20.095953055689016
2026-04-01,CMF_CONT_RENTAB_ROAE_DESPUES_IMPTOS_AGIFI_BCHI_STO_RAZ_PORC_MONT,Banco de Chile,20.45432021883507
2026-05-01,CMF_CONT_RENTAB_ROAE_DESPUES_IMPTOS_AGIFI_BCHI_STO_RAZ_PORC_MONT,Banco de Chile,21.07896546007291
2026-06-01,CMF_CONT_RENTAB_ROAE_DESPUES_IMPTOS_AGIFI_BCHI_STO_RAZ_PORC_MONT,Banco de Chile,21.447051469478932
2026-07-01,CMF_CONT_RENTAB_ROAE_DESPUES_IMPTOS_AGIFI_BCHI_STO_RAZ_PORC_MONT,Banco de Chile,21.812369254160597
2025-08-01,CMF_CONT_RENTAB_ROAE_DESPUES_IMPTOS_AGIFI_BCI_STO_RAZ_PORC_MONT,Banco de Credito e Inversiones,13.057808126430308
2025-09-01,CMF_CONT_RENTAB_ROAE_DESPUES_IMPTOS_AGIFI_BCI_STO_RAZ_PORC_MONT,Banco de Credito e Inversiones,13.254618176928386
2025-10-01,CMF_CONT_RENTAB_ROAE_DESPUES_IMPTOS_AGIFI_BCI_STO_RAZ_PORC_MONT,Banco de Credito e Inversiones,13.68344632477621
2025-11-01,CMF_CONT_RENTAB_ROAE_DESPUES_IMPTOS_AGIFI_BCI_STO_RAZ_PORC_MONT,Banco de Credito e Inversiones,13.679618426964488
2025-12-01,CMF_CONT_RENTAB_ROAE_DESPUES_IMPTOS_AGIFI_BCI_STO_RAZ_PORC_MONT,Banco de Credito e Inversiones,13.772196203802094
2026-01-01,CMF_CONT_RENTAB_ROAE_DESPUES_IMPTOS_AGIFI_BCI_STO_RAZ_PORC_MONT,Banco de Credito e Inversiones,14.01200911686352
2026-02-01,CMF_CONT_RENTAB_ROAE_DESPUES_IMPTOS_AGIFI_BCI_STO_RAZ_PORC_MONT,Banco de Credito e Inversiones,13.90280788077029
2026-03-01,CMF_CONT_RENTAB_ROAE_DESPUES_IMPTOS_AGIFI_BCI_STO_RAZ_PORC_MONT,Banco de Credito e Inversiones,13.763092813902787
2026-04-01,CMF_CONT_RENTAB_ROAE_DESPUES_IMPTOS_AGIFI_BCI_STO_RAZ_PORC_MONT,Banco de Credito e Inversiones,14.068089294629095
2026-05-01,CMF_CONT_RENTAB_ROAE_DESPUES_IMPTOS_AGIFI_BCI_STO_RAZ_PORC_MONT,Banco de Credito e Inversiones,14.674798975551068
2026-06-01,CMF_CONT_RENTAB_ROAE_DESPUES_IMPTOS_AGIFI_BCI_STO_RAZ_PORC_MONT,Banco de Credito e Inversiones,14.798868425245136
2026-07-01,CMF_CONT_RENTAB_ROAE_DESPUES_IMPTOS_AGIFI_BCI_STO_RAZ_PORC_MONT,Banco de Credito e Inversiones,14.729634251599697
2025-08-01,CMF_CONT_RENTAB_ROAE_DESPUES_IMPTOS_AGIFI_BCON_STO_RAZ_PORC_MONT,Banco Consorcio,11.249995300441345
2025-09-01,CMF_CONT_RENTAB_ROAE_DESPUES_IMPTOS_AGIFI_BCON_STO_RAZ_PORC_MONT,Banco Consorcio,11.294505903189496
2025-10-01,CMF_CONT_RENTAB_ROAE_DESPUES_IMPTOS_AGIFI_BCON_STO_RAZ_PORC_MONT,Banco Consorcio,11.703971111484048
2025-11-01,CMF_CONT_RENTAB_ROAE_DESPUES_IMPTOS_AGIFI_BCON_STO_RAZ_PORC_MONT,Banco Consorcio,11.117221524833623
2025-12-01,CMF_CONT_RENTAB_ROAE_DESPUES_IMPTOS_AGIFI_BCON_STO_RAZ_PORC_MONT,Banco Consorcio,11.104387981498606
2026-01-01,CMF_CONT_RENTAB_ROAE_DESPUES_IMPTOS_AGIFI_BCON_STO_RAZ_PORC_MONT,Banco Consorcio,11.743831450395353
2026-02-01,CMF_CONT_RENTAB_ROAE_DESPUES_IMPTOS_AGIFI_BCON_STO_RAZ_PORC_MONT,Banco Consorcio,11.471425137975551
2026-03-01,CMF_CONT_RENTAB_ROAE_DESPUES_IMPTOS_AGIFI_BCON_STO_RAZ_PORC_MONT,Banco Consorcio,11.035035381219021
2026-04-01,CMF_CONT_RENTAB_ROAE_DESPUES_IMPTOS_AGIFI_BCON_STO_RAZ_PORC_MONT,Banco Consorcio,11.71621292731161
2026-05-01,CMF_CONT_RENTAB_ROAE_DESPUES_IMPTOS_AGIFI_BCON_STO_RAZ_PORC_MONT,Banco Consorcio,12.159088809030676
2026-06-01,CMF_CONT_RENTAB_ROAE_DESPUES_IMPTOS_AGIFI_BCON_STO_RAZ_PORC_MONT,Banco Consorcio,12.177939144351958
2026-07-01,CMF_CONT_RENTAB_ROAE_DESPUES_IMPTOS_AGIFI_BCON_STO_RAZ_PORC_MONT,Banco Consorcio,12.142246244238406
2025-08-01,CMF_CONT_RENTAB_ROAE_DESPUES_IMPTOS_AGIFI_BECH_STO_RAZ_PORC_MONT,Banco del Estado de Chile,12.946625486250955
2025-09-01,CMF_CONT_RENTAB_ROAE_DESPUES_IMPTOS_AGIFI_BECH_STO_RAZ_PORC_MONT,Banco del Estado de Chile,12.399552052573961
2025-10-01,CMF_CONT_RENTAB_ROAE_DESPUES_IMPTOS_AGIFI_BECH_STO_RAZ_PORC_MONT,Banco del Estado de Chile,12.875089609751972
2025-11-01,CMF_CONT_RENTAB_ROAE_DESPUES_IMPTOS_AGIFI_BECH_STO_RAZ_PORC_MONT,Banco del Estado de Chile,12.12725463534738
2025-12-01,CMF_CONT_RENTAB_ROAE_DESPUES_IMPTOS_AGIFI_BECH_STO_RAZ_PORC_MONT,Banco del Estado de Chile,12.17040769370679
2026-01-01,CMF_CONT_RENTAB_ROAE_DESPUES_IMPTOS_AGIFI_BECH_STO_RAZ_PORC_MONT,Banco del Estado de Chile,11.876473906355859
2026-02-01,CMF_CONT_RENTAB_ROAE_DESPUES_IMPTOS_AGIFI_BECH_STO_RAZ_PORC_MONT,Banco del Estado de Chile,11.23684999838956
2026-03-01,CMF_CONT_RENTAB_ROAE_DESPUES_IMPTOS_AGIFI_BECH_STO_RAZ_PORC_MONT,Banco del Estado de Chile,10.52194901939471
2026-04-01,CMF_CONT_RENTAB_ROAE_DESPUES_IMPTOS_AGIFI_BECH_STO_RAZ_PORC_MONT,Banco del Estado de Chile,11.187157755575742
2026-05-01,CMF_CONT_RENTAB_ROAE_DESPUES_IMPTOS_AGIFI_BECH_STO_RAZ_PORC_MONT,Banco del Estado de Chile,12.614766085559694
2026-06-01,CMF_CONT_RENTAB_ROAE_DESPUES_IMPTOS_AGIFI_BECH_STO_RAZ_PORC_MONT,Banco del Estado de Chile,12.490984469953093
2026-07-01,CMF_CONT_RENTAB_ROAE_DESPUES_IMPTOS_AGIFI_BECH_STO_RAZ_PORC_MONT,Banco del Estado de Chile,13.114397440348068
2025-08-01,CMF_CONT_RENTAB_ROAE_DESPUES_IMPTOS_AGIFI_BFALA_STO_RAZ_PORC_MONT,Banco Falabella,22.73429506061573
2025-09-01,CMF_CONT_RENTAB_ROAE_DESPUES_IMPTOS_AGIFI_BFALA_STO_RAZ_PORC_MONT,Banco Falabella,22.839446217940147
2025-10-01,CMF_CONT_RENTAB_ROAE_DESPUES_IMPTOS_AGIFI_BFALA_STO_RAZ_PORC_MONT,Banco Falabella,22.76451322098951
2025-11-01,CMF_CONT_RENTAB_ROAE_DESPUES_IMPTOS_AGIFI_BFALA_STO_RAZ_PORC_MONT,Banco Falabella,22.697900846829075
2025-12-01,CMF_CONT_RENTAB_ROAE_DESPUES_IMPTOS_AGIFI_BFALA_STO_RAZ_PORC_MONT,Banco Falabella,21.907137816378285
2026-01-01,CMF_CONT_RENTAB_ROAE_DESPUES_IMPTOS_AGIFI_BFALA_STO_RAZ_PORC_MONT,Banco Falabella,23.06230990386191
2026-02-01,CMF_CONT_RENTAB_ROAE_DESPUES_IMPTOS_AGIFI_BFALA_STO_RAZ_PORC_MONT,Banco Falabella,23.54977317233332
2026-03-01,CMF_CONT_RENTAB_ROAE_DESPUES_IMPTOS_AGIFI_BFALA_STO_RAZ_PORC_MONT,Banco Falabella,23.776568770522616
2026-04-01,CMF_CONT_RENTAB_ROAE_DESPUES_IMPTOS_AGIFI_BFALA_STO_RAZ_PORC_MONT,Banco Falabella,24.71935748606086
2026-05-01,CMF_CONT_RENTAB_ROAE_DESPUES_IMPTOS_AGIFI_BFALA_STO_RAZ_PORC_MONT,Banco Falabella,25.816899381418718
2026-06-01,CMF_CONT_RENTAB_ROAE_DESPUES_IMPTOS_AGIFI_BFALA_STO_RAZ_PORC_MONT,Banco Falabella,26.30095656435641
2026-07-01,CMF_CONT_RENTAB_ROAE_DESPUES_IMPTOS_AGIFI_BFALA_STO_RAZ_PORC_MONT,Banco Falabella,27.329617775038777
2025-08-01,CMF_CONT_RENTAB_ROAE_DESPUES_IMPTOS_AGIFI_BICE_STO_RAZ_PORC_MONT,Banco Bice,15.725817970800476
2025-09-01,CMF_CONT_RENTAB_ROAE_DESPUES_IMPTOS_AGIFI_BICE_STO_RAZ_PORC_MONT,Banco Bice,15.584458870669605
2025-10-01,CMF_CONT_RENTAB_ROAE_DESPUES_IMPTOS_AGIFI_BICE_STO_RAZ_PORC_MONT,Banco Bice,14.795823989488127
2025-11-01,CMF_CONT_RENTAB_ROAE_DESPUES_IMPTOS_AGIFI_BICE_STO_RAZ_PORC_MONT,Banco Bice,14.004481792341936
2025-12-01,CMF_CONT_RENTAB_ROAE_DESPUES_IMPTOS_AGIFI_BICE_STO_RAZ_PORC_MONT,Banco Bice,13.227923277832963
2026-01-01,CMF_CONT_RENTAB_ROAE_DESPUES_IMPTOS_AGIFI_BICE_STO_RAZ_PORC_MONT,Banco Bice,13.465940697009067
2026-02-01,CMF_CONT_RENTAB_ROAE_DESPUES_IMPTOS_AGIFI_BICE_STO_RAZ_PORC_MONT,Banco Bice,13.028335208866224
2026-03-01,CMF_CONT_RENTAB_ROAE_DESPUES_IMPTOS_AGIFI_BICE_STO_RAZ_PORC_MONT,Banco Bice,12.512730025925386
2026-04-01,CMF_CONT_RENTAB_ROAE_DESPUES_IMPTOS_AGIFI_BICE_STO_RAZ_PORC_MONT,Banco Bice,13.934484172011814
2026-05-01,CMF_CONT_RENTAB_ROAE_DESPUES_IMPTOS_AGIFI_BICE_STO_RAZ_PORC_MONT,Banco Bice,14.320238751732326
2026-06-01,CMF_CONT_RENTAB_ROAE_DESPUES_IMPTOS_AGIFI_BICE_STO_RAZ_PORC_MONT,Banco Bice,14.00513402599883
2026-07-01,CMF_CONT_RENTAB_ROAE_DESPUES_IMPTOS_AGIFI_BICE_STO_RAZ_PORC_MONT,Banco Bice,13.992273790325466
2025-08-01,CMF_CONT_RENTAB_ROAE_DESPUES_IMPTOS_AGIFI_BINTE_STO_RAZ_PORC_MONT,Banco Internacional,11.90201609014301
2025-09-01,CMF_CONT_RENTAB_ROAE_DESPUES_IMPTOS_AGIFI_BINTE_STO_RAZ_PORC_MONT,Banco Internacional,11.828259300059006
2025-10-01,CMF_CONT_RENTAB_ROAE_DESPUES_IMPTOS_AGIFI_BINTE_STO_RAZ_PORC_MONT,Banco Internacional,12.192558834534454
2025-11-01,CMF_CONT_RENTAB_ROAE_DESPUES_IMPTOS_AGIFI_BINTE_STO_RAZ_PORC_MONT,Banco Internacional,12.345088754102973
2025-12-01,CMF_CONT_RENTAB_ROAE_DESPUES_IMPTOS_AGIFI_BINTE_STO_RAZ_PORC_MONT,Banco Internacional,12.89067941803606
2026-01-01,CMF_CONT_RENTAB_ROAE_DESPUES_IMPTOS_AGIFI_BINTE_STO_RAZ_PORC_MONT,Banco Internacional,13.900104747964141
2026-02-01,CMF_CONT_RENTAB_ROAE_DESPUES_IMPTOS_AGIFI_BINTE_STO_RAZ_PORC_MONT,Banco Internacional,13.857957465253488
2026-03-01,CMF_CONT_RENTAB_ROAE_DESPUES_IMPTOS_AGIFI_BINTE_STO_RAZ_PORC_MONT,Banco Internacional,13.140813390942629
2026-04-01,CMF_CONT_RENTAB_ROAE_DESPUES_IMPTOS_AGIFI_BINTE_STO_RAZ_PORC_MONT,Banco Internacional,14.992047940557487
2026-05-01,CMF_CONT_RENTAB_ROAE_DESPUES_IMPTOS_AGIFI_BINTE_STO_RAZ_PORC_MONT,Banco Internacional,16.386360690471978
2026-06-01,CMF_CONT_RENTAB_ROAE_DESPUES_IMPTOS_AGIFI_BINTE_STO_RAZ_PORC_MONT,Banco Internacional,17.433186928028125
2026-07-01,CMF_CONT_RENTAB_ROAE_DESPUES_IMPTOS_AGIFI_BINTE_STO_RAZ_PORC_MONT,Banco Internacional,17.002219565774208
2025-08-01,CMF_CONT_RENTAB_ROAE_DESPUES_IMPTOS_AGIFI_BITAUCORP_STO_RAZ_PORC_MONT,Banco Itaú Chile,10.047756667446347
2025-09-01,CMF_CONT_RENTAB_ROAE_DESPUES_IMPTOS_AGIFI_BITAUCORP_STO_RAZ_PORC_MONT,Banco Itaú Chile,10.112181491981106
2025-10-01,CMF_CONT_RENTAB_ROAE_DESPUES_IMPTOS_AGIFI_BITAUCORP_STO_RAZ_PORC_MONT,Banco Itaú Chile,10.32747961696361
2025-11-01,CMF_CONT_RENTAB_ROAE_DESPUES_IMPTOS_AGIFI_BITAUCORP_STO_RAZ_PORC_MONT,Banco Itaú Chile,10.080763644326924
2025-12-01,CMF_CONT_RENTAB_ROAE_DESPUES_IMPTOS_AGIFI_BITAUCORP_STO_RAZ_PORC_MONT,Banco Itaú Chile,10.364173793212426
2026-01-01,CMF_CONT_RENTAB_ROAE_DESPUES_IMPTOS_AGIFI_BITAUCORP_STO_RAZ_PORC_MONT,Banco Itaú Chile,10.24056333319814
2026-02-01,CMF_CONT_RENTAB_ROAE_DESPUES_IMPTOS_AGIFI_BITAUCORP_STO_RAZ_PORC_MONT,Banco Itaú Chile,9.351023220776169
2026-03-01,CMF_CONT_RENTAB_ROAE_DESPUES_IMPTOS_AGIFI_BITAUCORP_STO_RAZ_PORC_MONT,Banco Itaú Chile,9.193250789272627
2026-04-01,CMF_CONT_RENTAB_ROAE_DESPUES_IMPTOS_AGIFI_BITAUCORP_STO_RAZ_PORC_MONT,Banco Itaú Chile,9.378975276719943
2026-05-01,CMF_CONT_RENTAB_ROAE_DESPUES_IMPTOS_AGIFI_BITAUCORP_STO_RAZ_PORC_MONT,Banco Itaú Chile,8.908029617265663
2026-06-01,CMF_CONT_RENTAB_ROAE_DESPUES_IMPTOS_AGIFI_BITAUCORP_STO_RAZ_PORC_MONT,Banco Itaú Chile,9.429264361216683
2026-07-01,CMF_CONT_RENTAB_ROAE_DESPUES_IMPTOS_AGIFI_BITAUCORP_STO_RAZ_PORC_MONT,Banco Itaú Chile,6.071428485177688
2025-08-01,CMF_CONT_RENTAB_ROAE_DESPUES_IMPTOS_AGIFI_BKCH_STO_RAZ_PORC_MONT,Bank of China,4.327989187719717
2025-09-01,CMF_CONT_RENTAB_ROAE_DESPUES_IMPTOS_AGIFI_BKCH_STO_RAZ_PORC_MONT,Bank of China,3.895231503398236
2025-10-01,CMF_CONT_RENTAB_ROAE_DESPUES_IMPTOS_AGIFI_BKCH_STO_RAZ_PORC_MONT,Bank of China,4.149770882063134
2025-11-01,CMF_CONT_RENTAB_ROAE_DESPUES_IMPTOS_AGIFI_BKCH_STO_RAZ_PORC_MONT,Bank of China,4.177096275419145
2025-12-01,CMF_CONT_RENTAB_ROAE_DESPUES_IMPTOS_AGIFI_BKCH_STO_RAZ_PORC_MONT,Bank of China,4.704363602157299
2026-01-01,CMF_CONT_RENTAB_ROAE_DESPUES_IMPTOS_AGIFI_BKCH_STO_RAZ_PORC_MONT,Bank of China,4.960710138854995
2026-02-01,CMF_CONT_RENTAB_ROAE_DESPUES_IMPTOS_AGIFI_BKCH_STO_RAZ_PORC_MONT,Bank of China,4.619879237291388
2026-03-01,CMF_CONT_RENTAB_ROAE_DESPUES_IMPTOS_AGIFI_BKCH_STO_RAZ_PORC_MONT,Bank of China,4.586750085129345
2026-04-01,CMF_CONT_RENTAB_ROAE_DESPUES_IMPTOS_AGIFI_BKCH_STO_RAZ_PORC_MONT,Bank of China,4.704335561833379
2026-05-01,CMF_CONT_RENTAB_ROAE_DESPUES_IMPTOS_AGIFI_BKCH_STO_RAZ_PORC_MONT,Bank of China,3.8500297630286444
2026-06-01,CMF_CONT_RENTAB_ROAE_DESPUES_IMPTOS_AGIFI_BKCH_STO_RAZ_PORC_MONT,Bank of China,4.078093769221789
2026-07-01,CMF_CONT_RENTAB_ROAE_DESPUES_IMPTOS_AGIFI_BKCH_STO_RAZ_PORC_MONT,Bank of China,4.413394026157471
2025-08-01,CMF_CONT_RENTAB_ROAE_DESPUES_IMPTOS_AGIFI_BRIPL_STO_RAZ_PORC_MONT,Banco Ripley,15.740642512927481
2025-09-01,CMF_CONT_RENTAB_ROAE_DESPUES_IMPTOS_AGIFI_BRIPL_STO_RAZ_PORC_MONT,Banco Ripley,15.580101048895811
2025-10-01,CMF_CONT_RENTAB_ROAE_DESPUES_IMPTOS_AGIFI_BRIPL_STO_RAZ_PORC_MONT,Banco Ripley,15.290705810512454
2025-11-01,CMF_CONT_RENTAB_ROAE_DESPUES_IMPTOS_AGIFI_BRIPL_STO_RAZ_PORC_MONT,Banco Ripley,14.917763347090915
2025-12-01,CMF_CONT_RENTAB_ROAE_DESPUES_IMPTOS_AGIFI_BRIPL_STO_RAZ_PORC_MONT,Banco Ripley,15.710779569526053
2026-01-01,CMF_CONT_RENTAB_ROAE_DESPUES_IMPTOS_AGIFI_BRIPL_STO_RAZ_PORC_MONT,Banco Ripley,15.459492204988805
2026-02-01,CMF_CONT_RENTAB_ROAE_DESPUES_IMPTOS_AGIFI_BRIPL_STO_RAZ_PORC_MONT,Banco Ripley,14.431483849803818
2026-03-01,CMF_CONT_RENTAB_ROAE_DESPUES_IMPTOS_AGIFI_BRIPL_STO_RAZ_PORC_MONT,Banco Ripley,13.860073342305848
2026-04-01,CMF_CONT_RENTAB_ROAE_DESPUES_IMPTOS_AGIFI_BRIPL_STO_RAZ_PORC_MONT,Banco Ripley,14.251242598175093
2026-05-01,CMF_CONT_RENTAB_ROAE_DESPUES_IMPTOS_AGIFI_BRIPL_STO_RAZ_PORC_MONT,Banco Ripley,14.64768294659845
2026-06-01,CMF_CONT_RENTAB_ROAE_DESPUES_IMPTOS_AGIFI_BRIPL_STO_RAZ_PORC_MONT,Banco Ripley,13.872962712918982
2026-07-01,CMF_CONT_RENTAB_ROAE_DESPUES_IMPTOS_AGIFI_BRIPL_STO_RAZ_PORC_MONT,Banco Ripley,14.087690821351773
2025-08-01,CMF_CONT_RENTAB_ROAE_DESPUES_IMPTOS_AGIFI_BSANT_STO_RAZ_PORC_MONT,Banco Santander-Chile,24.280163253616767
2025-09-01,CMF_CONT_RENTAB_ROAE_DESPUES_IMPTOS_AGIFI_BSANT_STO_RAZ_PORC_MONT,Banco Santander-Chile,24.07805625008089
2025-10-01,CMF_CONT_RENTAB_ROAE_DESPUES_IMPTOS_AGIFI_BSANT_STO_RAZ_PORC_MONT,Banco Santander-Chile,24.18878405416132
2025-11-01,CMF_CONT_RENTAB_ROAE_DESPUES_IMPTOS_AGIFI_BSANT_STO_RAZ_PORC_MONT,Banco Santander-Chile,23.380118052990774
2025-12-01,CMF_CONT_RENTAB_ROAE_DESPUES_IMPTOS_AGIFI_BSANT_STO_RAZ_PORC_MONT,Banco Santander-Chile,23.245480461893997
2026-01-01,CMF_CONT_RENTAB_ROAE_DESPUES_IMPTOS_AGIFI_BSANT_STO_RAZ_PORC_MONT,Banco Santander-Chile,23.420398798992462
2026-02-01,CMF_CONT_RENTAB_ROAE_DESPUES_IMPTOS_AGIFI_BSANT_STO_RAZ_PORC_MONT,Banco Santander-Chile,22.64913915313784
2026-03-01,CMF_CONT_RENTAB_ROAE_DESPUES_IMPTOS_AGIFI_BSANT_STO_RAZ_PORC_MONT,Banco Santander-Chile,22.638624103590114
2026-04-01,CMF_CONT_RENTAB_ROAE_DESPUES_IMPTOS_AGIFI_BSANT_STO_RAZ_PORC_MONT,Banco Santander-Chile,22.89451913447743
2026-05-01,CMF_CONT_RENTAB_ROAE_DESPUES_IMPTOS_AGIFI_BSANT_STO_RAZ_PORC_MONT,Banco Santander-Chile,24.251375495704263
2026-06-01,CMF_CONT_RENTAB_ROAE_DESPUES_IMPTOS_AGIFI_BSANT_STO_RAZ_PORC_MONT,Banco Santander-Chile,24.465919199566997
2026-07-01,CMF_CONT_RENTAB_ROAE_DESPUES_IMPTOS_AGIFI_BSANT_STO_RAZ_PORC_MONT,Banco Santander-Chile,24.78073877074735
2025-08-01,CMF_CONT_RENTAB_ROAE_DESPUES_IMPTOS_AGIFI_BSCOT_STO_RAZ_PORC_MONT,Scotiabank Chile,11.556095579047316
2025-09-01,CMF_CONT_RENTAB_ROAE_DESPUES_IMPTOS_AGIFI_BSCOT_STO_RAZ_PORC_MONT,Scotiabank Chile,11.2421616437033
2025-10-01,CMF_CONT_RENTAB_ROAE_DESPUES_IMPTOS_AGIFI_BSCOT_STO_RAZ_PORC_MONT,Scotiabank Chile,11.429923840582541
2025-11-01,CMF_CONT_RENTAB_ROAE_DESPUES_IMPTOS_AGIFI_BSCOT_STO_RAZ_PORC_MONT,Scotiabank Chile,10.989464412862786
2025-12-01,CMF_CONT_RENTAB_ROAE_DESPUES_IMPTOS_AGIFI_BSCOT_STO_RAZ_PORC_MONT,Scotiabank Chile,10.768345650167989
2026-01-01,CMF_CONT_RENTAB_ROAE_DESPUES_IMPTOS_AGIFI_BSCOT_STO_RAZ_PORC_MONT,Scotiabank Chile,12.554447570874636
2026-02-01,CMF_CONT_RENTAB_ROAE_DESPUES_IMPTOS_AGIFI_BSCOT_STO_RAZ_PORC_MONT,Scotiabank Chile,12.21019381678466
2026-03-01,CMF_CONT_RENTAB_ROAE_DESPUES_IMPTOS_AGIFI_BSCOT_STO_RAZ_PORC_MONT,Scotiabank Chile,11.686446954009929
2026-04-01,CMF_CONT_RENTAB_ROAE_DESPUES_IMPTOS_AGIFI_BSCOT_STO_RAZ_PORC_MONT,Scotiabank Chile,12.072448323683053
2026-05-01,CMF_CONT_RENTAB_ROAE_DESPUES_IMPTOS_AGIFI_BSCOT_STO_RAZ_PORC_MONT,Scotiabank Chile,12.201636016670038
2026-06-01,CMF_CONT_RENTAB_ROAE_DESPUES_IMPTOS_AGIFI_BSCOT_STO_RAZ_PORC_MONT,Scotiabank Chile,12.301446986760958
2026-07-01,CMF_CONT_RENTAB_ROAE_DESPUES_IMPTOS_AGIFI_BSCOT_STO_RAZ_PORC_MONT,Scotiabank Chile,11.859623449005024
2025-08-01,CMF_CONT_RENTAB_ROAE_DESPUES_IMPTOS_AGIFI_BSEC_STO_RAZ_PORC_MONT,Banco Security,10.768156335702644
2025-09-01,CMF_CONT_RENTAB_ROAE_DESPUES_IMPTOS_AGIFI_BSEC_STO_RAZ_PORC_MONT,Banco Security,10.292791659828813
2025-10-01,CMF_CONT_RENTAB_ROAE_DESPUES_IMPTOS_AGIFI_BSEC_STO_RAZ_PORC_MONT,Banco Security,8.220793246089112
2025-08-01,CMF_CONT_RENTAB_ROAE_DESPUES_IMPTOS_AGIFI_CHCONBANK_STO_RAZ_PORC_MONT,China Construction Bank,5.006589552172079
2025-09-01,CMF_CONT_RENTAB_ROAE_DESPUES_IMPTOS_AGIFI_CHCONBANK_STO_RAZ_PORC_MONT,China Construction Bank,5.985984965433698
2025-10-01,CMF_CONT_RENTAB_ROAE_DESPUES_IMPTOS_AGIFI_CHCONBANK_STO_RAZ_PORC_MONT,China Construction Bank,5.702524651060378
2025-11-01,CMF_CONT_RENTAB_ROAE_DESPUES_IMPTOS_AGIFI_CHCONBANK_STO_RAZ_PORC_MONT,China Construction Bank,4.939157186407602
2025-12-01,CMF_CONT_RENTAB_ROAE_DESPUES_IMPTOS_AGIFI_CHCONBANK_STO_RAZ_PORC_MONT,China Construction Bank,5.730166627864506
2026-01-01,CMF_CONT_RENTAB_ROAE_DESPUES_IMPTOS_AGIFI_CHCONBANK_STO_RAZ_PORC_MONT,China Construction Bank,6.115969359172892
2026-02-01,CMF_CONT_RENTAB_ROAE_DESPUES_IMPTOS_AGIFI_CHCONBANK_STO_RAZ_PORC_MONT,China Construction Bank,5.69475501331437
2026-03-01,CMF_CONT_RENTAB_ROAE_DESPUES_IMPTOS_AGIFI_CHCONBANK_STO_RAZ_PORC_MONT,China Construction Bank,5.247509260375184
2026-04-01,CMF_CONT_RENTAB_ROAE_DESPUES_IMPTOS_AGIFI_CHCONBANK_STO_RAZ_PORC_MONT,China Construction Bank,5.2716652164661655
2026-05-01,CMF_CONT_RENTAB_ROAE_DESPUES_IMPTOS_AGIFI_CHCONBANK_STO_RAZ_PORC_MONT,China Construction Bank,5.5831676146899625
2026-06-01,CMF_CONT_RENTAB_ROAE_DESPUES_IMPTOS_AGIFI_CHCONBANK_STO_RAZ_PORC_MONT,China Construction Bank,4.909059964852016
2026-07-01,CMF_CONT_RENTAB_ROAE_DESPUES_IMPTOS_AGIFI_CHCONBANK_STO_RAZ_PORC_MONT,China Construction Bank,4.906511230215466
2025-08-01,CMF_CONT_RENTAB_ROAE_DESPUES_IMPTOS_AGIFI_HSBC_STO_RAZ_PORC_MONT,Hsbc Bank (Chile),12.901101104206665
2025-09-01,CMF_CONT_RENTAB_ROAE_DESPUES_IMPTOS_AGIFI_HSBC_STO_RAZ_PORC_MONT,Hsbc Bank (Chile),11.943442108019783
2025-10-01,CMF_CONT_RENTAB_ROAE_DESPUES_IMPTOS_AGIFI_HSBC_STO_RAZ_PORC_MONT,Hsbc Bank (Chile),10.982699978766629
2025-11-01,CMF_CONT_RENTAB_ROAE_DESPUES_IMPTOS_AGIFI_HSBC_STO_RAZ_PORC_MONT,Hsbc Bank (Chile),10.96217994331628
2025-12-01,CMF_CONT_RENTAB_ROAE_DESPUES_IMPTOS_AGIFI_HSBC_STO_RAZ_PORC_MONT,Hsbc Bank (Chile),14.033013023156633
2026-01-01,CMF_CONT_RENTAB_ROAE_DESPUES_IMPTOS_AGIFI_HSBC_STO_RAZ_PORC_MONT,Hsbc Bank (Chile),15.213899006614877
2026-02-01,CMF_CONT_RENTAB_ROAE_DESPUES_IMPTOS_AGIFI_HSBC_STO_RAZ_PORC_MONT,Hsbc Bank (Chile),17.147690946225044
2026-03-01,CMF_CONT_RENTAB_ROAE_DESPUES_IMPTOS_AGIFI_HSBC_STO_RAZ_PORC_MONT,Hsbc Bank (Chile),17.951112881860134
2026-04-01,CMF_CONT_RENTAB_ROAE_DESPUES_IMPTOS_AGIFI_HSBC_STO_RAZ_PORC_MONT,Hsbc Bank (Chile),19.575201226126644
2026-05-01,CMF_CONT_RENTAB_ROAE_DESPUES_IMPTOS_AGIFI_HSBC_STO_RAZ_PORC_MONT,Hsbc Bank (Chile),21.6729498726289
2026-06-01,CMF_CONT_RENTAB_ROAE_DESPUES_IMPTOS_AGIFI_HSBC_STO_RAZ_PORC_MONT,Hsbc Bank (Chile),20.973645436041643
2026-07-01,CMF_CONT_RENTAB_ROAE_DESPUES_IMPTOS_AGIFI_HSBC_STO_RAZ_PORC_MONT,Hsbc Bank (Chile),21.28641047506811
2025-08-01,CMF_CONT_RENTAB_ROAE_DESPUES_IMPTOS_AGIFI_JPMGC_STO_RAZ_PORC_MONT,Jp Morgan Chase Bank. N. A.,7.625007764115004
2025-09-01,CMF_CONT_RENTAB_ROAE_DESPUES_IMPTOS_AGIFI_JPMGC_STO_RAZ_PORC_MONT,Jp Morgan Chase Bank. N. A.,7.084187559636966
2025-10-01,CMF_CONT_RENTAB_ROAE_DESPUES_IMPTOS_AGIFI_JPMGC_STO_RAZ_PORC_MONT,Jp Morgan Chase Bank. N. A.,7.149247465277084
2025-11-01,CMF_CONT_RENTAB_ROAE_DESPUES_IMPTOS_AGIFI_JPMGC_STO_RAZ_PORC_MONT,Jp Morgan Chase Bank. N. A.,7.419036105158548
2025-12-01,CMF_CONT_RENTAB_ROAE_DESPUES_IMPTOS_AGIFI_JPMGC_STO_RAZ_PORC_MONT,Jp Morgan Chase Bank. N. A.,7.86929034168944
2026-01-01,CMF_CONT_RENTAB_ROAE_DESPUES_IMPTOS_AGIFI_JPMGC_STO_RAZ_PORC_MONT,Jp Morgan Chase Bank. N. A.,8.63724666385236
2026-02-01,CMF_CONT_RENTAB_ROAE_DESPUES_IMPTOS_AGIFI_JPMGC_STO_RAZ_PORC_MONT,Jp Morgan Chase Bank. N. A.,7.849497874799835
2026-03-01,CMF_CONT_RENTAB_ROAE_DESPUES_IMPTOS_AGIFI_JPMGC_STO_RAZ_PORC_MONT,Jp Morgan Chase Bank. N. A.,9.027657082978832
2026-04-01,CMF_CONT_RENTAB_ROAE_DESPUES_IMPTOS_AGIFI_JPMGC_STO_RAZ_PORC_MONT,Jp Morgan Chase Bank. N. A.,8.571446177711882
2026-05-01,CMF_CONT_RENTAB_ROAE_DESPUES_IMPTOS_AGIFI_JPMGC_STO_RAZ_PORC_MONT,Jp Morgan Chase Bank. N. A.,8.992112327021955
2026-06-01,CMF_CONT_RENTAB_ROAE_DESPUES_IMPTOS_AGIFI_JPMGC_STO_RAZ_PORC_MONT,Jp Morgan Chase Bank. N. A.,8.898367300994238
2026-07-01,CMF_CONT_RENTAB_ROAE_DESPUES_IMPTOS_AGIFI_JPMGC_STO_RAZ_PORC_MONT,Jp Morgan Chase Bank. N. A.,10.396049170854997
