fecha,codigo_serie,nombre,valor
2019-08-01,CMF_CONT_CARDETER_CONSOL_CCA_AGIFI_BBRA_STO_RAZ_PORC_MONT,Banco Do Brasil S.A.,5.262773367103405
2019-09-01,CMF_CONT_CARDETER_CONSOL_CCA_AGIFI_BBRA_STO_RAZ_PORC_MONT,Banco Do Brasil S.A.,4.686720596846603
2019-10-01,CMF_CONT_CARDETER_CONSOL_CCA_AGIFI_BBRA_STO_RAZ_PORC_MONT,Banco Do Brasil S.A.,4.222434983098537
2019-11-01,CMF_CONT_CARDETER_CONSOL_CCA_AGIFI_BBRA_STO_RAZ_PORC_MONT,Banco Do Brasil S.A.,0.0
2019-12-01,CMF_CONT_CARDETER_CONSOL_CCA_AGIFI_BBRA_STO_RAZ_PORC_MONT,Banco Do Brasil S.A.,4.12748069214977
2020-01-01,CMF_CONT_CARDETER_CONSOL_CCA_AGIFI_BBRA_STO_RAZ_PORC_MONT,Banco Do Brasil S.A.,0.0
2020-02-01,CMF_CONT_CARDETER_CONSOL_CCA_AGIFI_BBRA_STO_RAZ_PORC_MONT,Banco Do Brasil S.A.,0.0
2020-03-01,CMF_CONT_CARDETER_CONSOL_CCA_AGIFI_BBRA_STO_RAZ_PORC_MONT,Banco Do Brasil S.A.,0.0
2020-04-01,CMF_CONT_CARDETER_CONSOL_CCA_AGIFI_BBRA_STO_RAZ_PORC_MONT,Banco Do Brasil S.A.,5.8005976041009895
2020-05-01,CMF_CONT_CARDETER_CONSOL_CCA_AGIFI_BBRA_STO_RAZ_PORC_MONT,Banco Do Brasil S.A.,5.227660152679299
2020-06-01,CMF_CONT_CARDETER_CONSOL_CCA_AGIFI_BBRA_STO_RAZ_PORC_MONT,Banco Do Brasil S.A.,4.740292486132123
2020-07-01,CMF_CONT_CARDETER_CONSOL_CCA_AGIFI_BBRA_STO_RAZ_PORC_MONT,Banco Do Brasil S.A.,4.908497270008506
2019-08-01,CMF_CONT_CARDETER_CONSOL_CCA_AGIFI_BBTGP_STO_RAZ_PORC_MONT,Banco BTG Pactual Chile,1.3032930194320504
2019-09-01,CMF_CONT_CARDETER_CONSOL_CCA_AGIFI_BBTGP_STO_RAZ_PORC_MONT,Banco BTG Pactual Chile,1.0750557287812523
2019-10-01,CMF_CONT_CARDETER_CONSOL_CCA_AGIFI_BBTGP_STO_RAZ_PORC_MONT,Banco BTG Pactual Chile,1.0495336947616225
2019-11-01,CMF_CONT_CARDETER_CONSOL_CCA_AGIFI_BBTGP_STO_RAZ_PORC_MONT,Banco BTG Pactual Chile,0.9910906669067101
2019-12-01,CMF_CONT_CARDETER_CONSOL_CCA_AGIFI_BBTGP_STO_RAZ_PORC_MONT,Banco BTG Pactual Chile,0.9616947409737463
2020-01-01,CMF_CONT_CARDETER_CONSOL_CCA_AGIFI_BBTGP_STO_RAZ_PORC_MONT,Banco BTG Pactual Chile,1.4962696965764601
2020-02-01,CMF_CONT_CARDETER_CONSOL_CCA_AGIFI_BBTGP_STO_RAZ_PORC_MONT,Banco BTG Pactual Chile,1.4957819563289725
2020-03-01,CMF_CONT_CARDETER_CONSOL_CCA_AGIFI_BBTGP_STO_RAZ_PORC_MONT,Banco BTG Pactual Chile,1.43414217575982
2020-04-01,CMF_CONT_CARDETER_CONSOL_CCA_AGIFI_BBTGP_STO_RAZ_PORC_MONT,Banco BTG Pactual Chile,1.275936728560441
2020-05-01,CMF_CONT_CARDETER_CONSOL_CCA_AGIFI_BBTGP_STO_RAZ_PORC_MONT,Banco BTG Pactual Chile,2.709568322022281
2020-06-01,CMF_CONT_CARDETER_CONSOL_CCA_AGIFI_BBTGP_STO_RAZ_PORC_MONT,Banco BTG Pactual Chile,2.6102699979339667
2020-07-01,CMF_CONT_CARDETER_CONSOL_CCA_AGIFI_BBTGP_STO_RAZ_PORC_MONT,Banco BTG Pactual Chile,2.53810280271783
2019-08-01,CMF_CONT_CARDETER_CONSOL_CCA_AGIFI_BCHI_STO_RAZ_PORC_MONT,Banco de Chile,2.7095116089170426
2019-09-01,CMF_CONT_CARDETER_CONSOL_CCA_AGIFI_BCHI_STO_RAZ_PORC_MONT,Banco de Chile,2.7269765532503194
2019-10-01,CMF_CONT_CARDETER_CONSOL_CCA_AGIFI_BCHI_STO_RAZ_PORC_MONT,Banco de Chile,2.7404967721073117
2019-11-01,CMF_CONT_CARDETER_CONSOL_CCA_AGIFI_BCHI_STO_RAZ_PORC_MONT,Banco de Chile,2.7821328783933246
2019-12-01,CMF_CONT_CARDETER_CONSOL_CCA_AGIFI_BCHI_STO_RAZ_PORC_MONT,Banco de Chile,2.901743776074688
2020-01-01,CMF_CONT_CARDETER_CONSOL_CCA_AGIFI_BCHI_STO_RAZ_PORC_MONT,Banco de Chile,2.9035594762498054
2020-02-01,CMF_CONT_CARDETER_CONSOL_CCA_AGIFI_BCHI_STO_RAZ_PORC_MONT,Banco de Chile,2.9422076300673528
2020-03-01,CMF_CONT_CARDETER_CONSOL_CCA_AGIFI_BCHI_STO_RAZ_PORC_MONT,Banco de Chile,2.9239464061818112
2020-04-01,CMF_CONT_CARDETER_CONSOL_CCA_AGIFI_BCHI_STO_RAZ_PORC_MONT,Banco de Chile,3.1618989062527127
2020-05-01,CMF_CONT_CARDETER_CONSOL_CCA_AGIFI_BCHI_STO_RAZ_PORC_MONT,Banco de Chile,3.5122995371324204
2020-06-01,CMF_CONT_CARDETER_CONSOL_CCA_AGIFI_BCHI_STO_RAZ_PORC_MONT,Banco de Chile,3.5405714527648895
2020-07-01,CMF_CONT_CARDETER_CONSOL_CCA_AGIFI_BCHI_STO_RAZ_PORC_MONT,Banco de Chile,3.9410818658248226
2019-08-01,CMF_CONT_CARDETER_CONSOL_CCA_AGIFI_BCI_STO_RAZ_PORC_MONT,Banco de Credito e Inversiones,4.1382947381695185
2019-09-01,CMF_CONT_CARDETER_CONSOL_CCA_AGIFI_BCI_STO_RAZ_PORC_MONT,Banco de Credito e Inversiones,4.153945501684796
2019-10-01,CMF_CONT_CARDETER_CONSOL_CCA_AGIFI_BCI_STO_RAZ_PORC_MONT,Banco de Credito e Inversiones,4.097413425252471
2019-11-01,CMF_CONT_CARDETER_CONSOL_CCA_AGIFI_BCI_STO_RAZ_PORC_MONT,Banco de Credito e Inversiones,4.016712526143258
2019-12-01,CMF_CONT_CARDETER_CONSOL_CCA_AGIFI_BCI_STO_RAZ_PORC_MONT,Banco de Credito e Inversiones,4.084091396809388
2020-01-01,CMF_CONT_CARDETER_CONSOL_CCA_AGIFI_BCI_STO_RAZ_PORC_MONT,Banco de Credito e Inversiones,4.0765635501678394
2020-02-01,CMF_CONT_CARDETER_CONSOL_CCA_AGIFI_BCI_STO_RAZ_PORC_MONT,Banco de Credito e Inversiones,4.019052722209139
2020-03-01,CMF_CONT_CARDETER_CONSOL_CCA_AGIFI_BCI_STO_RAZ_PORC_MONT,Banco de Credito e Inversiones,3.9208088481069825
2020-04-01,CMF_CONT_CARDETER_CONSOL_CCA_AGIFI_BCI_STO_RAZ_PORC_MONT,Banco de Credito e Inversiones,3.948333275052008
2020-05-01,CMF_CONT_CARDETER_CONSOL_CCA_AGIFI_BCI_STO_RAZ_PORC_MONT,Banco de Credito e Inversiones,3.934486316334466
2020-06-01,CMF_CONT_CARDETER_CONSOL_CCA_AGIFI_BCI_STO_RAZ_PORC_MONT,Banco de Credito e Inversiones,4.082062320510348
2020-07-01,CMF_CONT_CARDETER_CONSOL_CCA_AGIFI_BCI_STO_RAZ_PORC_MONT,Banco de Credito e Inversiones,4.193171328711194
2019-08-01,CMF_CONT_CARDETER_CONSOL_CCA_AGIFI_BCON_STO_RAZ_PORC_MONT,Banco Consorcio,3.1532827652323583
2019-09-01,CMF_CONT_CARDETER_CONSOL_CCA_AGIFI_BCON_STO_RAZ_PORC_MONT,Banco Consorcio,3.1013229141644647
2019-10-01,CMF_CONT_CARDETER_CONSOL_CCA_AGIFI_BCON_STO_RAZ_PORC_MONT,Banco Consorcio,4.178351902993168
2019-11-01,CMF_CONT_CARDETER_CONSOL_CCA_AGIFI_BCON_STO_RAZ_PORC_MONT,Banco Consorcio,4.421823435923065
2019-12-01,CMF_CONT_CARDETER_CONSOL_CCA_AGIFI_BCON_STO_RAZ_PORC_MONT,Banco Consorcio,4.332552052668355
2020-01-01,CMF_CONT_CARDETER_CONSOL_CCA_AGIFI_BCON_STO_RAZ_PORC_MONT,Banco Consorcio,4.2987329289107254
2020-02-01,CMF_CONT_CARDETER_CONSOL_CCA_AGIFI_BCON_STO_RAZ_PORC_MONT,Banco Consorcio,4.265707314360432
2020-03-01,CMF_CONT_CARDETER_CONSOL_CCA_AGIFI_BCON_STO_RAZ_PORC_MONT,Banco Consorcio,4.164278059036602
2020-04-01,CMF_CONT_CARDETER_CONSOL_CCA_AGIFI_BCON_STO_RAZ_PORC_MONT,Banco Consorcio,4.214202147085552
2020-05-01,CMF_CONT_CARDETER_CONSOL_CCA_AGIFI_BCON_STO_RAZ_PORC_MONT,Banco Consorcio,4.650678774091574
2020-06-01,CMF_CONT_CARDETER_CONSOL_CCA_AGIFI_BCON_STO_RAZ_PORC_MONT,Banco Consorcio,4.68465300558133
2020-07-01,CMF_CONT_CARDETER_CONSOL_CCA_AGIFI_BCON_STO_RAZ_PORC_MONT,Banco Consorcio,4.811474626050133
2019-08-01,CMF_CONT_CARDETER_CONSOL_CCA_AGIFI_BECH_STO_RAZ_PORC_MONT,Banco del Estado de Chile,7.864124333918604
2019-09-01,CMF_CONT_CARDETER_CONSOL_CCA_AGIFI_BECH_STO_RAZ_PORC_MONT,Banco del Estado de Chile,7.855036619411759
2019-10-01,CMF_CONT_CARDETER_CONSOL_CCA_AGIFI_BECH_STO_RAZ_PORC_MONT,Banco del Estado de Chile,7.930441897264901
2019-11-01,CMF_CONT_CARDETER_CONSOL_CCA_AGIFI_BECH_STO_RAZ_PORC_MONT,Banco del Estado de Chile,7.915302422115958
2019-12-01,CMF_CONT_CARDETER_CONSOL_CCA_AGIFI_BECH_STO_RAZ_PORC_MONT,Banco del Estado de Chile,8.102286319803426
2020-01-01,CMF_CONT_CARDETER_CONSOL_CCA_AGIFI_BECH_STO_RAZ_PORC_MONT,Banco del Estado de Chile,8.223812811696263
2020-02-01,CMF_CONT_CARDETER_CONSOL_CCA_AGIFI_BECH_STO_RAZ_PORC_MONT,Banco del Estado de Chile,8.294905364680412
2020-03-01,CMF_CONT_CARDETER_CONSOL_CCA_AGIFI_BECH_STO_RAZ_PORC_MONT,Banco del Estado de Chile,8.310604996232117
2020-04-01,CMF_CONT_CARDETER_CONSOL_CCA_AGIFI_BECH_STO_RAZ_PORC_MONT,Banco del Estado de Chile,8.555178572116304
2020-05-01,CMF_CONT_CARDETER_CONSOL_CCA_AGIFI_BECH_STO_RAZ_PORC_MONT,Banco del Estado de Chile,8.73604369519689
2020-06-01,CMF_CONT_CARDETER_CONSOL_CCA_AGIFI_BECH_STO_RAZ_PORC_MONT,Banco del Estado de Chile,8.801830120705974
2020-07-01,CMF_CONT_CARDETER_CONSOL_CCA_AGIFI_BECH_STO_RAZ_PORC_MONT,Banco del Estado de Chile,9.304697323280731
2019-08-01,CMF_CONT_CARDETER_CONSOL_CCA_AGIFI_BFALA_STO_RAZ_PORC_MONT,Banco Falabella,6.227309852087076
2019-09-01,CMF_CONT_CARDETER_CONSOL_CCA_AGIFI_BFALA_STO_RAZ_PORC_MONT,Banco Falabella,6.313836595801956
2019-10-01,CMF_CONT_CARDETER_CONSOL_CCA_AGIFI_BFALA_STO_RAZ_PORC_MONT,Banco Falabella,6.403167993142107
2019-11-01,CMF_CONT_CARDETER_CONSOL_CCA_AGIFI_BFALA_STO_RAZ_PORC_MONT,Banco Falabella,6.579601898485901
2019-12-01,CMF_CONT_CARDETER_CONSOL_CCA_AGIFI_BFALA_STO_RAZ_PORC_MONT,Banco Falabella,6.666981981060684
2020-01-01,CMF_CONT_CARDETER_CONSOL_CCA_AGIFI_BFALA_STO_RAZ_PORC_MONT,Banco Falabella,6.8990735296697
2020-02-01,CMF_CONT_CARDETER_CONSOL_CCA_AGIFI_BFALA_STO_RAZ_PORC_MONT,Banco Falabella,7.0225455857924395
2020-03-01,CMF_CONT_CARDETER_CONSOL_CCA_AGIFI_BFALA_STO_RAZ_PORC_MONT,Banco Falabella,7.05182738336614
2020-04-01,CMF_CONT_CARDETER_CONSOL_CCA_AGIFI_BFALA_STO_RAZ_PORC_MONT,Banco Falabella,7.418599309659646
2020-05-01,CMF_CONT_CARDETER_CONSOL_CCA_AGIFI_BFALA_STO_RAZ_PORC_MONT,Banco Falabella,7.917985943578394
2020-06-01,CMF_CONT_CARDETER_CONSOL_CCA_AGIFI_BFALA_STO_RAZ_PORC_MONT,Banco Falabella,8.788384876272676
2020-07-01,CMF_CONT_CARDETER_CONSOL_CCA_AGIFI_BFALA_STO_RAZ_PORC_MONT,Banco Falabella,9.275173433949075
2019-08-01,CMF_CONT_CARDETER_CONSOL_CCA_AGIFI_BICE_STO_RAZ_PORC_MONT,Banco Bice,2.453152270260824
2019-09-01,CMF_CONT_CARDETER_CONSOL_CCA_AGIFI_BICE_STO_RAZ_PORC_MONT,Banco Bice,2.242011253170282
2019-10-01,CMF_CONT_CARDETER_CONSOL_CCA_AGIFI_BICE_STO_RAZ_PORC_MONT,Banco Bice,2.3793428037758755
2019-11-01,CMF_CONT_CARDETER_CONSOL_CCA_AGIFI_BICE_STO_RAZ_PORC_MONT,Banco Bice,2.411164154416278
2019-12-01,CMF_CONT_CARDETER_CONSOL_CCA_AGIFI_BICE_STO_RAZ_PORC_MONT,Banco Bice,2.3511515336389106
2020-01-01,CMF_CONT_CARDETER_CONSOL_CCA_AGIFI_BICE_STO_RAZ_PORC_MONT,Banco Bice,2.2034901539058
2020-02-01,CMF_CONT_CARDETER_CONSOL_CCA_AGIFI_BICE_STO_RAZ_PORC_MONT,Banco Bice,2.202471738543686
2020-03-01,CMF_CONT_CARDETER_CONSOL_CCA_AGIFI_BICE_STO_RAZ_PORC_MONT,Banco Bice,2.1654849680561314
2020-04-01,CMF_CONT_CARDETER_CONSOL_CCA_AGIFI_BICE_STO_RAZ_PORC_MONT,Banco Bice,2.1599112185198406
2020-05-01,CMF_CONT_CARDETER_CONSOL_CCA_AGIFI_BICE_STO_RAZ_PORC_MONT,Banco Bice,2.1798426907048687
2020-06-01,CMF_CONT_CARDETER_CONSOL_CCA_AGIFI_BICE_STO_RAZ_PORC_MONT,Banco Bice,2.492484165201704
2020-07-01,CMF_CONT_CARDETER_CONSOL_CCA_AGIFI_BICE_STO_RAZ_PORC_MONT,Banco Bice,2.504555592297355
2019-08-01,CMF_CONT_CARDETER_CONSOL_CCA_AGIFI_BINTE_STO_RAZ_PORC_MONT,Banco Internacional,7.190611782728877
2019-09-01,CMF_CONT_CARDETER_CONSOL_CCA_AGIFI_BINTE_STO_RAZ_PORC_MONT,Banco Internacional,7.183479555763612
2019-10-01,CMF_CONT_CARDETER_CONSOL_CCA_AGIFI_BINTE_STO_RAZ_PORC_MONT,Banco Internacional,7.400618226892355
2019-11-01,CMF_CONT_CARDETER_CONSOL_CCA_AGIFI_BINTE_STO_RAZ_PORC_MONT,Banco Internacional,5.712814826548392
2019-12-01,CMF_CONT_CARDETER_CONSOL_CCA_AGIFI_BINTE_STO_RAZ_PORC_MONT,Banco Internacional,6.046486917517076
2020-01-01,CMF_CONT_CARDETER_CONSOL_CCA_AGIFI_BINTE_STO_RAZ_PORC_MONT,Banco Internacional,5.9944953158290515
2020-02-01,CMF_CONT_CARDETER_CONSOL_CCA_AGIFI_BINTE_STO_RAZ_PORC_MONT,Banco Internacional,6.039680072487343
2020-03-01,CMF_CONT_CARDETER_CONSOL_CCA_AGIFI_BINTE_STO_RAZ_PORC_MONT,Banco Internacional,5.848279059505007
2020-04-01,CMF_CONT_CARDETER_CONSOL_CCA_AGIFI_BINTE_STO_RAZ_PORC_MONT,Banco Internacional,5.819103731350525
2020-05-01,CMF_CONT_CARDETER_CONSOL_CCA_AGIFI_BINTE_STO_RAZ_PORC_MONT,Banco Internacional,7.285589408576245
2020-06-01,CMF_CONT_CARDETER_CONSOL_CCA_AGIFI_BINTE_STO_RAZ_PORC_MONT,Banco Internacional,7.300992034584311
2020-07-01,CMF_CONT_CARDETER_CONSOL_CCA_AGIFI_BINTE_STO_RAZ_PORC_MONT,Banco Internacional,7.556735589087141
2019-08-01,CMF_CONT_CARDETER_CONSOL_CCA_AGIFI_BITAUCORP_STO_RAZ_PORC_MONT,Banco Itaú Chile,5.826981433961786
2019-09-01,CMF_CONT_CARDETER_CONSOL_CCA_AGIFI_BITAUCORP_STO_RAZ_PORC_MONT,Banco Itaú Chile,5.697479057053348
2019-10-01,CMF_CONT_CARDETER_CONSOL_CCA_AGIFI_BITAUCORP_STO_RAZ_PORC_MONT,Banco Itaú Chile,6.206566988364373
2019-11-01,CMF_CONT_CARDETER_CONSOL_CCA_AGIFI_BITAUCORP_STO_RAZ_PORC_MONT,Banco Itaú Chile,6.271040964031631
2019-12-01,CMF_CONT_CARDETER_CONSOL_CCA_AGIFI_BITAUCORP_STO_RAZ_PORC_MONT,Banco Itaú Chile,6.315687632371782
2020-01-01,CMF_CONT_CARDETER_CONSOL_CCA_AGIFI_BITAUCORP_STO_RAZ_PORC_MONT,Banco Itaú Chile,6.477661209306771
2020-02-01,CMF_CONT_CARDETER_CONSOL_CCA_AGIFI_BITAUCORP_STO_RAZ_PORC_MONT,Banco Itaú Chile,6.509729372468888
2020-03-01,CMF_CONT_CARDETER_CONSOL_CCA_AGIFI_BITAUCORP_STO_RAZ_PORC_MONT,Banco Itaú Chile,6.373548419989112
2020-04-01,CMF_CONT_CARDETER_CONSOL_CCA_AGIFI_BITAUCORP_STO_RAZ_PORC_MONT,Banco Itaú Chile,6.360305235255965
2020-05-01,CMF_CONT_CARDETER_CONSOL_CCA_AGIFI_BITAUCORP_STO_RAZ_PORC_MONT,Banco Itaú Chile,6.476329115141928
2020-06-01,CMF_CONT_CARDETER_CONSOL_CCA_AGIFI_BITAUCORP_STO_RAZ_PORC_MONT,Banco Itaú Chile,6.364464353018963
2020-07-01,CMF_CONT_CARDETER_CONSOL_CCA_AGIFI_BITAUCORP_STO_RAZ_PORC_MONT,Banco Itaú Chile,6.517663664970364
2019-08-01,CMF_CONT_CARDETER_CONSOL_CCA_AGIFI_BRIPL_STO_RAZ_PORC_MONT,Banco Ripley,12.015121465591532
2019-09-01,CMF_CONT_CARDETER_CONSOL_CCA_AGIFI_BRIPL_STO_RAZ_PORC_MONT,Banco Ripley,12.111792899501008
2019-10-01,CMF_CONT_CARDETER_CONSOL_CCA_AGIFI_BRIPL_STO_RAZ_PORC_MONT,Banco Ripley,12.263308105506825
2019-11-01,CMF_CONT_CARDETER_CONSOL_CCA_AGIFI_BRIPL_STO_RAZ_PORC_MONT,Banco Ripley,13.033403137766486
2019-12-01,CMF_CONT_CARDETER_CONSOL_CCA_AGIFI_BRIPL_STO_RAZ_PORC_MONT,Banco Ripley,13.260078093201955
2020-01-01,CMF_CONT_CARDETER_CONSOL_CCA_AGIFI_BRIPL_STO_RAZ_PORC_MONT,Banco Ripley,13.650371548574695
2020-02-01,CMF_CONT_CARDETER_CONSOL_CCA_AGIFI_BRIPL_STO_RAZ_PORC_MONT,Banco Ripley,13.765040981224205
2020-03-01,CMF_CONT_CARDETER_CONSOL_CCA_AGIFI_BRIPL_STO_RAZ_PORC_MONT,Banco Ripley,13.836105273575075
2020-04-01,CMF_CONT_CARDETER_CONSOL_CCA_AGIFI_BRIPL_STO_RAZ_PORC_MONT,Banco Ripley,14.626306414470447
2020-05-01,CMF_CONT_CARDETER_CONSOL_CCA_AGIFI_BRIPL_STO_RAZ_PORC_MONT,Banco Ripley,15.404071434422873
2020-06-01,CMF_CONT_CARDETER_CONSOL_CCA_AGIFI_BRIPL_STO_RAZ_PORC_MONT,Banco Ripley,16.652980591133524
2020-07-01,CMF_CONT_CARDETER_CONSOL_CCA_AGIFI_BRIPL_STO_RAZ_PORC_MONT,Banco Ripley,17.48055609894298
2019-08-01,CMF_CONT_CARDETER_CONSOL_CCA_AGIFI_BSANT_STO_RAZ_PORC_MONT,Banco Santander-Chile,5.84748169685593
2019-09-01,CMF_CONT_CARDETER_CONSOL_CCA_AGIFI_BSANT_STO_RAZ_PORC_MONT,Banco Santander-Chile,5.805820347757029
2019-10-01,CMF_CONT_CARDETER_CONSOL_CCA_AGIFI_BSANT_STO_RAZ_PORC_MONT,Banco Santander-Chile,5.808041520721179
2019-11-01,CMF_CONT_CARDETER_CONSOL_CCA_AGIFI_BSANT_STO_RAZ_PORC_MONT,Banco Santander-Chile,5.800435280046899
2019-12-01,CMF_CONT_CARDETER_CONSOL_CCA_AGIFI_BSANT_STO_RAZ_PORC_MONT,Banco Santander-Chile,5.855506895677849
2020-01-01,CMF_CONT_CARDETER_CONSOL_CCA_AGIFI_BSANT_STO_RAZ_PORC_MONT,Banco Santander-Chile,5.73096191044749
2020-02-01,CMF_CONT_CARDETER_CONSOL_CCA_AGIFI_BSANT_STO_RAZ_PORC_MONT,Banco Santander-Chile,5.730434803969721
2020-03-01,CMF_CONT_CARDETER_CONSOL_CCA_AGIFI_BSANT_STO_RAZ_PORC_MONT,Banco Santander-Chile,5.69878602512071
2020-04-01,CMF_CONT_CARDETER_CONSOL_CCA_AGIFI_BSANT_STO_RAZ_PORC_MONT,Banco Santander-Chile,5.216063913086672
2020-05-01,CMF_CONT_CARDETER_CONSOL_CCA_AGIFI_BSANT_STO_RAZ_PORC_MONT,Banco Santander-Chile,5.20341265235851
2020-06-01,CMF_CONT_CARDETER_CONSOL_CCA_AGIFI_BSANT_STO_RAZ_PORC_MONT,Banco Santander-Chile,5.313573923210019
2020-07-01,CMF_CONT_CARDETER_CONSOL_CCA_AGIFI_BSANT_STO_RAZ_PORC_MONT,Banco Santander-Chile,5.355807178420829
2019-08-01,CMF_CONT_CARDETER_CONSOL_CCA_AGIFI_BSCOT_STO_RAZ_PORC_MONT,Scotiabank Chile,4.159025944873443
2019-09-01,CMF_CONT_CARDETER_CONSOL_CCA_AGIFI_BSCOT_STO_RAZ_PORC_MONT,Scotiabank Chile,4.181492492766197
2019-10-01,CMF_CONT_CARDETER_CONSOL_CCA_AGIFI_BSCOT_STO_RAZ_PORC_MONT,Scotiabank Chile,4.284058172084255
2019-11-01,CMF_CONT_CARDETER_CONSOL_CCA_AGIFI_BSCOT_STO_RAZ_PORC_MONT,Scotiabank Chile,3.780756870785579
2019-12-01,CMF_CONT_CARDETER_CONSOL_CCA_AGIFI_BSCOT_STO_RAZ_PORC_MONT,Scotiabank Chile,3.901554259432044
2020-01-01,CMF_CONT_CARDETER_CONSOL_CCA_AGIFI_BSCOT_STO_RAZ_PORC_MONT,Scotiabank Chile,3.918003642913379
2020-02-01,CMF_CONT_CARDETER_CONSOL_CCA_AGIFI_BSCOT_STO_RAZ_PORC_MONT,Scotiabank Chile,3.9792182182306823
2020-03-01,CMF_CONT_CARDETER_CONSOL_CCA_AGIFI_BSCOT_STO_RAZ_PORC_MONT,Scotiabank Chile,3.994751563841649
2020-04-01,CMF_CONT_CARDETER_CONSOL_CCA_AGIFI_BSCOT_STO_RAZ_PORC_MONT,Scotiabank Chile,4.118326752946873
2020-05-01,CMF_CONT_CARDETER_CONSOL_CCA_AGIFI_BSCOT_STO_RAZ_PORC_MONT,Scotiabank Chile,4.430116858927281
2020-06-01,CMF_CONT_CARDETER_CONSOL_CCA_AGIFI_BSCOT_STO_RAZ_PORC_MONT,Scotiabank Chile,4.627762217205508
2020-07-01,CMF_CONT_CARDETER_CONSOL_CCA_AGIFI_BSCOT_STO_RAZ_PORC_MONT,Scotiabank Chile,4.711778245205339
2019-08-01,CMF_CONT_CARDETER_CONSOL_CCA_AGIFI_BSEC_STO_RAZ_PORC_MONT,Banco Security,4.4299905699061295
2019-09-01,CMF_CONT_CARDETER_CONSOL_CCA_AGIFI_BSEC_STO_RAZ_PORC_MONT,Banco Security,4.436642261756742
2019-10-01,CMF_CONT_CARDETER_CONSOL_CCA_AGIFI_BSEC_STO_RAZ_PORC_MONT,Banco Security,4.387577336980468
2019-11-01,CMF_CONT_CARDETER_CONSOL_CCA_AGIFI_BSEC_STO_RAZ_PORC_MONT,Banco Security,4.580088577426915
2019-12-01,CMF_CONT_CARDETER_CONSOL_CCA_AGIFI_BSEC_STO_RAZ_PORC_MONT,Banco Security,4.5406693559967195
2020-01-01,CMF_CONT_CARDETER_CONSOL_CCA_AGIFI_BSEC_STO_RAZ_PORC_MONT,Banco Security,4.599125698031148
2020-02-01,CMF_CONT_CARDETER_CONSOL_CCA_AGIFI_BSEC_STO_RAZ_PORC_MONT,Banco Security,4.672398320143511
2020-03-01,CMF_CONT_CARDETER_CONSOL_CCA_AGIFI_BSEC_STO_RAZ_PORC_MONT,Banco Security,4.794911801665951
2020-04-01,CMF_CONT_CARDETER_CONSOL_CCA_AGIFI_BSEC_STO_RAZ_PORC_MONT,Banco Security,4.920939368174058
2020-05-01,CMF_CONT_CARDETER_CONSOL_CCA_AGIFI_BSEC_STO_RAZ_PORC_MONT,Banco Security,5.1955591500244696
2020-06-01,CMF_CONT_CARDETER_CONSOL_CCA_AGIFI_BSEC_STO_RAZ_PORC_MONT,Banco Security,5.566060982234906
2020-07-01,CMF_CONT_CARDETER_CONSOL_CCA_AGIFI_BSEC_STO_RAZ_PORC_MONT,Banco Security,6.029182216132891
2019-08-01,CMF_CONT_CARDETER_CONSOL_CCA_AGIFI_CHCONBANK_STO_RAZ_PORC_MONT,China Construction Bank,0.0
2019-09-01,CMF_CONT_CARDETER_CONSOL_CCA_AGIFI_CHCONBANK_STO_RAZ_PORC_MONT,China Construction Bank,0.0
2019-10-01,CMF_CONT_CARDETER_CONSOL_CCA_AGIFI_CHCONBANK_STO_RAZ_PORC_MONT,China Construction Bank,0.0
2019-11-01,CMF_CONT_CARDETER_CONSOL_CCA_AGIFI_CHCONBANK_STO_RAZ_PORC_MONT,China Construction Bank,0.0
2019-12-01,CMF_CONT_CARDETER_CONSOL_CCA_AGIFI_CHCONBANK_STO_RAZ_PORC_MONT,China Construction Bank,0.0
2020-01-01,CMF_CONT_CARDETER_CONSOL_CCA_AGIFI_CHCONBANK_STO_RAZ_PORC_MONT,China Construction Bank,0.0
2020-02-01,CMF_CONT_CARDETER_CONSOL_CCA_AGIFI_CHCONBANK_STO_RAZ_PORC_MONT,China Construction Bank,0.0
2020-03-01,CMF_CONT_CARDETER_CONSOL_CCA_AGIFI_CHCONBANK_STO_RAZ_PORC_MONT,China Construction Bank,0.0
2020-04-01,CMF_CONT_CARDETER_CONSOL_CCA_AGIFI_CHCONBANK_STO_RAZ_PORC_MONT,China Construction Bank,0.0
2020-05-01,CMF_CONT_CARDETER_CONSOL_CCA_AGIFI_CHCONBANK_STO_RAZ_PORC_MONT,China Construction Bank,0.0
2020-06-01,CMF_CONT_CARDETER_CONSOL_CCA_AGIFI_CHCONBANK_STO_RAZ_PORC_MONT,China Construction Bank,0.0
2020-07-01,CMF_CONT_CARDETER_CONSOL_CCA_AGIFI_CHCONBANK_STO_RAZ_PORC_MONT,China Construction Bank,0.0
2019-08-01,CMF_CONT_CARDETER_CONSOL_CCA_AGIFI_HSBC_STO_RAZ_PORC_MONT,Hsbc Bank (Chile),0.0
2019-09-01,CMF_CONT_CARDETER_CONSOL_CCA_AGIFI_HSBC_STO_RAZ_PORC_MONT,Hsbc Bank (Chile),0.0
2019-10-01,CMF_CONT_CARDETER_CONSOL_CCA_AGIFI_HSBC_STO_RAZ_PORC_MONT,Hsbc Bank (Chile),0.0
2019-11-01,CMF_CONT_CARDETER_CONSOL_CCA_AGIFI_HSBC_STO_RAZ_PORC_MONT,Hsbc Bank (Chile),0.0
2019-12-01,CMF_CONT_CARDETER_CONSOL_CCA_AGIFI_HSBC_STO_RAZ_PORC_MONT,Hsbc Bank (Chile),0.0
2020-01-01,CMF_CONT_CARDETER_CONSOL_CCA_AGIFI_HSBC_STO_RAZ_PORC_MONT,Hsbc Bank (Chile),0.0
2020-02-01,CMF_CONT_CARDETER_CONSOL_CCA_AGIFI_HSBC_STO_RAZ_PORC_MONT,Hsbc Bank (Chile),0.0
2020-03-01,CMF_CONT_CARDETER_CONSOL_CCA_AGIFI_HSBC_STO_RAZ_PORC_MONT,Hsbc Bank (Chile),0.0
2020-04-01,CMF_CONT_CARDETER_CONSOL_CCA_AGIFI_HSBC_STO_RAZ_PORC_MONT,Hsbc Bank (Chile),0.0
2020-05-01,CMF_CONT_CARDETER_CONSOL_CCA_AGIFI_HSBC_STO_RAZ_PORC_MONT,Hsbc Bank (Chile),4.862338282949461
2020-06-01,CMF_CONT_CARDETER_CONSOL_CCA_AGIFI_HSBC_STO_RAZ_PORC_MONT,Hsbc Bank (Chile),5.619953002699245
2020-07-01,CMF_CONT_CARDETER_CONSOL_CCA_AGIFI_HSBC_STO_RAZ_PORC_MONT,Hsbc Bank (Chile),5.151281965494552
2020-08-01,CMF_CONT_CARDETER_CONSOL_CCA_AGIFI_BBRA_STO_RAZ_PORC_MONT,Banco Do Brasil S.A.,4.969787682244027
2020-09-01,CMF_CONT_CARDETER_CONSOL_CCA_AGIFI_BBRA_STO_RAZ_PORC_MONT,Banco Do Brasil S.A.,5.1704283740211885
2020-10-01,CMF_CONT_CARDETER_CONSOL_CCA_AGIFI_BBRA_STO_RAZ_PORC_MONT,Banco Do Brasil S.A.,5.346164127238707
2020-11-01,CMF_CONT_CARDETER_CONSOL_CCA_AGIFI_BBRA_STO_RAZ_PORC_MONT,Banco Do Brasil S.A.,6.530080359082024
2020-12-01,CMF_CONT_CARDETER_CONSOL_CCA_AGIFI_BBRA_STO_RAZ_PORC_MONT,Banco Do Brasil S.A.,6.095462978579862
2021-01-01,CMF_CONT_CARDETER_CONSOL_CCA_AGIFI_BBRA_STO_RAZ_PORC_MONT,Banco Do Brasil S.A.,5.97118269642916
2021-02-01,CMF_CONT_CARDETER_CONSOL_CCA_AGIFI_BBRA_STO_RAZ_PORC_MONT,Banco Do Brasil S.A.,6.6359379572724615
2021-03-01,CMF_CONT_CARDETER_CONSOL_CCA_AGIFI_BBRA_STO_RAZ_PORC_MONT,Banco Do Brasil S.A.,6.9444974979945755
2021-04-01,CMF_CONT_CARDETER_CONSOL_CCA_AGIFI_BBRA_STO_RAZ_PORC_MONT,Banco Do Brasil S.A.,10.587209302325581
2021-05-01,CMF_CONT_CARDETER_CONSOL_CCA_AGIFI_BBRA_STO_RAZ_PORC_MONT,Banco Do Brasil S.A.,11.804657179818888
2021-06-01,CMF_CONT_CARDETER_CONSOL_CCA_AGIFI_BBRA_STO_RAZ_PORC_MONT,Banco Do Brasil S.A.,14.281230382925298
2021-07-01,CMF_CONT_CARDETER_CONSOL_CCA_AGIFI_BBRA_STO_RAZ_PORC_MONT,Banco Do Brasil S.A.,25.898054806190547
2020-08-01,CMF_CONT_CARDETER_CONSOL_CCA_AGIFI_BBTGP_STO_RAZ_PORC_MONT,Banco BTG Pactual Chile,2.4786787160672215
2020-09-01,CMF_CONT_CARDETER_CONSOL_CCA_AGIFI_BBTGP_STO_RAZ_PORC_MONT,Banco BTG Pactual Chile,2.5373969577199915
2020-10-01,CMF_CONT_CARDETER_CONSOL_CCA_AGIFI_BBTGP_STO_RAZ_PORC_MONT,Banco BTG Pactual Chile,2.4018863218990183
2020-11-01,CMF_CONT_CARDETER_CONSOL_CCA_AGIFI_BBTGP_STO_RAZ_PORC_MONT,Banco BTG Pactual Chile,2.4147035708619993
2020-12-01,CMF_CONT_CARDETER_CONSOL_CCA_AGIFI_BBTGP_STO_RAZ_PORC_MONT,Banco BTG Pactual Chile,2.409111416741255
2021-01-01,CMF_CONT_CARDETER_CONSOL_CCA_AGIFI_BBTGP_STO_RAZ_PORC_MONT,Banco BTG Pactual Chile,2.274201980239636
2021-02-01,CMF_CONT_CARDETER_CONSOL_CCA_AGIFI_BBTGP_STO_RAZ_PORC_MONT,Banco BTG Pactual Chile,2.2818044283101186
2021-03-01,CMF_CONT_CARDETER_CONSOL_CCA_AGIFI_BBTGP_STO_RAZ_PORC_MONT,Banco BTG Pactual Chile,2.226100193365241
2021-04-01,CMF_CONT_CARDETER_CONSOL_CCA_AGIFI_BBTGP_STO_RAZ_PORC_MONT,Banco BTG Pactual Chile,2.0740579249170854
2021-05-01,CMF_CONT_CARDETER_CONSOL_CCA_AGIFI_BBTGP_STO_RAZ_PORC_MONT,Banco BTG Pactual Chile,2.4797845368386895
2021-06-01,CMF_CONT_CARDETER_CONSOL_CCA_AGIFI_BBTGP_STO_RAZ_PORC_MONT,Banco BTG Pactual Chile,5.186513326596325
2021-07-01,CMF_CONT_CARDETER_CONSOL_CCA_AGIFI_BBTGP_STO_RAZ_PORC_MONT,Banco BTG Pactual Chile,6.79999742573652
2020-08-01,CMF_CONT_CARDETER_CONSOL_CCA_AGIFI_BCHI_STO_RAZ_PORC_MONT,Banco de Chile,4.139395260111169
2020-09-01,CMF_CONT_CARDETER_CONSOL_CCA_AGIFI_BCHI_STO_RAZ_PORC_MONT,Banco de Chile,4.077620482385676
2020-10-01,CMF_CONT_CARDETER_CONSOL_CCA_AGIFI_BCHI_STO_RAZ_PORC_MONT,Banco de Chile,3.9885608594718533
2020-11-01,CMF_CONT_CARDETER_CONSOL_CCA_AGIFI_BCHI_STO_RAZ_PORC_MONT,Banco de Chile,3.850270382052079
2020-12-01,CMF_CONT_CARDETER_CONSOL_CCA_AGIFI_BCHI_STO_RAZ_PORC_MONT,Banco de Chile,3.811396604794468
2021-01-01,CMF_CONT_CARDETER_CONSOL_CCA_AGIFI_BCHI_STO_RAZ_PORC_MONT,Banco de Chile,3.6821818163948374
2021-02-01,CMF_CONT_CARDETER_CONSOL_CCA_AGIFI_BCHI_STO_RAZ_PORC_MONT,Banco de Chile,3.5181656641656422
2021-03-01,CMF_CONT_CARDETER_CONSOL_CCA_AGIFI_BCHI_STO_RAZ_PORC_MONT,Banco de Chile,3.4153529859837257
2021-04-01,CMF_CONT_CARDETER_CONSOL_CCA_AGIFI_BCHI_STO_RAZ_PORC_MONT,Banco de Chile,3.3982122291626076
2021-05-01,CMF_CONT_CARDETER_CONSOL_CCA_AGIFI_BCHI_STO_RAZ_PORC_MONT,Banco de Chile,3.2542534724667385
2021-06-01,CMF_CONT_CARDETER_CONSOL_CCA_AGIFI_BCHI_STO_RAZ_PORC_MONT,Banco de Chile,3.2080858361917515
2021-07-01,CMF_CONT_CARDETER_CONSOL_CCA_AGIFI_BCHI_STO_RAZ_PORC_MONT,Banco de Chile,3.1462041255025976
2020-08-01,CMF_CONT_CARDETER_CONSOL_CCA_AGIFI_BCI_STO_RAZ_PORC_MONT,Banco de Credito e Inversiones,4.2431349979529855
2020-09-01,CMF_CONT_CARDETER_CONSOL_CCA_AGIFI_BCI_STO_RAZ_PORC_MONT,Banco de Credito e Inversiones,4.302020016862446
2020-10-01,CMF_CONT_CARDETER_CONSOL_CCA_AGIFI_BCI_STO_RAZ_PORC_MONT,Banco de Credito e Inversiones,4.3851789399139935
2020-11-01,CMF_CONT_CARDETER_CONSOL_CCA_AGIFI_BCI_STO_RAZ_PORC_MONT,Banco de Credito e Inversiones,4.22091823646333
2020-12-01,CMF_CONT_CARDETER_CONSOL_CCA_AGIFI_BCI_STO_RAZ_PORC_MONT,Banco de Credito e Inversiones,4.204281829361135
2021-01-01,CMF_CONT_CARDETER_CONSOL_CCA_AGIFI_BCI_STO_RAZ_PORC_MONT,Banco de Credito e Inversiones,4.172287161063762
2021-02-01,CMF_CONT_CARDETER_CONSOL_CCA_AGIFI_BCI_STO_RAZ_PORC_MONT,Banco de Credito e Inversiones,4.114981085825717
2021-03-01,CMF_CONT_CARDETER_CONSOL_CCA_AGIFI_BCI_STO_RAZ_PORC_MONT,Banco de Credito e Inversiones,4.150240229057976
2021-04-01,CMF_CONT_CARDETER_CONSOL_CCA_AGIFI_BCI_STO_RAZ_PORC_MONT,Banco de Credito e Inversiones,4.095787308165925
2021-05-01,CMF_CONT_CARDETER_CONSOL_CCA_AGIFI_BCI_STO_RAZ_PORC_MONT,Banco de Credito e Inversiones,4.00644169947263
2021-06-01,CMF_CONT_CARDETER_CONSOL_CCA_AGIFI_BCI_STO_RAZ_PORC_MONT,Banco de Credito e Inversiones,3.987996752893177
2021-07-01,CMF_CONT_CARDETER_CONSOL_CCA_AGIFI_BCI_STO_RAZ_PORC_MONT,Banco de Credito e Inversiones,3.788729166963859
2020-08-01,CMF_CONT_CARDETER_CONSOL_CCA_AGIFI_BCON_STO_RAZ_PORC_MONT,Banco Consorcio,4.928963420463889
2020-09-01,CMF_CONT_CARDETER_CONSOL_CCA_AGIFI_BCON_STO_RAZ_PORC_MONT,Banco Consorcio,4.8618192984082595
2020-10-01,CMF_CONT_CARDETER_CONSOL_CCA_AGIFI_BCON_STO_RAZ_PORC_MONT,Banco Consorcio,4.795298626609648
2020-11-01,CMF_CONT_CARDETER_CONSOL_CCA_AGIFI_BCON_STO_RAZ_PORC_MONT,Banco Consorcio,4.751025853036562
2020-12-01,CMF_CONT_CARDETER_CONSOL_CCA_AGIFI_BCON_STO_RAZ_PORC_MONT,Banco Consorcio,4.669254837753815
2021-01-01,CMF_CONT_CARDETER_CONSOL_CCA_AGIFI_BCON_STO_RAZ_PORC_MONT,Banco Consorcio,4.651604708872105
2021-02-01,CMF_CONT_CARDETER_CONSOL_CCA_AGIFI_BCON_STO_RAZ_PORC_MONT,Banco Consorcio,4.573375532960106
2021-03-01,CMF_CONT_CARDETER_CONSOL_CCA_AGIFI_BCON_STO_RAZ_PORC_MONT,Banco Consorcio,5.293860288756016
2021-04-01,CMF_CONT_CARDETER_CONSOL_CCA_AGIFI_BCON_STO_RAZ_PORC_MONT,Banco Consorcio,5.272381463807072
2021-05-01,CMF_CONT_CARDETER_CONSOL_CCA_AGIFI_BCON_STO_RAZ_PORC_MONT,Banco Consorcio,5.064480436600719
2021-06-01,CMF_CONT_CARDETER_CONSOL_CCA_AGIFI_BCON_STO_RAZ_PORC_MONT,Banco Consorcio,4.846067884786778
2021-07-01,CMF_CONT_CARDETER_CONSOL_CCA_AGIFI_BCON_STO_RAZ_PORC_MONT,Banco Consorcio,4.8059930540256115
2020-08-01,CMF_CONT_CARDETER_CONSOL_CCA_AGIFI_BECH_STO_RAZ_PORC_MONT,Banco del Estado de Chile,9.319376536615513
2020-09-01,CMF_CONT_CARDETER_CONSOL_CCA_AGIFI_BECH_STO_RAZ_PORC_MONT,Banco del Estado de Chile,9.215935725292551
2020-10-01,CMF_CONT_CARDETER_CONSOL_CCA_AGIFI_BECH_STO_RAZ_PORC_MONT,Banco del Estado de Chile,8.91163551747449
2020-11-01,CMF_CONT_CARDETER_CONSOL_CCA_AGIFI_BECH_STO_RAZ_PORC_MONT,Banco del Estado de Chile,8.810397423619767
2020-12-01,CMF_CONT_CARDETER_CONSOL_CCA_AGIFI_BECH_STO_RAZ_PORC_MONT,Banco del Estado de Chile,8.826568421680875
2021-01-01,CMF_CONT_CARDETER_CONSOL_CCA_AGIFI_BECH_STO_RAZ_PORC_MONT,Banco del Estado de Chile,8.745216472188684
2021-02-01,CMF_CONT_CARDETER_CONSOL_CCA_AGIFI_BECH_STO_RAZ_PORC_MONT,Banco del Estado de Chile,8.763508319513827
2021-03-01,CMF_CONT_CARDETER_CONSOL_CCA_AGIFI_BECH_STO_RAZ_PORC_MONT,Banco del Estado de Chile,8.629247594257162
2021-04-01,CMF_CONT_CARDETER_CONSOL_CCA_AGIFI_BECH_STO_RAZ_PORC_MONT,Banco del Estado de Chile,8.70783880169854
2021-05-01,CMF_CONT_CARDETER_CONSOL_CCA_AGIFI_BECH_STO_RAZ_PORC_MONT,Banco del Estado de Chile,8.489636592933513
2021-06-01,CMF_CONT_CARDETER_CONSOL_CCA_AGIFI_BECH_STO_RAZ_PORC_MONT,Banco del Estado de Chile,8.253041855825995
2021-07-01,CMF_CONT_CARDETER_CONSOL_CCA_AGIFI_BECH_STO_RAZ_PORC_MONT,Banco del Estado de Chile,8.082698752319976
2020-08-01,CMF_CONT_CARDETER_CONSOL_CCA_AGIFI_BFALA_STO_RAZ_PORC_MONT,Banco Falabella,8.926702056407713
2020-09-01,CMF_CONT_CARDETER_CONSOL_CCA_AGIFI_BFALA_STO_RAZ_PORC_MONT,Banco Falabella,8.180112364916182
2020-10-01,CMF_CONT_CARDETER_CONSOL_CCA_AGIFI_BFALA_STO_RAZ_PORC_MONT,Banco Falabella,7.409909980137633
2020-11-01,CMF_CONT_CARDETER_CONSOL_CCA_AGIFI_BFALA_STO_RAZ_PORC_MONT,Banco Falabella,6.461739703149337
2020-12-01,CMF_CONT_CARDETER_CONSOL_CCA_AGIFI_BFALA_STO_RAZ_PORC_MONT,Banco Falabella,5.7200463321498445
2021-01-01,CMF_CONT_CARDETER_CONSOL_CCA_AGIFI_BFALA_STO_RAZ_PORC_MONT,Banco Falabella,5.26903730157002
2021-02-01,CMF_CONT_CARDETER_CONSOL_CCA_AGIFI_BFALA_STO_RAZ_PORC_MONT,Banco Falabella,4.903459691447658
2021-03-01,CMF_CONT_CARDETER_CONSOL_CCA_AGIFI_BFALA_STO_RAZ_PORC_MONT,Banco Falabella,4.515834765118059
2021-04-01,CMF_CONT_CARDETER_CONSOL_CCA_AGIFI_BFALA_STO_RAZ_PORC_MONT,Banco Falabella,4.249962210959094
2021-05-01,CMF_CONT_CARDETER_CONSOL_CCA_AGIFI_BFALA_STO_RAZ_PORC_MONT,Banco Falabella,3.995303734480745
2021-06-01,CMF_CONT_CARDETER_CONSOL_CCA_AGIFI_BFALA_STO_RAZ_PORC_MONT,Banco Falabella,3.7801562476837094
2021-07-01,CMF_CONT_CARDETER_CONSOL_CCA_AGIFI_BFALA_STO_RAZ_PORC_MONT,Banco Falabella,3.56788004696956
2020-08-01,CMF_CONT_CARDETER_CONSOL_CCA_AGIFI_BICE_STO_RAZ_PORC_MONT,Banco Bice,2.5412123669072835
2020-09-01,CMF_CONT_CARDETER_CONSOL_CCA_AGIFI_BICE_STO_RAZ_PORC_MONT,Banco Bice,2.5297916991094005
2020-10-01,CMF_CONT_CARDETER_CONSOL_CCA_AGIFI_BICE_STO_RAZ_PORC_MONT,Banco Bice,2.8740275384657883
2020-11-01,CMF_CONT_CARDETER_CONSOL_CCA_AGIFI_BICE_STO_RAZ_PORC_MONT,Banco Bice,2.856276025767862
2020-12-01,CMF_CONT_CARDETER_CONSOL_CCA_AGIFI_BICE_STO_RAZ_PORC_MONT,Banco Bice,2.8373974757058296
2021-01-01,CMF_CONT_CARDETER_CONSOL_CCA_AGIFI_BICE_STO_RAZ_PORC_MONT,Banco Bice,2.833468496919235
2021-02-01,CMF_CONT_CARDETER_CONSOL_CCA_AGIFI_BICE_STO_RAZ_PORC_MONT,Banco Bice,2.7766789472420643
2021-03-01,CMF_CONT_CARDETER_CONSOL_CCA_AGIFI_BICE_STO_RAZ_PORC_MONT,Banco Bice,2.7386145238306483
2021-04-01,CMF_CONT_CARDETER_CONSOL_CCA_AGIFI_BICE_STO_RAZ_PORC_MONT,Banco Bice,2.6921677515239906
2021-05-01,CMF_CONT_CARDETER_CONSOL_CCA_AGIFI_BICE_STO_RAZ_PORC_MONT,Banco Bice,2.525886440025689
2021-06-01,CMF_CONT_CARDETER_CONSOL_CCA_AGIFI_BICE_STO_RAZ_PORC_MONT,Banco Bice,2.4331698832495774
2021-07-01,CMF_CONT_CARDETER_CONSOL_CCA_AGIFI_BICE_STO_RAZ_PORC_MONT,Banco Bice,2.4984903796518774
2020-08-01,CMF_CONT_CARDETER_CONSOL_CCA_AGIFI_BINTE_STO_RAZ_PORC_MONT,Banco Internacional,7.703657124035154
2020-09-01,CMF_CONT_CARDETER_CONSOL_CCA_AGIFI_BINTE_STO_RAZ_PORC_MONT,Banco Internacional,7.698119051124913
2020-10-01,CMF_CONT_CARDETER_CONSOL_CCA_AGIFI_BINTE_STO_RAZ_PORC_MONT,Banco Internacional,7.839997981188604
2020-11-01,CMF_CONT_CARDETER_CONSOL_CCA_AGIFI_BINTE_STO_RAZ_PORC_MONT,Banco Internacional,7.854054023039068
2020-12-01,CMF_CONT_CARDETER_CONSOL_CCA_AGIFI_BINTE_STO_RAZ_PORC_MONT,Banco Internacional,7.61963552683617
2021-01-01,CMF_CONT_CARDETER_CONSOL_CCA_AGIFI_BINTE_STO_RAZ_PORC_MONT,Banco Internacional,7.522317667275134
2021-02-01,CMF_CONT_CARDETER_CONSOL_CCA_AGIFI_BINTE_STO_RAZ_PORC_MONT,Banco Internacional,7.446529161324566
2021-03-01,CMF_CONT_CARDETER_CONSOL_CCA_AGIFI_BINTE_STO_RAZ_PORC_MONT,Banco Internacional,7.379521163927359
2021-04-01,CMF_CONT_CARDETER_CONSOL_CCA_AGIFI_BINTE_STO_RAZ_PORC_MONT,Banco Internacional,7.3060300473348425
2021-05-01,CMF_CONT_CARDETER_CONSOL_CCA_AGIFI_BINTE_STO_RAZ_PORC_MONT,Banco Internacional,7.5044912191361295
2021-06-01,CMF_CONT_CARDETER_CONSOL_CCA_AGIFI_BINTE_STO_RAZ_PORC_MONT,Banco Internacional,7.7953133533361045
2021-07-01,CMF_CONT_CARDETER_CONSOL_CCA_AGIFI_BINTE_STO_RAZ_PORC_MONT,Banco Internacional,8.301552279225175
2020-08-01,CMF_CONT_CARDETER_CONSOL_CCA_AGIFI_BITAUCORP_STO_RAZ_PORC_MONT,Banco Itaú Chile,6.52483397864542
2020-09-01,CMF_CONT_CARDETER_CONSOL_CCA_AGIFI_BITAUCORP_STO_RAZ_PORC_MONT,Banco Itaú Chile,6.5172434879174705
2020-10-01,CMF_CONT_CARDETER_CONSOL_CCA_AGIFI_BITAUCORP_STO_RAZ_PORC_MONT,Banco Itaú Chile,7.7577351835901185
2020-11-01,CMF_CONT_CARDETER_CONSOL_CCA_AGIFI_BITAUCORP_STO_RAZ_PORC_MONT,Banco Itaú Chile,7.847962450785577
2020-12-01,CMF_CONT_CARDETER_CONSOL_CCA_AGIFI_BITAUCORP_STO_RAZ_PORC_MONT,Banco Itaú Chile,8.08564229401885
2021-01-01,CMF_CONT_CARDETER_CONSOL_CCA_AGIFI_BITAUCORP_STO_RAZ_PORC_MONT,Banco Itaú Chile,8.096002270201812
2021-02-01,CMF_CONT_CARDETER_CONSOL_CCA_AGIFI_BITAUCORP_STO_RAZ_PORC_MONT,Banco Itaú Chile,7.9465151261024864
2021-03-01,CMF_CONT_CARDETER_CONSOL_CCA_AGIFI_BITAUCORP_STO_RAZ_PORC_MONT,Banco Itaú Chile,7.837956292322143
2021-04-01,CMF_CONT_CARDETER_CONSOL_CCA_AGIFI_BITAUCORP_STO_RAZ_PORC_MONT,Banco Itaú Chile,7.382691319068976
2021-05-01,CMF_CONT_CARDETER_CONSOL_CCA_AGIFI_BITAUCORP_STO_RAZ_PORC_MONT,Banco Itaú Chile,7.077076636243759
2021-06-01,CMF_CONT_CARDETER_CONSOL_CCA_AGIFI_BITAUCORP_STO_RAZ_PORC_MONT,Banco Itaú Chile,7.011859495215606
2021-07-01,CMF_CONT_CARDETER_CONSOL_CCA_AGIFI_BITAUCORP_STO_RAZ_PORC_MONT,Banco Itaú Chile,6.868892073345069
2020-08-01,CMF_CONT_CARDETER_CONSOL_CCA_AGIFI_BRIPL_STO_RAZ_PORC_MONT,Banco Ripley,16.157563328697396
2020-09-01,CMF_CONT_CARDETER_CONSOL_CCA_AGIFI_BRIPL_STO_RAZ_PORC_MONT,Banco Ripley,15.166565467804025
2020-10-01,CMF_CONT_CARDETER_CONSOL_CCA_AGIFI_BRIPL_STO_RAZ_PORC_MONT,Banco Ripley,12.61263476975009
2020-11-01,CMF_CONT_CARDETER_CONSOL_CCA_AGIFI_BRIPL_STO_RAZ_PORC_MONT,Banco Ripley,10.800606826045692
2020-12-01,CMF_CONT_CARDETER_CONSOL_CCA_AGIFI_BRIPL_STO_RAZ_PORC_MONT,Banco Ripley,9.351250774048845
2021-01-01,CMF_CONT_CARDETER_CONSOL_CCA_AGIFI_BRIPL_STO_RAZ_PORC_MONT,Banco Ripley,8.661603297364886
2021-02-01,CMF_CONT_CARDETER_CONSOL_CCA_AGIFI_BRIPL_STO_RAZ_PORC_MONT,Banco Ripley,8.024863145424215
2021-03-01,CMF_CONT_CARDETER_CONSOL_CCA_AGIFI_BRIPL_STO_RAZ_PORC_MONT,Banco Ripley,7.389119835453155
2021-04-01,CMF_CONT_CARDETER_CONSOL_CCA_AGIFI_BRIPL_STO_RAZ_PORC_MONT,Banco Ripley,6.916186375946115
2021-05-01,CMF_CONT_CARDETER_CONSOL_CCA_AGIFI_BRIPL_STO_RAZ_PORC_MONT,Banco Ripley,6.481665445604798
2021-06-01,CMF_CONT_CARDETER_CONSOL_CCA_AGIFI_BRIPL_STO_RAZ_PORC_MONT,Banco Ripley,6.159609100551158
2021-07-01,CMF_CONT_CARDETER_CONSOL_CCA_AGIFI_BRIPL_STO_RAZ_PORC_MONT,Banco Ripley,5.73615800915861
2020-08-01,CMF_CONT_CARDETER_CONSOL_CCA_AGIFI_BSANT_STO_RAZ_PORC_MONT,Banco Santander-Chile,5.313235206491702
2020-09-01,CMF_CONT_CARDETER_CONSOL_CCA_AGIFI_BSANT_STO_RAZ_PORC_MONT,Banco Santander-Chile,5.290438117461711
2020-10-01,CMF_CONT_CARDETER_CONSOL_CCA_AGIFI_BSANT_STO_RAZ_PORC_MONT,Banco Santander-Chile,5.26405129982018
2020-11-01,CMF_CONT_CARDETER_CONSOL_CCA_AGIFI_BSANT_STO_RAZ_PORC_MONT,Banco Santander-Chile,5.285291644654412
2020-12-01,CMF_CONT_CARDETER_CONSOL_CCA_AGIFI_BSANT_STO_RAZ_PORC_MONT,Banco Santander-Chile,5.2020522436315675
2021-01-01,CMF_CONT_CARDETER_CONSOL_CCA_AGIFI_BSANT_STO_RAZ_PORC_MONT,Banco Santander-Chile,5.179291950402581
2021-02-01,CMF_CONT_CARDETER_CONSOL_CCA_AGIFI_BSANT_STO_RAZ_PORC_MONT,Banco Santander-Chile,5.105533250793551
2021-03-01,CMF_CONT_CARDETER_CONSOL_CCA_AGIFI_BSANT_STO_RAZ_PORC_MONT,Banco Santander-Chile,5.112286147670569
2021-04-01,CMF_CONT_CARDETER_CONSOL_CCA_AGIFI_BSANT_STO_RAZ_PORC_MONT,Banco Santander-Chile,5.058704818417428
2021-05-01,CMF_CONT_CARDETER_CONSOL_CCA_AGIFI_BSANT_STO_RAZ_PORC_MONT,Banco Santander-Chile,4.876819275028577
2021-06-01,CMF_CONT_CARDETER_CONSOL_CCA_AGIFI_BSANT_STO_RAZ_PORC_MONT,Banco Santander-Chile,4.877692962288075
2021-07-01,CMF_CONT_CARDETER_CONSOL_CCA_AGIFI_BSANT_STO_RAZ_PORC_MONT,Banco Santander-Chile,4.750250539772508
2020-08-01,CMF_CONT_CARDETER_CONSOL_CCA_AGIFI_BSCOT_STO_RAZ_PORC_MONT,Scotiabank Chile,4.610607681963398
2020-09-01,CMF_CONT_CARDETER_CONSOL_CCA_AGIFI_BSCOT_STO_RAZ_PORC_MONT,Scotiabank Chile,4.447593517852453
2020-10-01,CMF_CONT_CARDETER_CONSOL_CCA_AGIFI_BSCOT_STO_RAZ_PORC_MONT,Scotiabank Chile,4.295116939843042
2020-11-01,CMF_CONT_CARDETER_CONSOL_CCA_AGIFI_BSCOT_STO_RAZ_PORC_MONT,Scotiabank Chile,4.090124648104193
2020-12-01,CMF_CONT_CARDETER_CONSOL_CCA_AGIFI_BSCOT_STO_RAZ_PORC_MONT,Scotiabank Chile,3.9327171699202657
2021-01-01,CMF_CONT_CARDETER_CONSOL_CCA_AGIFI_BSCOT_STO_RAZ_PORC_MONT,Scotiabank Chile,3.7876353316229903
2021-02-01,CMF_CONT_CARDETER_CONSOL_CCA_AGIFI_BSCOT_STO_RAZ_PORC_MONT,Scotiabank Chile,3.6938542054661205
2021-03-01,CMF_CONT_CARDETER_CONSOL_CCA_AGIFI_BSCOT_STO_RAZ_PORC_MONT,Scotiabank Chile,3.6105543640463256
2021-04-01,CMF_CONT_CARDETER_CONSOL_CCA_AGIFI_BSCOT_STO_RAZ_PORC_MONT,Scotiabank Chile,3.5065505430245487
2021-05-01,CMF_CONT_CARDETER_CONSOL_CCA_AGIFI_BSCOT_STO_RAZ_PORC_MONT,Scotiabank Chile,3.3109923392982217
2021-06-01,CMF_CONT_CARDETER_CONSOL_CCA_AGIFI_BSCOT_STO_RAZ_PORC_MONT,Scotiabank Chile,3.227615067795227
2021-07-01,CMF_CONT_CARDETER_CONSOL_CCA_AGIFI_BSCOT_STO_RAZ_PORC_MONT,Scotiabank Chile,3.201731277757674
2020-08-01,CMF_CONT_CARDETER_CONSOL_CCA_AGIFI_BSEC_STO_RAZ_PORC_MONT,Banco Security,6.286790184274466
2020-09-01,CMF_CONT_CARDETER_CONSOL_CCA_AGIFI_BSEC_STO_RAZ_PORC_MONT,Banco Security,6.257624429098592
2020-10-01,CMF_CONT_CARDETER_CONSOL_CCA_AGIFI_BSEC_STO_RAZ_PORC_MONT,Banco Security,7.205150411204292
2020-11-01,CMF_CONT_CARDETER_CONSOL_CCA_AGIFI_BSEC_STO_RAZ_PORC_MONT,Banco Security,7.251675894482293
2020-12-01,CMF_CONT_CARDETER_CONSOL_CCA_AGIFI_BSEC_STO_RAZ_PORC_MONT,Banco Security,7.301813415139137
2021-01-01,CMF_CONT_CARDETER_CONSOL_CCA_AGIFI_BSEC_STO_RAZ_PORC_MONT,Banco Security,7.3676575201863646
2021-02-01,CMF_CONT_CARDETER_CONSOL_CCA_AGIFI_BSEC_STO_RAZ_PORC_MONT,Banco Security,7.4744054329757965
2021-03-01,CMF_CONT_CARDETER_CONSOL_CCA_AGIFI_BSEC_STO_RAZ_PORC_MONT,Banco Security,7.248449946538892
2021-04-01,CMF_CONT_CARDETER_CONSOL_CCA_AGIFI_BSEC_STO_RAZ_PORC_MONT,Banco Security,7.137521973610182
2021-05-01,CMF_CONT_CARDETER_CONSOL_CCA_AGIFI_BSEC_STO_RAZ_PORC_MONT,Banco Security,7.252637322662786
2021-06-01,CMF_CONT_CARDETER_CONSOL_CCA_AGIFI_BSEC_STO_RAZ_PORC_MONT,Banco Security,7.581973891821112
2021-07-01,CMF_CONT_CARDETER_CONSOL_CCA_AGIFI_BSEC_STO_RAZ_PORC_MONT,Banco Security,7.68907309197824
2020-08-01,CMF_CONT_CARDETER_CONSOL_CCA_AGIFI_CHCONBANK_STO_RAZ_PORC_MONT,China Construction Bank,0.0
2020-09-01,CMF_CONT_CARDETER_CONSOL_CCA_AGIFI_CHCONBANK_STO_RAZ_PORC_MONT,China Construction Bank,0.0
2020-10-01,CMF_CONT_CARDETER_CONSOL_CCA_AGIFI_CHCONBANK_STO_RAZ_PORC_MONT,China Construction Bank,0.0
2020-11-01,CMF_CONT_CARDETER_CONSOL_CCA_AGIFI_CHCONBANK_STO_RAZ_PORC_MONT,China Construction Bank,0.0
2020-12-01,CMF_CONT_CARDETER_CONSOL_CCA_AGIFI_CHCONBANK_STO_RAZ_PORC_MONT,China Construction Bank,0.0
2021-01-01,CMF_CONT_CARDETER_CONSOL_CCA_AGIFI_CHCONBANK_STO_RAZ_PORC_MONT,China Construction Bank,0.0
2021-02-01,CMF_CONT_CARDETER_CONSOL_CCA_AGIFI_CHCONBANK_STO_RAZ_PORC_MONT,China Construction Bank,0.0
2021-03-01,CMF_CONT_CARDETER_CONSOL_CCA_AGIFI_CHCONBANK_STO_RAZ_PORC_MONT,China Construction Bank,0.0
2021-04-01,CMF_CONT_CARDETER_CONSOL_CCA_AGIFI_CHCONBANK_STO_RAZ_PORC_MONT,China Construction Bank,0.0
2021-05-01,CMF_CONT_CARDETER_CONSOL_CCA_AGIFI_CHCONBANK_STO_RAZ_PORC_MONT,China Construction Bank,0.0
2021-06-01,CMF_CONT_CARDETER_CONSOL_CCA_AGIFI_CHCONBANK_STO_RAZ_PORC_MONT,China Construction Bank,0.0
2021-07-01,CMF_CONT_CARDETER_CONSOL_CCA_AGIFI_CHCONBANK_STO_RAZ_PORC_MONT,China Construction Bank,0.0
2020-08-01,CMF_CONT_CARDETER_CONSOL_CCA_AGIFI_HSBC_STO_RAZ_PORC_MONT,Hsbc Bank (Chile),5.61388383683303
2020-09-01,CMF_CONT_CARDETER_CONSOL_CCA_AGIFI_HSBC_STO_RAZ_PORC_MONT,Hsbc Bank (Chile),6.117627633158266
2020-10-01,CMF_CONT_CARDETER_CONSOL_CCA_AGIFI_HSBC_STO_RAZ_PORC_MONT,Hsbc Bank (Chile),6.373820281795578
2020-11-01,CMF_CONT_CARDETER_CONSOL_CCA_AGIFI_HSBC_STO_RAZ_PORC_MONT,Hsbc Bank (Chile),6.709097980976628
2020-12-01,CMF_CONT_CARDETER_CONSOL_CCA_AGIFI_HSBC_STO_RAZ_PORC_MONT,Hsbc Bank (Chile),7.483432455395072
2021-01-01,CMF_CONT_CARDETER_CONSOL_CCA_AGIFI_HSBC_STO_RAZ_PORC_MONT,Hsbc Bank (Chile),7.470979673387164
2021-02-01,CMF_CONT_CARDETER_CONSOL_CCA_AGIFI_HSBC_STO_RAZ_PORC_MONT,Hsbc Bank (Chile),7.562656958419713
2021-03-01,CMF_CONT_CARDETER_CONSOL_CCA_AGIFI_HSBC_STO_RAZ_PORC_MONT,Hsbc Bank (Chile),7.551736143544977
2021-04-01,CMF_CONT_CARDETER_CONSOL_CCA_AGIFI_HSBC_STO_RAZ_PORC_MONT,Hsbc Bank (Chile),8.666008880118401
2021-05-01,CMF_CONT_CARDETER_CONSOL_CCA_AGIFI_HSBC_STO_RAZ_PORC_MONT,Hsbc Bank (Chile),8.602948260911456
2021-06-01,CMF_CONT_CARDETER_CONSOL_CCA_AGIFI_HSBC_STO_RAZ_PORC_MONT,Hsbc Bank (Chile),0.0
2021-07-01,CMF_CONT_CARDETER_CONSOL_CCA_AGIFI_HSBC_STO_RAZ_PORC_MONT,Hsbc Bank (Chile),0.0
2021-08-01,CMF_CONT_CARDETER_CONSOL_CCA_AGIFI_BBTGP_STO_RAZ_PORC_MONT,Banco BTG Pactual Chile,6.974041132914616
2021-09-01,CMF_CONT_CARDETER_CONSOL_CCA_AGIFI_BBTGP_STO_RAZ_PORC_MONT,Banco BTG Pactual Chile,6.452240426402247
2021-10-01,CMF_CONT_CARDETER_CONSOL_CCA_AGIFI_BBTGP_STO_RAZ_PORC_MONT,Banco BTG Pactual Chile,7.1767263039627025
2021-11-01,CMF_CONT_CARDETER_CONSOL_CCA_AGIFI_BBTGP_STO_RAZ_PORC_MONT,Banco BTG Pactual Chile,7.3009479239314405
2021-12-01,CMF_CONT_CARDETER_CONSOL_CCA_AGIFI_BBTGP_STO_RAZ_PORC_MONT,Banco BTG Pactual Chile,6.778838004175021
2022-01-01,CMF_CONT_CARDETER_CONSOL_CCA_AGIFI_BBTGP_STO_RAZ_PORC_MONT,Banco BTG Pactual Chile,6.7875051625017
2022-02-01,CMF_CONT_CARDETER_CONSOL_CCA_AGIFI_BBTGP_STO_RAZ_PORC_MONT,Banco BTG Pactual Chile,6.8776223751923204
2022-03-01,CMF_CONT_CARDETER_CONSOL_CCA_AGIFI_BBTGP_STO_RAZ_PORC_MONT,Banco BTG Pactual Chile,6.82713888733438
2022-04-01,CMF_CONT_CARDETER_CONSOL_CCA_AGIFI_BBTGP_STO_RAZ_PORC_MONT,Banco BTG Pactual Chile,6.564268216527494
2022-05-01,CMF_CONT_CARDETER_CONSOL_CCA_AGIFI_BBTGP_STO_RAZ_PORC_MONT,Banco BTG Pactual Chile,8.106900669787926
2022-06-01,CMF_CONT_CARDETER_CONSOL_CCA_AGIFI_BBTGP_STO_RAZ_PORC_MONT,Banco BTG Pactual Chile,7.929729874292314
2022-07-01,CMF_CONT_CARDETER_CONSOL_CCA_AGIFI_BBTGP_STO_RAZ_PORC_MONT,Banco BTG Pactual Chile,7.434031339820635
2021-08-01,CMF_CONT_CARDETER_CONSOL_CCA_AGIFI_BCHI_STO_RAZ_PORC_MONT,Banco de Chile,3.0671841533474695
2021-09-01,CMF_CONT_CARDETER_CONSOL_CCA_AGIFI_BCHI_STO_RAZ_PORC_MONT,Banco de Chile,2.970252206952682
2021-10-01,CMF_CONT_CARDETER_CONSOL_CCA_AGIFI_BCHI_STO_RAZ_PORC_MONT,Banco de Chile,2.900045260373286
2021-11-01,CMF_CONT_CARDETER_CONSOL_CCA_AGIFI_BCHI_STO_RAZ_PORC_MONT,Banco de Chile,2.850845935650076
2021-12-01,CMF_CONT_CARDETER_CONSOL_CCA_AGIFI_BCHI_STO_RAZ_PORC_MONT,Banco de Chile,2.821554497784414
2022-01-01,CMF_CONT_CARDETER_CONSOL_CCA_AGIFI_BCHI_STO_RAZ_PORC_MONT,Banco de Chile,2.853568506861636
2022-02-01,CMF_CONT_CARDETER_CONSOL_CCA_AGIFI_BCHI_STO_RAZ_PORC_MONT,Banco de Chile,2.8656677383155618
2022-03-01,CMF_CONT_CARDETER_CONSOL_CCA_AGIFI_BCHI_STO_RAZ_PORC_MONT,Banco de Chile,2.5909642008027487
2022-04-01,CMF_CONT_CARDETER_CONSOL_CCA_AGIFI_BCHI_STO_RAZ_PORC_MONT,Banco de Chile,2.6296426042910963
2022-05-01,CMF_CONT_CARDETER_CONSOL_CCA_AGIFI_BCHI_STO_RAZ_PORC_MONT,Banco de Chile,2.6626776645475245
2022-06-01,CMF_CONT_CARDETER_CONSOL_CCA_AGIFI_BCHI_STO_RAZ_PORC_MONT,Banco de Chile,2.6524827878623527
2022-07-01,CMF_CONT_CARDETER_CONSOL_CCA_AGIFI_BCHI_STO_RAZ_PORC_MONT,Banco de Chile,2.6758176554969157
2021-08-01,CMF_CONT_CARDETER_CONSOL_CCA_AGIFI_BCI_STO_RAZ_PORC_MONT,Banco de Credito e Inversiones,3.6622082714024304
2021-09-01,CMF_CONT_CARDETER_CONSOL_CCA_AGIFI_BCI_STO_RAZ_PORC_MONT,Banco de Credito e Inversiones,3.483626277018793
2021-10-01,CMF_CONT_CARDETER_CONSOL_CCA_AGIFI_BCI_STO_RAZ_PORC_MONT,Banco de Credito e Inversiones,3.8110565158239114
2021-11-01,CMF_CONT_CARDETER_CONSOL_CCA_AGIFI_BCI_STO_RAZ_PORC_MONT,Banco de Credito e Inversiones,3.7548449403357798
2021-12-01,CMF_CONT_CARDETER_CONSOL_CCA_AGIFI_BCI_STO_RAZ_PORC_MONT,Banco de Credito e Inversiones,3.6106733042989774
2022-01-01,CMF_CONT_CARDETER_CONSOL_CCA_AGIFI_BCI_STO_RAZ_PORC_MONT,Banco de Credito e Inversiones,3.5706222630307094
2022-02-01,CMF_CONT_CARDETER_CONSOL_CCA_AGIFI_BCI_STO_RAZ_PORC_MONT,Banco de Credito e Inversiones,3.499047116827856
2022-03-01,CMF_CONT_CARDETER_CONSOL_CCA_AGIFI_BCI_STO_RAZ_PORC_MONT,Banco de Credito e Inversiones,3.560829484380416
2022-04-01,CMF_CONT_CARDETER_CONSOL_CCA_AGIFI_BCI_STO_RAZ_PORC_MONT,Banco de Credito e Inversiones,3.441730123926253
2022-05-01,CMF_CONT_CARDETER_CONSOL_CCA_AGIFI_BCI_STO_RAZ_PORC_MONT,Banco de Credito e Inversiones,3.3635277009181093
2022-06-01,CMF_CONT_CARDETER_CONSOL_CCA_AGIFI_BCI_STO_RAZ_PORC_MONT,Banco de Credito e Inversiones,3.322737990934986
2022-07-01,CMF_CONT_CARDETER_CONSOL_CCA_AGIFI_BCI_STO_RAZ_PORC_MONT,Banco de Credito e Inversiones,3.325380352128521
2021-08-01,CMF_CONT_CARDETER_CONSOL_CCA_AGIFI_BCON_STO_RAZ_PORC_MONT,Banco Consorcio,4.775272574192941
2021-09-01,CMF_CONT_CARDETER_CONSOL_CCA_AGIFI_BCON_STO_RAZ_PORC_MONT,Banco Consorcio,5.093734319421376
2021-10-01,CMF_CONT_CARDETER_CONSOL_CCA_AGIFI_BCON_STO_RAZ_PORC_MONT,Banco Consorcio,4.983648236776296
2021-11-01,CMF_CONT_CARDETER_CONSOL_CCA_AGIFI_BCON_STO_RAZ_PORC_MONT,Banco Consorcio,4.896066311206799
2021-12-01,CMF_CONT_CARDETER_CONSOL_CCA_AGIFI_BCON_STO_RAZ_PORC_MONT,Banco Consorcio,4.436616175201253
2022-01-01,CMF_CONT_CARDETER_CONSOL_CCA_AGIFI_BCON_STO_RAZ_PORC_MONT,Banco Consorcio,4.38701255539873
2022-02-01,CMF_CONT_CARDETER_CONSOL_CCA_AGIFI_BCON_STO_RAZ_PORC_MONT,Banco Consorcio,4.247441732597682
2022-03-01,CMF_CONT_CARDETER_CONSOL_CCA_AGIFI_BCON_STO_RAZ_PORC_MONT,Banco Consorcio,4.1160591079809326
2022-04-01,CMF_CONT_CARDETER_CONSOL_CCA_AGIFI_BCON_STO_RAZ_PORC_MONT,Banco Consorcio,4.861493544426974
2022-05-01,CMF_CONT_CARDETER_CONSOL_CCA_AGIFI_BCON_STO_RAZ_PORC_MONT,Banco Consorcio,5.422022976261831
2022-06-01,CMF_CONT_CARDETER_CONSOL_CCA_AGIFI_BCON_STO_RAZ_PORC_MONT,Banco Consorcio,5.531917446361211
2022-07-01,CMF_CONT_CARDETER_CONSOL_CCA_AGIFI_BCON_STO_RAZ_PORC_MONT,Banco Consorcio,5.54054352350332
2021-08-01,CMF_CONT_CARDETER_CONSOL_CCA_AGIFI_BECH_STO_RAZ_PORC_MONT,Banco del Estado de Chile,7.967616731889652
2021-09-01,CMF_CONT_CARDETER_CONSOL_CCA_AGIFI_BECH_STO_RAZ_PORC_MONT,Banco del Estado de Chile,7.840156132592277
2021-10-01,CMF_CONT_CARDETER_CONSOL_CCA_AGIFI_BECH_STO_RAZ_PORC_MONT,Banco del Estado de Chile,7.7553205974784225
2021-11-01,CMF_CONT_CARDETER_CONSOL_CCA_AGIFI_BECH_STO_RAZ_PORC_MONT,Banco del Estado de Chile,7.65613574467444
2021-12-01,CMF_CONT_CARDETER_CONSOL_CCA_AGIFI_BECH_STO_RAZ_PORC_MONT,Banco del Estado de Chile,7.694319886719331
2022-01-01,CMF_CONT_CARDETER_CONSOL_CCA_AGIFI_BECH_STO_RAZ_PORC_MONT,Banco del Estado de Chile,7.573120647146577
2022-02-01,CMF_CONT_CARDETER_CONSOL_CCA_AGIFI_BECH_STO_RAZ_PORC_MONT,Banco del Estado de Chile,7.645475830981059
2022-03-01,CMF_CONT_CARDETER_CONSOL_CCA_AGIFI_BECH_STO_RAZ_PORC_MONT,Banco del Estado de Chile,7.759744373004601
2022-04-01,CMF_CONT_CARDETER_CONSOL_CCA_AGIFI_BECH_STO_RAZ_PORC_MONT,Banco del Estado de Chile,7.952381214450355
2022-05-01,CMF_CONT_CARDETER_CONSOL_CCA_AGIFI_BECH_STO_RAZ_PORC_MONT,Banco del Estado de Chile,7.900032670856581
2022-06-01,CMF_CONT_CARDETER_CONSOL_CCA_AGIFI_BECH_STO_RAZ_PORC_MONT,Banco del Estado de Chile,7.878558687270062
2022-07-01,CMF_CONT_CARDETER_CONSOL_CCA_AGIFI_BECH_STO_RAZ_PORC_MONT,Banco del Estado de Chile,7.9087390132534185
2021-08-01,CMF_CONT_CARDETER_CONSOL_CCA_AGIFI_BFALA_STO_RAZ_PORC_MONT,Banco Falabella,3.292598132663507
2021-09-01,CMF_CONT_CARDETER_CONSOL_CCA_AGIFI_BFALA_STO_RAZ_PORC_MONT,Banco Falabella,3.1759555976337235
2021-10-01,CMF_CONT_CARDETER_CONSOL_CCA_AGIFI_BFALA_STO_RAZ_PORC_MONT,Banco Falabella,3.068514179725733
2021-11-01,CMF_CONT_CARDETER_CONSOL_CCA_AGIFI_BFALA_STO_RAZ_PORC_MONT,Banco Falabella,3.0662493719301893
2021-12-01,CMF_CONT_CARDETER_CONSOL_CCA_AGIFI_BFALA_STO_RAZ_PORC_MONT,Banco Falabella,3.0629858381555946
2022-01-01,CMF_CONT_CARDETER_CONSOL_CCA_AGIFI_BFALA_STO_RAZ_PORC_MONT,Banco Falabella,3.1177698943457606
2022-02-01,CMF_CONT_CARDETER_CONSOL_CCA_AGIFI_BFALA_STO_RAZ_PORC_MONT,Banco Falabella,3.2162489636291944
2022-03-01,CMF_CONT_CARDETER_CONSOL_CCA_AGIFI_BFALA_STO_RAZ_PORC_MONT,Banco Falabella,3.3157146278515426
2022-04-01,CMF_CONT_CARDETER_CONSOL_CCA_AGIFI_BFALA_STO_RAZ_PORC_MONT,Banco Falabella,3.59295737280194
2022-05-01,CMF_CONT_CARDETER_CONSOL_CCA_AGIFI_BFALA_STO_RAZ_PORC_MONT,Banco Falabella,3.8920096676189266
2022-06-01,CMF_CONT_CARDETER_CONSOL_CCA_AGIFI_BFALA_STO_RAZ_PORC_MONT,Banco Falabella,4.258840755475977
2022-07-01,CMF_CONT_CARDETER_CONSOL_CCA_AGIFI_BFALA_STO_RAZ_PORC_MONT,Banco Falabella,4.7247692812436615
2021-08-01,CMF_CONT_CARDETER_CONSOL_CCA_AGIFI_BICE_STO_RAZ_PORC_MONT,Banco Bice,2.4489697697658683
2021-09-01,CMF_CONT_CARDETER_CONSOL_CCA_AGIFI_BICE_STO_RAZ_PORC_MONT,Banco Bice,2.452253564346538
2021-10-01,CMF_CONT_CARDETER_CONSOL_CCA_AGIFI_BICE_STO_RAZ_PORC_MONT,Banco Bice,2.448416650171239
2021-11-01,CMF_CONT_CARDETER_CONSOL_CCA_AGIFI_BICE_STO_RAZ_PORC_MONT,Banco Bice,2.3956023869470133
2021-12-01,CMF_CONT_CARDETER_CONSOL_CCA_AGIFI_BICE_STO_RAZ_PORC_MONT,Banco Bice,2.449309039622425
2022-01-01,CMF_CONT_CARDETER_CONSOL_CCA_AGIFI_BICE_STO_RAZ_PORC_MONT,Banco Bice,2.3905496591204134
2022-02-01,CMF_CONT_CARDETER_CONSOL_CCA_AGIFI_BICE_STO_RAZ_PORC_MONT,Banco Bice,2.4522036562190466
2022-03-01,CMF_CONT_CARDETER_CONSOL_CCA_AGIFI_BICE_STO_RAZ_PORC_MONT,Banco Bice,2.3892570269012356
2022-04-01,CMF_CONT_CARDETER_CONSOL_CCA_AGIFI_BICE_STO_RAZ_PORC_MONT,Banco Bice,2.5315335311674274
2022-05-01,CMF_CONT_CARDETER_CONSOL_CCA_AGIFI_BICE_STO_RAZ_PORC_MONT,Banco Bice,2.0855660361185953
2022-06-01,CMF_CONT_CARDETER_CONSOL_CCA_AGIFI_BICE_STO_RAZ_PORC_MONT,Banco Bice,2.4465665195894335
2022-07-01,CMF_CONT_CARDETER_CONSOL_CCA_AGIFI_BICE_STO_RAZ_PORC_MONT,Banco Bice,2.4504643545738394
2021-08-01,CMF_CONT_CARDETER_CONSOL_CCA_AGIFI_BINTE_STO_RAZ_PORC_MONT,Banco Internacional,8.050807327285261
2021-09-01,CMF_CONT_CARDETER_CONSOL_CCA_AGIFI_BINTE_STO_RAZ_PORC_MONT,Banco Internacional,7.922454396464191
2021-10-01,CMF_CONT_CARDETER_CONSOL_CCA_AGIFI_BINTE_STO_RAZ_PORC_MONT,Banco Internacional,8.030291230265103
2021-11-01,CMF_CONT_CARDETER_CONSOL_CCA_AGIFI_BINTE_STO_RAZ_PORC_MONT,Banco Internacional,7.341391322706641
2021-12-01,CMF_CONT_CARDETER_CONSOL_CCA_AGIFI_BINTE_STO_RAZ_PORC_MONT,Banco Internacional,6.945500861309319
2022-01-01,CMF_CONT_CARDETER_CONSOL_CCA_AGIFI_BINTE_STO_RAZ_PORC_MONT,Banco Internacional,7.440773905648769
2022-02-01,CMF_CONT_CARDETER_CONSOL_CCA_AGIFI_BINTE_STO_RAZ_PORC_MONT,Banco Internacional,7.313977361922658
2022-03-01,CMF_CONT_CARDETER_CONSOL_CCA_AGIFI_BINTE_STO_RAZ_PORC_MONT,Banco Internacional,7.17165828578295
2022-04-01,CMF_CONT_CARDETER_CONSOL_CCA_AGIFI_BINTE_STO_RAZ_PORC_MONT,Banco Internacional,7.48756547001614
2022-05-01,CMF_CONT_CARDETER_CONSOL_CCA_AGIFI_BINTE_STO_RAZ_PORC_MONT,Banco Internacional,7.468041077050781
2022-06-01,CMF_CONT_CARDETER_CONSOL_CCA_AGIFI_BINTE_STO_RAZ_PORC_MONT,Banco Internacional,7.272392693431221
2022-07-01,CMF_CONT_CARDETER_CONSOL_CCA_AGIFI_BINTE_STO_RAZ_PORC_MONT,Banco Internacional,7.420942176660668
2021-08-01,CMF_CONT_CARDETER_CONSOL_CCA_AGIFI_BITAUCORP_STO_RAZ_PORC_MONT,Banco Itaú Chile,6.829514358446663
2021-09-01,CMF_CONT_CARDETER_CONSOL_CCA_AGIFI_BITAUCORP_STO_RAZ_PORC_MONT,Banco Itaú Chile,6.787307717850114
2021-10-01,CMF_CONT_CARDETER_CONSOL_CCA_AGIFI_BITAUCORP_STO_RAZ_PORC_MONT,Banco Itaú Chile,6.753724540827472
2021-11-01,CMF_CONT_CARDETER_CONSOL_CCA_AGIFI_BITAUCORP_STO_RAZ_PORC_MONT,Banco Itaú Chile,6.546532777261119
2021-12-01,CMF_CONT_CARDETER_CONSOL_CCA_AGIFI_BITAUCORP_STO_RAZ_PORC_MONT,Banco Itaú Chile,6.456778822876454
2022-01-01,CMF_CONT_CARDETER_CONSOL_CCA_AGIFI_BITAUCORP_STO_RAZ_PORC_MONT,Banco Itaú Chile,6.333445559259503
2022-02-01,CMF_CONT_CARDETER_CONSOL_CCA_AGIFI_BITAUCORP_STO_RAZ_PORC_MONT,Banco Itaú Chile,6.299443342480042
2022-03-01,CMF_CONT_CARDETER_CONSOL_CCA_AGIFI_BITAUCORP_STO_RAZ_PORC_MONT,Banco Itaú Chile,6.248760640142891
2022-04-01,CMF_CONT_CARDETER_CONSOL_CCA_AGIFI_BITAUCORP_STO_RAZ_PORC_MONT,Banco Itaú Chile,6.379015614062449
2022-05-01,CMF_CONT_CARDETER_CONSOL_CCA_AGIFI_BITAUCORP_STO_RAZ_PORC_MONT,Banco Itaú Chile,5.7513071143036285
2022-06-01,CMF_CONT_CARDETER_CONSOL_CCA_AGIFI_BITAUCORP_STO_RAZ_PORC_MONT,Banco Itaú Chile,5.82273330515732
2022-07-01,CMF_CONT_CARDETER_CONSOL_CCA_AGIFI_BITAUCORP_STO_RAZ_PORC_MONT,Banco Itaú Chile,5.79771594847613
2022-01-01,CMF_CONT_CARDETER_CONSOL_CCA_AGIFI_BKCH_STO_RAZ_PORC_MONT,Bank of China,0.0
2022-02-01,CMF_CONT_CARDETER_CONSOL_CCA_AGIFI_BKCH_STO_RAZ_PORC_MONT,Bank of China,0.0
2022-03-01,CMF_CONT_CARDETER_CONSOL_CCA_AGIFI_BKCH_STO_RAZ_PORC_MONT,Bank of China,0.0
2022-04-01,CMF_CONT_CARDETER_CONSOL_CCA_AGIFI_BKCH_STO_RAZ_PORC_MONT,Bank of China,0.0
2022-05-01,CMF_CONT_CARDETER_CONSOL_CCA_AGIFI_BKCH_STO_RAZ_PORC_MONT,Bank of China,0.0
2022-06-01,CMF_CONT_CARDETER_CONSOL_CCA_AGIFI_BKCH_STO_RAZ_PORC_MONT,Bank of China,0.0
2022-07-01,CMF_CONT_CARDETER_CONSOL_CCA_AGIFI_BKCH_STO_RAZ_PORC_MONT,Bank of China,0.0
2021-08-01,CMF_CONT_CARDETER_CONSOL_CCA_AGIFI_BRIPL_STO_RAZ_PORC_MONT,Banco Ripley,5.017550604621735
2021-09-01,CMF_CONT_CARDETER_CONSOL_CCA_AGIFI_BRIPL_STO_RAZ_PORC_MONT,Banco Ripley,4.5812990627332555
2021-10-01,CMF_CONT_CARDETER_CONSOL_CCA_AGIFI_BRIPL_STO_RAZ_PORC_MONT,Banco Ripley,4.108807871207705
2021-11-01,CMF_CONT_CARDETER_CONSOL_CCA_AGIFI_BRIPL_STO_RAZ_PORC_MONT,Banco Ripley,3.9205835440362167
2021-12-01,CMF_CONT_CARDETER_CONSOL_CCA_AGIFI_BRIPL_STO_RAZ_PORC_MONT,Banco Ripley,3.7698784999682955
2022-01-01,CMF_CONT_CARDETER_CONSOL_CCA_AGIFI_BRIPL_STO_RAZ_PORC_MONT,Banco Ripley,3.842416049297368
2022-02-01,CMF_CONT_CARDETER_CONSOL_CCA_AGIFI_BRIPL_STO_RAZ_PORC_MONT,Banco Ripley,3.938136133594404
2022-03-01,CMF_CONT_CARDETER_CONSOL_CCA_AGIFI_BRIPL_STO_RAZ_PORC_MONT,Banco Ripley,4.004945381513774
2022-04-01,CMF_CONT_CARDETER_CONSOL_CCA_AGIFI_BRIPL_STO_RAZ_PORC_MONT,Banco Ripley,4.409897807181158
2022-05-01,CMF_CONT_CARDETER_CONSOL_CCA_AGIFI_BRIPL_STO_RAZ_PORC_MONT,Banco Ripley,4.73460623218791
2022-06-01,CMF_CONT_CARDETER_CONSOL_CCA_AGIFI_BRIPL_STO_RAZ_PORC_MONT,Banco Ripley,5.084901373875176
2022-07-01,CMF_CONT_CARDETER_CONSOL_CCA_AGIFI_BRIPL_STO_RAZ_PORC_MONT,Banco Ripley,5.463825893408053
2021-08-01,CMF_CONT_CARDETER_CONSOL_CCA_AGIFI_BSANT_STO_RAZ_PORC_MONT,Banco Santander-Chile,4.713720441535584
2021-09-01,CMF_CONT_CARDETER_CONSOL_CCA_AGIFI_BSANT_STO_RAZ_PORC_MONT,Banco Santander-Chile,4.653309162351999
2021-10-01,CMF_CONT_CARDETER_CONSOL_CCA_AGIFI_BSANT_STO_RAZ_PORC_MONT,Banco Santander-Chile,4.57997685988321
2021-11-01,CMF_CONT_CARDETER_CONSOL_CCA_AGIFI_BSANT_STO_RAZ_PORC_MONT,Banco Santander-Chile,4.547978398061663
2021-12-01,CMF_CONT_CARDETER_CONSOL_CCA_AGIFI_BSANT_STO_RAZ_PORC_MONT,Banco Santander-Chile,4.511528502104886
2022-01-01,CMF_CONT_CARDETER_CONSOL_CCA_AGIFI_BSANT_STO_RAZ_PORC_MONT,Banco Santander-Chile,4.535046815242101
2022-02-01,CMF_CONT_CARDETER_CONSOL_CCA_AGIFI_BSANT_STO_RAZ_PORC_MONT,Banco Santander-Chile,4.499645242124553
2022-03-01,CMF_CONT_CARDETER_CONSOL_CCA_AGIFI_BSANT_STO_RAZ_PORC_MONT,Banco Santander-Chile,4.478374147715974
2022-04-01,CMF_CONT_CARDETER_CONSOL_CCA_AGIFI_BSANT_STO_RAZ_PORC_MONT,Banco Santander-Chile,4.499323685552464
2022-05-01,CMF_CONT_CARDETER_CONSOL_CCA_AGIFI_BSANT_STO_RAZ_PORC_MONT,Banco Santander-Chile,4.571637509103117
2022-06-01,CMF_CONT_CARDETER_CONSOL_CCA_AGIFI_BSANT_STO_RAZ_PORC_MONT,Banco Santander-Chile,4.675104365755516
2022-07-01,CMF_CONT_CARDETER_CONSOL_CCA_AGIFI_BSANT_STO_RAZ_PORC_MONT,Banco Santander-Chile,4.341213192257282
2021-08-01,CMF_CONT_CARDETER_CONSOL_CCA_AGIFI_BSCOT_STO_RAZ_PORC_MONT,Scotiabank Chile,3.125569491131946
2021-09-01,CMF_CONT_CARDETER_CONSOL_CCA_AGIFI_BSCOT_STO_RAZ_PORC_MONT,Scotiabank Chile,3.051644016137776
2021-10-01,CMF_CONT_CARDETER_CONSOL_CCA_AGIFI_BSCOT_STO_RAZ_PORC_MONT,Scotiabank Chile,2.7788974208798165
2021-11-01,CMF_CONT_CARDETER_CONSOL_CCA_AGIFI_BSCOT_STO_RAZ_PORC_MONT,Scotiabank Chile,2.776124083527305
2021-12-01,CMF_CONT_CARDETER_CONSOL_CCA_AGIFI_BSCOT_STO_RAZ_PORC_MONT,Scotiabank Chile,2.754573466652606
2022-01-01,CMF_CONT_CARDETER_CONSOL_CCA_AGIFI_BSCOT_STO_RAZ_PORC_MONT,Scotiabank Chile,2.7418318796196957
2022-02-01,CMF_CONT_CARDETER_CONSOL_CCA_AGIFI_BSCOT_STO_RAZ_PORC_MONT,Scotiabank Chile,2.7602472633892114
2022-03-01,CMF_CONT_CARDETER_CONSOL_CCA_AGIFI_BSCOT_STO_RAZ_PORC_MONT,Scotiabank Chile,2.718327094513902
2022-04-01,CMF_CONT_CARDETER_CONSOL_CCA_AGIFI_BSCOT_STO_RAZ_PORC_MONT,Scotiabank Chile,2.64298770408747
2022-05-01,CMF_CONT_CARDETER_CONSOL_CCA_AGIFI_BSCOT_STO_RAZ_PORC_MONT,Scotiabank Chile,2.659691406417717
2022-06-01,CMF_CONT_CARDETER_CONSOL_CCA_AGIFI_BSCOT_STO_RAZ_PORC_MONT,Scotiabank Chile,2.810719818408091
2022-07-01,CMF_CONT_CARDETER_CONSOL_CCA_AGIFI_BSCOT_STO_RAZ_PORC_MONT,Scotiabank Chile,3.0007067161713445
2021-08-01,CMF_CONT_CARDETER_CONSOL_CCA_AGIFI_BSEC_STO_RAZ_PORC_MONT,Banco Security,7.482914067235496
2021-09-01,CMF_CONT_CARDETER_CONSOL_CCA_AGIFI_BSEC_STO_RAZ_PORC_MONT,Banco Security,7.278927921192651
2021-10-01,CMF_CONT_CARDETER_CONSOL_CCA_AGIFI_BSEC_STO_RAZ_PORC_MONT,Banco Security,7.1942279255597015
2021-11-01,CMF_CONT_CARDETER_CONSOL_CCA_AGIFI_BSEC_STO_RAZ_PORC_MONT,Banco Security,6.953640181514993
2021-12-01,CMF_CONT_CARDETER_CONSOL_CCA_AGIFI_BSEC_STO_RAZ_PORC_MONT,Banco Security,7.021396893250843
2022-01-01,CMF_CONT_CARDETER_CONSOL_CCA_AGIFI_BSEC_STO_RAZ_PORC_MONT,Banco Security,7.321923642294703
2022-02-01,CMF_CONT_CARDETER_CONSOL_CCA_AGIFI_BSEC_STO_RAZ_PORC_MONT,Banco Security,7.260234382481304
2022-03-01,CMF_CONT_CARDETER_CONSOL_CCA_AGIFI_BSEC_STO_RAZ_PORC_MONT,Banco Security,7.137684459247949
2022-04-01,CMF_CONT_CARDETER_CONSOL_CCA_AGIFI_BSEC_STO_RAZ_PORC_MONT,Banco Security,6.89514388097878
2022-05-01,CMF_CONT_CARDETER_CONSOL_CCA_AGIFI_BSEC_STO_RAZ_PORC_MONT,Banco Security,6.585420149833217
2022-06-01,CMF_CONT_CARDETER_CONSOL_CCA_AGIFI_BSEC_STO_RAZ_PORC_MONT,Banco Security,6.4792875558259615
2022-07-01,CMF_CONT_CARDETER_CONSOL_CCA_AGIFI_BSEC_STO_RAZ_PORC_MONT,Banco Security,6.859884560776777
2021-08-01,CMF_CONT_CARDETER_CONSOL_CCA_AGIFI_CHCONBANK_STO_RAZ_PORC_MONT,China Construction Bank,0.0
2021-09-01,CMF_CONT_CARDETER_CONSOL_CCA_AGIFI_CHCONBANK_STO_RAZ_PORC_MONT,China Construction Bank,0.0
2021-10-01,CMF_CONT_CARDETER_CONSOL_CCA_AGIFI_CHCONBANK_STO_RAZ_PORC_MONT,China Construction Bank,0.0
2021-11-01,CMF_CONT_CARDETER_CONSOL_CCA_AGIFI_CHCONBANK_STO_RAZ_PORC_MONT,China Construction Bank,0.0
2021-12-01,CMF_CONT_CARDETER_CONSOL_CCA_AGIFI_CHCONBANK_STO_RAZ_PORC_MONT,China Construction Bank,0.0
2022-01-01,CMF_CONT_CARDETER_CONSOL_CCA_AGIFI_CHCONBANK_STO_RAZ_PORC_MONT,China Construction Bank,0.0
2022-02-01,CMF_CONT_CARDETER_CONSOL_CCA_AGIFI_CHCONBANK_STO_RAZ_PORC_MONT,China Construction Bank,0.0
2022-03-01,CMF_CONT_CARDETER_CONSOL_CCA_AGIFI_CHCONBANK_STO_RAZ_PORC_MONT,China Construction Bank,0.0
2022-04-01,CMF_CONT_CARDETER_CONSOL_CCA_AGIFI_CHCONBANK_STO_RAZ_PORC_MONT,China Construction Bank,0.0
2022-05-01,CMF_CONT_CARDETER_CONSOL_CCA_AGIFI_CHCONBANK_STO_RAZ_PORC_MONT,China Construction Bank,0.0
2022-06-01,CMF_CONT_CARDETER_CONSOL_CCA_AGIFI_CHCONBANK_STO_RAZ_PORC_MONT,China Construction Bank,0.0
2022-07-01,CMF_CONT_CARDETER_CONSOL_CCA_AGIFI_CHCONBANK_STO_RAZ_PORC_MONT,China Construction Bank,3.941580872490866
2021-08-01,CMF_CONT_CARDETER_CONSOL_CCA_AGIFI_HSBC_STO_RAZ_PORC_MONT,Hsbc Bank (Chile),0.0
2021-09-01,CMF_CONT_CARDETER_CONSOL_CCA_AGIFI_HSBC_STO_RAZ_PORC_MONT,Hsbc Bank (Chile),0.0
2021-10-01,CMF_CONT_CARDETER_CONSOL_CCA_AGIFI_HSBC_STO_RAZ_PORC_MONT,Hsbc Bank (Chile),0.0
2021-11-01,CMF_CONT_CARDETER_CONSOL_CCA_AGIFI_HSBC_STO_RAZ_PORC_MONT,Hsbc Bank (Chile),0.0
2021-12-01,CMF_CONT_CARDETER_CONSOL_CCA_AGIFI_HSBC_STO_RAZ_PORC_MONT,Hsbc Bank (Chile),0.0
2022-01-01,CMF_CONT_CARDETER_CONSOL_CCA_AGIFI_HSBC_STO_RAZ_PORC_MONT,Hsbc Bank (Chile),0.0
2022-02-01,CMF_CONT_CARDETER_CONSOL_CCA_AGIFI_HSBC_STO_RAZ_PORC_MONT,Hsbc Bank (Chile),0.0
2022-03-01,CMF_CONT_CARDETER_CONSOL_CCA_AGIFI_HSBC_STO_RAZ_PORC_MONT,Hsbc Bank (Chile),0.0
2022-04-01,CMF_CONT_CARDETER_CONSOL_CCA_AGIFI_HSBC_STO_RAZ_PORC_MONT,Hsbc Bank (Chile),0.0
2022-05-01,CMF_CONT_CARDETER_CONSOL_CCA_AGIFI_HSBC_STO_RAZ_PORC_MONT,Hsbc Bank (Chile),0.0
2022-06-01,CMF_CONT_CARDETER_CONSOL_CCA_AGIFI_HSBC_STO_RAZ_PORC_MONT,Hsbc Bank (Chile),0.0
2022-07-01,CMF_CONT_CARDETER_CONSOL_CCA_AGIFI_HSBC_STO_RAZ_PORC_MONT,Hsbc Bank (Chile),0.0
2022-02-01,CMF_CONT_CARDETER_CONSOL_CCA_AGIFI_JPMGC_STO_RAZ_PORC_MONT,Jp Morgan Chase Bank. N. A.,0.0
2022-03-01,CMF_CONT_CARDETER_CONSOL_CCA_AGIFI_JPMGC_STO_RAZ_PORC_MONT,Jp Morgan Chase Bank. N. A.,0.0
2022-04-01,CMF_CONT_CARDETER_CONSOL_CCA_AGIFI_JPMGC_STO_RAZ_PORC_MONT,Jp Morgan Chase Bank. N. A.,0.0
2022-05-01,CMF_CONT_CARDETER_CONSOL_CCA_AGIFI_JPMGC_STO_RAZ_PORC_MONT,Jp Morgan Chase Bank. N. A.,0.0
2022-06-01,CMF_CONT_CARDETER_CONSOL_CCA_AGIFI_JPMGC_STO_RAZ_PORC_MONT,Jp Morgan Chase Bank. N. A.,0.0
2022-07-01,CMF_CONT_CARDETER_CONSOL_CCA_AGIFI_JPMGC_STO_RAZ_PORC_MONT,Jp Morgan Chase Bank. N. A.,0.0
2022-08-01,CMF_CONT_CARDETER_CONSOL_CCA_AGIFI_BBTGP_STO_RAZ_PORC_MONT,Banco BTG Pactual Chile,7.377968157556684
2022-09-01,CMF_CONT_CARDETER_CONSOL_CCA_AGIFI_BBTGP_STO_RAZ_PORC_MONT,Banco BTG Pactual Chile,6.33582544577663
2022-10-01,CMF_CONT_CARDETER_CONSOL_CCA_AGIFI_BBTGP_STO_RAZ_PORC_MONT,Banco BTG Pactual Chile,5.855106436988546
2022-11-01,CMF_CONT_CARDETER_CONSOL_CCA_AGIFI_BBTGP_STO_RAZ_PORC_MONT,Banco BTG Pactual Chile,6.01774867202135
2022-12-01,CMF_CONT_CARDETER_CONSOL_CCA_AGIFI_BBTGP_STO_RAZ_PORC_MONT,Banco BTG Pactual Chile,5.822372040147396
2023-01-01,CMF_CONT_CARDETER_CONSOL_CCA_AGIFI_BBTGP_STO_RAZ_PORC_MONT,Banco BTG Pactual Chile,5.806403761004809
2023-02-01,CMF_CONT_CARDETER_CONSOL_CCA_AGIFI_BBTGP_STO_RAZ_PORC_MONT,Banco BTG Pactual Chile,5.863149515716402
2023-03-01,CMF_CONT_CARDETER_CONSOL_CCA_AGIFI_BBTGP_STO_RAZ_PORC_MONT,Banco BTG Pactual Chile,10.31873073244239
2023-04-01,CMF_CONT_CARDETER_CONSOL_CCA_AGIFI_BBTGP_STO_RAZ_PORC_MONT,Banco BTG Pactual Chile,9.071903617296835
2023-05-01,CMF_CONT_CARDETER_CONSOL_CCA_AGIFI_BBTGP_STO_RAZ_PORC_MONT,Banco BTG Pactual Chile,9.122897863753494
2023-06-01,CMF_CONT_CARDETER_CONSOL_CCA_AGIFI_BBTGP_STO_RAZ_PORC_MONT,Banco BTG Pactual Chile,9.651470628738776
2023-07-01,CMF_CONT_CARDETER_CONSOL_CCA_AGIFI_BBTGP_STO_RAZ_PORC_MONT,Banco BTG Pactual Chile,9.242787561586777
2022-08-01,CMF_CONT_CARDETER_CONSOL_CCA_AGIFI_BCHI_STO_RAZ_PORC_MONT,Banco de Chile,2.7549111793254637
2022-09-01,CMF_CONT_CARDETER_CONSOL_CCA_AGIFI_BCHI_STO_RAZ_PORC_MONT,Banco de Chile,2.588226036610891
2022-10-01,CMF_CONT_CARDETER_CONSOL_CCA_AGIFI_BCHI_STO_RAZ_PORC_MONT,Banco de Chile,2.628080222217604
2022-11-01,CMF_CONT_CARDETER_CONSOL_CCA_AGIFI_BCHI_STO_RAZ_PORC_MONT,Banco de Chile,2.646405157878147
2022-12-01,CMF_CONT_CARDETER_CONSOL_CCA_AGIFI_BCHI_STO_RAZ_PORC_MONT,Banco de Chile,2.6751240276347876
2023-01-01,CMF_CONT_CARDETER_CONSOL_CCA_AGIFI_BCHI_STO_RAZ_PORC_MONT,Banco de Chile,2.708675716596902
2023-02-01,CMF_CONT_CARDETER_CONSOL_CCA_AGIFI_BCHI_STO_RAZ_PORC_MONT,Banco de Chile,2.7502409830791055
2023-03-01,CMF_CONT_CARDETER_CONSOL_CCA_AGIFI_BCHI_STO_RAZ_PORC_MONT,Banco de Chile,2.779404070272266
2023-04-01,CMF_CONT_CARDETER_CONSOL_CCA_AGIFI_BCHI_STO_RAZ_PORC_MONT,Banco de Chile,2.785403722656346
2023-05-01,CMF_CONT_CARDETER_CONSOL_CCA_AGIFI_BCHI_STO_RAZ_PORC_MONT,Banco de Chile,2.8790033047061936
2023-06-01,CMF_CONT_CARDETER_CONSOL_CCA_AGIFI_BCHI_STO_RAZ_PORC_MONT,Banco de Chile,2.953154340720037
2023-07-01,CMF_CONT_CARDETER_CONSOL_CCA_AGIFI_BCHI_STO_RAZ_PORC_MONT,Banco de Chile,2.9576317416324165
2022-08-01,CMF_CONT_CARDETER_CONSOL_CCA_AGIFI_BCI_STO_RAZ_PORC_MONT,Banco de Credito e Inversiones,3.3447897533674498
2022-09-01,CMF_CONT_CARDETER_CONSOL_CCA_AGIFI_BCI_STO_RAZ_PORC_MONT,Banco de Credito e Inversiones,3.086090702247678
2022-10-01,CMF_CONT_CARDETER_CONSOL_CCA_AGIFI_BCI_STO_RAZ_PORC_MONT,Banco de Credito e Inversiones,3.12040637203276
2022-11-01,CMF_CONT_CARDETER_CONSOL_CCA_AGIFI_BCI_STO_RAZ_PORC_MONT,Banco de Credito e Inversiones,3.2292976011404178
2022-12-01,CMF_CONT_CARDETER_CONSOL_CCA_AGIFI_BCI_STO_RAZ_PORC_MONT,Banco de Credito e Inversiones,3.3287511788137207
2023-01-01,CMF_CONT_CARDETER_CONSOL_CCA_AGIFI_BCI_STO_RAZ_PORC_MONT,Banco de Credito e Inversiones,3.421758510249334
2023-02-01,CMF_CONT_CARDETER_CONSOL_CCA_AGIFI_BCI_STO_RAZ_PORC_MONT,Banco de Credito e Inversiones,3.435251910328485
2023-03-01,CMF_CONT_CARDETER_CONSOL_CCA_AGIFI_BCI_STO_RAZ_PORC_MONT,Banco de Credito e Inversiones,3.4918873943106785
2023-04-01,CMF_CONT_CARDETER_CONSOL_CCA_AGIFI_BCI_STO_RAZ_PORC_MONT,Banco de Credito e Inversiones,3.542728642569208
2023-05-01,CMF_CONT_CARDETER_CONSOL_CCA_AGIFI_BCI_STO_RAZ_PORC_MONT,Banco de Credito e Inversiones,3.562894806964633
2023-06-01,CMF_CONT_CARDETER_CONSOL_CCA_AGIFI_BCI_STO_RAZ_PORC_MONT,Banco de Credito e Inversiones,3.7765644204694566
2023-07-01,CMF_CONT_CARDETER_CONSOL_CCA_AGIFI_BCI_STO_RAZ_PORC_MONT,Banco de Credito e Inversiones,3.731260988663729
2022-08-01,CMF_CONT_CARDETER_CONSOL_CCA_AGIFI_BCON_STO_RAZ_PORC_MONT,Banco Consorcio,5.594960664047343
2022-09-01,CMF_CONT_CARDETER_CONSOL_CCA_AGIFI_BCON_STO_RAZ_PORC_MONT,Banco Consorcio,5.7209553629942445
2022-10-01,CMF_CONT_CARDETER_CONSOL_CCA_AGIFI_BCON_STO_RAZ_PORC_MONT,Banco Consorcio,5.794604719115017
2022-11-01,CMF_CONT_CARDETER_CONSOL_CCA_AGIFI_BCON_STO_RAZ_PORC_MONT,Banco Consorcio,6.052567586115974
2022-12-01,CMF_CONT_CARDETER_CONSOL_CCA_AGIFI_BCON_STO_RAZ_PORC_MONT,Banco Consorcio,6.114615496198262
2023-01-01,CMF_CONT_CARDETER_CONSOL_CCA_AGIFI_BCON_STO_RAZ_PORC_MONT,Banco Consorcio,6.732799410773259
2023-02-01,CMF_CONT_CARDETER_CONSOL_CCA_AGIFI_BCON_STO_RAZ_PORC_MONT,Banco Consorcio,6.571188747080489
2023-03-01,CMF_CONT_CARDETER_CONSOL_CCA_AGIFI_BCON_STO_RAZ_PORC_MONT,Banco Consorcio,6.6157068530747365
2023-04-01,CMF_CONT_CARDETER_CONSOL_CCA_AGIFI_BCON_STO_RAZ_PORC_MONT,Banco Consorcio,6.735096981483997
2023-05-01,CMF_CONT_CARDETER_CONSOL_CCA_AGIFI_BCON_STO_RAZ_PORC_MONT,Banco Consorcio,6.8756721109816485
2023-06-01,CMF_CONT_CARDETER_CONSOL_CCA_AGIFI_BCON_STO_RAZ_PORC_MONT,Banco Consorcio,6.870906140219065
2023-07-01,CMF_CONT_CARDETER_CONSOL_CCA_AGIFI_BCON_STO_RAZ_PORC_MONT,Banco Consorcio,6.935806144014305
2022-08-01,CMF_CONT_CARDETER_CONSOL_CCA_AGIFI_BECH_STO_RAZ_PORC_MONT,Banco del Estado de Chile,7.84919300919987
2022-09-01,CMF_CONT_CARDETER_CONSOL_CCA_AGIFI_BECH_STO_RAZ_PORC_MONT,Banco del Estado de Chile,7.955560623020625
2022-10-01,CMF_CONT_CARDETER_CONSOL_CCA_AGIFI_BECH_STO_RAZ_PORC_MONT,Banco del Estado de Chile,8.26675362144429
2022-11-01,CMF_CONT_CARDETER_CONSOL_CCA_AGIFI_BECH_STO_RAZ_PORC_MONT,Banco del Estado de Chile,8.471242300572221
2022-12-01,CMF_CONT_CARDETER_CONSOL_CCA_AGIFI_BECH_STO_RAZ_PORC_MONT,Banco del Estado de Chile,8.685943975038464
2023-01-01,CMF_CONT_CARDETER_CONSOL_CCA_AGIFI_BECH_STO_RAZ_PORC_MONT,Banco del Estado de Chile,8.81352663105012
2023-02-01,CMF_CONT_CARDETER_CONSOL_CCA_AGIFI_BECH_STO_RAZ_PORC_MONT,Banco del Estado de Chile,9.009362153541636
2023-03-01,CMF_CONT_CARDETER_CONSOL_CCA_AGIFI_BECH_STO_RAZ_PORC_MONT,Banco del Estado de Chile,9.138072620895386
2023-04-01,CMF_CONT_CARDETER_CONSOL_CCA_AGIFI_BECH_STO_RAZ_PORC_MONT,Banco del Estado de Chile,9.120923428373642
2023-05-01,CMF_CONT_CARDETER_CONSOL_CCA_AGIFI_BECH_STO_RAZ_PORC_MONT,Banco del Estado de Chile,9.225711432583553
2023-06-01,CMF_CONT_CARDETER_CONSOL_CCA_AGIFI_BECH_STO_RAZ_PORC_MONT,Banco del Estado de Chile,9.408530023296374
2023-07-01,CMF_CONT_CARDETER_CONSOL_CCA_AGIFI_BECH_STO_RAZ_PORC_MONT,Banco del Estado de Chile,9.45262625590781
2022-08-01,CMF_CONT_CARDETER_CONSOL_CCA_AGIFI_BFALA_STO_RAZ_PORC_MONT,Banco Falabella,5.126513222467169
2022-09-01,CMF_CONT_CARDETER_CONSOL_CCA_AGIFI_BFALA_STO_RAZ_PORC_MONT,Banco Falabella,5.690983662014109
2022-10-01,CMF_CONT_CARDETER_CONSOL_CCA_AGIFI_BFALA_STO_RAZ_PORC_MONT,Banco Falabella,6.195694948003233
2022-11-01,CMF_CONT_CARDETER_CONSOL_CCA_AGIFI_BFALA_STO_RAZ_PORC_MONT,Banco Falabella,6.602203278966987
2022-12-01,CMF_CONT_CARDETER_CONSOL_CCA_AGIFI_BFALA_STO_RAZ_PORC_MONT,Banco Falabella,6.925894924726615
2023-01-01,CMF_CONT_CARDETER_CONSOL_CCA_AGIFI_BFALA_STO_RAZ_PORC_MONT,Banco Falabella,7.187837005513495
2023-02-01,CMF_CONT_CARDETER_CONSOL_CCA_AGIFI_BFALA_STO_RAZ_PORC_MONT,Banco Falabella,7.345046322266461
2023-03-01,CMF_CONT_CARDETER_CONSOL_CCA_AGIFI_BFALA_STO_RAZ_PORC_MONT,Banco Falabella,7.329443749222175
2023-04-01,CMF_CONT_CARDETER_CONSOL_CCA_AGIFI_BFALA_STO_RAZ_PORC_MONT,Banco Falabella,7.4871611230417425
2023-05-01,CMF_CONT_CARDETER_CONSOL_CCA_AGIFI_BFALA_STO_RAZ_PORC_MONT,Banco Falabella,7.471819711144476
2023-06-01,CMF_CONT_CARDETER_CONSOL_CCA_AGIFI_BFALA_STO_RAZ_PORC_MONT,Banco Falabella,7.5575518964423205
2023-07-01,CMF_CONT_CARDETER_CONSOL_CCA_AGIFI_BFALA_STO_RAZ_PORC_MONT,Banco Falabella,7.599710706379987
2022-08-01,CMF_CONT_CARDETER_CONSOL_CCA_AGIFI_BICE_STO_RAZ_PORC_MONT,Banco Bice,2.5072658689971563
2022-09-01,CMF_CONT_CARDETER_CONSOL_CCA_AGIFI_BICE_STO_RAZ_PORC_MONT,Banco Bice,2.6060708896432487
2022-10-01,CMF_CONT_CARDETER_CONSOL_CCA_AGIFI_BICE_STO_RAZ_PORC_MONT,Banco Bice,2.545883039246885
2022-11-01,CMF_CONT_CARDETER_CONSOL_CCA_AGIFI_BICE_STO_RAZ_PORC_MONT,Banco Bice,2.5678596231377067
2022-12-01,CMF_CONT_CARDETER_CONSOL_CCA_AGIFI_BICE_STO_RAZ_PORC_MONT,Banco Bice,2.631598527907528
2023-01-01,CMF_CONT_CARDETER_CONSOL_CCA_AGIFI_BICE_STO_RAZ_PORC_MONT,Banco Bice,2.6200806611582013
2023-02-01,CMF_CONT_CARDETER_CONSOL_CCA_AGIFI_BICE_STO_RAZ_PORC_MONT,Banco Bice,2.5709498727803037
2023-03-01,CMF_CONT_CARDETER_CONSOL_CCA_AGIFI_BICE_STO_RAZ_PORC_MONT,Banco Bice,2.50465843533031
2023-04-01,CMF_CONT_CARDETER_CONSOL_CCA_AGIFI_BICE_STO_RAZ_PORC_MONT,Banco Bice,2.51303058674155
2023-05-01,CMF_CONT_CARDETER_CONSOL_CCA_AGIFI_BICE_STO_RAZ_PORC_MONT,Banco Bice,2.6080000597697937
2023-06-01,CMF_CONT_CARDETER_CONSOL_CCA_AGIFI_BICE_STO_RAZ_PORC_MONT,Banco Bice,2.4297448592627084
2023-07-01,CMF_CONT_CARDETER_CONSOL_CCA_AGIFI_BICE_STO_RAZ_PORC_MONT,Banco Bice,2.5761915659861905
2022-08-01,CMF_CONT_CARDETER_CONSOL_CCA_AGIFI_BINTE_STO_RAZ_PORC_MONT,Banco Internacional,7.470293927864145
2022-09-01,CMF_CONT_CARDETER_CONSOL_CCA_AGIFI_BINTE_STO_RAZ_PORC_MONT,Banco Internacional,7.140309521622265
2022-10-01,CMF_CONT_CARDETER_CONSOL_CCA_AGIFI_BINTE_STO_RAZ_PORC_MONT,Banco Internacional,7.519303106820647
2022-11-01,CMF_CONT_CARDETER_CONSOL_CCA_AGIFI_BINTE_STO_RAZ_PORC_MONT,Banco Internacional,7.255628910463168
2022-12-01,CMF_CONT_CARDETER_CONSOL_CCA_AGIFI_BINTE_STO_RAZ_PORC_MONT,Banco Internacional,7.315189085361904
2023-01-01,CMF_CONT_CARDETER_CONSOL_CCA_AGIFI_BINTE_STO_RAZ_PORC_MONT,Banco Internacional,7.227484415639973
2023-02-01,CMF_CONT_CARDETER_CONSOL_CCA_AGIFI_BINTE_STO_RAZ_PORC_MONT,Banco Internacional,7.382492273460533
2023-03-01,CMF_CONT_CARDETER_CONSOL_CCA_AGIFI_BINTE_STO_RAZ_PORC_MONT,Banco Internacional,7.023081541827578
2023-04-01,CMF_CONT_CARDETER_CONSOL_CCA_AGIFI_BINTE_STO_RAZ_PORC_MONT,Banco Internacional,7.003431877348075
2023-05-01,CMF_CONT_CARDETER_CONSOL_CCA_AGIFI_BINTE_STO_RAZ_PORC_MONT,Banco Internacional,6.963762585965175
2023-06-01,CMF_CONT_CARDETER_CONSOL_CCA_AGIFI_BINTE_STO_RAZ_PORC_MONT,Banco Internacional,6.841658636454529
2023-07-01,CMF_CONT_CARDETER_CONSOL_CCA_AGIFI_BINTE_STO_RAZ_PORC_MONT,Banco Internacional,7.047602128869747
2022-08-01,CMF_CONT_CARDETER_CONSOL_CCA_AGIFI_BITAUCORP_STO_RAZ_PORC_MONT,Banco Itaú Chile,5.779348502431988
2022-09-01,CMF_CONT_CARDETER_CONSOL_CCA_AGIFI_BITAUCORP_STO_RAZ_PORC_MONT,Banco Itaú Chile,5.844973650269455
2022-10-01,CMF_CONT_CARDETER_CONSOL_CCA_AGIFI_BITAUCORP_STO_RAZ_PORC_MONT,Banco Itaú Chile,5.916903219795095
2022-11-01,CMF_CONT_CARDETER_CONSOL_CCA_AGIFI_BITAUCORP_STO_RAZ_PORC_MONT,Banco Itaú Chile,5.951162558837449
2022-12-01,CMF_CONT_CARDETER_CONSOL_CCA_AGIFI_BITAUCORP_STO_RAZ_PORC_MONT,Banco Itaú Chile,5.904093290681866
2023-01-01,CMF_CONT_CARDETER_CONSOL_CCA_AGIFI_BITAUCORP_STO_RAZ_PORC_MONT,Banco Itaú Chile,6.071803100849891
2023-02-01,CMF_CONT_CARDETER_CONSOL_CCA_AGIFI_BITAUCORP_STO_RAZ_PORC_MONT,Banco Itaú Chile,6.092504497190887
2023-03-01,CMF_CONT_CARDETER_CONSOL_CCA_AGIFI_BITAUCORP_STO_RAZ_PORC_MONT,Banco Itaú Chile,6.146588311661378
2023-04-01,CMF_CONT_CARDETER_CONSOL_CCA_AGIFI_BITAUCORP_STO_RAZ_PORC_MONT,Banco Itaú Chile,6.187696840229307
2023-05-01,CMF_CONT_CARDETER_CONSOL_CCA_AGIFI_BITAUCORP_STO_RAZ_PORC_MONT,Banco Itaú Chile,6.252384602450267
2023-06-01,CMF_CONT_CARDETER_CONSOL_CCA_AGIFI_BITAUCORP_STO_RAZ_PORC_MONT,Banco Itaú Chile,6.327785034531742
2023-07-01,CMF_CONT_CARDETER_CONSOL_CCA_AGIFI_BITAUCORP_STO_RAZ_PORC_MONT,Banco Itaú Chile,6.382838795990778
2022-08-01,CMF_CONT_CARDETER_CONSOL_CCA_AGIFI_BKCH_STO_RAZ_PORC_MONT,Bank of China,0.0
2022-09-01,CMF_CONT_CARDETER_CONSOL_CCA_AGIFI_BKCH_STO_RAZ_PORC_MONT,Bank of China,0.0
2022-10-01,CMF_CONT_CARDETER_CONSOL_CCA_AGIFI_BKCH_STO_RAZ_PORC_MONT,Bank of China,0.0
2022-11-01,CMF_CONT_CARDETER_CONSOL_CCA_AGIFI_BKCH_STO_RAZ_PORC_MONT,Bank of China,0.0
2022-12-01,CMF_CONT_CARDETER_CONSOL_CCA_AGIFI_BKCH_STO_RAZ_PORC_MONT,Bank of China,0.0
2023-01-01,CMF_CONT_CARDETER_CONSOL_CCA_AGIFI_BKCH_STO_RAZ_PORC_MONT,Bank of China,0.0
2023-02-01,CMF_CONT_CARDETER_CONSOL_CCA_AGIFI_BKCH_STO_RAZ_PORC_MONT,Bank of China,0.0
2023-03-01,CMF_CONT_CARDETER_CONSOL_CCA_AGIFI_BKCH_STO_RAZ_PORC_MONT,Bank of China,0.0
2023-04-01,CMF_CONT_CARDETER_CONSOL_CCA_AGIFI_BKCH_STO_RAZ_PORC_MONT,Bank of China,0.0
2023-05-01,CMF_CONT_CARDETER_CONSOL_CCA_AGIFI_BKCH_STO_RAZ_PORC_MONT,Bank of China,0.0
2023-06-01,CMF_CONT_CARDETER_CONSOL_CCA_AGIFI_BKCH_STO_RAZ_PORC_MONT,Bank of China,0.0
2023-07-01,CMF_CONT_CARDETER_CONSOL_CCA_AGIFI_BKCH_STO_RAZ_PORC_MONT,Bank of China,0.0
2022-08-01,CMF_CONT_CARDETER_CONSOL_CCA_AGIFI_BRIPL_STO_RAZ_PORC_MONT,Banco Ripley,5.722389061180541
2022-09-01,CMF_CONT_CARDETER_CONSOL_CCA_AGIFI_BRIPL_STO_RAZ_PORC_MONT,Banco Ripley,6.12694035259911
2022-10-01,CMF_CONT_CARDETER_CONSOL_CCA_AGIFI_BRIPL_STO_RAZ_PORC_MONT,Banco Ripley,6.229065020749614
2022-11-01,CMF_CONT_CARDETER_CONSOL_CCA_AGIFI_BRIPL_STO_RAZ_PORC_MONT,Banco Ripley,6.387661269947175
2022-12-01,CMF_CONT_CARDETER_CONSOL_CCA_AGIFI_BRIPL_STO_RAZ_PORC_MONT,Banco Ripley,6.427555140069742
2023-01-01,CMF_CONT_CARDETER_CONSOL_CCA_AGIFI_BRIPL_STO_RAZ_PORC_MONT,Banco Ripley,6.959304615687451
2023-02-01,CMF_CONT_CARDETER_CONSOL_CCA_AGIFI_BRIPL_STO_RAZ_PORC_MONT,Banco Ripley,7.366939621175106
2023-03-01,CMF_CONT_CARDETER_CONSOL_CCA_AGIFI_BRIPL_STO_RAZ_PORC_MONT,Banco Ripley,7.824372163098162
2023-04-01,CMF_CONT_CARDETER_CONSOL_CCA_AGIFI_BRIPL_STO_RAZ_PORC_MONT,Banco Ripley,8.245804093336416
2023-05-01,CMF_CONT_CARDETER_CONSOL_CCA_AGIFI_BRIPL_STO_RAZ_PORC_MONT,Banco Ripley,8.383852172907241
2023-06-01,CMF_CONT_CARDETER_CONSOL_CCA_AGIFI_BRIPL_STO_RAZ_PORC_MONT,Banco Ripley,8.619338206713008
2023-07-01,CMF_CONT_CARDETER_CONSOL_CCA_AGIFI_BRIPL_STO_RAZ_PORC_MONT,Banco Ripley,8.885706954988908
2022-08-01,CMF_CONT_CARDETER_CONSOL_CCA_AGIFI_BSANT_STO_RAZ_PORC_MONT,Banco Santander-Chile,4.4124777123663135
2022-09-01,CMF_CONT_CARDETER_CONSOL_CCA_AGIFI_BSANT_STO_RAZ_PORC_MONT,Banco Santander-Chile,4.448742122463825
2022-10-01,CMF_CONT_CARDETER_CONSOL_CCA_AGIFI_BSANT_STO_RAZ_PORC_MONT,Banco Santander-Chile,4.502040470947445
2022-11-01,CMF_CONT_CARDETER_CONSOL_CCA_AGIFI_BSANT_STO_RAZ_PORC_MONT,Banco Santander-Chile,4.6620754380418825
2022-12-01,CMF_CONT_CARDETER_CONSOL_CCA_AGIFI_BSANT_STO_RAZ_PORC_MONT,Banco Santander-Chile,4.76984540216171
2023-01-01,CMF_CONT_CARDETER_CONSOL_CCA_AGIFI_BSANT_STO_RAZ_PORC_MONT,Banco Santander-Chile,4.890831379590622
2023-02-01,CMF_CONT_CARDETER_CONSOL_CCA_AGIFI_BSANT_STO_RAZ_PORC_MONT,Banco Santander-Chile,5.031911555570279
2023-03-01,CMF_CONT_CARDETER_CONSOL_CCA_AGIFI_BSANT_STO_RAZ_PORC_MONT,Banco Santander-Chile,5.124330053372359
2023-04-01,CMF_CONT_CARDETER_CONSOL_CCA_AGIFI_BSANT_STO_RAZ_PORC_MONT,Banco Santander-Chile,5.172045669142906
2023-05-01,CMF_CONT_CARDETER_CONSOL_CCA_AGIFI_BSANT_STO_RAZ_PORC_MONT,Banco Santander-Chile,5.274819812806628
2023-06-01,CMF_CONT_CARDETER_CONSOL_CCA_AGIFI_BSANT_STO_RAZ_PORC_MONT,Banco Santander-Chile,5.372127308018512
2023-07-01,CMF_CONT_CARDETER_CONSOL_CCA_AGIFI_BSANT_STO_RAZ_PORC_MONT,Banco Santander-Chile,5.548504840724121
2022-08-01,CMF_CONT_CARDETER_CONSOL_CCA_AGIFI_BSCOT_STO_RAZ_PORC_MONT,Scotiabank Chile,3.1450299395124977
2022-09-01,CMF_CONT_CARDETER_CONSOL_CCA_AGIFI_BSCOT_STO_RAZ_PORC_MONT,Scotiabank Chile,3.152709248782517
2022-10-01,CMF_CONT_CARDETER_CONSOL_CCA_AGIFI_BSCOT_STO_RAZ_PORC_MONT,Scotiabank Chile,3.1488199748760817
2022-11-01,CMF_CONT_CARDETER_CONSOL_CCA_AGIFI_BSCOT_STO_RAZ_PORC_MONT,Scotiabank Chile,3.289132796107323
2022-12-01,CMF_CONT_CARDETER_CONSOL_CCA_AGIFI_BSCOT_STO_RAZ_PORC_MONT,Scotiabank Chile,3.358550013531545
2023-01-01,CMF_CONT_CARDETER_CONSOL_CCA_AGIFI_BSCOT_STO_RAZ_PORC_MONT,Scotiabank Chile,3.547365697583561
2023-02-01,CMF_CONT_CARDETER_CONSOL_CCA_AGIFI_BSCOT_STO_RAZ_PORC_MONT,Scotiabank Chile,3.6475197452384727
2023-03-01,CMF_CONT_CARDETER_CONSOL_CCA_AGIFI_BSCOT_STO_RAZ_PORC_MONT,Scotiabank Chile,3.7226845447551824
2023-04-01,CMF_CONT_CARDETER_CONSOL_CCA_AGIFI_BSCOT_STO_RAZ_PORC_MONT,Scotiabank Chile,3.782518703513005
2023-05-01,CMF_CONT_CARDETER_CONSOL_CCA_AGIFI_BSCOT_STO_RAZ_PORC_MONT,Scotiabank Chile,3.9721458268327847
2023-06-01,CMF_CONT_CARDETER_CONSOL_CCA_AGIFI_BSCOT_STO_RAZ_PORC_MONT,Scotiabank Chile,4.1340260343318445
2023-07-01,CMF_CONT_CARDETER_CONSOL_CCA_AGIFI_BSCOT_STO_RAZ_PORC_MONT,Scotiabank Chile,4.242646488940605
2022-08-01,CMF_CONT_CARDETER_CONSOL_CCA_AGIFI_BSEC_STO_RAZ_PORC_MONT,Banco Security,6.894037904000337
2022-09-01,CMF_CONT_CARDETER_CONSOL_CCA_AGIFI_BSEC_STO_RAZ_PORC_MONT,Banco Security,6.738571627454756
2022-10-01,CMF_CONT_CARDETER_CONSOL_CCA_AGIFI_BSEC_STO_RAZ_PORC_MONT,Banco Security,6.92477729432414
2022-11-01,CMF_CONT_CARDETER_CONSOL_CCA_AGIFI_BSEC_STO_RAZ_PORC_MONT,Banco Security,7.4492119366690295
2022-12-01,CMF_CONT_CARDETER_CONSOL_CCA_AGIFI_BSEC_STO_RAZ_PORC_MONT,Banco Security,7.610865471966529
2023-01-01,CMF_CONT_CARDETER_CONSOL_CCA_AGIFI_BSEC_STO_RAZ_PORC_MONT,Banco Security,7.56118095980799
2023-02-01,CMF_CONT_CARDETER_CONSOL_CCA_AGIFI_BSEC_STO_RAZ_PORC_MONT,Banco Security,7.552931467903434
2023-03-01,CMF_CONT_CARDETER_CONSOL_CCA_AGIFI_BSEC_STO_RAZ_PORC_MONT,Banco Security,7.377913307467189
2023-04-01,CMF_CONT_CARDETER_CONSOL_CCA_AGIFI_BSEC_STO_RAZ_PORC_MONT,Banco Security,7.2725272780230386
2023-05-01,CMF_CONT_CARDETER_CONSOL_CCA_AGIFI_BSEC_STO_RAZ_PORC_MONT,Banco Security,7.36359341802511
2023-06-01,CMF_CONT_CARDETER_CONSOL_CCA_AGIFI_BSEC_STO_RAZ_PORC_MONT,Banco Security,7.378644151168191
2023-07-01,CMF_CONT_CARDETER_CONSOL_CCA_AGIFI_BSEC_STO_RAZ_PORC_MONT,Banco Security,7.528267209862779
2022-08-01,CMF_CONT_CARDETER_CONSOL_CCA_AGIFI_CHCONBANK_STO_RAZ_PORC_MONT,China Construction Bank,3.944586305538412
2022-09-01,CMF_CONT_CARDETER_CONSOL_CCA_AGIFI_CHCONBANK_STO_RAZ_PORC_MONT,China Construction Bank,3.9323364404431578
2022-10-01,CMF_CONT_CARDETER_CONSOL_CCA_AGIFI_CHCONBANK_STO_RAZ_PORC_MONT,China Construction Bank,4.0679417521079
2022-11-01,CMF_CONT_CARDETER_CONSOL_CCA_AGIFI_CHCONBANK_STO_RAZ_PORC_MONT,China Construction Bank,4.610969880873652
2022-12-01,CMF_CONT_CARDETER_CONSOL_CCA_AGIFI_CHCONBANK_STO_RAZ_PORC_MONT,China Construction Bank,6.2555197872529344
2023-01-01,CMF_CONT_CARDETER_CONSOL_CCA_AGIFI_CHCONBANK_STO_RAZ_PORC_MONT,China Construction Bank,11.578893459714129
2023-02-01,CMF_CONT_CARDETER_CONSOL_CCA_AGIFI_CHCONBANK_STO_RAZ_PORC_MONT,China Construction Bank,11.693609475210613
2023-03-01,CMF_CONT_CARDETER_CONSOL_CCA_AGIFI_CHCONBANK_STO_RAZ_PORC_MONT,China Construction Bank,12.03755247614807
2023-04-01,CMF_CONT_CARDETER_CONSOL_CCA_AGIFI_CHCONBANK_STO_RAZ_PORC_MONT,China Construction Bank,12.352673624208578
2023-05-01,CMF_CONT_CARDETER_CONSOL_CCA_AGIFI_CHCONBANK_STO_RAZ_PORC_MONT,China Construction Bank,12.429261259939404
2023-06-01,CMF_CONT_CARDETER_CONSOL_CCA_AGIFI_CHCONBANK_STO_RAZ_PORC_MONT,China Construction Bank,12.799350737736365
2023-07-01,CMF_CONT_CARDETER_CONSOL_CCA_AGIFI_CHCONBANK_STO_RAZ_PORC_MONT,China Construction Bank,12.604557194539733
2022-08-01,CMF_CONT_CARDETER_CONSOL_CCA_AGIFI_HSBC_STO_RAZ_PORC_MONT,Hsbc Bank (Chile),0.0
2022-09-01,CMF_CONT_CARDETER_CONSOL_CCA_AGIFI_HSBC_STO_RAZ_PORC_MONT,Hsbc Bank (Chile),0.0
2022-10-01,CMF_CONT_CARDETER_CONSOL_CCA_AGIFI_HSBC_STO_RAZ_PORC_MONT,Hsbc Bank (Chile),0.0
2022-11-01,CMF_CONT_CARDETER_CONSOL_CCA_AGIFI_HSBC_STO_RAZ_PORC_MONT,Hsbc Bank (Chile),0.0
2022-12-01,CMF_CONT_CARDETER_CONSOL_CCA_AGIFI_HSBC_STO_RAZ_PORC_MONT,Hsbc Bank (Chile),0.0
2023-01-01,CMF_CONT_CARDETER_CONSOL_CCA_AGIFI_HSBC_STO_RAZ_PORC_MONT,Hsbc Bank (Chile),0.0
2023-02-01,CMF_CONT_CARDETER_CONSOL_CCA_AGIFI_HSBC_STO_RAZ_PORC_MONT,Hsbc Bank (Chile),0.0
2023-03-01,CMF_CONT_CARDETER_CONSOL_CCA_AGIFI_HSBC_STO_RAZ_PORC_MONT,Hsbc Bank (Chile),0.0
2023-04-01,CMF_CONT_CARDETER_CONSOL_CCA_AGIFI_HSBC_STO_RAZ_PORC_MONT,Hsbc Bank (Chile),0.0
2023-05-01,CMF_CONT_CARDETER_CONSOL_CCA_AGIFI_HSBC_STO_RAZ_PORC_MONT,Hsbc Bank (Chile),0.0
2023-06-01,CMF_CONT_CARDETER_CONSOL_CCA_AGIFI_HSBC_STO_RAZ_PORC_MONT,Hsbc Bank (Chile),0.0
2023-07-01,CMF_CONT_CARDETER_CONSOL_CCA_AGIFI_HSBC_STO_RAZ_PORC_MONT,Hsbc Bank (Chile),0.0
2022-08-01,CMF_CONT_CARDETER_CONSOL_CCA_AGIFI_JPMGC_STO_RAZ_PORC_MONT,Jp Morgan Chase Bank. N. A.,0.0
2022-09-01,CMF_CONT_CARDETER_CONSOL_CCA_AGIFI_JPMGC_STO_RAZ_PORC_MONT,Jp Morgan Chase Bank. N. A.,0.0
2022-10-01,CMF_CONT_CARDETER_CONSOL_CCA_AGIFI_JPMGC_STO_RAZ_PORC_MONT,Jp Morgan Chase Bank. N. A.,0.0
2022-11-01,CMF_CONT_CARDETER_CONSOL_CCA_AGIFI_JPMGC_STO_RAZ_PORC_MONT,Jp Morgan Chase Bank. N. A.,0.0
2022-12-01,CMF_CONT_CARDETER_CONSOL_CCA_AGIFI_JPMGC_STO_RAZ_PORC_MONT,Jp Morgan Chase Bank. N. A.,0.0
2023-01-01,CMF_CONT_CARDETER_CONSOL_CCA_AGIFI_JPMGC_STO_RAZ_PORC_MONT,Jp Morgan Chase Bank. N. A.,0.0
2023-02-01,CMF_CONT_CARDETER_CONSOL_CCA_AGIFI_JPMGC_STO_RAZ_PORC_MONT,Jp Morgan Chase Bank. N. A.,0.0
2023-03-01,CMF_CONT_CARDETER_CONSOL_CCA_AGIFI_JPMGC_STO_RAZ_PORC_MONT,Jp Morgan Chase Bank. N. A.,0.0
2023-04-01,CMF_CONT_CARDETER_CONSOL_CCA_AGIFI_JPMGC_STO_RAZ_PORC_MONT,Jp Morgan Chase Bank. N. A.,0.0
2023-05-01,CMF_CONT_CARDETER_CONSOL_CCA_AGIFI_JPMGC_STO_RAZ_PORC_MONT,Jp Morgan Chase Bank. N. A.,0.0
2023-06-01,CMF_CONT_CARDETER_CONSOL_CCA_AGIFI_JPMGC_STO_RAZ_PORC_MONT,Jp Morgan Chase Bank. N. A.,0.0
2023-07-01,CMF_CONT_CARDETER_CONSOL_CCA_AGIFI_JPMGC_STO_RAZ_PORC_MONT,Jp Morgan Chase Bank. N. A.,0.0
2023-08-01,CMF_CONT_CARDETER_CONSOL_CCA_AGIFI_BBTGP_STO_RAZ_PORC_MONT,Banco BTG Pactual Chile,8.943669531248748
2023-09-01,CMF_CONT_CARDETER_CONSOL_CCA_AGIFI_BBTGP_STO_RAZ_PORC_MONT,Banco BTG Pactual Chile,8.450622238217152
2023-10-01,CMF_CONT_CARDETER_CONSOL_CCA_AGIFI_BBTGP_STO_RAZ_PORC_MONT,Banco BTG Pactual Chile,8.475663995173136
2023-11-01,CMF_CONT_CARDETER_CONSOL_CCA_AGIFI_BBTGP_STO_RAZ_PORC_MONT,Banco BTG Pactual Chile,7.245282920381454
2023-12-01,CMF_CONT_CARDETER_CONSOL_CCA_AGIFI_BBTGP_STO_RAZ_PORC_MONT,Banco BTG Pactual Chile,6.714192884865231
2024-01-01,CMF_CONT_CARDETER_CONSOL_CCA_AGIFI_BBTGP_STO_RAZ_PORC_MONT,Banco BTG Pactual Chile,6.664013112541007
2024-02-01,CMF_CONT_CARDETER_CONSOL_CCA_AGIFI_BBTGP_STO_RAZ_PORC_MONT,Banco BTG Pactual Chile,6.6255138651184335
2024-03-01,CMF_CONT_CARDETER_CONSOL_CCA_AGIFI_BBTGP_STO_RAZ_PORC_MONT,Banco BTG Pactual Chile,6.335054041287777
2024-04-01,CMF_CONT_CARDETER_CONSOL_CCA_AGIFI_BBTGP_STO_RAZ_PORC_MONT,Banco BTG Pactual Chile,6.605320580756392
2024-05-01,CMF_CONT_CARDETER_CONSOL_CCA_AGIFI_BBTGP_STO_RAZ_PORC_MONT,Banco BTG Pactual Chile,6.207180012675286
2024-06-01,CMF_CONT_CARDETER_CONSOL_CCA_AGIFI_BBTGP_STO_RAZ_PORC_MONT,Banco BTG Pactual Chile,5.778454955289467
2024-07-01,CMF_CONT_CARDETER_CONSOL_CCA_AGIFI_BBTGP_STO_RAZ_PORC_MONT,Banco BTG Pactual Chile,5.41071839804089
2023-08-01,CMF_CONT_CARDETER_CONSOL_CCA_AGIFI_BCHI_STO_RAZ_PORC_MONT,Banco de Chile,2.9580891755028405
2023-09-01,CMF_CONT_CARDETER_CONSOL_CCA_AGIFI_BCHI_STO_RAZ_PORC_MONT,Banco de Chile,3.0598698795390384
2023-10-01,CMF_CONT_CARDETER_CONSOL_CCA_AGIFI_BCHI_STO_RAZ_PORC_MONT,Banco de Chile,3.0595651700192876
2023-11-01,CMF_CONT_CARDETER_CONSOL_CCA_AGIFI_BCHI_STO_RAZ_PORC_MONT,Banco de Chile,3.0433002769317636
2023-12-01,CMF_CONT_CARDETER_CONSOL_CCA_AGIFI_BCHI_STO_RAZ_PORC_MONT,Banco de Chile,3.1036316844152534
2024-01-01,CMF_CONT_CARDETER_CONSOL_CCA_AGIFI_BCHI_STO_RAZ_PORC_MONT,Banco de Chile,3.1804095094098455
2024-02-01,CMF_CONT_CARDETER_CONSOL_CCA_AGIFI_BCHI_STO_RAZ_PORC_MONT,Banco de Chile,3.2152617745945284
2024-03-01,CMF_CONT_CARDETER_CONSOL_CCA_AGIFI_BCHI_STO_RAZ_PORC_MONT,Banco de Chile,3.2074490167773364
2024-04-01,CMF_CONT_CARDETER_CONSOL_CCA_AGIFI_BCHI_STO_RAZ_PORC_MONT,Banco de Chile,3.2127481928109782
2024-05-01,CMF_CONT_CARDETER_CONSOL_CCA_AGIFI_BCHI_STO_RAZ_PORC_MONT,Banco de Chile,3.299629970964093
2024-06-01,CMF_CONT_CARDETER_CONSOL_CCA_AGIFI_BCHI_STO_RAZ_PORC_MONT,Banco de Chile,3.3059862096895967
2024-07-01,CMF_CONT_CARDETER_CONSOL_CCA_AGIFI_BCHI_STO_RAZ_PORC_MONT,Banco de Chile,3.319225938447332
2023-08-01,CMF_CONT_CARDETER_CONSOL_CCA_AGIFI_BCI_STO_RAZ_PORC_MONT,Banco de Credito e Inversiones,3.7289718676261505
2023-09-01,CMF_CONT_CARDETER_CONSOL_CCA_AGIFI_BCI_STO_RAZ_PORC_MONT,Banco de Credito e Inversiones,3.717490113817063
2023-10-01,CMF_CONT_CARDETER_CONSOL_CCA_AGIFI_BCI_STO_RAZ_PORC_MONT,Banco de Credito e Inversiones,3.7489896772498787
2023-11-01,CMF_CONT_CARDETER_CONSOL_CCA_AGIFI_BCI_STO_RAZ_PORC_MONT,Banco de Credito e Inversiones,3.8240478284491286
2023-12-01,CMF_CONT_CARDETER_CONSOL_CCA_AGIFI_BCI_STO_RAZ_PORC_MONT,Banco de Credito e Inversiones,3.816272299632173
2024-01-01,CMF_CONT_CARDETER_CONSOL_CCA_AGIFI_BCI_STO_RAZ_PORC_MONT,Banco de Credito e Inversiones,3.88902726083415
2024-02-01,CMF_CONT_CARDETER_CONSOL_CCA_AGIFI_BCI_STO_RAZ_PORC_MONT,Banco de Credito e Inversiones,3.949165717825367
2024-03-01,CMF_CONT_CARDETER_CONSOL_CCA_AGIFI_BCI_STO_RAZ_PORC_MONT,Banco de Credito e Inversiones,3.9198249017092888
2024-04-01,CMF_CONT_CARDETER_CONSOL_CCA_AGIFI_BCI_STO_RAZ_PORC_MONT,Banco de Credito e Inversiones,4.104978863734033
2024-05-01,CMF_CONT_CARDETER_CONSOL_CCA_AGIFI_BCI_STO_RAZ_PORC_MONT,Banco de Credito e Inversiones,4.120068708207489
2024-06-01,CMF_CONT_CARDETER_CONSOL_CCA_AGIFI_BCI_STO_RAZ_PORC_MONT,Banco de Credito e Inversiones,4.163087963607456
2024-07-01,CMF_CONT_CARDETER_CONSOL_CCA_AGIFI_BCI_STO_RAZ_PORC_MONT,Banco de Credito e Inversiones,4.0794287412571215
2023-08-01,CMF_CONT_CARDETER_CONSOL_CCA_AGIFI_BCON_STO_RAZ_PORC_MONT,Banco Consorcio,7.170963539002538
2023-09-01,CMF_CONT_CARDETER_CONSOL_CCA_AGIFI_BCON_STO_RAZ_PORC_MONT,Banco Consorcio,6.901430246605394
2023-10-01,CMF_CONT_CARDETER_CONSOL_CCA_AGIFI_BCON_STO_RAZ_PORC_MONT,Banco Consorcio,7.096583586362339
2023-11-01,CMF_CONT_CARDETER_CONSOL_CCA_AGIFI_BCON_STO_RAZ_PORC_MONT,Banco Consorcio,7.131005443909174
2023-12-01,CMF_CONT_CARDETER_CONSOL_CCA_AGIFI_BCON_STO_RAZ_PORC_MONT,Banco Consorcio,7.247587116208511
2024-01-01,CMF_CONT_CARDETER_CONSOL_CCA_AGIFI_BCON_STO_RAZ_PORC_MONT,Banco Consorcio,7.233283919552097
2024-02-01,CMF_CONT_CARDETER_CONSOL_CCA_AGIFI_BCON_STO_RAZ_PORC_MONT,Banco Consorcio,7.310603696512466
2024-03-01,CMF_CONT_CARDETER_CONSOL_CCA_AGIFI_BCON_STO_RAZ_PORC_MONT,Banco Consorcio,7.331563491567822
2024-04-01,CMF_CONT_CARDETER_CONSOL_CCA_AGIFI_BCON_STO_RAZ_PORC_MONT,Banco Consorcio,7.397305359866604
2024-05-01,CMF_CONT_CARDETER_CONSOL_CCA_AGIFI_BCON_STO_RAZ_PORC_MONT,Banco Consorcio,7.371711892416119
2024-06-01,CMF_CONT_CARDETER_CONSOL_CCA_AGIFI_BCON_STO_RAZ_PORC_MONT,Banco Consorcio,7.291601199032319
2024-07-01,CMF_CONT_CARDETER_CONSOL_CCA_AGIFI_BCON_STO_RAZ_PORC_MONT,Banco Consorcio,7.275885539554014
2023-08-01,CMF_CONT_CARDETER_CONSOL_CCA_AGIFI_BECH_STO_RAZ_PORC_MONT,Banco del Estado de Chile,9.395790263761485
2023-09-01,CMF_CONT_CARDETER_CONSOL_CCA_AGIFI_BECH_STO_RAZ_PORC_MONT,Banco del Estado de Chile,9.408824596536954
2023-10-01,CMF_CONT_CARDETER_CONSOL_CCA_AGIFI_BECH_STO_RAZ_PORC_MONT,Banco del Estado de Chile,9.501096134631032
2023-11-01,CMF_CONT_CARDETER_CONSOL_CCA_AGIFI_BECH_STO_RAZ_PORC_MONT,Banco del Estado de Chile,9.71590458982777
2023-12-01,CMF_CONT_CARDETER_CONSOL_CCA_AGIFI_BECH_STO_RAZ_PORC_MONT,Banco del Estado de Chile,9.858779154369428
2024-01-01,CMF_CONT_CARDETER_CONSOL_CCA_AGIFI_BECH_STO_RAZ_PORC_MONT,Banco del Estado de Chile,9.750852358820053
2024-02-01,CMF_CONT_CARDETER_CONSOL_CCA_AGIFI_BECH_STO_RAZ_PORC_MONT,Banco del Estado de Chile,9.737542375889092
2024-03-01,CMF_CONT_CARDETER_CONSOL_CCA_AGIFI_BECH_STO_RAZ_PORC_MONT,Banco del Estado de Chile,9.712279457533484
2024-04-01,CMF_CONT_CARDETER_CONSOL_CCA_AGIFI_BECH_STO_RAZ_PORC_MONT,Banco del Estado de Chile,9.742204212988364
2024-05-01,CMF_CONT_CARDETER_CONSOL_CCA_AGIFI_BECH_STO_RAZ_PORC_MONT,Banco del Estado de Chile,9.799634550718174
2024-06-01,CMF_CONT_CARDETER_CONSOL_CCA_AGIFI_BECH_STO_RAZ_PORC_MONT,Banco del Estado de Chile,9.830464542169128
2024-07-01,CMF_CONT_CARDETER_CONSOL_CCA_AGIFI_BECH_STO_RAZ_PORC_MONT,Banco del Estado de Chile,9.82506784086521
2023-08-01,CMF_CONT_CARDETER_CONSOL_CCA_AGIFI_BFALA_STO_RAZ_PORC_MONT,Banco Falabella,7.502917588109247
2023-09-01,CMF_CONT_CARDETER_CONSOL_CCA_AGIFI_BFALA_STO_RAZ_PORC_MONT,Banco Falabella,7.572927861028511
2023-10-01,CMF_CONT_CARDETER_CONSOL_CCA_AGIFI_BFALA_STO_RAZ_PORC_MONT,Banco Falabella,7.393632796336898
2023-11-01,CMF_CONT_CARDETER_CONSOL_CCA_AGIFI_BFALA_STO_RAZ_PORC_MONT,Banco Falabella,7.285172992860576
2023-12-01,CMF_CONT_CARDETER_CONSOL_CCA_AGIFI_BFALA_STO_RAZ_PORC_MONT,Banco Falabella,7.117528619962793
2024-01-01,CMF_CONT_CARDETER_CONSOL_CCA_AGIFI_BFALA_STO_RAZ_PORC_MONT,Banco Falabella,7.027660364959544
2024-02-01,CMF_CONT_CARDETER_CONSOL_CCA_AGIFI_BFALA_STO_RAZ_PORC_MONT,Banco Falabella,6.828534238832836
2024-03-01,CMF_CONT_CARDETER_CONSOL_CCA_AGIFI_BFALA_STO_RAZ_PORC_MONT,Banco Falabella,6.566935894225616
2024-04-01,CMF_CONT_CARDETER_CONSOL_CCA_AGIFI_BFALA_STO_RAZ_PORC_MONT,Banco Falabella,6.459578963084023
2024-05-01,CMF_CONT_CARDETER_CONSOL_CCA_AGIFI_BFALA_STO_RAZ_PORC_MONT,Banco Falabella,6.299161465259025
2024-06-01,CMF_CONT_CARDETER_CONSOL_CCA_AGIFI_BFALA_STO_RAZ_PORC_MONT,Banco Falabella,6.076892268468695
2024-07-01,CMF_CONT_CARDETER_CONSOL_CCA_AGIFI_BFALA_STO_RAZ_PORC_MONT,Banco Falabella,5.885729172180598
2023-08-01,CMF_CONT_CARDETER_CONSOL_CCA_AGIFI_BICE_STO_RAZ_PORC_MONT,Banco Bice,2.570980721055209
2023-09-01,CMF_CONT_CARDETER_CONSOL_CCA_AGIFI_BICE_STO_RAZ_PORC_MONT,Banco Bice,2.6610606830429795
2023-10-01,CMF_CONT_CARDETER_CONSOL_CCA_AGIFI_BICE_STO_RAZ_PORC_MONT,Banco Bice,2.669573033284165
2023-11-01,CMF_CONT_CARDETER_CONSOL_CCA_AGIFI_BICE_STO_RAZ_PORC_MONT,Banco Bice,2.6468137221628063
2023-12-01,CMF_CONT_CARDETER_CONSOL_CCA_AGIFI_BICE_STO_RAZ_PORC_MONT,Banco Bice,2.6263062341446286
2024-01-01,CMF_CONT_CARDETER_CONSOL_CCA_AGIFI_BICE_STO_RAZ_PORC_MONT,Banco Bice,2.7473634082465823
2024-02-01,CMF_CONT_CARDETER_CONSOL_CCA_AGIFI_BICE_STO_RAZ_PORC_MONT,Banco Bice,2.796558923478391
2024-03-01,CMF_CONT_CARDETER_CONSOL_CCA_AGIFI_BICE_STO_RAZ_PORC_MONT,Banco Bice,2.816032101445081
2024-04-01,CMF_CONT_CARDETER_CONSOL_CCA_AGIFI_BICE_STO_RAZ_PORC_MONT,Banco Bice,3.8367274018012805
2024-05-01,CMF_CONT_CARDETER_CONSOL_CCA_AGIFI_BICE_STO_RAZ_PORC_MONT,Banco Bice,3.8295531840377297
2024-06-01,CMF_CONT_CARDETER_CONSOL_CCA_AGIFI_BICE_STO_RAZ_PORC_MONT,Banco Bice,3.7483196680348803
2024-07-01,CMF_CONT_CARDETER_CONSOL_CCA_AGIFI_BICE_STO_RAZ_PORC_MONT,Banco Bice,3.7674304566744663
2023-08-01,CMF_CONT_CARDETER_CONSOL_CCA_AGIFI_BINTE_STO_RAZ_PORC_MONT,Banco Internacional,6.43233857287336
2023-09-01,CMF_CONT_CARDETER_CONSOL_CCA_AGIFI_BINTE_STO_RAZ_PORC_MONT,Banco Internacional,6.298898565709925
2023-10-01,CMF_CONT_CARDETER_CONSOL_CCA_AGIFI_BINTE_STO_RAZ_PORC_MONT,Banco Internacional,6.607705613054487
2023-11-01,CMF_CONT_CARDETER_CONSOL_CCA_AGIFI_BINTE_STO_RAZ_PORC_MONT,Banco Internacional,6.71171817439653
2023-12-01,CMF_CONT_CARDETER_CONSOL_CCA_AGIFI_BINTE_STO_RAZ_PORC_MONT,Banco Internacional,6.568856784253689
2024-01-01,CMF_CONT_CARDETER_CONSOL_CCA_AGIFI_BINTE_STO_RAZ_PORC_MONT,Banco Internacional,7.158372985449437
2024-02-01,CMF_CONT_CARDETER_CONSOL_CCA_AGIFI_BINTE_STO_RAZ_PORC_MONT,Banco Internacional,7.572201085731854
2024-03-01,CMF_CONT_CARDETER_CONSOL_CCA_AGIFI_BINTE_STO_RAZ_PORC_MONT,Banco Internacional,7.712732619872098
2024-04-01,CMF_CONT_CARDETER_CONSOL_CCA_AGIFI_BINTE_STO_RAZ_PORC_MONT,Banco Internacional,7.537743216634123
2024-05-01,CMF_CONT_CARDETER_CONSOL_CCA_AGIFI_BINTE_STO_RAZ_PORC_MONT,Banco Internacional,7.605809745296176
2024-06-01,CMF_CONT_CARDETER_CONSOL_CCA_AGIFI_BINTE_STO_RAZ_PORC_MONT,Banco Internacional,7.502473582212802
2024-07-01,CMF_CONT_CARDETER_CONSOL_CCA_AGIFI_BINTE_STO_RAZ_PORC_MONT,Banco Internacional,7.4059275939956715
2023-08-01,CMF_CONT_CARDETER_CONSOL_CCA_AGIFI_BITAUCORP_STO_RAZ_PORC_MONT,Banco Itaú Chile,6.385403496452676
2023-09-01,CMF_CONT_CARDETER_CONSOL_CCA_AGIFI_BITAUCORP_STO_RAZ_PORC_MONT,Banco Itaú Chile,6.544302262371694
2023-10-01,CMF_CONT_CARDETER_CONSOL_CCA_AGIFI_BITAUCORP_STO_RAZ_PORC_MONT,Banco Itaú Chile,6.6324304476105835
2023-11-01,CMF_CONT_CARDETER_CONSOL_CCA_AGIFI_BITAUCORP_STO_RAZ_PORC_MONT,Banco Itaú Chile,6.902508119603619
2023-12-01,CMF_CONT_CARDETER_CONSOL_CCA_AGIFI_BITAUCORP_STO_RAZ_PORC_MONT,Banco Itaú Chile,6.840316339213602
2024-01-01,CMF_CONT_CARDETER_CONSOL_CCA_AGIFI_BITAUCORP_STO_RAZ_PORC_MONT,Banco Itaú Chile,6.985913270622503
2024-02-01,CMF_CONT_CARDETER_CONSOL_CCA_AGIFI_BITAUCORP_STO_RAZ_PORC_MONT,Banco Itaú Chile,7.020560799279048
2024-03-01,CMF_CONT_CARDETER_CONSOL_CCA_AGIFI_BITAUCORP_STO_RAZ_PORC_MONT,Banco Itaú Chile,7.082992425542212
2024-04-01,CMF_CONT_CARDETER_CONSOL_CCA_AGIFI_BITAUCORP_STO_RAZ_PORC_MONT,Banco Itaú Chile,7.1265138572782
2024-05-01,CMF_CONT_CARDETER_CONSOL_CCA_AGIFI_BITAUCORP_STO_RAZ_PORC_MONT,Banco Itaú Chile,7.206826593906129
2024-06-01,CMF_CONT_CARDETER_CONSOL_CCA_AGIFI_BITAUCORP_STO_RAZ_PORC_MONT,Banco Itaú Chile,7.214680224550866
2024-07-01,CMF_CONT_CARDETER_CONSOL_CCA_AGIFI_BITAUCORP_STO_RAZ_PORC_MONT,Banco Itaú Chile,7.1588292387603945
2023-08-01,CMF_CONT_CARDETER_CONSOL_CCA_AGIFI_BKCH_STO_RAZ_PORC_MONT,Bank of China,0.0
2023-09-01,CMF_CONT_CARDETER_CONSOL_CCA_AGIFI_BKCH_STO_RAZ_PORC_MONT,Bank of China,0.0
2023-10-01,CMF_CONT_CARDETER_CONSOL_CCA_AGIFI_BKCH_STO_RAZ_PORC_MONT,Bank of China,0.0
2023-11-01,CMF_CONT_CARDETER_CONSOL_CCA_AGIFI_BKCH_STO_RAZ_PORC_MONT,Bank of China,0.0
2023-12-01,CMF_CONT_CARDETER_CONSOL_CCA_AGIFI_BKCH_STO_RAZ_PORC_MONT,Bank of China,0.0
2024-01-01,CMF_CONT_CARDETER_CONSOL_CCA_AGIFI_BKCH_STO_RAZ_PORC_MONT,Bank of China,0.0
2024-02-01,CMF_CONT_CARDETER_CONSOL_CCA_AGIFI_BKCH_STO_RAZ_PORC_MONT,Bank of China,0.0
2024-03-01,CMF_CONT_CARDETER_CONSOL_CCA_AGIFI_BKCH_STO_RAZ_PORC_MONT,Bank of China,0.0
2024-04-01,CMF_CONT_CARDETER_CONSOL_CCA_AGIFI_BKCH_STO_RAZ_PORC_MONT,Bank of China,0.0
2024-05-01,CMF_CONT_CARDETER_CONSOL_CCA_AGIFI_BKCH_STO_RAZ_PORC_MONT,Bank of China,0.0
2024-06-01,CMF_CONT_CARDETER_CONSOL_CCA_AGIFI_BKCH_STO_RAZ_PORC_MONT,Bank of China,0.0
2024-07-01,CMF_CONT_CARDETER_CONSOL_CCA_AGIFI_BKCH_STO_RAZ_PORC_MONT,Bank of China,0.0
2023-08-01,CMF_CONT_CARDETER_CONSOL_CCA_AGIFI_BRIPL_STO_RAZ_PORC_MONT,Banco Ripley,8.940869839761556
2023-09-01,CMF_CONT_CARDETER_CONSOL_CCA_AGIFI_BRIPL_STO_RAZ_PORC_MONT,Banco Ripley,9.170524270539628
2023-10-01,CMF_CONT_CARDETER_CONSOL_CCA_AGIFI_BRIPL_STO_RAZ_PORC_MONT,Banco Ripley,8.862321561420023
2023-11-01,CMF_CONT_CARDETER_CONSOL_CCA_AGIFI_BRIPL_STO_RAZ_PORC_MONT,Banco Ripley,8.59143789722499
2023-12-01,CMF_CONT_CARDETER_CONSOL_CCA_AGIFI_BRIPL_STO_RAZ_PORC_MONT,Banco Ripley,8.189006750535787
2024-01-01,CMF_CONT_CARDETER_CONSOL_CCA_AGIFI_BRIPL_STO_RAZ_PORC_MONT,Banco Ripley,8.20947145357862
2024-02-01,CMF_CONT_CARDETER_CONSOL_CCA_AGIFI_BRIPL_STO_RAZ_PORC_MONT,Banco Ripley,8.211146335041128
2024-03-01,CMF_CONT_CARDETER_CONSOL_CCA_AGIFI_BRIPL_STO_RAZ_PORC_MONT,Banco Ripley,8.032301161761866
2024-04-01,CMF_CONT_CARDETER_CONSOL_CCA_AGIFI_BRIPL_STO_RAZ_PORC_MONT,Banco Ripley,7.956015036570438
2024-05-01,CMF_CONT_CARDETER_CONSOL_CCA_AGIFI_BRIPL_STO_RAZ_PORC_MONT,Banco Ripley,7.933804030185302
2024-06-01,CMF_CONT_CARDETER_CONSOL_CCA_AGIFI_BRIPL_STO_RAZ_PORC_MONT,Banco Ripley,7.766768216084962
2024-07-01,CMF_CONT_CARDETER_CONSOL_CCA_AGIFI_BRIPL_STO_RAZ_PORC_MONT,Banco Ripley,7.571622414487043
2023-08-01,CMF_CONT_CARDETER_CONSOL_CCA_AGIFI_BSANT_STO_RAZ_PORC_MONT,Banco Santander-Chile,5.51661645662464
2023-09-01,CMF_CONT_CARDETER_CONSOL_CCA_AGIFI_BSANT_STO_RAZ_PORC_MONT,Banco Santander-Chile,5.532929366870017
2023-10-01,CMF_CONT_CARDETER_CONSOL_CCA_AGIFI_BSANT_STO_RAZ_PORC_MONT,Banco Santander-Chile,5.533861950154345
2023-11-01,CMF_CONT_CARDETER_CONSOL_CCA_AGIFI_BSANT_STO_RAZ_PORC_MONT,Banco Santander-Chile,5.61861529764764
2023-12-01,CMF_CONT_CARDETER_CONSOL_CCA_AGIFI_BSANT_STO_RAZ_PORC_MONT,Banco Santander-Chile,5.615081049646667
2024-01-01,CMF_CONT_CARDETER_CONSOL_CCA_AGIFI_BSANT_STO_RAZ_PORC_MONT,Banco Santander-Chile,5.718693571420414
2024-02-01,CMF_CONT_CARDETER_CONSOL_CCA_AGIFI_BSANT_STO_RAZ_PORC_MONT,Banco Santander-Chile,5.829094029542552
2024-03-01,CMF_CONT_CARDETER_CONSOL_CCA_AGIFI_BSANT_STO_RAZ_PORC_MONT,Banco Santander-Chile,5.811879858606969
2024-04-01,CMF_CONT_CARDETER_CONSOL_CCA_AGIFI_BSANT_STO_RAZ_PORC_MONT,Banco Santander-Chile,5.993227782626314
2024-05-01,CMF_CONT_CARDETER_CONSOL_CCA_AGIFI_BSANT_STO_RAZ_PORC_MONT,Banco Santander-Chile,6.098505790720514
2024-06-01,CMF_CONT_CARDETER_CONSOL_CCA_AGIFI_BSANT_STO_RAZ_PORC_MONT,Banco Santander-Chile,6.227489905758789
2024-07-01,CMF_CONT_CARDETER_CONSOL_CCA_AGIFI_BSANT_STO_RAZ_PORC_MONT,Banco Santander-Chile,6.410303336025333
2023-08-01,CMF_CONT_CARDETER_CONSOL_CCA_AGIFI_BSCOT_STO_RAZ_PORC_MONT,Scotiabank Chile,4.462156863492838
2023-09-01,CMF_CONT_CARDETER_CONSOL_CCA_AGIFI_BSCOT_STO_RAZ_PORC_MONT,Scotiabank Chile,4.519759743374844
2023-10-01,CMF_CONT_CARDETER_CONSOL_CCA_AGIFI_BSCOT_STO_RAZ_PORC_MONT,Scotiabank Chile,4.865243419016712
2023-11-01,CMF_CONT_CARDETER_CONSOL_CCA_AGIFI_BSCOT_STO_RAZ_PORC_MONT,Scotiabank Chile,5.070469305662737
2023-12-01,CMF_CONT_CARDETER_CONSOL_CCA_AGIFI_BSCOT_STO_RAZ_PORC_MONT,Scotiabank Chile,5.394940518417965
2024-01-01,CMF_CONT_CARDETER_CONSOL_CCA_AGIFI_BSCOT_STO_RAZ_PORC_MONT,Scotiabank Chile,5.549657565359391
2024-02-01,CMF_CONT_CARDETER_CONSOL_CCA_AGIFI_BSCOT_STO_RAZ_PORC_MONT,Scotiabank Chile,5.646480501111079
2024-03-01,CMF_CONT_CARDETER_CONSOL_CCA_AGIFI_BSCOT_STO_RAZ_PORC_MONT,Scotiabank Chile,5.691198204086724
2024-04-01,CMF_CONT_CARDETER_CONSOL_CCA_AGIFI_BSCOT_STO_RAZ_PORC_MONT,Scotiabank Chile,5.992697032656367
2024-05-01,CMF_CONT_CARDETER_CONSOL_CCA_AGIFI_BSCOT_STO_RAZ_PORC_MONT,Scotiabank Chile,6.195612039618037
2024-06-01,CMF_CONT_CARDETER_CONSOL_CCA_AGIFI_BSCOT_STO_RAZ_PORC_MONT,Scotiabank Chile,6.117067006956918
2024-07-01,CMF_CONT_CARDETER_CONSOL_CCA_AGIFI_BSCOT_STO_RAZ_PORC_MONT,Scotiabank Chile,6.289881503154311
2023-08-01,CMF_CONT_CARDETER_CONSOL_CCA_AGIFI_BSEC_STO_RAZ_PORC_MONT,Banco Security,7.608364181670933
2023-09-01,CMF_CONT_CARDETER_CONSOL_CCA_AGIFI_BSEC_STO_RAZ_PORC_MONT,Banco Security,7.6291256174590165
2023-10-01,CMF_CONT_CARDETER_CONSOL_CCA_AGIFI_BSEC_STO_RAZ_PORC_MONT,Banco Security,7.738726351125358
2023-11-01,CMF_CONT_CARDETER_CONSOL_CCA_AGIFI_BSEC_STO_RAZ_PORC_MONT,Banco Security,8.009351162351127
2023-12-01,CMF_CONT_CARDETER_CONSOL_CCA_AGIFI_BSEC_STO_RAZ_PORC_MONT,Banco Security,8.127239801419774
2024-01-01,CMF_CONT_CARDETER_CONSOL_CCA_AGIFI_BSEC_STO_RAZ_PORC_MONT,Banco Security,8.094537381634415
2024-02-01,CMF_CONT_CARDETER_CONSOL_CCA_AGIFI_BSEC_STO_RAZ_PORC_MONT,Banco Security,8.04475515196132
2024-03-01,CMF_CONT_CARDETER_CONSOL_CCA_AGIFI_BSEC_STO_RAZ_PORC_MONT,Banco Security,8.341370094585262
2024-04-01,CMF_CONT_CARDETER_CONSOL_CCA_AGIFI_BSEC_STO_RAZ_PORC_MONT,Banco Security,8.281900048690694
2024-05-01,CMF_CONT_CARDETER_CONSOL_CCA_AGIFI_BSEC_STO_RAZ_PORC_MONT,Banco Security,8.298510560735524
2024-06-01,CMF_CONT_CARDETER_CONSOL_CCA_AGIFI_BSEC_STO_RAZ_PORC_MONT,Banco Security,8.518710303350716
2024-07-01,CMF_CONT_CARDETER_CONSOL_CCA_AGIFI_BSEC_STO_RAZ_PORC_MONT,Banco Security,8.327501250643717
2023-08-01,CMF_CONT_CARDETER_CONSOL_CCA_AGIFI_CHCONBANK_STO_RAZ_PORC_MONT,China Construction Bank,12.385954097090938
2023-09-01,CMF_CONT_CARDETER_CONSOL_CCA_AGIFI_CHCONBANK_STO_RAZ_PORC_MONT,China Construction Bank,11.495630969018796
2023-10-01,CMF_CONT_CARDETER_CONSOL_CCA_AGIFI_CHCONBANK_STO_RAZ_PORC_MONT,China Construction Bank,10.987098260707281
2023-11-01,CMF_CONT_CARDETER_CONSOL_CCA_AGIFI_CHCONBANK_STO_RAZ_PORC_MONT,China Construction Bank,10.915286834844224
2023-12-01,CMF_CONT_CARDETER_CONSOL_CCA_AGIFI_CHCONBANK_STO_RAZ_PORC_MONT,China Construction Bank,10.985205290709104
2024-01-01,CMF_CONT_CARDETER_CONSOL_CCA_AGIFI_CHCONBANK_STO_RAZ_PORC_MONT,China Construction Bank,11.02873017379352
2024-02-01,CMF_CONT_CARDETER_CONSOL_CCA_AGIFI_CHCONBANK_STO_RAZ_PORC_MONT,China Construction Bank,11.115296445662537
2024-03-01,CMF_CONT_CARDETER_CONSOL_CCA_AGIFI_CHCONBANK_STO_RAZ_PORC_MONT,China Construction Bank,11.39295650559417
2024-04-01,CMF_CONT_CARDETER_CONSOL_CCA_AGIFI_CHCONBANK_STO_RAZ_PORC_MONT,China Construction Bank,11.48383526396992
2024-05-01,CMF_CONT_CARDETER_CONSOL_CCA_AGIFI_CHCONBANK_STO_RAZ_PORC_MONT,China Construction Bank,12.446591217137074
2024-06-01,CMF_CONT_CARDETER_CONSOL_CCA_AGIFI_CHCONBANK_STO_RAZ_PORC_MONT,China Construction Bank,13.24693717936627
2024-07-01,CMF_CONT_CARDETER_CONSOL_CCA_AGIFI_CHCONBANK_STO_RAZ_PORC_MONT,China Construction Bank,13.940604261104161
2023-08-01,CMF_CONT_CARDETER_CONSOL_CCA_AGIFI_HSBC_STO_RAZ_PORC_MONT,Hsbc Bank (Chile),0.0
2023-09-01,CMF_CONT_CARDETER_CONSOL_CCA_AGIFI_HSBC_STO_RAZ_PORC_MONT,Hsbc Bank (Chile),0.0
2023-10-01,CMF_CONT_CARDETER_CONSOL_CCA_AGIFI_HSBC_STO_RAZ_PORC_MONT,Hsbc Bank (Chile),0.0
2023-11-01,CMF_CONT_CARDETER_CONSOL_CCA_AGIFI_HSBC_STO_RAZ_PORC_MONT,Hsbc Bank (Chile),0.0
2023-12-01,CMF_CONT_CARDETER_CONSOL_CCA_AGIFI_HSBC_STO_RAZ_PORC_MONT,Hsbc Bank (Chile),0.0
2024-01-01,CMF_CONT_CARDETER_CONSOL_CCA_AGIFI_HSBC_STO_RAZ_PORC_MONT,Hsbc Bank (Chile),0.0
2024-02-01,CMF_CONT_CARDETER_CONSOL_CCA_AGIFI_HSBC_STO_RAZ_PORC_MONT,Hsbc Bank (Chile),0.0
2024-03-01,CMF_CONT_CARDETER_CONSOL_CCA_AGIFI_HSBC_STO_RAZ_PORC_MONT,Hsbc Bank (Chile),0.0
2024-04-01,CMF_CONT_CARDETER_CONSOL_CCA_AGIFI_HSBC_STO_RAZ_PORC_MONT,Hsbc Bank (Chile),0.0
2024-05-01,CMF_CONT_CARDETER_CONSOL_CCA_AGIFI_HSBC_STO_RAZ_PORC_MONT,Hsbc Bank (Chile),0.0
2024-06-01,CMF_CONT_CARDETER_CONSOL_CCA_AGIFI_HSBC_STO_RAZ_PORC_MONT,Hsbc Bank (Chile),0.0
2024-07-01,CMF_CONT_CARDETER_CONSOL_CCA_AGIFI_HSBC_STO_RAZ_PORC_MONT,Hsbc Bank (Chile),0.0
2023-08-01,CMF_CONT_CARDETER_CONSOL_CCA_AGIFI_JPMGC_STO_RAZ_PORC_MONT,Jp Morgan Chase Bank. N. A.,0.0
2023-09-01,CMF_CONT_CARDETER_CONSOL_CCA_AGIFI_JPMGC_STO_RAZ_PORC_MONT,Jp Morgan Chase Bank. N. A.,0.0
2023-10-01,CMF_CONT_CARDETER_CONSOL_CCA_AGIFI_JPMGC_STO_RAZ_PORC_MONT,Jp Morgan Chase Bank. N. A.,0.0
2023-11-01,CMF_CONT_CARDETER_CONSOL_CCA_AGIFI_JPMGC_STO_RAZ_PORC_MONT,Jp Morgan Chase Bank. N. A.,0.0
2023-12-01,CMF_CONT_CARDETER_CONSOL_CCA_AGIFI_JPMGC_STO_RAZ_PORC_MONT,Jp Morgan Chase Bank. N. A.,0.0
2024-01-01,CMF_CONT_CARDETER_CONSOL_CCA_AGIFI_JPMGC_STO_RAZ_PORC_MONT,Jp Morgan Chase Bank. N. A.,0.0
2024-02-01,CMF_CONT_CARDETER_CONSOL_CCA_AGIFI_JPMGC_STO_RAZ_PORC_MONT,Jp Morgan Chase Bank. N. A.,0.0
2024-03-01,CMF_CONT_CARDETER_CONSOL_CCA_AGIFI_JPMGC_STO_RAZ_PORC_MONT,Jp Morgan Chase Bank. N. A.,0.0
2024-04-01,CMF_CONT_CARDETER_CONSOL_CCA_AGIFI_JPMGC_STO_RAZ_PORC_MONT,Jp Morgan Chase Bank. N. A.,0.0
2024-05-01,CMF_CONT_CARDETER_CONSOL_CCA_AGIFI_JPMGC_STO_RAZ_PORC_MONT,Jp Morgan Chase Bank. N. A.,0.0
2024-06-01,CMF_CONT_CARDETER_CONSOL_CCA_AGIFI_JPMGC_STO_RAZ_PORC_MONT,Jp Morgan Chase Bank. N. A.,0.0
2024-07-01,CMF_CONT_CARDETER_CONSOL_CCA_AGIFI_JPMGC_STO_RAZ_PORC_MONT,Jp Morgan Chase Bank. N. A.,0.0
2024-08-01,CMF_CONT_CARDETER_CONSOL_CCA_AGIFI_BBTGP_STO_RAZ_PORC_MONT,Banco BTG Pactual Chile,3.827704402704001
2024-09-01,CMF_CONT_CARDETER_CONSOL_CCA_AGIFI_BBTGP_STO_RAZ_PORC_MONT,Banco BTG Pactual Chile,2.8961873299085146
2024-10-01,CMF_CONT_CARDETER_CONSOL_CCA_AGIFI_BBTGP_STO_RAZ_PORC_MONT,Banco BTG Pactual Chile,2.806700437031684
2024-11-01,CMF_CONT_CARDETER_CONSOL_CCA_AGIFI_BBTGP_STO_RAZ_PORC_MONT,Banco BTG Pactual Chile,2.737951112139776
2024-12-01,CMF_CONT_CARDETER_CONSOL_CCA_AGIFI_BBTGP_STO_RAZ_PORC_MONT,Banco BTG Pactual Chile,2.6450586804358407
2025-01-01,CMF_CONT_CARDETER_CONSOL_CCA_AGIFI_BBTGP_STO_RAZ_PORC_MONT,Banco BTG Pactual Chile,2.754513473352038
2025-02-01,CMF_CONT_CARDETER_CONSOL_CCA_AGIFI_BBTGP_STO_RAZ_PORC_MONT,Banco BTG Pactual Chile,2.6621640242135993
2025-03-01,CMF_CONT_CARDETER_CONSOL_CCA_AGIFI_BBTGP_STO_RAZ_PORC_MONT,Banco BTG Pactual Chile,2.6584614456795745
2025-04-01,CMF_CONT_CARDETER_CONSOL_CCA_AGIFI_BBTGP_STO_RAZ_PORC_MONT,Banco BTG Pactual Chile,2.671269198166968
2025-05-01,CMF_CONT_CARDETER_CONSOL_CCA_AGIFI_BBTGP_STO_RAZ_PORC_MONT,Banco BTG Pactual Chile,2.609367040888946
2025-06-01,CMF_CONT_CARDETER_CONSOL_CCA_AGIFI_BBTGP_STO_RAZ_PORC_MONT,Banco BTG Pactual Chile,2.1533315692969714
2025-07-01,CMF_CONT_CARDETER_CONSOL_CCA_AGIFI_BBTGP_STO_RAZ_PORC_MONT,Banco BTG Pactual Chile,2.120720913891234
2024-08-01,CMF_CONT_CARDETER_CONSOL_CCA_AGIFI_BCHI_STO_RAZ_PORC_MONT,Banco de Chile,3.3797203341206434
2024-09-01,CMF_CONT_CARDETER_CONSOL_CCA_AGIFI_BCHI_STO_RAZ_PORC_MONT,Banco de Chile,3.352451813913622
2024-10-01,CMF_CONT_CARDETER_CONSOL_CCA_AGIFI_BCHI_STO_RAZ_PORC_MONT,Banco de Chile,3.37031539866559
2024-11-01,CMF_CONT_CARDETER_CONSOL_CCA_AGIFI_BCHI_STO_RAZ_PORC_MONT,Banco de Chile,3.425943935958986
2024-12-01,CMF_CONT_CARDETER_CONSOL_CCA_AGIFI_BCHI_STO_RAZ_PORC_MONT,Banco de Chile,3.4119015695301993
2025-01-01,CMF_CONT_CARDETER_CONSOL_CCA_AGIFI_BCHI_STO_RAZ_PORC_MONT,Banco de Chile,3.3916659375414264
2025-02-01,CMF_CONT_CARDETER_CONSOL_CCA_AGIFI_BCHI_STO_RAZ_PORC_MONT,Banco de Chile,3.39242099540398
2025-03-01,CMF_CONT_CARDETER_CONSOL_CCA_AGIFI_BCHI_STO_RAZ_PORC_MONT,Banco de Chile,3.383683070076389
2025-04-01,CMF_CONT_CARDETER_CONSOL_CCA_AGIFI_BCHI_STO_RAZ_PORC_MONT,Banco de Chile,3.3674738886066793
2025-05-01,CMF_CONT_CARDETER_CONSOL_CCA_AGIFI_BCHI_STO_RAZ_PORC_MONT,Banco de Chile,3.3773119406230965
2025-06-01,CMF_CONT_CARDETER_CONSOL_CCA_AGIFI_BCHI_STO_RAZ_PORC_MONT,Banco de Chile,3.4523610300666854
2025-07-01,CMF_CONT_CARDETER_CONSOL_CCA_AGIFI_BCHI_STO_RAZ_PORC_MONT,Banco de Chile,3.463049570894097
2024-08-01,CMF_CONT_CARDETER_CONSOL_CCA_AGIFI_BCI_STO_RAZ_PORC_MONT,Banco de Credito e Inversiones,4.095355406832754
2024-09-01,CMF_CONT_CARDETER_CONSOL_CCA_AGIFI_BCI_STO_RAZ_PORC_MONT,Banco de Credito e Inversiones,4.070440027112532
2024-10-01,CMF_CONT_CARDETER_CONSOL_CCA_AGIFI_BCI_STO_RAZ_PORC_MONT,Banco de Credito e Inversiones,5.220348115325781
2024-11-01,CMF_CONT_CARDETER_CONSOL_CCA_AGIFI_BCI_STO_RAZ_PORC_MONT,Banco de Credito e Inversiones,5.169407329134598
2024-12-01,CMF_CONT_CARDETER_CONSOL_CCA_AGIFI_BCI_STO_RAZ_PORC_MONT,Banco de Credito e Inversiones,5.0108270732418765
2025-01-01,CMF_CONT_CARDETER_CONSOL_CCA_AGIFI_BCI_STO_RAZ_PORC_MONT,Banco de Credito e Inversiones,4.920731185087074
2025-02-01,CMF_CONT_CARDETER_CONSOL_CCA_AGIFI_BCI_STO_RAZ_PORC_MONT,Banco de Credito e Inversiones,4.638467475651945
2025-03-01,CMF_CONT_CARDETER_CONSOL_CCA_AGIFI_BCI_STO_RAZ_PORC_MONT,Banco de Credito e Inversiones,4.9096616820194345
2025-04-01,CMF_CONT_CARDETER_CONSOL_CCA_AGIFI_BCI_STO_RAZ_PORC_MONT,Banco de Credito e Inversiones,4.739162407031556
2025-05-01,CMF_CONT_CARDETER_CONSOL_CCA_AGIFI_BCI_STO_RAZ_PORC_MONT,Banco de Credito e Inversiones,4.73606790807567
2025-06-01,CMF_CONT_CARDETER_CONSOL_CCA_AGIFI_BCI_STO_RAZ_PORC_MONT,Banco de Credito e Inversiones,4.7868381443721875
2025-07-01,CMF_CONT_CARDETER_CONSOL_CCA_AGIFI_BCI_STO_RAZ_PORC_MONT,Banco de Credito e Inversiones,4.866859929131827
2024-08-01,CMF_CONT_CARDETER_CONSOL_CCA_AGIFI_BCON_STO_RAZ_PORC_MONT,Banco Consorcio,7.334177079514573
2024-09-01,CMF_CONT_CARDETER_CONSOL_CCA_AGIFI_BCON_STO_RAZ_PORC_MONT,Banco Consorcio,7.373275908039907
2024-10-01,CMF_CONT_CARDETER_CONSOL_CCA_AGIFI_BCON_STO_RAZ_PORC_MONT,Banco Consorcio,7.401931837458192
2024-11-01,CMF_CONT_CARDETER_CONSOL_CCA_AGIFI_BCON_STO_RAZ_PORC_MONT,Banco Consorcio,7.2217513649161
2024-12-01,CMF_CONT_CARDETER_CONSOL_CCA_AGIFI_BCON_STO_RAZ_PORC_MONT,Banco Consorcio,6.861522355931962
2025-01-01,CMF_CONT_CARDETER_CONSOL_CCA_AGIFI_BCON_STO_RAZ_PORC_MONT,Banco Consorcio,6.627516165614774
2025-02-01,CMF_CONT_CARDETER_CONSOL_CCA_AGIFI_BCON_STO_RAZ_PORC_MONT,Banco Consorcio,6.6820341975346045
2025-03-01,CMF_CONT_CARDETER_CONSOL_CCA_AGIFI_BCON_STO_RAZ_PORC_MONT,Banco Consorcio,6.714538261777922
2025-04-01,CMF_CONT_CARDETER_CONSOL_CCA_AGIFI_BCON_STO_RAZ_PORC_MONT,Banco Consorcio,6.701866950638364
2025-05-01,CMF_CONT_CARDETER_CONSOL_CCA_AGIFI_BCON_STO_RAZ_PORC_MONT,Banco Consorcio,6.9335171365548485
2025-06-01,CMF_CONT_CARDETER_CONSOL_CCA_AGIFI_BCON_STO_RAZ_PORC_MONT,Banco Consorcio,7.858786403696446
2025-07-01,CMF_CONT_CARDETER_CONSOL_CCA_AGIFI_BCON_STO_RAZ_PORC_MONT,Banco Consorcio,7.695732680414795
2024-08-01,CMF_CONT_CARDETER_CONSOL_CCA_AGIFI_BECH_STO_RAZ_PORC_MONT,Banco del Estado de Chile,9.931218132215653
2024-09-01,CMF_CONT_CARDETER_CONSOL_CCA_AGIFI_BECH_STO_RAZ_PORC_MONT,Banco del Estado de Chile,9.91681115992388
2024-10-01,CMF_CONT_CARDETER_CONSOL_CCA_AGIFI_BECH_STO_RAZ_PORC_MONT,Banco del Estado de Chile,9.812148264812016
2024-11-01,CMF_CONT_CARDETER_CONSOL_CCA_AGIFI_BECH_STO_RAZ_PORC_MONT,Banco del Estado de Chile,9.690226279523923
2024-12-01,CMF_CONT_CARDETER_CONSOL_CCA_AGIFI_BECH_STO_RAZ_PORC_MONT,Banco del Estado de Chile,9.765788166211843
2025-01-01,CMF_CONT_CARDETER_CONSOL_CCA_AGIFI_BECH_STO_RAZ_PORC_MONT,Banco del Estado de Chile,9.751468270894058
2025-02-01,CMF_CONT_CARDETER_CONSOL_CCA_AGIFI_BECH_STO_RAZ_PORC_MONT,Banco del Estado de Chile,9.680498373327168
2025-03-01,CMF_CONT_CARDETER_CONSOL_CCA_AGIFI_BECH_STO_RAZ_PORC_MONT,Banco del Estado de Chile,9.598803703503393
2025-04-01,CMF_CONT_CARDETER_CONSOL_CCA_AGIFI_BECH_STO_RAZ_PORC_MONT,Banco del Estado de Chile,9.487692238229036
2025-05-01,CMF_CONT_CARDETER_CONSOL_CCA_AGIFI_BECH_STO_RAZ_PORC_MONT,Banco del Estado de Chile,9.401769728731923
2025-06-01,CMF_CONT_CARDETER_CONSOL_CCA_AGIFI_BECH_STO_RAZ_PORC_MONT,Banco del Estado de Chile,9.266453353216491
2025-07-01,CMF_CONT_CARDETER_CONSOL_CCA_AGIFI_BECH_STO_RAZ_PORC_MONT,Banco del Estado de Chile,9.165228369163545
2024-08-01,CMF_CONT_CARDETER_CONSOL_CCA_AGIFI_BFALA_STO_RAZ_PORC_MONT,Banco Falabella,5.662628585368263
2024-09-01,CMF_CONT_CARDETER_CONSOL_CCA_AGIFI_BFALA_STO_RAZ_PORC_MONT,Banco Falabella,5.556149721078506
2024-10-01,CMF_CONT_CARDETER_CONSOL_CCA_AGIFI_BFALA_STO_RAZ_PORC_MONT,Banco Falabella,5.299078076422029
2024-11-01,CMF_CONT_CARDETER_CONSOL_CCA_AGIFI_BFALA_STO_RAZ_PORC_MONT,Banco Falabella,5.066110236408672
2024-12-01,CMF_CONT_CARDETER_CONSOL_CCA_AGIFI_BFALA_STO_RAZ_PORC_MONT,Banco Falabella,4.868723665481675
2025-01-01,CMF_CONT_CARDETER_CONSOL_CCA_AGIFI_BFALA_STO_RAZ_PORC_MONT,Banco Falabella,4.712069291439286
2025-02-01,CMF_CONT_CARDETER_CONSOL_CCA_AGIFI_BFALA_STO_RAZ_PORC_MONT,Banco Falabella,4.682697011876685
2025-03-01,CMF_CONT_CARDETER_CONSOL_CCA_AGIFI_BFALA_STO_RAZ_PORC_MONT,Banco Falabella,4.537499728213864
2025-04-01,CMF_CONT_CARDETER_CONSOL_CCA_AGIFI_BFALA_STO_RAZ_PORC_MONT,Banco Falabella,4.532116328617561
2025-05-01,CMF_CONT_CARDETER_CONSOL_CCA_AGIFI_BFALA_STO_RAZ_PORC_MONT,Banco Falabella,4.578813637711365
2025-06-01,CMF_CONT_CARDETER_CONSOL_CCA_AGIFI_BFALA_STO_RAZ_PORC_MONT,Banco Falabella,4.483499371829206
2025-07-01,CMF_CONT_CARDETER_CONSOL_CCA_AGIFI_BFALA_STO_RAZ_PORC_MONT,Banco Falabella,4.41996851526913
2024-08-01,CMF_CONT_CARDETER_CONSOL_CCA_AGIFI_BICE_STO_RAZ_PORC_MONT,Banco Bice,3.8284134438826523
2024-09-01,CMF_CONT_CARDETER_CONSOL_CCA_AGIFI_BICE_STO_RAZ_PORC_MONT,Banco Bice,3.5142213563446747
2024-10-01,CMF_CONT_CARDETER_CONSOL_CCA_AGIFI_BICE_STO_RAZ_PORC_MONT,Banco Bice,3.300039684894291
2024-11-01,CMF_CONT_CARDETER_CONSOL_CCA_AGIFI_BICE_STO_RAZ_PORC_MONT,Banco Bice,3.268948384035122
2024-12-01,CMF_CONT_CARDETER_CONSOL_CCA_AGIFI_BICE_STO_RAZ_PORC_MONT,Banco Bice,3.1733670437626946
2025-01-01,CMF_CONT_CARDETER_CONSOL_CCA_AGIFI_BICE_STO_RAZ_PORC_MONT,Banco Bice,3.1301953480650924
2025-02-01,CMF_CONT_CARDETER_CONSOL_CCA_AGIFI_BICE_STO_RAZ_PORC_MONT,Banco Bice,3.0219123915128026
2025-03-01,CMF_CONT_CARDETER_CONSOL_CCA_AGIFI_BICE_STO_RAZ_PORC_MONT,Banco Bice,3.018344383898124
2025-04-01,CMF_CONT_CARDETER_CONSOL_CCA_AGIFI_BICE_STO_RAZ_PORC_MONT,Banco Bice,2.9188254919629264
2025-05-01,CMF_CONT_CARDETER_CONSOL_CCA_AGIFI_BICE_STO_RAZ_PORC_MONT,Banco Bice,2.890058729909927
2025-06-01,CMF_CONT_CARDETER_CONSOL_CCA_AGIFI_BICE_STO_RAZ_PORC_MONT,Banco Bice,2.8531050531720124
2025-07-01,CMF_CONT_CARDETER_CONSOL_CCA_AGIFI_BICE_STO_RAZ_PORC_MONT,Banco Bice,2.8679653654594692
2024-08-01,CMF_CONT_CARDETER_CONSOL_CCA_AGIFI_BINTE_STO_RAZ_PORC_MONT,Banco Internacional,6.919725745457731
2024-09-01,CMF_CONT_CARDETER_CONSOL_CCA_AGIFI_BINTE_STO_RAZ_PORC_MONT,Banco Internacional,6.734304380882723
2024-10-01,CMF_CONT_CARDETER_CONSOL_CCA_AGIFI_BINTE_STO_RAZ_PORC_MONT,Banco Internacional,7.099377154058375
2024-11-01,CMF_CONT_CARDETER_CONSOL_CCA_AGIFI_BINTE_STO_RAZ_PORC_MONT,Banco Internacional,7.104698889583472
2024-12-01,CMF_CONT_CARDETER_CONSOL_CCA_AGIFI_BINTE_STO_RAZ_PORC_MONT,Banco Internacional,7.096276550890203
2025-01-01,CMF_CONT_CARDETER_CONSOL_CCA_AGIFI_BINTE_STO_RAZ_PORC_MONT,Banco Internacional,7.391354821535553
2025-02-01,CMF_CONT_CARDETER_CONSOL_CCA_AGIFI_BINTE_STO_RAZ_PORC_MONT,Banco Internacional,7.369168895718703
2025-03-01,CMF_CONT_CARDETER_CONSOL_CCA_AGIFI_BINTE_STO_RAZ_PORC_MONT,Banco Internacional,7.12305963784971
2025-04-01,CMF_CONT_CARDETER_CONSOL_CCA_AGIFI_BINTE_STO_RAZ_PORC_MONT,Banco Internacional,6.877139854927991
2025-05-01,CMF_CONT_CARDETER_CONSOL_CCA_AGIFI_BINTE_STO_RAZ_PORC_MONT,Banco Internacional,6.917811786088379
2025-06-01,CMF_CONT_CARDETER_CONSOL_CCA_AGIFI_BINTE_STO_RAZ_PORC_MONT,Banco Internacional,6.823284142854101
2025-07-01,CMF_CONT_CARDETER_CONSOL_CCA_AGIFI_BINTE_STO_RAZ_PORC_MONT,Banco Internacional,6.638884856456004
2024-08-01,CMF_CONT_CARDETER_CONSOL_CCA_AGIFI_BITAUCORP_STO_RAZ_PORC_MONT,Banco Itaú Chile,7.073670797065214
2024-09-01,CMF_CONT_CARDETER_CONSOL_CCA_AGIFI_BITAUCORP_STO_RAZ_PORC_MONT,Banco Itaú Chile,7.069473362231479
2024-10-01,CMF_CONT_CARDETER_CONSOL_CCA_AGIFI_BITAUCORP_STO_RAZ_PORC_MONT,Banco Itaú Chile,7.159928150323703
2024-11-01,CMF_CONT_CARDETER_CONSOL_CCA_AGIFI_BITAUCORP_STO_RAZ_PORC_MONT,Banco Itaú Chile,7.220458996023758
2024-12-01,CMF_CONT_CARDETER_CONSOL_CCA_AGIFI_BITAUCORP_STO_RAZ_PORC_MONT,Banco Itaú Chile,7.4573107059604755
2025-01-01,CMF_CONT_CARDETER_CONSOL_CCA_AGIFI_BITAUCORP_STO_RAZ_PORC_MONT,Banco Itaú Chile,7.40187660784083
2025-02-01,CMF_CONT_CARDETER_CONSOL_CCA_AGIFI_BITAUCORP_STO_RAZ_PORC_MONT,Banco Itaú Chile,7.375481617413013
2025-03-01,CMF_CONT_CARDETER_CONSOL_CCA_AGIFI_BITAUCORP_STO_RAZ_PORC_MONT,Banco Itaú Chile,7.3634549488763685
2025-04-01,CMF_CONT_CARDETER_CONSOL_CCA_AGIFI_BITAUCORP_STO_RAZ_PORC_MONT,Banco Itaú Chile,7.292085814784594
2025-05-01,CMF_CONT_CARDETER_CONSOL_CCA_AGIFI_BITAUCORP_STO_RAZ_PORC_MONT,Banco Itaú Chile,7.292273679502133
2025-06-01,CMF_CONT_CARDETER_CONSOL_CCA_AGIFI_BITAUCORP_STO_RAZ_PORC_MONT,Banco Itaú Chile,7.249907447904926
2025-07-01,CMF_CONT_CARDETER_CONSOL_CCA_AGIFI_BITAUCORP_STO_RAZ_PORC_MONT,Banco Itaú Chile,7.161006837726479
2024-08-01,CMF_CONT_CARDETER_CONSOL_CCA_AGIFI_BKCH_STO_RAZ_PORC_MONT,Bank of China,0.0
2024-09-01,CMF_CONT_CARDETER_CONSOL_CCA_AGIFI_BKCH_STO_RAZ_PORC_MONT,Bank of China,0.0
2024-10-01,CMF_CONT_CARDETER_CONSOL_CCA_AGIFI_BKCH_STO_RAZ_PORC_MONT,Bank of China,0.0
2024-11-01,CMF_CONT_CARDETER_CONSOL_CCA_AGIFI_BKCH_STO_RAZ_PORC_MONT,Bank of China,0.0
2024-12-01,CMF_CONT_CARDETER_CONSOL_CCA_AGIFI_BKCH_STO_RAZ_PORC_MONT,Bank of China,0.0
2025-01-01,CMF_CONT_CARDETER_CONSOL_CCA_AGIFI_BKCH_STO_RAZ_PORC_MONT,Bank of China,0.0
2025-02-01,CMF_CONT_CARDETER_CONSOL_CCA_AGIFI_BKCH_STO_RAZ_PORC_MONT,Bank of China,0.0
2025-03-01,CMF_CONT_CARDETER_CONSOL_CCA_AGIFI_BKCH_STO_RAZ_PORC_MONT,Bank of China,0.0
2025-04-01,CMF_CONT_CARDETER_CONSOL_CCA_AGIFI_BKCH_STO_RAZ_PORC_MONT,Bank of China,0.0
2025-05-01,CMF_CONT_CARDETER_CONSOL_CCA_AGIFI_BKCH_STO_RAZ_PORC_MONT,Bank of China,0.0
2025-06-01,CMF_CONT_CARDETER_CONSOL_CCA_AGIFI_BKCH_STO_RAZ_PORC_MONT,Bank of China,0.0
2025-07-01,CMF_CONT_CARDETER_CONSOL_CCA_AGIFI_BKCH_STO_RAZ_PORC_MONT,Bank of China,0.0
2024-08-01,CMF_CONT_CARDETER_CONSOL_CCA_AGIFI_BRIPL_STO_RAZ_PORC_MONT,Banco Ripley,7.423536249202496
2024-09-01,CMF_CONT_CARDETER_CONSOL_CCA_AGIFI_BRIPL_STO_RAZ_PORC_MONT,Banco Ripley,7.215110557401639
2024-10-01,CMF_CONT_CARDETER_CONSOL_CCA_AGIFI_BRIPL_STO_RAZ_PORC_MONT,Banco Ripley,6.9297181708876625
2024-11-01,CMF_CONT_CARDETER_CONSOL_CCA_AGIFI_BRIPL_STO_RAZ_PORC_MONT,Banco Ripley,6.736883761803977
2024-12-01,CMF_CONT_CARDETER_CONSOL_CCA_AGIFI_BRIPL_STO_RAZ_PORC_MONT,Banco Ripley,6.2765325568581805
2025-01-01,CMF_CONT_CARDETER_CONSOL_CCA_AGIFI_BRIPL_STO_RAZ_PORC_MONT,Banco Ripley,6.1188539387627365
2025-02-01,CMF_CONT_CARDETER_CONSOL_CCA_AGIFI_BRIPL_STO_RAZ_PORC_MONT,Banco Ripley,6.0104121415571194
2025-03-01,CMF_CONT_CARDETER_CONSOL_CCA_AGIFI_BRIPL_STO_RAZ_PORC_MONT,Banco Ripley,5.8238314996077225
2025-04-01,CMF_CONT_CARDETER_CONSOL_CCA_AGIFI_BRIPL_STO_RAZ_PORC_MONT,Banco Ripley,5.801811326246076
2025-05-01,CMF_CONT_CARDETER_CONSOL_CCA_AGIFI_BRIPL_STO_RAZ_PORC_MONT,Banco Ripley,5.787645708292299
2025-06-01,CMF_CONT_CARDETER_CONSOL_CCA_AGIFI_BRIPL_STO_RAZ_PORC_MONT,Banco Ripley,5.709619536542599
2025-07-01,CMF_CONT_CARDETER_CONSOL_CCA_AGIFI_BRIPL_STO_RAZ_PORC_MONT,Banco Ripley,5.631734589281755
2024-08-01,CMF_CONT_CARDETER_CONSOL_CCA_AGIFI_BSANT_STO_RAZ_PORC_MONT,Banco Santander-Chile,6.541179585468498
2024-09-01,CMF_CONT_CARDETER_CONSOL_CCA_AGIFI_BSANT_STO_RAZ_PORC_MONT,Banco Santander-Chile,6.6815091114925345
2024-10-01,CMF_CONT_CARDETER_CONSOL_CCA_AGIFI_BSANT_STO_RAZ_PORC_MONT,Banco Santander-Chile,6.670160597007486
2024-11-01,CMF_CONT_CARDETER_CONSOL_CCA_AGIFI_BSANT_STO_RAZ_PORC_MONT,Banco Santander-Chile,6.672759274155432
2024-12-01,CMF_CONT_CARDETER_CONSOL_CCA_AGIFI_BSANT_STO_RAZ_PORC_MONT,Banco Santander-Chile,6.7335497047553785
2025-01-01,CMF_CONT_CARDETER_CONSOL_CCA_AGIFI_BSANT_STO_RAZ_PORC_MONT,Banco Santander-Chile,6.80945108162299
2025-02-01,CMF_CONT_CARDETER_CONSOL_CCA_AGIFI_BSANT_STO_RAZ_PORC_MONT,Banco Santander-Chile,6.902266004623336
2025-03-01,CMF_CONT_CARDETER_CONSOL_CCA_AGIFI_BSANT_STO_RAZ_PORC_MONT,Banco Santander-Chile,6.939813247700314
2025-04-01,CMF_CONT_CARDETER_CONSOL_CCA_AGIFI_BSANT_STO_RAZ_PORC_MONT,Banco Santander-Chile,6.7179038862650895
2025-05-01,CMF_CONT_CARDETER_CONSOL_CCA_AGIFI_BSANT_STO_RAZ_PORC_MONT,Banco Santander-Chile,6.86317160719115
2025-06-01,CMF_CONT_CARDETER_CONSOL_CCA_AGIFI_BSANT_STO_RAZ_PORC_MONT,Banco Santander-Chile,6.813710564240435
2025-07-01,CMF_CONT_CARDETER_CONSOL_CCA_AGIFI_BSANT_STO_RAZ_PORC_MONT,Banco Santander-Chile,6.848197123765051
2024-08-01,CMF_CONT_CARDETER_CONSOL_CCA_AGIFI_BSCOT_STO_RAZ_PORC_MONT,Scotiabank Chile,6.317285876101916
2024-09-01,CMF_CONT_CARDETER_CONSOL_CCA_AGIFI_BSCOT_STO_RAZ_PORC_MONT,Scotiabank Chile,6.358418106749259
2024-10-01,CMF_CONT_CARDETER_CONSOL_CCA_AGIFI_BSCOT_STO_RAZ_PORC_MONT,Scotiabank Chile,6.577174133767048
2024-11-01,CMF_CONT_CARDETER_CONSOL_CCA_AGIFI_BSCOT_STO_RAZ_PORC_MONT,Scotiabank Chile,6.571557562080963
2024-12-01,CMF_CONT_CARDETER_CONSOL_CCA_AGIFI_BSCOT_STO_RAZ_PORC_MONT,Scotiabank Chile,6.568574141844219
2025-01-01,CMF_CONT_CARDETER_CONSOL_CCA_AGIFI_BSCOT_STO_RAZ_PORC_MONT,Scotiabank Chile,6.642629428690369
2025-02-01,CMF_CONT_CARDETER_CONSOL_CCA_AGIFI_BSCOT_STO_RAZ_PORC_MONT,Scotiabank Chile,6.670067771767443
2025-03-01,CMF_CONT_CARDETER_CONSOL_CCA_AGIFI_BSCOT_STO_RAZ_PORC_MONT,Scotiabank Chile,6.674872289687116
2025-04-01,CMF_CONT_CARDETER_CONSOL_CCA_AGIFI_BSCOT_STO_RAZ_PORC_MONT,Scotiabank Chile,6.539729679568149
2025-05-01,CMF_CONT_CARDETER_CONSOL_CCA_AGIFI_BSCOT_STO_RAZ_PORC_MONT,Scotiabank Chile,6.612514718904356
2025-06-01,CMF_CONT_CARDETER_CONSOL_CCA_AGIFI_BSCOT_STO_RAZ_PORC_MONT,Scotiabank Chile,6.612162112779998
2025-07-01,CMF_CONT_CARDETER_CONSOL_CCA_AGIFI_BSCOT_STO_RAZ_PORC_MONT,Scotiabank Chile,6.655846466834829
2024-08-01,CMF_CONT_CARDETER_CONSOL_CCA_AGIFI_BSEC_STO_RAZ_PORC_MONT,Banco Security,7.818815027543469
2024-09-01,CMF_CONT_CARDETER_CONSOL_CCA_AGIFI_BSEC_STO_RAZ_PORC_MONT,Banco Security,7.868951896057933
2024-10-01,CMF_CONT_CARDETER_CONSOL_CCA_AGIFI_BSEC_STO_RAZ_PORC_MONT,Banco Security,7.708925031946238
2024-11-01,CMF_CONT_CARDETER_CONSOL_CCA_AGIFI_BSEC_STO_RAZ_PORC_MONT,Banco Security,7.7108302132954485
2024-12-01,CMF_CONT_CARDETER_CONSOL_CCA_AGIFI_BSEC_STO_RAZ_PORC_MONT,Banco Security,7.489329599866816
2025-01-01,CMF_CONT_CARDETER_CONSOL_CCA_AGIFI_BSEC_STO_RAZ_PORC_MONT,Banco Security,7.565428359522226
2025-02-01,CMF_CONT_CARDETER_CONSOL_CCA_AGIFI_BSEC_STO_RAZ_PORC_MONT,Banco Security,7.868831525807131
2025-03-01,CMF_CONT_CARDETER_CONSOL_CCA_AGIFI_BSEC_STO_RAZ_PORC_MONT,Banco Security,7.826634384802043
2025-04-01,CMF_CONT_CARDETER_CONSOL_CCA_AGIFI_BSEC_STO_RAZ_PORC_MONT,Banco Security,7.7207675960296624
2025-05-01,CMF_CONT_CARDETER_CONSOL_CCA_AGIFI_BSEC_STO_RAZ_PORC_MONT,Banco Security,7.827498410963633
2025-06-01,CMF_CONT_CARDETER_CONSOL_CCA_AGIFI_BSEC_STO_RAZ_PORC_MONT,Banco Security,8.04138958192649
2025-07-01,CMF_CONT_CARDETER_CONSOL_CCA_AGIFI_BSEC_STO_RAZ_PORC_MONT,Banco Security,8.099411887207893
2024-08-01,CMF_CONT_CARDETER_CONSOL_CCA_AGIFI_CHCONBANK_STO_RAZ_PORC_MONT,China Construction Bank,12.099646168044153
2024-09-01,CMF_CONT_CARDETER_CONSOL_CCA_AGIFI_CHCONBANK_STO_RAZ_PORC_MONT,China Construction Bank,10.806634980317417
2024-10-01,CMF_CONT_CARDETER_CONSOL_CCA_AGIFI_CHCONBANK_STO_RAZ_PORC_MONT,China Construction Bank,10.947336211828953
2024-11-01,CMF_CONT_CARDETER_CONSOL_CCA_AGIFI_CHCONBANK_STO_RAZ_PORC_MONT,China Construction Bank,11.02271964032148
2024-12-01,CMF_CONT_CARDETER_CONSOL_CCA_AGIFI_CHCONBANK_STO_RAZ_PORC_MONT,China Construction Bank,11.140427162819726
2025-01-01,CMF_CONT_CARDETER_CONSOL_CCA_AGIFI_CHCONBANK_STO_RAZ_PORC_MONT,China Construction Bank,11.025981614480212
2025-02-01,CMF_CONT_CARDETER_CONSOL_CCA_AGIFI_CHCONBANK_STO_RAZ_PORC_MONT,China Construction Bank,10.413230195699432
2025-03-01,CMF_CONT_CARDETER_CONSOL_CCA_AGIFI_CHCONBANK_STO_RAZ_PORC_MONT,China Construction Bank,10.394294609742364
2025-04-01,CMF_CONT_CARDETER_CONSOL_CCA_AGIFI_CHCONBANK_STO_RAZ_PORC_MONT,China Construction Bank,10.462441895897074
2025-05-01,CMF_CONT_CARDETER_CONSOL_CCA_AGIFI_CHCONBANK_STO_RAZ_PORC_MONT,China Construction Bank,10.528100708159132
2025-06-01,CMF_CONT_CARDETER_CONSOL_CCA_AGIFI_CHCONBANK_STO_RAZ_PORC_MONT,China Construction Bank,11.404320351969401
2025-07-01,CMF_CONT_CARDETER_CONSOL_CCA_AGIFI_CHCONBANK_STO_RAZ_PORC_MONT,China Construction Bank,12.070893838587196
2024-08-01,CMF_CONT_CARDETER_CONSOL_CCA_AGIFI_HSBC_STO_RAZ_PORC_MONT,Hsbc Bank (Chile),0.0
2024-09-01,CMF_CONT_CARDETER_CONSOL_CCA_AGIFI_HSBC_STO_RAZ_PORC_MONT,Hsbc Bank (Chile),0.0
2024-10-01,CMF_CONT_CARDETER_CONSOL_CCA_AGIFI_HSBC_STO_RAZ_PORC_MONT,Hsbc Bank (Chile),0.0
2024-11-01,CMF_CONT_CARDETER_CONSOL_CCA_AGIFI_HSBC_STO_RAZ_PORC_MONT,Hsbc Bank (Chile),0.0
2024-12-01,CMF_CONT_CARDETER_CONSOL_CCA_AGIFI_HSBC_STO_RAZ_PORC_MONT,Hsbc Bank (Chile),0.0
2025-01-01,CMF_CONT_CARDETER_CONSOL_CCA_AGIFI_HSBC_STO_RAZ_PORC_MONT,Hsbc Bank (Chile),0.0
2025-02-01,CMF_CONT_CARDETER_CONSOL_CCA_AGIFI_HSBC_STO_RAZ_PORC_MONT,Hsbc Bank (Chile),0.0
2025-03-01,CMF_CONT_CARDETER_CONSOL_CCA_AGIFI_HSBC_STO_RAZ_PORC_MONT,Hsbc Bank (Chile),0.0
2025-04-01,CMF_CONT_CARDETER_CONSOL_CCA_AGIFI_HSBC_STO_RAZ_PORC_MONT,Hsbc Bank (Chile),0.0
2025-05-01,CMF_CONT_CARDETER_CONSOL_CCA_AGIFI_HSBC_STO_RAZ_PORC_MONT,Hsbc Bank (Chile),0.0
2025-06-01,CMF_CONT_CARDETER_CONSOL_CCA_AGIFI_HSBC_STO_RAZ_PORC_MONT,Hsbc Bank (Chile),0.0
2025-07-01,CMF_CONT_CARDETER_CONSOL_CCA_AGIFI_HSBC_STO_RAZ_PORC_MONT,Hsbc Bank (Chile),0.0
2024-08-01,CMF_CONT_CARDETER_CONSOL_CCA_AGIFI_JPMGC_STO_RAZ_PORC_MONT,Jp Morgan Chase Bank. N. A.,0.0
2024-09-01,CMF_CONT_CARDETER_CONSOL_CCA_AGIFI_JPMGC_STO_RAZ_PORC_MONT,Jp Morgan Chase Bank. N. A.,0.0
2024-10-01,CMF_CONT_CARDETER_CONSOL_CCA_AGIFI_JPMGC_STO_RAZ_PORC_MONT,Jp Morgan Chase Bank. N. A.,0.0
2024-11-01,CMF_CONT_CARDETER_CONSOL_CCA_AGIFI_JPMGC_STO_RAZ_PORC_MONT,Jp Morgan Chase Bank. N. A.,0.0
2024-12-01,CMF_CONT_CARDETER_CONSOL_CCA_AGIFI_JPMGC_STO_RAZ_PORC_MONT,Jp Morgan Chase Bank. N. A.,0.0
2025-01-01,CMF_CONT_CARDETER_CONSOL_CCA_AGIFI_JPMGC_STO_RAZ_PORC_MONT,Jp Morgan Chase Bank. N. A.,0.0
2025-02-01,CMF_CONT_CARDETER_CONSOL_CCA_AGIFI_JPMGC_STO_RAZ_PORC_MONT,Jp Morgan Chase Bank. N. A.,0.0
2025-03-01,CMF_CONT_CARDETER_CONSOL_CCA_AGIFI_JPMGC_STO_RAZ_PORC_MONT,Jp Morgan Chase Bank. N. A.,0.0
2025-04-01,CMF_CONT_CARDETER_CONSOL_CCA_AGIFI_JPMGC_STO_RAZ_PORC_MONT,Jp Morgan Chase Bank. N. A.,0.0
2025-05-01,CMF_CONT_CARDETER_CONSOL_CCA_AGIFI_JPMGC_STO_RAZ_PORC_MONT,Jp Morgan Chase Bank. N. A.,0.0
2025-06-01,CMF_CONT_CARDETER_CONSOL_CCA_AGIFI_JPMGC_STO_RAZ_PORC_MONT,Jp Morgan Chase Bank. N. A.,0.0
2025-07-01,CMF_CONT_CARDETER_CONSOL_CCA_AGIFI_JPMGC_STO_RAZ_PORC_MONT,Jp Morgan Chase Bank. N. A.,0.0
2025-08-01,CMF_CONT_CARDETER_CONSOL_CCA_AGIFI_BBTGP_STO_RAZ_PORC_MONT,Banco BTG Pactual Chile,2.0619145006813793
2025-09-01,CMF_CONT_CARDETER_CONSOL_CCA_AGIFI_BBTGP_STO_RAZ_PORC_MONT,Banco BTG Pactual Chile,2.016407745016187
2025-10-01,CMF_CONT_CARDETER_CONSOL_CCA_AGIFI_BBTGP_STO_RAZ_PORC_MONT,Banco BTG Pactual Chile,1.9861273749632276
2025-11-01,CMF_CONT_CARDETER_CONSOL_CCA_AGIFI_BBTGP_STO_RAZ_PORC_MONT,Banco BTG Pactual Chile,2.0036167224219876
2025-12-01,CMF_CONT_CARDETER_CONSOL_CCA_AGIFI_BBTGP_STO_RAZ_PORC_MONT,Banco BTG Pactual Chile,1.8469741475885606
2026-01-01,CMF_CONT_CARDETER_CONSOL_CCA_AGIFI_BBTGP_STO_RAZ_PORC_MONT,Banco BTG Pactual Chile,2.002696320442378
2026-02-01,CMF_CONT_CARDETER_CONSOL_CCA_AGIFI_BBTGP_STO_RAZ_PORC_MONT,Banco BTG Pactual Chile,2.052207093426075
2026-03-01,CMF_CONT_CARDETER_CONSOL_CCA_AGIFI_BBTGP_STO_RAZ_PORC_MONT,Banco BTG Pactual Chile,2.0119097779764417
2026-04-01,CMF_CONT_CARDETER_CONSOL_CCA_AGIFI_BBTGP_STO_RAZ_PORC_MONT,Banco BTG Pactual Chile,2.568302460272707
2026-05-01,CMF_CONT_CARDETER_CONSOL_CCA_AGIFI_BBTGP_STO_RAZ_PORC_MONT,Banco BTG Pactual Chile,2.4596945733521367
2026-06-01,CMF_CONT_CARDETER_CONSOL_CCA_AGIFI_BBTGP_STO_RAZ_PORC_MONT,Banco BTG Pactual Chile,2.667212679330594
2026-07-01,CMF_CONT_CARDETER_CONSOL_CCA_AGIFI_BBTGP_STO_RAZ_PORC_MONT,Banco BTG Pactual Chile,2.263868830161045
2025-08-01,CMF_CONT_CARDETER_CONSOL_CCA_AGIFI_BCHI_STO_RAZ_PORC_MONT,Banco de Chile,3.4088323109646628
2025-09-01,CMF_CONT_CARDETER_CONSOL_CCA_AGIFI_BCHI_STO_RAZ_PORC_MONT,Banco de Chile,3.4523732297084546
2025-10-01,CMF_CONT_CARDETER_CONSOL_CCA_AGIFI_BCHI_STO_RAZ_PORC_MONT,Banco de Chile,3.5031843360044572
2025-11-01,CMF_CONT_CARDETER_CONSOL_CCA_AGIFI_BCHI_STO_RAZ_PORC_MONT,Banco de Chile,3.564839114051814
2025-12-01,CMF_CONT_CARDETER_CONSOL_CCA_AGIFI_BCHI_STO_RAZ_PORC_MONT,Banco de Chile,3.6135551867524476
2026-01-01,CMF_CONT_CARDETER_CONSOL_CCA_AGIFI_BCHI_STO_RAZ_PORC_MONT,Banco de Chile,3.6071721494311926
2026-02-01,CMF_CONT_CARDETER_CONSOL_CCA_AGIFI_BCHI_STO_RAZ_PORC_MONT,Banco de Chile,3.601325614569425
2026-03-01,CMF_CONT_CARDETER_CONSOL_CCA_AGIFI_BCHI_STO_RAZ_PORC_MONT,Banco de Chile,3.5785639551178963
2026-04-01,CMF_CONT_CARDETER_CONSOL_CCA_AGIFI_BCHI_STO_RAZ_PORC_MONT,Banco de Chile,3.606304459810932
2026-05-01,CMF_CONT_CARDETER_CONSOL_CCA_AGIFI_BCHI_STO_RAZ_PORC_MONT,Banco de Chile,3.6096394781384946
2026-06-01,CMF_CONT_CARDETER_CONSOL_CCA_AGIFI_BCHI_STO_RAZ_PORC_MONT,Banco de Chile,3.6481869178032174
2026-07-01,CMF_CONT_CARDETER_CONSOL_CCA_AGIFI_BCHI_STO_RAZ_PORC_MONT,Banco de Chile,3.6726016251516382
2025-08-01,CMF_CONT_CARDETER_CONSOL_CCA_AGIFI_BCI_STO_RAZ_PORC_MONT,Banco de Credito e Inversiones,4.8092885272502075
2025-09-01,CMF_CONT_CARDETER_CONSOL_CCA_AGIFI_BCI_STO_RAZ_PORC_MONT,Banco de Credito e Inversiones,4.699389376789846
2025-10-01,CMF_CONT_CARDETER_CONSOL_CCA_AGIFI_BCI_STO_RAZ_PORC_MONT,Banco de Credito e Inversiones,4.640496051227526
2025-11-01,CMF_CONT_CARDETER_CONSOL_CCA_AGIFI_BCI_STO_RAZ_PORC_MONT,Banco de Credito e Inversiones,4.533380297113357
2025-12-01,CMF_CONT_CARDETER_CONSOL_CCA_AGIFI_BCI_STO_RAZ_PORC_MONT,Banco de Credito e Inversiones,4.8029794972479785
2026-01-01,CMF_CONT_CARDETER_CONSOL_CCA_AGIFI_BCI_STO_RAZ_PORC_MONT,Banco de Credito e Inversiones,4.9291212920639
2026-02-01,CMF_CONT_CARDETER_CONSOL_CCA_AGIFI_BCI_STO_RAZ_PORC_MONT,Banco de Credito e Inversiones,4.76976348475383
2026-03-01,CMF_CONT_CARDETER_CONSOL_CCA_AGIFI_BCI_STO_RAZ_PORC_MONT,Banco de Credito e Inversiones,4.714286223965982
2026-04-01,CMF_CONT_CARDETER_CONSOL_CCA_AGIFI_BCI_STO_RAZ_PORC_MONT,Banco de Credito e Inversiones,4.612832321739256
2026-05-01,CMF_CONT_CARDETER_CONSOL_CCA_AGIFI_BCI_STO_RAZ_PORC_MONT,Banco de Credito e Inversiones,4.387380244549425
2026-06-01,CMF_CONT_CARDETER_CONSOL_CCA_AGIFI_BCI_STO_RAZ_PORC_MONT,Banco de Credito e Inversiones,4.3151498718311645
2026-07-01,CMF_CONT_CARDETER_CONSOL_CCA_AGIFI_BCI_STO_RAZ_PORC_MONT,Banco de Credito e Inversiones,4.27182179496531
2025-08-01,CMF_CONT_CARDETER_CONSOL_CCA_AGIFI_BCON_STO_RAZ_PORC_MONT,Banco Consorcio,7.64049545754015
2025-09-01,CMF_CONT_CARDETER_CONSOL_CCA_AGIFI_BCON_STO_RAZ_PORC_MONT,Banco Consorcio,7.682356267817834
2025-10-01,CMF_CONT_CARDETER_CONSOL_CCA_AGIFI_BCON_STO_RAZ_PORC_MONT,Banco Consorcio,8.0476915851581
2025-11-01,CMF_CONT_CARDETER_CONSOL_CCA_AGIFI_BCON_STO_RAZ_PORC_MONT,Banco Consorcio,8.071755171083039
2025-12-01,CMF_CONT_CARDETER_CONSOL_CCA_AGIFI_BCON_STO_RAZ_PORC_MONT,Banco Consorcio,7.835941973197243
2026-01-01,CMF_CONT_CARDETER_CONSOL_CCA_AGIFI_BCON_STO_RAZ_PORC_MONT,Banco Consorcio,6.606683803999528
2026-02-01,CMF_CONT_CARDETER_CONSOL_CCA_AGIFI_BCON_STO_RAZ_PORC_MONT,Banco Consorcio,6.696522790844571
2026-03-01,CMF_CONT_CARDETER_CONSOL_CCA_AGIFI_BCON_STO_RAZ_PORC_MONT,Banco Consorcio,6.566227999581957
2026-04-01,CMF_CONT_CARDETER_CONSOL_CCA_AGIFI_BCON_STO_RAZ_PORC_MONT,Banco Consorcio,6.451802601093496
2026-05-01,CMF_CONT_CARDETER_CONSOL_CCA_AGIFI_BCON_STO_RAZ_PORC_MONT,Banco Consorcio,6.590327952280162
2026-06-01,CMF_CONT_CARDETER_CONSOL_CCA_AGIFI_BCON_STO_RAZ_PORC_MONT,Banco Consorcio,6.357397345871056
2026-07-01,CMF_CONT_CARDETER_CONSOL_CCA_AGIFI_BCON_STO_RAZ_PORC_MONT,Banco Consorcio,5.938692840821835
2025-08-01,CMF_CONT_CARDETER_CONSOL_CCA_AGIFI_BECH_STO_RAZ_PORC_MONT,Banco del Estado de Chile,9.058204492073866
2025-09-01,CMF_CONT_CARDETER_CONSOL_CCA_AGIFI_BECH_STO_RAZ_PORC_MONT,Banco del Estado de Chile,9.15434018350327
2025-10-01,CMF_CONT_CARDETER_CONSOL_CCA_AGIFI_BECH_STO_RAZ_PORC_MONT,Banco del Estado de Chile,9.108993098061626
2025-11-01,CMF_CONT_CARDETER_CONSOL_CCA_AGIFI_BECH_STO_RAZ_PORC_MONT,Banco del Estado de Chile,9.348550817694635
2025-12-01,CMF_CONT_CARDETER_CONSOL_CCA_AGIFI_BECH_STO_RAZ_PORC_MONT,Banco del Estado de Chile,9.35302840010709
2026-01-01,CMF_CONT_CARDETER_CONSOL_CCA_AGIFI_BECH_STO_RAZ_PORC_MONT,Banco del Estado de Chile,9.494942880367045
2026-02-01,CMF_CONT_CARDETER_CONSOL_CCA_AGIFI_BECH_STO_RAZ_PORC_MONT,Banco del Estado de Chile,9.587040437521056
2026-03-01,CMF_CONT_CARDETER_CONSOL_CCA_AGIFI_BECH_STO_RAZ_PORC_MONT,Banco del Estado de Chile,9.390016018663184
2026-04-01,CMF_CONT_CARDETER_CONSOL_CCA_AGIFI_BECH_STO_RAZ_PORC_MONT,Banco del Estado de Chile,9.431804867177354
2026-05-01,CMF_CONT_CARDETER_CONSOL_CCA_AGIFI_BECH_STO_RAZ_PORC_MONT,Banco del Estado de Chile,9.492214960452664
2026-06-01,CMF_CONT_CARDETER_CONSOL_CCA_AGIFI_BECH_STO_RAZ_PORC_MONT,Banco del Estado de Chile,9.562143715142128
2026-07-01,CMF_CONT_CARDETER_CONSOL_CCA_AGIFI_BECH_STO_RAZ_PORC_MONT,Banco del Estado de Chile,9.583482843878096
2025-08-01,CMF_CONT_CARDETER_CONSOL_CCA_AGIFI_BFALA_STO_RAZ_PORC_MONT,Banco Falabella,4.339185633882284
2025-09-01,CMF_CONT_CARDETER_CONSOL_CCA_AGIFI_BFALA_STO_RAZ_PORC_MONT,Banco Falabella,4.377364599410329
2025-10-01,CMF_CONT_CARDETER_CONSOL_CCA_AGIFI_BFALA_STO_RAZ_PORC_MONT,Banco Falabella,4.314497029652617
2025-11-01,CMF_CONT_CARDETER_CONSOL_CCA_AGIFI_BFALA_STO_RAZ_PORC_MONT,Banco Falabella,4.389704753298774
2025-12-01,CMF_CONT_CARDETER_CONSOL_CCA_AGIFI_BFALA_STO_RAZ_PORC_MONT,Banco Falabella,4.342880522882079
2026-01-01,CMF_CONT_CARDETER_CONSOL_CCA_AGIFI_BFALA_STO_RAZ_PORC_MONT,Banco Falabella,4.3599074028942875
2026-02-01,CMF_CONT_CARDETER_CONSOL_CCA_AGIFI_BFALA_STO_RAZ_PORC_MONT,Banco Falabella,4.401633586501637
2026-03-01,CMF_CONT_CARDETER_CONSOL_CCA_AGIFI_BFALA_STO_RAZ_PORC_MONT,Banco Falabella,4.267480909206728
2026-04-01,CMF_CONT_CARDETER_CONSOL_CCA_AGIFI_BFALA_STO_RAZ_PORC_MONT,Banco Falabella,4.347717034557419
2026-05-01,CMF_CONT_CARDETER_CONSOL_CCA_AGIFI_BFALA_STO_RAZ_PORC_MONT,Banco Falabella,4.433148283135024
2026-06-01,CMF_CONT_CARDETER_CONSOL_CCA_AGIFI_BFALA_STO_RAZ_PORC_MONT,Banco Falabella,4.4036565927918
2026-07-01,CMF_CONT_CARDETER_CONSOL_CCA_AGIFI_BFALA_STO_RAZ_PORC_MONT,Banco Falabella,4.416924011082711
2025-08-01,CMF_CONT_CARDETER_CONSOL_CCA_AGIFI_BICE_STO_RAZ_PORC_MONT,Banco Bice,2.7836561915024656
2025-09-01,CMF_CONT_CARDETER_CONSOL_CCA_AGIFI_BICE_STO_RAZ_PORC_MONT,Banco Bice,2.649060636818853
2025-10-01,CMF_CONT_CARDETER_CONSOL_CCA_AGIFI_BICE_STO_RAZ_PORC_MONT,Banco Bice,2.6589159705104155
2025-11-01,CMF_CONT_CARDETER_CONSOL_CCA_AGIFI_BICE_STO_RAZ_PORC_MONT,Banco Bice,4.910192258691804
2025-12-01,CMF_CONT_CARDETER_CONSOL_CCA_AGIFI_BICE_STO_RAZ_PORC_MONT,Banco Bice,4.841958716568739
2026-01-01,CMF_CONT_CARDETER_CONSOL_CCA_AGIFI_BICE_STO_RAZ_PORC_MONT,Banco Bice,4.880468717051302
2026-02-01,CMF_CONT_CARDETER_CONSOL_CCA_AGIFI_BICE_STO_RAZ_PORC_MONT,Banco Bice,4.829483971826717
2026-03-01,CMF_CONT_CARDETER_CONSOL_CCA_AGIFI_BICE_STO_RAZ_PORC_MONT,Banco Bice,4.790354300096101
2026-04-01,CMF_CONT_CARDETER_CONSOL_CCA_AGIFI_BICE_STO_RAZ_PORC_MONT,Banco Bice,4.774588559549446
2026-05-01,CMF_CONT_CARDETER_CONSOL_CCA_AGIFI_BICE_STO_RAZ_PORC_MONT,Banco Bice,4.820599233402476
2026-06-01,CMF_CONT_CARDETER_CONSOL_CCA_AGIFI_BICE_STO_RAZ_PORC_MONT,Banco Bice,4.824059906442348
2026-07-01,CMF_CONT_CARDETER_CONSOL_CCA_AGIFI_BICE_STO_RAZ_PORC_MONT,Banco Bice,4.7693827362088665
2025-08-01,CMF_CONT_CARDETER_CONSOL_CCA_AGIFI_BINTE_STO_RAZ_PORC_MONT,Banco Internacional,6.324178025954576
2025-09-01,CMF_CONT_CARDETER_CONSOL_CCA_AGIFI_BINTE_STO_RAZ_PORC_MONT,Banco Internacional,6.483836316292418
2025-10-01,CMF_CONT_CARDETER_CONSOL_CCA_AGIFI_BINTE_STO_RAZ_PORC_MONT,Banco Internacional,6.625807552898586
2025-11-01,CMF_CONT_CARDETER_CONSOL_CCA_AGIFI_BINTE_STO_RAZ_PORC_MONT,Banco Internacional,6.763272996502632
2025-12-01,CMF_CONT_CARDETER_CONSOL_CCA_AGIFI_BINTE_STO_RAZ_PORC_MONT,Banco Internacional,6.573323481066709
2026-01-01,CMF_CONT_CARDETER_CONSOL_CCA_AGIFI_BINTE_STO_RAZ_PORC_MONT,Banco Internacional,6.598350186964487
2026-02-01,CMF_CONT_CARDETER_CONSOL_CCA_AGIFI_BINTE_STO_RAZ_PORC_MONT,Banco Internacional,6.534460554090386
2026-03-01,CMF_CONT_CARDETER_CONSOL_CCA_AGIFI_BINTE_STO_RAZ_PORC_MONT,Banco Internacional,6.171121277710344
2026-04-01,CMF_CONT_CARDETER_CONSOL_CCA_AGIFI_BINTE_STO_RAZ_PORC_MONT,Banco Internacional,5.919809942852421
2026-05-01,CMF_CONT_CARDETER_CONSOL_CCA_AGIFI_BINTE_STO_RAZ_PORC_MONT,Banco Internacional,5.445230346393306
2026-06-01,CMF_CONT_CARDETER_CONSOL_CCA_AGIFI_BINTE_STO_RAZ_PORC_MONT,Banco Internacional,5.2980487172722945
2026-07-01,CMF_CONT_CARDETER_CONSOL_CCA_AGIFI_BINTE_STO_RAZ_PORC_MONT,Banco Internacional,5.055991118855033
2025-08-01,CMF_CONT_CARDETER_CONSOL_CCA_AGIFI_BITAUCORP_STO_RAZ_PORC_MONT,Banco Itaú Chile,7.018627017852314
2025-09-01,CMF_CONT_CARDETER_CONSOL_CCA_AGIFI_BITAUCORP_STO_RAZ_PORC_MONT,Banco Itaú Chile,6.935093297787652
2025-10-01,CMF_CONT_CARDETER_CONSOL_CCA_AGIFI_BITAUCORP_STO_RAZ_PORC_MONT,Banco Itaú Chile,6.917162540540614
2025-11-01,CMF_CONT_CARDETER_CONSOL_CCA_AGIFI_BITAUCORP_STO_RAZ_PORC_MONT,Banco Itaú Chile,6.883340606753828
2025-12-01,CMF_CONT_CARDETER_CONSOL_CCA_AGIFI_BITAUCORP_STO_RAZ_PORC_MONT,Banco Itaú Chile,6.801938044262096
2026-01-01,CMF_CONT_CARDETER_CONSOL_CCA_AGIFI_BITAUCORP_STO_RAZ_PORC_MONT,Banco Itaú Chile,6.734891607881186
2026-02-01,CMF_CONT_CARDETER_CONSOL_CCA_AGIFI_BITAUCORP_STO_RAZ_PORC_MONT,Banco Itaú Chile,6.7215353242471565
2026-03-01,CMF_CONT_CARDETER_CONSOL_CCA_AGIFI_BITAUCORP_STO_RAZ_PORC_MONT,Banco Itaú Chile,6.532993685419232
2026-04-01,CMF_CONT_CARDETER_CONSOL_CCA_AGIFI_BITAUCORP_STO_RAZ_PORC_MONT,Banco Itaú Chile,6.43788798696515
2026-05-01,CMF_CONT_CARDETER_CONSOL_CCA_AGIFI_BITAUCORP_STO_RAZ_PORC_MONT,Banco Itaú Chile,6.349784490828436
2026-06-01,CMF_CONT_CARDETER_CONSOL_CCA_AGIFI_BITAUCORP_STO_RAZ_PORC_MONT,Banco Itaú Chile,6.245675464848757
2026-07-01,CMF_CONT_CARDETER_CONSOL_CCA_AGIFI_BITAUCORP_STO_RAZ_PORC_MONT,Banco Itaú Chile,6.219547922837791
2025-08-01,CMF_CONT_CARDETER_CONSOL_CCA_AGIFI_BKCH_STO_RAZ_PORC_MONT,Bank of China,0.0
2025-09-01,CMF_CONT_CARDETER_CONSOL_CCA_AGIFI_BKCH_STO_RAZ_PORC_MONT,Bank of China,0.0
2025-10-01,CMF_CONT_CARDETER_CONSOL_CCA_AGIFI_BKCH_STO_RAZ_PORC_MONT,Bank of China,0.0
2025-11-01,CMF_CONT_CARDETER_CONSOL_CCA_AGIFI_BKCH_STO_RAZ_PORC_MONT,Bank of China,0.0
2025-12-01,CMF_CONT_CARDETER_CONSOL_CCA_AGIFI_BKCH_STO_RAZ_PORC_MONT,Bank of China,0.0
2026-01-01,CMF_CONT_CARDETER_CONSOL_CCA_AGIFI_BKCH_STO_RAZ_PORC_MONT,Bank of China,0.0
2026-02-01,CMF_CONT_CARDETER_CONSOL_CCA_AGIFI_BKCH_STO_RAZ_PORC_MONT,Bank of China,0.0
2026-03-01,CMF_CONT_CARDETER_CONSOL_CCA_AGIFI_BKCH_STO_RAZ_PORC_MONT,Bank of China,0.0
2026-04-01,CMF_CONT_CARDETER_CONSOL_CCA_AGIFI_BKCH_STO_RAZ_PORC_MONT,Bank of China,0.0
2026-05-01,CMF_CONT_CARDETER_CONSOL_CCA_AGIFI_BKCH_STO_RAZ_PORC_MONT,Bank of China,0.0
2026-06-01,CMF_CONT_CARDETER_CONSOL_CCA_AGIFI_BKCH_STO_RAZ_PORC_MONT,Bank of China,0.0
2026-07-01,CMF_CONT_CARDETER_CONSOL_CCA_AGIFI_BKCH_STO_RAZ_PORC_MONT,Bank of China,0.0
2025-08-01,CMF_CONT_CARDETER_CONSOL_CCA_AGIFI_BRIPL_STO_RAZ_PORC_MONT,Banco Ripley,5.627151954788423
2025-09-01,CMF_CONT_CARDETER_CONSOL_CCA_AGIFI_BRIPL_STO_RAZ_PORC_MONT,Banco Ripley,5.7848602959852355
2025-10-01,CMF_CONT_CARDETER_CONSOL_CCA_AGIFI_BRIPL_STO_RAZ_PORC_MONT,Banco Ripley,5.898392467393438
2025-11-01,CMF_CONT_CARDETER_CONSOL_CCA_AGIFI_BRIPL_STO_RAZ_PORC_MONT,Banco Ripley,6.10670859435778
2025-12-01,CMF_CONT_CARDETER_CONSOL_CCA_AGIFI_BRIPL_STO_RAZ_PORC_MONT,Banco Ripley,5.995541797073944
2026-01-01,CMF_CONT_CARDETER_CONSOL_CCA_AGIFI_BRIPL_STO_RAZ_PORC_MONT,Banco Ripley,6.18023229900555
2026-02-01,CMF_CONT_CARDETER_CONSOL_CCA_AGIFI_BRIPL_STO_RAZ_PORC_MONT,Banco Ripley,6.237895261250642
2026-03-01,CMF_CONT_CARDETER_CONSOL_CCA_AGIFI_BRIPL_STO_RAZ_PORC_MONT,Banco Ripley,6.095166529961321
2026-04-01,CMF_CONT_CARDETER_CONSOL_CCA_AGIFI_BRIPL_STO_RAZ_PORC_MONT,Banco Ripley,6.169869832647871
2026-05-01,CMF_CONT_CARDETER_CONSOL_CCA_AGIFI_BRIPL_STO_RAZ_PORC_MONT,Banco Ripley,6.138238602168449
2026-06-01,CMF_CONT_CARDETER_CONSOL_CCA_AGIFI_BRIPL_STO_RAZ_PORC_MONT,Banco Ripley,6.128172040610153
2026-07-01,CMF_CONT_CARDETER_CONSOL_CCA_AGIFI_BRIPL_STO_RAZ_PORC_MONT,Banco Ripley,6.21561167336509
2025-08-01,CMF_CONT_CARDETER_CONSOL_CCA_AGIFI_BSANT_STO_RAZ_PORC_MONT,Banco Santander-Chile,6.823183865175412
2025-09-01,CMF_CONT_CARDETER_CONSOL_CCA_AGIFI_BSANT_STO_RAZ_PORC_MONT,Banco Santander-Chile,6.863883018324176
2025-10-01,CMF_CONT_CARDETER_CONSOL_CCA_AGIFI_BSANT_STO_RAZ_PORC_MONT,Banco Santander-Chile,6.895503700333691
2025-11-01,CMF_CONT_CARDETER_CONSOL_CCA_AGIFI_BSANT_STO_RAZ_PORC_MONT,Banco Santander-Chile,6.88484159196895
2025-12-01,CMF_CONT_CARDETER_CONSOL_CCA_AGIFI_BSANT_STO_RAZ_PORC_MONT,Banco Santander-Chile,7.186468028684784
2026-01-01,CMF_CONT_CARDETER_CONSOL_CCA_AGIFI_BSANT_STO_RAZ_PORC_MONT,Banco Santander-Chile,7.463181905103424
2026-02-01,CMF_CONT_CARDETER_CONSOL_CCA_AGIFI_BSANT_STO_RAZ_PORC_MONT,Banco Santander-Chile,7.4381605795162935
2026-03-01,CMF_CONT_CARDETER_CONSOL_CCA_AGIFI_BSANT_STO_RAZ_PORC_MONT,Banco Santander-Chile,7.431835432498865
2026-04-01,CMF_CONT_CARDETER_CONSOL_CCA_AGIFI_BSANT_STO_RAZ_PORC_MONT,Banco Santander-Chile,7.2779279716883165
2026-05-01,CMF_CONT_CARDETER_CONSOL_CCA_AGIFI_BSANT_STO_RAZ_PORC_MONT,Banco Santander-Chile,7.444319873349933
2026-06-01,CMF_CONT_CARDETER_CONSOL_CCA_AGIFI_BSANT_STO_RAZ_PORC_MONT,Banco Santander-Chile,7.5326044680471345
2026-07-01,CMF_CONT_CARDETER_CONSOL_CCA_AGIFI_BSANT_STO_RAZ_PORC_MONT,Banco Santander-Chile,7.42700838648193
2025-08-01,CMF_CONT_CARDETER_CONSOL_CCA_AGIFI_BSCOT_STO_RAZ_PORC_MONT,Scotiabank Chile,6.639141927673606
2025-09-01,CMF_CONT_CARDETER_CONSOL_CCA_AGIFI_BSCOT_STO_RAZ_PORC_MONT,Scotiabank Chile,6.5955160303505584
2025-10-01,CMF_CONT_CARDETER_CONSOL_CCA_AGIFI_BSCOT_STO_RAZ_PORC_MONT,Scotiabank Chile,6.572315155282982
2025-11-01,CMF_CONT_CARDETER_CONSOL_CCA_AGIFI_BSCOT_STO_RAZ_PORC_MONT,Scotiabank Chile,6.570968914424855
2025-12-01,CMF_CONT_CARDETER_CONSOL_CCA_AGIFI_BSCOT_STO_RAZ_PORC_MONT,Scotiabank Chile,6.592967014635759
2026-01-01,CMF_CONT_CARDETER_CONSOL_CCA_AGIFI_BSCOT_STO_RAZ_PORC_MONT,Scotiabank Chile,6.714066850729712
2026-02-01,CMF_CONT_CARDETER_CONSOL_CCA_AGIFI_BSCOT_STO_RAZ_PORC_MONT,Scotiabank Chile,6.722238390689707
2026-03-01,CMF_CONT_CARDETER_CONSOL_CCA_AGIFI_BSCOT_STO_RAZ_PORC_MONT,Scotiabank Chile,6.605330643043001
2026-04-01,CMF_CONT_CARDETER_CONSOL_CCA_AGIFI_BSCOT_STO_RAZ_PORC_MONT,Scotiabank Chile,6.503948381723265
2026-05-01,CMF_CONT_CARDETER_CONSOL_CCA_AGIFI_BSCOT_STO_RAZ_PORC_MONT,Scotiabank Chile,6.526121050680704
2026-06-01,CMF_CONT_CARDETER_CONSOL_CCA_AGIFI_BSCOT_STO_RAZ_PORC_MONT,Scotiabank Chile,6.553059491833818
2026-07-01,CMF_CONT_CARDETER_CONSOL_CCA_AGIFI_BSCOT_STO_RAZ_PORC_MONT,Scotiabank Chile,6.413630404685702
2025-08-01,CMF_CONT_CARDETER_CONSOL_CCA_AGIFI_BSEC_STO_RAZ_PORC_MONT,Banco Security,7.7361689988481
2025-09-01,CMF_CONT_CARDETER_CONSOL_CCA_AGIFI_BSEC_STO_RAZ_PORC_MONT,Banco Security,7.648303961994797
2025-10-01,CMF_CONT_CARDETER_CONSOL_CCA_AGIFI_BSEC_STO_RAZ_PORC_MONT,Banco Security,7.655237419924207
2025-08-01,CMF_CONT_CARDETER_CONSOL_CCA_AGIFI_CHCONBANK_STO_RAZ_PORC_MONT,China Construction Bank,12.181196091917053
2025-09-01,CMF_CONT_CARDETER_CONSOL_CCA_AGIFI_CHCONBANK_STO_RAZ_PORC_MONT,China Construction Bank,12.061352076523765
2025-10-01,CMF_CONT_CARDETER_CONSOL_CCA_AGIFI_CHCONBANK_STO_RAZ_PORC_MONT,China Construction Bank,11.893934844956272
2025-11-01,CMF_CONT_CARDETER_CONSOL_CCA_AGIFI_CHCONBANK_STO_RAZ_PORC_MONT,China Construction Bank,11.837361121322958
2025-12-01,CMF_CONT_CARDETER_CONSOL_CCA_AGIFI_CHCONBANK_STO_RAZ_PORC_MONT,China Construction Bank,5.497838121777927
2026-01-01,CMF_CONT_CARDETER_CONSOL_CCA_AGIFI_CHCONBANK_STO_RAZ_PORC_MONT,China Construction Bank,5.817467291528396
2026-02-01,CMF_CONT_CARDETER_CONSOL_CCA_AGIFI_CHCONBANK_STO_RAZ_PORC_MONT,China Construction Bank,5.907725600090934
2026-03-01,CMF_CONT_CARDETER_CONSOL_CCA_AGIFI_CHCONBANK_STO_RAZ_PORC_MONT,China Construction Bank,5.867303750095363
2026-04-01,CMF_CONT_CARDETER_CONSOL_CCA_AGIFI_CHCONBANK_STO_RAZ_PORC_MONT,China Construction Bank,5.3029590720562085
2026-05-01,CMF_CONT_CARDETER_CONSOL_CCA_AGIFI_CHCONBANK_STO_RAZ_PORC_MONT,China Construction Bank,5.405764404900518
2026-06-01,CMF_CONT_CARDETER_CONSOL_CCA_AGIFI_CHCONBANK_STO_RAZ_PORC_MONT,China Construction Bank,6.077843138342895
2026-07-01,CMF_CONT_CARDETER_CONSOL_CCA_AGIFI_CHCONBANK_STO_RAZ_PORC_MONT,China Construction Bank,5.5202437892983705
2025-08-01,CMF_CONT_CARDETER_CONSOL_CCA_AGIFI_HSBC_STO_RAZ_PORC_MONT,Hsbc Bank (Chile),0.0
2025-09-01,CMF_CONT_CARDETER_CONSOL_CCA_AGIFI_HSBC_STO_RAZ_PORC_MONT,Hsbc Bank (Chile),0.0
2025-10-01,CMF_CONT_CARDETER_CONSOL_CCA_AGIFI_HSBC_STO_RAZ_PORC_MONT,Hsbc Bank (Chile),0.0
2025-11-01,CMF_CONT_CARDETER_CONSOL_CCA_AGIFI_HSBC_STO_RAZ_PORC_MONT,Hsbc Bank (Chile),0.0
2025-12-01,CMF_CONT_CARDETER_CONSOL_CCA_AGIFI_HSBC_STO_RAZ_PORC_MONT,Hsbc Bank (Chile),0.0
2026-01-01,CMF_CONT_CARDETER_CONSOL_CCA_AGIFI_HSBC_STO_RAZ_PORC_MONT,Hsbc Bank (Chile),0.0
2026-02-01,CMF_CONT_CARDETER_CONSOL_CCA_AGIFI_HSBC_STO_RAZ_PORC_MONT,Hsbc Bank (Chile),0.0
2026-03-01,CMF_CONT_CARDETER_CONSOL_CCA_AGIFI_HSBC_STO_RAZ_PORC_MONT,Hsbc Bank (Chile),0.0
2026-04-01,CMF_CONT_CARDETER_CONSOL_CCA_AGIFI_HSBC_STO_RAZ_PORC_MONT,Hsbc Bank (Chile),0.0
2026-05-01,CMF_CONT_CARDETER_CONSOL_CCA_AGIFI_HSBC_STO_RAZ_PORC_MONT,Hsbc Bank (Chile),0.0
2026-06-01,CMF_CONT_CARDETER_CONSOL_CCA_AGIFI_HSBC_STO_RAZ_PORC_MONT,Hsbc Bank (Chile),0.0
2026-07-01,CMF_CONT_CARDETER_CONSOL_CCA_AGIFI_HSBC_STO_RAZ_PORC_MONT,Hsbc Bank (Chile),0.0
2025-08-01,CMF_CONT_CARDETER_CONSOL_CCA_AGIFI_JPMGC_STO_RAZ_PORC_MONT,Jp Morgan Chase Bank. N. A.,0.0
2025-09-01,CMF_CONT_CARDETER_CONSOL_CCA_AGIFI_JPMGC_STO_RAZ_PORC_MONT,Jp Morgan Chase Bank. N. A.,0.0
2025-10-01,CMF_CONT_CARDETER_CONSOL_CCA_AGIFI_JPMGC_STO_RAZ_PORC_MONT,Jp Morgan Chase Bank. N. A.,0.0
2025-11-01,CMF_CONT_CARDETER_CONSOL_CCA_AGIFI_JPMGC_STO_RAZ_PORC_MONT,Jp Morgan Chase Bank. N. A.,0.0
2025-12-01,CMF_CONT_CARDETER_CONSOL_CCA_AGIFI_JPMGC_STO_RAZ_PORC_MONT,Jp Morgan Chase Bank. N. A.,0.0
2026-01-01,CMF_CONT_CARDETER_CONSOL_CCA_AGIFI_JPMGC_STO_RAZ_PORC_MONT,Jp Morgan Chase Bank. N. A.,0.0
2026-02-01,CMF_CONT_CARDETER_CONSOL_CCA_AGIFI_JPMGC_STO_RAZ_PORC_MONT,Jp Morgan Chase Bank. N. A.,0.25251281234417067
2026-03-01,CMF_CONT_CARDETER_CONSOL_CCA_AGIFI_JPMGC_STO_RAZ_PORC_MONT,Jp Morgan Chase Bank. N. A.,0.7772584489307033
2026-04-01,CMF_CONT_CARDETER_CONSOL_CCA_AGIFI_JPMGC_STO_RAZ_PORC_MONT,Jp Morgan Chase Bank. N. A.,0.6471293575061212
2026-05-01,CMF_CONT_CARDETER_CONSOL_CCA_AGIFI_JPMGC_STO_RAZ_PORC_MONT,Jp Morgan Chase Bank. N. A.,1.5090236972892908
2026-06-01,CMF_CONT_CARDETER_CONSOL_CCA_AGIFI_JPMGC_STO_RAZ_PORC_MONT,Jp Morgan Chase Bank. N. A.,0.3772450870458301
2026-07-01,CMF_CONT_CARDETER_CONSOL_CCA_AGIFI_JPMGC_STO_RAZ_PORC_MONT,Jp Morgan Chase Bank. N. A.,1.7968248259799833
2025-10-01,CMF_CONT_CARDETER_CONSOL_CCA_AGIFI_TANNERBD_STO_RAZ_PORC_MONT,Tanner Banco Digital,0.0
2025-11-01,CMF_CONT_CARDETER_CONSOL_CCA_AGIFI_TANNERBD_STO_RAZ_PORC_MONT,Tanner Banco Digital,0.0
2025-12-01,CMF_CONT_CARDETER_CONSOL_CCA_AGIFI_TANNERBD_STO_RAZ_PORC_MONT,Tanner Banco Digital,0.0
2026-01-01,CMF_CONT_CARDETER_CONSOL_CCA_AGIFI_TANNERBD_STO_RAZ_PORC_MONT,Tanner Banco Digital,0.0
2026-02-01,CMF_CONT_CARDETER_CONSOL_CCA_AGIFI_TANNERBD_STO_RAZ_PORC_MONT,Tanner Banco Digital,0.0
2026-03-01,CMF_CONT_CARDETER_CONSOL_CCA_AGIFI_TANNERBD_STO_RAZ_PORC_MONT,Tanner Banco Digital,0.0
2026-04-01,CMF_CONT_CARDETER_CONSOL_CCA_AGIFI_TANNERBD_STO_RAZ_PORC_MONT,Tanner Banco Digital,0.0
2026-05-01,CMF_CONT_CARDETER_CONSOL_CCA_AGIFI_TANNERBD_STO_RAZ_PORC_MONT,Tanner Banco Digital,0.0
2026-06-01,CMF_CONT_CARDETER_CONSOL_CCA_AGIFI_TANNERBD_STO_RAZ_PORC_MONT,Tanner Banco Digital,0.0
2026-07-01,CMF_CONT_CARDETER_CONSOL_CCA_AGIFI_TANNERBD_STO_RAZ_PORC_MONT,Tanner Banco Digital,0.05979721090805254
