fecha,codigo_serie,nombre,valor
2021-12-01 00:00:00,CMF_BCOS_IND_BASILEA3_PATEFE_APR_AGIFI_BBTGP_STO_RAZ_PORC_MONT,Banco BTG Pactual Chile,20.23219191811433
2022-01-01 00:00:00,CMF_BCOS_IND_BASILEA3_PATEFE_APR_AGIFI_BBTGP_STO_RAZ_PORC_MONT,Banco BTG Pactual Chile,23.0886383171833
2022-02-01 00:00:00,CMF_BCOS_IND_BASILEA3_PATEFE_APR_AGIFI_BBTGP_STO_RAZ_PORC_MONT,Banco BTG Pactual Chile,25.027123380518475
2022-03-01 00:00:00,CMF_BCOS_IND_BASILEA3_PATEFE_APR_AGIFI_BBTGP_STO_RAZ_PORC_MONT,Banco BTG Pactual Chile,23.981120876140302
2022-04-01 00:00:00,CMF_BCOS_IND_BASILEA3_PATEFE_APR_AGIFI_BBTGP_STO_RAZ_PORC_MONT,Banco BTG Pactual Chile,22.97593797328206
2022-05-01 00:00:00,CMF_BCOS_IND_BASILEA3_PATEFE_APR_AGIFI_BBTGP_STO_RAZ_PORC_MONT,Banco BTG Pactual Chile,20.580814056794512
2022-06-01 00:00:00,CMF_BCOS_IND_BASILEA3_PATEFE_APR_AGIFI_BBTGP_STO_RAZ_PORC_MONT,Banco BTG Pactual Chile,22.111036938888716
2022-07-01 00:00:00,CMF_BCOS_IND_BASILEA3_PATEFE_APR_AGIFI_BBTGP_STO_RAZ_PORC_MONT,Banco BTG Pactual Chile,21.54415295224162
2021-12-01 00:00:00,CMF_BCOS_IND_BASILEA3_PATEFE_APR_AGIFI_BCHI_STO_RAZ_PORC_MONT,Banco de Chile,17.217529701408647
2022-01-01 00:00:00,CMF_BCOS_IND_BASILEA3_PATEFE_APR_AGIFI_BCHI_STO_RAZ_PORC_MONT,Banco de Chile,17.89750790116218
2022-02-01 00:00:00,CMF_BCOS_IND_BASILEA3_PATEFE_APR_AGIFI_BCHI_STO_RAZ_PORC_MONT,Banco de Chile,18.097143576670927
2022-03-01 00:00:00,CMF_BCOS_IND_BASILEA3_PATEFE_APR_AGIFI_BCHI_STO_RAZ_PORC_MONT,Banco de Chile,17.239904941896256
2022-04-01 00:00:00,CMF_BCOS_IND_BASILEA3_PATEFE_APR_AGIFI_BCHI_STO_RAZ_PORC_MONT,Banco de Chile,17.532854377509906
2022-05-01 00:00:00,CMF_BCOS_IND_BASILEA3_PATEFE_APR_AGIFI_BCHI_STO_RAZ_PORC_MONT,Banco de Chile,17.66629164673154
2022-06-01 00:00:00,CMF_BCOS_IND_BASILEA3_PATEFE_APR_AGIFI_BCHI_STO_RAZ_PORC_MONT,Banco de Chile,17.42861011783515
2022-07-01 00:00:00,CMF_BCOS_IND_BASILEA3_PATEFE_APR_AGIFI_BCHI_STO_RAZ_PORC_MONT,Banco de Chile,17.40270962850825
2021-12-01 00:00:00,CMF_BCOS_IND_BASILEA3_PATEFE_APR_AGIFI_BCI_STO_RAZ_PORC_MONT,Banco de Crédito e Inversiones,13.367019527664453
2022-01-01 00:00:00,CMF_BCOS_IND_BASILEA3_PATEFE_APR_AGIFI_BCI_STO_RAZ_PORC_MONT,Banco de Crédito e Inversiones,13.712584340594978
2022-02-01 00:00:00,CMF_BCOS_IND_BASILEA3_PATEFE_APR_AGIFI_BCI_STO_RAZ_PORC_MONT,Banco de Crédito e Inversiones,13.349509342433425
2022-03-01 00:00:00,CMF_BCOS_IND_BASILEA3_PATEFE_APR_AGIFI_BCI_STO_RAZ_PORC_MONT,Banco de Crédito e Inversiones,13.302622519304869
2022-04-01 00:00:00,CMF_BCOS_IND_BASILEA3_PATEFE_APR_AGIFI_BCI_STO_RAZ_PORC_MONT,Banco de Crédito e Inversiones,12.845188262242766
2022-05-01 00:00:00,CMF_BCOS_IND_BASILEA3_PATEFE_APR_AGIFI_BCI_STO_RAZ_PORC_MONT,Banco de Crédito e Inversiones,12.92400267839439
2022-06-01 00:00:00,CMF_BCOS_IND_BASILEA3_PATEFE_APR_AGIFI_BCI_STO_RAZ_PORC_MONT,Banco de Crédito e Inversiones,12.753479176781388
2022-07-01 00:00:00,CMF_BCOS_IND_BASILEA3_PATEFE_APR_AGIFI_BCI_STO_RAZ_PORC_MONT,Banco de Crédito e Inversiones,12.658876810366195
2021-12-01 00:00:00,CMF_BCOS_IND_BASILEA3_PATEFE_APR_AGIFI_BCON_STO_RAZ_PORC_MONT,Banco Consorcio,16.783953796344562
2022-01-01 00:00:00,CMF_BCOS_IND_BASILEA3_PATEFE_APR_AGIFI_BCON_STO_RAZ_PORC_MONT,Banco Consorcio,18.305173418518628
2022-02-01 00:00:00,CMF_BCOS_IND_BASILEA3_PATEFE_APR_AGIFI_BCON_STO_RAZ_PORC_MONT,Banco Consorcio,18.527197872773602
2022-03-01 00:00:00,CMF_BCOS_IND_BASILEA3_PATEFE_APR_AGIFI_BCON_STO_RAZ_PORC_MONT,Banco Consorcio,18.509644253553176
2022-04-01 00:00:00,CMF_BCOS_IND_BASILEA3_PATEFE_APR_AGIFI_BCON_STO_RAZ_PORC_MONT,Banco Consorcio,18.59667069716904
2022-05-01 00:00:00,CMF_BCOS_IND_BASILEA3_PATEFE_APR_AGIFI_BCON_STO_RAZ_PORC_MONT,Banco Consorcio,18.35973799738708
2022-06-01 00:00:00,CMF_BCOS_IND_BASILEA3_PATEFE_APR_AGIFI_BCON_STO_RAZ_PORC_MONT,Banco Consorcio,18.181990822662783
2022-07-01 00:00:00,CMF_BCOS_IND_BASILEA3_PATEFE_APR_AGIFI_BCON_STO_RAZ_PORC_MONT,Banco Consorcio,18.349390469871317
2021-12-01 00:00:00,CMF_BCOS_IND_BASILEA3_PATEFE_APR_AGIFI_BECH_STO_RAZ_PORC_MONT,Banco del Estado de Chile,12.406539139723487
2022-01-01 00:00:00,CMF_BCOS_IND_BASILEA3_PATEFE_APR_AGIFI_BECH_STO_RAZ_PORC_MONT,Banco del Estado de Chile,12.483516372615307
2022-02-01 00:00:00,CMF_BCOS_IND_BASILEA3_PATEFE_APR_AGIFI_BECH_STO_RAZ_PORC_MONT,Banco del Estado de Chile,12.333013925019879
2022-03-01 00:00:00,CMF_BCOS_IND_BASILEA3_PATEFE_APR_AGIFI_BECH_STO_RAZ_PORC_MONT,Banco del Estado de Chile,12.412137020176376
2022-04-01 00:00:00,CMF_BCOS_IND_BASILEA3_PATEFE_APR_AGIFI_BECH_STO_RAZ_PORC_MONT,Banco del Estado de Chile,12.740379055586283
2022-05-01 00:00:00,CMF_BCOS_IND_BASILEA3_PATEFE_APR_AGIFI_BECH_STO_RAZ_PORC_MONT,Banco del Estado de Chile,12.698894461109708
2022-06-01 00:00:00,CMF_BCOS_IND_BASILEA3_PATEFE_APR_AGIFI_BECH_STO_RAZ_PORC_MONT,Banco del Estado de Chile,12.375376974910022
2022-07-01 00:00:00,CMF_BCOS_IND_BASILEA3_PATEFE_APR_AGIFI_BECH_STO_RAZ_PORC_MONT,Banco del Estado de Chile,12.354566897063442
2021-12-01 00:00:00,CMF_BCOS_IND_BASILEA3_PATEFE_APR_AGIFI_BFALA_STO_RAZ_PORC_MONT,Banco Falabella,19.901783101220367
2022-01-01 00:00:00,CMF_BCOS_IND_BASILEA3_PATEFE_APR_AGIFI_BFALA_STO_RAZ_PORC_MONT,Banco Falabella,20.378408566991553
2022-02-01 00:00:00,CMF_BCOS_IND_BASILEA3_PATEFE_APR_AGIFI_BFALA_STO_RAZ_PORC_MONT,Banco Falabella,20.37847992939021
2022-03-01 00:00:00,CMF_BCOS_IND_BASILEA3_PATEFE_APR_AGIFI_BFALA_STO_RAZ_PORC_MONT,Banco Falabella,20.440489054382134
2022-04-01 00:00:00,CMF_BCOS_IND_BASILEA3_PATEFE_APR_AGIFI_BFALA_STO_RAZ_PORC_MONT,Banco Falabella,19.92007816939259
2022-05-01 00:00:00,CMF_BCOS_IND_BASILEA3_PATEFE_APR_AGIFI_BFALA_STO_RAZ_PORC_MONT,Banco Falabella,19.79595353224874
2022-06-01 00:00:00,CMF_BCOS_IND_BASILEA3_PATEFE_APR_AGIFI_BFALA_STO_RAZ_PORC_MONT,Banco Falabella,19.584551464174034
2022-07-01 00:00:00,CMF_BCOS_IND_BASILEA3_PATEFE_APR_AGIFI_BFALA_STO_RAZ_PORC_MONT,Banco Falabella,19.942011953729185
2021-12-01 00:00:00,CMF_BCOS_IND_BASILEA3_PATEFE_APR_AGIFI_BICE_STO_RAZ_PORC_MONT,Banco Bice,13.205766862016404
2022-01-01 00:00:00,CMF_BCOS_IND_BASILEA3_PATEFE_APR_AGIFI_BICE_STO_RAZ_PORC_MONT,Banco Bice,14.187719783115242
2022-02-01 00:00:00,CMF_BCOS_IND_BASILEA3_PATEFE_APR_AGIFI_BICE_STO_RAZ_PORC_MONT,Banco Bice,14.096824876159948
2022-03-01 00:00:00,CMF_BCOS_IND_BASILEA3_PATEFE_APR_AGIFI_BICE_STO_RAZ_PORC_MONT,Banco Bice,14.223319768962591
2022-04-01 00:00:00,CMF_BCOS_IND_BASILEA3_PATEFE_APR_AGIFI_BICE_STO_RAZ_PORC_MONT,Banco Bice,13.991184476825612
2022-05-01 00:00:00,CMF_BCOS_IND_BASILEA3_PATEFE_APR_AGIFI_BICE_STO_RAZ_PORC_MONT,Banco Bice,14.533409022742294
2022-06-01 00:00:00,CMF_BCOS_IND_BASILEA3_PATEFE_APR_AGIFI_BICE_STO_RAZ_PORC_MONT,Banco Bice,14.12560933436882
2022-07-01 00:00:00,CMF_BCOS_IND_BASILEA3_PATEFE_APR_AGIFI_BICE_STO_RAZ_PORC_MONT,Banco Bice,14.091822440235918
2021-12-01 00:00:00,CMF_BCOS_IND_BASILEA3_PATEFE_APR_AGIFI_BINTE_STO_RAZ_PORC_MONT,Banco Internacional,15.806042918699664
2022-01-01 00:00:00,CMF_BCOS_IND_BASILEA3_PATEFE_APR_AGIFI_BINTE_STO_RAZ_PORC_MONT,Banco Internacional,15.68021395710695
2022-02-01 00:00:00,CMF_BCOS_IND_BASILEA3_PATEFE_APR_AGIFI_BINTE_STO_RAZ_PORC_MONT,Banco Internacional,15.734399885330003
2022-03-01 00:00:00,CMF_BCOS_IND_BASILEA3_PATEFE_APR_AGIFI_BINTE_STO_RAZ_PORC_MONT,Banco Internacional,15.76193059168071
2022-04-01 00:00:00,CMF_BCOS_IND_BASILEA3_PATEFE_APR_AGIFI_BINTE_STO_RAZ_PORC_MONT,Banco Internacional,15.77911129287028
2022-05-01 00:00:00,CMF_BCOS_IND_BASILEA3_PATEFE_APR_AGIFI_BINTE_STO_RAZ_PORC_MONT,Banco Internacional,16.002074117972303
2022-06-01 00:00:00,CMF_BCOS_IND_BASILEA3_PATEFE_APR_AGIFI_BINTE_STO_RAZ_PORC_MONT,Banco Internacional,15.363094834626825
2022-07-01 00:00:00,CMF_BCOS_IND_BASILEA3_PATEFE_APR_AGIFI_BINTE_STO_RAZ_PORC_MONT,Banco Internacional,15.085538962236342
2021-12-01 00:00:00,CMF_BCOS_IND_BASILEA3_PATEFE_APR_AGIFI_BITAUCORP_STO_RAZ_PORC_MONT,Banco Itaú Chile,16.25570197622736
2022-01-01 00:00:00,CMF_BCOS_IND_BASILEA3_PATEFE_APR_AGIFI_BITAUCORP_STO_RAZ_PORC_MONT,Banco Itaú Chile,16.830808463998203
2022-02-01 00:00:00,CMF_BCOS_IND_BASILEA3_PATEFE_APR_AGIFI_BITAUCORP_STO_RAZ_PORC_MONT,Banco Itaú Chile,15.457450573086403
2022-03-01 00:00:00,CMF_BCOS_IND_BASILEA3_PATEFE_APR_AGIFI_BITAUCORP_STO_RAZ_PORC_MONT,Banco Itaú Chile,15.48717482096488
2022-04-01 00:00:00,CMF_BCOS_IND_BASILEA3_PATEFE_APR_AGIFI_BITAUCORP_STO_RAZ_PORC_MONT,Banco Itaú Chile,15.255996726563886
2022-05-01 00:00:00,CMF_BCOS_IND_BASILEA3_PATEFE_APR_AGIFI_BITAUCORP_STO_RAZ_PORC_MONT,Banco Itaú Chile,15.442042270571406
2022-06-01 00:00:00,CMF_BCOS_IND_BASILEA3_PATEFE_APR_AGIFI_BITAUCORP_STO_RAZ_PORC_MONT,Banco Itaú Chile,15.044100987319812
2022-07-01 00:00:00,CMF_BCOS_IND_BASILEA3_PATEFE_APR_AGIFI_BITAUCORP_STO_RAZ_PORC_MONT,Banco Itaú Chile,14.985553967137113
2021-12-01 00:00:00,CMF_BCOS_IND_BASILEA3_PATEFE_APR_AGIFI_BKCH_STO_RAZ_PORC_MONT,Bank of China,193.56042118507972
2022-01-01 00:00:00,CMF_BCOS_IND_BASILEA3_PATEFE_APR_AGIFI_BKCH_STO_RAZ_PORC_MONT,Bank of China,168.2959994518594
2022-02-01 00:00:00,CMF_BCOS_IND_BASILEA3_PATEFE_APR_AGIFI_BKCH_STO_RAZ_PORC_MONT,Bank of China,170.49838159838623
2022-03-01 00:00:00,CMF_BCOS_IND_BASILEA3_PATEFE_APR_AGIFI_BKCH_STO_RAZ_PORC_MONT,Bank of China,165.9896631854373
2022-04-01 00:00:00,CMF_BCOS_IND_BASILEA3_PATEFE_APR_AGIFI_BKCH_STO_RAZ_PORC_MONT,Bank of China,166.725650539805
2022-05-01 00:00:00,CMF_BCOS_IND_BASILEA3_PATEFE_APR_AGIFI_BKCH_STO_RAZ_PORC_MONT,Bank of China,162.81051943941827
2022-06-01 00:00:00,CMF_BCOS_IND_BASILEA3_PATEFE_APR_AGIFI_BKCH_STO_RAZ_PORC_MONT,Bank of China,160.88290970577557
2022-07-01 00:00:00,CMF_BCOS_IND_BASILEA3_PATEFE_APR_AGIFI_BKCH_STO_RAZ_PORC_MONT,Bank of China,156.07410611519478
2021-12-01 00:00:00,CMF_BCOS_IND_BASILEA3_PATEFE_APR_AGIFI_BRIPL_STO_RAZ_PORC_MONT,Banco Ripley,19.721973738770544
2022-01-01 00:00:00,CMF_BCOS_IND_BASILEA3_PATEFE_APR_AGIFI_BRIPL_STO_RAZ_PORC_MONT,Banco Ripley,19.69228539899301
2022-02-01 00:00:00,CMF_BCOS_IND_BASILEA3_PATEFE_APR_AGIFI_BRIPL_STO_RAZ_PORC_MONT,Banco Ripley,19.516083195826617
2022-03-01 00:00:00,CMF_BCOS_IND_BASILEA3_PATEFE_APR_AGIFI_BRIPL_STO_RAZ_PORC_MONT,Banco Ripley,19.560408853849903
2022-04-01 00:00:00,CMF_BCOS_IND_BASILEA3_PATEFE_APR_AGIFI_BRIPL_STO_RAZ_PORC_MONT,Banco Ripley,18.364385265162426
2022-05-01 00:00:00,CMF_BCOS_IND_BASILEA3_PATEFE_APR_AGIFI_BRIPL_STO_RAZ_PORC_MONT,Banco Ripley,17.908613581266884
2022-06-01 00:00:00,CMF_BCOS_IND_BASILEA3_PATEFE_APR_AGIFI_BRIPL_STO_RAZ_PORC_MONT,Banco Ripley,17.648523948611654
2022-07-01 00:00:00,CMF_BCOS_IND_BASILEA3_PATEFE_APR_AGIFI_BRIPL_STO_RAZ_PORC_MONT,Banco Ripley,17.931120037920497
2021-12-01 00:00:00,CMF_BCOS_IND_BASILEA3_PATEFE_APR_AGIFI_BSANT_STO_RAZ_PORC_MONT,Banco Santander-Chile,15.192621243148643
2022-01-01 00:00:00,CMF_BCOS_IND_BASILEA3_PATEFE_APR_AGIFI_BSANT_STO_RAZ_PORC_MONT,Banco Santander-Chile,16.561183396089323
2022-02-01 00:00:00,CMF_BCOS_IND_BASILEA3_PATEFE_APR_AGIFI_BSANT_STO_RAZ_PORC_MONT,Banco Santander-Chile,16.616313288207703
2022-03-01 00:00:00,CMF_BCOS_IND_BASILEA3_PATEFE_APR_AGIFI_BSANT_STO_RAZ_PORC_MONT,Banco Santander-Chile,16.7457033819341
2022-04-01 00:00:00,CMF_BCOS_IND_BASILEA3_PATEFE_APR_AGIFI_BSANT_STO_RAZ_PORC_MONT,Banco Santander-Chile,16.137844020102776
2022-05-01 00:00:00,CMF_BCOS_IND_BASILEA3_PATEFE_APR_AGIFI_BSANT_STO_RAZ_PORC_MONT,Banco Santander-Chile,16.300792146110307
2022-06-01 00:00:00,CMF_BCOS_IND_BASILEA3_PATEFE_APR_AGIFI_BSANT_STO_RAZ_PORC_MONT,Banco Santander-Chile,16.169782528437693
2022-07-01 00:00:00,CMF_BCOS_IND_BASILEA3_PATEFE_APR_AGIFI_BSANT_STO_RAZ_PORC_MONT,Banco Santander-Chile,15.961981572748607
2021-12-01 00:00:00,CMF_BCOS_IND_BASILEA3_PATEFE_APR_AGIFI_BSCOT_STO_RAZ_PORC_MONT,Scotiabank Chile,12.959483071582591
2022-01-01 00:00:00,CMF_BCOS_IND_BASILEA3_PATEFE_APR_AGIFI_BSCOT_STO_RAZ_PORC_MONT,Scotiabank Chile,13.357107137563858
2022-02-01 00:00:00,CMF_BCOS_IND_BASILEA3_PATEFE_APR_AGIFI_BSCOT_STO_RAZ_PORC_MONT,Scotiabank Chile,12.886682869621351
2022-03-01 00:00:00,CMF_BCOS_IND_BASILEA3_PATEFE_APR_AGIFI_BSCOT_STO_RAZ_PORC_MONT,Scotiabank Chile,12.894586836948534
2022-04-01 00:00:00,CMF_BCOS_IND_BASILEA3_PATEFE_APR_AGIFI_BSCOT_STO_RAZ_PORC_MONT,Scotiabank Chile,12.485270132574177
2022-05-01 00:00:00,CMF_BCOS_IND_BASILEA3_PATEFE_APR_AGIFI_BSCOT_STO_RAZ_PORC_MONT,Scotiabank Chile,12.630952480365954
2022-06-01 00:00:00,CMF_BCOS_IND_BASILEA3_PATEFE_APR_AGIFI_BSCOT_STO_RAZ_PORC_MONT,Scotiabank Chile,12.080032579099434
2022-07-01 00:00:00,CMF_BCOS_IND_BASILEA3_PATEFE_APR_AGIFI_BSCOT_STO_RAZ_PORC_MONT,Scotiabank Chile,12.05873887861184
2021-12-01 00:00:00,CMF_BCOS_IND_BASILEA3_PATEFE_APR_AGIFI_BSEC_STO_RAZ_PORC_MONT,Banco Security,13.14215023835727
2022-01-01 00:00:00,CMF_BCOS_IND_BASILEA3_PATEFE_APR_AGIFI_BSEC_STO_RAZ_PORC_MONT,Banco Security,14.419152126712115
2022-02-01 00:00:00,CMF_BCOS_IND_BASILEA3_PATEFE_APR_AGIFI_BSEC_STO_RAZ_PORC_MONT,Banco Security,14.354609935632386
2022-03-01 00:00:00,CMF_BCOS_IND_BASILEA3_PATEFE_APR_AGIFI_BSEC_STO_RAZ_PORC_MONT,Banco Security,14.57522833100357
2022-04-01 00:00:00,CMF_BCOS_IND_BASILEA3_PATEFE_APR_AGIFI_BSEC_STO_RAZ_PORC_MONT,Banco Security,14.27800966184856
2022-05-01 00:00:00,CMF_BCOS_IND_BASILEA3_PATEFE_APR_AGIFI_BSEC_STO_RAZ_PORC_MONT,Banco Security,14.513454095953918
2022-06-01 00:00:00,CMF_BCOS_IND_BASILEA3_PATEFE_APR_AGIFI_BSEC_STO_RAZ_PORC_MONT,Banco Security,14.149359207281988
2022-07-01 00:00:00,CMF_BCOS_IND_BASILEA3_PATEFE_APR_AGIFI_BSEC_STO_RAZ_PORC_MONT,Banco Security,14.295722940202298
2021-12-01 00:00:00,CMF_BCOS_IND_BASILEA3_PATEFE_APR_AGIFI_CHCONBANK_STO_RAZ_PORC_MONT,China Construction Bank,49.69423606407469
2022-01-01 00:00:00,CMF_BCOS_IND_BASILEA3_PATEFE_APR_AGIFI_CHCONBANK_STO_RAZ_PORC_MONT,China Construction Bank,51.79447227127314
2022-02-01 00:00:00,CMF_BCOS_IND_BASILEA3_PATEFE_APR_AGIFI_CHCONBANK_STO_RAZ_PORC_MONT,China Construction Bank,53.57416848387326
2022-03-01 00:00:00,CMF_BCOS_IND_BASILEA3_PATEFE_APR_AGIFI_CHCONBANK_STO_RAZ_PORC_MONT,China Construction Bank,53.90619500671118
2022-04-01 00:00:00,CMF_BCOS_IND_BASILEA3_PATEFE_APR_AGIFI_CHCONBANK_STO_RAZ_PORC_MONT,China Construction Bank,50.182511113183246
2022-05-01 00:00:00,CMF_BCOS_IND_BASILEA3_PATEFE_APR_AGIFI_CHCONBANK_STO_RAZ_PORC_MONT,China Construction Bank,52.65111231778802
2022-06-01 00:00:00,CMF_BCOS_IND_BASILEA3_PATEFE_APR_AGIFI_CHCONBANK_STO_RAZ_PORC_MONT,China Construction Bank,46.244467517163564
2022-07-01 00:00:00,CMF_BCOS_IND_BASILEA3_PATEFE_APR_AGIFI_CHCONBANK_STO_RAZ_PORC_MONT,China Construction Bank,46.05462236553611
2021-12-01 00:00:00,CMF_BCOS_IND_BASILEA3_PATEFE_APR_AGIFI_HSBC_STO_RAZ_PORC_MONT,HSBC Bank (Chile),14.177896096023915
2022-01-01 00:00:00,CMF_BCOS_IND_BASILEA3_PATEFE_APR_AGIFI_HSBC_STO_RAZ_PORC_MONT,HSBC Bank (Chile),16.017037753659146
2022-02-01 00:00:00,CMF_BCOS_IND_BASILEA3_PATEFE_APR_AGIFI_HSBC_STO_RAZ_PORC_MONT,HSBC Bank (Chile),14.764295276065617
2022-03-01 00:00:00,CMF_BCOS_IND_BASILEA3_PATEFE_APR_AGIFI_HSBC_STO_RAZ_PORC_MONT,HSBC Bank (Chile),13.39137152146505
2022-04-01 00:00:00,CMF_BCOS_IND_BASILEA3_PATEFE_APR_AGIFI_HSBC_STO_RAZ_PORC_MONT,HSBC Bank (Chile),13.83954589781016
2022-05-01 00:00:00,CMF_BCOS_IND_BASILEA3_PATEFE_APR_AGIFI_HSBC_STO_RAZ_PORC_MONT,HSBC Bank (Chile),14.759074004879961
2022-06-01 00:00:00,CMF_BCOS_IND_BASILEA3_PATEFE_APR_AGIFI_HSBC_STO_RAZ_PORC_MONT,HSBC Bank (Chile),12.696338362447081
2022-07-01 00:00:00,CMF_BCOS_IND_BASILEA3_PATEFE_APR_AGIFI_HSBC_STO_RAZ_PORC_MONT,HSBC Bank (Chile),13.71531000257408
2021-12-01 00:00:00,CMF_BCOS_IND_BASILEA3_PATEFE_APR_AGIFI_JPMGC_STO_RAZ_PORC_MONT,Jp Morgan Chase Bank. N. A.,33.77146960004503
2022-01-01 00:00:00,CMF_BCOS_IND_BASILEA3_PATEFE_APR_AGIFI_JPMGC_STO_RAZ_PORC_MONT,Jp Morgan Chase Bank. N. A.,33.86417614218848
2022-02-01 00:00:00,CMF_BCOS_IND_BASILEA3_PATEFE_APR_AGIFI_JPMGC_STO_RAZ_PORC_MONT,Jp Morgan Chase Bank. N. A.,38.01248956305919
2022-03-01 00:00:00,CMF_BCOS_IND_BASILEA3_PATEFE_APR_AGIFI_JPMGC_STO_RAZ_PORC_MONT,Jp Morgan Chase Bank. N. A.,42.38068672060315
2022-04-01 00:00:00,CMF_BCOS_IND_BASILEA3_PATEFE_APR_AGIFI_JPMGC_STO_RAZ_PORC_MONT,Jp Morgan Chase Bank. N. A.,29.522704491642692
2022-05-01 00:00:00,CMF_BCOS_IND_BASILEA3_PATEFE_APR_AGIFI_JPMGC_STO_RAZ_PORC_MONT,Jp Morgan Chase Bank. N. A.,31.621063829854222
2022-06-01 00:00:00,CMF_BCOS_IND_BASILEA3_PATEFE_APR_AGIFI_JPMGC_STO_RAZ_PORC_MONT,Jp Morgan Chase Bank. N. A.,26.274754945232367
2022-07-01 00:00:00,CMF_BCOS_IND_BASILEA3_PATEFE_APR_AGIFI_JPMGC_STO_RAZ_PORC_MONT,Jp Morgan Chase Bank. N. A.,25.79658900421636
2021-12-01 00:00:00,CMF_BCOS_IND_BASILEA3_PATEFE_APR_AGIFI_SISTBANC_STO_RAZ_PORC_MONT,Sistema Bancario,14.833392594364113
2022-01-01 00:00:00,CMF_BCOS_IND_BASILEA3_PATEFE_APR_AGIFI_SISTBANC_STO_RAZ_PORC_MONT,Sistema Bancario,15.50411094444266
2022-02-01 00:00:00,CMF_BCOS_IND_BASILEA3_PATEFE_APR_AGIFI_SISTBANC_STO_RAZ_PORC_MONT,Sistema Bancario,15.251972153243681
2022-03-01 00:00:00,CMF_BCOS_IND_BASILEA3_PATEFE_APR_AGIFI_SISTBANC_STO_RAZ_PORC_MONT,Sistema Bancario,15.175451946934036
2022-04-01 00:00:00,CMF_BCOS_IND_BASILEA3_PATEFE_APR_AGIFI_SISTBANC_STO_RAZ_PORC_MONT,Sistema Bancario,14.909137632255412
2022-05-01 00:00:00,CMF_BCOS_IND_BASILEA3_PATEFE_APR_AGIFI_SISTBANC_STO_RAZ_PORC_MONT,Sistema Bancario,15.016735188401956
2022-06-01 00:00:00,CMF_BCOS_IND_BASILEA3_PATEFE_APR_AGIFI_SISTBANC_STO_RAZ_PORC_MONT,Sistema Bancario,14.708928198757539
2022-07-01 00:00:00,CMF_BCOS_IND_BASILEA3_PATEFE_APR_AGIFI_SISTBANC_STO_RAZ_PORC_MONT,Sistema Bancario,14.649280331788205
2022-08-01 00:00:00,CMF_BCOS_IND_BASILEA3_PATEFE_APR_AGIFI_BBTGP_STO_RAZ_PORC_MONT,Banco BTG Pactual Chile,20.349853264695785
2022-09-01 00:00:00,CMF_BCOS_IND_BASILEA3_PATEFE_APR_AGIFI_BBTGP_STO_RAZ_PORC_MONT,Banco BTG Pactual Chile,20.56249699755532
2022-10-01 00:00:00,CMF_BCOS_IND_BASILEA3_PATEFE_APR_AGIFI_BBTGP_STO_RAZ_PORC_MONT,Banco BTG Pactual Chile,20.663687400200427
2022-11-01 00:00:00,CMF_BCOS_IND_BASILEA3_PATEFE_APR_AGIFI_BBTGP_STO_RAZ_PORC_MONT,Banco BTG Pactual Chile,20.40357095924313
2022-12-01 00:00:00,CMF_BCOS_IND_BASILEA3_PATEFE_APR_AGIFI_BBTGP_STO_RAZ_PORC_MONT,Banco BTG Pactual Chile,21.217879859876714
2023-01-01 00:00:00,CMF_BCOS_IND_BASILEA3_PATEFE_APR_AGIFI_BBTGP_STO_RAZ_PORC_MONT,Banco BTG Pactual Chile,21.336174387683
2023-02-01 00:00:00,CMF_BCOS_IND_BASILEA3_PATEFE_APR_AGIFI_BBTGP_STO_RAZ_PORC_MONT,Banco BTG Pactual Chile,20.914640528528256
2023-03-01 00:00:00,CMF_BCOS_IND_BASILEA3_PATEFE_APR_AGIFI_BBTGP_STO_RAZ_PORC_MONT,Banco BTG Pactual Chile,22.56937659609587
2023-04-01 00:00:00,CMF_BCOS_IND_BASILEA3_PATEFE_APR_AGIFI_BBTGP_STO_RAZ_PORC_MONT,Banco BTG Pactual Chile,22.393795390563074
2023-05-01 00:00:00,CMF_BCOS_IND_BASILEA3_PATEFE_APR_AGIFI_BBTGP_STO_RAZ_PORC_MONT,Banco BTG Pactual Chile,21.444874870553736
2023-06-01 00:00:00,CMF_BCOS_IND_BASILEA3_PATEFE_APR_AGIFI_BBTGP_STO_RAZ_PORC_MONT,Banco BTG Pactual Chile,23.830892454135697
2023-07-01 00:00:00,CMF_BCOS_IND_BASILEA3_PATEFE_APR_AGIFI_BBTGP_STO_RAZ_PORC_MONT,Banco BTG Pactual Chile,22.55476865147084
2022-08-01 00:00:00,CMF_BCOS_IND_BASILEA3_PATEFE_APR_AGIFI_BCHI_STO_RAZ_PORC_MONT,Banco de Chile,17.737591754281635
2022-09-01 00:00:00,CMF_BCOS_IND_BASILEA3_PATEFE_APR_AGIFI_BCHI_STO_RAZ_PORC_MONT,Banco de Chile,17.997907043234193
2022-10-01 00:00:00,CMF_BCOS_IND_BASILEA3_PATEFE_APR_AGIFI_BCHI_STO_RAZ_PORC_MONT,Banco de Chile,17.918557768880465
2022-11-01 00:00:00,CMF_BCOS_IND_BASILEA3_PATEFE_APR_AGIFI_BCHI_STO_RAZ_PORC_MONT,Banco de Chile,18.461221610291027
2022-12-01 00:00:00,CMF_BCOS_IND_BASILEA3_PATEFE_APR_AGIFI_BCHI_STO_RAZ_PORC_MONT,Banco de Chile,17.87613259870622
2023-01-01 00:00:00,CMF_BCOS_IND_BASILEA3_PATEFE_APR_AGIFI_BCHI_STO_RAZ_PORC_MONT,Banco de Chile,18.014314482441016
2023-02-01 00:00:00,CMF_BCOS_IND_BASILEA3_PATEFE_APR_AGIFI_BCHI_STO_RAZ_PORC_MONT,Banco de Chile,18.06494726097132
2023-03-01 00:00:00,CMF_BCOS_IND_BASILEA3_PATEFE_APR_AGIFI_BCHI_STO_RAZ_PORC_MONT,Banco de Chile,17.03901220583914
2023-04-01 00:00:00,CMF_BCOS_IND_BASILEA3_PATEFE_APR_AGIFI_BCHI_STO_RAZ_PORC_MONT,Banco de Chile,17.261570829766846
2023-05-01 00:00:00,CMF_BCOS_IND_BASILEA3_PATEFE_APR_AGIFI_BCHI_STO_RAZ_PORC_MONT,Banco de Chile,17.455069604737197
2023-06-01 00:00:00,CMF_BCOS_IND_BASILEA3_PATEFE_APR_AGIFI_BCHI_STO_RAZ_PORC_MONT,Banco de Chile,17.772221616240664
2023-07-01 00:00:00,CMF_BCOS_IND_BASILEA3_PATEFE_APR_AGIFI_BCHI_STO_RAZ_PORC_MONT,Banco de Chile,17.638565751152196
2022-08-01 00:00:00,CMF_BCOS_IND_BASILEA3_PATEFE_APR_AGIFI_BCI_STO_RAZ_PORC_MONT,Banco de Crédito e Inversiones,12.819938298682692
2022-09-01 00:00:00,CMF_BCOS_IND_BASILEA3_PATEFE_APR_AGIFI_BCI_STO_RAZ_PORC_MONT,Banco de Crédito e Inversiones,12.52678014892958
2022-10-01 00:00:00,CMF_BCOS_IND_BASILEA3_PATEFE_APR_AGIFI_BCI_STO_RAZ_PORC_MONT,Banco de Crédito e Inversiones,12.636320889732525
2022-11-01 00:00:00,CMF_BCOS_IND_BASILEA3_PATEFE_APR_AGIFI_BCI_STO_RAZ_PORC_MONT,Banco de Crédito e Inversiones,13.038758631082983
2022-12-01 00:00:00,CMF_BCOS_IND_BASILEA3_PATEFE_APR_AGIFI_BCI_STO_RAZ_PORC_MONT,Banco de Crédito e Inversiones,12.957786336305125
2023-01-01 00:00:00,CMF_BCOS_IND_BASILEA3_PATEFE_APR_AGIFI_BCI_STO_RAZ_PORC_MONT,Banco de Crédito e Inversiones,13.116293775593395
2023-02-01 00:00:00,CMF_BCOS_IND_BASILEA3_PATEFE_APR_AGIFI_BCI_STO_RAZ_PORC_MONT,Banco de Crédito e Inversiones,13.009724644514517
2023-03-01 00:00:00,CMF_BCOS_IND_BASILEA3_PATEFE_APR_AGIFI_BCI_STO_RAZ_PORC_MONT,Banco de Crédito e Inversiones,13.108515493582189
2023-04-01 00:00:00,CMF_BCOS_IND_BASILEA3_PATEFE_APR_AGIFI_BCI_STO_RAZ_PORC_MONT,Banco de Crédito e Inversiones,13.134722279075941
2023-05-01 00:00:00,CMF_BCOS_IND_BASILEA3_PATEFE_APR_AGIFI_BCI_STO_RAZ_PORC_MONT,Banco de Crédito e Inversiones,13.437538771358783
2023-06-01 00:00:00,CMF_BCOS_IND_BASILEA3_PATEFE_APR_AGIFI_BCI_STO_RAZ_PORC_MONT,Banco de Crédito e Inversiones,13.401996077614333
2023-07-01 00:00:00,CMF_BCOS_IND_BASILEA3_PATEFE_APR_AGIFI_BCI_STO_RAZ_PORC_MONT,Banco de Crédito e Inversiones,13.36196234194421
2022-08-01 00:00:00,CMF_BCOS_IND_BASILEA3_PATEFE_APR_AGIFI_BCON_STO_RAZ_PORC_MONT,Banco Consorcio,18.455668549364418
2022-09-01 00:00:00,CMF_BCOS_IND_BASILEA3_PATEFE_APR_AGIFI_BCON_STO_RAZ_PORC_MONT,Banco Consorcio,18.32159490788048
2022-10-01 00:00:00,CMF_BCOS_IND_BASILEA3_PATEFE_APR_AGIFI_BCON_STO_RAZ_PORC_MONT,Banco Consorcio,18.593544495188073
2022-11-01 00:00:00,CMF_BCOS_IND_BASILEA3_PATEFE_APR_AGIFI_BCON_STO_RAZ_PORC_MONT,Banco Consorcio,18.72577142999709
2022-12-01 00:00:00,CMF_BCOS_IND_BASILEA3_PATEFE_APR_AGIFI_BCON_STO_RAZ_PORC_MONT,Banco Consorcio,19.504447965599272
2023-01-01 00:00:00,CMF_BCOS_IND_BASILEA3_PATEFE_APR_AGIFI_BCON_STO_RAZ_PORC_MONT,Banco Consorcio,18.824075197333368
2023-02-01 00:00:00,CMF_BCOS_IND_BASILEA3_PATEFE_APR_AGIFI_BCON_STO_RAZ_PORC_MONT,Banco Consorcio,18.975676362448496
2023-03-01 00:00:00,CMF_BCOS_IND_BASILEA3_PATEFE_APR_AGIFI_BCON_STO_RAZ_PORC_MONT,Banco Consorcio,19.148083824522825
2023-04-01 00:00:00,CMF_BCOS_IND_BASILEA3_PATEFE_APR_AGIFI_BCON_STO_RAZ_PORC_MONT,Banco Consorcio,18.828471395160893
2023-05-01 00:00:00,CMF_BCOS_IND_BASILEA3_PATEFE_APR_AGIFI_BCON_STO_RAZ_PORC_MONT,Banco Consorcio,19.08124999776779
2023-06-01 00:00:00,CMF_BCOS_IND_BASILEA3_PATEFE_APR_AGIFI_BCON_STO_RAZ_PORC_MONT,Banco Consorcio,19.81723637294064
2023-07-01 00:00:00,CMF_BCOS_IND_BASILEA3_PATEFE_APR_AGIFI_BCON_STO_RAZ_PORC_MONT,Banco Consorcio,19.48504292635342
2022-08-01 00:00:00,CMF_BCOS_IND_BASILEA3_PATEFE_APR_AGIFI_BECH_STO_RAZ_PORC_MONT,Banco del Estado de Chile,12.402600619923911
2022-09-01 00:00:00,CMF_BCOS_IND_BASILEA3_PATEFE_APR_AGIFI_BECH_STO_RAZ_PORC_MONT,Banco del Estado de Chile,12.927514141484883
2022-10-01 00:00:00,CMF_BCOS_IND_BASILEA3_PATEFE_APR_AGIFI_BECH_STO_RAZ_PORC_MONT,Banco del Estado de Chile,14.321581954598782
2022-11-01 00:00:00,CMF_BCOS_IND_BASILEA3_PATEFE_APR_AGIFI_BECH_STO_RAZ_PORC_MONT,Banco del Estado de Chile,14.370573530437426
2022-12-01 00:00:00,CMF_BCOS_IND_BASILEA3_PATEFE_APR_AGIFI_BECH_STO_RAZ_PORC_MONT,Banco del Estado de Chile,13.91087068868202
2023-01-01 00:00:00,CMF_BCOS_IND_BASILEA3_PATEFE_APR_AGIFI_BECH_STO_RAZ_PORC_MONT,Banco del Estado de Chile,13.630670303199198
2023-02-01 00:00:00,CMF_BCOS_IND_BASILEA3_PATEFE_APR_AGIFI_BECH_STO_RAZ_PORC_MONT,Banco del Estado de Chile,13.581457965760709
2023-03-01 00:00:00,CMF_BCOS_IND_BASILEA3_PATEFE_APR_AGIFI_BECH_STO_RAZ_PORC_MONT,Banco del Estado de Chile,13.627153144129249
2023-04-01 00:00:00,CMF_BCOS_IND_BASILEA3_PATEFE_APR_AGIFI_BECH_STO_RAZ_PORC_MONT,Banco del Estado de Chile,13.608984197544997
2023-05-01 00:00:00,CMF_BCOS_IND_BASILEA3_PATEFE_APR_AGIFI_BECH_STO_RAZ_PORC_MONT,Banco del Estado de Chile,13.832055161138728
2023-06-01 00:00:00,CMF_BCOS_IND_BASILEA3_PATEFE_APR_AGIFI_BECH_STO_RAZ_PORC_MONT,Banco del Estado de Chile,13.877729764387437
2023-07-01 00:00:00,CMF_BCOS_IND_BASILEA3_PATEFE_APR_AGIFI_BECH_STO_RAZ_PORC_MONT,Banco del Estado de Chile,13.97170264586922
2022-08-01 00:00:00,CMF_BCOS_IND_BASILEA3_PATEFE_APR_AGIFI_BFALA_STO_RAZ_PORC_MONT,Banco Falabella,20.005247258488858
2022-09-01 00:00:00,CMF_BCOS_IND_BASILEA3_PATEFE_APR_AGIFI_BFALA_STO_RAZ_PORC_MONT,Banco Falabella,20.219720697868706
2022-10-01 00:00:00,CMF_BCOS_IND_BASILEA3_PATEFE_APR_AGIFI_BFALA_STO_RAZ_PORC_MONT,Banco Falabella,20.058224104486996
2022-11-01 00:00:00,CMF_BCOS_IND_BASILEA3_PATEFE_APR_AGIFI_BFALA_STO_RAZ_PORC_MONT,Banco Falabella,19.924204407337157
2022-12-01 00:00:00,CMF_BCOS_IND_BASILEA3_PATEFE_APR_AGIFI_BFALA_STO_RAZ_PORC_MONT,Banco Falabella,19.401064507619974
2023-01-01 00:00:00,CMF_BCOS_IND_BASILEA3_PATEFE_APR_AGIFI_BFALA_STO_RAZ_PORC_MONT,Banco Falabella,19.63747517134498
2023-02-01 00:00:00,CMF_BCOS_IND_BASILEA3_PATEFE_APR_AGIFI_BFALA_STO_RAZ_PORC_MONT,Banco Falabella,19.83563702743427
2023-03-01 00:00:00,CMF_BCOS_IND_BASILEA3_PATEFE_APR_AGIFI_BFALA_STO_RAZ_PORC_MONT,Banco Falabella,20.052689436030768
2023-04-01 00:00:00,CMF_BCOS_IND_BASILEA3_PATEFE_APR_AGIFI_BFALA_STO_RAZ_PORC_MONT,Banco Falabella,19.558852599265926
2023-05-01 00:00:00,CMF_BCOS_IND_BASILEA3_PATEFE_APR_AGIFI_BFALA_STO_RAZ_PORC_MONT,Banco Falabella,19.941504278152838
2023-06-01 00:00:00,CMF_BCOS_IND_BASILEA3_PATEFE_APR_AGIFI_BFALA_STO_RAZ_PORC_MONT,Banco Falabella,20.242166710767005
2023-07-01 00:00:00,CMF_BCOS_IND_BASILEA3_PATEFE_APR_AGIFI_BFALA_STO_RAZ_PORC_MONT,Banco Falabella,20.04431642652334
2022-08-01 00:00:00,CMF_BCOS_IND_BASILEA3_PATEFE_APR_AGIFI_BICE_STO_RAZ_PORC_MONT,Banco Bice,14.188867803835286
2022-09-01 00:00:00,CMF_BCOS_IND_BASILEA3_PATEFE_APR_AGIFI_BICE_STO_RAZ_PORC_MONT,Banco Bice,14.055758882087886
2022-10-01 00:00:00,CMF_BCOS_IND_BASILEA3_PATEFE_APR_AGIFI_BICE_STO_RAZ_PORC_MONT,Banco Bice,14.37487569889983
2022-11-01 00:00:00,CMF_BCOS_IND_BASILEA3_PATEFE_APR_AGIFI_BICE_STO_RAZ_PORC_MONT,Banco Bice,14.675252077351939
2022-12-01 00:00:00,CMF_BCOS_IND_BASILEA3_PATEFE_APR_AGIFI_BICE_STO_RAZ_PORC_MONT,Banco Bice,15.27553161904949
2023-01-01 00:00:00,CMF_BCOS_IND_BASILEA3_PATEFE_APR_AGIFI_BICE_STO_RAZ_PORC_MONT,Banco Bice,15.123701305561957
2023-02-01 00:00:00,CMF_BCOS_IND_BASILEA3_PATEFE_APR_AGIFI_BICE_STO_RAZ_PORC_MONT,Banco Bice,15.010702799488927
2023-03-01 00:00:00,CMF_BCOS_IND_BASILEA3_PATEFE_APR_AGIFI_BICE_STO_RAZ_PORC_MONT,Banco Bice,15.060061412527135
2023-04-01 00:00:00,CMF_BCOS_IND_BASILEA3_PATEFE_APR_AGIFI_BICE_STO_RAZ_PORC_MONT,Banco Bice,14.853171562782393
2023-05-01 00:00:00,CMF_BCOS_IND_BASILEA3_PATEFE_APR_AGIFI_BICE_STO_RAZ_PORC_MONT,Banco Bice,15.189526618277029
2023-06-01 00:00:00,CMF_BCOS_IND_BASILEA3_PATEFE_APR_AGIFI_BICE_STO_RAZ_PORC_MONT,Banco Bice,15.506594576278845
2023-07-01 00:00:00,CMF_BCOS_IND_BASILEA3_PATEFE_APR_AGIFI_BICE_STO_RAZ_PORC_MONT,Banco Bice,15.652993344796233
2022-08-01 00:00:00,CMF_BCOS_IND_BASILEA3_PATEFE_APR_AGIFI_BINTE_STO_RAZ_PORC_MONT,Banco Internacional,15.389347184635263
2022-09-01 00:00:00,CMF_BCOS_IND_BASILEA3_PATEFE_APR_AGIFI_BINTE_STO_RAZ_PORC_MONT,Banco Internacional,15.525676714263435
2022-10-01 00:00:00,CMF_BCOS_IND_BASILEA3_PATEFE_APR_AGIFI_BINTE_STO_RAZ_PORC_MONT,Banco Internacional,15.728449264338058
2022-11-01 00:00:00,CMF_BCOS_IND_BASILEA3_PATEFE_APR_AGIFI_BINTE_STO_RAZ_PORC_MONT,Banco Internacional,15.937395123844192
2022-12-01 00:00:00,CMF_BCOS_IND_BASILEA3_PATEFE_APR_AGIFI_BINTE_STO_RAZ_PORC_MONT,Banco Internacional,15.765410726936592
2023-01-01 00:00:00,CMF_BCOS_IND_BASILEA3_PATEFE_APR_AGIFI_BINTE_STO_RAZ_PORC_MONT,Banco Internacional,15.40387551595559
2023-02-01 00:00:00,CMF_BCOS_IND_BASILEA3_PATEFE_APR_AGIFI_BINTE_STO_RAZ_PORC_MONT,Banco Internacional,15.43214513395764
2023-03-01 00:00:00,CMF_BCOS_IND_BASILEA3_PATEFE_APR_AGIFI_BINTE_STO_RAZ_PORC_MONT,Banco Internacional,15.356125106749483
2023-04-01 00:00:00,CMF_BCOS_IND_BASILEA3_PATEFE_APR_AGIFI_BINTE_STO_RAZ_PORC_MONT,Banco Internacional,15.300718422514453
2023-05-01 00:00:00,CMF_BCOS_IND_BASILEA3_PATEFE_APR_AGIFI_BINTE_STO_RAZ_PORC_MONT,Banco Internacional,15.303044546730078
2023-06-01 00:00:00,CMF_BCOS_IND_BASILEA3_PATEFE_APR_AGIFI_BINTE_STO_RAZ_PORC_MONT,Banco Internacional,16.011843267484693
2023-07-01 00:00:00,CMF_BCOS_IND_BASILEA3_PATEFE_APR_AGIFI_BINTE_STO_RAZ_PORC_MONT,Banco Internacional,15.734341671953214
2022-08-01 00:00:00,CMF_BCOS_IND_BASILEA3_PATEFE_APR_AGIFI_BITAUCORP_STO_RAZ_PORC_MONT,Banco Itaú Chile,15.010148738795483
2022-09-01 00:00:00,CMF_BCOS_IND_BASILEA3_PATEFE_APR_AGIFI_BITAUCORP_STO_RAZ_PORC_MONT,Banco Itaú Chile,14.89176823894052
2022-10-01 00:00:00,CMF_BCOS_IND_BASILEA3_PATEFE_APR_AGIFI_BITAUCORP_STO_RAZ_PORC_MONT,Banco Itaú Chile,14.917659355773832
2022-11-01 00:00:00,CMF_BCOS_IND_BASILEA3_PATEFE_APR_AGIFI_BITAUCORP_STO_RAZ_PORC_MONT,Banco Itaú Chile,15.222887916613043
2022-12-01 00:00:00,CMF_BCOS_IND_BASILEA3_PATEFE_APR_AGIFI_BITAUCORP_STO_RAZ_PORC_MONT,Banco Itaú Chile,15.313635323121487
2023-01-01 00:00:00,CMF_BCOS_IND_BASILEA3_PATEFE_APR_AGIFI_BITAUCORP_STO_RAZ_PORC_MONT,Banco Itaú Chile,15.433898234191702
2023-02-01 00:00:00,CMF_BCOS_IND_BASILEA3_PATEFE_APR_AGIFI_BITAUCORP_STO_RAZ_PORC_MONT,Banco Itaú Chile,15.30687219755341
2023-03-01 00:00:00,CMF_BCOS_IND_BASILEA3_PATEFE_APR_AGIFI_BITAUCORP_STO_RAZ_PORC_MONT,Banco Itaú Chile,15.26410328643947
2023-04-01 00:00:00,CMF_BCOS_IND_BASILEA3_PATEFE_APR_AGIFI_BITAUCORP_STO_RAZ_PORC_MONT,Banco Itaú Chile,15.234207243541073
2023-05-01 00:00:00,CMF_BCOS_IND_BASILEA3_PATEFE_APR_AGIFI_BITAUCORP_STO_RAZ_PORC_MONT,Banco Itaú Chile,15.241595434356524
2023-06-01 00:00:00,CMF_BCOS_IND_BASILEA3_PATEFE_APR_AGIFI_BITAUCORP_STO_RAZ_PORC_MONT,Banco Itaú Chile,15.659222932187271
2023-07-01 00:00:00,CMF_BCOS_IND_BASILEA3_PATEFE_APR_AGIFI_BITAUCORP_STO_RAZ_PORC_MONT,Banco Itaú Chile,15.350468708429641
2022-08-01 00:00:00,CMF_BCOS_IND_BASILEA3_PATEFE_APR_AGIFI_BKCH_STO_RAZ_PORC_MONT,Bank of China,148.96351471437896
2022-09-01 00:00:00,CMF_BCOS_IND_BASILEA3_PATEFE_APR_AGIFI_BKCH_STO_RAZ_PORC_MONT,Bank of China,157.84330733837606
2022-10-01 00:00:00,CMF_BCOS_IND_BASILEA3_PATEFE_APR_AGIFI_BKCH_STO_RAZ_PORC_MONT,Bank of China,167.43431699066116
2022-11-01 00:00:00,CMF_BCOS_IND_BASILEA3_PATEFE_APR_AGIFI_BKCH_STO_RAZ_PORC_MONT,Bank of China,82.03990508362534
2022-12-01 00:00:00,CMF_BCOS_IND_BASILEA3_PATEFE_APR_AGIFI_BKCH_STO_RAZ_PORC_MONT,Bank of China,98.84212076844534
2023-01-01 00:00:00,CMF_BCOS_IND_BASILEA3_PATEFE_APR_AGIFI_BKCH_STO_RAZ_PORC_MONT,Bank of China,609.6365222102152
2023-02-01 00:00:00,CMF_BCOS_IND_BASILEA3_PATEFE_APR_AGIFI_BKCH_STO_RAZ_PORC_MONT,Bank of China,491.6660075291767
2023-03-01 00:00:00,CMF_BCOS_IND_BASILEA3_PATEFE_APR_AGIFI_BKCH_STO_RAZ_PORC_MONT,Bank of China,390.97088484574823
2023-04-01 00:00:00,CMF_BCOS_IND_BASILEA3_PATEFE_APR_AGIFI_BKCH_STO_RAZ_PORC_MONT,Bank of China,346.6099873009367
2023-05-01 00:00:00,CMF_BCOS_IND_BASILEA3_PATEFE_APR_AGIFI_BKCH_STO_RAZ_PORC_MONT,Bank of China,459.4355625971903
2023-06-01 00:00:00,CMF_BCOS_IND_BASILEA3_PATEFE_APR_AGIFI_BKCH_STO_RAZ_PORC_MONT,Bank of China,368.24228991725204
2023-07-01 00:00:00,CMF_BCOS_IND_BASILEA3_PATEFE_APR_AGIFI_BKCH_STO_RAZ_PORC_MONT,Bank of China,420.13185686463737
2022-08-01 00:00:00,CMF_BCOS_IND_BASILEA3_PATEFE_APR_AGIFI_BRIPL_STO_RAZ_PORC_MONT,Banco Ripley,17.64202009197042
2022-09-01 00:00:00,CMF_BCOS_IND_BASILEA3_PATEFE_APR_AGIFI_BRIPL_STO_RAZ_PORC_MONT,Banco Ripley,17.51496954745683
2022-10-01 00:00:00,CMF_BCOS_IND_BASILEA3_PATEFE_APR_AGIFI_BRIPL_STO_RAZ_PORC_MONT,Banco Ripley,17.26219849236003
2022-11-01 00:00:00,CMF_BCOS_IND_BASILEA3_PATEFE_APR_AGIFI_BRIPL_STO_RAZ_PORC_MONT,Banco Ripley,17.490503544294935
2022-12-01 00:00:00,CMF_BCOS_IND_BASILEA3_PATEFE_APR_AGIFI_BRIPL_STO_RAZ_PORC_MONT,Banco Ripley,16.782716273674335
2023-01-01 00:00:00,CMF_BCOS_IND_BASILEA3_PATEFE_APR_AGIFI_BRIPL_STO_RAZ_PORC_MONT,Banco Ripley,17.015749434564782
2023-02-01 00:00:00,CMF_BCOS_IND_BASILEA3_PATEFE_APR_AGIFI_BRIPL_STO_RAZ_PORC_MONT,Banco Ripley,17.14061986132123
2023-03-01 00:00:00,CMF_BCOS_IND_BASILEA3_PATEFE_APR_AGIFI_BRIPL_STO_RAZ_PORC_MONT,Banco Ripley,17.468463507413205
2023-04-01 00:00:00,CMF_BCOS_IND_BASILEA3_PATEFE_APR_AGIFI_BRIPL_STO_RAZ_PORC_MONT,Banco Ripley,17.192009289714484
2023-05-01 00:00:00,CMF_BCOS_IND_BASILEA3_PATEFE_APR_AGIFI_BRIPL_STO_RAZ_PORC_MONT,Banco Ripley,17.543372713388518
2023-06-01 00:00:00,CMF_BCOS_IND_BASILEA3_PATEFE_APR_AGIFI_BRIPL_STO_RAZ_PORC_MONT,Banco Ripley,17.81158428111766
2023-07-01 00:00:00,CMF_BCOS_IND_BASILEA3_PATEFE_APR_AGIFI_BRIPL_STO_RAZ_PORC_MONT,Banco Ripley,18.27584233746971
2022-08-01 00:00:00,CMF_BCOS_IND_BASILEA3_PATEFE_APR_AGIFI_BSANT_STO_RAZ_PORC_MONT,Banco Santander-Chile,16.580222345302243
2022-09-01 00:00:00,CMF_BCOS_IND_BASILEA3_PATEFE_APR_AGIFI_BSANT_STO_RAZ_PORC_MONT,Banco Santander-Chile,16.78414733943657
2022-10-01 00:00:00,CMF_BCOS_IND_BASILEA3_PATEFE_APR_AGIFI_BSANT_STO_RAZ_PORC_MONT,Banco Santander-Chile,16.9040692309866
2022-11-01 00:00:00,CMF_BCOS_IND_BASILEA3_PATEFE_APR_AGIFI_BSANT_STO_RAZ_PORC_MONT,Banco Santander-Chile,17.421782926983013
2022-12-01 00:00:00,CMF_BCOS_IND_BASILEA3_PATEFE_APR_AGIFI_BSANT_STO_RAZ_PORC_MONT,Banco Santander-Chile,17.75017018197156
2023-01-01 00:00:00,CMF_BCOS_IND_BASILEA3_PATEFE_APR_AGIFI_BSANT_STO_RAZ_PORC_MONT,Banco Santander-Chile,17.715692374396298
2023-02-01 00:00:00,CMF_BCOS_IND_BASILEA3_PATEFE_APR_AGIFI_BSANT_STO_RAZ_PORC_MONT,Banco Santander-Chile,17.691347794780178
2023-03-01 00:00:00,CMF_BCOS_IND_BASILEA3_PATEFE_APR_AGIFI_BSANT_STO_RAZ_PORC_MONT,Banco Santander-Chile,17.002874622224255
2023-04-01 00:00:00,CMF_BCOS_IND_BASILEA3_PATEFE_APR_AGIFI_BSANT_STO_RAZ_PORC_MONT,Banco Santander-Chile,17.201779794385267
2023-05-01 00:00:00,CMF_BCOS_IND_BASILEA3_PATEFE_APR_AGIFI_BSANT_STO_RAZ_PORC_MONT,Banco Santander-Chile,17.386699437246392
2023-06-01 00:00:00,CMF_BCOS_IND_BASILEA3_PATEFE_APR_AGIFI_BSANT_STO_RAZ_PORC_MONT,Banco Santander-Chile,17.514642116468643
2023-07-01 00:00:00,CMF_BCOS_IND_BASILEA3_PATEFE_APR_AGIFI_BSANT_STO_RAZ_PORC_MONT,Banco Santander-Chile,17.642880648963544
2022-08-01 00:00:00,CMF_BCOS_IND_BASILEA3_PATEFE_APR_AGIFI_BSCOT_STO_RAZ_PORC_MONT,Scotiabank Chile,12.682702996799343
2022-09-01 00:00:00,CMF_BCOS_IND_BASILEA3_PATEFE_APR_AGIFI_BSCOT_STO_RAZ_PORC_MONT,Scotiabank Chile,13.133909847996469
2022-10-01 00:00:00,CMF_BCOS_IND_BASILEA3_PATEFE_APR_AGIFI_BSCOT_STO_RAZ_PORC_MONT,Scotiabank Chile,13.271684341865045
2022-11-01 00:00:00,CMF_BCOS_IND_BASILEA3_PATEFE_APR_AGIFI_BSCOT_STO_RAZ_PORC_MONT,Scotiabank Chile,13.524563140932152
2022-12-01 00:00:00,CMF_BCOS_IND_BASILEA3_PATEFE_APR_AGIFI_BSCOT_STO_RAZ_PORC_MONT,Scotiabank Chile,13.491009181182662
2023-01-01 00:00:00,CMF_BCOS_IND_BASILEA3_PATEFE_APR_AGIFI_BSCOT_STO_RAZ_PORC_MONT,Scotiabank Chile,13.341424866426806
2023-02-01 00:00:00,CMF_BCOS_IND_BASILEA3_PATEFE_APR_AGIFI_BSCOT_STO_RAZ_PORC_MONT,Scotiabank Chile,13.45177844605017
2023-03-01 00:00:00,CMF_BCOS_IND_BASILEA3_PATEFE_APR_AGIFI_BSCOT_STO_RAZ_PORC_MONT,Scotiabank Chile,13.41195755174963
2023-04-01 00:00:00,CMF_BCOS_IND_BASILEA3_PATEFE_APR_AGIFI_BSCOT_STO_RAZ_PORC_MONT,Scotiabank Chile,13.451773507201572
2023-05-01 00:00:00,CMF_BCOS_IND_BASILEA3_PATEFE_APR_AGIFI_BSCOT_STO_RAZ_PORC_MONT,Scotiabank Chile,13.774065624715172
2023-06-01 00:00:00,CMF_BCOS_IND_BASILEA3_PATEFE_APR_AGIFI_BSCOT_STO_RAZ_PORC_MONT,Scotiabank Chile,13.958063397565855
2023-07-01 00:00:00,CMF_BCOS_IND_BASILEA3_PATEFE_APR_AGIFI_BSCOT_STO_RAZ_PORC_MONT,Scotiabank Chile,14.092214916220485
2022-08-01 00:00:00,CMF_BCOS_IND_BASILEA3_PATEFE_APR_AGIFI_BSEC_STO_RAZ_PORC_MONT,Banco Security,14.359704135459044
2022-09-01 00:00:00,CMF_BCOS_IND_BASILEA3_PATEFE_APR_AGIFI_BSEC_STO_RAZ_PORC_MONT,Banco Security,14.233819521502676
2022-10-01 00:00:00,CMF_BCOS_IND_BASILEA3_PATEFE_APR_AGIFI_BSEC_STO_RAZ_PORC_MONT,Banco Security,14.46326086659459
2022-11-01 00:00:00,CMF_BCOS_IND_BASILEA3_PATEFE_APR_AGIFI_BSEC_STO_RAZ_PORC_MONT,Banco Security,14.769451184805412
2022-12-01 00:00:00,CMF_BCOS_IND_BASILEA3_PATEFE_APR_AGIFI_BSEC_STO_RAZ_PORC_MONT,Banco Security,14.793902727310531
2023-01-01 00:00:00,CMF_BCOS_IND_BASILEA3_PATEFE_APR_AGIFI_BSEC_STO_RAZ_PORC_MONT,Banco Security,14.991043337659798
2023-02-01 00:00:00,CMF_BCOS_IND_BASILEA3_PATEFE_APR_AGIFI_BSEC_STO_RAZ_PORC_MONT,Banco Security,14.99571177686862
2023-03-01 00:00:00,CMF_BCOS_IND_BASILEA3_PATEFE_APR_AGIFI_BSEC_STO_RAZ_PORC_MONT,Banco Security,15.048346231968047
2023-04-01 00:00:00,CMF_BCOS_IND_BASILEA3_PATEFE_APR_AGIFI_BSEC_STO_RAZ_PORC_MONT,Banco Security,14.356609904083301
2023-05-01 00:00:00,CMF_BCOS_IND_BASILEA3_PATEFE_APR_AGIFI_BSEC_STO_RAZ_PORC_MONT,Banco Security,14.60190001066686
2023-06-01 00:00:00,CMF_BCOS_IND_BASILEA3_PATEFE_APR_AGIFI_BSEC_STO_RAZ_PORC_MONT,Banco Security,14.782803940668073
2023-07-01 00:00:00,CMF_BCOS_IND_BASILEA3_PATEFE_APR_AGIFI_BSEC_STO_RAZ_PORC_MONT,Banco Security,14.999761079965056
2022-08-01 00:00:00,CMF_BCOS_IND_BASILEA3_PATEFE_APR_AGIFI_CHCONBANK_STO_RAZ_PORC_MONT,China Construction Bank,45.62757020169105
2022-09-01 00:00:00,CMF_BCOS_IND_BASILEA3_PATEFE_APR_AGIFI_CHCONBANK_STO_RAZ_PORC_MONT,China Construction Bank,44.994399463923344
2022-10-01 00:00:00,CMF_BCOS_IND_BASILEA3_PATEFE_APR_AGIFI_CHCONBANK_STO_RAZ_PORC_MONT,China Construction Bank,43.649173281683545
2022-11-01 00:00:00,CMF_BCOS_IND_BASILEA3_PATEFE_APR_AGIFI_CHCONBANK_STO_RAZ_PORC_MONT,China Construction Bank,47.391380025415096
2022-12-01 00:00:00,CMF_BCOS_IND_BASILEA3_PATEFE_APR_AGIFI_CHCONBANK_STO_RAZ_PORC_MONT,China Construction Bank,49.88673212363138
2023-01-01 00:00:00,CMF_BCOS_IND_BASILEA3_PATEFE_APR_AGIFI_CHCONBANK_STO_RAZ_PORC_MONT,China Construction Bank,47.654841157897515
2023-02-01 00:00:00,CMF_BCOS_IND_BASILEA3_PATEFE_APR_AGIFI_CHCONBANK_STO_RAZ_PORC_MONT,China Construction Bank,46.31817286330333
2023-03-01 00:00:00,CMF_BCOS_IND_BASILEA3_PATEFE_APR_AGIFI_CHCONBANK_STO_RAZ_PORC_MONT,China Construction Bank,50.3618744239278
2023-04-01 00:00:00,CMF_BCOS_IND_BASILEA3_PATEFE_APR_AGIFI_CHCONBANK_STO_RAZ_PORC_MONT,China Construction Bank,51.14474864164633
2023-05-01 00:00:00,CMF_BCOS_IND_BASILEA3_PATEFE_APR_AGIFI_CHCONBANK_STO_RAZ_PORC_MONT,China Construction Bank,51.52435263520767
2023-06-01 00:00:00,CMF_BCOS_IND_BASILEA3_PATEFE_APR_AGIFI_CHCONBANK_STO_RAZ_PORC_MONT,China Construction Bank,52.71325008364157
2023-07-01 00:00:00,CMF_BCOS_IND_BASILEA3_PATEFE_APR_AGIFI_CHCONBANK_STO_RAZ_PORC_MONT,China Construction Bank,53.44463594948746
2022-08-01 00:00:00,CMF_BCOS_IND_BASILEA3_PATEFE_APR_AGIFI_HSBC_STO_RAZ_PORC_MONT,HSBC Bank (Chile),16.020107390978698
2022-09-01 00:00:00,CMF_BCOS_IND_BASILEA3_PATEFE_APR_AGIFI_HSBC_STO_RAZ_PORC_MONT,HSBC Bank (Chile),15.012723584587958
2022-10-01 00:00:00,CMF_BCOS_IND_BASILEA3_PATEFE_APR_AGIFI_HSBC_STO_RAZ_PORC_MONT,HSBC Bank (Chile),15.059305949225115
2022-11-01 00:00:00,CMF_BCOS_IND_BASILEA3_PATEFE_APR_AGIFI_HSBC_STO_RAZ_PORC_MONT,HSBC Bank (Chile),17.449345069396745
2022-12-01 00:00:00,CMF_BCOS_IND_BASILEA3_PATEFE_APR_AGIFI_HSBC_STO_RAZ_PORC_MONT,HSBC Bank (Chile),20.273145516868574
2023-01-01 00:00:00,CMF_BCOS_IND_BASILEA3_PATEFE_APR_AGIFI_HSBC_STO_RAZ_PORC_MONT,HSBC Bank (Chile),18.987982866915704
2023-02-01 00:00:00,CMF_BCOS_IND_BASILEA3_PATEFE_APR_AGIFI_HSBC_STO_RAZ_PORC_MONT,HSBC Bank (Chile),18.276109386929274
2023-03-01 00:00:00,CMF_BCOS_IND_BASILEA3_PATEFE_APR_AGIFI_HSBC_STO_RAZ_PORC_MONT,HSBC Bank (Chile),18.873191579344383
2023-04-01 00:00:00,CMF_BCOS_IND_BASILEA3_PATEFE_APR_AGIFI_HSBC_STO_RAZ_PORC_MONT,HSBC Bank (Chile),20.712992689621153
2023-05-01 00:00:00,CMF_BCOS_IND_BASILEA3_PATEFE_APR_AGIFI_HSBC_STO_RAZ_PORC_MONT,HSBC Bank (Chile),22.919852872465963
2023-06-01 00:00:00,CMF_BCOS_IND_BASILEA3_PATEFE_APR_AGIFI_HSBC_STO_RAZ_PORC_MONT,HSBC Bank (Chile),20.1946759263915
2023-07-01 00:00:00,CMF_BCOS_IND_BASILEA3_PATEFE_APR_AGIFI_HSBC_STO_RAZ_PORC_MONT,HSBC Bank (Chile),23.60557831022974
2022-08-01 00:00:00,CMF_BCOS_IND_BASILEA3_PATEFE_APR_AGIFI_JPMGC_STO_RAZ_PORC_MONT,Jp Morgan Chase Bank. N. A.,33.521756130366356
2022-09-01 00:00:00,CMF_BCOS_IND_BASILEA3_PATEFE_APR_AGIFI_JPMGC_STO_RAZ_PORC_MONT,Jp Morgan Chase Bank. N. A.,34.168471163963225
2022-10-01 00:00:00,CMF_BCOS_IND_BASILEA3_PATEFE_APR_AGIFI_JPMGC_STO_RAZ_PORC_MONT,Jp Morgan Chase Bank. N. A.,32.66338392183781
2022-11-01 00:00:00,CMF_BCOS_IND_BASILEA3_PATEFE_APR_AGIFI_JPMGC_STO_RAZ_PORC_MONT,Jp Morgan Chase Bank. N. A.,35.34506696007425
2022-12-01 00:00:00,CMF_BCOS_IND_BASILEA3_PATEFE_APR_AGIFI_JPMGC_STO_RAZ_PORC_MONT,Jp Morgan Chase Bank. N. A.,35.01693247158793
2023-01-01 00:00:00,CMF_BCOS_IND_BASILEA3_PATEFE_APR_AGIFI_JPMGC_STO_RAZ_PORC_MONT,Jp Morgan Chase Bank. N. A.,33.720641693503595
2023-02-01 00:00:00,CMF_BCOS_IND_BASILEA3_PATEFE_APR_AGIFI_JPMGC_STO_RAZ_PORC_MONT,Jp Morgan Chase Bank. N. A.,33.33317019495043
2023-03-01 00:00:00,CMF_BCOS_IND_BASILEA3_PATEFE_APR_AGIFI_JPMGC_STO_RAZ_PORC_MONT,Jp Morgan Chase Bank. N. A.,36.08487302956824
2023-04-01 00:00:00,CMF_BCOS_IND_BASILEA3_PATEFE_APR_AGIFI_JPMGC_STO_RAZ_PORC_MONT,Jp Morgan Chase Bank. N. A.,35.08508851492655
2023-05-01 00:00:00,CMF_BCOS_IND_BASILEA3_PATEFE_APR_AGIFI_JPMGC_STO_RAZ_PORC_MONT,Jp Morgan Chase Bank. N. A.,36.663581575088635
2023-06-01 00:00:00,CMF_BCOS_IND_BASILEA3_PATEFE_APR_AGIFI_JPMGC_STO_RAZ_PORC_MONT,Jp Morgan Chase Bank. N. A.,40.7717064315797
2023-07-01 00:00:00,CMF_BCOS_IND_BASILEA3_PATEFE_APR_AGIFI_JPMGC_STO_RAZ_PORC_MONT,Jp Morgan Chase Bank. N. A.,42.106660326029825
2022-08-01 00:00:00,CMF_BCOS_IND_BASILEA3_PATEFE_APR_AGIFI_SISTBANC_STO_RAZ_PORC_MONT,Sistema Bancario,14.939301812562567
2022-09-01 00:00:00,CMF_BCOS_IND_BASILEA3_PATEFE_APR_AGIFI_SISTBANC_STO_RAZ_PORC_MONT,Sistema Bancario,15.025483576859003
2022-10-01 00:00:00,CMF_BCOS_IND_BASILEA3_PATEFE_APR_AGIFI_SISTBANC_STO_RAZ_PORC_MONT,Sistema Bancario,15.281117703672326
2022-11-01 00:00:00,CMF_BCOS_IND_BASILEA3_PATEFE_APR_AGIFI_SISTBANC_STO_RAZ_PORC_MONT,Sistema Bancario,15.635096418809807
2022-12-01 00:00:00,CMF_BCOS_IND_BASILEA3_PATEFE_APR_AGIFI_SISTBANC_STO_RAZ_PORC_MONT,Sistema Bancario,15.586379647339525
2023-01-01 00:00:00,CMF_BCOS_IND_BASILEA3_PATEFE_APR_AGIFI_SISTBANC_STO_RAZ_PORC_MONT,Sistema Bancario,15.581102800721977
2023-02-01 00:00:00,CMF_BCOS_IND_BASILEA3_PATEFE_APR_AGIFI_SISTBANC_STO_RAZ_PORC_MONT,Sistema Bancario,15.551210340346225
2023-03-01 00:00:00,CMF_BCOS_IND_BASILEA3_PATEFE_APR_AGIFI_SISTBANC_STO_RAZ_PORC_MONT,Sistema Bancario,15.352445277323104
2023-04-01 00:00:00,CMF_BCOS_IND_BASILEA3_PATEFE_APR_AGIFI_SISTBANC_STO_RAZ_PORC_MONT,Sistema Bancario,15.366507510920279
2023-05-01 00:00:00,CMF_BCOS_IND_BASILEA3_PATEFE_APR_AGIFI_SISTBANC_STO_RAZ_PORC_MONT,Sistema Bancario,15.585515164269378
2023-06-01 00:00:00,CMF_BCOS_IND_BASILEA3_PATEFE_APR_AGIFI_SISTBANC_STO_RAZ_PORC_MONT,Sistema Bancario,15.782421699715986
2023-07-01 00:00:00,CMF_BCOS_IND_BASILEA3_PATEFE_APR_AGIFI_SISTBANC_STO_RAZ_PORC_MONT,Sistema Bancario,15.76956231883873
2023-08-01 00:00:00,CMF_BCOS_IND_BASILEA3_PATEFE_APR_AGIFI_BBTGP_STO_RAZ_PORC_MONT,Banco BTG Pactual Chile,21.89355226032573
2023-09-01 00:00:00,CMF_BCOS_IND_BASILEA3_PATEFE_APR_AGIFI_BBTGP_STO_RAZ_PORC_MONT,Banco BTG Pactual Chile,21.811768587035438
2023-10-01 00:00:00,CMF_BCOS_IND_BASILEA3_PATEFE_APR_AGIFI_BBTGP_STO_RAZ_PORC_MONT,Banco BTG Pactual Chile,20.988946098090167
2023-11-01 00:00:00,CMF_BCOS_IND_BASILEA3_PATEFE_APR_AGIFI_BBTGP_STO_RAZ_PORC_MONT,Banco BTG Pactual Chile,20.208317080386035
2023-12-01 00:00:00,CMF_BCOS_IND_BASILEA3_PATEFE_APR_AGIFI_BBTGP_STO_RAZ_PORC_MONT,Banco BTG Pactual Chile,20.583909477451392
2024-01-01 00:00:00,CMF_BCOS_IND_BASILEA3_PATEFE_APR_AGIFI_BBTGP_STO_RAZ_PORC_MONT,Banco BTG Pactual Chile,19.31264985935654
2024-02-01 00:00:00,CMF_BCOS_IND_BASILEA3_PATEFE_APR_AGIFI_BBTGP_STO_RAZ_PORC_MONT,Banco BTG Pactual Chile,18.45465865757512
2024-03-01 00:00:00,CMF_BCOS_IND_BASILEA3_PATEFE_APR_AGIFI_BBTGP_STO_RAZ_PORC_MONT,Banco BTG Pactual Chile,17.76722814940087
2024-04-01 00:00:00,CMF_BCOS_IND_BASILEA3_PATEFE_APR_AGIFI_BBTGP_STO_RAZ_PORC_MONT,Banco BTG Pactual Chile,18.520690280120537
2024-05-01 00:00:00,CMF_BCOS_IND_BASILEA3_PATEFE_APR_AGIFI_BBTGP_STO_RAZ_PORC_MONT,Banco BTG Pactual Chile,16.95491842553581
2024-06-01 00:00:00,CMF_BCOS_IND_BASILEA3_PATEFE_APR_AGIFI_BBTGP_STO_RAZ_PORC_MONT,Banco BTG Pactual Chile,17.65243362072474
2024-07-01 00:00:00,CMF_BCOS_IND_BASILEA3_PATEFE_APR_AGIFI_BBTGP_STO_RAZ_PORC_MONT,Banco BTG Pactual Chile,17.746617501514386
2023-08-01 00:00:00,CMF_BCOS_IND_BASILEA3_PATEFE_APR_AGIFI_BCHI_STO_RAZ_PORC_MONT,Banco de Chile,17.730421505038777
2023-09-01 00:00:00,CMF_BCOS_IND_BASILEA3_PATEFE_APR_AGIFI_BCHI_STO_RAZ_PORC_MONT,Banco de Chile,17.711265438906665
2023-10-01 00:00:00,CMF_BCOS_IND_BASILEA3_PATEFE_APR_AGIFI_BCHI_STO_RAZ_PORC_MONT,Banco de Chile,17.666203244645896
2023-11-01 00:00:00,CMF_BCOS_IND_BASILEA3_PATEFE_APR_AGIFI_BCHI_STO_RAZ_PORC_MONT,Banco de Chile,17.87376702077248
2023-12-01 00:00:00,CMF_BCOS_IND_BASILEA3_PATEFE_APR_AGIFI_BCHI_STO_RAZ_PORC_MONT,Banco de Chile,17.454076995065424
2024-01-01 00:00:00,CMF_BCOS_IND_BASILEA3_PATEFE_APR_AGIFI_BCHI_STO_RAZ_PORC_MONT,Banco de Chile,17.31773794256501
2024-02-01 00:00:00,CMF_BCOS_IND_BASILEA3_PATEFE_APR_AGIFI_BCHI_STO_RAZ_PORC_MONT,Banco de Chile,17.384243988590672
2024-03-01 00:00:00,CMF_BCOS_IND_BASILEA3_PATEFE_APR_AGIFI_BCHI_STO_RAZ_PORC_MONT,Banco de Chile,16.937702625889695
2024-04-01 00:00:00,CMF_BCOS_IND_BASILEA3_PATEFE_APR_AGIFI_BCHI_STO_RAZ_PORC_MONT,Banco de Chile,17.124287570605134
2024-05-01 00:00:00,CMF_BCOS_IND_BASILEA3_PATEFE_APR_AGIFI_BCHI_STO_RAZ_PORC_MONT,Banco de Chile,17.390497215920014
2024-06-01 00:00:00,CMF_BCOS_IND_BASILEA3_PATEFE_APR_AGIFI_BCHI_STO_RAZ_PORC_MONT,Banco de Chile,17.497667767023785
2024-07-01 00:00:00,CMF_BCOS_IND_BASILEA3_PATEFE_APR_AGIFI_BCHI_STO_RAZ_PORC_MONT,Banco de Chile,17.718192968926665
2023-08-01 00:00:00,CMF_BCOS_IND_BASILEA3_PATEFE_APR_AGIFI_BCI_STO_RAZ_PORC_MONT,Banco de Crédito e Inversiones,13.368040506519206
2023-09-01 00:00:00,CMF_BCOS_IND_BASILEA3_PATEFE_APR_AGIFI_BCI_STO_RAZ_PORC_MONT,Banco de Crédito e Inversiones,13.24028122014664
2023-10-01 00:00:00,CMF_BCOS_IND_BASILEA3_PATEFE_APR_AGIFI_BCI_STO_RAZ_PORC_MONT,Banco de Crédito e Inversiones,14.165541704917764
2023-11-01 00:00:00,CMF_BCOS_IND_BASILEA3_PATEFE_APR_AGIFI_BCI_STO_RAZ_PORC_MONT,Banco de Crédito e Inversiones,14.542518921287611
2023-12-01 00:00:00,CMF_BCOS_IND_BASILEA3_PATEFE_APR_AGIFI_BCI_STO_RAZ_PORC_MONT,Banco de Crédito e Inversiones,14.421436782028444
2024-01-01 00:00:00,CMF_BCOS_IND_BASILEA3_PATEFE_APR_AGIFI_BCI_STO_RAZ_PORC_MONT,Banco de Crédito e Inversiones,14.3947023178582
2024-02-01 00:00:00,CMF_BCOS_IND_BASILEA3_PATEFE_APR_AGIFI_BCI_STO_RAZ_PORC_MONT,Banco de Crédito e Inversiones,15.173773858894435
2024-03-01 00:00:00,CMF_BCOS_IND_BASILEA3_PATEFE_APR_AGIFI_BCI_STO_RAZ_PORC_MONT,Banco de Crédito e Inversiones,15.070249267249618
2024-04-01 00:00:00,CMF_BCOS_IND_BASILEA3_PATEFE_APR_AGIFI_BCI_STO_RAZ_PORC_MONT,Banco de Crédito e Inversiones,15.007367591350775
2024-05-01 00:00:00,CMF_BCOS_IND_BASILEA3_PATEFE_APR_AGIFI_BCI_STO_RAZ_PORC_MONT,Banco de Crédito e Inversiones,15.194573327759214
2024-06-01 00:00:00,CMF_BCOS_IND_BASILEA3_PATEFE_APR_AGIFI_BCI_STO_RAZ_PORC_MONT,Banco de Crédito e Inversiones,15.075547441324234
2024-07-01 00:00:00,CMF_BCOS_IND_BASILEA3_PATEFE_APR_AGIFI_BCI_STO_RAZ_PORC_MONT,Banco de Crédito e Inversiones,15.309581517167047
2023-08-01 00:00:00,CMF_BCOS_IND_BASILEA3_PATEFE_APR_AGIFI_BCON_STO_RAZ_PORC_MONT,Banco Consorcio,19.909284084128156
2023-09-01 00:00:00,CMF_BCOS_IND_BASILEA3_PATEFE_APR_AGIFI_BCON_STO_RAZ_PORC_MONT,Banco Consorcio,19.85589025395519
2023-10-01 00:00:00,CMF_BCOS_IND_BASILEA3_PATEFE_APR_AGIFI_BCON_STO_RAZ_PORC_MONT,Banco Consorcio,19.479716431135785
2023-11-01 00:00:00,CMF_BCOS_IND_BASILEA3_PATEFE_APR_AGIFI_BCON_STO_RAZ_PORC_MONT,Banco Consorcio,20.03464814665438
2023-12-01 00:00:00,CMF_BCOS_IND_BASILEA3_PATEFE_APR_AGIFI_BCON_STO_RAZ_PORC_MONT,Banco Consorcio,21.09785116132676
2024-01-01 00:00:00,CMF_BCOS_IND_BASILEA3_PATEFE_APR_AGIFI_BCON_STO_RAZ_PORC_MONT,Banco Consorcio,21.216269894829335
2024-02-01 00:00:00,CMF_BCOS_IND_BASILEA3_PATEFE_APR_AGIFI_BCON_STO_RAZ_PORC_MONT,Banco Consorcio,21.299112370796227
2024-03-01 00:00:00,CMF_BCOS_IND_BASILEA3_PATEFE_APR_AGIFI_BCON_STO_RAZ_PORC_MONT,Banco Consorcio,20.931255887312766
2024-04-01 00:00:00,CMF_BCOS_IND_BASILEA3_PATEFE_APR_AGIFI_BCON_STO_RAZ_PORC_MONT,Banco Consorcio,20.626309449945836
2024-05-01 00:00:00,CMF_BCOS_IND_BASILEA3_PATEFE_APR_AGIFI_BCON_STO_RAZ_PORC_MONT,Banco Consorcio,20.809157058847816
2024-06-01 00:00:00,CMF_BCOS_IND_BASILEA3_PATEFE_APR_AGIFI_BCON_STO_RAZ_PORC_MONT,Banco Consorcio,21.216264520689283
2024-07-01 00:00:00,CMF_BCOS_IND_BASILEA3_PATEFE_APR_AGIFI_BCON_STO_RAZ_PORC_MONT,Banco Consorcio,21.29990045773839
2023-08-01 00:00:00,CMF_BCOS_IND_BASILEA3_PATEFE_APR_AGIFI_BECH_STO_RAZ_PORC_MONT,Banco del Estado de Chile,14.048974755149525
2023-09-01 00:00:00,CMF_BCOS_IND_BASILEA3_PATEFE_APR_AGIFI_BECH_STO_RAZ_PORC_MONT,Banco del Estado de Chile,14.024337776398154
2023-10-01 00:00:00,CMF_BCOS_IND_BASILEA3_PATEFE_APR_AGIFI_BECH_STO_RAZ_PORC_MONT,Banco del Estado de Chile,14.167778504030466
2023-11-01 00:00:00,CMF_BCOS_IND_BASILEA3_PATEFE_APR_AGIFI_BECH_STO_RAZ_PORC_MONT,Banco del Estado de Chile,14.505888462403036
2023-12-01 00:00:00,CMF_BCOS_IND_BASILEA3_PATEFE_APR_AGIFI_BECH_STO_RAZ_PORC_MONT,Banco del Estado de Chile,14.159285791062485
2024-01-01 00:00:00,CMF_BCOS_IND_BASILEA3_PATEFE_APR_AGIFI_BECH_STO_RAZ_PORC_MONT,Banco del Estado de Chile,14.034975637458944
2024-02-01 00:00:00,CMF_BCOS_IND_BASILEA3_PATEFE_APR_AGIFI_BECH_STO_RAZ_PORC_MONT,Banco del Estado de Chile,13.837035681685897
2024-03-01 00:00:00,CMF_BCOS_IND_BASILEA3_PATEFE_APR_AGIFI_BECH_STO_RAZ_PORC_MONT,Banco del Estado de Chile,13.726349054369019
2024-04-01 00:00:00,CMF_BCOS_IND_BASILEA3_PATEFE_APR_AGIFI_BECH_STO_RAZ_PORC_MONT,Banco del Estado de Chile,15.587539623476202
2024-05-01 00:00:00,CMF_BCOS_IND_BASILEA3_PATEFE_APR_AGIFI_BECH_STO_RAZ_PORC_MONT,Banco del Estado de Chile,16.07720393799687
2024-06-01 00:00:00,CMF_BCOS_IND_BASILEA3_PATEFE_APR_AGIFI_BECH_STO_RAZ_PORC_MONT,Banco del Estado de Chile,16.017285794910098
2024-07-01 00:00:00,CMF_BCOS_IND_BASILEA3_PATEFE_APR_AGIFI_BECH_STO_RAZ_PORC_MONT,Banco del Estado de Chile,16.209403957254903
2023-08-01 00:00:00,CMF_BCOS_IND_BASILEA3_PATEFE_APR_AGIFI_BFALA_STO_RAZ_PORC_MONT,Banco Falabella,20.341002598920266
2023-09-01 00:00:00,CMF_BCOS_IND_BASILEA3_PATEFE_APR_AGIFI_BFALA_STO_RAZ_PORC_MONT,Banco Falabella,20.928875596640577
2023-10-01 00:00:00,CMF_BCOS_IND_BASILEA3_PATEFE_APR_AGIFI_BFALA_STO_RAZ_PORC_MONT,Banco Falabella,21.196040075682564
2023-11-01 00:00:00,CMF_BCOS_IND_BASILEA3_PATEFE_APR_AGIFI_BFALA_STO_RAZ_PORC_MONT,Banco Falabella,20.964488368572372
2023-12-01 00:00:00,CMF_BCOS_IND_BASILEA3_PATEFE_APR_AGIFI_BFALA_STO_RAZ_PORC_MONT,Banco Falabella,20.08996311382931
2024-01-01 00:00:00,CMF_BCOS_IND_BASILEA3_PATEFE_APR_AGIFI_BFALA_STO_RAZ_PORC_MONT,Banco Falabella,20.30635420623196
2024-02-01 00:00:00,CMF_BCOS_IND_BASILEA3_PATEFE_APR_AGIFI_BFALA_STO_RAZ_PORC_MONT,Banco Falabella,20.604693249141658
2024-03-01 00:00:00,CMF_BCOS_IND_BASILEA3_PATEFE_APR_AGIFI_BFALA_STO_RAZ_PORC_MONT,Banco Falabella,21.038531904451197
2024-04-01 00:00:00,CMF_BCOS_IND_BASILEA3_PATEFE_APR_AGIFI_BFALA_STO_RAZ_PORC_MONT,Banco Falabella,20.559070271175543
2024-05-01 00:00:00,CMF_BCOS_IND_BASILEA3_PATEFE_APR_AGIFI_BFALA_STO_RAZ_PORC_MONT,Banco Falabella,21.190157007122966
2024-06-01 00:00:00,CMF_BCOS_IND_BASILEA3_PATEFE_APR_AGIFI_BFALA_STO_RAZ_PORC_MONT,Banco Falabella,21.2197849853098
2024-07-01 00:00:00,CMF_BCOS_IND_BASILEA3_PATEFE_APR_AGIFI_BFALA_STO_RAZ_PORC_MONT,Banco Falabella,21.254349632411742
2023-08-01 00:00:00,CMF_BCOS_IND_BASILEA3_PATEFE_APR_AGIFI_BICE_STO_RAZ_PORC_MONT,Banco Bice,15.49597919159446
2023-09-01 00:00:00,CMF_BCOS_IND_BASILEA3_PATEFE_APR_AGIFI_BICE_STO_RAZ_PORC_MONT,Banco Bice,15.511828027914481
2023-10-01 00:00:00,CMF_BCOS_IND_BASILEA3_PATEFE_APR_AGIFI_BICE_STO_RAZ_PORC_MONT,Banco Bice,15.38303261101132
2023-11-01 00:00:00,CMF_BCOS_IND_BASILEA3_PATEFE_APR_AGIFI_BICE_STO_RAZ_PORC_MONT,Banco Bice,15.59084986810206
2023-12-01 00:00:00,CMF_BCOS_IND_BASILEA3_PATEFE_APR_AGIFI_BICE_STO_RAZ_PORC_MONT,Banco Bice,15.615703500660333
2024-01-01 00:00:00,CMF_BCOS_IND_BASILEA3_PATEFE_APR_AGIFI_BICE_STO_RAZ_PORC_MONT,Banco Bice,15.653463029619092
2024-02-01 00:00:00,CMF_BCOS_IND_BASILEA3_PATEFE_APR_AGIFI_BICE_STO_RAZ_PORC_MONT,Banco Bice,15.554603068493085
2024-03-01 00:00:00,CMF_BCOS_IND_BASILEA3_PATEFE_APR_AGIFI_BICE_STO_RAZ_PORC_MONT,Banco Bice,14.887972627908281
2024-04-01 00:00:00,CMF_BCOS_IND_BASILEA3_PATEFE_APR_AGIFI_BICE_STO_RAZ_PORC_MONT,Banco Bice,15.026203036732111
2024-05-01 00:00:00,CMF_BCOS_IND_BASILEA3_PATEFE_APR_AGIFI_BICE_STO_RAZ_PORC_MONT,Banco Bice,15.266615368042688
2024-06-01 00:00:00,CMF_BCOS_IND_BASILEA3_PATEFE_APR_AGIFI_BICE_STO_RAZ_PORC_MONT,Banco Bice,14.871313274056305
2024-07-01 00:00:00,CMF_BCOS_IND_BASILEA3_PATEFE_APR_AGIFI_BICE_STO_RAZ_PORC_MONT,Banco Bice,14.810810802199597
2023-08-01 00:00:00,CMF_BCOS_IND_BASILEA3_PATEFE_APR_AGIFI_BINTE_STO_RAZ_PORC_MONT,Banco Internacional,15.219835805293318
2023-09-01 00:00:00,CMF_BCOS_IND_BASILEA3_PATEFE_APR_AGIFI_BINTE_STO_RAZ_PORC_MONT,Banco Internacional,15.623195918659581
2023-10-01 00:00:00,CMF_BCOS_IND_BASILEA3_PATEFE_APR_AGIFI_BINTE_STO_RAZ_PORC_MONT,Banco Internacional,15.414255379957643
2023-11-01 00:00:00,CMF_BCOS_IND_BASILEA3_PATEFE_APR_AGIFI_BINTE_STO_RAZ_PORC_MONT,Banco Internacional,15.378349264563514
2023-12-01 00:00:00,CMF_BCOS_IND_BASILEA3_PATEFE_APR_AGIFI_BINTE_STO_RAZ_PORC_MONT,Banco Internacional,15.536639990547021
2024-01-01 00:00:00,CMF_BCOS_IND_BASILEA3_PATEFE_APR_AGIFI_BINTE_STO_RAZ_PORC_MONT,Banco Internacional,14.962140606594035
2024-02-01 00:00:00,CMF_BCOS_IND_BASILEA3_PATEFE_APR_AGIFI_BINTE_STO_RAZ_PORC_MONT,Banco Internacional,14.934139670939697
2024-03-01 00:00:00,CMF_BCOS_IND_BASILEA3_PATEFE_APR_AGIFI_BINTE_STO_RAZ_PORC_MONT,Banco Internacional,15.157629937516534
2024-04-01 00:00:00,CMF_BCOS_IND_BASILEA3_PATEFE_APR_AGIFI_BINTE_STO_RAZ_PORC_MONT,Banco Internacional,15.164559883814066
2024-05-01 00:00:00,CMF_BCOS_IND_BASILEA3_PATEFE_APR_AGIFI_BINTE_STO_RAZ_PORC_MONT,Banco Internacional,15.376904942684957
2024-06-01 00:00:00,CMF_BCOS_IND_BASILEA3_PATEFE_APR_AGIFI_BINTE_STO_RAZ_PORC_MONT,Banco Internacional,15.25660592314443
2024-07-01 00:00:00,CMF_BCOS_IND_BASILEA3_PATEFE_APR_AGIFI_BINTE_STO_RAZ_PORC_MONT,Banco Internacional,15.136058326378219
2023-08-01 00:00:00,CMF_BCOS_IND_BASILEA3_PATEFE_APR_AGIFI_BITAUCORP_STO_RAZ_PORC_MONT,Banco Itaú Chile,15.35848513011173
2023-09-01 00:00:00,CMF_BCOS_IND_BASILEA3_PATEFE_APR_AGIFI_BITAUCORP_STO_RAZ_PORC_MONT,Banco Itaú Chile,15.255889866396243
2023-10-01 00:00:00,CMF_BCOS_IND_BASILEA3_PATEFE_APR_AGIFI_BITAUCORP_STO_RAZ_PORC_MONT,Banco Itaú Chile,15.462308134931503
2023-11-01 00:00:00,CMF_BCOS_IND_BASILEA3_PATEFE_APR_AGIFI_BITAUCORP_STO_RAZ_PORC_MONT,Banco Itaú Chile,15.698825320967762
2023-12-01 00:00:00,CMF_BCOS_IND_BASILEA3_PATEFE_APR_AGIFI_BITAUCORP_STO_RAZ_PORC_MONT,Banco Itaú Chile,15.619531750828287
2024-01-01 00:00:00,CMF_BCOS_IND_BASILEA3_PATEFE_APR_AGIFI_BITAUCORP_STO_RAZ_PORC_MONT,Banco Itaú Chile,15.205315252190186
2024-02-01 00:00:00,CMF_BCOS_IND_BASILEA3_PATEFE_APR_AGIFI_BITAUCORP_STO_RAZ_PORC_MONT,Banco Itaú Chile,15.04719439113806
2024-03-01 00:00:00,CMF_BCOS_IND_BASILEA3_PATEFE_APR_AGIFI_BITAUCORP_STO_RAZ_PORC_MONT,Banco Itaú Chile,15.034582341741146
2024-04-01 00:00:00,CMF_BCOS_IND_BASILEA3_PATEFE_APR_AGIFI_BITAUCORP_STO_RAZ_PORC_MONT,Banco Itaú Chile,14.97074650546468
2024-05-01 00:00:00,CMF_BCOS_IND_BASILEA3_PATEFE_APR_AGIFI_BITAUCORP_STO_RAZ_PORC_MONT,Banco Itaú Chile,15.26299196493892
2024-06-01 00:00:00,CMF_BCOS_IND_BASILEA3_PATEFE_APR_AGIFI_BITAUCORP_STO_RAZ_PORC_MONT,Banco Itaú Chile,15.338048561627966
2024-07-01 00:00:00,CMF_BCOS_IND_BASILEA3_PATEFE_APR_AGIFI_BITAUCORP_STO_RAZ_PORC_MONT,Banco Itaú Chile,15.074958495691076
2023-08-01 00:00:00,CMF_BCOS_IND_BASILEA3_PATEFE_APR_AGIFI_BKCH_STO_RAZ_PORC_MONT,Bank of China,453.4611870828364
2023-09-01 00:00:00,CMF_BCOS_IND_BASILEA3_PATEFE_APR_AGIFI_BKCH_STO_RAZ_PORC_MONT,Bank of China,465.854786491562
2023-10-01 00:00:00,CMF_BCOS_IND_BASILEA3_PATEFE_APR_AGIFI_BKCH_STO_RAZ_PORC_MONT,Bank of China,268.84040997015035
2023-11-01 00:00:00,CMF_BCOS_IND_BASILEA3_PATEFE_APR_AGIFI_BKCH_STO_RAZ_PORC_MONT,Bank of China,266.62410148118613
2023-12-01 00:00:00,CMF_BCOS_IND_BASILEA3_PATEFE_APR_AGIFI_BKCH_STO_RAZ_PORC_MONT,Bank of China,281.2358079964365
2024-01-01 00:00:00,CMF_BCOS_IND_BASILEA3_PATEFE_APR_AGIFI_BKCH_STO_RAZ_PORC_MONT,Bank of China,380.7391925187987
2024-02-01 00:00:00,CMF_BCOS_IND_BASILEA3_PATEFE_APR_AGIFI_BKCH_STO_RAZ_PORC_MONT,Bank of China,253.29719529394666
2024-03-01 00:00:00,CMF_BCOS_IND_BASILEA3_PATEFE_APR_AGIFI_BKCH_STO_RAZ_PORC_MONT,Bank of China,355.3319197141407
2024-04-01 00:00:00,CMF_BCOS_IND_BASILEA3_PATEFE_APR_AGIFI_BKCH_STO_RAZ_PORC_MONT,Bank of China,385.1750085429143
2024-05-01 00:00:00,CMF_BCOS_IND_BASILEA3_PATEFE_APR_AGIFI_BKCH_STO_RAZ_PORC_MONT,Bank of China,402.61886123711787
2024-06-01 00:00:00,CMF_BCOS_IND_BASILEA3_PATEFE_APR_AGIFI_BKCH_STO_RAZ_PORC_MONT,Bank of China,412.28810865324607
2024-07-01 00:00:00,CMF_BCOS_IND_BASILEA3_PATEFE_APR_AGIFI_BKCH_STO_RAZ_PORC_MONT,Bank of China,391.4989722155839
2023-08-01 00:00:00,CMF_BCOS_IND_BASILEA3_PATEFE_APR_AGIFI_BRIPL_STO_RAZ_PORC_MONT,Banco Ripley,18.46653306418804
2023-09-01 00:00:00,CMF_BCOS_IND_BASILEA3_PATEFE_APR_AGIFI_BRIPL_STO_RAZ_PORC_MONT,Banco Ripley,18.35924530406884
2023-10-01 00:00:00,CMF_BCOS_IND_BASILEA3_PATEFE_APR_AGIFI_BRIPL_STO_RAZ_PORC_MONT,Banco Ripley,17.838919251918902
2023-11-01 00:00:00,CMF_BCOS_IND_BASILEA3_PATEFE_APR_AGIFI_BRIPL_STO_RAZ_PORC_MONT,Banco Ripley,17.835897140477417
2023-12-01 00:00:00,CMF_BCOS_IND_BASILEA3_PATEFE_APR_AGIFI_BRIPL_STO_RAZ_PORC_MONT,Banco Ripley,16.74264080326447
2024-01-01 00:00:00,CMF_BCOS_IND_BASILEA3_PATEFE_APR_AGIFI_BRIPL_STO_RAZ_PORC_MONT,Banco Ripley,17.14564904654624
2024-02-01 00:00:00,CMF_BCOS_IND_BASILEA3_PATEFE_APR_AGIFI_BRIPL_STO_RAZ_PORC_MONT,Banco Ripley,17.440761441628588
2024-03-01 00:00:00,CMF_BCOS_IND_BASILEA3_PATEFE_APR_AGIFI_BRIPL_STO_RAZ_PORC_MONT,Banco Ripley,17.57649827436049
2024-04-01 00:00:00,CMF_BCOS_IND_BASILEA3_PATEFE_APR_AGIFI_BRIPL_STO_RAZ_PORC_MONT,Banco Ripley,17.604996675542804
2024-05-01 00:00:00,CMF_BCOS_IND_BASILEA3_PATEFE_APR_AGIFI_BRIPL_STO_RAZ_PORC_MONT,Banco Ripley,17.59027330854398
2024-06-01 00:00:00,CMF_BCOS_IND_BASILEA3_PATEFE_APR_AGIFI_BRIPL_STO_RAZ_PORC_MONT,Banco Ripley,17.29150610796514
2024-07-01 00:00:00,CMF_BCOS_IND_BASILEA3_PATEFE_APR_AGIFI_BRIPL_STO_RAZ_PORC_MONT,Banco Ripley,17.702255992718655
2023-08-01 00:00:00,CMF_BCOS_IND_BASILEA3_PATEFE_APR_AGIFI_BSANT_STO_RAZ_PORC_MONT,Banco Santander-Chile,17.688798276229505
2023-09-01 00:00:00,CMF_BCOS_IND_BASILEA3_PATEFE_APR_AGIFI_BSANT_STO_RAZ_PORC_MONT,Banco Santander-Chile,17.144302280028178
2023-10-01 00:00:00,CMF_BCOS_IND_BASILEA3_PATEFE_APR_AGIFI_BSANT_STO_RAZ_PORC_MONT,Banco Santander-Chile,17.46901499606793
2023-11-01 00:00:00,CMF_BCOS_IND_BASILEA3_PATEFE_APR_AGIFI_BSANT_STO_RAZ_PORC_MONT,Banco Santander-Chile,17.609528823726784
2023-12-01 00:00:00,CMF_BCOS_IND_BASILEA3_PATEFE_APR_AGIFI_BSANT_STO_RAZ_PORC_MONT,Banco Santander-Chile,17.644347819607216
2024-01-01 00:00:00,CMF_BCOS_IND_BASILEA3_PATEFE_APR_AGIFI_BSANT_STO_RAZ_PORC_MONT,Banco Santander-Chile,17.549499668470208
2024-02-01 00:00:00,CMF_BCOS_IND_BASILEA3_PATEFE_APR_AGIFI_BSANT_STO_RAZ_PORC_MONT,Banco Santander-Chile,17.48848777560613
2024-03-01 00:00:00,CMF_BCOS_IND_BASILEA3_PATEFE_APR_AGIFI_BSANT_STO_RAZ_PORC_MONT,Banco Santander-Chile,17.017836076978554
2024-04-01 00:00:00,CMF_BCOS_IND_BASILEA3_PATEFE_APR_AGIFI_BSANT_STO_RAZ_PORC_MONT,Banco Santander-Chile,16.975083583138233
2024-05-01 00:00:00,CMF_BCOS_IND_BASILEA3_PATEFE_APR_AGIFI_BSANT_STO_RAZ_PORC_MONT,Banco Santander-Chile,17.458829924564448
2024-06-01 00:00:00,CMF_BCOS_IND_BASILEA3_PATEFE_APR_AGIFI_BSANT_STO_RAZ_PORC_MONT,Banco Santander-Chile,17.356751660236537
2024-07-01 00:00:00,CMF_BCOS_IND_BASILEA3_PATEFE_APR_AGIFI_BSANT_STO_RAZ_PORC_MONT,Banco Santander-Chile,17.15106810345684
2023-08-01 00:00:00,CMF_BCOS_IND_BASILEA3_PATEFE_APR_AGIFI_BSCOT_STO_RAZ_PORC_MONT,Scotiabank Chile,14.06342025516655
2023-09-01 00:00:00,CMF_BCOS_IND_BASILEA3_PATEFE_APR_AGIFI_BSCOT_STO_RAZ_PORC_MONT,Scotiabank Chile,14.145811056615663
2023-10-01 00:00:00,CMF_BCOS_IND_BASILEA3_PATEFE_APR_AGIFI_BSCOT_STO_RAZ_PORC_MONT,Scotiabank Chile,14.408589527164285
2023-11-01 00:00:00,CMF_BCOS_IND_BASILEA3_PATEFE_APR_AGIFI_BSCOT_STO_RAZ_PORC_MONT,Scotiabank Chile,15.098862363226765
2023-12-01 00:00:00,CMF_BCOS_IND_BASILEA3_PATEFE_APR_AGIFI_BSCOT_STO_RAZ_PORC_MONT,Scotiabank Chile,15.0401874861356
2024-01-01 00:00:00,CMF_BCOS_IND_BASILEA3_PATEFE_APR_AGIFI_BSCOT_STO_RAZ_PORC_MONT,Scotiabank Chile,15.047431898195638
2024-02-01 00:00:00,CMF_BCOS_IND_BASILEA3_PATEFE_APR_AGIFI_BSCOT_STO_RAZ_PORC_MONT,Scotiabank Chile,15.00605178496072
2024-03-01 00:00:00,CMF_BCOS_IND_BASILEA3_PATEFE_APR_AGIFI_BSCOT_STO_RAZ_PORC_MONT,Scotiabank Chile,14.89588929473978
2024-04-01 00:00:00,CMF_BCOS_IND_BASILEA3_PATEFE_APR_AGIFI_BSCOT_STO_RAZ_PORC_MONT,Scotiabank Chile,15.059557841443036
2024-05-01 00:00:00,CMF_BCOS_IND_BASILEA3_PATEFE_APR_AGIFI_BSCOT_STO_RAZ_PORC_MONT,Scotiabank Chile,15.162721930144258
2024-06-01 00:00:00,CMF_BCOS_IND_BASILEA3_PATEFE_APR_AGIFI_BSCOT_STO_RAZ_PORC_MONT,Scotiabank Chile,15.28428360054015
2024-07-01 00:00:00,CMF_BCOS_IND_BASILEA3_PATEFE_APR_AGIFI_BSCOT_STO_RAZ_PORC_MONT,Scotiabank Chile,15.504406162413408
2023-08-01 00:00:00,CMF_BCOS_IND_BASILEA3_PATEFE_APR_AGIFI_BSEC_STO_RAZ_PORC_MONT,Banco Security,15.543721966684972
2023-09-01 00:00:00,CMF_BCOS_IND_BASILEA3_PATEFE_APR_AGIFI_BSEC_STO_RAZ_PORC_MONT,Banco Security,15.56543739300419
2023-10-01 00:00:00,CMF_BCOS_IND_BASILEA3_PATEFE_APR_AGIFI_BSEC_STO_RAZ_PORC_MONT,Banco Security,15.75197035919995
2023-11-01 00:00:00,CMF_BCOS_IND_BASILEA3_PATEFE_APR_AGIFI_BSEC_STO_RAZ_PORC_MONT,Banco Security,15.731739671413441
2023-12-01 00:00:00,CMF_BCOS_IND_BASILEA3_PATEFE_APR_AGIFI_BSEC_STO_RAZ_PORC_MONT,Banco Security,15.780791620092945
2024-01-01 00:00:00,CMF_BCOS_IND_BASILEA3_PATEFE_APR_AGIFI_BSEC_STO_RAZ_PORC_MONT,Banco Security,15.38588673428825
2024-02-01 00:00:00,CMF_BCOS_IND_BASILEA3_PATEFE_APR_AGIFI_BSEC_STO_RAZ_PORC_MONT,Banco Security,15.738751293305238
2024-03-01 00:00:00,CMF_BCOS_IND_BASILEA3_PATEFE_APR_AGIFI_BSEC_STO_RAZ_PORC_MONT,Banco Security,16.125509451406373
2024-04-01 00:00:00,CMF_BCOS_IND_BASILEA3_PATEFE_APR_AGIFI_BSEC_STO_RAZ_PORC_MONT,Banco Security,15.52224469884651
2024-05-01 00:00:00,CMF_BCOS_IND_BASILEA3_PATEFE_APR_AGIFI_BSEC_STO_RAZ_PORC_MONT,Banco Security,15.91072346235409
2024-06-01 00:00:00,CMF_BCOS_IND_BASILEA3_PATEFE_APR_AGIFI_BSEC_STO_RAZ_PORC_MONT,Banco Security,15.906091758024592
2024-07-01 00:00:00,CMF_BCOS_IND_BASILEA3_PATEFE_APR_AGIFI_BSEC_STO_RAZ_PORC_MONT,Banco Security,15.988580036196606
2023-08-01 00:00:00,CMF_BCOS_IND_BASILEA3_PATEFE_APR_AGIFI_CHCONBANK_STO_RAZ_PORC_MONT,China Construction Bank,52.92788233232655
2023-09-01 00:00:00,CMF_BCOS_IND_BASILEA3_PATEFE_APR_AGIFI_CHCONBANK_STO_RAZ_PORC_MONT,China Construction Bank,48.54994219550561
2023-10-01 00:00:00,CMF_BCOS_IND_BASILEA3_PATEFE_APR_AGIFI_CHCONBANK_STO_RAZ_PORC_MONT,China Construction Bank,47.58063802382724
2023-11-01 00:00:00,CMF_BCOS_IND_BASILEA3_PATEFE_APR_AGIFI_CHCONBANK_STO_RAZ_PORC_MONT,China Construction Bank,48.37606986444116
2023-12-01 00:00:00,CMF_BCOS_IND_BASILEA3_PATEFE_APR_AGIFI_CHCONBANK_STO_RAZ_PORC_MONT,China Construction Bank,48.75664310322335
2024-01-01 00:00:00,CMF_BCOS_IND_BASILEA3_PATEFE_APR_AGIFI_CHCONBANK_STO_RAZ_PORC_MONT,China Construction Bank,46.483351212651286
2024-02-01 00:00:00,CMF_BCOS_IND_BASILEA3_PATEFE_APR_AGIFI_CHCONBANK_STO_RAZ_PORC_MONT,China Construction Bank,48.10805534718654
2024-03-01 00:00:00,CMF_BCOS_IND_BASILEA3_PATEFE_APR_AGIFI_CHCONBANK_STO_RAZ_PORC_MONT,China Construction Bank,49.65055863516618
2024-04-01 00:00:00,CMF_BCOS_IND_BASILEA3_PATEFE_APR_AGIFI_CHCONBANK_STO_RAZ_PORC_MONT,China Construction Bank,50.346033364902716
2024-05-01 00:00:00,CMF_BCOS_IND_BASILEA3_PATEFE_APR_AGIFI_CHCONBANK_STO_RAZ_PORC_MONT,China Construction Bank,55.06847360217234
2024-06-01 00:00:00,CMF_BCOS_IND_BASILEA3_PATEFE_APR_AGIFI_CHCONBANK_STO_RAZ_PORC_MONT,China Construction Bank,57.7600157494793
2024-07-01 00:00:00,CMF_BCOS_IND_BASILEA3_PATEFE_APR_AGIFI_CHCONBANK_STO_RAZ_PORC_MONT,China Construction Bank,60.573500605120714
2023-08-01 00:00:00,CMF_BCOS_IND_BASILEA3_PATEFE_APR_AGIFI_HSBC_STO_RAZ_PORC_MONT,HSBC Bank (Chile),21.864581166721514
2023-09-01 00:00:00,CMF_BCOS_IND_BASILEA3_PATEFE_APR_AGIFI_HSBC_STO_RAZ_PORC_MONT,HSBC Bank (Chile),19.45216106113221
2023-10-01 00:00:00,CMF_BCOS_IND_BASILEA3_PATEFE_APR_AGIFI_HSBC_STO_RAZ_PORC_MONT,HSBC Bank (Chile),17.309855442293976
2023-11-01 00:00:00,CMF_BCOS_IND_BASILEA3_PATEFE_APR_AGIFI_HSBC_STO_RAZ_PORC_MONT,HSBC Bank (Chile),21.067362606917136
2023-12-01 00:00:00,CMF_BCOS_IND_BASILEA3_PATEFE_APR_AGIFI_HSBC_STO_RAZ_PORC_MONT,HSBC Bank (Chile),24.74341174354115
2024-01-01 00:00:00,CMF_BCOS_IND_BASILEA3_PATEFE_APR_AGIFI_HSBC_STO_RAZ_PORC_MONT,HSBC Bank (Chile),21.05651572922317
2024-02-01 00:00:00,CMF_BCOS_IND_BASILEA3_PATEFE_APR_AGIFI_HSBC_STO_RAZ_PORC_MONT,HSBC Bank (Chile),20.92342249567358
2024-03-01 00:00:00,CMF_BCOS_IND_BASILEA3_PATEFE_APR_AGIFI_HSBC_STO_RAZ_PORC_MONT,HSBC Bank (Chile),22.12956732562094
2024-04-01 00:00:00,CMF_BCOS_IND_BASILEA3_PATEFE_APR_AGIFI_HSBC_STO_RAZ_PORC_MONT,HSBC Bank (Chile),20.99431098173638
2024-05-01 00:00:00,CMF_BCOS_IND_BASILEA3_PATEFE_APR_AGIFI_HSBC_STO_RAZ_PORC_MONT,HSBC Bank (Chile),19.000693541603223
2024-06-01 00:00:00,CMF_BCOS_IND_BASILEA3_PATEFE_APR_AGIFI_HSBC_STO_RAZ_PORC_MONT,HSBC Bank (Chile),20.777415682886456
2024-07-01 00:00:00,CMF_BCOS_IND_BASILEA3_PATEFE_APR_AGIFI_HSBC_STO_RAZ_PORC_MONT,HSBC Bank (Chile),17.48861272880858
2023-08-01 00:00:00,CMF_BCOS_IND_BASILEA3_PATEFE_APR_AGIFI_JPMGC_STO_RAZ_PORC_MONT,Jp Morgan Chase Bank. N. A.,40.8480755321853
2023-09-01 00:00:00,CMF_BCOS_IND_BASILEA3_PATEFE_APR_AGIFI_JPMGC_STO_RAZ_PORC_MONT,Jp Morgan Chase Bank. N. A.,42.29293871480367
2023-10-01 00:00:00,CMF_BCOS_IND_BASILEA3_PATEFE_APR_AGIFI_JPMGC_STO_RAZ_PORC_MONT,Jp Morgan Chase Bank. N. A.,44.391415205396974
2023-11-01 00:00:00,CMF_BCOS_IND_BASILEA3_PATEFE_APR_AGIFI_JPMGC_STO_RAZ_PORC_MONT,Jp Morgan Chase Bank. N. A.,47.9306069139039
2023-12-01 00:00:00,CMF_BCOS_IND_BASILEA3_PATEFE_APR_AGIFI_JPMGC_STO_RAZ_PORC_MONT,Jp Morgan Chase Bank. N. A.,47.02827274156031
2024-01-01 00:00:00,CMF_BCOS_IND_BASILEA3_PATEFE_APR_AGIFI_JPMGC_STO_RAZ_PORC_MONT,Jp Morgan Chase Bank. N. A.,28.75556807412859
2024-02-01 00:00:00,CMF_BCOS_IND_BASILEA3_PATEFE_APR_AGIFI_JPMGC_STO_RAZ_PORC_MONT,Jp Morgan Chase Bank. N. A.,38.14091783789
2024-03-01 00:00:00,CMF_BCOS_IND_BASILEA3_PATEFE_APR_AGIFI_JPMGC_STO_RAZ_PORC_MONT,Jp Morgan Chase Bank. N. A.,39.66227366748643
2024-04-01 00:00:00,CMF_BCOS_IND_BASILEA3_PATEFE_APR_AGIFI_JPMGC_STO_RAZ_PORC_MONT,Jp Morgan Chase Bank. N. A.,34.93582142619163
2024-05-01 00:00:00,CMF_BCOS_IND_BASILEA3_PATEFE_APR_AGIFI_JPMGC_STO_RAZ_PORC_MONT,Jp Morgan Chase Bank. N. A.,45.65636470681337
2024-06-01 00:00:00,CMF_BCOS_IND_BASILEA3_PATEFE_APR_AGIFI_JPMGC_STO_RAZ_PORC_MONT,Jp Morgan Chase Bank. N. A.,47.93333109290676
2024-07-01 00:00:00,CMF_BCOS_IND_BASILEA3_PATEFE_APR_AGIFI_JPMGC_STO_RAZ_PORC_MONT,Jp Morgan Chase Bank. N. A.,42.687648493102316
2023-08-01 00:00:00,CMF_BCOS_IND_BASILEA3_PATEFE_APR_AGIFI_SISTBANC_STO_RAZ_PORC_MONT,Sistema Bancario,15.804701373645159
2023-09-01 00:00:00,CMF_BCOS_IND_BASILEA3_PATEFE_APR_AGIFI_SISTBANC_STO_RAZ_PORC_MONT,Sistema Bancario,15.693007539865896
2023-10-01 00:00:00,CMF_BCOS_IND_BASILEA3_PATEFE_APR_AGIFI_SISTBANC_STO_RAZ_PORC_MONT,Sistema Bancario,15.978874839731004
2023-11-01 00:00:00,CMF_BCOS_IND_BASILEA3_PATEFE_APR_AGIFI_SISTBANC_STO_RAZ_PORC_MONT,Sistema Bancario,16.288900562601206
2023-12-01 00:00:00,CMF_BCOS_IND_BASILEA3_PATEFE_APR_AGIFI_SISTBANC_STO_RAZ_PORC_MONT,Sistema Bancario,16.16310403937594
2024-01-01 00:00:00,CMF_BCOS_IND_BASILEA3_PATEFE_APR_AGIFI_SISTBANC_STO_RAZ_PORC_MONT,Sistema Bancario,15.982878237157767
2024-02-01 00:00:00,CMF_BCOS_IND_BASILEA3_PATEFE_APR_AGIFI_SISTBANC_STO_RAZ_PORC_MONT,Sistema Bancario,16.117655010625263
2024-03-01 00:00:00,CMF_BCOS_IND_BASILEA3_PATEFE_APR_AGIFI_SISTBANC_STO_RAZ_PORC_MONT,Sistema Bancario,15.918495165904341
2024-04-01 00:00:00,CMF_BCOS_IND_BASILEA3_PATEFE_APR_AGIFI_SISTBANC_STO_RAZ_PORC_MONT,Sistema Bancario,16.15129335745779
2024-05-01 00:00:00,CMF_BCOS_IND_BASILEA3_PATEFE_APR_AGIFI_SISTBANC_STO_RAZ_PORC_MONT,Sistema Bancario,16.446843632428937
2024-06-01 00:00:00,CMF_BCOS_IND_BASILEA3_PATEFE_APR_AGIFI_SISTBANC_STO_RAZ_PORC_MONT,Sistema Bancario,16.441068464463612
2024-07-01 00:00:00,CMF_BCOS_IND_BASILEA3_PATEFE_APR_AGIFI_SISTBANC_STO_RAZ_PORC_MONT,Sistema Bancario,16.50573864586128
2024-08-01 00:00:00,CMF_BCOS_IND_BASILEA3_PATEFE_APR_AGIFI_BBTGP_STO_RAZ_PORC_MONT,Banco BTG Pactual Chile,17.988006450804452
2024-09-01 00:00:00,CMF_BCOS_IND_BASILEA3_PATEFE_APR_AGIFI_BBTGP_STO_RAZ_PORC_MONT,Banco BTG Pactual Chile,19.352357618628687
2024-10-01 00:00:00,CMF_BCOS_IND_BASILEA3_PATEFE_APR_AGIFI_BBTGP_STO_RAZ_PORC_MONT,Banco BTG Pactual Chile,17.93921255676193
2024-11-01 00:00:00,CMF_BCOS_IND_BASILEA3_PATEFE_APR_AGIFI_BBTGP_STO_RAZ_PORC_MONT,Banco BTG Pactual Chile,16.870932161223514
2024-12-01 00:00:00,CMF_BCOS_IND_BASILEA3_PATEFE_APR_AGIFI_BBTGP_STO_RAZ_PORC_MONT,Banco BTG Pactual Chile,17.655836299833666
2025-01-01 00:00:00,CMF_BCOS_IND_BASILEA3_PATEFE_APR_AGIFI_BBTGP_STO_RAZ_PORC_MONT,Banco BTG Pactual Chile,17.631858109212715
2025-02-01 00:00:00,CMF_BCOS_IND_BASILEA3_PATEFE_APR_AGIFI_BBTGP_STO_RAZ_PORC_MONT,Banco BTG Pactual Chile,17.70752399839181
2025-03-01 00:00:00,CMF_BCOS_IND_BASILEA3_PATEFE_APR_AGIFI_BBTGP_STO_RAZ_PORC_MONT,Banco BTG Pactual Chile,18.332863997878782
2025-04-01 00:00:00,CMF_BCOS_IND_BASILEA3_PATEFE_APR_AGIFI_BBTGP_STO_RAZ_PORC_MONT,Banco BTG Pactual Chile,17.814145851188393
2025-05-01 00:00:00,CMF_BCOS_IND_BASILEA3_PATEFE_APR_AGIFI_BBTGP_STO_RAZ_PORC_MONT,Banco BTG Pactual Chile,16.8915663355773
2025-06-01 00:00:00,CMF_BCOS_IND_BASILEA3_PATEFE_APR_AGIFI_BBTGP_STO_RAZ_PORC_MONT,Banco BTG Pactual Chile,17.03756381878177
2025-07-01 00:00:00,CMF_BCOS_IND_BASILEA3_PATEFE_APR_AGIFI_BBTGP_STO_RAZ_PORC_MONT,Banco BTG Pactual Chile,16.979955626939848
2024-08-01 00:00:00,CMF_BCOS_IND_BASILEA3_PATEFE_APR_AGIFI_BCHI_STO_RAZ_PORC_MONT,Banco de Chile,17.899389193355233
2024-09-01 00:00:00,CMF_BCOS_IND_BASILEA3_PATEFE_APR_AGIFI_BCHI_STO_RAZ_PORC_MONT,Banco de Chile,18.090670205023237
2024-10-01 00:00:00,CMF_BCOS_IND_BASILEA3_PATEFE_APR_AGIFI_BCHI_STO_RAZ_PORC_MONT,Banco de Chile,18.0512407680083
2024-11-01 00:00:00,CMF_BCOS_IND_BASILEA3_PATEFE_APR_AGIFI_BCHI_STO_RAZ_PORC_MONT,Banco de Chile,18.1381624402378
2024-12-01 00:00:00,CMF_BCOS_IND_BASILEA3_PATEFE_APR_AGIFI_BCHI_STO_RAZ_PORC_MONT,Banco de Chile,18.13423568835637
2025-01-01 00:00:00,CMF_BCOS_IND_BASILEA3_PATEFE_APR_AGIFI_BCHI_STO_RAZ_PORC_MONT,Banco de Chile,18.18970659966636
2025-02-01 00:00:00,CMF_BCOS_IND_BASILEA3_PATEFE_APR_AGIFI_BCHI_STO_RAZ_PORC_MONT,Banco de Chile,18.362901735575413
2025-03-01 00:00:00,CMF_BCOS_IND_BASILEA3_PATEFE_APR_AGIFI_BCHI_STO_RAZ_PORC_MONT,Banco de Chile,17.40269634885378
2025-04-01 00:00:00,CMF_BCOS_IND_BASILEA3_PATEFE_APR_AGIFI_BCHI_STO_RAZ_PORC_MONT,Banco de Chile,17.398140234976665
2025-05-01 00:00:00,CMF_BCOS_IND_BASILEA3_PATEFE_APR_AGIFI_BCHI_STO_RAZ_PORC_MONT,Banco de Chile,17.447234202957684
2025-06-01 00:00:00,CMF_BCOS_IND_BASILEA3_PATEFE_APR_AGIFI_BCHI_STO_RAZ_PORC_MONT,Banco de Chile,17.75993086707479
2025-07-01 00:00:00,CMF_BCOS_IND_BASILEA3_PATEFE_APR_AGIFI_BCHI_STO_RAZ_PORC_MONT,Banco de Chile,17.627681841506305
2024-08-01 00:00:00,CMF_BCOS_IND_BASILEA3_PATEFE_APR_AGIFI_BCI_STO_RAZ_PORC_MONT,Banco de Crédito e Inversiones,15.559940468342596
2024-09-01 00:00:00,CMF_BCOS_IND_BASILEA3_PATEFE_APR_AGIFI_BCI_STO_RAZ_PORC_MONT,Banco de Crédito e Inversiones,16.54430402565091
2024-10-01 00:00:00,CMF_BCOS_IND_BASILEA3_PATEFE_APR_AGIFI_BCI_STO_RAZ_PORC_MONT,Banco de Crédito e Inversiones,16.29343092192155
2024-11-01 00:00:00,CMF_BCOS_IND_BASILEA3_PATEFE_APR_AGIFI_BCI_STO_RAZ_PORC_MONT,Banco de Crédito e Inversiones,16.232994424238434
2024-12-01 00:00:00,CMF_BCOS_IND_BASILEA3_PATEFE_APR_AGIFI_BCI_STO_RAZ_PORC_MONT,Banco de Crédito e Inversiones,15.541242448175657
2025-01-01 00:00:00,CMF_BCOS_IND_BASILEA3_PATEFE_APR_AGIFI_BCI_STO_RAZ_PORC_MONT,Banco de Crédito e Inversiones,15.418302433365296
2025-02-01 00:00:00,CMF_BCOS_IND_BASILEA3_PATEFE_APR_AGIFI_BCI_STO_RAZ_PORC_MONT,Banco de Crédito e Inversiones,15.494188252054721
2025-03-01 00:00:00,CMF_BCOS_IND_BASILEA3_PATEFE_APR_AGIFI_BCI_STO_RAZ_PORC_MONT,Banco de Crédito e Inversiones,15.406295622546976
2025-04-01 00:00:00,CMF_BCOS_IND_BASILEA3_PATEFE_APR_AGIFI_BCI_STO_RAZ_PORC_MONT,Banco de Crédito e Inversiones,15.256413583512847
2025-05-01 00:00:00,CMF_BCOS_IND_BASILEA3_PATEFE_APR_AGIFI_BCI_STO_RAZ_PORC_MONT,Banco de Crédito e Inversiones,15.39637268245104
2025-06-01 00:00:00,CMF_BCOS_IND_BASILEA3_PATEFE_APR_AGIFI_BCI_STO_RAZ_PORC_MONT,Banco de Crédito e Inversiones,15.414916643632402
2025-07-01 00:00:00,CMF_BCOS_IND_BASILEA3_PATEFE_APR_AGIFI_BCI_STO_RAZ_PORC_MONT,Banco de Crédito e Inversiones,15.272415146159016
2024-08-01 00:00:00,CMF_BCOS_IND_BASILEA3_PATEFE_APR_AGIFI_BCON_STO_RAZ_PORC_MONT,Banco Consorcio,22.13450853100102
2024-09-01 00:00:00,CMF_BCOS_IND_BASILEA3_PATEFE_APR_AGIFI_BCON_STO_RAZ_PORC_MONT,Banco Consorcio,22.907190078689034
2024-10-01 00:00:00,CMF_BCOS_IND_BASILEA3_PATEFE_APR_AGIFI_BCON_STO_RAZ_PORC_MONT,Banco Consorcio,22.252520976633534
2024-11-01 00:00:00,CMF_BCOS_IND_BASILEA3_PATEFE_APR_AGIFI_BCON_STO_RAZ_PORC_MONT,Banco Consorcio,22.045240217571724
2024-12-01 00:00:00,CMF_BCOS_IND_BASILEA3_PATEFE_APR_AGIFI_BCON_STO_RAZ_PORC_MONT,Banco Consorcio,21.797979983029187
2025-01-01 00:00:00,CMF_BCOS_IND_BASILEA3_PATEFE_APR_AGIFI_BCON_STO_RAZ_PORC_MONT,Banco Consorcio,21.817807187705878
2025-02-01 00:00:00,CMF_BCOS_IND_BASILEA3_PATEFE_APR_AGIFI_BCON_STO_RAZ_PORC_MONT,Banco Consorcio,22.294356473930808
2025-03-01 00:00:00,CMF_BCOS_IND_BASILEA3_PATEFE_APR_AGIFI_BCON_STO_RAZ_PORC_MONT,Banco Consorcio,22.28972453687791
2025-04-01 00:00:00,CMF_BCOS_IND_BASILEA3_PATEFE_APR_AGIFI_BCON_STO_RAZ_PORC_MONT,Banco Consorcio,21.338520652634386
2025-05-01 00:00:00,CMF_BCOS_IND_BASILEA3_PATEFE_APR_AGIFI_BCON_STO_RAZ_PORC_MONT,Banco Consorcio,21.238378063525413
2025-06-01 00:00:00,CMF_BCOS_IND_BASILEA3_PATEFE_APR_AGIFI_BCON_STO_RAZ_PORC_MONT,Banco Consorcio,21.38181338736712
2025-07-01 00:00:00,CMF_BCOS_IND_BASILEA3_PATEFE_APR_AGIFI_BCON_STO_RAZ_PORC_MONT,Banco Consorcio,21.321728758747668
2024-08-01 00:00:00,CMF_BCOS_IND_BASILEA3_PATEFE_APR_AGIFI_BECH_STO_RAZ_PORC_MONT,Banco del Estado de Chile,16.179120503552255
2024-09-01 00:00:00,CMF_BCOS_IND_BASILEA3_PATEFE_APR_AGIFI_BECH_STO_RAZ_PORC_MONT,Banco del Estado de Chile,16.172569528175288
2024-10-01 00:00:00,CMF_BCOS_IND_BASILEA3_PATEFE_APR_AGIFI_BECH_STO_RAZ_PORC_MONT,Banco del Estado de Chile,16.129690640620012
2024-11-01 00:00:00,CMF_BCOS_IND_BASILEA3_PATEFE_APR_AGIFI_BECH_STO_RAZ_PORC_MONT,Banco del Estado de Chile,16.12157318147857
2024-12-01 00:00:00,CMF_BCOS_IND_BASILEA3_PATEFE_APR_AGIFI_BECH_STO_RAZ_PORC_MONT,Banco del Estado de Chile,16.53446377070982
2025-01-01 00:00:00,CMF_BCOS_IND_BASILEA3_PATEFE_APR_AGIFI_BECH_STO_RAZ_PORC_MONT,Banco del Estado de Chile,16.685798533660527
2025-02-01 00:00:00,CMF_BCOS_IND_BASILEA3_PATEFE_APR_AGIFI_BECH_STO_RAZ_PORC_MONT,Banco del Estado de Chile,16.637423962782744
2025-03-01 00:00:00,CMF_BCOS_IND_BASILEA3_PATEFE_APR_AGIFI_BECH_STO_RAZ_PORC_MONT,Banco del Estado de Chile,16.850037345913957
2025-04-01 00:00:00,CMF_BCOS_IND_BASILEA3_PATEFE_APR_AGIFI_BECH_STO_RAZ_PORC_MONT,Banco del Estado de Chile,16.560013213452773
2025-05-01 00:00:00,CMF_BCOS_IND_BASILEA3_PATEFE_APR_AGIFI_BECH_STO_RAZ_PORC_MONT,Banco del Estado de Chile,16.730043502994317
2025-06-01 00:00:00,CMF_BCOS_IND_BASILEA3_PATEFE_APR_AGIFI_BECH_STO_RAZ_PORC_MONT,Banco del Estado de Chile,16.706707323836255
2025-07-01 00:00:00,CMF_BCOS_IND_BASILEA3_PATEFE_APR_AGIFI_BECH_STO_RAZ_PORC_MONT,Banco del Estado de Chile,16.700600598817942
2024-08-01 00:00:00,CMF_BCOS_IND_BASILEA3_PATEFE_APR_AGIFI_BFALA_STO_RAZ_PORC_MONT,Banco Falabella,21.31816331916274
2024-09-01 00:00:00,CMF_BCOS_IND_BASILEA3_PATEFE_APR_AGIFI_BFALA_STO_RAZ_PORC_MONT,Banco Falabella,21.528514668603332
2024-10-01 00:00:00,CMF_BCOS_IND_BASILEA3_PATEFE_APR_AGIFI_BFALA_STO_RAZ_PORC_MONT,Banco Falabella,20.875780979082197
2024-11-01 00:00:00,CMF_BCOS_IND_BASILEA3_PATEFE_APR_AGIFI_BFALA_STO_RAZ_PORC_MONT,Banco Falabella,20.408829984703754
2024-12-01 00:00:00,CMF_BCOS_IND_BASILEA3_PATEFE_APR_AGIFI_BFALA_STO_RAZ_PORC_MONT,Banco Falabella,19.290313957297474
2025-01-01 00:00:00,CMF_BCOS_IND_BASILEA3_PATEFE_APR_AGIFI_BFALA_STO_RAZ_PORC_MONT,Banco Falabella,19.454082924809775
2025-02-01 00:00:00,CMF_BCOS_IND_BASILEA3_PATEFE_APR_AGIFI_BFALA_STO_RAZ_PORC_MONT,Banco Falabella,19.508665587916706
2025-03-01 00:00:00,CMF_BCOS_IND_BASILEA3_PATEFE_APR_AGIFI_BFALA_STO_RAZ_PORC_MONT,Banco Falabella,19.741138538577744
2025-04-01 00:00:00,CMF_BCOS_IND_BASILEA3_PATEFE_APR_AGIFI_BFALA_STO_RAZ_PORC_MONT,Banco Falabella,18.454480303511072
2025-05-01 00:00:00,CMF_BCOS_IND_BASILEA3_PATEFE_APR_AGIFI_BFALA_STO_RAZ_PORC_MONT,Banco Falabella,18.331930627211943
2025-06-01 00:00:00,CMF_BCOS_IND_BASILEA3_PATEFE_APR_AGIFI_BFALA_STO_RAZ_PORC_MONT,Banco Falabella,18.182099351250795
2025-07-01 00:00:00,CMF_BCOS_IND_BASILEA3_PATEFE_APR_AGIFI_BFALA_STO_RAZ_PORC_MONT,Banco Falabella,18.162124822925925
2024-08-01 00:00:00,CMF_BCOS_IND_BASILEA3_PATEFE_APR_AGIFI_BICE_STO_RAZ_PORC_MONT,Banco Bice,15.182884317004419
2024-09-01 00:00:00,CMF_BCOS_IND_BASILEA3_PATEFE_APR_AGIFI_BICE_STO_RAZ_PORC_MONT,Banco Bice,15.220429152646862
2024-10-01 00:00:00,CMF_BCOS_IND_BASILEA3_PATEFE_APR_AGIFI_BICE_STO_RAZ_PORC_MONT,Banco Bice,15.029719603000187
2024-11-01 00:00:00,CMF_BCOS_IND_BASILEA3_PATEFE_APR_AGIFI_BICE_STO_RAZ_PORC_MONT,Banco Bice,15.41643735262708
2024-12-01 00:00:00,CMF_BCOS_IND_BASILEA3_PATEFE_APR_AGIFI_BICE_STO_RAZ_PORC_MONT,Banco Bice,15.147404024827638
2025-01-01 00:00:00,CMF_BCOS_IND_BASILEA3_PATEFE_APR_AGIFI_BICE_STO_RAZ_PORC_MONT,Banco Bice,14.939706836804591
2025-02-01 00:00:00,CMF_BCOS_IND_BASILEA3_PATEFE_APR_AGIFI_BICE_STO_RAZ_PORC_MONT,Banco Bice,14.98773915025148
2025-03-01 00:00:00,CMF_BCOS_IND_BASILEA3_PATEFE_APR_AGIFI_BICE_STO_RAZ_PORC_MONT,Banco Bice,15.09909086268421
2025-04-01 00:00:00,CMF_BCOS_IND_BASILEA3_PATEFE_APR_AGIFI_BICE_STO_RAZ_PORC_MONT,Banco Bice,14.975048529987529
2025-05-01 00:00:00,CMF_BCOS_IND_BASILEA3_PATEFE_APR_AGIFI_BICE_STO_RAZ_PORC_MONT,Banco Bice,15.226235467867781
2025-06-01 00:00:00,CMF_BCOS_IND_BASILEA3_PATEFE_APR_AGIFI_BICE_STO_RAZ_PORC_MONT,Banco Bice,15.211388436111783
2025-07-01 00:00:00,CMF_BCOS_IND_BASILEA3_PATEFE_APR_AGIFI_BICE_STO_RAZ_PORC_MONT,Banco Bice,14.770188395335643
2024-08-01 00:00:00,CMF_BCOS_IND_BASILEA3_PATEFE_APR_AGIFI_BINTE_STO_RAZ_PORC_MONT,Banco Internacional,14.99605703370887
2024-09-01 00:00:00,CMF_BCOS_IND_BASILEA3_PATEFE_APR_AGIFI_BINTE_STO_RAZ_PORC_MONT,Banco Internacional,14.984552649398509
2024-10-01 00:00:00,CMF_BCOS_IND_BASILEA3_PATEFE_APR_AGIFI_BINTE_STO_RAZ_PORC_MONT,Banco Internacional,14.918845452939278
2024-11-01 00:00:00,CMF_BCOS_IND_BASILEA3_PATEFE_APR_AGIFI_BINTE_STO_RAZ_PORC_MONT,Banco Internacional,14.871941556806476
2024-12-01 00:00:00,CMF_BCOS_IND_BASILEA3_PATEFE_APR_AGIFI_BINTE_STO_RAZ_PORC_MONT,Banco Internacional,14.796505227000607
2025-01-01 00:00:00,CMF_BCOS_IND_BASILEA3_PATEFE_APR_AGIFI_BINTE_STO_RAZ_PORC_MONT,Banco Internacional,14.556160412148708
2025-02-01 00:00:00,CMF_BCOS_IND_BASILEA3_PATEFE_APR_AGIFI_BINTE_STO_RAZ_PORC_MONT,Banco Internacional,14.50211672299383
2025-03-01 00:00:00,CMF_BCOS_IND_BASILEA3_PATEFE_APR_AGIFI_BINTE_STO_RAZ_PORC_MONT,Banco Internacional,14.888006817677438
2025-04-01 00:00:00,CMF_BCOS_IND_BASILEA3_PATEFE_APR_AGIFI_BINTE_STO_RAZ_PORC_MONT,Banco Internacional,16.975351883215577
2025-05-01 00:00:00,CMF_BCOS_IND_BASILEA3_PATEFE_APR_AGIFI_BINTE_STO_RAZ_PORC_MONT,Banco Internacional,17.28708542909089
2025-06-01 00:00:00,CMF_BCOS_IND_BASILEA3_PATEFE_APR_AGIFI_BINTE_STO_RAZ_PORC_MONT,Banco Internacional,16.55910717204227
2025-07-01 00:00:00,CMF_BCOS_IND_BASILEA3_PATEFE_APR_AGIFI_BINTE_STO_RAZ_PORC_MONT,Banco Internacional,16.351242018379136
2024-08-01 00:00:00,CMF_BCOS_IND_BASILEA3_PATEFE_APR_AGIFI_BITAUCORP_STO_RAZ_PORC_MONT,Banco Itaú Chile,15.171038039244909
2024-09-01 00:00:00,CMF_BCOS_IND_BASILEA3_PATEFE_APR_AGIFI_BITAUCORP_STO_RAZ_PORC_MONT,Banco Itaú Chile,15.410048190433528
2024-10-01 00:00:00,CMF_BCOS_IND_BASILEA3_PATEFE_APR_AGIFI_BITAUCORP_STO_RAZ_PORC_MONT,Banco Itaú Chile,15.171270531783456
2024-11-01 00:00:00,CMF_BCOS_IND_BASILEA3_PATEFE_APR_AGIFI_BITAUCORP_STO_RAZ_PORC_MONT,Banco Itaú Chile,15.261940996542455
2024-12-01 00:00:00,CMF_BCOS_IND_BASILEA3_PATEFE_APR_AGIFI_BITAUCORP_STO_RAZ_PORC_MONT,Banco Itaú Chile,15.767611103553184
2025-01-01 00:00:00,CMF_BCOS_IND_BASILEA3_PATEFE_APR_AGIFI_BITAUCORP_STO_RAZ_PORC_MONT,Banco Itaú Chile,15.727885617597318
2025-02-01 00:00:00,CMF_BCOS_IND_BASILEA3_PATEFE_APR_AGIFI_BITAUCORP_STO_RAZ_PORC_MONT,Banco Itaú Chile,16.323605642060834
2025-03-01 00:00:00,CMF_BCOS_IND_BASILEA3_PATEFE_APR_AGIFI_BITAUCORP_STO_RAZ_PORC_MONT,Banco Itaú Chile,16.557259186698378
2025-04-01 00:00:00,CMF_BCOS_IND_BASILEA3_PATEFE_APR_AGIFI_BITAUCORP_STO_RAZ_PORC_MONT,Banco Itaú Chile,16.63421646746028
2025-05-01 00:00:00,CMF_BCOS_IND_BASILEA3_PATEFE_APR_AGIFI_BITAUCORP_STO_RAZ_PORC_MONT,Banco Itaú Chile,16.7097864167109
2025-06-01 00:00:00,CMF_BCOS_IND_BASILEA3_PATEFE_APR_AGIFI_BITAUCORP_STO_RAZ_PORC_MONT,Banco Itaú Chile,17.47893705523675
2025-07-01 00:00:00,CMF_BCOS_IND_BASILEA3_PATEFE_APR_AGIFI_BITAUCORP_STO_RAZ_PORC_MONT,Banco Itaú Chile,17.43957935094563
2024-08-01 00:00:00,CMF_BCOS_IND_BASILEA3_PATEFE_APR_AGIFI_BKCH_STO_RAZ_PORC_MONT,Bank of China,479.8122864993971
2024-09-01 00:00:00,CMF_BCOS_IND_BASILEA3_PATEFE_APR_AGIFI_BKCH_STO_RAZ_PORC_MONT,Bank of China,479.36121952464515
2024-10-01 00:00:00,CMF_BCOS_IND_BASILEA3_PATEFE_APR_AGIFI_BKCH_STO_RAZ_PORC_MONT,Bank of China,458.34999002731615
2024-11-01 00:00:00,CMF_BCOS_IND_BASILEA3_PATEFE_APR_AGIFI_BKCH_STO_RAZ_PORC_MONT,Bank of China,389.29321716796295
2024-12-01 00:00:00,CMF_BCOS_IND_BASILEA3_PATEFE_APR_AGIFI_BKCH_STO_RAZ_PORC_MONT,Bank of China,431.4689804366176
2025-01-01 00:00:00,CMF_BCOS_IND_BASILEA3_PATEFE_APR_AGIFI_BKCH_STO_RAZ_PORC_MONT,Bank of China,375.38480086662076
2025-02-01 00:00:00,CMF_BCOS_IND_BASILEA3_PATEFE_APR_AGIFI_BKCH_STO_RAZ_PORC_MONT,Bank of China,347.5923775035506
2025-03-01 00:00:00,CMF_BCOS_IND_BASILEA3_PATEFE_APR_AGIFI_BKCH_STO_RAZ_PORC_MONT,Bank of China,373.2818180779826
2025-04-01 00:00:00,CMF_BCOS_IND_BASILEA3_PATEFE_APR_AGIFI_BKCH_STO_RAZ_PORC_MONT,Bank of China,392.3703619156028
2025-05-01 00:00:00,CMF_BCOS_IND_BASILEA3_PATEFE_APR_AGIFI_BKCH_STO_RAZ_PORC_MONT,Bank of China,389.5659781202911
2025-06-01 00:00:00,CMF_BCOS_IND_BASILEA3_PATEFE_APR_AGIFI_BKCH_STO_RAZ_PORC_MONT,Bank of China,383.1645053022195
2025-07-01 00:00:00,CMF_BCOS_IND_BASILEA3_PATEFE_APR_AGIFI_BKCH_STO_RAZ_PORC_MONT,Bank of China,395.54266152291586
2024-08-01 00:00:00,CMF_BCOS_IND_BASILEA3_PATEFE_APR_AGIFI_BRIPL_STO_RAZ_PORC_MONT,Banco Ripley,17.81941326884682
2024-09-01 00:00:00,CMF_BCOS_IND_BASILEA3_PATEFE_APR_AGIFI_BRIPL_STO_RAZ_PORC_MONT,Banco Ripley,17.783835703819946
2024-10-01 00:00:00,CMF_BCOS_IND_BASILEA3_PATEFE_APR_AGIFI_BRIPL_STO_RAZ_PORC_MONT,Banco Ripley,17.600696787188436
2024-11-01 00:00:00,CMF_BCOS_IND_BASILEA3_PATEFE_APR_AGIFI_BRIPL_STO_RAZ_PORC_MONT,Banco Ripley,17.681405599542718
2024-12-01 00:00:00,CMF_BCOS_IND_BASILEA3_PATEFE_APR_AGIFI_BRIPL_STO_RAZ_PORC_MONT,Banco Ripley,15.007263440364936
2025-01-01 00:00:00,CMF_BCOS_IND_BASILEA3_PATEFE_APR_AGIFI_BRIPL_STO_RAZ_PORC_MONT,Banco Ripley,15.112760953116045
2025-02-01 00:00:00,CMF_BCOS_IND_BASILEA3_PATEFE_APR_AGIFI_BRIPL_STO_RAZ_PORC_MONT,Banco Ripley,15.286894501370211
2025-03-01 00:00:00,CMF_BCOS_IND_BASILEA3_PATEFE_APR_AGIFI_BRIPL_STO_RAZ_PORC_MONT,Banco Ripley,15.728923873942069
2025-04-01 00:00:00,CMF_BCOS_IND_BASILEA3_PATEFE_APR_AGIFI_BRIPL_STO_RAZ_PORC_MONT,Banco Ripley,15.730405803622773
2025-05-01 00:00:00,CMF_BCOS_IND_BASILEA3_PATEFE_APR_AGIFI_BRIPL_STO_RAZ_PORC_MONT,Banco Ripley,15.765102428613798
2025-06-01 00:00:00,CMF_BCOS_IND_BASILEA3_PATEFE_APR_AGIFI_BRIPL_STO_RAZ_PORC_MONT,Banco Ripley,15.830548470838055
2025-07-01 00:00:00,CMF_BCOS_IND_BASILEA3_PATEFE_APR_AGIFI_BRIPL_STO_RAZ_PORC_MONT,Banco Ripley,16.13929017049251
2024-08-01 00:00:00,CMF_BCOS_IND_BASILEA3_PATEFE_APR_AGIFI_BSANT_STO_RAZ_PORC_MONT,Banco Santander-Chile,17.27483555142774
2024-09-01 00:00:00,CMF_BCOS_IND_BASILEA3_PATEFE_APR_AGIFI_BSANT_STO_RAZ_PORC_MONT,Banco Santander-Chile,17.17245720651675
2024-10-01 00:00:00,CMF_BCOS_IND_BASILEA3_PATEFE_APR_AGIFI_BSANT_STO_RAZ_PORC_MONT,Banco Santander-Chile,16.982923778471612
2024-11-01 00:00:00,CMF_BCOS_IND_BASILEA3_PATEFE_APR_AGIFI_BSANT_STO_RAZ_PORC_MONT,Banco Santander-Chile,16.886008062864658
2024-12-01 00:00:00,CMF_BCOS_IND_BASILEA3_PATEFE_APR_AGIFI_BSANT_STO_RAZ_PORC_MONT,Banco Santander-Chile,17.05668792348446
2025-01-01 00:00:00,CMF_BCOS_IND_BASILEA3_PATEFE_APR_AGIFI_BSANT_STO_RAZ_PORC_MONT,Banco Santander-Chile,16.907866158344312
2025-02-01 00:00:00,CMF_BCOS_IND_BASILEA3_PATEFE_APR_AGIFI_BSANT_STO_RAZ_PORC_MONT,Banco Santander-Chile,17.047197836686657
2025-03-01 00:00:00,CMF_BCOS_IND_BASILEA3_PATEFE_APR_AGIFI_BSANT_STO_RAZ_PORC_MONT,Banco Santander-Chile,16.89357347103577
2025-04-01 00:00:00,CMF_BCOS_IND_BASILEA3_PATEFE_APR_AGIFI_BSANT_STO_RAZ_PORC_MONT,Banco Santander-Chile,16.866639832139686
2025-05-01 00:00:00,CMF_BCOS_IND_BASILEA3_PATEFE_APR_AGIFI_BSANT_STO_RAZ_PORC_MONT,Banco Santander-Chile,16.80638805929251
2025-06-01 00:00:00,CMF_BCOS_IND_BASILEA3_PATEFE_APR_AGIFI_BSANT_STO_RAZ_PORC_MONT,Banco Santander-Chile,16.945531383486475
2025-07-01 00:00:00,CMF_BCOS_IND_BASILEA3_PATEFE_APR_AGIFI_BSANT_STO_RAZ_PORC_MONT,Banco Santander-Chile,16.83658558086766
2024-08-01 00:00:00,CMF_BCOS_IND_BASILEA3_PATEFE_APR_AGIFI_BSCOT_STO_RAZ_PORC_MONT,Scotiabank Chile,15.604060770092419
2024-09-01 00:00:00,CMF_BCOS_IND_BASILEA3_PATEFE_APR_AGIFI_BSCOT_STO_RAZ_PORC_MONT,Scotiabank Chile,15.93941655753889
2024-10-01 00:00:00,CMF_BCOS_IND_BASILEA3_PATEFE_APR_AGIFI_BSCOT_STO_RAZ_PORC_MONT,Scotiabank Chile,15.573156483821743
2024-11-01 00:00:00,CMF_BCOS_IND_BASILEA3_PATEFE_APR_AGIFI_BSCOT_STO_RAZ_PORC_MONT,Scotiabank Chile,17.763094753479887
2024-12-01 00:00:00,CMF_BCOS_IND_BASILEA3_PATEFE_APR_AGIFI_BSCOT_STO_RAZ_PORC_MONT,Scotiabank Chile,17.304164126020655
2025-01-01 00:00:00,CMF_BCOS_IND_BASILEA3_PATEFE_APR_AGIFI_BSCOT_STO_RAZ_PORC_MONT,Scotiabank Chile,16.883842979005728
2025-02-01 00:00:00,CMF_BCOS_IND_BASILEA3_PATEFE_APR_AGIFI_BSCOT_STO_RAZ_PORC_MONT,Scotiabank Chile,16.746124324090168
2025-03-01 00:00:00,CMF_BCOS_IND_BASILEA3_PATEFE_APR_AGIFI_BSCOT_STO_RAZ_PORC_MONT,Scotiabank Chile,17.01462902726726
2025-04-01 00:00:00,CMF_BCOS_IND_BASILEA3_PATEFE_APR_AGIFI_BSCOT_STO_RAZ_PORC_MONT,Scotiabank Chile,16.925620277814737
2025-05-01 00:00:00,CMF_BCOS_IND_BASILEA3_PATEFE_APR_AGIFI_BSCOT_STO_RAZ_PORC_MONT,Scotiabank Chile,16.900996902267018
2025-06-01 00:00:00,CMF_BCOS_IND_BASILEA3_PATEFE_APR_AGIFI_BSCOT_STO_RAZ_PORC_MONT,Scotiabank Chile,17.170140569478487
2025-07-01 00:00:00,CMF_BCOS_IND_BASILEA3_PATEFE_APR_AGIFI_BSCOT_STO_RAZ_PORC_MONT,Scotiabank Chile,17.189250223798673
2024-08-01 00:00:00,CMF_BCOS_IND_BASILEA3_PATEFE_APR_AGIFI_BSEC_STO_RAZ_PORC_MONT,Banco Security,16.06256838102958
2024-09-01 00:00:00,CMF_BCOS_IND_BASILEA3_PATEFE_APR_AGIFI_BSEC_STO_RAZ_PORC_MONT,Banco Security,16.204847294754476
2024-10-01 00:00:00,CMF_BCOS_IND_BASILEA3_PATEFE_APR_AGIFI_BSEC_STO_RAZ_PORC_MONT,Banco Security,16.052494694677073
2024-11-01 00:00:00,CMF_BCOS_IND_BASILEA3_PATEFE_APR_AGIFI_BSEC_STO_RAZ_PORC_MONT,Banco Security,15.685553805116692
2024-12-01 00:00:00,CMF_BCOS_IND_BASILEA3_PATEFE_APR_AGIFI_BSEC_STO_RAZ_PORC_MONT,Banco Security,15.386073642276546
2025-01-01 00:00:00,CMF_BCOS_IND_BASILEA3_PATEFE_APR_AGIFI_BSEC_STO_RAZ_PORC_MONT,Banco Security,15.304007676252084
2025-02-01 00:00:00,CMF_BCOS_IND_BASILEA3_PATEFE_APR_AGIFI_BSEC_STO_RAZ_PORC_MONT,Banco Security,14.945093356932352
2025-03-01 00:00:00,CMF_BCOS_IND_BASILEA3_PATEFE_APR_AGIFI_BSEC_STO_RAZ_PORC_MONT,Banco Security,15.233614369809443
2025-04-01 00:00:00,CMF_BCOS_IND_BASILEA3_PATEFE_APR_AGIFI_BSEC_STO_RAZ_PORC_MONT,Banco Security,15.155367813731333
2025-05-01 00:00:00,CMF_BCOS_IND_BASILEA3_PATEFE_APR_AGIFI_BSEC_STO_RAZ_PORC_MONT,Banco Security,15.35917925871947
2025-06-01 00:00:00,CMF_BCOS_IND_BASILEA3_PATEFE_APR_AGIFI_BSEC_STO_RAZ_PORC_MONT,Banco Security,15.585288978341096
2025-07-01 00:00:00,CMF_BCOS_IND_BASILEA3_PATEFE_APR_AGIFI_BSEC_STO_RAZ_PORC_MONT,Banco Security,15.299157650840966
2024-08-01 00:00:00,CMF_BCOS_IND_BASILEA3_PATEFE_APR_AGIFI_CHCONBANK_STO_RAZ_PORC_MONT,China Construction Bank,59.78254315651774
2024-09-01 00:00:00,CMF_BCOS_IND_BASILEA3_PATEFE_APR_AGIFI_CHCONBANK_STO_RAZ_PORC_MONT,China Construction Bank,56.53731937765813
2024-10-01 00:00:00,CMF_BCOS_IND_BASILEA3_PATEFE_APR_AGIFI_CHCONBANK_STO_RAZ_PORC_MONT,China Construction Bank,54.34412825604776
2024-11-01 00:00:00,CMF_BCOS_IND_BASILEA3_PATEFE_APR_AGIFI_CHCONBANK_STO_RAZ_PORC_MONT,China Construction Bank,54.092973700266384
2024-12-01 00:00:00,CMF_BCOS_IND_BASILEA3_PATEFE_APR_AGIFI_CHCONBANK_STO_RAZ_PORC_MONT,China Construction Bank,50.88879971508565
2025-01-01 00:00:00,CMF_BCOS_IND_BASILEA3_PATEFE_APR_AGIFI_CHCONBANK_STO_RAZ_PORC_MONT,China Construction Bank,50.16515037250132
2025-02-01 00:00:00,CMF_BCOS_IND_BASILEA3_PATEFE_APR_AGIFI_CHCONBANK_STO_RAZ_PORC_MONT,China Construction Bank,50.208530565984695
2025-03-01 00:00:00,CMF_BCOS_IND_BASILEA3_PATEFE_APR_AGIFI_CHCONBANK_STO_RAZ_PORC_MONT,China Construction Bank,50.35649759691821
2025-04-01 00:00:00,CMF_BCOS_IND_BASILEA3_PATEFE_APR_AGIFI_CHCONBANK_STO_RAZ_PORC_MONT,China Construction Bank,49.75236383818701
2025-05-01 00:00:00,CMF_BCOS_IND_BASILEA3_PATEFE_APR_AGIFI_CHCONBANK_STO_RAZ_PORC_MONT,China Construction Bank,50.529954206349
2025-06-01 00:00:00,CMF_BCOS_IND_BASILEA3_PATEFE_APR_AGIFI_CHCONBANK_STO_RAZ_PORC_MONT,China Construction Bank,54.36979973299291
2025-07-01 00:00:00,CMF_BCOS_IND_BASILEA3_PATEFE_APR_AGIFI_CHCONBANK_STO_RAZ_PORC_MONT,China Construction Bank,53.64004987643057
2024-08-01 00:00:00,CMF_BCOS_IND_BASILEA3_PATEFE_APR_AGIFI_HSBC_STO_RAZ_PORC_MONT,HSBC Bank (Chile),21.300794589199256
2024-09-01 00:00:00,CMF_BCOS_IND_BASILEA3_PATEFE_APR_AGIFI_HSBC_STO_RAZ_PORC_MONT,HSBC Bank (Chile),19.33463758426288
2024-10-01 00:00:00,CMF_BCOS_IND_BASILEA3_PATEFE_APR_AGIFI_HSBC_STO_RAZ_PORC_MONT,HSBC Bank (Chile),16.563490397371506
2024-11-01 00:00:00,CMF_BCOS_IND_BASILEA3_PATEFE_APR_AGIFI_HSBC_STO_RAZ_PORC_MONT,HSBC Bank (Chile),19.263793621016017
2024-12-01 00:00:00,CMF_BCOS_IND_BASILEA3_PATEFE_APR_AGIFI_HSBC_STO_RAZ_PORC_MONT,HSBC Bank (Chile),16.744085203038193
2025-01-01 00:00:00,CMF_BCOS_IND_BASILEA3_PATEFE_APR_AGIFI_HSBC_STO_RAZ_PORC_MONT,HSBC Bank (Chile),17.138665556094505
2025-02-01 00:00:00,CMF_BCOS_IND_BASILEA3_PATEFE_APR_AGIFI_HSBC_STO_RAZ_PORC_MONT,HSBC Bank (Chile),17.289791698961707
2025-03-01 00:00:00,CMF_BCOS_IND_BASILEA3_PATEFE_APR_AGIFI_HSBC_STO_RAZ_PORC_MONT,HSBC Bank (Chile),18.303714220156664
2025-04-01 00:00:00,CMF_BCOS_IND_BASILEA3_PATEFE_APR_AGIFI_HSBC_STO_RAZ_PORC_MONT,HSBC Bank (Chile),17.870881399366887
2025-05-01 00:00:00,CMF_BCOS_IND_BASILEA3_PATEFE_APR_AGIFI_HSBC_STO_RAZ_PORC_MONT,HSBC Bank (Chile),18.123058143942693
2025-06-01 00:00:00,CMF_BCOS_IND_BASILEA3_PATEFE_APR_AGIFI_HSBC_STO_RAZ_PORC_MONT,HSBC Bank (Chile),18.825153474086946
2025-07-01 00:00:00,CMF_BCOS_IND_BASILEA3_PATEFE_APR_AGIFI_HSBC_STO_RAZ_PORC_MONT,HSBC Bank (Chile),16.21297148069824
2024-08-01 00:00:00,CMF_BCOS_IND_BASILEA3_PATEFE_APR_AGIFI_JPMGC_STO_RAZ_PORC_MONT,Jp Morgan Chase Bank. N. A.,48.286475634218526
2024-09-01 00:00:00,CMF_BCOS_IND_BASILEA3_PATEFE_APR_AGIFI_JPMGC_STO_RAZ_PORC_MONT,Jp Morgan Chase Bank. N. A.,50.211400581686284
2024-10-01 00:00:00,CMF_BCOS_IND_BASILEA3_PATEFE_APR_AGIFI_JPMGC_STO_RAZ_PORC_MONT,Jp Morgan Chase Bank. N. A.,51.881476913785185
2024-11-01 00:00:00,CMF_BCOS_IND_BASILEA3_PATEFE_APR_AGIFI_JPMGC_STO_RAZ_PORC_MONT,Jp Morgan Chase Bank. N. A.,51.253777875450254
2024-12-01 00:00:00,CMF_BCOS_IND_BASILEA3_PATEFE_APR_AGIFI_JPMGC_STO_RAZ_PORC_MONT,Jp Morgan Chase Bank. N. A.,51.79075093921966
2025-01-01 00:00:00,CMF_BCOS_IND_BASILEA3_PATEFE_APR_AGIFI_JPMGC_STO_RAZ_PORC_MONT,Jp Morgan Chase Bank. N. A.,60.26468022434382
2025-02-01 00:00:00,CMF_BCOS_IND_BASILEA3_PATEFE_APR_AGIFI_JPMGC_STO_RAZ_PORC_MONT,Jp Morgan Chase Bank. N. A.,53.068579345796024
2025-03-01 00:00:00,CMF_BCOS_IND_BASILEA3_PATEFE_APR_AGIFI_JPMGC_STO_RAZ_PORC_MONT,Jp Morgan Chase Bank. N. A.,50.004686742041315
2025-04-01 00:00:00,CMF_BCOS_IND_BASILEA3_PATEFE_APR_AGIFI_JPMGC_STO_RAZ_PORC_MONT,Jp Morgan Chase Bank. N. A.,50.00831845773886
2025-05-01 00:00:00,CMF_BCOS_IND_BASILEA3_PATEFE_APR_AGIFI_JPMGC_STO_RAZ_PORC_MONT,Jp Morgan Chase Bank. N. A.,50.21201343526442
2025-06-01 00:00:00,CMF_BCOS_IND_BASILEA3_PATEFE_APR_AGIFI_JPMGC_STO_RAZ_PORC_MONT,Jp Morgan Chase Bank. N. A.,55.27951676559693
2025-07-01 00:00:00,CMF_BCOS_IND_BASILEA3_PATEFE_APR_AGIFI_JPMGC_STO_RAZ_PORC_MONT,Jp Morgan Chase Bank. N. A.,47.84940136039286
2024-08-01 00:00:00,CMF_BCOS_IND_BASILEA3_PATEFE_APR_AGIFI_SISTBANC_STO_RAZ_PORC_MONT,Sistema Bancario,16.678060961259202
2024-09-01 00:00:00,CMF_BCOS_IND_BASILEA3_PATEFE_APR_AGIFI_SISTBANC_STO_RAZ_PORC_MONT,Sistema Bancario,17.000440679387594
2024-10-01 00:00:00,CMF_BCOS_IND_BASILEA3_PATEFE_APR_AGIFI_SISTBANC_STO_RAZ_PORC_MONT,Sistema Bancario,16.770288350222618
2024-11-01 00:00:00,CMF_BCOS_IND_BASILEA3_PATEFE_APR_AGIFI_SISTBANC_STO_RAZ_PORC_MONT,Sistema Bancario,17.00138705591098
2024-12-01 00:00:00,CMF_BCOS_IND_BASILEA3_PATEFE_APR_AGIFI_SISTBANC_STO_RAZ_PORC_MONT,Sistema Bancario,16.877161137068647
2025-01-01 00:00:00,CMF_BCOS_IND_BASILEA3_PATEFE_APR_AGIFI_SISTBANC_STO_RAZ_PORC_MONT,Sistema Bancario,16.800636198170306
2025-02-01 00:00:00,CMF_BCOS_IND_BASILEA3_PATEFE_APR_AGIFI_SISTBANC_STO_RAZ_PORC_MONT,Sistema Bancario,16.90405017507556
2025-03-01 00:00:00,CMF_BCOS_IND_BASILEA3_PATEFE_APR_AGIFI_SISTBANC_STO_RAZ_PORC_MONT,Sistema Bancario,16.84512188391969
2025-04-01 00:00:00,CMF_BCOS_IND_BASILEA3_PATEFE_APR_AGIFI_SISTBANC_STO_RAZ_PORC_MONT,Sistema Bancario,16.740017943956257
2025-05-01 00:00:00,CMF_BCOS_IND_BASILEA3_PATEFE_APR_AGIFI_SISTBANC_STO_RAZ_PORC_MONT,Sistema Bancario,16.800788906157415
2025-06-01 00:00:00,CMF_BCOS_IND_BASILEA3_PATEFE_APR_AGIFI_SISTBANC_STO_RAZ_PORC_MONT,Sistema Bancario,16.985234605159768
2025-07-01 00:00:00,CMF_BCOS_IND_BASILEA3_PATEFE_APR_AGIFI_SISTBANC_STO_RAZ_PORC_MONT,Sistema Bancario,16.863723122953793
2025-08-01 00:00:00,CMF_BCOS_IND_BASILEA3_PATEFE_APR_AGIFI_BBTGP_STO_RAZ_PORC_MONT,Banco BTG Pactual Chile,16.76050568492816
2025-09-01 00:00:00,CMF_BCOS_IND_BASILEA3_PATEFE_APR_AGIFI_BBTGP_STO_RAZ_PORC_MONT,Banco BTG Pactual Chile,16.386823729112752
2025-10-01 00:00:00,CMF_BCOS_IND_BASILEA3_PATEFE_APR_AGIFI_BBTGP_STO_RAZ_PORC_MONT,Banco BTG Pactual Chile,16.99527721162442
2025-11-01 00:00:00,CMF_BCOS_IND_BASILEA3_PATEFE_APR_AGIFI_BBTGP_STO_RAZ_PORC_MONT,Banco BTG Pactual Chile,21.12784192133026
2025-12-01 00:00:00,CMF_BCOS_IND_BASILEA3_PATEFE_APR_AGIFI_BBTGP_STO_RAZ_PORC_MONT,Banco BTG Pactual Chile,20.74175189627831
2026-01-01 00:00:00,CMF_BCOS_IND_BASILEA3_PATEFE_APR_AGIFI_BBTGP_STO_RAZ_PORC_MONT,Banco BTG Pactual Chile,20.979627258046374
2026-02-01 00:00:00,CMF_BCOS_IND_BASILEA3_PATEFE_APR_AGIFI_BBTGP_STO_RAZ_PORC_MONT,Banco BTG Pactual Chile,20.49228532899017
2026-03-01 00:00:00,CMF_BCOS_IND_BASILEA3_PATEFE_APR_AGIFI_BBTGP_STO_RAZ_PORC_MONT,Banco BTG Pactual Chile,19.74185539177509
2026-04-01 00:00:00,CMF_BCOS_IND_BASILEA3_PATEFE_APR_AGIFI_BBTGP_STO_RAZ_PORC_MONT,Banco BTG Pactual Chile,19.987707776853792
2026-05-01 00:00:00,CMF_BCOS_IND_BASILEA3_PATEFE_APR_AGIFI_BBTGP_STO_RAZ_PORC_MONT,Banco BTG Pactual Chile,19.683308950757432
2026-06-01 00:00:00,CMF_BCOS_IND_BASILEA3_PATEFE_APR_AGIFI_BBTGP_STO_RAZ_PORC_MONT,Banco BTG Pactual Chile,18.794628046357865
2025-08-01 00:00:00,CMF_BCOS_IND_BASILEA3_PATEFE_APR_AGIFI_BCHI_STO_RAZ_PORC_MONT,Banco de Chile,17.763107201084075
2025-09-01 00:00:00,CMF_BCOS_IND_BASILEA3_PATEFE_APR_AGIFI_BCHI_STO_RAZ_PORC_MONT,Banco de Chile,17.965079994276618
2025-10-01 00:00:00,CMF_BCOS_IND_BASILEA3_PATEFE_APR_AGIFI_BCHI_STO_RAZ_PORC_MONT,Banco de Chile,18.24442976849956
2025-11-01 00:00:00,CMF_BCOS_IND_BASILEA3_PATEFE_APR_AGIFI_BCHI_STO_RAZ_PORC_MONT,Banco de Chile,18.32731487120094
2025-12-01 00:00:00,CMF_BCOS_IND_BASILEA3_PATEFE_APR_AGIFI_BCHI_STO_RAZ_PORC_MONT,Banco de Chile,18.28212818024748
2026-01-01 00:00:00,CMF_BCOS_IND_BASILEA3_PATEFE_APR_AGIFI_BCHI_STO_RAZ_PORC_MONT,Banco de Chile,18.123333025381065
2026-02-01 00:00:00,CMF_BCOS_IND_BASILEA3_PATEFE_APR_AGIFI_BCHI_STO_RAZ_PORC_MONT,Banco de Chile,18.315463674799453
2026-03-01 00:00:00,CMF_BCOS_IND_BASILEA3_PATEFE_APR_AGIFI_BCHI_STO_RAZ_PORC_MONT,Banco de Chile,17.03248563552327
2026-04-01 00:00:00,CMF_BCOS_IND_BASILEA3_PATEFE_APR_AGIFI_BCHI_STO_RAZ_PORC_MONT,Banco de Chile,17.446689871756043
2026-05-01 00:00:00,CMF_BCOS_IND_BASILEA3_PATEFE_APR_AGIFI_BCHI_STO_RAZ_PORC_MONT,Banco de Chile,17.546525545816618
2026-06-01 00:00:00,CMF_BCOS_IND_BASILEA3_PATEFE_APR_AGIFI_BCHI_STO_RAZ_PORC_MONT,Banco de Chile,17.636694953893056
2025-08-01 00:00:00,CMF_BCOS_IND_BASILEA3_PATEFE_APR_AGIFI_BCI_STO_RAZ_PORC_MONT,Banco de Crédito e Inversiones,15.295663903770231
2025-09-01 00:00:00,CMF_BCOS_IND_BASILEA3_PATEFE_APR_AGIFI_BCI_STO_RAZ_PORC_MONT,Banco de Crédito e Inversiones,15.428381625463782
2025-10-01 00:00:00,CMF_BCOS_IND_BASILEA3_PATEFE_APR_AGIFI_BCI_STO_RAZ_PORC_MONT,Banco de Crédito e Inversiones,15.582399347588561
2025-11-01 00:00:00,CMF_BCOS_IND_BASILEA3_PATEFE_APR_AGIFI_BCI_STO_RAZ_PORC_MONT,Banco de Crédito e Inversiones,15.842976031963392
2025-12-01 00:00:00,CMF_BCOS_IND_BASILEA3_PATEFE_APR_AGIFI_BCI_STO_RAZ_PORC_MONT,Banco de Crédito e Inversiones,15.37541193808904
2026-01-01 00:00:00,CMF_BCOS_IND_BASILEA3_PATEFE_APR_AGIFI_BCI_STO_RAZ_PORC_MONT,Banco de Crédito e Inversiones,15.438873991209658
2026-02-01 00:00:00,CMF_BCOS_IND_BASILEA3_PATEFE_APR_AGIFI_BCI_STO_RAZ_PORC_MONT,Banco de Crédito e Inversiones,15.66950428567789
2026-03-01 00:00:00,CMF_BCOS_IND_BASILEA3_PATEFE_APR_AGIFI_BCI_STO_RAZ_PORC_MONT,Banco de Crédito e Inversiones,14.810569157306091
2026-04-01 00:00:00,CMF_BCOS_IND_BASILEA3_PATEFE_APR_AGIFI_BCI_STO_RAZ_PORC_MONT,Banco de Crédito e Inversiones,14.992438467266958
2026-05-01 00:00:00,CMF_BCOS_IND_BASILEA3_PATEFE_APR_AGIFI_BCI_STO_RAZ_PORC_MONT,Banco de Crédito e Inversiones,15.25522295083964
2026-06-01 00:00:00,CMF_BCOS_IND_BASILEA3_PATEFE_APR_AGIFI_BCI_STO_RAZ_PORC_MONT,Banco de Crédito e Inversiones,15.319306915991382
2025-08-01 00:00:00,CMF_BCOS_IND_BASILEA3_PATEFE_APR_AGIFI_BCON_STO_RAZ_PORC_MONT,Banco Consorcio,22.27515438692938
2025-09-01 00:00:00,CMF_BCOS_IND_BASILEA3_PATEFE_APR_AGIFI_BCON_STO_RAZ_PORC_MONT,Banco Consorcio,22.07002296694303
2025-10-01 00:00:00,CMF_BCOS_IND_BASILEA3_PATEFE_APR_AGIFI_BCON_STO_RAZ_PORC_MONT,Banco Consorcio,22.55021262321211
2025-11-01 00:00:00,CMF_BCOS_IND_BASILEA3_PATEFE_APR_AGIFI_BCON_STO_RAZ_PORC_MONT,Banco Consorcio,22.829351644722266
2025-12-01 00:00:00,CMF_BCOS_IND_BASILEA3_PATEFE_APR_AGIFI_BCON_STO_RAZ_PORC_MONT,Banco Consorcio,22.873878184556666
2026-01-01 00:00:00,CMF_BCOS_IND_BASILEA3_PATEFE_APR_AGIFI_BCON_STO_RAZ_PORC_MONT,Banco Consorcio,22.40871207328309
2026-02-01 00:00:00,CMF_BCOS_IND_BASILEA3_PATEFE_APR_AGIFI_BCON_STO_RAZ_PORC_MONT,Banco Consorcio,22.350465732788383
2026-03-01 00:00:00,CMF_BCOS_IND_BASILEA3_PATEFE_APR_AGIFI_BCON_STO_RAZ_PORC_MONT,Banco Consorcio,20.91896252486444
2026-04-01 00:00:00,CMF_BCOS_IND_BASILEA3_PATEFE_APR_AGIFI_BCON_STO_RAZ_PORC_MONT,Banco Consorcio,21.179806204797657
2026-05-01 00:00:00,CMF_BCOS_IND_BASILEA3_PATEFE_APR_AGIFI_BCON_STO_RAZ_PORC_MONT,Banco Consorcio,20.914195392808825
2026-06-01 00:00:00,CMF_BCOS_IND_BASILEA3_PATEFE_APR_AGIFI_BCON_STO_RAZ_PORC_MONT,Banco Consorcio,20.32933142635511
2025-08-01 00:00:00,CMF_BCOS_IND_BASILEA3_PATEFE_APR_AGIFI_BECH_STO_RAZ_PORC_MONT,Banco del Estado de Chile,16.80347249693945
2025-09-01 00:00:00,CMF_BCOS_IND_BASILEA3_PATEFE_APR_AGIFI_BECH_STO_RAZ_PORC_MONT,Banco del Estado de Chile,16.560722859565374
2025-10-01 00:00:00,CMF_BCOS_IND_BASILEA3_PATEFE_APR_AGIFI_BECH_STO_RAZ_PORC_MONT,Banco del Estado de Chile,16.557992439176587
2025-11-01 00:00:00,CMF_BCOS_IND_BASILEA3_PATEFE_APR_AGIFI_BECH_STO_RAZ_PORC_MONT,Banco del Estado de Chile,16.621041991099805
2025-12-01 00:00:00,CMF_BCOS_IND_BASILEA3_PATEFE_APR_AGIFI_BECH_STO_RAZ_PORC_MONT,Banco del Estado de Chile,16.23664978613073
2026-01-01 00:00:00,CMF_BCOS_IND_BASILEA3_PATEFE_APR_AGIFI_BECH_STO_RAZ_PORC_MONT,Banco del Estado de Chile,16.29901917325969
2026-02-01 00:00:00,CMF_BCOS_IND_BASILEA3_PATEFE_APR_AGIFI_BECH_STO_RAZ_PORC_MONT,Banco del Estado de Chile,16.58361832348289
2026-03-01 00:00:00,CMF_BCOS_IND_BASILEA3_PATEFE_APR_AGIFI_BECH_STO_RAZ_PORC_MONT,Banco del Estado de Chile,16.603985539599947
2026-04-01 00:00:00,CMF_BCOS_IND_BASILEA3_PATEFE_APR_AGIFI_BECH_STO_RAZ_PORC_MONT,Banco del Estado de Chile,16.91267132144145
2026-05-01 00:00:00,CMF_BCOS_IND_BASILEA3_PATEFE_APR_AGIFI_BECH_STO_RAZ_PORC_MONT,Banco del Estado de Chile,17.23472562090655
2026-06-01 00:00:00,CMF_BCOS_IND_BASILEA3_PATEFE_APR_AGIFI_BECH_STO_RAZ_PORC_MONT,Banco del Estado de Chile,17.51559605323502
2025-08-01 00:00:00,CMF_BCOS_IND_BASILEA3_PATEFE_APR_AGIFI_BFALA_STO_RAZ_PORC_MONT,Banco Falabella,18.035378952151394
2025-09-01 00:00:00,CMF_BCOS_IND_BASILEA3_PATEFE_APR_AGIFI_BFALA_STO_RAZ_PORC_MONT,Banco Falabella,17.945687977731314
2025-10-01 00:00:00,CMF_BCOS_IND_BASILEA3_PATEFE_APR_AGIFI_BFALA_STO_RAZ_PORC_MONT,Banco Falabella,18.033121462547403
2025-11-01 00:00:00,CMF_BCOS_IND_BASILEA3_PATEFE_APR_AGIFI_BFALA_STO_RAZ_PORC_MONT,Banco Falabella,17.884662963226035
2025-12-01 00:00:00,CMF_BCOS_IND_BASILEA3_PATEFE_APR_AGIFI_BFALA_STO_RAZ_PORC_MONT,Banco Falabella,17.23076629543877
2026-01-01 00:00:00,CMF_BCOS_IND_BASILEA3_PATEFE_APR_AGIFI_BFALA_STO_RAZ_PORC_MONT,Banco Falabella,17.06441677965963
2026-02-01 00:00:00,CMF_BCOS_IND_BASILEA3_PATEFE_APR_AGIFI_BFALA_STO_RAZ_PORC_MONT,Banco Falabella,17.05631852024535
2026-03-01 00:00:00,CMF_BCOS_IND_BASILEA3_PATEFE_APR_AGIFI_BFALA_STO_RAZ_PORC_MONT,Banco Falabella,16.401363745173327
2026-04-01 00:00:00,CMF_BCOS_IND_BASILEA3_PATEFE_APR_AGIFI_BFALA_STO_RAZ_PORC_MONT,Banco Falabella,16.77065601954179
2026-05-01 00:00:00,CMF_BCOS_IND_BASILEA3_PATEFE_APR_AGIFI_BFALA_STO_RAZ_PORC_MONT,Banco Falabella,17.080210926587206
2026-06-01 00:00:00,CMF_BCOS_IND_BASILEA3_PATEFE_APR_AGIFI_BFALA_STO_RAZ_PORC_MONT,Banco Falabella,17.001430562719857
2025-08-01 00:00:00,CMF_BCOS_IND_BASILEA3_PATEFE_APR_AGIFI_BICE_STO_RAZ_PORC_MONT,Banco Bice,15.149995119857138
2025-09-01 00:00:00,CMF_BCOS_IND_BASILEA3_PATEFE_APR_AGIFI_BICE_STO_RAZ_PORC_MONT,Banco Bice,15.360488649095005
2025-10-01 00:00:00,CMF_BCOS_IND_BASILEA3_PATEFE_APR_AGIFI_BICE_STO_RAZ_PORC_MONT,Banco Bice,15.45752480210815
2025-11-01 00:00:00,CMF_BCOS_IND_BASILEA3_PATEFE_APR_AGIFI_BICE_STO_RAZ_PORC_MONT,Banco Bice,16.336044890163375
2025-12-01 00:00:00,CMF_BCOS_IND_BASILEA3_PATEFE_APR_AGIFI_BICE_STO_RAZ_PORC_MONT,Banco Bice,16.321155933236874
2026-01-01 00:00:00,CMF_BCOS_IND_BASILEA3_PATEFE_APR_AGIFI_BICE_STO_RAZ_PORC_MONT,Banco Bice,16.382208656251812
2026-02-01 00:00:00,CMF_BCOS_IND_BASILEA3_PATEFE_APR_AGIFI_BICE_STO_RAZ_PORC_MONT,Banco Bice,16.40296094341688
2026-03-01 00:00:00,CMF_BCOS_IND_BASILEA3_PATEFE_APR_AGIFI_BICE_STO_RAZ_PORC_MONT,Banco Bice,16.23747062728646
2026-04-01 00:00:00,CMF_BCOS_IND_BASILEA3_PATEFE_APR_AGIFI_BICE_STO_RAZ_PORC_MONT,Banco Bice,16.4371117727763
2026-05-01 00:00:00,CMF_BCOS_IND_BASILEA3_PATEFE_APR_AGIFI_BICE_STO_RAZ_PORC_MONT,Banco Bice,16.471043122220678
2026-06-01 00:00:00,CMF_BCOS_IND_BASILEA3_PATEFE_APR_AGIFI_BICE_STO_RAZ_PORC_MONT,Banco Bice,16.271390970661486
2025-08-01 00:00:00,CMF_BCOS_IND_BASILEA3_PATEFE_APR_AGIFI_BINTE_STO_RAZ_PORC_MONT,Banco Internacional,16.459090379071835
2025-09-01 00:00:00,CMF_BCOS_IND_BASILEA3_PATEFE_APR_AGIFI_BINTE_STO_RAZ_PORC_MONT,Banco Internacional,16.43623141238722
2025-10-01 00:00:00,CMF_BCOS_IND_BASILEA3_PATEFE_APR_AGIFI_BINTE_STO_RAZ_PORC_MONT,Banco Internacional,16.550995666120105
2025-11-01 00:00:00,CMF_BCOS_IND_BASILEA3_PATEFE_APR_AGIFI_BINTE_STO_RAZ_PORC_MONT,Banco Internacional,17.104617081349037
2025-12-01 00:00:00,CMF_BCOS_IND_BASILEA3_PATEFE_APR_AGIFI_BINTE_STO_RAZ_PORC_MONT,Banco Internacional,16.95381631101943
2026-01-01 00:00:00,CMF_BCOS_IND_BASILEA3_PATEFE_APR_AGIFI_BINTE_STO_RAZ_PORC_MONT,Banco Internacional,17.32176041298316
2026-02-01 00:00:00,CMF_BCOS_IND_BASILEA3_PATEFE_APR_AGIFI_BINTE_STO_RAZ_PORC_MONT,Banco Internacional,17.25068549059334
2026-03-01 00:00:00,CMF_BCOS_IND_BASILEA3_PATEFE_APR_AGIFI_BINTE_STO_RAZ_PORC_MONT,Banco Internacional,16.796179890173608
2026-04-01 00:00:00,CMF_BCOS_IND_BASILEA3_PATEFE_APR_AGIFI_BINTE_STO_RAZ_PORC_MONT,Banco Internacional,17.186736916438424
2026-05-01 00:00:00,CMF_BCOS_IND_BASILEA3_PATEFE_APR_AGIFI_BINTE_STO_RAZ_PORC_MONT,Banco Internacional,17.14266911845369
2026-06-01 00:00:00,CMF_BCOS_IND_BASILEA3_PATEFE_APR_AGIFI_BINTE_STO_RAZ_PORC_MONT,Banco Internacional,16.31644179055501
2025-08-01 00:00:00,CMF_BCOS_IND_BASILEA3_PATEFE_APR_AGIFI_BITAUCORP_STO_RAZ_PORC_MONT,Banco Itaú Chile,17.48982368036495
2025-10-01 00:00:00,CMF_BCOS_IND_BASILEA3_PATEFE_APR_AGIFI_BITAUCORP_STO_RAZ_PORC_MONT,Banco Itaú Chile,17.676554999359546
2025-11-01 00:00:00,CMF_BCOS_IND_BASILEA3_PATEFE_APR_AGIFI_BITAUCORP_STO_RAZ_PORC_MONT,Banco Itaú Chile,17.824110812179224
2025-12-01 00:00:00,CMF_BCOS_IND_BASILEA3_PATEFE_APR_AGIFI_BITAUCORP_STO_RAZ_PORC_MONT,Banco Itaú Chile,17.6970377626973
2026-01-01 00:00:00,CMF_BCOS_IND_BASILEA3_PATEFE_APR_AGIFI_BITAUCORP_STO_RAZ_PORC_MONT,Banco Itaú Chile,17.369240954050095
2026-02-01 00:00:00,CMF_BCOS_IND_BASILEA3_PATEFE_APR_AGIFI_BITAUCORP_STO_RAZ_PORC_MONT,Banco Itaú Chile,17.45674800026157
2026-03-01 00:00:00,CMF_BCOS_IND_BASILEA3_PATEFE_APR_AGIFI_BITAUCORP_STO_RAZ_PORC_MONT,Banco Itaú Chile,17.304602329272157
2026-04-01 00:00:00,CMF_BCOS_IND_BASILEA3_PATEFE_APR_AGIFI_BITAUCORP_STO_RAZ_PORC_MONT,Banco Itaú Chile,16.90699238497431
2026-05-01 00:00:00,CMF_BCOS_IND_BASILEA3_PATEFE_APR_AGIFI_BITAUCORP_STO_RAZ_PORC_MONT,Banco Itaú Chile,16.773135316984053
2026-06-01 00:00:00,CMF_BCOS_IND_BASILEA3_PATEFE_APR_AGIFI_BITAUCORP_STO_RAZ_PORC_MONT,Banco Itaú Chile,16.820435728195157
2025-08-01 00:00:00,CMF_BCOS_IND_BASILEA3_PATEFE_APR_AGIFI_BKCH_STO_RAZ_PORC_MONT,Bank of China,413.4938976805369
2025-09-01 00:00:00,CMF_BCOS_IND_BASILEA3_PATEFE_APR_AGIFI_BKCH_STO_RAZ_PORC_MONT,Bank of China,408.9026630490496
2025-10-01 00:00:00,CMF_BCOS_IND_BASILEA3_PATEFE_APR_AGIFI_BKCH_STO_RAZ_PORC_MONT,Bank of China,378.8824947338393
2025-11-01 00:00:00,CMF_BCOS_IND_BASILEA3_PATEFE_APR_AGIFI_BKCH_STO_RAZ_PORC_MONT,Bank of China,375.6937053059886
2025-12-01 00:00:00,CMF_BCOS_IND_BASILEA3_PATEFE_APR_AGIFI_BKCH_STO_RAZ_PORC_MONT,Bank of China,418.6799768503386
2026-01-01 00:00:00,CMF_BCOS_IND_BASILEA3_PATEFE_APR_AGIFI_BKCH_STO_RAZ_PORC_MONT,Bank of China,421.20297401500795
2026-02-01 00:00:00,CMF_BCOS_IND_BASILEA3_PATEFE_APR_AGIFI_BKCH_STO_RAZ_PORC_MONT,Bank of China,430.28050955523656
2026-03-01 00:00:00,CMF_BCOS_IND_BASILEA3_PATEFE_APR_AGIFI_BKCH_STO_RAZ_PORC_MONT,Bank of China,439.9057639587545
2026-04-01 00:00:00,CMF_BCOS_IND_BASILEA3_PATEFE_APR_AGIFI_BKCH_STO_RAZ_PORC_MONT,Bank of China,441.57777885554196
2026-05-01 00:00:00,CMF_BCOS_IND_BASILEA3_PATEFE_APR_AGIFI_BKCH_STO_RAZ_PORC_MONT,Bank of China,435.86026918167784
2026-06-01 00:00:00,CMF_BCOS_IND_BASILEA3_PATEFE_APR_AGIFI_BKCH_STO_RAZ_PORC_MONT,Bank of China,288.5189079422723
2025-08-01 00:00:00,CMF_BCOS_IND_BASILEA3_PATEFE_APR_AGIFI_BRIPL_STO_RAZ_PORC_MONT,Banco Ripley,15.9902649150554
2025-09-01 00:00:00,CMF_BCOS_IND_BASILEA3_PATEFE_APR_AGIFI_BRIPL_STO_RAZ_PORC_MONT,Banco Ripley,15.612148616886362
2025-10-01 00:00:00,CMF_BCOS_IND_BASILEA3_PATEFE_APR_AGIFI_BRIPL_STO_RAZ_PORC_MONT,Banco Ripley,15.455953792978312
2025-11-01 00:00:00,CMF_BCOS_IND_BASILEA3_PATEFE_APR_AGIFI_BRIPL_STO_RAZ_PORC_MONT,Banco Ripley,15.392454944080644
2025-12-01 00:00:00,CMF_BCOS_IND_BASILEA3_PATEFE_APR_AGIFI_BRIPL_STO_RAZ_PORC_MONT,Banco Ripley,13.564981363272544
2026-01-01 00:00:00,CMF_BCOS_IND_BASILEA3_PATEFE_APR_AGIFI_BRIPL_STO_RAZ_PORC_MONT,Banco Ripley,13.5209457867376
2026-02-01 00:00:00,CMF_BCOS_IND_BASILEA3_PATEFE_APR_AGIFI_BRIPL_STO_RAZ_PORC_MONT,Banco Ripley,13.494062185584967
2026-03-01 00:00:00,CMF_BCOS_IND_BASILEA3_PATEFE_APR_AGIFI_BRIPL_STO_RAZ_PORC_MONT,Banco Ripley,17.033707632436414
2026-04-01 00:00:00,CMF_BCOS_IND_BASILEA3_PATEFE_APR_AGIFI_BRIPL_STO_RAZ_PORC_MONT,Banco Ripley,16.852818036855254
2026-05-01 00:00:00,CMF_BCOS_IND_BASILEA3_PATEFE_APR_AGIFI_BRIPL_STO_RAZ_PORC_MONT,Banco Ripley,16.740566065846057
2026-06-01 00:00:00,CMF_BCOS_IND_BASILEA3_PATEFE_APR_AGIFI_BRIPL_STO_RAZ_PORC_MONT,Banco Ripley,16.71519546082669
2025-08-01 00:00:00,CMF_BCOS_IND_BASILEA3_PATEFE_APR_AGIFI_BSANT_STO_RAZ_PORC_MONT,Banco Santander-Chile,16.63165983681014
2025-09-01 00:00:00,CMF_BCOS_IND_BASILEA3_PATEFE_APR_AGIFI_BSANT_STO_RAZ_PORC_MONT,Banco Santander-Chile,16.655033941770586
2025-10-01 00:00:00,CMF_BCOS_IND_BASILEA3_PATEFE_APR_AGIFI_BSANT_STO_RAZ_PORC_MONT,Banco Santander-Chile,16.462841260554008
2025-11-01 00:00:00,CMF_BCOS_IND_BASILEA3_PATEFE_APR_AGIFI_BSANT_STO_RAZ_PORC_MONT,Banco Santander-Chile,16.631049711757036
2025-12-01 00:00:00,CMF_BCOS_IND_BASILEA3_PATEFE_APR_AGIFI_BSANT_STO_RAZ_PORC_MONT,Banco Santander-Chile,16.893787117376068
2026-01-01 00:00:00,CMF_BCOS_IND_BASILEA3_PATEFE_APR_AGIFI_BSANT_STO_RAZ_PORC_MONT,Banco Santander-Chile,16.3819155296292
2026-02-01 00:00:00,CMF_BCOS_IND_BASILEA3_PATEFE_APR_AGIFI_BSANT_STO_RAZ_PORC_MONT,Banco Santander-Chile,16.75930198216998
2026-03-01 00:00:00,CMF_BCOS_IND_BASILEA3_PATEFE_APR_AGIFI_BSANT_STO_RAZ_PORC_MONT,Banco Santander-Chile,16.375478175521263
2026-04-01 00:00:00,CMF_BCOS_IND_BASILEA3_PATEFE_APR_AGIFI_BSANT_STO_RAZ_PORC_MONT,Banco Santander-Chile,16.40888505794833
2026-05-01 00:00:00,CMF_BCOS_IND_BASILEA3_PATEFE_APR_AGIFI_BSANT_STO_RAZ_PORC_MONT,Banco Santander-Chile,16.37797346862161
2026-06-01 00:00:00,CMF_BCOS_IND_BASILEA3_PATEFE_APR_AGIFI_BSANT_STO_RAZ_PORC_MONT,Banco Santander-Chile,16.61474893445254
2025-08-01 00:00:00,CMF_BCOS_IND_BASILEA3_PATEFE_APR_AGIFI_BSCOT_STO_RAZ_PORC_MONT,Scotiabank Chile,17.181428480934763
2025-09-01 00:00:00,CMF_BCOS_IND_BASILEA3_PATEFE_APR_AGIFI_BSCOT_STO_RAZ_PORC_MONT,Scotiabank Chile,17.31158119896584
2025-10-01 00:00:00,CMF_BCOS_IND_BASILEA3_PATEFE_APR_AGIFI_BSCOT_STO_RAZ_PORC_MONT,Scotiabank Chile,17.43007118619095
2025-11-01 00:00:00,CMF_BCOS_IND_BASILEA3_PATEFE_APR_AGIFI_BSCOT_STO_RAZ_PORC_MONT,Scotiabank Chile,17.465954505614537
2025-12-01 00:00:00,CMF_BCOS_IND_BASILEA3_PATEFE_APR_AGIFI_BSCOT_STO_RAZ_PORC_MONT,Scotiabank Chile,17.184808838362752
2026-01-01 00:00:00,CMF_BCOS_IND_BASILEA3_PATEFE_APR_AGIFI_BSCOT_STO_RAZ_PORC_MONT,Scotiabank Chile,17.350761721024973
2026-02-01 00:00:00,CMF_BCOS_IND_BASILEA3_PATEFE_APR_AGIFI_BSCOT_STO_RAZ_PORC_MONT,Scotiabank Chile,17.53093601268525
2026-03-01 00:00:00,CMF_BCOS_IND_BASILEA3_PATEFE_APR_AGIFI_BSCOT_STO_RAZ_PORC_MONT,Scotiabank Chile,16.72883158950177
2026-04-01 00:00:00,CMF_BCOS_IND_BASILEA3_PATEFE_APR_AGIFI_BSCOT_STO_RAZ_PORC_MONT,Scotiabank Chile,16.892493903611385
2026-05-01 00:00:00,CMF_BCOS_IND_BASILEA3_PATEFE_APR_AGIFI_BSCOT_STO_RAZ_PORC_MONT,Scotiabank Chile,16.956290973376248
2026-06-01 00:00:00,CMF_BCOS_IND_BASILEA3_PATEFE_APR_AGIFI_BSCOT_STO_RAZ_PORC_MONT,Scotiabank Chile,16.888184347006128
2025-08-01 00:00:00,CMF_BCOS_IND_BASILEA3_PATEFE_APR_AGIFI_BSEC_STO_RAZ_PORC_MONT,Banco Security,15.380915751335737
2025-09-01 00:00:00,CMF_BCOS_IND_BASILEA3_PATEFE_APR_AGIFI_BSEC_STO_RAZ_PORC_MONT,Banco Security,15.480604266622318
2025-10-01 00:00:00,CMF_BCOS_IND_BASILEA3_PATEFE_APR_AGIFI_BSEC_STO_RAZ_PORC_MONT,Banco Security,15.719737929942617
2025-08-01 00:00:00,CMF_BCOS_IND_BASILEA3_PATEFE_APR_AGIFI_CHCONBANK_STO_RAZ_PORC_MONT,China Construction Bank,54.95962773333639
2025-09-01 00:00:00,CMF_BCOS_IND_BASILEA3_PATEFE_APR_AGIFI_CHCONBANK_STO_RAZ_PORC_MONT,China Construction Bank,56.22253851952468
2025-10-01 00:00:00,CMF_BCOS_IND_BASILEA3_PATEFE_APR_AGIFI_CHCONBANK_STO_RAZ_PORC_MONT,China Construction Bank,55.36487926324397
2025-11-01 00:00:00,CMF_BCOS_IND_BASILEA3_PATEFE_APR_AGIFI_CHCONBANK_STO_RAZ_PORC_MONT,China Construction Bank,56.282876294264724
2025-12-01 00:00:00,CMF_BCOS_IND_BASILEA3_PATEFE_APR_AGIFI_CHCONBANK_STO_RAZ_PORC_MONT,China Construction Bank,59.635393493312016
2026-01-01 00:00:00,CMF_BCOS_IND_BASILEA3_PATEFE_APR_AGIFI_CHCONBANK_STO_RAZ_PORC_MONT,China Construction Bank,65.32035361538225
2026-02-01 00:00:00,CMF_BCOS_IND_BASILEA3_PATEFE_APR_AGIFI_CHCONBANK_STO_RAZ_PORC_MONT,China Construction Bank,65.86640701187325
2026-03-01 00:00:00,CMF_BCOS_IND_BASILEA3_PATEFE_APR_AGIFI_CHCONBANK_STO_RAZ_PORC_MONT,China Construction Bank,66.52607300327591
2026-04-01 00:00:00,CMF_BCOS_IND_BASILEA3_PATEFE_APR_AGIFI_CHCONBANK_STO_RAZ_PORC_MONT,China Construction Bank,62.048532461518754
2026-05-01 00:00:00,CMF_BCOS_IND_BASILEA3_PATEFE_APR_AGIFI_CHCONBANK_STO_RAZ_PORC_MONT,China Construction Bank,64.07894890091104
2026-06-01 00:00:00,CMF_BCOS_IND_BASILEA3_PATEFE_APR_AGIFI_CHCONBANK_STO_RAZ_PORC_MONT,China Construction Bank,61.70028850243885
2025-08-01 00:00:00,CMF_BCOS_IND_BASILEA3_PATEFE_APR_AGIFI_HSBC_STO_RAZ_PORC_MONT,HSBC Bank (Chile),19.273214916418024
2025-09-01 00:00:00,CMF_BCOS_IND_BASILEA3_PATEFE_APR_AGIFI_HSBC_STO_RAZ_PORC_MONT,HSBC Bank (Chile),18.699923105899316
2025-10-01 00:00:00,CMF_BCOS_IND_BASILEA3_PATEFE_APR_AGIFI_HSBC_STO_RAZ_PORC_MONT,HSBC Bank (Chile),17.819033192751455
2025-11-01 00:00:00,CMF_BCOS_IND_BASILEA3_PATEFE_APR_AGIFI_HSBC_STO_RAZ_PORC_MONT,HSBC Bank (Chile),16.29942953149666
2025-12-01 00:00:00,CMF_BCOS_IND_BASILEA3_PATEFE_APR_AGIFI_HSBC_STO_RAZ_PORC_MONT,HSBC Bank (Chile),17.479513555483745
2026-01-01 00:00:00,CMF_BCOS_IND_BASILEA3_PATEFE_APR_AGIFI_HSBC_STO_RAZ_PORC_MONT,HSBC Bank (Chile),19.232635777712105
2026-02-01 00:00:00,CMF_BCOS_IND_BASILEA3_PATEFE_APR_AGIFI_HSBC_STO_RAZ_PORC_MONT,HSBC Bank (Chile),20.19307736655137
2026-03-01 00:00:00,CMF_BCOS_IND_BASILEA3_PATEFE_APR_AGIFI_HSBC_STO_RAZ_PORC_MONT,HSBC Bank (Chile),18.882957448849176
2026-04-01 00:00:00,CMF_BCOS_IND_BASILEA3_PATEFE_APR_AGIFI_HSBC_STO_RAZ_PORC_MONT,HSBC Bank (Chile),19.3685286677349
2026-05-01 00:00:00,CMF_BCOS_IND_BASILEA3_PATEFE_APR_AGIFI_HSBC_STO_RAZ_PORC_MONT,HSBC Bank (Chile),18.759694524682146
2026-06-01 00:00:00,CMF_BCOS_IND_BASILEA3_PATEFE_APR_AGIFI_HSBC_STO_RAZ_PORC_MONT,HSBC Bank (Chile),18.019928576356072
2025-08-01 00:00:00,CMF_BCOS_IND_BASILEA3_PATEFE_APR_AGIFI_JPMGC_STO_RAZ_PORC_MONT,Jp Morgan Chase Bank. N. A.,57.84689507308214
2025-09-01 00:00:00,CMF_BCOS_IND_BASILEA3_PATEFE_APR_AGIFI_JPMGC_STO_RAZ_PORC_MONT,Jp Morgan Chase Bank. N. A.,45.15367047704749
2025-10-01 00:00:00,CMF_BCOS_IND_BASILEA3_PATEFE_APR_AGIFI_JPMGC_STO_RAZ_PORC_MONT,Jp Morgan Chase Bank. N. A.,40.38839678778298
2025-11-01 00:00:00,CMF_BCOS_IND_BASILEA3_PATEFE_APR_AGIFI_JPMGC_STO_RAZ_PORC_MONT,Jp Morgan Chase Bank. N. A.,63.087602349572286
2025-12-01 00:00:00,CMF_BCOS_IND_BASILEA3_PATEFE_APR_AGIFI_JPMGC_STO_RAZ_PORC_MONT,Jp Morgan Chase Bank. N. A.,57.93607677216619
2026-01-01 00:00:00,CMF_BCOS_IND_BASILEA3_PATEFE_APR_AGIFI_JPMGC_STO_RAZ_PORC_MONT,Jp Morgan Chase Bank. N. A.,58.19300013561599
2026-02-01 00:00:00,CMF_BCOS_IND_BASILEA3_PATEFE_APR_AGIFI_JPMGC_STO_RAZ_PORC_MONT,Jp Morgan Chase Bank. N. A.,49.080152671051856
2026-03-01 00:00:00,CMF_BCOS_IND_BASILEA3_PATEFE_APR_AGIFI_JPMGC_STO_RAZ_PORC_MONT,Jp Morgan Chase Bank. N. A.,44.081803639141995
2026-04-01 00:00:00,CMF_BCOS_IND_BASILEA3_PATEFE_APR_AGIFI_JPMGC_STO_RAZ_PORC_MONT,Jp Morgan Chase Bank. N. A.,51.34838924527117
2026-05-01 00:00:00,CMF_BCOS_IND_BASILEA3_PATEFE_APR_AGIFI_JPMGC_STO_RAZ_PORC_MONT,Jp Morgan Chase Bank. N. A.,56.38780009953806
2026-06-01 00:00:00,CMF_BCOS_IND_BASILEA3_PATEFE_APR_AGIFI_JPMGC_STO_RAZ_PORC_MONT,Jp Morgan Chase Bank. N. A.,34.61157935372647
2025-08-01 00:00:00,CMF_BCOS_IND_BASILEA3_PATEFE_APR_AGIFI_SISTBANC_STO_RAZ_PORC_MONT,Sistema Bancario,16.918212973166447
2025-09-01 00:00:00,CMF_BCOS_IND_BASILEA3_PATEFE_APR_AGIFI_SISTBANC_STO_RAZ_PORC_MONT,Sistema Bancario,16.881830566458394
2025-10-01 00:00:00,CMF_BCOS_IND_BASILEA3_PATEFE_APR_AGIFI_SISTBANC_STO_RAZ_PORC_MONT,Sistema Bancario,17.042186811252986
2025-11-01 00:00:00,CMF_BCOS_IND_BASILEA3_PATEFE_APR_AGIFI_SISTBANC_STO_RAZ_PORC_MONT,Sistema Bancario,17.32353889142049
2025-12-01 00:00:00,CMF_BCOS_IND_BASILEA3_PATEFE_APR_AGIFI_SISTBANC_STO_RAZ_PORC_MONT,Sistema Bancario,17.132119725131794
2026-01-01 00:00:00,CMF_BCOS_IND_BASILEA3_PATEFE_APR_AGIFI_SISTBANC_STO_RAZ_PORC_MONT,Sistema Bancario,17.05574996790684
2026-02-01 00:00:00,CMF_BCOS_IND_BASILEA3_PATEFE_APR_AGIFI_SISTBANC_STO_RAZ_PORC_MONT,Sistema Bancario,17.24236372173536
2026-03-01 00:00:00,CMF_BCOS_IND_BASILEA3_PATEFE_APR_AGIFI_SISTBANC_STO_RAZ_PORC_MONT,Sistema Bancario,16.63329558226687
2026-04-01 00:00:00,CMF_BCOS_IND_BASILEA3_PATEFE_APR_AGIFI_SISTBANC_STO_RAZ_PORC_MONT,Sistema Bancario,16.789953619084407
2026-05-01 00:00:00,CMF_BCOS_IND_BASILEA3_PATEFE_APR_AGIFI_SISTBANC_STO_RAZ_PORC_MONT,Sistema Bancario,16.8942461676666
2026-06-01 00:00:00,CMF_BCOS_IND_BASILEA3_PATEFE_APR_AGIFI_SISTBANC_STO_RAZ_PORC_MONT,Sistema Bancario,16.897729591903882
