id,fecha_utc,fecha_local,referencia,latitud,longitud,profundidad_km,magnitud,tipo_magnitud
219712,2024-01-01 00:45:21,2023-12-31 21:45:21,76 km al SO de Alto Hospicio,-20.87,-70.45,32.0,2.6,Ml
219713,2024-01-01 01:00:20,2023-12-31 22:00:20,108 km al E de San Pedro de Atacama,-22.868,-67.143,252.0,2.9,Ml
219714,2024-01-01 01:05:26,2023-12-31 22:05:26,13 km al N de Taltal,-25.295,-70.5,25.0,4.0,Ml
219721,2024-01-01 02:13:26,2023-12-31 23:13:26,46 km al O de Ollagüe,-21.258,-68.699,108.0,4.0,Ml
219727,2024-01-01 04:26:51,2024-01-01 01:26:51,10 km al S de Los Vilos,-31.994,-71.544,23.0,3.1,Ml
219729,2024-01-01 04:32:31,2024-01-01 01:32:31,57 km al SE de San José de Maipo,-34.084,-70.046,16.0,2.6,Ml
219735,2024-01-01 05:25:14,2024-01-01 02:25:14,28 km al N de Las Cabras,-34.045,-71.379,59.0,2.7,Ml
219758,2024-01-01 08:30:26,2024-01-01 05:30:26,107 km al SE de Socaire,-24.351,-67.253,196.0,3.9,Ml
219768,2024-01-01 10:58:23,2024-01-01 07:58:23,32 km al S de Pica,-20.766,-69.25,80.0,2.5,Ml
219770,2024-01-01 11:12:21,2024-01-01 08:12:21,32 km al O de Ollagüe,-21.205,-68.566,133.0,2.8,Ml
219776,2024-01-01 12:15:27,2024-01-01 09:15:27,31 km al SE de Cuya,-19.371,-69.99,63.0,2.9,Ml
219779,2024-01-01 13:09:50,2024-01-01 10:09:50,10 km al E de Arica,-18.442,-70.234,74.0,2.9,Ml
219781,2024-01-01 14:01:58,2024-01-01 11:01:58,37 km al SO de Huasco,-28.65,-71.538,37.0,2.6,Ml
219783,2024-01-01 14:05:16,2024-01-01 11:05:16,74 km al S de Socaire,-24.231,-67.683,236.0,3.4,Ml
219798,2024-01-01 17:11:29,2024-01-01 14:11:29,59 km al SO de Mina Collahuasi,-21.233,-69.02,93.0,2.5,Ml
219808,2024-01-01 20:48:55,2024-01-01 17:48:55,23 km al SO de Mina Los Pelambres,-31.936,-70.792,100.0,3.0,Ml
219814,2024-01-01 21:24:39,2024-01-01 18:24:39,41 km al E de Arica,-18.609,-69.955,26.0,2.8,Ml
219819,2024-01-02 00:59:50,2024-01-01 21:59:50,54 km al NE de Pozo Almonte,-19.99,-69.354,84.0,3.0,Ml
219823,2024-01-02 01:40:06,2024-01-01 22:40:06,61 km al NE de San Pedro de Atacama,-22.469,-67.869,190.0,3.0,Ml
219829,2024-01-02 03:04:27,2024-01-02 00:04:27,33 km al SO de Melipilla,-33.92,-71.439,50.0,3.6,Ml
219844,2024-01-02 06:45:44,2024-01-02 03:45:44,66 km al E de Combarbalá,-31.214,-70.305,127.0,3.2,Ml
219845,2024-01-02 08:14:59,2024-01-02 05:14:59,122 km al NE de Socaire,-23.106,-66.812,206.0,2.9,Ml
219851,2024-01-02 09:09:36,2024-01-02 06:09:36,76 km al E de Tierra Amarilla,-27.687,-69.532,116.0,3.9,Ml
219856,2024-01-02 09:58:29,2024-01-02 06:58:29,51 km al E de El Salvador,-26.291,-69.118,124.0,3.3,Ml
219859,2024-01-02 10:30:25,2024-01-02 07:30:25,72 km al S de Socaire,-24.23,-67.814,230.0,2.8,Ml
219874,2024-01-02 14:15:05,2024-01-02 11:15:05,24 km al S de Salamanca,-31.994,-70.942,100.0,2.8,Ml
219878,2024-01-02 14:33:33,2024-01-02 11:33:33,67 km al O de San Antonio de los Cobres,-24.14,-66.97,223.0,4.5,Mw
219880,2024-01-02 15:00:36,2024-01-02 12:00:36,46 km al SE de Pica,-20.868,-69.161,110.0,3.1,Ml
219883,2024-01-02 15:37:19,2024-01-02 12:37:19,64 km al O de Quellón,-43.076,-74.401,24.0,2.6,Ml
219885,2024-01-02 16:20:51,2024-01-02 13:20:51,23 km al NE de Vichuquén,-34.753,-71.8,46.0,2.8,Ml
219887,2024-01-02 16:30:05,2024-01-02 13:30:05,52 km al E de El Salvador,-26.316,-69.106,126.0,3.1,Ml
219898,2024-01-02 19:40:32,2024-01-02 16:40:32,93 km al S de El Salvador,-27.055,-69.38,119.0,3.5,Ml
219901,2024-01-02 19:56:45,2024-01-02 16:56:45,58 km al O de Tirúa,-38.156,-74.112,16.0,2.7,Ml
219902,2024-01-02 20:10:40,2024-01-02 17:10:40,9 km al NO de Camiña,-19.254,-69.478,91.0,3.8,Ml
219906,2024-01-02 22:57:02,2024-01-02 19:57:02,100 km al E de Socaire,-23.469,-66.914,235.0,4.8,Mw
219908,2024-01-02 23:10:22,2024-01-02 20:10:22,103 km al SE de Socaire,-24.217,-67.143,196.0,2.8,Ml
219910,2024-01-02 23:34:45,2024-01-02 20:34:45,13 km al S de Copiapó,-27.48,-70.36,92.0,2.9,Ml
219911,2024-01-02 23:51:44,2024-01-02 20:51:44,28 km al NE de Camiña,-19.108,-69.267,117.0,3.2,Ml
219914,2024-01-03 01:04:40,2024-01-02 22:04:40,80 km al O de Constitución,-35.486,-73.272,36.0,2.9,Ml
219922,2024-01-03 03:00:41,2024-01-03 00:00:41,54 km al E de Arica,-18.662,-69.849,86.0,2.7,Ml
219923,2024-01-03 03:14:58,2024-01-03 00:14:58,38 km al N de Camiña,-18.975,-69.423,110.0,3.9,Ml
219929,2024-01-03 04:00:24,2024-01-03 01:00:24,14 km al SO de Tongoy,-30.358,-71.581,45.0,2.8,Ml
219933,2024-01-03 04:24:51,2024-01-03 01:24:51,55 km al NE de Calama,-22.023,-68.7,107.0,2.5,Ml
219938,2024-01-03 05:56:58,2024-01-03 02:56:58,42 km al O de Quellón,-43.015,-74.113,32.0,2.6,Ml
219942,2024-01-03 07:04:24,2024-01-03 04:04:24,20 km al SO de Visviri,-17.738,-69.602,166.0,3.4,Ml
219946,2024-01-03 07:41:00,2024-01-03 04:41:00,90 km al O de San Antonio de los Cobres,-24.088,-67.19,182.0,3.3,Ml
219949,2024-01-03 08:04:03,2024-01-03 05:04:03,131 km al E de Alto del Carmen,-28.42,-69.204,159.0,5.5,Mw
219953,2024-01-03 08:20:55,2024-01-03 05:20:55,43 km al SO de Valdivia,-40.068,-73.63,24.0,2.5,Ml
219954,2024-01-03 08:27:07,2024-01-03 05:27:07,68 km al O de Ollagüe,-21.464,-68.856,108.0,4.6,Mw
219961,2024-01-03 09:31:04,2024-01-03 06:31:04,61 km al NE de Pozo Almonte,-19.909,-69.336,87.0,2.8,Ml
219963,2024-01-03 09:46:20,2024-01-03 06:46:20,76 km al E de Socaire,-23.459,-67.155,243.0,2.7,Ml
219966,2024-01-03 10:22:33,2024-01-03 07:22:33,68 km al NO de Valparaíso,-32.755,-72.256,34.0,2.8,Ml
219970,2024-01-03 12:17:39,2024-01-03 09:17:39,98 km al S de Antofagasta,-24.524,-70.47,45.0,2.8,Ml
219971,2024-01-03 12:25:34,2024-01-03 09:25:34,34 km al NE de Camiña,-19.14,-69.164,117.0,2.7,Ml
219973,2024-01-03 13:11:35,2024-01-03 10:11:35,7 km al O de Calama,-22.452,-68.992,114.0,3.3,Ml
219977,2024-01-03 14:16:11,2024-01-03 11:16:11,37 km al S de Pica,-20.813,-69.257,85.0,2.7,Ml
219979,2024-01-03 15:16:14,2024-01-03 12:16:14,45 km al SE de Pica,-20.862,-69.16,101.0,2.8,Ml
219981,2024-01-03 15:52:39,2024-01-03 12:52:39,27 km al E de Pica,-20.456,-69.07,111.0,3.5,Ml
219985,2024-01-03 16:06:53,2024-01-03 13:06:53,112 km al O de Tirúa,-38.493,-74.764,10.0,3.0,Ml
219987,2024-01-03 16:25:25,2024-01-03 13:25:25,47 km al SO de Mina Collahuasi,-21.182,-68.909,118.0,3.1,Ml
219995,2024-01-03 18:05:25,2024-01-03 15:05:25,50 km al SO de Mina Collahuasi,-21.145,-69.0,111.0,2.9,Ml
219998,2024-01-03 18:28:24,2024-01-03 15:28:24,23 km al NO de Navidad,-33.787,-71.987,11.0,3.2,Ml
220002,2024-01-03 18:40:51,2024-01-03 15:40:51,66 km al O de Tirúa,-38.184,-74.217,20.0,2.7,Ml
220004,2024-01-03 19:02:24,2024-01-03 16:02:24,15 km al SE de Vallenar,-28.691,-70.683,96.0,3.6,Ml
220007,2024-01-03 19:18:01,2024-01-03 16:18:01,17 km al S de Los Vilos,-32.057,-71.458,31.0,2.6,Ml
220016,2024-01-03 22:51:23,2024-01-03 19:51:23,47 km al SO de Mina Collahuasi,-21.163,-68.927,110.0,3.0,Ml
220021,2024-01-04 00:30:39,2024-01-03 21:30:39,59 km al NO de San Antonio de los Cobres,-23.804,-66.672,219.0,3.3,Ml
220025,2024-01-04 01:35:12,2024-01-03 22:35:12,43 km al SE de Calama,-22.782,-68.683,115.0,3.5,Ml
220028,2024-01-04 02:12:56,2024-01-03 23:12:56,17 km al O de Punitaqui,-30.765,-71.417,48.0,3.7,Ml
220035,2024-01-04 02:38:37,2024-01-03 23:38:37,28 km al S de Toltén,-39.424,-73.121,46.0,3.3,Ml
220034,2024-01-04 02:38:48,2024-01-03 23:38:48,103 km al E de Socaire,-23.463,-66.893,212.0,3.5,Ml
220041,2024-01-04 04:07:24,2024-01-04 01:07:24,45 km al NO de Punitaqui,-30.654,-71.68,27.0,2.8,Ml
220043,2024-01-04 04:34:01,2024-01-04 01:34:01,24 km al E de Vichuquén,-34.823,-71.746,45.0,3.5,Ml
220048,2024-01-04 04:57:27,2024-01-04 01:57:27,84 km al O de San Antonio de los Cobres,-24.019,-67.119,207.0,2.8,Ml
220053,2024-01-04 05:14:33,2024-01-04 02:14:33,18 km al N de Cuya,-18.996,-70.176,35.0,2.9,Ml
220059,2024-01-04 06:05:22,2024-01-04 03:05:22,46 km al S de Mina Collahuasi,-21.215,-68.809,119.0,4.3,Ml
220067,2024-01-04 07:13:56,2024-01-04 04:13:56,62 km al SO de Ollagüe,-21.723,-68.521,136.0,2.8,Ml
220069,2024-01-04 07:32:37,2024-01-04 04:32:37,22 km al O de Chañaral.,-26.289,-70.828,19.0,2.7,Ml
220074,2024-01-04 08:21:29,2024-01-04 05:21:29,99 km al S de Socaire,-24.476,-67.885,154.0,3.0,Ml
220078,2024-01-04 09:06:15,2024-01-04 06:06:15,31 km al SE de Pica,-20.728,-69.175,108.0,2.7,Ml
220081,2024-01-04 10:04:27,2024-01-04 07:04:27,73 km al SO de Ollagüe,-21.804,-68.577,129.0,2.6,Ml
220087,2024-01-04 10:51:00,2024-01-04 07:51:00,82 km al NE de San Pedro de Atacama,-22.347,-67.697,205.0,3.3,Ml
220092,2024-01-04 12:44:43,2024-01-04 09:44:43,138 km al O de Lebu,-38.14,-75.084,30.0,3.2,Ml
220096,2024-01-04 13:29:53,2024-01-04 10:29:53,29 km al N de Antofagasta,-23.384,-70.439,37.0,2.6,Ml
220101,2024-01-04 14:24:27,2024-01-04 11:24:27,48 km al SO de Mina Collahuasi,-21.13,-68.988,93.0,3.3,Ml
220108,2024-01-04 16:05:55,2024-01-04 13:05:55,29 km al NO de Camiña,-19.168,-69.661,108.0,2.6,Ml
220123,2024-01-04 17:45:29,2024-01-04 14:45:29,23 km al O de Ollagüe,-21.224,-68.48,133.0,3.6,Ml
220125,2024-01-04 18:06:28,2024-01-04 15:06:28,54 km al E de Sierra Gorda.,-23.032,-68.809,97.0,2.6,Ml
220127,2024-01-04 18:36:12,2024-01-04 15:36:12,53 km al NO de Camiña,-18.886,-69.643,84.0,3.2,Ml
220135,2024-01-04 19:46:41,2024-01-04 16:46:41,46 km al S de Colchane.,-19.687,-68.575,138.0,2.8,Ml
220143,2024-01-04 22:00:06,2024-01-04 19:00:06,37 km al S de Pozo Almonte,-20.588,-69.748,83.0,2.7,Ml
220146,2024-01-04 22:40:12,2024-01-04 19:40:12,71 km al S de Socaire,-24.224,-67.856,254.0,3.7,Ml
220154,2024-01-04 23:36:41,2024-01-04 20:36:41,40 km al E de Pisagua,-19.563,-69.832,50.0,2.6,Ml
220156,2024-01-04 23:39:59,2024-01-04 20:39:59,69 km al S de Socaire,-24.192,-67.709,235.0,3.8,Ml
220167,2024-01-05 02:39:00,2024-01-04 23:39:00,27 km al NO de Quillota,-32.733,-71.471,50.0,3.0,Ml
220173,2024-01-05 03:54:06,2024-01-05 00:54:06,28 km al NO de Arauco,-37.058,-73.53,23.0,4.0,Ml
220179,2024-01-05 04:58:08,2024-01-05 01:58:08,50 km al O de La Ligua,-32.475,-71.769,16.0,3.1,Ml
220183,2024-01-05 05:03:21,2024-01-05 02:03:21,36 km al NE de Calama,-22.252,-68.668,118.0,2.7,Ml
220185,2024-01-05 05:13:43,2024-01-05 02:13:43,55 km al O de La Ligua,-32.408,-71.815,34.0,3.4,Ml
220203,2024-01-05 08:13:18,2024-01-05 05:13:18,81 km al E de Alto del Carmen,-28.883,-69.671,127.0,3.6,Ml
220215,2024-01-05 10:49:23,2024-01-05 07:49:23,88 km al NE de Socaire,-23.252,-67.115,241.0,3.4,Ml
220225,2024-01-05 14:20:17,2024-01-05 11:20:17,38 km al S de Mina Collahuasi,-21.166,-68.705,125.0,3.4,Ml
220238,2024-01-05 17:54:31,2024-01-05 14:54:31,51 km al NE de Pozo Almonte,-19.883,-69.5,84.0,3.0,Ml
220242,2024-01-05 18:33:46,2024-01-05 15:33:46,55 km al SO de Antofagasta,-24.016,-70.764,45.0,3.4,Ml
220245,2024-01-05 19:00:30,2024-01-05 16:00:30,34 km al E de Calama,-22.449,-68.599,119.0,2.6,Ml
220247,2024-01-05 19:05:40,2024-01-05 16:05:40,71 km al NE de Calama,-21.939,-68.553,105.0,2.8,Ml
220251,2024-01-05 19:48:36,2024-01-05 16:48:36,59 km al SE de Socaire,-24.007,-67.528,268.0,3.7,Ml
220253,2024-01-05 20:12:01,2024-01-05 17:12:01,16 km al NE de San Pedro de Atacama,-22.806,-68.109,150.0,3.0,Ml
220258,2024-01-05 20:55:37,2024-01-05 17:55:37,48 km al NE de Pica,-20.127,-69.077,95.0,2.5,Ml
220261,2024-01-05 23:08:08,2024-01-05 20:08:08,26 km al SE de Mina Collahuasi,-21.037,-68.552,105.0,2.5,Ml
220265,2024-01-05 23:57:02,2024-01-05 20:57:02,70 km al E de Ollagüe,-21.19,-67.581,204.0,3.7,Ml
220270,2024-01-06 01:51:30,2024-01-05 22:51:30,7 km al NO de Huasco,-28.404,-71.247,53.0,3.4,Ml
220274,2024-01-06 02:05:48,2024-01-05 23:05:48,19 km al SE de Los Vilos,-32.061,-71.424,56.0,2.8,Ml
220276,2024-01-06 02:13:55,2024-01-05 23:13:55,65 km al SO de Pica,-20.838,-69.828,55.0,2.5,Ml
220289,2024-01-06 05:41:21,2024-01-06 02:41:21,38 km al S de Sierra Gorda.,-23.242,-69.366,99.0,2.6,Ml
220294,2024-01-06 07:32:51,2024-01-06 04:32:51,60 km al E de Socaire,-23.512,-67.306,214.0,3.1,Ml
220295,2024-01-06 07:50:47,2024-01-06 04:50:47,35 km al S de Calama,-22.785,-68.95,104.0,2.6,Ml
220311,2024-01-06 13:53:12,2024-01-06 10:53:12,41 km al S de Mina Collahuasi,-21.197,-68.705,117.0,2.8,Ml
220347,2024-01-06 19:30:14,2024-01-06 16:30:14,15 km al SO de Canela Baja,-31.514,-71.541,40.0,3.4,Ml
220358,2024-01-07 00:27:44,2024-01-06 21:27:44,15 km al O de Canela Baja,-31.403,-71.612,29.0,3.6,Ml
220360,2024-01-07 01:16:33,2024-01-06 22:16:33,27 km al SE de Pichilemu,-34.518,-71.767,45.0,3.0,Ml
220363,2024-01-07 01:33:54,2024-01-06 22:33:54,33 km al N de Las Cabras,-34.008,-71.394,50.0,2.5,Ml
220375,2024-01-07 04:46:47,2024-01-07 01:46:47,64 km al S de Pozo Almonte,-20.835,-69.832,55.0,3.0,Ml
220384,2024-01-07 05:54:12,2024-01-07 02:54:12,33 km al E de Calama,-22.353,-68.637,126.0,2.7,Ml
220387,2024-01-07 06:23:21,2024-01-07 03:23:21,49 km al SO de San Pedro de Atacama,-23.251,-68.514,116.0,2.8,Ml
220394,2024-01-07 07:19:55,2024-01-07 04:19:55,97 km al O de San Antonio de los Cobres,-24.311,-67.272,181.0,4.7,Ml
220405,2024-01-07 08:35:33,2024-01-07 05:35:33,31 km al E de Putre,-18.256,-69.271,146.0,5.2,Mw
220408,2024-01-07 08:59:34,2024-01-07 05:59:34,14 km al NO de Punta de Choros,-29.146,-71.553,45.0,4.0,Ml
220409,2024-01-07 09:09:18,2024-01-07 06:09:18,14 km al NO de Punta de Choros,-29.148,-71.547,46.0,3.1,Ml
220413,2024-01-07 10:04:46,2024-01-07 07:04:46,60 km al S de Camiña,-19.824,-69.241,93.0,3.0,Ml
220422,2024-01-07 12:52:55,2024-01-07 09:52:55,40 km al SO de Mina Collahuasi,-21.106,-68.898,117.0,2.5,Ml
220424,2024-01-07 12:58:55,2024-01-07 09:58:55,23 km al SO de El Salvador,-26.366,-69.81,101.0,3.8,Ml
220446,2024-01-07 19:57:01,2024-01-07 16:57:01,81 km al SE de Socaire,-24.17,-67.404,199.0,3.4,Ml
220456,2024-01-07 21:31:21,2024-01-07 18:31:21,40 km al NE de Chañaral,-26.093,-70.344,70.0,3.1,Ml
220461,2024-01-07 22:22:12,2024-01-07 19:22:12,24 km al O de Canela Baja,-31.381,-71.714,25.0,2.6,Ml
220465,2024-01-07 23:08:49,2024-01-07 20:08:49,75 km al O de San Antonio de los Cobres,-24.067,-67.039,185.0,3.6,Ml
220469,2024-01-08 00:30:40,2024-01-07 21:30:40,35 km al O de Ovalle,-30.614,-71.564,46.0,3.6,Ml
220478,2024-01-08 02:49:17,2024-01-07 23:49:17,76 km al NE de Calama,-21.895,-68.523,134.0,2.8,Ml
220487,2024-01-08 05:25:25,2024-01-08 02:25:25,21 km al E de Calama,-22.534,-68.741,124.0,2.6,Ml
220489,2024-01-08 05:26:56,2024-01-08 02:26:56,32 km al S de Sierra Gorda,-23.168,-69.382,88.0,3.0,Ml
220496,2024-01-08 09:03:13,2024-01-08 06:03:13,55 km al SE de Sierra Gorda.,-23.312,-69.017,101.0,2.9,Ml
220498,2024-01-08 09:11:58,2024-01-08 06:11:58,22 km al NE de Camiña,-19.225,-69.234,109.0,3.5,Ml
220510,2024-01-08 11:26:02,2024-01-08 08:26:02,44 km al NE de Pica,-20.176,-69.071,99.0,2.7,Ml
220515,2024-01-08 12:17:10,2024-01-08 09:17:10,74 km al N de Calama,-21.816,-68.803,115.0,2.7,Ml
220524,2024-01-08 13:51:13,2024-01-08 10:51:13,166 km al N de San Antonio de los Cobres,-22.74,-66.47,227.0,4.4,Mw
220528,2024-01-08 14:46:15,2024-01-08 11:46:15,147 km al O de Valdivia,-39.564,-74.93,36.0,2.8,Ml
220532,2024-01-08 16:15:30,2024-01-08 13:15:30,41 km al SO de Ollagüe,-21.54,-68.459,117.0,3.6,Ml
220533,2024-01-08 16:26:26,2024-01-08 13:26:26,86 km al NO de Cobquecura,-35.602,-73.495,33.0,2.7,Ml
220539,2024-01-08 17:30:36,2024-01-08 14:30:36,5 km al NO de Calama,-22.433,-68.956,95.0,3.2,Ml
220547,2024-01-08 19:12:44,2024-01-08 16:12:44,33 km al E de Rancagua,-34.296,-70.408,116.0,3.0,Ml
220550,2024-01-08 19:25:51,2024-01-08 16:25:51,31 km al E de Putre,-18.204,-69.27,147.0,3.3,Ml
220573,2024-01-09 03:10:25,2024-01-09 00:10:25,72 km al SO de Ollagüe,-21.812,-68.557,125.0,3.9,Ml
220581,2024-01-09 04:40:14,2024-01-09 01:40:14,19 km al O de Petorca,-32.298,-71.12,93.0,3.7,Ml
220586,2024-01-09 05:22:05,2024-01-09 02:22:05,45 km al S de Pozo Almonte,-20.647,-69.901,24.0,2.5,Ml
220587,2024-01-09 05:37:57,2024-01-09 02:37:57,72 km al E de Socaire,-23.35,-67.237,242.0,2.8,Ml
220588,2024-01-09 05:41:14,2024-01-09 02:41:14,44 km al E de Socaire,-23.471,-67.479,259.0,2.7,Ml
220589,2024-01-09 05:55:24,2024-01-09 02:55:24,33 km al NE de Alto del Carmen,-28.627,-70.183,106.0,2.9,Ml
220595,2024-01-09 08:03:10,2024-01-09 05:03:10,40 km al S de Mina Collahuasi,-21.169,-68.774,124.0,3.4,Ml
220597,2024-01-09 09:00:55,2024-01-09 06:00:55,76 km al E de Socaire,-23.871,-67.209,210.0,3.1,Ml
220599,2024-01-09 09:06:42,2024-01-09 06:06:42,69 km al SE de Socaire,-24.022,-67.401,206.0,3.3,Ml
220604,2024-01-09 09:39:58,2024-01-09 06:39:58,116 km al E de Socaire,-23.161,-66.85,207.0,3.3,Ml
220610,2024-01-09 11:53:02,2024-01-09 08:53:02,25 km al SE de Sierra Gorda.,-22.996,-69.093,96.0,2.5,Ml
220614,2024-01-09 13:15:33,2024-01-09 10:15:33,33 km al O de Mina Collahuasi,-20.805,-68.97,109.0,3.0,Ml
220620,2024-01-09 15:54:29,2024-01-09 12:54:29,7 km al SE de Mina Los Pelambres,-31.865,-70.53,112.0,3.0,Ml
220627,2024-01-09 16:47:27,2024-01-09 13:47:27,108 km al SE de Ollagüe,-21.938,-67.55,207.0,5.3,Mw
220634,2024-01-09 17:27:20,2024-01-09 14:27:20,33 km al NE de Mejillones,-22.97,-70.158,46.0,2.6,Ml
220636,2024-01-09 18:47:29,2024-01-09 15:47:29,47 km al E de Calama,-22.532,-68.476,98.0,3.0,Ml
220644,2024-01-09 19:34:04,2024-01-09 16:34:04,57 km al SO de Mina Collahuasi,-21.253,-68.959,92.0,2.8,Ml
220647,2024-01-09 20:01:31,2024-01-09 17:01:31,11 km al SO de Andacollo,-30.276,-71.187,46.0,2.6,Ml
220668,2024-01-10 02:22:36,2024-01-09 23:22:36,29 km al S de Tongoy,-30.505,-71.574,36.0,3.3,Ml
220676,2024-01-10 04:07:21,2024-01-10 01:07:21,69 km al SO de Ollagüe,-21.724,-68.649,110.0,2.5,Ml
220678,2024-01-10 04:10:17,2024-01-10 01:10:17,12 km al S de Pica,-20.598,-69.305,100.0,2.5,Ml
220686,2024-01-10 07:01:07,2024-01-10 04:01:07,43 km al E de Calama,-22.44,-68.511,114.0,2.6,Ml
220694,2024-01-10 09:26:22,2024-01-10 06:26:22,77 km al SE de Sierra Gorda.,-23.435,-68.843,99.0,2.9,Ml
220695,2024-01-10 10:23:03,2024-01-10 07:23:03,105 km al NE de Socaire,-23.17,-66.965,198.0,3.7,Ml
220698,2024-01-10 11:07:17,2024-01-10 08:07:17,45 km al SO de Mina Collahuasi,-21.126,-68.953,91.0,2.8,Ml
220707,2024-01-10 13:46:09,2024-01-10 10:46:09,6 km al NE de Pica,-20.442,-69.303,82.0,3.5,Ml
220716,2024-01-10 15:08:47,2024-01-10 12:08:47,60 km al N de Tocopilla,-21.561,-70.272,23.0,3.0,Ml
220730,2024-01-10 17:50:09,2024-01-10 14:50:09,34 km al NO de Los Vilos,-31.701,-71.773,11.0,3.4,Ml
220745,2024-01-10 21:39:10,2024-01-10 18:39:10,4 km al E de Los Andes.,-32.829,-70.558,98.0,3.2,Ml
220754,2024-01-10 22:13:13,2024-01-10 19:13:13,18 km al O de Parque Fray Jorge,-30.73,-71.855,7.0,3.1,Ml
220747,2024-01-10 22:13:58,2024-01-10 19:13:58,22 km al O de Parque Fray Jorge,-30.728,-71.903,11.0,3.8,Ml
220759,2024-01-11 00:13:30,2024-01-10 21:13:30,24 km al NO de Navidad,-33.775,-71.971,28.0,2.8,Ml
220765,2024-01-11 01:01:20,2024-01-10 22:01:20,54 km al E de Sierra Gorda.,-22.984,-68.794,124.0,2.9,Ml
220767,2024-01-11 01:08:40,2024-01-10 22:08:40,63 km al O de Los Vilos,-31.721,-72.136,27.0,3.1,Ml
220770,2024-01-11 01:10:24,2024-01-10 22:10:24,64 km al O de Los Vilos,-31.684,-72.137,30.0,3.4,Ml
220776,2024-01-11 03:49:37,2024-01-11 00:49:37,38 km al SO de Mina Collahuasi,-21.025,-68.954,110.0,2.7,Ml
220777,2024-01-11 03:55:37,2024-01-11 00:55:37,29 km al O de Los Vilos,-31.832,-71.802,35.0,2.8,Ml
220781,2024-01-11 04:04:58,2024-01-11 01:04:58,55 km al O de Los Vilos,-31.731,-72.048,15.0,2.6,Ml
220790,2024-01-11 04:58:53,2024-01-11 01:58:53,90 km al SO de Tongoy,-30.684,-72.291,27.0,3.1,Ml
220791,2024-01-11 05:19:19,2024-01-11 02:19:19,70 km al S de Socaire,-24.206,-67.734,226.0,3.5,Ml
220794,2024-01-11 06:11:24,2024-01-11 03:11:24,42 km al SE de Lebu,-37.816,-73.254,17.0,2.8,Ml
220804,2024-01-11 08:34:42,2024-01-11 05:34:42,55 km al N de Calama,-21.999,-68.783,100.0,3.3,Ml
220806,2024-01-11 08:51:46,2024-01-11 05:51:46,34 km al N de Calama,-22.175,-68.847,124.0,2.7,Ml
220813,2024-01-11 09:34:54,2024-01-11 06:34:54,143 km al NO de Cobquecura,-35.343,-74.044,17.0,3.4,Ml
220824,2024-01-11 13:28:43,2024-01-11 10:28:43,31 km al O de Puerto Aysén,-45.498,-73.071,4.0,2.8,Ml
220826,2024-01-11 14:28:48,2024-01-11 11:28:48,85 km al O de San Antonio de los Cobres,-23.988,-67.112,182.0,3.8,Ml
220827,2024-01-11 14:36:24,2024-01-11 11:36:24,51 km al SO de Mina La Escondida,-24.574,-69.43,87.0,2.9,Ml
220831,2024-01-11 15:31:51,2024-01-11 12:31:51,76 km al SE de Socaire,-23.971,-67.267,264.0,3.3,Ml
220839,2024-01-11 17:25:21,2024-01-11 14:25:21,14 km al NE de La Ligua,-32.345,-71.154,64.0,2.5,Ml
220843,2024-01-11 17:28:52,2024-01-11 14:28:52,30 km al E de Vichuquén,-34.766,-71.701,50.0,4.4,Mw
220846,2024-01-11 17:37:28,2024-01-11 14:37:28,45 km al O de La Ligua,-32.525,-71.708,36.0,3.1,Ml
220858,2024-01-11 19:10:47,2024-01-11 16:10:47,41 km al S de Huasco,-28.831,-71.223,47.0,3.0,Ml
220860,2024-01-11 19:34:16,2024-01-11 16:34:16,190 km al NE de Socaire,-22.675,-66.322,253.0,4.5,Mw
220862,2024-01-11 19:59:03,2024-01-11 16:59:03,71 km al S de Socaire,-24.228,-67.899,252.0,3.3,Ml
220866,2024-01-11 21:44:11,2024-01-11 18:44:11,72 km al O de Socaire,-23.494,-68.59,118.0,2.7,Ml
220867,2024-01-11 22:34:24,2024-01-11 19:34:24,54 km al NE de Los Andes.,-32.601,-70.095,121.0,4.1,Ml
220870,2024-01-11 23:50:35,2024-01-11 20:50:35,86 km al S de Socaire,-24.355,-67.8,242.0,2.8,Ml
220874,2024-01-12 00:46:23,2024-01-11 21:46:23,73 km al S de Socaire,-24.243,-67.818,224.0,3.2,Ml
220878,2024-01-12 02:25:21,2024-01-11 23:25:21,87 km al O de San Antonio de los Cobres,-24.222,-67.182,205.0,3.6,Ml
220880,2024-01-12 02:27:25,2024-01-11 23:27:25,71 km al NO de San Juan,-31.084,-69.04,130.0,3.1,Ml
220882,2024-01-12 03:22:24,2024-01-12 00:22:24,71 km al SE de Monte Patria,-30.977,-70.291,122.0,3.8,Ml
220885,2024-01-12 03:28:26,2024-01-12 00:28:26,30 km al O de Ollagüe,-21.193,-68.545,130.0,2.5,Ml
220888,2024-01-12 03:42:35,2024-01-12 00:42:35,76 km al SE de Socaire,-23.953,-67.261,250.0,3.6,Ml
220896,2024-01-12 04:49:37,2024-01-12 01:49:37,57 km al NE de Calama,-22.054,-68.613,120.0,3.3,Ml
220900,2024-01-12 05:21:29,2024-01-12 02:21:29,106 km al NO de Carrizal Bajo,-27.395,-71.895,35.0,3.0,Ml
220903,2024-01-12 05:26:43,2024-01-12 02:26:43,19 km al N de Pozo Almonte,-20.087,-69.741,69.0,2.6,Ml
220917,2024-01-12 08:59:37,2024-01-12 05:59:37,52 km al S de Mina Collahuasi,-21.273,-68.813,112.0,2.8,Ml
220918,2024-01-12 09:19:40,2024-01-12 06:19:40,29 km al SE de Villarrica,-39.418,-71.942,16.0,3.0,Ml
220923,2024-01-12 09:56:18,2024-01-12 06:56:18,44 km al NO de Putre,-17.868,-69.799,141.0,3.2,Ml
220925,2024-01-12 10:14:30,2024-01-12 07:14:30,9 km al SO de Mina La Escondida,-24.33,-69.109,112.0,3.2,Ml
220928,2024-01-12 11:29:45,2024-01-12 08:29:45,100 km al S de Termas del Flaco,-35.856,-70.424,198.0,3.8,Ml
220930,2024-01-12 11:46:17,2024-01-12 08:46:17,25 km al SO de Salamanca,-31.952,-71.133,68.0,2.8,Ml
220935,2024-01-12 12:14:02,2024-01-12 09:14:02,52 km al SO de Ollagüe,-21.631,-68.494,118.0,3.1,Ml
220938,2024-01-12 12:27:55,2024-01-12 09:27:55,60 km al SE de Socaire,-24.074,-67.64,258.0,2.6,Ml
220943,2024-01-12 15:34:39,2024-01-12 12:34:39,46 km al SO de Mina Collahuasi,-21.111,-68.981,107.0,2.7,Ml
220955,2024-01-12 17:52:07,2024-01-12 14:52:07,45 km al O de Los Vilos,-31.769,-71.96,10.0,2.7,Ml
220962,2024-01-12 19:00:24,2024-01-12 16:00:24,39 km al S de Huasco,-28.816,-71.24,44.0,2.8,Ml
220963,2024-01-12 19:07:49,2024-01-12 16:07:49,11 km al NE de Calama,-22.411,-68.844,116.0,2.8,Ml
220964,2024-01-12 19:14:00,2024-01-12 16:14:00,26 km al S de Mina Collahuasi,-21.042,-68.743,108.0,2.9,Ml
220968,2024-01-12 19:21:16,2024-01-12 16:21:16,32 km al E de Entre Lagos,-40.636,-72.226,116.0,3.2,Ml
220974,2024-01-12 21:13:56,2024-01-12 18:13:56,47 km al O de Ollagüe,-21.292,-68.701,116.0,2.9,Ml
220982,2024-01-12 22:42:49,2024-01-12 19:42:49,20 km al SO de Termas del Flaco,-35.074,-70.605,20.0,2.6,Ml
220992,2024-01-12 23:52:58,2024-01-12 20:52:58,23 km al N de Petorca,-32.05,-70.88,103.0,3.7,Ml
220994,2024-01-13 00:11:05,2024-01-12 21:11:05,20 km al SO de Cuya,-19.28,-70.32,36.0,3.0,Ml
220998,2024-01-13 01:23:06,2024-01-12 22:23:06,53 km al O de Los Vilos,-32.042,-72.054,42.0,3.1,Ml
221002,2024-01-13 01:33:37,2024-01-12 22:33:37,6 km al SO de Huasco,-28.517,-71.243,35.0,3.2,Ml
221006,2024-01-13 01:50:55,2024-01-12 22:50:55,10 km al O de Santiago,-33.445,-70.76,72.0,2.8,Ml
221011,2024-01-13 03:44:39,2024-01-13 00:44:39,27 km al NO de Valparaíso,-32.82,-71.714,28.0,3.1,Ml
221015,2024-01-13 03:55:39,2024-01-13 00:55:39,29 km al NO de Valparaíso,-32.862,-71.83,32.0,3.0,Ml
221020,2024-01-13 05:02:54,2024-01-13 02:02:54,13 km al O de Tocopilla,-22.125,-70.322,34.0,2.8,Ml
221026,2024-01-13 05:43:29,2024-01-13 02:43:29,38 km al NE de Pica,-20.202,-69.13,89.0,2.6,Ml
221037,2024-01-13 08:26:24,2024-01-13 05:26:24,115 km al E de Socaire,-23.256,-66.826,192.0,4.3,Ml
221053,2024-01-13 13:12:51,2024-01-13 10:12:51,45 km al SO de Tongoy,-30.585,-71.764,43.0,3.8,Ml
221060,2024-01-13 14:39:19,2024-01-13 11:39:19,30 km al E de Cuya,-19.256,-69.911,69.0,2.6,Ml
221063,2024-01-13 14:57:34,2024-01-13 11:57:34,26 km al O de Navidad,-34.042,-72.094,42.0,2.5,Ml
221075,2024-01-13 16:55:55,2024-01-13 13:55:55,21 km al O de Tocopilla,-22.167,-70.39,44.0,4.0,Ml
221085,2024-01-13 17:45:54,2024-01-13 14:45:54,188 km al O de Constitución,-34.671,-74.306,20.0,3.3,Ml
221089,2024-01-13 18:11:01,2024-01-13 15:11:01,29 km al E de Pica,-20.422,-69.064,92.0,2.7,Ml
221098,2024-01-13 20:42:33,2024-01-13 17:42:33,57 km al E de Baquedano,-23.522,-69.324,93.0,3.4,Ml
221107,2024-01-13 22:25:00,2024-01-13 19:25:00,32 km al O de Curicó,-34.911,-71.581,47.0,3.1,Ml
221113,2024-01-13 23:44:53,2024-01-13 20:44:53,66 km al O de Iquique,-20.163,-70.78,21.0,2.9,Ml
221116,2024-01-13 23:53:48,2024-01-13 20:53:48,64 km al O de Iquique,-20.152,-70.766,27.0,2.5,Ml
221121,2024-01-14 01:08:14,2024-01-13 22:08:14,32 km al O de Ollagüe,-21.14,-68.552,127.0,5.0,Mw
221138,2024-01-14 04:41:40,2024-01-14 01:41:40,26 km al SO de Calama,-22.659,-69.071,118.0,3.5,Ml
221141,2024-01-14 05:10:49,2024-01-14 02:10:49,65 km al O de Cobquecura,-35.866,-73.437,7.0,2.8,Ml
221147,2024-01-14 05:52:40,2024-01-14 02:52:40,50 km al N de Chañaral.,-25.901,-70.632,52.0,2.9,Ml
221154,2024-01-14 08:24:37,2024-01-14 05:24:37,73 km al NO de Tocopilla,-21.479,-70.459,25.0,3.1,Ml
221164,2024-01-14 10:57:17,2024-01-14 07:57:17,82 km al O de San Antonio de los Cobres,-24.382,-67.111,205.0,4.2,Ml
221171,2024-01-14 13:04:30,2024-01-14 10:04:30,87 km al S de Mina La Escondida.,-25.017,-69.308,122.0,2.7,Ml
221175,2024-01-14 14:52:16,2024-01-14 11:52:16,32 km al SE de Pica,-20.673,-69.098,112.0,3.1,Ml
221180,2024-01-14 15:52:54,2024-01-14 12:52:54,18 km al E de Curicó,-35.026,-71.05,95.0,2.6,Ml
221185,2024-01-14 17:21:59,2024-01-14 14:21:59,59 km al SE de Socaire,-23.932,-67.443,255.0,2.7,Ml
221187,2024-01-14 17:30:56,2024-01-14 14:30:56,23 km al SE de Calama,-22.599,-68.755,112.0,3.3,Ml
221189,2024-01-14 17:42:41,2024-01-14 14:42:41,54 km al SO de Ollagüe,-21.677,-68.449,121.0,2.5,Ml
221191,2024-01-14 18:13:24,2024-01-14 15:13:24,11 km al NE de Taltal,-25.344,-70.404,48.0,2.7,Ml
221200,2024-01-14 18:13:38,2024-01-14 15:13:38,103 km al S de Uyuni,-21.383,-66.955,198.0,3.9,Ml
221196,2024-01-14 19:34:02,2024-01-14 16:34:02,51 km al N de Calama,-22.032,-68.779,146.0,3.4,Ml
221199,2024-01-14 20:51:27,2024-01-14 17:51:27,141 km al N de San Antonio de los Cobres,-22.971,-66.509,232.0,3.5,Ml
221201,2024-01-14 21:26:45,2024-01-14 18:26:45,35 km al NO de Quillagua,-21.425,-69.759,49.0,3.3,Ml
221213,2024-01-15 00:41:14,2024-01-14 21:41:14,26 km al SE de Calama,-22.684,-68.833,94.0,2.6,Ml
221219,2024-01-15 01:18:28,2024-01-14 22:18:28,48 km al E de Sierra Gorda.,-22.931,-68.853,87.0,2.7,Ml
221233,2024-01-15 05:17:41,2024-01-15 02:17:41,26 km al NO de San Pedro de Atacama,-22.776,-68.394,106.0,4.9,Mw
221241,2024-01-15 08:12:27,2024-01-15 05:12:27,43 km al NE de Calama,-22.126,-68.737,116.0,3.0,Ml
221259,2024-01-15 10:24:17,2024-01-15 07:24:17,126 km al SE de Ollagüe,-21.893,-67.274,200.0,3.6,Ml
221261,2024-01-15 10:37:01,2024-01-15 07:37:01,21 km al O de Ollagüe,-21.296,-68.436,125.0,3.2,Ml
221264,2024-01-15 10:43:10,2024-01-15 07:43:10,25 km al SO de Huasco,-28.629,-71.391,31.0,3.4,Ml
221267,2024-01-15 10:46:22,2024-01-15 07:46:22,13 km al NE de Los Vilos,-31.809,-71.444,55.0,3.5,Ml
221269,2024-01-15 11:49:04,2024-01-15 08:49:04,24 km al NO de Mina Collahuasi,-20.693,-68.842,101.0,3.2,Ml
221281,2024-01-15 13:22:31,2024-01-15 10:22:31,66 km al O de Iquique,-20.149,-70.778,10.0,2.7,Ml
221283,2024-01-15 13:37:34,2024-01-15 10:37:34,31 km al N de Tocopilla,-21.812,-70.186,68.0,2.9,Ml
221290,2024-01-15 14:50:22,2024-01-15 11:50:22,17 km al N de Concepción,-36.678,-73.045,26.0,2.8,Ml
221293,2024-01-15 15:35:30,2024-01-15 12:35:30,28 km al O de Mina Collahuasi,-20.862,-68.925,104.0,2.5,Ml
221311,2024-01-15 18:44:38,2024-01-15 15:44:38,40 km al E de El Salvador,-26.133,-69.25,123.0,4.2,Ml
221319,2024-01-15 21:37:23,2024-01-15 18:37:23,92 km al SE de Mina La Escondida,-24.95,-68.548,121.0,4.5,Ml
221322,2024-01-15 22:16:13,2024-01-15 19:16:13,13 km al NO de Farellones,-33.267,-70.411,100.0,2.8,Ml
221323,2024-01-15 23:11:32,2024-01-15 20:11:32,56 km al SE de Sierra Gorda.,-23.251,-68.924,99.0,4.2,Ml
221328,2024-01-16 00:31:47,2024-01-15 21:31:47,14 km al SO de Alto del Carmen,-28.835,-70.603,106.0,2.9,Ml
221334,2024-01-16 02:34:25,2024-01-15 23:34:25,36 km al SE de Linares,-36.085,-71.322,113.0,4.0,Ml
221344,2024-01-16 03:55:35,2024-01-16 00:55:35,47 km al O de La Ligua,-32.441,-71.734,54.0,3.6,Ml
221347,2024-01-16 04:31:13,2024-01-16 01:31:13,34 km al N de Mejillones,-22.795,-70.411,36.0,2.5,Ml
221359,2024-01-16 06:37:59,2024-01-16 03:37:59,98 km al O de San Antonio de los Cobres,-24.407,-67.261,193.0,3.8,Ml
221363,2024-01-16 08:06:33,2024-01-16 05:06:33,44 km al O de Ollagüe,-21.347,-68.653,126.0,3.3,Ml
221366,2024-01-16 08:51:07,2024-01-16 05:51:07,35 km al S de Mina Collahuasi,-21.131,-68.75,100.0,2.6,Ml
221381,2024-01-16 15:48:00,2024-01-16 12:48:00,87 km al O de San Antonio de los Cobres,-23.954,-67.126,163.0,3.6,Ml
221384,2024-01-16 15:53:49,2024-01-16 12:53:49,22 km al N de Curicó,-34.796,-71.187,75.0,2.6,Ml
221394,2024-01-16 18:20:53,2024-01-16 15:20:53,31 km al O de Calama,-22.532,-69.228,99.0,2.6,Ml
221407,2024-01-16 21:58:56,2024-01-16 18:58:56,33 km al N de Vallenar,-28.28,-70.769,10.0,2.5,Ml
221408,2024-01-16 22:02:25,2024-01-16 19:02:25,33 km al SE de Lebu,-37.77,-73.334,39.0,2.9,Ml
221409,2024-01-16 22:13:00,2024-01-16 19:13:00,75 km al O de Pichilemu,-34.279,-72.813,20.0,2.6,Ml
221414,2024-01-16 22:46:09,2024-01-16 19:46:09,58 km al S de Socaire,-24.114,-67.937,270.0,2.5,Ml
221417,2024-01-16 22:57:59,2024-01-16 19:57:59,72 km al O de La Serena,-29.679,-71.948,36.0,3.3,Ml
221421,2024-01-16 23:14:40,2024-01-16 20:14:40,12 km al E de Santiago,-33.407,-70.522,103.0,2.7,Ml
221428,2024-01-17 01:20:02,2024-01-16 22:20:02,67 km al E de Socaire,-23.782,-67.271,267.0,3.0,Ml
221434,2024-01-17 02:40:46,2024-01-16 23:40:46,66 km al S de Ollagüe,-21.781,-68.462,131.0,2.7,Ml
221438,2024-01-17 04:25:26,2024-01-17 01:25:26,110 km al NE de San Pedro de Atacama,-22.12,-67.576,223.0,2.5,Ml
221443,2024-01-17 05:51:33,2024-01-17 02:51:33,26 km al N de Yungay,-36.884,-72.045,71.0,3.0,Ml
221445,2024-01-17 06:23:25,2024-01-17 03:23:25,49 km al NO de Toltén,-38.952,-73.647,35.0,2.8,Ml
221458,2024-01-17 09:46:33,2024-01-17 06:46:33,57 km al S de Mina La Escondida.,-24.776,-69.158,109.0,2.8,Ml
221463,2024-01-17 13:23:04,2024-01-17 10:23:04,45 km al SE de Calama,-22.832,-68.741,107.0,2.5,Ml
221468,2024-01-17 13:45:18,2024-01-17 10:45:18,61 km al N de Calama,-21.926,-68.905,111.0,2.6,Ml
221472,2024-01-17 15:31:36,2024-01-17 12:31:36,61 km al SO de Mina La Escondida.,-24.63,-69.516,73.0,3.5,Ml
221477,2024-01-17 17:13:13,2024-01-17 14:13:13,45 km al SO de Huasco,-28.802,-71.469,36.0,3.1,Ml
221482,2024-01-17 17:42:39,2024-01-17 14:42:39,59 km al N de Pica,-19.976,-69.203,96.0,3.2,Ml
221484,2024-01-17 17:46:40,2024-01-17 14:46:40,73 km al O de Iquique,-20.132,-70.844,6.0,2.9,Ml
221486,2024-01-17 18:09:48,2024-01-17 15:09:48,71 km al O de Iquique,-20.145,-70.827,30.0,2.8,Ml
221500,2024-01-17 21:21:10,2024-01-17 18:21:10,39 km al O de Mina Collahuasi,-20.768,-69.031,101.0,3.5,Ml
221505,2024-01-17 22:22:13,2024-01-17 19:22:13,85 km al NO de Quillagua,-21.131,-70.134,68.0,2.6,Ml
221509,2024-01-17 23:28:57,2024-01-17 20:28:57,46 km al N de Calama,-22.078,-68.773,105.0,2.5,Ml
221518,2024-01-18 03:08:22,2024-01-18 00:08:22,20 km al S de Visviri,-17.764,-69.431,157.0,2.7,Ml
221523,2024-01-18 04:26:50,2024-01-18 01:26:50,72 km al S de Ollagüe,-21.848,-68.449,121.0,2.6,Ml
221526,2024-01-18 04:56:31,2024-01-18 01:56:31,58 km al NE de Alto del Carmen,-28.289,-70.233,95.0,3.2,Ml
221527,2024-01-18 05:04:47,2024-01-18 02:04:47,36 km al S de Los Vilos,-32.224,-71.605,63.0,2.8,Ml
221539,2024-01-18 07:04:10,2024-01-18 04:04:10,12 km al O de Tongoy,-30.282,-71.613,38.0,3.9,Ml
221546,2024-01-18 08:16:19,2024-01-18 05:16:19,30 km al NO de Mina Collahuasi,-20.638,-68.862,102.0,2.5,Ml
221548,2024-01-18 08:56:45,2024-01-18 05:56:45,71 km al NE de Calama,-21.928,-68.572,118.0,2.5,Ml
221551,2024-01-18 09:21:21,2024-01-18 06:21:21,80 km al E de San Pedro de Atacama,-22.682,-67.466,237.0,2.9,Ml
221553,2024-01-18 09:52:20,2024-01-18 06:52:20,75 km al E de Socaire,-23.836,-67.205,224.0,3.7,Ml
221558,2024-01-18 10:42:53,2024-01-18 07:42:53,35 km al NO de Camiña,-19.062,-69.627,102.0,3.1,Ml
221563,2024-01-18 13:15:59,2024-01-18 10:15:59,29 km al N de Calama,-22.215,-68.891,117.0,3.0,Ml
221565,2024-01-18 13:57:21,2024-01-18 10:57:21,28 km al S de Camiña,-19.567,-69.402,97.0,3.5,Ml
221567,2024-01-18 14:02:52,2024-01-18 11:02:52,55 km al NE de Cuya,-18.851,-69.771,112.0,3.3,Ml
221571,2024-01-18 14:30:25,2024-01-18 11:30:25,52 km al O de Ollagüe,-21.3,-68.746,121.0,2.8,Ml
221579,2024-01-18 16:42:16,2024-01-18 13:42:16,26 km al SE de Cuya,-19.35,-70.032,41.0,3.2,Ml
221593,2024-01-18 19:00:03,2024-01-18 16:00:03,95 km al O de Concepción,-36.448,-74.004,28.0,2.8,Ml
221595,2024-01-18 19:28:31,2024-01-18 16:28:31,57 km al E de Talca,-35.535,-71.047,120.0,2.6,Ml
221597,2024-01-18 19:50:53,2024-01-18 16:50:53,24 km al SE de Pichilemu,-34.544,-71.832,44.0,3.0,Ml
221602,2024-01-18 21:12:45,2024-01-18 18:12:45,75 km al O de San Antonio de los Cobres,-24.043,-67.033,251.0,3.0,Mlv
221611,2024-01-18 23:15:44,2024-01-18 20:15:44,33 km al SE de Socaire,-23.821,-67.69,249.0,3.0,Ml
221612,2024-01-18 23:31:53,2024-01-18 20:31:53,85 km al E de Socaire,-23.702,-67.067,230.0,4.1,Ml
221616,2024-01-18 23:43:53,2024-01-18 20:43:53,103 km al S de Alto Hospicio,-21.135,-70.446,51.0,2.8,Ml
221673,2024-01-18 23:44:11,2024-01-18 20:44:11,6 km al E de Pica,-20.489,-69.27,82.0,2.7,Ml
221630,2024-01-19 03:27:23,2024-01-19 00:27:23,28 km al NE de Sierra Gorda.,-22.76,-69.09,113.0,2.6,Ml
221632,2024-01-19 03:31:59,2024-01-19 00:31:59,72 km al SO de Ollagüe,-21.719,-68.71,108.0,3.7,Ml
221633,2024-01-19 04:18:33,2024-01-19 01:18:33,114 km al E de Socaire,-23.817,-66.799,195.0,2.8,Ml
221638,2024-01-19 05:18:02,2024-01-19 02:18:02,101 km al SE de Socaire,-24.148,-67.104,172.0,2.7,Ml
221645,2024-01-19 08:09:17,2024-01-19 05:09:17,66 km al NE de Calama,-21.93,-68.661,126.0,3.1,Ml
221653,2024-01-19 09:03:24,2024-01-19 06:03:24,18 km al NE de Paposo,-24.87,-70.369,50.0,3.6,Ml
221656,2024-01-19 09:41:01,2024-01-19 06:41:01,121 km al SE de Mina La Escondida.,-24.786,-68.004,133.0,4.9,Mw
221659,2024-01-19 12:07:41,2024-01-19 09:07:41,16 km al NO de El Tabo,-33.337,-71.767,38.0,3.1,Ml
221662,2024-01-19 12:19:15,2024-01-19 09:19:15,76 km al NO de Arequipa,-15.882,-72.009,158.0,4.9,Mw
221664,2024-01-19 12:38:55,2024-01-19 09:38:55,86 km al S de Socaire,-24.339,-67.673,222.0,2.9,Ml
221672,2024-01-19 15:20:21,2024-01-19 12:20:21,79 km al SE de Socaire,-24.021,-67.271,215.0,3.8,Ml
221675,2024-01-19 15:46:52,2024-01-19 12:46:52,38 km al O de La Serena,-29.8,-71.629,66.0,4.0,Ml
221677,2024-01-19 16:17:54,2024-01-19 13:17:54,30 km al NE de Pica,-20.327,-69.106,106.0,2.5,Ml
221679,2024-01-19 16:59:56,2024-01-19 13:59:56,15 km al NE de Curicó,-34.864,-71.16,103.0,3.2,Ml
221697,2024-01-19 18:50:02,2024-01-19 15:50:02,63 km al SO de Ollagüe,-21.689,-68.608,134.0,3.5,Ml
221717,2024-01-19 23:23:17,2024-01-19 20:23:17,35 km al NO de Camiña,-19.065,-69.628,85.0,2.9,Ml
221720,2024-01-20 00:19:32,2024-01-19 21:19:32,83 km al E de Socaire,-23.553,-67.074,216.0,4.3,Ml
221723,2024-01-20 01:03:07,2024-01-19 22:03:07,52 km al NE de Calama,-22.063,-68.679,128.0,2.7,Ml
221725,2024-01-20 01:55:02,2024-01-19 22:55:02,114 km al E de Socaire,-23.927,-66.828,178.0,2.8,Ml
221736,2024-01-20 05:14:19,2024-01-20 02:14:19,26 km al SE de Talca,-35.605,-71.474,93.0,2.5,Ml
221756,2024-01-20 10:01:22,2024-01-20 07:01:22,20 km al SO de Huasco,-28.61,-71.345,51.0,3.9,Ml
221759,2024-01-20 10:42:48,2024-01-20 07:42:48,75 km al NE de Calama,-21.859,-68.632,118.0,2.9,Ml
221767,2024-01-20 12:45:58,2024-01-20 09:45:58,46 km al SE de Putre,-18.463,-69.227,132.0,3.2,Ml
221772,2024-01-20 14:23:24,2024-01-20 11:23:24,49 km al SO de Alto Hospicio,-20.596,-70.419,39.0,2.5,Ml
221775,2024-01-20 14:57:47,2024-01-20 11:57:47,31 km al SE de Socaire,-23.77,-67.657,239.0,3.2,Ml
221777,2024-01-20 15:28:10,2024-01-20 12:28:10,42 km al NO de Canela Baja,-31.078,-71.695,32.0,3.5,Ml
221791,2024-01-20 17:58:30,2024-01-20 14:58:30,45 km al SO de Mina Collahuasi,-21.05,-69.015,106.0,2.5,Ml
221797,2024-01-20 19:18:37,2024-01-20 16:18:37,42 km al N de Constitución,-34.959,-72.481,11.0,2.7,Ml
221800,2024-01-20 20:06:03,2024-01-20 17:06:03,103 km al E de Socaire,-23.467,-66.884,208.0,4.3,Ml
221804,2024-01-20 20:40:23,2024-01-20 17:40:23,17 km al NE de Vicuña,-29.896,-70.65,71.0,2.7,Ml
221818,2024-01-20 21:58:28,2024-01-20 18:58:28,91 km al NE de San Pedro de Atacama,-22.356,-67.564,186.0,3.2,Ml
221827,2024-01-20 22:43:22,2024-01-20 19:43:22,51 km al N de Pica,-20.052,-69.179,93.0,2.9,Ml
221829,2024-01-20 23:11:33,2024-01-20 20:11:33,18 km al SO de Santiago,-33.527,-70.814,14.0,2.1,Ml
221849,2024-01-21 03:03:36,2024-01-21 00:03:36,25 km al E de Puelo,-41.766,-72.026,163.0,3.6,Ml
221851,2024-01-21 03:30:39,2024-01-21 00:30:39,54 km al N de Mejillones,-22.628,-70.345,38.0,2.5,Ml
221852,2024-01-21 03:55:46,2024-01-21 00:55:46,15 km al SO de Quillagua,-21.778,-69.606,69.0,2.6,Ml
221855,2024-01-21 04:32:29,2024-01-21 01:32:29,77 km al NO de Quillagua,-21.359,-70.2,38.0,2.7,Ml
221857,2024-01-21 05:28:48,2024-01-21 02:28:48,50 km al NE de Quillagua,-21.381,-69.158,97.0,2.8,Ml
221860,2024-01-21 06:00:36,2024-01-21 03:00:36,28 km al SE de Pisagua,-19.809,-70.072,56.0,2.8,Ml
221866,2024-01-21 06:21:23,2024-01-21 03:21:23,83 km al E de Socaire,-23.392,-67.108,247.0,3.4,Ml
221868,2024-01-21 07:45:31,2024-01-21 04:45:31,36 km al NE de Pica,-20.275,-69.076,95.0,3.2,Ml
221877,2024-01-21 10:35:34,2024-01-21 07:35:34,16 km al O de Antuco,-37.347,-71.858,96.0,3.3,Ml
221880,2024-01-21 11:48:02,2024-01-21 08:48:02,26 km al SO de Ollagüe,-21.363,-68.458,125.0,2.9,Ml
221884,2024-01-21 13:39:15,2024-01-21 10:39:15,48 km al NO de Quillagua,-21.29,-69.784,43.0,2.7,Ml
221891,2024-01-21 17:37:48,2024-01-21 14:37:48,60 km al O de Navidad,-33.924,-72.481,35.0,4.9,Mw
221896,2024-01-21 17:39:30,2024-01-21 14:39:30,43 km al O de Navidad,-33.943,-72.301,28.0,4.4,Ml
221903,2024-01-21 18:37:40,2024-01-21 15:37:40,29 km al NO de Los Vilos,-31.765,-71.766,47.0,3.4,Ml
221906,2024-01-21 18:42:41,2024-01-21 15:42:41,14 km al NO de Andacollo,-30.122,-71.168,55.0,3.0,Ml
221915,2024-01-21 21:35:16,2024-01-21 18:35:16,47 km al E de Sierra Gorda.,-23.038,-68.885,95.0,3.1,Ml
221933,2024-01-22 03:15:40,2024-01-22 00:15:40,12 km al O de Osorno,-40.602,-73.271,41.0,2.5,Ml
221938,2024-01-22 04:35:14,2024-01-22 01:35:14,51 km al O de La Ligua,-32.573,-71.755,28.0,2.8,Ml
221940,2024-01-22 05:21:27,2024-01-22 02:21:27,26 km al O de Curarrehue,-39.427,-71.88,7.0,2.4,Ml
221959,2024-01-22 11:11:14,2024-01-22 08:11:14,56 km al O de Mina La Escondida.,-24.411,-69.59,78.0,3.0,Ml
221968,2024-01-22 13:16:50,2024-01-22 10:16:50,23 km al SO de Pica,-20.674,-69.439,71.0,4.8,Mw
221970,2024-01-22 14:51:56,2024-01-22 11:51:56,70 km al N de Quillagua,-21.041,-69.686,9.0,2.7,Ml
221995,2024-01-22 19:21:40,2024-01-22 16:21:40,13 km al N de El Tabo,-33.341,-71.714,21.0,3.1,Ml
221997,2024-01-22 19:26:58,2024-01-22 16:26:58,5 km al NE de Pica,-20.452,-69.312,92.0,2.8,Ml
222002,2024-01-22 20:12:38,2024-01-22 17:12:38,42 km al NO de Mina Collahuasi,-20.535,-68.915,96.0,2.9,Ml
222008,2024-01-22 22:06:19,2024-01-22 19:06:19,88 km al SE de Antofagasta,-24.336,-69.991,94.0,2.9,Ml
222011,2024-01-22 22:30:11,2024-01-22 19:30:11,62 km al O de Tongoy,-30.211,-72.134,40.0,5.3,Mw
222015,2024-01-22 22:38:26,2024-01-22 19:38:26,52 km al O de Tongoy,-30.258,-72.038,42.0,3.3,Ml
222021,2024-01-22 23:29:31,2024-01-22 20:29:31,70 km al SE de Socaire,-24.059,-67.425,210.0,3.6,Ml
222044,2024-01-23 05:05:05,2024-01-23 02:05:05,90 km al O de Tongoy,-30.148,-72.422,33.0,4.1,Ml
222064,2024-01-23 09:04:13,2024-01-23 06:04:13,63 km al N de Calama,-21.924,-68.762,126.0,2.9,Ml
222068,2024-01-23 10:02:13,2024-01-23 07:02:13,38 km al NO de Valparaíso,-32.734,-71.772,34.0,2.9,Ml
222076,2024-01-23 11:55:56,2024-01-23 08:55:56,35 km al SO de Alto Hospicio,-20.54,-70.273,43.0,3.4,Ml
222087,2024-01-23 13:14:04,2024-01-23 10:14:04,35 km al SO de Mina Collahuasi,-21.1,-68.822,111.0,2.9,Ml
222090,2024-01-23 13:47:27,2024-01-23 10:47:27,47 km al NO de Taltal,-25.205,-70.894,44.0,3.2,Ml
222093,2024-01-23 15:06:54,2024-01-23 12:06:54,68 km al NE de Calama,-21.95,-68.585,129.0,2.6,Ml
222095,2024-01-23 15:08:38,2024-01-23 12:08:38,21 km al O de La Higuera,-29.561,-71.41,34.0,2.7,Ml
222101,2024-01-23 15:28:13,2024-01-23 12:28:13,38 km al E de Cuya,-19.214,-69.818,82.0,2.8,Ml
222103,2024-01-23 16:06:57,2024-01-23 13:06:57,48 km al O de Tongoy,-30.199,-71.993,43.0,4.8,Mw
222105,2024-01-23 16:15:41,2024-01-23 13:15:41,23 km al N de Calama,-22.278,-69.009,111.0,3.0,Ml
222112,2024-01-23 17:07:25,2024-01-23 14:07:25,14 km al SE de Cobquecura,-36.197,-72.655,48.0,3.2,Ml
222121,2024-01-23 18:20:13,2024-01-23 15:20:13,37 km al SO de Mina Collahuasi,-21.066,-68.907,106.0,3.2,Ml
222126,2024-01-23 19:30:38,2024-01-23 16:30:38,35 km al NE de Tocopilla,-21.916,-69.918,74.0,2.7,Ml
222128,2024-01-23 19:34:09,2024-01-23 16:34:09,78 km al O de Valparaíso,-32.912,-72.431,38.0,2.8,Ml
222137,2024-01-23 20:34:12,2024-01-23 17:34:12,21 km al E de Calama,-22.501,-68.724,100.0,3.0,Ml
222141,2024-01-23 21:01:47,2024-01-23 18:01:47,74 km al SE de Socaire,-24.125,-67.452,211.0,3.4,Ml
222145,2024-01-23 21:46:50,2024-01-23 18:46:50,89 km al E de San Fabián,-36.571,-70.553,4.0,2.6,Ml
222155,2024-01-23 23:03:17,2024-01-23 20:03:17,32 km al NE de Calama,-22.295,-68.682,104.0,2.6,Ml
222156,2024-01-23 23:09:53,2024-01-23 20:09:53,41 km al SE de Rancagua,-34.472,-70.494,119.0,4.5,Mw
222166,2024-01-24 01:51:56,2024-01-23 22:51:56,65 km al N de Huasco,-27.893,-71.365,34.0,3.3,Ml
222180,2024-01-24 04:05:53,2024-01-24 01:05:53,25 km al NE de Constitución,-35.124,-72.303,46.0,2.9,Ml
222192,2024-01-24 06:08:48,2024-01-24 03:08:48,42 km al S de Pozo Almonte,-20.631,-69.801,46.0,2.9,Ml
222199,2024-01-24 06:48:57,2024-01-24 03:48:57,30 km al SO de Los Vilos,-32.129,-71.696,24.0,2.8,Ml
222203,2024-01-24 08:05:10,2024-01-24 05:05:10,37 km al NE de Calama,-22.17,-68.769,132.0,5.3,Mw
222210,2024-01-24 09:26:07,2024-01-24 06:26:07,28 km al NO de Carrizal Bajo,-27.899,-71.338,37.0,3.0,Ml
222214,2024-01-24 09:39:00,2024-01-24 06:39:00,119 km al SE de Socaire,-24.19,-66.921,208.0,4.3,Ml
222215,2024-01-24 09:46:33,2024-01-24 06:46:33,64 km al N de Huasco,-27.914,-71.4,27.0,2.5,Ml
222223,2024-01-24 11:04:19,2024-01-24 08:04:19,106 km al E de Tierra Amarilla,-27.233,-69.226,129.0,3.6,Ml
222227,2024-01-24 12:15:59,2024-01-24 09:15:59,24 km al O de Canela Baja,-31.477,-71.698,37.0,2.7,Ml
222228,2024-01-24 13:09:57,2024-01-24 10:09:57,21 km al N de Canela Baja,-31.215,-71.431,52.0,2.5,Ml
222230,2024-01-24 13:35:42,2024-01-24 10:35:42,77 km al SE de Socaire,-24.103,-67.385,210.0,2.8,Ml
222232,2024-01-24 14:04:59,2024-01-24 11:04:59,48 km al S de Mina Collahuasi,-21.235,-68.809,123.0,2.5,Ml
222234,2024-01-24 15:24:00,2024-01-24 12:24:00,61 km al NE de Alto del Carmen,-28.286,-70.172,107.0,3.1,Ml
222237,2024-01-24 15:29:34,2024-01-24 12:29:34,39 km al S de Quillagua,-21.987,-69.662,57.0,3.3,Ml
222239,2024-01-24 16:00:51,2024-01-24 13:00:51,29 km al N de Calama,-22.219,-68.866,127.0,3.7,Ml
222244,2024-01-24 16:39:32,2024-01-24 13:39:32,76 km al E de Socaire,-23.866,-67.209,178.0,3.0,Ml
222251,2024-01-24 17:59:05,2024-01-24 14:59:05,70 km al SO de Ollagüe,-21.746,-68.64,105.0,2.6,Ml
222252,2024-01-24 18:12:25,2024-01-24 15:12:25,66 km al SO de Ollagüe,-21.768,-68.515,113.0,2.9,Ml
222257,2024-01-24 20:40:41,2024-01-24 17:40:41,29 km al SO de Los Vilos,-32.085,-71.743,36.0,2.6,Ml
222262,2024-01-24 21:32:02,2024-01-24 18:32:02,50 km al NE de Calama,-22.075,-68.707,107.0,2.9,Ml
222265,2024-01-24 22:56:45,2024-01-24 19:56:45,21 km al SO de La Higuera,-29.608,-71.39,44.0,2.5,Ml
222269,2024-01-25 00:12:13,2024-01-24 21:12:13,40 km al SO de Socaire,-23.742,-68.244,124.0,2.5,Ml
222275,2024-01-25 01:29:45,2024-01-24 22:29:45,58 km al SE de Sierra Gorda.,-23.304,-68.951,84.0,3.1,Ml
222276,2024-01-25 01:29:47,2024-01-24 22:29:47,39 km al SO de Mina Collahuasi,-21.123,-68.861,112.0,2.5,Ml
222287,2024-01-25 05:08:58,2024-01-25 02:08:58,88 km al S de Ilo,-18.435,-71.259,40.0,3.1,Ml
222294,2024-01-25 06:35:51,2024-01-25 03:35:51,48 km al E de Sierra Gorda.,-23.043,-68.871,87.0,2.7,Ml
222295,2024-01-25 06:50:13,2024-01-25 03:50:13,87 km al E de Socaire,-23.331,-67.084,246.0,3.9,Ml
222298,2024-01-25 07:15:18,2024-01-25 04:15:18,76 km al SE de Socaire,-24.084,-67.368,230.0,2.8,Ml
222301,2024-01-25 08:18:37,2024-01-25 05:18:37,39 km al NO de Mina Collahuasi,-20.503,-68.804,115.0,2.6,Ml
222303,2024-01-25 08:28:29,2024-01-25 05:28:29,37 km al NE de Calama,-22.244,-68.67,117.0,2.9,Ml
222308,2024-01-25 09:31:11,2024-01-25 06:31:11,63 km al S de Camiña,-19.86,-69.258,93.0,2.6,Ml
222314,2024-01-25 10:54:20,2024-01-25 07:54:20,30 km al SE de Mina Collahuasi,-21.073,-68.531,126.0,2.5,Ml
222320,2024-01-25 11:19:14,2024-01-25 08:19:14,71 km al S de Ilo,-18.277,-71.286,36.0,3.9,Ml
222322,2024-01-25 11:29:55,2024-01-25 08:29:55,66 km al SO de Ollagüe,-21.716,-68.615,126.0,2.5,Ml
222326,2024-01-25 12:38:20,2024-01-25 09:38:20,56 km al NE de Pica,-20.044,-69.077,97.0,3.0,Ml
222330,2024-01-25 13:36:59,2024-01-25 10:36:59,98 km al NE de Socaire,-23.215,-67.019,245.0,2.9,Ml
222334,2024-01-25 15:15:53,2024-01-25 12:15:53,83 km al SE de Ollagüe,-21.743,-67.672,232.0,3.0,Ml
222337,2024-01-25 15:19:12,2024-01-25 12:19:12,49 km al SO de Ollagüe,-21.636,-68.432,113.0,3.3,Ml
222344,2024-01-25 17:01:51,2024-01-25 14:01:51,106 km al E de Socaire,-23.335,-66.889,198.0,3.3,Ml
222345,2024-01-25 17:17:51,2024-01-25 14:17:51,35 km al NE de Calama,-22.318,-68.635,120.0,3.4,Ml
222347,2024-01-25 17:18:42,2024-01-25 14:18:42,17 km al SE de Navidad,-34.066,-71.706,44.0,2.9,Ml
222354,2024-01-25 17:51:59,2024-01-25 14:51:59,93 km al SE de Socaire,-24.177,-67.245,188.0,4.6,Mw
222360,2024-01-25 18:38:22,2024-01-25 15:38:22,22 km al S de Yungay,-37.316,-72.01,75.0,2.8,Ml
222362,2024-01-25 18:58:13,2024-01-25 15:58:13,75 km al SO de Ollagüe,-21.839,-68.546,131.0,5.0,Mw
222365,2024-01-25 19:13:00,2024-01-25 16:13:00,28 km al E de Ollagüe,-21.229,-67.979,144.0,2.6,Ml
222370,2024-01-25 19:57:09,2024-01-25 16:57:09,36 km al NO de Antofagasta,-23.411,-70.637,18.0,3.4,Ml
222371,2024-01-25 20:19:32,2024-01-25 17:19:32,42 km al SO de Mina Collahuasi,-21.002,-69.012,106.0,2.6,Ml
222373,2024-01-25 20:53:27,2024-01-25 17:53:27,41 km al SO de Mina Collahuasi,-21.052,-68.972,98.0,2.7,Ml
222376,2024-01-25 21:26:51,2024-01-25 18:26:51,29 km al O de Ollagüe,-21.165,-68.527,124.0,2.7,Ml
222378,2024-01-25 22:29:08,2024-01-25 19:29:08,25 km al SO de Punitaqui,-31.022,-71.403,67.0,3.0,Ml
222380,2024-01-25 22:38:17,2024-01-25 19:38:17,28 km al E de Camiña,-19.254,-69.163,106.0,2.5,Ml
222382,2024-01-25 22:53:59,2024-01-25 19:53:59,44 km al S de Sierra Gorda,-23.261,-69.181,89.0,3.3,Ml
222384,2024-01-25 22:57:34,2024-01-25 19:57:34,36 km al NE de Copiapó,-27.176,-70.034,76.0,2.6,Ml
222385,2024-01-25 23:04:26,2024-01-25 20:04:26,60 km al NO de Canela Baja,-31.023,-71.912,46.0,2.5,Ml
222386,2024-01-25 23:21:40,2024-01-25 20:21:40,7 km al NO de San José de Maipo,-33.579,-70.382,110.0,3.0,Ml
222389,2024-01-25 23:29:51,2024-01-25 20:29:51,66 km al NO de San Antonio de los Cobres,-23.975,-66.906,194.0,3.2,Ml
222391,2024-01-25 23:41:05,2024-01-25 20:41:05,42 km al SO de Taltal,-25.761,-70.636,39.0,3.1,Ml
222396,2024-01-26 02:20:50,2024-01-25 23:20:50,131 km al NE de Socaire,-22.961,-66.804,205.0,2.5,Ml
222397,2024-01-26 02:34:34,2024-01-25 23:34:34,26 km al NO de Mina Collahuasi,-20.693,-68.857,108.0,2.8,Ml
222399,2024-01-26 04:03:52,2024-01-26 01:03:52,30 km al SO de Toltén,-39.374,-73.404,42.0,2.5,Ml
222403,2024-01-26 05:28:00,2024-01-26 02:28:00,43 km al NE de Calama,-22.155,-68.682,108.0,2.7,Ml
222405,2024-01-26 05:32:52,2024-01-26 02:32:52,72 km al SO de Ollagüe,-21.761,-68.636,119.0,2.6,Ml
222410,2024-01-26 06:22:15,2024-01-26 03:22:15,14 km al E de Valparaíso,-33.026,-71.462,50.0,4.8,Mw
222416,2024-01-26 07:16:52,2024-01-26 04:16:52,38 km al SO de Ollagüe,-21.503,-68.458,130.0,3.1,Ml
222422,2024-01-26 08:38:29,2024-01-26 05:38:29,27 km al SO de Canela Baja,-31.516,-71.711,27.0,3.1,Ml
222428,2024-01-26 09:49:39,2024-01-26 06:49:39,33 km al SE de Sierra Gorda.,-23.081,-69.057,112.0,3.1,Ml
222430,2024-01-26 09:58:25,2024-01-26 06:58:25,19 km al SO de Los Vilos,-31.993,-71.688,24.0,2.6,Ml
222434,2024-01-26 11:19:41,2024-01-26 08:19:41,65 km al SO de Ollagüe,-21.762,-68.501,132.0,3.4,Ml
222441,2024-01-26 14:18:19,2024-01-26 11:18:19,19 km al NE de Pica,-20.363,-69.203,95.0,3.0,Ml
222447,2024-01-26 16:36:09,2024-01-26 13:36:09,47 km al N de Mina Collahuasi,-20.419,-68.79,113.0,2.5,Ml
222452,2024-01-26 16:54:22,2024-01-26 13:54:22,50 km al SO de Mina Collahuasi,-21.121,-69.023,114.0,4.0,Ml
222455,2024-01-26 17:16:57,2024-01-26 14:16:57,51 km al NE de Calama,-22.241,-68.504,141.0,2.9,Ml
222465,2024-01-26 18:31:45,2024-01-26 15:31:45,74 km al SO de Ollagüe,-21.783,-68.64,132.0,3.9,Ml
222471,2024-01-26 20:32:22,2024-01-26 17:32:22,19 km al NE de Calama,-22.389,-68.772,136.0,3.3,Ml
222475,2024-01-26 20:49:57,2024-01-26 17:49:57,31 km al NO de Los Andes.,-32.701,-70.888,81.0,2.8,Ml
222479,2024-01-26 21:08:47,2024-01-26 18:08:47,12 km al E de Camiña,-19.271,-69.319,108.0,2.5,Ml
222480,2024-01-26 21:23:41,2024-01-26 18:23:41,48 km al O de La Ligua,-32.444,-71.74,34.0,2.7,Ml
222489,2024-01-27 00:13:33,2024-01-26 21:13:33,146 km al O de Constitución,-34.783,-73.864,18.0,2.7,Ml
222493,2024-01-27 02:04:57,2024-01-26 23:04:57,98 km al E de Socaire,-23.722,-66.943,209.0,2.8,Ml
222500,2024-01-27 04:00:24,2024-01-27 01:00:24,68 km al O de Tongoy,-30.316,-72.199,37.0,2.9,Ml
222506,2024-01-27 05:10:39,2024-01-27 02:10:39,116 km al O de Valparaíso,-32.627,-72.755,37.0,2.7,Ml
222508,2024-01-27 05:55:32,2024-01-27 02:55:32,57 km al S de Camiña,-19.81,-69.279,97.0,3.9,Ml
222528,2024-01-27 09:23:19,2024-01-27 06:23:19,76 km al SO de Alto Hospicio,-20.734,-70.636,24.0,2.8,Ml
222539,2024-01-27 12:11:14,2024-01-27 09:11:14,38 km al SE de Mina Los Pelambres,-32.038,-70.268,152.0,3.1,Ml
222541,2024-01-27 12:19:03,2024-01-27 09:19:03,144 km al O de Los Vilos,-32.37,-72.943,40.0,2.7,Ml
222545,2024-01-27 15:20:28,2024-01-27 12:20:28,30 km al SE de Mina Collahuasi,-21.08,-68.549,140.0,2.8,Ml
222546,2024-01-27 15:30:00,2024-01-27 12:30:00,46 km al SO de Mina Collahuasi,-21.053,-69.033,116.0,2.9,Ml
222571,2024-01-27 19:38:21,2024-01-27 16:38:21,60 km al SO de Tongoy,-30.641,-71.935,35.0,3.7,Ml
222577,2024-01-27 20:25:17,2024-01-27 17:25:17,47 km al S de Pica,-20.889,-69.188,108.0,2.5,Ml
222585,2024-01-27 21:29:35,2024-01-27 18:29:35,85 km al O de Arica,-18.501,-71.125,26.0,2.7,Ml
222587,2024-01-27 21:32:26,2024-01-27 18:32:26,75 km al O de Arica,-18.454,-71.028,26.0,2.7,Ml
222589,2024-01-27 21:53:21,2024-01-27 18:53:21,27 km al NE de Ollagüe,-21.01,-68.131,160.0,2.6,Ml
222593,2024-01-27 22:48:10,2024-01-27 19:48:10,24 km al NE de Camiña,-19.177,-69.25,7.0,2.6,Ml
222595,2024-01-27 23:21:00,2024-01-27 20:21:00,49 km al NE de Calama,-22.063,-68.749,117.0,3.6,Ml
222601,2024-01-28 00:27:12,2024-01-27 21:27:12,51 km al S de Mina Collahuasi,-21.262,-68.805,120.0,3.5,Ml
222603,2024-01-28 00:56:28,2024-01-27 21:56:28,48 km al NO de Chañaral.,-26.013,-70.93,55.0,2.5,Ml
222604,2024-01-28 01:28:51,2024-01-27 22:28:51,24 km al E de Mina Los Pelambres,-31.813,-70.333,133.0,2.7,Ml
222616,2024-01-28 03:35:59,2024-01-28 00:35:59,31 km al SO de Mina Collahuasi,-21.082,-68.771,103.0,2.8,Ml
222626,2024-01-28 04:44:14,2024-01-28 01:44:14,91 km al O de Huasco,-28.656,-72.131,46.0,2.9,Ml
222627,2024-01-28 04:51:00,2024-01-28 01:51:00,73 km al E de Tierra Amarilla,-27.656,-69.551,116.0,3.5,Ml
222630,2024-01-28 05:10:43,2024-01-28 02:10:43,60 km al NE de Calama,-22.07,-68.536,127.0,2.7,Ml
222638,2024-01-28 06:41:11,2024-01-28 03:41:11,38 km al SE de Pica,-20.806,-69.191,108.0,2.7,Ml
222639,2024-01-28 07:11:24,2024-01-28 04:11:24,55 km al N de Mina Collahuasi,-20.335,-68.716,134.0,2.9,Ml
222642,2024-01-28 07:35:57,2024-01-28 04:35:57,17 km al O de Panguipulli,-39.674,-72.527,89.0,4.5,Mw
222667,2024-01-28 10:57:39,2024-01-28 07:57:39,38 km al SO de Huasco,-28.758,-71.43,40.0,3.0,Ml
222672,2024-01-28 12:30:03,2024-01-28 09:30:03,152 km al O de Constitución,-35.192,-74.082,15.0,3.0,Ml
222684,2024-01-28 16:23:39,2024-01-28 13:23:39,46 km al NO de San Pedro de Atacama,-22.625,-68.512,130.0,2.6,Ml
222702,2024-01-28 18:57:10,2024-01-28 15:57:10,12 km al SO de Huasco,-28.562,-71.273,48.0,2.5,Ml
222716,2024-01-28 20:47:55,2024-01-28 17:47:55,87 km al E de Socaire,-23.89,-67.1,232.0,4.1,Mw
222724,2024-01-28 22:42:00,2024-01-28 19:42:00,100 km al N de Tocopilla,-21.254,-70.538,22.0,2.7,Ml
222732,2024-01-28 23:44:05,2024-01-28 20:44:05,108 km al S de Mina La Escondida,-25.189,-69.39,120.0,3.5,Ml
222736,2024-01-29 01:49:39,2024-01-28 22:49:39,27 km al SO de Calama,-22.599,-69.152,110.0,3.8,Ml
222742,2024-01-29 02:16:07,2024-01-28 23:16:07,45 km al E de Los Andes.,-32.663,-70.166,126.0,2.9,Ml
222748,2024-01-29 03:38:31,2024-01-29 00:38:31,36 km al SO de San José de Maipo,-33.836,-70.669,98.0,3.5,Ml
222751,2024-01-29 03:56:21,2024-01-29 00:56:21,53 km al S de Pica,-20.945,-69.185,87.0,3.1,Ml
222761,2024-01-29 06:00:31,2024-01-29 03:00:31,222 km al O de Puerto Aysén,-46.136,-75.36,16.0,2.8,Ml
222762,2024-01-29 06:22:46,2024-01-29 03:22:46,70 km al E de Tierra Amarilla,-27.589,-69.568,112.0,2.8,Ml
222770,2024-01-29 07:47:49,2024-01-29 04:47:49,33 km al S de Mina Collahuasi,-21.126,-68.692,110.0,2.6,Ml
222774,2024-01-29 08:20:00,2024-01-29 05:20:00,50 km al S de Mina Collahuasi,-21.268,-68.772,116.0,2.6,Ml
222776,2024-01-29 08:50:37,2024-01-29 05:50:37,58 km al O de Taltal,-25.533,-71.045,26.0,3.6,Ml
222787,2024-01-29 11:31:46,2024-01-29 08:31:46,27 km al N de Mina La Escondida.,-24.036,-69.133,91.0,2.5,Ml
222788,2024-01-29 11:56:02,2024-01-29 08:56:02,46 km al SO de Patache,-21.162,-70.442,52.0,3.0,Ml
222794,2024-01-29 13:26:20,2024-01-29 10:26:20,19 km al N de San Pedro de Atacama,-22.752,-68.186,147.0,3.8,Ml
222803,2024-01-29 16:40:29,2024-01-29 13:40:29,54 km al E de Rancagua,-34.114,-70.153,18.0,2.9,Ml
222815,2024-01-29 21:25:29,2024-01-29 18:25:29,9 km al SE de Punitaqui,-30.902,-71.215,61.0,2.8,Ml
222830,2024-01-29 23:40:07,2024-01-29 20:40:07,47 km al S de Mina Collahuasi,-21.243,-68.728,99.0,2.7,Ml
222841,2024-01-30 01:40:09,2024-01-29 22:40:09,82 km al SE de Socaire,-24.162,-67.389,200.0,3.3,Ml
222849,2024-01-30 04:16:23,2024-01-30 01:16:23,5 km al O de La Serena,-29.896,-71.302,51.0,2.6,Ml
222851,2024-01-30 04:33:55,2024-01-30 01:33:55,56 km al E de Mina Los Pelambres,-31.625,-70.045,152.0,3.9,Ml
222866,2024-01-30 09:02:09,2024-01-30 06:02:09,48 km al O de Tirúa,-38.212,-74.019,26.0,3.0,Ml
222869,2024-01-30 09:05:02,2024-01-30 06:05:02,25 km al O de Los Vilos,-31.888,-71.772,38.0,3.2,Ml
222871,2024-01-30 09:16:17,2024-01-30 06:16:17,45 km al SE de Putre,-18.531,-69.326,131.0,3.2,Ml
222878,2024-01-30 12:02:01,2024-01-30 09:02:01,112 km al E de Socaire,-23.293,-66.845,216.0,4.3,Ml
222884,2024-01-30 13:11:22,2024-01-30 10:11:22,21 km al N de Illapel,-31.447,-71.218,61.0,3.3,Ml
222890,2024-01-30 16:21:41,2024-01-30 13:21:41,65 km al SE de Socaire,-24.127,-67.637,256.0,3.1,Ml
222894,2024-01-30 16:35:51,2024-01-30 13:35:51,34 km al S de Mina Collahuasi,-21.131,-68.612,130.0,3.1,Ml
222906,2024-01-30 18:12:09,2024-01-30 15:12:09,37 km al E de El Salvador,-26.262,-69.257,131.0,3.5,Ml
222912,2024-01-30 18:50:39,2024-01-30 15:50:39,23 km al SO de Los Vilos,-32.108,-71.593,28.0,3.7,Ml
222926,2024-01-30 20:43:53,2024-01-30 17:43:53,73 km al O de San Antonio de los Cobres,-24.018,-67.005,194.0,3.3,Ml
222928,2024-01-30 21:54:53,2024-01-30 18:54:53,92 km al NO de Quillagua,-21.133,-70.218,43.0,2.5,Ml
222932,2024-01-30 21:56:43,2024-01-30 18:56:43,48 km al E de Petorca,-32.393,-70.445,109.0,2.9,Ml
222930,2024-01-30 21:56:45,2024-01-30 18:56:45,50 km al E de Petorca,-32.39,-70.423,106.0,3.6,Ml
222938,2024-01-31 00:08:17,2024-01-30 21:08:17,34 km al O de Ovalle,-30.614,-71.555,48.0,3.6,Ml
222950,2024-01-31 01:58:41,2024-01-30 22:58:41,72 km al SE de Socaire,-23.88,-67.259,238.0,3.2,Ml
222958,2024-01-31 04:25:27,2024-01-31 01:25:27,86 km al SO de Alto Hospicio,-20.937,-70.512,53.0,4.3,Mw
222961,2024-01-31 04:36:13,2024-01-31 01:36:13,93 km al SE de Socaire,-24.003,-67.1,235.0,3.4,Ml
222966,2024-01-31 05:52:47,2024-01-31 02:52:47,16 km al NE de Calama,-22.348,-68.84,122.0,2.7,Ml
222969,2024-01-31 06:34:57,2024-01-31 03:34:57,32 km al S de Curicó,-35.26,-71.127,99.0,3.0,Ml
222980,2024-01-31 09:15:46,2024-01-31 06:15:46,64 km al O de La Serena,-29.725,-71.881,42.0,3.0,Ml
222981,2024-01-31 09:20:04,2024-01-31 06:20:04,58 km al O de Tongoy,-30.203,-72.099,46.0,2.8,Ml
222992,2024-01-31 10:41:54,2024-01-31 07:41:54,73 km al SO de Ollagüe,-21.815,-68.555,130.0,2.5,Ml
222993,2024-01-31 10:53:55,2024-01-31 07:53:55,44 km al SE de Taltal,-25.588,-70.093,78.0,2.9,Ml
222999,2024-01-31 14:43:18,2024-01-31 11:43:18,48 km al S de Mina Collahuasi,-21.243,-68.766,108.0,2.5,Ml
223005,2024-01-31 16:57:53,2024-01-31 13:57:53,23 km al NO de Iquique,-20.068,-70.309,38.0,3.1,Ml
223008,2024-01-31 16:58:24,2024-01-31 13:58:24,44 km al SO de Los Vilos,-32.242,-71.761,24.0,3.0,Ml
223030,2024-01-31 19:48:41,2024-01-31 16:48:41,37 km al S de Pica,-20.823,-69.334,76.0,2.5,Ml
223032,2024-01-31 20:22:16,2024-01-31 17:22:16,43 km al O de Ollagüe,-21.234,-68.664,116.0,2.7,Ml
223034,2024-01-31 20:37:01,2024-01-31 17:37:01,70 km al NE de Calama,-21.906,-68.618,104.0,2.6,Ml
223038,2024-01-31 21:25:03,2024-01-31 18:25:03,22 km al SO de Mina La Escondida.,-24.428,-69.186,89.0,2.5,Ml
223048,2024-01-31 23:01:07,2024-01-31 20:01:07,29 km al NO de Petorca,-32.125,-71.205,89.0,3.7,Ml
223051,2024-02-01 00:16:54,2024-01-31 21:16:54,75 km al N de Mina La Escondida.,-23.6,-68.982,108.0,3.3,Ml
223054,2024-02-01 00:27:26,2024-01-31 21:27:26,5 km al SE de Quillota,-32.918,-71.223,59.0,3.7,Ml
223057,2024-02-01 00:44:13,2024-01-31 21:44:13,95 km al E de Socaire,-23.25,-67.032,253.0,3.5,Ml
223061,2024-02-01 02:38:33,2024-01-31 23:38:33,42 km al SE de Pica,-20.796,-69.09,109.0,2.6,Ml
223067,2024-02-01 03:53:25,2024-02-01 00:53:25,70 km al O de Caleta Tortel,-47.91,-74.467,12.0,3.6,Ml
223075,2024-02-01 04:57:53,2024-02-01 01:57:53,127 km al E de Socaire,-23.266,-66.701,224.0,3.8,Ml
223076,2024-02-01 05:00:50,2024-02-01 02:00:50,15 km al O de La Higuera,-29.527,-71.354,64.0,2.6,Ml
223081,2024-02-01 05:53:01,2024-02-01 02:53:01,35 km al SE de Rancagua,-34.446,-70.568,111.0,3.2,Ml
223085,2024-02-01 06:37:26,2024-02-01 03:37:26,74 km al NE de Calama,-21.884,-68.585,118.0,3.0,Ml
223088,2024-02-01 06:47:27,2024-02-01 03:47:27,24 km al N de Arica,-18.265,-70.282,57.0,3.7,Ml
223089,2024-02-01 06:48:55,2024-02-01 03:48:55,36 km al NO de Valparaíso,-32.833,-71.9,36.0,2.7,Ml
223097,2024-02-01 08:34:56,2024-02-01 05:34:56,32 km al O de El Tabo,-33.521,-72.003,19.0,2.7,Ml
223106,2024-02-01 10:37:53,2024-02-01 07:37:53,41 km al NO de Valparaíso,-32.734,-71.838,24.0,3.1,Ml
223111,2024-02-01 11:14:13,2024-02-01 08:14:13,20 km al E de Quillota,-32.927,-71.044,66.0,2.5,Ml
223113,2024-02-01 11:22:22,2024-02-01 08:22:22,46 km al SO de Huasco,-28.751,-71.555,45.0,3.5,Ml
223119,2024-02-01 13:45:00,2024-02-01 10:45:00,36 km al SO de Mina Collahuasi,-20.971,-68.971,113.0,3.5,Ml
223130,2024-02-01 17:02:03,2024-02-01 14:02:03,51 km al SO de Mina Collahuasi,-21.241,-68.865,118.0,3.0,Ml
223133,2024-02-01 17:14:54,2024-02-01 14:14:54,34 km al NO de Quillagua,-21.411,-69.733,80.0,2.7,Ml
223137,2024-02-01 17:46:18,2024-02-01 14:46:18,15 km al S de Huasco,-28.595,-71.246,32.0,3.2,Ml
223147,2024-02-01 18:44:30,2024-02-01 15:44:30,76 km al NO de Tongoy,-29.857,-72.139,31.0,2.6,Ml
223148,2024-02-01 19:01:40,2024-02-01 16:01:40,34 km al NE de Calama,-22.207,-68.769,110.0,2.6,Ml
223151,2024-02-01 19:41:14,2024-02-01 16:41:14,69 km al NE de Calama,-21.891,-68.684,129.0,2.7,Ml
223155,2024-02-01 20:25:02,2024-02-01 17:25:02,26 km al NE de Sierra Gorda.,-22.796,-69.084,116.0,2.9,Ml
223157,2024-02-01 21:04:37,2024-02-01 18:04:37,17 km al NO de Quillagua,-21.541,-69.635,19.0,3.7,Ml
223160,2024-02-01 22:04:34,2024-02-01 19:04:34,70 km al O de Tongoy,-30.299,-72.219,32.0,3.0,Ml
223162,2024-02-01 22:20:18,2024-02-01 19:20:18,38 km al NE de Baquedano,-23.024,-69.695,66.0,2.6,Ml
223170,2024-02-02 00:03:36,2024-02-01 21:03:36,14 km al NO de Huasco,-28.392,-71.336,44.0,2.5,Ml
223173,2024-02-02 02:08:07,2024-02-01 23:08:07,35 km al E de Pica,-20.597,-69.018,110.0,3.4,Ml
223181,2024-02-02 04:38:30,2024-02-02 01:38:30,31 km al NE de Pica,-20.273,-69.149,91.0,3.1,Ml
223184,2024-02-02 05:19:37,2024-02-02 02:19:37,44 km al NE de Pica,-20.329,-68.941,109.0,2.8,Ml
223186,2024-02-02 05:31:12,2024-02-02 02:31:12,22 km al SO de Putre,-18.293,-69.737,119.0,4.2,Ml
223191,2024-02-02 06:26:14,2024-02-02 03:26:14,11 km al SO de Ovalle,-30.651,-71.299,53.0,3.0,Ml
223200,2024-02-02 07:47:11,2024-02-02 04:47:11,25 km al SO de Taltal,-25.619,-70.578,40.0,2.6,Ml
223204,2024-02-02 08:34:02,2024-02-02 05:34:02,48 km al NO de Cobquecura,-35.816,-73.15,33.0,2.6,Ml
223208,2024-02-02 09:02:17,2024-02-02 06:02:17,30 km al E de Los Andes.,-32.839,-70.277,109.0,3.4,Ml
223212,2024-02-02 09:38:10,2024-02-02 06:38:10,30 km al SE de Mina Collahuasi,-21.068,-68.533,129.0,2.8,Ml
223214,2024-02-02 09:59:22,2024-02-02 06:59:22,23 km al N de Calama,-22.266,-68.874,112.0,2.6,Ml
223221,2024-02-02 11:47:35,2024-02-02 08:47:35,18 km al E de Colina,-33.16,-70.493,108.0,2.6,Ml
223223,2024-02-02 11:59:25,2024-02-02 08:59:25,21 km al SE de Alto Hospicio,-20.402,-69.957,30.0,2.7,Ml
223225,2024-02-02 13:30:54,2024-02-02 10:30:54,116 km al NO de San Antonio de los Cobres,-23.285,-66.804,202.0,3.1,Ml
223227,2024-02-02 13:44:53,2024-02-02 10:44:53,35 km al O de Ollagüe,-21.167,-68.59,130.0,3.7,Ml
223235,2024-02-02 14:42:36,2024-02-02 11:42:36,41 km al NO de Lebu,-37.272,-73.852,17.0,2.5,Ml
223250,2024-02-02 18:01:19,2024-02-02 15:01:19,40 km al S de Mina Collahuasi,-21.186,-68.649,116.0,2.8,Ml
223251,2024-02-02 18:03:31,2024-02-02 15:03:31,40 km al O de La Ligua,-32.338,-71.642,56.0,2.5,Ml
223258,2024-02-02 19:49:09,2024-02-02 16:49:09,120 km al O de Los Vilos,-31.898,-72.783,17.0,2.6,Ml
223266,2024-02-02 20:54:30,2024-02-02 17:54:30,60 km al S de Mina Collahuasi,-21.339,-68.833,109.0,2.5,Ml
223270,2024-02-02 21:50:18,2024-02-02 18:50:18,60 km al E de Taltal,-25.626,-69.935,82.0,3.8,Ml
223273,2024-02-02 22:07:49,2024-02-02 19:07:49,48 km al SO de Mina Collahuasi,-21.189,-68.901,108.0,2.5,Ml
223274,2024-02-02 22:12:19,2024-02-02 19:12:19,36 km al S de Calama,-22.776,-68.808,116.0,2.5,Ml
223275,2024-02-02 22:15:03,2024-02-02 19:15:03,28 km al NE de Carrizal Bajo,-27.916,-70.936,59.0,3.4,Ml
223286,2024-02-03 00:37:58,2024-02-02 21:37:58,56 km al SO de Ollagüe,-21.621,-68.591,127.0,2.8,Ml
223287,2024-02-03 00:48:55,2024-02-02 21:48:55,12 km al NO de Los Andes.,-32.742,-70.664,92.0,4.9,Mw
223292,2024-02-03 01:01:57,2024-02-02 22:01:57,43 km al SE de Baquedano,-23.524,-69.476,109.0,2.7,Ml
223300,2024-02-03 02:53:07,2024-02-02 23:53:07,11 km al N de Santiago,-33.338,-70.654,98.0,2.8,Ml
223303,2024-02-03 03:45:50,2024-02-03 00:45:50,68 km al SO de Ollagüe,-21.762,-68.558,120.0,2.7,Ml
223306,2024-02-03 04:23:59,2024-02-03 01:23:59,77 km al SE de Socaire,-23.94,-67.235,226.0,3.6,Ml
223314,2024-02-03 06:35:25,2024-02-03 03:35:25,60 km al SE de Socaire,-24.091,-67.668,246.0,2.8,Ml
223315,2024-02-03 06:41:52,2024-02-03 03:41:52,43 km al O de Ollagüe,-21.225,-68.673,114.0,2.8,Ml
223317,2024-02-03 06:45:20,2024-02-03 03:45:20,69 km al SO de Ollagüe,-21.782,-68.539,120.0,2.9,Ml
223328,2024-02-03 09:10:36,2024-02-03 06:10:36,18 km al O de Andacollo,-30.188,-71.267,65.0,3.2,Ml
223341,2024-02-03 11:04:58,2024-02-03 08:04:58,78 km al NE de San Pedro de Atacama,-22.316,-67.819,211.0,2.8,Ml
223349,2024-02-03 11:39:18,2024-02-03 08:39:18,50 km al O de Mina Collahuasi,-20.927,-69.125,103.0,2.7,Ml
223356,2024-02-03 13:30:20,2024-02-03 10:30:20,45 km al SO de Mina Collahuasi,-21.108,-68.968,113.0,3.0,Ml
223358,2024-02-03 13:37:40,2024-02-03 10:37:40,143 km al O de Tirúa,-38.283,-75.129,19.0,3.3,Ml
223369,2024-02-03 17:18:59,2024-02-03 14:18:59,11 km al E de Cuya,-19.2,-70.08,62.0,2.9,Ml
223381,2024-02-03 19:15:58,2024-02-03 16:15:58,18 km al NE de Calama,-22.347,-68.823,121.0,2.9,Ml
223385,2024-02-03 20:27:43,2024-02-03 17:27:43,67 km al O de San Antonio de los Cobres,-24.157,-66.978,216.0,3.2,Ml
223386,2024-02-03 20:45:48,2024-02-03 17:45:48,120 km al O de Tocopilla,-22.205,-71.359,11.0,3.1,Ml
223388,2024-02-03 20:49:35,2024-02-03 17:49:35,57 km al SE de Socaire,-24.033,-67.61,236.0,3.1,Ml
223392,2024-02-03 21:20:55,2024-02-03 18:20:55,30 km al SO de Calama,-22.685,-69.101,68.0,2.5,Ml
223409,2024-02-04 02:43:23,2024-02-03 23:43:23,98 km al NE de San Pedro de Atacama,-22.364,-67.463,180.0,3.6,Ml
223411,2024-02-04 02:50:12,2024-02-03 23:50:12,48 km al E de El Salvador,-26.192,-69.15,130.0,3.1,Ml
223417,2024-02-04 03:41:11,2024-02-04 00:41:11,37 km al E de Los Andes.,-32.727,-70.223,133.0,2.8,Ml
223418,2024-02-04 03:41:42,2024-02-04 00:41:42,39 km al S de Ollagüe,-21.56,-68.375,134.0,3.9,Ml
223421,2024-02-04 04:02:46,2024-02-04 01:02:46,22 km al O de Camiña,-19.378,-69.623,104.0,4.7,Mw
223423,2024-02-04 04:09:02,2024-02-04 01:09:02,62 km al O de Pisagua,-19.542,-70.806,43.0,2.5,Ml
223424,2024-02-04 04:14:55,2024-02-04 01:14:55,26 km al E de Pica,-20.467,-69.081,89.0,2.6,Ml
223428,2024-02-04 04:40:49,2024-02-04 01:40:49,28 km al S de Los Vilos,-32.162,-71.516,59.0,2.7,Ml
223430,2024-02-04 04:42:31,2024-02-04 01:42:31,42 km al S de Camiña,-19.689,-69.354,97.0,2.8,Ml
223434,2024-02-04 05:33:49,2024-02-04 02:33:49,78 km al E de Taltal,-25.183,-69.747,81.0,2.6,Ml
223435,2024-02-04 05:47:22,2024-02-04 02:47:22,57 km al N de Baquedano,-22.823,-69.909,57.0,2.5,Ml
223442,2024-02-04 06:56:04,2024-02-04 03:56:04,63 km al SO de Ollagüe,-21.738,-68.505,127.0,2.5,Ml
223446,2024-02-04 08:18:17,2024-02-04 05:18:17,60 km al NO de Cobquecura,-35.735,-73.246,5.0,2.5,Ml
223447,2024-02-04 08:29:50,2024-02-04 05:29:50,46 km al NO de Cobquecura,-35.821,-73.13,3.0,2.6,Ml
223450,2024-02-04 08:56:28,2024-02-04 05:56:28,52 km al NO de Cobquecura,-35.811,-73.211,3.0,2.6,Ml
223454,2024-02-04 10:12:02,2024-02-04 07:12:02,117 km al O de Chañaral.,-26.376,-71.8,38.0,2.7,Ml
223458,2024-02-04 11:10:55,2024-02-04 08:10:55,43 km al SO de Tongoy,-30.617,-71.656,38.0,2.9,Ml
223466,2024-02-04 14:09:14,2024-02-04 11:09:14,37 km al SO de Copiapó,-27.556,-70.637,52.0,2.6,Ml
223468,2024-02-04 14:32:22,2024-02-04 11:32:22,24 km al SO de Tongoy,-30.443,-71.626,32.0,2.5,Ml
223471,2024-02-04 14:39:32,2024-02-04 11:39:32,24 km al O de Tongoy,-30.287,-71.739,38.0,2.9,Ml
223477,2024-02-04 16:55:44,2024-02-04 13:55:44,65 km al S de Socaire,-24.149,-67.691,240.0,2.6,Ml
223481,2024-02-04 17:26:23,2024-02-04 14:26:23,49 km al E de Ollagüe,-21.282,-67.789,196.0,3.3,Ml
223489,2024-02-04 18:07:35,2024-02-04 15:07:35,64 km al S de Pica,-21.065,-69.37,88.0,3.0,Ml
223502,2024-02-04 21:30:09,2024-02-04 18:30:09,52 km al SO de Ollagüe,-21.638,-68.49,130.0,2.5,Ml
223503,2024-02-04 21:33:55,2024-02-04 18:33:55,25 km al NE de Socaire,-23.392,-67.775,160.0,2.6,Ml
223504,2024-02-04 21:41:24,2024-02-04 18:41:24,16 km al SO de Los Vilos,-32.029,-71.612,33.0,2.5,Ml
223509,2024-02-04 23:46:22,2024-02-04 20:46:22,52 km al NO de Mina La Escondida.,-23.839,-69.259,87.0,3.2,Ml
223512,2024-02-05 00:25:21,2024-02-04 21:25:21,50 km al SO de Camiña,-19.679,-69.711,33.0,2.9,Ml
223525,2024-02-05 02:44:24,2024-02-04 23:44:24,44 km al NE de Pica,-20.272,-68.979,100.0,2.6,Ml
223529,2024-02-05 04:15:35,2024-02-05 01:15:35,26 km al O de Canela Baja,-31.441,-71.723,33.0,2.7,Ml
223532,2024-02-05 04:21:10,2024-02-05 01:21:10,78 km al O de Toltén,-39.393,-74.034,15.0,2.7,Ml
223530,2024-02-05 04:23:44,2024-02-05 01:23:44,52 km al SO de Ollagüe,-21.603,-68.543,119.0,2.6,Ml
223535,2024-02-05 04:46:45,2024-02-05 01:46:45,22 km al SO de Canela Baja,-31.498,-71.663,37.0,3.1,Ml
223537,2024-02-05 05:05:18,2024-02-05 02:05:18,53 km al E de Socaire,-23.777,-67.408,212.0,2.5,Ml
223547,2024-02-05 07:00:01,2024-02-05 04:00:01,71 km al SE de Socaire,-24.033,-67.381,207.0,2.8,Ml
223552,2024-02-05 08:19:55,2024-02-05 05:19:55,100 km al S de Ilo,-18.542,-71.306,38.0,3.1,Ml
223571,2024-02-05 13:56:41,2024-02-05 10:56:41,94 km al NE de Socaire,-23.214,-67.068,266.0,3.2,Ml
223577,2024-02-05 15:16:43,2024-02-05 12:16:43,83 km al O de San Antonio de los Cobres,-24.122,-67.129,227.0,3.7,Ml
223583,2024-02-05 16:15:16,2024-02-05 13:15:16,45 km al NO de Caldera,-26.715,-71.041,25.0,2.6,Ml
223584,2024-02-05 16:20:42,2024-02-05 13:20:42,21 km al S de Tierra Amarilla,-27.671,-70.24,90.0,2.8,Ml
223598,2024-02-05 18:15:57,2024-02-05 15:15:57,40 km al SO de Mina Collahuasi,-21.119,-68.889,111.0,3.0,Ml
223609,2024-02-05 20:33:10,2024-02-05 17:33:10,84 km al SO de Lebu,-38.033,-74.451,11.0,3.2,Ml
223618,2024-02-05 21:50:02,2024-02-05 18:50:02,33 km al SE de Putre,-18.463,-69.424,116.0,2.8,Ml
223621,2024-02-05 23:07:35,2024-02-05 20:07:35,31 km al E de Pica,-20.549,-69.039,99.0,3.1,Ml
223623,2024-02-05 23:09:29,2024-02-05 20:09:29,49 km al SE de Socaire,-23.983,-67.68,188.0,3.5,Ml
223625,2024-02-05 23:47:43,2024-02-05 20:47:43,143 km al E de Copiapó,-27.63,-68.909,10.0,2.9,Ml
223633,2024-02-06 03:19:42,2024-02-06 00:19:42,37 km al E de San Pedro de Atacama,-22.927,-67.837,157.0,4.1,Ml
223648,2024-02-06 07:39:06,2024-02-06 04:39:06,89 km al NE de San Pedro de Atacama,-22.259,-67.711,198.0,3.1,Ml
223649,2024-02-06 07:46:41,2024-02-06 04:46:41,66 km al O de Taltal,-25.488,-71.139,48.0,3.1,Ml
223663,2024-02-06 10:35:46,2024-02-06 07:35:46,35 km al S de Visviri,-17.891,-69.374,145.0,3.7,Ml
223666,2024-02-06 10:42:15,2024-02-06 07:42:15,14 km al N de Combarbalá,-31.05,-71.006,72.0,3.1,Ml
223676,2024-02-06 12:43:37,2024-02-06 09:43:37,28 km al O de La Ligua,-32.482,-71.527,47.0,2.9,Ml
223680,2024-02-06 13:39:03,2024-02-06 10:39:03,67 km al NO de San Antonio de los Cobres,-23.832,-66.82,201.0,4.0,Ml
223687,2024-02-06 14:30:18,2024-02-06 11:30:18,39 km al N de Punta de Choros,-28.9,-71.446,41.0,3.6,Ml
223689,2024-02-06 14:33:55,2024-02-06 11:33:55,36 km al N de Punta de Choros,-28.929,-71.394,15.0,3.2,Ml
223718,2024-02-06 21:11:46,2024-02-06 18:11:46,90 km al SO de Alto Hospicio,-20.936,-70.589,39.0,3.4,Ml
223723,2024-02-06 21:51:49,2024-02-06 18:51:49,23 km al SE de Talca,-35.622,-71.568,105.0,2.7,Ml
223728,2024-02-06 22:55:36,2024-02-06 19:55:36,35 km al SE de Baquedano,-23.603,-69.665,72.0,3.0,Ml
223746,2024-02-07 03:37:05,2024-02-07 00:37:05,68 km al SO de Ollagüe,-21.645,-68.733,116.0,2.9,Ml
223751,2024-02-07 04:54:32,2024-02-07 01:54:32,87 km al SE de Socaire,-24.185,-67.338,220.0,2.8,Ml
223764,2024-02-07 06:19:07,2024-02-07 03:19:07,58 km al NE de Calama,-21.994,-68.694,107.0,2.6,Ml
223787,2024-02-07 10:53:18,2024-02-07 07:53:18,45 km al NE de San Pedro de Atacama,-22.57,-67.975,191.0,3.0,Ml
223791,2024-02-07 11:34:16,2024-02-07 08:34:16,26 km al NE de Vichuquén,-34.774,-71.747,40.0,2.5,Ml
223794,2024-02-07 11:49:13,2024-02-07 08:49:13,20 km al NE de Putre,-18.123,-69.385,136.0,2.8,Ml
223797,2024-02-07 12:17:24,2024-02-07 09:17:24,48 km al E de Pica,-20.419,-68.878,116.0,4.0,Ml
223800,2024-02-07 13:00:10,2024-02-07 10:00:10,50 km al S de Ollagüe,-21.652,-68.415,139.0,3.1,Ml
223803,2024-02-07 13:26:17,2024-02-07 10:26:17,34 km al SO de Los Vilos,-32.094,-71.805,14.0,3.3,Ml
223808,2024-02-07 14:56:53,2024-02-07 11:56:53,52 km al S de Camiña,-19.775,-69.357,89.0,2.6,Ml
223819,2024-02-07 16:42:30,2024-02-07 13:42:30,32 km al NO de Socaire,-23.455,-68.166,166.0,2.9,Ml
223823,2024-02-07 16:58:53,2024-02-07 13:58:53,76 km al E de Socaire,-23.854,-67.205,223.0,2.9,Ml
223841,2024-02-07 20:24:37,2024-02-07 17:24:37,32 km al S de Ollagüe,-21.515,-68.225,152.0,2.7,Ml
223843,2024-02-07 20:29:09,2024-02-07 17:29:09,50 km al E de Quillagua,-21.817,-69.082,90.0,2.9,Ml
223846,2024-02-07 20:36:09,2024-02-07 17:36:09,31 km al E de Sierra Gorda.,-22.876,-69.018,102.0,2.7,Ml
223852,2024-02-07 21:03:43,2024-02-07 18:03:43,15 km al SE de Punitaqui,-30.947,-71.185,63.0,2.6,Ml
223859,2024-02-07 22:04:12,2024-02-07 19:04:12,6 km al O de Victoria,-38.221,-72.404,96.0,4.0,Ml
223862,2024-02-08 00:25:52,2024-02-07 21:25:52,63 km al NE de Calama,-21.968,-68.655,126.0,3.2,Ml
223877,2024-02-08 03:51:52,2024-02-08 00:51:52,45 km al S de Mina Collahuasi,-21.226,-68.696,106.0,2.6,Ml
223886,2024-02-08 06:03:42,2024-02-08 03:03:42,33 km al N de María Elena,-22.051,-69.639,71.0,2.5,Ml
223889,2024-02-08 06:11:51,2024-02-08 03:11:51,78 km al NE de San Pedro de Atacama,-22.299,-67.846,186.0,3.3,Ml
223890,2024-02-08 06:25:58,2024-02-08 03:25:58,51 km al S de Tocopilla,-22.539,-70.301,38.0,3.0,Ml
223893,2024-02-08 07:23:28,2024-02-08 04:23:28,15 km al NO de Quillagua,-21.536,-69.604,89.0,2.7,Ml
223899,2024-02-08 08:12:24,2024-02-08 05:12:24,74 km al SE de Socaire,-23.953,-67.279,211.0,3.1,Ml
223902,2024-02-08 09:45:57,2024-02-08 06:45:57,20 km al NO de Quillagua,-21.53,-69.665,70.0,2.5,Ml
223909,2024-02-08 12:46:13,2024-02-08 09:46:13,16 km al NO de Caldera,-26.988,-70.951,54.0,3.3,Ml
223919,2024-02-08 14:50:20,2024-02-08 11:50:20,64 km al SO de Ollagüe,-21.745,-68.526,130.0,2.7,Ml
223922,2024-02-08 15:48:22,2024-02-08 12:48:22,39 km al NE de Calama,-22.203,-68.681,112.0,2.6,Ml
223931,2024-02-08 17:19:29,2024-02-08 14:19:29,63 km al SO de Arica,-18.785,-70.83,34.0,3.1,Ml
223942,2024-02-08 18:21:29,2024-02-08 15:21:29,61 km al E de Copiapó,-27.187,-69.747,28.0,3.9,Ml
223945,2024-02-08 18:27:22,2024-02-08 15:27:22,61 km al SO de Ollagüe,-21.696,-68.548,116.0,2.5,Ml
223947,2024-02-08 18:58:21,2024-02-08 15:58:21,78 km al O de San Antonio de los Cobres,-24.05,-67.066,188.0,3.5,Ml
223951,2024-02-08 20:07:21,2024-02-08 17:07:21,64 km al N de Huasco,-27.893,-71.119,31.0,3.1,Ml
223956,2024-02-08 21:22:28,2024-02-08 18:22:28,63 km al SE de Camiña,-19.829,-69.175,95.0,3.9,Ml
223958,2024-02-08 21:49:21,2024-02-08 18:49:21,43 km al N de Mina Collahuasi,-20.463,-68.808,110.0,3.1,Ml
223965,2024-02-08 23:26:04,2024-02-08 20:26:04,43 km al SE de El Salvador,-26.588,-69.435,124.0,2.9,Ml
223967,2024-02-08 23:39:51,2024-02-08 20:39:51,47 km al NE de Calama,-22.226,-68.551,129.0,2.5,Ml
223977,2024-02-09 02:54:21,2024-02-08 23:54:21,94 km al O de San Antonio de los Cobres,-24.379,-67.234,198.0,3.7,Ml
223984,2024-02-09 04:17:40,2024-02-09 01:17:40,29 km al N de Vicuña,-29.776,-70.72,94.0,3.8,Ml
223996,2024-02-09 08:00:29,2024-02-09 05:00:29,43 km al SO de Mina Collahuasi,-21.126,-68.915,111.0,2.8,Ml
224001,2024-02-09 08:25:27,2024-02-09 05:25:27,47 km al SO de Mina Collahuasi,-21.113,-68.993,112.0,3.5,Ml
224017,2024-02-09 13:52:58,2024-02-09 10:52:58,118 km al NO de Mejillones,-22.39,-71.303,31.0,2.8,Ml
224018,2024-02-09 14:53:33,2024-02-09 11:53:33,20 km al NE de Calama,-22.306,-68.852,108.0,2.6,Ml
224026,2024-02-09 16:18:50,2024-02-09 13:18:50,48 km al N de Calama,-22.039,-68.981,93.0,3.8,Ml
224035,2024-02-09 17:25:28,2024-02-09 14:25:28,76 km al O de Valparaíso,-32.788,-72.366,29.0,3.3,Ml
224044,2024-02-09 17:42:15,2024-02-09 14:42:15,22 km al O de Tocopilla,-22.026,-70.397,21.0,2.8,Ml
224046,2024-02-09 18:05:12,2024-02-09 15:05:12,57 km al NO de Parque Fray Jorge,-30.322,-72.127,43.0,3.1,Ml
224054,2024-02-09 18:58:09,2024-02-09 15:58:09,27 km al N de Pica,-20.252,-69.264,112.0,2.9,Ml
224056,2024-02-09 19:36:11,2024-02-09 16:36:11,43 km al SE de Calama,-22.788,-68.699,100.0,2.5,Ml
224062,2024-02-09 20:50:46,2024-02-09 17:50:46,49 km al SO de Pica,-20.789,-69.681,81.0,2.8,Ml
224070,2024-02-09 22:25:05,2024-02-09 19:25:05,42 km al O de La Ligua,-32.462,-71.682,36.0,2.8,Ml
224078,2024-02-10 00:01:18,2024-02-09 21:01:18,40 km al NE de Calama,-22.161,-68.736,120.0,3.3,Ml
224082,2024-02-10 02:06:01,2024-02-09 23:06:01,157 km al NO de Constitución,-34.441,-73.747,15.0,3.1,Ml
224085,2024-02-10 02:23:54,2024-02-09 23:23:54,111 km al SE de Socaire,-24.048,-66.92,183.0,3.9,Ml
224093,2024-02-10 05:11:42,2024-02-10 02:11:42,66 km al NE de Socaire,-23.319,-67.31,263.0,2.9,Ml
224094,2024-02-10 05:44:54,2024-02-10 02:44:54,39 km al O de Vichuquén,-34.795,-72.412,23.0,2.9,Ml
224100,2024-02-10 07:00:18,2024-02-10 04:00:18,31 km al E de Vichuquén,-34.769,-71.682,46.0,3.0,Ml
224105,2024-02-10 09:08:02,2024-02-10 06:08:02,61 km al NO de Pichilemu,-34.009,-72.495,19.0,3.3,Ml
224125,2024-02-10 09:09:08,2024-02-10 06:09:08,39 km al O de Navidad,-34.03,-72.242,27.0,2.8,Ml
224122,2024-02-10 09:11:10,2024-02-10 06:11:10,38 km al O de Navidad,-33.993,-72.242,31.0,2.7,Ml
224110,2024-02-10 09:14:46,2024-02-10 06:14:46,43 km al O de Navidad,-34.013,-72.295,30.0,2.9,Ml
224128,2024-02-10 09:15:41,2024-02-10 06:15:41,44 km al O de Navidad,-34.025,-72.299,25.0,3.0,Ml
224112,2024-02-10 09:20:42,2024-02-10 06:20:42,46 km al O de Navidad,-34.037,-72.318,34.0,3.0,Ml
224116,2024-02-10 09:25:07,2024-02-10 06:25:07,46 km al O de Navidad,-34.011,-72.323,34.0,2.5,Ml
224119,2024-02-10 09:31:56,2024-02-10 06:31:56,43 km al O de Navidad,-34.026,-72.289,38.0,2.9,Ml
224120,2024-02-10 09:34:47,2024-02-10 06:34:47,46 km al O de Navidad,-34.02,-72.322,38.0,2.8,Ml
224132,2024-02-10 10:37:08,2024-02-10 07:37:08,42 km al SE de Pica,-20.843,-69.18,108.0,2.7,Ml
224133,2024-02-10 11:00:55,2024-02-10 08:00:55,42 km al O de Navidad,-34.029,-72.276,26.0,2.8,Ml
224136,2024-02-10 11:03:35,2024-02-10 08:03:35,51 km al O de Navidad,-34.006,-72.384,25.0,2.5,Ml
224138,2024-02-10 11:25:54,2024-02-10 08:25:54,50 km al O de Navidad,-33.998,-72.375,27.0,2.5,Ml
224144,2024-02-10 12:32:49,2024-02-10 09:32:49,39 km al O de Navidad,-34.066,-72.23,25.0,3.0,Ml
224145,2024-02-10 12:35:18,2024-02-10 09:35:18,61 km al O de La Higuera,-29.465,-71.83,36.0,3.6,Ml
224147,2024-02-10 12:42:05,2024-02-10 09:42:05,85 km al S de Alto Hospicio,-21.031,-70.153,46.0,3.3,Ml
224150,2024-02-10 13:39:38,2024-02-10 10:39:38,27 km al SO de Mina Collahuasi,-20.98,-68.862,106.0,2.9,Ml
224162,2024-02-10 15:36:57,2024-02-10 12:36:57,26 km al E de Quillota,-32.823,-70.981,69.0,3.1,Ml
224163,2024-02-10 15:38:29,2024-02-10 12:38:29,15 km al E de Valparaíso,-33.012,-71.463,54.0,2.6,Ml
224166,2024-02-10 15:54:41,2024-02-10 12:54:41,26 km al SE de Petorca,-32.37,-70.688,99.0,2.8,Ml
224173,2024-02-10 17:33:02,2024-02-10 14:33:02,34 km al NO de Valparaíso,-32.849,-71.887,30.0,2.7,Ml
224182,2024-02-10 18:27:18,2024-02-10 15:27:18,29 km al N de Lonquimay,-38.197,-71.402,244.0,3.8,Ml
224185,2024-02-10 19:13:06,2024-02-10 16:13:06,51 km al NE de Calama,-22.074,-68.689,135.0,2.7,Ml
224190,2024-02-10 20:18:33,2024-02-10 17:18:33,19 km al O de Petorca,-32.231,-71.128,73.0,3.1,Ml
224198,2024-02-10 23:34:38,2024-02-10 20:34:38,64 km al SE de Socaire,-23.964,-67.418,267.0,3.1,Ml
224207,2024-02-11 00:54:47,2024-02-10 21:54:47,163 km al O de Toltén,-39.315,-75.055,15.0,2.7,Ml
224208,2024-02-11 01:07:41,2024-02-10 22:07:41,44 km al SE de Pica,-20.835,-69.119,109.0,2.5,Ml
224215,2024-02-11 02:24:53,2024-02-10 23:24:53,27 km al O de Socaire,-23.682,-68.137,212.0,2.7,Ml
224217,2024-02-11 02:48:48,2024-02-10 23:48:48,86 km al SO de Ilo,-18.297,-71.783,28.0,3.0,Ml
224226,2024-02-11 05:05:55,2024-02-11 02:05:55,33 km al NO de Los Vilos,-31.74,-71.796,36.0,2.6,Ml
224227,2024-02-11 05:18:51,2024-02-11 02:18:51,171 km al O de Puerto Edén,-48.544,-76.572,20.0,4.3,Ml
224231,2024-02-11 06:09:43,2024-02-11 03:09:43,28 km al E de Copiapó,-27.265,-70.073,107.0,2.9,Ml
224234,2024-02-11 08:07:25,2024-02-11 05:07:25,42 km al SO de Mina Collahuasi,-21.069,-68.963,114.0,2.7,Ml
224235,2024-02-11 08:17:00,2024-02-11 05:17:00,64 km al S de Mina Collahuasi,-21.364,-68.874,113.0,3.0,Ml
224247,2024-02-11 11:27:22,2024-02-11 08:27:22,30 km al E de Sierra Gorda.,-22.897,-69.022,92.0,2.6,Ml
224248,2024-02-11 11:38:32,2024-02-11 08:38:32,33 km al O de Los Vilos,-31.928,-71.865,24.0,2.8,Ml
224256,2024-02-11 12:59:05,2024-02-11 09:59:05,30 km al SO de Tocopilla,-22.255,-70.437,25.0,2.5,Ml
224263,2024-02-11 14:34:08,2024-02-11 11:34:08,71 km al E de Socaire,-23.805,-67.237,261.0,2.7,Ml
224268,2024-02-11 15:19:43,2024-02-11 12:19:43,80 km al E de Alto del Carmen,-28.793,-69.668,139.0,3.1,Ml
224269,2024-02-11 15:36:17,2024-02-11 12:36:17,23 km al SO de Huasco,-28.655,-71.321,32.0,3.2,Ml
224282,2024-02-11 17:41:16,2024-02-11 14:41:16,56 km al NE de Calama,-22.159,-68.5,114.0,3.5,Ml
224286,2024-02-11 17:53:58,2024-02-11 14:53:58,66 km al SO de Ollagüe,-21.765,-68.524,130.0,2.5,Ml
224292,2024-02-11 18:24:15,2024-02-11 15:24:15,71 km al S de Socaire,-24.229,-67.82,267.0,3.8,Ml
224294,2024-02-11 18:50:30,2024-02-11 15:50:30,55 km al O de Ollagüe,-21.412,-68.746,119.0,3.5,Ml
224296,2024-02-11 18:57:58,2024-02-11 15:57:58,92 km al NE de San Pedro de Atacama,-22.201,-67.755,232.0,3.1,Ml
224299,2024-02-11 19:13:04,2024-02-11 16:13:04,27 km al NO de Bahía Mansa,-40.416,-73.966,37.0,2.7,Ml
224308,2024-02-11 21:14:43,2024-02-11 18:14:43,27 km al NO de Huasco,-28.238,-71.318,44.0,5.4,Mw
224313,2024-02-11 23:07:46,2024-02-11 20:07:46,47 km al O de La Ligua,-32.432,-71.73,47.0,2.6,Ml
224318,2024-02-12 00:48:54,2024-02-11 21:48:54,31 km al NO de Ollagüe,-21.072,-68.504,133.0,3.0,Ml
224325,2024-02-12 01:49:45,2024-02-11 22:49:45,57 km al SO de Mina Collahuasi,-21.287,-68.893,117.0,2.5,Ml
224335,2024-02-12 04:04:15,2024-02-12 01:04:15,76 km al SE de Socaire,-24.086,-67.374,266.0,3.7,Ml
224337,2024-02-12 04:21:44,2024-02-12 01:21:44,132 km al O de Lebu,-38.029,-75.065,35.0,2.8,Ml
224338,2024-02-12 04:25:33,2024-02-12 01:25:33,44 km al SO de Mina Collahuasi,-21.141,-68.919,110.0,2.5,Ml
224344,2024-02-12 05:54:13,2024-02-12 02:54:13,74 km al SE de Socaire,-24.063,-67.375,238.0,3.4,Ml
224346,2024-02-12 06:39:15,2024-02-12 03:39:15,43 km al O de Mina Collahuasi,-20.89,-69.066,109.0,2.6,Ml
224355,2024-02-12 08:03:02,2024-02-12 05:03:02,109 km al E de San Pedro de Atacama,-22.878,-67.136,250.0,3.7,Ml
224356,2024-02-12 08:12:10,2024-02-12 05:12:10,55 km al SE de Socaire,-23.908,-67.478,225.0,3.2,Ml
224362,2024-02-12 10:16:06,2024-02-12 07:16:06,57 km al O de Punta de Choros,-29.416,-72.02,39.0,3.2,Ml
224370,2024-02-12 11:51:39,2024-02-12 08:51:39,109 km al NE de Socaire,-23.071,-66.986,256.0,3.9,Ml
224373,2024-02-12 12:13:17,2024-02-12 09:13:17,34 km al NE de Calama,-22.234,-68.723,123.0,2.9,Ml
224375,2024-02-12 12:19:11,2024-02-12 09:19:11,45 km al N de Bahía Mansa,-40.183,-73.818,28.0,3.0,Ml
224377,2024-02-12 12:22:40,2024-02-12 09:22:40,49 km al O de Punitaqui,-30.652,-71.732,46.0,3.2,Ml
224379,2024-02-12 12:37:31,2024-02-12 09:37:31,31 km al NE de Pica,-20.249,-69.177,108.0,3.0,Ml
224383,2024-02-12 13:19:50,2024-02-12 10:19:50,29 km al SO de Socaire,-23.809,-68.051,152.0,3.9,Ml
224388,2024-02-12 14:46:04,2024-02-12 11:46:04,40 km al NE de Pica,-20.322,-68.993,107.0,2.6,Ml
224393,2024-02-12 16:48:36,2024-02-12 13:48:36,25 km al NO de Ollagüe,-21.076,-68.436,137.0,2.9,Ml
224396,2024-02-12 17:14:49,2024-02-12 14:14:49,45 km al S de Pica,-20.877,-69.196,105.0,2.5,Ml
224399,2024-02-12 17:25:11,2024-02-12 14:25:11,68 km al S de Socaire,-24.182,-67.706,242.0,3.6,Ml
224408,2024-02-12 19:12:35,2024-02-12 16:12:35,54 km al SO de Mina Collahuasi,-21.267,-68.875,111.0,2.7,Ml
224414,2024-02-12 21:28:23,2024-02-12 18:28:23,132 km al NO de Constitución,-34.525,-73.48,24.0,2.6,Ml
224425,2024-02-12 23:26:00,2024-02-12 20:26:00,90 km al S de Ilo,-18.458,-71.365,30.0,4.1,Ml
224430,2024-02-13 01:37:38,2024-02-12 22:37:38,48 km al E de Pisagua,-19.611,-69.758,47.0,3.0,Ml
224433,2024-02-13 01:55:18,2024-02-12 22:55:18,58 km al NE de Calama,-22.027,-68.624,127.0,3.2,Ml
224436,2024-02-13 02:04:19,2024-02-12 23:04:19,33 km al SE de Camiña,-19.589,-69.301,100.0,3.0,Ml
224443,2024-02-13 03:28:59,2024-02-13 00:28:59,74 km al SO de Tongoy,-30.639,-72.13,38.0,3.0,Ml
224451,2024-02-13 05:40:04,2024-02-13 02:40:04,105 km al O de Arica,-18.611,-71.309,32.0,2.9,Ml
224452,2024-02-13 05:48:21,2024-02-13 02:48:21,52 km al SO de Mina Collahuasi,-21.229,-68.909,113.0,2.6,Ml
224457,2024-02-13 07:10:34,2024-02-13 04:10:34,99 km al O de Paposo,-25.06,-71.446,18.0,3.0,Ml
224462,2024-02-13 08:38:37,2024-02-13 05:38:37,60 km al N de Calama,-21.948,-68.795,105.0,2.5,Ml
224464,2024-02-13 10:09:18,2024-02-13 07:09:18,58 km al E de Ollagüe,-21.137,-67.699,195.0,3.2,Ml
224468,2024-02-13 10:20:45,2024-02-13 07:20:45,116 km al NO de Mejillones,-22.485,-71.36,15.0,2.5,Ml
224469,2024-02-13 10:25:37,2024-02-13 07:25:37,15 km al SE de Pica,-20.55,-69.198,118.0,2.7,Ml
224473,2024-02-13 11:21:07,2024-02-13 08:21:07,42 km al S de Mina Los Pelambres,-32.186,-70.457,144.0,3.0,Ml
224480,2024-02-13 13:26:58,2024-02-13 10:26:58,31 km al S de San José de Maipo,-33.921,-70.316,120.0,3.5,Ml
224496,2024-02-13 16:59:10,2024-02-13 13:59:10,3 km al S de Camiña,-19.337,-69.429,96.0,3.1,Ml
224497,2024-02-13 17:02:39,2024-02-13 14:02:39,50 km al E de Carrizal Bajo,-28.008,-70.647,49.0,3.5,Ml
224513,2024-02-13 19:13:38,2024-02-13 16:13:38,25 km al NE de Huasco,-28.3,-71.042,65.0,3.0,Ml
224515,2024-02-13 20:20:17,2024-02-13 17:20:17,20 km al NE de Pica,-20.339,-69.233,76.0,2.7,Ml
224525,2024-02-13 21:50:30,2024-02-13 18:50:30,28 km al SO de Salamanca,-31.972,-71.156,50.0,3.2,Ml
224528,2024-02-14 00:23:14,2024-02-13 21:23:14,24 km al N de Quillota,-32.678,-71.331,42.0,2.8,Ml
224531,2024-02-14 01:31:42,2024-02-13 22:31:42,54 km al SO de Huasco,-28.914,-71.439,45.0,5.8,Mww
224536,2024-02-14 02:00:17,2024-02-13 23:00:17,38 km al N de Punta de Choros,-28.912,-71.487,41.0,3.7,Ml
224544,2024-02-14 02:39:38,2024-02-13 23:39:38,52 km al SO de Huasco,-28.89,-71.453,39.0,2.8,Ml
224547,2024-02-14 02:57:27,2024-02-13 23:57:27,54 km al SO de Huasco,-28.89,-71.491,28.0,2.6,Ml
224549,2024-02-14 02:59:05,2024-02-13 23:59:05,22 km al S de Los Vilos,-32.108,-71.482,38.0,2.8,Ml
224552,2024-02-14 03:21:20,2024-02-14 00:21:20,64 km al S de Socaire,-24.155,-67.779,241.0,3.2,Ml
224555,2024-02-14 03:38:21,2024-02-14 00:38:21,56 km al SO de Huasco,-28.92,-71.46,39.0,2.7,Ml
224559,2024-02-14 04:01:47,2024-02-14 01:01:47,40 km al N de Mejillones,-22.759,-70.566,25.0,2.6,Ml
224562,2024-02-14 04:21:50,2024-02-14 01:21:50,14 km al O de Ollagüe,-21.184,-68.379,132.0,2.6,Ml
224571,2024-02-14 05:24:37,2024-02-14 02:24:37,41 km al N de Punta de Choros,-28.88,-71.489,44.0,3.3,Ml
224575,2024-02-14 05:37:12,2024-02-14 02:37:12,43 km al N de Punta de Choros,-28.862,-71.483,38.0,3.1,Ml
224578,2024-02-14 05:47:24,2024-02-14 02:47:24,53 km al SO de Huasco,-28.879,-71.499,24.0,2.9,Ml
224589,2024-02-14 08:11:17,2024-02-14 05:11:17,81 km al O de San Antonio de los Cobres,-24.106,-67.111,190.0,3.9,Ml
224595,2024-02-14 09:12:37,2024-02-14 06:12:37,24 km al NO de Huasco,-28.273,-71.338,43.0,3.3,Ml
224604,2024-02-14 11:05:25,2024-02-14 08:05:25,57 km al SO de Huasco,-28.918,-71.496,40.0,2.9,Ml
224606,2024-02-14 11:13:55,2024-02-14 08:13:55,40 km al N de Punta de Choros,-28.886,-71.44,41.0,3.1,Ml
224609,2024-02-14 13:12:06,2024-02-14 10:12:06,64 km al SO de Pica,-21.003,-69.618,72.0,3.9,Ml
224614,2024-02-14 14:17:41,2024-02-14 11:17:41,50 km al O de La Ligua,-32.569,-71.745,35.0,2.9,Ml
224619,2024-02-14 15:34:36,2024-02-14 12:34:36,56 km al SO de Mina Collahuasi,-21.291,-68.863,97.0,3.7,Ml
224632,2024-02-14 18:10:22,2024-02-14 15:10:22,74 km al SE de Socaire,-24.209,-67.63,241.0,3.3,Ml
224637,2024-02-14 19:12:39,2024-02-14 16:12:39,37 km al N de Punta de Choros,-28.913,-71.442,44.0,3.0,Ml
224657,2024-02-15 00:11:31,2024-02-14 21:11:31,39 km al N de Punta de Choros,-28.901,-71.404,42.0,3.1,Ml
224659,2024-02-15 00:36:14,2024-02-14 21:36:14,50 km al O de Navidad,-33.977,-72.368,31.0,2.8,Ml
224672,2024-02-15 02:44:15,2024-02-14 23:44:15,2 km al N de La Serena,-29.884,-71.246,62.0,2.6,Ml
224674,2024-02-15 03:34:38,2024-02-15 00:34:38,7 km al NO de Mina Los Pelambres,-31.773,-70.624,116.0,3.2,Ml
224676,2024-02-15 04:00:54,2024-02-15 01:00:54,54 km al SO de Ollagüe,-21.667,-68.466,123.0,4.1,Ml
224682,2024-02-15 04:23:04,2024-02-15 01:23:04,45 km al O de La Ligua,-32.302,-71.678,32.0,2.6,Ml
224691,2024-02-15 05:39:29,2024-02-15 02:39:29,86 km al SE de Socaire,-24.198,-67.37,211.0,3.0,Ml
224694,2024-02-15 06:13:19,2024-02-15 03:13:19,21 km al SO de Mina Collahuasi,-20.919,-68.837,104.0,2.8,Ml
224698,2024-02-15 06:24:04,2024-02-15 03:24:04,29 km al E de Calama,-22.463,-68.652,111.0,2.5,Ml
224716,2024-02-15 09:02:11,2024-02-15 06:02:11,46 km al O de La Ligua,-32.57,-71.702,36.0,3.3,Ml
224719,2024-02-15 09:26:20,2024-02-15 06:26:20,53 km al SO de Huasco,-28.871,-71.502,41.0,2.9,Ml
224721,2024-02-15 10:28:00,2024-02-15 07:28:00,22 km al N de Huasco,-28.275,-71.266,35.0,2.9,Ml
224732,2024-02-15 15:41:47,2024-02-15 12:41:47,45 km al E de Pica,-20.373,-68.916,112.0,2.9,Ml
224736,2024-02-15 16:08:12,2024-02-15 13:08:12,24 km al SO de San Pedro de Atacama,-23.113,-68.307,150.0,2.9,Ml
224741,2024-02-15 16:39:37,2024-02-15 13:39:37,6 km al SO de Tongoy,-30.303,-71.527,37.0,3.2,Ml
224749,2024-02-15 17:36:00,2024-02-15 14:36:00,35 km al O de Socaire,-23.715,-68.205,141.0,2.5,Ml
224751,2024-02-15 17:50:12,2024-02-15 14:50:12,71 km al NE de Calama,-21.923,-68.581,139.0,3.4,Ml
224759,2024-02-15 18:53:08,2024-02-15 15:53:08,58 km al S de Alto Hospicio,-20.787,-70.029,41.0,2.5,Ml
224777,2024-02-15 21:07:42,2024-02-15 18:07:42,74 km al N de Tocopilla,-21.449,-70.36,33.0,2.6,Ml
224783,2024-02-15 22:18:10,2024-02-15 19:18:10,46 km al O de Mina Collahuasi,-20.866,-69.094,107.0,3.0,Ml
224784,2024-02-15 22:19:02,2024-02-15 19:19:02,57 km al N de Calama,-21.958,-68.898,108.0,3.1,Ml
224788,2024-02-15 22:50:47,2024-02-15 19:50:47,19 km al E de Calama,-22.513,-68.749,110.0,2.9,Ml
224792,2024-02-15 23:59:36,2024-02-15 20:59:36,79 km al NO de La Higuera,-29.203,-71.933,38.0,4.8,Mw
224805,2024-02-16 01:36:41,2024-02-15 22:36:41,39 km al N de Punta de Choros,-28.907,-71.403,48.0,3.0,Ml
224811,2024-02-16 02:53:38,2024-02-15 23:53:38,45 km al SE de Pica,-20.851,-69.131,96.0,3.3,Ml
224814,2024-02-16 03:29:31,2024-02-16 00:29:31,50 km al NO de Canela Baja,-31.11,-71.865,30.0,2.7,Ml
224820,2024-02-16 05:34:53,2024-02-16 02:34:53,9 km al O de Los Vilos,-31.943,-71.597,17.0,2.8,Ml
224825,2024-02-16 06:27:42,2024-02-16 03:27:42,82 km al O de Pisagua,-19.666,-70.997,15.0,4.8,Mw
224835,2024-02-16 08:52:04,2024-02-16 05:52:04,87 km al E de Socaire,-23.611,-67.036,221.0,3.4,Ml
224839,2024-02-16 09:50:37,2024-02-16 06:50:37,81 km al SE de Socaire,-24.051,-67.277,210.0,3.0,Ml
224844,2024-02-16 12:11:52,2024-02-16 09:11:52,77 km al SE de Socaire,-24.15,-67.442,212.0,3.8,Ml
224853,2024-02-16 14:14:40,2024-02-16 11:14:40,51 km al O de Ollagüe,-21.348,-68.725,116.0,3.0,Ml
224854,2024-02-16 14:20:06,2024-02-16 11:20:06,27 km al SO de Punitaqui,-30.942,-71.51,37.0,2.8,Ml
224858,2024-02-16 14:43:56,2024-02-16 11:43:56,33 km al NO de Mina Collahuasi,-20.621,-68.89,104.0,3.8,Ml
224859,2024-02-16 15:39:46,2024-02-16 12:39:46,45 km al S de Mina Collahuasi,-21.215,-68.79,118.0,2.6,Ml
224861,2024-02-16 15:50:57,2024-02-16 12:50:57,13 km al NO de Los Andes.,-32.728,-70.645,91.0,4.2,Ml
224866,2024-02-16 16:13:00,2024-02-16 13:13:00,49 km al SO de Mina La Escondida,-24.675,-69.24,84.0,3.2,Ml
224887,2024-02-16 18:10:12,2024-02-16 15:10:12,9 km al SE de Santiago,-33.507,-70.591,82.0,2.7,Ml
224891,2024-02-16 18:29:24,2024-02-16 15:29:24,17 km al O de Ollagüe,-21.272,-68.408,128.0,2.5,Ml
224895,2024-02-16 19:10:28,2024-02-16 16:10:28,56 km al E de Caleta El Cobre,-24.048,-70.018,75.0,3.5,Ml
224906,2024-02-16 23:37:02,2024-02-16 20:37:02,46 km al N de Pica,-20.103,-69.183,94.0,2.5,Ml
224912,2024-02-17 01:42:14,2024-02-16 22:42:14,45 km al SO de Ollagüe,-21.593,-68.428,125.0,3.4,Ml
224914,2024-02-17 02:12:46,2024-02-16 23:12:46,36 km al S de Mina Collahuasi,-21.15,-68.65,118.0,2.7,Ml
224921,2024-02-17 03:17:45,2024-02-17 00:17:45,38 km al S de Socaire,-23.922,-67.81,241.0,2.5,Ml
224929,2024-02-17 05:42:27,2024-02-17 02:42:27,23 km al SO de Punitaqui,-31.025,-71.351,68.0,3.0,Ml
224934,2024-02-17 06:29:30,2024-02-17 03:29:30,30 km al SE de Mina Los Pelambres,-31.949,-70.3,151.0,2.9,Ml
224947,2024-02-17 08:52:15,2024-02-17 05:52:15,58 km al SE de Socaire,-23.9,-67.427,205.0,3.9,Ml
224949,2024-02-17 09:09:11,2024-02-17 06:09:11,50 km al SE de Mina Los Pelambres,-32.178,-70.266,107.0,3.7,Ml
224959,2024-02-17 13:36:50,2024-02-17 10:36:50,76 km al SE de Alto del Carmen,-29.08,-69.792,120.0,3.7,Ml
224960,2024-02-17 13:43:52,2024-02-17 10:43:52,70 km al NE de Socaire,-23.202,-67.352,285.0,3.1,Ml
224962,2024-02-17 14:13:36,2024-02-17 11:13:36,84 km al O de San Antonio de los Cobres,-24.052,-67.12,205.0,3.1,Ml
224977,2024-02-17 18:02:54,2024-02-17 15:02:54,90 km al O de Pichilemu,-34.484,-72.986,29.0,2.5,Ml
224978,2024-02-17 18:14:34,2024-02-17 15:14:34,77 km al SE de Antofagasta,-24.262,-70.061,17.0,2.7,Ml
224981,2024-02-17 18:46:06,2024-02-17 15:46:06,43 km al S de Socaire,-23.972,-67.884,259.0,3.3,Ml
224983,2024-02-17 19:24:45,2024-02-17 16:24:45,85 km al O de San Antonio de los Cobres,-24.414,-67.132,187.0,4.0,Ml
224986,2024-02-17 19:27:47,2024-02-17 16:27:47,64 km al SE de Socaire,-24.054,-67.523,217.0,3.9,Ml
224988,2024-02-17 19:44:43,2024-02-17 16:44:43,54 km al S de Mina Collahuasi,-21.281,-68.828,116.0,2.7,Ml
224999,2024-02-17 22:36:49,2024-02-17 19:36:49,80 km al E de Socaire,-23.299,-67.175,243.0,3.8,Ml
225005,2024-02-17 23:39:05,2024-02-17 20:39:05,76 km al E de Socaire,-23.799,-67.179,222.0,3.6,Ml
225009,2024-02-18 00:37:14,2024-02-17 21:37:14,75 km al SO de Ollagüe,-21.815,-68.61,117.0,2.6,Ml
225012,2024-02-18 01:29:23,2024-02-17 22:29:23,39 km al N de Punta de Choros,-28.901,-71.471,43.0,4.0,Ml
225019,2024-02-18 03:47:51,2024-02-18 00:47:51,38 km al SO de Termas del Flaco,-35.233,-70.682,123.0,2.5,Ml
225024,2024-02-18 05:56:11,2024-02-18 02:56:11,84 km al E de Socaire,-23.746,-67.084,244.0,2.9,Ml
225025,2024-02-18 07:00:38,2024-02-18 04:00:38,91 km al SE de Socaire,-23.934,-67.074,225.0,2.8,Ml
225026,2024-02-18 07:33:14,2024-02-18 04:33:14,62 km al N de Calama,-21.944,-68.725,124.0,3.2,Ml
225033,2024-02-18 08:24:15,2024-02-18 05:24:15,87 km al E de Socaire,-23.526,-67.035,227.0,3.6,Ml
225039,2024-02-18 09:28:11,2024-02-18 06:28:11,34 km al O de Arica,-18.549,-70.639,38.0,2.9,Ml
225044,2024-02-18 10:19:30,2024-02-18 07:19:30,22 km al SO de Linares,-35.956,-71.805,84.0,2.5,Ml
225047,2024-02-18 12:01:58,2024-02-18 09:01:58,104 km al NE de San Pedro de Atacama,-22.159,-67.614,211.0,3.5,Ml
225048,2024-02-18 12:04:51,2024-02-18 09:04:51,25 km al SE de San Fabián,-36.664,-71.312,10.0,3.8,Ml
225057,2024-02-18 14:47:07,2024-02-18 11:47:07,69 km al SO de Ollagüe,-21.76,-68.586,107.0,2.8,Ml
225060,2024-02-18 15:50:52,2024-02-18 12:50:52,46 km al O de Punta de Choros,-29.212,-71.934,40.0,3.0,Ml
225064,2024-02-18 16:12:29,2024-02-18 13:12:29,87 km al NO de San Antonio de los Cobres,-23.745,-66.994,213.0,3.2,Ml
225071,2024-02-18 17:08:48,2024-02-18 14:08:48,18 km al O de Curarrehue,-39.307,-71.787,18.0,2.4,Ml
225074,2024-02-18 17:23:43,2024-02-18 14:23:43,86 km al SE de Socaire,-24.211,-67.388,237.0,4.0,Ml
225081,2024-02-18 17:50:51,2024-02-18 14:50:51,36 km al NE de Calama,-22.227,-68.699,118.0,4.5,Mw
225090,2024-02-18 20:49:50,2024-02-18 17:49:50,5 km al NO de Tirúa,-38.319,-73.54,29.0,3.1,Ml
225091,2024-02-18 21:21:36,2024-02-18 18:21:36,69 km al SE de Diego de Almagro,-26.949,-69.732,107.0,2.6,Ml
225096,2024-02-18 23:21:46,2024-02-18 20:21:46,45 km al SE de Pica,-20.832,-69.103,115.0,2.5,Ml
225097,2024-02-18 23:36:12,2024-02-18 20:36:12,130 km al O de Constitución,-34.959,-73.762,15.0,3.2,Ml
225099,2024-02-18 23:56:41,2024-02-18 20:56:41,26 km al SE de Caldera,-27.169,-70.581,45.0,2.9,Ml
225102,2024-02-19 00:25:18,2024-02-18 21:25:18,48 km al S de Socaire,-24.0,-67.756,254.0,2.7,Ml
225105,2024-02-19 01:05:33,2024-02-18 22:05:33,19 km al N de Mejillones,-22.934,-70.505,42.0,2.5,Ml
225111,2024-02-19 02:02:31,2024-02-18 23:02:31,53 km al SE de Socaire,-24.035,-67.703,272.0,2.7,Ml
225115,2024-02-19 03:19:13,2024-02-19 00:19:13,53 km al SE de Calama,-22.918,-68.742,98.0,2.6,Ml
225116,2024-02-19 04:00:08,2024-02-19 01:00:08,17 km al O de Andacollo,-30.257,-71.257,48.0,3.5,Ml
225119,2024-02-19 04:23:41,2024-02-19 01:23:41,49 km al E de Socaire,-23.757,-67.447,221.0,3.4,Ml
225122,2024-02-19 04:52:02,2024-02-19 01:52:02,26 km al SO de Tongoy,-30.415,-71.698,35.0,3.5,Ml
225125,2024-02-19 05:17:03,2024-02-19 02:17:03,54 km al S de Huasco,-28.932,-71.39,45.0,2.5,Ml
225130,2024-02-19 05:57:18,2024-02-19 02:57:18,20 km al S de Tongoy,-30.434,-71.542,35.0,2.6,Ml
225139,2024-02-19 07:17:58,2024-02-19 04:17:58,44 km al N de Tacna,-17.626,-70.226,131.0,3.7,Ml
225143,2024-02-19 07:57:29,2024-02-19 04:57:29,104 km al O de Huasco,-28.557,-72.283,23.0,3.9,Ml
225146,2024-02-19 07:58:13,2024-02-19 04:58:13,38 km al O de Putre,-18.303,-69.901,111.0,2.9,Ml
225154,2024-02-19 09:47:32,2024-02-19 06:47:32,76 km al NO de San Antonio de los Cobres,-23.94,-67.004,207.0,3.1,Ml
225156,2024-02-19 10:21:00,2024-02-19 07:21:00,12 km al S de Curicó,-35.093,-71.25,80.0,2.6,Ml
225169,2024-02-19 15:14:15,2024-02-19 12:14:15,163 km al E de Alto del Carmen,-28.4,-68.872,113.0,4.1,Ml
225171,2024-02-19 15:25:20,2024-02-19 12:25:20,31 km al S de Ollagüe,-21.482,-68.36,153.0,3.3,Ml
225177,2024-02-19 17:09:17,2024-02-19 14:09:17,61 km al SE de Socaire,-24.012,-67.503,231.0,3.5,Ml
225181,2024-02-19 17:44:21,2024-02-19 14:44:21,58 km al NO de Constitución,-34.876,-72.731,29.0,4.0,Ml
225184,2024-02-19 17:55:47,2024-02-19 14:55:47,57 km al N de Pica,-19.982,-69.239,88.0,3.1,Ml
225193,2024-02-19 21:05:35,2024-02-19 18:05:35,60 km al NO de Constitución,-34.857,-72.731,32.0,3.4,Ml
225196,2024-02-19 21:13:16,2024-02-19 18:13:16,48 km al NE de Los Andes.,-32.626,-70.154,112.0,2.8,Ml
225207,2024-02-19 23:55:09,2024-02-19 20:55:09,26 km al S de Rancagua,-34.398,-70.766,107.0,2.9,Ml
225210,2024-02-20 01:09:23,2024-02-19 22:09:23,45 km al SO de Ollagüe,-21.601,-68.423,128.0,3.1,Ml
225212,2024-02-20 01:56:22,2024-02-19 22:56:22,29 km al S de Santiago,-33.701,-70.664,31.0,3.1,Ml
225220,2024-02-20 03:52:01,2024-02-20 00:52:01,49 km al N de Camiña,-18.873,-69.38,107.0,3.8,Ml
225230,2024-02-20 04:54:31,2024-02-20 01:54:31,18 km al SE de San José de Maipo,-33.783,-70.259,123.0,3.0,Ml
225245,2024-02-20 07:44:10,2024-02-20 04:44:10,36 km al SO de Mina Collahuasi,-21.127,-68.791,104.0,2.5,Ml
225247,2024-02-20 07:44:24,2024-02-20 04:44:24,35 km al S de Mina Collahuasi,-21.127,-68.757,100.0,2.8,Ml
225250,2024-02-20 08:51:03,2024-02-20 05:51:03,62 km al SO de Alto Hospicio,-20.675,-70.514,34.0,3.1,Ml
225252,2024-02-20 09:51:17,2024-02-20 06:51:17,57 km al SO de Huasco,-28.948,-71.432,46.0,2.9,Ml
225257,2024-02-20 10:39:44,2024-02-20 07:39:44,29 km al E de Quillota,-32.914,-70.941,75.0,3.5,Ml
225260,2024-02-20 11:28:42,2024-02-20 08:28:42,48 km al SO de Mina Collahuasi,-21.19,-68.911,112.0,2.6,Ml
225262,2024-02-20 11:59:11,2024-02-20 08:59:11,11 km al O de Punitaqui,-30.85,-71.373,50.0,3.2,Ml
225271,2024-02-20 12:56:36,2024-02-20 09:56:36,21 km al O de Curarrehue,-39.282,-71.806,19.0,1.6,Ml
225267,2024-02-20 13:31:11,2024-02-20 10:31:11,33 km al O de Ollagüe,-21.145,-68.557,128.0,2.9,Ml
225268,2024-02-20 14:12:39,2024-02-20 11:12:39,18 km al E de Tongoy,-30.223,-71.309,55.0,2.6,Ml
225280,2024-02-20 16:45:04,2024-02-20 13:45:04,26 km al S de Camiña,-19.547,-69.429,86.0,2.7,Ml
225288,2024-02-20 18:22:53,2024-02-20 15:22:53,60 km al NE de Calama,-22.027,-68.604,112.0,2.7,Ml
225290,2024-02-20 18:54:22,2024-02-20 15:54:22,27 km al S de Mina Collahuasi,-21.053,-68.75,122.0,2.8,Ml
225295,2024-02-20 19:35:59,2024-02-20 16:35:59,55 km al SE de Putre,-18.646,-69.339,125.0,2.9,Ml
225316,2024-02-21 00:40:13,2024-02-20 21:40:13,7 km al S de Los Vilos,-31.977,-71.492,40.0,2.6,Ml
225332,2024-02-21 04:18:45,2024-02-21 01:18:45,105 km al SE de Socaire,-24.396,-67.351,202.0,3.3,Ml
225341,2024-02-21 06:18:16,2024-02-21 03:18:16,34 km al E de San Fernando,-34.483,-70.642,112.0,3.0,Ml
225355,2024-02-21 09:23:08,2024-02-21 06:23:08,39 km al O de La Ligua,-32.361,-71.639,60.0,2.9,Ml
225359,2024-02-21 10:04:29,2024-02-21 07:04:29,18 km al SE de Pica,-20.609,-69.216,95.0,2.5,Ml
225364,2024-02-21 12:12:41,2024-02-21 09:12:41,111 km al O de Puerto Aysén,-45.08,-74.041,20.0,3.3,Ml
225372,2024-02-21 14:50:09,2024-02-21 11:50:09,42 km al SO de Huasco,-28.788,-71.436,47.0,2.7,Ml
225374,2024-02-21 15:00:15,2024-02-21 12:00:15,36 km al O de Ollagüe,-21.282,-68.596,128.0,2.6,Ml
225377,2024-02-21 15:05:41,2024-02-21 12:05:41,37 km al S de Mina Collahuasi,-21.163,-68.656,123.0,2.5,Ml
225389,2024-02-21 17:47:56,2024-02-21 14:47:56,34 km al NE de Calama,-22.249,-68.695,113.0,3.1,Ml
225396,2024-02-21 18:57:48,2024-02-21 15:57:48,79 km al SO de San Pedro de Atacama,-23.403,-68.762,131.0,2.8,Ml
225400,2024-02-21 19:07:18,2024-02-21 16:07:18,17 km al SE de Sierra Gorda.,-23.029,-69.227,95.0,2.6,Ml
225411,2024-02-21 21:05:26,2024-02-21 18:05:26,36 km al O de Valparaíso,-33.128,-71.988,30.0,2.6,Ml
225417,2024-02-21 23:40:54,2024-02-21 20:40:54,30 km al O de Ollagüe,-21.116,-68.518,135.0,2.6,Ml
225429,2024-02-22 03:39:21,2024-02-22 00:39:21,35 km al NO de Camiña,-19.024,-69.547,90.0,2.7,Ml
225431,2024-02-22 03:55:15,2024-02-22 00:55:15,16 km al NE de Taltal,-25.313,-70.37,47.0,3.3,Ml
225445,2024-02-22 07:23:30,2024-02-22 04:23:30,41 km al SE de Alto del Carmen,-29.078,-70.266,115.0,2.5,Ml
225451,2024-02-22 07:52:28,2024-02-22 04:52:28,45 km al NE de Mina La Escondida.,-24.047,-68.682,106.0,2.9,Ml
225454,2024-02-22 08:40:39,2024-02-22 05:40:39,40 km al SE de Calama,-22.795,-68.764,111.0,2.6,Ml
225462,2024-02-22 09:12:41,2024-02-22 06:12:41,31 km al N de Calama,-22.198,-68.845,124.0,3.1,Ml
225463,2024-02-22 09:16:03,2024-02-22 06:16:03,33 km al NE de Calama,-22.25,-68.719,123.0,3.0,Ml
225468,2024-02-22 10:35:08,2024-02-22 07:35:08,18 km al SE de Sierra Gorda.,-23.013,-69.194,100.0,2.8,Ml
225470,2024-02-22 11:11:37,2024-02-22 08:11:37,87 km al S de Socaire,-24.324,-67.606,222.0,3.3,Ml
225473,2024-02-22 12:07:30,2024-02-22 09:07:30,17 km al NE de Canela Baja,-31.278,-71.341,60.0,3.1,Ml
225475,2024-02-22 12:48:41,2024-02-22 09:48:41,61 km al E de Socaire,-23.815,-67.342,241.0,3.3,Ml
225489,2024-02-22 15:29:10,2024-02-22 12:29:10,46 km al E de Socaire,-23.725,-67.46,202.0,3.7,Ml
225498,2024-02-22 16:19:41,2024-02-22 13:19:41,22 km al SE de Calama,-22.637,-68.812,126.0,2.6,Ml
225511,2024-02-22 19:22:16,2024-02-22 16:22:16,26 km al E de Pica,-20.51,-69.084,113.0,2.5,Ml
225514,2024-02-22 20:20:01,2024-02-22 17:20:01,22 km al O de Mina Collahuasi,-20.865,-68.869,103.0,2.5,Ml
225521,2024-02-22 21:07:49,2024-02-22 18:07:49,25 km al NE de Vichuquén,-34.732,-71.793,38.0,3.0,Ml
225530,2024-02-22 23:28:18,2024-02-22 20:28:18,33 km al NE de Linares,-35.616,-71.36,96.0,2.7,Ml
225536,2024-02-23 00:24:31,2024-02-22 21:24:31,19 km al O de Punitaqui,-30.781,-71.443,47.0,2.9,Ml
225545,2024-02-23 03:43:23,2024-02-23 00:43:23,22 km al O de La Serena,-29.929,-71.475,42.0,3.9,Ml
225553,2024-02-23 04:38:57,2024-02-23 01:38:57,148 km al O de Lebu,-37.886,-75.308,28.0,3.5,Ml
225560,2024-02-23 06:23:26,2024-02-23 03:23:26,70 km al SE de Socaire,-23.987,-67.353,214.0,3.8,Ml
225561,2024-02-23 07:14:04,2024-02-23 04:14:04,15 km al N de Putre,-18.064,-69.523,130.0,3.0,Ml
225570,2024-02-23 08:53:56,2024-02-23 05:53:56,20 km al O de Mina Collahuasi,-20.892,-68.837,105.0,3.2,Ml
225572,2024-02-23 09:39:01,2024-02-23 06:39:01,9 km al NO de Visviri,-17.54,-69.55,161.0,4.8,Mw
225575,2024-02-23 10:25:55,2024-02-23 07:25:55,24 km al E de Mejillones,-23.106,-70.216,51.0,2.7,Ml
225576,2024-02-23 11:03:46,2024-02-23 08:03:46,33 km al SO de Pichilemu,-34.578,-72.286,11.0,2.6,Ml
225580,2024-02-23 11:09:19,2024-02-23 08:09:19,20 km al S de Calama,-22.641,-68.86,103.0,3.7,Ml
225578,2024-02-23 11:10:05,2024-02-23 08:10:05,43 km al E de Patache,-20.662,-69.817,46.0,3.6,Ml
225582,2024-02-23 12:13:06,2024-02-23 09:13:06,46 km al SO de Mina Collahuasi,-21.16,-68.924,111.0,2.9,Ml
225585,2024-02-23 12:28:54,2024-02-23 09:28:54,74 km al N de El Salvador,-25.587,-69.701,89.0,4.3,Ml
225591,2024-02-23 13:37:51,2024-02-23 10:37:51,60 km al NE de Los Andes.,-32.548,-70.053,122.0,3.1,Ml
225595,2024-02-23 13:53:17,2024-02-23 10:53:17,63 km al NO de Tongoy,-29.933,-72.039,23.0,3.0,Ml
225597,2024-02-23 14:12:37,2024-02-23 11:12:37,65 km al S de Mina Collahuasi,-21.373,-68.881,106.0,2.5,Ml
225598,2024-02-23 14:16:37,2024-02-23 11:16:37,28 km al SO de Los Vilos,-32.144,-71.616,25.0,3.3,Ml
225602,2024-02-23 14:33:00,2024-02-23 11:33:00,138 km al NO de Constitución,-34.692,-73.712,28.0,3.5,Ml
225609,2024-02-23 15:06:49,2024-02-23 12:06:49,50 km al S de Alto Hospicio,-20.696,-70.236,48.0,3.5,Ml
225611,2024-02-23 15:10:21,2024-02-23 12:10:21,24 km al E de Los Vilos,-31.96,-71.266,57.0,3.5,Ml
225621,2024-02-23 17:12:02,2024-02-23 14:12:02,100 km al NO de San Antonio de los Cobres,-23.464,-66.844,219.0,4.2,Ml
225622,2024-02-23 17:13:29,2024-02-23 14:13:29,97 km al E de Socaire,-23.413,-66.96,230.0,4.3,Ml
225638,2024-02-23 20:59:12,2024-02-23 17:59:12,31 km al E de Mina La Escondida.,-24.25,-68.748,145.0,2.8,Ml
225642,2024-02-23 21:21:52,2024-02-23 18:21:52,74 km al SO de Ollagüe,-21.842,-68.514,118.0,2.7,Ml
225647,2024-02-23 22:39:43,2024-02-23 19:39:43,48 km al SO de Mina Collahuasi,-21.14,-68.976,110.0,2.9,Ml
225649,2024-02-23 22:48:31,2024-02-23 19:48:31,89 km al O de San Antonio de los Cobres,-24.324,-67.191,211.0,3.8,Ml
225655,2024-02-24 02:55:38,2024-02-23 23:55:38,39 km al E de Pica,-20.505,-68.959,99.0,3.2,Ml
225664,2024-02-24 04:30:33,2024-02-24 01:30:33,38 km al S de Mina Collahuasi,-21.169,-68.66,132.0,3.3,Ml
225679,2024-02-24 09:10:09,2024-02-24 06:10:09,46 km al NO de Valparaíso,-32.668,-71.809,31.0,3.0,Ml
225681,2024-02-24 09:19:52,2024-02-24 06:19:52,63 km al NO de Tocopilla,-21.677,-70.616,36.0,2.7,Ml
225682,2024-02-24 09:33:26,2024-02-24 06:33:26,15 km al SO de Punitaqui,-30.955,-71.327,69.0,2.8,Ml
225686,2024-02-24 10:29:14,2024-02-24 07:29:14,60 km al S de Pica,-21.029,-69.32,94.0,2.7,Ml
225691,2024-02-24 11:32:21,2024-02-24 08:32:21,50 km al NE de Paposo,-24.62,-70.224,44.0,3.2,Ml
225698,2024-02-24 12:29:13,2024-02-24 09:29:13,59 km al N de Pica,-19.981,-69.183,90.0,2.6,Ml
225704,2024-02-24 13:53:12,2024-02-24 10:53:12,25 km al SO de Linares,-35.97,-71.826,79.0,2.9,Ml
225706,2024-02-24 15:16:33,2024-02-24 12:16:33,24 km al NO de Quillagua,-21.475,-69.648,24.0,2.6,Ml
225711,2024-02-24 16:45:20,2024-02-24 13:45:20,68 km al SE de Sierra Gorda,-23.368,-68.907,116.0,3.1,Ml
225727,2024-02-24 17:48:38,2024-02-24 14:48:38,113 km al SE de Ollagüe,-22.024,-67.574,202.0,3.6,Ml
225733,2024-02-24 19:04:06,2024-02-24 16:04:06,23 km al NE de Mejillones,-22.922,-70.329,49.0,4.4,Mw
225739,2024-02-24 21:01:54,2024-02-24 18:01:54,39 km al S de Socaire,-23.935,-67.812,284.0,2.6,Ml
225746,2024-02-24 21:34:41,2024-02-24 18:34:41,57 km al S de Socaire,-24.087,-67.745,236.0,3.5,Ml
225751,2024-02-24 22:02:19,2024-02-24 19:02:19,36 km al SE de Calama,-22.709,-68.687,96.0,2.7,Ml
225755,2024-02-25 02:54:05,2024-02-24 23:54:05,52 km al SE de Socaire,-24.006,-67.659,241.0,3.8,Ml
225773,2024-02-25 05:09:08,2024-02-25 02:09:08,36 km al O de Ollagüe,-21.228,-68.604,127.0,2.9,Ml
225788,2024-02-25 10:02:19,2024-02-25 07:02:19,20 km al O de Combarbalá,-31.158,-71.21,59.0,3.8,Ml
225799,2024-02-25 13:11:24,2024-02-25 10:11:24,68 km al SO de Ollagüe,-21.695,-68.674,103.0,2.6,Ml
225801,2024-02-25 13:13:30,2024-02-25 10:13:30,82 km al NO de Tocopilla,-21.446,-70.587,39.0,4.6,Mw
225804,2024-02-25 13:57:05,2024-02-25 10:57:05,16 km al S de Curicó,-35.128,-71.231,91.0,2.9,Ml
225814,2024-02-25 16:50:20,2024-02-25 13:50:20,39 km al NE de Calama,-22.22,-68.663,116.0,4.9,Mw
225827,2024-02-25 18:16:39,2024-02-25 15:16:39,37 km al NE de Calama,-22.175,-68.759,113.0,3.0,Ml
225830,2024-02-25 19:01:05,2024-02-25 16:01:05,64 km al NE de Calama,-21.939,-68.695,136.0,2.5,Ml
225832,2024-02-25 19:53:54,2024-02-25 16:53:54,28 km al E de Socaire,-23.529,-67.619,254.0,2.6,Ml
225841,2024-02-25 20:37:38,2024-02-25 17:37:38,26 km al NO de Mina Los Pelambres,-31.625,-70.73,91.0,2.9,Ml
225850,2024-02-25 22:43:11,2024-02-25 19:43:11,16 km al NE de La Ligua,-32.345,-71.119,78.0,2.6,Ml
225852,2024-02-25 23:54:30,2024-02-25 20:54:30,47 km al N de San Pedro de Atacama,-22.502,-68.288,119.0,3.1,Ml
225856,2024-02-26 00:59:12,2024-02-25 21:59:12,28 km al E de Sierra Gorda.,-22.863,-69.051,92.0,2.9,Ml
225858,2024-02-26 01:08:06,2024-02-25 22:08:06,32 km al NO de Ollagüe,-21.092,-68.53,138.0,3.3,Ml
225861,2024-02-26 01:17:59,2024-02-25 22:17:59,47 km al SO de Mina Collahuasi,-21.119,-68.984,114.0,3.0,Ml
225862,2024-02-26 01:30:22,2024-02-25 22:30:22,40 km al SE de Mina Los Pelambres,-32.02,-70.231,124.0,3.6,Ml
225871,2024-02-26 03:26:19,2024-02-26 00:26:19,60 km al O de Tongoy,-30.194,-72.11,36.0,3.0,Ml
225889,2024-02-26 08:26:11,2024-02-26 05:26:11,29 km al NE de La Higuera,-29.392,-70.931,66.0,2.6,Ml
225893,2024-02-26 09:31:24,2024-02-26 06:31:24,106 km al S de Ilo,-18.602,-71.33,50.0,3.0,Ml
225894,2024-02-26 10:11:03,2024-02-26 07:11:03,54 km al O de La Ligua,-32.545,-71.798,27.0,2.5,Ml
225902,2024-02-26 13:48:33,2024-02-26 10:48:33,43 km al SO de Ollagüe,-21.548,-68.477,131.0,2.9,Ml
225904,2024-02-26 14:23:54,2024-02-26 11:23:54,22 km al NE de Mina Collahuasi,-20.741,-68.466,125.0,2.9,Ml
225908,2024-02-26 15:35:12,2024-02-26 12:35:12,65 km al E de Alto del Carmen,-28.796,-69.816,141.0,3.9,Ml
225916,2024-02-26 16:38:43,2024-02-26 13:38:43,10 km al SO de Pozo Almonte,-20.296,-69.869,60.0,2.7,Ml
225920,2024-02-26 16:53:32,2024-02-26 13:53:32,83 km al SE de Socaire,-23.949,-67.173,225.0,3.5,Ml
225925,2024-02-26 17:35:32,2024-02-26 14:35:32,76 km al E de Socaire,-23.813,-67.186,246.0,3.7,Ml
225930,2024-02-26 18:24:57,2024-02-26 15:24:57,33 km al O de Ollagüe,-21.11,-68.546,135.0,3.1,Ml
225944,2024-02-26 22:38:41,2024-02-26 19:38:41,62 km al N de Mina La Escondida,-23.719,-68.988,98.0,2.9,Ml
225949,2024-02-27 00:26:17,2024-02-26 21:26:17,136 km al O de Tirúa,-38.675,-74.995,27.0,2.7,Ml
225957,2024-02-27 03:47:54,2024-02-27 00:47:54,42 km al SO de Huasco,-28.779,-71.468,40.0,2.6,Ml
225959,2024-02-27 04:12:38,2024-02-27 01:12:38,35 km al S de Mina Collahuasi,-21.139,-68.669,129.0,2.8,Ml
225961,2024-02-27 04:43:19,2024-02-27 01:43:19,16 km al E de Curicó,-35.001,-71.063,105.0,4.0,Ml
225969,2024-02-27 06:14:57,2024-02-27 03:14:57,54 km al SO de Los Vilos,-32.275,-71.885,31.0,2.7,Ml
225970,2024-02-27 06:48:44,2024-02-27 03:48:44,147 km al SE de Tierra Amarilla,-28.267,-69.068,14.0,2.6,Ml
225972,2024-02-27 07:04:52,2024-02-27 04:04:52,164 km al O de Toltén,-39.26,-75.067,17.0,2.7,Ml
225975,2024-02-27 07:53:24,2024-02-27 04:53:24,10 km al SE de La Higuera,-29.587,-71.148,48.0,2.6,Ml
225979,2024-02-27 08:38:51,2024-02-27 05:38:51,95 km al E de Socaire,-23.858,-67.0,252.0,4.1,Ml
225981,2024-02-27 08:43:44,2024-02-27 05:43:44,76 km al E de Socaire,-23.581,-67.145,245.0,3.6,Ml
225989,2024-02-27 09:39:26,2024-02-27 06:39:26,20 km al NE de Calama,-22.376,-68.76,112.0,3.0,Ml
225992,2024-02-27 10:38:13,2024-02-27 07:38:13,42 km al NE de Calama,-22.188,-68.665,115.0,2.7,Ml
225994,2024-02-27 11:34:00,2024-02-27 08:34:00,27 km al NO de Visviri,-17.409,-69.641,165.0,3.2,Ml
225999,2024-02-27 12:07:43,2024-02-27 09:07:43,33 km al O de Calama,-22.53,-69.245,86.0,2.5,Ml
226002,2024-02-27 12:39:28,2024-02-27 09:39:28,79 km al NE de San Pedro de Atacama,-22.306,-67.818,214.0,3.1,Ml
226003,2024-02-27 12:52:37,2024-02-27 09:52:37,52 km al SO de Huasco,-28.873,-71.474,43.0,2.7,Ml
226006,2024-02-27 13:07:10,2024-02-27 10:07:10,13 km al S de San Fernando,-34.697,-71.004,24.0,2.5,Ml
226012,2024-02-27 14:10:46,2024-02-27 11:10:46,12 km al SO de Carrizal Bajo,-28.154,-71.247,27.0,4.1,Ml
226033,2024-02-27 17:10:05,2024-02-27 14:10:05,36 km al O de Castro,-42.382,-74.185,32.0,2.8,Ml
226038,2024-02-27 18:08:32,2024-02-27 15:08:32,107 km al SE de Socaire,-24.437,-67.385,178.0,4.1,Ml
226046,2024-02-27 20:13:04,2024-02-27 17:13:04,39 km al NO de Valparaíso,-32.739,-71.814,16.0,3.6,Ml
226054,2024-02-27 21:27:26,2024-02-27 18:27:26,42 km al SO de Mina Collahuasi,-21.046,-68.988,110.0,3.7,Ml
226059,2024-02-27 23:12:53,2024-02-27 20:12:53,93 km al SE de Mina La Escondida.,-24.719,-68.282,162.0,2.5,Ml
226060,2024-02-27 23:15:26,2024-02-27 20:15:26,86 km al NE de Socaire,-23.077,-67.263,227.0,2.6,Ml
226066,2024-02-28 00:21:50,2024-02-27 21:21:50,30 km al N de Pica,-20.225,-69.364,91.0,2.5,Ml
226068,2024-02-28 00:48:19,2024-02-27 21:48:19,52 km al S de Ollagüe,-21.671,-68.392,127.0,2.6,Ml
226073,2024-02-28 02:38:22,2024-02-27 23:38:22,14 km al S de Pica,-20.612,-69.357,104.0,2.7,Ml
226075,2024-02-28 03:05:55,2024-02-28 00:05:55,91 km al E de Socaire,-23.343,-67.039,243.0,2.9,Ml
226076,2024-02-28 03:18:16,2024-02-28 00:18:16,16 km al O de Camiña,-19.268,-69.567,88.0,2.8,Ml
226080,2024-02-28 04:23:52,2024-02-28 01:23:52,19 km al SO de Andacollo,-30.36,-71.214,50.0,2.9,Ml
226082,2024-02-28 04:46:42,2024-02-28 01:46:42,48 km al SE de Quillagua,-21.992,-69.235,85.0,4.6,Mw
226085,2024-02-28 05:03:04,2024-02-28 02:03:04,56 km al N de Pica,-19.992,-69.287,90.0,3.2,Ml
226091,2024-02-28 06:12:55,2024-02-28 03:12:55,37 km al S de Mina Collahuasi,-21.157,-68.697,110.0,2.6,Ml
226107,2024-02-28 12:04:49,2024-02-28 09:04:49,41 km al N de Socaire,-23.221,-67.839,166.0,2.7,Ml
226109,2024-02-28 12:29:43,2024-02-28 09:29:43,52 km al SO de Ollagüe,-21.627,-68.511,127.0,2.6,Ml
226118,2024-02-28 13:48:49,2024-02-28 10:48:49,38 km al NE de San Pedro de Atacama,-22.698,-67.914,186.0,3.1,Ml
226120,2024-02-28 14:15:02,2024-02-28 11:15:02,34 km al SE de Ollagüe,-21.507,-68.122,150.0,2.7,Ml
226122,2024-02-28 14:18:24,2024-02-28 11:18:24,30 km al E de Pica,-20.453,-69.04,100.0,2.5,Ml
226126,2024-02-28 16:12:34,2024-02-28 13:12:34,65 km al S de Socaire,-24.174,-67.907,254.0,3.2,Ml
226130,2024-02-28 16:19:03,2024-02-28 13:19:03,12 km al NE de Vicuña,-29.936,-70.659,86.0,2.8,Ml
226141,2024-02-28 17:39:15,2024-02-28 14:39:15,38 km al O de Castro,-42.622,-74.181,40.0,3.6,Ml
226143,2024-02-28 17:47:31,2024-02-28 14:47:31,52 km al SE de Mina Los Pelambres,-32.204,-70.267,114.0,3.1,Ml
226145,2024-02-28 18:07:05,2024-02-28 15:07:05,31 km al SO de Los Vilos,-32.149,-71.679,57.0,3.0,Ml
226157,2024-02-28 20:38:56,2024-02-28 17:38:56,21 km al E de Sierra Gorda.,-22.858,-69.116,95.0,2.6,Ml
226159,2024-02-28 20:45:17,2024-02-28 17:45:17,80 km al SE de Socaire,-24.125,-67.357,229.0,4.0,Ml
226161,2024-02-28 22:32:05,2024-02-28 19:32:05,28 km al SO de Huasco,-28.685,-71.365,54.0,2.5,Ml
226173,2024-02-29 01:46:54,2024-02-28 22:46:54,65 km al SE de Camiña,-19.841,-69.165,92.0,2.5,Ml
226185,2024-02-29 05:26:10,2024-02-29 02:26:10,60 km al NE de Calama,-22.054,-68.564,119.0,2.7,Ml
226190,2024-02-29 06:54:34,2024-02-29 03:54:34,44 km al SE de Pica,-20.849,-69.15,107.0,2.6,Ml
226197,2024-02-29 08:28:31,2024-02-29 05:28:31,46 km al NE de Calama,-22.265,-68.546,127.0,4.0,Ml
226209,2024-02-29 11:31:36,2024-02-29 08:31:36,15 km al S de Tongoy,-30.388,-71.46,39.0,4.4,Ml
226212,2024-02-29 11:40:49,2024-02-29 08:40:49,83 km al SE de Socaire,-24.142,-67.338,230.0,2.7,Ml
226216,2024-02-29 13:17:05,2024-02-29 10:17:05,37 km al SO de Iquique,-20.402,-70.451,26.0,2.6,Ml
226219,2024-02-29 14:20:56,2024-02-29 11:20:56,67 km al NO de Quillagua,-21.239,-69.993,29.0,2.5,Ml
226238,2024-02-29 18:13:21,2024-02-29 15:13:21,10 km al NO de Vicuña,-29.974,-70.791,74.0,3.1,Ml
226242,2024-02-29 18:44:16,2024-02-29 15:44:16,31 km al S de Calama,-22.747,-68.98,107.0,2.6,Ml
226246,2024-02-29 19:22:18,2024-02-29 16:22:18,42 km al SE de Camiña,-19.653,-69.243,95.0,3.2,Ml
226250,2024-02-29 19:57:48,2024-02-29 16:57:48,21 km al E de Camiña,-19.315,-69.227,104.0,2.9,Ml
226257,2024-02-29 21:30:37,2024-02-29 18:30:37,125 km al O de Taltal,-24.981,-71.639,20.0,2.8,Ml
226260,2024-02-29 22:10:34,2024-02-29 19:10:34,55 km al SE de Socaire,-24.01,-67.606,254.0,3.1,Ml
226270,2024-03-01 01:20:42,2024-02-29 22:20:42,74 km al S de Mina La Escondida,-24.935,-68.973,112.0,3.3,Ml
226279,2024-03-01 02:10:01,2024-02-29 23:10:01,30 km al E de Los Andes.,-32.899,-70.287,111.0,2.6,Ml
226285,2024-03-01 02:28:14,2024-02-29 23:28:14,36 km al E de Pica,-20.583,-68.994,103.0,2.7,Ml
226283,2024-03-01 02:28:44,2024-02-29 23:28:44,34 km al E de Navidad,-33.93,-71.465,51.0,3.0,Ml
226288,2024-03-01 03:24:43,2024-03-01 00:24:43,28 km al NO de Ollagüe,-21.06,-68.456,142.0,3.7,Ml
226295,2024-03-01 04:00:13,2024-03-01 01:00:13,52 km al O de Los Vilos,-31.766,-72.034,41.0,2.9,Ml
226298,2024-03-01 04:18:19,2024-03-01 01:18:19,46 km al NE de Calama,-22.098,-68.734,120.0,2.5,Ml
226309,2024-03-01 05:37:35,2024-03-01 02:37:35,24 km al SO de Tongoy,-30.437,-71.628,41.0,4.2,Ml
226310,2024-03-01 05:46:06,2024-03-01 02:46:06,24 km al SO de Tongoy,-30.436,-71.635,39.0,2.7,Ml
226325,2024-03-01 07:12:58,2024-03-01 04:12:58,16 km al SE de Los Vilos,-31.991,-71.376,20.0,2.9,Ml
226329,2024-03-01 08:22:21,2024-03-01 05:22:21,48 km al N de Punta de Choros,-28.822,-71.52,54.0,3.7,Ml
226332,2024-03-01 08:27:13,2024-03-01 05:27:13,33 km al S de Huasco,-28.755,-71.288,26.0,2.9,Ml
226334,2024-03-01 08:52:03,2024-03-01 05:52:03,64 km al NO de San Antonio de los Cobres,-23.913,-66.85,115.0,3.5,Ml
226345,2024-03-01 15:41:03,2024-03-01 12:41:03,54 km al SE de Socaire,-23.808,-67.42,262.0,3.7,Ml
226348,2024-03-01 16:35:22,2024-03-01 13:35:22,45 km al SE de Socaire,-23.958,-67.698,243.0,2.9,Ml
226375,2024-03-01 19:09:40,2024-03-01 16:09:40,44 km al S de Baquedano,-23.726,-69.779,73.0,2.6,Ml
226379,2024-03-01 19:39:37,2024-03-01 16:39:37,21 km al O de Huasco,-28.47,-71.433,32.0,3.3,Ml
226381,2024-03-01 19:47:44,2024-03-01 16:47:44,50 km al SO de Mina Collahuasi,-21.087,-69.056,110.0,2.9,Ml
226384,2024-03-01 20:30:37,2024-03-01 17:30:37,76 km al S de Socaire,-24.258,-68.037,245.0,3.9,Ml
226386,2024-03-01 22:03:27,2024-03-01 19:03:27,37 km al N de Valparaíso,-32.723,-71.72,38.0,2.6,Ml
226391,2024-03-01 22:53:42,2024-03-01 19:53:42,44 km al NO de Quillagua,-21.317,-69.741,48.0,2.7,Ml
226397,2024-03-02 00:03:35,2024-03-01 21:03:35,31 km al NO de Los Vilos,-31.658,-71.654,32.0,3.8,Ml
226398,2024-03-02 00:25:30,2024-03-01 21:25:30,30 km al O de Mina Collahuasi,-20.8,-68.948,101.0,2.5,Ml
226412,2024-03-02 02:46:02,2024-03-01 23:46:02,8 km al S de Los Vilos,-31.985,-71.513,25.0,2.8,Ml
226424,2024-03-02 04:44:38,2024-03-02 01:44:38,74 km al O de Lebu,-37.328,-74.411,38.0,3.1,Ml
226430,2024-03-02 05:32:19,2024-03-02 02:32:19,100 km al O de Lebu,-37.362,-74.751,29.0,3.2,Ml
226438,2024-03-02 07:52:42,2024-03-02 04:52:42,16 km al S de Tongoy,-30.388,-71.44,34.0,4.0,Ml
226442,2024-03-02 08:10:06,2024-03-02 05:10:06,58 km al SO de Caldera,-27.555,-71.031,44.0,2.8,Ml
226453,2024-03-02 12:06:23,2024-03-02 09:06:23,63 km al SO de Pica,-20.978,-69.644,71.0,3.4,Ml
226455,2024-03-02 12:28:03,2024-03-02 09:28:03,24 km al S de Navidad,-34.158,-71.762,40.0,3.5,Ml
226464,2024-03-02 14:37:32,2024-03-02 11:37:32,58 km al SE de Socaire,-23.905,-67.43,266.0,2.9,Ml
226466,2024-03-02 15:03:33,2024-03-02 12:03:33,17 km al N de Camiña,-19.162,-69.395,99.0,3.2,Ml
226474,2024-03-02 16:05:56,2024-03-02 13:05:56,52 km al N de San Pedro de Atacama,-22.45,-68.223,160.0,4.3,Ml
226477,2024-03-02 16:56:22,2024-03-02 13:56:22,68 km al NE de Calama,-21.936,-68.602,117.0,3.2,Ml
226517,2024-03-03 02:14:07,2024-03-02 23:14:07,17 km al N de La Higuera,-29.359,-71.231,64.0,3.7,Ml
226519,2024-03-03 02:49:48,2024-03-02 23:49:48,46 km al S de Mina Collahuasi,-21.216,-68.806,112.0,3.3,Ml
226531,2024-03-03 06:05:30,2024-03-03 03:05:30,17 km al O de Andacollo,-30.265,-71.259,55.0,4.0,Ml
226535,2024-03-03 06:31:39,2024-03-03 03:31:39,86 km al NO de Lebu,-37.003,-74.267,33.0,3.6,Ml
226539,2024-03-03 06:57:08,2024-03-03 03:57:08,30 km al NO de Mina Collahuasi,-20.601,-68.823,106.0,2.6,Ml
226542,2024-03-03 07:17:21,2024-03-03 04:17:21,41 km al S de Mina Collahuasi,-21.198,-68.687,112.0,2.5,Ml
226592,2024-03-03 18:42:19,2024-03-03 15:42:19,36 km al NO de Carrizal Bajo,-27.876,-71.434,21.0,3.8,Ml
226595,2024-03-03 18:48:43,2024-03-03 15:48:43,26 km al NO de Carrizal Bajo,-27.887,-71.293,23.0,2.9,Ml
226600,2024-03-03 19:48:13,2024-03-03 16:48:13,17 km al SE de Curicó,-35.067,-71.088,96.0,3.8,Ml
226612,2024-03-03 23:52:53,2024-03-03 20:52:53,29 km al E de Pica,-20.442,-69.059,97.0,3.4,Ml
226617,2024-03-04 00:33:35,2024-03-03 21:33:35,196 km al O de Tortel,-47.793,-76.165,18.0,3.6,Ml
226630,2024-03-04 02:10:53,2024-03-03 23:10:53,37 km al O de Ollagüe,-21.198,-68.608,113.0,2.7,Ml
226637,2024-03-04 03:01:13,2024-03-04 00:01:13,39 km al SO de Mina Collahuasi,-21.137,-68.828,114.0,2.6,Ml
226640,2024-03-04 03:14:48,2024-03-04 00:14:48,56 km al SO de Mina La Escondida.,-24.513,-69.538,72.0,2.9,Ml
226661,2024-03-04 05:42:48,2024-03-04 02:42:48,23 km al N de Tocopilla,-21.885,-70.192,66.0,2.7,Ml
226670,2024-03-04 07:03:51,2024-03-04 04:03:51,19 km al N de La Higuera,-29.34,-71.169,54.0,2.6,Ml
226672,2024-03-04 07:16:13,2024-03-04 04:16:13,53 km al O de Cobquecura,-36.129,-73.388,34.0,3.4,Ml
226681,2024-03-04 09:13:07,2024-03-04 06:13:07,28 km al NO de Tongoy,-30.029,-71.611,40.0,4.5,Mw
226685,2024-03-04 10:01:49,2024-03-04 07:01:49,80 km al SE de Socaire,-24.152,-67.407,212.0,3.1,Ml
226688,2024-03-04 10:54:17,2024-03-04 07:54:17,16 km al S de Los Vilos,-32.052,-71.477,41.0,2.7,Ml
226689,2024-03-04 11:02:08,2024-03-04 08:02:08,39 km al SO de Mina Collahuasi,-21.086,-68.912,108.0,4.0,Ml
226693,2024-03-04 11:45:06,2024-03-04 08:45:06,32 km al S de Mina Collahuasi,-21.112,-68.69,107.0,3.2,Ml
226700,2024-03-04 13:00:52,2024-03-04 10:00:52,49 km al SO de Huasco,-28.866,-71.434,34.0,2.5,Ml
226701,2024-03-04 13:13:11,2024-03-04 10:13:11,27 km al NO de Mina Collahuasi,-20.705,-68.879,107.0,3.1,Ml
226716,2024-03-04 17:22:32,2024-03-04 14:22:32,36 km al N de Camiña,-18.988,-69.464,88.0,2.9,Ml
226720,2024-03-04 17:45:31,2024-03-04 14:45:31,22 km al NE de Caldera,-26.885,-70.738,25.0,3.3,Ml
226722,2024-03-04 18:05:15,2024-03-04 15:05:15,57 km al N de Camiña,-18.804,-69.483,107.0,3.5,Ml
226728,2024-03-04 20:11:57,2024-03-04 17:11:57,23 km al SE de Calama,-22.655,-68.83,108.0,3.4,Ml
226730,2024-03-04 21:33:01,2024-03-04 18:33:01,16 km al N de Socaire,-23.447,-67.895,160.0,2.9,Ml
226731,2024-03-04 22:01:32,2024-03-04 19:01:32,14 km al N de Camiña,-19.193,-69.391,102.0,4.7,Mw
226742,2024-03-05 00:28:17,2024-03-04 21:28:17,79 km al O de Arica,-18.593,-71.058,19.0,3.1,Ml
226747,2024-03-05 01:26:45,2024-03-04 22:26:45,42 km al S de Ollagüe,-21.597,-68.342,138.0,2.7,Ml
226751,2024-03-05 02:49:43,2024-03-04 23:49:43,57 km al SO de Ollagüe,-21.688,-68.478,121.0,2.8,Ml
226754,2024-03-05 03:12:52,2024-03-05 00:12:52,20 km al N de San Pedro de Atacama,-22.74,-68.194,132.0,4.0,Ml
226762,2024-03-05 04:19:14,2024-03-05 01:19:14,24 km al E de Vichuquén,-34.816,-71.744,49.0,3.0,Ml
226772,2024-03-05 07:23:51,2024-03-05 04:23:51,20 km al SO de Canela Baja,-31.515,-71.618,36.0,3.2,Ml
226774,2024-03-05 07:40:29,2024-03-05 04:40:29,32 km al NE de Paihuano,-29.762,-70.381,84.0,2.5,Ml
226775,2024-03-05 08:01:44,2024-03-05 05:01:44,69 km al SE de Socaire,-24.143,-67.591,239.0,3.4,Ml
226777,2024-03-05 08:06:13,2024-03-05 05:06:13,38 km al SE de Calama,-22.639,-68.611,110.0,2.9,Ml
226778,2024-03-05 08:12:22,2024-03-05 05:12:22,27 km al E de Cauquenes,-35.895,-72.03,68.0,3.0,Ml
226780,2024-03-05 08:35:00,2024-03-05 05:35:00,89 km al NE de Mina Los Pelambres,-31.394,-69.792,156.0,2.6,Ml
226781,2024-03-05 08:53:00,2024-03-05 05:53:00,19 km al E de Sierra Gorda.,-22.855,-69.137,89.0,2.9,Ml
226782,2024-03-05 08:56:10,2024-03-05 05:56:10,54 km al O de La Ligua,-32.579,-71.785,33.0,2.7,Ml
226785,2024-03-05 09:23:09,2024-03-05 06:23:09,29 km al S de Calama,-22.733,-68.967,96.0,2.9,Ml
226787,2024-03-05 10:14:51,2024-03-05 07:14:51,11 km al S de Socaire,-23.686,-67.891,227.0,3.2,Ml
226789,2024-03-05 10:40:39,2024-03-05 07:40:39,33 km al E de San Fabián,-36.69,-71.227,6.0,2.9,Ml
226792,2024-03-05 11:10:14,2024-03-05 08:10:14,73 km al E de Paihuano,-29.882,-69.775,122.0,2.6,Ml
226801,2024-03-05 14:24:41,2024-03-05 11:24:41,46 km al NE de Mina Collahuasi,-20.588,-68.298,143.0,2.9,Ml
226805,2024-03-05 15:22:14,2024-03-05 12:22:14,83 km al SE de Socaire,-24.164,-67.376,237.0,3.3,Ml
226807,2024-03-05 15:53:20,2024-03-05 12:53:20,53 km al N de Pica,-20.024,-69.247,99.0,3.0,Ml
226818,2024-03-05 17:58:44,2024-03-05 14:58:44,24 km al O de Curarrehue,-39.437,-71.847,17.0,3.0,Ml
226827,2024-03-05 19:23:11,2024-03-05 16:23:11,84 km al NO de Tocopilla,-21.434,-70.591,35.0,2.8,Ml
226831,2024-03-05 20:30:13,2024-03-05 17:30:13,20 km al S de Tocopilla,-22.268,-70.261,30.0,4.2,Ml
226834,2024-03-05 21:43:30,2024-03-05 18:43:30,52 km al SO de Mina Collahuasi,-21.257,-68.85,123.0,3.3,Ml
226842,2024-03-05 23:35:38,2024-03-05 20:35:38,27 km al E de Calama,-22.457,-68.664,118.0,3.7,Ml
226843,2024-03-06 00:26:06,2024-03-05 21:26:06,30 km al E de Pica,-20.433,-69.051,98.0,2.8,Ml
226852,2024-03-06 03:58:08,2024-03-06 00:58:08,108 km al SE de Socaire,-24.444,-67.382,189.0,4.2,Ml
226858,2024-03-06 04:36:52,2024-03-06 01:36:52,34 km al SO de Mina Collahuasi,-21.092,-68.816,127.0,2.7,Ml
226865,2024-03-06 06:48:30,2024-03-06 03:48:30,28 km al S de Los Vilos,-32.152,-71.439,49.0,2.8,Ml
226868,2024-03-06 08:05:47,2024-03-06 05:05:47,68 km al S de Alto Hospicio,-20.875,-70.068,75.0,2.6,Ml
226873,2024-03-06 09:05:52,2024-03-06 06:05:52,12 km al SO de La Serena,-29.987,-71.336,78.0,4.0,Ml
226877,2024-03-06 10:04:21,2024-03-06 07:04:21,54 km al O de Tongoy,-30.347,-72.052,35.0,2.5,Ml
226879,2024-03-06 10:12:57,2024-03-06 07:12:57,46 km al E de Sierra Gorda,-23.048,-68.9,98.0,3.2,Ml
226881,2024-03-06 10:44:46,2024-03-06 07:44:46,27 km al SE de Talca,-35.554,-71.408,99.0,3.5,Ml
226883,2024-03-06 10:58:15,2024-03-06 07:58:15,121 km al NE de Socaire,-23.021,-66.885,252.0,3.6,Ml
226884,2024-03-06 11:10:23,2024-03-06 08:10:23,41 km al S de Mina Collahuasi,-21.197,-68.667,112.0,4.1,Ml
226887,2024-03-06 11:23:07,2024-03-06 08:23:07,49 km al SO de Ollagüe,-21.624,-68.456,137.0,3.3,Ml
226904,2024-03-06 15:43:47,2024-03-06 12:43:47,39 km al SO de Mina Collahuasi,-21.089,-68.903,113.0,3.1,Ml
226910,2024-03-06 17:27:45,2024-03-06 14:27:45,35 km al O de Mina Collahuasi,-20.831,-68.997,104.0,2.8,Ml
226918,2024-03-06 18:27:13,2024-03-06 15:27:13,31 km al O de La Serena,-29.85,-71.57,38.0,3.4,Ml
226923,2024-03-06 20:33:48,2024-03-06 17:33:48,28 km al NE de Vichuquén,-34.73,-71.753,30.0,2.7,Ml
226933,2024-03-07 00:10:55,2024-03-06 21:10:55,64 km al N de Calama,-21.904,-68.796,114.0,2.7,Ml
226936,2024-03-07 01:43:58,2024-03-06 22:43:58,11 km al SO de San Antonio,-33.66,-71.677,45.0,3.2,Ml
226947,2024-03-07 04:13:38,2024-03-07 01:13:38,59 km al E de Quillagua,-21.64,-68.968,91.0,3.0,Ml
226949,2024-03-07 04:21:31,2024-03-07 01:21:31,50 km al SO de Ollagüe,-21.589,-68.54,128.0,4.0,Ml
226952,2024-03-07 04:55:59,2024-03-07 01:55:59,34 km al NO de Mina Collahuasi,-20.624,-68.897,105.0,3.2,Ml
226954,2024-03-07 05:13:31,2024-03-07 02:13:31,47 km al SO de Ollagüe,-21.591,-68.482,137.0,3.8,Ml
226958,2024-03-07 05:40:51,2024-03-07 02:40:51,69 km al NO de San Antonio de los Cobres,-23.841,-66.853,202.0,3.0,Ml
226959,2024-03-07 05:44:39,2024-03-07 02:44:39,99 km al O de San Antonio de los Cobres,-24.394,-67.279,194.0,3.0,Ml
226962,2024-03-07 06:38:44,2024-03-07 03:38:44,80 km al SE de Socaire,-23.984,-67.233,227.0,2.9,Ml
226966,2024-03-07 08:23:53,2024-03-07 05:23:53,30 km al O de Quintero,-32.662,-71.82,32.0,3.3,Ml
226975,2024-03-07 09:32:11,2024-03-07 06:32:11,14 km al E de Tongoy,-30.275,-71.348,52.0,2.6,Ml
226984,2024-03-07 14:17:51,2024-03-07 11:17:51,50 km al SO de Mina Collahuasi,-21.192,-68.934,117.0,2.6,Ml
226989,2024-03-07 15:01:04,2024-03-07 12:01:04,35 km al SE de Lebu,-37.773,-73.318,32.0,2.5,Ml
226992,2024-03-07 15:45:26,2024-03-07 12:45:26,65 km al SO de Ollagüe,-21.766,-68.494,123.0,2.8,Ml
226999,2024-03-07 17:04:25,2024-03-07 14:04:25,64 km al S de Pozo Almonte,-20.83,-69.83,43.0,4.7,Mw
227004,2024-03-07 17:19:17,2024-03-07 14:19:17,13 km al E de Curicó,-35.019,-71.1,109.0,2.7,Ml
227005,2024-03-07 17:22:58,2024-03-07 14:22:58,17 km al NE de Putre,-18.119,-69.419,139.0,2.7,Ml
227017,2024-03-07 18:48:21,2024-03-07 15:48:21,80 km al SE de Socaire,-24.183,-67.447,209.0,3.6,Ml
227018,2024-03-07 18:54:47,2024-03-07 15:54:47,32 km al SE de Calama,-22.641,-68.685,129.0,2.8,Ml
227020,2024-03-07 19:09:38,2024-03-07 16:09:38,86 km al SE de Socaire,-24.21,-67.393,214.0,3.6,Ml
227024,2024-03-07 20:18:50,2024-03-07 17:18:50,33 km al E de Calama,-22.389,-68.626,126.0,2.8,Ml
227030,2024-03-07 22:25:44,2024-03-07 19:25:44,24 km al NO de Los Vilos,-31.788,-71.718,32.0,3.8,Ml
227034,2024-03-07 22:26:05,2024-03-07 19:26:05,53 km al NO de Quillagua,-21.283,-69.842,56.0,3.2,Ml
227036,2024-03-07 23:29:12,2024-03-07 20:29:12,39 km al E de Pica,-20.566,-68.968,105.0,4.2,Ml
227038,2024-03-07 23:32:15,2024-03-07 20:32:15,20 km al N de Quillota,-32.71,-71.191,57.0,2.8,Ml
227043,2024-03-08 01:44:57,2024-03-07 22:44:57,30 km al NE de Cuya,-18.974,-69.969,46.0,2.9,Ml
227044,2024-03-08 02:25:27,2024-03-07 23:25:27,7 km al O de San Pedro de Atacama,-22.898,-68.264,145.0,2.7,Ml
227050,2024-03-08 04:32:31,2024-03-08 01:32:31,32 km al NO de Quillagua,-21.437,-69.733,73.0,3.0,Ml
227055,2024-03-08 05:25:03,2024-03-08 02:25:03,24 km al SO de Mina Collahuasi,-20.921,-68.867,115.0,4.0,Ml
227059,2024-03-08 06:01:59,2024-03-08 03:01:59,60 km al S de Socaire,-24.103,-68.086,194.0,2.8,Ml
227061,2024-03-08 06:13:26,2024-03-08 03:13:26,150 km al O de Constitución,-34.884,-73.972,21.0,3.4,Ml
227069,2024-03-08 07:40:45,2024-03-08 04:40:45,32 km al N de La Higuera,-29.23,-71.286,55.0,4.6,Mw
227071,2024-03-08 08:32:01,2024-03-08 05:32:01,49 km al N de Valparaíso,-32.621,-71.734,36.0,2.5,Ml
227077,2024-03-08 09:37:03,2024-03-08 06:37:03,27 km al SO de Visviri,-17.811,-69.603,141.0,2.8,Ml
227080,2024-03-08 10:01:28,2024-03-08 07:01:28,97 km al SE de Socaire,-24.328,-67.373,205.0,3.3,Ml
227086,2024-03-08 11:10:50,2024-03-08 08:10:50,47 km al S de Huasco,-28.863,-71.38,41.0,2.8,Ml
227087,2024-03-08 11:18:42,2024-03-08 08:18:42,35 km al NE de Calama,-22.203,-68.742,134.0,2.9,Ml
227092,2024-03-08 13:02:44,2024-03-08 10:02:44,126 km al O de Pichilemu,-33.976,-73.282,24.0,2.7,Ml
227094,2024-03-08 13:09:08,2024-03-08 10:09:08,30 km al E de Sierra Gorda.,-22.916,-69.027,98.0,2.7,Ml
227101,2024-03-08 15:15:29,2024-03-08 12:15:29,69 km al S de Socaire,-24.199,-67.789,239.0,2.9,Ml
227112,2024-03-08 17:01:57,2024-03-08 14:01:57,22 km al O de Ollagüe,-21.195,-68.464,131.0,2.9,Ml
227116,2024-03-08 18:07:36,2024-03-08 15:07:36,37 km al E de Calama,-22.397,-68.582,141.0,2.5,Ml
227118,2024-03-08 18:12:48,2024-03-08 15:12:48,9 km al NO de Rancagua,-34.116,-70.81,77.0,3.9,Ml
227123,2024-03-08 18:42:07,2024-03-08 15:42:07,114 km al NO de Pichilemu,-33.893,-73.096,20.0,2.6,Ml
227135,2024-03-08 21:11:13,2024-03-08 18:11:13,117 km al O de Los Vilos,-31.655,-72.712,36.0,2.9,Ml
227140,2024-03-08 22:30:43,2024-03-08 19:30:43,28 km al E de Calama,-22.425,-68.659,124.0,2.5,Ml
227144,2024-03-09 00:27:25,2024-03-08 21:27:25,35 km al O de La Serena,-29.916,-71.611,40.0,3.3,Ml
227150,2024-03-09 01:18:08,2024-03-08 22:18:08,33 km al S de Mina Collahuasi,-21.12,-68.598,127.0,3.3,Ml
227153,2024-03-09 01:34:43,2024-03-08 22:34:43,46 km al SO de Mina Collahuasi,-21.154,-68.922,111.0,2.6,Ml
227155,2024-03-09 02:06:59,2024-03-08 23:06:59,25 km al S de Entre Lagos,-40.904,-72.557,112.0,3.6,Ml
227158,2024-03-09 02:36:48,2024-03-08 23:36:48,36 km al S de Pica,-20.811,-69.334,80.0,2.8,Ml
227160,2024-03-09 03:13:34,2024-03-09 00:13:34,35 km al O de Iquique,-20.196,-70.488,32.0,2.8,Ml
227168,2024-03-09 04:14:07,2024-03-09 01:14:07,52 km al E de Sierra Gorda.,-22.929,-68.812,102.0,2.6,Ml
227170,2024-03-09 04:28:15,2024-03-09 01:28:15,84 km al S de Ilo,-18.396,-71.394,35.0,3.3,Ml
227173,2024-03-09 05:05:00,2024-03-09 02:05:00,13 km al NE de Tongoy,-30.169,-71.41,54.0,2.7,Ml
227182,2024-03-09 06:03:26,2024-03-09 03:03:26,75 km al O de San Antonio de los Cobres,-24.207,-67.057,190.0,3.4,Ml
227187,2024-03-09 06:52:45,2024-03-09 03:52:45,44 km al O de Punitaqui,-30.717,-71.697,23.0,3.4,Ml
227189,2024-03-09 07:26:17,2024-03-09 04:26:17,32 km al N de Vallenar,-28.299,-70.84,59.0,2.9,Ml
227191,2024-03-09 07:40:16,2024-03-09 04:40:16,52 km al O de Mina La Escondida.,-24.252,-69.567,78.0,2.5,Ml
227194,2024-03-09 08:22:06,2024-03-09 05:22:06,48 km al SO de Huasco,-28.811,-71.512,20.0,2.7,Ml
227197,2024-03-09 08:57:19,2024-03-09 05:57:19,50 km al SO de Ollagüe,-21.638,-68.445,121.0,4.0,Ml
227201,2024-03-09 09:22:29,2024-03-09 06:22:29,47 km al N de Mina La Escondida,-23.85,-69.069,102.0,4.3,Ml
227208,2024-03-09 10:21:44,2024-03-09 07:21:44,26 km al SO de Huasco,-28.678,-71.323,33.0,2.9,Ml
227213,2024-03-09 11:30:05,2024-03-09 08:30:05,57 km al SE de Sierra Gorda.,-23.323,-69.008,98.0,2.9,Ml
227218,2024-03-09 11:47:02,2024-03-09 08:47:02,99 km al SE de Socaire,-24.317,-67.324,203.0,3.2,Ml
227220,2024-03-09 12:34:20,2024-03-09 09:34:20,56 km al S de Putre,-18.696,-69.575,105.0,3.0,Ml
227222,2024-03-09 12:56:28,2024-03-09 09:56:28,29 km al SO de Antofagasta,-23.779,-70.655,56.0,2.5,Ml
227223,2024-03-09 12:59:48,2024-03-09 09:59:48,42 km al NO de La Higuera,-29.28,-71.55,56.0,2.5,Ml
227226,2024-03-09 13:21:44,2024-03-09 10:21:44,48 km al SE de Pica,-20.884,-69.142,108.0,2.6,Ml
227227,2024-03-09 13:29:47,2024-03-09 10:29:47,108 km al NE de San Pedro de Atacama,-22.118,-67.602,226.0,3.3,Ml
227237,2024-03-09 16:43:11,2024-03-09 13:43:11,39 km al N de Pica,-20.143,-69.281,112.0,4.1,Ml
227242,2024-03-09 17:18:32,2024-03-09 14:18:32,27 km al S de Calama,-22.713,-68.914,117.0,2.5,Ml
227252,2024-03-09 19:23:13,2024-03-09 16:23:13,117 km al O de El Tabo,-33.389,-72.927,24.0,4.5,Mw
227255,2024-03-09 19:58:54,2024-03-09 16:58:54,19 km al NE de Calama,-22.361,-68.791,126.0,4.6,Mw
227258,2024-03-09 20:40:20,2024-03-09 17:40:20,64 km al SO de Ollagüe,-21.688,-68.62,123.0,2.6,Ml
227260,2024-03-09 20:57:44,2024-03-09 17:57:44,47 km al SE de Curicó,-35.336,-70.948,110.0,2.5,Ml
227264,2024-03-09 22:12:21,2024-03-09 19:12:21,41 km al N de Baquedano,-22.986,-69.712,19.0,2.6,Ml
227270,2024-03-10 00:00:06,2024-03-09 21:00:06,39 km al S de Mina Collahuasi,-21.174,-68.624,107.0,2.5,Ml
227272,2024-03-10 00:17:50,2024-03-09 21:17:50,41 km al S de Mina Collahuasi,-21.194,-68.652,112.0,2.7,Ml
227274,2024-03-10 00:20:43,2024-03-09 21:20:43,51 km al S de Mina Collahuasi,-21.251,-68.832,112.0,2.7,Ml
227279,2024-03-10 01:08:26,2024-03-09 22:08:26,31 km al O de Taltal,-25.519,-70.764,40.0,2.9,Ml
227291,2024-03-10 02:57:58,2024-03-09 23:57:58,71 km al S de Pozo Almonte,-20.889,-69.875,34.0,2.7,Ml
227295,2024-03-10 03:29:58,2024-03-10 00:29:58,39 km al S de Mina Collahuasi,-21.178,-68.701,113.0,2.8,Ml
227310,2024-03-10 06:17:04,2024-03-10 03:17:04,33 km al N de Baquedano,-23.054,-69.748,75.0,3.2,Ml
227312,2024-03-10 06:36:14,2024-03-10 03:36:14,8 km al O de Calama,-22.463,-69.011,92.0,2.6,Ml
227329,2024-03-10 12:16:15,2024-03-10 09:16:15,98 km al SE de Socaire,-24.185,-67.184,201.0,4.3,Ml
227331,2024-03-10 12:34:55,2024-03-10 09:34:55,46 km al NO de Parque Fray Jorge,-30.338,-71.977,20.0,3.1,Ml
227333,2024-03-10 12:47:29,2024-03-10 09:47:29,47 km al SO de Mina Collahuasi,-21.101,-69.006,112.0,2.5,Ml
227340,2024-03-10 15:48:24,2024-03-10 12:48:24,23 km al NE de Tongoy,-30.116,-71.32,71.0,2.7,Ml
227352,2024-03-10 18:04:39,2024-03-10 15:04:39,140 km al O de La Higuera,-29.334,-72.63,29.0,3.7,Ml
227361,2024-03-10 19:45:57,2024-03-10 16:45:57,77 km al NO de San Antonio de los Cobres,-23.852,-66.955,171.0,3.4,Ml
227362,2024-03-10 19:52:37,2024-03-10 16:52:37,48 km al SE de Pica,-20.878,-69.129,111.0,4.0,Ml
227365,2024-03-10 20:12:40,2024-03-10 17:12:40,16 km al SO de Canela Baja,-31.535,-71.52,49.0,4.2,Ml
227369,2024-03-10 20:40:31,2024-03-10 17:40:31,33 km al S de Mina Collahuasi,-21.108,-68.745,114.0,3.0,Ml
227379,2024-03-11 00:40:21,2024-03-10 21:40:21,49 km al E de Pica,-20.418,-68.865,109.0,2.8,Ml
227385,2024-03-11 02:26:49,2024-03-10 23:26:49,31 km al NO de Chillán,-36.411,-72.357,66.0,3.1,Ml
227387,2024-03-11 02:47:38,2024-03-10 23:47:38,53 km al S de Socaire,-24.069,-67.847,254.0,3.0,Ml
227388,2024-03-11 02:49:51,2024-03-10 23:49:51,64 km al SO de Puerto Aguirre,-45.568,-74.114,26.0,2.9,Ml
227390,2024-03-11 02:51:05,2024-03-10 23:51:05,41 km al O de Ollagüe,-21.288,-68.644,118.0,3.0,Ml
227393,2024-03-11 03:17:47,2024-03-11 00:17:47,30 km al NO de Quillagua,-21.411,-69.649,90.0,2.6,Ml
227402,2024-03-11 05:42:48,2024-03-11 02:42:48,19 km al S de Pichilemu,-34.552,-72.051,46.0,2.7,Ml
227409,2024-03-11 06:56:41,2024-03-11 03:56:41,81 km al N de Tocopilla,-21.41,-70.472,46.0,2.8,Ml
227412,2024-03-11 07:15:40,2024-03-11 04:15:40,54 km al NE de Calama,-22.054,-68.651,126.0,3.0,Ml
227417,2024-03-11 09:30:16,2024-03-11 06:30:16,24 km al O de Putre,-18.231,-69.785,113.0,3.6,Ml
227424,2024-03-11 10:03:10,2024-03-11 07:03:10,65 km al SE de Socaire,-24.031,-67.471,218.0,3.2,Ml
227427,2024-03-11 12:21:23,2024-03-11 09:21:23,31 km al E de San Fernando,-34.578,-70.654,126.0,2.6,Ml
227430,2024-03-11 12:39:55,2024-03-11 09:39:55,49 km al SO de Ollagüe,-21.624,-68.443,137.0,2.7,Ml
227431,2024-03-11 13:03:45,2024-03-11 10:03:45,41 km al NE de Calama,-22.139,-68.751,130.0,2.6,Ml
227432,2024-03-11 13:30:52,2024-03-11 10:30:52,68 km al NE de Calama,-21.923,-68.635,106.0,3.7,Ml
227438,2024-03-11 14:19:56,2024-03-11 11:19:56,52 km al N de Calama,-22.016,-68.791,128.0,2.5,Ml
227439,2024-03-11 14:22:45,2024-03-11 11:22:45,47 km al N de Constitución,-34.926,-72.558,39.0,2.7,Ml
227449,2024-03-11 16:28:49,2024-03-11 13:28:49,8 km al E de Cobquecura,-36.119,-72.708,56.0,3.2,Ml
227458,2024-03-11 17:22:23,2024-03-11 14:22:23,42 km al N de Mejillones,-22.724,-70.411,48.0,2.7,Ml
227463,2024-03-11 17:35:05,2024-03-11 14:35:05,81 km al E de Taltal,-25.428,-69.679,85.0,3.1,Ml
227472,2024-03-11 18:50:28,2024-03-11 15:50:28,104 km al NE de Socaire,-22.961,-67.142,230.0,3.6,Ml
227475,2024-03-11 20:09:26,2024-03-11 17:09:26,40 km al N de Pica,-20.128,-69.342,106.0,2.8,Ml
227478,2024-03-11 20:09:56,2024-03-11 17:09:56,106 km al O de Pichilemu,-34.088,-73.11,18.0,2.6,Ml
227481,2024-03-11 21:34:34,2024-03-11 18:34:34,39 km al N de San Fabián,-36.205,-71.514,105.0,3.0,Ml
227484,2024-03-11 22:47:30,2024-03-11 19:47:30,15 km al SO de Los Vilos,-32.006,-71.622,36.0,3.4,Ml
227486,2024-03-11 23:27:42,2024-03-11 20:27:42,44 km al SO de Mina Collahuasi,-21.055,-69.004,106.0,3.2,Ml
227489,2024-03-11 23:41:33,2024-03-11 20:41:33,33 km al E de Putre,-18.203,-69.247,149.0,2.9,Ml
227496,2024-03-12 00:58:31,2024-03-11 21:58:31,6 km al O de Putre,-18.186,-69.619,108.0,3.0,Ml
227498,2024-03-12 01:26:25,2024-03-11 22:26:25,21 km al NO de La Ligua,-32.358,-71.425,52.0,2.7,Ml
227500,2024-03-12 01:30:00,2024-03-11 22:30:00,17 km al E de Huasco,-28.515,-71.052,51.0,3.6,Ml
227508,2024-03-12 03:42:32,2024-03-12 00:42:32,75 km al O de Navidad,-33.827,-72.627,36.0,5.1,Mw
227517,2024-03-12 05:35:59,2024-03-12 02:35:59,8 km al S de Mina Los Pelambres,-31.894,-70.572,91.0,2.5,Ml
227522,2024-03-12 07:29:52,2024-03-12 04:29:52,38 km al NE de Pica,-20.195,-69.147,92.0,3.0,Ml
227534,2024-03-12 09:04:55,2024-03-12 06:04:55,3 km al NO de Monte Patria,-30.683,-70.982,81.0,3.1,Ml
227543,2024-03-12 11:44:21,2024-03-12 08:44:21,51 km al NE de Mina Los Pelambres,-31.464,-70.248,130.0,2.6,Ml
227553,2024-03-12 16:19:51,2024-03-12 13:19:51,16 km al SE de Tongoy,-30.382,-71.415,32.0,2.5,Ml
227565,2024-03-12 20:19:21,2024-03-12 17:19:21,49 km al S de Socaire,-23.999,-67.725,273.0,3.5,Ml
227569,2024-03-12 20:33:33,2024-03-12 17:33:33,33 km al S de Mina Collahuasi,-21.124,-68.682,113.0,2.7,Ml
227577,2024-03-12 22:15:58,2024-03-12 19:15:58,55 km al SO de Arica,-18.734,-70.769,15.0,2.6,Ml
227579,2024-03-12 23:34:18,2024-03-12 20:34:18,127 km al NE de Socaire,-22.94,-66.869,262.0,3.3,Ml
227581,2024-03-13 01:04:55,2024-03-12 22:04:55,26 km al SO de Chañaral.,-26.562,-70.728,30.0,2.9,Ml
227584,2024-03-13 01:56:53,2024-03-12 22:56:53,50 km al N de Baquedano,-22.892,-69.939,46.0,2.6,Ml
227585,2024-03-13 02:07:31,2024-03-12 23:07:31,22 km al E de Vichuquén,-34.796,-71.774,42.0,3.1,Ml
227587,2024-03-13 02:21:43,2024-03-12 23:21:43,85 km al N de El Salvador,-25.499,-69.468,92.0,3.2,Ml
227600,2024-03-13 04:12:17,2024-03-13 01:12:17,90 km al E de Copiapó,-27.055,-69.489,130.0,3.8,Ml
227617,2024-03-13 07:35:09,2024-03-13 04:35:09,49 km al SE de Socaire,-23.979,-67.673,181.0,3.5,Ml
227619,2024-03-13 07:50:13,2024-03-13 04:50:13,21 km al O de Andacollo,-30.304,-71.283,48.0,3.2,Ml
227627,2024-03-13 09:16:53,2024-03-13 06:16:53,6 km al O de Tongoy,-30.27,-71.559,36.0,3.3,Ml
227630,2024-03-13 09:30:06,2024-03-13 06:30:06,54 km al S de Putre,-18.678,-69.515,114.0,5.3,Mw
227632,2024-03-13 09:50:36,2024-03-13 06:50:36,119 km al O de Bahía Mansa,-40.304,-75.089,27.0,3.1,Ml
227640,2024-03-13 12:05:10,2024-03-13 09:05:10,43 km al NO de Mina La Escondida.,-24.109,-69.437,77.0,2.5,Ml
227643,2024-03-13 12:41:09,2024-03-13 09:41:09,101 km al NE de San Pedro de Atacama,-22.156,-67.662,205.0,3.0,Ml
227645,2024-03-13 12:53:23,2024-03-13 09:53:23,52 km al NO de Taltal,-25.107,-70.879,45.0,2.9,Ml
227649,2024-03-13 13:44:41,2024-03-13 10:44:41,12 km al SO de Iquique,-20.283,-70.24,42.0,2.5,Ml
227652,2024-03-13 14:07:21,2024-03-13 11:07:21,46 km al O de La Ligua,-32.582,-71.698,29.0,2.9,Ml
227669,2024-03-13 18:54:55,2024-03-13 15:54:55,31 km al SO de Putre,-18.434,-69.708,130.0,2.9,Ml
227671,2024-03-13 19:00:41,2024-03-13 16:00:41,26 km al NE de Pica,-20.381,-69.113,105.0,2.5,Ml
227673,2024-03-13 20:22:12,2024-03-13 17:22:12,87 km al O de San Antonio de los Cobres,-23.939,-67.119,225.0,3.2,Ml
227674,2024-03-13 20:51:50,2024-03-13 17:51:50,80 km al E de Socaire,-23.886,-67.171,243.0,2.9,Ml
227676,2024-03-13 21:19:08,2024-03-13 18:19:08,40 km al N de Mina Los Pelambres,-31.465,-70.654,73.0,2.5,Ml
227677,2024-03-13 22:10:25,2024-03-13 19:10:25,79 km al O de Pisagua,-19.677,-70.962,33.0,4.4,Ml
227678,2024-03-13 22:10:38,2024-03-13 19:10:38,72 km al O de Pisagua,-19.711,-70.892,35.0,5.0,Mw
227680,2024-03-13 22:15:00,2024-03-13 19:15:00,82 km al O de Pisagua,-19.702,-70.991,33.0,4.1,Ml
227684,2024-03-13 22:24:06,2024-03-13 19:24:06,82 km al O de Pisagua,-19.682,-70.996,23.0,3.5,Ml
227686,2024-03-13 22:38:03,2024-03-13 19:38:03,82 km al O de Pisagua,-19.642,-70.991,35.0,4.1,Ml
227687,2024-03-13 22:50:13,2024-03-13 19:50:13,78 km al O de Pisagua,-19.667,-70.958,24.0,3.9,Ml
227689,2024-03-13 23:05:07,2024-03-13 20:05:07,84 km al O de Pisagua,-19.661,-71.012,33.0,4.7,Mw
227692,2024-03-13 23:13:47,2024-03-13 20:13:47,75 km al O de Pisagua,-19.678,-70.928,39.0,2.5,Ml
227704,2024-03-14 01:43:07,2024-03-13 22:43:07,27 km al SE de Calama,-22.579,-68.699,113.0,2.7,Ml
227712,2024-03-14 06:10:48,2024-03-14 03:10:48,82 km al O de Pisagua,-19.668,-70.992,40.0,2.8,Ml
227714,2024-03-14 07:48:30,2024-03-14 04:48:30,89 km al O de Pisagua,-19.617,-71.061,32.0,2.8,Ml
227718,2024-03-14 08:26:57,2024-03-14 05:26:57,11 km al NE de Tongoy,-30.173,-71.44,49.0,3.1,Ml
227720,2024-03-14 09:28:32,2024-03-14 06:28:32,83 km al SE de Socaire,-24.154,-67.351,210.0,3.2,Ml
227726,2024-03-14 10:46:33,2024-03-14 07:46:33,21 km al NO de Mejillones,-22.924,-70.534,10.0,2.9,Ml
227727,2024-03-14 11:24:47,2024-03-14 08:24:47,36 km al S de Mina Collahuasi,-21.142,-68.592,135.0,2.8,Ml
227729,2024-03-14 13:12:52,2024-03-14 10:12:52,138 km al O de Puerto Natales,-51.768,-74.5,16.0,4.1,Ml
227730,2024-03-14 13:17:54,2024-03-14 10:17:54,31 km al SO de San Pedro de Atacama,-23.138,-68.389,125.0,2.6,Ml
227734,2024-03-14 13:39:27,2024-03-14 10:39:27,29 km al O de Ollagüe,-21.18,-68.527,141.0,2.5,Ml
227735,2024-03-14 14:13:04,2024-03-14 11:13:04,107 km al O de Puerto Aysén,-45.569,-74.048,19.0,2.5,Ml
227743,2024-03-14 15:42:00,2024-03-14 12:42:00,61 km al SE de Socaire,-24.053,-67.574,248.0,3.2,Ml
227751,2024-03-14 19:00:37,2024-03-14 16:00:37,95 km al NE de San Pedro de Atacama,-22.218,-67.665,204.0,3.8,Ml
227755,2024-03-14 19:55:29,2024-03-14 16:55:29,57 km al SO de Ollagüe,-21.662,-68.533,122.0,2.5,Ml
227762,2024-03-14 21:39:41,2024-03-14 18:39:41,14 km al NE de Tongoy,-30.198,-71.369,45.0,2.7,Ml
227764,2024-03-14 22:02:25,2024-03-14 19:02:25,52 km al S de Putre,-18.652,-69.456,111.0,3.0,Ml
227765,2024-03-14 22:06:59,2024-03-14 19:06:59,63 km al SE de Socaire,-24.066,-67.557,259.0,2.8,Ml
227766,2024-03-14 22:39:46,2024-03-14 19:39:46,43 km al SO de Ollagüe,-21.549,-68.483,128.0,2.5,Ml
227767,2024-03-14 23:10:40,2024-03-14 20:10:40,67 km al S de Socaire,-24.184,-67.793,237.0,2.7,Ml
227774,2024-03-15 02:01:46,2024-03-14 23:01:46,68 km al SO de Ollagüe,-21.776,-68.549,131.0,2.6,Ml
227785,2024-03-15 04:41:40,2024-03-15 01:41:40,40 km al NO de Mina Collahuasi,-20.592,-68.948,99.0,3.3,Ml
227786,2024-03-15 04:43:10,2024-03-15 01:43:10,31 km al SO de Ollagüe,-21.482,-68.361,135.0,3.5,Ml
227787,2024-03-15 04:49:53,2024-03-15 01:49:53,140 km al NO de Constitución,-34.537,-73.603,22.0,2.6,Ml
227799,2024-03-15 09:28:24,2024-03-15 06:28:24,41 km al S de Ollagüe,-21.57,-68.387,134.0,2.6,Ml
227803,2024-03-15 10:00:12,2024-03-15 07:00:12,58 km al E de Quillagua,-21.742,-68.984,94.0,2.5,Ml
227806,2024-03-15 11:42:46,2024-03-15 08:42:46,96 km al E de Socaire,-23.238,-67.032,235.0,2.8,Ml
227812,2024-03-15 13:34:16,2024-03-15 10:34:16,40 km al NE de Iquique,-19.902,-69.968,60.0,2.5,Ml
227816,2024-03-15 13:34:42,2024-03-15 10:34:42,79 km al O de Pisagua,-19.647,-70.966,30.0,3.0,Ml
227818,2024-03-15 14:24:46,2024-03-15 11:24:46,65 km al S de Socaire,-24.162,-67.756,235.0,2.7,Ml
227819,2024-03-15 14:31:16,2024-03-15 11:31:16,77 km al S de Socaire,-24.28,-67.791,254.0,3.6,Ml
227829,2024-03-15 17:03:02,2024-03-15 14:03:02,80 km al O de Pisagua,-19.673,-70.972,30.0,3.0,Ml
227833,2024-03-15 17:35:22,2024-03-15 14:35:22,83 km al SE de Socaire,-24.248,-67.513,231.0,3.6,Ml
227837,2024-03-15 17:54:37,2024-03-15 14:54:37,73 km al SE de Socaire,-24.1,-67.444,225.0,4.0,Ml
227841,2024-03-15 18:46:39,2024-03-15 15:46:39,40 km al O de La Ligua,-32.408,-71.659,36.0,2.6,Ml
227851,2024-03-15 22:18:21,2024-03-15 19:18:21,30 km al SE de Pica,-20.685,-69.125,95.0,2.8,Ml
227854,2024-03-15 22:22:20,2024-03-15 19:22:20,67 km al S de Camiña,-19.877,-69.213,94.0,2.5,Ml
227856,2024-03-15 22:46:30,2024-03-15 19:46:30,44 km al SO de Mejillones,-23.316,-70.809,47.0,3.0,Ml
227858,2024-03-15 23:25:53,2024-03-15 20:25:53,26 km al SE de Los Andes.,-32.988,-70.382,106.0,2.8,Ml
227860,2024-03-15 23:38:49,2024-03-15 20:38:49,44 km al SO de Ollagüe,-21.527,-68.521,140.0,2.6,Ml
227863,2024-03-15 23:56:21,2024-03-15 20:56:21,77 km al SE de Socaire,-24.076,-67.357,222.0,3.5,Ml
227865,2024-03-16 00:21:19,2024-03-15 21:21:19,121 km al NE de Socaire,-22.872,-67.002,215.0,3.1,Ml
227870,2024-03-16 02:04:33,2024-03-15 23:04:33,42 km al O de Fresia,-41.186,-73.923,41.0,2.7,Ml
227872,2024-03-16 02:19:57,2024-03-15 23:19:57,29 km al SO de Mina Collahuasi,-20.974,-68.893,110.0,2.6,Ml
227883,2024-03-16 06:07:36,2024-03-16 03:07:36,101 km al SE de Tierra Amarilla,-28.179,-69.603,96.0,3.1,Ml
227887,2024-03-16 06:34:55,2024-03-16 03:34:55,26 km al E de Linares,-35.865,-71.316,105.0,2.9,Ml
227899,2024-03-16 09:14:59,2024-03-16 06:14:59,76 km al SO de Ollagüe,-21.839,-68.577,132.0,2.6,Ml
227901,2024-03-16 09:38:30,2024-03-16 06:38:30,88 km al SE de Socaire,-24.062,-67.2,223.0,3.9,Ml
227906,2024-03-16 10:35:18,2024-03-16 07:35:18,53 km al NE de Calama,-22.095,-68.607,128.0,3.4,Ml
227907,2024-03-16 10:59:20,2024-03-16 07:59:20,105 km al NE de Alto del Carmen,-28.286,-69.56,109.0,3.4,Ml
227910,2024-03-16 11:09:46,2024-03-16 08:09:46,114 km al O de Valparaíso,-32.932,-72.833,20.0,3.0,Ml
227912,2024-03-16 12:41:18,2024-03-16 09:41:18,76 km al SE de Socaire,-24.228,-67.621,223.0,3.7,Ml
227913,2024-03-16 12:57:00,2024-03-16 09:57:00,49 km al NE de Vallenar,-28.258,-70.414,92.0,2.5,Ml
227921,2024-03-16 14:26:10,2024-03-16 11:26:10,38 km al NO de Valparaíso,-32.761,-71.842,24.0,2.5,Ml
227925,2024-03-16 15:13:49,2024-03-16 12:13:49,84 km al SE de Socaire,-24.231,-67.449,236.0,3.4,Ml
227926,2024-03-16 15:19:24,2024-03-16 12:19:24,20 km al N de La Serena,-29.728,-71.204,52.0,3.0,Ml
227929,2024-03-16 15:40:16,2024-03-16 12:40:16,54 km al SE de Socaire,-23.895,-67.476,263.0,2.9,Ml
227944,2024-03-16 19:16:03,2024-03-16 16:16:03,43 km al NO de Quillagua,-21.398,-69.841,42.0,3.8,Ml
227947,2024-03-16 19:21:07,2024-03-16 16:21:07,55 km al O de Tongoy,-30.201,-72.064,41.0,3.0,Ml
227973,2024-03-17 05:47:17,2024-03-17 02:47:17,117 km al SE de Ollagüe,-21.891,-67.373,210.0,3.4,Ml
227988,2024-03-17 09:40:41,2024-03-17 06:40:41,116 km al S de Uyuni,-21.498,-66.954,240.0,4.1,Ml
227990,2024-03-17 09:47:09,2024-03-17 06:47:09,48 km al SO de Mina Collahuasi,-21.108,-69.014,114.0,3.6,Ml
227991,2024-03-17 09:58:46,2024-03-17 06:58:46,52 km al NE de María Elena,-22.074,-69.247,99.0,2.5,Ml
228009,2024-03-17 17:10:04,2024-03-17 14:10:04,48 km al SO de San Pedro de Atacama,-23.184,-68.577,105.0,2.8,Ml
228023,2024-03-17 23:03:24,2024-03-17 20:03:24,28 km al E de Constitución,-35.24,-72.126,47.0,2.5,Ml
228031,2024-03-18 02:18:14,2024-03-17 23:18:14,43 km al NE de Calama,-22.106,-68.778,118.0,2.6,Ml
228046,2024-03-18 06:16:29,2024-03-18 03:16:29,75 km al NO de La Higuera,-29.011,-71.715,53.0,2.5,Ml
228051,2024-03-18 07:26:35,2024-03-18 04:26:35,102 km al NE de Socaire,-23.056,-67.082,221.0,3.5,Ml
228053,2024-03-18 07:39:58,2024-03-18 04:39:58,21 km al O de Mina Collahuasi,-20.778,-68.854,102.0,2.7,Ml
228055,2024-03-18 07:50:34,2024-03-18 04:50:34,36 km al SE de Pica,-20.784,-69.188,89.0,2.7,Ml
228062,2024-03-18 09:23:32,2024-03-18 06:23:32,17 km al NE de Pica,-20.353,-69.254,110.0,4.4,Mw
228064,2024-03-18 09:38:10,2024-03-18 06:38:10,18 km al SO de Quillota,-33.0,-71.38,57.0,2.5,Ml
228075,2024-03-18 15:14:27,2024-03-18 12:14:27,65 km al SE de Socaire,-23.91,-67.355,250.0,2.6,Ml
228076,2024-03-18 15:21:15,2024-03-18 12:21:15,68 km al SE de Sierra Gorda.,-23.312,-68.821,123.0,2.5,Ml
228079,2024-03-18 15:39:49,2024-03-18 12:39:49,77 km al NO de San Antonio de los Cobres,-23.919,-67.0,347.0,3.0,Mlv
228089,2024-03-18 17:22:48,2024-03-18 14:22:48,88 km al E de Socaire,-23.527,-67.026,248.0,3.6,Ml
228097,2024-03-18 20:35:51,2024-03-18 17:35:51,10 km al SO de Curicó,-35.05,-71.32,103.0,3.3,Ml
228107,2024-03-18 21:48:50,2024-03-18 18:48:50,83 km al O de Tongoy,-30.455,-72.332,31.0,2.9,Ml
228109,2024-03-18 21:52:29,2024-03-18 18:52:29,27 km al S de Pica,-20.721,-69.246,85.0,4.1,Ml
228111,2024-03-18 22:12:30,2024-03-18 19:12:30,17 km al NE de Cuya,-19.054,-70.07,64.0,2.6,Ml
228115,2024-03-19 00:01:07,2024-03-18 21:01:07,53 km al E de Tierra Amarilla,-27.389,-69.736,112.0,4.2,Ml
228123,2024-03-19 00:52:37,2024-03-18 21:52:37,31 km al NE de Baquedano,-23.197,-69.573,97.0,2.7,Ml
228124,2024-03-19 01:01:44,2024-03-18 22:01:44,7 km al NO de Mina Los Pelambres,-31.792,-70.655,123.0,3.7,Ml
228135,2024-03-19 03:11:01,2024-03-19 00:11:01,57 km al NO de Constitución,-34.877,-72.701,24.0,2.8,Ml
228146,2024-03-19 06:15:17,2024-03-19 03:15:17,28 km al SO de Los Vilos,-32.125,-71.661,25.0,3.0,Ml
228159,2024-03-19 08:21:57,2024-03-19 05:21:57,23 km al SO de Sierra Gorda.,-23.036,-69.489,88.0,2.7,Ml
228160,2024-03-19 08:29:33,2024-03-19 05:29:33,22 km al SO de Mina Collahuasi,-21.008,-68.74,105.0,3.0,Ml
228168,2024-03-19 09:16:17,2024-03-19 06:16:17,82 km al O de Pisagua,-19.688,-70.987,32.0,2.5,Ml
228174,2024-03-19 10:29:20,2024-03-19 07:29:20,68 km al O de Ollagüe,-21.427,-68.871,100.0,3.0,Ml
228175,2024-03-19 10:32:16,2024-03-19 07:32:16,7 km al E de Calama,-22.485,-68.863,106.0,2.8,Ml
228184,2024-03-19 15:40:59,2024-03-19 12:40:59,65 km al E de Socaire,-23.423,-67.274,215.0,3.7,Ml
228186,2024-03-19 16:03:19,2024-03-19 13:03:19,67 km al N de Taltal,-24.823,-70.319,42.0,3.7,Ml
228190,2024-03-19 16:34:03,2024-03-19 13:34:03,31 km al O de San Pedro de Atacama,-22.813,-68.476,100.0,2.9,Ml
228197,2024-03-19 17:24:31,2024-03-19 14:24:31,19 km al NO de Punitaqui,-30.698,-71.389,38.0,2.7,Ml
228202,2024-03-19 18:18:37,2024-03-19 15:18:37,57 km al S de Pozo Almonte,-20.769,-69.848,56.0,2.9,Ml
228204,2024-03-19 19:39:43,2024-03-19 16:39:43,53 km al SE de Sierra Gorda.,-23.207,-68.921,128.0,2.6,Ml
228219,2024-03-20 03:06:30,2024-03-20 00:06:30,41 km al N de San Fabián,-36.198,-71.429,106.0,3.0,Ml
228225,2024-03-20 04:00:20,2024-03-20 01:00:20,68 km al E de Combarbalá,-31.176,-70.285,126.0,3.3,Ml
228231,2024-03-20 04:17:27,2024-03-20 01:17:27,38 km al S de Mina Collahuasi,-21.168,-68.637,132.0,2.7,Ml
228237,2024-03-20 05:33:14,2024-03-20 02:33:14,46 km al SO de Ollagüe,-21.567,-68.508,129.0,3.1,Ml
228240,2024-03-20 05:41:29,2024-03-20 02:41:29,65 km al O de Ollagüe,-21.406,-68.849,111.0,2.6,Ml
228241,2024-03-20 05:52:16,2024-03-20 02:52:16,39 km al NO de Caldera,-26.765,-71.02,31.0,4.0,Ml
228252,2024-03-20 06:24:40,2024-03-20 03:24:40,39 km al NO de Caldera,-26.755,-71.005,35.0,2.6,Ml
228254,2024-03-20 06:49:20,2024-03-20 03:49:20,34 km al O de Mina Collahuasi,-20.859,-68.978,106.0,2.8,Ml
228255,2024-03-20 06:51:28,2024-03-20 03:51:28,33 km al O de Mina Collahuasi,-20.882,-68.965,103.0,2.9,Ml
228261,2024-03-20 07:25:04,2024-03-20 04:25:04,82 km al O de Pisagua,-19.843,-70.953,32.0,2.8,Ml
228265,2024-03-20 09:33:10,2024-03-20 06:33:10,96 km al O de Pisagua,-19.63,-71.131,38.0,3.2,Ml
228267,2024-03-20 09:44:05,2024-03-20 06:44:05,71 km al SO de Arica,-18.862,-70.863,24.0,2.9,Ml
228276,2024-03-20 11:07:28,2024-03-20 08:07:28,17 km al E de Combarbalá,-31.177,-70.822,107.0,4.0,Ml
228285,2024-03-20 14:20:27,2024-03-20 11:20:27,14 km al O de Tirúa,-38.377,-73.652,22.0,2.8,Ml
228287,2024-03-20 14:39:59,2024-03-20 11:39:59,78 km al NE de Calama,-21.878,-68.527,128.0,2.8,Ml
228289,2024-03-20 14:55:26,2024-03-20 11:55:26,14 km al N de Pica,-20.363,-69.355,88.0,2.9,Ml
228295,2024-03-20 16:02:12,2024-03-20 13:02:12,36 km al NE de Farellones,-33.164,-70.002,11.0,2.5,Ml
228297,2024-03-20 16:23:35,2024-03-20 13:23:35,28 km al SO de Canela Baja,-31.602,-71.627,30.0,2.5,Ml
228306,2024-03-20 17:51:37,2024-03-20 14:51:37,44 km al SO de Ollagüe,-21.59,-68.415,130.0,2.5,Ml
228307,2024-03-20 18:17:14,2024-03-20 15:17:14,71 km al S de Socaire,-24.221,-67.961,241.0,3.1,Ml
228319,2024-03-20 20:35:07,2024-03-20 17:35:07,33 km al SE de Pica,-20.763,-69.197,112.0,2.8,Ml
228321,2024-03-20 21:05:12,2024-03-20 18:05:12,77 km al NE de San Pedro de Atacama,-22.283,-67.908,190.0,3.1,Ml
228327,2024-03-20 23:12:46,2024-03-20 20:12:46,49 km al E de Socaire,-23.522,-67.414,236.0,3.1,Ml
228333,2024-03-20 23:35:07,2024-03-20 20:35:07,84 km al S de Mina La Escondida.,-24.99,-69.309,89.0,3.2,Ml
228335,2024-03-21 00:06:08,2024-03-20 21:06:08,28 km al NO de Pozo Almonte,-20.025,-69.892,65.0,3.3,Ml
228345,2024-03-21 02:11:50,2024-03-20 23:11:50,86 km al SE de Socaire,-23.95,-67.145,225.0,3.8,Ml
228349,2024-03-21 03:32:11,2024-03-21 00:32:11,6 km al NE de Calama,-22.428,-68.886,78.0,2.7,Ml
228351,2024-03-21 03:54:01,2024-03-21 00:54:01,54 km al S de Putre,-18.654,-69.72,90.0,2.8,Ml
228362,2024-03-21 06:04:18,2024-03-21 03:04:18,115 km al NE de Socaire,-22.89,-67.067,242.0,3.3,Ml
228365,2024-03-21 06:31:29,2024-03-21 03:31:29,154 km al O de Valdivia,-39.417,-74.972,27.0,3.5,Ml
228369,2024-03-21 07:01:52,2024-03-21 04:01:52,24 km al O de Mina Collahuasi,-20.744,-68.871,102.0,2.9,Ml
228384,2024-03-21 10:06:00,2024-03-21 07:06:00,23 km al SO de Salamanca,-31.947,-71.107,93.0,2.5,Ml
228385,2024-03-21 10:49:28,2024-03-21 07:49:28,43 km al O de Mina Collahuasi,-20.912,-69.062,110.0,3.0,Ml
228395,2024-03-21 12:35:09,2024-03-21 09:35:09,23 km al SO de Melipilla,-33.811,-71.418,48.0,2.6,Ml
228401,2024-03-21 13:07:05,2024-03-21 10:07:05,7 km al S de Caldera,-27.131,-70.827,40.0,3.1,Ml
228404,2024-03-21 13:56:16,2024-03-21 10:56:16,43 km al O de Mina Collahuasi,-20.861,-69.07,114.0,4.3,Ml
228409,2024-03-21 16:09:22,2024-03-21 13:09:22,53 km al NO de Chañaral,-25.908,-70.814,35.0,4.0,Ml
228410,2024-03-21 16:13:19,2024-03-21 13:13:19,44 km al SO de Arica,-18.7,-70.666,35.0,2.9,Ml
228413,2024-03-21 16:56:16,2024-03-21 13:56:16,17 km al SE de Pica,-20.578,-69.195,113.0,3.1,Ml
228417,2024-03-21 17:04:47,2024-03-21 14:04:47,27 km al NE de Vallenar,-28.378,-70.601,62.0,3.8,Ml
228422,2024-03-21 18:00:15,2024-03-21 15:00:15,41 km al NE de Alto del Carmen,-28.444,-70.27,98.0,3.5,Ml
228430,2024-03-21 19:28:11,2024-03-21 16:28:11,55 km al NO de Chañaral,-25.89,-70.841,31.0,3.0,Ml
228432,2024-03-21 19:30:59,2024-03-21 16:30:59,55 km al NO de Chañaral.,-25.896,-70.848,30.0,2.7,Ml
228440,2024-03-21 21:17:00,2024-03-21 18:17:00,21 km al NO de Tongoy,-30.083,-71.582,42.0,4.4,Mw
228442,2024-03-21 21:30:36,2024-03-21 18:30:36,47 km al E de Paihuano,-30.175,-70.053,108.0,2.8,Ml
228444,2024-03-21 22:00:13,2024-03-21 19:00:13,19 km al N de Tongoy,-30.09,-71.541,42.0,3.1,Ml
228446,2024-03-21 22:05:18,2024-03-21 19:05:18,40 km al N de Mina Collahuasi,-20.486,-68.787,117.0,2.6,Ml
228454,2024-03-21 23:35:02,2024-03-21 20:35:02,22 km al SO de Melipilla,-33.798,-71.416,48.0,2.5,Ml
228461,2024-03-22 00:31:55,2024-03-21 21:31:55,53 km al NO de Chañaral.,-25.907,-70.819,34.0,3.4,Ml
228463,2024-03-22 01:03:15,2024-03-21 22:03:15,70 km al O de Tongoy,-30.232,-72.221,36.0,2.7,Ml
228473,2024-03-22 02:36:56,2024-03-21 23:36:56,16 km al N de Tongoy,-30.116,-71.505,35.0,2.9,Ml
228477,2024-03-22 02:58:31,2024-03-21 23:58:31,92 km al O de Pisagua,-19.606,-71.092,31.0,2.9,Ml
228483,2024-03-22 03:43:36,2024-03-22 00:43:36,20 km al O de Ollagüe,-21.238,-68.448,125.0,2.9,Ml
228491,2024-03-22 05:13:10,2024-03-22 02:13:10,26 km al SO de Los Vilos,-32.111,-71.651,35.0,2.5,Ml
228492,2024-03-22 05:22:09,2024-03-22 02:22:09,73 km al N de Mina La Escondida.,-23.613,-69.108,96.0,2.7,Ml
228501,2024-03-22 06:37:01,2024-03-22 03:37:01,53 km al N de Mina Collahuasi,-20.383,-68.836,109.0,2.6,Ml
228506,2024-03-22 08:28:10,2024-03-22 05:28:10,21 km al NO de Tongoy,-30.08,-71.574,41.0,2.7,Ml
228515,2024-03-22 09:41:42,2024-03-22 06:41:42,12 km al S de San Fernando,-34.689,-71.013,95.0,2.7,Ml
228528,2024-03-22 11:20:06,2024-03-22 08:20:06,45 km al O de Mina Collahuasi,-20.864,-69.092,108.0,2.7,Ml
228532,2024-03-22 12:21:30,2024-03-22 09:21:30,128 km al O de Tirúa,-38.226,-74.953,21.0,2.9,Ml
228534,2024-03-22 12:24:13,2024-03-22 09:24:13,12 km al E de Sierra Gorda.,-22.941,-69.211,93.0,2.5,Ml
228543,2024-03-22 13:11:20,2024-03-22 10:11:20,29 km al SO de Ollagüe,-21.349,-68.504,134.0,3.1,Ml
228545,2024-03-22 13:39:21,2024-03-22 10:39:21,81 km al O de Navidad,-33.715,-72.665,38.0,3.9,Ml
228548,2024-03-22 13:49:57,2024-03-22 10:49:57,22 km al SO de Melipilla,-33.805,-71.405,46.0,3.2,Ml
228558,2024-03-22 15:34:22,2024-03-22 12:34:22,38 km al NO de Mina Collahuasi,-20.573,-68.898,107.0,2.7,Ml
228570,2024-03-22 17:37:05,2024-03-22 14:37:05,28 km al O de Ollagüe,-21.246,-68.518,118.0,2.8,Ml
228575,2024-03-22 18:23:14,2024-03-22 15:23:14,24 km al NO de Tocopilla,-21.916,-70.339,32.0,3.1,Ml
228581,2024-03-22 19:42:54,2024-03-22 16:42:54,22 km al NO de Calama,-22.337,-69.095,100.0,2.7,Ml
228585,2024-03-22 20:15:19,2024-03-22 17:15:19,53 km al S de Pica,-20.963,-69.42,94.0,3.2,Ml
228598,2024-03-22 22:12:59,2024-03-22 19:12:59,47 km al E de Sierra Gorda.,-22.895,-68.862,100.0,2.5,Ml
228599,2024-03-22 22:16:23,2024-03-22 19:16:23,14 km al NE de Ollagüe,-21.172,-68.127,164.0,2.9,Ml
228604,2024-03-22 22:58:07,2024-03-22 19:58:07,18 km al O de Rancagua,-34.219,-70.921,84.0,2.8,Ml
228605,2024-03-22 23:03:00,2024-03-22 20:03:00,40 km al SO de María Elena,-22.514,-70.007,52.0,2.5,Ml
228609,2024-03-22 23:29:59,2024-03-22 20:29:59,24 km al O de Mejillones,-23.023,-70.668,12.0,2.6,Ml
228611,2024-03-22 23:35:54,2024-03-22 20:35:54,65 km al SO de Ollagüe,-21.677,-68.652,118.0,2.6,Ml
228614,2024-03-22 23:57:10,2024-03-22 20:57:10,28 km al O de Mina La Escondida,-24.202,-69.325,86.0,3.9,Ml
228615,2024-03-23 00:03:14,2024-03-22 21:03:14,35 km al SO de Ollagüe,-21.481,-68.451,142.0,3.2,Ml
228627,2024-03-23 02:55:11,2024-03-22 23:55:11,23 km al O de Mejillones,-23.025,-70.659,16.0,2.9,Ml
228629,2024-03-23 03:08:26,2024-03-23 00:08:26,58 km al N de Paihuano,-29.511,-70.593,89.0,3.2,Ml
228641,2024-03-23 06:38:19,2024-03-23 03:38:19,26 km al NO de Ollagüe,-21.043,-68.41,137.0,3.7,Ml
228646,2024-03-23 07:24:54,2024-03-23 04:24:54,11 km al O de La Higuera,-29.501,-71.314,52.0,3.5,Ml
228653,2024-03-23 08:08:05,2024-03-23 05:08:05,40 km al O de Mina Collahuasi,-20.788,-69.044,101.0,2.5,Ml
228658,2024-03-23 09:04:55,2024-03-23 06:04:55,95 km al O de San Antonio de los Cobres,-24.303,-67.252,210.0,3.0,Ml
228662,2024-03-23 10:36:55,2024-03-23 07:36:55,21 km al SO de Melipilla,-33.789,-71.403,48.0,2.6,Ml
228678,2024-03-23 13:29:52,2024-03-23 10:29:52,42 km al O de La Ligua,-32.54,-71.671,35.0,3.2,Ml
228693,2024-03-23 14:29:26,2024-03-23 11:29:26,91 km al SE de Socaire,-24.33,-67.5,211.0,4.4,Mw
228695,2024-03-23 14:50:06,2024-03-23 11:50:06,24 km al SO de Melipilla,-33.819,-71.414,50.0,3.4,Ml
228697,2024-03-23 15:05:38,2024-03-23 12:05:38,66 km al O de Navidad,-33.882,-72.539,45.0,2.7,Ml
228700,2024-03-23 15:26:19,2024-03-23 12:26:19,48 km al N de Valparaíso,-32.637,-71.782,24.0,2.5,Ml
228706,2024-03-23 16:29:43,2024-03-23 13:29:43,41 km al O de Ollagüe,-21.218,-68.649,122.0,3.2,Ml
228707,2024-03-23 16:30:48,2024-03-23 13:30:48,64 km al SO de Colchane,-19.809,-68.861,122.0,3.1,Ml
228710,2024-03-23 17:09:54,2024-03-23 14:09:54,24 km al SO de Melipilla,-33.818,-71.413,50.0,2.7,Ml
228714,2024-03-23 17:23:16,2024-03-23 14:23:16,19 km al SO de Tocopilla,-22.187,-70.358,31.0,4.0,Ml
228728,2024-03-23 19:08:04,2024-03-23 16:08:04,61 km al SE de Socaire,-24.025,-67.528,265.0,3.5,Ml
228729,2024-03-23 19:36:14,2024-03-23 16:36:14,73 km al SE de Socaire,-24.197,-67.616,216.0,4.3,Ml
228730,2024-03-23 19:40:02,2024-03-23 16:40:02,28 km al E de Sierra Gorda,-22.941,-69.053,102.0,3.4,Ml
228732,2024-03-23 20:06:57,2024-03-23 17:06:57,21 km al E de Pica,-20.448,-69.135,113.0,2.9,Ml
228734,2024-03-23 20:23:06,2024-03-23 17:23:06,44 km al S de Pica,-20.868,-69.195,109.0,2.9,Ml
228742,2024-03-23 21:19:52,2024-03-23 18:19:52,81 km al SE de Socaire,-23.994,-67.227,244.0,3.6,Ml
228744,2024-03-23 21:39:42,2024-03-23 18:39:42,22 km al O de Putre,-18.138,-69.758,113.0,2.5,Ml
228745,2024-03-23 21:44:14,2024-03-23 18:44:14,54 km al SO de Pica,-20.782,-69.74,59.0,2.9,Ml
228751,2024-03-23 23:03:33,2024-03-23 20:03:33,11 km al NO de Vichuquén,-34.836,-72.098,37.0,3.9,Ml
228752,2024-03-23 23:11:53,2024-03-23 20:11:53,20 km al SE de Alto del Carmen,-28.931,-70.411,108.0,4.4,Ml
228758,2024-03-23 23:48:38,2024-03-23 20:48:38,32 km al SO de Colchane.,-19.513,-68.808,134.0,3.5,Ml
228759,2024-03-23 23:50:40,2024-03-23 20:50:40,29 km al NO de San Fabián,-36.337,-71.73,86.0,3.0,Ml
228762,2024-03-24 00:15:36,2024-03-23 21:15:36,23 km al SO de Melipilla,-33.811,-71.412,42.0,2.5,Ml
228768,2024-03-24 02:08:15,2024-03-23 23:08:15,34 km al O de Ollagüe,-21.177,-68.579,136.0,3.4,Ml
228771,2024-03-24 03:12:34,2024-03-24 00:12:34,57 km al SO de Ollagüe,-21.624,-68.602,131.0,3.0,Ml
228776,2024-03-24 04:01:22,2024-03-24 01:01:22,84 km al SE de Socaire,-23.994,-67.188,237.0,3.5,Ml
228777,2024-03-24 04:23:39,2024-03-24 01:23:39,66 km al NE de Calama,-21.936,-68.645,129.0,2.9,Ml
228779,2024-03-24 05:15:46,2024-03-24 02:15:46,75 km al S de Socaire,-24.242,-67.697,225.0,3.1,Ml
228791,2024-03-24 08:13:45,2024-03-24 05:13:45,72 km al SO de Alto Hospicio,-20.836,-70.432,51.0,2.7,Ml
228798,2024-03-24 09:14:23,2024-03-24 06:14:23,59 km al O de Valdivia,-39.584,-73.866,8.0,2.8,Ml
228796,2024-03-24 09:14:28,2024-03-24 06:14:28,32 km al E de María Elena,-22.317,-69.35,98.0,2.6,Ml
228800,2024-03-24 09:35:22,2024-03-24 06:35:22,20 km al E de Petorca,-32.295,-70.73,81.0,3.7,Ml
228801,2024-03-24 09:38:23,2024-03-24 06:38:23,36 km al SO de Ollagüe,-21.51,-68.412,146.0,2.6,Ml
228804,2024-03-24 09:50:08,2024-03-24 06:50:08,25 km al O de Mejillones,-23.042,-70.689,34.0,3.2,Ml
228813,2024-03-24 13:16:17,2024-03-24 10:16:17,27 km al NO de Tongoy,-30.049,-71.635,41.0,3.9,Ml
228816,2024-03-24 13:47:31,2024-03-24 10:47:31,33 km al S de Mina Collahuasi,-21.111,-68.574,152.0,3.3,Ml
228832,2024-03-24 15:25:52,2024-03-24 12:25:52,16 km al E de Sierra Gorda.,-22.862,-69.169,86.0,2.5,Ml
228837,2024-03-24 16:28:23,2024-03-24 13:28:23,58 km al S de Pozo Almonte,-20.78,-69.801,67.0,3.0,Ml
228845,2024-03-24 17:25:50,2024-03-24 14:25:50,22 km al NE de Cuya,-19.071,-69.993,16.0,2.5,Ml
228854,2024-03-24 19:50:11,2024-03-24 16:50:11,20 km al NE de Pisagua,-19.466,-70.084,74.0,5.1,Mw
228858,2024-03-24 20:09:22,2024-03-24 17:09:22,61 km al O de La Ligua,-32.422,-71.877,14.0,2.5,Ml
228861,2024-03-24 20:40:31,2024-03-24 17:40:31,85 km al O de San Antonio de los Cobres,-23.91,-67.087,213.0,3.3,Ml
228871,2024-03-24 23:40:17,2024-03-24 20:40:17,37 km al O de Concepción,-36.808,-73.469,20.0,3.0,Ml
228877,2024-03-25 00:46:06,2024-03-24 21:46:06,69 km al SO de Ollagüe,-21.691,-68.693,108.0,3.7,Ml
228883,2024-03-25 02:06:09,2024-03-24 23:06:09,26 km al O de Mejillones,-23.034,-70.694,33.0,3.4,Ml
228890,2024-03-25 03:36:02,2024-03-25 00:36:02,88 km al NE de Socaire,-23.136,-67.187,265.0,2.8,Ml
228893,2024-03-25 03:53:57,2024-03-25 00:53:57,95 km al SO de Parque Fray Jorge,-31.22,-72.431,50.0,3.1,Ml
228899,2024-03-25 04:43:43,2024-03-25 01:43:43,88 km al E de Socaire,-23.558,-67.029,222.0,3.7,Ml
228900,2024-03-25 04:56:44,2024-03-25 01:56:44,21 km al N de Pica,-20.302,-69.333,83.0,2.8,Ml
228902,2024-03-25 05:12:40,2024-03-25 02:12:40,19 km al NE de Cuya,-19.015,-70.09,54.0,2.5,Ml
228908,2024-03-25 06:01:35,2024-03-25 03:01:35,25 km al N de Huasco,-28.248,-71.272,41.0,2.5,Ml
228913,2024-03-25 06:59:38,2024-03-25 03:59:38,75 km al SE de Socaire,-24.17,-67.507,213.0,3.6,Ml
228930,2024-03-25 12:27:38,2024-03-25 09:27:38,33 km al O de Concepción,-36.78,-73.411,23.0,3.2,Ml
228974,2024-03-25 19:46:23,2024-03-25 16:46:23,72 km al NE de Calama,-21.873,-68.652,114.0,3.2,Ml
228975,2024-03-25 19:50:17,2024-03-25 16:50:17,26 km al O de Ollagüe,-21.193,-68.505,128.0,3.4,Ml
228984,2024-03-25 21:03:53,2024-03-25 18:03:53,21 km al E de La Higuera,-29.448,-71.002,63.0,3.1,Ml
228988,2024-03-25 22:43:15,2024-03-25 19:43:15,61 km al E de Caleta El Cobre,-24.392,-69.945,66.0,3.4,Ml
228995,2024-03-25 23:07:13,2024-03-25 20:07:13,28 km al SO de Salamanca,-31.991,-71.129,25.0,3.0,Ml
229024,2024-03-26 04:55:35,2024-03-26 01:55:35,16 km al NE de Canela Baja,-31.29,-71.353,79.0,2.7,Ml
229027,2024-03-26 05:28:20,2024-03-26 02:28:20,105 km al NE de Paihuano,-29.582,-69.558,122.0,3.0,Ml
229035,2024-03-26 05:59:22,2024-03-26 02:59:22,21 km al NE de Curicó,-34.885,-71.039,95.0,2.7,Ml
229040,2024-03-26 06:59:59,2024-03-26 03:59:59,33 km al N de Farellones,-33.062,-70.229,120.0,3.1,Ml
229045,2024-03-26 07:11:55,2024-03-26 04:11:55,8 km al S de Ralco,-37.952,-71.632,104.0,3.5,Ml
229056,2024-03-26 09:20:39,2024-03-26 06:20:39,15 km al E de Punta de Choros,-29.213,-71.319,58.0,3.5,Ml
229061,2024-03-26 10:12:09,2024-03-26 07:12:09,47 km al E de Quillagua,-21.686,-69.085,101.0,3.7,Ml
229067,2024-03-26 13:01:07,2024-03-26 10:01:07,37 km al NO de Mina Collahuasi,-20.593,-68.904,99.0,2.5,Ml
229070,2024-03-26 13:18:51,2024-03-26 10:18:51,81 km al O de Socaire,-23.606,-68.685,94.0,2.5,Ml
229087,2024-03-26 17:28:28,2024-03-26 14:28:28,84 km al O de Pisagua,-19.762,-70.998,30.0,2.6,Ml
229089,2024-03-26 17:31:37,2024-03-26 14:31:37,26 km al S de Sierra Gorda.,-23.133,-69.285,85.0,2.9,Ml
229097,2024-03-26 18:14:56,2024-03-26 15:14:56,34 km al N de Calama,-22.169,-68.889,128.0,2.9,Ml
229107,2024-03-26 19:35:28,2024-03-26 16:35:28,56 km al S de Huasco,-28.941,-71.395,46.0,2.5,Ml
229109,2024-03-26 19:53:34,2024-03-26 16:53:34,48 km al NE de Calama,-22.13,-68.637,99.0,2.8,Ml
229118,2024-03-26 21:56:23,2024-03-26 18:56:23,36 km al SO de Ollagüe,-21.498,-68.432,125.0,2.7,Ml
229122,2024-03-26 23:03:47,2024-03-26 20:03:47,44 km al SO de Ollagüe,-21.585,-68.424,122.0,2.8,Ml
229123,2024-03-26 23:19:28,2024-03-26 20:19:28,43 km al SE de Curicó,-35.28,-70.94,98.0,2.8,Ml
229126,2024-03-27 00:26:02,2024-03-26 21:26:02,76 km al S de Socaire,-24.25,-67.708,217.0,2.5,Ml
229128,2024-03-27 00:31:20,2024-03-26 21:31:20,21 km al NO de Tongoy,-30.091,-71.592,40.0,2.6,Ml
229132,2024-03-27 01:20:40,2024-03-26 22:20:40,42 km al SO de Tierra Amarilla,-27.674,-70.629,56.0,4.0,Ml
229136,2024-03-27 01:53:31,2024-03-26 22:53:31,45 km al SO de Los Vilos,-32.257,-71.769,24.0,2.6,Ml
229137,2024-03-27 02:07:52,2024-03-26 23:07:52,38 km al NE de Los Andes.,-32.611,-70.288,112.0,2.6,Ml
229140,2024-03-27 02:22:46,2024-03-26 23:22:46,55 km al N de Cobquecura,-35.653,-72.963,23.0,3.3,Ml
229144,2024-03-27 02:38:45,2024-03-26 23:38:45,13 km al O de La Ligua,-32.401,-71.354,70.0,2.6,Ml
229146,2024-03-27 02:53:46,2024-03-26 23:53:46,41 km al O de Toltén,-39.147,-73.644,33.0,2.8,Ml
229153,2024-03-27 05:08:28,2024-03-27 02:08:28,33 km al O de Socaire,-23.544,-68.212,148.0,4.8,Mw
229169,2024-03-27 08:27:44,2024-03-27 05:27:44,24 km al SE de Los Vilos,-32.059,-71.321,82.0,3.4,Ml
229172,2024-03-27 09:24:21,2024-03-27 06:24:21,36 km al SO de Mina Collahuasi,-21.068,-68.882,106.0,2.6,Ml
229175,2024-03-27 10:38:17,2024-03-27 07:38:17,109 km al NE de San Pedro de Atacama,-22.114,-67.598,210.0,4.5,Mw
229180,2024-03-27 11:03:12,2024-03-27 08:03:12,85 km al E de Socaire,-23.302,-67.123,250.0,3.6,Ml
229187,2024-03-27 12:23:23,2024-03-27 09:23:23,84 km al NE de San Pedro de Atacama,-22.259,-67.799,201.0,3.1,Ml
229191,2024-03-27 13:56:08,2024-03-27 10:56:08,31 km al SE de Pica,-20.743,-69.203,103.0,2.9,Ml
229194,2024-03-27 14:05:38,2024-03-27 11:05:38,29 km al SO de Ollagüe,-21.456,-68.39,113.0,2.8,Ml
229197,2024-03-27 14:15:59,2024-03-27 11:15:59,23 km al SO de Salamanca,-31.957,-71.09,90.0,2.5,Ml
229203,2024-03-27 15:29:39,2024-03-27 12:29:39,59 km al O de Mina La Escondida.,-24.423,-69.614,72.0,4.0,Ml
229209,2024-03-27 16:28:10,2024-03-27 13:28:10,34 km al SO de Punitaqui,-30.986,-71.563,71.0,3.3,Ml
229224,2024-03-27 19:02:45,2024-03-27 16:02:45,46 km al O de San Pedro de Atacama,-22.857,-68.639,106.0,2.8,Ml
229225,2024-03-27 19:19:26,2024-03-27 16:19:26,19 km al SE de Los Andes.,-32.952,-70.449,20.0,2.8,Ml
229242,2024-03-27 22:00:13,2024-03-27 19:00:13,27 km al NO de La Ligua,-32.227,-71.351,40.0,2.6,Ml
229245,2024-03-27 22:58:11,2024-03-27 19:58:11,72 km al SO de Mina La Escondida.,-24.84,-69.4,87.0,3.0,Ml
229247,2024-03-27 22:59:16,2024-03-27 19:59:16,66 km al NE de Ollagüe,-20.973,-67.678,225.0,3.7,Ml
229253,2024-03-28 01:57:01,2024-03-27 22:57:01,58 km al N de Mina Collahuasi,-20.311,-68.75,113.0,3.0,Ml
229271,2024-03-28 06:19:54,2024-03-28 03:19:54,39 km al O de La Serena,-29.835,-71.654,49.0,3.6,Ml
229285,2024-03-28 07:39:48,2024-03-28 04:39:48,24 km al E de Casablanca,-33.355,-71.15,67.0,3.0,Ml
229288,2024-03-28 07:47:28,2024-03-28 04:47:28,31 km al O de Concepción,-36.791,-73.391,24.0,2.7,Ml
229293,2024-03-28 08:41:25,2024-03-28 05:41:25,31 km al O de Quillagua,-21.595,-69.828,62.0,3.3,Ml
229298,2024-03-28 10:46:42,2024-03-28 07:46:42,73 km al N de Calama,-21.845,-68.716,123.0,3.6,Ml
229302,2024-03-28 11:11:37,2024-03-28 08:11:37,47 km al SE de Camiña,-19.665,-69.178,98.0,2.7,Ml
229303,2024-03-28 11:26:14,2024-03-28 08:26:14,48 km al SE de Camiña,-19.67,-69.17,100.0,2.6,Ml
229309,2024-03-28 12:37:54,2024-03-28 09:37:54,44 km al SE de Camiña,-19.585,-69.124,117.0,2.6,Ml
229313,2024-03-28 13:02:06,2024-03-28 10:02:06,32 km al NO de Santa Cruz,-34.453,-71.633,51.0,2.9,Ml
229320,2024-03-28 15:20:15,2024-03-28 12:20:15,40 km al SO de Visviri,-17.763,-69.821,158.0,3.3,Ml
229331,2024-03-28 17:17:17,2024-03-28 14:17:17,38 km al O de Ollagüe,-21.267,-68.621,113.0,2.7,Ml
229342,2024-03-28 19:43:36,2024-03-28 16:43:36,54 km al SE de Socaire,-23.902,-67.489,281.0,3.1,Ml
229344,2024-03-28 19:58:07,2024-03-28 16:58:07,40 km al SO de Mina Collahuasi,-21.015,-68.985,105.0,2.5,Ml
229345,2024-03-28 20:20:23,2024-03-28 17:20:23,69 km al SE de Socaire,-23.988,-67.37,246.0,3.8,Ml
229347,2024-03-28 20:28:36,2024-03-28 17:28:36,139 km al NO de Constitución,-34.495,-73.539,16.0,2.5,Ml
229356,2024-03-28 22:48:35,2024-03-28 19:48:35,54 km al N de San Pedro de Atacama,-22.438,-68.227,162.0,2.5,Ml
229380,2024-03-29 06:35:28,2024-03-29 03:35:28,33 km al O de Iquique,-20.253,-70.463,41.0,2.6,Ml
229386,2024-03-29 07:59:11,2024-03-29 04:59:11,56 km al S de Colchane.,-19.781,-68.579,164.0,3.0,Ml
229388,2024-03-29 08:33:29,2024-03-29 05:33:29,62 km al S de Camiña,-19.845,-69.266,101.0,3.1,Ml
229410,2024-03-29 17:26:40,2024-03-29 14:26:40,23 km al SO de Tacna,-18.172,-70.4,62.0,3.8,Ml
229419,2024-03-29 19:39:21,2024-03-29 16:39:21,20 km al NO de Ancud,-41.764,-74.017,30.0,4.1,Ml
229425,2024-03-29 20:53:02,2024-03-29 17:53:02,59 km al O de Constitución,-35.149,-73.017,30.0,2.5,Ml
229431,2024-03-29 22:09:11,2024-03-29 19:09:11,9 km al E de Calama,-22.502,-68.852,106.0,2.9,Ml
229432,2024-03-29 22:18:29,2024-03-29 19:18:29,2 km al NO de Calama,-22.46,-68.95,93.0,2.8,Ml
229438,2024-03-29 23:24:46,2024-03-29 20:24:46,63 km al S de Colchane.,-19.818,-68.804,128.0,2.7,Ml
229442,2024-03-30 00:44:53,2024-03-29 21:44:53,35 km al SO de Ollagüe,-21.497,-68.419,145.0,2.7,Ml
229454,2024-03-30 03:54:13,2024-03-30 00:54:13,76 km al SE de Mina La Escondida.,-24.843,-68.65,120.0,4.5,Mw
229456,2024-03-30 04:40:50,2024-03-30 01:40:50,60 km al NE de Pozo Almonte,-19.867,-69.393,90.0,2.7,Ml
229459,2024-03-30 04:57:52,2024-03-30 01:57:52,46 km al E de Los Andes.,-32.779,-70.109,141.0,3.3,Ml
229462,2024-03-30 05:01:40,2024-03-30 02:01:40,49 km al NE de Pica,-20.21,-68.966,102.0,2.5,Ml
229467,2024-03-30 05:42:44,2024-03-30 02:42:44,59 km al N de Pica,-19.967,-69.225,94.0,2.7,Ml
229475,2024-03-30 06:56:47,2024-03-30 03:56:47,48 km al SO de Ollagüe,-21.578,-68.516,132.0,3.7,Ml
229484,2024-03-30 08:35:06,2024-03-30 05:35:06,39 km al SO de Mina Collahuasi,-21.072,-68.924,116.0,4.1,Ml
229487,2024-03-30 09:03:22,2024-03-30 06:03:22,25 km al SO de Antofagasta,-23.795,-70.599,58.0,4.2,Ml
229506,2024-03-30 13:28:38,2024-03-30 10:28:38,64 km al NE de Calama,-21.99,-68.589,127.0,2.8,Ml
229518,2024-03-30 16:57:43,2024-03-30 13:57:43,133 km al O de La Higuera,-29.422,-72.572,37.0,2.9,Ml
229519,2024-03-30 17:03:14,2024-03-30 14:03:14,20 km al S de San Pedro de Atacama,-23.099,-68.235,136.0,2.7,Ml
229526,2024-03-30 17:52:49,2024-03-30 14:52:49,114 km al SE de Socaire,-24.182,-66.978,208.0,3.8,Ml
229529,2024-03-30 18:26:03,2024-03-30 15:26:03,14 km al SO de Linares,-35.956,-71.679,76.0,2.5,Ml
229534,2024-03-30 18:39:59,2024-03-30 15:39:59,41 km al SO de Mina Collahuasi,-21.154,-68.837,112.0,2.7,Ml
229555,2024-03-31 02:27:06,2024-03-30 23:27:06,35 km al N de Pica,-20.19,-69.226,87.0,2.9,Ml
229558,2024-03-31 03:04:02,2024-03-31 00:04:02,31 km al E de Vichuquén,-34.785,-71.682,47.0,2.5,Ml
229564,2024-03-31 03:49:13,2024-03-31 00:49:13,18 km al SO de Ovalle,-30.691,-71.357,46.0,2.8,Ml
229573,2024-03-31 05:51:52,2024-03-31 02:51:52,77 km al SE de Socaire,-24.143,-67.434,245.0,3.8,Ml
229584,2024-03-31 08:34:23,2024-03-31 05:34:23,20 km al S de Punitaqui,-31.01,-71.281,58.0,3.2,Ml
229588,2024-03-31 08:47:48,2024-03-31 05:47:48,42 km al O de Tirúa,-38.173,-73.925,19.0,2.9,Ml
229590,2024-03-31 08:58:44,2024-03-31 05:58:44,38 km al N de Tocopilla,-21.75,-70.165,34.0,3.3,Ml
229594,2024-03-31 10:46:39,2024-03-31 07:46:39,42 km al E de Pica,-20.353,-68.959,107.0,2.8,Ml
229598,2024-03-31 12:08:07,2024-03-31 09:08:07,107 km al O de Lebu,-37.862,-74.835,17.0,3.3,Ml
229596,2024-03-31 12:08:18,2024-03-31 09:08:18,73 km al N de Taltal,-24.781,-70.273,37.0,3.0,Ml
229609,2024-03-31 14:12:41,2024-03-31 11:12:41,58 km al SE de Socaire,-23.958,-67.489,256.0,3.2,Ml
229612,2024-03-31 15:31:16,2024-03-31 12:31:16,19 km al O de Calama,-22.433,-69.108,110.0,3.2,Ml
229618,2024-03-31 16:51:51,2024-03-31 13:51:51,23 km al SO de Mina Collahuasi,-20.959,-68.831,99.0,2.8,Ml
229620,2024-03-31 17:17:52,2024-03-31 14:17:52,25 km al S de Punitaqui,-31.048,-71.34,66.0,4.4,Mw
229626,2024-03-31 18:03:39,2024-03-31 15:03:39,138 km al O de La Higuera,-29.303,-72.609,28.0,3.1,Ml
229631,2024-03-31 19:44:51,2024-03-31 16:44:51,66 km al NE de Pica,-20.068,-68.888,121.0,3.1,Ml
229637,2024-03-31 19:45:24,2024-03-31 16:45:24,97 km al SE de Socaire,-24.359,-67.441,203.0,3.7,Ml
229644,2024-03-31 20:54:13,2024-03-31 17:54:13,102 km al E de Tierra Amarilla,-27.384,-69.24,110.0,2.7,Ml
229645,2024-03-31 21:20:24,2024-03-31 18:20:24,49 km al NE de San Pedro de Atacama,-22.526,-67.985,189.0,2.7,Ml
229655,2024-04-01 01:29:50,2024-03-31 22:29:50,39 km al E de Entre Lagos,-40.56,-72.173,18.0,2.5,Ml
229658,2024-04-01 02:13:51,2024-03-31 23:13:51,23 km al N de Putre,-17.994,-69.587,143.0,2.5,Ml
229662,2024-04-01 05:22:57,2024-04-01 02:22:57,11 km al E de Calama,-22.468,-68.822,117.0,3.7,Ml
229670,2024-04-01 07:18:28,2024-04-01 04:18:28,6 km al S de Alto Hospicio,-20.319,-70.089,59.0,3.2,Ml
229676,2024-04-01 08:46:22,2024-04-01 05:46:22,39 km al E de Entre Lagos,-40.558,-72.172,18.0,2.6,Ml
229678,2024-04-01 09:03:00,2024-04-01 06:03:00,31 km al S de Sierra Gorda.,-23.177,-69.294,83.0,2.6,Ml
229680,2024-04-01 09:16:42,2024-04-01 06:16:42,32 km al NO de Villarrica,-39.008,-72.343,74.0,2.9,Ml
229683,2024-04-01 10:04:14,2024-04-01 07:04:14,24 km al NO de Chañaral,-26.171,-70.759,63.0,2.9,Ml
229690,2024-04-01 11:53:05,2024-04-01 08:53:05,37 km al SO de Mina Collahuasi,-21.073,-68.904,116.0,2.7,Ml
229693,2024-04-01 12:36:11,2024-04-01 09:36:11,50 km al SO de Tocopilla,-22.391,-70.563,52.0,2.5,Ml
229696,2024-04-01 12:45:24,2024-04-01 09:45:24,45 km al NE de Calama,-22.104,-68.753,116.0,2.8,Ml
229700,2024-04-01 13:16:07,2024-04-01 10:16:07,36 km al SO de Mina Collahuasi,-21.06,-68.894,112.0,3.4,Ml
229709,2024-04-01 15:09:19,2024-04-01 12:09:19,29 km al SE de Pica,-20.722,-69.196,108.0,3.6,Ml
229734,2024-04-01 20:27:15,2024-04-01 17:27:15,36 km al E de Calama,-22.371,-68.601,122.0,3.2,Ml
229737,2024-04-01 20:42:13,2024-04-01 17:42:13,66 km al S de Ollagüe,-21.784,-68.479,108.0,2.6,Ml
229744,2024-04-01 22:05:20,2024-04-01 19:05:20,148 km al O de Melinka,-43.89,-75.598,22.0,2.5,Ml
229746,2024-04-01 22:34:28,2024-04-01 19:34:28,39 km al NO de Los Vilos,-31.753,-71.877,41.0,3.5,Ml
229748,2024-04-01 23:18:45,2024-04-01 20:18:45,31 km al O de Los Vilos,-31.803,-71.818,33.0,3.0,Ml
229750,2024-04-02 00:03:24,2024-04-01 21:03:24,33 km al S de Ollagüe,-21.51,-68.355,134.0,2.7,Ml
229751,2024-04-02 00:15:42,2024-04-01 21:15:42,58 km al SO de Ollagüe,-21.67,-68.552,132.0,3.8,Ml
229763,2024-04-02 03:16:00,2024-04-02 00:16:00,70 km al SO de Ollagüe,-21.569,-68.818,110.0,3.1,Ml
229777,2024-04-02 05:19:49,2024-04-02 02:19:49,94 km al O de Pisagua,-19.782,-71.089,21.0,4.7,Mw
229780,2024-04-02 05:39:42,2024-04-02 02:39:42,6 km al E de Casablanca,-33.296,-71.347,57.0,2.6,Ml
229789,2024-04-02 08:20:57,2024-04-02 05:20:57,95 km al O de Caldera,-27.229,-71.763,23.0,2.8,Ml
229790,2024-04-02 08:29:47,2024-04-02 05:29:47,106 km al O de Pisagua,-19.782,-71.205,29.0,2.9,Ml
229795,2024-04-02 09:42:38,2024-04-02 06:42:38,60 km al O de San Antonio de los Cobres,-24.173,-66.904,223.0,3.3,Ml
229797,2024-04-02 09:46:33,2024-04-02 06:46:33,50 km al SE de Sierra Gorda.,-23.298,-69.087,88.0,2.5,Ml
229801,2024-04-02 10:17:22,2024-04-02 07:17:22,67 km al SO de Ollagüe,-21.756,-68.549,119.0,2.5,Ml
229804,2024-04-02 11:02:58,2024-04-02 08:02:58,144 km al O de Valdivia,-39.642,-74.91,32.0,3.1,Ml
229810,2024-04-02 11:43:59,2024-04-02 08:43:59,97 km al SE de Socaire,-24.364,-67.449,206.0,3.5,Ml
229812,2024-04-02 12:00:07,2024-04-02 09:00:07,79 km al SE de Socaire,-24.176,-67.453,197.0,3.4,Ml
229820,2024-04-02 14:31:09,2024-04-02 11:31:09,37 km al O de Punitaqui,-30.732,-71.625,17.0,2.5,Ml
229831,2024-04-02 17:13:50,2024-04-02 14:13:50,34 km al NO de Quintero,-32.494,-71.671,61.0,3.5,Ml
229836,2024-04-02 18:32:56,2024-04-02 15:32:56,64 km al S de Socaire,-24.143,-67.724,227.0,4.0,Ml
229841,2024-04-02 19:44:29,2024-04-02 16:44:29,36 km al SO de La Ligua,-32.635,-71.549,34.0,3.0,Ml
229843,2024-04-02 20:13:21,2024-04-02 17:13:21,30 km al SO de Ollagüe,-21.345,-68.513,127.0,2.8,Ml
229857,2024-04-02 23:28:41,2024-04-02 20:28:41,42 km al SO de Camiña,-19.513,-69.765,74.0,3.2,Ml
229861,2024-04-03 00:24:58,2024-04-02 21:24:58,51 km al S de Pozo Almonte,-20.711,-69.761,89.0,2.9,Ml
229867,2024-04-03 01:40:09,2024-04-02 22:40:09,37 km al NE de Alto del Carmen,-28.501,-70.247,100.0,2.9,Ml
229871,2024-04-03 01:52:12,2024-04-02 22:52:12,54 km al SO de Colchane.,-19.628,-68.999,110.0,2.6,Ml
229878,2024-04-03 04:05:01,2024-04-03 01:05:01,40 km al N de Calama,-22.111,-68.974,100.0,2.7,Ml
229880,2024-04-03 04:12:16,2024-04-03 01:12:16,122 km al SE de Alto del Carmen,-29.408,-69.474,112.0,3.1,Ml
229886,2024-04-03 06:35:02,2024-04-03 03:35:02,85 km al O de Cobquecura,-36.072,-73.736,37.0,5.0,Mw
229889,2024-04-03 06:57:59,2024-04-03 03:57:59,81 km al O de Cobquecura,-36.07,-73.695,23.0,2.6,Ml
229890,2024-04-03 07:07:49,2024-04-03 04:07:49,90 km al O de Cobquecura,-36.063,-73.794,17.0,2.7,Ml
229892,2024-04-03 07:41:02,2024-04-03 04:41:02,43 km al N de Quillagua,-21.271,-69.509,66.0,3.0,Ml
229902,2024-04-03 09:31:08,2024-04-03 06:31:08,68 km al O de Cobquecura,-36.277,-73.532,31.0,2.7,Ml
229946,2024-04-03 12:45:16,2024-04-03 09:45:16,43 km al SO de Putre,-18.359,-69.927,115.0,3.2,Ml
229947,2024-04-03 13:51:56,2024-04-03 10:51:56,24 km al SE de Concepción,-36.971,-72.846,38.0,5.2,Mw
229954,2024-04-03 16:08:42,2024-04-03 13:08:42,38 km al E de Pica,-20.398,-68.981,98.0,3.0,Ml
229976,2024-04-03 19:55:13,2024-04-03 16:55:13,51 km al O de Quillagua,-21.545,-70.013,36.0,2.6,Ml
229987,2024-04-03 22:28:39,2024-04-03 19:28:39,39 km al S de Mina Collahuasi,-21.177,-68.672,118.0,3.0,Ml
229994,2024-04-04 00:28:15,2024-04-03 21:28:15,58 km al O de Mina La Escondida.,-24.428,-69.605,83.0,5.0,Mw
229997,2024-04-04 00:59:32,2024-04-03 21:59:32,42 km al SE de Pica,-20.828,-69.141,107.0,2.5,Ml
229999,2024-04-04 01:41:53,2024-04-03 22:41:53,28 km al SO de La Higuera,-29.646,-71.444,55.0,3.4,Ml
230007,2024-04-04 03:52:45,2024-04-04 00:52:45,9 km al SO de La Higuera,-29.582,-71.245,56.0,2.8,Ml
230010,2024-04-04 04:05:40,2024-04-04 01:05:40,21 km al O de Ollagüe,-21.2,-68.457,131.0,2.6,Ml
230020,2024-04-04 07:24:16,2024-04-04 04:24:16,61 km al SO de Ollagüe,-21.531,-68.74,106.0,2.7,Ml
230030,2024-04-04 12:23:52,2024-04-04 09:23:52,18 km al S de Tongoy,-30.421,-71.487,31.0,2.8,Ml
230036,2024-04-04 13:42:43,2024-04-04 10:42:43,24 km al S de Mina Collahuasi,-21.044,-68.686,112.0,2.6,Ml
230038,2024-04-04 14:59:08,2024-04-04 11:59:08,23 km al O de La Serena,-29.868,-71.492,46.0,3.0,Ml
230052,2024-04-04 17:50:25,2024-04-04 14:50:25,23 km al N de Tocopilla,-21.887,-70.232,30.0,2.9,Ml
230066,2024-04-04 19:19:11,2024-04-04 16:19:11,34 km al SE de Calama,-22.701,-68.715,118.0,2.5,Ml
230067,2024-04-04 19:22:28,2024-04-04 16:22:28,41 km al N de Calama,-22.101,-68.887,127.0,2.6,Ml
230073,2024-04-04 20:41:44,2024-04-04 17:41:44,26 km al SO de Calama,-22.663,-69.071,90.0,3.0,Ml
230082,2024-04-05 00:42:26,2024-04-04 21:42:26,30 km al NO de La Higuera,-29.373,-71.465,42.0,2.9,Ml
230084,2024-04-05 00:44:38,2024-04-04 21:44:38,33 km al E de Linares,-35.834,-71.233,116.0,3.0,Ml
230087,2024-04-05 00:57:59,2024-04-04 21:57:59,64 km al S de Camiña,-19.867,-69.259,94.0,2.7,Ml
230091,2024-04-05 02:06:19,2024-04-04 23:06:19,21 km al O de Mina Collahuasi,-20.785,-68.85,98.0,2.8,Ml
230092,2024-04-05 02:06:57,2024-04-04 23:06:57,55 km al S de Calama,-22.942,-68.776,101.0,3.7,Ml
230094,2024-04-05 02:49:36,2024-04-04 23:49:36,52 km al SO de San Pedro de Atacama,-23.301,-68.499,101.0,2.8,Ml
230097,2024-04-05 03:31:25,2024-04-05 00:31:25,7 km al SE de Calama,-22.502,-68.876,116.0,3.8,Ml
230100,2024-04-05 03:34:37,2024-04-05 00:34:37,30 km al SE de Tocopilla,-22.282,-69.989,77.0,3.1,Ml
230120,2024-04-05 11:27:45,2024-04-05 08:27:45,59 km al SO de Ollagüe,-21.643,-68.604,122.0,2.8,Ml
230123,2024-04-05 11:46:30,2024-04-05 08:46:30,26 km al SO de Putre,-18.409,-69.657,133.0,2.7,Ml
230124,2024-04-05 11:59:51,2024-04-05 08:59:51,45 km al SO de Mina Collahuasi,-21.118,-68.957,119.0,3.4,Ml
230132,2024-04-05 15:27:54,2024-04-05 12:27:54,28 km al NE de Calama,-22.319,-68.708,118.0,2.7,Ml
230135,2024-04-05 15:52:18,2024-04-05 12:52:18,83 km al O de Arica,-18.587,-71.101,44.0,2.8,Ml
230142,2024-04-05 16:46:26,2024-04-05 13:46:26,26 km al NO de Tongoy,-30.111,-71.703,54.0,2.9,Ml
230149,2024-04-05 18:18:00,2024-04-05 15:18:00,57 km al NE de Mina La Escondida.,-23.806,-68.809,132.0,2.7,Ml
230151,2024-04-05 18:37:49,2024-04-05 15:37:49,34 km al O de Ollagüe,-21.169,-68.578,127.0,2.7,Ml
230163,2024-04-05 22:31:54,2024-04-05 19:31:54,18 km al SO de Huasco,-28.572,-71.36,30.0,3.3,Ml
230167,2024-04-05 22:57:43,2024-04-05 19:57:43,73 km al O de San Antonio de los Cobres,-24.072,-67.018,220.0,3.4,Ml
230169,2024-04-05 23:08:54,2024-04-05 20:08:54,47 km al O de Punitaqui,-30.701,-71.731,25.0,3.1,Ml
230171,2024-04-05 23:16:19,2024-04-05 20:16:19,22 km al SO de Mina Collahuasi,-21.007,-68.748,112.0,2.9,Ml
230184,2024-04-06 01:34:01,2024-04-05 22:34:01,56 km al NO de Parque Fray Jorge,-30.333,-72.126,41.0,3.1,Ml
230185,2024-04-06 01:40:31,2024-04-05 22:40:31,72 km al SE de Socaire,-23.882,-67.263,252.0,2.9,Ml
230188,2024-04-06 02:15:31,2024-04-05 23:15:31,87 km al NO de San Antonio de los Cobres,-23.902,-67.097,231.0,3.0,Ml
230191,2024-04-06 03:34:19,2024-04-06 00:34:19,44 km al O de Canela Baja,-31.312,-71.911,54.0,2.5,Ml
230192,2024-04-06 03:39:26,2024-04-06 00:39:26,81 km al SE de Socaire,-24.052,-67.279,226.0,3.8,Ml
230201,2024-04-06 05:56:05,2024-04-06 02:56:05,57 km al O de San Pedro de Atacama,-23.039,-68.744,96.0,2.7,Ml
230210,2024-04-06 10:06:59,2024-04-06 07:06:59,46 km al SE de Rancagua,-34.469,-70.387,10.0,3.0,Ml
230212,2024-04-06 10:22:23,2024-04-06 07:22:23,147 km al O de Constitución,-34.746,-73.864,23.0,2.9,Ml
230214,2024-04-06 10:39:58,2024-04-06 07:39:58,19 km al N de La Higuera,-29.345,-71.211,53.0,2.5,Ml
230216,2024-04-06 11:14:29,2024-04-06 08:14:29,35 km al O de Taltal,-25.519,-70.814,52.0,2.6,Ml
230217,2024-04-06 11:25:12,2024-04-06 08:25:12,59 km al N de San Pedro de Atacama,-22.396,-68.094,218.0,2.6,Ml
230221,2024-04-06 13:51:07,2024-04-06 10:51:07,37 km al E de Victoria,-38.289,-71.916,96.0,2.5,Ml
230224,2024-04-06 14:46:49,2024-04-06 11:46:49,46 km al SE de Sierra Gorda.,-23.188,-68.994,89.0,2.5,Ml
230228,2024-04-06 15:57:41,2024-04-06 12:57:41,11 km al SE de Calama,-22.551,-68.867,94.0,2.6,Ml
230243,2024-04-06 19:08:49,2024-04-06 16:08:49,43 km al SO de Mina Collahuasi,-21.125,-68.916,119.0,3.5,Ml
230247,2024-04-06 20:46:33,2024-04-06 17:46:33,49 km al SO de Mina Collahuasi,-21.167,-68.954,114.0,2.5,Ml
230260,2024-04-07 00:41:19,2024-04-06 21:41:19,78 km al SE de Socaire,-24.058,-67.322,254.0,2.9,Ml
230276,2024-04-07 06:23:48,2024-04-07 02:23:48,63 km al SE de Socaire,-24.078,-67.57,259.0,2.8,Ml
230280,2024-04-07 06:52:27,2024-04-07 02:52:27,31 km al SE de Calama,-22.696,-68.746,125.0,3.1,Ml
230286,2024-04-07 08:42:57,2024-04-07 04:42:57,46 km al SO de Ollagüe,-21.532,-68.544,126.0,2.8,Ml
230290,2024-04-07 09:23:39,2024-04-07 05:23:39,26 km al SE de Calama,-22.65,-68.767,130.0,2.8,Ml
230297,2024-04-07 11:02:22,2024-04-07 07:02:22,36 km al SO de Ollagüe,-21.485,-68.454,139.0,2.9,Ml
230298,2024-04-07 11:43:18,2024-04-07 07:43:18,68 km al NE de Calama,-21.918,-68.657,126.0,2.9,Ml
230300,2024-04-07 11:48:30,2024-04-07 07:48:30,26 km al S de Los Vilos,-32.147,-71.496,56.0,2.8,Ml
230303,2024-04-07 11:53:21,2024-04-07 07:53:21,69 km al N de Calama,-21.872,-68.755,124.0,2.7,Ml
230315,2024-04-07 15:44:50,2024-04-07 11:44:50,35 km al SO de Los Vilos,-32.074,-71.824,37.0,3.6,Ml
230316,2024-04-07 16:04:47,2024-04-07 12:04:47,27 km al O de Mejillones,-23.027,-70.704,37.0,4.7,Mw
230319,2024-04-07 16:58:03,2024-04-07 12:58:03,19 km al NE de Sierra Gorda.,-22.808,-69.161,94.0,2.5,Ml
230327,2024-04-07 18:36:41,2024-04-07 14:36:41,55 km al SO de Ollagüe,-21.628,-68.559,135.0,2.6,Ml
230330,2024-04-07 18:49:27,2024-04-07 14:49:27,48 km al S de Mina Collahuasi,-21.257,-68.727,123.0,2.8,Ml
230336,2024-04-07 20:16:39,2024-04-07 16:16:39,43 km al N de Termas del Flaco,-34.586,-70.326,10.0,3.3,Ml
230346,2024-04-07 22:17:26,2024-04-07 18:17:26,23 km al O de Ollagüe,-21.288,-68.46,126.0,2.5,Ml
230351,2024-04-07 22:59:12,2024-04-07 18:59:12,32 km al SE de Pica,-20.735,-69.173,106.0,2.5,Ml
230357,2024-04-08 00:48:39,2024-04-07 20:48:39,41 km al N de Punta de Choros,-28.879,-71.46,38.0,2.9,Ml
230359,2024-04-08 01:03:23,2024-04-07 21:03:23,50 km al E de Socaire,-23.76,-67.44,286.0,3.0,Ml
230363,2024-04-08 01:21:41,2024-04-07 21:21:41,13 km al N de Tongoy,-30.143,-71.449,38.0,2.6,Ml
230366,2024-04-08 01:41:52,2024-04-07 21:41:52,23 km al O de Mejillones,-23.021,-70.661,22.0,3.3,Ml
230371,2024-04-08 02:58:10,2024-04-07 22:58:10,25 km al NO de Ollagüe,-21.073,-68.429,136.0,3.6,Ml
230377,2024-04-08 04:04:12,2024-04-08 00:04:12,61 km al SE de Socaire,-23.959,-67.441,251.0,2.9,Ml
230378,2024-04-08 04:18:13,2024-04-08 00:18:13,24 km al N de Ralco,-37.668,-71.637,119.0,2.5,Ml
230384,2024-04-08 04:47:37,2024-04-08 00:47:37,113 km al O de El Tabo,-33.329,-72.88,35.0,2.9,Ml
230386,2024-04-08 05:17:08,2024-04-08 01:17:08,51 km al SO de Ollagüe,-21.621,-68.492,130.0,3.7,Ml
230393,2024-04-08 08:03:42,2024-04-08 04:03:42,38 km al S de Ollagüe,-21.559,-68.348,143.0,3.4,Ml
230398,2024-04-08 08:40:46,2024-04-08 04:40:46,42 km al O de Tocopilla,-22.19,-70.593,25.0,2.5,Ml
230399,2024-04-08 09:27:19,2024-04-08 05:27:19,29 km al O de Ollagüe,-21.297,-68.52,124.0,2.8,Ml
230404,2024-04-08 10:46:27,2024-04-08 06:46:27,13 km al NO de Calama,-22.415,-69.045,112.0,2.5,Ml
230407,2024-04-08 11:57:57,2024-04-08 07:57:57,82 km al E de Socaire,-23.853,-67.142,236.0,3.7,Ml
230413,2024-04-08 15:02:52,2024-04-08 11:02:52,82 km al SE de Socaire,-24.22,-67.465,224.0,3.7,Ml
230416,2024-04-08 16:27:28,2024-04-08 12:27:28,60 km al SO de Ollagüe,-21.66,-68.598,123.0,2.6,Ml
230418,2024-04-08 16:48:15,2024-04-08 12:48:15,129 km al SO de Antofagasta,-24.375,-71.403,10.0,2.5,Ml
230421,2024-04-08 17:33:39,2024-04-08 13:33:39,38 km al NO de Ancud,-41.57,-74.055,30.0,2.8,Ml
230423,2024-04-08 17:37:47,2024-04-08 13:37:47,37 km al O de Mina La Escondida,-24.215,-69.419,89.0,3.0,Ml
230429,2024-04-08 19:27:31,2024-04-08 15:27:31,75 km al SO de Ollagüe,-21.742,-68.717,108.0,3.1,Ml
230436,2024-04-08 20:37:03,2024-04-08 16:37:03,27 km al NE de Sierra Gorda.,-22.777,-69.085,86.0,2.5,Ml
230442,2024-04-08 22:11:17,2024-04-08 18:11:17,12 km al N de Pisagua,-19.487,-70.22,40.0,2.5,Ml
230444,2024-04-08 22:17:45,2024-04-08 18:17:45,17 km al NE de Farellones,-33.211,-70.231,105.0,2.8,Ml
230449,2024-04-09 00:43:19,2024-04-08 20:43:19,47 km al SO de Ollagüe,-21.597,-68.477,138.0,2.6,Ml
230451,2024-04-09 00:57:49,2024-04-08 20:57:49,95 km al N de Tocopilla,-21.255,-70.353,38.0,3.2,Ml
230462,2024-04-09 02:49:38,2024-04-08 22:49:38,66 km al S de Alto Hospicio,-20.858,-70.049,69.0,2.9,Ml
230465,2024-04-09 02:54:53,2024-04-08 22:54:53,52 km al NE de San Pedro de Atacama,-22.509,-67.952,205.0,2.8,Ml
230471,2024-04-09 03:37:47,2024-04-08 23:37:47,59 km al SO de Ollagüe,-21.696,-68.522,116.0,2.9,Ml
230474,2024-04-09 04:07:15,2024-04-09 00:07:15,86 km al NE de Socaire,-23.015,-67.32,256.0,3.3,Ml
230484,2024-04-09 06:51:22,2024-04-09 02:51:22,42 km al SO de Ollagüe,-21.541,-68.479,136.0,3.2,Ml
230486,2024-04-09 07:17:35,2024-04-09 03:17:35,91 km al SE de Socaire,-24.229,-67.327,228.0,3.3,Ml
230491,2024-04-09 08:11:41,2024-04-09 04:11:41,33 km al SO de Mina Collahuasi,-20.965,-68.941,112.0,3.2,Ml
230493,2024-04-09 08:53:52,2024-04-09 04:53:52,23 km al NO de Mina Collahuasi,-20.713,-68.845,99.0,3.2,Ml
230495,2024-04-09 09:03:20,2024-04-09 05:03:20,51 km al SO de Huasco,-28.866,-71.476,43.0,2.6,Ml
230509,2024-04-09 11:26:29,2024-04-09 07:26:29,50 km al SE de Socaire,-23.827,-67.473,214.0,3.7,Ml
230510,2024-04-09 11:35:53,2024-04-09 07:35:53,98 km al NE de El Salvador,-25.412,-69.276,102.0,2.8,Ml
230512,2024-04-09 12:20:45,2024-04-09 08:20:45,65 km al SE de Socaire,-23.99,-67.428,244.0,3.0,Ml
230514,2024-04-09 13:54:35,2024-04-09 09:54:35,61 km al SE de Socaire,-23.98,-67.467,222.0,3.7,Ml
230519,2024-04-09 15:33:04,2024-04-09 11:33:04,32 km al NE de Pica,-20.229,-69.208,124.0,2.8,Ml
230533,2024-04-09 18:36:20,2024-04-09 14:36:20,73 km al SE de Socaire,-24.151,-67.518,176.0,4.5,Ml
230535,2024-04-09 18:50:33,2024-04-09 14:50:33,103 km al E de Socaire,-23.433,-66.895,206.0,4.3,Ml
230545,2024-04-09 20:07:28,2024-04-09 16:07:28,24 km al E de Pica,-20.505,-69.103,94.0,2.8,Ml
230559,2024-04-09 22:07:42,2024-04-09 18:07:42,32 km al S de Huasco,-28.752,-71.248,44.0,2.7,Ml
230562,2024-04-09 23:29:29,2024-04-09 19:29:29,37 km al O de Valparaíso,-32.989,-72.005,30.0,2.8,Ml
230565,2024-04-09 23:38:33,2024-04-09 19:38:33,38 km al O de Valparaíso,-32.987,-72.019,20.0,2.6,Ml
230567,2024-04-09 23:39:46,2024-04-09 19:39:46,36 km al O de Caldera,-26.964,-71.162,50.0,3.1,Ml
230569,2024-04-10 00:09:19,2024-04-09 20:09:19,40 km al O de Valparaíso,-32.992,-72.033,24.0,2.8,Ml
230573,2024-04-10 01:06:46,2024-04-09 21:06:46,61 km al NO de Quillagua,-21.267,-69.946,50.0,4.5,Mw
230580,2024-04-10 03:03:22,2024-04-09 23:03:22,39 km al O de Mina Collahuasi,-20.91,-69.019,110.0,2.6,Ml
230583,2024-04-10 03:14:47,2024-04-09 23:14:47,74 km al O de La Serena,-29.644,-71.96,45.0,4.8,Mw
230588,2024-04-10 05:08:38,2024-04-10 01:08:38,28 km al O de Ollagüe,-21.312,-68.508,124.0,3.2,Ml
230592,2024-04-10 05:30:24,2024-04-10 01:30:24,10 km al N de Farellones,-33.261,-70.28,116.0,2.6,Ml
230593,2024-04-10 05:35:46,2024-04-10 01:35:46,66 km al SO de Ollagüe,-21.752,-68.544,133.0,2.9,Ml
230604,2024-04-10 09:53:10,2024-04-10 05:53:10,61 km al SO de Ollagüe,-21.604,-68.682,106.0,2.6,Ml
230606,2024-04-10 10:06:17,2024-04-10 06:06:17,60 km al SE de Socaire,-23.908,-67.417,215.0,3.5,Ml
230608,2024-04-10 10:10:34,2024-04-10 06:10:34,29 km al S de Mina Collahuasi,-21.086,-68.713,135.0,2.5,Ml
230609,2024-04-10 10:25:41,2024-04-10 06:25:41,30 km al N de Tocopilla,-21.82,-70.215,59.0,2.5,Ml
230618,2024-04-10 12:52:25,2024-04-10 08:52:25,71 km al SE de Socaire,-23.902,-67.277,199.0,2.9,Ml
230621,2024-04-10 14:09:18,2024-04-10 10:09:18,27 km al NO de Mina Collahuasi,-20.677,-68.866,105.0,3.0,Ml
230624,2024-04-10 15:33:44,2024-04-10 11:33:44,72 km al E de Visviri,-17.441,-68.824,234.0,4.9,Mw
230628,2024-04-10 17:02:49,2024-04-10 13:02:49,15 km al SE de Putre,-18.249,-69.433,6.0,4.7,Mw
230636,2024-04-10 18:15:10,2024-04-10 14:15:10,50 km al E de Mina Los Pelambres,-31.816,-70.062,152.0,3.7,Ml
230639,2024-04-10 18:25:30,2024-04-10 14:25:30,42 km al N de Punta de Choros,-28.889,-71.346,40.0,3.4,Ml
230660,2024-04-10 22:06:08,2024-04-10 18:06:08,62 km al NE de Huasco,-27.965,-70.932,26.0,2.9,Ml
230664,2024-04-10 22:42:22,2024-04-10 18:42:22,64 km al SO de Ilo,-18.149,-71.624,29.0,3.5,Ml
230666,2024-04-10 23:54:05,2024-04-10 19:54:05,67 km al O de La Ligua,-32.439,-71.942,35.0,2.6,Ml
230670,2024-04-11 01:20:27,2024-04-10 21:20:27,56 km al O de La Ligua,-32.425,-71.827,20.0,2.8,Ml
230674,2024-04-11 01:30:51,2024-04-10 21:30:51,78 km al SE de Copiapó,-27.897,-69.818,115.0,3.0,Ml
230685,2024-04-11 04:01:03,2024-04-11 00:01:03,61 km al NO de Quillagua,-21.263,-69.943,51.0,4.5,Mw
230700,2024-04-11 06:29:25,2024-04-11 02:29:25,67 km al E de Quillagua,-21.798,-68.901,117.0,4.0,Ml
230702,2024-04-11 07:02:47,2024-04-11 03:02:47,27 km al E de Pica,-20.393,-69.091,107.0,4.0,Ml
230726,2024-04-11 11:04:33,2024-04-11 07:04:33,19 km al NE de Los Ángeles,-37.329,-72.24,81.0,3.1,Ml
230729,2024-04-11 11:13:51,2024-04-11 07:13:51,49 km al SE de Calama,-22.848,-68.684,123.0,2.9,Ml
230730,2024-04-11 11:22:42,2024-04-11 07:22:42,59 km al NO de Valparaíso,-32.628,-72.006,20.0,2.5,Ml
230733,2024-04-11 11:58:04,2024-04-11 07:58:04,39 km al S de Caleta El Cobre,-24.591,-70.609,50.0,3.1,Ml
230735,2024-04-11 12:35:14,2024-04-11 08:35:14,46 km al N de Valparaíso,-32.653,-71.774,24.0,2.8,Ml
230741,2024-04-11 13:20:32,2024-04-11 09:20:32,76 km al O de San Antonio de los Cobres,-24.173,-67.065,208.0,3.7,Ml
230745,2024-04-11 13:51:55,2024-04-11 09:51:55,52 km al NO de Valparaíso,-32.612,-71.806,31.0,2.8,Ml
230751,2024-04-11 15:02:35,2024-04-11 11:02:35,51 km al N de Valparaíso,-32.607,-71.776,32.0,2.5,Ml
230754,2024-04-11 15:48:36,2024-04-11 11:48:36,29 km al O de Ollagüe,-21.319,-68.513,112.0,2.8,Ml
230756,2024-04-11 16:06:56,2024-04-11 12:06:56,32 km al N de Farellones,-33.06,-70.281,113.0,4.1,Ml
230764,2024-04-11 16:48:57,2024-04-11 12:48:57,150 km al N de San Antonio de los Cobres,-22.902,-66.601,223.0,3.2,Ml
230790,2024-04-11 22:14:50,2024-04-11 18:14:50,63 km al NE de Calama,-21.965,-68.657,124.0,2.5,Ml
230792,2024-04-11 22:29:19,2024-04-11 18:29:19,47 km al O de Mina La Escondida.,-24.304,-69.521,85.0,2.5,Ml
230798,2024-04-12 00:27:58,2024-04-11 20:27:58,81 km al NE de Socaire,-23.113,-67.29,270.0,3.3,Ml
230801,2024-04-12 00:42:06,2024-04-11 20:42:06,17 km al E de San Fernando,-34.559,-70.803,105.0,3.2,Ml
230815,2024-04-12 03:25:42,2024-04-11 23:25:42,42 km al O de La Ligua,-32.513,-71.678,36.0,2.7,Ml
230826,2024-04-12 06:25:47,2024-04-12 02:25:47,35 km al SO de Ollagüe,-21.465,-68.474,134.0,4.1,Ml
230834,2024-04-12 08:39:57,2024-04-12 04:39:57,48 km al O de Pisagua,-19.6,-70.669,40.0,2.8,Ml
230838,2024-04-12 09:12:41,2024-04-12 05:12:41,52 km al SO de Mina Collahuasi,-21.196,-68.959,99.0,2.7,Ml
230842,2024-04-12 09:40:39,2024-04-12 05:40:39,80 km al SE de Socaire,-24.029,-67.262,231.0,3.6,Ml
230844,2024-04-12 09:51:32,2024-04-12 05:51:32,23 km al N de Tongoy,-30.058,-71.551,46.0,2.5,Ml
230855,2024-04-12 13:35:51,2024-04-12 09:35:51,11 km al SE de Los Vilos,-31.979,-71.432,34.0,2.8,Ml
230865,2024-04-12 16:52:35,2024-04-12 12:52:35,64 km al SE de Camiña,-19.835,-69.159,107.0,2.8,Ml
230891,2024-04-12 21:02:57,2024-04-12 17:02:57,49 km al O de Tongoy,-30.225,-72.008,40.0,4.4,Mw
230898,2024-04-12 21:28:55,2024-04-12 17:28:55,12 km al SE de Mina La Escondida.,-24.321,-68.957,105.0,2.8,Ml
230909,2024-04-12 23:36:48,2024-04-12 19:36:48,34 km al SO de Huasco,-28.697,-71.444,15.0,2.7,Ml
230911,2024-04-13 00:02:59,2024-04-12 20:02:59,62 km al SO de Alto Hospicio,-20.786,-70.32,58.0,3.7,Ml
230923,2024-04-13 03:05:25,2024-04-12 23:05:25,20 km al O de Punitaqui,-30.878,-71.455,33.0,3.0,Ml
230928,2024-04-13 03:57:00,2024-04-12 23:57:00,44 km al NE de Calama,-22.119,-68.738,136.0,2.7,Ml
230933,2024-04-13 04:49:12,2024-04-13 00:49:12,42 km al NE de Calama,-22.128,-68.749,127.0,2.7,Ml
230946,2024-04-13 07:10:02,2024-04-13 03:10:02,19 km al O de Andacollo,-30.241,-71.281,50.0,2.7,Ml
230949,2024-04-13 07:29:13,2024-04-13 03:29:13,28 km al E de Pica,-20.435,-69.069,96.0,2.5,Ml
230968,2024-04-13 14:37:04,2024-04-13 10:37:04,73 km al SE de Socaire,-24.111,-67.455,231.0,4.0,Ml
230972,2024-04-13 15:05:36,2024-04-13 11:05:36,40 km al NO de Valparaíso,-32.716,-71.791,23.0,3.0,Ml
230980,2024-04-13 17:08:40,2024-04-13 13:08:40,33 km al S de Mina Collahuasi,-21.119,-68.613,132.0,2.8,Ml
230984,2024-04-13 18:16:44,2024-04-13 14:16:44,33 km al SO de La Ligua,-32.629,-71.516,37.0,2.9,Ml
230985,2024-04-13 18:21:42,2024-04-13 14:21:42,79 km al NO de San Antonio de los Cobres,-23.929,-67.025,182.0,3.8,Ml
230986,2024-04-13 18:21:52,2024-04-13 14:21:52,14 km al SO de Tongoy,-30.368,-71.562,47.0,2.5,Ml
230992,2024-04-13 19:10:07,2024-04-13 15:10:07,36 km al SO de Mina Collahuasi,-20.981,-68.967,110.0,3.6,Ml
230998,2024-04-13 19:27:30,2024-04-13 15:27:30,62 km al O de San Antonio de los Cobres,-24.055,-66.902,210.0,4.1,Ml
231000,2024-04-13 20:15:20,2024-04-13 16:15:20,20 km al NE de Curicó,-34.878,-71.06,100.0,2.6,Ml
231003,2024-04-13 21:14:26,2024-04-13 17:14:26,10 km al S de Tongoy,-30.341,-71.475,37.0,2.8,Ml
231004,2024-04-13 21:31:25,2024-04-13 17:31:25,44 km al S de Pica,-20.867,-69.201,105.0,2.7,Ml
231006,2024-04-13 21:58:21,2024-04-13 17:58:21,73 km al SE de Socaire,-24.13,-67.476,245.0,3.3,Ml
231011,2024-04-13 23:01:22,2024-04-13 19:01:22,29 km al O de La Ligua,-32.56,-71.514,61.0,4.2,Mw
231013,2024-04-14 00:06:49,2024-04-13 20:06:49,36 km al SO de San Pedro de Atacama,-23.199,-68.376,151.0,2.6,Ml
231018,2024-04-14 01:04:36,2024-04-13 21:04:36,92 km al NO de Quillagua,-21.207,-70.28,33.0,2.7,Ml
231021,2024-04-14 01:18:33,2024-04-13 21:18:33,57 km al O de Tocopilla,-22.259,-70.729,29.0,3.8,Ml
231037,2024-04-14 04:35:46,2024-04-14 00:35:46,44 km al SO de Pica,-20.79,-69.599,67.0,2.9,Ml
231042,2024-04-14 05:17:23,2024-04-14 01:17:23,83 km al S de Ilo,-18.386,-71.403,29.0,3.7,Ml
231048,2024-04-14 06:12:12,2024-04-14 02:12:12,42 km al SO de Huasco,-28.782,-71.458,41.0,2.6,Ml
231057,2024-04-14 08:25:42,2024-04-14 04:25:42,138 km al NO de Constitución,-34.724,-73.73,33.0,3.0,Ml
231065,2024-04-14 10:31:51,2024-04-14 06:31:51,40 km al N de Calama,-22.108,-68.89,117.0,3.5,Ml
231070,2024-04-14 11:15:05,2024-04-14 07:15:05,53 km al S de Ollagüe,-21.674,-68.438,144.0,3.9,Ml
231082,2024-04-14 13:42:48,2024-04-14 09:42:48,25 km al SO de Andacollo,-30.382,-71.274,42.0,2.7,Ml
231085,2024-04-14 16:44:04,2024-04-14 12:44:04,99 km al S de Punta Arenas,-54.037,-70.627,3.0,2.5,Ml
231092,2024-04-14 17:34:36,2024-04-14 13:34:36,75 km al SE de Socaire,-24.195,-67.574,240.0,3.3,Ml
231089,2024-04-14 17:34:52,2024-04-14 13:34:52,17 km al O de San José de Maipo,-33.578,-70.515,100.0,3.1,Ml
231096,2024-04-14 18:25:20,2024-04-14 14:25:20,34 km al E de Pisagua,-19.67,-69.894,48.0,2.5,Ml
231102,2024-04-14 20:21:13,2024-04-14 16:21:13,9 km al N de Camiña,-19.235,-69.423,96.0,3.0,Ml
231116,2024-04-14 23:15:30,2024-04-14 19:15:30,23 km al N de Quillagua,-21.455,-69.561,29.0,2.9,Ml
231125,2024-04-15 02:39:07,2024-04-14 22:39:07,31 km al SE de Pica,-20.654,-69.085,88.0,2.7,Ml
231140,2024-04-15 05:02:37,2024-04-15 01:02:37,39 km al NO de Quillagua,-21.336,-69.691,65.0,3.8,Ml
231143,2024-04-15 07:15:20,2024-04-15 03:15:20,13 km al NE de Curicó,-34.897,-71.144,92.0,2.6,Ml
231151,2024-04-15 08:36:10,2024-04-15 04:36:10,41 km al N de Calama,-22.118,-69.057,112.0,2.7,Ml
231154,2024-04-15 10:40:37,2024-04-15 06:40:37,40 km al SO de Mina Collahuasi,-21.11,-68.895,115.0,2.5,Ml
231155,2024-04-15 12:06:28,2024-04-15 08:06:28,46 km al S de Mina Collahuasi,-21.229,-68.775,116.0,3.1,Ml
231159,2024-04-15 13:36:16,2024-04-15 09:36:16,86 km al O de San Antonio de los Cobres,-24.44,-67.135,200.0,3.6,Ml
231158,2024-04-15 13:36:29,2024-04-15 09:36:29,82 km al S de Ilo,-18.379,-71.392,39.0,3.0,Ml
231166,2024-04-15 15:24:02,2024-04-15 11:24:02,8 km al S de Sierra Gorda.,-22.972,-69.3,97.0,2.8,Ml
231170,2024-04-15 16:03:21,2024-04-15 12:03:21,47 km al NE de Calama,-22.098,-68.705,106.0,2.9,Ml
231176,2024-04-15 17:23:11,2024-04-15 13:23:11,30 km al E de Tocopilla,-22.061,-69.917,51.0,3.7,Ml
231177,2024-04-15 17:40:08,2024-04-15 13:40:08,36 km al S de Mina Collahuasi,-21.151,-68.643,114.0,3.2,Ml
231182,2024-04-15 18:14:01,2024-04-15 14:14:01,23 km al E de Farellones,-33.265,-70.086,115.0,3.3,Ml
231183,2024-04-15 19:16:26,2024-04-15 15:16:26,59 km al S de Socaire,-24.117,-67.793,239.0,2.9,Ml
231185,2024-04-15 19:38:01,2024-04-15 15:38:01,68 km al S de Socaire,-24.178,-67.726,241.0,2.6,Ml
231197,2024-04-15 22:07:02,2024-04-15 18:07:02,36 km al O de Mina Collahuasi,-20.955,-68.971,106.0,2.6,Ml
231201,2024-04-15 22:42:00,2024-04-15 18:42:00,101 km al O de San Antonio de los Cobres,-24.411,-67.296,192.0,4.1,Ml
231205,2024-04-15 23:19:53,2024-04-15 19:19:53,60 km al S de Socaire,-24.12,-67.791,236.0,2.9,Ml
231210,2024-04-16 00:08:45,2024-04-15 20:08:45,69 km al NO de La Higuera,-29.029,-71.643,54.0,3.5,Ml
231229,2024-04-16 04:06:44,2024-04-16 00:06:44,29 km al NO de Linares,-35.702,-71.867,65.0,3.2,Ml
231233,2024-04-16 04:27:23,2024-04-16 00:27:23,48 km al S de Ollagüe,-21.638,-68.37,124.0,2.5,Ml
231236,2024-04-16 05:11:42,2024-04-16 01:11:42,80 km al O de San Antonio de los Cobres,-24.393,-67.084,200.0,3.6,Ml
231238,2024-04-16 05:38:12,2024-04-16 01:38:12,36 km al SO de Arica,-18.619,-70.632,31.0,4.0,Ml
231241,2024-04-16 06:32:56,2024-04-16 02:32:56,126 km al O de Lebu,-37.98,-75.014,23.0,2.6,Ml
231246,2024-04-16 07:27:26,2024-04-16 03:27:26,52 km al NE de Calama,-22.068,-68.673,117.0,2.5,Ml
231247,2024-04-16 07:33:09,2024-04-16 03:33:09,21 km al SE de Concepción,-36.943,-72.857,35.0,2.5,Ml
231283,2024-04-16 21:30:43,2024-04-16 17:30:43,66 km al O de San Antonio de los Cobres,-24.16,-66.97,216.0,4.5,Mw
231296,2024-04-17 00:17:53,2024-04-16 20:17:53,57 km al SO de San Pedro de Atacama,-23.356,-68.497,156.0,2.9,Ml
231299,2024-04-17 01:15:54,2024-04-16 21:15:54,25 km al SE de San Fernando,-34.721,-70.769,102.0,3.1,Ml
231300,2024-04-17 01:52:44,2024-04-16 21:52:44,78 km al O de San Antonio de los Cobres,-24.38,-67.065,204.0,3.3,Ml
231304,2024-04-17 02:29:34,2024-04-16 22:29:34,77 km al SE de Socaire,-24.151,-67.444,205.0,2.9,Ml
231305,2024-04-17 03:11:33,2024-04-16 23:11:33,80 km al S de Ilo,-18.357,-71.443,32.0,3.3,Ml
231308,2024-04-17 04:24:59,2024-04-17 00:24:59,19 km al S de Camiña,-19.485,-69.404,98.0,3.1,Ml
231312,2024-04-17 05:43:07,2024-04-17 01:43:07,52 km al O de La Ligua,-32.502,-71.783,30.0,2.5,Ml
231314,2024-04-17 06:06:11,2024-04-17 02:06:11,33 km al O de Ollagüe,-21.174,-68.569,120.0,2.7,Ml
231315,2024-04-17 06:31:02,2024-04-17 02:31:02,47 km al E de Sierra Gorda.,-22.941,-68.857,102.0,2.8,Ml
231318,2024-04-17 06:32:24,2024-04-17 02:32:24,150 km al NO de Constitución,-34.465,-73.667,16.0,3.0,Ml
231319,2024-04-17 06:33:58,2024-04-17 02:33:58,59 km al O de Tongoy,-30.164,-72.096,39.0,3.2,Ml
231320,2024-04-17 06:42:53,2024-04-17 02:42:53,56 km al NE de Pica,-20.18,-68.905,111.0,2.5,Ml
231331,2024-04-17 10:11:05,2024-04-17 06:11:05,96 km al O de Mina La Escondida.,-24.541,-69.961,48.0,2.8,Ml
231338,2024-04-17 12:37:34,2024-04-17 08:37:34,50 km al NE de Pica,-20.104,-69.082,101.0,2.5,Ml
231342,2024-04-17 13:14:27,2024-04-17 09:14:27,52 km al S de Pica,-20.944,-69.226,109.0,2.6,Ml
231348,2024-04-17 14:55:26,2024-04-17 10:55:26,21 km al O de Lebu,-37.533,-73.872,34.0,3.9,Ml
231350,2024-04-17 15:01:02,2024-04-17 11:01:02,10 km al NO de Lebu,-37.549,-73.737,19.0,3.4,Ml
231352,2024-04-17 15:16:11,2024-04-17 11:16:11,37 km al SE de Pica,-20.769,-69.134,121.0,2.5,Ml
231356,2024-04-17 17:25:00,2024-04-17 13:25:00,26 km al SE de Rancagua,-34.363,-70.591,115.0,2.8,Ml
231382,2024-04-17 22:57:09,2024-04-17 18:57:09,54 km al SO de Ollagüe,-21.602,-68.588,110.0,3.1,Ml
231402,2024-04-18 03:00:27,2024-04-17 23:00:27,32 km al S de Pisagua,-19.878,-70.266,56.0,3.1,Ml
231404,2024-04-18 03:12:57,2024-04-17 23:12:57,124 km al O de Bahía Mansa,-40.351,-75.164,22.0,3.7,Ml
231410,2024-04-18 05:19:02,2024-04-18 01:19:02,38 km al N de Paposo,-24.67,-70.394,54.0,3.2,Ml
231415,2024-04-18 05:40:22,2024-04-18 01:40:22,42 km al E de Sierra Gorda.,-22.907,-68.906,89.0,2.5,Ml
231425,2024-04-18 07:53:49,2024-04-18 03:53:49,46 km al S de Sierra Gorda.,-23.308,-69.224,98.0,4.1,Ml
231433,2024-04-18 10:11:27,2024-04-18 06:11:27,59 km al SO de Ollagüe,-21.7,-68.498,126.0,2.7,Ml
231439,2024-04-18 11:02:17,2024-04-18 07:02:17,129 km al O de Punta de Choros,-29.652,-72.715,15.0,2.8,Ml
231443,2024-04-18 11:08:55,2024-04-18 07:08:55,49 km al SO de Mina Collahuasi,-21.109,-69.017,110.0,3.0,Ml
231457,2024-04-18 15:20:36,2024-04-18 11:20:36,80 km al O de San Antonio de los Cobres,-23.987,-67.062,202.0,3.2,Ml
231458,2024-04-18 16:11:25,2024-04-18 12:11:25,75 km al N de Tocopilla,-21.427,-70.332,38.0,2.7,Ml
231459,2024-04-18 16:12:12,2024-04-18 12:12:12,53 km al SO de Ollagüe,-21.644,-68.5,118.0,2.9,Ml
231478,2024-04-18 20:05:35,2024-04-18 16:05:35,54 km al N de Mina La Escondida.,-23.799,-69.182,112.0,2.7,Ml
231482,2024-04-18 20:48:58,2024-04-18 16:48:58,86 km al NO de Quillagua,-21.315,-70.278,36.0,4.5,Mw
231492,2024-04-18 23:06:15,2024-04-18 19:06:15,23 km al N de Tocopilla,-21.886,-70.226,20.0,2.5,Ml
231499,2024-04-19 01:13:57,2024-04-18 21:13:57,54 km al O de La Ligua,-32.455,-71.805,40.0,3.8,Ml
231514,2024-04-19 04:02:13,2024-04-19 00:02:13,37 km al SE de Petorca,-32.452,-70.617,99.0,3.6,Ml
231529,2024-04-19 07:49:41,2024-04-19 03:49:41,19 km al S de Calama,-22.636,-68.957,94.0,3.3,Ml
231535,2024-04-19 09:16:29,2024-04-19 05:16:29,53 km al SO de Ollagüe,-21.598,-68.569,125.0,3.1,Ml
231544,2024-04-19 11:39:49,2024-04-19 07:39:49,16 km al E de Cauquenes,-36.022,-72.152,61.0,3.5,Ml
231550,2024-04-19 13:05:17,2024-04-19 09:05:17,66 km al E de Copiapó,-27.423,-69.664,118.0,3.9,Ml
231555,2024-04-19 15:43:15,2024-04-19 11:43:15,42 km al SO de Socaire,-23.917,-68.097,196.0,2.8,Ml
231557,2024-04-19 15:48:16,2024-04-19 11:48:16,61 km al SE de Socaire,-24.027,-67.527,255.0,3.9,Ml
231561,2024-04-19 16:53:38,2024-04-19 12:53:38,43 km al SO de Los Vilos,-32.266,-71.701,20.0,3.4,Ml
231564,2024-04-19 17:09:56,2024-04-19 13:09:56,27 km al NO de Camiña,-19.156,-69.625,112.0,3.4,Ml
231581,2024-04-19 20:02:32,2024-04-19 16:02:32,68 km al SE de Socaire,-23.987,-67.383,250.0,2.9,Ml
231595,2024-04-19 23:55:48,2024-04-19 19:55:48,46 km al SO de Ollagüe,-21.514,-68.573,111.0,2.5,Ml
231604,2024-04-20 00:46:48,2024-04-19 20:46:48,74 km al O de Uyuni,-20.326,-67.516,236.0,3.1,Ml
231602,2024-04-20 00:48:01,2024-04-19 20:48:01,31 km al S de Ollagüe,-21.504,-68.28,140.0,3.1,Ml
231608,2024-04-20 02:39:19,2024-04-19 22:39:19,40 km al SO de Huasco,-28.767,-71.445,38.0,3.6,Ml
231613,2024-04-20 03:30:32,2024-04-19 23:30:32,50 km al O de Pisagua,-19.587,-70.694,19.0,2.9,Ml
231617,2024-04-20 03:54:30,2024-04-19 23:54:30,35 km al O de El Tabo,-33.353,-72.025,36.0,2.7,Ml
231619,2024-04-20 04:28:53,2024-04-20 00:28:53,74 km al O de San Antonio de los Cobres,-23.988,-66.995,189.0,3.1,Ml
231624,2024-04-20 06:23:28,2024-04-20 02:23:28,23 km al O de Ovalle,-30.604,-71.446,52.0,3.7,Ml
231628,2024-04-20 06:28:59,2024-04-20 02:28:59,39 km al SE de Mina La Escondida.,-24.591,-68.912,112.0,3.1,Ml
231632,2024-04-20 07:06:16,2024-04-20 03:06:16,40 km al O de Pica,-20.614,-69.691,38.0,2.7,Ml
231637,2024-04-20 08:01:52,2024-04-20 04:01:52,55 km al SO de Mina Collahuasi,-21.275,-68.882,110.0,2.7,Ml
231645,2024-04-20 09:09:27,2024-04-20 05:09:27,70 km al SO de Ollagüe,-21.76,-68.618,94.0,2.6,Ml
231649,2024-04-20 09:19:15,2024-04-20 05:19:15,51 km al SO de Los Vilos,-32.274,-71.842,24.0,3.0,Ml
231651,2024-04-20 09:25:07,2024-04-20 05:25:07,43 km al SO de Los Vilos,-32.264,-71.691,12.0,2.6,Ml
231653,2024-04-20 10:02:37,2024-04-20 06:02:37,46 km al O de Mina Collahuasi,-20.934,-69.09,102.0,3.1,Ml
231666,2024-04-20 13:59:56,2024-04-20 09:59:56,50 km al E de Calama,-22.443,-68.443,122.0,2.7,Ml
231673,2024-04-20 16:42:38,2024-04-20 12:42:38,59 km al O de Castro,-42.725,-74.408,8.0,2.8,Ml
231674,2024-04-20 16:54:09,2024-04-20 12:54:09,44 km al S de Ollagüe,-21.605,-68.369,124.0,3.7,Ml
231682,2024-04-20 18:23:45,2024-04-20 14:23:45,59 km al E de Antuco,-37.289,-71.005,141.0,3.7,Ml
231688,2024-04-20 19:46:29,2024-04-20 15:46:29,35 km al S de Pica,-20.791,-69.243,104.0,2.6,Ml
231697,2024-04-20 21:07:17,2024-04-20 17:07:17,44 km al N de Baquedano,-22.94,-69.849,64.0,2.5,Ml
231709,2024-04-20 22:46:07,2024-04-20 18:46:07,37 km al NE de Pica,-20.341,-69.012,102.0,2.7,Ml
231720,2024-04-21 03:16:40,2024-04-20 23:16:40,50 km al O de Pisagua,-19.611,-70.693,33.0,3.3,Ml
231741,2024-04-21 10:44:31,2024-04-21 06:44:31,108 km al NE de El Salvador,-25.406,-69.093,115.0,3.1,Ml
231742,2024-04-21 11:12:27,2024-04-21 07:12:27,45 km al SO de Huasco,-28.807,-71.47,15.0,2.5,Ml
231749,2024-04-21 14:29:25,2024-04-21 10:29:25,72 km al E de Mina Los Pelambres,-31.694,-69.845,165.0,2.8,Ml
231750,2024-04-21 15:25:27,2024-04-21 11:25:27,55 km al S de Ollagüe,-21.696,-68.422,135.0,3.1,Ml
231753,2024-04-21 16:38:58,2024-04-21 12:38:58,11 km al NO de Pisagua,-19.556,-70.311,30.0,2.8,Ml
231768,2024-04-21 19:02:15,2024-04-21 15:02:15,36 km al S de Pica,-20.801,-69.225,110.0,2.9,Ml
231769,2024-04-21 19:25:55,2024-04-21 15:25:55,18 km al O de Mina Collahuasi,-20.852,-68.833,105.0,2.7,Ml
231776,2024-04-21 20:40:54,2024-04-21 16:40:54,70 km al S de Ollagüe,-21.823,-68.476,122.0,2.6,Ml
231785,2024-04-21 21:45:22,2024-04-21 17:45:22,37 km al SO de Iquique,-20.457,-70.398,40.0,2.5,Ml
231793,2024-04-21 23:06:19,2024-04-21 19:06:19,19 km al N de Calama,-22.301,-68.952,117.0,2.5,Ml
231804,2024-04-22 01:23:34,2024-04-21 21:23:34,23 km al S de San Fernando,-34.789,-70.943,96.0,2.7,Ml
231807,2024-04-22 01:49:28,2024-04-21 21:49:28,28 km al E de Ollagüe,-21.166,-67.992,166.0,2.9,Ml
231808,2024-04-22 03:00:58,2024-04-21 23:00:58,39 km al SE de Pica,-20.747,-69.07,113.0,4.1,Ml
231813,2024-04-22 04:25:47,2024-04-22 00:25:47,63 km al NO de La Higuera,-29.016,-71.517,26.0,2.5,Ml
231816,2024-04-22 04:49:04,2024-04-22 00:49:04,43 km al SE de Camiña,-19.672,-69.267,90.0,2.8,Ml
231823,2024-04-22 05:29:57,2024-04-22 01:29:57,44 km al O de La Ligua,-32.377,-71.693,59.0,4.2,Ml
231830,2024-04-22 06:59:31,2024-04-22 02:59:31,34 km al SO de Ollagüe,-21.439,-68.486,120.0,2.5,Ml
231832,2024-04-22 07:15:49,2024-04-22 03:15:49,11 km al NE de Navidad,-33.858,-71.786,42.0,3.8,Ml
231837,2024-04-22 08:18:33,2024-04-22 04:18:33,80 km al S de Socaire,-24.27,-68.152,251.0,3.1,Ml
231839,2024-04-22 08:32:23,2024-04-22 04:32:23,41 km al S de Pica,-20.845,-69.229,87.0,2.7,Ml
231844,2024-04-22 09:29:08,2024-04-22 05:29:08,49 km al SO de Mina Collahuasi,-21.216,-68.885,114.0,2.6,Ml
231845,2024-04-22 09:38:43,2024-04-22 05:38:43,83 km al S de Socaire,-24.33,-67.773,231.0,2.9,Ml
231846,2024-04-22 09:42:20,2024-04-22 05:42:20,31 km al SE de Monte Patria,-30.945,-70.809,73.0,2.5,Ml
231850,2024-04-22 10:55:20,2024-04-22 06:55:20,25 km al SO de Mina La Escondida.,-24.417,-69.243,95.0,2.9,Ml
232258,2024-04-22 10:56:21,2024-04-22 06:56:21,57 km al SO de Ollagüe,-21.471,-68.74,187.0,2.9,Ml
231851,2024-04-22 11:15:30,2024-04-22 07:15:30,26 km al NE de Camiña,-19.151,-69.243,119.0,3.0,Ml
231860,2024-04-22 12:41:36,2024-04-22 08:41:36,50 km al SO de Los Vilos,-32.294,-71.786,33.0,2.6,Ml
231863,2024-04-22 12:53:58,2024-04-22 08:53:58,73 km al O de Tongoy,-30.359,-72.241,33.0,2.5,Ml
231864,2024-04-22 12:57:38,2024-04-22 08:57:38,24 km al SO de Ollagüe,-21.361,-68.427,137.0,2.7,Ml
231873,2024-04-22 16:29:12,2024-04-22 12:29:12,49 km al SO de Mina Collahuasi,-21.074,-69.043,112.0,3.0,Ml
231893,2024-04-22 19:22:49,2024-04-22 15:22:49,63 km al SO de Ollagüe,-21.728,-68.526,131.0,2.7,Ml
231897,2024-04-22 19:36:24,2024-04-22 15:36:24,51 km al SO de Mina Collahuasi,-21.204,-68.936,112.0,2.7,Ml
231912,2024-04-22 22:59:45,2024-04-22 18:59:45,31 km al O de Ollagüe,-21.256,-68.547,113.0,2.5,Ml
231913,2024-04-22 23:02:06,2024-04-22 19:02:06,45 km al NO de Socaire,-23.418,-68.287,136.0,3.6,Ml
231915,2024-04-22 23:05:20,2024-04-22 19:05:20,16 km al E de Calama,-22.448,-68.773,120.0,2.6,Ml
231922,2024-04-22 23:56:21,2024-04-22 19:56:21,26 km al NE de Camiña,-19.19,-69.212,113.0,2.6,Ml
231924,2024-04-23 00:11:56,2024-04-22 20:11:56,48 km al N de Carrizal Bajo,-27.655,-71.099,22.0,3.3,Ml
231926,2024-04-23 00:28:52,2024-04-22 20:28:52,53 km al SO de Ollagüe,-21.644,-68.501,122.0,2.6,Ml
231929,2024-04-23 00:57:26,2024-04-22 20:57:26,40 km al SE de Putre,-18.519,-69.387,121.0,3.1,Ml
231936,2024-04-23 01:20:22,2024-04-22 21:20:22,46 km al SO de Tocopilla,-22.456,-70.418,18.0,3.7,Ml
231937,2024-04-23 01:25:35,2024-04-22 21:25:35,44 km al S de Tocopilla,-22.463,-70.346,24.0,3.3,Ml
231941,2024-04-23 02:21:17,2024-04-22 22:21:17,21 km al SO de Los Ángeles,-37.635,-72.478,57.0,2.6,Ml
231942,2024-04-23 02:36:46,2024-04-22 22:36:46,58 km al SE de Ollagüe,-21.488,-67.765,236.0,2.6,Ml
231944,2024-04-23 03:00:41,2024-04-22 23:00:41,42 km al S de Copiapó,-27.734,-70.427,87.0,3.3,Ml
231952,2024-04-23 04:49:49,2024-04-23 00:49:49,23 km al N de Calama,-22.27,-68.874,108.0,3.3,Ml
231953,2024-04-23 04:51:55,2024-04-23 00:51:55,16 km al NE de Curicó,-34.891,-71.107,103.0,2.7,Ml
231961,2024-04-23 07:09:34,2024-04-23 03:09:34,23 km al NO de Ollagüe,-21.119,-68.442,134.0,3.4,Ml
231965,2024-04-23 08:12:00,2024-04-23 04:12:00,56 km al SE de Socaire,-24.015,-67.594,266.0,3.9,Ml
231969,2024-04-23 10:21:03,2024-04-23 06:21:03,40 km al E de Sierra Gorda.,-22.982,-68.933,105.0,2.6,Ml
231971,2024-04-23 10:40:15,2024-04-23 06:40:15,52 km al N de Mejillones,-22.628,-70.449,39.0,2.6,Ml
231982,2024-04-23 12:42:33,2024-04-23 08:42:33,157 km al NE de Socaire,-22.819,-66.601,225.0,3.4,Ml
231989,2024-04-23 13:33:43,2024-04-23 09:33:43,67 km al SO de Taltal,-25.761,-71.024,39.0,2.7,Ml
231990,2024-04-23 13:34:31,2024-04-23 09:34:31,21 km al SO de Ollagüe,-21.374,-68.378,121.0,2.8,Ml
232000,2024-04-23 16:27:21,2024-04-23 12:27:21,49 km al N de Calama,-22.043,-68.796,116.0,2.9,Ml
232007,2024-04-23 17:06:24,2024-04-23 13:06:24,44 km al SO de Mina Collahuasi,-21.093,-68.974,115.0,2.6,Ml
232009,2024-04-23 17:42:24,2024-04-23 13:42:24,33 km al SO de Socaire,-23.759,-68.162,115.0,4.0,Ml
232024,2024-04-23 18:32:12,2024-04-23 14:32:12,140 km al O de Tirúa,-38.374,-75.1,9.0,3.1,Ml
232036,2024-04-23 20:48:18,2024-04-23 16:48:18,36 km al SO de Los Vilos,-32.146,-71.768,33.0,3.2,Ml
232039,2024-04-23 20:59:23,2024-04-23 16:59:23,38 km al S de Ollagüe,-21.546,-68.369,141.0,2.7,Ml
232042,2024-04-23 21:28:59,2024-04-23 17:28:59,61 km al S de Putre,-18.727,-69.71,95.0,2.7,Ml
232044,2024-04-23 21:31:29,2024-04-23 17:31:29,15 km al SO de Andacollo,-30.325,-71.193,36.0,2.5,Ml
232046,2024-04-23 21:54:44,2024-04-23 17:54:44,35 km al SO de Los Vilos,-32.138,-71.762,27.0,2.8,Ml
232059,2024-04-24 01:29:24,2024-04-23 21:29:24,54 km al N de Calama,-21.98,-68.933,96.0,2.9,Ml
232063,2024-04-24 01:39:30,2024-04-23 21:39:30,27 km al E de Calama,-22.406,-68.679,116.0,2.7,Ml
232065,2024-04-24 02:07:54,2024-04-23 22:07:54,43 km al NE de Pica,-20.238,-69.013,97.0,2.7,Ml
232067,2024-04-24 02:09:20,2024-04-23 22:09:20,59 km al NE de Cuya,-18.783,-69.781,108.0,3.4,Ml
232069,2024-04-24 02:35:43,2024-04-23 22:35:43,83 km al SO de Socaire,-24.291,-68.181,265.0,3.4,Ml
232070,2024-04-24 02:45:00,2024-04-23 22:45:00,78 km al E de Mina La Escondida.,-24.279,-68.285,181.0,2.9,Ml
232074,2024-04-24 03:57:23,2024-04-23 23:57:23,71 km al NE de Calama,-21.977,-68.491,139.0,3.0,Ml
232082,2024-04-24 05:06:53,2024-04-24 01:06:53,41 km al O de Mina Collahuasi,-20.943,-69.033,99.0,3.0,Ml
232083,2024-04-24 05:12:23,2024-04-24 01:12:23,30 km al O de La Serena,-29.874,-71.558,41.0,4.1,Ml
232089,2024-04-24 06:16:03,2024-04-24 02:16:03,18 km al E de Antofagasta,-23.688,-70.221,55.0,3.1,Ml
232093,2024-04-24 07:02:49,2024-04-24 03:02:49,140 km al NE de Socaire,-22.951,-66.714,198.0,3.4,Ml
232094,2024-04-24 07:15:12,2024-04-24 03:15:12,25 km al SE de San Pedro de Atacama,-23.1,-68.056,130.0,2.8,Ml
232095,2024-04-24 07:37:37,2024-04-24 03:37:37,47 km al S de Pozo Almonte,-20.683,-69.81,23.0,2.5,Ml
232103,2024-04-24 09:22:37,2024-04-24 05:22:37,45 km al NE de Tacna,-17.842,-69.865,148.0,3.3,Ml
232104,2024-04-24 09:29:46,2024-04-24 05:29:46,82 km al NE de San Pedro de Atacama,-22.335,-67.708,212.0,2.9,Ml
232108,2024-04-24 09:33:10,2024-04-24 05:33:10,17 km al SE de San José de Maipo,-33.775,-70.262,116.0,4.7,Mw
232112,2024-04-24 10:19:49,2024-04-24 06:19:49,6 km al E de Pica,-20.481,-69.278,81.0,2.6,Ml
232118,2024-04-24 11:16:19,2024-04-24 07:16:19,74 km al S de Socaire,-24.234,-67.709,251.0,3.5,Ml
232117,2024-04-24 11:19:53,2024-04-24 07:19:53,56 km al E de Ollagüe,-21.288,-67.721,206.0,4.1,Ml
232122,2024-04-24 12:05:48,2024-04-24 08:05:48,46 km al O de Navidad,-34.002,-72.323,36.0,3.7,Ml
232139,2024-04-24 15:10:34,2024-04-24 11:10:34,25 km al O de Panguipulli,-39.566,-72.598,76.0,4.4,Mw
232148,2024-04-24 17:38:31,2024-04-24 13:38:31,72 km al SE de Socaire,-24.02,-67.365,265.0,3.8,Ml
232156,2024-04-24 18:34:24,2024-04-24 14:34:24,5 km al NO de Farellones,-33.319,-70.349,108.0,3.0,Ml
232161,2024-04-24 18:55:27,2024-04-24 14:55:27,5 km al NE de Ollagüe,-21.189,-68.23,160.0,2.7,Ml
232169,2024-04-24 19:30:06,2024-04-24 15:30:06,40 km al SE de San José de Maipo,-33.932,-70.098,15.0,2.5,Ml
232168,2024-04-24 19:30:22,2024-04-24 15:30:22,40 km al SE de San José de Maipo,-33.935,-70.107,14.0,2.7,Ml
232173,2024-04-24 20:15:45,2024-04-24 16:15:45,70 km al S de Socaire,-24.219,-67.823,249.0,3.1,Ml
232179,2024-04-24 21:33:09,2024-04-24 17:33:09,21 km al N de Ovalle,-30.415,-71.23,63.0,2.8,Ml
232181,2024-04-24 21:44:33,2024-04-24 17:44:33,35 km al SO de San Pedro de Atacama,-23.163,-68.417,117.0,2.8,Ml
232183,2024-04-24 21:45:16,2024-04-24 17:45:16,53 km al SO de Mina Collahuasi,-21.258,-68.886,119.0,3.4,Ml
232187,2024-04-24 23:09:37,2024-04-24 19:09:37,21 km al NE de Vichuquén,-34.785,-71.804,39.0,3.0,Ml
232190,2024-04-24 23:45:30,2024-04-24 19:45:30,110 km al O de Tongoy,-30.032,-72.612,25.0,3.0,Ml
232192,2024-04-25 00:12:21,2024-04-24 20:12:21,55 km al E de Calama,-22.288,-68.428,140.0,2.6,Ml
232196,2024-04-25 01:22:40,2024-04-24 21:22:40,71 km al SE de Socaire,-24.177,-67.622,251.0,2.8,Ml
232197,2024-04-25 01:26:55,2024-04-24 21:26:55,10 km al NO de Cuya,-19.082,-70.223,37.0,2.5,Ml
232200,2024-04-25 02:16:01,2024-04-24 22:16:01,81 km al S de Socaire,-24.294,-67.693,227.0,2.8,Ml
232202,2024-04-25 02:50:26,2024-04-24 22:50:26,61 km al NE de Calama,-22.001,-68.617,116.0,3.2,Ml
232203,2024-04-25 02:55:01,2024-04-24 22:55:01,34 km al SE de Pica,-20.626,-69.038,96.0,2.7,Ml
232205,2024-04-25 03:13:43,2024-04-24 23:13:43,69 km al NE de Tierra Amarilla,-27.155,-69.676,99.0,2.7,Ml
232208,2024-04-25 03:48:53,2024-04-24 23:48:53,47 km al O de Mina La Escondida,-24.193,-69.517,88.0,2.9,Ml
232220,2024-04-25 06:19:03,2024-04-25 02:19:03,28 km al SE de Alto del Carmen,-28.955,-70.302,107.0,2.6,Ml
232224,2024-04-25 06:48:57,2024-04-25 02:48:57,25 km al S de Putre,-18.417,-69.545,131.0,2.5,Ml
232236,2024-04-25 09:20:31,2024-04-25 05:20:31,69 km al S de Sierra Gorda,-23.489,-69.13,100.0,3.3,Ml
232239,2024-04-25 09:25:52,2024-04-25 05:25:52,8 km al NO de Andacollo,-30.173,-71.136,66.0,3.6,Ml
232242,2024-04-25 10:09:30,2024-04-25 06:09:30,32 km al E de Pica,-20.514,-69.024,98.0,2.5,Ml
232247,2024-04-25 10:52:41,2024-04-25 06:52:41,43 km al SO de Caldera,-27.387,-71.068,50.0,3.3,Ml
232255,2024-04-25 11:32:19,2024-04-25 07:32:19,34 km al N de La Higuera,-29.212,-71.278,52.0,2.6,Ml
232257,2024-04-25 11:51:20,2024-04-25 07:51:20,34 km al E de Mina Los Pelambres,-31.742,-70.234,133.0,3.1,Ml
232262,2024-04-25 14:51:39,2024-04-25 10:51:39,43 km al SO de Mina Collahuasi,-21.093,-68.964,111.0,2.5,Ml
232265,2024-04-25 15:01:20,2024-04-25 11:01:20,49 km al O de Constitución,-35.41,-72.942,39.0,2.9,Ml
232270,2024-04-25 15:44:57,2024-04-25 11:44:57,64 km al O de Constitución,-35.38,-73.113,33.0,2.8,Ml
232271,2024-04-25 16:01:09,2024-04-25 12:01:09,57 km al O de Constitución,-35.358,-73.035,3.0,3.0,Ml
232274,2024-04-25 16:15:14,2024-04-25 12:15:14,76 km al SE de Socaire,-23.935,-67.245,200.0,4.0,Ml
232276,2024-04-25 16:43:41,2024-04-25 12:43:41,61 km al NO de Chañaral,-25.841,-70.866,36.0,3.3,Ml
232279,2024-04-25 16:47:56,2024-04-25 12:47:56,105 km al O de Caldera,-27.283,-71.854,26.0,3.2,Ml
232290,2024-04-25 18:33:28,2024-04-25 14:33:28,29 km al E de Talca,-35.522,-71.368,101.0,2.7,Ml
232304,2024-04-25 20:14:27,2024-04-25 16:14:27,60 km al SO de Ollagüe,-21.524,-68.734,106.0,3.3,Ml
232310,2024-04-25 20:45:09,2024-04-25 16:45:09,12 km al O de Huasco,-28.486,-71.338,49.0,2.8,Ml
232318,2024-04-25 21:21:07,2024-04-25 17:21:07,159 km al NO de Tocopilla,-21.384,-71.542,24.0,2.7,Ml
232323,2024-04-25 22:01:54,2024-04-25 18:01:54,64 km al SE de Socaire,-23.969,-67.423,265.0,3.4,Ml
232328,2024-04-25 23:03:17,2024-04-25 19:03:17,83 km al O de Arica,-18.518,-71.107,38.0,3.4,Ml
232339,2024-04-26 00:22:16,2024-04-25 20:22:16,7 km al S de Ovalle,-30.664,-71.205,52.0,2.8,Ml
232360,2024-04-26 05:12:32,2024-04-26 01:12:32,58 km al N de Pica,-20.002,-69.128,98.0,2.9,Ml
232405,2024-04-26 15:26:08,2024-04-26 11:26:08,53 km al O de Mina Collahuasi,-20.937,-69.151,108.0,2.9,Ml
232409,2024-04-26 15:55:48,2024-04-26 11:55:48,30 km al O de Sierra Gorda,-23.0,-69.592,73.0,3.0,Ml
232411,2024-04-26 16:24:09,2024-04-26 12:24:09,24 km al S de Arica,-18.69,-70.311,16.0,2.5,Ml
232428,2024-04-26 19:03:14,2024-04-26 15:03:14,54 km al SO de Ollagüe,-21.664,-68.473,127.0,2.6,Ml
232438,2024-04-26 20:44:05,2024-04-26 16:44:05,41 km al E de Ollagüe,-21.367,-67.89,181.0,3.2,Ml
232441,2024-04-26 21:30:21,2024-04-26 17:30:21,48 km al N de Punta de Choros,-28.823,-71.52,39.0,3.3,Ml
232450,2024-04-27 00:40:49,2024-04-26 20:40:49,28 km al NO de Mejillones,-22.98,-70.695,12.0,3.1,Ml
232461,2024-04-27 03:43:53,2024-04-26 23:43:53,55 km al S de Mina Collahuasi,-21.304,-68.799,110.0,2.8,Ml
232474,2024-04-27 06:09:39,2024-04-27 02:09:39,22 km al O de Tocopilla,-22.135,-70.407,26.0,2.7,Ml
232480,2024-04-27 08:13:16,2024-04-27 04:13:16,106 km al E de Tierra Amarilla,-27.646,-69.21,111.0,2.5,Ml
232489,2024-04-27 09:34:58,2024-04-27 05:34:58,20 km al E de Pica,-20.51,-69.136,92.0,2.5,Ml
232498,2024-04-27 11:54:20,2024-04-27 07:54:20,40 km al SO de Huasco,-28.794,-71.38,43.0,2.5,Ml
232505,2024-04-27 12:54:04,2024-04-27 08:54:04,24 km al SO de Huasco,-28.668,-71.307,46.0,2.5,Ml
232512,2024-04-27 14:49:43,2024-04-27 10:49:43,54 km al N de San Pedro de Atacama,-22.465,-68.37,134.0,4.2,Ml
232527,2024-04-27 17:08:13,2024-04-27 13:08:13,73 km al S de Socaire,-24.232,-67.75,238.0,3.3,Ml
232529,2024-04-27 17:38:30,2024-04-27 13:38:30,45 km al O de Valparaíso,-32.978,-72.088,32.0,3.4,Ml
232531,2024-04-27 17:59:06,2024-04-27 13:59:06,43 km al SO de Mina Collahuasi,-21.109,-68.944,110.0,2.6,Ml
232539,2024-04-27 18:45:27,2024-04-27 14:45:27,48 km al O de Ollagüe,-21.378,-68.688,121.0,3.0,Ml
232543,2024-04-27 18:55:56,2024-04-27 14:55:56,56 km al S de Huasco,-28.964,-71.282,42.0,3.2,Ml
232549,2024-04-27 19:24:11,2024-04-27 15:24:11,73 km al SE de Socaire,-23.922,-67.272,227.0,2.8,Ml
232559,2024-04-27 20:31:09,2024-04-27 16:31:09,9 km al NO de Lebu,-37.535,-73.701,21.0,3.5,Ml
232566,2024-04-27 22:58:57,2024-04-27 18:58:57,25 km al S de Yungay,-37.341,-72.068,79.0,3.6,Ml
232567,2024-04-27 23:05:20,2024-04-27 19:05:20,17 km al E de Linares,-35.797,-71.422,108.0,3.0,Ml
232570,2024-04-27 23:18:48,2024-04-27 19:18:48,90 km al S de Mina La Escondida.,-25.074,-69.161,107.0,2.6,Ml
232574,2024-04-28 01:13:16,2024-04-27 21:13:16,38 km al E de Sierra Gorda.,-22.981,-68.955,109.0,2.7,Ml
232578,2024-04-28 02:46:54,2024-04-27 22:46:54,11 km al S de Baquedano,-23.434,-69.859,71.0,2.5,Ml
232584,2024-04-28 03:46:09,2024-04-27 23:46:09,45 km al NE de Calama,-22.179,-68.632,135.0,2.9,Ml
232598,2024-04-28 07:11:17,2024-04-28 03:11:17,83 km al SE de Socaire,-24.175,-67.391,212.0,4.0,Ml
232616,2024-04-28 11:45:55,2024-04-28 07:45:55,50 km al SO de Mina Collahuasi,-21.094,-69.039,109.0,2.5,Ml
232626,2024-04-28 13:45:49,2024-04-28 09:45:49,37 km al O de Quillagua,-21.527,-69.861,24.0,2.5,Ml
232630,2024-04-28 13:50:20,2024-04-28 09:50:20,18 km al S de San José de Maipo,-33.799,-70.302,106.0,3.5,Ml
232640,2024-04-28 16:10:58,2024-04-28 12:10:58,51 km al SO de Ollagüe,-21.504,-68.646,123.0,2.6,Ml
232645,2024-04-28 17:13:11,2024-04-28 13:13:11,33 km al NO de La Higuera,-29.295,-71.428,33.0,2.7,Ml
232649,2024-04-28 17:26:06,2024-04-28 13:26:06,37 km al N de Mejillones,-22.772,-70.479,29.0,2.5,Ml
232655,2024-04-28 17:33:50,2024-04-28 13:33:50,49 km al O de Ollagüe,-21.295,-68.721,120.0,3.0,Ml
232666,2024-04-28 19:31:30,2024-04-28 15:31:30,32 km al NO de Mina Collahuasi,-20.599,-68.839,115.0,4.8,Mw
232673,2024-04-28 20:16:43,2024-04-28 16:16:43,116 km al NE de Socaire,-23.106,-66.88,214.0,3.2,Ml
232674,2024-04-28 20:20:17,2024-04-28 16:20:17,64 km al NE de Calama,-21.938,-68.685,107.0,4.6,Mw
232794,2024-04-28 21:31:07,2024-04-28 17:31:07,57 km al S de Socaire,-24.1,-67.802,265.0,4.2,Ml
232680,2024-04-28 21:31:27,2024-04-28 17:31:27,24 km al O de Ollagüe,-21.211,-68.486,133.0,3.3,Ml
232691,2024-04-28 23:22:19,2024-04-28 19:22:19,81 km al SE de Socaire,-24.27,-67.607,216.0,3.9,Ml
232692,2024-04-28 23:26:38,2024-04-28 19:26:38,46 km al O de Mina Collahuasi,-20.849,-69.1,110.0,3.8,Ml
232698,2024-04-28 23:52:52,2024-04-28 19:52:52,40 km al SE de Sierra Gorda.,-23.145,-69.026,91.0,2.7,Ml
232711,2024-04-29 03:43:03,2024-04-28 23:43:03,77 km al N de Calama,-21.814,-68.7,126.0,2.5,Ml
232714,2024-04-29 04:11:24,2024-04-29 00:11:24,42 km al E de Baquedano,-23.41,-69.437,85.0,2.9,Ml
232717,2024-04-29 05:09:21,2024-04-29 01:09:21,71 km al SO de Ollagüe,-21.775,-68.596,113.0,2.6,Ml
232718,2024-04-29 05:34:00,2024-04-29 01:34:00,71 km al SE de Socaire,-24.097,-67.464,209.0,3.5,Ml
232726,2024-04-29 06:55:52,2024-04-29 02:55:52,54 km al NE de Pica,-20.095,-69.032,104.0,2.9,Ml
232729,2024-04-29 08:39:38,2024-04-29 04:39:38,16 km al E de Curicó,-34.941,-71.072,93.0,2.9,Ml
232744,2024-04-29 13:33:32,2024-04-29 09:33:32,74 km al S de Socaire,-24.237,-67.727,224.0,3.0,Ml
232745,2024-04-29 13:34:24,2024-04-29 09:34:24,288 km al SO de Melinka,-45.616,-76.472,10.0,3.1,Ml
232747,2024-04-29 13:48:04,2024-04-29 09:48:04,33 km al SO de Sierra Gorda.,-23.167,-69.45,95.0,2.9,Ml
232748,2024-04-29 14:20:28,2024-04-29 10:20:28,40 km al O de Coronel,-36.954,-73.587,20.0,4.1,Ml
232757,2024-04-29 14:21:01,2024-04-29 10:21:01,35 km al NO de Arauco,-36.981,-73.535,8.0,3.4,Ml
232751,2024-04-29 14:22:34,2024-04-29 10:22:34,60 km al NE de Calama,-22.004,-68.633,133.0,2.5,Ml
232882,2024-04-29 14:23:05,2024-04-29 10:23:05,28 km al S de Mina Collahuasi,-21.071,-68.607,155.0,2.6,Ml
232752,2024-04-29 14:24:16,2024-04-29 10:24:16,96 km al E de Alto del Carmen,-28.417,-69.582,118.0,3.5,Ml
232749,2024-04-29 14:26:04,2024-04-29 10:26:04,36 km al NO de Arauco,-36.974,-73.54,12.0,2.8,Ml
232755,2024-04-29 14:49:39,2024-04-29 10:49:39,17 km al NE de Camiña,-19.173,-69.353,109.0,3.4,Ml
232758,2024-04-29 15:02:48,2024-04-29 11:02:48,36 km al NO de Arauco,-36.989,-73.567,11.0,2.9,Ml
232770,2024-04-29 18:18:06,2024-04-29 14:18:06,39 km al NO de Arauco,-36.974,-73.599,31.0,2.9,Ml
232774,2024-04-29 18:35:05,2024-04-29 14:35:05,43 km al SO de Ollagüe,-21.558,-68.457,133.0,2.5,Ml
232792,2024-04-29 21:31:38,2024-04-29 17:31:38,73 km al E de Ollagüe,-21.366,-67.566,192.0,3.6,Ml
232795,2024-04-29 22:37:36,2024-04-29 18:37:36,44 km al SO de Ollagüe,-21.529,-68.524,134.0,2.8,Ml
232797,2024-04-29 22:55:32,2024-04-29 18:55:32,56 km al SE de Socaire,-23.939,-67.489,269.0,3.2,Ml
232805,2024-04-30 00:26:53,2024-04-29 20:26:53,68 km al SE de Socaire,-23.977,-67.367,257.0,3.0,Ml
232808,2024-04-30 00:28:57,2024-04-29 20:28:57,103 km al S de Socaire,-24.464,-67.552,216.0,3.5,Ml
232818,2024-04-30 04:07:18,2024-04-30 00:07:18,35 km al SO de Mina Collahuasi,-21.044,-68.907,101.0,2.5,Ml
232819,2024-04-30 04:25:05,2024-04-30 00:25:05,41 km al E de Baquedano,-23.383,-69.449,85.0,2.6,Ml
232822,2024-04-30 05:39:33,2024-04-30 01:39:33,39 km al E de Lebu,-37.735,-73.24,57.0,2.6,Ml
232824,2024-04-30 05:52:35,2024-04-30 01:52:35,56 km al NE de Camiña,-18.855,-69.21,134.0,3.2,Ml
232827,2024-04-30 06:46:47,2024-04-30 02:46:47,42 km al NE de Calama,-22.253,-68.59,120.0,2.5,Ml
232828,2024-04-30 07:08:48,2024-04-30 03:08:48,37 km al NE de Calama,-22.219,-68.688,119.0,3.6,Ml
232830,2024-04-30 07:34:11,2024-04-30 03:34:11,15 km al N de Calama,-22.341,-68.877,112.0,2.6,Ml
232837,2024-04-30 07:51:39,2024-04-30 03:51:39,27 km al S de Constitución,-35.571,-72.395,45.0,3.6,Ml
232839,2024-04-30 07:52:36,2024-04-30 03:52:36,62 km al N de Huasco,-27.916,-71.347,31.0,2.7,Ml
232840,2024-04-30 07:53:15,2024-04-30 03:53:15,33 km al S de Mina Collahuasi,-21.108,-68.747,114.0,2.8,Ml
232843,2024-04-30 08:13:19,2024-04-30 04:13:19,68 km al O de Valparaíso,-32.963,-72.336,36.0,3.0,Ml
232844,2024-04-30 08:17:13,2024-04-30 04:17:13,35 km al O de La Ligua,-32.454,-71.609,65.0,2.9,Ml
232855,2024-04-30 11:16:01,2024-04-30 07:16:01,76 km al SO de Ollagüe,-21.762,-68.7,124.0,2.8,Ml
232860,2024-04-30 12:10:39,2024-04-30 08:10:39,56 km al N de Calama,-21.98,-68.796,116.0,2.7,Ml
232862,2024-04-30 13:31:59,2024-04-30 09:31:59,43 km al SE de Curicó,-35.297,-70.953,107.0,2.6,Ml
232864,2024-04-30 13:35:34,2024-04-30 09:35:34,18 km al NO de María Elena,-22.27,-69.814,73.0,3.6,Ml
232868,2024-04-30 14:29:13,2024-04-30 10:29:13,51 km al E de Socaire,-23.7,-67.402,253.0,4.1,Ml
232870,2024-04-30 14:40:18,2024-04-30 10:40:18,23 km al SO de Calama,-22.647,-69.046,103.0,2.6,Ml
232874,2024-04-30 15:19:08,2024-04-30 11:19:08,20 km al SO de Huasco,-28.596,-71.36,41.0,3.4,Ml
232876,2024-04-30 15:24:37,2024-04-30 11:24:37,39 km al O de La Higuera,-29.508,-71.608,55.0,2.5,Ml
232877,2024-04-30 15:29:47,2024-04-30 11:29:47,48 km al SE de Sierra Gorda.,-23.137,-68.924,115.0,2.5,Ml
232878,2024-04-30 15:32:01,2024-04-30 11:32:01,36 km al NE de El Salvador,-26.015,-69.36,30.0,2.6,Ml
232879,2024-04-30 15:46:22,2024-04-30 11:46:22,132 km al O de Tirúa,-38.312,-75.005,15.0,3.8,Ml
232883,2024-04-30 16:47:45,2024-04-30 12:47:45,17 km al NO de La Ligua,-32.337,-71.362,54.0,2.7,Ml
232888,2024-04-30 16:51:30,2024-04-30 12:51:30,98 km al SO de Iquique,-20.634,-70.975,11.0,2.6,Ml
232891,2024-04-30 17:19:45,2024-04-30 13:19:45,27 km al SO de Iquique,-20.374,-70.343,40.0,2.5,Ml
232904,2024-04-30 19:21:47,2024-04-30 15:21:47,92 km al N de El Salvador,-25.434,-69.418,30.0,2.9,Ml
232910,2024-04-30 19:43:22,2024-04-30 15:43:22,47 km al SE de Camiña,-19.696,-69.23,98.0,2.8,Ml
232919,2024-04-30 21:12:02,2024-04-30 17:12:02,29 km al N de Iquique,-19.954,-70.099,55.0,2.5,Ml
232923,2024-04-30 22:35:39,2024-04-30 18:35:39,42 km al SO de Huasco,-28.793,-71.437,41.0,2.8,Ml
232924,2024-04-30 23:05:19,2024-04-30 19:05:19,53 km al SO de Los Vilos,-32.294,-71.844,20.0,2.8,Ml
232926,2024-04-30 23:06:44,2024-04-30 19:06:44,50 km al SO de Los Vilos,-32.272,-71.831,10.0,2.6,Ml
232927,2024-04-30 23:13:30,2024-04-30 19:13:30,74 km al SE de Socaire,-24.208,-67.624,221.0,2.8,Ml
232929,2024-04-30 23:44:05,2024-04-30 19:44:05,25 km al NO de Navidad,-33.834,-72.056,33.0,3.7,Ml
232930,2024-04-30 23:55:29,2024-04-30 19:55:29,52 km al SE de Socaire,-23.871,-67.479,265.0,3.3,Ml
232933,2024-05-01 01:24:50,2024-04-30 21:24:50,59 km al E de Quillagua,-21.445,-69.017,107.0,5.1,Mw
232938,2024-05-01 02:32:33,2024-04-30 22:32:33,39 km al SO de Mina Collahuasi,-21.068,-68.936,112.0,2.8,Ml
232940,2024-05-01 03:07:57,2024-04-30 23:07:57,66 km al S de Mina Collahuasi,-21.388,-68.877,107.0,3.3,Ml
232950,2024-05-01 05:02:31,2024-05-01 01:02:31,77 km al NE de Socaire,-23.105,-67.348,259.0,2.8,Ml
232952,2024-05-01 05:06:53,2024-05-01 01:06:53,131 km al NE de Socaire,-22.972,-66.797,268.0,4.4,Mw
232957,2024-05-01 06:29:42,2024-05-01 02:29:42,75 km al E de Socaire,-23.605,-67.152,227.0,3.6,Ml
232960,2024-05-01 07:10:22,2024-05-01 03:10:22,25 km al SO de Ollagüe,-21.34,-68.458,145.0,3.2,Ml
232962,2024-05-01 07:15:32,2024-05-01 03:15:32,5 km al S de San Pedro de Atacama,-22.967,-68.209,125.0,2.5,Ml
232967,2024-05-01 08:46:20,2024-05-01 04:46:20,30 km al SO de Mina Collahuasi,-20.938,-68.924,105.0,4.5,Mw
232974,2024-05-01 11:45:03,2024-05-01 07:45:03,41 km al S de Calama,-22.827,-68.833,110.0,2.5,Ml
232976,2024-05-01 12:02:19,2024-05-01 08:02:19,25 km al O de Puelo,-41.603,-72.583,106.0,3.9,Ml
232978,2024-05-01 12:12:24,2024-05-01 08:12:24,34 km al NO de Mina Collahuasi,-20.663,-68.939,115.0,3.1,Ml
232984,2024-05-01 13:26:12,2024-05-01 09:26:12,154 km al E de San Pedro de Atacama,-22.46,-66.787,294.0,3.6,Ml
232988,2024-05-01 14:25:25,2024-05-01 10:25:25,43 km al S de Mina Collahuasi,-21.21,-68.686,131.0,2.7,Ml
232997,2024-05-01 15:55:34,2024-05-01 11:55:34,60 km al E de Quillagua,-21.452,-69.001,102.0,3.1,Ml
233000,2024-05-01 16:05:23,2024-05-01 12:05:23,69 km al SE de Socaire,-24.015,-67.398,248.0,2.9,Ml
233002,2024-05-01 16:30:04,2024-05-01 12:30:04,68 km al NE de Calama,-21.963,-68.557,116.0,2.7,Ml
233005,2024-05-01 16:50:45,2024-05-01 12:50:45,83 km al O de La Higuera,-29.573,-72.056,30.0,2.9,Ml
233006,2024-05-01 16:51:56,2024-05-01 12:51:56,3 km al N de Visviri,-17.571,-69.489,174.0,2.8,Ml
233008,2024-05-01 17:00:25,2024-05-01 13:00:25,46 km al SO de Mina Collahuasi,-21.102,-68.99,103.0,2.5,Ml
233009,2024-05-01 17:24:03,2024-05-01 13:24:03,36 km al S de Mina Collahuasi,-21.148,-68.595,136.0,3.8,Ml
233019,2024-05-01 19:05:53,2024-05-01 15:05:53,42 km al S de Mina Collahuasi,-21.197,-68.748,109.0,3.7,Ml
233021,2024-05-01 19:29:06,2024-05-01 15:29:06,53 km al S de Sierra Gorda,-23.363,-69.264,106.0,3.1,Ml
233023,2024-05-01 19:57:29,2024-05-01 15:57:29,65 km al S de Putre,-18.767,-69.709,114.0,2.8,Ml
233025,2024-05-01 20:01:44,2024-05-01 16:01:44,12 km al SE de Canela Baja,-31.478,-71.37,81.0,2.8,Ml
233032,2024-05-01 22:32:29,2024-05-01 18:32:29,44 km al SO de Mina Collahuasi,-21.156,-68.899,120.0,2.7,Ml
233035,2024-05-01 22:50:05,2024-05-01 18:50:05,30 km al NO de Mina Collahuasi,-20.678,-68.903,107.0,4.0,Ml
233040,2024-05-02 00:16:02,2024-05-01 20:16:02,73 km al SE de Socaire,-23.972,-67.301,264.0,3.4,Ml
233041,2024-05-02 00:20:42,2024-05-01 20:20:42,112 km al E de Alto del Carmen,-29.144,-69.425,118.0,3.3,Ml
233047,2024-05-02 02:52:26,2024-05-01 22:52:26,55 km al NE de Socaire,-23.379,-67.398,263.0,2.8,Ml
233055,2024-05-02 04:01:52,2024-05-02 00:01:52,41 km al NO de Concepción,-36.483,-73.203,28.0,3.0,Ml
233062,2024-05-02 04:57:11,2024-05-02 00:57:11,70 km al S de Tierra Amarilla,-28.109,-70.263,99.0,2.8,Ml
233069,2024-05-02 05:38:39,2024-05-02 01:38:39,31 km al O de Lebu,-37.536,-73.996,22.0,3.7,Ml
233071,2024-05-02 06:25:35,2024-05-02 02:25:35,23 km al SE de Socaire,-23.687,-67.692,271.0,2.9,Ml
233077,2024-05-02 06:57:42,2024-05-02 02:57:42,34 km al E de Tierra Amarilla,-27.59,-69.947,96.0,3.9,Ml
233084,2024-05-02 08:11:29,2024-05-02 04:11:29,133 km al NO de Taltal,-24.724,-71.566,12.0,2.6,Ml
233087,2024-05-02 10:06:08,2024-05-02 06:06:08,44 km al O de Tocopilla,-22.05,-70.622,22.0,3.1,Ml
233090,2024-05-02 12:28:14,2024-05-02 08:28:14,69 km al SE de Socaire,-24.126,-67.549,240.0,2.8,Ml
233094,2024-05-02 13:48:53,2024-05-02 09:48:53,38 km al NO de Quillagua,-21.365,-69.721,43.0,2.5,Ml
233096,2024-05-02 14:53:08,2024-05-02 10:53:08,35 km al O de Ollagüe,-21.248,-68.592,155.0,2.6,Ml
233100,2024-05-02 15:48:35,2024-05-02 11:48:35,79 km al SO de San Pedro de Atacama,-23.461,-68.699,112.0,2.9,Ml
233104,2024-05-02 17:58:02,2024-05-02 13:58:02,148 km al NO de Constitución,-34.566,-73.743,32.0,2.7,Ml
233107,2024-05-02 18:09:24,2024-05-02 14:09:24,66 km al SE de Antofagasta,-24.14,-70.06,52.0,2.6,Ml
233115,2024-05-02 19:08:28,2024-05-02 15:08:28,33 km al S de Mina Collahuasi,-21.119,-68.678,142.0,2.5,Ml
233116,2024-05-02 19:23:15,2024-05-02 15:23:15,18 km al NO de Punitaqui,-30.702,-71.381,62.0,3.1,Ml
233129,2024-05-02 21:41:40,2024-05-02 17:41:40,87 km al SE de Socaire,-24.172,-67.322,205.0,3.4,Ml
233131,2024-05-02 22:11:11,2024-05-02 18:11:11,69 km al NE de Calama,-21.946,-68.566,123.0,2.7,Ml
233133,2024-05-02 22:51:51,2024-05-02 18:51:51,65 km al SE de Socaire,-23.978,-67.411,259.0,3.1,Ml
233140,2024-05-03 00:18:26,2024-05-02 20:18:26,70 km al NE de Socaire,-23.248,-67.315,228.0,3.0,Ml
233142,2024-05-03 00:33:44,2024-05-02 20:33:44,12 km al NE de Huasco,-28.368,-71.179,24.0,2.9,Ml
233146,2024-05-03 02:02:10,2024-05-02 22:02:10,41 km al SO de Ollagüe,-21.528,-68.484,141.0,2.7,Ml
233154,2024-05-03 03:15:37,2024-05-02 23:15:37,38 km al SO de Taltal,-25.636,-70.764,31.0,2.7,Ml
233157,2024-05-03 03:34:25,2024-05-02 23:34:25,60 km al SO de Ollagüe,-21.723,-68.468,130.0,2.8,Ml
233159,2024-05-03 03:38:50,2024-05-02 23:38:50,21 km al N de Pica,-20.301,-69.342,82.0,2.5,Ml
233162,2024-05-03 04:56:12,2024-05-03 00:56:12,87 km al N de Mina La Escondida.,-23.528,-68.787,156.0,2.6,Ml
233163,2024-05-03 05:23:16,2024-05-03 01:23:16,28 km al SE de Baquedano,-23.57,-69.74,46.0,2.6,Ml
233167,2024-05-03 05:54:59,2024-05-03 01:54:59,26 km al O de Visviri,-17.678,-69.714,144.0,4.1,Ml
233176,2024-05-03 07:18:44,2024-05-03 03:18:44,27 km al NO de Socaire,-23.36,-67.986,315.0,3.2,Ml
233179,2024-05-03 08:08:23,2024-05-03 04:08:23,106 km al NE de Socaire,-23.111,-66.989,234.0,2.6,Ml
233182,2024-05-03 08:33:48,2024-05-03 04:33:48,69 km al SO de Colchane.,-19.806,-68.989,104.0,2.5,Ml
233187,2024-05-03 09:16:32,2024-05-03 05:16:32,58 km al E de Quillagua,-21.461,-69.013,103.0,2.9,Ml
233192,2024-05-03 09:44:44,2024-05-03 05:44:44,27 km al S de Mina Collahuasi,-21.068,-68.687,107.0,2.8,Ml
233198,2024-05-03 11:11:29,2024-05-03 07:11:29,72 km al NO de Quillagua,-21.344,-70.145,47.0,2.6,Ml
233205,2024-05-03 13:21:04,2024-05-03 09:21:04,28 km al NE de Calama,-22.274,-68.758,122.0,2.7,Ml
233210,2024-05-03 13:48:57,2024-05-03 09:48:57,53 km al NE de Calama,-22.047,-68.694,115.0,3.2,Ml
233211,2024-05-03 13:54:15,2024-05-03 09:54:15,68 km al O de Arica,-18.414,-70.96,32.0,2.7,Ml
233213,2024-05-03 14:52:13,2024-05-03 10:52:13,59 km al S de Caldera,-27.59,-70.908,66.0,2.9,Ml
233217,2024-05-03 16:26:12,2024-05-03 12:26:12,81 km al S de Alto Hospicio,-20.98,-70.266,59.0,3.9,Ml
233220,2024-05-03 16:59:04,2024-05-03 12:59:04,9 km al S de Cobquecura,-36.214,-72.817,35.0,2.9,Ml
233233,2024-05-03 18:43:48,2024-05-03 14:43:48,10 km al N de Camiña,-19.219,-69.423,123.0,3.9,Ml
233237,2024-05-03 19:12:02,2024-05-03 15:12:02,60 km al NO de Taltal,-24.956,-70.806,38.0,3.0,Ml
233239,2024-05-03 19:19:10,2024-05-03 15:19:10,87 km al SE de Copiapó,-27.787,-69.584,113.0,3.1,Ml
233242,2024-05-03 20:37:28,2024-05-03 16:37:28,44 km al O de Valparaíso,-33.026,-72.089,39.0,2.9,Ml
233259,2024-05-03 23:15:28,2024-05-03 19:15:28,32 km al O de Tirúa,-38.313,-73.862,42.0,3.1,Ml
233271,2024-05-04 01:46:27,2024-05-03 21:46:27,26 km al NO de La Ligua,-32.239,-71.363,50.0,3.1,Ml
233273,2024-05-04 02:00:53,2024-05-03 22:00:53,96 km al E de Paihuano,-30.287,-69.56,22.0,3.5,Ml
233279,2024-05-04 02:55:17,2024-05-03 22:55:17,12 km al NO de El Tabo,-33.362,-71.733,22.0,2.5,Ml
233316,2024-05-04 11:25:41,2024-05-04 07:25:41,57 km al SE de Socaire,-23.917,-67.464,199.0,3.3,Ml
233320,2024-05-04 12:01:05,2024-05-04 08:01:05,51 km al SO de Los Vilos,-32.305,-71.794,25.0,2.8,Ml
233331,2024-05-04 13:25:52,2024-05-04 09:25:52,25 km al S de Parque Fray Jorge,-30.883,-71.653,41.0,3.2,Ml
233338,2024-05-04 14:58:35,2024-05-04 10:58:35,83 km al NO de San Antonio de los Cobres,-23.666,-66.857,195.0,3.4,Ml
233357,2024-05-04 18:40:18,2024-05-04 14:40:18,99 km al NE de Socaire,-23.042,-67.121,221.0,4.1,Ml
233358,2024-05-04 19:09:07,2024-05-04 15:09:07,42 km al SO de Ollagüe,-21.574,-68.409,131.0,2.8,Ml
233371,2024-05-04 21:32:46,2024-05-04 17:32:46,52 km al S de Pica,-20.959,-69.355,86.0,2.6,Ml
233380,2024-05-04 23:14:01,2024-05-04 19:14:01,98 km al NE de Taltal,-24.671,-69.945,65.0,3.1,Ml
233385,2024-05-05 00:28:45,2024-05-04 20:28:45,31 km al E de Sierra Gorda.,-22.886,-69.012,111.0,2.6,Ml
233397,2024-05-05 03:37:39,2024-05-04 23:37:39,25 km al SO de Canela Baja,-31.61,-71.555,27.0,3.2,Ml
233407,2024-05-05 05:02:07,2024-05-05 01:02:07,65 km al O de La Serena,-29.679,-71.875,38.0,3.3,Ml
233408,2024-05-05 05:31:52,2024-05-05 01:31:52,31 km al SO de Santiago,-33.678,-70.818,71.0,3.9,Ml
233421,2024-05-05 08:33:25,2024-05-05 04:33:25,45 km al SO de Mina Collahuasi,-21.171,-68.894,115.0,3.6,Ml
233425,2024-05-05 09:04:25,2024-05-05 05:04:25,85 km al O de San Antonio de los Cobres,-23.979,-67.107,230.0,3.8,Ml
233427,2024-05-05 09:20:48,2024-05-05 05:20:48,49 km al O de San Pedro de Atacama,-22.945,-68.674,128.0,3.9,Ml
233432,2024-05-05 09:42:54,2024-05-05 05:42:54,52 km al NO de La Serena,-29.7,-71.738,32.0,2.7,Ml
233442,2024-05-05 12:03:33,2024-05-05 08:03:33,78 km al E de Socaire,-23.652,-67.13,223.0,3.8,Ml
233447,2024-05-05 13:11:59,2024-05-05 09:11:59,33 km al N de Cuya,-18.876,-70.257,49.0,2.8,Ml
233450,2024-05-05 14:52:58,2024-05-05 10:52:58,51 km al NE de San Pedro de Atacama,-22.515,-67.97,179.0,2.8,Ml
233455,2024-05-05 15:46:24,2024-05-05 11:46:24,55 km al SO de Los Vilos,-32.282,-71.903,28.0,3.0,Ml
233454,2024-05-05 15:47:03,2024-05-05 11:47:03,57 km al SO de Los Vilos,-32.301,-71.907,12.0,3.1,Ml
233462,2024-05-05 16:33:51,2024-05-05 12:33:51,21 km al NO de Los Vilos,-31.781,-71.672,34.0,3.2,Ml
233465,2024-05-05 16:41:14,2024-05-05 12:41:14,17 km al E de Linares,-35.793,-71.416,103.0,2.9,Ml
233472,2024-05-05 18:04:15,2024-05-05 14:04:15,68 km al N de Pica,-19.904,-69.154,96.0,3.6,Ml
233485,2024-05-05 20:40:45,2024-05-05 16:40:45,29 km al SO de Mina Collahuasi,-21.05,-68.799,108.0,2.7,Ml
233486,2024-05-05 20:42:40,2024-05-05 16:42:40,56 km al SO de Los Vilos,-32.26,-71.943,26.0,2.7,Ml
233497,2024-05-05 22:30:05,2024-05-05 18:30:05,36 km al SE de Talca,-35.588,-71.317,103.0,3.6,Ml
233515,2024-05-06 01:48:18,2024-05-05 21:48:18,31 km al E de Puelo,-41.588,-71.944,149.0,3.7,Ml
233516,2024-05-06 01:58:12,2024-05-05 21:58:12,9 km al SO de Ovalle,-30.642,-71.289,60.0,4.4,Mw
233524,2024-05-06 03:37:12,2024-05-05 23:37:12,12 km al SO de Ovalle,-30.687,-71.285,50.0,3.1,Ml
233532,2024-05-06 04:39:35,2024-05-06 00:39:35,61 km al S de Ollagüe,-21.749,-68.422,140.0,2.5,Ml
233535,2024-05-06 05:01:05,2024-05-06 01:01:05,41 km al SO de Putre,-18.535,-69.719,96.0,2.6,Ml
233543,2024-05-06 06:27:02,2024-05-06 02:27:02,58 km al N de Calama,-21.949,-68.855,122.0,3.1,Ml
233547,2024-05-06 06:30:31,2024-05-06 02:30:31,25 km al O de Mina Collahuasi,-20.815,-68.897,106.0,4.7,Mw
233557,2024-05-06 08:53:01,2024-05-06 04:53:01,85 km al S de Socaire,-24.32,-67.654,206.0,3.3,Ml
233561,2024-05-06 10:07:30,2024-05-06 06:07:30,51 km al N de Pica,-20.054,-69.165,94.0,3.1,Ml
233564,2024-05-06 10:40:13,2024-05-06 06:40:13,45 km al SE de Sierra Gorda.,-23.194,-69.015,89.0,2.7,Ml
233573,2024-05-06 12:36:23,2024-05-06 08:36:23,32 km al O de Tocopilla,-22.01,-70.498,15.0,3.7,Ml
233576,2024-05-06 13:43:24,2024-05-06 09:43:24,41 km al NO de San Antonio de los Cobres,-23.882,-66.475,184.0,3.3,Ml
233577,2024-05-06 13:52:56,2024-05-06 09:52:56,56 km al NE de El Salvador,-25.881,-69.244,102.0,3.0,Ml
233578,2024-05-06 13:54:59,2024-05-06 09:54:59,41 km al N de Vallenar,-28.207,-70.733,58.0,2.6,Ml
233589,2024-05-06 16:35:12,2024-05-06 12:35:12,21 km al NE de Chillán,-36.479,-71.937,74.0,3.7,Ml
233602,2024-05-06 18:27:51,2024-05-06 14:27:51,58 km al S de Ollagüe,-21.719,-68.419,134.0,2.9,Ml
233619,2024-05-06 22:18:23,2024-05-06 18:18:23,22 km al N de Camiña,-19.124,-69.481,98.0,3.5,Ml
233624,2024-05-06 23:06:31,2024-05-06 19:06:31,54 km al NO de La Serena,-29.69,-71.755,36.0,2.6,Ml
233631,2024-05-07 02:44:46,2024-05-06 22:44:46,50 km al S de Ollagüe,-21.665,-68.345,138.0,2.5,Ml
233645,2024-05-07 06:40:18,2024-05-07 02:40:18,33 km al N de Pica,-20.194,-69.306,87.0,2.5,Ml
233651,2024-05-07 09:09:09,2024-05-07 05:09:09,70 km al SE de Socaire,-24.004,-67.366,237.0,3.5,Ml
233662,2024-05-07 12:15:22,2024-05-07 08:15:22,96 km al NE de Socaire,-23.13,-67.095,246.0,3.1,Ml
233665,2024-05-07 13:27:28,2024-05-07 09:27:28,59 km al SO de Ollagüe,-21.661,-68.584,135.0,3.4,Ml
233667,2024-05-07 13:32:16,2024-05-07 09:32:16,28 km al S de Mina Collahuasi,-21.081,-68.674,119.0,2.7,Ml
233699,2024-05-07 21:44:16,2024-05-07 17:44:16,72 km al SE de Socaire,-24.139,-67.516,215.0,4.0,Ml
233706,2024-05-07 22:33:55,2024-05-07 18:33:55,52 km al O de Punitaqui,-30.837,-71.803,35.0,3.7,Ml
233708,2024-05-07 22:43:02,2024-05-07 18:43:02,58 km al NE de San Pedro de Atacama,-22.46,-67.941,184.0,2.5,Ml
233717,2024-05-07 23:32:54,2024-05-07 19:32:54,64 km al O de Lebu,-37.641,-74.382,15.0,3.9,Ml
233721,2024-05-08 00:32:05,2024-05-07 20:32:05,51 km al SO de Los Vilos,-32.285,-71.826,31.0,2.5,Ml
233723,2024-05-08 00:33:34,2024-05-07 20:33:34,83 km al N de San Pedro de Atacama,-22.202,-67.964,175.0,2.7,Ml
233730,2024-05-08 02:34:49,2024-05-07 22:34:49,34 km al NO de Tongoy,-29.972,-71.632,36.0,2.9,Ml
233731,2024-05-08 02:49:15,2024-05-07 22:49:15,22 km al SO de Mina La Escondida.,-24.383,-69.229,93.0,2.9,Ml
233736,2024-05-08 04:42:35,2024-05-08 00:42:35,41 km al O de Ollagüe,-21.252,-68.649,116.0,3.2,Ml
233740,2024-05-08 05:15:00,2024-05-08 01:15:00,59 km al N de San Pedro de Atacama,-22.393,-68.13,176.0,2.7,Ml
233743,2024-05-08 05:47:29,2024-05-08 01:47:29,145 km al O de Lebu,-38.058,-75.213,34.0,3.1,Ml
233748,2024-05-08 07:15:36,2024-05-08 03:15:36,42 km al SO de Alto Hospicio,-20.59,-70.318,28.0,2.6,Ml
233752,2024-05-08 07:38:28,2024-05-08 03:38:28,67 km al O de Punitaqui,-30.861,-71.962,33.0,2.7,Ml
233750,2024-05-08 07:39:00,2024-05-08 03:39:00,71 km al NE de Calama,-21.893,-68.642,128.0,2.5,Ml
233754,2024-05-08 07:52:04,2024-05-08 03:52:04,35 km al O de El Tabo,-33.522,-72.041,20.0,2.5,Ml
233756,2024-05-08 08:19:58,2024-05-08 04:19:58,77 km al S de Socaire,-24.266,-68.049,236.0,2.9,Ml
233758,2024-05-08 08:57:26,2024-05-08 04:57:26,28 km al E de Sierra Gorda.,-22.984,-69.056,109.0,2.8,Ml
233762,2024-05-08 09:54:14,2024-05-08 05:54:14,82 km al SO de Lebu,-38.032,-74.417,22.0,3.6,Ml
233763,2024-05-08 10:00:59,2024-05-08 06:00:59,30 km al SO de Ollagüe,-21.416,-68.458,125.0,5.0,Mw
233767,2024-05-08 10:52:45,2024-05-08 06:52:45,46 km al SO de Mina Collahuasi,-21.043,-69.034,109.0,2.9,Ml
233773,2024-05-08 12:58:36,2024-05-08 08:58:36,106 km al SO de Alto Hospicio,-21.144,-70.517,52.0,3.7,Ml
233780,2024-05-08 14:22:20,2024-05-08 10:22:20,33 km al NE de Calama,-22.231,-68.741,114.0,2.6,Ml
233785,2024-05-08 15:53:09,2024-05-08 11:53:09,68 km al S de Socaire,-24.205,-67.908,255.0,2.5,Ml
233788,2024-05-08 16:33:49,2024-05-08 12:33:49,36 km al O de La Ligua,-32.372,-71.604,48.0,3.1,Ml
233793,2024-05-08 17:43:18,2024-05-08 13:43:18,29 km al SO de Huasco,-28.696,-71.369,11.0,2.6,Ml
233794,2024-05-08 18:20:27,2024-05-08 14:20:27,35 km al SO de Huasco,-28.739,-71.398,46.0,2.8,Ml
233795,2024-05-08 18:36:00,2024-05-08 14:36:00,60 km al SO de Ollagüe,-21.716,-68.503,124.0,3.0,Ml
233802,2024-05-08 19:46:29,2024-05-08 15:46:29,36 km al E de Sierra Gorda.,-22.998,-68.979,88.0,2.5,Ml
233805,2024-05-08 19:51:06,2024-05-08 15:51:06,63 km al NE de Calama,-21.996,-68.596,114.0,2.5,Ml
233810,2024-05-08 21:14:11,2024-05-08 17:14:11,14 km al S de Mina La Escondida.,-24.398,-69.061,106.0,2.8,Ml
233823,2024-05-08 23:30:35,2024-05-08 19:30:35,28 km al SO de Tongoy,-30.447,-71.686,33.0,2.6,Ml
233830,2024-05-09 00:41:51,2024-05-08 20:41:51,47 km al SO de Mina Collahuasi,-21.176,-68.911,103.0,2.8,Ml
233836,2024-05-09 01:57:14,2024-05-08 21:57:14,55 km al O de Valdivia,-40.045,-73.814,34.0,2.6,Ml
233837,2024-05-09 02:51:20,2024-05-08 22:51:20,43 km al NO de Quillagua,-21.402,-69.847,44.0,2.5,Ml
233839,2024-05-09 03:03:12,2024-05-08 23:03:12,60 km al SE de Socaire,-23.97,-67.468,207.0,3.3,Ml
233842,2024-05-09 03:56:13,2024-05-08 23:56:13,13 km al O de Punitaqui,-30.786,-71.385,51.0,2.8,Ml
233846,2024-05-09 05:29:31,2024-05-09 01:29:31,78 km al S de Socaire,-24.262,-67.665,235.0,3.3,Ml
233845,2024-05-09 05:32:58,2024-05-09 01:32:58,17 km al SO de Mina Collahuasi,-20.927,-68.787,103.0,2.5,Ml
233847,2024-05-09 05:48:21,2024-05-09 01:48:21,11 km al O de Punitaqui,-30.802,-71.365,44.0,2.6,Ml
233863,2024-05-09 10:02:54,2024-05-09 06:02:54,25 km al SO de Calama,-22.669,-69.038,118.0,2.5,Ml
233866,2024-05-09 10:16:48,2024-05-09 06:16:48,21 km al N de Mina La Escondida.,-24.093,-68.987,94.0,3.1,Ml
233869,2024-05-09 11:01:08,2024-05-09 07:01:08,44 km al E de Antuco,-37.328,-71.174,152.0,3.1,Ml
233870,2024-05-09 11:06:43,2024-05-09 07:06:43,52 km al O de Quellón,-43.02,-74.251,30.0,3.2,Ml
233873,2024-05-09 11:18:14,2024-05-09 07:18:14,60 km al O de La Ligua,-32.543,-71.867,18.0,2.5,Ml
233875,2024-05-09 11:27:18,2024-05-09 07:27:18,55 km al NE de Mina Los Pelambres,-31.531,-70.119,177.0,2.7,Ml
233877,2024-05-09 12:19:11,2024-05-09 08:19:11,56 km al SE de Socaire,-23.967,-67.521,271.0,2.5,Ml
233878,2024-05-09 12:29:29,2024-05-09 08:29:29,83 km al SO de Mina La Escondida.,-24.623,-69.776,89.0,4.4,Mw
233885,2024-05-09 13:40:46,2024-05-09 09:40:46,43 km al SO de Visviri,-17.826,-69.804,151.0,4.1,Ml
233903,2024-05-09 18:55:04,2024-05-09 14:55:04,74 km al S de Ilo,-18.301,-71.463,24.0,2.8,Ml
233911,2024-05-09 20:31:32,2024-05-09 16:31:32,99 km al O de Toltén,-39.194,-74.309,33.0,3.2,Ml
233914,2024-05-09 21:30:37,2024-05-09 17:30:37,32 km al SE de Cobquecura,-36.343,-72.548,66.0,2.8,Ml
233934,2024-05-10 02:00:35,2024-05-09 22:00:35,69 km al SE de Camiña,-19.881,-69.161,100.0,2.7,Ml
233939,2024-05-10 04:11:49,2024-05-10 00:11:49,118 km al O de Navidad,-33.663,-73.061,27.0,2.6,Ml
233942,2024-05-10 04:56:22,2024-05-10 00:56:22,43 km al E de Rancagua,-34.099,-70.277,126.0,3.2,Ml
233945,2024-05-10 05:00:15,2024-05-10 01:00:15,82 km al S de Socaire,-24.318,-67.773,231.0,3.0,Ml
233952,2024-05-10 06:20:03,2024-05-10 02:20:03,49 km al S de Alto del Carmen,-29.195,-70.532,89.0,3.3,Ml
233963,2024-05-10 08:43:27,2024-05-10 04:43:27,68 km al S de Sierra Gorda.,-23.477,-69.084,92.0,2.7,Ml
233968,2024-05-10 10:01:42,2024-05-10 06:01:42,44 km al N de Pica,-20.108,-69.212,94.0,2.8,Ml
233970,2024-05-10 11:16:46,2024-05-10 07:16:46,24 km al O de Navidad,-33.878,-72.074,34.0,2.7,Ml
233971,2024-05-10 11:20:28,2024-05-10 07:20:28,49 km al SO de Mina Collahuasi,-21.104,-69.019,110.0,2.9,Ml
233980,2024-05-10 13:32:18,2024-05-10 09:32:18,76 km al S de Mina La Escondida.,-24.952,-69.136,118.0,3.0,Ml
233981,2024-05-10 13:32:53,2024-05-10 09:32:53,65 km al SO de Ollagüe,-21.722,-68.576,124.0,3.1,Ml
233986,2024-05-10 15:27:39,2024-05-10 11:27:39,128 km al NE de Socaire,-22.983,-66.823,269.0,4.5,Mw
233988,2024-05-10 15:42:02,2024-05-10 11:42:02,36 km al NO de Constitución,-35.075,-72.651,12.0,3.5,Ml
233993,2024-05-10 17:21:16,2024-05-10 13:21:16,20 km al SO de Los Vilos,-31.997,-71.702,28.0,2.6,Ml
233996,2024-05-10 18:23:31,2024-05-10 14:23:31,44 km al O de Mina Collahuasi,-20.932,-69.064,106.0,2.8,Ml
234007,2024-05-10 19:10:04,2024-05-10 15:10:04,65 km al SO de Tongoy,-30.551,-72.082,48.0,2.9,Ml
234022,2024-05-10 22:46:08,2024-05-10 18:46:08,67 km al SO de Mina Collahuasi,-21.372,-68.924,108.0,3.4,Ml
234026,2024-05-10 23:49:16,2024-05-10 19:49:16,14 km al SO de Los Vilos,-32.016,-71.595,36.0,2.5,Ml
234030,2024-05-11 00:31:45,2024-05-10 20:31:45,89 km al E de Socaire,-23.516,-67.023,259.0,3.6,Ml
234031,2024-05-11 00:33:01,2024-05-10 20:33:01,12 km al N de La Higuera,-29.402,-71.212,54.0,2.7,Ml
234032,2024-05-11 00:33:43,2024-05-10 20:33:43,143 km al SE de Mina La Escondida.,-24.987,-67.881,151.0,3.6,Ml
234035,2024-05-11 02:47:22,2024-05-10 22:47:22,29 km al SE de Cuya,-19.357,-69.999,23.0,2.9,Ml
234039,2024-05-11 03:29:42,2024-05-10 23:29:42,46 km al O de Canela Baja,-31.526,-71.917,20.0,3.0,Ml
234042,2024-05-11 03:32:46,2024-05-10 23:32:46,47 km al O de Canela Baja,-31.511,-71.932,34.0,3.1,Ml
234045,2024-05-11 04:07:11,2024-05-11 00:07:11,42 km al SE de Baquedano,-23.583,-69.532,79.0,2.7,Ml
234046,2024-05-11 05:02:04,2024-05-11 01:02:04,38 km al S de Mina Collahuasi,-21.169,-68.66,120.0,3.1,Ml
234049,2024-05-11 05:19:10,2024-05-11 01:19:10,50 km al S de Mina Collahuasi,-21.266,-68.765,117.0,3.0,Ml
234058,2024-05-11 06:47:03,2024-05-11 02:47:03,88 km al SE de Socaire,-24.195,-67.327,231.0,3.6,Ml
234060,2024-05-11 06:51:50,2024-05-11 02:51:50,36 km al N de Tocopilla,-21.786,-70.312,39.0,3.2,Ml
234066,2024-05-11 08:28:11,2024-05-11 04:28:11,97 km al NE de Socaire,-23.0,-67.187,236.0,3.3,Ml
234070,2024-05-11 09:47:52,2024-05-11 05:47:52,46 km al SO de Los Vilos,-32.264,-71.771,24.0,3.1,Ml
234079,2024-05-11 10:58:04,2024-05-11 06:58:04,46 km al NO de Valparaíso,-32.665,-71.812,36.0,4.0,Ml
234080,2024-05-11 11:01:58,2024-05-11 07:01:58,63 km al SO de Ollagüe,-21.745,-68.494,114.0,2.5,Ml
234082,2024-05-11 11:10:35,2024-05-11 07:10:35,20 km al O de Visviri,-17.532,-69.664,167.0,3.3,Ml
234083,2024-05-11 11:36:02,2024-05-11 07:36:02,26 km al O de Visviri,-17.685,-69.709,171.0,2.9,Ml
234090,2024-05-11 12:33:26,2024-05-11 08:33:26,46 km al NO de Valparaíso,-32.666,-71.809,28.0,2.7,Ml
234095,2024-05-11 13:40:35,2024-05-11 09:40:35,28 km al E de Mina Los Pelambres,-31.843,-70.288,129.0,3.4,Ml
234104,2024-05-11 15:02:22,2024-05-11 11:02:22,78 km al N de Calama,-21.785,-68.756,109.0,3.2,Ml
234109,2024-05-11 16:35:25,2024-05-11 12:35:25,46 km al NO de Valparaíso,-32.668,-71.816,27.0,2.9,Ml
234114,2024-05-11 16:53:45,2024-05-11 12:53:45,30 km al NE de Calama,-22.229,-68.801,98.0,3.4,Ml
234134,2024-05-11 20:20:57,2024-05-11 16:20:57,7 km al E de Caldera,-27.056,-70.75,42.0,3.3,Ml
234144,2024-05-11 22:12:14,2024-05-11 18:12:14,21 km al E de Las Cabras,-34.308,-71.078,80.0,2.9,Ml
234149,2024-05-11 22:45:33,2024-05-11 18:45:33,59 km al NO de La Higuera,-29.23,-71.72,40.0,3.4,Ml
234157,2024-05-11 23:28:23,2024-05-11 19:28:23,26 km al NO de Mina Collahuasi,-20.727,-68.884,108.0,2.7,Ml
234160,2024-05-11 23:50:05,2024-05-11 19:50:05,21 km al O de Navidad,-33.876,-72.04,33.0,2.6,Ml
234171,2024-05-12 02:54:31,2024-05-11 22:54:31,19 km al O de Sierra Gorda.,-22.849,-69.49,74.0,2.8,Ml
234178,2024-05-12 04:40:16,2024-05-12 00:40:16,45 km al O de Ollagüe,-21.348,-68.672,123.0,2.6,Ml
234182,2024-05-12 05:35:57,2024-05-12 01:35:57,90 km al O de Tortel,-47.431,-74.598,23.0,2.5,Ml
234197,2024-05-12 09:02:41,2024-05-12 05:02:41,22 km al O de Ollagüe,-21.293,-68.453,120.0,3.0,Ml
234212,2024-05-12 12:20:34,2024-05-12 08:20:34,73 km al SO de Ollagüe,-21.806,-68.579,116.0,2.5,Ml
234214,2024-05-12 13:39:06,2024-05-12 09:39:06,41 km al SE de Rancagua,-34.446,-70.438,123.0,3.0,Ml
234217,2024-05-12 14:04:56,2024-05-12 10:04:56,28 km al NO de Quillagua,-21.5,-69.748,33.0,2.5,Ml
234221,2024-05-12 14:55:26,2024-05-12 10:55:26,30 km al E de Rancagua,-34.11,-70.416,123.0,2.7,Ml
234231,2024-05-12 17:23:07,2024-05-12 13:23:07,39 km al E de Visviri,-17.58,-69.116,194.0,3.8,Ml
234243,2024-05-12 18:46:46,2024-05-12 14:46:46,31 km al NE de Calama,-22.285,-68.7,116.0,2.7,Ml
234255,2024-05-12 20:31:22,2024-05-12 16:31:22,22 km al SE de Baquedano,-23.468,-69.685,71.0,3.8,Ml
234262,2024-05-12 21:27:33,2024-05-12 17:27:33,52 km al NE de Cuya,-18.777,-69.903,78.0,3.3,Ml
234264,2024-05-12 21:33:58,2024-05-12 17:33:58,87 km al O de Carrizal Bajo,-27.8,-71.974,40.0,4.0,Ml
234267,2024-05-12 21:57:50,2024-05-12 17:57:50,38 km al SO de Mina Collahuasi,-21.12,-68.851,115.0,2.5,Ml
234279,2024-05-13 00:27:44,2024-05-12 20:27:44,48 km al SO de Mina Collahuasi,-21.182,-68.923,116.0,2.8,Ml
234291,2024-05-13 01:25:35,2024-05-12 21:25:35,32 km al NO de Sierra Gorda.,-22.764,-69.596,72.0,2.7,Ml
234311,2024-05-13 05:59:39,2024-05-13 01:59:39,49 km al S de Alto Hospicio,-20.692,-70.239,30.0,3.0,Ml
234322,2024-05-13 08:33:20,2024-05-13 04:33:20,77 km al SO de Ollagüe,-21.765,-68.721,123.0,3.4,Ml
234327,2024-05-13 09:18:50,2024-05-13 05:18:50,79 km al O de Constitución,-35.408,-73.281,36.0,5.2,Mw
234329,2024-05-13 09:31:59,2024-05-13 05:31:59,28 km al O de Socaire,-23.689,-68.138,130.0,3.7,Ml
234332,2024-05-13 10:06:43,2024-05-13 06:06:43,90 km al O de Constitución,-35.444,-73.399,16.0,3.0,Ml
234335,2024-05-13 10:13:44,2024-05-13 06:13:44,13 km al NO de La Serena,-29.821,-71.349,50.0,3.1,Ml
234338,2024-05-13 10:39:42,2024-05-13 06:39:42,27 km al NE de Alto del Carmen,-28.558,-70.334,99.0,3.7,Ml
234352,2024-05-13 13:36:19,2024-05-13 09:36:19,53 km al SO de Mina Collahuasi,-21.269,-68.859,105.0,2.5,Ml
234360,2024-05-13 15:21:32,2024-05-13 11:21:32,22 km al SO de Pisagua,-19.763,-70.334,49.0,2.8,Ml
234367,2024-05-13 16:38:02,2024-05-13 12:38:02,43 km al E de Los Andes.,-32.687,-70.177,110.0,3.0,Ml
234378,2024-05-13 18:19:19,2024-05-13 14:19:19,96 km al SE de Socaire,-24.34,-67.43,216.0,3.6,Ml
234385,2024-05-13 19:53:18,2024-05-13 15:53:18,33 km al O de Mina Collahuasi,-20.894,-68.964,116.0,3.5,Ml
234389,2024-05-13 20:48:40,2024-05-13 16:48:40,29 km al N de Calama,-22.217,-68.846,115.0,3.7,Ml
234404,2024-05-14 01:57:40,2024-05-13 21:57:40,33 km al SO de Ollagüe,-21.486,-68.41,117.0,3.0,Ml
234407,2024-05-14 02:03:04,2024-05-13 22:03:04,77 km al S de Socaire,-24.259,-67.713,224.0,3.0,Ml
234408,2024-05-14 02:20:39,2024-05-13 22:20:39,4 km al S de Mina Los Pelambres,-31.859,-70.577,93.0,2.9,Ml
234413,2024-05-14 02:40:26,2024-05-13 22:40:26,105 km al E de Paihuano,-30.353,-69.495,18.0,3.7,Ml
234417,2024-05-14 03:18:37,2024-05-13 23:18:37,52 km al SO de Huasco,-28.764,-71.636,25.0,4.8,Mw
234420,2024-05-14 03:58:13,2024-05-13 23:58:13,19 km al S de Pichilemu,-34.552,-71.987,19.0,2.6,Ml
234424,2024-05-14 04:06:56,2024-05-14 00:06:56,36 km al NE de Pica,-20.209,-69.151,93.0,2.6,Ml
234428,2024-05-14 05:29:45,2024-05-14 01:29:45,31 km al NE de Vichuquén,-34.641,-71.83,39.0,3.0,Ml
234438,2024-05-14 07:37:16,2024-05-14 03:37:16,41 km al E de San José de Maipo,-33.61,-69.909,11.0,2.8,Ml
234444,2024-05-14 08:21:55,2024-05-14 04:21:55,15 km al NO de Ollagüe,-21.162,-68.381,139.0,2.8,Ml
234448,2024-05-14 09:03:25,2024-05-14 05:03:25,42 km al SO de Los Vilos,-32.244,-71.721,31.0,2.9,Ml
234453,2024-05-14 10:17:31,2024-05-14 06:17:31,39 km al S de Los Vilos,-32.254,-71.589,36.0,2.5,Ml
234458,2024-05-14 13:45:08,2024-05-14 09:45:08,23 km al E de Calama,-22.502,-68.706,106.0,4.1,Ml
234461,2024-05-14 13:55:14,2024-05-14 09:55:14,122 km al O de Lebu,-38.085,-74.903,4.0,3.4,Ml
234464,2024-05-14 14:12:32,2024-05-14 10:12:32,34 km al NO de Mejillones,-22.827,-70.598,42.0,2.8,Ml
234465,2024-05-14 14:16:01,2024-05-14 10:16:01,42 km al E de San José de Maipo,-33.616,-69.901,10.0,2.6,Ml
234473,2024-05-14 14:36:07,2024-05-14 10:36:07,7 km al N de Cobquecura,-36.073,-72.784,49.0,2.9,Ml
234474,2024-05-14 14:36:41,2024-05-14 10:36:41,24 km al NO de La Serena,-29.787,-71.463,57.0,4.1,Ml
234488,2024-05-14 18:19:21,2024-05-14 14:19:21,28 km al NE de Camiña,-19.161,-69.215,115.0,2.7,Ml
234489,2024-05-14 18:31:41,2024-05-14 14:31:41,32 km al NO de María Elena,-22.135,-69.875,68.0,2.7,Ml
234492,2024-05-14 18:34:32,2024-05-14 14:34:32,46 km al S de Pica,-20.888,-69.195,105.0,2.8,Ml
234509,2024-05-14 21:54:57,2024-05-14 17:54:57,41 km al SE de Pica,-20.836,-69.182,108.0,2.5,Ml
234512,2024-05-14 22:28:16,2024-05-14 18:28:16,56 km al N de Calama,-21.986,-68.779,116.0,3.5,Ml
234527,2024-05-15 02:26:47,2024-05-14 22:26:47,38 km al O de Los Vilos,-31.809,-71.893,30.0,3.4,Ml
234528,2024-05-15 02:31:40,2024-05-14 22:31:40,49 km al NE de Calama,-22.077,-68.715,126.0,4.0,Ml
234541,2024-05-15 04:20:41,2024-05-15 00:20:41,73 km al SO de Ollagüe,-21.8,-68.598,98.0,2.7,Ml
234543,2024-05-15 04:28:51,2024-05-15 00:28:51,64 km al NO de Mina La Escondida.,-23.97,-69.591,85.0,2.9,Ml
234544,2024-05-15 04:59:59,2024-05-15 00:59:59,38 km al S de Ollagüe,-21.547,-68.383,132.0,3.2,Ml
234560,2024-05-15 10:36:37,2024-05-15 06:36:37,50 km al S de Huasco,-28.891,-71.384,44.0,2.6,Ml
234565,2024-05-15 12:20:06,2024-05-15 08:20:06,30 km al NE de Calama,-22.278,-68.731,117.0,3.1,Ml
234569,2024-05-15 13:23:22,2024-05-15 09:23:22,66 km al SE de Socaire,-24.073,-67.519,267.0,2.9,Ml
234577,2024-05-15 15:18:18,2024-05-15 11:18:18,34 km al O de La Higuera,-29.552,-71.554,34.0,2.8,Ml
234578,2024-05-15 15:25:01,2024-05-15 11:25:01,60 km al NE de Calama,-21.993,-68.66,122.0,2.9,Ml
234584,2024-05-15 17:47:33,2024-05-15 13:47:33,56 km al E de Socaire,-23.416,-67.371,272.0,3.1,Ml
234586,2024-05-15 18:30:50,2024-05-15 14:30:50,45 km al SO de Cochrane,-47.549,-72.979,19.0,2.5,Ml
234591,2024-05-15 20:32:48,2024-05-15 16:32:48,19 km al S de Los Vilos,-32.085,-71.528,33.0,2.5,Ml
234600,2024-05-15 22:32:28,2024-05-15 18:32:28,67 km al O de San Antonio de los Cobres,-24.105,-66.964,197.0,3.4,Ml
234607,2024-05-15 23:09:45,2024-05-15 19:09:45,37 km al S de Calama,-22.799,-68.865,106.0,2.5,Ml
234608,2024-05-15 23:15:15,2024-05-15 19:15:15,47 km al SO de Mina Collahuasi,-21.138,-68.957,105.0,2.5,Ml
234611,2024-05-15 23:58:25,2024-05-15 19:58:25,20 km al SO de Visviri,-17.711,-69.621,150.0,2.6,Ml
234612,2024-05-16 00:31:37,2024-05-15 20:31:37,44 km al NO de La Higuera,-29.156,-71.398,44.0,2.5,Ml
234619,2024-05-16 02:27:27,2024-05-15 22:27:27,49 km al SE de Baquedano,-23.637,-69.488,76.0,4.0,Ml
234623,2024-05-16 03:51:13,2024-05-15 23:51:13,85 km al SE de Socaire,-23.983,-67.174,219.0,2.9,Ml
234625,2024-05-16 04:15:09,2024-05-16 00:15:09,84 km al NO de Quillagua,-21.097,-70.08,54.0,3.1,Ml
234627,2024-05-16 04:18:07,2024-05-16 00:18:07,85 km al SE de Tierra Amarilla,-27.994,-69.62,102.0,4.1,Ml
234638,2024-05-16 05:25:07,2024-05-16 01:25:07,56 km al SE de Socaire,-23.899,-67.461,222.0,3.1,Ml
234637,2024-05-16 05:29:42,2024-05-16 01:29:42,37 km al NO de El Tabo,-33.26,-71.998,39.0,2.8,Ml
234645,2024-05-16 06:16:57,2024-05-16 02:16:57,43 km al O de Lebu,-37.768,-74.1,10.0,2.8,Ml
234648,2024-05-16 07:33:22,2024-05-16 03:33:22,50 km al SE de Pica,-20.902,-69.134,112.0,2.6,Ml
234650,2024-05-16 07:35:35,2024-05-16 03:35:35,76 km al NE de Calama,-21.846,-68.641,110.0,2.8,Ml
234658,2024-05-16 08:42:17,2024-05-16 04:42:17,35 km al SE de Colchane.,-19.508,-68.419,159.0,2.7,Ml
234666,2024-05-16 10:53:38,2024-05-16 06:53:38,89 km al SE de Socaire,-24.173,-67.291,225.0,3.0,Ml
234668,2024-05-16 11:34:36,2024-05-16 07:34:36,53 km al SO de Huasco,-28.869,-71.519,41.0,2.5,Ml
234669,2024-05-16 12:20:19,2024-05-16 08:20:19,10 km al SO de Cuya,-19.233,-70.237,38.0,3.2,Ml
234675,2024-05-16 14:23:34,2024-05-16 10:23:34,33 km al NE de Calama,-22.334,-68.646,125.0,2.9,Ml
234677,2024-05-16 14:32:33,2024-05-16 10:32:33,76 km al O de Arica,-18.585,-71.034,23.0,2.5,Ml
234679,2024-05-16 15:26:07,2024-05-16 11:26:07,12 km al NE de Termas del Flaco,-34.867,-70.359,145.0,2.8,Ml
234682,2024-05-16 16:03:33,2024-05-16 12:03:33,56 km al E de Socaire,-23.722,-67.358,259.0,3.4,Ml
234685,2024-05-16 16:21:19,2024-05-16 12:21:19,44 km al SO de San Pedro de Atacama,-23.239,-68.45,112.0,3.9,Ml
234688,2024-05-16 17:14:02,2024-05-16 13:14:02,44 km al E de Calama,-22.379,-68.512,115.0,3.0,Ml
234695,2024-05-16 18:33:25,2024-05-16 14:33:25,50 km al NE de Pica,-20.166,-68.999,104.0,3.1,Ml
234703,2024-05-16 19:34:15,2024-05-16 15:34:15,58 km al E de Ollagüe,-21.38,-67.72,217.0,3.1,Ml
234707,2024-05-16 20:32:56,2024-05-16 16:32:56,29 km al S de San Pedro de Atacama,-23.179,-68.195,128.0,3.2,Ml
234717,2024-05-16 21:50:40,2024-05-16 17:50:40,51 km al S de Huasco,-28.909,-71.352,42.0,3.2,Ml
234723,2024-05-16 23:46:13,2024-05-16 19:46:13,29 km al SO de Ollagüe,-21.393,-68.473,118.0,2.7,Ml
234728,2024-05-17 00:45:31,2024-05-16 20:45:31,92 km al O de Tongoy,-30.268,-72.45,37.0,3.6,Ml
234730,2024-05-17 00:55:01,2024-05-16 20:55:01,60 km al O de La Ligua,-32.495,-71.87,24.0,3.6,Ml
234732,2024-05-17 01:27:23,2024-05-16 21:27:23,59 km al O de La Ligua,-32.498,-71.86,24.0,2.6,Ml
234736,2024-05-17 01:47:35,2024-05-16 21:47:35,113 km al E de San Fabián,-36.184,-70.383,193.0,3.9,Ml
234740,2024-05-17 02:33:49,2024-05-16 22:33:49,44 km al NO de Mina La Escondida.,-23.935,-69.295,89.0,2.6,Ml
234749,2024-05-17 04:05:25,2024-05-17 00:05:25,111 km al NE de Socaire,-23.026,-66.997,237.0,3.2,Ml
234752,2024-05-17 04:50:38,2024-05-17 00:50:38,73 km al O de San Antonio de los Cobres,-24.004,-66.992,247.0,3.4,Ml
234754,2024-05-17 05:18:31,2024-05-17 01:18:31,13 km al E de Valparaíso,-33.003,-71.491,55.0,3.0,Ml
234756,2024-05-17 05:39:58,2024-05-17 01:39:58,58 km al O de La Ligua,-32.511,-71.845,20.0,4.1,Ml
234761,2024-05-17 07:38:42,2024-05-17 03:38:42,32 km al SE de Mina Los Pelambres,-32.083,-70.439,126.0,2.9,Ml
234767,2024-05-17 08:47:14,2024-05-17 04:47:14,72 km al N de Calama,-21.852,-68.717,122.0,3.5,Ml
234776,2024-05-17 09:43:41,2024-05-17 05:43:41,74 km al SO de Ollagüe,-21.822,-68.574,122.0,2.8,Ml
234782,2024-05-17 10:50:27,2024-05-17 06:50:27,41 km al NO de Mejillones,-22.786,-70.665,26.0,2.5,Ml
234784,2024-05-17 11:00:21,2024-05-17 07:00:21,11 km al SO de San Fernando,-34.671,-71.048,100.0,2.7,Ml
234786,2024-05-17 11:42:37,2024-05-17 07:42:37,40 km al S de Camiña,-19.649,-69.288,98.0,3.0,Ml
234788,2024-05-17 12:11:24,2024-05-17 08:11:24,84 km al SE de Socaire,-24.213,-67.426,226.0,3.3,Ml
234793,2024-05-17 13:57:09,2024-05-17 09:57:09,83 km al E de Socaire,-23.786,-67.106,244.0,2.8,Ml
234801,2024-05-17 15:31:39,2024-05-17 11:31:39,87 km al E de Socaire,-23.874,-67.093,255.0,4.1,Ml
234806,2024-05-17 16:15:11,2024-05-17 12:15:11,71 km al O de San Antonio de los Cobres,-23.99,-66.972,215.0,3.2,Ml
234814,2024-05-17 16:49:57,2024-05-17 12:49:57,84 km al O de San Antonio de los Cobres,-24.024,-67.12,214.0,3.0,Ml
234811,2024-05-17 16:52:36,2024-05-17 12:52:36,83 km al O de San Antonio de los Cobres,-23.946,-67.077,219.0,2.9,Ml
234817,2024-05-17 17:45:02,2024-05-17 13:45:02,121 km al O de Tirúa,-38.265,-74.874,5.0,2.7,Ml
234826,2024-05-17 18:49:12,2024-05-17 14:49:12,27 km al NO de Ollagüe,-21.092,-68.468,143.0,2.8,Ml
234833,2024-05-17 19:28:12,2024-05-17 15:28:12,135 km al O de Tirúa,-38.225,-75.028,18.0,3.1,Ml
234854,2024-05-17 19:30:19,2024-05-17 15:30:19,132 km al O de Tirúa,-38.201,-75.0,14.0,2.7,Ml
234834,2024-05-17 19:34:05,2024-05-17 15:34:05,33 km al O de Sierra Gorda.,-22.917,-69.638,67.0,2.6,Ml
234838,2024-05-17 20:08:49,2024-05-17 16:08:49,48 km al NE de Quillagua,-21.458,-69.127,96.0,2.6,Ml
234841,2024-05-17 20:25:42,2024-05-17 16:25:42,86 km al SE de Socaire,-24.143,-67.305,230.0,3.7,Ml
234858,2024-05-17 22:09:48,2024-05-17 18:09:48,70 km al O de Tortel,-47.624,-74.433,23.0,2.9,Ml
234884,2024-05-18 05:16:32,2024-05-18 01:16:32,70 km al NE de San Pedro de Atacama,-22.349,-67.923,197.0,2.5,Ml
234890,2024-05-18 08:33:50,2024-05-18 04:33:50,31 km al E de Tocopilla,-22.095,-69.903,69.0,3.4,Ml
234892,2024-05-18 08:52:41,2024-05-18 04:52:41,59 km al SO de Putre,-18.691,-69.77,120.0,3.9,Ml
234895,2024-05-18 09:22:24,2024-05-18 05:22:24,51 km al SO de Los Vilos,-32.263,-71.856,26.0,2.5,Ml
234898,2024-05-18 09:28:38,2024-05-18 05:28:38,26 km al O de Los Andes.,-32.914,-70.865,80.0,4.4,Ml
234901,2024-05-18 09:40:51,2024-05-18 05:40:51,56 km al S de Putre,-18.681,-69.419,116.0,2.7,Ml
234904,2024-05-18 11:00:31,2024-05-18 07:00:31,12 km al S de Petorca,-32.354,-70.908,80.0,2.5,Ml
234906,2024-05-18 11:14:46,2024-05-18 07:14:46,109 km al O de Tongoy,-30.137,-72.623,30.0,2.6,Ml
234912,2024-05-18 12:07:18,2024-05-18 08:07:18,53 km al SO de Mina Collahuasi,-21.144,-69.044,117.0,2.7,Ml
234917,2024-05-18 13:22:50,2024-05-18 09:22:50,33 km al S de San José de Maipo,-33.933,-70.336,119.0,2.8,Ml
234920,2024-05-18 15:03:49,2024-05-18 11:03:49,117 km al SO de Puerto Aguirre,-46.053,-74.323,17.0,3.4,Ml
234922,2024-05-18 15:12:54,2024-05-18 11:12:54,62 km al E de Ollagüe,-21.196,-67.652,224.0,3.9,Ml
234926,2024-05-18 15:18:24,2024-05-18 11:18:24,48 km al E de Tierra Amarilla,-27.444,-69.785,113.0,2.7,Ml
234928,2024-05-18 15:19:27,2024-05-18 11:19:27,61 km al SE de Baquedano,-23.676,-69.379,90.0,3.3,Ml
234930,2024-05-18 16:09:21,2024-05-18 12:09:21,153 km al E de San Pedro de Atacama,-22.453,-66.8,322.0,3.1,Ml
234932,2024-05-18 16:28:50,2024-05-18 12:28:50,24 km al NO de Pisagua,-19.412,-70.334,50.0,3.6,Ml
234935,2024-05-18 17:02:55,2024-05-18 13:02:55,68 km al NO de San Antonio de los Cobres,-23.954,-66.92,210.0,3.0,Ml
234937,2024-05-18 17:13:27,2024-05-18 13:13:27,115 km al NO de Pichilemu,-33.902,-73.117,30.0,2.9,Ml
234939,2024-05-18 17:55:22,2024-05-18 13:55:22,20 km al O de Mina Collahuasi,-20.871,-68.847,105.0,2.5,Ml
234940,2024-05-18 18:03:19,2024-05-18 14:03:19,92 km al SE de Socaire,-24.255,-67.357,204.0,3.2,Ml
234947,2024-05-18 19:42:25,2024-05-18 15:42:25,33 km al O de Tongoy,-30.253,-71.84,45.0,3.0,Ml
234949,2024-05-18 20:03:14,2024-05-18 16:03:14,79 km al S de Socaire,-24.303,-67.889,225.0,3.1,Ml
234951,2024-05-18 20:38:54,2024-05-18 16:38:54,144 km al O de Lebu,-37.874,-75.261,15.0,2.5,Ml
234952,2024-05-18 20:55:57,2024-05-18 16:55:57,50 km al SE de Calama,-22.885,-68.731,112.0,3.2,Ml
234957,2024-05-18 21:09:06,2024-05-18 17:09:06,49 km al N de Calama,-22.033,-68.926,104.0,2.5,Ml
234965,2024-05-18 23:13:53,2024-05-18 19:13:53,33 km al O de Valparaíso,-32.947,-71.944,36.0,2.8,Ml
234972,2024-05-19 00:47:04,2024-05-18 20:47:04,37 km al NO de San Pedro de Atacama,-22.623,-68.358,155.0,3.1,Ml
234984,2024-05-19 02:43:58,2024-05-18 22:43:58,54 km al O de La Ligua,-32.487,-71.806,24.0,2.5,Ml
234988,2024-05-19 03:19:37,2024-05-18 23:19:37,47 km al O de Mina Collahuasi,-20.893,-69.106,107.0,2.6,Ml
234990,2024-05-19 03:37:16,2024-05-18 23:37:16,100 km al SE de Ollagüe,-21.855,-67.568,212.0,2.5,Ml
234993,2024-05-19 04:15:54,2024-05-19 00:15:54,46 km al NE de Pozo Almonte,-19.948,-69.5,106.0,2.5,Ml
234998,2024-05-19 05:16:44,2024-05-19 01:16:44,40 km al N de Mina Los Pelambres,-31.471,-70.51,120.0,3.4,Ml
235005,2024-05-19 06:41:27,2024-05-19 02:41:27,27 km al N de Huasco,-28.227,-71.258,49.0,2.5,Ml
235006,2024-05-19 06:43:32,2024-05-19 02:43:32,66 km al SO de Ollagüe,-21.712,-68.611,130.0,2.7,Ml
235014,2024-05-19 07:53:26,2024-05-19 03:53:26,34 km al O de Mina Collahuasi,-20.905,-68.969,113.0,2.6,Ml
235020,2024-05-19 08:20:41,2024-05-19 04:20:41,82 km al SE de Socaire,-24.153,-67.37,222.0,3.3,Ml
235023,2024-05-19 09:15:26,2024-05-19 05:15:26,47 km al NE de Pica,-20.105,-69.14,107.0,2.5,Ml
235024,2024-05-19 09:26:03,2024-05-19 05:26:03,23 km al S de Vichuquén,-35.086,-71.933,49.0,3.2,Ml
235027,2024-05-19 09:30:29,2024-05-19 05:30:29,94 km al SE de Alto del Carmen,-29.198,-69.656,126.0,3.6,Ml
235031,2024-05-19 09:59:44,2024-05-19 05:59:44,83 km al SE de Socaire,-24.18,-67.384,212.0,3.0,Ml
235035,2024-05-19 10:48:54,2024-05-19 06:48:54,123 km al NE de Socaire,-22.874,-66.973,297.0,3.2,Ml
235036,2024-05-19 11:05:11,2024-05-19 07:05:11,27 km al NO de Tirúa,-38.207,-73.747,9.0,2.7,Ml
235043,2024-05-19 12:19:34,2024-05-19 08:19:34,98 km al SE de Socaire,-24.291,-67.314,199.0,4.4,Ml
235047,2024-05-19 12:38:38,2024-05-19 08:38:38,71 km al S de Socaire,-24.221,-67.775,227.0,3.2,Ml
235045,2024-05-19 12:38:44,2024-05-19 08:38:44,42 km al NE de Los Andes.,-32.59,-70.261,121.0,3.4,Ml
235055,2024-05-19 14:31:37,2024-05-19 10:31:37,12 km al NE de Casablanca,-33.263,-71.303,56.0,2.8,Ml
235081,2024-05-19 20:17:14,2024-05-19 16:17:14,59 km al S de Alto Hospicio,-20.8,-70.046,47.0,3.9,Ml
235092,2024-05-19 22:07:21,2024-05-19 18:07:21,43 km al O de La Ligua,-32.521,-71.678,36.0,2.6,Ml
235100,2024-05-19 23:29:48,2024-05-19 19:29:48,44 km al NE de San Pedro de Atacama,-22.563,-68.022,187.0,3.1,Ml
235101,2024-05-20 00:00:52,2024-05-19 20:00:52,14 km al E de Farellones,-33.334,-70.162,113.0,2.7,Ml
235109,2024-05-20 01:17:39,2024-05-19 21:17:39,38 km al NO de Mina Collahuasi,-20.628,-68.949,107.0,3.2,Ml
235131,2024-05-20 04:22:26,2024-05-20 00:22:26,20 km al NO de Tocopilla,-22.018,-70.382,28.0,3.5,Ml
235136,2024-05-20 05:14:51,2024-05-20 01:14:51,94 km al SE de El Salvador,-26.995,-69.195,129.0,3.1,Ml
235148,2024-05-20 07:55:53,2024-05-20 03:55:53,38 km al E de Pica,-20.409,-68.975,100.0,2.6,Ml
235151,2024-05-20 08:09:28,2024-05-20 04:09:28,59 km al E de El Salvador,-26.218,-69.031,132.0,4.2,Ml
235161,2024-05-20 10:22:26,2024-05-20 06:22:26,32 km al SE de Los Andes.,-33.008,-70.329,101.0,2.9,Ml
235173,2024-05-20 12:18:13,2024-05-20 08:18:13,19 km al NO de San Fabián,-36.431,-71.7,87.0,3.3,Ml
235178,2024-05-20 14:23:39,2024-05-20 10:23:39,67 km al S de Mina La Escondida.,-24.845,-69.251,93.0,2.9,Ml
235180,2024-05-20 15:22:06,2024-05-20 11:22:06,36 km al SO de Mina Collahuasi,-20.998,-68.947,104.0,2.8,Ml
235186,2024-05-20 16:35:30,2024-05-20 12:35:30,55 km al NE de Calama,-22.053,-68.645,113.0,4.0,Ml
235188,2024-05-20 17:15:50,2024-05-20 13:15:50,22 km al SO de Ollagüe,-21.349,-68.422,126.0,3.3,Ml
235194,2024-05-20 17:29:21,2024-05-20 13:29:21,3 km al E de San Pedro de Atacama,-22.914,-68.174,133.0,3.2,Ml
235202,2024-05-20 18:48:37,2024-05-20 14:48:37,33 km al O de Ollagüe,-21.142,-68.564,136.0,3.3,Ml
235206,2024-05-20 18:53:24,2024-05-20 14:53:24,58 km al NO de Quillagua,-21.28,-69.923,52.0,2.6,Ml
235219,2024-05-20 20:51:57,2024-05-20 16:51:57,9 km al E de Chañaral,-26.373,-70.54,59.0,3.0,Ml
235226,2024-05-20 22:10:10,2024-05-20 18:10:10,42 km al N de Mina La Escondida,-23.914,-68.916,103.0,3.3,Ml
235244,2024-05-21 02:15:56,2024-05-20 22:15:56,51 km al NE de Los Andes.,-32.629,-70.114,139.0,3.4,Ml
235248,2024-05-21 02:28:14,2024-05-20 22:28:14,10 km al SE de Pica,-20.537,-69.246,107.0,2.9,Ml
235262,2024-05-21 03:50:54,2024-05-20 23:50:54,43 km al N de Calama,-22.107,-68.79,105.0,3.0,Ml
235278,2024-05-21 07:27:23,2024-05-21 03:27:23,68 km al SE de Socaire,-24.111,-67.536,204.0,3.5,Ml
235284,2024-05-21 08:21:11,2024-05-21 04:21:11,66 km al NE de Calama,-21.935,-68.656,118.0,5.0,Mw
235286,2024-05-21 08:30:53,2024-05-21 04:30:53,19 km al NE de Curicó,-34.856,-71.099,93.0,3.0,Ml
235292,2024-05-21 09:22:20,2024-05-21 05:22:20,16 km al N de Huasco,-28.328,-71.251,38.0,3.0,Ml
235296,2024-05-21 11:03:49,2024-05-21 07:03:49,66 km al SE de Socaire,-24.002,-67.418,206.0,3.2,Ml
235299,2024-05-21 11:11:22,2024-05-21 07:11:22,51 km al SO de San Pedro de Atacama,-23.283,-68.507,104.0,2.8,Ml
235300,2024-05-21 11:24:57,2024-05-21 07:24:57,56 km al E de Putre,-18.363,-69.054,150.0,2.9,Ml
235302,2024-05-21 12:24:48,2024-05-21 08:24:48,30 km al S de Mina Collahuasi,-21.084,-68.746,111.0,2.8,Ml
235313,2024-05-21 15:06:12,2024-05-21 11:06:12,46 km al SO de Mina Collahuasi,-21.097,-68.996,112.0,3.3,Ml
235325,2024-05-21 17:29:44,2024-05-21 13:29:44,14 km al N de Calama,-22.348,-68.908,122.0,2.6,Ml
235384,2024-05-22 06:37:43,2024-05-22 02:37:43,42 km al E de Socaire,-23.506,-67.49,270.0,3.4,Ml
235387,2024-05-22 07:05:44,2024-05-22 03:05:44,30 km al NO de Mina Collahuasi,-20.702,-68.918,98.0,2.5,Ml
235394,2024-05-22 07:46:13,2024-05-22 03:46:13,15 km al SO de Salamanca,-31.844,-71.103,50.0,2.9,Ml
235399,2024-05-22 08:49:52,2024-05-22 04:49:52,38 km al N de Valparaíso,-32.717,-71.73,28.0,2.7,Ml
235407,2024-05-22 10:23:17,2024-05-22 06:23:17,67 km al NE de Calama,-21.938,-68.629,113.0,3.3,Ml
235423,2024-05-22 14:41:05,2024-05-22 10:41:05,18 km al N de Quillagua,-21.499,-69.499,71.0,2.9,Ml
235445,2024-05-22 19:36:06,2024-05-22 15:36:06,98 km al SE de Socaire,-24.29,-67.3,215.0,4.5,Mw
235467,2024-05-22 23:19:55,2024-05-22 19:19:55,31 km al S de Mina La Escondida.,-24.543,-69.093,102.0,3.3,Ml
235473,2024-05-23 00:17:29,2024-05-22 20:17:29,14 km al NO de María Elena,-22.251,-69.749,71.0,2.6,Ml
235476,2024-05-23 01:44:08,2024-05-22 21:44:08,11 km al SO de Visviri,-17.683,-69.531,174.0,3.4,Ml
235479,2024-05-23 02:24:28,2024-05-22 22:24:28,61 km al SO de Ollagüe,-21.698,-68.56,125.0,2.9,Ml
235492,2024-05-23 05:25:06,2024-05-23 01:25:06,37 km al SE de Petorca,-32.425,-70.594,117.0,3.8,Ml
235504,2024-05-23 08:08:46,2024-05-23 04:08:46,40 km al SO de Ollagüe,-21.557,-68.409,116.0,2.8,Ml
235525,2024-05-23 12:48:21,2024-05-23 08:48:21,29 km al NO de Vallenar,-28.328,-70.87,65.0,3.8,Ml
235534,2024-05-23 14:44:26,2024-05-23 10:44:26,47 km al SO de Los Vilos,-32.187,-71.896,20.0,2.7,Ml
235538,2024-05-23 16:58:13,2024-05-23 12:58:13,47 km al S de Mina Collahuasi,-21.242,-68.733,122.0,3.1,Ml
235541,2024-05-23 17:09:20,2024-05-23 13:09:20,68 km al SE de Socaire,-24.092,-67.504,210.0,4.4,Ml
235542,2024-05-23 17:23:00,2024-05-23 13:23:00,52 km al SO de Mina Collahuasi,-21.265,-68.845,120.0,2.6,Ml
235544,2024-05-23 17:45:07,2024-05-23 13:45:07,15 km al SO de Ovalle,-30.703,-71.304,52.0,2.6,Ml
235548,2024-05-23 18:07:51,2024-05-23 14:07:51,56 km al N de Pica,-19.992,-69.247,98.0,2.5,Ml
235556,2024-05-23 19:21:24,2024-05-23 15:21:24,26 km al NE de Talca,-35.219,-71.538,100.0,2.6,Ml
235558,2024-05-23 19:35:35,2024-05-23 15:35:35,30 km al NO de Vallenar,-28.331,-70.881,61.0,2.7,Ml
235571,2024-05-24 00:51:10,2024-05-23 20:51:10,16 km al NE de Ollagüe,-21.095,-68.178,145.0,2.8,Ml
235577,2024-05-24 01:18:57,2024-05-23 21:18:57,137 km al NO de Cobquecura,-35.551,-74.13,30.0,3.1,Ml
235581,2024-05-24 01:24:39,2024-05-23 21:24:39,53 km al SO de Colchane.,-19.705,-68.869,120.0,2.7,Ml
235582,2024-05-24 01:37:39,2024-05-23 21:37:39,52 km al SE de Socaire,-23.999,-67.653,229.0,2.6,Ml
235597,2024-05-24 05:32:34,2024-05-24 01:32:34,67 km al SE de Socaire,-24.056,-67.48,208.0,3.0,Ml
235600,2024-05-24 05:34:09,2024-05-24 01:34:09,74 km al SE de Socaire,-24.032,-67.349,230.0,3.5,Ml
235598,2024-05-24 05:42:13,2024-05-24 01:42:13,57 km al SO de Socaire,-24.057,-68.124,273.0,3.5,Ml
235607,2024-05-24 10:10:56,2024-05-24 06:10:56,86 km al SE de Socaire,-24.006,-67.175,211.0,2.8,Ml
235609,2024-05-24 10:42:44,2024-05-24 06:42:44,45 km al SO de Mina Collahuasi,-21.206,-68.819,114.0,2.5,Ml
235610,2024-05-24 10:44:08,2024-05-24 06:44:08,27 km al O de Ollagüe,-21.174,-68.506,133.0,2.9,Ml
235617,2024-05-24 12:30:05,2024-05-24 08:30:05,72 km al SO de Ollagüe,-21.793,-68.585,127.0,2.7,Ml
235620,2024-05-24 12:33:59,2024-05-24 08:33:59,31 km al SO de Castro,-42.626,-74.082,13.0,2.9,Ml
235621,2024-05-24 13:18:31,2024-05-24 09:18:31,82 km al SE de Socaire,-24.27,-67.57,196.0,2.9,Ml
235628,2024-05-24 15:14:49,2024-05-24 11:14:49,58 km al S de Socaire,-24.111,-67.858,242.0,3.1,Ml
235630,2024-05-24 16:40:01,2024-05-24 12:40:01,75 km al S de Ilo,-18.289,-71.125,25.0,2.9,Ml
235642,2024-05-24 18:31:04,2024-05-24 14:31:04,27 km al SO de Los Vilos,-32.12,-71.658,34.0,3.1,Ml
235663,2024-05-24 20:43:16,2024-05-24 16:43:16,41 km al NO de Quillagua,-21.335,-69.721,48.0,3.1,Ml
235678,2024-05-24 22:55:56,2024-05-24 18:55:56,43 km al SE de Pica,-20.803,-69.089,115.0,2.8,Ml
235681,2024-05-24 23:12:13,2024-05-24 19:12:13,38 km al N de Camiña,-18.979,-69.354,103.0,2.6,Ml
235686,2024-05-25 00:54:17,2024-05-24 20:54:17,27 km al NO de Tongoy,-30.026,-71.59,44.0,2.9,Ml
235688,2024-05-25 00:54:41,2024-05-24 20:54:41,148 km al NO de Tortel,-46.901,-74.987,25.0,2.6,Ml
235687,2024-05-25 00:58:44,2024-05-24 20:58:44,28 km al O de Quillagua,-21.652,-69.802,83.0,2.7,Ml
235693,2024-05-25 01:18:25,2024-05-24 21:18:25,91 km al NO de Quillagua,-21.191,-70.25,44.0,2.6,Ml
235696,2024-05-25 02:37:38,2024-05-24 22:37:38,65 km al SE de Camiña,-19.793,-69.066,97.0,2.7,Ml
235700,2024-05-25 02:50:34,2024-05-24 22:50:34,53 km al N de San Pedro de Atacama,-22.476,-68.022,205.0,3.7,Ml
235699,2024-05-25 02:52:00,2024-05-24 22:52:00,46 km al SO de Mina Collahuasi,-21.181,-68.887,114.0,2.6,Ml
235702,2024-05-25 02:58:22,2024-05-24 22:58:22,51 km al S de Socaire,-24.045,-67.802,288.0,3.9,Ml
235707,2024-05-25 04:16:11,2024-05-25 00:16:11,54 km al SO de Ollagüe,-21.423,-68.729,110.0,2.9,Ml
235710,2024-05-25 05:03:27,2024-05-25 01:03:27,43 km al O de Punitaqui,-30.768,-71.707,30.0,3.8,Ml
235714,2024-05-25 05:46:23,2024-05-25 01:46:23,42 km al NO de Taltal,-25.178,-70.819,47.0,2.7,Ml
235735,2024-05-25 09:35:07,2024-05-25 05:35:07,55 km al SE de Socaire,-24.008,-67.605,259.0,3.2,Ml
235738,2024-05-25 09:49:38,2024-05-25 05:49:38,63 km al SE de Socaire,-23.92,-67.393,274.0,3.8,Ml
235739,2024-05-25 10:06:33,2024-05-25 06:06:33,33 km al S de Socaire,-23.887,-67.841,302.0,3.1,Ml
235741,2024-05-25 10:39:59,2024-05-25 06:39:59,37 km al SO de Taltal,-25.554,-70.813,34.0,3.1,Ml
235743,2024-05-25 10:50:32,2024-05-25 06:50:32,73 km al NE de Calama,-21.859,-68.673,127.0,2.6,Ml
235748,2024-05-25 11:47:08,2024-05-25 07:47:08,34 km al SO de Los Vilos,-32.128,-71.763,21.0,3.1,Ml
235755,2024-05-25 12:02:45,2024-05-25 08:02:45,61 km al SO de Lebu,-37.98,-74.176,12.0,4.8,Mw
235757,2024-05-25 12:09:34,2024-05-25 08:09:34,22 km al NO de Tongoy,-30.07,-71.572,34.0,2.8,Ml
235758,2024-05-25 12:24:48,2024-05-25 08:24:48,52 km al NO de Tirúa,-38.046,-73.948,10.0,3.2,Ml
235818,2024-05-25 12:25:59,2024-05-25 08:25:59,74 km al SO de Lebu,-38.023,-74.321,5.0,2.9,Ml
235762,2024-05-25 12:40:38,2024-05-25 08:40:38,42 km al N de Calama,-22.111,-68.792,112.0,3.0,Ml
235766,2024-05-25 13:23:40,2024-05-25 09:23:40,60 km al SO de Lebu,-38.036,-74.076,18.0,2.7,Ml
235768,2024-05-25 13:27:02,2024-05-25 09:27:02,64 km al O de Tirúa,-38.126,-74.176,5.0,3.0,Ml
235770,2024-05-25 13:45:29,2024-05-25 09:45:29,31 km al S de Ollagüe,-21.493,-68.34,131.0,2.5,Ml
235775,2024-05-25 15:18:05,2024-05-25 11:18:05,43 km al N de Pozo Almonte,-19.872,-69.845,36.0,2.6,Ml
235777,2024-05-25 15:26:50,2024-05-25 11:26:50,60 km al SE de Socaire,-23.886,-67.4,221.0,3.9,Ml
235781,2024-05-25 17:00:24,2024-05-25 13:00:24,26 km al O de Concepción,-36.753,-73.324,26.0,2.6,Ml
235783,2024-05-25 17:51:17,2024-05-25 13:51:17,57 km al S de Socaire,-24.095,-67.976,219.0,2.9,Ml
235784,2024-05-25 17:58:59,2024-05-25 13:58:59,56 km al E de Alto del Carmen,-28.565,-69.952,120.0,3.5,Ml
235787,2024-05-25 18:36:42,2024-05-25 14:36:42,105 km al NE de Taltal,-24.54,-70.082,53.0,2.6,Ml
235795,2024-05-25 19:44:51,2024-05-25 15:44:51,64 km al NE de Calama,-22.034,-68.519,132.0,3.0,Ml
235802,2024-05-25 21:24:04,2024-05-25 17:24:04,77 km al SO de Ollagüe,-21.85,-68.583,127.0,4.0,Ml
235803,2024-05-25 21:33:16,2024-05-25 17:33:16,47 km al SO de Mina Collahuasi,-21.121,-68.987,112.0,2.7,Ml
235804,2024-05-25 22:08:29,2024-05-25 18:08:29,13 km al NE de Tongoy,-30.164,-71.418,69.0,2.6,Ml
235805,2024-05-25 22:59:41,2024-05-25 18:59:41,16 km al SE de Calama,-22.575,-68.818,109.0,2.7,Ml
235809,2024-05-26 00:01:25,2024-05-25 20:01:25,41 km al S de Mina Collahuasi,-21.193,-68.678,115.0,2.9,Ml
235813,2024-05-26 00:24:28,2024-05-25 20:24:28,32 km al S de Mina Collahuasi,-21.11,-68.645,112.0,2.7,Ml
235829,2024-05-26 02:18:19,2024-05-25 22:18:19,61 km al NO de Mina La Escondida.,-23.795,-69.367,107.0,2.6,Ml
235834,2024-05-26 03:40:23,2024-05-25 23:40:23,67 km al NE de Copiapó,-27.061,-69.743,118.0,3.1,Ml
235835,2024-05-26 04:03:45,2024-05-26 00:03:45,40 km al SO de Mina Collahuasi,-21.141,-68.85,113.0,3.3,Ml
235840,2024-05-26 05:10:48,2024-05-26 01:10:48,26 km al NO de Ollagüe,-21.114,-68.475,130.0,3.4,Ml
235845,2024-05-26 06:04:08,2024-05-26 02:04:08,64 km al NE de Calama,-21.962,-68.632,132.0,2.8,Ml
235849,2024-05-26 06:59:01,2024-05-26 02:59:01,46 km al SO de Ollagüe,-21.604,-68.432,127.0,2.6,Ml
235853,2024-05-26 07:28:06,2024-05-26 03:28:06,34 km al SO de Los Vilos,-32.134,-71.764,22.0,3.0,Ml
235857,2024-05-26 08:30:31,2024-05-26 04:30:31,22 km al SE de Visviri,-17.765,-69.383,175.0,2.8,Ml
235864,2024-05-26 11:23:08,2024-05-26 07:23:08,61 km al NE de Alto del Carmen,-28.279,-70.184,105.0,2.9,Ml
235869,2024-05-26 11:54:32,2024-05-26 07:54:32,39 km al O de Visviri,-17.506,-69.837,166.0,3.4,Ml
235875,2024-05-26 14:24:10,2024-05-26 10:24:10,34 km al O de Mina La Escondida.,-24.163,-69.366,96.0,5.0,Mw
235885,2024-05-26 16:54:22,2024-05-26 12:54:22,48 km al SO de Mina Collahuasi,-21.216,-68.868,127.0,2.7,Ml
235890,2024-05-26 17:31:29,2024-05-26 13:31:29,31 km al SE de Ollagüe,-21.465,-68.108,155.0,2.7,Ml
235892,2024-05-26 18:09:17,2024-05-26 14:09:17,42 km al O de Taltal,-25.494,-70.889,30.0,3.1,Ml
235898,2024-05-26 18:57:52,2024-05-26 14:57:52,40 km al NE de Chañaral.,-26.018,-70.475,52.0,2.7,Ml
235907,2024-05-26 21:08:36,2024-05-26 17:08:36,21 km al SO de Ollagüe,-21.319,-68.432,128.0,2.7,Ml
235909,2024-05-26 21:26:43,2024-05-26 17:26:43,65 km al S de Alto Hospicio,-20.849,-70.126,61.0,2.7,Ml
235914,2024-05-26 21:51:26,2024-05-26 17:51:26,52 km al SO de Ollagüe,-21.635,-68.485,126.0,2.7,Ml
235918,2024-05-26 22:04:43,2024-05-26 18:04:43,12 km al O de Carrizal Bajo,-28.041,-71.266,31.0,3.0,Ml
235928,2024-05-27 00:52:04,2024-05-26 20:52:04,73 km al S de Socaire,-24.213,-67.671,240.0,3.2,Ml
235937,2024-05-27 02:42:56,2024-05-26 22:42:56,48 km al S de Socaire,-24.022,-67.893,296.0,4.2,Ml
235941,2024-05-27 03:14:37,2024-05-26 23:14:37,40 km al O de Punitaqui,-30.7,-71.648,27.0,2.6,Ml
235944,2024-05-27 03:27:42,2024-05-26 23:27:42,64 km al NE de Calama,-22.034,-68.527,126.0,2.7,Ml
235947,2024-05-27 03:54:10,2024-05-26 23:54:10,32 km al NE de Los Andes.,-32.614,-70.374,112.0,2.6,Ml
235949,2024-05-27 03:59:21,2024-05-26 23:59:21,37 km al E de Pica,-20.549,-68.977,111.0,3.6,Ml
235953,2024-05-27 06:11:50,2024-05-27 02:11:50,74 km al NE de Calama,-21.893,-68.569,126.0,2.5,Ml
235963,2024-05-27 09:54:58,2024-05-27 05:54:58,22 km al SO de Illapel,-31.804,-71.292,83.0,2.8,Ml
235970,2024-05-27 11:18:12,2024-05-27 07:18:12,64 km al SE de Socaire,-24.024,-67.482,272.0,2.9,Ml
235973,2024-05-27 12:21:33,2024-05-27 08:21:33,66 km al S de Socaire,-24.169,-68.016,268.0,3.9,Ml
235975,2024-05-27 13:20:17,2024-05-27 09:20:17,69 km al O de Ollagüe,-21.438,-68.88,99.0,2.7,Ml
235977,2024-05-27 13:30:46,2024-05-27 09:30:46,50 km al S de Mina Collahuasi,-21.256,-68.792,122.0,2.9,Ml
235990,2024-05-27 16:28:00,2024-05-27 12:28:00,52 km al N de Mina La Escondida,-23.798,-69.034,111.0,3.5,Ml
235996,2024-05-27 17:12:30,2024-05-27 13:12:30,42 km al NE de Farellones,-33.037,-70.054,129.0,3.1,Ml
236011,2024-05-27 18:39:12,2024-05-27 14:39:12,8 km al NO de Valparaíso,-32.998,-71.679,39.0,2.5,Ml
236016,2024-05-27 19:40:29,2024-05-27 15:40:29,19 km al E de Pica,-20.5,-69.144,91.0,3.1,Ml
236030,2024-05-27 21:47:21,2024-05-27 17:47:21,8 km al SO de Ovalle,-30.659,-71.261,58.0,3.6,Ml
236034,2024-05-27 23:11:17,2024-05-27 19:11:17,32 km al E de Pisagua,-19.542,-69.914,32.0,2.9,Ml
236040,2024-05-28 01:01:30,2024-05-27 21:01:30,61 km al NE de Calama,-21.965,-68.707,116.0,2.7,Ml
236050,2024-05-28 02:39:48,2024-05-27 22:39:48,15 km al O de San José de Maipo,-33.688,-70.504,104.0,2.6,Ml
236078,2024-05-28 07:36:07,2024-05-28 03:36:07,25 km al NO de Ollagüe,-21.122,-68.472,129.0,2.8,Ml
236085,2024-05-28 10:21:41,2024-05-28 06:21:41,47 km al SO de Ollagüe,-21.589,-68.479,125.0,2.9,Ml
236094,2024-05-28 13:05:44,2024-05-28 09:05:44,24 km al O de María Elena,-22.314,-69.891,69.0,2.5,Ml
236097,2024-05-28 14:20:09,2024-05-28 10:20:09,51 km al SE de Puelo,-41.958,-71.821,213.0,3.8,Ml
236106,2024-05-28 15:52:43,2024-05-28 11:52:43,46 km al SE de Calama,-22.838,-68.729,87.0,2.6,Ml
236117,2024-05-28 18:31:52,2024-05-28 14:31:52,46 km al NE de Los Andes.,-32.455,-70.39,115.0,2.9,Ml
236148,2024-05-28 22:53:44,2024-05-28 18:53:44,36 km al S de San José de Maipo,-33.951,-70.254,112.0,3.5,Ml
236160,2024-05-29 02:15:28,2024-05-28 22:15:28,35 km al E de Pica,-20.543,-68.998,99.0,3.0,Ml
236165,2024-05-29 03:32:35,2024-05-28 23:32:35,66 km al SE de Socaire,-23.957,-67.38,253.0,3.3,Ml
236179,2024-05-29 06:16:01,2024-05-29 02:16:01,49 km al O de Ollagüe,-21.279,-68.72,107.0,2.6,Ml
236185,2024-05-29 08:22:58,2024-05-29 04:22:58,92 km al SE de Socaire,-24.235,-67.322,206.0,3.9,Ml
236190,2024-05-29 09:01:01,2024-05-29 05:01:01,11 km al S de La Serena,-29.995,-71.282,56.0,3.0,Ml
236192,2024-05-29 09:11:58,2024-05-29 05:11:58,20 km al NE de Arica,-18.341,-70.194,78.0,2.6,Ml
236194,2024-05-29 09:24:15,2024-05-29 05:24:15,41 km al NE de Calama,-22.224,-68.627,125.0,2.6,Ml
236199,2024-05-29 11:56:32,2024-05-29 07:56:32,78 km al SO de Ollagüe,-21.795,-68.7,129.0,4.3,Ml
236204,2024-05-29 13:49:30,2024-05-29 09:49:30,77 km al N de Calama,-21.817,-68.669,121.0,2.8,Ml
236217,2024-05-29 16:33:05,2024-05-29 12:33:05,21 km al SO de Calama,-22.575,-69.098,102.0,2.5,Ml
236240,2024-05-29 19:34:46,2024-05-29 15:34:46,80 km al S de Ilo,-18.359,-71.305,33.0,3.8,Ml
236241,2024-05-29 19:50:02,2024-05-29 15:50:02,53 km al O de Ollagüe,-21.393,-68.734,116.0,3.2,Ml
236253,2024-05-29 21:58:58,2024-05-29 17:58:58,36 km al SO de Ollagüe,-21.499,-68.443,142.0,2.5,Ml
236256,2024-05-29 23:17:04,2024-05-29 19:17:04,33 km al NE de Calama,-22.242,-68.723,136.0,2.5,Ml
236262,2024-05-30 01:36:39,2024-05-29 21:36:39,56 km al SO de Ollagüe,-21.501,-68.706,99.0,2.9,Ml
236267,2024-05-30 02:43:04,2024-05-29 22:43:04,152 km al O de Valdivia,-39.386,-74.927,10.0,3.0,M
236276,2024-05-30 04:16:13,2024-05-30 00:16:13,37 km al O de La Ligua,-32.388,-71.618,61.0,2.8,Ml
236278,2024-05-30 04:19:33,2024-05-30 00:19:33,38 km al NO de Angol,-37.576,-73.041,55.0,2.9,Ml
236284,2024-05-30 05:49:10,2024-05-30 01:49:10,53 km al O de Ollagüe,-21.298,-68.756,114.0,3.1,Ml
236287,2024-05-30 06:06:30,2024-05-30 02:06:30,83 km al SE de Socaire,-24.115,-67.311,206.0,4.5,Mw
236291,2024-05-30 06:26:28,2024-05-30 02:26:28,37 km al N de Farellones,-33.022,-70.261,108.0,3.2,Ml
236296,2024-05-30 06:33:26,2024-05-30 02:33:26,37 km al S de Ollagüe,-21.555,-68.322,145.0,2.9,Ml
236305,2024-05-30 09:07:21,2024-05-30 05:07:21,32 km al NO de Mina Collahuasi,-20.659,-68.907,99.0,3.5,Ml
236309,2024-05-30 09:30:33,2024-05-30 05:30:33,6 km al S de Cuya,-19.216,-70.163,30.0,3.1,Ml
236314,2024-05-30 11:01:39,2024-05-30 07:01:39,65 km al SE de Socaire,-23.962,-67.402,255.0,3.3,Ml
236315,2024-05-30 11:52:13,2024-05-30 07:52:13,55 km al S de Mina La Escondida.,-24.761,-69.125,97.0,2.7,Ml
236320,2024-05-30 13:29:49,2024-05-30 09:29:49,61 km al SE de Socaire,-23.985,-67.477,270.0,3.5,Ml
236325,2024-05-30 15:16:50,2024-05-30 11:16:50,22 km al N de Los Vilos,-31.717,-71.489,69.0,3.0,Ml
236326,2024-05-30 16:13:35,2024-05-30 12:13:35,57 km al SO de Mina Collahuasi,-21.271,-68.94,123.0,3.7,Ml
236330,2024-05-30 17:30:07,2024-05-30 13:30:07,38 km al O de Camiña,-19.353,-69.79,30.0,2.8,Ml
236338,2024-05-30 18:29:48,2024-05-30 14:29:48,84 km al O de San Antonio de los Cobres,-24.028,-67.12,237.0,3.3,Ml
236356,2024-05-30 20:52:55,2024-05-30 16:52:55,28 km al S de Calama,-22.72,-68.872,88.0,2.6,Ml
236365,2024-05-30 22:17:05,2024-05-30 18:17:05,44 km al SO de Mina Collahuasi,-21.103,-68.955,114.0,2.5,Ml
236372,2024-05-30 23:13:19,2024-05-30 19:13:19,35 km al NE de Putre,-18.045,-69.269,146.0,4.2,Ml
236378,2024-05-31 00:34:02,2024-05-30 20:34:02,35 km al N de Copiapó,-27.063,-70.415,85.0,2.9,Ml
236379,2024-05-31 00:44:43,2024-05-30 20:44:43,54 km al SO de Ollagüe,-21.467,-68.702,106.0,2.6,Ml
236390,2024-05-31 04:56:29,2024-05-31 00:56:29,30 km al SE de Mina Collahuasi,-21.055,-68.512,131.0,2.6,Ml
236392,2024-05-31 05:04:23,2024-05-31 01:04:23,50 km al NO de Mina Collahuasi,-20.41,-68.837,110.0,3.1,Ml
236394,2024-05-31 05:23:18,2024-05-31 01:23:18,66 km al S de Socaire,-24.162,-68.044,267.0,3.8,Ml
236402,2024-05-31 07:46:35,2024-05-31 03:46:35,94 km al SE de Socaire,-24.287,-67.371,215.0,4.4,Mw
236404,2024-05-31 08:11:35,2024-05-31 04:11:35,103 km al O de Los Vilos,-31.613,-72.54,42.0,3.4,Ml
236411,2024-05-31 09:02:02,2024-05-31 05:02:02,21 km al SO de Mina Collahuasi,-20.984,-68.769,104.0,3.5,Ml
236413,2024-05-31 09:24:32,2024-05-31 05:24:32,27 km al NO de Quintero,-32.557,-71.658,36.0,2.9,Ml
236415,2024-05-31 09:27:30,2024-05-31 05:27:30,27 km al NO de Quintero,-32.567,-71.679,34.0,2.9,Ml
236419,2024-05-31 11:08:26,2024-05-31 07:08:26,8 km al SE de Canela Baja,-31.446,-71.401,54.0,3.1,Ml
236425,2024-05-31 13:01:08,2024-05-31 09:01:08,54 km al N de Calama,-22.006,-68.76,117.0,2.5,Ml
236430,2024-05-31 13:46:32,2024-05-31 09:46:32,64 km al O de El Tabo,-33.24,-72.313,36.0,2.7,Ml
236433,2024-05-31 15:00:56,2024-05-31 11:00:56,30 km al NE de San Fabián,-36.354,-71.334,161.0,2.6,Ml
236442,2024-05-31 17:13:04,2024-05-31 13:13:04,18 km al SO de Socaire,-23.734,-67.978,143.0,4.0,Ml
236448,2024-05-31 18:05:32,2024-05-31 14:05:32,36 km al SO de Pichidangui,-32.287,-71.871,24.0,2.7,Ml
236463,2024-05-31 19:22:14,2024-05-31 15:22:14,84 km al SE de Socaire,-24.182,-67.381,193.0,3.3,Ml
236467,2024-05-31 19:22:38,2024-05-31 15:22:38,91 km al SE de Socaire,-24.158,-67.243,202.0,2.9,Ml
236465,2024-05-31 19:38:35,2024-05-31 15:38:35,35 km al NO de Mina Collahuasi,-20.595,-68.879,107.0,2.6,Ml
236466,2024-05-31 20:09:45,2024-05-31 16:09:45,54 km al N de El Salvador,-25.769,-69.697,89.0,2.7,Ml
236470,2024-05-31 21:28:59,2024-05-31 17:28:59,63 km al NO de Navidad,-33.61,-72.378,45.0,2.6,Ml
236478,2024-05-31 22:19:19,2024-05-31 18:19:19,26 km al E de Vichuquén,-34.806,-71.723,45.0,2.5,Ml
236480,2024-05-31 22:30:28,2024-05-31 18:30:28,49 km al SE de Socaire,-23.991,-67.688,251.0,3.0,Ml
236483,2024-05-31 22:56:18,2024-05-31 18:56:18,45 km al O de Mina Collahuasi,-20.879,-69.087,88.0,2.5,Ml
236481,2024-05-31 22:57:08,2024-05-31 18:57:08,29 km al O de Mina Collahuasi,-20.737,-68.917,98.0,3.2,Ml
236489,2024-06-01 01:26:23,2024-05-31 21:26:23,35 km al NO de Chañaral,-26.065,-70.769,39.0,3.7,Ml
236501,2024-06-01 04:03:53,2024-06-01 00:03:53,15 km al O de Ovalle,-30.655,-71.351,54.0,2.9,Ml
236503,2024-06-01 04:04:31,2024-06-01 00:04:31,25 km al O de Ollagüe,-21.137,-68.476,137.0,3.4,Ml
236509,2024-06-01 06:11:45,2024-06-01 02:11:45,147 km al O de Pichilemu,-34.015,-73.543,39.0,2.7,Ml
236511,2024-06-01 06:18:29,2024-06-01 02:18:29,57 km al O de Socaire,-23.396,-68.407,116.0,2.6,Ml
236524,2024-06-01 09:33:23,2024-06-01 05:33:23,95 km al E de Copiapó,-27.452,-69.372,118.0,2.7,Ml
236527,2024-06-01 10:53:07,2024-06-01 06:53:07,64 km al SO de Mina Collahuasi,-21.339,-68.949,117.0,5.3,Mww
236535,2024-06-01 14:44:51,2024-06-01 10:44:51,61 km al SE de Socaire,-23.995,-67.488,251.0,3.5,Ml
236541,2024-06-01 15:41:18,2024-06-01 11:41:18,23 km al S de Baquedano,-23.537,-69.885,52.0,2.5,Ml
236544,2024-06-01 16:04:13,2024-06-01 12:04:13,7 km al O de Camiña,-19.3,-69.487,91.0,3.0,Ml
236552,2024-06-01 17:24:57,2024-06-01 13:24:57,67 km al NE de Socaire,-23.215,-67.374,250.0,3.5,Ml
236553,2024-06-01 17:28:03,2024-06-01 13:28:03,72 km al SE de Socaire,-23.985,-67.331,268.0,3.2,Ml
236560,2024-06-01 18:09:34,2024-06-01 14:09:34,60 km al S de Socaire,-24.128,-67.829,246.0,2.7,Ml
236569,2024-06-01 19:15:14,2024-06-01 15:15:14,36 km al E de San Fabián,-36.416,-71.183,143.0,2.8,Ml
236571,2024-06-01 19:22:53,2024-06-01 15:22:53,31 km al O de Ollagüe,-21.153,-68.542,138.0,2.5,Ml
236583,2024-06-01 21:12:44,2024-06-01 17:12:44,84 km al E de Socaire,-23.694,-67.074,235.0,4.2,Ml
236584,2024-06-01 21:14:39,2024-06-01 17:14:39,70 km al NE de Los Andes,-32.481,-69.978,123.0,3.6,Ml
236590,2024-06-01 22:38:52,2024-06-01 18:38:52,25 km al O de Rancagua,-34.166,-71.004,68.0,2.6,Ml
236594,2024-06-01 22:55:40,2024-06-01 18:55:40,46 km al SE de Socaire,-23.91,-67.604,259.0,2.9,Ml
236598,2024-06-01 23:34:12,2024-06-01 19:34:12,31 km al O de Ollagüe,-21.132,-68.532,135.0,2.5,Ml
236600,2024-06-01 23:48:05,2024-06-01 19:48:05,18 km al N de Calama,-22.306,-68.923,120.0,3.6,Ml
236608,2024-06-02 02:57:14,2024-06-01 22:57:14,38 km al NE de Calama,-22.151,-68.795,118.0,3.0,Ml
236613,2024-06-02 03:41:19,2024-06-01 23:41:19,81 km al NE de San Pedro de Atacama,-22.258,-67.867,195.0,3.8,Ml
236617,2024-06-02 04:16:02,2024-06-02 00:16:02,35 km al SO de Pichidangui,-32.288,-71.849,28.0,2.5,Ml
236619,2024-06-02 05:20:25,2024-06-02 01:20:25,55 km al SE de Socaire,-23.996,-67.588,220.0,2.9,Ml
236625,2024-06-02 05:49:29,2024-06-02 01:49:29,78 km al SE de Socaire,-24.114,-67.387,214.0,3.4,Ml
236635,2024-06-02 06:59:53,2024-06-02 02:59:53,53 km al N de Pica,-20.035,-69.179,96.0,3.0,Ml
236636,2024-06-02 07:02:21,2024-06-02 03:02:21,24 km al O de San Pedro de Atacama,-22.964,-68.433,151.0,3.5,Ml
236640,2024-06-02 07:55:17,2024-06-02 03:55:17,30 km al NE de San Pedro de Atacama,-22.718,-68.007,177.0,2.5,Ml
236645,2024-06-02 08:45:33,2024-06-02 04:45:33,41 km al N de Calama,-22.102,-68.928,131.0,2.5,Ml
236648,2024-06-02 10:04:15,2024-06-02 06:04:15,26 km al O de Mina Collahuasi,-20.883,-68.905,102.0,3.1,Ml
236650,2024-06-02 10:08:15,2024-06-02 06:08:15,5 km al NE de Ollagüe,-21.204,-68.207,145.0,3.1,Ml
236652,2024-06-02 10:12:56,2024-06-02 06:12:56,76 km al E de Socaire,-23.547,-67.143,232.0,4.2,Ml
236651,2024-06-02 10:13:57,2024-06-02 06:13:57,103 km al NE de Socaire,-23.051,-67.068,235.0,3.6,Ml
236653,2024-06-02 10:20:19,2024-06-02 06:20:19,84 km al S de Mina La Escondida,-25.021,-69.099,111.0,2.7,Ml
236655,2024-06-02 10:45:38,2024-06-02 06:45:38,95 km al SE de Socaire,-24.295,-67.358,211.0,4.0,Ml
236664,2024-06-02 13:26:57,2024-06-02 09:26:57,28 km al NO de Calama,-22.234,-69.029,97.0,3.2,Ml
236670,2024-06-02 14:29:04,2024-06-02 10:29:04,13 km al S de Melipilla,-33.801,-71.201,64.0,2.7,Ml
236676,2024-06-02 15:45:23,2024-06-02 11:45:23,44 km al N de Punta de Choros,-28.867,-71.335,37.0,2.5,Ml
236679,2024-06-02 16:06:12,2024-06-02 12:06:12,14 km al S de Baquedano,-23.453,-69.795,70.0,3.3,Ml
236684,2024-06-02 16:51:44,2024-06-02 12:51:44,49 km al E de Pica,-20.371,-68.877,108.0,2.8,Ml
236686,2024-06-02 17:17:02,2024-06-02 13:17:02,32 km al O de Ollagüe,-21.317,-68.55,131.0,2.6,Ml
236697,2024-06-02 18:51:40,2024-06-02 14:51:40,72 km al SE de Socaire,-24.19,-67.638,228.0,3.8,Ml
236706,2024-06-02 20:01:57,2024-06-02 16:01:57,17 km al O de Putre,-18.213,-69.719,112.0,2.8,Ml
236718,2024-06-02 21:16:36,2024-06-02 17:16:36,26 km al SE de Pica,-20.606,-69.109,103.0,2.5,Ml
236727,2024-06-02 22:50:17,2024-06-02 18:50:17,17 km al N de La Higuera,-29.361,-71.177,54.0,3.1,Ml
236730,2024-06-02 23:20:28,2024-06-02 19:20:28,67 km al S de Ollagüe,-21.797,-68.458,126.0,2.5,Ml
236734,2024-06-03 00:15:58,2024-06-02 20:15:58,71 km al SE de Sierra Gorda,-23.478,-69.055,100.0,2.7,Ml
236736,2024-06-03 01:05:12,2024-06-02 21:05:12,46 km al SE de Patache,-21.164,-69.975,49.0,3.1,Ml
236739,2024-06-03 01:27:23,2024-06-02 21:27:23,66 km al S de Colchane,-19.863,-68.716,117.0,2.6,Ml
236742,2024-06-03 02:02:02,2024-06-02 22:02:02,57 km al NE de Calama,-22.017,-68.671,102.0,2.5,Ml
236744,2024-06-03 02:18:14,2024-06-02 22:18:14,49 km al N de El Salvador,-25.809,-69.679,89.0,2.7,Ml
236745,2024-06-03 03:54:39,2024-06-02 23:54:39,48 km al SO de Mina Collahuasi,-21.04,-69.055,89.0,2.8,Ml
236747,2024-06-03 04:10:57,2024-06-03 00:10:57,49 km al E de Calama,-22.404,-68.46,126.0,2.7,Ml
236749,2024-06-03 04:16:21,2024-06-03 00:16:21,50 km al N de Carrizal Bajo,-27.635,-71.103,20.0,2.9,Ml
236750,2024-06-03 04:19:54,2024-06-03 00:19:54,47 km al SO de Mina Collahuasi,-21.217,-68.825,122.0,2.7,Ml
236751,2024-06-03 04:20:53,2024-06-03 00:20:53,72 km al SO de Ollagüe,-21.788,-68.591,145.0,3.4,Ml
236756,2024-06-03 05:50:05,2024-06-03 01:50:05,51 km al SO de Mina Collahuasi,-21.242,-68.872,119.0,3.4,Ml
236757,2024-06-03 05:55:23,2024-06-03 01:55:23,59 km al SE de Socaire,-23.977,-67.489,212.0,3.1,Ml
236765,2024-06-03 07:41:23,2024-06-03 03:41:23,57 km al SO de Ollagüe,-21.646,-68.567,119.0,2.7,Ml
236769,2024-06-03 08:25:15,2024-06-03 04:25:15,41 km al N de Calama,-22.118,-69.043,126.0,3.0,Ml
236771,2024-06-03 08:33:00,2024-06-03 04:33:00,25 km al N de La Higuera,-29.284,-71.181,53.0,3.3,Ml
236774,2024-06-03 08:57:03,2024-06-03 04:57:03,25 km al N de La Higuera,-29.288,-71.203,50.0,2.5,Ml
236782,2024-06-03 10:31:13,2024-06-03 06:31:13,19 km al NO de Rancagua,-34.009,-70.829,87.0,2.7,Ml
236783,2024-06-03 11:06:53,2024-06-03 07:06:53,19 km al SE de Los Vilos,-31.989,-71.337,76.0,2.5,Ml
236786,2024-06-03 12:18:24,2024-06-03 08:18:24,110 km al E de Socaire,-23.261,-66.871,258.0,3.4,Ml
236789,2024-06-03 12:28:11,2024-06-03 08:28:11,25 km al O de Quintero,-32.799,-71.792,33.0,2.8,Ml
236790,2024-06-03 12:48:32,2024-06-03 08:48:32,62 km al SE de Socaire,-24.094,-67.638,249.0,2.7,Ml
236792,2024-06-03 13:41:43,2024-06-03 09:41:43,77 km al SE de Paihuano,-30.607,-70.077,115.0,3.3,Ml
236796,2024-06-03 14:48:10,2024-06-03 10:48:10,75 km al S de Socaire,-24.252,-67.754,231.0,3.1,Ml
236809,2024-06-03 17:59:04,2024-06-03 13:59:04,27 km al N de Calama,-22.227,-68.976,123.0,3.1,Ml
236817,2024-06-03 19:04:35,2024-06-03 15:04:35,32 km al SO de Punitaqui,-31.025,-71.5,76.0,2.9,Ml
236821,2024-06-03 19:37:11,2024-06-03 15:37:11,30 km al SE de Pica,-20.698,-69.149,110.0,3.1,Ml
236827,2024-06-03 20:36:13,2024-06-03 16:36:13,23 km al N de Termas del Flaco,-34.753,-70.454,141.0,3.2,Ml
236833,2024-06-03 20:55:42,2024-06-03 16:55:42,62 km al SE de Socaire,-24.061,-67.556,282.0,4.3,Ml
236838,2024-06-03 22:07:00,2024-06-03 18:07:00,50 km al SE de Pica,-20.907,-69.141,108.0,3.1,Ml
236846,2024-06-03 23:41:41,2024-06-03 19:41:41,78 km al SE de Socaire,-23.93,-67.221,246.0,3.4,Ml
236848,2024-06-04 00:45:40,2024-06-03 20:45:40,143 km al NO de Constitución,-34.699,-73.781,24.0,2.9,Ml
236860,2024-06-04 04:33:33,2024-06-04 00:33:33,90 km al O de San Antonio de los Cobres,-24.293,-67.203,199.0,3.8,Ml
236865,2024-06-04 06:43:12,2024-06-04 02:43:12,16 km al E de Putre,-18.225,-69.407,17.0,3.1,Ml
236869,2024-06-04 07:26:15,2024-06-04 03:26:15,31 km al O de Ollagüe,-21.217,-68.549,131.0,2.9,Ml
236871,2024-06-04 07:34:23,2024-06-04 03:34:23,43 km al NE de Ollagüe,-20.942,-67.968,188.0,3.6,Ml
236877,2024-06-04 08:15:36,2024-06-04 04:15:36,43 km al O de La Serena,-29.769,-71.675,20.0,3.7,Ml
236878,2024-06-04 08:28:53,2024-06-04 04:28:53,113 km al O de Caldera,-27.282,-71.939,35.0,2.9,Ml
236880,2024-06-04 09:36:48,2024-06-04 05:36:48,39 km al NE de Camiña,-19.081,-69.149,124.0,4.7,Mw
236882,2024-06-04 10:06:21,2024-06-04 06:06:21,16 km al O de Quintero,-32.788,-71.694,39.0,2.7,Ml
236885,2024-06-04 10:19:08,2024-06-04 06:19:08,12 km al O de Tocopilla,-22.105,-70.314,15.0,2.8,Ml
236887,2024-06-04 11:17:22,2024-06-04 07:17:22,31 km al O de Camiña,-19.372,-69.715,77.0,2.5,Ml
236889,2024-06-04 12:11:34,2024-06-04 08:11:34,20 km al NE de Sierra Gorda,-22.758,-69.192,107.0,2.5,Ml
236892,2024-06-04 12:15:05,2024-06-04 08:15:05,19 km al N de Victoria,-38.064,-72.318,60.0,3.8,Ml
236895,2024-06-04 12:22:24,2024-06-04 08:22:24,99 km al E de Copiapó,-27.433,-69.336,110.0,2.7,Ml
236896,2024-06-04 12:46:16,2024-06-04 08:46:16,62 km al SO de Socaire,-24.101,-68.126,288.0,3.1,Ml
236898,2024-06-04 12:52:56,2024-06-04 08:52:56,40 km al SO de Mina Collahuasi,-21.055,-68.959,106.0,2.7,Ml
236902,2024-06-04 13:28:23,2024-06-04 09:28:23,25 km al S de Camiña,-19.525,-69.505,97.0,4.1,Ml
236904,2024-06-04 13:35:46,2024-06-04 09:35:46,16 km al SE de Sierra Gorda,-22.999,-69.222,93.0,2.5,Ml
236924,2024-06-04 17:33:37,2024-06-04 13:33:37,32 km al O de Patache,-20.861,-70.509,54.0,4.0,Ml
236928,2024-06-04 17:53:42,2024-06-04 13:53:42,34 km al E de Melipilla,-33.775,-70.859,70.0,2.7,Ml
236932,2024-06-04 18:33:27,2024-06-04 14:33:27,12 km al E de Curicó,-34.986,-71.113,100.0,3.0,Ml
236973,2024-06-04 22:56:36,2024-06-04 18:56:36,43 km al SE de Pica,-20.841,-69.156,107.0,2.9,Ml
236975,2024-06-04 23:33:13,2024-06-04 19:33:13,35 km al O de Mina Collahuasi,-20.794,-68.989,106.0,3.2,Ml
236978,2024-06-05 00:02:18,2024-06-04 20:02:18,64 km al S de Mina Collahuasi,-21.371,-68.85,105.0,3.1,Ml
236984,2024-06-05 01:21:44,2024-06-04 21:21:44,118 km al O de Tongoy,-29.849,-72.625,36.0,2.7,Ml
236985,2024-06-05 01:32:51,2024-06-04 21:32:51,47 km al NE de Calama,-22.093,-68.718,110.0,2.5,Ml
236993,2024-06-05 02:39:41,2024-06-04 22:39:41,116 km al NE de San Pedro de Atacama,-22.055,-67.57,209.0,4.1,Ml
236999,2024-06-05 05:16:51,2024-06-05 01:16:51,55 km al N de Mina Collahuasi,-20.346,-68.78,116.0,3.1,Ml
237005,2024-06-05 06:00:47,2024-06-05 02:00:47,42 km al NO de Curarrehue,-39.018,-71.805,120.0,4.7,Mw
237009,2024-06-05 06:13:21,2024-06-05 02:13:21,23 km al SO de Camiña,-19.476,-69.56,84.0,2.5,Ml
237034,2024-06-05 12:20:13,2024-06-05 08:20:13,39 km al NE de Camiña,-19.064,-69.162,122.0,3.0,Ml
237039,2024-06-05 13:21:16,2024-06-05 09:21:16,51 km al N de Pica,-20.056,-69.179,93.0,2.6,Ml
237045,2024-06-05 14:13:32,2024-06-05 10:13:32,44 km al SO de Mina Collahuasi,-21.127,-68.939,113.0,2.8,Ml
237049,2024-06-05 16:14:37,2024-06-05 12:14:37,34 km al S de Parque Fray Jorge,-30.963,-71.651,30.0,2.6,Ml
237068,2024-06-05 19:03:10,2024-06-05 15:03:10,30 km al NO de Quintero,-32.539,-71.675,37.0,3.2,Ml
237076,2024-06-05 20:17:26,2024-06-05 16:17:26,76 km al S de Copiapó,-28.044,-70.228,100.0,2.8,Ml
237094,2024-06-06 02:19:12,2024-06-05 22:19:12,20 km al N de La Higuera,-29.339,-71.162,56.0,3.0,Ml
237096,2024-06-06 02:46:43,2024-06-05 22:46:43,23 km al NO de Petorca,-32.08,-71.064,78.0,2.7,Ml
237099,2024-06-06 03:11:34,2024-06-05 23:11:34,83 km al SE de Socaire,-23.928,-67.163,224.0,3.9,Ml
237105,2024-06-06 05:07:46,2024-06-06 01:07:46,63 km al N de Calama,-21.928,-68.769,125.0,2.9,Ml
237127,2024-06-06 14:31:55,2024-06-06 10:31:55,29 km al SO de Termas del Flaco,-35.191,-70.586,118.0,2.8,Ml
237128,2024-06-06 15:38:09,2024-06-06 11:38:09,33 km al SO de Mina Collahuasi,-20.976,-68.937,112.0,3.7,Ml
237130,2024-06-06 15:51:35,2024-06-06 11:51:35,10 km al SE de Pica,-20.547,-69.253,97.0,4.7,Mw
237132,2024-06-06 15:53:50,2024-06-06 11:53:50,35 km al NO de Quintero,-32.481,-71.657,36.0,3.0,Ml
237136,2024-06-06 15:56:30,2024-06-06 11:56:30,7 km al NE de Calama,-22.441,-68.868,112.0,2.8,Ml
237140,2024-06-06 16:39:35,2024-06-06 12:39:35,11 km al SE de Pica,-20.54,-69.235,94.0,3.5,Ml
237144,2024-06-06 17:10:06,2024-06-06 13:10:06,39 km al NE de Calama,-22.171,-68.737,136.0,2.6,Ml
237145,2024-06-06 17:33:10,2024-06-06 13:33:10,37 km al SE de Patache,-21.115,-70.054,27.0,2.5,Ml
237147,2024-06-06 17:37:48,2024-06-06 13:37:48,24 km al S de Tocopilla,-22.308,-70.146,55.0,4.8,Mw
237166,2024-06-06 19:34:16,2024-06-06 15:34:16,71 km al NE de Calama,-21.926,-68.577,123.0,3.4,Ml
237181,2024-06-06 22:40:45,2024-06-06 18:40:45,40 km al N de San Pedro de Atacama,-22.558,-68.24,151.0,2.8,Ml
237189,2024-06-07 00:17:44,2024-06-06 20:17:44,76 km al SE de Socaire,-24.228,-67.622,221.0,3.4,Ml
237193,2024-06-07 00:58:13,2024-06-06 20:58:13,12 km al SE de Los Andes,-32.935,-70.555,21.0,2.7,Ml
237198,2024-06-07 02:01:46,2024-06-06 22:01:46,31 km al S de Sierra Gorda,-23.165,-69.367,74.0,2.7,Ml
237201,2024-06-07 02:21:10,2024-06-06 22:21:10,85 km al NO de Isla Guafo,-43.189,-75.607,25.0,4.0,Ml
237215,2024-06-07 05:47:37,2024-06-07 01:47:37,40 km al NO de Arica,-18.288,-70.644,58.0,4.0,Ml
237217,2024-06-07 06:28:07,2024-06-07 02:28:07,63 km al S de Camiña,-19.853,-69.24,94.0,2.6,Ml
237233,2024-06-07 10:04:34,2024-06-07 06:04:34,19 km al S de Mina Los Pelambres,-31.989,-70.547,120.0,2.8,Ml
237239,2024-06-07 13:02:27,2024-06-07 09:02:27,1 km al SO de Cuya,-19.164,-70.185,52.0,2.9,Ml
237243,2024-06-07 16:20:51,2024-06-07 12:20:51,5 km al NE de Los Vilos,-31.887,-71.473,47.0,2.6,Ml
237257,2024-06-07 18:36:56,2024-06-07 14:36:56,50 km al SO de Mina Collahuasi,-21.232,-68.861,112.0,2.6,Ml
237260,2024-06-07 19:04:30,2024-06-07 15:04:30,26 km al SO de Pichidangui,-32.268,-71.753,32.0,2.7,Ml
237266,2024-06-07 19:32:50,2024-06-07 15:32:50,40 km al SE de Rancagua,-34.409,-70.41,120.0,3.5,Ml
237271,2024-06-07 20:14:26,2024-06-07 16:14:26,18 km al SO de Tongoy,-30.349,-71.645,30.0,2.9,Ml
237273,2024-06-07 20:56:29,2024-06-07 16:56:29,52 km al SE de Socaire,-24.011,-67.676,251.0,3.1,Ml
237279,2024-06-07 21:45:08,2024-06-07 17:45:08,19 km al N de Quintero,-32.614,-71.577,32.0,3.2,Ml
237296,2024-06-08 02:22:16,2024-06-07 22:22:16,19 km al S de Petorca,-32.42,-70.895,80.0,4.4,Ml
237315,2024-06-08 07:41:46,2024-06-08 03:41:46,13 km al S de María Elena,-22.455,-69.623,77.0,3.2,Ml
237324,2024-06-08 09:06:22,2024-06-08 05:06:22,91 km al SE de Socaire,-24.257,-67.374,222.0,3.2,Ml
237327,2024-06-08 09:22:48,2024-06-08 05:22:48,20 km al S de Camiña,-19.493,-69.444,92.0,4.9,Mw
237331,2024-06-08 10:17:45,2024-06-08 06:17:45,15 km al NE de Illapel,-31.51,-71.116,54.0,2.9,Ml
237334,2024-06-08 13:10:12,2024-06-08 09:10:12,35 km al NE de Calama,-22.26,-68.676,122.0,2.5,Ml
237335,2024-06-08 13:34:04,2024-06-08 09:34:04,16 km al E de Alto del Carmen,-28.763,-70.323,104.0,4.0,Ml
237338,2024-06-08 14:06:10,2024-06-08 10:06:10,76 km al N de Calama,-21.82,-68.708,128.0,3.2,Ml
237343,2024-06-08 14:54:07,2024-06-08 10:54:07,46 km al N de Cobquecura,-35.727,-72.895,30.0,4.2,Ml
237345,2024-06-08 15:20:13,2024-06-08 11:20:13,14 km al NO de Punitaqui,-30.766,-71.386,48.0,3.0,Ml
237346,2024-06-08 16:07:17,2024-06-08 12:07:17,36 km al SO de Canela Baja,-31.58,-71.776,34.0,2.5,Ml
237349,2024-06-08 16:34:35,2024-06-08 12:34:35,36 km al N de Punta de Choros,-28.928,-71.468,36.0,2.9,Ml
237351,2024-06-08 16:52:24,2024-06-08 12:52:24,14 km al NO de Visviri,-17.525,-69.59,7.0,3.1,Ml
237353,2024-06-08 17:07:14,2024-06-08 13:07:14,6 km al N de Mina La Escondida,-24.221,-69.074,99.0,2.6,Ml
237354,2024-06-08 17:20:43,2024-06-08 13:20:43,28 km al O de Caldera,-27.01,-71.095,41.0,2.9,Ml
237359,2024-06-08 18:34:44,2024-06-08 14:34:44,68 km al SO de Ollagüe,-21.76,-68.577,129.0,2.9,Ml
237371,2024-06-08 20:22:35,2024-06-08 16:22:35,15 km al SO de Mina Collahuasi,-20.944,-68.721,120.0,2.7,Ml
237372,2024-06-08 20:27:53,2024-06-08 16:27:53,51 km al O de Ollagüe,-21.308,-68.74,103.0,2.8,Ml
237374,2024-06-08 20:42:48,2024-06-08 16:42:48,63 km al NE de Pica,-20.101,-68.896,114.0,4.0,Ml
237383,2024-06-08 22:05:30,2024-06-08 18:05:30,55 km al SE de Socaire,-23.95,-67.513,273.0,2.9,Ml
237384,2024-06-08 22:50:31,2024-06-08 18:50:31,67 km al S de Socaire,-24.195,-67.874,269.0,2.6,Ml
237385,2024-06-09 00:21:26,2024-06-08 20:21:26,58 km al E de Caleta El Cobre,-24.381,-69.97,69.0,3.2,Ml
237390,2024-06-09 01:12:28,2024-06-08 21:12:28,49 km al NE de El Salvador,-25.845,-69.412,134.0,3.8,Ml
237391,2024-06-09 01:38:20,2024-06-08 21:38:20,14 km al N de Ovalle,-30.478,-71.192,57.0,2.6,Ml
237393,2024-06-09 02:08:47,2024-06-08 22:08:47,5 km al O de La Higuera,-29.494,-71.253,51.0,3.3,Ml
237396,2024-06-09 03:49:48,2024-06-08 23:49:48,59 km al N de Calama,-21.959,-68.763,124.0,2.5,Ml
237401,2024-06-09 04:29:36,2024-06-09 00:29:36,68 km al NE de Calama,-21.923,-68.637,128.0,3.0,Ml
237404,2024-06-09 05:10:33,2024-06-09 01:10:33,113 km al O de Huasco,-28.333,-72.363,37.0,2.5,Ml
237405,2024-06-09 05:14:27,2024-06-09 01:14:27,65 km al SE de Socaire,-24.031,-67.473,202.0,4.4,Ml
237409,2024-06-09 05:50:47,2024-06-09 01:50:47,51 km al S de Socaire,-24.046,-67.883,293.0,3.8,Ml
237414,2024-06-09 07:37:23,2024-06-09 03:37:23,39 km al SO de Ollagüe,-21.452,-68.542,124.0,3.0,Ml
237417,2024-06-09 08:23:19,2024-06-09 04:23:19,102 km al E de Copiapó,-27.425,-69.297,104.0,2.8,Ml
237421,2024-06-09 10:08:19,2024-06-09 06:08:19,5 km al E de Pisagua,-19.593,-70.171,20.0,2.6,Ml
237422,2024-06-09 10:16:56,2024-06-09 06:16:56,51 km al SO de Mina Collahuasi,-21.18,-68.965,114.0,2.9,Ml
237428,2024-06-09 12:12:20,2024-06-09 08:12:20,49 km al S de Mina Collahuasi,-21.254,-68.779,118.0,2.6,Ml
237434,2024-06-09 14:36:38,2024-06-09 10:36:38,12 km al NE de La Ligua,-32.355,-71.161,61.0,2.6,Ml
237436,2024-06-09 14:43:48,2024-06-09 10:43:48,68 km al SO de Ollagüe,-21.737,-68.615,132.0,4.1,Ml
237440,2024-06-09 15:50:28,2024-06-09 11:50:28,45 km al NE de San Pedro de Atacama,-22.551,-68.017,186.0,2.7,Ml
237444,2024-06-09 16:11:15,2024-06-09 12:11:15,122 km al O de Constitución,-34.885,-73.637,18.0,3.9,Ml
237446,2024-06-09 16:17:05,2024-06-09 12:17:05,26 km al SO de Calama,-22.665,-69.063,108.0,4.0,Ml
237458,2024-06-09 18:04:16,2024-06-09 14:04:16,15 km al SO de La Higuera,-29.626,-71.291,54.0,3.0,Ml
237460,2024-06-09 18:17:59,2024-06-09 14:17:59,39 km al SO de Mina Collahuasi,-21.13,-68.847,112.0,3.2,Ml
237469,2024-06-09 20:36:00,2024-06-09 16:36:00,19 km al N de Mina Los Pelambres,-31.655,-70.582,139.0,2.7,Ml
237473,2024-06-09 21:15:20,2024-06-09 17:15:20,105 km al O de Cuya,-19.089,-71.175,34.0,2.5,Ml
237476,2024-06-09 21:56:42,2024-06-09 17:56:42,25 km al SE de Camiña,-19.477,-69.264,105.0,3.1,Ml
237484,2024-06-09 22:52:53,2024-06-09 18:52:53,13 km al O de San José de Maipo,-33.622,-70.495,105.0,2.7,Ml
237494,2024-06-10 00:57:45,2024-06-09 20:57:45,15 km al NE de Camiña,-19.238,-69.309,103.0,2.6,Ml
237495,2024-06-10 01:32:19,2024-06-09 21:32:19,11 km al SO de Petorca,-32.312,-71.023,71.0,3.7,Ml
237498,2024-06-10 01:46:38,2024-06-09 21:46:38,46 km al NE de Calama,-22.173,-68.624,124.0,2.6,Ml
237502,2024-06-10 03:26:15,2024-06-09 23:26:15,68 km al SO de Ollagüe,-21.716,-68.637,137.0,2.6,Ml
237504,2024-06-10 03:37:26,2024-06-09 23:37:26,59 km al SO de Ollagüe,-21.702,-68.504,131.0,2.9,Ml
237507,2024-06-10 03:42:45,2024-06-09 23:42:45,33 km al SO de Ollagüe,-21.458,-68.449,130.0,2.5,Ml
237526,2024-06-10 07:09:41,2024-06-10 03:09:41,114 km al O de Lebu,-37.527,-74.95,15.0,2.8,Ml
237528,2024-06-10 07:54:35,2024-06-10 03:54:35,33 km al S de Mina Collahuasi,-21.127,-68.66,122.0,2.8,Ml
237530,2024-06-10 08:29:08,2024-06-10 04:29:08,59 km al SO de Ollagüe,-21.67,-68.557,131.0,2.6,Ml
237535,2024-06-10 09:39:53,2024-06-10 05:39:53,29 km al S de Alto del Carmen,-29.014,-70.423,105.0,2.8,Ml
237540,2024-06-10 10:50:15,2024-06-10 06:50:15,25 km al SE de Rancagua,-34.276,-70.502,101.0,3.0,Ml
237543,2024-06-10 12:24:44,2024-06-10 08:24:44,30 km al S de San José de Maipo,-33.904,-70.434,19.0,2.6,Ml
237546,2024-06-10 12:58:32,2024-06-10 08:58:32,14 km al NE de Termas del Flaco,-34.88,-70.312,146.0,2.7,Ml
237553,2024-06-10 13:21:58,2024-06-10 09:21:58,23 km al E de Vichuquén,-34.811,-71.759,44.0,3.8,Ml
237554,2024-06-10 13:23:42,2024-06-10 09:23:42,83 km al E de Socaire,-23.852,-67.125,230.0,3.2,Ml
237559,2024-06-10 15:37:36,2024-06-10 11:37:36,93 km al O de Arica,-18.522,-71.199,29.0,2.8,Ml
237560,2024-06-10 15:51:22,2024-06-10 11:51:22,28 km al E de Pica,-20.444,-69.062,118.0,3.7,Ml
237579,2024-06-10 18:52:52,2024-06-10 14:52:52,47 km al SO de Mina Collahuasi,-21.147,-68.953,115.0,3.8,Ml
237581,2024-06-10 18:59:36,2024-06-10 14:59:36,109 km al O de Caldera,-27.256,-71.907,29.0,3.2,Ml
237583,2024-06-10 19:31:43,2024-06-10 15:31:43,36 km al NE de Pica,-20.214,-69.148,113.0,2.6,Ml
237587,2024-06-10 19:41:44,2024-06-10 15:41:44,116 km al O de Caldera,-27.294,-71.972,38.0,3.8,Ml
237589,2024-06-10 20:12:17,2024-06-10 16:12:17,65 km al S de Ollagüe,-21.774,-68.48,123.0,3.0,Ml
237594,2024-06-10 20:38:30,2024-06-10 16:38:30,58 km al SO de Mina Collahuasi,-21.188,-69.066,123.0,2.7,Ml
237599,2024-06-10 21:29:48,2024-06-10 17:29:48,60 km al SO de Caldera,-27.483,-71.216,31.0,2.6,Ml
237603,2024-06-10 21:49:50,2024-06-10 17:49:50,81 km al O de Arica,-18.434,-71.093,11.0,2.8,Ml
237607,2024-06-10 23:05:31,2024-06-10 19:05:31,45 km al SO de Mina Collahuasi,-21.034,-69.028,108.0,2.5,Ml
237608,2024-06-10 23:07:06,2024-06-10 19:07:06,59 km al SE de Socaire,-24.078,-67.653,251.0,3.4,Ml
237610,2024-06-10 23:47:17,2024-06-10 19:47:17,22 km al O de Rancagua,-34.154,-70.979,80.0,3.1,Ml
237615,2024-06-10 23:47:35,2024-06-10 19:47:35,120 km al NO de Carrizal Bajo,-27.385,-72.076,19.0,3.2,Ml
237619,2024-06-11 01:08:00,2024-06-10 21:08:00,37 km al NO de Carrizal Bajo,-27.886,-71.453,28.0,2.7,Ml
237620,2024-06-11 01:10:20,2024-06-10 21:10:20,18 km al S de La Ligua,-32.611,-71.192,53.0,3.1,Ml
237622,2024-06-11 01:16:36,2024-06-10 21:16:36,46 km al S de Mina Collahuasi,-21.222,-68.793,116.0,2.6,Ml
237627,2024-06-11 01:50:43,2024-06-10 21:50:43,51 km al NO de Quillagua,-21.303,-69.845,54.0,3.6,Ml
237628,2024-06-11 02:27:48,2024-06-10 22:27:48,89 km al S de Ilo,-18.432,-71.489,23.0,2.6,Ml
237634,2024-06-11 03:45:33,2024-06-10 23:45:33,79 km al S de Socaire,-24.292,-67.787,232.0,3.4,Ml
237636,2024-06-11 04:00:27,2024-06-11 00:00:27,37 km al SO de Ollagüe,-21.52,-68.427,137.0,2.7,Ml
237644,2024-06-11 05:42:17,2024-06-11 01:42:17,117 km al NO de Carrizal Bajo,-27.361,-72.012,34.0,4.1,Ml
237648,2024-06-11 06:05:50,2024-06-11 02:05:50,109 km al O de Caldera,-27.272,-71.901,36.0,2.6,Ml
237651,2024-06-11 06:14:23,2024-06-11 02:14:23,56 km al SO de Mina La Escondida,-24.64,-69.432,74.0,2.8,Ml
237653,2024-06-11 06:57:49,2024-06-11 02:57:49,81 km al S de Socaire,-24.307,-68.048,245.0,3.8,Ml
237654,2024-06-11 07:15:42,2024-06-11 03:15:42,23 km al S de Santiago,-33.64,-70.625,85.0,3.8,Ml
237657,2024-06-11 07:53:18,2024-06-11 03:53:18,36 km al E de Socaire,-23.504,-67.55,305.0,2.8,Ml
237662,2024-06-11 07:53:45,2024-06-11 03:53:45,17 km al O de Socaire,-23.554,-68.054,297.0,2.9,Ml
237659,2024-06-11 08:26:31,2024-06-11 04:26:31,42 km al S de Mina Collahuasi,-21.205,-68.715,116.0,2.5,Ml
237665,2024-06-11 10:08:50,2024-06-11 06:08:50,39 km al E de Mina Los Pelambres,-31.882,-70.182,122.0,2.8,Ml
237669,2024-06-11 10:24:55,2024-06-11 06:24:55,71 km al S de Socaire,-24.222,-67.997,276.0,3.5,Ml
237670,2024-06-11 10:47:17,2024-06-11 06:47:17,30 km al O de Ollagüe,-21.152,-68.537,133.0,2.7,Ml
237672,2024-06-11 10:58:12,2024-06-11 06:58:12,67 km al NE de Socaire,-23.254,-67.341,272.0,3.8,Ml
237673,2024-06-11 11:13:55,2024-06-11 07:13:55,48 km al NO de Mina La Escondida,-24.054,-69.461,85.0,2.5,Ml
237678,2024-06-11 12:49:10,2024-06-11 08:49:10,47 km al N de Mina Collahuasi,-20.43,-68.815,111.0,3.0,Ml
237685,2024-06-11 14:24:52,2024-06-11 10:24:52,50 km al N de Camiña,-18.89,-69.576,99.0,2.5,Ml
237690,2024-06-11 15:54:07,2024-06-11 11:54:07,118 km al E de Socaire,-23.194,-66.812,253.0,3.4,Ml
237692,2024-06-11 17:06:50,2024-06-11 13:06:50,23 km al N de Mina Collahuasi,-20.627,-68.714,115.0,3.1,Ml
237694,2024-06-11 17:14:32,2024-06-11 13:14:32,26 km al E de Pica,-20.568,-69.095,100.0,2.8,Ml
237696,2024-06-11 17:34:12,2024-06-11 13:34:12,71 km al SE de Socaire,-24.012,-67.361,247.0,4.7,Mw
237703,2024-06-11 18:19:36,2024-06-11 14:19:36,20 km al SE de Putre,-18.302,-69.407,130.0,3.6,Ml
237708,2024-06-11 18:38:57,2024-06-11 14:38:57,34 km al S de Mina Collahuasi,-21.133,-68.638,134.0,3.2,Ml
237711,2024-06-11 19:08:02,2024-06-11 15:08:02,8 km al S de Pozo Almonte,-20.327,-69.783,57.0,3.3,Ml
237712,2024-06-11 19:19:18,2024-06-11 15:19:18,152 km al O de Pichilemu,-34.421,-73.661,16.0,2.5,Ml
237718,2024-06-11 20:58:36,2024-06-11 16:58:36,127 km al O de Pichilemu,-33.968,-73.299,38.0,3.2,Ml
237740,2024-06-12 01:35:06,2024-06-11 21:35:06,48 km al SO de Mina Collahuasi,-21.122,-68.996,109.0,2.7,Ml
237743,2024-06-12 02:00:43,2024-06-11 22:00:43,28 km al SO de Tirúa,-38.574,-73.608,15.0,2.9,Ml
237745,2024-06-12 02:17:43,2024-06-11 22:17:43,76 km al NO de San Antonio de los Cobres,-23.84,-66.94,233.0,3.3,Ml
237747,2024-06-12 03:48:54,2024-06-11 23:48:54,10 km al SE de Curicó,-35.054,-71.167,95.0,2.9,Ml
237755,2024-06-12 04:39:49,2024-06-12 00:39:49,74 km al SE de Socaire,-23.964,-67.293,225.0,3.0,Ml
237769,2024-06-12 08:22:14,2024-06-12 04:22:14,42 km al O de Mina Collahuasi,-20.89,-69.059,111.0,3.2,Ml
237770,2024-06-12 09:19:46,2024-06-12 05:19:46,42 km al S de Mina La Escondida,-24.631,-69.189,91.0,2.7,Ml
237776,2024-06-12 11:29:41,2024-06-12 07:29:41,43 km al N de Punta de Choros,-28.864,-71.5,40.0,3.6,Ml
237778,2024-06-12 11:39:01,2024-06-12 07:39:01,43 km al N de Punta de Choros,-28.871,-71.385,31.0,2.6,Ml
237780,2024-06-12 11:43:30,2024-06-12 07:43:30,44 km al N de Punta de Choros,-28.854,-71.476,36.0,2.8,Ml
237788,2024-06-12 13:08:43,2024-06-12 09:08:43,20 km al O de Paposo,-24.972,-70.661,34.0,3.5,Ml
237791,2024-06-12 13:22:17,2024-06-12 09:22:17,65 km al S de Socaire,-24.141,-67.669,236.0,3.8,Ml
237799,2024-06-12 15:20:19,2024-06-12 11:20:19,30 km al N de Calama,-22.211,-69.003,120.0,3.4,Ml
237810,2024-06-12 17:50:48,2024-06-12 13:50:48,30 km al O de Ollagüe,-21.128,-68.527,120.0,3.0,Ml
237817,2024-06-12 19:09:49,2024-06-12 15:09:49,37 km al SE de Putre,-18.432,-69.314,126.0,3.0,Ml
237828,2024-06-12 21:11:19,2024-06-12 17:11:19,59 km al NO de Quillagua,-21.322,-69.973,32.0,2.5,Ml
237834,2024-06-12 21:35:48,2024-06-12 17:35:48,96 km al E de Socaire,-23.397,-66.971,238.0,3.4,Ml
237840,2024-06-12 22:26:57,2024-06-12 18:26:57,10 km al S de La Serena,-29.992,-71.225,50.0,4.5,Mw
237843,2024-06-13 00:14:08,2024-06-12 20:14:08,15 km al S de La Serena,-30.031,-71.305,55.0,3.2,Ml
237846,2024-06-13 00:17:57,2024-06-12 20:17:57,61 km al O de Socaire,-23.542,-68.491,165.0,3.1,Ml
237847,2024-06-13 00:24:03,2024-06-12 20:24:03,22 km al S de Parque Fray Jorge,-30.854,-71.746,28.0,3.7,Ml
237850,2024-06-13 00:48:06,2024-06-12 20:48:06,76 km al SE de Socaire,-24.126,-67.431,210.0,3.4,Ml
237851,2024-06-13 00:58:45,2024-06-12 20:58:45,45 km al NE de Quillagua,-21.361,-69.241,82.0,3.0,Ml
237860,2024-06-13 03:46:03,2024-06-12 23:46:03,13 km al S de San Antonio,-33.697,-71.653,34.0,2.6,Ml
237863,2024-06-13 03:58:57,2024-06-12 23:58:57,73 km al NE de San Pedro de Atacama,-22.326,-67.896,183.0,3.8,Ml
237865,2024-06-13 04:02:33,2024-06-13 00:02:33,65 km al NE de Pica,-20.036,-68.938,112.0,3.2,Ml
237873,2024-06-13 09:23:42,2024-06-13 05:23:42,43 km al SO de Ollagüe,-21.579,-68.408,137.0,3.4,Ml
237875,2024-06-13 09:32:18,2024-06-13 05:32:18,69 km al SO de Arica,-18.743,-70.909,27.0,2.9,Ml
237890,2024-06-13 17:50:29,2024-06-13 13:50:29,62 km al S de Mina Collahuasi,-21.352,-68.851,106.0,3.2,Ml
237905,2024-06-13 20:27:27,2024-06-13 16:27:27,38 km al S de Camiña,-19.651,-69.494,112.0,3.8,Ml
237907,2024-06-13 20:56:19,2024-06-13 16:56:19,25 km al NO de Putre,-18.017,-69.702,140.0,3.3,Ml
237916,2024-06-13 21:43:49,2024-06-13 17:43:49,20 km al N de Cuya,-18.989,-70.136,40.0,2.9,Ml
237924,2024-06-13 23:29:40,2024-06-13 19:29:40,32 km al NE de Quillagua,-21.442,-69.335,71.0,2.5,Ml
237928,2024-06-13 23:51:43,2024-06-13 19:51:43,31 km al N de Paposo,-24.741,-70.548,55.0,2.7,Ml
237930,2024-06-14 00:39:54,2024-06-13 20:39:54,72 km al SO de Ollagüe,-21.668,-68.759,108.0,2.7,Ml
237942,2024-06-14 05:50:34,2024-06-14 01:50:34,39 km al E de La Higuera,-29.418,-70.809,59.0,3.2,Ml
237943,2024-06-14 06:20:16,2024-06-14 02:20:16,16 km al O de Vallenar,-28.597,-70.924,44.0,3.2,Ml
237950,2024-06-14 07:35:05,2024-06-14 03:35:05,16 km al O de Vallenar,-28.615,-70.919,45.0,3.6,Ml
237955,2024-06-14 09:27:20,2024-06-14 05:27:20,36 km al O de Cuya,-19.066,-70.509,61.0,3.7,Ml
237959,2024-06-14 10:16:11,2024-06-14 06:16:11,53 km al N de Quillagua,-21.188,-69.605,66.0,3.1,Ml
237973,2024-06-14 13:34:53,2024-06-14 09:34:53,147 km al O de Lebu,-37.788,-75.314,17.0,4.0,Ml
237976,2024-06-14 15:03:27,2024-06-14 11:03:27,83 km al NE de San Pedro de Atacama,-22.333,-67.696,194.0,3.4,Ml
237978,2024-06-14 15:22:42,2024-06-14 11:22:42,11 km al SO de Tongoy,-30.313,-71.594,51.0,2.7,Ml
237981,2024-06-14 16:02:42,2024-06-14 12:02:42,85 km al O de Pisagua,-19.364,-70.983,40.0,2.9,Ml
237983,2024-06-14 16:07:49,2024-06-14 12:07:49,32 km al O de Navidad,-33.936,-72.173,38.0,3.3,Ml
237985,2024-06-14 16:10:30,2024-06-14 12:10:30,31 km al SO de Mina Collahuasi,-20.956,-68.919,101.0,2.7,Ml
237986,2024-06-14 16:25:46,2024-06-14 12:25:46,32 km al O de Navidad,-33.924,-72.18,38.0,3.1,Ml
237988,2024-06-14 16:31:37,2024-06-14 12:31:37,45 km al SO de Mina Collahuasi,-21.046,-69.026,108.0,2.7,Ml
237991,2024-06-14 16:36:38,2024-06-14 12:36:38,55 km al SO de Mina Collahuasi,-21.214,-68.983,112.0,2.7,Ml
237992,2024-06-14 16:36:56,2024-06-14 12:36:56,27 km al O de Navidad,-33.899,-72.115,33.0,3.7,Ml
238003,2024-06-14 18:18:32,2024-06-14 14:18:32,24 km al SO de Ollagüe,-21.323,-68.465,122.0,2.7,Ml
238017,2024-06-14 20:32:55,2024-06-14 16:32:55,75 km al S de Ollagüe,-21.86,-68.499,113.0,2.6,Ml
238027,2024-06-14 21:59:47,2024-06-14 17:59:47,29 km al E de Calama,-22.406,-68.652,130.0,2.6,Ml
238030,2024-06-14 23:15:52,2024-06-14 19:15:52,36 km al E de Mina Los Pelambres,-31.925,-70.227,140.0,2.7,Ml
238032,2024-06-14 23:44:29,2024-06-14 19:44:29,28 km al O de Navidad,-33.953,-72.139,35.0,3.4,Ml
238034,2024-06-14 23:50:59,2024-06-14 19:50:59,60 km al SE de Camiña,-19.702,-69.033,107.0,2.8,Ml
238036,2024-06-15 00:13:51,2024-06-14 20:13:51,44 km al SE de Pica,-20.823,-69.096,108.0,2.6,Ml
238039,2024-06-15 00:19:24,2024-06-14 20:19:24,26 km al O de Navidad,-33.947,-72.111,33.0,2.7,Ml
238042,2024-06-15 00:23:44,2024-06-14 20:23:44,22 km al O de Navidad,-33.937,-72.07,36.0,4.6,Mw
238050,2024-06-15 00:42:32,2024-06-14 20:42:32,35 km al SO de San Pedro de Atacama,-23.188,-68.386,155.0,3.1,Ml
238049,2024-06-15 00:44:07,2024-06-14 20:44:07,20 km al O de Navidad,-33.956,-72.048,30.0,2.6,Ml
238052,2024-06-15 00:53:24,2024-06-14 20:53:24,17 km al O de Navidad,-33.931,-72.014,35.0,2.7,Ml
238056,2024-06-15 01:10:46,2024-06-14 21:10:46,16 km al NE de Los Andes,-32.737,-70.478,114.0,3.4,Ml
238064,2024-06-15 02:31:05,2024-06-14 22:31:05,31 km al SO de Ollagüe,-21.476,-68.38,132.0,2.7,Ml
238066,2024-06-15 02:48:47,2024-06-14 22:48:47,43 km al S de Pica,-20.859,-69.216,88.0,2.9,Ml
238068,2024-06-15 03:28:51,2024-06-14 23:28:51,18 km al NE de La Higuera,-29.37,-71.111,57.0,3.2,Ml
238079,2024-06-15 08:35:11,2024-06-15 04:35:11,72 km al SO de Ollagüe,-21.793,-68.585,137.0,4.2,Ml
238090,2024-06-15 11:50:12,2024-06-15 07:50:12,76 km al E de Socaire,-23.633,-67.143,240.0,4.5,Mw
238093,2024-06-15 12:38:51,2024-06-15 08:38:51,69 km al SO de Ollagüe,-21.719,-68.65,119.0,3.3,Ml
238103,2024-06-15 14:20:13,2024-06-15 10:20:13,15 km al O de Vallenar,-28.534,-70.908,57.0,2.9,Ml
238107,2024-06-15 16:14:07,2024-06-15 12:14:07,43 km al NE de Pica,-20.215,-69.043,102.0,3.2,Ml
238132,2024-06-15 20:31:58,2024-06-15 16:31:58,8 km al E de Calama,-22.454,-68.853,98.0,3.9,Ml
238133,2024-06-15 20:43:39,2024-06-15 16:43:39,45 km al O de Quellón,-42.983,-74.142,34.0,2.9,Ml
238138,2024-06-15 21:25:50,2024-06-15 17:25:50,38 km al SO de Punta de Choros,-29.427,-71.796,41.0,2.8,Ml
238143,2024-06-15 22:11:04,2024-06-15 18:11:04,25 km al NO de Vallenar,-28.377,-70.872,58.0,3.0,Ml
238145,2024-06-15 22:25:08,2024-06-15 18:25:08,74 km al SE de Socaire,-24.203,-67.597,238.0,3.4,Ml
238149,2024-06-15 22:49:38,2024-06-15 18:49:38,55 km al O de Ollagüe,-21.409,-68.75,106.0,2.7,Ml
238150,2024-06-15 22:57:53,2024-06-15 18:57:53,36 km al NO de Canela Baja,-31.215,-71.774,35.0,3.3,Ml
238160,2024-06-16 00:49:44,2024-06-15 20:49:44,51 km al SO de Pica,-20.83,-69.657,55.0,3.6,Ml
238163,2024-06-16 01:02:13,2024-06-15 21:02:13,34 km al O de Sierra Gorda,-22.883,-69.648,85.0,2.6,Ml
238181,2024-06-16 05:36:25,2024-06-16 01:36:25,16 km al SE de Carrizal Bajo,-28.195,-71.043,40.0,2.9,Ml
238189,2024-06-16 08:25:20,2024-06-16 04:25:20,36 km al SE de Sierra Gorda,-23.035,-69.0,108.0,2.6,Ml
238192,2024-06-16 08:55:33,2024-06-16 04:55:33,47 km al SO de Mina Collahuasi,-21.168,-68.928,107.0,2.6,Ml
238197,2024-06-16 12:31:56,2024-06-16 08:31:56,18 km al SO de Canela Baja,-31.551,-71.522,43.0,3.8,Ml
238200,2024-06-16 12:36:41,2024-06-16 08:36:41,28 km al SO de Pichidangui,-32.266,-71.781,31.0,3.2,Ml
238203,2024-06-16 13:04:56,2024-06-16 09:04:56,2 km al N de La Serena,-29.881,-71.251,37.0,3.1,Ml
238210,2024-06-16 14:08:54,2024-06-16 10:08:54,23 km al NE de Carrizal Bajo,-27.922,-71.004,41.0,2.7,Ml
238211,2024-06-16 14:13:55,2024-06-16 10:13:55,57 km al S de Socaire,-24.086,-67.737,247.0,2.9,Ml
238212,2024-06-16 14:42:02,2024-06-16 10:42:02,66 km al S de Socaire,-24.18,-67.845,235.0,2.9,Ml
238216,2024-06-16 15:12:12,2024-06-16 11:12:12,13 km al SE de Antofagasta,-23.752,-70.33,47.0,2.8,Ml
238222,2024-06-16 15:13:28,2024-06-16 11:13:28,47 km al O de Mina Collahuasi,-20.89,-69.1,114.0,3.0,Ml
238220,2024-06-16 15:38:38,2024-06-16 11:38:38,47 km al S de Mina La Escondida,-24.678,-69.188,91.0,2.8,Ml
238224,2024-06-16 16:11:53,2024-06-16 12:11:53,13 km al E de Los Vilos,-31.945,-71.375,28.0,2.7,Ml
238236,2024-06-16 17:56:31,2024-06-16 13:56:31,29 km al N de Canela Baja,-31.146,-71.514,53.0,2.7,Ml
238240,2024-06-16 18:06:29,2024-06-16 14:06:29,34 km al NO de Mina Collahuasi,-20.592,-68.868,113.0,3.9,Ml
238244,2024-06-16 18:19:02,2024-06-16 14:19:02,45 km al SO de Putre,-18.454,-69.886,114.0,3.1,Ml
238257,2024-06-16 20:00:11,2024-06-16 16:00:11,121 km al E de Ollagüe,-21.631,-67.165,263.0,3.1,Ml
238258,2024-06-16 20:05:10,2024-06-16 16:05:10,65 km al SO de Ollagüe,-21.727,-68.584,124.0,2.8,Ml
238265,2024-06-16 22:26:43,2024-06-16 18:26:43,79 km al S de Socaire,-24.283,-67.743,227.0,2.6,Ml
238266,2024-06-16 22:38:33,2024-06-16 18:38:33,39 km al SE de Calama,-22.776,-68.745,121.0,2.7,Ml
238268,2024-06-16 22:57:20,2024-06-16 18:57:20,52 km al SO de Ollagüe,-21.635,-68.497,130.0,3.7,Ml
238274,2024-06-17 02:02:21,2024-06-16 22:02:21,49 km al NE de Ollagüe,-20.905,-67.929,171.0,2.9,Ml
238275,2024-06-17 02:13:07,2024-06-16 22:13:07,36 km al SE de Pica,-20.64,-69.023,110.0,2.8,Ml
238285,2024-06-17 03:53:24,2024-06-16 23:53:24,29 km al O de San José de Maipo,-33.7,-70.656,28.0,2.5,Ml
238293,2024-06-17 05:34:23,2024-06-17 01:34:23,76 km al SE de Socaire,-24.068,-67.357,247.0,3.1,Ml
238294,2024-06-17 06:01:02,2024-06-17 02:01:02,89 km al E de Paihuano,-30.072,-69.592,10.0,2.8,Ml
238298,2024-06-17 06:35:35,2024-06-17 02:35:35,46 km al SO de Hornopirén,-42.193,-72.93,73.0,2.8,Ml
238304,2024-06-17 08:36:58,2024-06-17 04:36:58,73 km al SE de Socaire,-24.185,-67.588,225.0,4.2,Ml
238305,2024-06-17 09:21:06,2024-06-17 05:21:06,8 km al E de Los Ángeles,-37.49,-72.261,83.0,3.2,Ml
238308,2024-06-17 09:41:54,2024-06-17 05:41:54,63 km al E de Socaire,-23.367,-67.32,254.0,3.3,Ml
238309,2024-06-17 09:44:56,2024-06-17 05:44:56,122 km al O de Constitución,-34.902,-73.649,13.0,3.0,Ml
238311,2024-06-17 09:46:42,2024-06-17 05:46:42,41 km al E de Los Andes,-32.807,-70.163,106.0,2.9,Ml
238316,2024-06-17 11:09:04,2024-06-17 07:09:04,54 km al SO de Ollagüe,-21.6,-68.578,129.0,2.9,Ml
238318,2024-06-17 12:07:10,2024-06-17 08:07:10,99 km al E de Paihuano,-29.65,-69.583,129.0,4.1,Ml
238325,2024-06-17 13:09:14,2024-06-17 09:09:14,38 km al SE de Socaire,-23.896,-67.716,269.0,3.3,Ml
238327,2024-06-17 13:17:31,2024-06-17 09:17:31,43 km al NO de Patache,-20.637,-70.575,39.0,2.6,Ml
238333,2024-06-17 14:48:10,2024-06-17 10:48:10,20 km al E de Pica,-20.533,-69.142,116.0,3.1,Ml
238336,2024-06-17 15:47:30,2024-06-17 11:47:30,27 km al SO de Calama,-22.608,-69.15,116.0,2.8,Ml
238340,2024-06-17 16:24:43,2024-06-17 12:24:43,32 km al N de Caldera,-26.784,-70.808,66.0,2.6,Ml
238343,2024-06-17 16:43:30,2024-06-17 12:43:30,27 km al NO de Los Vilos,-31.714,-71.68,32.0,3.4,Ml
238346,2024-06-17 16:48:19,2024-06-17 12:48:19,36 km al NO de Los Vilos,-31.698,-71.802,22.0,3.3,Ml
238347,2024-06-17 17:49:50,2024-06-17 13:49:50,30 km al NO de Quintero,-32.651,-71.815,30.0,3.4,Ml
238364,2024-06-17 20:52:29,2024-06-17 16:52:29,54 km al S de Socaire,-24.058,-67.76,245.0,2.7,Ml
238368,2024-06-17 21:11:35,2024-06-17 17:11:35,59 km al NO de Quillagua,-21.326,-69.978,84.0,2.6,Ml
238371,2024-06-17 21:17:11,2024-06-17 17:17:11,46 km al N de Bahía Mansa,-40.176,-73.768,24.0,3.4,Ml
238380,2024-06-17 22:38:30,2024-06-17 18:38:30,58 km al SE de Socaire,-23.976,-67.513,271.0,3.4,Ml
238384,2024-06-17 23:07:56,2024-06-17 19:07:56,47 km al E de Petorca,-32.366,-70.444,102.0,4.2,Ml
238388,2024-06-18 00:21:47,2024-06-17 20:21:47,95 km al SE de Socaire,-24.303,-67.372,227.0,3.5,Ml
238387,2024-06-18 00:21:57,2024-06-17 20:21:57,31 km al SE de Panguipulli,-39.844,-72.067,129.0,3.6,Ml
238390,2024-06-18 00:58:39,2024-06-17 20:58:39,41 km al E de Pica,-20.511,-68.937,102.0,3.5,Ml
238395,2024-06-18 02:21:32,2024-06-17 22:21:32,46 km al SO de Mina Collahuasi,-21.113,-68.981,114.0,2.7,Ml
238407,2024-06-18 06:03:32,2024-06-18 02:03:32,94 km al SE de Socaire,-24.311,-67.412,210.0,2.9,Ml
238408,2024-06-18 06:28:47,2024-06-18 02:28:47,80 km al SE de Socaire,-23.968,-67.223,212.0,3.1,Ml
238411,2024-06-18 07:00:07,2024-06-18 03:00:07,35 km al SO de Ollagüe,-21.467,-68.471,145.0,2.8,Ml
238415,2024-06-18 07:13:37,2024-06-18 03:13:37,31 km al O de Quintero,-32.731,-71.848,24.0,3.6,Ml
238417,2024-06-18 07:21:16,2024-06-18 03:21:16,127 km al NE de Socaire,-23.022,-66.815,261.0,3.9,Ml
238427,2024-06-18 08:41:24,2024-06-18 04:41:24,32 km al S de San Pedro de Atacama,-23.205,-68.244,126.0,4.1,Ml
238439,2024-06-18 11:50:45,2024-06-18 07:50:45,103 km al O de Caldera,-27.252,-71.845,35.0,2.9,Ml
238441,2024-06-18 13:40:59,2024-06-18 09:40:59,16 km al N de Linares,-35.705,-71.644,72.0,2.6,Ml
238446,2024-06-18 14:14:11,2024-06-18 10:14:11,112 km al NO de Carrizal Bajo,-27.389,-71.972,39.0,3.9,Ml
238447,2024-06-18 14:28:44,2024-06-18 10:28:44,67 km al E de Combarbalá,-31.129,-70.3,125.0,2.9,Ml
238449,2024-06-18 14:46:29,2024-06-18 10:46:29,16 km al NO de El Tabo,-33.383,-71.815,35.0,2.7,Ml
238456,2024-06-18 16:13:59,2024-06-18 12:13:59,4 km al NO de Las Cabras,-34.267,-71.344,65.0,2.8,Ml
238458,2024-06-18 16:24:49,2024-06-18 12:24:49,51 km al S de Mina Collahuasi,-21.268,-68.791,115.0,3.1,Ml
238461,2024-06-18 16:39:57,2024-06-18 12:39:57,67 km al SE de Socaire,-24.139,-67.61,256.0,3.0,Ml
238463,2024-06-18 17:24:14,2024-06-18 13:24:14,50 km al SO de Mina Collahuasi,-21.17,-68.974,112.0,2.7,Ml
238465,2024-06-18 17:50:10,2024-06-18 13:50:10,128 km al E de Copiapó,-27.277,-69.037,116.0,2.5,Ml
238469,2024-06-18 18:14:39,2024-06-18 14:14:39,38 km al NE de Vallenar,-28.271,-70.568,89.0,2.8,Ml
238471,2024-06-18 18:24:12,2024-06-18 14:24:12,52 km al NE de San Pedro de Atacama,-22.543,-67.905,178.0,3.4,Ml
238474,2024-06-18 18:47:00,2024-06-18 14:47:00,41 km al E de Socaire,-23.681,-67.503,273.0,4.4,Ml
238477,2024-06-18 19:32:49,2024-06-18 15:32:49,32 km al E de Sierra Gorda,-23.0,-69.028,106.0,2.6,Ml
238479,2024-06-18 19:39:53,2024-06-18 15:39:53,59 km al S de Socaire,-24.112,-67.802,270.0,2.9,Ml
238483,2024-06-18 20:02:39,2024-06-18 16:02:39,25 km al O de Mina Collahuasi,-20.888,-68.893,99.0,3.5,Ml
238494,2024-06-18 22:49:10,2024-06-18 18:49:10,32 km al SO de Taltal,-25.537,-70.774,39.0,2.9,Ml
238497,2024-06-18 23:04:20,2024-06-18 19:04:20,48 km al O de Parque Fray Jorge,-30.587,-72.18,40.0,2.9,Ml
238505,2024-06-19 01:17:45,2024-06-18 21:17:45,89 km al O de San Antonio de los Cobres,-24.113,-67.189,240.0,3.2,Ml
238508,2024-06-19 02:28:34,2024-06-18 22:28:34,21 km al N de Quillagua,-21.47,-69.523,68.0,2.6,Ml
238514,2024-06-19 03:10:24,2024-06-18 23:10:24,18 km al N de Pisagua,-19.442,-70.25,45.0,2.5,Ml
238524,2024-06-19 06:17:43,2024-06-19 02:17:43,89 km al SE de Socaire,-24.22,-67.351,229.0,3.2,Ml
238526,2024-06-19 06:35:02,2024-06-19 02:35:02,81 km al SE de Socaire,-24.124,-67.348,239.0,3.6,Ml
238527,2024-06-19 07:19:30,2024-06-19 03:19:30,90 km al O de Caldera,-27.258,-71.703,36.0,3.2,Ml
238529,2024-06-19 07:44:57,2024-06-19 03:44:57,100 km al NE de San Pedro de Atacama,-22.222,-67.584,221.0,2.9,Ml
238534,2024-06-19 08:40:38,2024-06-19 04:40:38,96 km al E de San Pedro de Atacama,-22.907,-67.264,233.0,3.5,Ml
238541,2024-06-19 10:13:57,2024-06-19 06:13:57,28 km al O de Quintero,-32.728,-71.823,15.0,3.3,Ml
238549,2024-06-19 13:29:11,2024-06-19 09:29:11,80 km al SE de Socaire,-24.188,-67.457,240.0,3.4,Ml
238551,2024-06-19 13:49:07,2024-06-19 09:49:07,77 km al NE de Los Andes,-32.468,-69.897,138.0,4.0,Ml
238559,2024-06-19 14:17:43,2024-06-19 10:17:43,57 km al NE de Alto del Carmen,-28.483,-69.994,117.0,3.0,Ml
238561,2024-06-19 14:24:37,2024-06-19 10:24:37,47 km al O de Ollagüe,-21.28,-68.701,118.0,2.7,Ml
238567,2024-06-19 16:13:02,2024-06-19 12:13:02,32 km al NO de Mina Collahuasi,-20.577,-68.816,114.0,2.9,Ml
238569,2024-06-19 17:17:43,2024-06-19 13:17:43,14 km al E de Farellones,-33.382,-70.162,120.0,3.1,Ml
238573,2024-06-19 17:37:36,2024-06-19 13:37:36,50 km al SE de Socaire,-23.871,-67.513,268.0,2.9,Ml
238575,2024-06-19 17:53:46,2024-06-19 13:53:46,27 km al SE de Parque Fray Jorge,-30.886,-71.563,67.0,2.8,Ml
238577,2024-06-19 18:05:13,2024-06-19 14:05:13,72 km al SE de Socaire,-24.1,-67.452,251.0,3.4,Ml
238578,2024-06-19 18:09:22,2024-06-19 14:09:22,58 km al NE de Paposo,-24.611,-70.09,49.0,4.4,Mw
238588,2024-06-19 19:06:10,2024-06-19 15:06:10,25 km al NO de Quillagua,-21.472,-69.677,26.0,2.9,Ml
238615,2024-06-20 00:01:54,2024-06-19 20:01:54,29 km al O de Quintero,-32.771,-71.832,20.0,3.3,Ml
238618,2024-06-20 00:52:00,2024-06-19 20:52:00,24 km al O de Linares,-35.796,-71.86,81.0,2.9,Ml
238629,2024-06-20 04:54:59,2024-06-20 00:54:59,67 km al S de Socaire,-24.159,-67.683,234.0,3.3,Ml
238631,2024-06-20 04:56:35,2024-06-20 00:56:35,73 km al O de San Antonio de los Cobres,-24.027,-67.003,229.0,2.9,Ml
238634,2024-06-20 05:33:35,2024-06-20 01:33:35,14 km al E de Patache,-20.764,-70.079,84.0,3.4,Ml
238638,2024-06-20 06:39:18,2024-06-20 02:39:18,4 km al S de Tongoy,-30.287,-71.493,52.0,4.4,Ml
238648,2024-06-20 08:39:43,2024-06-20 04:39:43,24 km al E de Baquedano,-23.326,-69.605,96.0,2.9,Ml
238652,2024-06-20 08:50:55,2024-06-20 04:50:55,23 km al O de Mina Collahuasi,-20.829,-68.878,108.0,3.0,Ml
238654,2024-06-20 11:00:48,2024-06-20 07:00:48,26 km al NE de Punta de Choros,-29.088,-71.28,50.0,2.6,Ml
238656,2024-06-20 11:28:38,2024-06-20 07:28:38,46 km al SE de Socaire,-23.855,-67.54,260.0,3.1,Ml
238677,2024-06-20 18:15:34,2024-06-20 14:15:34,37 km al SO de Cobquecura,-36.39,-73.054,38.0,2.8,Ml
238678,2024-06-20 18:29:29,2024-06-20 14:29:29,42 km al S de Mina Collahuasi,-21.197,-68.733,111.0,2.9,Ml
238684,2024-06-20 19:47:30,2024-06-20 15:47:30,86 km al SE de Socaire,-24.265,-67.472,196.0,4.5,Mw
238686,2024-06-20 19:54:13,2024-06-20 15:54:13,41 km al NE de Calama,-22.15,-68.728,121.0,2.9,Ml
238696,2024-06-20 21:48:31,2024-06-20 17:48:31,54 km al S de Camiña,-19.774,-69.25,95.0,3.9,Ml
238701,2024-06-20 22:16:31,2024-06-20 18:16:31,86 km al E de Copiapó,-27.629,-69.509,112.0,3.5,Ml
238706,2024-06-20 23:20:43,2024-06-20 19:20:43,30 km al SO de Pichidangui,-32.385,-71.658,50.0,3.4,Ml
238713,2024-06-21 00:36:34,2024-06-20 20:36:34,38 km al E de Mina Los Pelambres,-31.795,-70.187,122.0,3.5,Ml
238719,2024-06-21 01:33:23,2024-06-20 21:33:23,20 km al NO de Punta de Choros,-29.1,-71.583,36.0,2.8,Ml
238722,2024-06-21 02:00:58,2024-06-20 22:00:58,51 km al SE de Camiña,-19.713,-69.187,111.0,3.6,Ml
238725,2024-06-21 02:31:16,2024-06-20 22:31:16,58 km al SO de Ollagüe,-21.621,-68.617,114.0,2.7,Ml
238728,2024-06-21 03:04:45,2024-06-20 23:04:45,28 km al S de Ollagüe,-21.468,-68.311,71.0,3.0,Ml
238742,2024-06-21 05:15:23,2024-06-21 01:15:23,24 km al SO de Mina Collahuasi,-20.961,-68.836,97.0,2.5,Ml
238747,2024-06-21 06:13:19,2024-06-21 02:13:19,26 km al O de Pichidangui,-32.105,-71.801,24.0,3.2,Ml
238753,2024-06-21 07:18:44,2024-06-21 03:18:44,11 km al NO de Pichidangui,-32.084,-71.628,34.0,3.1,Ml
238757,2024-06-21 09:01:32,2024-06-21 05:01:32,64 km al NE de El Salvador,-25.829,-69.182,100.0,2.8,Ml
238765,2024-06-21 10:50:44,2024-06-21 06:50:44,49 km al NE de Calama,-22.065,-68.731,134.0,2.5,Ml
238769,2024-06-21 11:02:21,2024-06-21 07:02:21,25 km al E de Talca,-35.346,-71.41,80.0,2.9,Ml
238779,2024-06-21 13:56:07,2024-06-21 09:56:07,46 km al NE de Mina Los Pelambres,-31.476,-70.319,124.0,3.9,Ml
238782,2024-06-21 14:59:00,2024-06-21 10:59:00,13 km al NO de Alto del Carmen,-28.706,-70.607,101.0,3.3,Ml
238784,2024-06-21 15:03:03,2024-06-21 11:03:03,23 km al E de Huasco,-28.382,-71.006,59.0,3.5,Ml
238785,2024-06-21 15:36:16,2024-06-21 11:36:16,34 km al O de Ollagüe,-21.264,-68.576,111.0,3.4,Ml
238791,2024-06-21 16:09:55,2024-06-21 12:09:55,47 km al S de Pica,-20.889,-69.175,106.0,3.1,Ml
238796,2024-06-21 17:17:01,2024-06-21 13:17:01,20 km al NO de Punitaqui,-30.698,-71.394,32.0,2.9,Ml
238799,2024-06-21 17:23:05,2024-06-21 13:23:05,29 km al NO de Iquique,-20.066,-70.386,33.0,2.7,Ml
238802,2024-06-21 17:25:10,2024-06-21 13:25:10,53 km al N de Pica,-20.022,-69.247,93.0,2.7,Ml
238814,2024-06-21 20:17:10,2024-06-21 16:17:10,46 km al SO de Pichidangui,-32.439,-71.858,39.0,3.8,Ml
238817,2024-06-21 20:54:20,2024-06-21 16:54:20,39 km al S de Huasco,-28.797,-71.349,37.0,2.6,Ml
238827,2024-06-21 23:30:06,2024-06-21 19:30:06,44 km al SO de Huasco,-28.802,-71.455,42.0,2.6,Ml
238839,2024-06-22 04:03:39,2024-06-22 00:03:39,45 km al E de Pica,-20.489,-68.898,109.0,2.7,Ml
238844,2024-06-22 05:39:51,2024-06-22 01:39:51,20 km al N de Quintero,-32.6,-71.523,52.0,2.7,Ml
238851,2024-06-22 07:03:02,2024-06-22 03:03:02,15 km al NO de Tongoy,-30.175,-71.625,36.0,3.9,Ml
238853,2024-06-22 07:09:01,2024-06-22 03:09:01,58 km al N de Calama,-21.976,-68.738,114.0,2.7,Ml
238860,2024-06-22 09:22:50,2024-06-22 05:22:50,47 km al O de Ollagüe,-21.286,-68.705,129.0,3.5,Ml
238863,2024-06-22 09:32:46,2024-06-22 05:32:46,30 km al NO de Victoria,-38.066,-72.598,50.0,3.3,Ml
238865,2024-06-22 10:17:30,2024-06-22 06:17:30,5 km al E de Cuya,-19.165,-70.132,68.0,3.1,Ml
238872,2024-06-22 12:42:09,2024-06-22 08:42:09,30 km al O de San Pedro de Atacama,-22.943,-68.49,147.0,2.8,Ml
238874,2024-06-22 14:26:54,2024-06-22 10:26:54,35 km al NO de Mina Collahuasi,-20.564,-68.842,103.0,3.2,Ml
238878,2024-06-22 15:11:06,2024-06-22 11:11:06,39 km al SE de Ollagüe,-21.505,-68.03,141.0,2.6,Ml
238879,2024-06-22 16:38:43,2024-06-22 12:38:43,39 km al E de Ollagüe,-21.321,-67.888,176.0,4.3,Ml
238882,2024-06-22 16:49:49,2024-06-22 12:49:49,35 km al SO de Ollagüe,-21.494,-68.421,130.0,3.0,Ml
238887,2024-06-22 18:02:49,2024-06-22 14:02:49,37 km al S de Mina Collahuasi,-21.154,-68.609,121.0,2.8,Ml
238893,2024-06-22 18:38:15,2024-06-22 14:38:15,44 km al SO de Putre,-18.508,-69.809,124.0,3.2,Ml
238910,2024-06-22 21:32:16,2024-06-22 17:32:16,23 km al SO de Carrizal Bajo,-28.243,-71.295,42.0,2.9,Ml
238919,2024-06-23 00:44:51,2024-06-22 20:44:51,25 km al E de Pichilemu,-34.301,-71.758,52.0,2.7,Ml
238921,2024-06-23 01:06:57,2024-06-22 21:06:57,39 km al E de Rancagua,-34.201,-70.313,132.0,3.1,Ml
238925,2024-06-23 02:06:28,2024-06-22 22:06:28,29 km al SO de Taltal,-25.515,-70.744,46.0,2.6,Ml
238926,2024-06-23 02:10:51,2024-06-22 22:10:51,23 km al E de Pica,-20.565,-69.122,84.0,3.4,Ml
238929,2024-06-23 02:32:27,2024-06-22 22:32:27,34 km al S de Mina Collahuasi,-21.134,-68.61,130.0,3.7,Ml
238933,2024-06-23 03:22:16,2024-06-22 23:22:16,16 km al N de Andacollo,-30.085,-71.079,65.0,2.9,Ml
238943,2024-06-23 05:44:17,2024-06-23 01:44:17,40 km al SO de Taltal,-25.721,-70.691,38.0,3.8,Ml
238945,2024-06-23 06:32:27,2024-06-23 02:32:27,75 km al N de Calama,-21.807,-68.8,118.0,2.8,Ml
238950,2024-06-23 08:51:29,2024-06-23 04:51:29,52 km al S de Patache,-21.267,-70.303,38.0,2.9,Ml
238964,2024-06-23 12:59:44,2024-06-23 08:59:44,83 km al SE de Sierra Gorda,-23.531,-68.909,106.0,2.9,Ml
238965,2024-06-23 13:22:10,2024-06-23 09:22:10,22 km al NE de Toltén,-39.065,-72.962,35.0,3.2,Ml
238967,2024-06-23 13:59:54,2024-06-23 09:59:54,54 km al NE de Pica,-20.083,-69.055,102.0,3.0,Ml
238969,2024-06-23 14:16:06,2024-06-23 10:16:06,56 km al SE de Socaire,-24.054,-67.67,236.0,3.4,Ml
238971,2024-06-23 14:55:30,2024-06-23 10:55:30,34 km al SE de Camiña,-19.505,-69.172,105.0,2.9,Ml
238972,2024-06-23 15:38:51,2024-06-23 11:38:51,45 km al NE de Mina Los Pelambres,-31.495,-70.309,138.0,3.5,Ml
238976,2024-06-23 15:58:09,2024-06-23 11:58:09,132 km al O de Valparaíso,-33.008,-73.027,20.0,2.8,Ml
238980,2024-06-23 17:41:48,2024-06-23 13:41:48,47 km al SO de Punta de Choros,-29.515,-71.838,10.0,2.6,Ml
238989,2024-06-23 19:10:26,2024-06-23 15:10:26,19 km al S de Cuya,-19.322,-70.113,45.0,2.7,Ml
239004,2024-06-23 22:24:32,2024-06-23 18:24:32,55 km al SE de Socaire,-23.997,-67.579,260.0,3.7,Ml
239005,2024-06-23 22:40:58,2024-06-23 18:40:58,26 km al SO de Huasco,-28.654,-71.372,38.0,2.6,Ml
239014,2024-06-24 01:04:55,2024-06-23 21:04:55,46 km al NO de Quillagua,-21.372,-69.855,44.0,3.0,Ml
239017,2024-06-24 01:17:31,2024-06-23 21:17:31,22 km al O de Parque Fray Jorge,-30.595,-71.903,57.0,3.1,Ml
239021,2024-06-24 01:48:00,2024-06-23 21:48:00,2 km al SO de Ollagüe,-21.235,-68.265,129.0,3.1,Ml
239024,2024-06-24 02:34:58,2024-06-23 22:34:58,24 km al NO de Los Vilos,-31.715,-71.624,20.0,2.5,Ml
239032,2024-06-24 04:43:57,2024-06-24 00:43:57,40 km al O de Putre,-18.226,-69.936,102.0,2.9,Ml
239040,2024-06-24 07:17:36,2024-06-24 03:17:36,11 km al O de Ovalle,-30.638,-71.313,52.0,3.0,Ml
239045,2024-06-24 07:45:15,2024-06-24 03:45:15,34 km al NO de Mina Collahuasi,-20.569,-68.84,104.0,3.2,Ml
239055,2024-06-24 09:40:42,2024-06-24 05:40:42,57 km al SE de Socaire,-23.925,-67.461,251.0,3.4,Ml
239060,2024-06-24 10:14:46,2024-06-24 06:14:46,21 km al O de Canela Baja,-31.434,-71.674,51.0,3.9,Ml
239061,2024-06-24 10:18:23,2024-06-24 06:18:23,19 km al O de Canela Baja,-31.392,-71.658,62.0,3.5,Ml
239065,2024-06-24 10:48:20,2024-06-24 06:48:20,22 km al O de Canela Baja,-31.425,-71.682,45.0,3.0,Ml
239068,2024-06-24 12:38:58,2024-06-24 08:38:58,33 km al NO de Putre,-17.994,-69.784,133.0,3.2,Ml
239070,2024-06-24 13:37:08,2024-06-24 09:37:08,58 km al SE de Ollagüe,-21.551,-67.816,231.0,3.1,Ml
239072,2024-06-24 14:24:53,2024-06-24 10:24:53,73 km al S de Socaire,-24.234,-68.021,276.0,2.5,Ml
239095,2024-06-24 20:19:46,2024-06-24 16:19:46,49 km al NE de Calama,-22.101,-68.67,116.0,3.6,Ml
239098,2024-06-24 20:38:41,2024-06-24 16:38:41,98 km al E de Socaire,-23.442,-66.939,248.0,4.5,Mw
239100,2024-06-24 21:20:43,2024-06-24 17:20:43,35 km al O de Concepción,-36.812,-73.447,15.0,3.3,Ml
239103,2024-06-24 21:35:36,2024-06-24 17:35:36,80 km al SE de Socaire,-24.231,-67.528,241.0,2.9,Ml
239106,2024-06-24 22:22:40,2024-06-24 18:22:40,32 km al O de Parque Fray Jorge,-30.64,-72.015,43.0,3.1,Ml
239112,2024-06-25 00:10:58,2024-06-24 20:10:58,45 km al NO de Quintero,-32.522,-71.894,24.0,3.4,Ml
239114,2024-06-25 00:33:01,2024-06-24 20:33:01,80 km al SE de Socaire,-24.015,-67.254,205.0,2.7,Ml
239116,2024-06-25 01:27:26,2024-06-24 21:27:26,23 km al E de Carrizal Bajo,-28.13,-70.924,61.0,3.3,Ml
239118,2024-06-25 01:35:10,2024-06-24 21:35:10,95 km al N de El Salvador,-25.445,-69.295,97.0,2.8,Ml
239122,2024-06-25 02:33:27,2024-06-24 22:33:27,25 km al E de Ollagüe,-21.236,-68.01,184.0,3.0,Ml
239125,2024-06-25 03:49:41,2024-06-24 23:49:41,84 km al O de San Antonio de los Cobres,-23.915,-67.074,227.0,3.8,Ml
239127,2024-06-25 04:56:40,2024-06-25 00:56:40,55 km al NE de Carrizal Bajo,-27.636,-70.908,71.0,2.8,Ml
239128,2024-06-25 05:05:14,2024-06-25 01:05:14,51 km al SO de Caldera,-27.492,-71.029,58.0,2.6,Ml
239138,2024-06-25 07:26:28,2024-06-25 03:26:28,45 km al O de Ollagüe,-21.312,-68.674,117.0,2.8,Ml
239141,2024-06-25 07:50:00,2024-06-25 03:50:00,22 km al E de Calama,-22.482,-68.714,107.0,3.0,Ml
239147,2024-06-25 08:35:10,2024-06-25 04:35:10,61 km al SE de Sierra Gorda,-23.354,-69.009,93.0,3.1,Ml
239151,2024-06-25 09:02:07,2024-06-25 05:02:07,30 km al N de Mina Los Pelambres,-31.567,-70.667,108.0,3.8,Ml
239153,2024-06-25 09:30:50,2024-06-25 05:30:50,43 km al NO de Navidad,-33.685,-72.159,42.0,2.5,Ml
239161,2024-06-25 11:39:50,2024-06-25 07:39:50,7 km al SO de La Higuera,-29.571,-71.232,54.0,3.6,Ml
239164,2024-06-25 12:28:01,2024-06-25 08:28:01,118 km al NO de Carrizal Bajo,-27.356,-72.023,43.0,3.3,Ml
239168,2024-06-25 12:55:31,2024-06-25 08:55:31,119 km al NE de Socaire,-23.117,-66.844,290.0,3.8,Ml
239169,2024-06-25 15:59:27,2024-06-25 11:59:27,65 km al SO de Mina Collahuasi,-21.183,-69.157,95.0,2.5,Ml
239173,2024-06-25 16:13:32,2024-06-25 12:13:32,7 km al N de San Fernando,-34.525,-70.997,53.0,2.5,Ml
239174,2024-06-25 16:21:53,2024-06-25 12:21:53,41 km al S de Calama,-22.836,-68.902,106.0,4.1,Ml
239191,2024-06-25 18:39:35,2024-06-25 14:39:35,12 km al SE de Carrizal Bajo,-28.165,-71.072,41.0,3.1,Ml
239193,2024-06-25 19:03:18,2024-06-25 15:03:18,39 km al NE de Calama,-22.237,-68.651,118.0,3.5,Ml
239207,2024-06-25 22:36:16,2024-06-25 18:36:16,45 km al S de Pica,-20.873,-69.18,108.0,2.9,Ml
239209,2024-06-25 22:36:24,2024-06-25 18:36:24,20 km al O de Los Vilos,-31.969,-71.717,55.0,4.0,Ml
239212,2024-06-25 23:31:28,2024-06-25 19:31:28,66 km al NE de San Pedro de Atacama,-22.505,-67.736,170.0,2.7,Ml
239220,2024-06-26 01:15:09,2024-06-25 21:15:09,35 km al S de Pica,-20.808,-69.335,74.0,2.6,Ml
239226,2024-06-26 01:47:28,2024-06-25 21:47:28,43 km al O de Ollagüe,-21.277,-68.667,121.0,3.0,Ml
239231,2024-06-26 04:10:01,2024-06-26 00:10:01,111 km al SE de Copiapó,-28.126,-69.603,113.0,2.5,Ml
239232,2024-06-26 04:16:24,2024-06-26 00:16:24,83 km al S de Socaire,-24.321,-68.028,262.0,2.8,Ml
239234,2024-06-26 05:03:02,2024-06-26 01:03:02,31 km al SO de Ollagüe,-21.443,-68.433,123.0,2.7,Ml
239235,2024-06-26 05:05:50,2024-06-26 01:05:50,2 km al O de Pica,-20.492,-69.346,117.0,3.0,Ml
239240,2024-06-26 05:55:35,2024-06-26 01:55:35,54 km al N de Pica,-20.002,-69.311,94.0,2.8,Ml
239242,2024-06-26 06:02:00,2024-06-26 02:02:00,60 km al SO de Ollagüe,-21.699,-68.536,128.0,2.5,Ml
239248,2024-06-26 06:17:47,2024-06-26 02:17:47,31 km al SO de Pichidangui,-32.291,-71.808,25.0,2.6,Ml
239249,2024-06-26 07:37:06,2024-06-26 03:37:06,55 km al SO de Ollagüe,-21.615,-68.585,138.0,2.8,Ml
239256,2024-06-26 10:35:14,2024-06-26 06:35:14,83 km al SE de Socaire,-24.222,-67.454,203.0,3.0,Ml
239260,2024-06-26 11:42:56,2024-06-26 07:42:56,39 km al NE de Calama,-22.265,-68.625,134.0,2.5,Ml
239261,2024-06-26 11:58:13,2024-06-26 07:58:13,71 km al SO de Ollagüe,-21.802,-68.54,113.0,2.5,Ml
239265,2024-06-26 12:25:15,2024-06-26 08:25:15,32 km al SE de Sierra Gorda,-23.112,-69.122,100.0,2.7,Ml
239264,2024-06-26 12:25:22,2024-06-26 08:25:22,58 km al NE de Calama,-21.991,-68.709,99.0,2.8,Ml
239268,2024-06-26 12:43:49,2024-06-26 08:43:49,32 km al N de Las Cabras,-34.011,-71.209,62.0,3.5,Ml
239271,2024-06-26 13:18:03,2024-06-26 09:18:03,45 km al NO de Chañaral,-26.094,-70.972,46.0,4.8,Mw
239272,2024-06-26 13:38:00,2024-06-26 09:38:00,25 km al NO de Chañaral,-26.188,-70.805,39.0,2.7,Ml
239277,2024-06-26 14:25:31,2024-06-26 10:25:31,72 km al N de Calama,-21.847,-68.732,122.0,2.9,Ml
239292,2024-06-26 18:58:39,2024-06-26 14:58:39,43 km al SE de Pica,-20.81,-69.095,102.0,2.7,Ml
239296,2024-06-26 20:05:27,2024-06-26 16:05:27,20 km al S de Camiña,-19.483,-69.492,88.0,3.0,Ml
239301,2024-06-26 20:46:12,2024-06-26 16:46:12,36 km al SO de Punitaqui,-31.018,-71.559,71.0,4.6,Mw
239316,2024-06-27 02:53:25,2024-06-26 22:53:25,46 km al N de Ollagüe,-20.834,-68.105,194.0,2.6,Ml
239318,2024-06-27 03:02:40,2024-06-26 23:02:40,84 km al NE de San Pedro de Atacama,-22.331,-67.689,196.0,3.4,Ml
239320,2024-06-27 03:11:06,2024-06-26 23:11:06,77 km al NE de Calama,-21.823,-68.659,117.0,3.4,Ml
239323,2024-06-27 03:41:25,2024-06-26 23:41:25,24 km al E de Sierra Gorda,-22.877,-69.089,99.0,2.9,Ml
239334,2024-06-27 06:51:04,2024-06-27 02:51:04,28 km al SO de Temuco,-38.895,-72.844,45.0,2.7,Ml
239337,2024-06-27 07:05:04,2024-06-27 03:05:04,74 km al SE de Socaire,-24.106,-67.426,201.0,2.6,Ml
239342,2024-06-27 07:57:02,2024-06-27 03:57:02,87 km al O de San Antonio de los Cobres,-23.966,-67.13,237.0,3.5,Ml
239343,2024-06-27 08:00:02,2024-06-27 04:00:02,121 km al O de Bahía Mansa,-40.405,-75.138,34.0,3.5,Ml
239345,2024-06-27 08:39:40,2024-06-27 04:39:40,37 km al NE de Farellones,-33.125,-70.016,120.0,4.5,Mw
239348,2024-06-27 09:13:33,2024-06-27 05:13:33,69 km al SE de Camiña,-19.8,-69.017,104.0,3.3,Ml
239350,2024-06-27 09:18:39,2024-06-27 05:18:39,86 km al SE de Socaire,-24.24,-67.431,205.0,3.3,Ml
239351,2024-06-27 09:47:14,2024-06-27 05:47:14,49 km al S de Parque Fray Jorge,-31.079,-71.837,29.0,2.8,Ml
239352,2024-06-27 10:00:43,2024-06-27 06:00:43,34 km al O de Patache,-20.744,-70.52,56.0,2.6,Ml
239354,2024-06-27 10:02:50,2024-06-27 06:02:50,7 km al O de La Higuera,-29.489,-71.269,48.0,2.5,Ml
239359,2024-06-27 11:42:46,2024-06-27 07:42:46,62 km al O de Ollagüe,-21.438,-68.802,121.0,4.6,Mw
239364,2024-06-27 13:18:39,2024-06-27 09:18:39,46 km al SO de Mina Collahuasi,-21.088,-68.995,113.0,2.9,Ml
239369,2024-06-27 15:02:57,2024-06-27 11:02:57,42 km al NO de Chañaral,-26.055,-70.892,45.0,3.0,Ml
239377,2024-06-27 16:32:11,2024-06-27 12:32:11,54 km al O de Mina La Escondida,-24.448,-69.556,81.0,3.4,Ml
239380,2024-06-27 17:55:01,2024-06-27 13:55:01,32 km al SO de San Pedro de Atacama,-23.129,-68.417,119.0,2.6,Ml
239404,2024-06-27 22:07:10,2024-06-27 18:07:10,32 km al SE de Combarbalá,-31.36,-70.736,81.0,2.9,Ml
239407,2024-06-28 00:30:29,2024-06-27 20:30:29,53 km al N de Calama,-21.993,-68.864,91.0,2.5,Ml
239412,2024-06-28 01:37:14,2024-06-27 21:37:14,47 km al S de Mina Collahuasi,-21.23,-68.784,121.0,3.2,Ml
239413,2024-06-28 02:26:49,2024-06-27 22:26:49,130 km al SE de Copiapó,-27.999,-69.225,129.0,2.5,Ml
239416,2024-06-28 03:01:09,2024-06-27 23:01:09,48 km al E de Linares,-35.744,-71.082,107.0,2.5,Ml
239419,2024-06-28 03:15:27,2024-06-27 23:15:27,50 km al S de Mina Collahuasi,-21.253,-68.796,125.0,2.9,Ml
239426,2024-06-28 05:01:37,2024-06-28 01:01:37,49 km al O de San Pedro de Atacama,-23.1,-68.64,110.0,3.1,Ml
239445,2024-06-28 07:38:19,2024-06-28 03:38:19,52 km al SE de Linares,-36.154,-71.162,104.0,3.2,Ml
239450,2024-06-28 08:26:44,2024-06-28 04:26:44,97 km al SO de Mina La Escondida,-25.06,-69.46,85.0,3.1,Ml
239454,2024-06-28 09:35:24,2024-06-28 05:35:24,23 km al E de Pica,-20.529,-69.113,96.0,2.7,Ml
239459,2024-06-28 10:44:37,2024-06-28 06:44:37,46 km al NE de Los Andes,-32.59,-70.199,111.0,2.6,Ml
239461,2024-06-28 12:04:33,2024-06-28 08:04:33,29 km al SO de Mina Collahuasi,-20.965,-68.891,106.0,3.0,Ml
239466,2024-06-28 13:31:37,2024-06-28 09:31:37,43 km al N de Mejillones,-22.715,-70.435,29.0,3.1,Ml
239468,2024-06-28 13:34:44,2024-06-28 09:34:44,48 km al NE de Chañaral,-25.999,-70.339,55.0,3.4,Ml
239485,2024-06-28 18:17:44,2024-06-28 14:17:44,66 km al SO de Patache,-21.363,-70.433,54.0,3.6,Ml
239495,2024-06-28 19:04:03,2024-06-28 15:04:03,52 km al SE de Putre,-18.605,-69.321,119.0,3.2,Ml
239510,2024-06-28 23:21:30,2024-06-28 19:21:30,81 km al NE de Mina La Escondida,-23.596,-68.76,103.0,2.6,Ml
239511,2024-06-28 23:49:19,2024-06-28 19:49:19,31 km al E de Vichuquén,-34.982,-71.675,51.0,2.8,Ml
239513,2024-06-29 00:02:17,2024-06-28 20:02:17,48 km al SE de Curicó,-35.321,-70.906,104.0,2.8,Ml
239518,2024-06-29 00:17:46,2024-06-28 20:17:46,61 km al N de Pica,-19.949,-69.223,89.0,2.6,Ml
239539,2024-06-29 03:51:51,2024-06-28 23:51:51,25 km al SE de Ollagüe,-21.372,-68.067,164.0,3.6,Ml
239540,2024-06-29 04:21:47,2024-06-29 00:21:47,39 km al SE de Antofagasta,-23.97,-70.245,44.0,5.1,Mw
239558,2024-06-29 07:00:54,2024-06-29 03:00:54,42 km al SO de Mina Collahuasi,-21.123,-68.911,113.0,2.8,Ml
239581,2024-06-29 10:58:15,2024-06-29 06:58:15,30 km al SO de San Pedro de Atacama,-23.055,-68.455,112.0,3.1,Ml
239590,2024-06-29 12:34:06,2024-06-29 08:34:06,39 km al S de Vallenar,-28.911,-70.875,76.0,2.8,Ml
239598,2024-06-29 13:38:44,2024-06-29 09:38:44,74 km al SO de Ollagüe,-21.79,-68.631,112.0,3.9,Ml
239603,2024-06-29 15:00:11,2024-06-29 11:00:11,25 km al N de Calama,-22.246,-68.902,109.0,3.0,Ml
239605,2024-06-29 15:24:19,2024-06-29 11:24:19,41 km al SO de Mina Collahuasi,-21.044,-68.975,108.0,2.7,Ml
239609,2024-06-29 16:10:43,2024-06-29 12:10:43,29 km al N de Farellones,-33.106,-70.217,127.0,3.4,Ml
239613,2024-06-29 16:56:18,2024-06-29 12:56:18,74 km al S de Copiapó,-28.03,-70.299,90.0,3.1,Ml
239615,2024-06-29 17:23:26,2024-06-29 13:23:26,1 km al NE de Sierra Gorda,-22.883,-69.31,74.0,3.8,Ml
239617,2024-06-29 17:27:28,2024-06-29 13:27:28,24 km al NE de San Fabián,-36.365,-71.427,117.0,3.0,Ml
239632,2024-06-29 20:16:14,2024-06-29 16:16:14,26 km al O de Paposo,-24.95,-70.714,55.0,3.4,Ml
239635,2024-06-29 21:13:13,2024-06-29 17:13:13,40 km al O de San Martín de Los Andes,-40.073,-71.813,143.0,3.0,Ml
239647,2024-06-29 23:54:42,2024-06-29 19:54:42,9 km al SE de Parque Fray Jorge,-30.738,-71.646,29.0,2.8,Ml
239656,2024-06-30 01:31:38,2024-06-29 21:31:38,70 km al S de Ollagüe,-21.835,-68.403,123.0,2.6,Ml
239670,2024-06-30 06:11:59,2024-06-30 02:11:59,32 km al O de Ollagüe,-21.122,-68.537,125.0,3.3,Ml
239674,2024-06-30 06:32:55,2024-06-30 02:32:55,37 km al SE de Calama,-22.663,-68.632,114.0,2.7,Ml
239677,2024-06-30 07:07:53,2024-06-30 03:07:53,99 km al S de Mina La Escondida,-25.149,-68.877,123.0,3.1,Ml
239687,2024-06-30 09:26:45,2024-06-30 05:26:45,18 km al E de Pica,-20.521,-69.165,92.0,3.6,Ml
239690,2024-06-30 10:29:35,2024-06-30 06:29:35,11 km al O de Punitaqui,-30.809,-71.368,65.0,4.0,Ml
239694,2024-06-30 12:08:43,2024-06-30 08:08:43,16 km al SO de Alto del Carmen,-28.856,-70.614,88.0,4.2,Ml
239701,2024-06-30 13:39:00,2024-06-30 09:39:00,39 km al SE de Pica,-20.795,-69.146,101.0,3.1,Ml
239705,2024-06-30 15:04:39,2024-06-30 11:04:39,71 km al SO de Ollagüe,-21.755,-68.641,116.0,2.9,Ml
239707,2024-06-30 15:16:03,2024-06-30 11:16:03,26 km al SO de Patache,-20.945,-70.408,57.0,2.5,Ml
239713,2024-06-30 16:17:33,2024-06-30 12:17:33,55 km al E de Sierra Gorda,-22.964,-68.787,91.0,2.7,Ml
239716,2024-06-30 16:46:02,2024-06-30 12:46:02,37 km al O de Ollagüe,-21.258,-68.607,128.0,3.5,Ml
239729,2024-06-30 20:10:11,2024-06-30 16:10:11,35 km al SO de Pichidangui,-32.33,-71.822,31.0,3.3,Ml
239740,2024-06-30 21:55:06,2024-06-30 17:55:06,64 km al SE de Camiña,-19.825,-69.148,96.0,3.1,Ml
239744,2024-07-01 00:58:24,2024-06-30 20:58:24,40 km al NE de Pica,-20.267,-69.034,97.0,2.7,Ml
239747,2024-07-01 01:23:10,2024-06-30 21:23:10,75 km al SE de Socaire,-24.117,-67.423,224.0,3.9,Ml
239757,2024-07-01 03:41:22,2024-06-30 23:41:22,29 km al NO de Putre,-18.041,-69.782,142.0,3.4,Ml
239768,2024-07-01 07:32:41,2024-07-01 03:32:41,76 km al NE de Calama,-21.891,-68.531,124.0,2.7,Ml
239774,2024-07-01 08:53:05,2024-07-01 04:53:05,47 km al O de Ollagüe,-21.247,-68.704,112.0,3.0,Ml
239780,2024-07-01 10:03:12,2024-07-01 06:03:12,41 km al NE de Ollagüe,-21.034,-67.911,182.0,4.2,Ml
239781,2024-07-01 10:07:17,2024-07-01 06:07:17,54 km al SO de Mina Collahuasi,-21.274,-68.861,116.0,3.4,Ml
239786,2024-07-01 11:37:42,2024-07-01 07:37:42,36 km al NO de Socaire,-23.35,-68.131,130.0,4.3,Ml
239798,2024-07-01 14:16:41,2024-07-01 10:16:41,24 km al O de Quintero,-32.679,-71.759,18.0,2.7,Ml
239802,2024-07-01 15:16:07,2024-07-01 11:16:07,19 km al O de Rancagua,-34.232,-70.933,78.0,3.8,Ml
239818,2024-07-01 18:21:10,2024-07-01 14:21:10,30 km al O de Mina Collahuasi,-20.75,-68.931,95.0,3.0,Ml
239845,2024-07-01 22:50:32,2024-07-01 18:50:32,41 km al O de Mina Collahuasi,-20.841,-69.055,109.0,2.7,Ml
239850,2024-07-01 23:42:14,2024-07-01 19:42:14,35 km al S de Mina Collahuasi,-21.13,-68.749,121.0,2.8,Ml
239859,2024-07-02 01:08:34,2024-07-01 21:08:34,34 km al O de Quintero,-32.668,-71.868,24.0,2.8,Ml
239862,2024-07-02 01:42:32,2024-07-01 21:42:32,48 km al S de Mina Collahuasi,-21.232,-68.821,115.0,3.8,Ml
239868,2024-07-02 02:41:51,2024-07-01 22:41:51,24 km al SO de Mejillones,-23.263,-70.6,39.0,2.7,Ml
239869,2024-07-02 02:49:37,2024-07-01 22:49:37,43 km al O de Mina Collahuasi,-20.897,-69.068,108.0,3.5,Ml
239872,2024-07-02 02:52:46,2024-07-01 22:52:46,28 km al SO de Mina Collahuasi,-20.981,-68.876,96.0,2.7,Ml
239884,2024-07-02 06:04:13,2024-07-02 02:04:13,34 km al NO de Antofagasta,-23.48,-70.678,43.0,2.9,Ml
239886,2024-07-02 08:16:16,2024-07-02 04:16:16,27 km al N de Pica,-20.254,-69.267,91.0,2.8,Ml
239890,2024-07-02 09:36:12,2024-07-02 05:36:12,85 km al E de Mina La Escondida,-24.397,-68.227,4.0,3.5,Ml
239894,2024-07-02 10:32:57,2024-07-02 06:32:57,29 km al NO de Quintero,-32.657,-71.799,24.0,3.5,Ml
239902,2024-07-02 14:11:54,2024-07-02 10:11:54,58 km al SE de Socaire,-24.077,-67.677,243.0,2.7,Ml
239907,2024-07-02 15:03:30,2024-07-02 11:03:30,46 km al SO de Ollagüe,-21.547,-68.534,136.0,3.7,Ml
239911,2024-07-02 16:01:36,2024-07-02 12:01:36,51 km al SE de Sierra Gorda,-23.164,-68.922,100.0,2.8,Ml
239914,2024-07-02 16:17:49,2024-07-02 12:17:49,72 km al SE de Socaire,-24.193,-67.62,240.0,4.0,Ml
239931,2024-07-02 20:07:16,2024-07-02 16:07:16,16 km al O de Curicó,-35.005,-71.413,106.0,2.6,Ml
239932,2024-07-02 20:39:19,2024-07-02 16:39:19,57 km al O de Isla Guamblin,-44.747,-75.786,24.0,3.3,Ml
239934,2024-07-02 20:54:56,2024-07-02 16:54:56,32 km al N de Ollagüe,-20.94,-68.31,147.0,2.7,Ml
239936,2024-07-02 20:59:13,2024-07-02 16:59:13,8 km al NE de La Serena,-29.849,-71.199,59.0,2.8,Ml
239945,2024-07-02 22:42:44,2024-07-02 18:42:44,28 km al NO de Los Vilos,-31.746,-71.735,32.0,4.4,Ml
239947,2024-07-02 22:52:35,2024-07-02 18:52:35,27 km al S de Mina Collahuasi,-21.06,-68.713,119.0,3.1,Ml
239950,2024-07-02 23:12:10,2024-07-02 19:12:10,7 km al O de Panguipulli,-39.668,-72.396,93.0,3.0,Ml
239952,2024-07-02 23:32:42,2024-07-02 19:32:42,34 km al NE de Calama,-22.287,-68.66,120.0,2.5,Ml
239954,2024-07-02 23:36:48,2024-07-02 19:36:48,66 km al SO de Mina Collahuasi,-21.345,-68.975,113.0,2.8,Ml
239966,2024-07-03 03:11:41,2024-07-02 23:11:41,45 km al SO de Ollagüe,-21.587,-68.443,141.0,2.6,Ml
239969,2024-07-03 04:24:00,2024-07-03 00:24:00,82 km al SE de Socaire,-24.208,-67.455,238.0,3.6,Ml
239972,2024-07-03 04:36:08,2024-07-03 00:36:08,34 km al O de Mina Collahuasi,-20.883,-68.976,110.0,3.4,Ml
239981,2024-07-03 05:42:31,2024-07-03 01:42:31,71 km al NE de El Salvador,-25.833,-69.082,128.0,3.6,Ml
239982,2024-07-03 05:54:09,2024-07-03 01:54:09,45 km al S de Putre,-18.597,-69.594,97.0,2.5,Ml
239985,2024-07-03 06:12:46,2024-07-03 02:12:46,139 km al O de Pichilemu,-34.453,-73.519,17.0,3.0,Ml
239992,2024-07-03 07:53:48,2024-07-03 03:53:48,42 km al O de Mina Collahuasi,-20.853,-69.065,91.0,3.8,Ml
239997,2024-07-03 09:37:57,2024-07-03 05:37:57,8 km al NE de Pica,-20.44,-69.28,90.0,3.5,Ml
240002,2024-07-03 11:43:54,2024-07-03 07:43:54,29 km al O de Ollagüe,-21.145,-68.524,125.0,2.5,Ml
240005,2024-07-03 12:12:35,2024-07-03 08:12:35,26 km al O de Ollagüe,-21.297,-68.489,113.0,3.2,Ml
240008,2024-07-03 13:05:11,2024-07-03 09:05:11,68 km al S de Socaire,-24.2,-67.866,236.0,3.4,Ml
240009,2024-07-03 13:06:04,2024-07-03 09:06:04,62 km al SO de Ollagüe,-21.739,-68.485,148.0,2.5,Ml
240013,2024-07-03 14:58:53,2024-07-03 10:58:53,22 km al NO de Huasco,-28.297,-71.336,31.0,3.0,Ml
240014,2024-07-03 15:40:50,2024-07-03 11:40:50,24 km al O de Tirúa,-38.307,-73.765,32.0,2.6,Ml
240016,2024-07-03 16:18:25,2024-07-03 12:18:25,56 km al NE de Calama,-22.024,-68.671,118.0,2.8,Ml
240017,2024-07-03 16:40:51,2024-07-03 12:40:51,52 km al SO de San Pedro de Atacama,-23.29,-68.516,116.0,2.8,Ml
240018,2024-07-03 16:47:46,2024-07-03 12:47:46,130 km al O de Caleta El Cobre,-24.346,-71.803,48.0,2.7,Ml
240027,2024-07-03 18:20:34,2024-07-03 14:20:34,40 km al SE de Sierra Gorda,-23.045,-68.972,132.0,5.3,Mw
240041,2024-07-03 19:58:02,2024-07-03 15:58:02,76 km al S de Socaire,-24.267,-67.79,236.0,3.0,Ml
240043,2024-07-03 20:44:20,2024-07-03 16:44:20,22 km al SE de Los Ángeles,-37.643,-72.228,77.0,3.4,Ml
240047,2024-07-03 21:06:30,2024-07-03 17:06:30,81 km al S de Socaire,-24.273,-68.157,254.0,3.4,Ml
240049,2024-07-03 21:10:55,2024-07-03 17:10:55,71 km al NE de Socaire,-23.315,-67.258,261.0,3.9,Ml
240053,2024-07-03 21:56:26,2024-07-03 17:56:26,58 km al SE de Socaire,-23.954,-67.482,255.0,2.7,Ml
240056,2024-07-03 22:40:00,2024-07-03 18:40:00,36 km al NO de Pichilemu,-34.159,-72.283,22.0,3.6,Ml
240058,2024-07-03 22:50:48,2024-07-03 18:50:48,52 km al SE de Socaire,-24.024,-67.7,254.0,3.7,Ml
240061,2024-07-03 23:43:37,2024-07-03 19:43:37,37 km al E de Calama,-22.559,-68.58,132.0,3.0,Ml
240065,2024-07-04 00:51:55,2024-07-03 20:51:55,77 km al SE de Socaire,-24.048,-67.328,256.0,3.5,Ml
240071,2024-07-04 03:08:10,2024-07-03 23:08:10,35 km al NE de Alto del Carmen,-28.505,-70.274,112.0,3.4,Ml
240078,2024-07-04 04:51:13,2024-07-04 00:51:13,65 km al SO de Ollagüe,-21.763,-68.508,120.0,3.0,Ml
240081,2024-07-04 05:13:37,2024-07-04 01:13:37,17 km al S de Calama,-22.616,-68.988,95.0,2.6,Ml
240083,2024-07-04 05:19:09,2024-07-04 01:19:09,55 km al SE de Socaire,-24.043,-67.679,249.0,2.9,Ml
240091,2024-07-04 07:14:40,2024-07-04 03:14:40,60 km al NO de Pisagua,-19.374,-70.732,28.0,3.1,Ml
240098,2024-07-04 09:52:55,2024-07-04 05:52:55,53 km al SO de Ollagüe,-21.639,-68.516,120.0,2.6,Ml
240100,2024-07-04 10:14:37,2024-07-04 06:14:37,70 km al E de Socaire,-23.577,-67.207,237.0,3.4,Ml
240105,2024-07-04 13:59:34,2024-07-04 09:59:34,54 km al S de Socaire,-24.066,-67.811,251.0,2.8,Ml
240107,2024-07-04 14:10:00,2024-07-04 10:10:00,57 km al NO de Parque Fray Jorge,-30.335,-72.14,33.0,3.4,Ml
240110,2024-07-04 14:33:38,2024-07-04 10:33:38,38 km al N de Calama,-22.137,-69.001,65.0,2.6,Ml
240117,2024-07-04 16:41:29,2024-07-04 12:41:29,26 km al O de Ollagüe,-21.189,-68.498,136.0,3.4,Ml
240124,2024-07-04 18:04:26,2024-07-04 14:04:26,38 km al N de Calama,-22.135,-68.875,103.0,3.5,Ml
240130,2024-07-04 18:28:48,2024-07-04 14:28:48,50 km al SO de Ollagüe,-21.631,-68.449,133.0,2.9,Ml
240135,2024-07-04 19:16:00,2024-07-04 15:16:00,21 km al NO de Punitaqui,-30.717,-71.428,48.0,2.7,Ml
240141,2024-07-04 20:50:57,2024-07-04 16:50:57,98 km al E de San Pedro de Atacama,-22.717,-67.267,226.0,3.4,Ml
240142,2024-07-04 20:53:21,2024-07-04 16:53:21,16 km al N de Mina Los Pelambres,-31.679,-70.553,126.0,4.1,Ml
240144,2024-07-04 21:13:51,2024-07-04 17:13:51,42 km al S de Ollagüe,-21.581,-68.384,151.0,3.5,Ml
240150,2024-07-04 22:36:15,2024-07-04 18:36:15,25 km al NO de Baquedano,-23.136,-69.948,86.0,4.0,Ml
240155,2024-07-05 02:27:07,2024-07-04 22:27:07,30 km al S de Mina Collahuasi,-21.101,-68.654,123.0,3.0,Ml
240158,2024-07-05 03:48:16,2024-07-04 23:48:16,114 km al NE de Socaire,-22.885,-67.082,249.0,2.8,Ml
240160,2024-07-05 04:20:16,2024-07-05 00:20:16,48 km al O de Ollagüe,-21.328,-68.708,125.0,3.2,Ml
240164,2024-07-05 05:04:58,2024-07-05 01:04:58,3 km al O de Parque Fray Jorge,-30.656,-71.71,27.0,3.1,Ml
240168,2024-07-05 05:50:31,2024-07-05 01:50:31,34 km al S de Ollagüe,-21.526,-68.282,138.0,3.2,Ml
240175,2024-07-05 07:52:48,2024-07-05 03:52:48,44 km al N de Pica,-20.095,-69.374,107.0,2.7,Ml
240176,2024-07-05 07:55:17,2024-07-05 03:55:17,79 km al NO de Constitución,-34.751,-72.921,34.0,3.0,Ml
240179,2024-07-05 08:19:33,2024-07-05 04:19:33,22 km al SO de Ollagüe,-21.359,-68.405,133.0,2.5,Ml
240182,2024-07-05 09:49:01,2024-07-05 05:49:01,52 km al N de Mina Collahuasi,-20.364,-68.736,137.0,2.8,Ml
240183,2024-07-05 09:50:00,2024-07-05 05:50:00,114 km al O de Lebu,-37.526,-74.949,20.0,3.0,Ml
240185,2024-07-05 09:59:19,2024-07-05 05:59:19,49 km al S de Mina Collahuasi,-21.241,-68.82,121.0,2.8,Ml
240189,2024-07-05 11:48:16,2024-07-05 07:48:16,16 km al E de Pichidangui,-32.163,-71.362,41.0,3.4,Ml
240192,2024-07-05 12:16:38,2024-07-05 08:16:38,46 km al SE de Socaire,-23.801,-67.496,245.0,2.5,Ml
240197,2024-07-05 13:26:19,2024-07-05 09:26:19,28 km al O de Ollagüe,-21.166,-68.516,135.0,2.7,Ml
240201,2024-07-05 14:39:58,2024-07-05 10:39:58,88 km al S de Socaire,-24.365,-68.062,215.0,2.9,Ml
240202,2024-07-05 14:48:26,2024-07-05 10:48:26,62 km al SO de Ollagüe,-21.74,-68.488,127.0,3.0,Ml
240203,2024-07-05 14:50:23,2024-07-05 10:50:23,8 km al SE de Calama,-22.506,-68.864,122.0,2.7,Ml
240207,2024-07-05 15:21:02,2024-07-05 11:21:02,47 km al E de Sierra Gorda,-23.021,-68.884,118.0,2.5,Ml
240212,2024-07-05 16:53:18,2024-07-05 12:53:18,23 km al S de Mina Collahuasi,-21.032,-68.659,128.0,2.5,Ml
240214,2024-07-05 17:26:27,2024-07-05 13:26:27,22 km al E de Calama,-22.515,-68.717,110.0,2.8,Ml
240220,2024-07-05 18:11:01,2024-07-05 14:11:01,24 km al NO de Mina La Escondida,-24.173,-69.265,89.0,3.8,Ml
240222,2024-07-05 18:14:49,2024-07-05 14:14:49,64 km al NE de Quillagua,-21.406,-68.978,113.0,3.1,Ml
240223,2024-07-05 18:22:36,2024-07-05 14:22:36,28 km al NO de Arauco,-37.116,-73.588,10.0,2.5,Ml
240227,2024-07-05 18:46:27,2024-07-05 14:46:27,98 km al NE de Socaire,-23.119,-67.076,247.0,4.8,Mw
240229,2024-07-05 18:53:04,2024-07-05 14:53:04,90 km al E de Alto del Carmen,-28.785,-69.561,115.0,4.9,Mw
240242,2024-07-05 21:06:44,2024-07-05 17:06:44,24 km al E de Calama,-22.516,-68.704,111.0,3.7,Ml
240247,2024-07-05 21:32:24,2024-07-05 17:32:24,34 km al NE de Punta de Choros,-29.024,-71.237,49.0,2.6,Ml
240254,2024-07-05 23:05:36,2024-07-05 19:05:36,58 km al N de Pica,-19.989,-69.189,89.0,2.5,Ml
240258,2024-07-05 23:37:31,2024-07-05 19:37:31,18 km al NE de Pica,-20.378,-69.203,97.0,3.0,Ml
240266,2024-07-06 02:46:26,2024-07-05 22:46:26,27 km al NO de Putre,-18.036,-69.756,133.0,4.0,Ml
240268,2024-07-06 03:24:59,2024-07-05 23:24:59,105 km al O de Tongoy,-29.986,-72.537,25.0,2.7,Ml
240269,2024-07-06 03:25:17,2024-07-05 23:25:17,88 km al SE de Socaire,-24.316,-67.547,246.0,3.0,Ml
240276,2024-07-06 06:01:35,2024-07-06 02:01:35,56 km al SE de Camiña,-19.695,-69.072,106.0,3.0,Ml
240277,2024-07-06 06:04:23,2024-07-06 02:04:23,28 km al SO de Lebu,-37.809,-73.856,23.0,2.7,Ml
240280,2024-07-06 06:22:54,2024-07-06 02:22:54,27 km al S de Mina Collahuasi,-21.069,-68.634,131.0,3.5,Ml
240283,2024-07-06 07:05:40,2024-07-06 03:05:40,46 km al E de San Pedro de Atacama,-23.016,-67.758,290.0,3.0,Ml
240284,2024-07-06 07:08:10,2024-07-06 03:08:10,86 km al SE de Socaire,-24.121,-67.28,246.0,3.6,Ml
240292,2024-07-06 08:38:37,2024-07-06 04:38:37,27 km al E de Ancud,-41.954,-73.523,59.0,4.2,Ml
240301,2024-07-06 10:43:58,2024-07-06 06:43:58,41 km al E de Talca,-35.458,-71.213,105.0,3.4,Ml
240304,2024-07-06 12:04:22,2024-07-06 08:04:22,101 km al SE de Alto del Carmen,-29.3,-69.653,127.0,2.8,Ml
240311,2024-07-06 12:27:46,2024-07-06 08:27:46,118 km al O de Isla Guafo,-43.196,-76.066,18.0,3.0,Ml
240309,2024-07-06 12:31:46,2024-07-06 08:31:46,20 km al O de San José de Maipo,-33.629,-70.571,97.0,3.0,Ml
240313,2024-07-06 12:56:01,2024-07-06 08:56:01,76 km al E de Socaire,-23.657,-67.151,223.0,2.7,Ml
240318,2024-07-06 15:15:56,2024-07-06 11:15:56,23 km al SO de Vichuquén,-35.047,-72.15,45.0,3.3,Ml
240320,2024-07-06 15:45:23,2024-07-06 11:45:23,34 km al O de Ollagüe,-21.159,-68.576,133.0,3.9,Ml
240350,2024-07-06 21:31:14,2024-07-06 17:31:14,97 km al E de Socaire,-23.425,-66.954,237.0,4.5,Mw
240353,2024-07-06 21:33:32,2024-07-06 17:33:32,17 km al O de Pichidangui,-32.166,-71.702,30.0,3.5,Ml
240360,2024-07-07 01:46:09,2024-07-06 21:46:09,32 km al S de Mina Collahuasi,-21.108,-68.712,119.0,2.6,Ml
240365,2024-07-07 03:18:42,2024-07-06 23:18:42,12 km al O de Pichidangui,-32.138,-71.652,28.0,2.9,Ml
240367,2024-07-07 03:32:03,2024-07-06 23:32:03,39 km al NE de Calama,-22.178,-68.72,123.0,3.1,Ml
240373,2024-07-07 04:10:58,2024-07-07 00:10:58,15 km al NO de El Tabo,-33.369,-71.793,33.0,2.5,Ml
240374,2024-07-07 04:19:10,2024-07-07 00:19:10,56 km al N de Carrizal Bajo,-27.589,-71.26,31.0,3.3,Ml
240377,2024-07-07 04:26:17,2024-07-07 00:26:17,16 km al NO de El Tabo,-33.362,-71.801,36.0,3.9,Ml
240381,2024-07-07 04:29:27,2024-07-07 00:29:27,14 km al NO de El Tabo,-33.364,-71.777,31.0,4.4,Ml
240392,2024-07-07 06:52:54,2024-07-07 02:52:54,23 km al O de Navidad,-33.885,-72.066,39.0,3.6,Ml
240394,2024-07-07 07:02:49,2024-07-07 03:02:49,34 km al SE de Pica,-20.746,-69.151,109.0,3.3,Ml
240398,2024-07-07 07:25:02,2024-07-07 03:25:02,40 km al NE de Calama,-22.232,-68.636,121.0,3.3,Ml
240404,2024-07-07 08:42:39,2024-07-07 04:42:39,33 km al S de Pica,-20.782,-69.266,100.0,2.9,Ml
240408,2024-07-07 09:13:38,2024-07-07 05:13:38,127 km al E de Ollagüe,-21.622,-67.104,260.0,3.8,Ml
240412,2024-07-07 09:41:15,2024-07-07 05:41:15,35 km al O de Quintero,-32.712,-71.887,26.0,3.0,Ml
240417,2024-07-07 10:05:16,2024-07-07 06:05:16,57 km al NO de Parque Fray Jorge,-30.349,-72.158,35.0,3.5,Ml
240419,2024-07-07 10:14:25,2024-07-07 06:14:25,53 km al O de Ollagüe,-21.393,-68.736,120.0,2.8,Ml
240421,2024-07-07 10:21:23,2024-07-07 06:21:23,61 km al SE de Socaire,-23.969,-67.456,226.0,3.6,Ml
240446,2024-07-07 14:28:07,2024-07-07 10:28:07,31 km al NO de Carrizal Bajo,-27.851,-71.317,28.0,4.4,Ml
240452,2024-07-07 15:03:18,2024-07-07 11:03:18,22 km al NO de Ollagüe,-21.124,-68.433,136.0,2.8,Ml
240459,2024-07-07 16:41:00,2024-07-07 12:41:00,44 km al O de Mina Collahuasi,-20.891,-69.073,99.0,2.6,Ml
240461,2024-07-07 16:57:33,2024-07-07 12:57:33,72 km al NE de Calama,-21.953,-68.512,119.0,2.6,Ml
240486,2024-07-07 20:40:37,2024-07-07 16:40:37,47 km al SO de Mina Collahuasi,-21.152,-68.952,111.0,2.9,Ml
240493,2024-07-07 21:25:01,2024-07-07 17:25:01,21 km al NO de Pichilemu,-34.219,-72.125,28.0,2.6,Ml
240495,2024-07-07 21:54:38,2024-07-07 17:54:38,55 km al SO de Mina Collahuasi,-21.209,-68.996,96.0,2.6,Ml
240500,2024-07-07 23:17:57,2024-07-07 19:17:57,33 km al SO de Huasco,-28.727,-71.371,31.0,2.6,Ml
240507,2024-07-08 00:02:31,2024-07-07 20:02:31,10 km al NE de Canela Baja,-31.33,-71.388,56.0,3.4,Ml
240510,2024-07-08 00:16:33,2024-07-07 20:16:33,13 km al SO de Ollagüe,-21.299,-68.349,138.0,2.8,Ml
240513,2024-07-08 01:56:10,2024-07-07 21:56:10,28 km al NO de Mina Collahuasi,-20.723,-68.901,103.0,3.3,Ml
240515,2024-07-08 03:40:00,2024-07-07 23:40:00,68 km al N de Calama,-21.876,-68.762,126.0,3.9,Ml
240518,2024-07-08 03:58:45,2024-07-07 23:58:45,17 km al O de Mina Collahuasi,-20.825,-68.823,102.0,2.6,Ml
240535,2024-07-08 07:16:25,2024-07-08 03:16:25,76 km al NE de El Salvador,-25.83,-69.021,127.0,3.3,Ml
240568,2024-07-08 13:00:34,2024-07-08 09:00:34,28 km al E de La Serena,-29.902,-70.963,74.0,2.6,Ml
240571,2024-07-08 13:18:19,2024-07-08 09:18:19,73 km al NO de San Antonio de los Cobres,-23.922,-66.954,254.0,4.4,Mw
240574,2024-07-08 14:07:43,2024-07-08 10:07:43,23 km al O de Navidad,-33.889,-72.064,35.0,3.3,Ml
240577,2024-07-08 14:07:52,2024-07-08 10:07:52,19 km al O de Navidad,-33.892,-72.019,36.0,3.4,Ml
240588,2024-07-08 17:15:40,2024-07-08 13:15:40,102 km al SE de Ollagüe,-21.847,-67.535,220.0,3.7,Ml
240602,2024-07-08 19:50:43,2024-07-08 15:50:43,55 km al S de Socaire,-24.077,-67.831,282.0,3.6,Ml
240608,2024-07-08 20:59:57,2024-07-08 16:59:57,67 km al S de Socaire,-24.188,-67.812,249.0,3.0,Ml
240614,2024-07-08 22:24:52,2024-07-08 18:24:52,25 km al SO de Pichidangui,-32.323,-71.676,35.0,2.6,Ml
240619,2024-07-08 23:42:52,2024-07-08 19:42:52,18 km al SO de Mina Collahuasi,-20.908,-68.802,100.0,2.5,Ml
240629,2024-07-09 00:48:36,2024-07-08 20:48:36,81 km al E de Copiapó,-27.66,-69.582,112.0,2.5,Ml
240631,2024-07-09 01:01:33,2024-07-08 21:01:33,50 km al E de Calama,-22.448,-68.445,106.0,2.8,Ml
240642,2024-07-09 03:02:30,2024-07-08 23:02:30,29 km al SE de Monte Patria,-30.93,-70.826,90.0,4.0,Ml
240648,2024-07-09 03:45:00,2024-07-08 23:45:00,52 km al N de Pica,-20.031,-69.239,97.0,2.7,Ml
240650,2024-07-09 03:48:06,2024-07-08 23:48:06,41 km al SO de Huasco,-28.789,-71.419,45.0,3.5,Ml
240661,2024-07-09 07:38:13,2024-07-09 03:38:13,47 km al SE de Ollagüe,-21.585,-68.016,124.0,2.5,Ml
240672,2024-07-09 10:50:30,2024-07-09 06:50:30,67 km al S de Camiña,-19.89,-69.244,94.0,2.7,Ml
240673,2024-07-09 11:01:20,2024-07-09 07:01:20,19 km al N de Santa Cruz,-34.478,-71.419,77.0,2.8,Ml
240685,2024-07-09 16:56:56,2024-07-09 12:56:56,11 km al SO de Cobquecura,-36.191,-72.891,30.0,2.5,Ml
240687,2024-07-09 17:34:54,2024-07-09 13:34:54,53 km al SE de Paihuano,-30.429,-70.209,105.0,2.5,Ml
240696,2024-07-09 18:50:09,2024-07-09 14:50:09,14 km al SO de Cuya,-19.256,-70.264,44.0,2.6,Ml
240699,2024-07-09 19:09:07,2024-07-09 15:09:07,105 km al SE de Ollagüe,-21.839,-67.486,218.0,3.2,Ml
240704,2024-07-09 19:50:11,2024-07-09 15:50:11,41 km al S de Calama,-22.837,-68.864,113.0,2.6,Ml
240710,2024-07-09 20:38:41,2024-07-09 16:38:41,56 km al O de Quellón,-42.947,-74.264,10.0,2.5,Ml
240713,2024-07-09 21:23:10,2024-07-09 17:23:10,17 km al S de Putre,-18.353,-69.566,128.0,3.1,Ml
240716,2024-07-09 22:29:46,2024-07-09 18:29:46,72 km al S de Socaire,-24.23,-67.773,248.0,3.1,Ml
240719,2024-07-09 23:32:14,2024-07-09 19:32:14,27 km al SE de Antofagasta,-23.849,-70.255,55.0,3.1,Ml
240727,2024-07-10 01:24:21,2024-07-09 21:24:21,41 km al O de San Pedro de Atacama,-22.871,-68.6,112.0,3.0,Ml
240738,2024-07-10 03:05:40,2024-07-09 23:05:40,18 km al O de Los Vilos,-31.969,-71.693,34.0,2.7,Ml
240743,2024-07-10 03:49:30,2024-07-09 23:49:30,16 km al NE de Tongoy,-30.136,-71.411,70.0,3.9,Ml
240747,2024-07-10 04:50:42,2024-07-10 00:50:42,60 km al SO de Ollagüe,-21.704,-68.518,121.0,2.7,Ml
240751,2024-07-10 06:21:53,2024-07-10 02:21:53,59 km al NE de Cuya,-18.823,-69.743,117.0,3.5,Ml
240754,2024-07-10 06:51:57,2024-07-10 02:51:57,17 km al SE de Iquique,-20.354,-70.093,80.0,2.7,Ml
240766,2024-07-10 08:45:09,2024-07-10 04:45:09,13 km al E de Cuya,-19.202,-70.059,72.0,3.5,Ml
240772,2024-07-10 10:09:46,2024-07-10 06:09:46,69 km al SE de Putre,-18.653,-69.119,142.0,3.9,Ml
240777,2024-07-10 10:55:20,2024-07-10 06:55:20,19 km al N de Ralco,-37.721,-71.573,108.0,3.2,Ml
240778,2024-07-10 10:56:27,2024-07-10 06:56:27,45 km al SO de Huasco,-28.798,-71.475,45.0,3.8,Ml
240783,2024-07-10 12:58:43,2024-07-10 08:58:43,41 km al E de Pisagua,-19.522,-69.83,30.0,2.7,Ml
240785,2024-07-10 13:20:56,2024-07-10 09:20:56,30 km al S de Mina Collahuasi,-21.085,-68.74,117.0,3.2,Ml
240790,2024-07-10 14:23:29,2024-07-10 10:23:29,66 km al NE de Socaire,-23.325,-67.308,262.0,3.5,Ml
240792,2024-07-10 14:59:42,2024-07-10 10:59:42,46 km al E de Socaire,-23.486,-67.458,267.0,2.9,Ml
240794,2024-07-10 15:13:00,2024-07-10 11:13:00,16 km al NE de Vichuquén,-34.806,-71.853,42.0,2.5,Ml
240796,2024-07-10 15:26:04,2024-07-10 11:26:04,88 km al SE de Socaire,-23.993,-67.149,243.0,4.2,Ml
240800,2024-07-10 15:39:37,2024-07-10 11:39:37,154 km al E de San Pedro de Atacama,-22.684,-66.72,270.0,4.2,Ml
240801,2024-07-10 15:44:29,2024-07-10 11:44:29,22 km al O de Ollagüe,-21.263,-68.464,126.0,2.8,Ml
240804,2024-07-10 16:20:35,2024-07-10 12:20:35,36 km al SE de Pisagua,-19.792,-69.943,52.0,2.9,Ml
240805,2024-07-10 16:26:01,2024-07-10 12:26:01,38 km al N de Pica,-20.147,-69.365,96.0,2.8,Ml
240808,2024-07-10 17:17:30,2024-07-10 13:17:30,6 km al NE de Farellones,-33.322,-70.256,112.0,2.8,Ml
240816,2024-07-10 19:44:06,2024-07-10 15:44:06,28 km al O de Los Vilos,-31.818,-71.788,40.0,2.8,Ml
240820,2024-07-10 21:07:14,2024-07-10 17:07:14,51 km al S de Socaire,-24.028,-67.759,250.0,2.9,Ml
240826,2024-07-10 22:28:50,2024-07-10 18:28:50,34 km al SE de Alto del Carmen,-28.941,-70.208,111.0,2.7,Ml
240827,2024-07-10 22:42:49,2024-07-10 18:42:49,69 km al NE de Calama,-21.897,-68.662,127.0,3.8,Ml
240831,2024-07-11 00:17:23,2024-07-10 20:17:23,37 km al N de Carrizal Bajo,-27.765,-71.034,55.0,2.5,Ml
240832,2024-07-11 00:21:48,2024-07-10 20:21:48,80 km al E de Socaire,-23.592,-67.106,241.0,4.2,Ml
240840,2024-07-11 01:34:41,2024-07-10 21:34:41,42 km al SO de Mina Collahuasi,-21.08,-68.956,109.0,3.0,Ml
240842,2024-07-11 02:20:53,2024-07-10 22:20:53,10 km al S de Ollagüe,-21.309,-68.276,137.0,2.6,Ml
240847,2024-07-11 02:33:21,2024-07-10 22:33:21,29 km al SO de Pichidangui,-32.29,-71.782,24.0,2.8,Ml
240851,2024-07-11 03:15:13,2024-07-10 23:15:13,31 km al SO de Calama,-22.71,-69.082,116.0,3.3,Ml
240852,2024-07-11 03:34:29,2024-07-10 23:34:29,72 km al SE de Socaire,-24.121,-67.483,225.0,3.5,Ml
240855,2024-07-11 04:25:06,2024-07-11 00:25:06,45 km al SO de Mina Collahuasi,-21.103,-68.98,109.0,2.9,Ml
240860,2024-07-11 05:59:32,2024-07-11 01:59:32,35 km al SO de Pichidangui,-32.287,-71.856,30.0,4.5,Mw
240864,2024-07-11 06:20:02,2024-07-11 02:20:02,34 km al SO de Pichidangui,-32.295,-71.844,24.0,2.5,Ml
240868,2024-07-11 06:51:17,2024-07-11 02:51:17,14 km al O de Punitaqui,-30.795,-71.399,51.0,3.4,Ml
240871,2024-07-11 07:27:48,2024-07-11 03:27:48,59 km al NE de Quillagua,-21.164,-69.318,88.0,3.0,Ml
240876,2024-07-11 08:03:09,2024-07-11 04:03:09,44 km al S de Termas del Flaco,-35.356,-70.486,19.0,2.9,Ml
240882,2024-07-11 09:19:41,2024-07-11 05:19:41,107 km al E de Paihuano,-30.324,-69.459,6.0,3.5,Ml
240883,2024-07-11 09:40:17,2024-07-11 05:40:17,77 km al NE de Socaire,-23.117,-67.337,266.0,2.6,Ml
240887,2024-07-11 10:01:17,2024-07-11 06:01:17,37 km al NE de Pica,-20.219,-69.127,96.0,2.6,Ml
240891,2024-07-11 12:54:00,2024-07-11 08:54:00,32 km al NE de Calama,-22.331,-68.655,113.0,3.0,Ml
240893,2024-07-11 13:10:23,2024-07-11 09:10:23,20 km al N de Victoria,-38.056,-72.378,67.0,2.7,Ml
240895,2024-07-11 13:34:51,2024-07-11 09:34:51,48 km al NE de Socaire,-23.382,-67.477,288.0,2.7,Ml
240897,2024-07-11 14:14:13,2024-07-11 10:14:13,62 km al SE de Socaire,-24.078,-67.587,230.0,3.4,Ml
240898,2024-07-11 14:18:48,2024-07-11 10:18:48,16 km al O de Mina Los Pelambres,-31.815,-70.752,111.0,2.9,Ml
240900,2024-07-11 14:29:54,2024-07-11 10:29:54,37 km al E de Carrizal Bajo,-28.083,-70.775,46.0,2.7,Ml
240904,2024-07-11 15:01:08,2024-07-11 11:01:08,5 km al S de Los Vilos,-31.951,-71.523,73.0,3.1,Ml
240906,2024-07-11 15:09:14,2024-07-11 11:09:14,69 km al NE de Socaire,-23.292,-67.302,258.0,3.2,Ml
240910,2024-07-11 15:24:13,2024-07-11 11:24:13,40 km al SO de Mina Collahuasi,-21.055,-68.96,110.0,2.8,Ml
240915,2024-07-11 17:08:43,2024-07-11 13:08:43,34 km al O de Mina Collahuasi,-20.854,-68.985,102.0,3.1,Ml
240931,2024-07-11 20:11:40,2024-07-11 16:11:40,70 km al E de Mina La Escondida,-24.393,-68.376,167.0,2.6,Ml
240933,2024-07-11 20:25:40,2024-07-11 16:25:40,55 km al SE de Sierra Gorda,-23.2,-68.896,103.0,3.2,Ml
240940,2024-07-11 22:12:50,2024-07-11 18:12:50,46 km al NE de Mina La Escondida,-23.883,-68.887,105.0,2.5,Ml
240941,2024-07-11 22:28:16,2024-07-11 18:28:16,41 km al SE de Socaire,-23.901,-67.67,269.0,2.9,Ml
240942,2024-07-11 23:11:04,2024-07-11 19:11:04,148 km al O de Tirúa,-38.792,-75.096,23.0,3.2,Ml
240948,2024-07-12 00:37:54,2024-07-11 20:37:54,18 km al SE de Calama,-22.608,-68.836,98.0,2.6,Ml
240951,2024-07-12 01:06:12,2024-07-11 21:06:12,25 km al E de Calama,-22.465,-68.69,108.0,3.2,Ml
240953,2024-07-12 01:54:00,2024-07-11 21:54:00,52 km al O de Socaire,-23.447,-68.371,116.0,3.0,Ml
240955,2024-07-12 02:06:39,2024-07-11 22:06:39,48 km al SO de Mina Collahuasi,-21.217,-68.86,118.0,2.7,Ml
240957,2024-07-12 02:30:01,2024-07-11 22:30:01,104 km al SE de Ollagüe,-21.987,-67.675,198.0,3.7,Ml
240959,2024-07-12 03:31:45,2024-07-11 23:31:45,74 km al SE de Socaire,-24.075,-67.39,222.0,3.8,Ml
240964,2024-07-12 05:08:45,2024-07-12 01:08:45,57 km al O de Quellón,-43.001,-74.297,32.0,4.2,Ml
240983,2024-07-12 09:17:34,2024-07-12 05:17:34,49 km al SO de Mina Collahuasi,-21.235,-68.846,107.0,3.4,Ml
240988,2024-07-12 09:50:01,2024-07-12 05:50:01,49 km al SO de Mina Collahuasi,-21.225,-68.866,121.0,2.8,Ml
240993,2024-07-12 10:28:59,2024-07-12 06:28:59,81 km al S de Ilo,-18.362,-71.468,15.0,2.7,Ml
240994,2024-07-12 10:34:30,2024-07-12 06:34:30,55 km al SO de Putre,-18.65,-69.771,129.0,3.1,Ml
240997,2024-07-12 10:49:18,2024-07-12 06:49:18,47 km al SO de Pichidangui,-32.407,-71.906,28.0,4.0,Ml
240998,2024-07-12 10:53:08,2024-07-12 06:53:08,35 km al SO de Pichidangui,-32.29,-71.853,20.0,2.8,Ml
241000,2024-07-12 12:02:11,2024-07-12 08:02:11,55 km al S de Paihuano,-30.5,-70.351,110.0,2.6,Ml
241008,2024-07-12 16:11:03,2024-07-12 12:11:03,34 km al SE de Putre,-18.478,-69.424,119.0,3.1,Ml
241010,2024-07-12 16:33:07,2024-07-12 12:33:07,124 km al O de Tocopilla,-22.133,-71.408,30.0,2.8,Ml
241015,2024-07-12 17:20:43,2024-07-12 13:20:43,12 km al NO de Quillagua,-21.564,-69.579,5.0,2.9,Ml
241022,2024-07-12 18:19:06,2024-07-12 14:19:06,27 km al O de Visviri,-17.52,-69.723,167.0,5.4,Mw
241030,2024-07-12 20:08:38,2024-07-12 16:08:38,30 km al NO de Ollagüe,-21.116,-68.513,130.0,2.5,Ml
241033,2024-07-12 20:32:37,2024-07-12 16:32:37,51 km al NE de Carrizal Bajo,-27.667,-70.938,50.0,2.6,Ml
241046,2024-07-12 23:30:23,2024-07-12 19:30:23,53 km al O de Quillagua,-21.617,-70.048,47.0,2.5,Ml
241050,2024-07-13 00:13:08,2024-07-12 20:13:08,30 km al N de Calama,-22.199,-68.951,124.0,2.6,Ml
241058,2024-07-13 02:34:08,2024-07-12 22:34:08,55 km al O de Ollagüe,-21.393,-68.757,108.0,2.7,Ml
241068,2024-07-13 04:18:47,2024-07-13 00:18:47,33 km al E de Calama,-22.372,-68.623,117.0,3.3,Ml
241071,2024-07-13 04:38:17,2024-07-13 00:38:17,69 km al SE de Socaire,-23.953,-67.344,224.0,4.1,Ml
241072,2024-07-13 04:48:46,2024-07-13 00:48:46,32 km al E de Carrizal Bajo,-28.2,-70.854,72.0,2.9,Ml
241076,2024-07-13 05:18:32,2024-07-13 01:18:32,60 km al E de Ollagüe,-21.145,-67.678,207.0,3.9,Ml
241082,2024-07-13 07:25:30,2024-07-13 03:25:30,106 km al E de San Pedro de Atacama,-22.814,-67.17,260.0,3.7,Ml
241084,2024-07-13 07:34:24,2024-07-13 03:34:24,41 km al E de Pica,-20.472,-68.941,104.0,2.5,Ml
241089,2024-07-13 07:56:59,2024-07-13 03:56:59,33 km al E de Sierra Gorda,-22.926,-69.004,100.0,2.5,Ml
241090,2024-07-13 08:19:07,2024-07-13 04:19:07,18 km al O de Panguipulli,-39.708,-72.522,84.0,2.7,Ml
241102,2024-07-13 10:30:02,2024-07-13 06:30:02,46 km al E de Tirúa,-38.223,-72.984,46.0,3.6,Ml
241105,2024-07-13 11:05:23,2024-07-13 07:05:23,122 km al O de Lebu,-37.334,-74.999,21.0,3.3,Ml
241107,2024-07-13 11:08:20,2024-07-13 07:08:20,129 km al O de Tocopilla,-22.162,-71.455,35.0,2.9,Ml
241109,2024-07-13 11:32:00,2024-07-13 07:32:00,58 km al S de Socaire,-24.112,-67.832,256.0,3.1,Ml
241113,2024-07-13 11:40:10,2024-07-13 07:40:10,48 km al S de Socaire,-23.996,-68.052,266.0,3.0,Ml
241119,2024-07-13 13:40:54,2024-07-13 09:40:54,31 km al O de Ollagüe,-21.124,-68.534,136.0,3.2,Ml
241122,2024-07-13 13:50:59,2024-07-13 09:50:59,2 km al O de Ovalle,-30.599,-71.227,46.0,3.5,Ml
241128,2024-07-13 14:27:20,2024-07-13 10:27:20,22 km al NO de Camiña,-19.17,-69.572,93.0,2.5,Ml
241141,2024-07-13 16:51:01,2024-07-13 12:51:01,84 km al SE de Socaire,-24.271,-67.524,194.0,3.9,Ml
241151,2024-07-13 18:08:08,2024-07-13 14:08:08,74 km al SE de Socaire,-24.185,-67.557,230.0,3.5,Ml
241159,2024-07-13 18:46:51,2024-07-13 14:46:51,28 km al NE de Vichuquén,-34.706,-71.78,38.0,2.8,Ml
241165,2024-07-13 20:01:43,2024-07-13 16:01:43,12 km al NE de Curicó,-34.928,-71.122,96.0,2.8,Ml
241166,2024-07-13 20:06:23,2024-07-13 16:06:23,35 km al SO de Mina Collahuasi,-21.035,-68.914,119.0,3.1,Ml
241196,2024-07-14 00:48:56,2024-07-13 20:48:56,58 km al O de Quellón,-43.036,-74.331,13.0,3.1,Ml
241198,2024-07-14 01:13:26,2024-07-13 21:13:26,25 km al O de Visviri,-17.504,-69.703,165.0,3.9,Ml
241209,2024-07-14 03:09:23,2024-07-13 23:09:23,47 km al SO de Mina Collahuasi,-21.181,-68.911,107.0,2.6,Ml
241211,2024-07-14 03:10:14,2024-07-13 23:10:14,5 km al O de Curicó,-34.992,-71.293,20.0,3.0,Ml
241223,2024-07-14 03:14:13,2024-07-13 23:14:13,48 km al NE de María Elena,-22.075,-69.297,115.0,3.1,Ml
241216,2024-07-14 03:31:11,2024-07-13 23:31:11,46 km al SO de Pichidangui,-32.406,-71.901,26.0,2.6,Ml
241220,2024-07-14 03:48:45,2024-07-13 23:48:45,133 km al O de Pichilemu,-34.493,-73.459,26.0,2.7,Ml
241227,2024-07-14 05:02:39,2024-07-14 01:02:39,103 km al O de Lebu,-37.804,-74.797,29.0,3.9,Ml
241252,2024-07-14 05:03:22,2024-07-14 01:03:22,111 km al O de Lebu,-37.483,-74.9,18.0,3.7,Ml
241233,2024-07-14 05:12:24,2024-07-14 01:12:24,87 km al O de Lebu,-37.748,-74.63,31.0,3.2,Ml
241240,2024-07-14 05:52:09,2024-07-14 01:52:09,54 km al SE de Socaire,-24.03,-67.664,257.0,2.7,Ml
241243,2024-07-14 06:30:30,2024-07-14 02:30:30,112 km al O de Tirúa,-38.269,-74.778,20.0,2.6,Ml
241245,2024-07-14 06:50:37,2024-07-14 02:50:37,31 km al S de Parque Fray Jorge,-30.936,-71.598,30.0,2.5,Ml
241249,2024-07-14 08:11:34,2024-07-14 04:11:34,71 km al SO de Socaire,-24.147,-68.24,259.0,3.1,Ml
241253,2024-07-14 08:42:17,2024-07-14 04:42:17,36 km al NE de Punta de Choros,-28.956,-71.31,50.0,2.5,Ml
241261,2024-07-14 10:29:02,2024-07-14 06:29:02,154 km al O de Toltén,-39.317,-74.944,10.0,2.7,Ml
241273,2024-07-14 12:53:04,2024-07-14 08:53:04,25 km al NO de Mina Collahuasi,-20.712,-68.861,98.0,3.1,Ml
241312,2024-07-14 20:15:21,2024-07-14 16:15:21,34 km al O de Ollagüe,-21.338,-68.554,130.0,4.9,Mw
241322,2024-07-14 21:11:21,2024-07-14 17:11:21,37 km al SO de Ollagüe,-21.496,-68.453,129.0,2.9,Ml
241340,2024-07-15 04:43:15,2024-07-15 00:43:15,37 km al O de Futrono,-40.077,-72.822,64.0,3.0,Ml
241348,2024-07-15 06:14:45,2024-07-15 02:14:45,58 km al NO de Parque Fray Jorge,-30.341,-72.156,44.0,3.2,Ml
241364,2024-07-15 09:54:59,2024-07-15 05:54:59,16 km al O de Tongoy,-30.247,-71.66,38.0,3.8,Ml
241365,2024-07-15 10:18:40,2024-07-15 06:18:40,17 km al N de Lebu,-37.461,-73.656,38.0,3.4,Ml
241369,2024-07-15 10:34:46,2024-07-15 06:34:46,34 km al NO de La Serena,-29.688,-71.504,53.0,3.6,Ml
241372,2024-07-15 11:04:12,2024-07-15 07:04:12,17 km al E de Santiago,-33.445,-70.463,105.0,2.5,Ml
241376,2024-07-15 11:14:42,2024-07-15 07:14:42,52 km al S de Taltal,-25.865,-70.372,81.0,3.0,Ml
241386,2024-07-15 13:48:20,2024-07-15 09:48:20,14 km al NO de Ollagüe,-21.134,-68.352,138.0,2.9,Ml
241390,2024-07-15 14:02:37,2024-07-15 10:02:37,21 km al N de Canela Baja,-31.213,-71.503,36.0,2.5,Ml
241395,2024-07-15 15:25:34,2024-07-15 11:25:34,57 km al E de Talca,-35.568,-71.06,120.0,3.1,Ml
241399,2024-07-15 15:50:59,2024-07-15 11:50:59,18 km al NO de La Serena,-29.757,-71.344,44.0,3.6,Ml
241404,2024-07-15 17:14:19,2024-07-15 13:14:19,41 km al S de Mina Collahuasi,-21.186,-68.725,114.0,4.5,Mw
241426,2024-07-15 19:08:42,2024-07-15 15:08:42,15 km al O de Ollagüe,-21.253,-68.393,130.0,4.7,Mw
241428,2024-07-15 19:31:14,2024-07-15 15:31:14,21 km al E de Copiapó,-27.35,-70.125,89.0,3.2,Ml
241441,2024-07-15 21:26:09,2024-07-15 17:26:09,31 km al SE de La Ligua,-32.622,-70.967,77.0,2.5,Ml
241449,2024-07-15 23:34:17,2024-07-15 19:34:17,47 km al O de Ollagüe,-21.371,-68.678,125.0,2.7,Ml
241472,2024-07-16 05:52:45,2024-07-16 01:52:45,32 km al E de Calama,-22.388,-68.636,115.0,2.8,Ml
241477,2024-07-16 07:26:49,2024-07-16 03:26:49,28 km al NE de Pisagua,-19.453,-69.991,47.0,3.2,Ml
241479,2024-07-16 07:31:58,2024-07-16 03:31:58,37 km al SE de Calama,-22.651,-68.623,111.0,2.7,Ml
241481,2024-07-16 07:58:39,2024-07-16 03:58:39,37 km al NO de Pozo Almonte,-19.947,-69.918,82.0,2.9,Ml
241496,2024-07-16 11:26:58,2024-07-16 07:26:58,13 km al SO de Mina Collahuasi,-20.921,-68.733,104.0,2.9,Ml
241502,2024-07-16 12:35:53,2024-07-16 08:35:53,4 km al NE de Patache,-20.788,-70.17,35.0,3.8,Ml
241508,2024-07-16 13:41:14,2024-07-16 09:41:14,25 km al SO de Pichidangui,-32.255,-71.76,28.0,2.5,Ml
241513,2024-07-16 14:02:07,2024-07-16 10:02:07,9 km al NE de Los Vilos,-31.848,-71.461,65.0,3.0,Ml
241518,2024-07-16 14:38:50,2024-07-16 10:38:50,91 km al E de Socaire,-23.613,-67.001,197.0,4.0,Ml
241520,2024-07-16 14:49:05,2024-07-16 10:49:05,51 km al S de Mina Collahuasi,-21.277,-68.762,119.0,3.2,Ml
241523,2024-07-16 15:08:29,2024-07-16 11:08:29,68 km al S de Ollagüe,-21.801,-68.469,118.0,2.6,Ml
241529,2024-07-16 16:19:57,2024-07-16 12:19:57,28 km al NE de Camiña,-19.142,-69.231,118.0,3.0,Ml
241536,2024-07-16 17:25:16,2024-07-16 13:25:16,70 km al E de Ollagüe,-21.382,-67.602,185.0,3.6,Ml
241539,2024-07-16 17:46:03,2024-07-16 13:46:03,72 km al E de Mina Los Pelambres,-31.997,-69.853,137.0,2.9,Ml
241555,2024-07-16 19:20:22,2024-07-16 15:20:22,75 km al SO de Ollagüe,-21.798,-68.629,107.0,2.5,Ml
241561,2024-07-16 19:51:55,2024-07-16 15:51:55,47 km al SO de Pichidangui,-32.393,-71.929,30.0,3.2,Ml
241565,2024-07-16 19:58:34,2024-07-16 15:58:34,118 km al O de Mejillones,-22.892,-71.581,29.0,2.5,Ml
241583,2024-07-16 22:40:32,2024-07-16 18:40:32,5 km al O de Tongoy,-30.238,-71.548,49.0,2.7,Ml
241585,2024-07-16 23:17:48,2024-07-16 19:17:48,32 km al O de Mina Collahuasi,-20.875,-68.962,106.0,3.2,Ml
241598,2024-07-17 02:49:10,2024-07-16 22:49:10,12 km al NE de Pichidangui,-32.054,-71.449,40.0,2.6,Ml
241607,2024-07-17 06:53:14,2024-07-17 02:53:14,22 km al S de Punitaqui,-31.018,-71.326,65.0,3.2,Ml
241613,2024-07-17 07:12:29,2024-07-17 03:12:29,33 km al NE de Camiña,-19.04,-69.3,115.0,3.4,Ml
241622,2024-07-17 09:34:13,2024-07-17 05:34:13,37 km al N de Punta de Choros,-28.926,-71.386,40.0,3.3,Ml
241629,2024-07-17 09:58:48,2024-07-17 05:58:48,7 km al SO de Canela Baja,-31.437,-71.517,40.0,3.5,Ml
241639,2024-07-17 13:43:34,2024-07-17 09:43:34,35 km al NE de Tacna,-17.875,-69.958,102.0,3.6,Ml
241644,2024-07-17 15:28:43,2024-07-17 11:28:43,10 km al S de Los Vilos,-31.996,-71.534,38.0,2.6,Ml
241648,2024-07-17 17:21:11,2024-07-17 13:21:11,57 km al N de San Pedro de Atacama,-22.432,-68.355,137.0,3.8,Ml
241663,2024-07-17 18:39:20,2024-07-17 14:39:20,71 km al O de San Antonio de los Cobres,-23.994,-66.972,206.0,3.5,Ml
241679,2024-07-17 21:25:30,2024-07-17 17:25:30,44 km al NE de Calama,-22.16,-68.67,105.0,2.9,Ml
241682,2024-07-17 22:27:20,2024-07-17 18:27:20,21 km al SE de San Antonio,-33.713,-71.458,45.0,2.6,Ml
241736,2024-07-18 09:37:05,2024-07-18 05:37:05,68 km al S de Socaire,-24.192,-67.756,234.0,3.8,Ml
241745,2024-07-18 12:30:55,2024-07-18 08:30:55,43 km al NO de Patache,-20.614,-70.564,19.0,2.5,Ml
241752,2024-07-18 13:54:12,2024-07-18 09:54:12,34 km al SO de Pichidangui,-32.292,-71.837,8.0,2.5,Ml
241753,2024-07-18 14:01:16,2024-07-18 10:01:16,7 km al SO de Ovalle,-30.64,-71.261,52.0,4.3,Ml
241755,2024-07-18 14:15:18,2024-07-18 10:15:18,55 km al SO de Mina Collahuasi,-21.085,-69.112,109.0,2.5,Ml
241759,2024-07-18 14:38:50,2024-07-18 10:38:50,48 km al S de Mina Collahuasi,-21.249,-68.772,117.0,3.1,Ml
241768,2024-07-18 18:19:57,2024-07-18 14:19:57,67 km al SE de Camiña,-19.824,-69.091,101.0,3.0,Ml
241793,2024-07-18 23:15:29,2024-07-18 19:15:29,41 km al N de Mejillones,-22.738,-70.4,43.0,2.6,Ml
241802,2024-07-19 00:44:45,2024-07-18 20:44:45,32 km al O de Mina Collahuasi,-20.898,-68.96,102.0,3.0,Ml
241807,2024-07-19 01:50:47,2024-07-18 21:50:47,26 km al SE de San Pedro de Atacama,-23.122,-68.071,145.0,7.4,Mww
241842,2024-07-19 02:00:33,2024-07-18 22:00:33,32 km al SE de San Pedro de Atacama,-23.145,-68.003,188.0,3.6,Ml
241819,2024-07-19 02:03:37,2024-07-18 22:03:37,31 km al SE de San Pedro de Atacama,-23.083,-67.957,138.0,3.5,Ml
241810,2024-07-19 02:10:16,2024-07-18 22:10:16,32 km al SE de San Pedro de Atacama,-23.089,-67.946,155.0,3.8,Ml
241811,2024-07-19 02:15:53,2024-07-18 22:15:53,27 km al SE de San Pedro de Atacama,-23.071,-67.996,134.0,4.8,Ml
241812,2024-07-19 02:17:40,2024-07-18 22:17:40,43 km al SE de San Pedro de Atacama,-23.19,-67.894,156.0,4.5,Ml
241821,2024-07-19 02:22:24,2024-07-18 22:22:24,64 km al SE de Copiapó,-27.666,-69.778,110.0,2.6,Ml
241822,2024-07-19 02:30:23,2024-07-18 22:30:23,34 km al SE de San Pedro de Atacama,-23.101,-67.936,151.0,3.4,Ml
241826,2024-07-19 02:40:04,2024-07-18 22:40:04,41 km al SE de San Pedro de Atacama,-23.149,-67.889,157.0,3.1,Ml
241828,2024-07-19 02:46:06,2024-07-18 22:46:06,26 km al E de San Pedro de Atacama,-23.008,-67.97,153.0,3.2,Ml
241829,2024-07-19 02:56:36,2024-07-18 22:56:36,33 km al E de San Pedro de Atacama,-23.021,-67.899,144.0,2.7,Ml
241830,2024-07-19 03:02:53,2024-07-18 23:02:53,10 km al S de San Pedro de Atacama,-23.014,-68.193,192.0,2.8,Ml
241831,2024-07-19 03:08:15,2024-07-18 23:08:15,39 km al SO de San Pedro de Atacama,-23.229,-68.389,200.0,3.3,Ml
241832,2024-07-19 03:11:25,2024-07-18 23:11:25,36 km al N de Socaire,-23.265,-67.871,150.0,4.4,Ml
241836,2024-07-19 03:22:12,2024-07-18 23:22:12,36 km al SE de San Pedro de Atacama,-23.089,-67.905,133.0,2.7,Ml
241838,2024-07-19 03:30:35,2024-07-18 23:30:35,34 km al SE de San Pedro de Atacama,-23.084,-67.915,169.0,3.6,Ml
241853,2024-07-19 03:51:40,2024-07-18 23:51:40,37 km al SE de San Pedro de Atacama,-23.123,-67.908,161.0,2.5,Ml
241846,2024-07-19 03:53:34,2024-07-18 23:53:34,27 km al SE de San Pedro de Atacama,-23.041,-67.972,143.0,2.8,Ml
241843,2024-07-19 03:56:00,2024-07-18 23:56:00,42 km al SE de San Pedro de Atacama,-23.185,-67.912,144.0,3.9,Ml
241849,2024-07-19 04:03:03,2024-07-19 00:03:03,31 km al SO de San Pedro de Atacama,-23.178,-68.311,189.0,3.6,Ml
241852,2024-07-19 04:14:28,2024-07-19 00:14:28,21 km al SE de La Ligua,-32.559,-71.049,92.0,2.7,Ml
241855,2024-07-19 04:17:47,2024-07-19 00:17:47,72 km al NE de San Pedro de Atacama,-22.331,-67.919,193.0,3.3,Ml
241858,2024-07-19 04:46:20,2024-07-19 00:46:20,16 km al SO de San Pedro de Atacama,-23.049,-68.258,164.0,2.9,Ml
241859,2024-07-19 04:50:55,2024-07-19 00:50:55,30 km al SE de San Pedro de Atacama,-23.066,-67.951,147.0,2.6,Ml
241861,2024-07-19 05:07:50,2024-07-19 01:07:50,30 km al SE de San Pedro de Atacama,-23.057,-67.947,150.0,3.6,Ml
241863,2024-07-19 05:23:01,2024-07-19 01:23:01,33 km al SE de San Pedro de Atacama,-23.122,-67.958,140.0,2.9,Ml
241864,2024-07-19 05:47:44,2024-07-19 01:47:44,35 km al SE de San Pedro de Atacama,-23.144,-67.959,148.0,4.1,Ml
241869,2024-07-19 06:07:59,2024-07-19 02:07:59,77 km al SO de Ollagüe,-21.728,-68.759,101.0,2.8,Ml
241870,2024-07-19 06:12:31,2024-07-19 02:12:31,24 km al E de San Pedro de Atacama,-22.995,-67.981,154.0,3.0,Ml
241872,2024-07-19 06:31:28,2024-07-19 02:31:28,43 km al SE de San Pedro de Atacama,-23.175,-67.879,151.0,3.0,Ml
241878,2024-07-19 06:55:14,2024-07-19 02:55:14,7 km al NO de Quillagua,-21.618,-69.582,19.0,3.0,Ml
241881,2024-07-19 07:12:43,2024-07-19 03:12:43,35 km al N de Socaire,-23.272,-67.88,150.0,2.9,Ml
241886,2024-07-19 07:59:54,2024-07-19 03:59:54,74 km al N de San Pedro de Atacama,-22.293,-67.958,172.0,2.6,Ml
241888,2024-07-19 08:20:40,2024-07-19 04:20:40,17 km al E de Pica,-20.463,-69.167,100.0,3.9,Ml
241890,2024-07-19 08:43:20,2024-07-19 04:43:20,39 km al SE de San Pedro de Atacama,-23.16,-67.918,146.0,3.4,Ml
241891,2024-07-19 08:46:43,2024-07-19 04:46:43,46 km al SO de San Pedro de Atacama,-23.235,-68.487,197.0,2.9,Ml
241893,2024-07-19 09:04:41,2024-07-19 05:04:41,36 km al SE de San Pedro de Atacama,-23.141,-67.944,142.0,3.2,Ml
241898,2024-07-19 09:55:39,2024-07-19 05:55:39,13 km al O de Pichidangui,-32.126,-71.668,28.0,4.4,Mw
241901,2024-07-19 10:14:33,2024-07-19 06:14:33,27 km al SE de San Pedro de Atacama,-23.104,-68.033,155.0,2.7,Ml
241902,2024-07-19 10:26:12,2024-07-19 06:26:12,52 km al SO de Punta de Choros,-29.469,-71.942,35.0,3.1,Ml
241905,2024-07-19 10:31:26,2024-07-19 06:31:26,53 km al SO de San Pedro de Atacama,-23.224,-68.604,107.0,2.5,Ml
241908,2024-07-19 10:48:00,2024-07-19 06:48:00,15 km al SO de Pichidangui,-32.228,-71.647,31.0,2.7,Ml
241912,2024-07-19 11:21:29,2024-07-19 07:21:29,34 km al SE de San Pedro de Atacama,-23.156,-67.983,153.0,2.5,Ml
241914,2024-07-19 11:33:00,2024-07-19 07:33:00,29 km al S de San Pedro de Atacama,-23.17,-68.124,168.0,2.5,Ml
241915,2024-07-19 11:44:41,2024-07-19 07:44:41,32 km al SE de San Pedro de Atacama,-23.105,-67.966,138.0,3.8,Ml
241917,2024-07-19 11:56:45,2024-07-19 07:56:45,23 km al SE de San Pedro de Atacama,-23.037,-68.017,164.0,2.9,Ml
241919,2024-07-19 12:14:13,2024-07-19 08:14:13,40 km al S de Mina Collahuasi,-21.178,-68.73,122.0,3.2,Ml
241921,2024-07-19 12:26:22,2024-07-19 08:26:22,103 km al NE de San Pedro de Atacama,-22.264,-67.497,192.0,3.2,Ml
241922,2024-07-19 12:57:43,2024-07-19 08:57:43,27 km al S de San Pedro de Atacama,-23.158,-68.165,170.0,3.3,Ml
241924,2024-07-19 13:02:24,2024-07-19 09:02:24,24 km al S de San Pedro de Atacama,-23.135,-68.155,178.0,2.7,Ml
241927,2024-07-19 13:06:59,2024-07-19 09:06:59,23 km al S de San Pedro de Atacama,-23.123,-68.188,168.0,2.7,Ml
241930,2024-07-19 13:35:19,2024-07-19 09:35:19,27 km al O de Ollagüe,-21.206,-68.511,128.0,2.5,Ml
241936,2024-07-19 14:16:58,2024-07-19 10:16:58,24 km al SO de Ollagüe,-21.345,-68.442,127.0,2.7,Ml
241939,2024-07-19 14:23:11,2024-07-19 10:23:11,52 km al SO de Ollagüe,-21.446,-68.699,99.0,2.8,Ml
241940,2024-07-19 14:27:56,2024-07-19 10:27:56,77 km al SO de Ollagüe,-21.865,-68.544,127.0,2.5,Ml
241943,2024-07-19 14:31:32,2024-07-19 10:31:32,32 km al SE de San Pedro de Atacama,-23.093,-67.949,140.0,3.3,Ml
241946,2024-07-19 14:55:06,2024-07-19 10:55:06,26 km al SE de San Pedro de Atacama,-23.129,-68.083,182.0,2.5,Ml
241949,2024-07-19 15:10:17,2024-07-19 11:10:17,86 km al O de San Antonio de los Cobres,-23.952,-67.109,216.0,3.1,Ml
241950,2024-07-19 15:12:24,2024-07-19 11:12:24,33 km al O de Canela Baja,-31.307,-71.787,31.0,2.6,Ml
241953,2024-07-19 16:03:36,2024-07-19 12:03:36,27 km al SE de San Pedro de Atacama,-23.13,-68.074,175.0,2.6,Ml
241954,2024-07-19 16:05:30,2024-07-19 12:05:30,93 km al NE de Mina Collahuasi,-20.128,-68.164,185.0,4.5,Mw
241959,2024-07-19 16:43:47,2024-07-19 12:43:47,66 km al NE de Quillagua,-21.322,-69.009,107.0,3.7,Ml
241960,2024-07-19 16:53:23,2024-07-19 12:53:23,42 km al O de Canela Baja,-31.409,-71.9,43.0,2.8,Ml
241965,2024-07-19 17:58:27,2024-07-19 13:58:27,54 km al NO de Mejillones,-22.645,-70.644,15.0,4.3,Mw
241973,2024-07-19 18:47:52,2024-07-19 14:47:52,44 km al SE de Putre,-18.512,-69.304,111.0,3.1,Ml
241984,2024-07-19 18:53:51,2024-07-19 14:53:51,35 km al S de Pica,-20.788,-69.222,111.0,2.8,Ml
241976,2024-07-19 18:53:54,2024-07-19 14:53:54,55 km al N de Mejillones,-22.623,-70.58,13.0,4.4,Mw
241981,2024-07-19 19:10:50,2024-07-19 15:10:50,22 km al SE de San Pedro de Atacama,-23.103,-68.122,157.0,2.8,Ml
241990,2024-07-19 19:24:57,2024-07-19 15:24:57,72 km al SO de Ollagüe,-21.814,-68.55,121.0,3.0,Ml
241995,2024-07-19 20:31:57,2024-07-19 16:31:57,20 km al O de Putre,-18.177,-69.745,118.0,2.9,Ml
241997,2024-07-19 20:41:17,2024-07-19 16:41:17,33 km al S de San Pedro de Atacama,-23.209,-68.135,172.0,2.9,Ml
242007,2024-07-19 22:26:43,2024-07-19 18:26:43,27 km al S de Camiña,-19.545,-69.501,85.0,2.5,Ml
242011,2024-07-19 23:29:25,2024-07-19 19:29:25,23 km al S de Salamanca,-31.98,-71.019,64.0,2.5,Ml
242013,2024-07-20 00:23:15,2024-07-19 20:23:15,25 km al N de Calama,-22.256,-68.993,106.0,2.7,Ml
242019,2024-07-20 01:44:41,2024-07-19 21:44:41,30 km al SE de Monte Patria,-30.842,-70.691,92.0,2.7,Ml
242020,2024-07-20 02:03:21,2024-07-19 22:03:21,63 km al NE de Calama,-21.957,-68.664,126.0,2.8,Ml
242026,2024-07-20 03:01:35,2024-07-19 23:01:35,30 km al SE de San Pedro de Atacama,-23.05,-67.939,132.0,3.2,Ml
242025,2024-07-20 03:02:17,2024-07-19 23:02:17,18 km al E de Arica,-18.443,-70.153,45.0,3.1,Ml
242028,2024-07-20 03:04:02,2024-07-19 23:04:02,35 km al S de Mina La Escondida,-24.58,-69.006,101.0,2.9,Ml
242029,2024-07-20 03:18:43,2024-07-19 23:18:43,30 km al E de San Pedro de Atacama,-23.012,-67.924,131.0,3.0,Ml
242032,2024-07-20 03:23:39,2024-07-19 23:23:39,34 km al E de Talca,-35.45,-71.291,111.0,3.0,Ml
242039,2024-07-20 05:28:10,2024-07-20 01:28:10,31 km al NO de Mina Collahuasi,-20.638,-68.879,107.0,2.8,Ml
242043,2024-07-20 06:17:48,2024-07-20 02:17:48,156 km al E de Alto del Carmen,-28.712,-68.892,166.0,2.9,Ml
242046,2024-07-20 06:45:09,2024-07-20 02:45:09,87 km al E de Socaire,-23.722,-67.044,215.0,3.2,Ml
242047,2024-07-20 07:02:36,2024-07-20 03:02:36,41 km al SE de San Pedro de Atacama,-23.166,-67.905,145.0,4.4,Ml
242050,2024-07-20 07:29:04,2024-07-20 03:29:04,17 km al S de San Pedro de Atacama,-23.068,-68.245,173.0,3.3,Ml
242053,2024-07-20 07:43:38,2024-07-20 03:43:38,32 km al SE de San Pedro de Atacama,-23.08,-67.944,152.0,3.3,Ml
242055,2024-07-20 07:53:13,2024-07-20 03:53:13,63 km al O de San Antonio de los Cobres,-24.17,-66.941,225.0,4.3,Ml
242065,2024-07-20 09:22:22,2024-07-20 05:22:22,26 km al SE de San Pedro de Atacama,-23.082,-68.015,132.0,3.1,Ml
242066,2024-07-20 09:33:32,2024-07-20 05:33:32,44 km al N de Camiña,-18.918,-69.368,107.0,2.6,Ml
242075,2024-07-20 13:02:37,2024-07-20 09:02:37,46 km al S de San Pedro de Atacama,-23.321,-68.298,185.0,3.2,Ml
242078,2024-07-20 13:12:09,2024-07-20 09:12:09,60 km al O de Los Vilos,-31.721,-72.11,42.0,2.5,Ml
242081,2024-07-20 13:50:34,2024-07-20 09:50:34,36 km al O de Cuya,-19.19,-70.519,23.0,2.9,Ml
242085,2024-07-20 14:45:47,2024-07-20 10:45:47,66 km al NE de Calama,-21.928,-68.659,123.0,3.2,Ml
242088,2024-07-20 15:03:10,2024-07-20 11:03:10,43 km al NO de Mejillones,-22.81,-70.729,38.0,2.7,Ml
242089,2024-07-20 15:06:19,2024-07-20 11:06:19,34 km al E de Pisagua,-19.56,-69.893,34.0,2.6,Ml
242093,2024-07-20 15:22:05,2024-07-20 11:22:05,58 km al SO de San Pedro de Atacama,-23.379,-68.474,199.0,2.8,Ml
242095,2024-07-20 15:59:41,2024-07-20 11:59:41,78 km al NO de San Antonio de los Cobres,-23.896,-66.996,240.0,3.1,Ml
242098,2024-07-20 17:29:31,2024-07-20 13:29:31,30 km al SE de San Pedro de Atacama,-23.031,-67.937,141.0,3.7,Ml
242110,2024-07-20 19:21:37,2024-07-20 15:21:37,52 km al N de Calama,-22.017,-68.788,124.0,2.8,Ml
242113,2024-07-20 19:27:05,2024-07-20 15:27:05,91 km al NE de Socaire,-23.035,-67.231,275.0,2.9,Ml
242117,2024-07-20 20:08:52,2024-07-20 16:08:52,17 km al S de San Pedro de Atacama,-23.067,-68.253,195.0,2.7,Ml
242118,2024-07-20 20:25:24,2024-07-20 16:25:24,28 km al NE de Carrizal Bajo,-27.857,-71.037,67.0,2.6,Ml
242120,2024-07-20 20:35:29,2024-07-20 16:35:29,60 km al SE de Socaire,-23.963,-67.462,212.0,3.5,Ml
242123,2024-07-20 21:33:32,2024-07-20 17:33:32,23 km al O de El Tabo,-33.379,-71.902,24.0,3.7,Ml
242127,2024-07-20 21:58:12,2024-07-20 17:58:12,65 km al S de Socaire,-24.174,-67.88,217.0,3.0,Ml
242135,2024-07-20 23:51:04,2024-07-20 19:51:04,22 km al S de Illapel,-31.828,-71.221,69.0,2.6,Ml
242137,2024-07-20 23:57:51,2024-07-20 19:57:51,30 km al SE de San Pedro de Atacama,-23.1,-67.98,142.0,3.5,Ml
242146,2024-07-21 00:44:22,2024-07-20 20:44:22,32 km al N de Calama,-22.194,-68.844,122.0,2.6,Ml
242147,2024-07-21 00:46:47,2024-07-20 20:46:47,58 km al NE de Calama,-21.983,-68.716,106.0,2.5,Ml
242154,2024-07-21 02:53:45,2024-07-20 22:53:45,36 km al E de Tacna,-17.895,-69.936,96.0,3.8,Ml
242163,2024-07-21 03:54:22,2024-07-20 23:54:22,59 km al E de Quillagua,-21.632,-68.965,95.0,2.6,Ml
242178,2024-07-21 07:25:52,2024-07-21 03:25:52,32 km al O de Patache,-20.744,-70.498,59.0,2.5,Ml
242182,2024-07-21 09:15:48,2024-07-21 05:15:48,17 km al O de Visviri,-17.606,-69.64,166.0,3.7,Ml
242183,2024-07-21 09:23:34,2024-07-21 05:23:34,77 km al SE de Socaire,-24.225,-67.593,237.0,2.9,Ml
242186,2024-07-21 09:49:00,2024-07-21 05:49:00,83 km al SE de Socaire,-24.039,-67.233,248.0,3.6,Ml
242188,2024-07-21 10:42:27,2024-07-21 06:42:27,14 km al SO de Andacollo,-30.287,-71.212,63.0,2.7,Ml
242192,2024-07-21 12:20:14,2024-07-21 08:20:14,59 km al S de Socaire,-24.123,-67.937,161.0,2.6,Ml
242195,2024-07-21 12:54:23,2024-07-21 08:54:23,9 km al SO de Monte Patria,-30.743,-71.03,69.0,2.5,Ml
242200,2024-07-21 13:54:18,2024-07-21 09:54:18,56 km al NE de Pozo Almonte,-19.89,-69.424,109.0,3.2,Ml
242205,2024-07-21 14:25:07,2024-07-21 10:25:07,90 km al O de San Antonio de los Cobres,-24.324,-67.196,200.0,3.9,Ml
242212,2024-07-21 15:18:22,2024-07-21 11:18:22,21 km al S de San Pedro de Atacama,-23.113,-68.211,191.0,2.5,Ml
242210,2024-07-21 15:19:17,2024-07-21 11:19:17,52 km al SE de Sierra Gorda,-23.159,-68.909,92.0,2.7,Ml
242211,2024-07-21 15:29:37,2024-07-21 11:29:37,68 km al E de Socaire,-23.618,-67.228,240.0,3.2,Ml
242219,2024-07-21 17:27:27,2024-07-21 13:27:27,28 km al S de San Pedro de Atacama,-23.158,-68.282,188.0,2.6,Ml
242222,2024-07-21 18:10:47,2024-07-21 14:10:47,60 km al N de Camiña,-18.773,-69.427,107.0,2.8,Ml
242231,2024-07-21 19:57:37,2024-07-21 15:57:37,22 km al S de San Pedro de Atacama,-23.107,-68.257,178.0,2.7,Ml
242237,2024-07-21 21:17:28,2024-07-21 17:17:28,57 km al SE de Sierra Gorda,-23.248,-68.925,96.0,2.8,Ml
242244,2024-07-21 22:09:12,2024-07-21 18:09:12,59 km al SO de Ollagüe,-21.699,-68.512,136.0,2.8,Ml
242246,2024-07-21 22:50:37,2024-07-21 18:50:37,48 km al NE de Punta de Choros,-29.037,-71.034,78.0,2.6,Ml
242247,2024-07-21 23:26:58,2024-07-21 19:26:58,31 km al S de San Pedro de Atacama,-23.188,-68.116,170.0,3.7,Ml
242254,2024-07-22 00:19:32,2024-07-21 20:19:32,93 km al SE de Socaire,-24.28,-67.37,212.0,4.6,Mw
242256,2024-07-22 00:46:04,2024-07-21 20:46:04,30 km al O de Ollagüe,-21.134,-68.524,128.0,3.1,Ml
242258,2024-07-22 01:21:52,2024-07-21 21:21:52,32 km al NE de Calama,-22.346,-68.648,99.0,2.7,Ml
242266,2024-07-22 02:30:36,2024-07-21 22:30:36,25 km al NO de Patache,-20.615,-70.324,33.0,3.4,Ml
242272,2024-07-22 03:41:39,2024-07-21 23:41:39,34 km al S de Socaire,-23.889,-67.807,236.0,3.0,Ml
242279,2024-07-22 06:23:22,2024-07-22 02:23:22,28 km al S de Putre,-18.44,-69.637,115.0,3.7,Ml
242283,2024-07-22 06:51:24,2024-07-22 02:51:24,77 km al E de Socaire,-23.838,-67.186,269.0,3.3,Ml
242285,2024-07-22 07:38:28,2024-07-22 03:38:28,36 km al SE de San Pedro de Atacama,-23.14,-67.942,136.0,2.9,Ml
242286,2024-07-22 07:47:41,2024-07-22 03:47:41,53 km al S de Patache,-21.262,-70.374,48.0,2.6,Ml
242290,2024-07-22 08:08:47,2024-07-22 04:08:47,93 km al O de San Antonio de los Cobres,-24.498,-67.19,193.0,3.6,Ml
242295,2024-07-22 09:47:36,2024-07-22 05:47:36,59 km al S de Camiña,-19.843,-69.372,85.0,3.1,Ml
242297,2024-07-22 10:38:33,2024-07-22 06:38:33,71 km al SE de Socaire,-24.064,-67.416,258.0,3.1,Ml
242308,2024-07-22 13:32:51,2024-07-22 09:32:51,20 km al SE de Linares,-35.942,-71.408,88.0,3.2,Ml
242311,2024-07-22 13:36:14,2024-07-22 09:36:14,74 km al S de Socaire,-24.25,-67.787,242.0,2.8,Ml
242315,2024-07-22 14:55:05,2024-07-22 10:55:05,34 km al SO de Quillagua,-21.918,-69.715,30.0,3.1,Ml
242327,2024-07-22 17:13:20,2024-07-22 13:13:20,49 km al S de Socaire,-24.022,-67.791,247.0,3.0,Ml
242344,2024-07-22 17:36:44,2024-07-22 13:36:44,40 km al O de Tirúa,-38.217,-73.928,30.0,4.2,Ml
242332,2024-07-22 18:20:46,2024-07-22 14:20:46,38 km al NO de Mina Collahuasi,-20.593,-68.921,99.0,2.5,Ml
242345,2024-07-22 20:05:26,2024-07-22 16:05:26,34 km al O de Ollagüe,-21.266,-68.579,126.0,3.0,Ml
242367,2024-07-22 22:16:30,2024-07-22 18:16:30,110 km al SE de Mina La Escondida,-24.728,-68.095,150.0,2.9,Ml
242364,2024-07-22 22:17:25,2024-07-22 18:17:25,21 km al O de La Ligua,-32.487,-71.446,38.0,3.1,Ml
242368,2024-07-22 22:18:13,2024-07-22 18:18:13,18 km al O de Mina Collahuasi,-20.843,-68.834,100.0,2.8,Ml
242370,2024-07-22 22:54:35,2024-07-22 18:54:35,21 km al E de Calama,-22.426,-68.73,115.0,2.5,Ml
242377,2024-07-23 01:41:55,2024-07-22 21:41:55,144 km al SE de Copiapó,-28.061,-69.102,105.0,3.0,Ml
242382,2024-07-23 02:38:06,2024-07-22 22:38:06,57 km al E de La Higuera,-29.294,-70.67,79.0,2.6,Ml
242402,2024-07-23 07:38:56,2024-07-23 03:38:56,25 km al E de San Pedro de Atacama,-23.0,-67.967,131.0,2.8,Ml
242408,2024-07-23 09:07:39,2024-07-23 05:07:39,35 km al SO de Valdivia,-40.098,-73.412,39.0,3.2,Ml
242412,2024-07-23 09:39:39,2024-07-23 05:39:39,73 km al SO de Ollagüe,-21.767,-68.643,102.0,2.5,Ml
242428,2024-07-23 13:47:28,2024-07-23 09:47:28,41 km al S de Pica,-20.838,-69.203,110.0,2.7,Ml
242436,2024-07-23 15:25:46,2024-07-23 11:25:46,24 km al NE de Calama,-22.351,-68.741,112.0,2.5,Ml
242441,2024-07-23 16:19:04,2024-07-23 12:19:04,5 km al NO de Mina La Escondida,-24.249,-69.095,85.0,3.0,Ml
242451,2024-07-23 18:32:51,2024-07-23 14:32:51,23 km al O de Pichidangui,-32.175,-71.768,29.0,3.0,Ml
242460,2024-07-23 19:14:30,2024-07-23 15:14:30,44 km al N de Socaire,-23.193,-67.883,136.0,3.4,Ml
242464,2024-07-23 20:14:11,2024-07-23 16:14:11,11 km al NO de El Tabo,-33.408,-71.769,27.0,2.9,Ml
242470,2024-07-23 22:18:49,2024-07-23 18:18:49,64 km al S de Socaire,-24.145,-67.728,277.0,2.8,Ml
242473,2024-07-23 23:33:54,2024-07-23 19:33:54,19 km al SO de San Pedro de Atacama,-23.068,-68.298,169.0,2.5,Ml
242478,2024-07-24 00:26:13,2024-07-23 20:26:13,32 km al S de San Pedro de Atacama,-23.211,-68.216,174.0,3.4,Ml
242485,2024-07-24 03:51:27,2024-07-23 23:51:27,132 km al NE de Socaire,-22.872,-66.864,222.0,3.6,Ml
242486,2024-07-24 03:59:39,2024-07-23 23:59:39,49 km al E de Patache,-20.788,-69.736,88.0,3.6,Ml
242504,2024-07-24 08:20:47,2024-07-24 04:20:47,25 km al NO de Navidad,-33.819,-72.044,30.0,2.5,Ml
242510,2024-07-24 08:55:41,2024-07-24 04:55:41,10 km al N de El Tabo,-33.369,-71.69,16.0,3.0,Ml
242514,2024-07-24 09:05:50,2024-07-24 05:05:50,16 km al O de Tocopilla,-22.043,-70.347,15.0,2.8,Ml
242515,2024-07-24 09:18:25,2024-07-24 05:18:25,23 km al O de San Antonio,-33.589,-71.863,36.0,2.7,Ml
242520,2024-07-24 09:31:52,2024-07-24 05:31:52,16 km al N de Tongoy,-30.111,-71.482,36.0,2.9,Ml
242525,2024-07-24 10:38:49,2024-07-24 06:38:49,37 km al SE de San Pedro de Atacama,-23.093,-67.887,127.0,3.1,Ml
242545,2024-07-24 13:39:17,2024-07-24 09:39:17,15 km al NE de Canela Baja,-31.331,-71.319,46.0,2.6,Ml
242548,2024-07-24 14:24:29,2024-07-24 10:24:29,16 km al SE de San Pedro de Atacama,-23.044,-68.114,178.0,3.2,Ml
242549,2024-07-24 14:26:53,2024-07-24 10:26:53,54 km al SO de Mina La Escondida,-24.711,-69.278,99.0,3.5,Ml
242553,2024-07-24 15:37:56,2024-07-24 11:37:56,38 km al SO de Mina Collahuasi,-21.055,-68.93,110.0,3.0,Ml
242559,2024-07-24 16:24:59,2024-07-24 12:24:59,9 km al N de Pozo Almonte,-20.183,-69.757,66.0,2.5,Ml
242564,2024-07-24 17:11:33,2024-07-24 13:11:33,20 km al N de Mina Los Pelambres,-31.643,-70.556,118.0,2.7,Ml
242568,2024-07-24 18:09:40,2024-07-24 14:09:40,63 km al E de Combarbalá,-31.097,-70.349,111.0,2.7,Ml
242574,2024-07-24 18:35:55,2024-07-24 14:35:55,27 km al SE de San Pedro de Atacama,-23.127,-68.057,175.0,2.9,Ml
242582,2024-07-24 18:49:22,2024-07-24 14:49:22,30 km al S de Mina Collahuasi,-21.095,-68.628,130.0,2.7,Ml
242597,2024-07-24 22:40:04,2024-07-24 18:40:04,46 km al SO de San Pedro de Atacama,-23.204,-68.521,115.0,2.5,Ml
242600,2024-07-24 22:55:50,2024-07-24 18:55:50,11 km al S de Punta de Choros,-29.346,-71.469,58.0,3.0,Ml
242601,2024-07-24 23:12:44,2024-07-24 19:12:44,55 km al NE de Calama,-22.059,-68.625,132.0,3.9,Ml
242607,2024-07-25 00:24:25,2024-07-24 20:24:25,59 km al E de Taltal,-25.233,-69.935,75.0,2.9,Ml
242610,2024-07-25 00:35:50,2024-07-24 20:35:50,26 km al NE de Iquique,-20.002,-70.048,69.0,2.6,Ml
242612,2024-07-25 00:38:23,2024-07-24 20:38:23,56 km al SE de Socaire,-23.99,-67.554,272.0,2.8,Ml
242618,2024-07-25 01:44:57,2024-07-24 21:44:57,39 km al NO de Mina Collahuasi,-20.599,-68.948,105.0,2.8,Ml
242622,2024-07-25 03:20:02,2024-07-24 23:20:02,28 km al NO de Quintero,-32.555,-71.665,36.0,3.4,Ml
242638,2024-07-25 06:57:00,2024-07-25 02:57:00,31 km al N de Laja,-37.01,-72.783,34.0,2.9,Ml
242645,2024-07-25 07:51:59,2024-07-25 03:51:59,54 km al SE de Socaire,-23.978,-67.576,258.0,3.5,Ml
242649,2024-07-25 08:49:14,2024-07-25 04:49:14,45 km al NE de Ollagüe,-20.961,-67.92,212.0,3.5,Ml
242653,2024-07-25 09:08:19,2024-07-25 05:08:19,18 km al NO de Punitaqui,-30.728,-71.405,32.0,2.5,Ml
242656,2024-07-25 09:42:58,2024-07-25 05:42:58,135 km al NO de Cobquecura,-35.503,-74.072,34.0,2.7,Ml
242668,2024-07-25 14:40:10,2024-07-25 10:40:10,39 km al NO de Carrizal Bajo,-27.779,-71.351,45.0,3.6,Ml
242669,2024-07-25 14:46:35,2024-07-25 10:46:35,33 km al N de Socaire,-23.297,-67.858,144.0,3.8,Ml
242675,2024-07-25 15:18:08,2024-07-25 11:18:08,31 km al SE de San Pedro de Atacama,-23.152,-68.03,164.0,3.1,Ml
242677,2024-07-25 15:21:24,2024-07-25 11:21:24,20 km al O de La Ligua,-32.383,-71.435,46.0,2.9,Ml
242681,2024-07-25 17:32:31,2024-07-25 13:32:31,44 km al O de Mina Collahuasi,-20.953,-69.057,93.0,3.3,Ml
242691,2024-07-25 18:17:48,2024-07-25 14:17:48,11 km al SE de Curicó,-35.08,-71.193,96.0,2.8,Ml
242697,2024-07-25 19:32:44,2024-07-25 15:32:44,55 km al NE de Calama,-22.065,-68.619,134.0,3.9,Ml
242701,2024-07-25 19:46:37,2024-07-25 15:46:37,34 km al E de Antofagasta,-23.75,-70.073,87.0,3.0,Ml
242704,2024-07-25 20:02:08,2024-07-25 16:02:08,65 km al NE de Calama,-21.957,-68.628,128.0,2.7,Ml
242724,2024-07-25 22:53:21,2024-07-25 18:53:21,20 km al O de La Ligua,-32.421,-71.445,39.0,3.1,Ml
242726,2024-07-25 23:07:23,2024-07-25 19:07:23,18 km al O de La Ligua,-32.402,-71.411,45.0,3.2,Ml
242728,2024-07-25 23:18:05,2024-07-25 19:18:05,120 km al O de Pichidangui,-32.09,-72.798,56.0,2.7,Ml
242731,2024-07-25 23:35:02,2024-07-25 19:35:02,29 km al NO de Linares,-35.707,-71.868,78.0,2.5,Ml
242735,2024-07-26 00:57:37,2024-07-25 20:57:37,41 km al S de Camiña,-19.675,-69.502,92.0,4.3,Ml
242737,2024-07-26 01:05:53,2024-07-25 21:05:53,37 km al O de Ollagüe,-21.188,-68.611,116.0,2.7,Ml
242740,2024-07-26 02:16:36,2024-07-25 22:16:36,30 km al NO de Constitución,-35.145,-72.655,14.0,3.9,Ml
242743,2024-07-26 02:53:26,2024-07-25 22:53:26,30 km al SE de San Pedro de Atacama,-23.074,-67.96,164.0,3.4,Ml
242745,2024-07-26 03:19:53,2024-07-25 23:19:53,125 km al SE de Copiapó,-28.09,-69.364,124.0,3.0,Ml
242748,2024-07-26 04:03:27,2024-07-26 00:03:27,56 km al N de Mejillones,-22.626,-70.638,13.0,2.7,Ml
242754,2024-07-26 05:19:39,2024-07-26 01:19:39,31 km al NO de Constitución,-35.16,-72.682,11.0,2.6,Ml
242772,2024-07-26 10:42:48,2024-07-26 06:42:48,41 km al SO de Lebu,-37.903,-73.948,20.0,3.3,Ml
242779,2024-07-26 12:41:17,2024-07-26 08:41:17,30 km al S de Curicó,-35.254,-71.183,102.0,3.7,Ml
242782,2024-07-26 12:45:22,2024-07-26 08:45:22,48 km al NE de Calama,-22.177,-68.589,104.0,2.6,Ml
242784,2024-07-26 13:05:36,2024-07-26 09:05:36,51 km al N de Pica,-20.048,-69.212,101.0,2.9,Ml
242786,2024-07-26 13:08:27,2024-07-26 09:08:27,45 km al SE de Sierra Gorda,-23.16,-68.987,102.0,2.5,Ml
242789,2024-07-26 13:41:51,2024-07-26 09:41:51,45 km al O de Ollagüe,-21.277,-68.682,120.0,2.6,Ml
242790,2024-07-26 14:06:14,2024-07-26 10:06:14,30 km al NO de Tongoy,-30.097,-71.744,55.0,2.6,Ml
242795,2024-07-26 14:20:19,2024-07-26 10:20:19,70 km al N de Calama,-21.859,-68.766,114.0,2.5,Ml
242797,2024-07-26 14:33:07,2024-07-26 10:33:07,67 km al SE de Socaire,-23.91,-67.335,225.0,2.9,Ml
242798,2024-07-26 15:36:29,2024-07-26 11:36:29,81 km al SE de Sierra Gorda,-23.443,-68.807,115.0,2.5,Ml
242799,2024-07-26 15:38:46,2024-07-26 11:38:46,17 km al S de San Pedro de Atacama,-23.069,-68.179,180.0,2.7,Ml
242800,2024-07-26 15:44:17,2024-07-26 11:44:17,26 km al N de Combarbalá,-30.95,-70.961,93.0,2.5,Ml
242802,2024-07-26 16:01:52,2024-07-26 12:01:52,76 km al SE de Socaire,-23.924,-67.239,235.0,3.4,Ml
242807,2024-07-26 18:03:12,2024-07-26 14:03:12,119 km al NO de Pichilemu,-33.879,-73.152,17.0,2.5,Ml
242813,2024-07-26 19:06:09,2024-07-26 15:06:09,27 km al O de Visviri,-17.648,-69.727,150.0,3.1,Ml
242826,2024-07-26 22:15:24,2024-07-26 18:15:24,22 km al SE de Pichilemu,-34.569,-71.923,27.0,2.6,Ml
242828,2024-07-26 23:30:59,2024-07-26 19:30:59,21 km al SE de Curicó,-35.138,-71.111,96.0,2.5,Ml
242832,2024-07-27 00:06:40,2024-07-26 20:06:40,155 km al O de Valdivia,-39.4,-74.97,32.0,3.2,Ml
242834,2024-07-27 00:25:26,2024-07-26 20:25:26,43 km al O de Ollagüe,-21.337,-68.65,140.0,3.0,Ml
242839,2024-07-27 01:49:08,2024-07-26 21:49:08,43 km al SO de Ollagüe,-21.487,-68.557,142.0,2.5,Ml
242840,2024-07-27 02:08:42,2024-07-26 22:08:42,64 km al O de Tongoy,-30.186,-72.16,45.0,2.6,Ml
242841,2024-07-27 02:37:42,2024-07-26 22:37:42,45 km al SO de Ollagüe,-21.546,-68.523,139.0,3.1,Ml
242846,2024-07-27 03:10:47,2024-07-26 23:10:47,82 km al E de Socaire,-23.848,-67.136,227.0,3.1,Ml
242851,2024-07-27 04:06:26,2024-07-27 00:06:26,27 km al O de Ollagüe,-21.174,-68.513,129.0,2.9,Ml
242855,2024-07-27 04:36:36,2024-07-27 00:36:36,40 km al O de Valparaíso,-33.018,-72.038,34.0,3.2,Ml
242858,2024-07-27 04:51:36,2024-07-27 00:51:36,46 km al O de Valparaíso,-32.997,-72.104,20.0,2.7,Ml
242866,2024-07-27 06:13:38,2024-07-27 02:13:38,64 km al NO de Mina La Escondida,-23.73,-69.284,85.0,2.7,Ml
242871,2024-07-27 09:04:04,2024-07-27 05:04:04,47 km al S de Mina Collahuasi,-21.246,-68.737,119.0,2.5,Ml
242877,2024-07-27 10:26:35,2024-07-27 06:26:35,57 km al O de Lebu,-37.452,-74.27,9.0,3.2,Ml
242878,2024-07-27 10:49:08,2024-07-27 06:49:08,15 km al NO de Ancud,-41.771,-73.96,42.0,3.1,Ml
242887,2024-07-27 14:18:04,2024-07-27 10:18:04,139 km al NO de Constitución,-34.642,-73.68,26.0,3.6,Ml
242896,2024-07-27 16:50:14,2024-07-27 12:50:14,87 km al O de San Antonio de los Cobres,-23.925,-67.111,240.0,2.9,Ml
242902,2024-07-27 18:55:57,2024-07-27 14:55:57,73 km al NE de Calama,-21.908,-68.562,108.0,2.5,Ml
242909,2024-07-27 20:59:18,2024-07-27 16:59:18,65 km al SE de Socaire,-24.077,-67.531,254.0,2.8,Ml
242912,2024-07-27 21:09:18,2024-07-27 17:09:18,24 km al E de Calama,-22.409,-68.702,110.0,2.7,Ml
242917,2024-07-27 21:48:15,2024-07-27 17:48:15,103 km al SE de Socaire,-24.404,-67.413,191.0,4.1,Ml
242925,2024-07-27 22:30:41,2024-07-27 18:30:41,23 km al O de Quintero,-32.771,-71.776,34.0,2.6,Ml
242929,2024-07-27 23:08:51,2024-07-27 19:08:51,31 km al O de Valparaíso,-32.959,-71.93,36.0,3.6,Ml
242930,2024-07-27 23:34:04,2024-07-27 19:34:04,42 km al S de Mina Collahuasi,-21.198,-68.741,118.0,2.8,Ml
242939,2024-07-28 00:48:35,2024-07-27 20:48:35,48 km al O de Valparaíso,-32.964,-72.121,27.0,3.8,Ml
242944,2024-07-28 01:14:13,2024-07-27 21:14:13,33 km al NE de Pica,-20.238,-69.162,100.0,3.3,Ml
242946,2024-07-28 01:18:21,2024-07-27 21:18:21,30 km al N de Socaire,-23.322,-67.888,147.0,3.2,Ml
242955,2024-07-28 03:10:10,2024-07-27 23:10:10,50 km al O de Valparaíso,-32.971,-72.14,31.0,2.9,Ml
242957,2024-07-28 03:53:44,2024-07-27 23:53:44,78 km al SE de Socaire,-24.11,-67.374,234.0,3.6,Ml
242958,2024-07-28 03:54:44,2024-07-27 23:54:44,52 km al SE de Isla Guamblin,-45.271,-74.791,19.0,3.7,Ml
242968,2024-07-28 05:46:17,2024-07-28 01:46:17,69 km al SO de Punta de Choros,-29.646,-72.015,38.0,2.9,Ml
242973,2024-07-28 08:20:11,2024-07-28 04:20:11,123 km al NE de Socaire,-22.877,-66.967,212.0,2.7,Ml
242974,2024-07-28 08:43:01,2024-07-28 04:43:01,107 km al O de Huasco,-28.185,-72.27,36.0,2.7,Ml
242982,2024-07-28 12:03:10,2024-07-28 08:03:10,52 km al SO de Ollagüe,-21.631,-68.504,122.0,3.2,Ml
242983,2024-07-28 12:17:17,2024-07-28 08:17:17,71 km al NE de Vallenar,-28.164,-70.202,101.0,2.5,Ml
242988,2024-07-28 13:01:28,2024-07-28 09:01:28,21 km al SO de Valparaíso,-33.204,-71.747,38.0,3.0,Ml
242989,2024-07-28 13:17:20,2024-07-28 09:17:20,34 km al O de Calama,-22.524,-69.258,88.0,3.0,Ml
242990,2024-07-28 13:29:10,2024-07-28 09:29:10,34 km al S de Sierra Gorda,-23.181,-69.233,84.0,3.8,Ml
242992,2024-07-28 13:32:32,2024-07-28 09:32:32,55 km al N de Pica,-20.007,-69.219,95.0,2.8,Ml
242993,2024-07-28 13:49:17,2024-07-28 09:49:17,16 km al S de Mina Collahuasi,-20.967,-68.707,124.0,3.2,Ml
242997,2024-07-28 14:47:12,2024-07-28 10:47:12,85 km al E de Socaire,-23.865,-67.115,245.0,4.0,Ml
242999,2024-07-28 15:08:11,2024-07-28 11:08:11,66 km al SE de Sierra Gorda,-23.417,-69.02,123.0,2.5,Ml
243000,2024-07-28 15:27:05,2024-07-28 11:27:05,60 km al O de San Antonio de los Cobres,-24.439,-66.862,186.0,3.6,Ml
243001,2024-07-28 15:50:04,2024-07-28 11:50:04,21 km al S de Camiña,-19.49,-69.49,97.0,2.8,Ml
243005,2024-07-28 16:37:09,2024-07-28 12:37:09,54 km al SE de Baquedano,-23.722,-69.527,250.0,3.0,Ml
243012,2024-07-28 18:36:15,2024-07-28 14:36:15,28 km al S de Pica,-20.736,-69.267,99.0,2.7,Ml
243020,2024-07-28 20:23:02,2024-07-28 16:23:02,29 km al SE de Cauquenes,-36.187,-72.138,55.0,2.8,Ml
243034,2024-07-28 23:53:50,2024-07-28 19:53:50,32 km al NO de Arauco,-37.066,-73.596,25.0,2.9,Ml
243046,2024-07-29 03:13:37,2024-07-28 23:13:37,79 km al SE de Socaire,-24.18,-67.452,200.0,4.4,Ml
243050,2024-07-29 03:59:42,2024-07-28 23:59:42,30 km al NO de Iquique,-20.06,-70.385,33.0,2.8,Ml
243056,2024-07-29 04:34:16,2024-07-29 00:34:16,36 km al SO de Ollagüe,-21.52,-68.398,133.0,2.5,Ml
243060,2024-07-29 06:14:48,2024-07-29 02:14:48,10 km al SO de Parque Fray Jorge,-30.741,-71.735,35.0,3.3,Ml
243061,2024-07-29 06:43:43,2024-07-29 02:43:43,57 km al SE de Socaire,-24.004,-67.567,263.0,3.2,Ml
243068,2024-07-29 08:30:49,2024-07-29 04:30:49,30 km al SO de Ollagüe,-21.434,-68.434,127.0,3.3,Ml
243072,2024-07-29 08:52:40,2024-07-29 04:52:40,98 km al SE de Socaire,-24.371,-67.447,198.0,3.8,Ml
243077,2024-07-29 09:27:23,2024-07-29 05:27:23,59 km al N de Calama,-21.938,-68.907,126.0,2.5,Ml
243079,2024-07-29 10:47:32,2024-07-29 06:47:32,27 km al S de Tirúa,-38.583,-73.534,29.0,2.7,Ml
243081,2024-07-29 11:15:50,2024-07-29 07:15:50,58 km al SO de Ollagüe,-21.666,-68.56,125.0,3.0,Ml
243086,2024-07-29 13:00:45,2024-07-29 09:00:45,28 km al NO de Colina,-33.089,-70.946,81.0,3.5,Ml
243093,2024-07-29 15:04:56,2024-07-29 11:04:56,94 km al SE de Alto del Carmen,-29.37,-69.824,127.0,3.8,Ml
243101,2024-07-29 17:27:37,2024-07-29 13:27:37,30 km al E de Linares,-35.76,-71.279,105.0,3.0,Ml
243104,2024-07-29 18:53:22,2024-07-29 14:53:22,33 km al S de Calama,-22.761,-68.849,99.0,3.8,Ml
243109,2024-07-29 19:50:35,2024-07-29 15:50:35,36 km al NE de La Higuera,-29.306,-70.914,84.0,3.3,Ml
243112,2024-07-29 20:20:56,2024-07-29 16:20:56,44 km al S de San Pedro de Atacama,-23.315,-68.216,162.0,2.9,Ml
243113,2024-07-29 20:24:19,2024-07-29 16:24:19,76 km al S de Socaire,-24.266,-67.804,268.0,3.3,Ml
243114,2024-07-29 20:39:38,2024-07-29 16:39:38,88 km al NO de Isla Guafo,-42.981,-75.402,20.0,2.5,Ml
243119,2024-07-29 22:14:16,2024-07-29 18:14:16,29 km al O de Ollagüe,-21.137,-68.518,136.0,2.7,Ml
243123,2024-07-29 22:41:05,2024-07-29 18:41:05,60 km al SE de Socaire,-24.096,-67.68,243.0,3.1,Ml
243126,2024-07-29 23:22:11,2024-07-29 19:22:11,45 km al N de Calama,-22.09,-68.776,106.0,2.5,Ml
243129,2024-07-30 00:10:05,2024-07-29 20:10:05,41 km al S de Socaire,-23.945,-67.769,296.0,3.4,Ml
243131,2024-07-30 00:20:10,2024-07-29 20:20:10,84 km al E de Socaire,-23.853,-67.116,240.0,3.6,Ml
243132,2024-07-30 00:27:52,2024-07-29 20:27:52,38 km al NO de Tongoy,-30.109,-71.848,53.0,2.5,Ml
243137,2024-07-30 01:54:04,2024-07-29 21:54:04,71 km al E de Caleta El Cobre,-24.232,-69.823,79.0,3.0,Ml
243144,2024-07-30 05:04:17,2024-07-30 01:04:17,58 km al SO de Mina Collahuasi,-21.299,-68.904,105.0,4.0,Ml
243154,2024-07-30 06:33:54,2024-07-30 02:33:54,30 km al S de Mejillones,-23.368,-70.492,41.0,2.9,Ml
243157,2024-07-30 07:38:50,2024-07-30 03:38:50,34 km al O de Chañaral,-26.401,-70.954,22.0,3.3,Ml
243158,2024-07-30 07:39:34,2024-07-30 03:39:34,50 km al E de Calama,-22.465,-68.439,119.0,3.4,Ml
243171,2024-07-30 10:45:48,2024-07-30 06:45:48,45 km al O de Mina Collahuasi,-20.915,-69.08,108.0,3.8,Ml
243174,2024-07-30 12:13:01,2024-07-30 08:13:01,34 km al S de San Pedro de Atacama,-23.22,-68.279,170.0,2.7,Ml
243176,2024-07-30 12:41:25,2024-07-30 08:41:25,33 km al SO de Camiña,-19.435,-69.715,75.0,2.5,Ml
243178,2024-07-30 13:07:14,2024-07-30 09:07:14,103 km al E de Socaire,-23.394,-66.899,202.0,4.6,Mw
243185,2024-07-30 16:35:35,2024-07-30 12:35:35,42 km al NO de Mina Collahuasi,-20.501,-68.855,105.0,2.7,Ml
243209,2024-07-30 21:24:35,2024-07-30 17:24:35,31 km al O de Mina Collahuasi,-20.733,-68.935,97.0,2.9,Ml
243218,2024-07-30 23:06:32,2024-07-30 19:06:32,35 km al S de Pica,-20.806,-69.343,90.0,2.8,Ml
243220,2024-07-30 23:29:09,2024-07-30 19:29:09,11 km al NE de Patache,-20.732,-70.135,37.0,2.5,Ml
243222,2024-07-30 23:44:46,2024-07-30 19:44:46,42 km al SO de Mina Collahuasi,-21.14,-68.892,111.0,2.8,Ml
243226,2024-07-31 01:07:27,2024-07-30 21:07:27,56 km al E de Calama,-22.266,-68.436,152.0,2.7,Ml
243230,2024-07-31 02:42:41,2024-07-30 22:42:41,41 km al NO de Socaire,-23.396,-68.23,162.0,2.6,Ml
243231,2024-07-31 03:12:21,2024-07-30 23:12:21,39 km al O de Ollagüe,-21.18,-68.628,108.0,2.5,Ml
243235,2024-07-31 04:20:07,2024-07-31 00:20:07,25 km al SE de Cuya,-19.33,-70.024,38.0,2.9,Ml
243236,2024-07-31 04:35:28,2024-07-31 00:35:28,60 km al NE de Calama,-21.986,-68.671,107.0,2.5,Ml
243240,2024-07-31 05:04:38,2024-07-31 01:04:38,72 km al NO de San Antonio de los Cobres,-23.815,-66.862,220.0,4.0,Ml
243245,2024-07-31 09:09:37,2024-07-31 05:09:37,38 km al NO de Socaire,-23.28,-68.04,166.0,2.7,Ml
243247,2024-07-31 09:47:38,2024-07-31 05:47:38,20 km al SE de Los Vilos,-32.01,-71.335,65.0,2.5,Ml
243248,2024-07-31 09:48:44,2024-07-31 05:48:44,6 km al O de Andacollo,-30.239,-71.146,77.0,2.7,Ml
243251,2024-07-31 10:33:00,2024-07-31 06:33:00,19 km al SO de San Fernando,-34.676,-71.161,70.0,2.9,Ml
243254,2024-07-31 11:01:56,2024-07-31 07:01:56,24 km al N de Socaire,-23.377,-67.849,163.0,4.0,Ml
243258,2024-07-31 11:23:04,2024-07-31 07:23:04,20 km al E de Putre,-18.255,-69.378,125.0,3.1,Ml
243263,2024-07-31 15:08:55,2024-07-31 11:08:55,24 km al SO de Punitaqui,-30.981,-71.437,32.0,3.0,Ml
243281,2024-07-31 18:16:35,2024-07-31 14:16:35,94 km al E de Combarbalá,-31.083,-70.024,122.0,3.5,Ml
243304,2024-07-31 20:52:27,2024-07-31 16:52:27,103 km al NE de Alto del Carmen,-28.242,-69.618,112.0,3.1,Ml
243308,2024-07-31 21:08:57,2024-07-31 17:08:57,13 km al NE de Ollagüe,-21.176,-68.137,172.0,2.7,Ml
243324,2024-08-01 01:33:48,2024-07-31 21:33:48,37 km al S de Pica,-20.81,-69.22,103.0,3.0,Ml
243328,2024-08-01 01:49:16,2024-07-31 21:49:16,69 km al E de Socaire,-23.561,-67.214,269.0,3.3,Ml
243327,2024-08-01 01:53:43,2024-07-31 21:53:43,19 km al NO de Calama,-22.34,-69.051,103.0,2.6,Ml
243333,2024-08-01 02:47:36,2024-07-31 22:47:36,73 km al SO de Ollagüe,-21.656,-68.782,105.0,3.4,Ml
243336,2024-08-01 02:55:41,2024-07-31 22:55:41,13 km al S de Los Vilos,-32.021,-71.47,46.0,3.8,Ml
243338,2024-08-01 03:33:28,2024-07-31 23:33:28,24 km al SO de San Pedro de Atacama,-23.051,-68.385,158.0,2.8,Ml
243341,2024-08-01 04:07:13,2024-08-01 00:07:13,54 km al E de Socaire,-23.733,-67.382,281.0,3.3,Ml
243347,2024-08-01 04:32:28,2024-08-01 00:32:28,62 km al O de Mina La Escondida,-24.232,-69.671,69.0,4.3,Ml
243353,2024-08-01 06:16:00,2024-08-01 02:16:00,46 km al O de Navidad,-34.004,-72.323,27.0,2.9,Ml
243354,2024-08-01 06:18:12,2024-08-01 02:18:12,50 km al O de Navidad,-33.985,-72.37,29.0,3.1,Ml
243357,2024-08-01 06:24:28,2024-08-01 02:24:28,48 km al O de Navidad,-33.99,-72.348,28.0,2.8,Ml
243359,2024-08-01 06:31:56,2024-08-01 02:31:56,45 km al O de Navidad,-34.007,-72.314,32.0,3.2,Ml
243361,2024-08-01 06:42:13,2024-08-01 02:42:13,48 km al O de Navidad,-33.996,-72.346,25.0,3.2,Ml
243367,2024-08-01 07:01:59,2024-08-01 03:01:59,48 km al O de Navidad,-33.984,-72.346,25.0,2.8,Ml
243369,2024-08-01 07:11:47,2024-08-01 03:11:47,57 km al SE de Socaire,-23.858,-67.411,271.0,2.8,Ml
243377,2024-08-01 07:40:31,2024-08-01 03:40:31,129 km al SE de Mina La Escondida,-24.868,-67.964,152.0,3.3,Ml
243379,2024-08-01 08:06:49,2024-08-01 04:06:49,47 km al O de Navidad,-33.99,-72.342,24.0,2.8,Ml
243380,2024-08-01 08:17:51,2024-08-01 04:17:51,49 km al S de Socaire,-24.022,-67.777,246.0,2.5,Ml
243383,2024-08-01 08:33:27,2024-08-01 04:33:27,63 km al S de Socaire,-24.138,-67.721,243.0,3.0,Ml
243384,2024-08-01 08:47:47,2024-08-01 04:47:47,34 km al O de La Ligua,-32.472,-71.588,59.0,2.6,Ml
243388,2024-08-01 10:50:59,2024-08-01 06:50:59,43 km al S de San Pedro de Atacama,-23.308,-68.214,186.0,3.1,Ml
243391,2024-08-01 11:00:56,2024-08-01 07:00:56,50 km al N de Camiña,-18.866,-69.498,94.0,3.1,Ml
243393,2024-08-01 11:04:07,2024-08-01 07:04:07,11 km al SE de Calama,-22.559,-68.882,126.0,2.5,Ml
243400,2024-08-01 12:36:38,2024-08-01 08:36:38,82 km al NO de San Antonio de los Cobres,-23.873,-67.027,221.0,3.5,Ml
243404,2024-08-01 13:14:20,2024-08-01 09:14:20,35 km al S de Ollagüe,-21.521,-68.361,130.0,3.0,Ml
243407,2024-08-01 13:40:32,2024-08-01 09:40:32,37 km al O de Navidad,-34.038,-72.215,35.0,3.9,Ml
243409,2024-08-01 13:44:23,2024-08-01 09:44:23,43 km al O de Navidad,-34.014,-72.291,33.0,3.4,Ml
243412,2024-08-01 14:16:13,2024-08-01 10:16:13,80 km al E de Alto del Carmen,-29.015,-69.716,128.0,4.0,Ml
243419,2024-08-01 14:35:18,2024-08-01 10:35:18,1599 km al SE de Isla de Pascua,-36.84,-96.84,10.0,5.0,Mb
243417,2024-08-01 14:41:27,2024-08-01 10:41:27,39 km al O de Navidad,-34.027,-72.248,35.0,3.5,Ml
243426,2024-08-01 16:29:55,2024-08-01 12:29:55,55 km al S de Ollagüe,-21.711,-68.364,146.0,2.6,Ml
243427,2024-08-01 16:45:36,2024-08-01 12:45:36,22 km al E de La Ligua,-32.494,-71.002,76.0,3.9,Ml
243432,2024-08-01 17:41:54,2024-08-01 13:41:54,32 km al O de La Serena,-29.78,-71.556,80.0,4.5,Mw
243446,2024-08-01 17:55:56,2024-08-01 13:55:56,37 km al O de Navidad,-34.035,-72.224,38.0,3.4,Ml
243434,2024-08-01 17:57:50,2024-08-01 13:57:50,45 km al O de Navidad,-33.995,-72.318,32.0,3.4,Ml
243444,2024-08-01 18:38:58,2024-08-01 14:38:58,31 km al SO de Visviri,-17.837,-69.62,152.0,3.1,Ml
243451,2024-08-01 19:01:48,2024-08-01 15:01:48,44 km al O de Navidad,-33.98,-72.312,40.0,2.6,Ml
243454,2024-08-01 19:35:16,2024-08-01 15:35:16,14 km al NO de Mina Los Pelambres,-31.736,-70.689,30.0,3.5,Ml
243459,2024-08-01 19:57:25,2024-08-01 15:57:25,42 km al O de Navidad,-34.008,-72.287,31.0,3.2,Ml
243462,2024-08-01 20:14:51,2024-08-01 16:14:51,36 km al O de Navidad,-34.019,-72.214,35.0,2.8,Ml
243473,2024-08-01 22:05:26,2024-08-01 18:05:26,78 km al NE de Calama,-21.819,-68.654,112.0,3.0,Ml
243477,2024-08-01 23:02:42,2024-08-01 19:02:42,58 km al SE de Patache,-21.262,-69.92,26.0,3.0,Ml
243484,2024-08-02 00:20:27,2024-08-01 20:20:27,26 km al NO de Ollagüe,-21.077,-68.453,131.0,3.2,Ml
243491,2024-08-02 02:16:45,2024-08-01 22:16:45,71 km al E de Socaire,-23.842,-67.251,258.0,2.6,Ml
243492,2024-08-02 02:26:55,2024-08-01 22:26:55,100 km al E de San Pedro de Atacama,-22.854,-67.228,288.0,2.9,Ml
243493,2024-08-02 03:30:45,2024-08-01 23:30:45,72 km al NE de San Pedro de Atacama,-22.38,-67.819,212.0,2.6,Ml
243495,2024-08-02 04:09:14,2024-08-02 00:09:14,63 km al S de Socaire,-24.156,-67.845,291.0,2.9,Ml
243496,2024-08-02 04:23:32,2024-08-02 00:23:32,36 km al NO de Constitución,-35.107,-72.697,39.0,3.8,Ml
243508,2024-08-02 08:06:23,2024-08-02 04:06:23,34 km al SE de Curicó,-35.264,-71.075,106.0,3.9,Ml
243517,2024-08-02 09:28:10,2024-08-02 05:28:10,31 km al E de Camiña,-19.286,-69.128,112.0,3.1,Ml
243528,2024-08-02 12:31:51,2024-08-02 08:31:51,121 km al NO de Parque Fray Jorge,-30.089,-72.759,30.0,3.8,Ml
243531,2024-08-02 13:27:44,2024-08-02 09:27:44,122 km al S de Cabo Raper,-47.889,-75.382,12.0,3.9,Ml
243534,2024-08-02 13:46:56,2024-08-02 09:46:56,32 km al O de San Pedro de Atacama,-22.977,-68.511,106.0,3.7,Ml
243546,2024-08-02 16:35:29,2024-08-02 12:35:29,51 km al S de Ollagüe,-21.677,-68.345,130.0,2.6,Ml
243560,2024-08-02 19:18:33,2024-08-02 15:18:33,148 km al E de Paihuano,-29.546,-69.086,8.0,3.7,Ml
243563,2024-08-02 19:33:02,2024-08-02 15:33:02,37 km al SO de Mina Collahuasi,-21.079,-68.892,109.0,2.8,Ml
243602,2024-08-03 07:44:58,2024-08-03 03:44:58,33 km al NE de San Pedro de Atacama,-22.684,-67.998,203.0,2.5,Ml
243604,2024-08-03 08:11:23,2024-08-03 04:11:23,78 km al E de Socaire,-23.838,-67.175,244.0,2.8,Ml
243610,2024-08-03 10:15:59,2024-08-03 06:15:59,17 km al N de Chillán,-36.457,-72.098,64.0,2.7,Ml
243616,2024-08-03 12:50:57,2024-08-03 08:50:57,18 km al N de Calama,-22.309,-68.934,109.0,3.2,Ml
243619,2024-08-03 13:27:27,2024-08-03 09:27:27,42 km al E de Patache,-20.958,-69.834,59.0,2.9,Ml
243620,2024-08-03 13:45:57,2024-08-03 09:45:57,39 km al SO de Mina Collahuasi,-21.148,-68.819,128.0,3.4,Ml
243624,2024-08-03 14:06:05,2024-08-03 10:06:05,21 km al SE de Calama,-22.559,-68.754,114.0,2.5,Ml
243631,2024-08-03 15:44:36,2024-08-03 11:44:36,42 km al NO de Quillagua,-21.408,-69.838,45.0,3.3,Ml
243635,2024-08-03 16:37:39,2024-08-03 12:37:39,31 km al SO de Mina Collahuasi,-20.962,-68.923,103.0,2.6,Ml
243636,2024-08-03 16:47:21,2024-08-03 12:47:21,36 km al SE de Pica,-20.777,-69.171,108.0,2.9,Ml
243638,2024-08-03 16:58:51,2024-08-03 12:58:51,54 km al SO de Mina Collahuasi,-21.244,-68.925,122.0,3.3,Ml
243643,2024-08-03 18:11:39,2024-08-03 14:11:39,111 km al O de Mejillones,-23.12,-71.532,21.0,2.6,Ml
243654,2024-08-03 21:56:56,2024-08-03 17:56:56,91 km al E de Alto del Carmen,-28.564,-69.584,115.0,2.9,Ml
243657,2024-08-03 22:16:25,2024-08-03 18:16:25,36 km al N de Pica,-20.179,-69.234,94.0,2.5,Ml
243661,2024-08-03 22:40:22,2024-08-03 18:40:22,20 km al S de San Pedro de Atacama,-23.096,-68.18,186.0,2.8,Ml
243666,2024-08-04 01:38:46,2024-08-03 21:38:46,71 km al SE de Socaire,-24.149,-67.559,242.0,3.6,Ml
243668,2024-08-04 01:46:46,2024-08-03 21:46:46,51 km al SO de Mina Collahuasi,-21.191,-68.958,112.0,2.8,Ml
243671,2024-08-04 03:15:49,2024-08-03 23:15:49,122 km al NE de San Pedro de Atacama,-22.114,-67.396,217.0,4.7,Mw
243676,2024-08-04 05:14:43,2024-08-04 01:14:43,83 km al E de Paihuano,-30.288,-69.707,123.0,3.5,Ml
243677,2024-08-04 05:34:00,2024-08-04 01:34:00,36 km al NE de Carrizal Bajo,-27.866,-70.88,45.0,2.5,Ml
243681,2024-08-04 06:24:42,2024-08-04 02:24:42,14 km al S de La Serena,-30.024,-71.287,56.0,2.5,Ml
243685,2024-08-04 07:09:03,2024-08-04 03:09:03,75 km al O de Pichilemu,-34.501,-72.817,34.0,2.7,Ml
243694,2024-08-04 08:58:54,2024-08-04 04:58:54,66 km al S de Socaire,-24.172,-67.764,247.0,2.8,Ml
243699,2024-08-04 10:08:25,2024-08-04 06:08:25,38 km al S de Paihuano,-30.364,-70.466,112.0,3.0,Ml
243704,2024-08-04 12:02:36,2024-08-04 08:02:36,68 km al E de Socaire,-23.835,-67.274,256.0,2.7,Ml
243705,2024-08-04 12:34:27,2024-08-04 08:34:27,118 km al E de Copiapó,-27.287,-69.142,110.0,2.6,Ml
243711,2024-08-04 15:48:06,2024-08-04 11:48:06,54 km al NE de Calama,-22.056,-68.664,130.0,4.6,Mw
243713,2024-08-04 16:00:05,2024-08-04 12:00:05,70 km al SE de Socaire,-24.053,-67.423,218.0,3.5,Ml
243715,2024-08-04 16:02:09,2024-08-04 12:02:09,56 km al E de El Salvador,-26.079,-69.1,132.0,3.5,Ml
243729,2024-08-04 18:36:30,2024-08-04 14:36:30,46 km al E de Socaire,-23.753,-67.473,274.0,3.1,Ml
243736,2024-08-04 20:08:09,2024-08-04 16:08:09,56 km al SE de Socaire,-23.969,-67.523,280.0,2.9,Ml
243739,2024-08-04 20:45:22,2024-08-04 16:45:22,63 km al SE de Socaire,-24.001,-67.465,259.0,2.8,Ml
243740,2024-08-04 20:54:53,2024-08-04 16:54:53,41 km al E de Pica,-20.457,-68.937,101.0,3.0,Ml
243744,2024-08-04 21:44:14,2024-08-04 17:44:14,110 km al NE de San Pedro de Atacama,-22.099,-67.607,223.0,3.5,Ml
243745,2024-08-04 21:46:10,2024-08-04 17:46:10,20 km al SO de Chañaral,-26.5,-70.725,51.0,2.7,Ml
243748,2024-08-04 22:12:22,2024-08-04 18:12:22,80 km al NE de San Pedro de Atacama,-22.303,-67.8,215.0,3.8,Ml
243752,2024-08-04 23:46:29,2024-08-04 19:46:29,56 km al SO de Ollagüe,-21.622,-68.58,132.0,2.5,Ml
243753,2024-08-05 00:04:08,2024-08-04 20:04:08,45 km al S de Taltal,-25.804,-70.396,49.0,4.1,Ml
243759,2024-08-05 00:55:14,2024-08-04 20:55:14,62 km al SE de Socaire,-24.03,-67.515,243.0,3.5,Ml
243769,2024-08-05 04:34:25,2024-08-05 00:34:25,32 km al O de Antofagasta,-23.714,-70.699,50.0,2.5,Ml
243771,2024-08-05 05:21:14,2024-08-05 01:21:14,54 km al SO de Mina Collahuasi,-21.268,-68.871,115.0,2.7,Ml
243774,2024-08-05 05:23:25,2024-08-05 01:23:25,16 km al S de La Serena,-30.04,-71.306,55.0,3.1,Ml
243776,2024-08-05 05:43:36,2024-08-05 01:43:36,99 km al NO de San Antonio de los Cobres,-23.476,-66.852,220.0,3.7,Ml
243780,2024-08-05 06:43:03,2024-08-05 02:43:03,33 km al O de Vichuquén,-34.796,-72.34,24.0,2.6,Ml
243782,2024-08-05 07:56:23,2024-08-05 03:56:23,39 km al SE de Calama,-22.747,-68.693,109.0,2.6,Ml
243789,2024-08-05 10:10:52,2024-08-05 06:10:52,74 km al SE de Socaire,-24.08,-67.404,251.0,3.0,Ml
243791,2024-08-05 11:55:40,2024-08-05 07:55:40,73 km al SO de San Pedro de Atacama,-23.409,-68.678,118.0,2.6,Ml
243793,2024-08-05 12:22:06,2024-08-05 08:22:06,53 km al S de Socaire,-24.04,-67.711,240.0,2.8,Ml
243798,2024-08-05 13:57:12,2024-08-05 09:57:12,51 km al SO de Punta de Choros,-29.494,-71.909,26.0,3.5,Ml
243801,2024-08-05 14:12:20,2024-08-05 10:12:20,38 km al N de Pica,-20.167,-69.201,89.0,2.9,Ml
243806,2024-08-05 14:50:10,2024-08-05 10:50:10,43 km al SO de Punta de Choros,-29.501,-71.804,21.0,2.6,Ml
243807,2024-08-05 15:03:19,2024-08-05 11:03:19,26 km al NE de Calama,-22.368,-68.706,139.0,3.1,Ml
243818,2024-08-05 17:39:14,2024-08-05 13:39:14,102 km al NE de Alto del Carmen,-28.151,-69.708,110.0,2.7,Ml
243820,2024-08-05 18:28:12,2024-08-05 14:28:12,28 km al NE de Calama,-22.264,-68.777,132.0,2.5,Ml
243825,2024-08-05 18:55:10,2024-08-05 14:55:10,29 km al SO de Pichidangui,-32.261,-71.804,26.0,3.3,Ml
243827,2024-08-05 19:13:06,2024-08-05 15:13:06,24 km al SO de Copiapó,-27.495,-70.524,85.0,2.6,Ml
243831,2024-08-05 19:45:16,2024-08-05 15:45:16,71 km al S de Socaire,-24.22,-67.762,240.0,3.7,Ml
243837,2024-08-05 20:47:41,2024-08-05 16:47:41,19 km al S de Temuco,-38.907,-72.541,51.0,3.9,Ml
243848,2024-08-05 22:34:56,2024-08-05 18:34:56,63 km al SE de Socaire,-23.84,-67.338,272.0,3.4,Ml
243850,2024-08-05 23:08:24,2024-08-05 19:08:24,44 km al S de Ollagüe,-21.603,-68.392,128.0,2.7,Ml
243851,2024-08-05 23:16:02,2024-08-05 19:16:02,24 km al SE de Copiapó,-27.487,-70.129,78.0,2.6,Ml
243854,2024-08-05 23:25:42,2024-08-05 19:25:42,16 km al N de Visviri,-17.451,-69.469,166.0,3.2,Ml
243855,2024-08-05 23:31:08,2024-08-05 19:31:08,18 km al S de Camiña,-19.474,-69.398,99.0,3.7,Ml
243862,2024-08-06 00:20:38,2024-08-05 20:20:38,29 km al NE de Cauquenes,-35.729,-72.184,108.0,2.9,Ml
243863,2024-08-06 00:35:47,2024-08-05 20:35:47,152 km al O de Valdivia,-39.525,-74.977,20.0,2.9,Ml
243874,2024-08-06 03:02:02,2024-08-05 23:02:02,107 km al NE de San Pedro de Atacama,-22.095,-67.665,193.0,3.0,Ml
243875,2024-08-06 03:18:13,2024-08-05 23:18:13,17 km al N de Visviri,-17.455,-69.429,167.0,3.2,Ml
243877,2024-08-06 03:24:09,2024-08-05 23:24:09,61 km al O de Arica,-18.488,-70.905,26.0,2.6,Ml
243878,2024-08-06 03:44:25,2024-08-05 23:44:25,56 km al SE de Socaire,-23.852,-67.425,266.0,2.6,Ml
243880,2024-08-06 04:16:08,2024-08-06 00:16:08,59 km al N de Quillagua,-21.141,-69.671,66.0,3.0,Ml
243881,2024-08-06 04:45:17,2024-08-06 00:45:17,64 km al S de Socaire,-24.152,-68.04,275.0,2.8,Ml
243889,2024-08-06 06:02:56,2024-08-06 02:02:56,28 km al S de Mina Collahuasi,-21.078,-68.675,122.0,3.1,Ml
243891,2024-08-06 06:16:56,2024-08-06 02:16:56,81 km al S de Socaire,-24.275,-67.623,206.0,2.8,Ml
243892,2024-08-06 06:22:55,2024-08-06 02:22:55,38 km al SO de Mina La Escondida,-24.474,-69.361,93.0,3.4,Ml
243894,2024-08-06 06:32:31,2024-08-06 02:32:31,39 km al SO de Ollagüe,-21.507,-68.473,137.0,2.7,Ml
243899,2024-08-06 08:19:43,2024-08-06 04:19:43,56 km al S de Caldera,-27.553,-70.982,63.0,3.0,Ml
243900,2024-08-06 09:16:59,2024-08-06 05:16:59,33 km al O de Ollagüe,-21.228,-68.569,127.0,2.7,Ml
243904,2024-08-06 09:50:58,2024-08-06 05:50:58,37 km al O de Quintero,-32.831,-71.916,47.0,3.0,Ml
243908,2024-08-06 11:09:53,2024-08-06 07:09:53,14 km al O de Andacollo,-30.196,-71.221,73.0,2.8,Ml
243909,2024-08-06 11:12:50,2024-08-06 07:12:50,46 km al SO de Mina Collahuasi,-21.038,-69.044,110.0,2.5,Ml
243913,2024-08-06 12:42:24,2024-08-06 08:42:24,51 km al SO de Ollagüe,-21.619,-68.506,131.0,2.6,Ml
243925,2024-08-06 15:15:52,2024-08-06 11:15:52,154 km al NO de Bahía Mansa,-39.645,-75.067,27.0,2.6,Ml
243923,2024-08-06 15:16:30,2024-08-06 11:16:30,37 km al SO de Mina Collahuasi,-21.015,-68.957,110.0,2.5,Ml
243924,2024-08-06 15:20:18,2024-08-06 11:20:18,40 km al S de Mina Collahuasi,-21.183,-68.683,114.0,2.9,Ml
243930,2024-08-06 17:26:41,2024-08-06 13:26:41,50 km al S de Socaire,-24.014,-67.737,245.0,3.3,Ml
243931,2024-08-06 17:53:11,2024-08-06 13:53:11,67 km al S de Ollagüe,-21.803,-68.426,142.0,2.5,Ml
243938,2024-08-06 18:44:32,2024-08-06 14:44:32,61 km al O de San Pedro de Atacama,-23.118,-68.754,107.0,3.0,Ml
243940,2024-08-06 18:48:06,2024-08-06 14:48:06,70 km al NE de Calama,-21.898,-68.654,131.0,3.5,Ml
243948,2024-08-06 19:37:52,2024-08-06 15:37:52,9 km al SE de Linares,-35.898,-71.526,93.0,3.0,Ml
243950,2024-08-06 19:43:19,2024-08-06 15:43:19,12 km al E de Santa Cruz,-34.665,-71.239,80.0,3.7,Ml
243956,2024-08-06 20:31:08,2024-08-06 16:31:08,23 km al NO de María Elena,-22.237,-69.854,83.0,3.8,Ml
243966,2024-08-06 21:45:14,2024-08-06 17:45:14,32 km al N de Sierra Gorda,-22.617,-69.239,84.0,3.1,Ml
243971,2024-08-06 23:08:27,2024-08-06 19:08:27,52 km al SO de Mina Collahuasi,-21.218,-68.933,108.0,3.0,Ml
243976,2024-08-06 23:53:13,2024-08-06 19:53:13,47 km al S de Tocopilla,-22.516,-70.235,50.0,2.9,Ml
243981,2024-08-07 02:19:44,2024-08-06 22:19:44,34 km al E de San Pedro de Atacama,-23.004,-67.876,135.0,2.5,Ml
243982,2024-08-07 03:01:24,2024-08-06 23:01:24,107 km al E de Socaire,-23.283,-66.897,218.0,2.7,Ml
243985,2024-08-07 04:15:44,2024-08-07 00:15:44,31 km al O de Caldera,-26.984,-71.124,41.0,4.6,Mw
243989,2024-08-07 04:31:04,2024-08-07 00:31:04,54 km al O de Ollagüe,-21.371,-68.75,125.0,3.6,Ml
243993,2024-08-07 05:16:43,2024-08-07 01:16:43,121 km al O de Tirúa,-38.411,-74.881,13.0,2.9,Ml
243994,2024-08-07 05:19:09,2024-08-07 01:19:09,64 km al SO de Mina Collahuasi,-21.313,-68.994,108.0,2.6,Ml
243999,2024-08-07 05:57:56,2024-08-07 01:57:56,37 km al O de Caldera,-26.998,-71.184,35.0,2.9,Ml
244001,2024-08-07 06:12:08,2024-08-07 02:12:08,46 km al SO de Mina Collahuasi,-21.191,-68.874,110.0,2.6,Ml
244004,2024-08-07 07:47:41,2024-08-07 03:47:41,73 km al SO de Ollagüe,-21.782,-68.626,122.0,3.0,Ml
244013,2024-08-07 12:55:26,2024-08-07 08:55:26,26 km al O de Mina Collahuasi,-20.773,-68.902,99.0,2.7,Ml
244014,2024-08-07 12:58:39,2024-08-07 08:58:39,27 km al NO de Las Cabras,-34.08,-71.438,51.0,2.6,Ml
244022,2024-08-07 16:41:16,2024-08-07 12:41:16,23 km al N de La Serena,-29.704,-71.317,50.0,4.1,Ml
244028,2024-08-07 18:08:20,2024-08-07 14:08:20,20 km al E de Linares,-35.768,-71.396,92.0,2.8,Ml
244044,2024-08-07 21:25:40,2024-08-07 17:25:40,35 km al SE de Carrizal Bajo,-28.218,-70.827,55.0,3.5,Ml
244047,2024-08-07 22:04:46,2024-08-07 18:04:46,56 km al SE de Camiña,-19.768,-69.196,98.0,3.1,Ml
244062,2024-08-08 01:31:54,2024-08-07 21:31:54,95 km al SO de Uyuni,-21.207,-67.271,241.0,5.1,Mw
244064,2024-08-08 01:39:19,2024-08-07 21:39:19,33 km al O de Caldera,-26.987,-71.146,34.0,4.2,Ml
244069,2024-08-08 03:28:14,2024-08-07 23:28:14,41 km al NE de Farellones,-33.03,-70.092,19.0,2.5,Ml
244082,2024-08-08 05:34:05,2024-08-08 01:34:05,31 km al SO de Pica,-20.634,-69.587,61.0,3.6,Ml
244088,2024-08-08 07:03:10,2024-08-08 03:03:10,38 km al SO de Mina Collahuasi,-21.142,-68.8,124.0,2.9,Ml
244091,2024-08-08 07:40:14,2024-08-08 03:40:14,30 km al O de Mina Collahuasi,-20.929,-68.928,95.0,2.5,Ml
244103,2024-08-08 08:24:54,2024-08-08 04:24:54,24 km al O de Patache,-20.79,-70.434,61.0,3.8,Ml
244113,2024-08-08 09:43:57,2024-08-08 05:43:57,55 km al SO de Ollagüe,-21.656,-68.514,132.0,2.7,Ml
244115,2024-08-08 09:51:29,2024-08-08 05:51:29,36 km al SE de Mina Los Pelambres,-32.128,-70.447,114.0,3.4,Ml
244119,2024-08-08 10:11:21,2024-08-08 06:11:21,46 km al N de Pica,-20.098,-69.194,93.0,2.8,Ml
244127,2024-08-08 11:12:52,2024-08-08 07:12:52,20 km al E de Taltal,-25.448,-70.287,69.0,3.5,Ml
244138,2024-08-08 16:47:50,2024-08-08 12:47:50,10 km al SO de Valparaíso,-33.096,-71.705,39.0,3.7,Ml
244143,2024-08-08 17:24:15,2024-08-08 13:24:15,52 km al SO de Mina Collahuasi,-21.088,-69.071,110.0,3.1,Ml
244176,2024-08-09 04:43:17,2024-08-09 00:43:17,134 km al NE de Socaire,-22.989,-66.748,220.0,3.1,Ml
244202,2024-08-09 10:57:43,2024-08-09 06:57:43,11 km al SE de Putre,-18.277,-69.498,110.0,3.3,Ml
244214,2024-08-09 14:10:18,2024-08-09 10:10:18,15 km al SE de Curicó,-35.101,-71.146,90.0,3.5,Ml
244219,2024-08-09 14:57:43,2024-08-09 10:57:43,10 km al N de Quillota,-32.793,-71.218,58.0,3.3,Ml
244223,2024-08-09 16:47:08,2024-08-09 12:47:08,87 km al E de Socaire,-23.382,-67.063,242.0,3.0,Ml
244224,2024-08-09 17:01:26,2024-08-09 13:01:26,23 km al NO de Mina Collahuasi,-20.728,-68.852,108.0,3.0,Ml
244233,2024-08-09 20:45:14,2024-08-09 16:45:14,27 km al SO de Pichidangui,-32.256,-71.774,24.0,3.3,Ml
244240,2024-08-09 23:23:56,2024-08-09 19:23:56,51 km al S de Calama,-22.913,-68.788,113.0,3.5,Ml
244247,2024-08-10 00:48:13,2024-08-09 20:48:13,25 km al E de Melipilla,-33.717,-70.947,73.0,3.6,Ml
244249,2024-08-10 00:51:59,2024-08-09 20:51:59,74 km al S de Socaire,-24.222,-67.669,244.0,3.3,Ml
244250,2024-08-10 00:59:58,2024-08-09 20:59:58,44 km al NE de Paihuano,-29.749,-70.197,97.0,2.5,Ml
244252,2024-08-10 01:14:11,2024-08-09 21:14:11,22 km al E de Concepción,-36.866,-72.802,37.0,3.6,Ml
244254,2024-08-10 01:23:40,2024-08-09 21:23:40,11 km al NE de Los Vilos,-31.865,-71.403,51.0,3.6,Ml
244259,2024-08-10 03:20:05,2024-08-09 23:20:05,0 km al SE de Farellones,-33.352,-70.311,116.0,3.1,Ml
244271,2024-08-10 05:30:46,2024-08-10 01:30:46,44 km al SE de Pica,-20.837,-69.135,108.0,2.9,Ml
244274,2024-08-10 05:30:53,2024-08-10 01:30:53,8 km al NO de Ovalle,-30.536,-71.244,58.0,3.2,Ml
244276,2024-08-10 05:36:57,2024-08-10 01:36:57,36 km al NE de Pica,-20.196,-69.193,97.0,2.7,Ml
244294,2024-08-10 09:46:41,2024-08-10 05:46:41,21 km al O de Linares,-35.921,-71.814,78.0,4.0,Ml
244297,2024-08-10 09:50:15,2024-08-10 05:50:15,99 km al SE de Socaire,-24.373,-67.434,210.0,4.2,Ml
244300,2024-08-10 10:04:45,2024-08-10 06:04:45,0 km al NO de Mina Los Pelambres,-31.821,-70.588,112.0,2.9,Ml
244306,2024-08-10 11:28:52,2024-08-10 07:28:52,16 km al E de Huasco,-28.452,-71.056,44.0,3.1,Ml
244308,2024-08-10 11:43:00,2024-08-10 07:43:00,16 km al SO de Parque Fray Jorge,-30.739,-71.829,40.0,3.2,Ml
244318,2024-08-10 14:04:45,2024-08-10 10:04:45,33 km al E de La Higuera,-29.634,-70.887,73.0,2.8,Ml
244328,2024-08-10 16:20:22,2024-08-10 12:20:22,38 km al SE de Calama,-22.718,-68.681,105.0,3.2,Ml
244329,2024-08-10 16:39:19,2024-08-10 12:39:19,42 km al SE de Pica,-20.824,-69.138,109.0,2.5,Ml
244370,2024-08-10 23:08:52,2024-08-10 19:08:52,24 km al SO de Huasco,-28.611,-71.399,31.0,3.2,Ml
244375,2024-08-11 01:09:06,2024-08-10 21:09:06,53 km al NE de Ollagüe,-20.799,-68.033,182.0,3.8,Ml
244405,2024-08-11 08:16:22,2024-08-11 04:16:22,71 km al NE de Pica,-19.995,-68.907,110.0,2.8,Ml
244415,2024-08-11 10:43:25,2024-08-11 06:43:25,129 km al O de Tirúa,-38.519,-74.956,18.0,3.1,Ml
244419,2024-08-11 11:43:01,2024-08-11 07:43:01,74 km al NE de Calama,-21.874,-68.616,121.0,2.8,Ml
244422,2024-08-11 12:14:27,2024-08-11 08:14:27,44 km al E de Combarbalá,-31.239,-70.54,124.0,3.4,Ml
244427,2024-08-11 12:59:50,2024-08-11 08:59:50,51 km al S de Mina Collahuasi,-21.264,-68.802,125.0,3.4,Ml
244430,2024-08-11 13:22:41,2024-08-11 09:22:41,149 km al NO de Constitución,-34.518,-73.715,15.0,2.7,Ml
244431,2024-08-11 13:25:27,2024-08-11 09:25:27,37 km al NO de Mina Collahuasi,-20.618,-68.93,104.0,3.1,Ml
244439,2024-08-11 14:53:23,2024-08-11 10:53:23,29 km al NO de Tongoy,-30.044,-71.674,34.0,2.6,Ml
244442,2024-08-11 14:55:41,2024-08-11 10:55:41,29 km al NO de Tongoy,-30.038,-71.659,30.0,3.3,Ml
244443,2024-08-11 15:02:32,2024-08-11 11:02:32,71 km al SE de Socaire,-24.034,-67.393,185.0,3.6,Ml
244444,2024-08-11 15:06:27,2024-08-11 11:06:27,24 km al SO de Camiña,-19.499,-69.548,85.0,2.5,Ml
244454,2024-08-11 16:21:16,2024-08-11 12:21:16,20 km al SE de Parque Fray Jorge,-30.772,-71.518,70.0,4.9,Mw
244460,2024-08-11 18:12:00,2024-08-11 14:12:00,71 km al N de Calama,-21.864,-68.714,116.0,2.5,Ml
244463,2024-08-11 18:24:32,2024-08-11 14:24:32,40 km al E de Pica,-20.593,-68.964,96.0,2.5,Ml
244470,2024-08-11 19:11:51,2024-08-11 15:11:51,18 km al E de María Elena,-22.287,-69.503,83.0,3.3,Ml
244472,2024-08-11 19:18:50,2024-08-11 15:18:50,66 km al N de Calama,-21.902,-68.749,122.0,2.8,Ml
244477,2024-08-11 20:28:19,2024-08-11 16:28:19,40 km al NE de Calama,-22.234,-68.638,123.0,3.0,Ml
244484,2024-08-11 21:01:29,2024-08-11 17:01:29,32 km al SE de La Ligua,-32.623,-70.955,76.0,3.1,Ml
244488,2024-08-11 21:31:00,2024-08-11 17:31:00,8 km al SE de Paposo,-25.061,-70.414,34.0,2.6,Ml
244494,2024-08-11 23:09:46,2024-08-11 19:09:46,121 km al NO de Pichilemu,-33.844,-73.144,28.0,2.7,Ml
244498,2024-08-11 23:41:49,2024-08-11 19:41:49,30 km al SO de Ollagüe,-21.41,-68.467,129.0,3.1,Ml
244500,2024-08-11 23:42:57,2024-08-11 19:42:57,48 km al NO de Tocopilla,-21.748,-70.486,30.0,3.7,Ml
244501,2024-08-11 23:46:05,2024-08-11 19:46:05,33 km al SO de Pichilemu,-34.54,-72.316,32.0,2.5,Ml
244504,2024-08-12 00:36:26,2024-08-11 20:36:26,16 km al O de Visviri,-17.572,-69.632,164.0,3.6,Ml
244512,2024-08-12 01:42:49,2024-08-11 21:42:49,139 km al NO de Cobquecura,-35.37,-74.014,24.0,2.9,Ml
244511,2024-08-12 01:43:33,2024-08-11 21:43:33,44 km al NE de Calama,-22.107,-68.766,126.0,2.6,Ml
244514,2024-08-12 02:41:17,2024-08-11 22:41:17,28 km al SE de San Pedro de Atacama,-23.091,-67.995,152.0,3.1,Ml
244516,2024-08-12 03:21:01,2024-08-11 23:21:01,55 km al E de Mina La Escondida,-24.162,-68.53,258.0,2.9,Ml
244515,2024-08-12 03:31:44,2024-08-11 23:31:44,13 km al S de Mina La Escondida,-24.38,-69.08,90.0,2.6,Ml
244520,2024-08-12 04:23:04,2024-08-12 00:23:04,57 km al E de Baquedano,-23.43,-69.294,93.0,3.4,Ml
244532,2024-08-12 09:25:55,2024-08-12 05:25:55,21 km al SO de San Pedro de Atacama,-23.049,-68.35,121.0,2.8,Ml
244536,2024-08-12 10:49:29,2024-08-12 06:49:29,38 km al N de Socaire,-23.251,-67.898,151.0,3.0,Ml
244538,2024-08-12 10:53:29,2024-08-12 06:53:29,42 km al SE de Copiapó,-27.58,-69.987,102.0,3.7,Ml
244541,2024-08-12 11:28:51,2024-08-12 07:28:51,26 km al SE de San Pedro de Atacama,-23.058,-67.998,167.0,3.6,Ml
244544,2024-08-12 11:56:49,2024-08-12 07:56:49,94 km al NE de Socaire,-23.242,-67.052,242.0,3.2,Ml
244546,2024-08-12 12:36:22,2024-08-12 08:36:22,14 km al S de Canela Baja,-31.528,-71.468,75.0,3.0,Ml
244549,2024-08-12 13:09:01,2024-08-12 09:09:01,43 km al SO de Ollagüe,-21.538,-68.49,138.0,3.3,Ml
244554,2024-08-12 15:20:43,2024-08-12 11:20:43,29 km al SO de Ollagüe,-21.441,-68.411,126.0,3.0,Ml
244563,2024-08-12 17:25:17,2024-08-12 13:25:17,66 km al SO de Ollagüe,-21.734,-68.576,126.0,2.7,Ml
244576,2024-08-12 19:34:14,2024-08-12 15:34:14,46 km al N de Punta de Choros,-28.837,-71.461,47.0,2.5,Ml
244577,2024-08-12 19:45:28,2024-08-12 15:45:28,15 km al E de Ollagüe,-21.214,-68.114,167.0,2.9,Ml
244598,2024-08-12 22:51:23,2024-08-12 18:51:23,88 km al SE de Socaire,-24.218,-67.362,211.0,3.0,Ml
244601,2024-08-12 23:06:40,2024-08-12 19:06:40,70 km al SE de Socaire,-24.086,-67.471,209.0,2.8,Ml
244602,2024-08-12 23:22:19,2024-08-12 19:22:19,97 km al NE de El Salvador,-25.463,-69.19,87.0,3.0,Ml
244607,2024-08-13 00:09:10,2024-08-12 20:09:10,29 km al O de Quintero,-32.667,-71.805,29.0,3.4,Ml
244610,2024-08-13 00:19:23,2024-08-12 20:19:23,72 km al SO de Ollagüe,-21.784,-68.604,117.0,2.7,Ml
244613,2024-08-13 00:19:49,2024-08-12 20:19:49,30 km al O de Valparaíso,-33.026,-71.936,35.0,2.6,Ml
244615,2024-08-13 00:25:12,2024-08-12 20:25:12,25 km al O de Quintero,-32.712,-71.778,16.0,2.5,Ml
244618,2024-08-13 00:48:34,2024-08-12 20:48:34,51 km al NE de Ollagüe,-20.842,-67.983,175.0,2.9,Ml
244623,2024-08-13 03:38:16,2024-08-12 23:38:16,80 km al SE de Socaire,-24.132,-67.375,224.0,3.5,Ml
244624,2024-08-13 03:51:09,2024-08-12 23:51:09,75 km al NO de San Antonio de los Cobres,-23.854,-66.938,230.0,3.2,Ml
244629,2024-08-13 06:01:25,2024-08-13 02:01:25,42 km al NO de Quintero,-32.504,-71.832,39.0,2.5,Ml
244632,2024-08-13 06:32:57,2024-08-13 02:32:57,103 km al NO de San Antonio de los Cobres,-23.464,-66.891,229.0,3.9,Ml
244637,2024-08-13 06:51:21,2024-08-13 02:51:21,40 km al S de Mina Collahuasi,-21.173,-68.763,124.0,3.5,Ml
244642,2024-08-13 10:25:13,2024-08-13 06:25:13,72 km al SO de Ollagüe,-21.812,-68.551,132.0,2.6,Ml
244646,2024-08-13 12:14:39,2024-08-13 08:14:39,19 km al O de Los Vilos,-31.966,-71.701,30.0,3.1,Ml
244647,2024-08-13 12:39:04,2024-08-13 08:39:04,53 km al SO de Ollagüe,-21.526,-68.649,118.0,4.0,Ml
244649,2024-08-13 13:27:25,2024-08-13 09:27:25,16 km al SE de Pica,-20.604,-69.229,94.0,2.7,Ml
244777,2024-08-13 15:33:46,2024-08-13 11:33:46,20 km al E de Valdivia,-39.835,-73.017,49.0,3.2,Ml
244654,2024-08-13 16:02:19,2024-08-13 12:02:19,19 km al SE de San Pedro de Atacama,-23.051,-68.08,174.0,2.8,Ml
244656,2024-08-13 16:40:04,2024-08-13 12:40:04,21 km al NE de Baquedano,-23.216,-69.682,56.0,2.5,Ml
244778,2024-08-13 16:50:45,2024-08-13 12:50:45,22 km al O de Valdivia,-39.756,-73.487,9.0,2.8,Ml
244658,2024-08-13 16:56:01,2024-08-13 12:56:01,56 km al E de Baquedano,-23.424,-69.303,86.0,3.4,Ml
244671,2024-08-13 20:04:01,2024-08-13 16:04:01,93 km al SE de Socaire,-24.195,-67.256,254.0,3.3,Ml
244677,2024-08-13 21:25:34,2024-08-13 17:25:34,81 km al SE de Socaire,-24.07,-67.285,246.0,3.2,Ml
244678,2024-08-13 21:47:47,2024-08-13 17:47:47,15 km al S de María Elena,-22.478,-69.706,45.0,3.5,Ml
244686,2024-08-13 23:22:23,2024-08-13 19:22:23,25 km al O de San Pedro de Atacama,-22.877,-68.437,116.0,3.3,Ml
244688,2024-08-13 23:31:25,2024-08-13 19:31:25,61 km al SO de Ollagüe,-21.706,-68.535,129.0,2.5,Ml
244691,2024-08-13 23:52:46,2024-08-13 19:52:46,32 km al SO de Taltal,-25.568,-70.748,48.0,2.8,Ml
244695,2024-08-14 00:15:26,2024-08-13 20:15:26,60 km al S de Copiapó,-27.893,-70.477,101.0,3.3,Ml
244710,2024-08-14 03:15:32,2024-08-13 23:15:32,93 km al O de San Antonio de los Cobres,-24.317,-67.227,203.0,2.9,Ml
244711,2024-08-14 03:34:05,2024-08-13 23:34:05,21 km al SO de Mina Collahuasi,-20.989,-68.769,105.0,2.9,Ml
244723,2024-08-14 07:16:21,2024-08-14 03:16:21,46 km al O de Paposo,-25.155,-70.893,39.0,2.6,Ml
244724,2024-08-14 07:23:03,2024-08-14 03:23:03,46 km al SO de Mina Collahuasi,-21.041,-69.031,117.0,2.5,Ml
244729,2024-08-14 08:45:26,2024-08-14 04:45:26,39 km al NO de Arauco,-36.981,-73.613,12.0,4.0,Ml
244734,2024-08-14 08:56:41,2024-08-14 04:56:41,26 km al O de Mina Collahuasi,-20.75,-68.896,93.0,2.7,Ml
244736,2024-08-14 09:02:51,2024-08-14 05:02:51,29 km al S de San Pedro de Atacama,-23.178,-68.224,174.0,2.6,Ml
244739,2024-08-14 09:07:48,2024-08-14 05:07:48,17 km al NO de Punitaqui,-30.706,-71.359,52.0,3.9,Ml
244742,2024-08-14 09:10:35,2024-08-14 05:10:35,39 km al NO de Arauco,-36.975,-73.594,22.0,3.7,Ml
244747,2024-08-14 09:46:00,2024-08-14 05:46:00,22 km al O de Mina Collahuasi,-20.835,-68.865,105.0,2.9,Ml
244749,2024-08-14 10:13:02,2024-08-14 06:13:02,38 km al NO de Arauco,-36.979,-73.588,17.0,2.9,Ml
244750,2024-08-14 11:28:41,2024-08-14 07:28:41,87 km al O de San Antonio de los Cobres,-24.158,-67.172,240.0,3.6,Ml
244752,2024-08-14 11:50:26,2024-08-14 07:50:26,31 km al SO de Temuco,-38.963,-72.799,52.0,2.9,Ml
244754,2024-08-14 11:51:10,2024-08-14 07:51:10,49 km al NO de Diego de Almagro,-25.988,-70.24,83.0,4.2,Ml
244757,2024-08-14 12:20:12,2024-08-14 08:20:12,37 km al SO de Mina Collahuasi,-20.981,-68.969,109.0,3.1,Ml
244759,2024-08-14 12:21:20,2024-08-14 08:21:20,38 km al O de Coronel,-36.942,-73.565,20.0,3.7,Ml
244762,2024-08-14 12:48:42,2024-08-14 08:48:42,29 km al SE de Putre,-18.339,-69.332,127.0,3.7,Ml
244764,2024-08-14 13:22:10,2024-08-14 09:22:10,66 km al S de Socaire,-24.179,-67.819,255.0,2.8,Ml
244765,2024-08-14 13:23:16,2024-08-14 09:23:16,37 km al NO de Visviri,-17.303,-69.646,170.0,3.4,Ml
244775,2024-08-14 15:45:52,2024-08-14 11:45:52,32 km al NO de Ollagüe,-21.105,-68.539,146.0,2.7,Ml
244780,2024-08-14 16:42:18,2024-08-14 12:42:18,74 km al SO de Ollagüe,-21.825,-68.563,130.0,2.9,Ml
244798,2024-08-14 18:48:50,2024-08-14 14:48:50,48 km al SO de Ollagüe,-21.606,-68.466,130.0,3.0,Ml
244804,2024-08-14 19:12:37,2024-08-14 15:12:37,21 km al NE de Socaire,-23.452,-67.753,157.0,3.4,Ml
244809,2024-08-14 19:33:19,2024-08-14 15:33:19,20 km al NE de Pica,-20.413,-69.152,94.0,2.5,Ml
244813,2024-08-14 20:12:50,2024-08-14 16:12:50,47 km al O de Ollagüe,-21.279,-68.701,112.0,3.2,Ml
244829,2024-08-14 22:51:09,2024-08-14 18:51:09,46 km al O de La Serena,-29.875,-71.729,55.0,3.5,Ml
244831,2024-08-14 23:18:41,2024-08-14 19:18:41,40 km al O de Navidad,-34.041,-72.256,31.0,2.5,Ml
244839,2024-08-15 00:31:35,2024-08-14 20:31:35,36 km al NE de Calama,-22.208,-68.721,125.0,2.6,Ml
244848,2024-08-15 01:45:53,2024-08-14 21:45:53,46 km al SO de Mina Collahuasi,-21.117,-68.977,119.0,2.5,Ml
244850,2024-08-15 01:57:13,2024-08-14 21:57:13,47 km al SO de Ollagüe,-21.558,-68.536,121.0,2.8,Ml
244859,2024-08-15 04:14:15,2024-08-15 00:14:15,70 km al SE de Socaire,-23.961,-67.331,228.0,3.6,Ml
244865,2024-08-15 05:18:40,2024-08-15 01:18:40,96 km al NE de El Salvador,-25.582,-69.007,122.0,3.8,Ml
244869,2024-08-15 06:37:16,2024-08-15 02:37:16,24 km al E de Los Andes,-32.75,-70.358,118.0,2.7,Ml
244874,2024-08-15 06:58:54,2024-08-15 02:58:54,15 km al SO de Ollagüe,-21.287,-68.382,129.0,3.2,Ml
244879,2024-08-15 08:15:23,2024-08-15 04:15:23,51 km al SO de Mina Collahuasi,-21.191,-68.949,119.0,2.6,Ml
244886,2024-08-15 09:29:27,2024-08-15 05:29:27,27 km al NE de Calama,-22.304,-68.734,100.0,2.6,Ml
244894,2024-08-15 11:07:22,2024-08-15 07:07:22,76 km al E de Alto del Carmen,-28.641,-69.721,119.0,3.3,Ml
244897,2024-08-15 11:12:31,2024-08-15 07:12:31,81 km al SE de Socaire,-24.049,-67.276,252.0,3.6,Ml
244899,2024-08-15 11:52:54,2024-08-15 07:52:54,63 km al NE de Calama,-21.955,-68.673,130.0,3.4,Ml
244900,2024-08-15 12:04:16,2024-08-15 08:04:16,48 km al SE de Socaire,-23.791,-67.478,218.0,3.3,Ml
244903,2024-08-15 12:38:06,2024-08-15 08:38:06,61 km al SE de Socaire,-23.908,-67.402,260.0,3.9,Ml
244906,2024-08-15 12:47:09,2024-08-15 08:47:09,35 km al S de Mina Collahuasi,-21.141,-68.621,133.0,2.8,Ml
244909,2024-08-15 13:38:13,2024-08-15 09:38:13,21 km al E de Diego de Almagro,-26.345,-69.84,96.0,3.0,Ml
244914,2024-08-15 15:28:49,2024-08-15 11:28:49,71 km al SE de Sierra Gorda,-23.319,-68.808,115.0,2.9,Ml
244916,2024-08-15 16:28:37,2024-08-15 12:28:37,69 km al O de Socaire,-23.478,-68.555,29.0,2.5,Ml
244919,2024-08-15 17:41:40,2024-08-15 13:41:40,25 km al E de Calama,-22.51,-68.687,108.0,2.6,Ml
244928,2024-08-15 18:24:26,2024-08-15 14:24:26,26 km al E de Casablanca,-33.297,-71.132,70.0,3.0,Ml
244936,2024-08-15 19:07:14,2024-08-15 15:07:14,42 km al SE de San Pedro de Atacama,-23.187,-67.916,148.0,3.7,Ml
244940,2024-08-15 19:57:23,2024-08-15 15:57:23,44 km al O de Socaire,-23.447,-68.29,139.0,2.9,Ml
244946,2024-08-15 21:25:52,2024-08-15 17:25:52,37 km al O de Parque Fray Jorge,-30.727,-72.064,24.0,3.2,Ml
244951,2024-08-15 21:45:35,2024-08-15 17:45:35,31 km al SO de Ollagüe,-21.343,-68.529,136.0,2.8,Ml
244955,2024-08-15 22:24:08,2024-08-15 18:24:08,51 km al N de Carrizal Bajo,-27.639,-71.281,47.0,2.9,Ml
244964,2024-08-15 23:47:00,2024-08-15 19:47:00,22 km al S de Camiña,-19.502,-69.375,95.0,2.8,Ml
244971,2024-08-16 01:07:18,2024-08-15 21:07:18,25 km al NO de Taltal,-25.273,-70.679,50.0,3.7,Ml
244976,2024-08-16 02:13:11,2024-08-15 22:13:11,23 km al O de Ollagüe,-21.258,-68.476,134.0,3.6,Ml
244987,2024-08-16 03:40:38,2024-08-15 23:40:38,41 km al E de Pica,-20.351,-68.964,131.0,3.8,Ml
244990,2024-08-16 04:22:16,2024-08-16 00:22:16,49 km al N de Tocopilla,-21.66,-70.12,54.0,3.9,Ml
244993,2024-08-16 04:31:09,2024-08-16 00:31:09,28 km al NO de Quintero,-32.589,-71.723,37.0,2.8,Ml
244996,2024-08-16 05:41:56,2024-08-16 01:41:56,45 km al SO de Ollagüe,-21.573,-68.479,120.0,2.7,Ml
245011,2024-08-16 11:10:38,2024-08-16 07:10:38,63 km al NE de Mina La Escondida,-23.921,-68.567,120.0,2.8,Ml
245019,2024-08-16 13:51:35,2024-08-16 09:51:35,59 km al SE de Socaire,-24.014,-67.54,242.0,2.9,Ml
245022,2024-08-16 15:03:18,2024-08-16 11:03:18,27 km al N de Camiña,-19.069,-69.446,93.0,2.7,Ml
245024,2024-08-16 15:31:12,2024-08-16 11:31:12,78 km al O de San Antonio de los Cobres,-24.044,-67.063,202.0,3.5,Ml
245026,2024-08-16 15:33:32,2024-08-16 11:33:32,69 km al SO de Ollagüe,-21.801,-68.504,123.0,3.5,Ml
245033,2024-08-16 16:39:41,2024-08-16 12:39:41,130 km al O de Pichilemu,-34.412,-73.429,22.0,3.3,Ml
245035,2024-08-16 16:58:35,2024-08-16 12:58:35,38 km al O de Socaire,-23.715,-68.241,140.0,2.7,Ml
245046,2024-08-16 19:10:15,2024-08-16 15:10:15,67 km al S de Socaire,-24.183,-67.777,236.0,3.1,Ml
245054,2024-08-16 19:54:14,2024-08-16 15:54:14,4 km al E de Parque Fray Jorge,-30.66,-71.641,32.0,3.0,Ml
245058,2024-08-16 19:54:43,2024-08-16 15:54:43,9 km al E de Parque Fray Jorge,-30.646,-71.595,29.0,2.7,Ml
245061,2024-08-16 20:32:03,2024-08-16 16:32:03,79 km al SE de Socaire,-24.095,-67.341,237.0,3.3,Ml
245066,2024-08-16 21:40:34,2024-08-16 17:40:34,33 km al NE de Calama,-22.271,-68.695,106.0,2.9,Ml
245069,2024-08-16 22:17:09,2024-08-16 18:17:09,16 km al NO de Pisagua,-19.512,-70.336,63.0,2.8,Ml
245072,2024-08-16 23:40:05,2024-08-16 19:40:05,48 km al SO de Mina Collahuasi,-21.093,-69.019,123.0,2.6,Ml
245074,2024-08-17 00:02:34,2024-08-16 20:02:34,32 km al SE de San Pedro de Atacama,-23.093,-67.955,140.0,4.2,Ml
245078,2024-08-17 00:26:11,2024-08-16 20:26:11,104 km al NE de Paihuano,-29.503,-69.63,140.0,3.5,Ml
245080,2024-08-17 01:37:27,2024-08-16 21:37:27,28 km al NE de Caleta El Cobre,-24.067,-70.337,55.0,2.7,Ml
245083,2024-08-17 02:56:00,2024-08-16 22:56:00,69 km al SO de Ollagüe,-21.687,-68.694,120.0,2.6,Ml
245089,2024-08-17 04:34:02,2024-08-17 00:34:02,39 km al SO de Punta de Choros,-29.465,-71.788,36.0,3.1,Ml
245090,2024-08-17 04:35:49,2024-08-17 00:35:49,43 km al SO de Mina Collahuasi,-21.033,-69.011,111.0,2.7,Ml
245092,2024-08-17 04:46:32,2024-08-17 00:46:32,38 km al SO de Punta de Choros,-29.478,-71.764,35.0,2.7,Ml
245094,2024-08-17 04:49:46,2024-08-17 00:49:46,51 km al SO de Mina Collahuasi,-21.121,-69.037,107.0,3.0,Ml
245095,2024-08-17 04:50:18,2024-08-17 00:50:18,46 km al SO de San Pedro de Atacama,-23.274,-68.439,118.0,3.1,Ml
245104,2024-08-17 05:51:19,2024-08-17 01:51:19,44 km al NO de Tocopilla,-21.737,-70.389,25.0,3.0,Ml
245109,2024-08-17 06:15:54,2024-08-17 02:15:54,87 km al NO de San Antonio de los Cobres,-23.805,-67.04,230.0,3.6,Ml
245110,2024-08-17 06:24:01,2024-08-17 02:24:01,28 km al SE de San Pedro de Atacama,-23.027,-67.953,166.0,2.9,Ml
245112,2024-08-17 06:35:35,2024-08-17 02:35:35,61 km al NE de Pica,-19.988,-69.107,98.0,3.0,Ml
245119,2024-08-17 07:25:49,2024-08-17 03:25:49,9 km al NO de Mejillones,-23.059,-70.522,43.0,2.5,Ml
245131,2024-08-17 09:53:51,2024-08-17 05:53:51,2 km al SO de Pisagua,-19.616,-70.227,38.0,2.5,Ml
245133,2024-08-17 10:22:30,2024-08-17 06:22:30,59 km al O de San Pedro de Atacama,-23.117,-68.731,103.0,2.9,Ml
245136,2024-08-17 10:47:28,2024-08-17 06:47:28,23 km al NE de Huasco,-28.375,-71.014,63.0,3.4,Ml
245140,2024-08-17 11:24:49,2024-08-17 07:24:49,19 km al NO de Pica,-20.336,-69.413,99.0,3.0,Ml
245142,2024-08-17 11:36:24,2024-08-17 07:36:24,74 km al O de Arica,-18.421,-71.025,41.0,4.0,Ml
245150,2024-08-17 13:23:00,2024-08-17 09:23:00,42 km al N de Pica,-20.114,-69.271,85.0,2.8,Ml
245153,2024-08-17 13:56:46,2024-08-17 09:56:46,21 km al S de Visviri,-17.77,-69.414,139.0,2.9,Ml
245186,2024-08-17 22:04:52,2024-08-17 18:04:52,52 km al SO de Mina Collahuasi,-21.237,-68.903,105.0,2.5,Ml
245193,2024-08-17 23:37:47,2024-08-17 19:37:47,48 km al S de Mina La Escondida,-24.687,-69.157,90.0,2.6,Ml
245198,2024-08-18 00:36:06,2024-08-17 20:36:06,32 km al S de Mina Collahuasi,-21.112,-68.62,130.0,3.2,Ml
245202,2024-08-18 01:10:31,2024-08-17 21:10:31,31 km al NE de Calama,-22.238,-68.769,115.0,2.7,Ml
245205,2024-08-18 01:44:39,2024-08-17 21:44:39,50 km al NO de Camiña,-18.898,-69.62,96.0,4.6,Mw
245208,2024-08-18 02:28:14,2024-08-17 22:28:14,52 km al E de Socaire,-23.564,-67.379,288.0,3.1,Ml
245216,2024-08-18 04:26:32,2024-08-18 00:26:32,125 km al NO de Isla Guamblin,-44.04,-76.169,8.0,3.2,Ml
245218,2024-08-18 05:57:02,2024-08-18 01:57:02,80 km al O de Lebu,-37.428,-74.539,22.0,3.2,Ml
245227,2024-08-18 07:03:09,2024-08-18 03:03:09,65 km al SO de Ollagüe,-21.712,-68.601,124.0,2.8,Ml
245228,2024-08-18 07:07:50,2024-08-18 03:07:50,30 km al S de Mina Collahuasi,-21.094,-68.614,126.0,2.5,Ml
245232,2024-08-18 07:33:47,2024-08-18 03:33:47,29 km al SE de San Pedro de Atacama,-23.049,-67.954,142.0,3.4,Ml
245234,2024-08-18 08:06:39,2024-08-18 04:06:39,74 km al SO de Ollagüe,-21.793,-68.633,112.0,2.9,Ml
245241,2024-08-18 10:56:25,2024-08-18 06:56:25,65 km al SE de Socaire,-24.124,-67.626,248.0,2.8,Ml
245246,2024-08-18 11:05:06,2024-08-18 07:05:06,22 km al SE de Salamanca,-31.958,-70.855,92.0,2.7,Ml
245262,2024-08-18 13:22:24,2024-08-18 09:22:24,27 km al NE de Vichuquén,-34.723,-71.771,40.0,3.0,Ml
245266,2024-08-18 13:32:08,2024-08-18 09:32:08,69 km al SO de Ollagüe,-21.738,-68.628,112.0,2.8,Ml
245269,2024-08-18 14:07:22,2024-08-18 10:07:22,50 km al SO de Taltal,-25.783,-70.765,44.0,4.1,Ml
245271,2024-08-18 14:18:41,2024-08-18 10:18:41,49 km al O de Quillagua,-21.621,-70.007,76.0,3.5,Ml
245280,2024-08-18 16:19:40,2024-08-18 12:19:40,42 km al SO de Huasco,-28.793,-71.438,15.0,2.6,Ml
245287,2024-08-18 18:09:55,2024-08-18 14:09:55,50 km al NE de Calama,-22.102,-68.656,120.0,2.6,Ml
245316,2024-08-18 23:15:18,2024-08-18 19:15:18,31 km al SE de Calama,-22.669,-68.725,95.0,2.5,Ml
245318,2024-08-18 23:31:58,2024-08-18 19:31:58,75 km al NO de Lebu,-37.068,-74.167,24.0,5.4,Mw
245326,2024-08-19 01:20:52,2024-08-18 21:20:52,33 km al NO de Mina La Escondida,-24.003,-69.189,94.0,3.0,Ml
245329,2024-08-19 02:15:53,2024-08-18 22:15:53,16 km al NE de Calama,-22.344,-68.854,119.0,2.5,Ml
245330,2024-08-19 02:16:40,2024-08-18 22:16:40,46 km al SE de Socaire,-23.928,-67.628,211.0,3.0,Ml
245332,2024-08-19 03:09:39,2024-08-18 23:09:39,15 km al E de Calama,-22.485,-68.782,114.0,2.8,Ml
245339,2024-08-19 05:58:22,2024-08-19 01:58:22,84 km al S de Ilo,-18.401,-71.406,28.0,2.8,Ml
245345,2024-08-19 07:59:21,2024-08-19 03:59:21,45 km al SE de Mina Los Pelambres,-32.185,-70.379,113.0,2.9,Ml
245363,2024-08-19 12:26:46,2024-08-19 08:26:46,18 km al NE de Pica,-20.363,-69.225,109.0,3.5,Ml
245370,2024-08-19 13:47:08,2024-08-19 09:47:08,58 km al NO de San Antonio de los Cobres,-23.989,-66.826,192.0,3.2,Ml
245376,2024-08-19 15:08:05,2024-08-19 11:08:05,27 km al E de Pica,-20.554,-69.082,100.0,2.5,Ml
245382,2024-08-19 15:52:59,2024-08-19 11:52:59,48 km al SO de Mina Collahuasi,-21.216,-68.865,121.0,3.3,Ml
245386,2024-08-19 17:36:34,2024-08-19 13:36:34,68 km al O de San Antonio de los Cobres,-24.115,-66.982,208.0,3.8,Ml
245396,2024-08-19 18:38:22,2024-08-19 14:38:22,32 km al SE de Pica,-20.742,-69.19,110.0,2.9,Ml
245402,2024-08-19 19:18:08,2024-08-19 15:18:08,41 km al E de Ollagüe,-21.232,-67.858,180.0,2.9,Ml
245404,2024-08-19 19:44:56,2024-08-19 15:44:56,39 km al SO de Mina Collahuasi,-21.125,-68.856,117.0,3.0,Ml
245406,2024-08-19 20:49:33,2024-08-19 16:49:33,56 km al E de Pica,-20.29,-68.842,108.0,3.3,Ml
245418,2024-08-19 23:13:28,2024-08-19 19:13:28,12 km al E de Parque Fray Jorge,-30.685,-71.557,34.0,3.5,Ml
245421,2024-08-19 23:24:49,2024-08-19 19:24:49,61 km al N de Calama,-21.933,-68.804,117.0,2.8,Ml
245423,2024-08-20 00:02:03,2024-08-19 20:02:03,26 km al O de Parque Fray Jorge,-30.729,-71.938,28.0,2.8,Ml
245426,2024-08-20 00:55:29,2024-08-19 20:55:29,18 km al S de Pozo Almonte,-20.418,-69.788,52.0,2.5,Ml
245427,2024-08-20 01:20:42,2024-08-19 21:20:42,13 km al SE de El Salvador,-26.305,-69.518,112.0,2.5,Ml
245428,2024-08-20 01:22:19,2024-08-19 21:22:19,115 km al NO de Carrizal Bajo,-27.346,-71.967,31.0,2.7,Ml
245430,2024-08-20 01:30:29,2024-08-19 21:30:29,27 km al N de El Salvador,-26.005,-69.673,14.0,3.3,Ml
245434,2024-08-20 02:47:16,2024-08-19 22:47:16,37 km al SE de Camiña,-19.575,-69.207,98.0,2.6,Ml
245436,2024-08-20 03:48:25,2024-08-19 23:48:25,25 km al E de Vallenar,-28.51,-70.516,98.0,2.9,Ml
245453,2024-08-20 08:22:14,2024-08-20 04:22:14,60 km al S de Socaire,-24.099,-67.705,245.0,2.7,Ml
245458,2024-08-20 09:16:27,2024-08-20 05:16:27,16 km al O de Andacollo,-30.255,-71.248,66.0,2.8,Ml
245459,2024-08-20 09:24:49,2024-08-20 05:24:49,84 km al E de Socaire,-23.87,-67.124,226.0,2.7,Ml
245460,2024-08-20 09:49:17,2024-08-20 05:49:17,52 km al S de Putre,-18.642,-69.713,94.0,2.6,Ml
245461,2024-08-20 09:50:03,2024-08-20 05:50:03,22 km al SO de Tongoy,-30.442,-71.581,37.0,3.5,Ml
245468,2024-08-20 10:58:30,2024-08-20 06:58:30,43 km al SO de Huasco,-28.808,-71.428,38.0,3.6,Ml
245474,2024-08-20 11:26:00,2024-08-20 07:26:00,88 km al O de San Antonio de los Cobres,-24.122,-67.184,219.0,3.9,Ml
245475,2024-08-20 11:36:49,2024-08-20 07:36:49,50 km al E de Socaire,-23.768,-67.437,231.0,3.0,Ml
245480,2024-08-20 12:54:41,2024-08-20 08:54:41,27 km al S de Calama,-22.71,-68.988,100.0,3.0,Ml
245484,2024-08-20 16:33:07,2024-08-20 12:33:07,31 km al S de Curicó,-35.261,-71.298,91.0,3.2,Ml
245486,2024-08-20 17:05:55,2024-08-20 13:05:55,75 km al SO de Ollagüe,-21.834,-68.557,130.0,3.4,Ml
245492,2024-08-20 18:34:40,2024-08-20 14:34:40,20 km al E de Rancagua,-34.157,-70.521,115.0,2.7,Ml
245505,2024-08-20 21:25:08,2024-08-20 17:25:08,59 km al NE de Ollagüe,-20.745,-68.011,175.0,3.2,Ml
245508,2024-08-20 22:46:36,2024-08-20 18:46:36,45 km al SO de Mina Collahuasi,-21.126,-68.943,112.0,2.5,Ml
245517,2024-08-21 00:25:49,2024-08-20 20:25:49,56 km al O de Ollagüe,-21.315,-68.782,111.0,2.9,Ml
245520,2024-08-21 00:53:33,2024-08-20 20:53:33,30 km al S de Sierra Gorda,-23.157,-69.266,91.0,3.2,Ml
245522,2024-08-21 01:25:23,2024-08-20 21:25:23,20 km al NO de Andacollo,-30.102,-71.227,62.0,2.5,Ml
245525,2024-08-21 01:37:42,2024-08-20 21:37:42,37 km al SO de Ollagüe,-21.49,-68.469,129.0,2.8,Ml
245528,2024-08-21 02:22:02,2024-08-20 22:22:02,64 km al SE de Socaire,-24.103,-67.609,232.0,3.6,Ml
245532,2024-08-21 02:49:38,2024-08-20 22:49:38,23 km al SO de Pozo Almonte,-20.434,-69.901,69.0,2.5,Ml
245534,2024-08-21 03:13:31,2024-08-20 23:13:31,134 km al SE de Copiapó,-27.989,-69.166,111.0,2.8,Ml
245544,2024-08-21 06:55:19,2024-08-21 02:55:19,214 km al S de Uyuni,-22.266,-66.102,263.0,5.5,Mww
245554,2024-08-21 09:14:23,2024-08-21 05:14:23,38 km al E de Pisagua,-19.571,-69.856,70.0,3.8,Ml
245555,2024-08-21 09:18:19,2024-08-21 05:18:19,35 km al NE de Punta de Choros,-28.965,-71.317,50.0,3.0,Ml
245561,2024-08-21 10:18:52,2024-08-21 06:18:52,15 km al SO de Copiapó,-27.468,-70.438,83.0,3.3,Ml
245564,2024-08-21 14:02:09,2024-08-21 10:02:09,57 km al SO de San Pedro de Atacama,-23.263,-68.613,109.0,3.2,Ml
245572,2024-08-21 15:27:57,2024-08-21 11:27:57,73 km al NE de Calama,-21.887,-68.606,129.0,2.7,Ml
245573,2024-08-21 15:33:05,2024-08-21 11:33:05,51 km al NO de Toltén,-38.89,-73.62,35.0,3.3,Ml
245582,2024-08-21 17:35:37,2024-08-21 13:35:37,16 km al NO de Visviri,-17.504,-69.597,187.0,3.3,Ml
245584,2024-08-21 17:50:28,2024-08-21 13:50:28,69 km al S de Patache,-21.423,-70.294,38.0,2.7,Ml
245590,2024-08-21 18:33:02,2024-08-21 14:33:02,25 km al O de San Pedro de Atacama,-22.908,-68.446,130.0,2.5,Ml
245594,2024-08-21 19:21:20,2024-08-21 15:21:20,96 km al O de Caldera,-27.26,-71.77,12.0,3.2,Ml
245599,2024-08-21 19:59:43,2024-08-21 15:59:43,45 km al SE de Socaire,-23.97,-67.731,269.0,2.6,Ml
245614,2024-08-22 00:12:51,2024-08-21 20:12:51,73 km al S de Socaire,-24.244,-67.795,223.0,3.1,Ml
245625,2024-08-22 02:24:54,2024-08-21 22:24:54,250 km al NO de Bahía Mansa,-39.456,-76.266,8.0,3.5,Ml
245626,2024-08-22 02:31:46,2024-08-21 22:31:46,31 km al NO de Mina Collahuasi,-20.699,-68.919,97.0,2.8,Ml
245629,2024-08-22 04:12:17,2024-08-22 00:12:17,37 km al S de Tocopilla,-22.423,-70.261,26.0,2.6,Ml
245631,2024-08-22 04:52:17,2024-08-22 00:52:17,65 km al S de Socaire,-24.174,-67.817,232.0,2.9,Ml
245633,2024-08-22 05:21:46,2024-08-22 01:21:46,67 km al E de Socaire,-23.782,-67.271,220.0,3.4,Ml
245635,2024-08-22 05:26:17,2024-08-22 01:26:17,35 km al S de Patache,-21.125,-70.188,36.0,3.3,Ml
245636,2024-08-22 05:48:15,2024-08-22 01:48:15,32 km al O de Ollagüe,-21.292,-68.554,132.0,2.6,Ml
245637,2024-08-22 05:54:07,2024-08-22 01:54:07,82 km al SE de Socaire,-23.954,-67.192,201.0,3.2,Ml
245644,2024-08-22 06:51:54,2024-08-22 02:51:54,48 km al NE de Pica,-20.103,-69.127,106.0,2.6,Ml
245648,2024-08-22 07:58:54,2024-08-22 03:58:54,23 km al SE de Calama,-22.559,-68.732,108.0,3.0,Ml
245651,2024-08-22 09:07:52,2024-08-22 05:07:52,93 km al O de San Antonio de los Cobres,-24.171,-67.232,225.0,3.2,Ml
245658,2024-08-22 10:42:24,2024-08-22 06:42:24,59 km al NE de Calama,-22.003,-68.652,121.0,2.7,Ml
245661,2024-08-22 11:28:33,2024-08-22 07:28:33,26 km al E de Rancagua,-34.163,-70.449,24.0,2.6,Ml
245663,2024-08-22 11:35:40,2024-08-22 07:35:40,71 km al NE de Pica,-19.911,-69.04,103.0,2.6,Ml
245664,2024-08-22 11:41:28,2024-08-22 07:41:28,74 km al NO de Tongoy,-29.887,-72.137,35.0,2.5,Ml
245665,2024-08-22 11:59:58,2024-08-22 07:59:58,67 km al SE de Socaire,-24.03,-67.435,203.0,2.7,Ml
245666,2024-08-22 12:04:23,2024-08-22 08:04:23,106 km al SE de Socaire,-24.412,-67.357,184.0,3.0,Ml
245670,2024-08-22 12:55:33,2024-08-22 08:55:33,43 km al SO de Antofagasta,-23.846,-70.75,67.0,2.8,Ml
245671,2024-08-22 13:05:01,2024-08-22 09:05:01,44 km al NO de Mina Collahuasi,-20.467,-68.842,105.0,2.6,Ml
245673,2024-08-22 13:27:27,2024-08-22 09:27:27,17 km al O de Ovalle,-30.61,-71.38,54.0,2.9,Ml
245674,2024-08-22 14:28:40,2024-08-22 10:28:40,8 km al SO de Los Ángeles,-37.522,-72.41,55.0,3.1,Ml
245682,2024-08-22 16:18:41,2024-08-22 12:18:41,68 km al E de Socaire,-23.778,-67.257,161.0,3.3,Ml
245686,2024-08-22 17:06:08,2024-08-22 13:06:08,57 km al N de San Pedro de Atacama,-22.423,-68.078,182.0,3.1,Ml
245692,2024-08-22 18:53:18,2024-08-22 14:53:18,19 km al E de Andacollo,-30.285,-70.903,84.0,2.8,Ml
245694,2024-08-22 18:57:50,2024-08-22 14:57:50,71 km al SE de Socaire,-23.908,-67.283,235.0,3.6,Ml
245696,2024-08-22 19:11:48,2024-08-22 15:11:48,85 km al NE de San Pedro de Atacama,-22.232,-67.843,208.0,3.3,Ml
245701,2024-08-22 19:27:48,2024-08-22 15:27:48,25 km al SE de Pichilemu,-34.559,-71.839,10.0,2.6,Ml
245702,2024-08-22 19:39:43,2024-08-22 15:39:43,37 km al NE de Calama,-22.209,-68.702,118.0,2.6,Ml
245704,2024-08-22 20:10:15,2024-08-22 16:10:15,47 km al NO de Chañaral,-25.975,-70.849,34.0,3.0,Ml
245706,2024-08-22 20:18:30,2024-08-22 16:18:30,44 km al NE de Calama,-22.119,-68.741,117.0,2.9,Ml
245707,2024-08-22 20:55:04,2024-08-22 16:55:04,31 km al O de Iquique,-20.321,-70.432,40.0,2.6,Ml
245709,2024-08-22 21:30:56,2024-08-22 17:30:56,27 km al S de Mina Collahuasi,-21.065,-68.711,148.0,2.7,Ml
245723,2024-08-23 00:35:13,2024-08-22 20:35:13,36 km al NE de Pica,-20.249,-69.095,93.0,4.0,Ml
245726,2024-08-23 01:26:39,2024-08-22 21:26:39,32 km al SE de Calama,-22.655,-68.687,117.0,2.8,Ml
245732,2024-08-23 01:54:51,2024-08-22 21:54:51,33 km al NE de Illapel,-31.473,-70.873,105.0,4.0,Ml
245738,2024-08-23 02:22:09,2024-08-22 22:22:09,57 km al SO de San Pedro de Atacama,-23.329,-68.537,115.0,3.1,Ml
245741,2024-08-23 04:02:50,2024-08-23 00:02:50,65 km al N de Calama,-21.917,-68.72,117.0,2.9,Ml
245745,2024-08-23 04:40:12,2024-08-23 00:40:12,26 km al NO de Quintero,-32.567,-71.66,20.0,3.1,Ml
245751,2024-08-23 04:53:48,2024-08-23 00:53:48,27 km al NO de Quintero,-32.575,-71.691,38.0,2.9,Ml
245774,2024-08-23 06:16:05,2024-08-23 02:16:05,107 km al SE de Ollagüe,-21.865,-67.486,219.0,3.9,Ml
245778,2024-08-23 06:18:25,2024-08-23 02:18:25,56 km al SO de Ollagüe,-21.497,-68.714,120.0,3.1,Ml
245780,2024-08-23 06:30:41,2024-08-23 02:30:41,46 km al NE de San Pedro de Atacama,-22.555,-67.982,183.0,3.6,Ml
245784,2024-08-23 07:45:17,2024-08-23 03:45:17,81 km al N de San Antonio de los Cobres,-23.516,-66.512,266.0,3.5,Ml
245787,2024-08-23 07:57:34,2024-08-23 03:57:34,64 km al SE de Baquedano,-23.666,-69.334,80.0,2.5,Ml
245790,2024-08-23 08:30:15,2024-08-23 04:30:15,2 km al NE de Copiapó,-27.36,-70.318,93.0,2.9,Ml
245791,2024-08-23 08:47:11,2024-08-23 04:47:11,33 km al SO de Visviri,-17.859,-69.629,105.0,2.9,Ml
245794,2024-08-23 09:05:03,2024-08-23 05:05:03,23 km al S de Parque Fray Jorge,-30.872,-71.689,26.0,2.9,Ml
245797,2024-08-23 09:14:38,2024-08-23 05:14:38,27 km al S de Parque Fray Jorge,-30.902,-71.69,34.0,2.7,Ml
245798,2024-08-23 09:24:35,2024-08-23 05:24:35,24 km al S de Parque Fray Jorge,-30.882,-71.675,31.0,3.6,Ml
245803,2024-08-23 10:10:46,2024-08-23 06:10:46,44 km al NE de Calama,-22.137,-68.703,115.0,2.5,Ml
245807,2024-08-23 11:07:23,2024-08-23 07:07:23,119 km al SE de Ollagüe,-22.006,-67.472,219.0,2.5,Ml
245808,2024-08-23 11:43:58,2024-08-23 07:43:58,46 km al E de Mina Los Pelambres,-31.878,-70.099,160.0,2.9,Ml
245811,2024-08-23 12:35:20,2024-08-23 08:35:20,49 km al S de Socaire,-24.01,-67.745,268.0,2.6,Ml
245820,2024-08-23 14:18:43,2024-08-23 10:18:43,71 km al SO de Ollagüe,-21.774,-68.605,114.0,3.4,Ml
245832,2024-08-23 16:43:30,2024-08-23 12:43:30,39 km al NO de Mina Collahuasi,-20.637,-68.978,103.0,2.8,Ml
245834,2024-08-23 17:02:38,2024-08-23 13:02:38,66 km al SO de Ollagüe,-21.677,-68.666,119.0,2.8,Ml
245838,2024-08-23 17:33:59,2024-08-23 13:33:59,42 km al E de Los Andes,-32.945,-70.168,115.0,3.1,Ml
245847,2024-08-23 19:16:55,2024-08-23 15:16:55,27 km al NE de Putre,-18.066,-69.343,131.0,3.4,Ml
245852,2024-08-23 19:40:54,2024-08-23 15:40:54,9 km al S de San Pedro de Atacama,-22.997,-68.177,145.0,3.7,Ml
245864,2024-08-23 23:45:41,2024-08-23 19:45:41,59 km al SE de Baquedano,-23.827,-69.631,79.0,3.4,Ml
245865,2024-08-24 00:02:39,2024-08-23 20:02:39,39 km al O de Arica,-18.615,-70.664,28.0,2.8,Ml
245869,2024-08-24 00:44:19,2024-08-23 20:44:19,60 km al N de Calama,-21.944,-68.813,121.0,2.8,Ml
245882,2024-08-24 03:26:28,2024-08-23 23:26:28,136 km al SE de Copiapó,-27.931,-69.113,118.0,2.8,Ml
245886,2024-08-24 04:41:28,2024-08-24 00:41:28,19 km al O de Quintero,-32.768,-71.728,38.0,2.7,Ml
245890,2024-08-24 05:11:29,2024-08-24 01:11:29,18 km al SE de Camiña,-19.415,-69.297,98.0,3.1,Ml
245899,2024-08-24 07:56:32,2024-08-24 03:56:32,53 km al SO de Ollagüe,-21.419,-68.722,113.0,2.7,Ml
245901,2024-08-24 08:09:15,2024-08-24 04:09:15,32 km al SE de Mina Los Pelambres,-31.991,-70.31,136.0,3.1,Ml
245925,2024-08-24 12:28:39,2024-08-24 08:28:39,40 km al SO de Mina Collahuasi,-21.035,-68.971,110.0,2.8,Ml
245937,2024-08-24 15:11:30,2024-08-24 11:11:30,78 km al S de Socaire,-24.269,-67.682,197.0,3.9,Ml
245941,2024-08-24 17:40:12,2024-08-24 13:40:12,32 km al O de Cuya,-19.156,-70.486,51.0,2.9,Ml
245977,2024-08-25 00:22:30,2024-08-24 20:22:30,44 km al O de Sierra Gorda,-22.942,-69.75,69.0,3.9,Ml
245981,2024-08-25 01:19:58,2024-08-24 21:19:58,28 km al E de Los Andes,-32.778,-70.302,117.0,3.3,Ml
245988,2024-08-25 02:56:06,2024-08-24 22:56:06,108 km al S de Mina La Escondida,-25.201,-68.765,80.0,3.0,Ml
245987,2024-08-25 02:56:07,2024-08-24 22:56:07,21 km al SE de La Ligua,-32.615,-71.128,59.0,3.7,Ml
246011,2024-08-25 07:47:31,2024-08-25 03:47:31,22 km al O de El Salvador,-26.202,-69.843,43.0,3.0,Ml
246018,2024-08-25 09:29:06,2024-08-25 05:29:06,61 km al E de Alto del Carmen,-28.657,-69.877,115.0,3.1,Ml
246024,2024-08-25 11:08:58,2024-08-25 07:08:58,41 km al NE de Calama,-22.171,-68.692,107.0,2.5,Ml
246027,2024-08-25 11:21:18,2024-08-25 07:21:18,21 km al N de Ollagüe,-21.042,-68.213,148.0,3.0,Ml
246029,2024-08-25 11:27:55,2024-08-25 07:27:55,28 km al NE de Los Andes,-32.719,-70.33,123.0,2.7,Ml
246031,2024-08-25 11:44:53,2024-08-25 07:44:53,45 km al SO de Ollagüe,-21.399,-68.648,112.0,2.8,Ml
246035,2024-08-25 12:21:35,2024-08-25 08:21:35,81 km al E de Socaire,-23.557,-67.093,232.0,4.2,Ml
246037,2024-08-25 12:45:03,2024-08-25 08:45:03,46 km al NE de Calama,-22.222,-68.569,140.0,3.3,Ml
246045,2024-08-25 14:59:54,2024-08-25 10:59:54,52 km al SO de Caldera,-27.381,-71.213,51.0,3.7,Ml
246061,2024-08-25 17:47:44,2024-08-25 13:47:44,73 km al E de Socaire,-23.563,-67.178,228.0,4.4,Mw
246071,2024-08-25 19:10:30,2024-08-25 15:10:30,20 km al SE de Quillota,-33.037,-71.153,62.0,2.6,Ml
246074,2024-08-25 19:13:25,2024-08-25 15:13:25,25 km al O de Navidad,-33.865,-72.085,35.0,3.4,Ml
246077,2024-08-25 19:20:28,2024-08-25 15:20:28,26 km al O de Navidad,-33.877,-72.096,35.0,3.4,Ml
246102,2024-08-25 21:18:23,2024-08-25 17:18:23,33 km al SO de Mina Collahuasi,-21.094,-68.791,117.0,3.3,Ml
246128,2024-08-26 01:28:42,2024-08-25 21:28:42,13 km al O de San Fernando,-34.558,-71.131,17.0,2.7,Ml
246137,2024-08-26 03:32:17,2024-08-25 23:32:17,28 km al S de Alto del Carmen,-28.996,-70.578,91.0,2.8,Ml
246147,2024-08-26 06:21:08,2024-08-26 02:21:08,12 km al S de Pichidangui,-32.243,-71.504,76.0,4.7,Mw
246156,2024-08-26 07:22:21,2024-08-26 03:22:21,24 km al SE de Andacollo,-30.408,-70.938,79.0,3.7,Ml
246161,2024-08-26 07:45:46,2024-08-26 03:45:46,11 km al SO de Pichidangui,-32.22,-71.588,37.0,2.7,Ml
246178,2024-08-26 10:23:10,2024-08-26 06:23:10,14 km al E de Rancagua,-34.162,-70.586,94.0,3.0,Ml
246183,2024-08-26 12:03:49,2024-08-26 08:03:49,78 km al O de San Antonio de los Cobres,-24.169,-67.085,203.0,3.9,Ml
246190,2024-08-26 14:05:25,2024-08-26 10:05:25,60 km al S de Patache,-21.341,-70.279,57.0,2.5,Ml
246197,2024-08-26 16:21:50,2024-08-26 12:21:50,46 km al NO de Puerto Aguirre,-44.868,-73.92,49.0,5.1,Mw
246209,2024-08-26 18:54:29,2024-08-26 14:54:29,46 km al O de Mina Collahuasi,-20.883,-69.093,102.0,2.5,Ml
246230,2024-08-27 01:25:42,2024-08-26 21:25:42,82 km al S de El Salvador,-26.97,-69.483,112.0,3.2,Ml
246237,2024-08-27 02:27:10,2024-08-26 22:27:10,18 km al N de Caleta El Cobre,-24.096,-70.567,41.0,2.8,Ml
246241,2024-08-27 03:17:19,2024-08-26 23:17:19,18 km al O de Andacollo,-30.198,-71.264,63.0,3.2,Ml
246242,2024-08-27 03:32:33,2024-08-26 23:32:33,30 km al NO de Quillagua,-21.502,-69.776,24.0,2.5,Ml
246250,2024-08-27 04:58:05,2024-08-27 00:58:05,16 km al SO de Farellones,-33.445,-70.439,93.0,3.9,Ml
246255,2024-08-27 05:06:21,2024-08-27 01:06:21,59 km al SE de Socaire,-24.072,-67.639,175.0,3.4,Ml
246264,2024-08-27 06:02:29,2024-08-27 02:02:29,28 km al O de Calama,-22.493,-69.206,94.0,4.6,Mw
246273,2024-08-27 06:57:28,2024-08-27 02:57:28,30 km al SO de María Elena,-22.516,-69.884,29.0,2.5,Ml
246287,2024-08-27 09:33:26,2024-08-27 05:33:26,82 km al SE de Socaire,-24.08,-67.294,226.0,4.4,Ml
246295,2024-08-27 11:35:09,2024-08-27 07:35:09,77 km al NE de Calama,-21.876,-68.541,125.0,3.0,Ml
246304,2024-08-27 12:51:16,2024-08-27 08:51:16,27 km al E de Pica,-20.404,-69.091,93.0,3.4,Ml
246307,2024-08-27 13:40:05,2024-08-27 09:40:05,36 km al NO de Tongoy,-29.987,-71.708,39.0,3.1,Ml
246308,2024-08-27 13:49:02,2024-08-27 09:49:02,63 km al NO de Parque Fray Jorge,-30.301,-72.193,39.0,2.5,Ml
246314,2024-08-27 15:51:01,2024-08-27 11:51:01,44 km al S de Pica,-20.86,-69.185,111.0,4.0,Ml
246320,2024-08-27 18:18:02,2024-08-27 14:18:02,49 km al SO de Mina Collahuasi,-21.082,-69.048,110.0,2.7,Ml
246324,2024-08-27 19:08:57,2024-08-27 15:08:57,22 km al N de Camiña,-19.122,-69.496,93.0,2.5,Ml
246327,2024-08-27 19:10:03,2024-08-27 15:10:03,17 km al O de Calama,-22.417,-69.086,78.0,3.1,Ml
246334,2024-08-27 21:32:32,2024-08-27 17:32:32,80 km al E de Paposo,-24.732,-69.736,80.0,3.4,Ml
246343,2024-08-28 00:08:31,2024-08-27 20:08:31,71 km al SE de Socaire,-24.132,-67.529,241.0,2.7,Ml
246347,2024-08-28 01:55:10,2024-08-27 21:55:10,22 km al SO de Diego de Almagro,-26.526,-70.204,27.0,2.5,Ml
246351,2024-08-28 02:44:17,2024-08-27 22:44:17,68 km al E de Alto del Carmen,-28.576,-69.825,113.0,4.8,Mw
246353,2024-08-28 03:13:57,2024-08-27 23:13:57,65 km al SE de Baquedano,-23.668,-69.316,103.0,2.5,Ml
246362,2024-08-28 04:46:32,2024-08-28 00:46:32,103 km al O de Bahía Mansa,-40.741,-74.937,20.0,2.7,Ml
246361,2024-08-28 04:51:38,2024-08-28 00:51:38,127 km al O de Navidad,-33.777,-73.192,37.0,2.8,Ml
246374,2024-08-28 04:53:19,2024-08-28 00:53:19,113 km al O de Navidad,-33.826,-73.044,25.0,2.7,Ml
246364,2024-08-28 05:20:13,2024-08-28 01:20:13,17 km al N de Mejillones,-22.948,-70.451,52.0,2.5,Ml
246370,2024-08-28 05:58:58,2024-08-28 01:58:58,36 km al SO de Termas del Flaco,-35.248,-70.601,16.0,3.0,Ml
246375,2024-08-28 06:46:02,2024-08-28 02:46:02,81 km al NE de Socaire,-23.225,-67.205,258.0,2.5,Ml
246382,2024-08-28 07:29:16,2024-08-28 03:29:16,81 km al SE de Socaire,-24.076,-67.298,247.0,3.6,Ml
246384,2024-08-28 07:40:43,2024-08-28 03:40:43,46 km al E de Pica,-20.373,-68.91,104.0,2.6,Ml
246387,2024-08-28 08:47:33,2024-08-28 04:47:33,27 km al E de Andacollo,-30.301,-70.821,78.0,2.8,Ml
246399,2024-08-28 12:25:23,2024-08-28 08:25:23,28 km al O de María Elena,-22.342,-69.937,74.0,2.6,Ml
246402,2024-08-28 12:34:09,2024-08-28 08:34:09,43 km al NO de Paposo,-24.67,-70.666,33.0,2.9,Ml
246405,2024-08-28 14:14:40,2024-08-28 10:14:40,46 km al S de Socaire,-23.991,-67.797,234.0,2.9,Ml
246407,2024-08-28 14:39:52,2024-08-28 10:39:52,21 km al NE de Pica,-20.405,-69.148,98.0,2.5,Ml
246413,2024-08-28 16:13:56,2024-08-28 12:13:56,78 km al O de Cobquecura,-36.232,-73.658,38.0,4.7,Mw
246415,2024-08-28 16:36:32,2024-08-28 12:36:32,23 km al N de Cobquecura,-35.932,-72.854,29.0,3.0,Ml
246425,2024-08-28 18:58:40,2024-08-28 14:58:40,74 km al S de Ollagüe,-21.855,-68.486,117.0,2.6,Ml
246426,2024-08-28 19:40:45,2024-08-28 15:40:45,78 km al O de Navidad,-33.681,-72.605,36.0,2.8,Ml
246430,2024-08-28 19:46:03,2024-08-28 15:46:03,17 km al NE de Carrizal Bajo,-27.989,-71.008,38.0,2.8,Ml
246445,2024-08-28 21:33:11,2024-08-28 17:33:11,44 km al O de Paposo,-25.05,-70.904,34.0,2.8,Ml
246453,2024-08-28 23:30:22,2024-08-28 19:30:22,38 km al O de Tocopilla,-22.158,-70.562,9.0,2.5,Ml
246463,2024-08-29 02:31:29,2024-08-28 22:31:29,36 km al SO de San Pedro de Atacama,-23.208,-68.362,184.0,2.6,Ml
246464,2024-08-29 02:42:33,2024-08-28 22:42:33,33 km al SE de Putre,-18.451,-69.404,115.0,3.0,Ml
246465,2024-08-29 02:49:18,2024-08-28 22:49:18,33 km al O de Mina Collahuasi,-20.899,-68.963,95.0,2.7,Ml
246467,2024-08-29 03:15:59,2024-08-28 23:15:59,85 km al SE de Socaire,-23.975,-67.173,229.0,3.2,Ml
246477,2024-08-29 04:56:29,2024-08-29 00:56:29,71 km al NE de Ollagüe,-20.637,-67.984,170.0,2.6,Ml
246488,2024-08-29 06:54:36,2024-08-29 02:54:36,75 km al SO de Ollagüe,-21.791,-68.644,119.0,3.0,Ml
246493,2024-08-29 08:08:30,2024-08-29 04:08:30,54 km al NO de Quillagua,-21.43,-69.997,42.0,2.5,Ml
246499,2024-08-29 08:29:08,2024-08-29 04:29:08,51 km al O de Puerto Aguirre,-45.204,-74.171,23.0,2.6,Ml
246505,2024-08-29 10:09:50,2024-08-29 06:09:50,87 km al E de Socaire,-23.328,-67.082,240.0,3.1,Ml
246507,2024-08-29 10:59:21,2024-08-29 06:59:21,32 km al SO de Mina Collahuasi,-21.087,-68.789,119.0,2.7,Ml
246518,2024-08-29 16:50:28,2024-08-29 12:50:28,38 km al N de San Pedro de Atacama,-22.583,-68.26,115.0,2.6,Ml
246523,2024-08-29 17:40:45,2024-08-29 13:40:45,62 km al SE de Socaire,-23.954,-67.428,260.0,3.3,Ml
246535,2024-08-29 18:39:22,2024-08-29 14:39:22,18 km al NE de Putre,-18.132,-69.405,137.0,3.3,Ml
246550,2024-08-29 20:38:28,2024-08-29 16:38:28,76 km al E de Socaire,-23.709,-67.16,256.0,3.2,Ml
246551,2024-08-29 20:53:05,2024-08-29 16:53:05,33 km al O de Ollagüe,-21.122,-68.552,132.0,2.5,Ml
246554,2024-08-29 21:35:47,2024-08-29 17:35:47,65 km al SO de San Pedro de Atacama,-23.221,-68.749,97.0,3.4,Ml
246570,2024-08-30 03:19:15,2024-08-29 23:19:15,25 km al SO de Linares,-36.015,-71.778,70.0,4.1,Ml
246586,2024-08-30 06:51:15,2024-08-30 02:51:15,76 km al NE de Socaire,-23.046,-67.432,245.0,2.6,Ml
246603,2024-08-30 09:34:50,2024-08-30 05:34:50,52 km al SO de Ollagüe,-21.632,-68.491,127.0,2.7,Ml
246605,2024-08-30 09:39:01,2024-08-30 05:39:01,49 km al N de Mina Collahuasi,-20.406,-68.782,114.0,2.6,Ml
246618,2024-08-30 13:55:25,2024-08-30 09:55:25,62 km al O de Quillagua,-21.481,-70.098,37.0,2.5,Ml
246623,2024-08-30 15:20:30,2024-08-30 11:20:30,29 km al E de Panguipulli,-39.528,-72.018,112.0,3.1,Ml
246626,2024-08-30 16:25:38,2024-08-30 12:25:38,47 km al SO de Ollagüe,-21.544,-68.549,145.0,2.7,Ml
246637,2024-08-30 19:55:40,2024-08-30 15:55:40,49 km al SE de Sierra Gorda,-23.119,-68.91,9.0,2.7,Ml
246638,2024-08-30 20:08:23,2024-08-30 16:08:23,48 km al SO de San Pedro de Atacama,-23.11,-68.618,3.0,3.1,Ml
246646,2024-08-30 21:48:11,2024-08-30 17:48:11,31 km al NO de Quintero,-32.557,-71.723,39.0,2.5,Ml
246650,2024-08-30 22:27:44,2024-08-30 18:27:44,56 km al N de Calama,-21.976,-68.826,105.0,2.6,Ml
246653,2024-08-30 23:20:24,2024-08-30 19:20:24,17 km al N de Tongoy,-30.101,-71.483,40.0,4.5,Mw
246661,2024-08-31 04:07:27,2024-08-31 00:07:27,143 km al O de Bahía Mansa,-40.153,-75.325,33.0,3.1,Ml
246662,2024-08-31 04:26:34,2024-08-31 00:26:34,18 km al S de Caldera,-27.223,-70.88,54.0,4.1,Ml
246664,2024-08-31 05:06:50,2024-08-31 01:06:50,29 km al SO de Putre,-18.425,-69.692,107.0,2.9,Ml
246665,2024-08-31 05:08:16,2024-08-31 01:08:16,43 km al O de Cobquecura,-35.963,-73.218,30.0,2.8,Ml
246671,2024-08-31 06:30:17,2024-08-31 02:30:17,65 km al SO de Ollagüe,-21.646,-68.694,116.0,2.5,Ml
246687,2024-08-31 11:28:20,2024-08-31 07:28:20,49 km al S de Camiña,-19.738,-69.32,104.0,3.3,Ml
246691,2024-08-31 12:39:43,2024-08-31 08:39:43,8 km al E de Calama,-22.491,-68.855,125.0,2.5,Ml
246693,2024-08-31 13:04:47,2024-08-31 09:04:47,43 km al O de La Serena,-29.836,-71.692,32.0,5.1,Mw
246700,2024-08-31 13:28:15,2024-08-31 09:28:15,35 km al O de La Serena,-29.904,-71.619,34.0,2.9,Ml
246703,2024-08-31 13:38:54,2024-08-31 09:38:54,25 km al O de La Serena,-29.907,-71.514,45.0,3.5,Ml
246705,2024-08-31 13:53:12,2024-08-31 09:53:12,26 km al N de La Higuera,-29.29,-71.121,68.0,3.2,Ml
246708,2024-08-31 14:08:48,2024-08-31 10:08:48,39 km al O de La Serena,-29.873,-71.654,32.0,2.6,Ml
246710,2024-08-31 14:25:44,2024-08-31 10:25:44,36 km al O de Ollagüe,-21.195,-68.602,116.0,3.4,Ml
246714,2024-08-31 14:56:50,2024-08-31 10:56:50,35 km al O de La Serena,-29.887,-71.616,42.0,4.0,Ml
246724,2024-08-31 17:26:18,2024-08-31 13:26:18,37 km al O de La Serena,-29.883,-71.636,37.0,2.9,Ml
246727,2024-08-31 18:30:33,2024-08-31 14:30:33,9 km al S de Parque Fray Jorge,-30.738,-71.713,29.0,2.8,Ml
246731,2024-08-31 18:54:55,2024-08-31 14:54:55,35 km al O de La Serena,-29.849,-71.61,41.0,4.0,Ml
246738,2024-08-31 20:54:04,2024-08-31 16:54:04,32 km al O de La Serena,-29.867,-71.582,36.0,3.6,Ml
246741,2024-08-31 21:29:11,2024-08-31 17:29:11,67 km al NE de Pica,-20.06,-68.883,115.0,2.9,Ml
246758,2024-09-01 00:52:57,2024-08-31 20:52:57,59 km al NE de Calama,-21.983,-68.711,108.0,2.7,Ml
246761,2024-09-01 01:19:40,2024-08-31 21:19:40,32 km al O de La Serena,-29.874,-71.578,38.0,3.7,Ml
246768,2024-09-01 02:09:13,2024-08-31 22:09:13,8 km al SE de Pica,-20.524,-69.263,92.0,3.9,Ml
246781,2024-09-01 06:09:57,2024-09-01 02:09:57,48 km al SE de Paihuano,-30.37,-70.218,100.0,3.5,Ml
246802,2024-09-01 09:34:10,2024-09-01 05:34:10,32 km al E de Talca,-35.469,-71.322,98.0,2.5,Ml
246930,2024-09-01 12:14:00,2024-09-01 08:14:00,39 km al E de Puerto Aguirre,-45.056,-73.053,3.0,2.6,Ml
246817,2024-09-01 15:53:32,2024-09-01 11:53:32,32 km al NO de Mina Collahuasi,-20.638,-68.889,110.0,2.9,Ml
246822,2024-09-01 16:24:41,2024-09-01 12:24:41,34 km al O de La Serena,-29.873,-71.601,38.0,3.3,Ml
246837,2024-09-01 19:14:56,2024-09-01 15:14:56,48 km al S de Tocopilla,-22.506,-70.325,18.0,2.5,Ml
246857,2024-09-02 01:03:21,2024-09-01 21:03:21,7 km al N de Los Vilos,-31.848,-71.493,39.0,3.8,Ml
246863,2024-09-02 02:56:06,2024-09-01 22:56:06,42 km al NO de Tongoy,-29.977,-71.791,56.0,3.4,Ml
246875,2024-09-02 04:09:30,2024-09-02 00:09:30,6 km al NE de Calama,-22.429,-68.897,106.0,3.1,Ml
246887,2024-09-02 05:51:21,2024-09-02 01:51:21,49 km al S de Pica,-20.911,-69.195,106.0,2.8,Ml
246886,2024-09-02 05:53:22,2024-09-02 01:53:22,38 km al NE de Calama,-22.192,-68.718,128.0,3.6,Ml
246904,2024-09-02 10:06:27,2024-09-02 06:06:27,52 km al NO de Mina La Escondida,-23.985,-69.464,75.0,3.3,Ml
246907,2024-09-02 10:25:03,2024-09-02 06:25:03,85 km al E de San Pedro de Atacama,-22.985,-67.37,209.0,4.4,Ml
246912,2024-09-02 12:06:01,2024-09-02 08:06:01,52 km al SO de Mina Collahuasi,-21.254,-68.851,117.0,2.5,Ml
246917,2024-09-02 12:22:34,2024-09-02 08:22:34,15 km al NO de Punta de Choros,-29.187,-71.606,57.0,3.2,Ml
246933,2024-09-02 15:14:19,2024-09-02 11:14:19,17 km al O de Punta de Choros,-29.282,-71.634,44.0,2.5,Ml
246934,2024-09-02 16:08:34,2024-09-02 12:08:34,2 km al S de San Antonio,-33.598,-71.609,47.0,3.1,Ml
246940,2024-09-02 16:54:03,2024-09-02 12:54:03,45 km al SO de Mina Collahuasi,-21.148,-68.92,115.0,2.6,Ml
246954,2024-09-02 20:49:47,2024-09-02 16:49:47,20 km al O de Ollagüe,-21.179,-68.444,132.0,2.9,Ml
246966,2024-09-02 22:48:12,2024-09-02 18:48:12,22 km al N de Tongoy,-30.06,-71.478,39.0,3.2,Ml
246968,2024-09-02 23:23:33,2024-09-02 19:23:33,48 km al O de Patache,-20.721,-70.651,39.0,2.5,Ml
246973,2024-09-03 00:16:37,2024-09-02 20:16:37,33 km al N de Calama,-22.177,-68.873,124.0,3.0,Ml
246977,2024-09-03 00:38:01,2024-09-02 20:38:01,12 km al SE de Putre,-18.285,-69.491,112.0,3.0,Ml
250655,2024-09-03 01:16:45,2024-09-02 21:16:45,221 km al NO de Cabo Raper,-45.64,-77.97,10.0,4.9,Mb
246981,2024-09-03 01:21:45,2024-09-02 21:21:45,115 km al SO de Isla Guamblin,-45.457,-76.275,8.0,5.1,Mb
246999,2024-09-03 05:29:41,2024-09-03 01:29:41,168 km al N de San Antonio de los Cobres,-22.72,-66.426,265.0,3.5,Ml
247004,2024-09-03 06:52:36,2024-09-03 02:52:36,171 km al E de San Pedro de Atacama,-22.613,-66.562,242.0,3.4,Ml
247015,2024-09-03 08:01:31,2024-09-03 04:01:31,32 km al NO de Quintero,-32.575,-71.765,34.0,3.1,Ml
247024,2024-09-03 09:49:36,2024-09-03 05:49:36,87 km al O de San Antonio de los Cobres,-23.946,-67.121,207.0,3.3,Ml
247032,2024-09-03 11:01:02,2024-09-03 07:01:02,85 km al S de Socaire,-24.321,-67.639,189.0,3.5,Ml
247042,2024-09-03 14:33:34,2024-09-03 10:33:34,45 km al O de Pichidangui,-32.125,-72.003,24.0,2.7,Ml
247043,2024-09-03 14:44:37,2024-09-03 10:44:37,62 km al SO de Ollagüe,-21.551,-68.734,108.0,2.9,Ml
247050,2024-09-03 18:00:06,2024-09-03 14:00:06,120 km al E de Paihuano,-30.479,-69.379,10.0,2.9,Ml
247059,2024-09-03 19:35:21,2024-09-03 15:35:21,39 km al O de Pichidangui,-32.175,-71.943,6.0,3.2,Ml
247068,2024-09-03 21:24:41,2024-09-03 17:24:41,28 km al S de Pozo Almonte,-20.503,-69.857,86.0,2.8,Ml
247070,2024-09-03 22:29:25,2024-09-03 18:29:25,56 km al S de Mina Collahuasi,-21.302,-68.828,110.0,3.4,Ml
247077,2024-09-04 01:12:05,2024-09-03 21:12:05,63 km al NE de Calama,-22.002,-68.582,121.0,3.3,Ml
247079,2024-09-04 01:37:19,2024-09-03 21:37:19,53 km al SO de Arica,-18.751,-70.74,30.0,4.1,Ml
247085,2024-09-04 03:32:26,2024-09-03 23:32:26,48 km al NO de El Tabo,-33.227,-72.106,24.0,3.4,Ml
247095,2024-09-04 04:13:11,2024-09-04 00:13:11,17 km al SO de Tongoy,-30.386,-71.594,33.0,3.6,Ml
247108,2024-09-04 06:15:50,2024-09-04 02:15:50,36 km al SE de Camiña,-19.571,-69.214,101.0,2.8,Ml
247117,2024-09-04 08:30:01,2024-09-04 04:30:01,102 km al NE de San Pedro de Atacama,-22.198,-67.583,194.0,3.9,Ml
247128,2024-09-04 11:17:11,2024-09-04 07:17:11,29 km al NO de Punta de Choros,-29.054,-71.664,41.0,3.1,Ml
247136,2024-09-04 15:29:17,2024-09-04 11:29:17,23 km al S de Mina Los Pelambres,-32.031,-70.556,93.0,2.8,Ml
247141,2024-09-04 16:56:01,2024-09-04 12:56:01,55 km al N de Pica,-20.025,-69.145,112.0,2.5,Ml
247143,2024-09-04 17:15:09,2024-09-04 13:15:09,46 km al O de Ollagüe,-21.343,-68.681,102.0,2.9,Ml
247147,2024-09-04 18:07:11,2024-09-04 14:07:11,19 km al N de Farellones,-33.18,-70.336,106.0,2.7,Ml
247151,2024-09-04 18:11:26,2024-09-04 14:11:26,45 km al SO de Mina Collahuasi,-21.042,-69.03,106.0,3.9,Ml
247153,2024-09-04 18:25:43,2024-09-04 14:25:43,12 km al N de La Higuera,-29.401,-71.181,36.0,2.6,Ml
247156,2024-09-04 18:49:17,2024-09-04 14:49:17,63 km al NE de Socaire,-23.216,-67.428,251.0,3.6,Ml
247158,2024-09-04 19:07:56,2024-09-04 15:07:56,28 km al NE de Calama,-22.243,-68.814,118.0,3.0,Ml
247161,2024-09-04 19:53:04,2024-09-04 15:53:04,59 km al S de Sierra Gorda,-23.412,-69.198,95.0,2.5,Ml
247163,2024-09-04 20:41:19,2024-09-04 16:41:19,21 km al NE de Pichilemu,-34.237,-71.862,41.0,3.4,Ml
247167,2024-09-04 22:56:08,2024-09-04 18:56:08,48 km al NE de Calama,-22.123,-68.654,123.0,3.0,Ml
247172,2024-09-05 00:13:27,2024-09-04 20:13:27,56 km al SO de Ollagüe,-21.689,-68.465,116.0,2.9,Ml
247178,2024-09-05 01:46:40,2024-09-04 21:46:40,52 km al N de Camiña,-18.865,-69.276,108.0,2.5,Ml
247181,2024-09-05 02:48:07,2024-09-04 22:48:07,45 km al NO de Quintero,-32.495,-71.878,32.0,2.7,Ml
247183,2024-09-05 03:29:11,2024-09-04 23:29:11,32 km al SE de Rancagua,-34.428,-70.579,112.0,2.5,Ml
247185,2024-09-05 04:09:51,2024-09-05 00:09:51,50 km al SE de Camiña,-19.701,-69.187,105.0,2.7,Ml
247186,2024-09-05 04:13:22,2024-09-05 00:13:22,56 km al O de Quellón,-43.14,-74.311,10.0,2.6,Ml
247188,2024-09-05 06:00:51,2024-09-05 02:00:51,35 km al S de Mina La Escondida,-24.573,-69.127,110.0,3.2,Ml
247189,2024-09-05 06:07:31,2024-09-05 02:07:31,88 km al E de San Pedro de Atacama,-22.668,-67.385,243.0,2.8,Ml
247192,2024-09-05 07:23:18,2024-09-05 03:23:18,34 km al O de Pichidangui,-32.047,-71.877,17.0,4.3,Ml
247202,2024-09-05 10:38:26,2024-09-05 06:38:26,114 km al E de Colchane,-19.101,-67.565,239.0,5.6,Mww
247205,2024-09-05 11:24:28,2024-09-05 07:24:28,44 km al NO de Parque Fray Jorge,-30.408,-72.039,31.0,3.2,Ml
247211,2024-09-05 12:03:33,2024-09-05 08:03:33,36 km al O de Valparaíso,-33.097,-71.992,28.0,3.1,Ml
247213,2024-09-05 12:40:27,2024-09-05 08:40:27,90 km al O de Arica,-18.563,-71.173,49.0,2.6,Ml
247216,2024-09-05 12:41:27,2024-09-05 08:41:27,36 km al SO de Pichidangui,-32.368,-71.803,39.0,2.7,Ml
247222,2024-09-05 15:11:20,2024-09-05 11:11:20,47 km al S de Mina Collahuasi,-21.243,-68.733,118.0,3.1,Ml
247226,2024-09-05 17:00:29,2024-09-05 13:00:29,40 km al SO de Ollagüe,-21.503,-68.498,132.0,2.9,Ml
247231,2024-09-05 17:40:20,2024-09-05 13:40:20,23 km al SO de Curicó,-35.099,-71.449,93.0,2.8,Ml
247232,2024-09-05 17:58:05,2024-09-05 13:58:05,70 km al SO de Ollagüe,-21.787,-68.558,133.0,3.0,Ml
247235,2024-09-05 18:21:18,2024-09-05 14:21:18,18 km al NE de Curicó,-34.878,-71.089,34.0,3.2,Ml
247239,2024-09-05 18:54:47,2024-09-05 14:54:47,33 km al N de Los Andes,-32.536,-70.65,105.0,2.5,Ml
247240,2024-09-05 18:58:53,2024-09-05 14:58:53,54 km al S de Mina Collahuasi,-21.287,-68.833,121.0,2.5,Ml
247242,2024-09-05 21:09:13,2024-09-05 17:09:13,66 km al O de Visviri,-17.411,-70.072,175.0,3.6,Ml
247247,2024-09-05 23:27:46,2024-09-05 19:27:46,82 km al SE de Alto del Carmen,-29.34,-69.968,106.0,2.9,Ml
247248,2024-09-05 23:51:43,2024-09-05 19:51:43,19 km al N de Mejillones,-22.939,-70.385,43.0,3.0,Ml
247258,2024-09-06 02:39:16,2024-09-05 22:39:16,54 km al N de Pica,-20.033,-69.168,96.0,2.7,Ml
247261,2024-09-06 05:20:19,2024-09-06 01:20:19,32 km al N de Tirúa,-38.058,-73.427,18.0,3.3,Ml
247266,2024-09-06 06:03:13,2024-09-06 02:03:13,20 km al O de Arica,-18.511,-70.508,39.0,2.7,Ml
247267,2024-09-06 06:26:23,2024-09-06 02:26:23,9 km al S de Navidad,-34.031,-71.82,45.0,2.7,Ml
247269,2024-09-06 06:30:58,2024-09-06 02:30:58,49 km al S de Mina Collahuasi,-21.256,-68.77,127.0,4.0,Ml
247274,2024-09-06 07:41:41,2024-09-06 03:41:41,85 km al O de San Antonio de los Cobres,-24.356,-67.145,220.0,4.6,Mw
247278,2024-09-06 09:06:06,2024-09-06 05:06:06,40 km al S de Alto del Carmen,-29.118,-70.479,92.0,2.8,Ml
247282,2024-09-06 10:09:38,2024-09-06 06:09:38,90 km al O de Los Vilos,-31.849,-72.46,34.0,3.8,Ml
247283,2024-09-06 10:12:56,2024-09-06 06:12:56,91 km al E de Alto del Carmen,-28.689,-69.556,128.0,5.7,Mww
247300,2024-09-06 13:21:42,2024-09-06 09:21:42,10 km al SO de Parque Fray Jorge,-30.729,-71.758,25.0,2.5,Ml
247303,2024-09-06 14:43:59,2024-09-06 10:43:59,30 km al O de Calama,-22.482,-69.226,102.0,2.7,Ml
247317,2024-09-06 18:00:19,2024-09-06 14:00:19,35 km al SO de Ollagüe,-21.455,-68.483,123.0,2.6,Ml
247323,2024-09-06 19:27:20,2024-09-06 15:27:20,149 km al NO de Bahía Mansa,-39.655,-74.994,29.0,3.0,Ml
247324,2024-09-06 20:29:42,2024-09-06 16:29:42,67 km al SE de Camiña,-19.869,-69.19,101.0,2.7,Ml
247330,2024-09-06 21:26:29,2024-09-06 17:26:29,16 km al E de San Fernando,-34.582,-70.815,112.0,3.2,Ml
247333,2024-09-06 22:36:28,2024-09-06 18:36:28,30 km al O de Ollagüe,-21.223,-68.542,135.0,2.7,Ml
247337,2024-09-07 00:23:16,2024-09-06 20:23:16,24 km al SO de Melipilla,-33.88,-71.318,63.0,2.5,Ml
247341,2024-09-07 01:41:17,2024-09-06 21:41:17,121 km al O de Caldera,-27.269,-72.023,24.0,3.4,Ml
247345,2024-09-07 02:19:19,2024-09-06 22:19:19,14 km al S de Ollagüe,-21.344,-68.29,145.0,2.5,Ml
247347,2024-09-07 02:46:07,2024-09-06 22:46:07,72 km al O de Los Vilos,-31.854,-72.273,24.0,2.6,Ml
247350,2024-09-07 04:02:04,2024-09-07 00:02:04,87 km al SE de Socaire,-24.245,-67.43,225.0,3.2,Ml
247351,2024-09-07 04:13:47,2024-09-07 00:13:47,62 km al S de Camiña,-19.863,-69.312,92.0,3.8,Ml
247353,2024-09-07 04:17:39,2024-09-07 00:17:39,34 km al NE de Pica,-20.218,-69.184,90.0,3.1,Ml
247355,2024-09-07 04:46:12,2024-09-07 00:46:12,88 km al SE de Socaire,-24.304,-67.515,203.0,3.1,Ml
247364,2024-09-07 06:31:33,2024-09-07 02:31:33,59 km al O de Los Vilos,-31.819,-72.125,36.0,3.2,Ml
247367,2024-09-07 07:57:36,2024-09-07 03:57:36,25 km al O de La Serena,-29.988,-71.487,42.0,3.0,Ml
247368,2024-09-07 08:04:37,2024-09-07 04:04:37,37 km al S de Mina Collahuasi,-21.162,-68.64,123.0,3.1,Ml
247373,2024-09-07 08:34:20,2024-09-07 04:34:20,75 km al S de Mina La Escondida,-24.935,-69.158,100.0,2.5,Ml
247379,2024-09-07 09:51:43,2024-09-07 05:51:43,83 km al O de San Antonio de los Cobres,-23.93,-67.075,210.0,4.6,Mw
247381,2024-09-07 10:02:25,2024-09-07 06:02:25,25 km al E de Pisagua,-19.561,-69.981,22.0,2.6,Ml
247382,2024-09-07 10:07:42,2024-09-07 06:07:42,129 km al NO de Constitución,-34.706,-73.609,11.0,2.5,Ml
247388,2024-09-07 11:35:29,2024-09-07 07:35:29,29 km al SO de Tacna,-18.219,-70.434,61.0,2.5,Ml
247393,2024-09-07 12:02:14,2024-09-07 08:02:14,24 km al E de Tirúa,-38.369,-73.225,24.0,2.8,Ml
247395,2024-09-07 13:04:54,2024-09-07 09:04:54,25 km al SE de Rancagua,-34.364,-70.604,114.0,3.6,Ml
247401,2024-09-07 16:11:45,2024-09-07 12:11:45,8 km al NO de Camiña,-19.251,-69.473,101.0,2.6,Ml
247407,2024-09-07 17:22:48,2024-09-07 13:22:48,79 km al NE de El Salvador,-25.605,-69.296,91.0,2.7,Ml
247416,2024-09-07 19:28:13,2024-09-07 15:28:13,89 km al O de Isla Guamblin,-44.486,-76.089,10.0,3.0,Ml
247418,2024-09-07 20:02:27,2024-09-07 16:02:27,35 km al N de Farellones,-33.044,-70.251,118.0,3.8,Ml
247433,2024-09-08 01:29:38,2024-09-07 21:29:38,47 km al SE de Socaire,-23.818,-67.506,266.0,2.9,Ml
247434,2024-09-08 01:37:02,2024-09-07 21:37:02,102 km al NE de Socaire,-23.058,-67.075,277.0,3.3,Ml
247439,2024-09-08 04:11:28,2024-09-08 01:11:28,33 km al O de Ollagüe,-21.288,-68.565,116.0,3.1,Ml
247441,2024-09-08 06:23:46,2024-09-08 03:23:46,38 km al SO de Mina Collahuasi,-20.968,-68.988,115.0,4.8,Mw
247445,2024-09-08 07:01:05,2024-09-08 04:01:05,75 km al S de Ilo,-18.292,-71.137,33.0,3.4,Ml
247450,2024-09-08 08:14:54,2024-09-08 05:14:54,86 km al SE de Socaire,-23.935,-67.134,223.0,3.2,Ml
247457,2024-09-08 10:51:59,2024-09-08 07:51:59,45 km al NO de Quillagua,-21.445,-69.898,33.0,3.8,Ml
247459,2024-09-08 11:07:02,2024-09-08 08:07:02,62 km al N de Calama,-21.915,-68.879,116.0,2.9,Ml
247464,2024-09-08 12:04:11,2024-09-08 09:04:11,29 km al N de Pica,-20.245,-69.426,107.0,4.4,Ml
247470,2024-09-08 14:39:56,2024-09-08 11:39:56,62 km al NE de Isla Guafo,-43.077,-74.419,19.0,4.0,Ml
247473,2024-09-08 15:46:05,2024-09-08 12:46:05,137 km al O de Constitución,-35.267,-73.917,18.0,4.4,Ml
247483,2024-09-08 19:24:06,2024-09-08 16:24:06,22 km al E de Rancagua,-34.123,-70.501,107.0,4.4,Ml
247491,2024-09-08 23:43:51,2024-09-08 20:43:51,40 km al S de Huasco,-28.816,-71.325,50.0,2.7,Ml
247493,2024-09-09 01:06:53,2024-09-08 22:06:53,52 km al O de Los Vilos,-31.775,-72.04,31.0,3.6,Ml
247498,2024-09-09 01:55:01,2024-09-08 22:55:01,52 km al O de Los Vilos,-31.899,-72.062,28.0,3.5,Ml
247505,2024-09-09 04:30:32,2024-09-09 01:30:32,15 km al O de Calama,-22.417,-69.067,70.0,2.9,Ml
247507,2024-09-09 04:42:31,2024-09-09 01:42:31,30 km al O de Quillagua,-21.715,-69.818,55.0,3.4,Ml
247517,2024-09-09 07:23:02,2024-09-09 04:23:02,55 km al O de Los Vilos,-31.725,-72.055,31.0,2.8,Ml
247521,2024-09-09 09:24:21,2024-09-09 06:24:21,38 km al S de San Pedro de Atacama,-23.265,-68.173,127.0,2.9,Ml
247522,2024-09-09 10:58:40,2024-09-09 07:58:40,56 km al SO de Tocopilla,-22.467,-70.561,18.0,3.8,Ml
247525,2024-09-09 14:00:32,2024-09-09 11:00:32,37 km al SO de Ollagüe,-21.515,-68.432,135.0,3.4,Ml
247532,2024-09-09 15:14:26,2024-09-09 12:14:26,78 km al NE de San Pedro de Atacama,-22.312,-67.815,197.0,4.5,Ml
247535,2024-09-09 15:45:43,2024-09-09 12:45:43,9 km al O de Petrohué,-41.126,-72.511,15.0,3.0,Ml
247536,2024-09-09 16:02:34,2024-09-09 13:02:34,50 km al SO de Mina Collahuasi,-21.222,-68.887,118.0,3.8,Ml
247540,2024-09-09 17:24:10,2024-09-09 14:24:10,66 km al O de Los Vilos,-31.727,-72.172,34.0,4.0,Ml
247553,2024-09-10 00:51:14,2024-09-09 21:51:14,63 km al SO de Ollagüe,-21.709,-68.572,129.0,2.8,Ml
247555,2024-09-10 00:53:27,2024-09-09 21:53:27,39 km al SO de Mina Collahuasi,-21.124,-68.855,101.0,2.8,Ml
247567,2024-09-10 06:21:48,2024-09-10 03:21:48,18 km al SO de Canela Baja,-31.548,-71.53,72.0,2.9,Ml
247583,2024-09-10 11:53:56,2024-09-10 08:53:56,59 km al SE de Sierra Gorda,-23.356,-69.053,80.0,3.6,Ml
247585,2024-09-10 12:27:46,2024-09-10 09:27:46,63 km al O de Los Vilos,-31.786,-72.157,35.0,3.6,Ml
247589,2024-09-10 12:45:43,2024-09-10 09:45:43,38 km al SO de Patache,-21.11,-70.385,33.0,2.8,Ml
247593,2024-09-10 13:29:11,2024-09-10 10:29:11,45 km al SO de Mina Collahuasi,-21.087,-68.992,110.0,2.9,Ml
247609,2024-09-10 18:49:10,2024-09-10 15:49:10,41 km al SO de Quillagua,-21.909,-69.829,78.0,3.4,Ml
247611,2024-09-10 19:55:40,2024-09-10 16:55:40,25 km al O de Pichidangui,-32.218,-71.78,33.0,3.0,Ml
247612,2024-09-10 19:56:41,2024-09-10 16:56:41,34 km al SO de Linares,-36.036,-71.898,65.0,3.5,Ml
247616,2024-09-10 20:21:51,2024-09-10 17:21:51,23 km al O de Pichidangui,-32.214,-71.758,28.0,2.7,Ml
247618,2024-09-10 20:59:13,2024-09-10 17:59:13,76 km al SO de Ollagüe,-21.849,-68.553,119.0,3.2,Ml
247630,2024-09-10 22:51:09,2024-09-10 19:51:09,31 km al E de Casablanca,-33.319,-71.075,77.0,4.0,Ml
247638,2024-09-11 00:19:59,2024-09-10 21:19:59,6 km al O de Putre,-18.203,-69.618,122.0,4.4,Mw
247640,2024-09-11 00:38:11,2024-09-10 21:38:11,55 km al O de San Pedro de Atacama,-23.031,-68.723,89.0,2.9,Ml
247665,2024-09-11 05:46:58,2024-09-11 02:46:58,77 km al SO de Ollagüe,-21.774,-68.709,117.0,3.0,Ml
247678,2024-09-11 08:59:36,2024-09-11 05:59:36,117 km al E de Copiapó,-27.755,-69.228,98.0,3.5,Ml
247684,2024-09-11 10:28:25,2024-09-11 07:28:25,20 km al O de Sierra Gorda,-22.963,-69.5,94.0,3.6,Ml
247687,2024-09-11 11:21:36,2024-09-11 08:21:36,137 km al NE de Socaire,-22.793,-66.862,230.0,4.0,Ml
247697,2024-09-11 14:40:52,2024-09-11 11:40:52,81 km al E de Alto del Carmen,-28.949,-69.683,128.0,4.5,Mw
247710,2024-09-11 18:53:12,2024-09-11 15:53:12,13 km al NE de Carrizal Bajo,-28.027,-71.036,38.0,2.9,Ml
247724,2024-09-11 22:32:51,2024-09-11 19:32:51,55 km al NE de Calama,-22.028,-68.701,114.0,2.7,Ml
247731,2024-09-12 00:05:16,2024-09-11 21:05:16,16 km al N de Tongoy,-30.109,-71.488,34.0,2.7,Ml
247750,2024-09-12 04:58:54,2024-09-12 01:58:54,75 km al NE de Calama,-21.915,-68.512,122.0,2.9,Ml
247754,2024-09-12 05:40:21,2024-09-12 02:40:21,50 km al SO de Ollagüe,-21.619,-68.489,120.0,3.4,Ml
247765,2024-09-12 10:09:57,2024-09-12 07:09:57,65 km al NE de Quillagua,-21.31,-69.032,89.0,3.0,Ml
247775,2024-09-12 11:51:28,2024-09-12 08:51:28,41 km al O de Mina Collahuasi,-20.793,-69.055,84.0,2.8,Ml
247778,2024-09-12 12:47:09,2024-09-12 09:47:09,39 km al N de Carrizal Bajo,-27.736,-71.23,51.0,2.6,Ml
247783,2024-09-12 15:07:44,2024-09-12 12:07:44,44 km al O de Ollagüe,-21.238,-68.676,114.0,3.0,Ml
247790,2024-09-12 16:39:16,2024-09-12 13:39:16,57 km al E de Socaire,-23.672,-67.342,170.0,3.2,Ml
318713,2024-09-12 16:40:16,2024-09-12 13:40:16,33 km al NO de Mina Collahuasi,-20.601,-68.859,106.0,2.5,Ml
247792,2024-09-12 17:23:54,2024-09-12 14:23:54,5 km al SE de Calama,-22.489,-68.891,118.0,2.6,Ml
247817,2024-09-12 23:02:46,2024-09-12 20:02:46,16 km al S de Calama,-22.603,-68.979,126.0,2.6,Ml
247819,2024-09-12 23:51:26,2024-09-12 20:51:26,16 km al E de Calama,-22.464,-68.778,126.0,4.2,Ml
247829,2024-09-13 02:03:02,2024-09-12 23:03:02,90 km al O de San Antonio de los Cobres,-24.178,-67.207,192.0,4.4,Ml
247837,2024-09-13 04:05:58,2024-09-13 01:05:58,68 km al O de San Antonio de los Cobres,-24.048,-66.957,184.0,3.9,Ml
247841,2024-09-13 05:38:29,2024-09-13 02:38:29,64 km al O de San Antonio de los Cobres,-24.122,-66.943,197.0,3.3,Ml
247864,2024-09-13 09:09:46,2024-09-13 06:09:46,20 km al SO de Santiago,-33.567,-70.801,91.0,2.8,Ml
247870,2024-09-13 09:56:50,2024-09-13 06:56:50,63 km al O de San Antonio de los Cobres,-24.222,-66.943,190.0,4.2,Ml
247872,2024-09-13 10:49:31,2024-09-13 07:49:31,84 km al O de San Antonio de los Cobres,-23.948,-67.084,213.0,3.2,Ml
247874,2024-09-13 11:45:26,2024-09-13 08:45:26,34 km al N de Calama,-22.174,-68.845,109.0,2.7,Ml
247880,2024-09-13 12:37:24,2024-09-13 09:37:24,45 km al SE de Pica,-20.839,-69.107,113.0,2.9,Ml
247885,2024-09-13 14:06:38,2024-09-13 11:06:38,118 km al O de Pichilemu,-34.178,-73.266,28.0,2.8,Ml
247886,2024-09-13 14:26:48,2024-09-13 11:26:48,38 km al SE de Cuya,-19.367,-69.888,68.0,2.9,Ml
247893,2024-09-13 16:21:17,2024-09-13 13:21:17,31 km al O de La Ligua,-32.484,-71.558,30.0,3.6,Ml
247905,2024-09-13 19:04:40,2024-09-13 16:04:40,15 km al E de Pichilemu,-34.389,-71.848,39.0,2.6,Ml
247933,2024-09-14 00:25:48,2024-09-13 21:25:48,6 km al SO de Ollagüe,-21.266,-68.287,140.0,3.0,Ml
247937,2024-09-14 00:58:10,2024-09-13 21:58:10,61 km al SO de Ollagüe,-21.727,-68.489,129.0,3.0,Ml
247949,2024-09-14 03:50:15,2024-09-14 00:50:15,42 km al NO de Quillagua,-21.356,-69.778,57.0,2.7,Ml
247955,2024-09-14 06:11:48,2024-09-14 03:11:48,23 km al E de Calama,-22.48,-68.705,118.0,3.0,Ml
247960,2024-09-14 06:22:14,2024-09-14 03:22:14,41 km al SE de Mina Los Pelambres,-32.13,-70.345,140.0,3.4,Ml
247964,2024-09-14 08:02:35,2024-09-14 05:02:35,27 km al S de Pichidangui,-32.373,-71.571,69.0,4.2,Ml
247967,2024-09-14 08:34:40,2024-09-14 05:34:40,20 km al N de Casablanca,-33.137,-71.398,56.0,3.0,Ml
247970,2024-09-14 08:58:08,2024-09-14 05:58:08,39 km al S de Calama,-22.819,-68.886,124.0,3.5,Ml
247971,2024-09-14 09:03:21,2024-09-14 06:03:21,125 km al NO de Cabo Raper,-45.809,-76.408,11.0,3.3,Ml
247977,2024-09-14 11:03:34,2024-09-14 08:03:34,32 km al E de Calama,-22.383,-68.635,132.0,2.7,Ml
247980,2024-09-14 12:03:59,2024-09-14 09:03:59,40 km al S de Mina Collahuasi,-21.181,-68.72,115.0,2.8,Ml
247990,2024-09-14 16:52:56,2024-09-14 13:52:56,55 km al S de Camiña,-19.804,-69.363,111.0,3.6,Ml
248000,2024-09-14 18:53:23,2024-09-14 15:53:23,109 km al E de Socaire,-23.244,-66.895,288.0,2.8,Ml
248005,2024-09-14 20:04:11,2024-09-14 17:04:11,41 km al N de Tocopilla,-21.727,-70.165,29.0,2.5,Ml
248008,2024-09-14 20:29:41,2024-09-14 17:29:41,60 km al N de Carrizal Bajo,-27.548,-71.153,53.0,3.3,Ml
248012,2024-09-14 21:13:38,2024-09-14 18:13:38,9 km al E de Santa Cruz,-34.607,-71.276,85.0,3.0,Ml
248013,2024-09-14 21:37:03,2024-09-14 18:37:03,34 km al NE de Paposo,-24.83,-70.197,43.0,2.9,Ml
248014,2024-09-14 21:48:31,2024-09-14 18:48:31,22 km al O de Mina Collahuasi,-20.87,-68.864,109.0,2.5,Ml
248018,2024-09-14 23:18:35,2024-09-14 20:18:35,13 km al N de Vichuquén,-34.773,-72.009,55.0,2.9,Ml
248025,2024-09-15 01:14:08,2024-09-14 22:14:08,30 km al S de Parque Fray Jorge,-30.921,-71.576,72.0,2.8,Ml
248031,2024-09-15 03:24:42,2024-09-15 00:24:42,56 km al E de Mina Collahuasi,-20.694,-68.139,180.0,2.5,Ml
248043,2024-09-15 07:51:54,2024-09-15 04:51:54,99 km al S de Puerto Natales,-52.615,-72.664,16.0,3.3,Ml
248047,2024-09-15 08:46:37,2024-09-15 05:46:37,21 km al SO de Vichuquén,-35.004,-72.167,60.0,2.8,Ml
248053,2024-09-15 09:37:50,2024-09-15 06:37:50,39 km al E de Los Andes,-32.721,-70.202,140.0,2.8,Ml
248057,2024-09-15 10:15:44,2024-09-15 07:15:44,19 km al NE de Calama,-22.359,-68.784,122.0,2.5,Ml
248064,2024-09-15 12:20:17,2024-09-15 09:20:17,63 km al S de Patache,-21.37,-70.253,31.0,2.9,Ml
248067,2024-09-15 12:35:09,2024-09-15 09:35:09,40 km al NO de Carrizal Bajo,-27.824,-71.435,41.0,3.0,Ml
248074,2024-09-15 13:17:32,2024-09-15 10:17:32,20 km al O de Visviri,-17.571,-69.669,146.0,3.6,Ml
248079,2024-09-15 14:46:44,2024-09-15 11:46:44,49 km al SO de Ollagüe,-21.623,-68.456,134.0,3.0,Ml
248085,2024-09-15 15:56:44,2024-09-15 12:56:44,22 km al O de Camiña,-19.343,-69.634,92.0,3.0,Ml
248086,2024-09-15 16:05:53,2024-09-15 13:05:53,30 km al SO de Temuco,-38.937,-72.827,64.0,2.9,Ml
248088,2024-09-15 16:17:04,2024-09-15 13:17:04,82 km al SE de Socaire,-24.076,-67.29,221.0,2.7,Ml
248090,2024-09-15 17:05:21,2024-09-15 14:05:21,55 km al O de Socaire,-23.498,-68.416,159.0,3.4,Ml
248094,2024-09-15 17:39:20,2024-09-15 14:39:20,78 km al O de Los Vilos,-31.857,-72.339,37.0,3.2,Ml
248097,2024-09-15 18:01:44,2024-09-15 15:01:44,150 km al O de Constitución,-35.246,-74.065,27.0,2.7,Ml
248106,2024-09-15 20:42:13,2024-09-15 17:42:13,46 km al SE de Quillagua,-22.01,-69.29,86.0,2.7,Ml
248107,2024-09-15 22:20:37,2024-09-15 19:20:37,46 km al NO de Quintero,-32.539,-71.933,37.0,2.6,Ml
248110,2024-09-15 23:11:11,2024-09-15 20:11:11,86 km al SE de Socaire,-24.29,-67.525,192.0,2.9,Ml
248113,2024-09-15 23:46:22,2024-09-15 20:46:22,23 km al SO de Tocopilla,-22.185,-70.403,33.0,2.8,Ml
248128,2024-09-16 04:31:02,2024-09-16 01:31:02,126 km al NO de Pichilemu,-33.877,-73.233,53.0,3.0,Ml
248137,2024-09-16 05:41:36,2024-09-16 02:41:36,66 km al NE de Calama,-21.937,-68.656,132.0,3.7,Ml
248142,2024-09-16 06:23:54,2024-09-16 03:23:54,36 km al E de Petrohué,-41.077,-71.974,174.0,2.7,Ml
248147,2024-09-16 06:47:15,2024-09-16 03:47:15,62 km al O de San Antonio de los Cobres,-24.112,-66.919,191.0,4.1,Ml
248155,2024-09-16 10:14:35,2024-09-16 07:14:35,142 km al O de Toltén,-39.308,-74.805,28.0,3.2,Ml
248161,2024-09-16 10:23:40,2024-09-16 07:23:40,1353 km al O de Isla Guamblin,-41.229,-91.012,10.0,5.0,Mb
248159,2024-09-16 11:13:33,2024-09-16 08:13:33,44 km al NO de Quillagua,-21.391,-69.846,44.0,3.3,Ml
248167,2024-09-16 13:03:25,2024-09-16 10:03:25,47 km al SO de Punta de Choros,-29.555,-71.8,50.0,2.7,Ml
248191,2024-09-16 19:52:25,2024-09-16 16:52:25,55 km al O de Arauco,-37.141,-73.929,31.0,3.2,Ml
248198,2024-09-16 20:46:44,2024-09-16 17:46:44,31 km al E de María Elena,-22.28,-69.364,105.0,2.7,Ml
248204,2024-09-16 22:57:13,2024-09-16 19:57:13,34 km al O de Ollagüe,-21.15,-68.567,136.0,3.9,Ml
248210,2024-09-16 23:41:59,2024-09-16 20:41:59,55 km al N de Camiña,-18.828,-69.509,105.0,3.9,Ml
248213,2024-09-17 00:27:34,2024-09-16 21:27:34,38 km al SE de Putre,-18.335,-69.227,120.0,3.0,Ml
248223,2024-09-17 03:06:24,2024-09-17 00:06:24,150 km al E de El Salvador,-26.073,-68.131,166.0,3.5,Ml
248231,2024-09-17 04:25:24,2024-09-17 01:25:24,53 km al SO de Tocopilla,-22.323,-70.654,48.0,3.9,Ml
248250,2024-09-17 09:58:23,2024-09-17 06:58:23,32 km al SO de Taltal,-25.551,-70.764,52.0,3.0,Ml
248255,2024-09-17 13:02:55,2024-09-17 10:02:55,17 km al O de Entre Lagos,-40.664,-72.797,66.0,3.3,Ml
248260,2024-09-17 13:20:26,2024-09-17 10:20:26,32 km al S de Melipilla,-33.96,-71.316,71.0,3.6,Ml
248276,2024-09-17 16:53:28,2024-09-17 13:53:28,39 km al O de Mina Collahuasi,-20.766,-69.029,100.0,2.5,Ml
248284,2024-09-17 18:20:13,2024-09-17 15:20:13,11 km al SO de Farellones,-33.443,-70.365,110.0,3.4,Ml
248296,2024-09-17 19:07:19,2024-09-17 16:07:19,38 km al S de Mina Collahuasi,-21.17,-68.704,118.0,2.7,Ml
248307,2024-09-17 21:40:58,2024-09-17 18:40:58,23 km al NE de Huasco,-28.374,-71.011,62.0,3.1,Ml
248311,2024-09-17 22:15:16,2024-09-17 19:15:16,15 km al S de Cuya,-19.29,-70.203,54.0,3.4,Ml
248322,2024-09-18 00:38:40,2024-09-17 21:38:40,48 km al E de San Pedro de Atacama,-23.027,-67.749,129.0,3.0,Ml
248328,2024-09-18 02:28:20,2024-09-17 23:28:20,21 km al SE de Los Andes,-32.924,-70.403,106.0,3.0,Ml
248337,2024-09-18 05:15:59,2024-09-18 02:15:59,21 km al N de Quintero,-32.593,-71.557,34.0,3.5,Ml
248345,2024-09-18 05:19:20,2024-09-18 02:19:20,20 km al N de Quintero,-32.593,-71.554,34.0,3.1,Ml
248346,2024-09-18 06:12:56,2024-09-18 03:12:56,35 km al SO de Pica,-20.78,-69.467,98.0,3.1,Ml
248361,2024-09-18 08:40:24,2024-09-18 05:40:24,128 km al O de Valparaíso,-32.628,-72.892,43.0,2.8,Ml
248367,2024-09-18 09:38:41,2024-09-18 06:38:41,25 km al O de Mina Collahuasi,-20.844,-68.895,104.0,2.8,Ml
248371,2024-09-18 09:57:37,2024-09-18 06:57:37,34 km al NO de Los Vilos,-31.753,-71.822,56.0,3.3,Ml
248373,2024-09-18 10:12:07,2024-09-18 07:12:07,46 km al SO de Mina Collahuasi,-21.107,-68.978,110.0,2.9,Ml
248380,2024-09-18 11:52:15,2024-09-18 08:52:15,35 km al NE de Mina La Escondida,-24.14,-68.746,126.0,3.1,Ml
248383,2024-09-18 12:56:58,2024-09-18 09:56:58,33 km al SO de Ollagüe,-21.491,-68.394,133.0,2.9,Ml
248388,2024-09-18 13:30:43,2024-09-18 10:30:43,30 km al S de Huasco,-28.723,-71.303,52.0,2.7,Ml
248390,2024-09-18 13:38:09,2024-09-18 10:38:09,61 km al E de Mina Collahuasi,-20.678,-68.094,170.0,2.8,Ml
248393,2024-09-18 13:53:08,2024-09-18 10:53:08,38 km al S de Ollagüe,-21.555,-68.358,135.0,3.6,Ml
248400,2024-09-18 15:47:31,2024-09-18 12:47:31,32 km al SO de Mina Collahuasi,-20.982,-68.922,112.0,3.5,Ml
248407,2024-09-18 16:50:01,2024-09-18 13:50:01,41 km al NE de Quillagua,-21.405,-69.245,82.0,2.5,Ml
248409,2024-09-18 17:22:06,2024-09-18 14:22:06,59 km al NE de Mina Collahuasi,-20.609,-68.138,15.0,2.9,Ml
248413,2024-09-18 17:53:52,2024-09-18 14:53:52,24 km al N de Calama,-22.255,-68.913,112.0,2.5,Ml
248415,2024-09-18 17:58:30,2024-09-18 14:58:30,63 km al S de Sierra Gorda,-23.446,-69.216,83.0,2.6,Ml
248417,2024-09-18 18:02:32,2024-09-18 15:02:32,102 km al O de San Antonio de los Cobres,-24.351,-67.318,181.0,3.5,Ml
248418,2024-09-18 18:07:01,2024-09-18 15:07:01,47 km al SO de Mina Collahuasi,-21.059,-69.033,117.0,3.7,Ml
248420,2024-09-18 18:13:52,2024-09-18 15:13:52,46 km al S de Pica,-20.89,-69.234,109.0,2.6,Ml
248424,2024-09-18 18:39:05,2024-09-18 15:39:05,40 km al O de Mina Collahuasi,-20.854,-69.044,100.0,2.9,Ml
248436,2024-09-18 21:39:40,2024-09-18 18:39:40,36 km al O de Pichidangui,-32.258,-71.889,27.0,2.8,Ml
248450,2024-09-18 23:52:30,2024-09-18 20:52:30,47 km al S de Mina Collahuasi,-21.245,-68.713,105.0,2.9,Ml
248453,2024-09-19 00:19:02,2024-09-18 21:19:02,46 km al SO de Mina Collahuasi,-21.205,-68.842,115.0,2.7,Ml
248455,2024-09-19 00:22:08,2024-09-18 21:22:08,23 km al SE de Petorca,-32.449,-70.846,79.0,3.2,Ml
248457,2024-09-19 00:31:05,2024-09-18 21:31:05,48 km al E de Mina Los Pelambres,-31.89,-70.081,143.0,3.1,Ml
248461,2024-09-19 01:26:19,2024-09-18 22:26:19,26 km al NO de Mina Collahuasi,-20.634,-68.798,104.0,2.9,Ml
248476,2024-09-19 05:45:16,2024-09-19 02:45:16,123 km al O de Lebu,-37.378,-75.014,24.0,3.6,Ml
248480,2024-09-19 06:50:43,2024-09-19 03:50:43,17 km al NO de Punitaqui,-30.728,-71.396,45.0,4.0,Ml
248484,2024-09-19 07:43:31,2024-09-19 04:43:31,20 km al SO de Curicó,-35.141,-71.359,76.0,2.9,Ml
248488,2024-09-19 07:58:38,2024-09-19 04:58:38,25 km al SO de Huasco,-28.639,-71.376,31.0,2.6,Ml
248490,2024-09-19 08:16:07,2024-09-19 05:16:07,30 km al E de Los Andes,-32.807,-70.282,121.0,3.1,Ml
248506,2024-09-19 10:05:26,2024-09-19 07:05:26,61 km al O de San Antonio de los Cobres,-24.165,-66.917,174.0,3.8,Ml
248509,2024-09-19 10:24:33,2024-09-19 07:24:33,8 km al S de Canela Baja,-31.469,-71.481,40.0,3.0,Ml
248512,2024-09-19 11:17:41,2024-09-19 08:17:41,27 km al E de Patache,-20.821,-69.94,41.0,2.7,Ml
248519,2024-09-19 12:16:52,2024-09-19 09:16:52,46 km al NO de Pichilemu,-34.08,-72.346,35.0,2.8,Ml
248535,2024-09-19 16:54:31,2024-09-19 13:54:31,33 km al E de Quillagua,-21.768,-69.24,96.0,2.7,Ml
248579,2024-09-19 22:10:54,2024-09-19 19:10:54,28 km al N de Pica,-20.24,-69.35,86.0,2.5,Ml
248580,2024-09-19 22:23:11,2024-09-19 19:23:11,32 km al O de Quintero,-32.784,-71.872,24.0,2.5,Ml
248590,2024-09-20 01:20:09,2024-09-19 22:20:09,53 km al N de Mina Collahuasi,-20.376,-68.81,113.0,2.8,Ml
248594,2024-09-20 02:10:18,2024-09-19 23:10:18,56 km al SO de Mina Collahuasi,-21.286,-68.889,101.0,4.3,Ml
248607,2024-09-20 05:45:47,2024-09-20 02:45:47,33 km al NO de Quintero,-32.517,-71.707,39.0,3.7,Ml
248620,2024-09-20 09:32:31,2024-09-20 06:32:31,43 km al NO de Quillagua,-21.357,-69.787,41.0,2.9,Ml
248624,2024-09-20 09:55:30,2024-09-20 06:55:30,129 km al O de Patache,-20.645,-71.427,36.0,3.9,Ml
248630,2024-09-20 10:50:21,2024-09-20 07:50:21,33 km al SO de Pica,-20.704,-69.553,31.0,3.4,Ml
248636,2024-09-20 12:08:15,2024-09-20 09:08:15,44 km al O de Mina Collahuasi,-20.896,-69.076,114.0,2.8,Ml
248637,2024-09-20 12:32:55,2024-09-20 09:32:55,72 km al S de Baquedano,-23.974,-69.737,89.0,2.7,Ml
248640,2024-09-20 12:46:43,2024-09-20 09:46:43,21 km al E de Punta de Choros,-29.281,-71.253,53.0,2.5,Ml
248644,2024-09-20 13:46:30,2024-09-20 10:46:30,37 km al NO de Quintero,-32.525,-71.792,38.0,2.8,Ml
248646,2024-09-20 13:55:30,2024-09-20 10:55:30,47 km al SO de Mina Collahuasi,-21.067,-69.029,110.0,3.1,Ml
248649,2024-09-20 14:09:37,2024-09-20 11:09:37,20 km al S de La Serena,-30.082,-71.272,66.0,2.5,Ml
248656,2024-09-20 16:23:04,2024-09-20 13:23:04,25 km al E de Punta de Choros,-29.222,-71.206,46.0,3.6,Ml
248668,2024-09-20 18:05:39,2024-09-20 15:05:39,43 km al SE de Pica,-20.839,-69.141,98.0,2.5,Ml
248670,2024-09-20 18:21:59,2024-09-20 15:21:59,144 km al O de Coronel,-36.449,-74.597,34.0,4.0,Ml
248674,2024-09-20 18:55:53,2024-09-20 15:55:53,38 km al E de Talca,-35.372,-71.252,88.0,3.1,Ml
248680,2024-09-20 19:13:24,2024-09-20 16:13:24,48 km al N de Tocopilla,-21.681,-70.347,40.0,3.5,Ml
248692,2024-09-20 22:18:13,2024-09-20 19:18:13,28 km al N de Calama,-22.228,-69.014,124.0,3.2,Ml
248695,2024-09-20 22:53:55,2024-09-20 19:53:55,8 km al E de Baquedano,-23.359,-69.766,92.0,2.7,Ml
248696,2024-09-20 23:08:58,2024-09-20 20:08:58,60 km al NE de Calama,-22.005,-68.632,121.0,2.7,Ml
248706,2024-09-21 01:57:49,2024-09-20 22:57:49,47 km al N de Calama,-22.065,-68.797,101.0,2.9,Ml
248709,2024-09-21 02:06:56,2024-09-20 23:06:56,30 km al O de Navidad,-33.942,-72.153,36.0,2.7,Ml
248710,2024-09-21 02:19:40,2024-09-20 23:19:40,47 km al S de Pica,-20.904,-69.258,106.0,2.5,Ml
248713,2024-09-21 03:00:15,2024-09-21 00:00:15,31 km al NE de Calama,-22.309,-68.683,126.0,2.9,Ml
248720,2024-09-21 05:21:52,2024-09-21 02:21:52,59 km al N de Calama,-21.962,-68.753,116.0,3.0,Ml
248723,2024-09-21 06:23:23,2024-09-21 03:23:23,37 km al S de Ollagüe,-21.56,-68.247,130.0,3.4,Ml
248724,2024-09-21 06:44:34,2024-09-21 03:44:34,49 km al N de Mina Los Pelambres,-31.401,-70.433,115.0,2.7,Ml
248729,2024-09-21 07:22:44,2024-09-21 04:22:44,59 km al O de Valparaíso,-33.08,-72.251,33.0,2.5,Ml
248733,2024-09-21 08:18:38,2024-09-21 05:18:38,63 km al SE de Socaire,-23.833,-67.334,281.0,3.4,Ml
248746,2024-09-21 12:53:25,2024-09-21 09:53:25,72 km al SE de Socaire,-24.077,-67.426,235.0,3.2,Ml
248749,2024-09-21 13:34:31,2024-09-21 10:34:31,76 km al SO de Colchane,-19.903,-68.923,113.0,3.4,Ml
248751,2024-09-21 13:46:07,2024-09-21 10:46:07,71 km al SE de Mina Los Pelambres,-32.2,-69.978,151.0,2.7,Ml
248758,2024-09-21 15:39:34,2024-09-21 12:39:34,13 km al SO de La Higuera,-29.616,-71.265,54.0,3.0,Ml
248762,2024-09-21 16:14:55,2024-09-21 13:14:55,41 km al E de Sierra Gorda,-22.921,-68.918,116.0,2.5,Ml
248769,2024-09-21 17:33:39,2024-09-21 14:33:39,12 km al O de Rancagua,-34.18,-70.867,86.0,2.7,Ml
248780,2024-09-21 19:36:40,2024-09-21 16:36:40,38 km al SE de Isla Guafo,-43.82,-74.355,6.0,2.8,Ml
248783,2024-09-21 20:37:05,2024-09-21 17:37:05,99 km al SE de Alto del Carmen,-29.317,-69.69,125.0,3.4,Ml
248786,2024-09-21 21:24:25,2024-09-21 18:24:25,160 km al E de San Juan,-31.921,-66.89,135.0,6.0,Mww
248796,2024-09-22 01:26:46,2024-09-21 22:26:46,65 km al NE de Quillagua,-21.311,-69.032,94.0,2.5,Ml
248801,2024-09-22 01:54:02,2024-09-21 22:54:02,88 km al O de San Antonio de los Cobres,-24.135,-67.186,149.0,4.1,Ml
248802,2024-09-22 01:59:07,2024-09-21 22:59:07,54 km al NE de Calama,-22.059,-68.642,111.0,2.8,Ml
248804,2024-09-22 02:14:33,2024-09-21 23:14:33,120 km al NO de Carrizal Bajo,-27.355,-72.054,35.0,3.1,Ml
248806,2024-09-22 02:22:44,2024-09-21 23:22:44,88 km al SE de Socaire,-24.032,-67.169,220.0,3.3,Ml
248809,2024-09-22 02:47:32,2024-09-21 23:47:32,110 km al O de Carrizal Bajo,-27.776,-72.21,14.0,3.4,Ml
248811,2024-09-22 02:54:25,2024-09-21 23:54:25,117 km al NO de Carrizal Bajo,-27.36,-72.012,32.0,3.2,Ml
248812,2024-09-22 03:13:04,2024-09-22 00:13:04,28 km al N de Los Vilos,-31.66,-71.548,71.0,2.8,Ml
248817,2024-09-22 03:37:06,2024-09-22 00:37:06,119 km al O de Caldera,-27.312,-71.995,25.0,3.4,Ml
248819,2024-09-22 03:39:18,2024-09-22 00:39:18,36 km al S de Pica,-20.817,-69.314,66.0,2.6,Ml
248822,2024-09-22 03:58:47,2024-09-22 00:58:47,112 km al NO de Carrizal Bajo,-27.373,-71.954,34.0,2.7,Ml
248823,2024-09-22 04:02:51,2024-09-22 01:02:51,113 km al NO de Carrizal Bajo,-27.361,-71.958,36.0,3.1,Ml
248836,2024-09-22 06:42:03,2024-09-22 03:42:03,32 km al S de Pica,-20.765,-69.231,110.0,3.2,Ml
248842,2024-09-22 08:33:48,2024-09-22 05:33:48,22 km al O de Mina Collahuasi,-20.798,-68.868,110.0,3.0,Ml
248848,2024-09-22 09:29:49,2024-09-22 06:29:49,89 km al SE de Socaire,-24.233,-67.362,222.0,3.2,Ml
248863,2024-09-22 12:22:58,2024-09-22 09:22:58,67 km al NE de Calama,-21.951,-68.595,131.0,2.8,Ml
248870,2024-09-22 13:29:57,2024-09-22 10:29:57,88 km al SE de Socaire,-24.069,-67.198,220.0,3.6,Ml
248876,2024-09-22 14:21:20,2024-09-22 11:21:20,115 km al NO de Carrizal Bajo,-27.388,-72.018,35.0,3.1,Ml
248878,2024-09-22 14:22:20,2024-09-22 11:22:20,28 km al O de Panguipulli,-39.691,-72.649,79.0,2.7,Ml
248884,2024-09-22 17:15:38,2024-09-22 14:15:38,115 km al E de San Pedro de Atacama,-22.869,-67.079,271.0,2.9,Ml
248890,2024-09-22 18:14:21,2024-09-22 15:14:21,28 km al SO de Ollagüe,-21.46,-68.353,127.0,2.9,Ml
248896,2024-09-22 18:46:38,2024-09-22 15:46:38,12 km al NE de Pichidangui,-32.038,-71.473,60.0,5.0,Mw
248908,2024-09-22 20:36:51,2024-09-22 17:36:51,31 km al SE de Pica,-20.653,-69.089,95.0,3.0,Ml
248912,2024-09-22 21:23:38,2024-09-22 18:23:38,17 km al S de Pichilemu,-34.537,-71.965,29.0,2.6,Ml
248916,2024-09-22 23:22:09,2024-09-22 20:22:09,63 km al SO de Mina Collahuasi,-21.251,-69.059,90.0,2.5,Ml
248920,2024-09-22 23:57:46,2024-09-22 20:57:46,32 km al S de Valdivia,-40.087,-73.356,48.0,2.5,Ml
248924,2024-09-23 00:35:32,2024-09-22 21:35:32,7 km al SO de Los Vilos,-31.961,-71.565,39.0,3.3,Ml
248929,2024-09-23 01:16:20,2024-09-22 22:16:20,31 km al S de Mina Collahuasi,-21.099,-68.598,141.0,2.8,Ml
248931,2024-09-23 01:35:06,2024-09-22 22:35:06,75 km al NE de Calama,-21.928,-68.489,125.0,2.6,Ml
248933,2024-09-23 02:06:39,2024-09-22 23:06:39,35 km al O de Cuya,-19.063,-70.494,52.0,2.8,Ml
248936,2024-09-23 02:36:38,2024-09-22 23:36:38,20 km al N de La Serena,-29.73,-71.193,65.0,5.4,Mww
248939,2024-09-23 02:53:05,2024-09-22 23:53:05,59 km al N de Mina La Escondida,-23.76,-68.881,122.0,3.7,Ml
248943,2024-09-23 03:17:58,2024-09-23 00:17:58,19 km al N de La Serena,-29.741,-71.193,63.0,2.5,Ml
248977,2024-09-23 09:38:55,2024-09-23 06:38:55,18 km al S de Mina Collahuasi,-20.983,-68.636,146.0,3.4,Ml
248979,2024-09-23 09:45:21,2024-09-23 06:45:21,16 km al O de Pichilemu,-34.396,-72.188,33.0,3.2,Ml
248982,2024-09-23 11:10:53,2024-09-23 08:10:53,76 km al SO de Ollagüe,-21.772,-68.695,118.0,2.7,Ml
248987,2024-09-23 13:21:55,2024-09-23 10:21:55,83 km al SE de Socaire,-24.214,-67.436,200.0,2.7,Ml
248990,2024-09-23 13:36:54,2024-09-23 10:36:54,60 km al SO de San Pedro de Atacama,-23.245,-68.668,152.0,2.8,Ml
248995,2024-09-23 14:43:58,2024-09-23 11:43:58,65 km al SO de Ollagüe,-21.713,-68.6,121.0,3.2,Ml
249001,2024-09-23 16:10:34,2024-09-23 13:10:34,68 km al NE de Calama,-21.944,-68.601,117.0,2.5,Ml
249002,2024-09-23 16:21:57,2024-09-23 13:21:57,114 km al O de Tirúa,-38.712,-74.711,14.0,2.6,Ml
249007,2024-09-23 18:17:29,2024-09-23 15:17:29,31 km al O de La Serena,-29.968,-71.562,53.0,2.5,Ml
249012,2024-09-23 18:37:30,2024-09-23 15:37:30,56 km al SO de Mina Collahuasi,-21.18,-69.041,114.0,2.9,Ml
249023,2024-09-23 20:32:19,2024-09-23 17:32:19,32 km al S de Mina Collahuasi,-21.114,-68.692,114.0,2.9,Ml
249027,2024-09-23 20:44:56,2024-09-23 17:44:56,19 km al E de La Higuera,-29.529,-71.009,72.0,2.9,Ml
249060,2024-09-24 05:29:11,2024-09-24 02:29:11,20 km al O de La Ligua,-32.397,-71.434,53.0,2.6,Ml
249063,2024-09-24 05:46:58,2024-09-24 02:46:58,97 km al SE de Socaire,-24.338,-67.407,183.0,3.6,Ml
249064,2024-09-24 06:06:54,2024-09-24 03:06:54,60 km al SE de Socaire,-23.998,-67.508,232.0,2.7,Ml
249071,2024-09-24 07:12:11,2024-09-24 04:12:11,67 km al O de San Antonio de los Cobres,-24.213,-66.976,209.0,3.3,Ml
249072,2024-09-24 07:14:48,2024-09-24 04:14:48,38 km al SO de San Pedro de Atacama,-23.229,-68.362,154.0,2.7,Ml
249075,2024-09-24 08:00:53,2024-09-24 05:00:53,3 km al SE de Alto del Carmen,-28.781,-70.474,82.0,2.5,Ml
249077,2024-09-24 08:55:41,2024-09-24 05:55:41,34 km al N de Punta de Choros,-28.941,-71.438,30.0,2.7,Ml
249080,2024-09-24 09:03:26,2024-09-24 06:03:26,10 km al NE de Canela Baja,-31.326,-71.394,52.0,2.9,Ml
249081,2024-09-24 09:17:54,2024-09-24 06:17:54,35 km al E de Petorca,-32.299,-70.56,98.0,3.0,Ml
249085,2024-09-24 10:08:33,2024-09-24 07:08:33,53 km al NE de Alto del Carmen,-28.491,-70.036,111.0,2.5,Ml
249087,2024-09-24 10:36:29,2024-09-24 07:36:29,36 km al NO de María Elena,-22.062,-69.833,53.0,2.5,Ml
249088,2024-09-24 10:50:01,2024-09-24 07:50:01,30 km al SO de Pichidangui,-32.31,-71.776,24.0,3.2,Ml
249092,2024-09-24 11:33:36,2024-09-24 08:33:36,38 km al N de Socaire,-23.271,-68.019,166.0,3.0,Ml
249100,2024-09-24 14:24:27,2024-09-24 11:24:27,50 km al NO de Chañaral,-25.963,-70.891,61.0,5.2,Mw
249102,2024-09-24 14:59:59,2024-09-24 11:59:59,59 km al NE de Pozo Almonte,-19.948,-69.331,89.0,2.5,Ml
249112,2024-09-24 16:56:28,2024-09-24 13:56:28,28 km al SE de Calama,-22.678,-68.768,143.0,3.6,Ml
249128,2024-09-24 22:18:36,2024-09-24 19:18:36,62 km al NO de Lebu,-37.26,-74.209,32.0,3.9,Ml
249138,2024-09-25 00:58:13,2024-09-24 21:58:13,15 km al NO de Huasco,-28.401,-71.351,30.0,3.7,Ml
249143,2024-09-25 01:57:30,2024-09-24 22:57:30,37 km al S de Patache,-21.141,-70.232,63.0,4.5,Mw
249147,2024-09-25 02:49:29,2024-09-24 23:49:29,53 km al N de Pica,-20.032,-69.175,92.0,2.9,Ml
249148,2024-09-25 02:57:28,2024-09-24 23:57:28,26 km al O de Navidad,-33.934,-72.107,38.0,2.8,Ml
249160,2024-09-25 05:03:18,2024-09-25 02:03:18,40 km al NO de Quintero,-32.487,-71.774,27.0,2.7,Ml
249168,2024-09-25 06:22:02,2024-09-25 03:22:02,25 km al O de Quintero,-32.777,-71.789,24.0,2.7,Ml
249177,2024-09-25 08:18:34,2024-09-25 05:18:34,14 km al O de Pichidangui,-32.159,-71.672,34.0,2.9,Ml
249190,2024-09-25 13:41:49,2024-09-25 10:41:49,53 km al E de Pisagua,-19.762,-69.735,79.0,2.6,Ml
249202,2024-09-25 16:15:46,2024-09-25 13:15:46,26 km al O de Quintero,-32.704,-71.792,20.0,2.6,Ml
249218,2024-09-25 19:31:37,2024-09-25 16:31:37,13 km al NE de Colina,-33.123,-70.571,89.0,2.7,Ml
249219,2024-09-25 19:33:30,2024-09-25 16:33:30,24 km al E de Mina Los Pelambres,-31.789,-70.336,141.0,3.3,Ml
249225,2024-09-25 21:12:30,2024-09-25 18:12:30,80 km al E de Alto del Carmen,-28.53,-69.713,113.0,4.6,Mw
249233,2024-09-25 23:22:57,2024-09-25 20:22:57,48 km al SO de Mina Collahuasi,-21.063,-69.047,110.0,2.8,Ml
249240,2024-09-26 00:40:36,2024-09-25 21:40:36,13 km al O de Alto del Carmen,-28.787,-70.618,91.0,3.8,Ml
249251,2024-09-26 03:39:10,2024-09-26 00:39:10,28 km al NO de Tocopilla,-21.926,-70.402,28.0,3.0,Ml
249254,2024-09-26 03:47:32,2024-09-26 00:47:32,75 km al N de San Antonio de los Cobres,-23.557,-66.407,106.0,4.0,Ml
249263,2024-09-26 06:09:35,2024-09-26 03:09:35,63 km al SO de Patache,-21.235,-70.597,23.0,3.1,Ml
249274,2024-09-26 10:40:38,2024-09-26 07:40:38,19 km al E de Pica,-20.474,-69.146,89.0,2.6,Ml
249286,2024-09-26 13:18:45,2024-09-26 10:18:45,23 km al SO de Ollagüe,-21.324,-68.453,138.0,3.1,Ml
249303,2024-09-26 17:19:59,2024-09-26 14:19:59,46 km al NE de Pica,-20.189,-69.034,99.0,2.5,Ml
249309,2024-09-26 18:50:19,2024-09-26 15:50:19,32 km al NE de Alto del Carmen,-28.524,-70.297,98.0,3.0,Ml
249311,2024-09-26 19:22:36,2024-09-26 16:22:36,57 km al NE de Calama,-22.008,-68.681,121.0,3.4,Ml
249328,2024-09-26 22:54:42,2024-09-26 19:54:42,24 km al SE de Linares,-36.04,-71.496,93.0,3.3,Ml
249332,2024-09-26 23:16:59,2024-09-26 20:16:59,20 km al N de Mejillones,-22.927,-70.406,44.0,3.7,Ml
249335,2024-09-26 23:58:32,2024-09-26 20:58:32,81 km al N de San Pedro de Atacama,-22.231,-67.939,209.0,2.8,Ml
249347,2024-09-27 03:29:52,2024-09-27 00:29:52,36 km al SO de Pichidangui,-32.334,-71.835,41.0,2.7,Ml
249352,2024-09-27 04:12:52,2024-09-27 01:12:52,65 km al O de Ollagüe,-21.404,-68.854,102.0,2.9,Ml
249364,2024-09-27 07:04:01,2024-09-27 04:04:01,13 km al NO de Punta de Choros,-29.156,-71.554,43.0,3.1,Ml
249370,2024-09-27 08:17:18,2024-09-27 05:17:18,75 km al S de Ollagüe,-21.87,-68.456,142.0,4.3,Ml
249373,2024-09-27 08:22:05,2024-09-27 05:22:05,78 km al O de San Antonio de los Cobres,-24.038,-67.056,188.0,4.0,Ml
249382,2024-09-27 11:54:45,2024-09-27 08:54:45,109 km al O de Caldera,-27.25,-71.902,33.0,3.0,Ml
249392,2024-09-27 14:14:39,2024-09-27 11:14:39,26 km al NE de Vichuquén,-34.706,-71.803,40.0,3.8,Ml
249420,2024-09-27 18:49:36,2024-09-27 15:49:36,104 km al O de Caldera,-27.258,-71.855,30.0,3.7,Ml
249422,2024-09-27 18:59:09,2024-09-27 15:59:09,47 km al N de San Pedro de Atacama,-22.52,-68.045,187.0,4.2,Ml
249431,2024-09-27 20:58:56,2024-09-27 17:58:56,103 km al O de Caldera,-27.273,-71.84,24.0,3.1,Ml
249438,2024-09-28 00:30:45,2024-09-27 21:30:45,44 km al SO de Mina Collahuasi,-21.177,-68.857,103.0,3.3,Ml
249440,2024-09-28 01:14:03,2024-09-27 22:14:03,45 km al E de Pica,-20.439,-68.902,101.0,2.6,Ml
249444,2024-09-28 01:44:01,2024-09-27 22:44:01,106 km al O de Arica,-18.641,-71.315,38.0,2.5,Ml
249449,2024-09-28 03:14:21,2024-09-28 00:14:21,43 km al NO de Mina Collahuasi,-20.528,-68.917,102.0,2.5,Ml
249452,2024-09-28 04:25:55,2024-09-28 01:25:55,14 km al SO de Los Vilos,-31.992,-71.63,30.0,3.2,Ml
249461,2024-09-28 07:27:51,2024-09-28 04:27:51,18 km al N de Vallenar,-28.419,-70.809,63.0,2.8,Ml
249469,2024-09-28 09:54:24,2024-09-28 06:54:24,63 km al SO de Ollagüe,-21.719,-68.556,125.0,2.6,Ml
249475,2024-09-28 11:02:11,2024-09-28 08:02:11,69 km al NE de Calama,-21.889,-68.684,110.0,2.6,Ml
249483,2024-09-28 15:17:01,2024-09-28 12:17:01,92 km al NE de Socaire,-23.157,-67.124,230.0,3.3,Ml
249486,2024-09-28 16:27:16,2024-09-28 13:27:16,19 km al S de Villarrica,-39.454,-72.253,82.0,3.8,Ml
249490,2024-09-28 16:41:42,2024-09-28 13:41:42,72 km al NE de San Pedro de Atacama,-22.409,-67.771,200.0,3.6,Ml
249499,2024-09-28 18:31:05,2024-09-28 15:31:05,68 km al E de San Pedro de Atacama,-22.784,-67.555,257.0,3.0,Ml
249501,2024-09-28 18:58:37,2024-09-28 15:58:37,18 km al N de Camiña,-19.153,-69.44,96.0,2.6,Ml
249506,2024-09-28 19:16:36,2024-09-28 16:16:36,28 km al NO de Tocopilla,-21.908,-70.39,19.0,3.0,Ml
249514,2024-09-28 20:36:31,2024-09-28 17:36:31,47 km al O de Mina Collahuasi,-20.88,-69.102,109.0,2.5,Ml
249518,2024-09-28 22:00:11,2024-09-28 19:00:11,28 km al S de Calama,-22.715,-68.991,113.0,2.7,Ml
249520,2024-09-28 22:35:05,2024-09-28 19:35:05,49 km al S de Putre,-18.633,-69.645,112.0,2.8,Ml
249522,2024-09-28 23:51:48,2024-09-28 20:51:48,8 km al O de Tocopilla,-22.072,-70.277,27.0,2.9,Ml
249525,2024-09-29 00:35:15,2024-09-28 21:35:15,86 km al NE de San Pedro de Atacama,-22.26,-67.762,203.0,3.2,Ml
249527,2024-09-29 01:09:02,2024-09-28 22:09:02,43 km al N de Carrizal Bajo,-27.708,-71.263,44.0,2.7,Ml
249530,2024-09-29 01:46:36,2024-09-28 22:46:36,43 km al S de Patache,-21.194,-70.275,66.0,4.5,Mw
249534,2024-09-29 02:19:29,2024-09-28 23:19:29,42 km al SO de Parque Fray Jorge,-30.887,-72.037,28.0,3.2,Ml
249536,2024-09-29 02:31:40,2024-09-28 23:31:40,28 km al NO de Los Vilos,-31.724,-71.709,29.0,3.3,Ml
249540,2024-09-29 02:39:24,2024-09-28 23:39:24,32 km al NO de Punta de Choros,-28.995,-71.612,39.0,3.6,Ml
249546,2024-09-29 04:03:54,2024-09-29 01:03:54,82 km al NO de San Antonio de los Cobres,-23.843,-67.005,210.0,3.4,Ml
249554,2024-09-29 05:39:17,2024-09-29 02:39:17,32 km al O de La Serena,-29.847,-71.577,37.0,2.6,Ml
249556,2024-09-29 06:13:15,2024-09-29 03:13:15,51 km al E de Sierra Gorda,-22.99,-68.834,85.0,3.7,Ml
249559,2024-09-29 06:28:20,2024-09-29 03:28:20,52 km al O de Ollagüe,-21.294,-68.748,124.0,3.2,Ml
249561,2024-09-29 06:31:30,2024-09-29 03:31:30,78 km al SE de Socaire,-24.061,-67.316,199.0,3.0,Ml
249563,2024-09-29 06:41:56,2024-09-29 03:41:56,46 km al E de Carrizal Bajo,-27.962,-70.703,66.0,3.1,Ml
249571,2024-09-29 08:15:49,2024-09-29 05:15:49,44 km al SO de Mina Collahuasi,-21.155,-68.9,119.0,3.4,Ml
249572,2024-09-29 08:27:33,2024-09-29 05:27:33,33 km al O de Colina,-33.332,-70.999,69.0,2.7,Ml
249575,2024-09-29 08:39:06,2024-09-29 05:39:06,46 km al SO de Mina Collahuasi,-21.097,-68.989,114.0,2.5,Ml
249582,2024-09-29 10:39:19,2024-09-29 07:39:19,7 km al NE de Calama,-22.426,-68.885,130.0,2.9,Ml
249586,2024-09-29 10:56:29,2024-09-29 07:56:29,38 km al SE de Camiña,-19.584,-69.205,104.0,2.9,Ml
249613,2024-09-29 17:36:21,2024-09-29 14:36:21,31 km al SE de Combarbalá,-31.313,-70.719,105.0,2.9,Ml
249617,2024-09-29 18:03:13,2024-09-29 15:03:13,37 km al NO de Quintero,-32.487,-71.721,16.0,4.0,Ml
249626,2024-09-29 18:56:07,2024-09-29 15:56:07,28 km al N de Caleta El Cobre,-24.0,-70.55,220.0,2.8,Ml
249629,2024-09-29 19:31:56,2024-09-29 16:31:56,44 km al O de Mina Collahuasi,-20.901,-69.078,98.0,2.8,Ml
249643,2024-09-30 00:50:40,2024-09-29 21:50:40,46 km al SO de Mina Collahuasi,-21.106,-68.983,115.0,3.0,Ml
249650,2024-09-30 02:28:48,2024-09-29 23:28:48,20 km al E de Mina Los Pelambres,-31.795,-70.375,129.0,2.5,Ml
249664,2024-09-30 04:53:27,2024-09-30 01:53:27,17 km al NO de Petorca,-32.117,-71.02,96.0,2.7,Ml
249675,2024-09-30 06:37:50,2024-09-30 03:37:50,88 km al SE de Socaire,-24.3,-67.498,206.0,3.1,Ml
249677,2024-09-30 06:42:23,2024-09-30 03:42:23,20 km al N de Taltal,-25.236,-70.436,44.0,4.0,Ml
249681,2024-09-30 08:04:00,2024-09-30 05:04:00,12 km al NE de Parque Fray Jorge,-30.593,-71.589,34.0,2.6,Ml
249684,2024-09-30 08:30:27,2024-09-30 05:30:27,71 km al SO de Ollagüe,-21.804,-68.532,142.0,3.0,Ml
249686,2024-09-30 09:26:31,2024-09-30 06:26:31,33 km al SO de Ollagüe,-21.461,-68.445,127.0,2.7,Ml
249692,2024-09-30 11:14:20,2024-09-30 08:14:20,54 km al O de Iquique,-20.14,-70.667,28.0,4.1,Ml
249696,2024-09-30 12:11:33,2024-09-30 09:11:33,51 km al N de Chañaral,-25.911,-70.479,42.0,2.8,Ml
249704,2024-09-30 13:44:05,2024-09-30 10:44:05,25 km al NE de Punta de Choros,-29.058,-71.329,52.0,2.5,Ml
249705,2024-09-30 14:28:21,2024-09-30 11:28:21,16 km al SO de Los Vilos,-32.008,-71.636,33.0,2.6,Ml
249706,2024-09-30 14:46:30,2024-09-30 11:46:30,61 km al N de Ollagüe,-20.698,-68.083,174.0,2.8,Ml
249708,2024-09-30 15:27:34,2024-09-30 12:27:34,49 km al S de Putre,-18.628,-69.482,107.0,3.3,Ml
249710,2024-09-30 15:38:30,2024-09-30 12:38:30,61 km al O de Mina La Escondida,-24.071,-69.62,101.0,2.9,Ml
249711,2024-09-30 16:15:34,2024-09-30 13:15:34,28 km al NE de Pica,-20.285,-69.176,92.0,3.1,Ml
249715,2024-09-30 17:32:03,2024-09-30 14:32:03,44 km al O de Visviri,-17.57,-69.901,144.0,3.0,Ml
249724,2024-09-30 18:24:25,2024-09-30 15:24:25,27 km al SO de Pica,-20.659,-69.514,90.0,2.8,Ml
249729,2024-09-30 19:22:34,2024-09-30 16:22:34,115 km al SE de Copiapó,-28.093,-69.5,123.0,3.2,Ml
249730,2024-09-30 19:25:17,2024-09-30 16:25:17,11 km al N de San Fabián,-36.462,-71.575,97.0,4.1,Ml
249732,2024-09-30 19:50:58,2024-09-30 16:50:58,95 km al NE de Socaire,-23.101,-67.125,268.0,2.9,Ml
249747,2024-10-01 00:36:21,2024-09-30 21:36:21,33 km al S de Mina Collahuasi,-21.109,-68.745,117.0,3.0,Ml
249755,2024-10-01 04:27:37,2024-10-01 01:27:37,5 km al NO de Huasco,-28.44,-71.267,39.0,3.3,Ml
249756,2024-10-01 04:32:47,2024-10-01 01:32:47,94 km al SE de Socaire,-24.33,-67.45,209.0,3.7,Ml
249757,2024-10-01 04:36:15,2024-10-01 01:36:15,21 km al N de Vichuquén,-34.7,-72.042,12.0,3.3,Ml
249759,2024-10-01 05:01:57,2024-10-01 02:01:57,60 km al O de Iquique,-20.129,-70.723,25.0,5.3,Mw
249767,2024-10-01 06:43:36,2024-10-01 03:43:36,21 km al O de San Pedro de Atacama,-22.874,-68.398,161.0,2.6,Ml
249770,2024-10-01 07:08:19,2024-10-01 04:08:19,42 km al SE de Pica,-20.831,-69.152,105.0,2.7,Ml
249788,2024-10-01 10:47:34,2024-10-01 07:47:34,28 km al NO de Mina Collahuasi,-20.7,-68.887,101.0,2.6,Ml
249791,2024-10-01 11:45:52,2024-10-01 08:45:52,18 km al SE de La Serena,-30.054,-71.184,66.0,4.1,Ml
249793,2024-10-01 12:38:30,2024-10-01 09:38:30,31 km al S de San José de Maipo,-33.917,-70.302,121.0,3.5,Ml
249800,2024-10-01 14:52:24,2024-10-01 11:52:24,25 km al N de Camiña,-19.1,-69.356,103.0,2.8,Ml
249803,2024-10-01 15:58:13,2024-10-01 12:58:13,28 km al NE de Tacna,-17.829,-70.073,77.0,2.9,Ml
249806,2024-10-01 17:05:25,2024-10-01 14:05:25,41 km al O de Mina La Escondida,-24.23,-69.454,96.0,3.6,Ml
249819,2024-10-01 20:41:26,2024-10-01 17:41:26,40 km al S de Camiña,-19.647,-69.29,108.0,3.9,Ml
249824,2024-10-01 20:56:31,2024-10-01 17:56:31,11 km al O de Ovalle,-30.605,-71.314,72.0,3.5,Ml
249829,2024-10-01 23:15:41,2024-10-01 20:15:41,13 km al NE de Camiña,-19.22,-69.358,112.0,2.9,Ml
249831,2024-10-01 23:26:59,2024-10-01 20:26:59,39 km al E de Pica,-20.544,-68.958,109.0,3.2,Ml
251649,2024-10-01 23:29:20,2024-10-01 20:29:20,34 km al SO de Ollagüe,-21.418,-68.513,128.0,2.7,Ml
249837,2024-10-02 00:35:00,2024-10-01 21:35:00,121 km al O de Pichilemu,-34.48,-73.327,7.0,2.7,Ml
249838,2024-10-02 00:37:55,2024-10-01 21:37:55,9 km al O de Quillagua,-21.66,-69.619,75.0,3.1,Ml
249857,2024-10-02 05:36:17,2024-10-02 02:36:17,8 km al SE de Parque Fray Jorge,-30.71,-71.614,30.0,2.9,Ml
249861,2024-10-02 06:32:21,2024-10-02 03:32:21,6 km al S de Parque Fray Jorge,-30.715,-71.698,35.0,3.2,Ml
249865,2024-10-02 06:49:12,2024-10-02 03:49:12,18 km al O de Visviri,-17.65,-69.641,165.0,3.8,Ml
249871,2024-10-02 08:07:05,2024-10-02 05:07:05,17 km al NO de Quintero,-32.636,-71.608,44.0,4.0,Ml
249881,2024-10-02 12:08:06,2024-10-02 09:08:06,57 km al SO de Ollagüe,-21.513,-68.714,125.0,2.8,Ml
249883,2024-10-02 12:38:40,2024-10-02 09:38:40,31 km al O de Mina Collahuasi,-20.939,-68.935,125.0,2.8,Ml
249894,2024-10-02 14:25:26,2024-10-02 11:25:26,81 km al O de Pichidangui,-32.163,-72.388,42.0,2.7,Ml
249900,2024-10-02 16:38:13,2024-10-02 13:38:13,13 km al S de San José de Maipo,-33.755,-70.375,117.0,3.7,Ml
249912,2024-10-02 18:52:28,2024-10-02 15:52:28,36 km al O de Castro,-42.417,-74.19,34.0,4.5,Mw
249924,2024-10-02 22:20:46,2024-10-02 19:20:46,10 km al E de Pichidangui,-32.127,-71.422,52.0,3.1,Ml
249947,2024-10-03 03:43:29,2024-10-03 00:43:29,69 km al N de Tocopilla,-21.507,-70.417,43.0,2.8,Ml
249946,2024-10-03 03:45:58,2024-10-03 00:45:58,18 km al SO de Calama,-22.578,-69.065,124.0,3.0,Ml
249984,2024-10-03 13:41:08,2024-10-03 10:41:08,79 km al E de Copiapó,-27.437,-69.534,109.0,3.7,Ml
250018,2024-10-03 14:58:45,2024-10-03 11:58:45,30 km al S de Camiña,-19.57,-69.523,86.0,2.8,Ml
250021,2024-10-03 15:53:28,2024-10-03 12:53:28,31 km al O de La Higuera,-29.629,-71.495,67.0,2.9,Ml
250024,2024-10-03 16:07:44,2024-10-03 13:07:44,40 km al N de Punta de Choros,-28.906,-71.357,44.0,3.4,Ml
250028,2024-10-03 17:08:51,2024-10-03 14:08:51,72 km al N de Calama,-21.862,-68.697,115.0,2.5,Ml
250074,2024-10-04 05:13:22,2024-10-04 02:13:22,16 km al O de Carrizal Bajo,-28.026,-71.294,50.0,3.6,Ml
250079,2024-10-04 05:44:28,2024-10-04 02:44:28,22 km al E de Farellones,-33.268,-70.092,118.0,2.8,Ml
250086,2024-10-04 06:35:19,2024-10-04 03:35:19,62 km al SO de Ollagüe,-21.519,-68.763,108.0,4.2,Ml
250089,2024-10-04 07:21:58,2024-10-04 04:21:58,47 km al O de Mina Collahuasi,-20.889,-69.107,106.0,2.8,Ml
250103,2024-10-04 09:40:49,2024-10-04 06:40:49,118 km al O de Tirúa,-38.588,-74.808,17.0,2.9,Ml
250109,2024-10-04 12:43:51,2024-10-04 09:43:51,40 km al SO de Huasco,-28.784,-71.418,48.0,3.0,Ml
250111,2024-10-04 12:57:59,2024-10-04 09:57:59,18 km al O de Pozo Almonte,-20.317,-69.951,52.0,4.2,Ml
250123,2024-10-04 17:09:00,2024-10-04 14:09:00,59 km al NE de Calama,-22.056,-68.574,134.0,2.9,Ml
250127,2024-10-04 17:21:33,2024-10-04 14:21:33,71 km al E de Socaire,-23.819,-67.24,244.0,3.3,Ml
250141,2024-10-04 20:22:10,2024-10-04 17:22:10,24 km al NE de Calama,-22.34,-68.741,121.0,3.1,Ml
250145,2024-10-04 21:45:15,2024-10-04 18:45:15,33 km al SO de Huasco,-28.701,-71.421,39.0,3.2,Ml
250146,2024-10-04 22:13:47,2024-10-04 19:13:47,43 km al O de Mina Collahuasi,-20.91,-69.061,110.0,3.0,Ml
250149,2024-10-04 23:42:24,2024-10-04 20:42:24,40 km al O de Mina Collahuasi,-20.831,-69.047,113.0,3.0,Ml
250179,2024-10-05 04:38:49,2024-10-05 01:38:49,74 km al NE de Socaire,-23.257,-67.26,252.0,3.0,Ml
250188,2024-10-05 06:48:30,2024-10-05 03:48:30,31 km al NE de Calama,-22.222,-68.785,122.0,2.5,Ml
250193,2024-10-05 07:44:34,2024-10-05 04:44:34,160 km al SO de Tirúa,-39.123,-75.039,23.0,3.9,Ml
250197,2024-10-05 08:10:57,2024-10-05 05:10:57,20 km al NO de Punitaqui,-30.744,-71.447,71.0,4.0,Ml
250203,2024-10-05 09:44:34,2024-10-05 06:44:34,84 km al SE de Socaire,-24.016,-67.207,231.0,3.1,Ml
250211,2024-10-05 11:15:51,2024-10-05 08:15:51,18 km al N de Las Cabras,-34.135,-71.342,83.0,2.8,Ml
250221,2024-10-05 14:53:48,2024-10-05 11:53:48,55 km al S de Ollagüe,-21.698,-68.402,143.0,3.6,Ml
250227,2024-10-05 15:58:43,2024-10-05 12:58:43,18 km al O de Putre,-18.26,-69.713,91.0,2.9,Ml
250231,2024-10-05 16:29:48,2024-10-05 13:29:48,139 km al O de Parque Fray Jorge,-30.27,-73.064,10.0,3.6,Ml
250236,2024-10-05 17:21:39,2024-10-05 14:21:39,48 km al O de San Pedro de Atacama,-22.934,-68.673,98.0,2.8,Ml
250237,2024-10-05 17:54:42,2024-10-05 14:54:42,46 km al SO de Mina Collahuasi,-21.1,-68.989,113.0,2.9,Ml
250254,2024-10-05 20:44:23,2024-10-05 17:44:23,45 km al SO de Ollagüe,-21.591,-68.43,129.0,3.7,Ml
250258,2024-10-05 21:32:41,2024-10-05 18:32:41,44 km al S de Ollagüe,-21.595,-68.4,133.0,3.1,Ml
250277,2024-10-06 03:26:57,2024-10-06 00:26:57,35 km al O de Navidad,-33.864,-72.193,36.0,4.0,Ml
250292,2024-10-06 05:46:37,2024-10-06 02:46:37,81 km al N de El Salvador,-25.547,-69.415,145.0,3.6,Ml
250294,2024-10-06 05:51:23,2024-10-06 02:51:23,62 km al SE de Socaire,-24.072,-67.58,212.0,3.4,Ml
250298,2024-10-06 06:16:52,2024-10-06 03:16:52,62 km al NE de Calama,-22.018,-68.577,121.0,3.0,Ml
250303,2024-10-06 07:29:20,2024-10-06 04:29:20,26 km al SO de Mina Collahuasi,-20.957,-68.863,94.0,3.0,Ml
250310,2024-10-06 08:46:50,2024-10-06 05:46:50,83 km al E de Taltal,-25.417,-69.656,87.0,2.9,Ml
250314,2024-10-06 09:29:27,2024-10-06 06:29:27,43 km al SO de Mina Collahuasi,-21.12,-68.934,110.0,2.9,Ml
250324,2024-10-06 11:10:10,2024-10-06 08:10:10,24 km al NE de Curicó,-34.849,-71.037,102.0,2.9,Ml
250332,2024-10-06 12:27:30,2024-10-06 09:27:30,71 km al SE de Putre,-18.653,-69.084,127.0,3.4,Ml
250334,2024-10-06 13:46:07,2024-10-06 10:46:07,31 km al O de Ollagüe,-21.181,-68.547,129.0,2.8,Ml
250339,2024-10-06 15:06:41,2024-10-06 12:06:41,120 km al O de Bahía Mansa,-40.299,-75.101,29.0,2.8,Ml
250341,2024-10-06 15:15:26,2024-10-06 12:15:26,71 km al NE de San Pedro de Atacama,-22.354,-67.887,202.0,3.0,Ml
250342,2024-10-06 15:33:54,2024-10-06 12:33:54,82 km al O de Caleta Tortel,-47.811,-74.64,18.0,3.3,Ml
250352,2024-10-06 17:13:47,2024-10-06 14:13:47,31 km al NE de Alto del Carmen,-28.529,-70.315,109.0,2.9,Ml
250353,2024-10-06 17:19:07,2024-10-06 14:19:07,54 km al NE de Calama,-22.065,-68.644,118.0,2.9,Ml
250364,2024-10-06 18:11:01,2024-10-06 15:11:01,27 km al O de Navidad,-33.867,-72.1,35.0,3.1,Ml
250370,2024-10-06 19:02:51,2024-10-06 16:02:51,24 km al N de Calama,-22.257,-68.972,108.0,2.8,Ml
250377,2024-10-06 20:00:40,2024-10-06 17:00:40,38 km al S de San Pedro de Atacama,-23.259,-68.142,177.0,3.8,Ml
250383,2024-10-06 20:40:21,2024-10-06 17:40:21,17 km al SE de Iquique,-20.348,-70.066,54.0,3.6,Ml
250391,2024-10-06 22:11:04,2024-10-06 19:11:04,57 km al S de Caldera,-27.564,-70.946,59.0,3.2,Ml
250399,2024-10-07 00:24:32,2024-10-06 21:24:32,54 km al SE de Socaire,-24.031,-67.658,240.0,3.1,Ml
250400,2024-10-07 00:25:12,2024-10-06 21:25:12,104 km al SE de Copiapó,-27.993,-69.554,108.0,2.9,Ml
250402,2024-10-07 00:56:08,2024-10-06 21:56:08,67 km al E de Socaire,-23.684,-67.244,218.0,2.7,Ml
250405,2024-10-07 01:42:04,2024-10-06 22:42:04,58 km al N de Pica,-19.997,-69.148,91.0,2.6,Ml
250407,2024-10-07 01:57:39,2024-10-06 22:57:39,32 km al E de Petorca,-32.13,-70.626,118.0,3.2,Ml
250408,2024-10-07 02:14:55,2024-10-06 23:14:55,56 km al SO de Ollagüe,-21.643,-68.55,126.0,3.4,Ml
250414,2024-10-07 03:09:13,2024-10-07 00:09:13,77 km al SE de Socaire,-24.063,-67.341,220.0,3.4,Ml
250423,2024-10-07 04:51:44,2024-10-07 01:51:44,30 km al S de Parque Fray Jorge,-30.923,-71.594,69.0,2.5,Ml
250425,2024-10-07 05:11:30,2024-10-07 02:11:30,63 km al SE de Socaire,-24.016,-67.481,220.0,3.2,Ml
250427,2024-10-07 05:35:08,2024-10-07 02:35:08,60 km al S de Socaire,-24.119,-67.785,243.0,4.9,Mw
250432,2024-10-07 05:49:56,2024-10-07 02:49:56,82 km al O de San Antonio de los Cobres,-24.18,-67.128,171.0,4.6,Mw
250434,2024-10-07 06:02:22,2024-10-07 03:02:22,13 km al N de Pichidangui,-32.027,-71.494,60.0,2.5,Ml
250437,2024-10-07 06:18:51,2024-10-07 03:18:51,42 km al SO de Quillagua,-21.855,-69.881,74.0,2.5,Ml
250439,2024-10-07 06:46:56,2024-10-07 03:46:56,47 km al S de Socaire,-24.015,-67.93,253.0,2.8,Ml
250442,2024-10-07 07:08:25,2024-10-07 04:08:25,65 km al S de Pica,-21.055,-69.505,90.0,3.1,Ml
250449,2024-10-07 08:31:51,2024-10-07 05:31:51,32 km al O de Ollagüe,-21.182,-68.563,132.0,3.6,Ml
250453,2024-10-07 09:31:10,2024-10-07 06:31:10,72 km al NO de Tocopilla,-21.491,-70.459,50.0,2.5,Ml
250461,2024-10-07 10:31:56,2024-10-07 07:31:56,128 km al E de Socaire,-23.119,-66.751,201.0,3.5,Ml
250466,2024-10-07 11:53:28,2024-10-07 08:53:28,77 km al O de San Antonio de los Cobres,-24.234,-67.078,184.0,3.8,Ml
250468,2024-10-07 12:13:07,2024-10-07 09:13:07,67 km al N de San Pedro de Atacama,-22.335,-68.031,205.0,4.1,Ml
250472,2024-10-07 13:37:54,2024-10-07 10:37:54,37 km al SO de Mina Collahuasi,-20.982,-68.976,104.0,3.2,Ml
250475,2024-10-07 13:58:22,2024-10-07 10:58:22,33 km al NO de Los Vilos,-31.665,-71.701,26.0,3.1,Ml
250480,2024-10-07 14:26:40,2024-10-07 11:26:40,152 km al NO de Bahía Mansa,-39.637,-75.027,34.0,3.1,Ml
250481,2024-10-07 14:33:46,2024-10-07 11:33:46,28 km al SO de Las Cabras,-34.431,-71.558,53.0,3.9,Ml
250484,2024-10-07 14:51:51,2024-10-07 11:51:51,89 km al NE de San Pedro de Atacama,-22.383,-67.552,185.0,3.8,Ml
250489,2024-10-07 15:47:15,2024-10-07 12:47:15,43 km al E de Colchane,-19.243,-68.227,201.0,2.9,Ml
250504,2024-10-07 18:15:02,2024-10-07 15:15:02,73 km al NE de Calama,-21.923,-68.533,128.0,3.4,Ml
250507,2024-10-07 18:44:11,2024-10-07 15:44:11,56 km al NE de Calama,-22.01,-68.702,117.0,2.8,Ml
250513,2024-10-07 19:34:08,2024-10-07 16:34:08,27 km al SE de Pozo Almonte,-20.465,-69.652,69.0,2.8,Ml
250521,2024-10-07 21:40:47,2024-10-07 18:40:47,24 km al NE de Petorca,-32.13,-70.726,87.0,3.0,Ml
250556,2024-10-08 03:31:47,2024-10-08 00:31:47,25 km al O de Quintero,-32.785,-71.796,36.0,2.5,Ml
250560,2024-10-08 04:10:56,2024-10-08 01:10:56,99 km al SE de Ollagüe,-21.885,-67.608,215.0,3.2,Ml
250566,2024-10-08 04:27:20,2024-10-08 01:27:20,76 km al SO de Socaire,-24.209,-68.211,281.0,2.7,Ml
250572,2024-10-08 05:30:50,2024-10-08 02:30:50,78 km al O de Los Vilos,-31.636,-72.271,38.0,2.7,Ml
250579,2024-10-08 05:50:08,2024-10-08 02:50:08,41 km al O de La Serena,-29.785,-71.656,44.0,3.2,Ml
250582,2024-10-08 05:52:57,2024-10-08 02:52:57,34 km al S de Mina Collahuasi,-21.133,-68.679,128.0,2.9,Ml
250588,2024-10-08 07:08:24,2024-10-08 04:08:24,68 km al NE de San Pedro de Atacama,-22.409,-67.835,124.0,3.4,Ml
250591,2024-10-08 07:18:37,2024-10-08 04:18:37,36 km al NO de Navidad,-33.685,-72.041,44.0,2.7,Ml
250601,2024-10-08 09:05:53,2024-10-08 06:05:53,65 km al SE de Socaire,-23.999,-67.433,255.0,3.2,Ml
250604,2024-10-08 11:16:51,2024-10-08 08:16:51,30 km al SO de Ollagüe,-21.418,-68.455,141.0,2.9,Ml
250610,2024-10-08 12:51:38,2024-10-08 09:51:38,19 km al E de Ollagüe,-21.221,-68.075,189.0,4.5,Mw
250614,2024-10-08 13:18:39,2024-10-08 10:18:39,47 km al S de Caldera,-27.484,-70.918,41.0,2.6,Ml
250616,2024-10-08 13:44:52,2024-10-08 10:44:52,47 km al O de Quillagua,-21.66,-69.993,44.0,2.6,Ml
250620,2024-10-08 14:08:54,2024-10-08 11:08:54,34 km al E de Mina Los Pelambres,-31.905,-70.238,126.0,2.7,Ml
251654,2024-10-08 15:27:23,2024-10-08 12:27:23,81 km al E de Socaire,-23.825,-67.142,255.0,3.0,Ml
250626,2024-10-08 15:28:45,2024-10-08 12:28:45,47 km al S de Mina Collahuasi,-21.226,-68.805,110.0,2.6,Ml
250627,2024-10-08 16:08:16,2024-10-08 13:08:16,87 km al SE de Termas del Flaco,-35.549,-69.81,45.0,2.5,Ml
250628,2024-10-08 16:31:32,2024-10-08 13:31:32,55 km al SO de Mina Collahuasi,-21.223,-68.968,105.0,3.5,Ml
250645,2024-10-08 18:34:36,2024-10-08 15:34:36,10 km al SE de Pichilemu,-34.468,-71.956,21.0,2.5,Ml
250647,2024-10-08 20:06:19,2024-10-08 17:06:19,29 km al NE de Pica,-20.252,-69.22,92.0,2.6,Ml
250654,2024-10-08 20:34:35,2024-10-08 17:34:35,76 km al SE de Socaire,-24.19,-67.54,221.0,3.8,Ml
250660,2024-10-08 23:51:49,2024-10-08 20:51:49,70 km al O de Socaire,-23.541,-68.571,55.0,2.8,Ml
250671,2024-10-09 01:55:58,2024-10-08 22:55:58,39 km al S de Mina Collahuasi,-21.18,-68.634,125.0,2.8,Ml
250677,2024-10-09 04:17:27,2024-10-09 01:17:27,24 km al O de Ollagüe,-21.206,-68.482,127.0,2.7,Ml
250678,2024-10-09 04:33:05,2024-10-09 01:33:05,44 km al SE de Pica,-20.849,-69.151,109.0,3.0,Ml
250683,2024-10-09 05:25:09,2024-10-09 02:25:09,109 km al NE de San Pedro de Atacama,-22.131,-67.569,214.0,3.1,Ml
250688,2024-10-09 07:04:50,2024-10-09 04:04:50,127 km al O de Los Vilos,-31.832,-72.85,33.0,2.7,Ml
250692,2024-10-09 07:39:17,2024-10-09 04:39:17,35 km al E de Pica,-20.54,-68.996,96.0,2.6,Ml
250695,2024-10-09 08:43:02,2024-10-09 05:43:02,20 km al N de Caleta El Cobre,-24.083,-70.457,56.0,2.8,Ml
250711,2024-10-09 15:50:40,2024-10-09 12:50:40,24 km al NO de Tongoy,-30.06,-71.605,48.0,2.5,Ml
250714,2024-10-09 16:19:25,2024-10-09 13:19:25,30 km al NO de Colina,-33.072,-70.951,75.0,3.0,Ml
250719,2024-10-09 16:39:38,2024-10-09 13:39:38,16 km al SO de Mina Collahuasi,-20.925,-68.766,121.0,2.6,Ml
250732,2024-10-09 19:30:05,2024-10-09 16:30:05,12 km al SO de Ovalle,-30.677,-71.297,48.0,3.9,Ml
250745,2024-10-09 21:57:54,2024-10-09 18:57:54,16 km al NO de Punitaqui,-30.758,-71.398,46.0,3.0,Ml
250750,2024-10-09 22:57:55,2024-10-09 19:57:55,2 km al SE de Tongoy,-30.265,-71.481,44.0,2.8,Ml
250755,2024-10-10 01:03:28,2024-10-09 22:03:28,90 km al SE de Ollagüe,-21.926,-67.811,228.0,2.9,Ml
250760,2024-10-10 03:13:43,2024-10-10 00:13:43,49 km al S de Socaire,-24.031,-67.898,237.0,3.7,Ml
250764,2024-10-10 03:20:38,2024-10-10 00:20:38,77 km al NE de Calama,-21.856,-68.576,130.0,2.8,Ml
250769,2024-10-10 04:01:10,2024-10-10 01:01:10,21 km al O de Cabrero,-37.008,-72.636,15.0,3.4,Ml
250776,2024-10-10 05:48:05,2024-10-10 02:48:05,57 km al N de Calama,-21.97,-68.796,133.0,3.5,Ml
250779,2024-10-10 07:23:01,2024-10-10 04:23:01,90 km al SE de Socaire,-24.165,-67.265,159.0,3.2,Ml
250780,2024-10-10 07:44:06,2024-10-10 04:44:06,68 km al O de Quellón,-43.007,-74.445,18.0,3.1,Ml
250786,2024-10-10 11:31:27,2024-10-10 08:31:27,54 km al SO de Ollagüe,-21.634,-68.538,131.0,3.0,Ml
250791,2024-10-10 13:25:57,2024-10-10 10:25:57,94 km al SE de Socaire,-24.254,-67.326,150.0,3.9,Ml
250797,2024-10-10 16:52:00,2024-10-10 13:52:00,59 km al S de Isla Guafo,-44.109,-74.568,18.0,3.0,Ml
250807,2024-10-10 19:13:22,2024-10-10 16:13:22,5 km al NE de Huasco,-28.431,-71.186,42.0,3.2,Ml
250826,2024-10-10 19:48:29,2024-10-10 16:48:29,49 km al N de Tacna,-17.591,-70.157,136.0,3.3,Ml
250831,2024-10-10 19:55:58,2024-10-10 16:55:58,18 km al SE de Pichidangui,-32.233,-71.374,62.0,2.5,Ml
250846,2024-10-10 21:45:55,2024-10-10 18:45:55,48 km al E de Baquedano,-23.471,-69.399,74.0,4.2,Ml
250866,2024-10-11 02:35:03,2024-10-10 23:35:03,41 km al S de Mina Collahuasi,-21.176,-68.774,116.0,3.2,Ml
250869,2024-10-11 03:00:08,2024-10-11 00:00:08,57 km al SO de Ollagüe,-21.695,-68.461,120.0,3.4,Ml
250873,2024-10-11 03:35:03,2024-10-11 00:35:03,64 km al NE de Linares,-35.569,-70.972,106.0,2.5,Ml
250887,2024-10-11 07:48:14,2024-10-11 04:48:14,16 km al N de Caldera,-26.93,-70.767,61.0,2.9,Ml
250892,2024-10-11 08:58:55,2024-10-11 05:58:55,71 km al SE de Camiña,-19.879,-69.114,101.0,2.6,Ml
250895,2024-10-11 09:24:28,2024-10-11 06:24:28,19 km al S de Iquique,-20.38,-70.115,51.0,3.0,Ml
250900,2024-10-11 11:10:43,2024-10-11 08:10:43,53 km al SO de Tocopilla,-22.523,-70.431,22.0,2.5,Ml
250918,2024-10-11 14:23:25,2024-10-11 11:23:25,40 km al S de Ollagüe,-21.562,-68.384,128.0,3.6,Ml
250920,2024-10-11 14:26:15,2024-10-11 11:26:15,77 km al NO de San Antonio de los Cobres,-23.932,-67.004,177.0,3.8,Ml
250921,2024-10-11 14:49:31,2024-10-11 11:49:31,46 km al N de Termas del Flaco,-34.54,-70.44,137.0,3.3,Ml
250924,2024-10-11 14:55:15,2024-10-11 11:55:15,77 km al NE de Alto del Carmen,-28.431,-69.792,107.0,4.4,Mw
250934,2024-10-11 16:22:22,2024-10-11 13:22:22,28 km al NO de Constitución,-35.098,-72.518,15.0,2.9,Ml
250955,2024-10-11 18:20:20,2024-10-11 15:20:20,11 km al N de Quintero,-32.679,-71.512,33.0,2.6,Ml
250950,2024-10-11 18:20:52,2024-10-11 15:20:52,27 km al NO de La Serena,-29.787,-71.499,62.0,3.5,Ml
250957,2024-10-11 19:23:42,2024-10-11 16:23:42,51 km al NO de Mejillones,-22.679,-70.652,37.0,3.2,Ml
250968,2024-10-11 21:27:44,2024-10-11 18:27:44,25 km al SE de Mina Collahuasi,-21.037,-68.561,119.0,3.0,Ml
250980,2024-10-12 01:20:11,2024-10-11 22:20:11,31 km al S de Mina Collahuasi,-21.1,-68.698,112.0,3.3,Ml
250985,2024-10-12 01:33:13,2024-10-11 22:33:13,17 km al N de Tongoy,-30.104,-71.452,37.0,3.3,Ml
250998,2024-10-12 03:26:02,2024-10-12 00:26:02,47 km al SO de Mina Collahuasi,-21.183,-68.896,105.0,2.9,Ml
250997,2024-10-12 03:26:56,2024-10-12 00:26:56,34 km al O de Pichidangui,-32.109,-71.892,34.0,3.7,Ml
251011,2024-10-12 04:59:55,2024-10-12 01:59:55,35 km al N de Tirúa,-38.025,-73.475,32.0,3.3,Ml
251022,2024-10-12 07:20:21,2024-10-12 04:20:21,28 km al O de Bahía Mansa,-40.707,-74.026,31.0,2.7,Ml
251033,2024-10-12 09:20:55,2024-10-12 06:20:55,20 km al O de Vallenar,-28.61,-70.955,40.0,3.1,Ml
251035,2024-10-12 09:52:22,2024-10-12 06:52:22,82 km al O de Mejillones,-22.87,-71.214,20.0,2.7,Ml
251048,2024-10-12 12:37:02,2024-10-12 09:37:02,22 km al S de Los Ángeles,-37.671,-72.317,60.0,3.3,Ml
251054,2024-10-12 13:49:36,2024-10-12 10:49:36,39 km al SO de Mina Collahuasi,-21.067,-68.934,115.0,2.7,Ml
251056,2024-10-12 14:25:02,2024-10-12 11:25:02,40 km al O de Ollagüe,-21.261,-68.64,119.0,3.5,Ml
251068,2024-10-12 15:41:40,2024-10-12 12:41:40,42 km al O de Navidad,-33.997,-72.285,21.0,2.6,Ml
251086,2024-10-12 19:42:41,2024-10-12 16:42:41,33 km al S de Putre,-18.474,-69.672,112.0,2.9,Ml
251093,2024-10-12 21:19:54,2024-10-12 18:19:54,34 km al S de Curicó,-35.285,-71.306,109.0,3.4,Ml
251097,2024-10-12 22:49:53,2024-10-12 19:49:53,32 km al NE de Mina Los Pelambres,-31.6,-70.378,137.0,4.1,Ml
251104,2024-10-12 23:32:46,2024-10-12 20:32:46,12 km al N de Calama,-22.361,-68.959,115.0,3.1,Ml
251111,2024-10-13 00:35:12,2024-10-12 21:35:12,14 km al SE de Angol,-37.863,-72.567,33.0,3.8,Ml
251116,2024-10-13 01:37:38,2024-10-12 22:37:38,41 km al O de San Pedro de Atacama,-23.045,-68.579,137.0,4.3,Ml
251128,2024-10-13 03:37:06,2024-10-13 00:37:06,21 km al SE de Pichidangui,-32.304,-71.432,55.0,3.5,Ml
251130,2024-10-13 03:59:26,2024-10-13 00:59:26,55 km al N de Pica,-20.015,-69.176,100.0,3.4,Ml
251134,2024-10-13 04:31:24,2024-10-13 01:31:24,42 km al SO de Mina Collahuasi,-21.12,-68.905,107.0,2.7,Ml
251137,2024-10-13 05:01:07,2024-10-13 02:01:07,130 km al NE de Socaire,-23.078,-66.745,220.0,3.2,Ml
251139,2024-10-13 05:12:37,2024-10-13 02:12:37,27 km al E de Mina Los Pelambres,-31.786,-70.304,140.0,3.6,Ml
251143,2024-10-13 05:24:40,2024-10-13 02:24:40,31 km al SE de Visviri,-17.843,-69.351,156.0,3.3,Ml
251145,2024-10-13 06:05:40,2024-10-13 03:05:40,39 km al E de Los Andes,-32.75,-70.188,122.0,3.3,Ml
251157,2024-10-13 06:47:24,2024-10-13 03:47:24,23 km al NO de Mina Collahuasi,-20.724,-68.845,109.0,3.2,Ml
251168,2024-10-13 08:50:29,2024-10-13 05:50:29,14 km al NE de Pichidangui,-32.035,-71.432,40.0,2.9,Ml
251184,2024-10-13 10:26:38,2024-10-13 07:26:38,19 km al S de Cuya,-19.319,-70.242,34.0,3.5,Ml
251187,2024-10-13 10:38:28,2024-10-13 07:38:28,22 km al NE de San José de Maipo,-33.534,-70.155,118.0,3.1,Ml
251206,2024-10-13 13:51:44,2024-10-13 10:51:44,34 km al SE de Vichuquén,-35.087,-71.716,58.0,2.5,Ml
251208,2024-10-13 14:45:49,2024-10-13 11:45:49,77 km al E de Alto del Carmen,-29.033,-69.757,108.0,2.9,Ml
251220,2024-10-13 17:13:29,2024-10-13 14:13:29,14 km al O de La Serena,-29.879,-71.391,65.0,3.1,Ml
251225,2024-10-13 17:40:59,2024-10-13 14:40:59,41 km al E de Talca,-35.448,-71.214,99.0,2.9,Ml
251234,2024-10-13 18:29:10,2024-10-13 15:29:10,27 km al NO de Calama,-22.329,-69.138,101.0,2.6,Ml
251250,2024-10-13 22:26:05,2024-10-13 19:26:05,44 km al SO de Huasco,-28.794,-71.463,34.0,3.3,Ml
251260,2024-10-14 00:24:58,2024-10-13 21:24:58,31 km al NE de Mina Los Pelambres,-31.682,-70.305,130.0,2.9,Ml
251264,2024-10-14 00:34:58,2024-10-13 21:34:58,12 km al E de Las Cabras,-34.28,-71.173,75.0,2.5,Ml
251274,2024-10-14 03:21:51,2024-10-14 00:21:51,34 km al N de Pica,-20.187,-69.294,101.0,4.5,Mw
251276,2024-10-14 03:48:52,2024-10-14 00:48:52,13 km al NO de Pisagua,-19.508,-70.293,51.0,3.1,Ml
251285,2024-10-14 05:46:36,2024-10-14 02:46:36,12 km al NO de Lebu,-37.531,-73.745,22.0,3.2,Ml
251296,2024-10-14 07:50:25,2024-10-14 04:50:25,26 km al SE de Sierra Gorda,-23.091,-69.183,98.0,2.6,Ml
251313,2024-10-14 13:59:05,2024-10-14 10:59:05,32 km al O de San Martín de Los Andes,-40.218,-71.717,154.0,2.8,Ml
251323,2024-10-14 15:30:18,2024-10-14 12:30:18,59 km al S de Mina Collahuasi,-21.339,-68.813,126.0,3.4,Ml
251324,2024-10-14 15:38:08,2024-10-14 12:38:08,39 km al SO de Mina Collahuasi,-21.134,-68.844,132.0,2.9,Ml
251325,2024-10-14 15:48:09,2024-10-14 12:48:09,42 km al O de La Serena,-29.827,-71.68,47.0,2.6,Ml
251335,2024-10-14 16:07:00,2024-10-14 13:07:00,10 km al N de Quintero,-32.692,-71.496,32.0,2.8,Ml
251336,2024-10-14 16:33:14,2024-10-14 13:33:14,29 km al N de Calama,-22.208,-68.955,123.0,2.5,Ml
251337,2024-10-14 16:45:40,2024-10-14 13:45:40,80 km al NO de San Antonio de los Cobres,-23.719,-66.876,228.0,2.9,Ml
251362,2024-10-14 20:49:08,2024-10-14 17:49:08,24 km al S de Putre,-18.412,-69.554,127.0,2.5,Ml
251371,2024-10-14 21:37:32,2024-10-14 18:37:32,47 km al SO de Mina Collahuasi,-21.096,-69.007,105.0,4.0,Ml
251385,2024-10-15 01:41:21,2024-10-14 22:41:21,33 km al E de Los Andes,-32.907,-70.254,95.0,2.6,Ml
251388,2024-10-15 01:48:34,2024-10-14 22:48:34,46 km al S de Pica,-20.882,-69.184,110.0,2.9,Ml
251393,2024-10-15 02:20:31,2024-10-14 23:20:31,70 km al NE de Calama,-22.024,-68.451,115.0,2.8,Ml
251396,2024-10-15 02:53:58,2024-10-14 23:53:58,31 km al O de La Serena,-29.866,-71.574,36.0,2.9,Ml
251399,2024-10-15 02:58:54,2024-10-14 23:58:54,60 km al SE de Paihuano,-30.408,-70.069,115.0,2.9,Ml
251401,2024-10-15 03:02:00,2024-10-15 00:02:00,31 km al NO de Camiña,-19.066,-69.554,100.0,2.6,Ml
251416,2024-10-15 05:56:35,2024-10-15 02:56:35,77 km al N de Calama,-21.819,-68.686,116.0,3.3,Ml
251430,2024-10-15 08:03:19,2024-10-15 05:03:19,125 km al O de Constitución,-34.863,-73.659,26.0,3.2,Ml
251442,2024-10-15 10:29:02,2024-10-15 07:29:02,83 km al SE de Socaire,-24.023,-67.226,195.0,3.3,Ml
251444,2024-10-15 10:58:08,2024-10-15 07:58:08,41 km al NO de Calama,-22.187,-69.182,105.0,2.9,Ml
251449,2024-10-15 13:16:28,2024-10-15 10:16:28,37 km al S de Mina Collahuasi,-21.141,-68.767,96.0,2.7,Ml
251453,2024-10-15 13:49:08,2024-10-15 10:49:08,51 km al O de San Antonio de los Cobres,-24.048,-66.781,205.0,3.4,Ml
251475,2024-10-15 17:30:18,2024-10-15 14:30:18,42 km al SE de Pica,-20.838,-69.175,99.0,2.5,Ml
251481,2024-10-15 18:21:44,2024-10-15 15:21:44,130 km al N de San Antonio de los Cobres,-23.096,-66.63,216.0,3.6,Ml
251491,2024-10-15 19:09:03,2024-10-15 16:09:03,58 km al NO de Visviri,-17.263,-69.906,15.0,3.1,Ml
251497,2024-10-15 19:34:29,2024-10-15 16:34:29,79 km al E de Copiapó,-27.514,-69.553,110.0,4.4,Ml
251504,2024-10-15 20:42:33,2024-10-15 17:42:33,71 km al NO de San Antonio de los Cobres,-23.805,-66.847,206.0,4.0,Ml
251514,2024-10-15 22:27:43,2024-10-15 19:27:43,52 km al O de San Antonio de los Cobres,-24.145,-66.826,212.0,3.7,Ml
251517,2024-10-15 23:06:47,2024-10-15 20:06:47,59 km al NO de Visviri,-17.26,-69.91,16.0,3.3,Ml
251519,2024-10-15 23:47:27,2024-10-15 20:47:27,85 km al E de San Pedro de Atacama,-22.706,-67.402,174.0,3.0,Ml
251523,2024-10-16 00:12:44,2024-10-15 21:12:44,17 km al N de Quillota,-32.731,-71.233,59.0,2.8,Ml
251529,2024-10-16 00:48:18,2024-10-15 21:48:18,32 km al E de Valdivia,-39.744,-72.88,50.0,2.9,Ml
251534,2024-10-16 02:06:15,2024-10-15 23:06:15,85 km al E de San Pedro de Atacama,-22.634,-67.429,179.0,3.2,Ml
251540,2024-10-16 02:55:48,2024-10-15 23:55:48,48 km al O de Mina Collahuasi,-20.889,-69.113,113.0,3.1,Ml
251550,2024-10-16 03:52:41,2024-10-16 00:52:41,8 km al S de Los Vilos,-31.982,-71.498,37.0,2.8,Ml
251551,2024-10-16 03:55:19,2024-10-16 00:55:19,23 km al SO de La Higuera,-29.663,-71.37,65.0,2.9,Ml
251559,2024-10-16 04:17:17,2024-10-16 01:17:17,32 km al N de Pica,-20.21,-69.264,105.0,2.7,Ml
251563,2024-10-16 04:50:13,2024-10-16 01:50:13,68 km al SE de Socaire,-24.16,-67.65,234.0,3.6,Ml
251571,2024-10-16 07:06:24,2024-10-16 04:06:24,66 km al S de Socaire,-24.169,-67.768,245.0,3.1,Ml
251573,2024-10-16 07:28:20,2024-10-16 04:28:20,57 km al SO de Ollagüe,-21.446,-68.755,113.0,2.5,Ml
251578,2024-10-16 07:39:04,2024-10-16 04:39:04,39 km al O de Mina Collahuasi,-20.75,-69.023,114.0,2.7,Ml
251589,2024-10-16 11:04:05,2024-10-16 08:04:05,14 km al E de Pichidangui,-32.111,-71.381,60.0,2.9,Ml
251601,2024-10-16 13:27:30,2024-10-16 10:27:30,38 km al SO de Pichidangui,-32.412,-71.769,24.0,2.6,Ml
251604,2024-10-16 13:29:06,2024-10-16 10:29:06,61 km al NE de Calama,-21.972,-68.679,113.0,2.8,Ml
251607,2024-10-16 14:06:00,2024-10-16 11:06:00,46 km al E de Sierra Gorda,-22.939,-68.877,102.0,2.7,Ml
251610,2024-10-16 16:00:25,2024-10-16 13:00:25,30 km al SO de Cuya,-19.362,-70.377,23.0,3.0,Ml
251616,2024-10-16 17:51:47,2024-10-16 14:51:47,19 km al O de Putre,-18.242,-69.733,112.0,3.4,Ml
251624,2024-10-16 17:55:23,2024-10-16 14:55:23,4 km al E de Carrizal Bajo,-28.068,-71.109,60.0,2.7,Ml
251643,2024-10-16 20:03:56,2024-10-16 17:03:56,55 km al SO de San Pedro de Atacama,-23.336,-68.493,164.0,2.6,Ml
251656,2024-10-16 22:24:16,2024-10-16 19:24:16,53 km al SO de Chos Malal,-37.705,-70.709,174.0,3.0,Ml
251659,2024-10-16 22:27:30,2024-10-16 19:27:30,52 km al NO de Tocopilla,-21.67,-70.42,17.0,2.6,Ml
251662,2024-10-16 22:28:59,2024-10-16 19:28:59,21 km al SE de Calama,-22.642,-68.845,117.0,2.6,Ml
251663,2024-10-16 22:54:11,2024-10-16 19:54:11,84 km al E de Paihuano,-29.877,-69.66,140.0,3.4,Ml
251669,2024-10-17 00:11:43,2024-10-16 21:11:43,24 km al N de La Higuera,-29.292,-71.204,55.0,3.3,Ml
251676,2024-10-17 01:45:43,2024-10-16 22:45:43,83 km al NE de Alto del Carmen,-28.279,-69.837,115.0,3.4,Ml
251686,2024-10-17 03:24:04,2024-10-17 00:24:04,17 km al SO de Huasco,-28.562,-71.357,29.0,2.5,Ml
251691,2024-10-17 03:40:05,2024-10-17 00:40:05,20 km al NO de Coronel,-36.937,-73.346,35.0,3.8,Ml
251704,2024-10-17 05:13:31,2024-10-17 02:13:31,56 km al SO de Mina La Escondida,-24.713,-69.308,96.0,3.0,Ml
251711,2024-10-17 07:28:17,2024-10-17 04:28:17,44 km al O de Ollagüe,-21.279,-68.675,120.0,2.7,Ml
251721,2024-10-17 09:03:05,2024-10-17 06:03:05,36 km al NO de San Pedro de Atacama,-22.635,-68.361,139.0,2.5,Ml
251757,2024-10-17 15:22:22,2024-10-17 12:22:22,30 km al S de Mina Collahuasi,-21.096,-68.607,145.0,2.5,Ml
251759,2024-10-17 15:43:55,2024-10-17 12:43:55,85 km al SE de Socaire,-24.216,-67.412,197.0,3.1,Ml
251761,2024-10-17 16:20:31,2024-10-17 13:20:31,88 km al O de San Antonio de los Cobres,-24.087,-67.174,203.0,3.0,Ml
251766,2024-10-17 16:23:55,2024-10-17 13:23:55,30 km al NE de Los Andes,-32.648,-70.37,113.0,2.7,Ml
251776,2024-10-17 17:47:13,2024-10-17 14:47:13,31 km al SO de Ollagüe,-21.416,-68.475,126.0,2.9,Ml
251791,2024-10-17 20:18:44,2024-10-17 17:18:44,69 km al SE de Socaire,-24.089,-67.494,238.0,3.5,Ml
251807,2024-10-17 23:47:21,2024-10-17 20:47:21,30 km al E de Pica,-20.393,-69.064,96.0,3.4,Ml
251815,2024-10-18 01:24:58,2024-10-17 22:24:58,29 km al O de Mina Collahuasi,-20.73,-68.918,107.0,3.2,Ml
251829,2024-10-18 03:37:33,2024-10-18 00:37:33,35 km al S de Mina La Escondida,-24.57,-69.15,104.0,2.9,Ml
251833,2024-10-18 03:54:37,2024-10-18 00:54:37,87 km al SE de Socaire,-24.204,-67.367,200.0,2.9,Ml
251838,2024-10-18 04:34:51,2024-10-18 01:34:51,20 km al N de Vallenar,-28.396,-70.72,66.0,2.8,Ml
251847,2024-10-18 06:10:02,2024-10-18 03:10:02,6 km al SE de Angol,-37.839,-72.655,38.0,3.4,Ml
251855,2024-10-18 06:27:44,2024-10-18 03:27:44,62 km al NE de Los Andes,-32.461,-70.102,121.0,3.2,Ml
251865,2024-10-18 08:40:08,2024-10-18 05:40:08,40 km al E de Sierra Gorda,-23.014,-68.948,108.0,2.9,Ml
251879,2024-10-18 13:09:36,2024-10-18 10:09:36,25 km al SO de Puerto Montt,-41.613,-73.183,58.0,2.6,Ml
251884,2024-10-18 15:37:54,2024-10-18 12:37:54,44 km al SO de Mina Collahuasi,-21.1,-68.967,110.0,3.3,Ml
251888,2024-10-18 15:38:05,2024-10-18 12:38:05,64 km al SE de Copiapó,-27.906,-70.104,106.0,2.8,Ml
251889,2024-10-18 15:40:19,2024-10-18 12:40:19,29 km al NE de Calama,-22.284,-68.731,122.0,3.0,Ml
251892,2024-10-18 16:03:45,2024-10-18 13:03:45,31 km al NO de María Elena,-22.174,-69.9,56.0,2.7,Ml
251920,2024-10-18 20:40:48,2024-10-18 17:40:48,40 km al E de Carrizal Bajo,-28.116,-70.747,55.0,3.8,Ml
251927,2024-10-18 22:13:39,2024-10-18 19:13:39,56 km al NE de Calama,-22.016,-68.699,116.0,3.0,Ml
251932,2024-10-18 22:35:56,2024-10-18 19:35:56,29 km al SO de Huasco,-28.671,-71.407,39.0,3.9,Ml
251936,2024-10-18 23:56:04,2024-10-18 20:56:04,19 km al O de Pica,-20.439,-69.504,28.0,3.0,Ml
251946,2024-10-19 00:49:03,2024-10-18 21:49:03,43 km al S de Patache,-21.179,-70.068,33.0,2.5,Ml
251955,2024-10-19 01:44:06,2024-10-18 22:44:06,35 km al SO de Huasco,-28.732,-71.417,20.0,2.9,Ml
251960,2024-10-19 02:22:55,2024-10-18 23:22:55,57 km al NE de San Pedro de Atacama,-22.47,-67.926,132.0,2.8,Ml
251972,2024-10-19 05:11:28,2024-10-19 02:11:28,22 km al NE de Bahía Mansa,-40.484,-73.511,41.0,2.8,Ml
251978,2024-10-19 07:44:50,2024-10-19 04:44:50,20 km al O de Mina Collahuasi,-20.855,-68.848,105.0,3.0,Ml
251990,2024-10-19 11:10:46,2024-10-19 08:10:46,55 km al SE de Socaire,-23.994,-67.586,232.0,4.1,Ml
252006,2024-10-19 14:45:57,2024-10-19 11:45:57,19 km al E de Calama,-22.429,-68.746,94.0,3.2,Ml
252008,2024-10-19 14:54:17,2024-10-19 11:54:17,73 km al NO de Tongoy,-29.767,-72.002,29.0,2.7,Ml
252013,2024-10-19 15:29:24,2024-10-19 12:29:24,69 km al NO de San Antonio de los Cobres,-23.881,-66.885,188.0,4.4,Mw
252029,2024-10-19 18:44:47,2024-10-19 15:44:47,44 km al S de Pica,-20.866,-69.187,108.0,2.7,Ml
252036,2024-10-19 20:26:25,2024-10-19 17:26:25,30 km al SE de Mina Collahuasi,-21.058,-68.501,128.0,2.5,Ml
252042,2024-10-19 22:26:16,2024-10-19 19:26:16,46 km al E de El Salvador,-26.274,-69.165,145.0,4.6,Mw
252044,2024-10-19 22:51:04,2024-10-19 19:51:04,31 km al SO de Ollagüe,-21.365,-68.508,134.0,3.1,Ml
252048,2024-10-19 23:14:45,2024-10-19 20:14:45,45 km al SO de Pichidangui,-32.37,-71.92,25.0,2.9,Ml
252058,2024-10-20 02:52:55,2024-10-19 23:52:55,49 km al SO de Mina Collahuasi,-21.165,-68.955,113.0,2.7,Ml
252060,2024-10-20 03:10:03,2024-10-20 00:10:03,46 km al S de Pica,-20.881,-69.468,99.0,2.7,Ml
252064,2024-10-20 03:33:37,2024-10-20 00:33:37,52 km al E de Antuco,-37.168,-71.119,142.0,3.3,Ml
252066,2024-10-20 03:49:16,2024-10-20 00:49:16,47 km al SE de Camiña,-19.676,-69.192,115.0,3.4,Ml
252074,2024-10-20 06:30:32,2024-10-20 03:30:32,42 km al O de Carrizal Bajo,-27.957,-71.555,37.0,2.7,Ml
252080,2024-10-20 08:02:36,2024-10-20 05:02:36,42 km al NE de La Higuera,-29.165,-71.018,72.0,4.6,Mw
252104,2024-10-20 13:56:19,2024-10-20 10:56:19,137 km al N de San Antonio de los Cobres,-23.01,-66.551,235.0,4.1,Ml
252108,2024-10-20 14:45:34,2024-10-20 11:45:34,15 km al SO de Ollagüe,-21.319,-68.358,142.0,3.0,Ml
252121,2024-10-20 16:06:11,2024-10-20 13:06:11,19 km al O de Quintero,-32.748,-71.73,37.0,2.9,Ml
252129,2024-10-20 17:18:42,2024-10-20 14:18:42,61 km al NO de San Antonio de los Cobres,-23.799,-66.703,199.0,4.2,Ml
252138,2024-10-20 18:55:10,2024-10-20 15:55:10,16 km al NO de La Serena,-29.795,-71.362,60.0,2.7,Ml
252141,2024-10-20 20:20:39,2024-10-20 17:20:39,22 km al S de Visviri,-17.793,-69.509,138.0,3.6,Ml
252145,2024-10-20 20:43:58,2024-10-20 17:43:58,71 km al SE de Camiña,-19.853,-69.069,97.0,2.7,Ml
252150,2024-10-20 21:07:59,2024-10-20 18:07:59,78 km al N de Calama,-21.8,-68.718,106.0,2.7,Ml
252155,2024-10-20 22:06:56,2024-10-20 19:06:56,30 km al SO de Canela Baja,-31.585,-71.692,25.0,2.5,Ml
252163,2024-10-20 22:59:40,2024-10-20 19:59:40,80 km al NO de San Juan,-30.897,-68.905,125.0,5.7,Mww
252169,2024-10-21 00:47:37,2024-10-20 21:47:37,30 km al S de Punitaqui,-31.083,-71.353,73.0,3.1,Ml
252183,2024-10-21 04:16:47,2024-10-21 01:16:47,12 km al E de Quintero,-32.757,-71.399,20.0,2.5,Ml
252196,2024-10-21 06:58:12,2024-10-21 03:58:12,49 km al SO de Huasco,-28.693,-71.653,37.0,3.2,Ml
252198,2024-10-21 07:11:04,2024-10-21 04:11:04,147 km al SO de Patache,-21.424,-71.459,30.0,2.7,Ml
252199,2024-10-21 07:49:59,2024-10-21 04:49:59,48 km al NO de El Salvador,-25.893,-69.907,80.0,2.8,Ml
252216,2024-10-21 13:03:24,2024-10-21 10:03:24,82 km al E de Copiapó,-27.571,-69.535,111.0,2.6,Ml
252220,2024-10-21 13:24:00,2024-10-21 10:24:00,57 km al SE de Patache,-21.266,-69.961,25.0,2.9,Ml
252254,2024-10-21 19:43:38,2024-10-21 16:43:38,28 km al NO de Mejillones,-22.898,-70.616,24.0,2.6,Ml
252266,2024-10-21 21:56:39,2024-10-21 18:56:39,39 km al SE de Calama,-22.77,-68.739,120.0,2.6,Ml
252271,2024-10-22 01:39:09,2024-10-21 22:39:09,63 km al SE de Baquedano,-23.84,-69.555,70.0,2.8,Ml
252274,2024-10-22 01:49:56,2024-10-21 22:49:56,12 km al S de Camiña,-19.417,-69.401,97.0,2.6,Ml
252280,2024-10-22 03:05:22,2024-10-22 00:05:22,12 km al O de Parque Fray Jorge,-30.694,-71.807,29.0,3.0,Ml
252289,2024-10-22 04:14:29,2024-10-22 01:14:29,70 km al E de Mina Los Pelambres,-32.085,-69.911,154.0,3.1,Ml
252294,2024-10-22 04:55:28,2024-10-22 01:55:28,121 km al SE de Copiapó,-28.029,-69.361,116.0,2.9,Ml
252311,2024-10-22 08:18:42,2024-10-22 05:18:42,96 km al SE de Ollagüe,-21.897,-67.668,200.0,3.4,Ml
252312,2024-10-22 08:20:24,2024-10-22 05:20:24,31 km al S de Mina Collahuasi,-21.098,-68.597,131.0,3.4,Ml
252320,2024-10-22 09:51:55,2024-10-22 06:51:55,76 km al S de Socaire,-24.26,-67.721,240.0,3.6,Ml
252329,2024-10-22 12:13:49,2024-10-22 09:13:49,52 km al SO de Ollagüe,-21.644,-68.476,133.0,3.1,Ml
252331,2024-10-22 12:27:47,2024-10-22 09:27:47,31 km al O de Parque Fray Jorge,-30.642,-72.002,40.0,2.5,Ml
252332,2024-10-22 12:33:27,2024-10-22 09:33:27,9 km al SE de Camiña,-19.348,-69.349,96.0,3.3,Ml
252345,2024-10-22 16:03:05,2024-10-22 13:03:05,38 km al O de Canela Baja,-31.414,-71.854,29.0,3.3,Ml
252362,2024-10-22 18:00:27,2024-10-22 15:00:27,18 km al NO de Punitaqui,-30.739,-71.41,45.0,3.2,Ml
252365,2024-10-22 18:23:54,2024-10-22 15:23:54,40 km al SO de Ollagüe,-21.488,-68.51,144.0,3.0,Ml
252368,2024-10-22 18:32:46,2024-10-22 15:32:46,78 km al S de Socaire,-24.255,-67.639,233.0,3.5,Ml
252381,2024-10-22 21:05:17,2024-10-22 18:05:17,21 km al NE de Calama,-22.299,-68.851,123.0,2.5,Ml
252386,2024-10-22 21:41:22,2024-10-22 18:41:22,50 km al SO de San Pedro de Atacama,-23.312,-68.442,118.0,2.8,Ml
252387,2024-10-22 22:02:37,2024-10-22 19:02:37,37 km al O de Mina La Escondida,-24.314,-69.418,89.0,2.6,Ml
252391,2024-10-22 23:36:32,2024-10-22 20:36:32,48 km al SO de Mina Collahuasi,-21.094,-69.018,111.0,2.7,Ml
252393,2024-10-23 00:13:04,2024-10-22 21:13:04,62 km al SO de Ollagüe,-21.665,-68.624,131.0,3.9,Ml
252399,2024-10-23 01:12:36,2024-10-22 22:12:36,13 km al SE de Los Vilos,-31.998,-71.421,81.0,2.6,Ml
252402,2024-10-23 01:37:30,2024-10-22 22:37:30,74 km al NO de Parque Fray Jorge,-30.271,-72.312,35.0,2.5,Ml
252408,2024-10-23 01:44:14,2024-10-22 22:44:14,60 km al E de Paposo,-24.944,-69.871,41.0,3.1,Ml
252409,2024-10-23 01:51:54,2024-10-22 22:51:54,41 km al S de Mina Collahuasi,-21.188,-68.709,117.0,2.6,Ml
252429,2024-10-23 06:32:14,2024-10-23 03:32:14,35 km al S de Melipilla,-33.996,-71.16,68.0,2.9,Ml
252435,2024-10-23 06:35:50,2024-10-23 03:35:50,7 km al SE de Los Vilos,-31.959,-71.464,68.0,3.6,Ml
252438,2024-10-23 06:39:52,2024-10-23 03:39:52,51 km al NE de Alto del Carmen,-28.351,-70.256,109.0,2.7,Ml
252443,2024-10-23 08:34:10,2024-10-23 05:34:10,23 km al O de Quintero,-32.747,-71.769,33.0,3.4,Ml
252444,2024-10-23 08:36:29,2024-10-23 05:36:29,25 km al O de Quintero,-32.741,-71.786,35.0,2.7,Ml
252448,2024-10-23 08:57:40,2024-10-23 05:57:40,27 km al SE de Concepción,-36.944,-72.786,33.0,3.2,Ml
252454,2024-10-23 09:37:13,2024-10-23 06:37:13,29 km al NE de Camiña,-19.097,-69.276,106.0,4.0,Ml
252463,2024-10-23 11:43:07,2024-10-23 08:43:07,19 km al O de Calama,-22.53,-69.108,100.0,2.5,Ml
252466,2024-10-23 12:40:18,2024-10-23 09:40:18,34 km al S de Mina Collahuasi,-21.136,-68.681,118.0,2.5,Ml
252470,2024-10-23 12:56:07,2024-10-23 09:56:07,59 km al SE de Socaire,-24.077,-67.666,240.0,4.2,Ml
252473,2024-10-23 14:22:29,2024-10-23 11:22:29,107 km al O de Los Vilos,-31.878,-72.642,33.0,3.0,Ml
252482,2024-10-23 15:00:51,2024-10-23 12:00:51,54 km al S de Patache,-21.28,-70.064,77.0,2.9,Ml
252486,2024-10-23 15:32:45,2024-10-23 12:32:45,52 km al SO de Mina Collahuasi,-21.142,-69.027,123.0,2.6,Ml
252491,2024-10-23 16:17:44,2024-10-23 13:17:44,101 km al NO de Lebu,-36.974,-74.465,19.0,3.0,Ml
252495,2024-10-23 16:23:28,2024-10-23 13:23:28,39 km al N de Punta de Choros,-28.895,-71.444,38.0,2.8,Ml
252500,2024-10-23 17:29:39,2024-10-23 14:29:39,48 km al NE de Calama,-22.116,-68.657,124.0,2.8,Ml
252504,2024-10-23 17:39:46,2024-10-23 14:39:46,29 km al SE de Toltén,-39.421,-73.042,41.0,2.9,Ml
252507,2024-10-23 17:49:33,2024-10-23 14:49:33,84 km al SE de Socaire,-24.085,-67.268,203.0,4.5,Mw
252513,2024-10-23 18:29:13,2024-10-23 15:29:13,53 km al SO de Valdivia,-40.087,-73.753,14.0,3.2,Ml
252515,2024-10-23 18:39:12,2024-10-23 15:39:12,36 km al E de Calama,-22.592,-68.602,109.0,2.8,Ml
252524,2024-10-23 20:39:14,2024-10-23 17:39:14,77 km al N de Calama,-21.806,-68.725,127.0,2.8,Ml
252528,2024-10-23 22:08:00,2024-10-23 19:08:00,65 km al SO de Ollagüe,-21.741,-68.539,119.0,2.7,Ml
252530,2024-10-23 22:36:01,2024-10-23 19:36:01,89 km al SE de Socaire,-24.27,-67.431,221.0,4.5,Mw
252546,2024-10-24 02:09:55,2024-10-23 23:09:55,70 km al E de Copiapó,-27.307,-69.625,116.0,4.2,Ml
252548,2024-10-24 02:20:25,2024-10-23 23:20:25,27 km al N de San Fabián,-36.311,-71.585,94.0,4.0,Ml
252558,2024-10-24 04:23:12,2024-10-24 01:23:12,97 km al E de San Fabián,-36.181,-70.579,5.0,3.5,Ml
252568,2024-10-24 05:44:03,2024-10-24 02:44:03,8 km al O de Pichilemu,-34.415,-72.087,35.0,2.7,Ml
252589,2024-10-24 10:42:08,2024-10-24 07:42:08,45 km al SE de Pica,-20.857,-69.148,108.0,2.8,Ml
252594,2024-10-24 11:45:37,2024-10-24 08:45:37,59 km al SO de Huasco,-28.704,-71.756,32.0,5.0,Mw
252605,2024-10-24 13:44:20,2024-10-24 10:44:20,51 km al S de Mina Collahuasi,-21.269,-68.788,117.0,2.6,Ml
252610,2024-10-24 14:44:43,2024-10-24 11:44:43,31 km al E de Mina Los Pelambres,-31.928,-70.278,111.0,3.4,Ml
252622,2024-10-24 17:20:09,2024-10-24 14:20:09,15 km al SE de Curicó,-35.068,-71.107,90.0,2.8,Ml
252628,2024-10-24 17:28:07,2024-10-24 14:28:07,50 km al SO de Huasco,-28.741,-71.632,43.0,2.9,Ml
252643,2024-10-24 19:23:17,2024-10-24 16:23:17,46 km al SE de Moquegua,-17.54,-70.69,108.0,4.9,Mw
252650,2024-10-24 20:23:41,2024-10-24 17:23:41,55 km al SE de Socaire,-24.019,-67.621,259.0,3.0,Ml
252658,2024-10-24 20:44:34,2024-10-24 17:44:34,60 km al NE de Calama,-22.008,-68.634,120.0,2.6,Ml
252662,2024-10-24 21:13:54,2024-10-24 18:13:54,58 km al O de El Tabo,-33.255,-72.243,24.0,2.9,Ml
252668,2024-10-24 22:32:17,2024-10-24 19:32:17,57 km al NE de Calama,-22.0,-68.72,112.0,2.7,Ml
252674,2024-10-25 00:16:00,2024-10-24 21:16:00,33 km al N de Camiña,-19.031,-69.516,89.0,2.7,Ml
252675,2024-10-25 00:43:32,2024-10-24 21:43:32,29 km al O de La Serena,-29.902,-71.552,44.0,2.5,Ml
252677,2024-10-25 01:21:54,2024-10-24 22:21:54,20 km al SE de Mina La Escondida,-24.403,-68.93,287.0,3.2,Ml
252681,2024-10-25 02:19:51,2024-10-24 23:19:51,64 km al O de San Antonio de los Cobres,-23.99,-66.891,169.0,3.0,Ml
252690,2024-10-25 03:50:54,2024-10-25 00:50:54,15 km al S de Tacna,-18.154,-70.232,82.0,2.7,Ml
252693,2024-10-25 04:23:16,2024-10-25 01:23:16,103 km al NO de Lebu,-37.116,-74.638,14.0,3.0,Ml
252700,2024-10-25 05:18:39,2024-10-25 02:18:39,74 km al S de Mina La Escondida,-24.933,-69.081,95.0,2.8,Ml
252702,2024-10-25 05:38:05,2024-10-25 02:38:05,62 km al SO de Ollagüe,-21.716,-68.539,130.0,5.0,Mw
252708,2024-10-25 06:12:40,2024-10-25 03:12:40,67 km al O de Tirúa,-38.306,-74.258,25.0,3.3,Ml
252722,2024-10-25 08:04:50,2024-10-25 05:04:50,55 km al NO de Quillagua,-21.331,-69.931,77.0,3.9,Ml
252729,2024-10-25 08:53:44,2024-10-25 05:53:44,27 km al SO de Pichidangui,-32.341,-71.685,54.0,3.5,Ml
252730,2024-10-25 09:04:38,2024-10-25 06:04:38,24 km al E de Punta de Choros,-29.215,-71.218,68.0,2.5,Ml
252737,2024-10-25 09:52:35,2024-10-25 06:52:35,21 km al SE de Tocopilla,-22.208,-70.043,28.0,4.2,Ml
252741,2024-10-25 10:33:05,2024-10-25 07:33:05,57 km al SO de Ollagüe,-21.62,-68.598,142.0,2.5,Ml
252745,2024-10-25 12:54:39,2024-10-25 09:54:39,42 km al O de Ollagüe,-21.311,-68.647,125.0,3.6,Ml
252750,2024-10-25 13:42:11,2024-10-25 10:42:11,58 km al NE de Quillagua,-21.173,-69.326,78.0,3.1,Ml
252755,2024-10-25 14:49:22,2024-10-25 11:49:22,54 km al SE de Caleta El Cobre,-24.556,-70.106,48.0,4.4,Mw
252760,2024-10-25 15:11:30,2024-10-25 12:11:30,81 km al SE de Socaire,-24.087,-67.304,259.0,3.2,Ml
252764,2024-10-25 16:06:15,2024-10-25 13:06:15,63 km al N de Mina La Escondida,-23.709,-69.007,85.0,3.2,Ml
252767,2024-10-25 16:22:20,2024-10-25 13:22:20,63 km al NE de Calama,-21.945,-68.701,119.0,2.9,Ml
252775,2024-10-25 17:54:17,2024-10-25 14:54:17,47 km al E de Copiapó,-27.529,-69.888,96.0,2.8,Ml
252785,2024-10-25 20:21:50,2024-10-25 17:21:50,50 km al S de Putre,-18.635,-69.444,114.0,3.2,Ml
252786,2024-10-25 20:47:21,2024-10-25 17:47:21,29 km al S de Chañaral,-26.592,-70.712,23.0,2.9,Ml
252790,2024-10-25 21:36:47,2024-10-25 18:36:47,60 km al SE de Socaire,-24.073,-67.629,242.0,2.8,Ml
252789,2024-10-25 21:38:02,2024-10-25 18:38:02,117 km al O de Pichilemu,-33.988,-73.185,26.0,2.7,Ml
252791,2024-10-25 21:53:59,2024-10-25 18:53:59,16 km al E de Tacna,-18.076,-70.115,107.0,3.1,Ml
252801,2024-10-26 00:21:34,2024-10-25 21:21:34,65 km al SE de Socaire,-23.928,-67.371,232.0,2.7,Ml
252809,2024-10-26 03:08:04,2024-10-26 00:08:04,43 km al NO de Camiña,-18.972,-69.622,95.0,2.9,M
252835,2024-10-26 10:01:03,2024-10-26 07:01:03,23 km al E de Andacollo,-30.233,-70.848,84.0,2.5,Ml
252836,2024-10-26 10:13:52,2024-10-26 07:13:52,25 km al NE de Vichuquén,-34.769,-71.763,45.0,3.8,Ml
252843,2024-10-26 10:53:56,2024-10-26 07:53:56,30 km al SE de María Elena,-22.593,-69.552,75.0,2.5,Ml
252844,2024-10-26 10:57:05,2024-10-26 07:57:05,53 km al SO de Mina Collahuasi,-21.137,-69.045,96.0,2.5,Ml
252854,2024-10-26 12:53:17,2024-10-26 09:53:17,85 km al NO de Caleta El Cobre,-23.867,-71.248,10.0,2.7,Ml
252856,2024-10-26 13:26:24,2024-10-26 10:26:24,52 km al SO de Ollagüe,-21.641,-68.492,119.0,2.5,Ml
252879,2024-10-26 18:49:42,2024-10-26 15:49:42,51 km al N de Carrizal Bajo,-27.629,-71.165,17.0,2.8,Ml
252893,2024-10-26 20:54:53,2024-10-26 17:54:53,39 km al S de Mina Collahuasi,-21.177,-68.642,136.0,2.6,Ml
252900,2024-10-26 21:16:35,2024-10-26 18:16:35,42 km al SO de Mina Collahuasi,-21.097,-68.938,111.0,2.8,Ml
252904,2024-10-26 23:07:44,2024-10-26 20:07:44,28 km al NE de Calama,-22.361,-68.684,116.0,3.0,Ml
252911,2024-10-27 01:41:19,2024-10-26 22:41:19,26 km al SO de Putre,-18.291,-69.782,108.0,3.1,Ml
252915,2024-10-27 03:19:46,2024-10-27 00:19:46,36 km al N de Victoria,-37.913,-72.255,63.0,2.6,Ml
252916,2024-10-27 03:53:55,2024-10-27 00:53:55,60 km al SE de Socaire,-24.012,-67.515,245.0,3.3,Ml
252929,2024-10-27 06:05:31,2024-10-27 03:05:31,49 km al O de San Pedro de Atacama,-23.005,-68.666,110.0,3.0,Ml
252931,2024-10-27 06:21:31,2024-10-27 03:21:31,32 km al N de Socaire,-23.302,-67.836,150.0,2.7,Ml
252944,2024-10-27 07:59:55,2024-10-27 04:59:55,34 km al SE de Los Andes,-33.029,-70.316,96.0,2.8,Ml
252949,2024-10-27 08:56:09,2024-10-27 05:56:09,53 km al N de Calama,-22.026,-69.105,110.0,2.6,Ml
252957,2024-10-27 09:50:12,2024-10-27 06:50:12,29 km al NE de Socaire,-23.425,-67.674,158.0,5.0,Mw
252960,2024-10-27 09:55:54,2024-10-27 06:55:54,37 km al NO de Camiña,-19.017,-69.597,111.0,3.2,Ml
252963,2024-10-27 10:38:39,2024-10-27 07:38:39,64 km al NE de Pica,-19.963,-69.086,106.0,2.7,Ml
252973,2024-10-27 12:59:21,2024-10-27 09:59:21,80 km al S de Socaire,-24.292,-67.706,232.0,2.8,Ml
252974,2024-10-27 13:02:25,2024-10-27 10:02:25,26 km al O de Socaire,-23.563,-68.146,140.0,2.7,Ml
252977,2024-10-27 13:14:44,2024-10-27 10:14:44,46 km al NE de Los Andes,-32.633,-70.172,122.0,3.0,Ml
252981,2024-10-27 13:47:00,2024-10-27 10:47:00,11 km al N de Camiña,-19.212,-69.419,101.0,2.8,Ml
252988,2024-10-27 14:28:00,2024-10-27 11:28:00,7 km al N de Pisagua,-19.541,-70.192,75.0,2.7,Ml
253018,2024-10-27 18:07:21,2024-10-27 15:07:21,63 km al SO de Mina Collahuasi,-21.326,-68.95,85.0,2.8,Ml
253043,2024-10-27 21:16:15,2024-10-27 18:16:15,65 km al NE de Calama,-21.968,-68.615,128.0,4.5,Mw
253055,2024-10-28 02:02:54,2024-10-27 23:02:54,80 km al SE de Socaire,-23.904,-67.18,234.0,3.5,Ml
253058,2024-10-28 02:17:54,2024-10-27 23:17:54,64 km al E de Combarbalá,-31.133,-70.329,111.0,3.4,Ml
253060,2024-10-28 02:27:03,2024-10-27 23:27:03,31 km al SO de Mina Collahuasi,-20.963,-68.923,108.0,2.9,Ml
253064,2024-10-28 02:50:34,2024-10-27 23:50:34,16 km al O de Canela Baja,-31.444,-71.618,71.0,2.7,Ml
253071,2024-10-28 03:50:36,2024-10-28 00:50:36,40 km al SO de Ollagüe,-21.533,-68.444,136.0,2.6,Ml
253075,2024-10-28 04:52:43,2024-10-28 01:52:43,73 km al NE de Calama,-21.905,-68.577,124.0,2.8,Ml
253079,2024-10-28 04:59:56,2024-10-28 01:59:56,42 km al S de Ollagüe,-21.583,-68.387,134.0,2.5,Ml
253086,2024-10-28 05:24:20,2024-10-28 02:24:20,66 km al SE de Socaire,-23.942,-67.368,202.0,3.5,Ml
253094,2024-10-28 06:26:58,2024-10-28 03:26:58,138 km al S de Puerto Edén,-50.337,-74.823,5.0,3.3,Ml
253099,2024-10-28 07:28:26,2024-10-28 04:28:26,31 km al NO de Ollagüe,-21.057,-68.49,139.0,2.6,Ml
253100,2024-10-28 07:45:51,2024-10-28 04:45:51,37 km al SO de Ollagüe,-21.517,-68.42,130.0,3.9,Ml
253103,2024-10-28 08:26:44,2024-10-28 05:26:44,75 km al SE de Socaire,-24.102,-67.404,196.0,3.2,Ml
253109,2024-10-28 09:27:03,2024-10-28 06:27:03,98 km al NO de Parque Fray Jorge,-30.153,-72.519,29.0,2.5,Ml
253115,2024-10-28 11:50:43,2024-10-28 08:50:43,23 km al NO de Los Andes,-32.738,-70.82,70.0,2.9,Ml
253118,2024-10-28 12:15:23,2024-10-28 09:15:23,58 km al S de Camiña,-19.824,-69.336,91.0,2.7,Ml
253120,2024-10-28 12:41:28,2024-10-28 09:41:28,17 km al O de Valparaíso,-33.046,-71.802,34.0,3.9,Ml
253154,2024-10-28 18:05:35,2024-10-28 15:05:35,66 km al SO de Mina La Escondida,-24.738,-69.456,105.0,2.6,Ml
253158,2024-10-28 18:43:56,2024-10-28 15:43:56,74 km al NE de Calama,-21.902,-68.563,124.0,3.2,Ml
253166,2024-10-28 20:30:19,2024-10-28 17:30:19,63 km al O de Navidad,-33.708,-72.445,39.0,2.5,Ml
253182,2024-10-29 00:19:47,2024-10-28 21:19:47,99 km al E de Alto del Carmen,-29.052,-69.526,106.0,3.3,Ml
253184,2024-10-29 00:38:01,2024-10-28 21:38:01,42 km al N de Camiña,-18.939,-69.422,100.0,2.9,Ml
253187,2024-10-29 02:13:42,2024-10-28 23:13:42,11 km al O de La Higuera,-29.48,-71.314,86.0,2.5,Ml
253195,2024-10-29 04:00:15,2024-10-29 01:00:15,124 km al O de Pichilemu,-34.401,-73.36,29.0,2.7,Ml
253203,2024-10-29 05:35:40,2024-10-29 02:35:40,14 km al SE de Pica,-20.562,-69.225,90.0,3.7,Ml
253214,2024-10-29 06:31:39,2024-10-29 03:31:39,91 km al NO de San Antonio de los Cobres,-23.568,-66.853,184.0,3.4,Ml
253227,2024-10-29 08:46:10,2024-10-29 05:46:10,22 km al O de Quintero,-32.769,-71.761,18.0,3.1,Ml
253230,2024-10-29 09:06:01,2024-10-29 06:06:01,31 km al S de Camiña,-19.584,-69.347,104.0,2.5,Ml
253238,2024-10-29 11:14:34,2024-10-29 08:14:34,27 km al NE de Sierra Gorda,-22.692,-69.167,98.0,2.5,Ml
253247,2024-10-29 13:45:35,2024-10-29 10:45:35,62 km al N de Calama,-21.92,-68.812,130.0,3.2,Ml
253260,2024-10-29 15:11:23,2024-10-29 12:11:23,12 km al SE de Pica,-20.589,-69.276,81.0,3.3,Ml
253276,2024-10-29 16:47:35,2024-10-29 13:47:35,42 km al SO de Ollagüe,-21.537,-68.484,130.0,2.7,Ml
253299,2024-10-29 19:05:26,2024-10-29 16:05:26,28 km al NO de Quintero,-32.665,-71.791,27.0,2.7,Ml
253312,2024-10-29 22:01:39,2024-10-29 19:01:39,31 km al E de Pica,-20.575,-69.047,94.0,2.8,Ml
253324,2024-10-30 01:27:17,2024-10-29 22:27:17,73 km al S de Socaire,-24.212,-67.651,232.0,3.5,Ml
253337,2024-10-30 04:29:45,2024-10-30 01:29:45,73 km al SO de Ollagüe,-21.763,-68.651,98.0,3.0,Ml
253341,2024-10-30 04:41:28,2024-10-30 01:41:28,51 km al O de San Pedro de Atacama,-23.081,-68.666,134.0,2.6,Ml
253346,2024-10-30 06:31:12,2024-10-30 03:31:12,18 km al O de La Higuera,-29.54,-71.383,78.0,2.7,Ml
253358,2024-10-30 08:11:50,2024-10-30 05:11:50,54 km al SO de Mina Collahuasi,-21.253,-68.914,106.0,2.7,Ml
253364,2024-10-30 10:04:00,2024-10-30 07:04:00,15 km al NO de Punitaqui,-30.722,-71.353,45.0,2.6,Ml
253371,2024-10-30 10:51:17,2024-10-30 07:51:17,20 km al E de Sierra Gorda,-22.926,-69.129,106.0,2.8,Ml
253375,2024-10-30 11:43:23,2024-10-30 08:43:23,88 km al SE de Socaire,-24.156,-67.29,210.0,4.7,Mw
253383,2024-10-30 13:32:12,2024-10-30 10:32:12,47 km al S de Copiapó,-27.776,-70.217,83.0,2.6,Ml
253391,2024-10-30 16:07:00,2024-10-30 13:07:00,16 km al O de Andacollo,-30.207,-71.254,68.0,2.9,Ml
253394,2024-10-30 17:00:32,2024-10-30 14:00:32,58 km al SO de Tocopilla,-22.551,-70.477,24.0,3.0,Ml
253401,2024-10-30 17:41:37,2024-10-30 14:41:37,49 km al SO de Huasco,-28.667,-71.664,35.0,2.5,Ml
253406,2024-10-30 19:40:23,2024-10-30 16:40:23,80 km al SE de Socaire,-23.952,-67.207,229.0,3.8,Ml
253409,2024-10-30 19:44:55,2024-10-30 16:44:55,11 km al O de Punitaqui,-30.807,-71.371,50.0,2.7,Ml
253423,2024-10-30 22:04:37,2024-10-30 19:04:37,61 km al SE de Socaire,-23.965,-67.453,230.0,3.1,Ml
253429,2024-10-30 22:42:54,2024-10-30 19:42:54,73 km al NE de Ollagüe,-20.936,-67.624,202.0,3.1,Ml
253436,2024-10-31 00:00:38,2024-10-30 21:00:38,64 km al S de Ollagüe,-21.778,-68.439,119.0,2.9,Ml
253439,2024-10-31 00:10:56,2024-10-30 21:10:56,73 km al SE de Camiña,-19.877,-69.076,114.0,3.2,Ml
253442,2024-10-31 00:20:23,2024-10-30 21:20:23,51 km al S de Mina Collahuasi,-21.255,-68.83,113.0,2.8,Ml
253449,2024-10-31 02:30:34,2024-10-30 23:30:34,113 km al NO de San Antonio de los Cobres,-23.289,-66.762,218.0,4.3,Ml
253452,2024-10-31 03:28:19,2024-10-31 00:28:19,53 km al S de Taltal,-25.885,-70.481,74.0,2.9,Ml
253459,2024-10-31 03:31:02,2024-10-31 00:31:02,48 km al S de Mina Collahuasi,-21.238,-68.806,125.0,2.5,Ml
253456,2024-10-31 03:32:25,2024-10-31 00:32:25,59 km al SE de Baquedano,-23.588,-69.329,87.0,4.0,Ml
253463,2024-10-31 04:33:08,2024-10-31 01:33:08,66 km al SE de Socaire,-23.833,-67.303,265.0,3.1,Ml
253464,2024-10-31 04:53:17,2024-10-31 01:53:17,25 km al SE de Concepción,-36.936,-72.798,42.0,3.0,Ml
253476,2024-10-31 06:54:36,2024-10-31 03:54:36,22 km al SE de Patache,-20.91,-70.023,27.0,3.0,Ml
253493,2024-10-31 09:26:57,2024-10-31 06:26:57,9 km al SO de Parque Fray Jorge,-30.71,-71.758,33.0,2.6,Ml
253497,2024-10-31 09:58:36,2024-10-31 06:58:36,104 km al E de Socaire,-23.353,-66.9,201.0,3.3,Ml
253499,2024-10-31 10:52:53,2024-10-31 07:52:53,43 km al SO de Mina Collahuasi,-21.037,-69.006,99.0,2.7,Ml
253500,2024-10-31 10:54:41,2024-10-31 07:54:41,78 km al E de Taltal,-25.392,-69.708,46.0,2.9,Ml
253503,2024-10-31 11:05:52,2024-10-31 08:05:52,29 km al SO de Huasco,-28.666,-71.404,25.0,2.5,Ml
253512,2024-10-31 12:21:28,2024-10-31 09:21:28,15 km al S de Canela Baja,-31.535,-71.474,47.0,2.5,Ml
253517,2024-10-31 13:28:45,2024-10-31 10:28:45,28 km al O de Ollagüe,-21.164,-68.514,135.0,2.8,Ml
253519,2024-10-31 13:32:02,2024-10-31 10:32:02,77 km al E de Mina La Escondida,-24.512,-68.345,147.0,3.7,Ml
253522,2024-10-31 13:45:15,2024-10-31 10:45:15,55 km al SE de Quillagua,-22.0,-69.145,79.0,2.5,Ml
253525,2024-10-31 14:45:14,2024-10-31 11:45:14,25 km al N de Socaire,-23.365,-67.931,144.0,2.5,Ml
253526,2024-10-31 14:47:33,2024-10-31 11:47:33,92 km al NE de San Pedro de Atacama,-22.215,-67.722,221.0,3.7,Ml
253529,2024-10-31 15:19:43,2024-10-31 12:19:43,79 km al E de Socaire,-23.708,-67.124,239.0,3.2,Ml
253551,2024-10-31 21:51:35,2024-10-31 18:51:35,54 km al SO de Tocopilla,-22.303,-70.678,13.0,2.9,Ml
253554,2024-10-31 22:14:11,2024-10-31 19:14:11,1 km al S de Parque Fray Jorge,-30.673,-71.684,24.0,3.3,Ml
253557,2024-10-31 22:18:39,2024-10-31 19:18:39,49 km al SE de Patache,-21.171,-69.931,50.0,3.4,Ml
253560,2024-10-31 22:42:47,2024-10-31 19:42:47,30 km al NE de Victoria,-38.088,-72.039,81.0,3.2,Ml
253570,2024-11-01 00:36:06,2024-10-31 21:36:06,82 km al O de San Antonio de los Cobres,-23.931,-67.057,240.0,3.4,Ml
253578,2024-11-01 01:17:05,2024-10-31 22:17:05,36 km al O de San Pedro de Atacama,-22.91,-68.553,114.0,2.6,Ml
253586,2024-11-01 01:25:36,2024-10-31 22:25:36,78 km al NE de San Pedro de Atacama,-22.303,-67.845,202.0,2.5,Ml
253580,2024-11-01 01:26:34,2024-10-31 22:26:34,31 km al N de Pica,-20.214,-69.276,89.0,3.6,Ml
253583,2024-11-01 01:41:18,2024-10-31 22:41:18,29 km al SE de Mina Collahuasi,-21.065,-68.543,127.0,3.4,Ml
253596,2024-11-01 05:29:03,2024-11-01 02:29:03,24 km al E de Ollagüe,-21.17,-68.03,177.0,4.8,Mw
253599,2024-11-01 05:34:22,2024-11-01 02:34:22,23 km al SE de San Pedro de Atacama,-23.072,-68.052,170.0,3.2,Ml
253601,2024-11-01 05:51:20,2024-11-01 02:51:20,33 km al SE de Calama,-22.655,-68.683,107.0,2.5,Ml
253605,2024-11-01 08:02:01,2024-11-01 05:02:01,45 km al O de Ollagüe,-21.278,-68.681,123.0,2.9,Ml
253620,2024-11-01 11:36:58,2024-11-01 08:36:58,77 km al O de San Antonio de los Cobres,-24.066,-67.062,228.0,3.0,Ml
253629,2024-11-01 13:51:42,2024-11-01 10:51:42,107 km al E de Taltal,-25.276,-69.434,124.0,2.6,Ml
253631,2024-11-01 14:15:45,2024-11-01 11:15:45,40 km al NE de Monte Patria,-30.523,-70.592,96.0,2.6,Ml
253642,2024-11-01 16:14:28,2024-11-01 13:14:28,27 km al E de Pisagua,-19.551,-69.963,63.0,2.7,Ml
253647,2024-11-01 16:32:40,2024-11-01 13:32:40,152 km al O de Lebu,-37.92,-75.346,20.0,3.6,Ml
253650,2024-11-01 16:48:53,2024-11-01 13:48:53,133 km al N de San Antonio de los Cobres,-23.033,-66.36,231.0,3.9,Ml
253654,2024-11-01 17:27:48,2024-11-01 14:27:48,134 km al E de Paihuano,-30.302,-69.156,13.0,2.6,Ml
253655,2024-11-01 17:29:22,2024-11-01 14:29:22,7 km al N de Mina Los Pelambres,-31.759,-70.594,98.0,2.5,Ml
253666,2024-11-01 19:21:06,2024-11-01 16:21:06,45 km al SO de Fresia,-41.422,-73.825,38.0,3.1,Ml
253668,2024-11-01 20:16:22,2024-11-01 17:16:22,37 km al SE de Pica,-20.635,-69.013,98.0,2.5,Ml
253675,2024-11-01 21:00:51,2024-11-01 18:00:51,55 km al SE de Baquedano,-23.788,-69.634,80.0,2.6,Ml
253680,2024-11-02 00:08:14,2024-11-01 21:08:14,41 km al NE de Calama,-22.18,-68.681,119.0,2.7,Ml
253684,2024-11-02 01:28:50,2024-11-01 22:28:50,55 km al S de Mina Collahuasi,-21.292,-68.824,122.0,3.2,Ml
253690,2024-11-02 02:22:15,2024-11-01 23:22:15,92 km al S de Ilo,-18.459,-71.203,14.0,2.5,Ml
253693,2024-11-02 02:28:07,2024-11-01 23:28:07,60 km al SO de Mina Collahuasi,-21.329,-68.869,99.0,2.8,Ml
253694,2024-11-02 03:01:43,2024-11-02 00:01:43,46 km al E de Sierra Gorda,-22.966,-68.878,102.0,2.5,Ml
253708,2024-11-02 05:30:04,2024-11-02 02:30:04,24 km al O de Sierra Gorda,-22.812,-69.54,77.0,2.5,Ml
253711,2024-11-02 05:33:33,2024-11-02 02:33:33,41 km al N de Punta de Choros,-28.88,-71.497,41.0,2.7,Ml
253712,2024-11-02 06:10:24,2024-11-02 03:10:24,65 km al SO de Ollagüe,-21.755,-68.512,128.0,3.1,Ml
253716,2024-11-02 06:47:28,2024-11-02 03:47:28,31 km al S de San Pedro de Atacama,-23.191,-68.26,164.0,2.5,Ml
253719,2024-11-02 07:26:00,2024-11-02 04:26:00,78 km al SE de Socaire,-24.22,-67.555,225.0,3.1,Ml
253723,2024-11-02 07:42:13,2024-11-02 04:42:13,19 km al S de La Higuera,-29.681,-71.165,71.0,4.8,Mw
253730,2024-11-02 08:18:30,2024-11-02 05:18:30,70 km al SO de Ollagüe,-21.769,-68.596,139.0,2.9,Ml
253736,2024-11-02 09:47:40,2024-11-02 06:47:40,76 km al SE de Socaire,-24.102,-67.388,222.0,3.2,Ml
253738,2024-11-02 09:55:59,2024-11-02 06:55:59,89 km al NO de San Antonio de los Cobres,-23.594,-66.85,235.0,3.9,Ml
253756,2024-11-02 13:24:20,2024-11-02 10:24:20,139 km al O de Lebu,-38.063,-75.126,22.0,2.8,Ml
253761,2024-11-02 14:51:02,2024-11-02 11:51:02,21 km al O de Tongoy,-30.267,-71.709,30.0,2.7,Ml
253768,2024-11-02 16:11:15,2024-11-02 13:11:15,63 km al S de Mina Collahuasi,-21.358,-68.868,117.0,3.7,Ml
253782,2024-11-02 18:29:52,2024-11-02 15:29:52,22 km al SO de Pichidangui,-32.279,-71.698,24.0,2.7,Ml
253792,2024-11-02 19:10:10,2024-11-02 16:10:10,50 km al E de Mina Los Pelambres,-31.742,-70.064,119.0,2.8,Ml
253798,2024-11-02 21:13:42,2024-11-02 18:13:42,29 km al E de Sierra Gorda,-22.796,-69.054,95.0,2.5,Ml
253799,2024-11-02 21:39:32,2024-11-02 18:39:32,32 km al N de San Pedro de Atacama,-22.635,-68.174,134.0,2.9,Ml
253806,2024-11-02 23:54:26,2024-11-02 20:54:26,37 km al S de San Pedro de Atacama,-23.238,-68.081,165.0,2.5,Ml
253807,2024-11-03 00:01:39,2024-11-02 21:01:39,67 km al SE de Socaire,-23.945,-67.364,204.0,3.2,Ml
253812,2024-11-03 01:46:34,2024-11-02 22:46:34,49 km al NE de Alto del Carmen,-28.352,-70.298,99.0,2.5,Ml
253816,2024-11-03 03:12:15,2024-11-03 00:12:15,36 km al E de Ollagüe,-21.255,-67.904,209.0,3.0,Ml
253820,2024-11-03 04:04:04,2024-11-03 01:04:04,103 km al SE de Termas del Flaco,-35.658,-69.687,199.0,5.3,Mw
253823,2024-11-03 04:16:38,2024-11-03 01:16:38,23 km al E de Punta de Choros,-29.263,-71.235,53.0,4.3,Ml
253830,2024-11-03 05:06:36,2024-11-03 02:06:36,45 km al SO de Mina Collahuasi,-21.121,-68.962,118.0,2.6,Ml
253839,2024-11-03 05:39:11,2024-11-03 02:39:11,102 km al E de San Pedro de Atacama,-22.704,-67.23,226.0,3.2,Ml
253852,2024-11-03 07:48:04,2024-11-03 04:48:04,78 km al O de San Antonio de los Cobres,-24.028,-67.059,228.0,3.1,Ml
253885,2024-11-03 13:47:39,2024-11-03 10:47:39,133 km al E de Alto del Carmen,-28.313,-69.219,117.0,4.3,Ml
253926,2024-11-03 19:41:13,2024-11-03 16:41:13,65 km al S de Mina Collahuasi,-21.379,-68.857,100.0,3.2,Ml
253940,2024-11-03 21:31:53,2024-11-03 18:31:53,92 km al S de Ilo,-18.468,-71.223,37.0,2.5,Ml
253947,2024-11-03 22:35:13,2024-11-03 19:35:13,52 km al NO de Tongoy,-29.974,-71.929,41.0,3.0,Ml
253957,2024-11-04 01:23:06,2024-11-03 22:23:06,16 km al NE de Calama,-22.357,-68.837,115.0,2.8,Ml
253967,2024-11-04 02:11:46,2024-11-03 23:11:46,62 km al SO de Mina La Escondida,-24.685,-69.47,93.0,3.3,Ml
253973,2024-11-04 03:02:29,2024-11-04 00:02:29,11 km al S de Parque Fray Jorge,-30.756,-71.656,28.0,2.8,Ml
253986,2024-11-04 03:50:03,2024-11-04 00:50:03,46 km al SO de Camiña,-19.607,-69.731,75.0,2.8,Ml
253987,2024-11-04 04:08:09,2024-11-04 01:08:09,49 km al E de Mina Los Pelambres,-31.691,-70.091,121.0,2.8,Ml
254000,2024-11-04 07:58:50,2024-11-04 04:58:50,13 km al O de Tocopilla,-22.063,-70.327,16.0,3.0,Ml
254006,2024-11-04 09:17:04,2024-11-04 06:17:04,42 km al S de Pica,-20.859,-69.409,79.0,2.7,Ml
254010,2024-11-04 09:35:09,2024-11-04 06:35:09,34 km al S de Mina Collahuasi,-21.135,-68.675,119.0,3.1,Ml
254013,2024-11-04 10:00:01,2024-11-04 07:00:01,31 km al NO de Mina Collahuasi,-20.577,-68.795,121.0,2.8,Ml
254025,2024-11-04 13:20:46,2024-11-04 10:20:46,63 km al NO de Parque Fray Jorge,-30.364,-72.237,36.0,3.1,Ml
254028,2024-11-04 15:03:54,2024-11-04 12:03:54,11 km al O de Visviri,-17.566,-69.577,164.0,4.4,Mw
254038,2024-11-04 16:26:21,2024-11-04 13:26:21,49 km al SO de Caldera,-27.385,-71.173,50.0,3.0,Ml
254050,2024-11-04 19:38:12,2024-11-04 16:38:12,46 km al N de Calama,-22.076,-68.786,120.0,3.3,Ml
254053,2024-11-04 20:01:29,2024-11-04 17:01:29,87 km al O de Lebu,-37.599,-74.644,20.0,3.6,Ml
254056,2024-11-04 20:17:52,2024-11-04 17:17:52,31 km al E de Sierra Gorda,-22.794,-69.035,107.0,2.5,Ml
254080,2024-11-05 02:25:51,2024-11-04 23:25:51,84 km al O de Parque Fray Jorge,-30.602,-72.562,39.0,3.5,Ml
254089,2024-11-05 05:35:23,2024-11-05 02:35:23,20 km al SO de Andacollo,-30.343,-71.241,61.0,2.8,Ml
254091,2024-11-05 06:08:00,2024-11-05 03:08:00,92 km al O de Arica,-18.601,-71.185,31.0,3.3,Ml
254095,2024-11-05 08:20:21,2024-11-05 05:20:21,78 km al S de Socaire,-24.244,-67.627,224.0,3.3,Ml
254098,2024-11-05 08:51:14,2024-11-05 05:51:14,42 km al O de Lebu,-37.609,-74.135,39.0,3.0,Ml
254100,2024-11-05 09:38:10,2024-11-05 06:38:10,15 km al N de Mejillones,-22.967,-70.45,21.0,3.5,Ml
254113,2024-11-05 11:35:14,2024-11-05 08:35:14,70 km al SE de Camiña,-19.857,-69.088,115.0,3.0,Ml
254131,2024-11-05 15:31:29,2024-11-05 12:31:29,28 km al NO de Punta de Choros,-29.026,-71.6,38.0,3.1,Ml
254140,2024-11-05 16:29:28,2024-11-05 13:29:28,54 km al S de Patache,-21.292,-70.25,39.0,2.5,Ml
254164,2024-11-05 21:24:35,2024-11-05 18:24:35,15 km al SO de Los Vilos,-32.018,-71.601,34.0,2.9,Ml
254167,2024-11-05 22:00:31,2024-11-05 19:00:31,62 km al SE de Putre,-18.607,-69.159,115.0,2.9,Ml
254181,2024-11-06 02:50:27,2024-11-05 23:50:27,22 km al N de Los Vilos,-31.717,-71.484,45.0,4.0,Ml
254189,2024-11-06 03:57:06,2024-11-06 00:57:06,15 km al SO de Putre,-18.293,-69.658,111.0,3.3,Ml
254201,2024-11-06 07:01:20,2024-11-06 04:01:20,42 km al O de Ollagüe,-21.354,-68.632,103.0,4.8,Mw
254211,2024-11-06 07:31:10,2024-11-06 04:31:10,59 km al NO de Parque Fray Jorge,-30.322,-72.15,36.0,3.3,Ml
254239,2024-11-06 12:26:13,2024-11-06 09:26:13,27 km al NO de El Tabo,-33.301,-71.894,35.0,2.7,Ml
254243,2024-11-06 12:33:23,2024-11-06 09:33:23,55 km al SE de Alto del Carmen,-29.04,-70.024,114.0,3.7,Ml
254245,2024-11-06 13:46:01,2024-11-06 10:46:01,42 km al SO de Mina La Escondida,-24.544,-69.338,95.0,2.7,Ml
254248,2024-11-06 14:24:28,2024-11-06 11:24:28,48 km al SO de Mina Collahuasi,-21.186,-68.921,111.0,3.5,Ml
254255,2024-11-06 16:16:25,2024-11-06 13:16:25,22 km al E de Patache,-20.876,-69.999,2.0,2.6,Ml
254257,2024-11-06 16:28:24,2024-11-06 13:28:24,86 km al SE de Socaire,-24.242,-67.432,227.0,3.6,Ml
254260,2024-11-06 16:39:39,2024-11-06 13:39:39,25 km al E de Pica,-20.519,-69.09,106.0,2.9,Ml
254269,2024-11-06 17:55:52,2024-11-06 14:55:52,77 km al NO de San Antonio de los Cobres,-23.727,-66.844,197.0,3.7,Ml
254276,2024-11-06 19:21:45,2024-11-06 16:21:45,18 km al O de Pichidangui,-32.132,-71.719,22.0,3.0,Ml
254286,2024-11-06 22:17:26,2024-11-06 19:17:26,70 km al NE de Calama,-21.888,-68.662,115.0,2.7,Ml
254345,2024-11-07 10:20:20,2024-11-07 07:20:20,14 km al NE de Pisagua,-19.526,-70.104,54.0,3.3,Ml
254349,2024-11-07 12:35:59,2024-11-07 09:35:59,31 km al SE de Putre,-18.407,-69.372,112.0,2.6,Ml
254352,2024-11-07 12:43:09,2024-11-07 09:43:09,57 km al S de Copiapó,-27.873,-70.4,68.0,3.2,Ml
254362,2024-11-07 14:57:00,2024-11-07 11:57:00,68 km al SO de Socaire,-24.158,-68.136,122.0,4.7,Mw
254373,2024-11-07 16:17:31,2024-11-07 13:17:31,75 km al SE de Socaire,-24.125,-67.441,200.0,3.4,Ml
254385,2024-11-07 17:49:46,2024-11-07 14:49:46,94 km al NE de Los Andes,-32.38,-69.75,134.0,3.5,Ml
254389,2024-11-07 18:03:51,2024-11-07 15:03:51,33 km al SE de Pica,-20.69,-69.097,91.0,2.9,Ml
254404,2024-11-07 19:41:01,2024-11-07 16:41:01,31 km al SO de Ollagüe,-21.456,-68.419,125.0,3.4,Ml
254414,2024-11-07 21:36:13,2024-11-07 18:36:13,44 km al NO de Visviri,-17.42,-69.853,156.0,4.4,Mw
254420,2024-11-07 22:10:49,2024-11-07 19:10:49,18 km al N de Cabrero,-36.873,-72.425,57.0,4.2,Ml
254425,2024-11-07 23:27:23,2024-11-07 20:27:23,82 km al SE de Socaire,-24.155,-67.379,207.0,2.9,Ml
254428,2024-11-07 23:38:13,2024-11-07 20:38:13,53 km al O de Valparaíso,-33.075,-72.18,20.0,2.5,Ml
254430,2024-11-08 00:17:30,2024-11-07 21:17:30,6 km al O de Andacollo,-30.224,-71.146,65.0,3.5,Ml
254432,2024-11-08 00:20:07,2024-11-07 21:20:07,11 km al NE de Sierra Gorda,-22.806,-69.264,78.0,2.9,Ml
254437,2024-11-08 00:49:48,2024-11-07 21:49:48,68 km al SE de Socaire,-24.135,-67.597,194.0,3.2,Ml
254440,2024-11-08 01:48:31,2024-11-07 22:48:31,72 km al SE de Socaire,-23.885,-67.264,222.0,2.9,Ml
254449,2024-11-08 03:13:39,2024-11-08 00:13:39,76 km al SE de Socaire,-24.103,-67.403,208.0,4.2,Ml
254454,2024-11-08 03:28:19,2024-11-08 00:28:19,78 km al SE de Socaire,-24.087,-67.356,204.0,2.9,Ml
254467,2024-11-08 04:56:46,2024-11-08 01:56:46,109 km al SE de Alto del Carmen,-29.343,-69.583,125.0,3.5,Ml
254479,2024-11-08 06:29:04,2024-11-08 03:29:04,77 km al SE de Socaire,-24.194,-67.527,199.0,3.0,Ml
254484,2024-11-08 07:15:19,2024-11-08 04:15:19,59 km al SO de Ollagüe,-21.713,-68.477,126.0,3.5,Ml
254489,2024-11-08 07:55:49,2024-11-08 04:55:49,56 km al O de Valparaíso,-33.081,-72.217,34.0,3.0,Ml
254491,2024-11-08 08:46:02,2024-11-08 05:46:02,32 km al N de Calama,-22.18,-68.927,136.0,2.8,Ml
254498,2024-11-08 09:54:05,2024-11-08 06:54:05,43 km al O de Vichuquén,-34.825,-72.457,18.0,2.7,Ml
254499,2024-11-08 10:30:21,2024-11-08 07:30:21,44 km al NE de Calama,-22.135,-68.7,145.0,2.5,Ml
254503,2024-11-08 11:29:38,2024-11-08 08:29:38,57 km al SE de Socaire,-23.819,-67.386,222.0,3.2,Ml
254504,2024-11-08 11:37:56,2024-11-08 08:37:56,14 km al SO de Cabo Raper,-46.905,-75.745,10.0,6.2,Mww
254522,2024-11-08 11:45:30,2024-11-08 08:45:30,6 km al NE de Cabo Raper,-46.757,-75.603,13.0,3.9,Ml
254508,2024-11-08 11:49:54,2024-11-08 08:49:54,27 km al NE de Cabo Raper,-46.583,-75.488,15.0,3.2,Ml
254529,2024-11-08 11:55:15,2024-11-08 08:55:15,21 km al NE de Cabo Raper,-46.654,-75.46,7.0,3.4,Ml
254576,2024-11-08 12:00:12,2024-11-08 09:00:12,48 km al O de Cabo Raper,-46.811,-76.266,8.0,3.3,Ml
254509,2024-11-08 12:09:25,2024-11-08 09:09:25,81 km al SE de Socaire,-24.191,-67.435,208.0,3.6,Ml
254534,2024-11-08 12:31:26,2024-11-08 09:31:26,55 km al NO de Cabo Raper,-46.531,-76.238,5.0,2.8,Ml
254533,2024-11-08 12:35:41,2024-11-08 09:35:41,30 km al E de Cabo Raper,-46.783,-75.248,13.0,2.9,Ml
254514,2024-11-08 12:43:44,2024-11-08 09:43:44,44 km al O de Cabo Raper,-46.703,-76.199,12.0,3.5,Ml
254511,2024-11-08 12:45:08,2024-11-08 09:45:08,4 km al E de Pichidangui,-32.122,-71.494,42.0,2.7,Ml
254517,2024-11-08 13:23:30,2024-11-08 10:23:30,23 km al NE de Cabo Raper,-46.627,-75.481,4.0,3.6,Ml
254526,2024-11-08 13:31:55,2024-11-08 10:31:55,2 km al O de Cabo Raper,-46.798,-75.659,9.0,2.9,Ml
254520,2024-11-08 13:33:35,2024-11-08 10:33:35,33 km al NE de Camiña,-19.119,-69.184,22.0,2.7,Ml
254523,2024-11-08 13:43:54,2024-11-08 10:43:54,16 km al N de Cabo Raper,-46.663,-75.624,4.0,2.8,Ml
254525,2024-11-08 13:51:47,2024-11-08 10:51:47,18 km al NE de Cabo Raper,-46.653,-75.57,8.0,2.8,Ml
254535,2024-11-08 15:14:16,2024-11-08 12:14:16,74 km al SE de Socaire,-24.084,-67.398,212.0,3.0,Ml
254537,2024-11-08 15:15:12,2024-11-08 12:15:12,33 km al S de Huasco,-28.761,-71.247,55.0,4.5,Mw
254541,2024-11-08 15:23:26,2024-11-08 12:23:26,58 km al NE de Calama,-22.03,-68.622,142.0,2.7,Ml
254554,2024-11-08 16:52:00,2024-11-08 13:52:00,34 km al S de Mina Collahuasi,-21.134,-68.688,117.0,2.8,Ml
254557,2024-11-08 17:14:30,2024-11-08 14:14:30,29 km al S de Mina Collahuasi,-21.079,-68.595,118.0,3.0,Ml
254560,2024-11-08 17:38:51,2024-11-08 14:38:51,89 km al SO de Mina La Escondida,-24.97,-69.475,80.0,2.5,Ml
254564,2024-11-08 18:21:23,2024-11-08 15:21:23,85 km al SE de Socaire,-24.161,-67.332,227.0,3.3,Ml
254568,2024-11-08 18:35:29,2024-11-08 15:35:29,69 km al SO de Ollagüe,-21.777,-68.567,143.0,3.5,Ml
254575,2024-11-08 21:43:24,2024-11-08 18:43:24,21 km al E de Cabo Raper,-46.878,-75.39,7.0,3.0,Ml
254577,2024-11-08 22:41:31,2024-11-08 19:41:31,59 km al E de El Salvador,-26.303,-69.035,129.0,2.8,Ml
254582,2024-11-08 23:21:28,2024-11-08 20:21:28,27 km al NO de Copiapó,-27.194,-70.526,85.0,3.2,Ml
254584,2024-11-08 23:23:42,2024-11-08 20:23:42,101 km al NE de Alto del Carmen,-28.141,-69.724,110.0,3.0,Ml
254591,2024-11-09 01:13:43,2024-11-08 22:13:43,45 km al NO de Patache,-20.64,-70.593,40.0,2.8,Ml
254595,2024-11-09 01:20:53,2024-11-08 22:20:53,36 km al NO de Quillagua,-21.436,-69.793,59.0,3.5,Ml
254600,2024-11-09 02:13:35,2024-11-08 23:13:35,77 km al SO de Ollagüe,-21.797,-68.68,122.0,3.1,Ml
254602,2024-11-09 02:14:32,2024-11-08 23:14:32,71 km al E de Alto del Carmen,-28.997,-69.807,119.0,3.0,Ml
254610,2024-11-09 03:15:35,2024-11-09 00:15:35,35 km al S de Mina Collahuasi,-21.138,-68.633,122.0,3.2,Ml
254618,2024-11-09 03:23:24,2024-11-09 00:23:24,65 km al E de Mina Los Pelambres,-31.999,-69.932,161.0,3.0,Ml
254634,2024-11-09 05:35:52,2024-11-09 02:35:52,22 km al SE de Calama,-22.63,-68.798,122.0,2.5,Ml
254633,2024-11-09 05:38:17,2024-11-09 02:38:17,48 km al S de Mina Collahuasi,-21.243,-68.771,115.0,2.5,Ml
254643,2024-11-09 07:31:23,2024-11-09 04:31:23,37 km al E de Pica,-20.367,-69.0,93.0,2.5,Ml
254647,2024-11-09 08:52:11,2024-11-09 05:52:11,185 km al N de San Antonio de los Cobres,-22.568,-66.43,214.0,3.6,Ml
254652,2024-11-09 09:43:23,2024-11-09 06:43:23,67 km al S de Socaire,-24.168,-67.715,168.0,3.7,Ml
254657,2024-11-09 09:56:15,2024-11-09 06:56:15,38 km al O de Toltén,-39.095,-73.589,24.0,3.4,Ml
254664,2024-11-09 10:25:22,2024-11-09 07:25:22,43 km al O de San Pedro de Atacama,-22.892,-68.621,106.0,2.8,Ml
254666,2024-11-09 10:34:25,2024-11-09 07:34:25,38 km al SE de San Pedro de Atacama,-23.17,-67.943,144.0,3.3,Ml
254669,2024-11-09 10:45:36,2024-11-09 07:45:36,93 km al O de San Antonio de los Cobres,-24.349,-67.222,197.0,3.1,Ml
254673,2024-11-09 11:15:38,2024-11-09 08:15:38,58 km al NO de San Antonio de los Cobres,-23.921,-66.786,194.0,4.1,Ml
254679,2024-11-09 11:51:11,2024-11-09 08:51:11,21 km al O de Ovalle,-30.624,-71.421,42.0,2.5,Ml
254677,2024-11-09 11:51:19,2024-11-09 08:51:19,13 km al SE de Los Vilos,-32.02,-71.452,41.0,2.9,Ml
254684,2024-11-09 12:07:55,2024-11-09 09:07:55,41 km al NO de Cabo Raper,-46.577,-76.056,7.0,3.6,Ml
254688,2024-11-09 13:49:17,2024-11-09 10:49:17,14 km al S de Camiña,-19.435,-69.449,92.0,3.0,Ml
254690,2024-11-09 14:00:16,2024-11-09 11:00:16,147 km al O de Lebu,-38.008,-75.253,23.0,3.2,Ml
254692,2024-11-09 14:20:20,2024-11-09 11:20:20,37 km al NE de Vallenar,-28.399,-70.432,80.0,2.5,Ml
254704,2024-11-09 16:29:15,2024-11-09 13:29:15,29 km al SO de Mina Collahuasi,-20.951,-68.906,106.0,2.8,Ml
254706,2024-11-09 16:32:51,2024-11-09 13:32:51,26 km al SO de Mina Collahuasi,-21.015,-68.801,108.0,3.3,Ml
254733,2024-11-09 18:06:30,2024-11-09 15:06:30,53 km al NE de Pica,-20.125,-69.003,107.0,2.9,Ml
254744,2024-11-09 18:40:55,2024-11-09 15:40:55,41 km al E de Tocopilla,-21.985,-69.824,72.0,2.6,Ml
254758,2024-11-09 20:16:31,2024-11-09 17:16:31,20 km al SO de Andacollo,-30.348,-71.242,60.0,2.7,Ml
254768,2024-11-09 21:13:57,2024-11-09 18:13:57,54 km al NE de Vallenar,-28.261,-70.333,101.0,3.0,Ml
254771,2024-11-09 21:33:36,2024-11-09 18:33:36,22 km al N de Quillagua,-21.467,-69.588,23.0,3.1,Ml
254774,2024-11-09 21:50:06,2024-11-09 18:50:06,12 km al SO de Putre,-18.254,-69.66,97.0,3.0,Ml
254776,2024-11-09 22:10:54,2024-11-09 19:10:54,12 km al E de Pica,-20.513,-69.214,101.0,3.0,Ml
254783,2024-11-09 23:45:37,2024-11-09 20:45:37,39 km al S de Camiña,-19.655,-69.332,102.0,3.3,Ml
254786,2024-11-10 00:11:30,2024-11-09 21:11:30,130 km al SE de Copiapó,-27.885,-69.145,116.0,2.7,Ml
254791,2024-11-10 00:46:23,2024-11-09 21:46:23,56 km al S de Copiapó,-27.854,-70.174,96.0,2.5,Ml
254799,2024-11-10 02:45:24,2024-11-09 23:45:24,44 km al NE de Calama,-22.14,-68.697,114.0,2.5,Ml
254807,2024-11-10 03:44:08,2024-11-10 00:44:08,129 km al NE de Socaire,-22.981,-66.81,287.0,4.1,Ml
254813,2024-11-10 04:23:11,2024-11-10 01:23:11,40 km al SE de Pica,-20.806,-69.143,110.0,3.1,Ml
254820,2024-11-10 05:22:01,2024-11-10 02:22:01,52 km al SO de Castro,-42.723,-74.311,34.0,3.3,Ml
254822,2024-11-10 05:38:10,2024-11-10 02:38:10,52 km al SO de Mina Collahuasi,-21.164,-68.998,119.0,3.5,Ml
254832,2024-11-10 06:47:41,2024-11-10 03:47:41,29 km al S de Calama,-22.728,-68.922,113.0,3.1,Ml
254837,2024-11-10 07:29:16,2024-11-10 04:29:16,76 km al O de San Antonio de los Cobres,-23.989,-67.017,217.0,2.7,Ml
254839,2024-11-10 07:56:08,2024-11-10 04:56:08,9 km al O de Cabo Raper,-46.808,-75.75,6.0,3.4,Ml
254842,2024-11-10 09:21:34,2024-11-10 06:21:34,101 km al NO de Punta de Choros,-28.729,-72.313,20.0,2.5,Ml
254847,2024-11-10 09:56:49,2024-11-10 06:56:49,33 km al S de María Elena,-22.643,-69.652,55.0,3.3,Ml
254862,2024-11-10 12:22:28,2024-11-10 09:22:28,45 km al SO de Ollagüe,-21.512,-68.562,129.0,2.7,Ml
254863,2024-11-10 12:33:44,2024-11-10 09:33:44,41 km al E de Cabo Raper,-46.631,-75.166,8.0,2.6,Ml
254867,2024-11-10 13:05:50,2024-11-10 10:05:50,69 km al E de Quillagua,-21.465,-68.896,110.0,4.4,Mw
254872,2024-11-10 14:26:36,2024-11-10 11:26:36,116 km al NE de Socaire,-23.101,-66.89,251.0,3.1,Ml
254875,2024-11-10 15:04:06,2024-11-10 12:04:06,15 km al N de Ovalle,-30.472,-71.235,54.0,3.2,Ml
254879,2024-11-10 15:52:19,2024-11-10 12:52:19,47 km al NE de San Fabián,-36.284,-71.143,123.0,3.2,Ml
254880,2024-11-10 15:54:30,2024-11-10 12:54:30,83 km al SE de Socaire,-23.99,-67.205,236.0,2.8,Ml
254897,2024-11-10 17:23:31,2024-11-10 14:23:31,30 km al O de Mina La Escondida,-24.369,-69.331,102.0,4.4,Ml
254903,2024-11-10 17:55:34,2024-11-10 14:55:34,46 km al O de Ollagüe,-21.355,-68.677,128.0,3.0,Ml
254912,2024-11-10 18:58:32,2024-11-10 15:58:32,79 km al E de Socaire,-23.716,-67.131,260.0,3.8,Ml
254914,2024-11-10 19:34:22,2024-11-10 16:34:22,16 km al NO de Termas del Flaco,-34.832,-70.51,107.0,2.7,Ml
254916,2024-11-10 20:03:56,2024-11-10 17:03:56,49 km al NE de Pica,-20.098,-69.121,92.0,2.5,Ml
254920,2024-11-10 20:51:58,2024-11-10 17:51:58,34 km al S de Mina Collahuasi,-21.119,-68.742,125.0,2.7,Ml
254928,2024-11-10 22:10:04,2024-11-10 19:10:04,95 km al E de Paihuano,-29.805,-69.566,118.0,4.9,Mw
254932,2024-11-10 22:23:12,2024-11-10 19:23:12,20 km al S de Pozo Almonte,-20.432,-69.84,74.0,2.9,Ml
254935,2024-11-10 22:43:40,2024-11-10 19:43:40,48 km al NE de Calama,-22.096,-68.688,132.0,2.9,Ml
254938,2024-11-10 22:56:17,2024-11-10 19:56:17,37 km al NO de Quillagua,-21.462,-69.818,32.0,4.0,Ml
254945,2024-11-11 00:45:21,2024-11-10 21:45:21,73 km al SE de Socaire,-23.882,-67.253,212.0,2.9,Ml
254956,2024-11-11 05:16:11,2024-11-11 02:16:11,54 km al SO de Ollagüe,-21.631,-68.548,131.0,2.6,Ml
254965,2024-11-11 06:26:44,2024-11-11 03:26:44,54 km al NE de Calama,-22.194,-68.496,124.0,3.5,Ml
254974,2024-11-11 08:19:28,2024-11-11 05:19:28,48 km al SE de Curicó,-35.332,-70.919,130.0,4.0,Ml
254978,2024-11-11 08:39:27,2024-11-11 05:39:27,65 km al SE de Taltal,-25.663,-69.899,85.0,3.9,Ml
254983,2024-11-11 10:27:18,2024-11-11 07:27:18,37 km al NO de Punta de Choros,-28.937,-71.598,38.0,3.3,Ml
254988,2024-11-11 11:01:04,2024-11-11 08:01:04,39 km al NO de Mejillones,-22.798,-70.634,27.0,2.5,Ml
254994,2024-11-11 12:00:52,2024-11-11 09:00:52,68 km al NE de San Pedro de Atacama,-22.433,-67.799,185.0,3.8,Ml
254998,2024-11-11 12:08:53,2024-11-11 09:08:53,45 km al SO de Parque Fray Jorge,-30.944,-72.027,47.0,3.2,Ml
255024,2024-11-11 16:26:55,2024-11-11 13:26:55,15 km al E de Patache,-20.786,-70.056,46.0,2.6,Ml
255026,2024-11-11 16:40:10,2024-11-11 13:40:10,27 km al SE de Constitución,-35.537,-72.252,62.0,2.9,Ml
255030,2024-11-11 17:04:52,2024-11-11 14:04:52,83 km al O de San Antonio de los Cobres,-23.987,-67.098,222.0,2.6,Ml
255038,2024-11-11 17:42:04,2024-11-11 14:42:04,102 km al NE de El Salvador,-25.63,-68.871,119.0,3.3,Ml
255040,2024-11-11 17:49:56,2024-11-11 14:49:56,30 km al S de Mina Collahuasi,-21.094,-68.652,126.0,3.0,Ml
255047,2024-11-11 18:31:25,2024-11-11 15:31:25,37 km al SE de Rancagua,-34.325,-70.387,123.0,3.3,Ml
255065,2024-11-11 21:32:44,2024-11-11 18:32:44,32 km al SO de Melipilla,-33.916,-71.414,75.0,3.1,Ml
255079,2024-11-12 00:31:05,2024-11-11 21:31:05,7 km al SO de Chañaral,-26.397,-70.671,44.0,3.7,Ml
255083,2024-11-12 00:55:53,2024-11-11 21:55:53,71 km al N de Calama,-21.863,-68.713,108.0,2.5,Ml
255085,2024-11-12 01:53:48,2024-11-11 22:53:48,36 km al E de Copiapó,-27.419,-69.97,88.0,2.6,Ml
255097,2024-11-12 04:05:08,2024-11-12 01:05:08,75 km al O de San Antonio de los Cobres,-24.248,-67.063,207.0,3.7,Ml
255102,2024-11-12 04:53:07,2024-11-12 01:53:07,19 km al S de Punitaqui,-31.0,-71.269,62.0,2.9,Ml
255111,2024-11-12 07:27:30,2024-11-12 04:27:30,12 km al S de Visviri,-17.698,-69.513,158.0,3.1,Ml
255130,2024-11-12 11:06:27,2024-11-12 08:06:27,34 km al NO de Mina Collahuasi,-20.564,-68.829,111.0,3.1,Ml
255131,2024-11-12 11:38:53,2024-11-12 08:38:53,59 km al NO de Constitución,-34.892,-72.778,26.0,3.3,Ml
255138,2024-11-12 13:43:14,2024-11-12 10:43:14,39 km al N de Punta de Choros,-28.911,-71.346,42.0,2.8,Ml
255143,2024-11-12 14:39:10,2024-11-12 11:39:10,32 km al NO de Ollagüe,-21.077,-68.513,157.0,3.1,Ml
255147,2024-11-12 16:36:54,2024-11-12 13:36:54,37 km al NO de Calama,-22.226,-69.18,79.0,3.3,Ml
255157,2024-11-12 17:58:34,2024-11-12 14:58:34,35 km al NE de Carrizal Bajo,-27.866,-70.895,50.0,3.5,Ml
255164,2024-11-12 18:55:57,2024-11-12 15:55:57,28 km al SO de Mina Collahuasi,-21.0,-68.849,113.0,3.5,Ml
255181,2024-11-12 23:06:44,2024-11-12 20:06:44,69 km al NO de Carrizal Bajo,-27.735,-71.729,40.0,3.8,Ml
255183,2024-11-12 23:31:12,2024-11-12 20:31:12,26 km al SO de Sierra Gorda,-23.084,-69.468,76.0,3.5,Ml
255187,2024-11-13 00:01:32,2024-11-12 21:01:32,14 km al E de Sierra Gorda,-22.915,-69.183,80.0,3.1,Ml
255202,2024-11-13 03:28:13,2024-11-13 00:28:13,22 km al N de Punta de Choros,-29.051,-71.5,34.0,4.5,Mw
255215,2024-11-13 06:11:41,2024-11-13 03:11:41,31 km al NO de Iquique,-20.053,-70.4,35.0,2.6,Ml
255219,2024-11-13 06:35:23,2024-11-13 03:35:23,17 km al NO de San Fernando,-34.479,-71.122,66.0,3.8,Ml
255227,2024-11-13 07:18:37,2024-11-13 04:18:37,106 km al SE de Socaire,-24.401,-67.346,214.0,3.2,Ml
255229,2024-11-13 07:40:21,2024-11-13 04:40:21,31 km al SO de Laja,-37.518,-72.899,45.0,2.6,Ml
255232,2024-11-13 07:51:29,2024-11-13 04:51:29,61 km al NE de Termas del Flaco,-34.676,-69.867,6.0,2.9,Ml
255243,2024-11-13 08:31:43,2024-11-13 05:31:43,109 km al E de Copiapó,-27.479,-69.232,126.0,3.6,Ml
255249,2024-11-13 09:05:37,2024-11-13 06:05:37,60 km al NE de Mina Collahuasi,-20.496,-68.202,175.0,2.8,Ml
255252,2024-11-13 09:16:05,2024-11-13 06:16:05,31 km al NE de Calama,-22.254,-68.733,110.0,2.6,Ml
255255,2024-11-13 09:23:52,2024-11-13 06:23:52,23 km al SO de Sierra Gorda,-23.076,-69.417,75.0,4.2,Ml
255281,2024-11-13 13:35:18,2024-11-13 10:35:18,46 km al SO de Taltal,-25.622,-70.876,43.0,2.9,Ml
255293,2024-11-13 16:01:08,2024-11-13 13:01:08,17 km al NE de Putre,-18.059,-69.482,145.0,2.6,Ml
255325,2024-11-13 22:02:24,2024-11-13 19:02:24,31 km al SO de Ollagüe,-21.392,-68.494,128.0,2.8,Ml
255334,2024-11-14 01:08:36,2024-11-13 22:08:36,18 km al SO de Andacollo,-30.322,-71.242,43.0,3.0,Ml
255351,2024-11-14 03:25:04,2024-11-14 00:25:04,42 km al N de Chañaral,-25.979,-70.719,49.0,3.1,Ml
255354,2024-11-14 03:56:19,2024-11-14 00:56:19,38 km al O de La Serena,-29.867,-71.64,34.0,2.6,Ml
255357,2024-11-14 04:31:28,2024-11-14 01:31:28,71 km al SE de Socaire,-24.122,-67.504,230.0,3.6,Ml
255362,2024-11-14 05:04:56,2024-11-14 02:04:56,27 km al O de Ollagüe,-21.182,-68.51,134.0,3.9,Ml
255377,2024-11-14 07:25:32,2024-11-14 04:25:32,37 km al E de Antuco,-37.445,-71.277,176.0,3.4,Ml
255384,2024-11-14 07:45:29,2024-11-14 04:45:29,48 km al O de Valparaíso,-33.019,-72.126,40.0,2.5,Ml
255408,2024-11-14 10:42:06,2024-11-14 07:42:06,33 km al NO de Visviri,-17.37,-69.68,171.0,3.0,Ml
255419,2024-11-14 13:58:17,2024-11-14 10:58:17,17 km al SE de Valparaíso,-33.169,-71.497,36.0,2.8,Ml
255424,2024-11-14 14:38:46,2024-11-14 11:38:46,38 km al O de Mina Collahuasi,-20.848,-69.027,107.0,3.9,Ml
255436,2024-11-14 16:33:49,2024-11-14 13:33:49,83 km al E de Paposo,-24.986,-69.638,88.0,2.9,Ml
255443,2024-11-14 17:04:54,2024-11-14 14:04:54,76 km al O de San Antonio de los Cobres,-24.043,-67.039,241.0,3.5,Ml
255460,2024-11-14 18:40:41,2024-11-14 15:40:41,73 km al E de Copiapó,-27.091,-69.664,32.0,2.9,Ml
255469,2024-11-14 20:04:47,2024-11-14 17:04:47,36 km al S de Mina Collahuasi,-21.15,-68.703,149.0,4.0,Ml
255477,2024-11-14 20:25:22,2024-11-14 17:25:22,39 km al S de Mina La Escondida,-24.612,-69.159,97.0,3.5,Ml
255505,2024-11-15 04:32:15,2024-11-15 01:32:15,20 km al N de Camiña,-19.138,-69.448,95.0,3.3,Ml
255511,2024-11-15 05:18:01,2024-11-15 02:18:01,13 km al O de Pichilemu,-34.391,-72.149,24.0,2.5,Ml
255513,2024-11-15 05:26:50,2024-11-15 02:26:50,83 km al SE de Sierra Gorda,-23.529,-68.903,102.0,3.0,Ml
255524,2024-11-15 07:33:43,2024-11-15 04:33:43,33 km al SO de Ollagüe,-21.497,-68.373,130.0,3.0,Ml
255527,2024-11-15 07:51:23,2024-11-15 04:51:23,69 km al S de Sierra Gorda,-23.488,-69.148,101.0,2.6,Ml
255531,2024-11-15 08:39:34,2024-11-15 05:39:34,43 km al O de La Serena,-29.774,-71.67,39.0,2.7,Ml
255534,2024-11-15 08:56:48,2024-11-15 05:56:48,27 km al SE de Camiña,-19.506,-69.267,93.0,2.8,Ml
255542,2024-11-15 10:05:00,2024-11-15 07:05:00,13 km al SE de Tongoy,-30.335,-71.398,46.0,3.2,Ml
255554,2024-11-15 12:49:38,2024-11-15 09:49:38,113 km al SE de Socaire,-24.507,-67.406,198.0,2.9,Ml
255557,2024-11-15 14:55:12,2024-11-15 11:55:12,48 km al NE de Calama,-22.094,-68.701,123.0,2.8,Ml
255560,2024-11-15 15:33:21,2024-11-15 12:33:21,119 km al NE de Socaire,-23.047,-66.884,261.0,3.6,Ml
255571,2024-11-15 16:23:45,2024-11-15 13:23:45,51 km al N de Pica,-20.031,-69.288,89.0,2.5,Ml
255575,2024-11-15 16:59:10,2024-11-15 13:59:10,28 km al O de Santiago,-33.497,-70.942,72.0,3.3,Ml
255579,2024-11-15 17:08:36,2024-11-15 14:08:36,45 km al NE de Calama,-22.132,-68.693,119.0,2.8,Ml
255594,2024-11-15 18:46:38,2024-11-15 15:46:38,75 km al SE de Socaire,-23.93,-67.253,196.0,2.8,Ml
255601,2024-11-15 20:17:04,2024-11-15 17:17:04,98 km al SE de Alto del Carmen,-29.323,-69.712,125.0,3.5,Ml
255606,2024-11-15 20:42:45,2024-11-15 17:42:45,71 km al N de Tocopilla,-21.458,-70.276,33.0,2.5,Ml
255611,2024-11-15 21:10:01,2024-11-15 18:10:01,37 km al N de Socaire,-23.259,-67.859,144.0,2.8,Ml
255617,2024-11-15 22:40:56,2024-11-15 19:40:56,7 km al O de La Serena,-29.928,-71.323,45.0,2.7,Ml
255620,2024-11-15 22:52:25,2024-11-15 19:52:25,109 km al NE de Socaire,-22.994,-67.043,249.0,3.4,Ml
255621,2024-11-15 23:20:36,2024-11-15 20:20:36,74 km al O de Mina La Escondida,-24.527,-69.734,65.0,2.8,Ml
255623,2024-11-15 23:54:06,2024-11-15 20:54:06,25 km al N de Farellones,-33.124,-70.312,108.0,2.9,Ml
255627,2024-11-16 00:52:28,2024-11-15 21:52:28,66 km al SO de Mina La Escondida,-24.821,-69.294,110.0,3.2,Ml
255630,2024-11-16 01:02:00,2024-11-15 22:02:00,129 km al O de Parque Fray Jorge,-30.367,-72.988,34.0,2.9,Ml
255636,2024-11-16 02:06:43,2024-11-15 23:06:43,134 km al O de Lebu,-37.14,-75.047,20.0,3.5,Ml
255640,2024-11-16 02:29:52,2024-11-15 23:29:52,37 km al O de Fresia,-41.187,-73.862,32.0,2.7,Ml
255644,2024-11-16 03:11:35,2024-11-16 00:11:35,47 km al S de Socaire,-23.992,-67.737,252.0,2.7,Ml
255651,2024-11-16 04:44:54,2024-11-16 01:44:54,60 km al O de Lebu,-37.842,-74.268,39.0,3.0,Ml
255659,2024-11-16 06:11:20,2024-11-16 03:11:20,85 km al O de San Antonio de los Cobres,-23.988,-67.118,237.0,2.9,Ml
255661,2024-11-16 06:51:51,2024-11-16 03:51:51,19 km al O de Cabo Raper,-46.759,-75.884,15.0,3.0,Ml
255680,2024-11-16 12:04:04,2024-11-16 09:04:04,50 km al NE de Vallenar,-28.16,-70.562,66.0,3.0,Ml
255682,2024-11-16 12:08:37,2024-11-16 09:08:37,26 km al N de Calama,-22.244,-68.887,109.0,2.5,Ml
255685,2024-11-16 12:39:33,2024-11-16 09:39:33,79 km al SE de Socaire,-24.17,-67.438,193.0,2.8,Ml
255693,2024-11-16 14:15:54,2024-11-16 11:15:54,24 km al SE de San Pedro de Atacama,-23.062,-68.027,136.0,4.4,Mw
255700,2024-11-16 15:37:37,2024-11-16 12:37:37,17 km al O de Sierra Gorda,-22.845,-69.482,80.0,2.7,Ml
255703,2024-11-16 15:44:15,2024-11-16 12:44:15,65 km al SE de Socaire,-23.94,-67.376,198.0,2.7,Ml
255721,2024-11-16 18:33:12,2024-11-16 15:33:12,59 km al E de Socaire,-23.545,-67.317,254.0,2.9,Ml
255724,2024-11-16 18:35:23,2024-11-16 15:35:23,35 km al SE de Alto del Carmen,-28.983,-70.229,120.0,3.0,Ml
255734,2024-11-16 20:18:33,2024-11-16 17:18:33,51 km al SO de Ollagüe,-21.623,-68.498,128.0,2.9,Ml
255739,2024-11-16 21:15:08,2024-11-16 18:15:08,17 km al NO de Baquedano,-23.267,-69.994,82.0,3.5,Ml
255741,2024-11-16 21:33:59,2024-11-16 18:33:59,73 km al S de Socaire,-24.237,-67.793,237.0,3.3,Ml
255749,2024-11-16 22:48:09,2024-11-16 19:48:09,72 km al E de Ollagüe,-21.407,-67.585,208.0,3.1,Ml
255750,2024-11-17 00:02:47,2024-11-16 21:02:47,85 km al NO de San Antonio de los Cobres,-23.906,-67.075,222.0,3.1,Ml
255758,2024-11-17 00:53:33,2024-11-16 21:53:33,88 km al SE de Socaire,-24.127,-67.258,229.0,2.8,Ml
255766,2024-11-17 02:54:35,2024-11-16 23:54:35,18 km al NO de Tongoy,-30.109,-71.569,37.0,2.8,Ml
255770,2024-11-17 03:09:31,2024-11-17 00:09:31,31 km al SO de Ollagüe,-21.372,-68.502,132.0,2.7,Ml
255775,2024-11-17 05:09:32,2024-11-17 02:09:32,78 km al NE de Alto del Carmen,-28.451,-69.766,99.0,2.7,Ml
255785,2024-11-17 06:07:23,2024-11-17 03:07:23,24 km al S de Pichidangui,-32.352,-71.495,45.0,2.7,Ml
255788,2024-11-17 06:47:23,2024-11-17 03:47:23,77 km al SE de Socaire,-24.143,-67.427,236.0,3.3,Ml
255792,2024-11-17 08:14:33,2024-11-17 05:14:33,23 km al SE de Calama,-22.602,-68.752,92.0,2.8,Ml
255797,2024-11-17 08:58:39,2024-11-17 05:58:39,3 km al NE de Parque Fray Jorge,-30.639,-71.671,34.0,3.8,Ml
255800,2024-11-17 09:02:21,2024-11-17 06:02:21,4 km al NE de Parque Fray Jorge,-30.639,-71.647,35.0,2.8,Ml
255804,2024-11-17 09:09:01,2024-11-17 06:09:01,116 km al E de Copiapó,-27.751,-69.24,125.0,2.5,Ml
255807,2024-11-17 09:29:03,2024-11-17 06:29:03,71 km al S de Socaire,-24.226,-67.843,238.0,2.9,Ml
255812,2024-11-17 10:47:37,2024-11-17 07:47:37,60 km al N de Calama,-21.944,-68.786,122.0,3.0,Ml
255815,2024-11-17 10:50:32,2024-11-17 07:50:32,40 km al N de Vicuña,-29.674,-70.704,74.0,3.5,Ml
255819,2024-11-17 11:04:34,2024-11-17 08:04:34,4 km al NO de Parque Fray Jorge,-30.631,-71.698,34.0,3.6,Ml
255832,2024-11-17 14:27:23,2024-11-17 11:27:23,16 km al NE de Mina La Escondida,-24.144,-68.97,94.0,3.8,Ml
255835,2024-11-17 15:03:27,2024-11-17 12:03:27,112 km al NO de Pichilemu,-33.914,-73.085,32.0,2.5,Ml
255836,2024-11-17 15:05:55,2024-11-17 12:05:55,30 km al O de Ollagüe,-21.313,-68.529,121.0,3.0,Ml
255839,2024-11-17 15:19:40,2024-11-17 12:19:40,43 km al N de Camiña,-18.945,-69.29,116.0,2.8,Ml
255850,2024-11-17 17:27:16,2024-11-17 14:27:16,12 km al SE de Calama,-22.522,-68.833,107.0,2.9,Ml
255853,2024-11-17 17:30:59,2024-11-17 14:30:59,41 km al S de Socaire,-23.944,-67.786,290.0,3.2,Ml
255864,2024-11-17 18:03:59,2024-11-17 15:03:59,53 km al SO de Tocopilla,-22.477,-70.513,32.0,2.5,Ml
255867,2024-11-17 18:08:17,2024-11-17 15:08:17,78 km al SE de Socaire,-24.194,-67.495,202.0,3.3,Ml
255866,2024-11-17 18:13:13,2024-11-17 15:13:13,73 km al SO de Ollagüe,-21.791,-68.613,120.0,2.5,Ml
255870,2024-11-17 19:40:44,2024-11-17 16:40:44,71 km al SE de Socaire,-24.058,-67.418,210.0,3.2,Ml
255875,2024-11-17 21:04:28,2024-11-17 18:04:28,21 km al N de Patache,-20.625,-70.232,68.0,2.9,Ml
255879,2024-11-17 22:06:22,2024-11-17 19:06:22,57 km al E de Socaire,-23.383,-67.38,256.0,3.6,Ml
255880,2024-11-17 22:41:51,2024-11-17 19:41:51,82 km al SE de Socaire,-24.173,-67.397,186.0,2.9,Ml
255889,2024-11-18 00:35:15,2024-11-17 21:35:15,4 km al S de Calama,-22.508,-68.945,115.0,2.6,Ml
255890,2024-11-18 01:10:51,2024-11-17 22:10:51,30 km al S de Mina Collahuasi,-21.095,-68.665,125.0,2.7,Ml
255896,2024-11-18 01:30:36,2024-11-17 22:30:36,52 km al SO de Ollagüe,-21.652,-68.463,128.0,3.6,Ml
255900,2024-11-18 01:54:10,2024-11-17 22:54:10,43 km al SE de Pica,-20.802,-69.085,105.0,2.8,Ml
255902,2024-11-18 02:00:05,2024-11-17 23:00:05,160 km al O de Toltén,-39.253,-75.021,32.0,3.0,Ml
255905,2024-11-18 02:38:02,2024-11-17 23:38:02,30 km al E de Sierra Gorda,-22.879,-69.024,109.0,2.6,Ml
255911,2024-11-18 03:12:29,2024-11-18 00:12:29,48 km al NE de Cabo Raper,-46.575,-75.112,10.0,2.8,Ml
255913,2024-11-18 03:22:32,2024-11-18 00:22:32,22 km al E de Tocopilla,-22.141,-69.998,36.0,2.6,Ml
255920,2024-11-18 05:06:33,2024-11-18 02:06:33,81 km al N de San Pedro de Atacama,-22.227,-67.955,180.0,4.1,Ml
255923,2024-11-18 05:17:33,2024-11-18 02:17:33,33 km al SE de Los Ángeles,-37.713,-72.13,96.0,3.3,Ml
255926,2024-11-18 05:59:50,2024-11-18 02:59:50,64 km al SE de Socaire,-24.11,-67.616,240.0,2.6,Ml
255928,2024-11-18 06:41:04,2024-11-18 03:41:04,100 km al NO de Ancud,-41.305,-74.766,5.0,2.5,Ml
255929,2024-11-18 07:15:42,2024-11-18 04:15:42,94 km al S de Ilo,-18.49,-71.408,27.0,3.1,Ml
255933,2024-11-18 07:54:52,2024-11-18 04:54:52,9 km al O de Chañaral,-26.372,-70.71,35.0,3.0,Ml
255935,2024-11-18 08:02:05,2024-11-18 05:02:05,14 km al O de Mina Collahuasi,-20.855,-68.785,101.0,2.9,Ml
255938,2024-11-18 09:06:21,2024-11-18 06:06:21,61 km al NE de San Pedro de Atacama,-22.58,-67.73,192.0,3.3,Ml
255943,2024-11-18 10:20:20,2024-11-18 07:20:20,39 km al O de Mina Collahuasi,-20.82,-69.033,100.0,3.8,Ml
255946,2024-11-18 10:38:00,2024-11-18 07:38:00,68 km al NE de San Pedro de Atacama,-22.361,-67.924,190.0,3.1,Ml
255948,2024-11-18 11:32:20,2024-11-18 08:32:20,11 km al O de Cabo Raper,-46.81,-75.782,8.0,2.5,Ml
255950,2024-11-18 12:32:02,2024-11-18 09:32:02,18 km al SO de Putre,-18.274,-69.704,110.0,2.5,Ml
255952,2024-11-18 12:36:53,2024-11-18 09:36:53,37 km al N de Camiña,-18.995,-69.31,114.0,3.2,Ml
255956,2024-11-18 12:45:37,2024-11-18 09:45:37,47 km al SO de Pichidangui,-32.398,-71.915,49.0,2.8,Ml
255963,2024-11-18 13:10:03,2024-11-18 10:10:03,31 km al NE de Calama,-22.351,-68.658,105.0,3.6,Ml
255970,2024-11-18 13:54:20,2024-11-18 10:54:20,58 km al SO de Ollagüe,-21.64,-68.59,132.0,3.0,Ml
255972,2024-11-18 14:07:08,2024-11-18 11:07:08,21 km al SE de Calama,-22.644,-68.849,102.0,3.2,Ml
255974,2024-11-18 14:37:01,2024-11-18 11:37:01,103 km al SE de Ollagüe,-21.795,-67.465,171.0,2.7,Ml
255979,2024-11-18 16:01:55,2024-11-18 13:01:55,12 km al N de Calama,-22.362,-68.957,100.0,2.5,Ml
255985,2024-11-18 16:51:30,2024-11-18 13:51:30,87 km al N de Chos Malal,-36.619,-70.512,171.0,3.4,Ml
255999,2024-11-18 17:51:24,2024-11-18 14:51:24,15 km al SO de Pichilemu,-34.497,-72.111,28.0,2.7,Ml
256004,2024-11-18 18:05:51,2024-11-18 15:05:51,49 km al SO de María Elena,-22.744,-69.856,46.0,3.2,Ml
256015,2024-11-18 19:04:01,2024-11-18 16:04:01,45 km al N de Camiña,-18.92,-69.531,125.0,2.6,Ml
256017,2024-11-18 19:08:35,2024-11-18 16:08:35,28 km al NO de Quillagua,-21.476,-69.718,22.0,3.2,Ml
256035,2024-11-18 23:04:12,2024-11-18 20:04:12,132 km al N de San Antonio de los Cobres,-23.085,-66.669,235.0,3.6,Ml
256043,2024-11-19 00:22:31,2024-11-18 21:22:31,28 km al S de Calama,-22.703,-69.025,104.0,2.6,Ml
256045,2024-11-19 01:17:35,2024-11-18 22:17:35,22 km al SO de Arica,-18.576,-70.504,36.0,2.6,Ml
256047,2024-11-19 02:59:11,2024-11-18 23:59:11,103 km al SE de Socaire,-24.41,-67.411,215.0,3.6,Ml
256049,2024-11-19 03:09:43,2024-11-19 00:09:43,57 km al SO de Patache,-21.262,-70.463,62.0,2.9,Ml
256052,2024-11-19 03:14:43,2024-11-19 00:14:43,51 km al SO de Mina Collahuasi,-21.127,-69.027,102.0,3.1,Ml
256060,2024-11-19 04:19:37,2024-11-19 01:19:37,15 km al SO de Canela Baja,-31.486,-71.573,72.0,2.9,Ml
256063,2024-11-19 04:33:36,2024-11-19 01:33:36,25 km al N de Quillagua,-21.439,-69.575,30.0,4.3,Ml
256065,2024-11-19 04:42:35,2024-11-19 01:42:35,46 km al SE de Sierra Gorda,-23.059,-68.913,91.0,3.1,Ml
256069,2024-11-19 05:10:13,2024-11-19 02:10:13,62 km al SE de Camiña,-19.822,-69.182,122.0,2.7,Ml
256073,2024-11-19 06:00:07,2024-11-19 03:00:07,15 km al O de Andacollo,-30.234,-71.241,57.0,2.6,Ml
256074,2024-11-19 06:15:06,2024-11-19 03:15:06,35 km al SO de Ollagüe,-21.507,-68.411,137.0,2.6,Ml
256082,2024-11-19 08:04:37,2024-11-19 05:04:37,39 km al SE de Petorca,-32.455,-70.596,107.0,2.9,Ml
256087,2024-11-19 08:34:26,2024-11-19 05:34:26,12 km al SO de Illapel,-31.706,-71.256,52.0,4.0,Ml
256091,2024-11-19 08:54:48,2024-11-19 05:54:48,78 km al E de Combarbalá,-31.086,-70.187,111.0,2.6,Ml
256095,2024-11-19 10:30:27,2024-11-19 07:30:27,22 km al O de Quintero,-32.714,-71.753,22.0,2.7,Ml
256099,2024-11-19 11:14:19,2024-11-19 08:14:19,83 km al NE de San Pedro de Atacama,-22.298,-67.758,204.0,3.3,Ml
256107,2024-11-19 12:08:17,2024-11-19 09:08:17,30 km al O de Mina Collahuasi,-20.868,-68.944,82.0,2.7,Ml
256127,2024-11-19 17:08:27,2024-11-19 14:08:27,82 km al NO de San Antonio de los Cobres,-23.842,-67.011,196.0,3.7,Ml
256134,2024-11-19 18:06:20,2024-11-19 15:06:20,46 km al SO de Angol,-37.994,-73.172,66.0,4.4,Ml
256140,2024-11-19 19:06:07,2024-11-19 16:06:07,112 km al O de Bahía Mansa,-40.151,-74.92,28.0,3.5,Ml
256146,2024-11-19 21:21:26,2024-11-19 18:21:26,63 km al O de San Antonio de los Cobres,-24.051,-66.905,146.0,3.2,Ml
256150,2024-11-19 22:25:32,2024-11-19 19:25:32,27 km al SE de Camiña,-19.534,-69.322,94.0,3.2,Ml
256155,2024-11-19 23:57:50,2024-11-19 20:57:50,74 km al SO de Ollagüe,-21.836,-68.536,115.0,2.6,Ml
256176,2024-11-20 05:49:16,2024-11-20 02:49:16,10 km al SO de Ovalle,-30.682,-71.247,53.0,2.8,Ml
256188,2024-11-20 08:01:46,2024-11-20 05:01:46,9 km al SO de Huasco,-28.507,-71.3,24.0,2.6,Ml
256196,2024-11-20 11:07:21,2024-11-20 08:07:21,41 km al NE de María Elena,-22.139,-69.328,88.0,2.6,Ml
256201,2024-11-20 12:52:42,2024-11-20 09:52:42,19 km al E de La Ligua,-32.481,-71.035,74.0,3.6,Ml
256208,2024-11-20 14:17:16,2024-11-20 11:17:16,41 km al O de Mina Collahuasi,-20.898,-69.049,109.0,3.1,Ml
256211,2024-11-20 14:21:39,2024-11-20 11:21:39,60 km al S de Camiña,-19.833,-69.263,95.0,2.6,Ml
256217,2024-11-20 15:00:58,2024-11-20 12:00:58,65 km al SO de Ollagüe,-21.569,-68.755,113.0,3.4,Ml
256218,2024-11-20 15:06:25,2024-11-20 12:06:25,37 km al SO de Mejillones,-23.269,-70.761,26.0,2.7,Ml
256223,2024-11-20 15:23:19,2024-11-20 12:23:19,56 km al N de Mejillones,-22.629,-70.268,51.0,2.6,Ml
256230,2024-11-20 16:26:20,2024-11-20 13:26:20,46 km al SO de Mina Collahuasi,-21.089,-69.006,118.0,3.1,Ml
256234,2024-11-20 16:47:42,2024-11-20 13:47:42,36 km al E de Curicó,-34.944,-70.845,117.0,3.1,Ml
256253,2024-11-20 18:44:36,2024-11-20 15:44:36,79 km al O de San Antonio de los Cobres,-24.214,-67.096,199.0,3.4,Ml
256265,2024-11-20 21:50:22,2024-11-20 18:50:22,40 km al E de Mina Los Pelambres,-31.884,-70.174,119.0,3.1,Ml
256273,2024-11-20 22:44:54,2024-11-20 19:44:54,85 km al O de San Antonio de los Cobres,-23.992,-67.12,218.0,3.2,Ml
256279,2024-11-20 23:30:39,2024-11-20 20:30:39,27 km al E de Vichuquén,-34.798,-71.718,43.0,3.0,Ml
256285,2024-11-21 00:26:48,2024-11-20 21:26:48,30 km al SE de Sierra Gorda,-23.049,-69.082,93.0,3.8,Ml
256291,2024-11-21 01:52:54,2024-11-20 22:52:54,34 km al O de Tirúa,-38.484,-73.84,24.0,2.8,Ml
256313,2024-11-21 06:16:59,2024-11-21 03:16:59,61 km al NE de Vallenar,-28.124,-70.404,80.0,3.1,Ml
256315,2024-11-21 06:20:24,2024-11-21 03:20:24,205 km al O de Constitución,-34.959,-74.62,15.0,3.6,Ml
256329,2024-11-21 08:51:21,2024-11-21 05:51:21,74 km al O de Valparaíso,-32.932,-72.393,45.0,3.4,Ml
256343,2024-11-21 09:39:28,2024-11-21 06:39:28,47 km al NE de Pica,-20.18,-69.017,100.0,3.7,Ml
256349,2024-11-21 10:38:21,2024-11-21 07:38:21,33 km al SO de Pichidangui,-32.351,-71.764,28.0,2.6,Ml
256354,2024-11-21 11:45:32,2024-11-21 08:45:32,20 km al S de La Serena,-30.08,-71.31,50.0,2.7,Ml
256358,2024-11-21 12:26:09,2024-11-21 09:26:09,21 km al N de Quillagua,-21.481,-69.6,26.0,3.0,Ml
256366,2024-11-21 13:29:31,2024-11-21 10:29:31,108 km al SE de Socaire,-24.452,-67.41,191.0,4.1,Ml
256371,2024-11-21 14:34:10,2024-11-21 11:34:10,42 km al O de Coronel,-36.898,-73.596,11.0,3.3,Ml
256380,2024-11-21 15:39:36,2024-11-21 12:39:36,36 km al O de Coronel,-36.931,-73.538,23.0,3.8,Ml
256387,2024-11-21 15:50:31,2024-11-21 12:50:31,85 km al E de Socaire,-23.826,-67.095,233.0,3.8,Ml
256389,2024-11-21 15:57:50,2024-11-21 12:57:50,4 km al NO de Parque Fray Jorge,-30.628,-71.705,35.0,2.8,Ml
256422,2024-11-21 19:13:44,2024-11-21 16:13:44,8 km al SE de Chillán,-36.644,-72.023,90.0,3.0,Ml
256439,2024-11-21 21:54:49,2024-11-21 18:54:49,31 km al NE de Los Andes,-32.634,-70.372,119.0,2.6,Ml
256443,2024-11-21 22:17:03,2024-11-21 19:17:03,41 km al SO de Huasco,-28.779,-71.45,22.0,2.9,Ml
256446,2024-11-21 22:31:24,2024-11-21 19:31:24,41 km al O de Mina Collahuasi,-20.859,-69.049,119.0,2.5,Ml
256461,2024-11-22 02:30:29,2024-11-21 23:30:29,7 km al O de Visviri,-17.607,-69.552,163.0,4.5,Mw
256468,2024-11-22 04:19:47,2024-11-22 01:19:47,13 km al E de Parque Fray Jorge,-30.626,-71.556,25.0,2.6,Ml
256486,2024-11-22 08:33:32,2024-11-22 05:33:32,18 km al S de La Serena,-30.053,-71.309,54.0,3.3,Ml
256504,2024-11-22 13:20:58,2024-11-22 10:20:58,56 km al NE de Calama,-22.025,-68.673,134.0,2.5,Ml
256515,2024-11-22 15:39:12,2024-11-22 12:39:12,53 km al O de San Pedro de Atacama,-23.079,-68.691,87.0,2.6,Ml
256519,2024-11-22 16:57:29,2024-11-22 13:57:29,16 km al NE de Quintero,-32.672,-71.412,50.0,2.5,Ml
256546,2024-11-22 18:11:56,2024-11-22 15:11:56,27 km al NO de Mina La Escondida,-24.067,-69.207,101.0,3.4,Ml
256553,2024-11-22 18:50:23,2024-11-22 15:50:23,53 km al E de El Salvador,-26.171,-69.101,130.0,3.3,Ml
256564,2024-11-22 20:45:40,2024-11-22 17:45:40,13 km al N de Pica,-20.38,-69.291,101.0,3.3,Ml
256586,2024-11-23 02:12:18,2024-11-22 23:12:18,50 km al SO de Mina Collahuasi,-21.228,-68.885,111.0,2.7,Ml
256594,2024-11-23 03:26:39,2024-11-23 00:26:39,123 km al E de Copiapó,-27.314,-69.089,115.0,3.0,Ml
256597,2024-11-23 03:52:23,2024-11-23 00:52:23,79 km al SE de Alto del Carmen,-29.068,-69.757,140.0,2.9,Ml
256604,2024-11-23 05:32:19,2024-11-23 02:32:19,62 km al NE de Calama,-21.956,-68.699,107.0,3.1,Ml
256629,2024-11-23 09:05:31,2024-11-23 06:05:31,27 km al E de Calama,-22.465,-68.669,116.0,2.7,Ml
256635,2024-11-23 10:06:22,2024-11-23 07:06:22,27 km al S de Mina Collahuasi,-21.061,-68.6,105.0,2.5,Ml
256641,2024-11-23 12:22:06,2024-11-23 09:22:06,33 km al N de Calama,-22.176,-68.877,120.0,3.1,Ml
256643,2024-11-23 12:25:05,2024-11-23 09:25:05,42 km al SO de Ollagüe,-21.572,-68.411,128.0,2.7,Ml
256645,2024-11-23 13:07:34,2024-11-23 10:07:34,50 km al O de Ollagüe,-21.345,-68.717,102.0,2.8,Ml
256648,2024-11-23 13:13:01,2024-11-23 10:13:01,47 km al O de Cabo Raper,-46.695,-76.235,12.0,2.8,Ml
256656,2024-11-23 14:07:30,2024-11-23 11:07:30,38 km al NO de Iquique,-20.057,-70.476,28.0,2.6,Ml
256657,2024-11-23 14:30:22,2024-11-23 11:30:22,40 km al NE de Calama,-22.2,-68.672,127.0,3.0,Ml
256677,2024-11-23 17:14:03,2024-11-23 14:14:03,9 km al SO de Punta de Choros,-29.285,-71.547,48.0,2.6,Ml
256686,2024-11-23 19:42:47,2024-11-23 16:42:47,37 km al E de Entre Lagos,-40.569,-72.19,5.0,2.6,Ml
256687,2024-11-23 20:05:02,2024-11-23 17:05:02,52 km al S de Socaire,-24.058,-67.828,256.0,2.7,Ml
256688,2024-11-23 20:07:58,2024-11-23 17:07:58,73 km al S de Socaire,-24.214,-67.678,254.0,3.7,Ml
256695,2024-11-23 20:24:10,2024-11-23 17:24:10,29 km al O de Paposo,-24.964,-70.748,45.0,2.6,Ml
256693,2024-11-23 20:28:30,2024-11-23 17:28:30,35 km al E de Pica,-20.501,-68.993,99.0,3.0,Ml
256707,2024-11-23 22:24:20,2024-11-23 19:24:20,48 km al SE de Sierra Gorda,-23.211,-69.003,110.0,3.6,Ml
256716,2024-11-24 00:04:17,2024-11-23 21:04:17,57 km al SO de Mina Collahuasi,-21.286,-68.899,120.0,3.3,Ml
256720,2024-11-24 00:24:45,2024-11-23 21:24:45,13 km al SO de Chañaral,-26.435,-70.71,43.0,2.7,Ml
256725,2024-11-24 01:12:29,2024-11-23 22:12:29,34 km al NE de Pica,-20.204,-69.206,103.0,3.6,Ml
256727,2024-11-24 01:22:06,2024-11-23 22:22:06,77 km al S de Socaire,-24.278,-67.949,257.0,2.6,Ml
256732,2024-11-24 02:41:22,2024-11-23 23:41:22,83 km al O de Patache,-20.982,-70.977,40.0,3.8,Ml
256738,2024-11-24 03:50:38,2024-11-24 00:50:38,43 km al SO de Mina Collahuasi,-21.086,-68.968,112.0,2.9,Ml
256747,2024-11-24 04:28:36,2024-11-24 01:28:36,29 km al S de Curicó,-35.24,-71.327,92.0,3.6,Ml
256751,2024-11-24 04:57:23,2024-11-24 01:57:23,45 km al SO de Mina Collahuasi,-21.142,-68.937,110.0,3.0,Ml
256759,2024-11-24 06:54:30,2024-11-24 03:54:30,86 km al N de Mina La Escondida,-23.545,-68.757,108.0,2.6,Ml
256760,2024-11-24 07:05:02,2024-11-24 04:05:02,31 km al E de Cauquenes,-36.006,-71.978,82.0,3.4,Ml
256766,2024-11-24 07:17:30,2024-11-24 04:17:30,32 km al N de Calama,-22.188,-68.888,111.0,2.9,Ml
256770,2024-11-24 07:51:48,2024-11-24 04:51:48,68 km al E de Socaire,-23.822,-67.277,228.0,2.9,Ml
256777,2024-11-24 09:25:05,2024-11-24 06:25:05,37 km al NE de Pica,-20.236,-69.107,100.0,2.7,Ml
256787,2024-11-24 10:19:13,2024-11-24 07:19:13,19 km al NO de Colina,-33.099,-70.836,86.0,2.6,Ml
256794,2024-11-24 12:44:30,2024-11-24 09:44:30,47 km al S de Ollagüe,-21.634,-68.357,126.0,2.7,Ml
256798,2024-11-24 12:57:18,2024-11-24 09:57:18,41 km al E de Calama,-22.375,-68.541,131.0,4.9,Mw
256804,2024-11-24 13:19:26,2024-11-24 10:19:26,50 km al E de Calama,-22.403,-68.452,117.0,3.0,Ml
256809,2024-11-24 14:29:03,2024-11-24 11:29:03,70 km al NE de Socaire,-23.171,-67.376,274.0,2.9,Ml
256856,2024-11-24 14:31:27,2024-11-24 11:31:27,50 km al S de Socaire,-24.008,-67.72,257.0,2.8,Ml
256813,2024-11-24 15:45:50,2024-11-24 12:45:50,12 km al NE de Socaire,-23.516,-67.802,243.0,2.9,Ml
256829,2024-11-24 18:33:50,2024-11-24 15:33:50,55 km al S de Ollagüe,-21.71,-68.361,122.0,2.8,Ml
256832,2024-11-24 19:18:41,2024-11-24 16:18:41,29 km al S de Tocopilla,-22.349,-70.24,61.0,3.7,Ml
256838,2024-11-24 19:33:55,2024-11-24 16:33:55,67 km al SE de Socaire,-24.038,-67.456,251.0,3.0,Ml
256852,2024-11-24 21:59:00,2024-11-24 18:59:00,57 km al O de Cabo Raper,-46.706,-76.372,8.0,3.2,Ml
256855,2024-11-24 22:40:17,2024-11-24 19:40:17,13 km al NO de Monte Patria,-30.625,-71.063,68.0,2.5,Ml
256858,2024-11-24 22:54:16,2024-11-24 19:54:16,9 km al N de El Tabo,-33.379,-71.691,32.0,2.8,Ml
256861,2024-11-24 23:52:17,2024-11-24 20:52:17,10 km al SE de Parque Fray Jorge,-30.716,-71.599,28.0,2.9,Ml
256870,2024-11-25 02:41:15,2024-11-24 23:41:15,40 km al SE de Camiña,-19.617,-69.22,97.0,2.7,Ml
256873,2024-11-25 02:51:50,2024-11-24 23:51:50,21 km al O de Ovalle,-30.679,-71.4,42.0,2.7,Ml
256877,2024-11-25 03:01:06,2024-11-25 00:01:06,21 km al SO de Mina Collahuasi,-20.953,-68.814,104.0,2.6,Ml
256878,2024-11-25 03:40:06,2024-11-25 00:40:06,67 km al S de Socaire,-24.163,-67.699,228.0,2.5,Ml
256879,2024-11-25 04:04:18,2024-11-25 01:04:18,70 km al E de Quillagua,-21.449,-68.898,99.0,2.5,Ml
256885,2024-11-25 06:42:13,2024-11-25 03:42:13,28 km al N de Caldera,-26.813,-70.822,70.0,3.7,Ml
256897,2024-11-25 08:07:42,2024-11-25 05:07:42,58 km al NE de Calama,-22.063,-68.573,126.0,2.9,Ml
256901,2024-11-25 08:26:26,2024-11-25 05:26:26,14 km al S de San Antonio,-33.706,-71.597,45.0,3.0,Ml
256904,2024-11-25 08:40:12,2024-11-25 05:40:12,8 km al NE de Chillán,-36.552,-72.051,118.0,4.0,Ml
256909,2024-11-25 11:01:32,2024-11-25 08:01:32,43 km al SE de Calama,-22.767,-68.659,110.0,2.9,Ml
256920,2024-11-25 12:23:52,2024-11-25 09:23:52,25 km al NE de Pica,-20.348,-69.146,102.0,2.6,Ml
256919,2024-11-25 12:25:35,2024-11-25 09:25:35,12 km al N de Linares,-35.743,-71.631,92.0,3.1,Ml
256921,2024-11-25 12:58:27,2024-11-25 09:58:27,93 km al NO de Mendoza,-32.16,-69.325,105.0,2.8,Ml
256925,2024-11-25 13:39:34,2024-11-25 10:39:34,74 km al SE de Socaire,-24.186,-67.569,242.0,3.2,Ml
256930,2024-11-25 14:38:24,2024-11-25 11:38:24,53 km al S de Socaire,-24.069,-67.887,306.0,3.5,Ml
256932,2024-11-25 15:15:33,2024-11-25 12:15:33,78 km al NE de Calama,-21.875,-68.536,124.0,2.5,Ml
256936,2024-11-25 15:31:36,2024-11-25 12:31:36,74 km al N de Tocopilla,-21.459,-70.414,42.0,2.5,Ml
256940,2024-11-25 15:45:26,2024-11-25 12:45:26,87 km al O de San Antonio de los Cobres,-23.907,-67.105,246.0,4.1,Ml
256943,2024-11-25 16:25:01,2024-11-25 13:25:01,165 km al O de Valdivia,-39.414,-75.095,29.0,3.3,Ml
256947,2024-11-25 16:36:18,2024-11-25 13:36:18,77 km al SO de Puerto Aguirre,-45.52,-74.364,11.0,2.5,Ml
256948,2024-11-25 16:49:40,2024-11-25 13:49:40,51 km al SE de Arica,-18.671,-69.884,89.0,2.7,Ml
256955,2024-11-25 17:46:08,2024-11-25 14:46:08,48 km al NE de Pica,-20.266,-68.932,98.0,2.5,Ml
256957,2024-11-25 18:03:17,2024-11-25 15:03:17,13 km al NE de La Higuera,-29.45,-71.084,45.0,3.0,Ml
256971,2024-11-25 19:09:37,2024-11-25 16:09:37,57 km al O de Caleta El Cobre,-24.165,-71.081,28.0,3.4,Ml
256972,2024-11-25 19:13:50,2024-11-25 16:13:50,43 km al NO de Concepción,-36.487,-73.287,19.0,3.3,Ml
256978,2024-11-25 20:23:19,2024-11-25 17:23:19,33 km al S de Pica,-20.79,-69.358,82.0,2.9,Ml
256985,2024-11-25 21:59:32,2024-11-25 18:59:32,29 km al O de Parque Fray Jorge,-30.586,-71.968,40.0,4.3,Mw
256991,2024-11-25 22:50:38,2024-11-25 19:50:38,22 km al O de Parque Fray Jorge,-30.604,-71.902,29.0,2.7,Ml
257002,2024-11-26 01:35:31,2024-11-25 22:35:31,76 km al SE de Socaire,-24.176,-67.505,210.0,3.8,Ml
257017,2024-11-26 05:36:30,2024-11-26 02:36:30,25 km al O de Pichidangui,-32.131,-71.79,59.0,3.2,Ml
257020,2024-11-26 05:48:35,2024-11-26 02:48:35,49 km al O de San Pedro de Atacama,-23.092,-68.638,106.0,2.7,Ml
257028,2024-11-26 09:10:01,2024-11-26 06:10:01,31 km al N de Mina La Escondida,-23.995,-69.081,110.0,2.7,Ml
257029,2024-11-26 09:15:53,2024-11-26 06:15:53,52 km al O de Ollagüe,-21.36,-68.739,130.0,3.9,Ml
257035,2024-11-26 10:27:23,2024-11-26 07:27:23,51 km al SO de Ollagüe,-21.591,-68.551,134.0,4.1,Ml
257040,2024-11-26 12:11:26,2024-11-26 09:11:26,39 km al N de Chañaral,-25.999,-70.622,73.0,2.7,Ml
257044,2024-11-26 12:23:39,2024-11-26 09:23:39,22 km al SO de Calama,-22.577,-69.115,98.0,2.9,Ml
257046,2024-11-26 12:33:08,2024-11-26 09:33:08,19 km al N de Ovalle,-30.439,-71.264,48.0,5.1,Mw
257052,2024-11-26 13:26:33,2024-11-26 10:26:33,71 km al SO de Ollagüe,-21.704,-68.711,114.0,3.1,Ml
257063,2024-11-26 14:30:08,2024-11-26 11:30:08,22 km al SO de Pichidangui,-32.267,-71.704,32.0,2.7,Ml
257067,2024-11-26 14:32:28,2024-11-26 11:32:28,73 km al S de Socaire,-24.232,-67.76,242.0,3.6,Ml
257072,2024-11-26 15:11:40,2024-11-26 12:11:40,59 km al SO de Ollagüe,-21.722,-68.462,120.0,2.5,Ml
257077,2024-11-26 15:55:30,2024-11-26 12:55:30,24 km al SE de Pichilemu,-34.578,-71.897,14.0,2.8,Ml
257084,2024-11-26 17:04:02,2024-11-26 14:04:02,35 km al O de Temuco,-38.688,-72.983,68.0,3.5,Ml
257086,2024-11-26 17:07:09,2024-11-26 14:07:09,45 km al SE de Pica,-20.831,-69.099,116.0,2.8,Ml
257093,2024-11-26 18:06:33,2024-11-26 15:06:33,7 km al N de Punitaqui,-30.768,-71.27,47.0,2.6,Ml
257117,2024-11-27 01:40:25,2024-11-26 22:40:25,29 km al NE de Calama,-22.287,-68.724,105.0,2.8,Ml
257121,2024-11-27 02:43:33,2024-11-26 23:43:33,65 km al NE de Calama,-21.954,-68.629,114.0,2.5,Ml
257132,2024-11-27 03:56:07,2024-11-27 00:56:07,79 km al SE de Socaire,-24.023,-67.275,231.0,2.9,Ml
257138,2024-11-27 05:18:07,2024-11-27 02:18:07,32 km al NO de Mina Collahuasi,-20.672,-68.913,111.0,3.1,Ml
257143,2024-11-27 07:28:01,2024-11-27 04:28:01,12 km al O de Los Ángeles,-37.425,-72.481,72.0,2.7,Ml
257146,2024-11-27 08:19:30,2024-11-27 05:19:30,48 km al E de Sierra Gorda,-22.963,-68.861,111.0,4.1,Ml
257155,2024-11-27 09:32:09,2024-11-27 06:32:09,110 km al SE de Copiapó,-28.128,-69.611,115.0,3.1,Ml
257158,2024-11-27 09:40:26,2024-11-27 06:40:26,82 km al E de Alto del Carmen,-28.708,-69.645,121.0,3.0,Ml
257165,2024-11-27 10:44:59,2024-11-27 07:44:59,30 km al SO de Punitaqui,-30.967,-71.527,39.0,3.6,Ml
257174,2024-11-27 12:09:48,2024-11-27 09:09:48,86 km al O de Cobquecura,-35.815,-73.667,29.0,3.9,Ml
257189,2024-11-27 14:07:27,2024-11-27 11:07:27,80 km al O de Cobquecura,-35.82,-73.598,34.0,3.4,Ml
257192,2024-11-27 14:15:58,2024-11-27 11:15:58,22 km al SO de Canela Baja,-31.501,-71.656,36.0,3.0,Ml
257196,2024-11-27 14:32:12,2024-11-27 11:32:12,20 km al E de La Serena,-29.862,-71.051,59.0,3.4,Ml
257204,2024-11-27 16:07:29,2024-11-27 13:07:29,73 km al E de Caleta El Cobre,-24.296,-69.804,73.0,3.9,Ml
257211,2024-11-27 16:44:51,2024-11-27 13:44:51,86 km al SE de Socaire,-24.188,-67.359,205.0,4.1,Ml
257262,2024-11-27 23:27:05,2024-11-27 20:27:05,178 km al O de Pisagua,-19.915,-71.883,15.0,3.7,Ml
257268,2024-11-28 00:15:46,2024-11-27 21:15:46,50 km al E de Ollagüe,-21.279,-67.779,180.0,3.7,Ml
257274,2024-11-28 01:20:33,2024-11-27 22:20:33,22 km al E de Sierra Gorda,-22.943,-69.108,90.0,2.7,Ml
257277,2024-11-28 01:52:41,2024-11-27 22:52:41,27 km al N de La Higuera,-29.27,-71.185,47.0,2.5,Ml
257278,2024-11-28 02:09:02,2024-11-27 23:09:02,36 km al NO de Quillagua,-21.453,-69.803,44.0,2.5,Ml
257281,2024-11-28 02:22:37,2024-11-27 23:22:37,34 km al S de Sierra Gorda,-23.186,-69.234,80.0,2.7,Ml
257284,2024-11-28 03:01:47,2024-11-28 00:01:47,25 km al NO de Navidad,-33.767,-71.984,31.0,2.9,Ml
257286,2024-11-28 03:37:31,2024-11-28 00:37:31,16 km al SE de Tongoy,-30.321,-71.341,51.0,2.5,Ml
257300,2024-11-28 05:15:12,2024-11-28 02:15:12,23 km al E de Farellones,-33.276,-70.081,15.0,2.5,Ml
257301,2024-11-28 05:24:40,2024-11-28 02:24:40,30 km al O de Ollagüe,-21.207,-68.546,119.0,2.8,Ml
257313,2024-11-28 07:01:10,2024-11-28 04:01:10,47 km al SO de Mina Collahuasi,-21.142,-68.964,110.0,3.8,Ml
257319,2024-11-28 07:34:41,2024-11-28 04:34:41,23 km al E de Farellones,-33.278,-70.077,10.0,2.5,Ml
257326,2024-11-28 08:05:10,2024-11-28 05:05:10,55 km al SO de Ollagüe,-21.679,-68.47,129.0,3.0,Ml
257341,2024-11-28 10:02:42,2024-11-28 07:02:42,82 km al SO de Mina La Escondida,-24.94,-69.382,107.0,2.9,Ml
257358,2024-11-28 13:02:41,2024-11-28 10:02:41,77 km al NO de Chañaral,-25.824,-71.128,46.0,3.1,Ml
257359,2024-11-28 13:22:13,2024-11-28 10:22:13,90 km al S de Socaire,-24.393,-67.822,173.0,3.4,M
257361,2024-11-28 13:34:33,2024-11-28 10:34:33,86 km al NE de San Pedro de Atacama,-22.254,-67.779,217.0,2.8,Ml
257369,2024-11-28 14:29:51,2024-11-28 11:29:51,25 km al SO de Ollagüe,-21.377,-68.429,133.0,2.9,Ml
257377,2024-11-28 16:40:47,2024-11-28 13:40:47,86 km al NO de San Antonio de los Cobres,-23.889,-67.077,238.0,3.1,Ml
257386,2024-11-28 17:35:53,2024-11-28 14:35:53,69 km al NE de San Pedro de Atacama,-22.371,-67.877,199.0,3.6,Ml
257390,2024-11-28 17:44:38,2024-11-28 14:44:38,28 km al NO de Tongoy,-30.049,-71.67,34.0,3.1,Ml
257394,2024-11-28 18:14:53,2024-11-28 15:14:53,10 km al NO de Cabo Raper,-46.725,-75.696,18.0,4.7,Mw
257400,2024-11-28 18:26:49,2024-11-28 15:26:49,52 km al SO de Ollagüe,-21.626,-68.512,144.0,3.1,Ml
257402,2024-11-28 18:45:01,2024-11-28 15:45:01,43 km al NE de El Salvador,-25.921,-69.397,136.0,3.2,Ml
257417,2024-11-28 18:46:34,2024-11-28 15:46:34,53 km al SE de Sierra Gorda,-23.286,-69.037,106.0,2.5,Ml
257414,2024-11-28 20:45:20,2024-11-28 17:45:20,8 km al N de Linares,-35.778,-71.588,102.0,3.3,Ml
257416,2024-11-28 20:48:41,2024-11-28 17:48:41,28 km al E de Cabo Raper,-46.795,-75.275,6.0,2.5,Ml
257424,2024-11-28 21:31:45,2024-11-28 18:31:45,18 km al NO de Cabo Raper,-46.646,-75.706,10.0,3.0,Ml
257425,2024-11-28 21:36:23,2024-11-28 18:36:23,20 km al N de Cabo Raper,-46.621,-75.616,6.0,3.1,Ml
257426,2024-11-28 21:58:27,2024-11-28 18:58:27,19 km al N de Mejillones,-22.926,-70.432,25.0,3.3,Ml
257429,2024-11-28 22:13:45,2024-11-28 19:13:45,40 km al NE de Tirúa,-38.099,-73.163,35.0,2.8,Ml
257431,2024-11-28 23:51:36,2024-11-28 20:51:36,38 km al S de Socaire,-23.93,-67.944,290.0,2.7,Ml
257436,2024-11-29 01:13:11,2024-11-28 22:13:11,44 km al N de Punta de Choros,-28.852,-71.492,41.0,3.5,Ml
257438,2024-11-29 01:13:33,2024-11-28 22:13:33,18 km al NE de Cabo Raper,-46.648,-75.556,27.0,2.9,Ml
257444,2024-11-29 03:07:06,2024-11-29 00:07:06,23 km al N de Farellones,-33.145,-70.321,96.0,3.4,Ml
257453,2024-11-29 05:55:38,2024-11-29 02:55:38,79 km al O de Cuya,-19.04,-70.924,41.0,3.0,Ml
257462,2024-11-29 07:56:22,2024-11-29 04:56:22,65 km al SO de Ollagüe,-21.621,-68.715,118.0,3.3,Ml
257465,2024-11-29 08:36:44,2024-11-29 05:36:44,15 km al NE de Osorno,-40.466,-73.037,20.0,2.9,Ml
257471,2024-11-29 09:25:50,2024-11-29 06:25:50,65 km al SO de Ollagüe,-21.747,-68.529,114.0,2.5,Ml
257475,2024-11-29 10:38:49,2024-11-29 07:38:49,21 km al O de Punitaqui,-30.893,-71.464,58.0,3.2,Ml
257478,2024-11-29 12:22:01,2024-11-29 09:22:01,25 km al N de Camiña,-19.086,-69.403,78.0,2.9,Ml
257515,2024-11-29 18:17:34,2024-11-29 15:17:34,36 km al NO de Quintero,-32.541,-71.792,33.0,2.8,Ml
257519,2024-11-29 18:35:17,2024-11-29 15:35:17,69 km al SO de Ollagüe,-21.794,-68.514,127.0,3.0,Ml
257522,2024-11-29 18:57:35,2024-11-29 15:57:35,19 km al O de Andacollo,-30.285,-71.275,57.0,3.3,Ml
257523,2024-11-29 19:01:45,2024-11-29 16:01:45,26 km al SO de Mina Collahuasi,-20.998,-68.831,105.0,3.5,Ml
257527,2024-11-29 19:44:27,2024-11-29 16:44:27,46 km al O de Ollagüe,-21.346,-68.68,120.0,2.8,Ml
257529,2024-11-29 20:26:03,2024-11-29 17:26:03,26 km al N de Tocopilla,-21.86,-70.176,63.0,2.5,Ml
257536,2024-11-29 22:00:49,2024-11-29 19:00:49,38 km al SE de Pica,-20.786,-69.138,109.0,2.5,Ml
257540,2024-11-29 22:41:30,2024-11-29 19:41:30,17 km al S de Cabrero,-37.187,-72.446,42.0,3.0,Ml
257566,2024-11-30 00:56:20,2024-11-29 21:56:20,111 km al SE de Alto del Carmen,-29.397,-69.611,138.0,3.4,Ml
257569,2024-11-30 01:41:00,2024-11-29 22:41:00,77 km al E de Taltal,-25.323,-69.724,83.0,3.0,Ml
257580,2024-11-30 04:26:53,2024-11-30 01:26:53,40 km al SE de San Pedro de Atacama,-23.16,-67.91,146.0,3.7,Ml
257591,2024-11-30 06:59:11,2024-11-30 03:59:11,40 km al SO de Pichidangui,-32.385,-71.834,24.0,3.1,Ml
257597,2024-11-30 07:26:55,2024-11-30 04:26:55,30 km al S de Parque Fray Jorge,-30.926,-71.617,40.0,2.6,Ml
257609,2024-11-30 10:05:31,2024-11-30 07:05:31,20 km al NO de Bahía Mansa,-40.486,-73.924,25.0,2.9,Ml
257611,2024-11-30 10:08:46,2024-11-30 07:08:46,74 km al SE de Socaire,-24.033,-67.345,224.0,3.3,Ml
257614,2024-11-30 10:20:06,2024-11-30 07:20:06,45 km al O de Taltal,-25.274,-70.912,55.0,2.9,Ml
257617,2024-11-30 10:36:47,2024-11-30 07:36:47,37 km al NE de Cabo Raper,-46.615,-75.239,16.0,2.7,Ml
257621,2024-11-30 11:16:14,2024-11-30 08:16:14,38 km al SE de Quillagua,-21.864,-69.236,83.0,3.0,Ml
257626,2024-11-30 11:29:51,2024-11-30 08:29:51,82 km al NE de San Pedro de Atacama,-22.415,-67.615,206.0,4.1,Ml
257638,2024-11-30 13:22:09,2024-11-30 10:22:09,9 km al NE de Colina,-33.125,-70.639,92.0,2.9,Ml
257639,2024-11-30 13:30:17,2024-11-30 10:30:17,27 km al N de Farellones,-33.112,-70.327,109.0,3.1,Ml
257643,2024-11-30 13:33:53,2024-11-30 10:33:53,24 km al O de Quintero,-32.692,-71.76,35.0,3.0,Ml
257650,2024-11-30 14:30:04,2024-11-30 11:30:04,29 km al E de Pica,-20.505,-69.05,96.0,3.0,Ml
257662,2024-11-30 15:57:20,2024-11-30 12:57:20,60 km al SO de Puerto Aysén,-45.916,-72.962,2.0,2.3,Ml
257661,2024-11-30 16:02:53,2024-11-30 13:02:53,48 km al NE de Calama,-22.068,-68.763,132.0,2.9,Ml
257681,2024-11-30 18:34:57,2024-11-30 15:34:57,22 km al SO de Putre,-18.381,-69.646,115.0,4.6,Mw
257696,2024-11-30 19:10:41,2024-11-30 16:10:41,47 km al NO de Navidad,-33.658,-72.196,31.0,3.3,Ml
257712,2024-11-30 22:43:17,2024-11-30 19:43:17,56 km al N de Pica,-20.01,-69.156,101.0,3.0,Ml
257718,2024-11-30 23:44:20,2024-11-30 20:44:20,29 km al O de Pichidangui,-32.09,-71.831,31.0,3.1,Ml
257719,2024-12-01 00:08:09,2024-11-30 21:08:09,81 km al S de Socaire,-24.311,-68.007,253.0,3.4,Ml
257724,2024-12-01 01:35:04,2024-11-30 22:35:04,39 km al O de Ollagüe,-21.353,-68.604,131.0,3.6,Ml
257737,2024-12-01 03:03:43,2024-12-01 00:03:43,83 km al E de Socaire,-23.362,-67.11,263.0,3.2,Ml
257734,2024-12-01 03:09:09,2024-12-01 00:09:09,83 km al O de San Antonio de los Cobres,-23.966,-67.082,245.0,4.0,Ml
257750,2024-12-01 04:37:24,2024-12-01 01:37:24,68 km al E de Cabo Raper,-46.645,-74.771,179.0,3.2,Ml
257754,2024-12-01 04:57:10,2024-12-01 01:57:10,84 km al E de Mina La Escondida,-24.437,-68.253,175.0,3.0,Ml
257759,2024-12-01 07:05:28,2024-12-01 04:05:28,18 km al SE de Calama,-22.599,-68.82,100.0,3.7,Ml
257763,2024-12-01 07:55:41,2024-12-01 04:55:41,34 km al O de La Serena,-29.952,-71.603,46.0,2.8,Ml
257774,2024-12-01 09:05:32,2024-12-01 06:05:32,90 km al NO de San Antonio de los Cobres,-23.641,-66.938,225.0,3.8,Ml
257805,2024-12-01 14:28:14,2024-12-01 11:28:14,10 km al SE de Parque Fray Jorge,-30.73,-71.606,24.0,3.4,Ml
257809,2024-12-01 14:36:50,2024-12-01 11:36:50,46 km al NE de Cuya,-18.827,-69.918,27.0,2.7,Ml
257811,2024-12-01 15:10:12,2024-12-01 12:10:12,61 km al SO de Mina La Escondida,-24.747,-69.345,84.0,2.7,Ml
257812,2024-12-01 15:14:48,2024-12-01 12:14:48,8 km al S de Parque Fray Jorge,-30.734,-71.67,27.0,2.5,Ml
257822,2024-12-01 16:46:16,2024-12-01 13:46:16,101 km al SE de Socaire,-24.374,-67.381,194.0,3.9,Ml
257826,2024-12-01 17:30:04,2024-12-01 14:30:04,17 km al S de Salamanca,-31.927,-70.932,79.0,3.1,Ml
257833,2024-12-01 18:03:13,2024-12-01 15:03:13,33 km al E de San Fernando,-34.49,-70.645,110.0,2.7,Ml
257843,2024-12-01 18:48:34,2024-12-01 15:48:34,55 km al NE de Calama,-22.062,-68.622,126.0,2.7,Ml
257844,2024-12-01 18:55:33,2024-12-01 15:55:33,34 km al SE de Pica,-20.743,-69.141,116.0,2.5,Ml
257846,2024-12-01 19:01:17,2024-12-01 16:01:17,57 km al NE de Cuya,-18.78,-69.811,97.0,2.7,Ml
257858,2024-12-01 19:07:22,2024-12-01 16:07:22,17 km al NO de Cabo Raper,-46.714,-75.818,19.0,2.8,Ml
257848,2024-12-01 19:43:23,2024-12-01 16:43:23,67 km al E de Baquedano,-23.493,-69.212,96.0,2.5,Ml
257855,2024-12-01 20:53:17,2024-12-01 17:53:17,45 km al NO de Cabo Raper,-46.53,-76.074,9.0,3.1,Ml
257863,2024-12-01 22:23:01,2024-12-01 19:23:01,70 km al NO de Tongoy,-29.82,-72.026,33.0,2.6,Ml
257866,2024-12-01 23:32:05,2024-12-01 20:32:05,24 km al S de Pica,-20.703,-69.31,79.0,2.9,Ml
257869,2024-12-01 23:33:19,2024-12-01 20:33:19,59 km al S de Putre,-18.719,-69.477,117.0,2.8,Ml
257872,2024-12-02 00:00:10,2024-12-01 21:00:10,10 km al NO de El Tabo,-33.371,-71.717,30.0,2.6,Ml
257875,2024-12-02 00:03:07,2024-12-01 21:03:07,37 km al SO de Ollagüe,-21.492,-68.459,129.0,3.3,Ml
257883,2024-12-02 02:01:30,2024-12-01 23:01:30,55 km al NE de Mejillones,-22.748,-70.068,44.0,3.0,Ml
257893,2024-12-02 04:05:00,2024-12-02 01:05:00,20 km al N de Paposo,-24.841,-70.406,33.0,3.4,Ml
257896,2024-12-02 04:15:06,2024-12-02 01:15:06,30 km al S de Mina Collahuasi,-21.094,-68.596,125.0,3.3,Ml
257909,2024-12-02 06:12:37,2024-12-02 03:12:37,34 km al SE de Calama,-22.709,-68.717,97.0,2.6,Ml
257923,2024-12-02 11:06:20,2024-12-02 08:06:20,29 km al O de Iquique,-20.111,-70.408,34.0,3.3,Ml
257941,2024-12-02 14:44:52,2024-12-02 11:44:52,56 km al NO de San Antonio de los Cobres,-23.857,-66.695,187.0,3.3,Ml
257943,2024-12-02 15:10:51,2024-12-02 12:10:51,35 km al E de Sierra Gorda,-22.785,-69.003,93.0,2.5,Ml
257944,2024-12-02 15:21:25,2024-12-02 12:21:25,67 km al E de Socaire,-23.786,-67.272,268.0,2.9,Ml
257953,2024-12-02 17:12:14,2024-12-02 14:12:14,44 km al N de Diego de Almagro,-26.017,-70.189,59.0,3.2,Ml
257958,2024-12-02 17:40:11,2024-12-02 14:40:11,61 km al NO de Puerto Cisnes,-44.347,-73.237,8.0,2.6,Ml
257963,2024-12-02 18:42:39,2024-12-02 15:42:39,83 km al SE de Socaire,-24.126,-67.32,221.0,3.5,Ml
257967,2024-12-02 18:51:26,2024-12-02 15:51:26,34 km al N de Cabo Raper,-46.494,-75.665,13.0,3.0,Ml
257970,2024-12-02 20:03:33,2024-12-02 17:03:33,108 km al SE de El Salvador,-27.156,-69.232,105.0,2.6,Ml
257975,2024-12-02 20:59:46,2024-12-02 17:59:46,92 km al SE de Socaire,-24.234,-67.328,204.0,2.9,Ml
257977,2024-12-02 21:02:10,2024-12-02 18:02:10,13 km al SE de Calama,-22.566,-68.854,111.0,2.8,Ml
257979,2024-12-02 21:08:30,2024-12-02 18:08:30,35 km al NE de Pica,-20.227,-69.142,100.0,3.3,Ml
257984,2024-12-02 22:31:23,2024-12-02 19:31:23,18 km al S de Calama,-22.619,-68.872,103.0,2.7,Ml
257997,2024-12-02 23:26:10,2024-12-02 20:26:10,60 km al NO de Quillagua,-21.421,-70.057,57.0,4.4,Mw
258011,2024-12-03 02:53:47,2024-12-02 23:53:47,43 km al NE de Carrizal Bajo,-27.732,-70.977,55.0,2.6,Ml
258012,2024-12-03 03:02:59,2024-12-03 00:02:59,78 km al E de Socaire,-23.433,-67.141,250.0,2.9,Ml
258023,2024-12-03 04:13:32,2024-12-03 01:13:32,37 km al NE de Calama,-22.186,-68.735,131.0,2.8,Ml
258028,2024-12-03 04:28:54,2024-12-03 01:28:54,33 km al N de Pozo Almonte,-19.964,-69.783,66.0,2.6,Ml
258033,2024-12-03 05:23:49,2024-12-03 02:23:49,65 km al NE de Los Andes,-32.476,-70.052,153.0,3.9,Ml
258038,2024-12-03 05:54:41,2024-12-03 02:54:41,47 km al S de Pica,-20.889,-69.185,112.0,3.0,Ml
258043,2024-12-03 06:27:23,2024-12-03 03:27:23,9 km al SE de Vallenar,-28.612,-70.673,70.0,3.3,Ml
258046,2024-12-03 06:35:26,2024-12-03 03:35:26,35 km al S de Mina Collahuasi,-21.141,-68.682,112.0,2.6,Ml
258048,2024-12-03 06:42:18,2024-12-03 03:42:18,14 km al E de Tocopilla,-22.043,-70.077,70.0,2.6,Ml
258055,2024-12-03 07:21:50,2024-12-03 04:21:50,18 km al N de Cabo Raper,-46.65,-75.576,12.0,2.5,Ml
258066,2024-12-03 08:49:34,2024-12-03 05:49:34,63 km al SE de Sierra Gorda,-23.256,-68.85,124.0,2.6,Ml
258075,2024-12-03 09:57:23,2024-12-03 06:57:23,25 km al SO de Parque Fray Jorge,-30.826,-71.867,31.0,4.0,Ml
258079,2024-12-03 10:02:41,2024-12-03 07:02:41,42 km al NO de Tongoy,-29.99,-71.807,42.0,2.8,Ml
258082,2024-12-03 10:09:03,2024-12-03 07:09:03,118 km al NO de Pichilemu,-33.878,-73.134,33.0,2.9,Ml
258083,2024-12-03 10:36:05,2024-12-03 07:36:05,31 km al O de Ollagüe,-21.28,-68.546,123.0,2.6,Ml
258088,2024-12-03 11:16:33,2024-12-03 08:16:33,60 km al O de Ollagüe,-21.389,-68.804,119.0,2.6,Ml
258092,2024-12-03 11:40:18,2024-12-03 08:40:18,32 km al NO de Mina Collahuasi,-20.569,-68.804,115.0,3.4,Ml
258097,2024-12-03 13:37:03,2024-12-03 10:37:03,35 km al NO de Mina Collahuasi,-20.687,-68.96,105.0,2.5,Ml
258101,2024-12-03 13:54:08,2024-12-03 10:54:08,1 km al SE de Sierra Gorda,-22.896,-69.317,76.0,2.7,Ml
258104,2024-12-03 14:39:02,2024-12-03 11:39:02,47 km al N de Camiña,-18.908,-69.287,106.0,3.1,Ml
258109,2024-12-03 14:54:26,2024-12-03 11:54:26,46 km al E de Socaire,-23.711,-67.457,199.0,4.8,Mw
258115,2024-12-03 16:16:22,2024-12-03 13:16:22,26 km al SE de Ollagüe,-21.323,-68.031,252.0,2.5,Ml
258123,2024-12-03 17:17:14,2024-12-03 14:17:14,49 km al S de Taltal,-25.842,-70.543,51.0,2.7,Ml
258127,2024-12-03 17:34:01,2024-12-03 14:34:01,77 km al E de Monte Patria,-30.662,-70.153,111.0,3.0,Ml
258134,2024-12-03 18:53:18,2024-12-03 15:53:18,11 km al O de San Fernando,-34.623,-71.099,102.0,2.8,Ml
258136,2024-12-03 19:12:35,2024-12-03 16:12:35,40 km al NE de Calama,-22.17,-68.715,120.0,3.0,Ml
258139,2024-12-03 19:15:53,2024-12-03 16:15:53,64 km al SE de Socaire,-23.88,-67.345,253.0,2.9,Ml
258140,2024-12-03 19:37:53,2024-12-03 16:37:53,40 km al E de Talca,-35.525,-71.242,96.0,2.6,Ml
258148,2024-12-03 22:50:06,2024-12-03 19:50:06,60 km al S de Socaire,-24.125,-67.883,240.0,2.8,Ml
258149,2024-12-03 22:56:24,2024-12-03 19:56:24,25 km al S de Copiapó,-27.588,-70.289,94.0,2.7,Ml
258150,2024-12-03 23:05:39,2024-12-03 20:05:39,75 km al SE de Socaire,-24.088,-67.386,212.0,3.5,Ml
258151,2024-12-03 23:24:21,2024-12-03 20:24:21,112 km al E de Copiapó,-27.49,-69.21,112.0,2.5,Ml
258153,2024-12-03 23:39:52,2024-12-03 20:39:52,11 km al NE de Calama,-22.426,-68.833,117.0,2.9,Ml
258159,2024-12-04 01:08:49,2024-12-03 22:08:49,45 km al O de Paposo,-25.14,-70.889,36.0,3.3,Ml
258164,2024-12-04 01:25:13,2024-12-03 22:25:13,6 km al SE de Los Ángeles,-37.495,-72.297,78.0,3.1,Ml
258167,2024-12-04 01:42:53,2024-12-03 22:42:53,52 km al SE de Socaire,-24.02,-67.681,223.0,2.9,Ml
258173,2024-12-04 03:42:44,2024-12-04 00:42:44,46 km al NO de Valdivia,-39.55,-73.66,8.0,2.5,Ml
258179,2024-12-04 04:48:48,2024-12-04 01:48:48,68 km al N de Calama,-21.889,-68.717,114.0,2.7,Ml
258181,2024-12-04 05:25:36,2024-12-04 02:25:36,81 km al SE de Socaire,-24.21,-67.481,233.0,3.2,Ml
258187,2024-12-04 06:03:38,2024-12-04 03:03:38,19 km al NE de Pica,-20.375,-69.201,104.0,2.6,Ml
258189,2024-12-04 06:27:29,2024-12-04 03:27:29,66 km al S de Patache,-21.402,-70.12,65.0,2.6,Ml
258197,2024-12-04 07:45:06,2024-12-04 04:45:06,35 km al NE de Socaire,-23.358,-67.663,162.0,2.8,Ml
258200,2024-12-04 08:32:25,2024-12-04 05:32:25,72 km al NO de Parque Fray Jorge,-30.366,-72.348,52.0,2.6,Ml
258201,2024-12-04 08:33:53,2024-12-04 05:33:53,61 km al SO de Mina Collahuasi,-21.245,-69.031,109.0,2.6,Ml
258206,2024-12-04 09:04:02,2024-12-04 06:04:02,94 km al O de San Antonio de los Cobres,-24.252,-67.247,205.0,3.9,Ml
258208,2024-12-04 09:21:53,2024-12-04 06:21:53,78 km al E de Socaire,-23.826,-67.164,249.0,3.7,Ml
258218,2024-12-04 11:49:06,2024-12-04 08:49:06,3 km al O de Canela Baja,-31.4,-71.493,45.0,2.9,Ml
258221,2024-12-04 12:31:39,2024-12-04 09:31:39,23 km al O de Canela Baja,-31.487,-71.682,34.0,2.5,Ml
258222,2024-12-04 12:50:06,2024-12-04 09:50:06,47 km al S de Pica,-20.904,-69.221,113.0,3.4,Ml
258227,2024-12-04 13:50:03,2024-12-04 10:50:03,87 km al SE de Socaire,-24.306,-67.548,218.0,3.4,Ml
258233,2024-12-04 14:55:51,2024-12-04 11:55:51,23 km al S de Tongoy,-30.458,-71.531,28.0,2.5,Ml
258240,2024-12-04 15:56:32,2024-12-04 12:56:32,51 km al NE de San Pedro de Atacama,-22.515,-67.972,189.0,2.6,Ml
258249,2024-12-04 16:54:43,2024-12-04 13:54:43,45 km al SO de Mina Collahuasi,-21.091,-68.981,111.0,2.8,Ml
258263,2024-12-04 17:46:40,2024-12-04 14:46:40,17 km al SO de Tongoy,-30.347,-71.631,49.0,4.3,Ml
258266,2024-12-04 17:49:37,2024-12-04 14:49:37,39 km al O de Pisagua,-19.467,-70.564,22.0,2.5,Ml
258271,2024-12-04 18:53:26,2024-12-04 15:53:26,37 km al SO de Mina Collahuasi,-20.963,-68.986,106.0,2.5,Ml
258274,2024-12-04 18:57:29,2024-12-04 15:57:29,33 km al NE de Punta de Choros,-28.978,-71.326,56.0,3.7,Ml
258287,2024-12-04 21:40:03,2024-12-04 18:40:03,64 km al NE de Calama,-22.066,-68.484,107.0,2.5,Ml
258291,2024-12-04 22:22:14,2024-12-04 19:22:14,29 km al O de Ollagüe,-21.168,-68.526,138.0,2.9,Ml
258298,2024-12-04 23:27:45,2024-12-04 20:27:45,40 km al S de Calama,-22.821,-68.862,107.0,2.5,Ml
258299,2024-12-04 23:34:21,2024-12-04 20:34:21,105 km al E de Socaire,-23.27,-66.922,246.0,3.3,Ml
258302,2024-12-04 23:48:22,2024-12-04 20:48:22,6 km al NO de Los Ángeles,-37.442,-72.404,89.0,2.7,Ml
258305,2024-12-05 00:50:28,2024-12-04 21:50:28,20 km al N de Putre,-18.02,-69.509,134.0,4.1,Ml
258310,2024-12-05 01:05:43,2024-12-04 22:05:43,29 km al O de Pichidangui,-32.168,-71.837,23.0,3.0,Ml
258313,2024-12-05 01:16:18,2024-12-04 22:16:18,10 km al E de Mina Los Pelambres,-31.789,-70.484,105.0,2.9,Ml
258316,2024-12-05 01:37:41,2024-12-04 22:37:41,64 km al SE de Socaire,-23.967,-67.418,257.0,2.8,Ml
258334,2024-12-05 06:14:55,2024-12-05 03:14:55,10 km al O de Bahía Mansa,-40.587,-73.849,6.0,2.7,Ml
258341,2024-12-05 07:00:48,2024-12-05 04:00:48,42 km al SE de Calama,-22.694,-68.604,126.0,2.5,Ml
258345,2024-12-05 07:43:51,2024-12-05 04:43:51,14 km al N de Panguipulli,-39.522,-72.362,96.0,3.1,Ml
258348,2024-12-05 07:45:42,2024-12-05 04:45:42,92 km al O de Arica,-18.641,-71.178,15.0,3.4,Ml
258354,2024-12-05 08:27:48,2024-12-05 05:27:48,3 km al NE de Parque Fray Jorge,-30.641,-71.666,35.0,2.5,Ml
258360,2024-12-05 08:40:49,2024-12-05 05:40:49,17 km al S de Punitaqui,-30.976,-71.3,63.0,2.7,Ml
258366,2024-12-05 10:41:23,2024-12-05 07:41:23,94 km al S de Ilo,-18.484,-71.273,33.0,4.4,Mw
258369,2024-12-05 11:01:33,2024-12-05 08:01:33,60 km al NE de Quillagua,-21.39,-69.029,102.0,2.8,Ml
258373,2024-12-05 11:15:44,2024-12-05 08:15:44,108 km al S de Ilo,-18.619,-71.365,30.0,2.9,Ml
258375,2024-12-05 11:21:18,2024-12-05 08:21:18,61 km al O de Canela Baja,-31.475,-72.098,12.0,3.8,Ml
258391,2024-12-05 13:36:01,2024-12-05 10:36:01,46 km al SO de Mina Collahuasi,-21.189,-68.867,112.0,2.6,Ml
258394,2024-12-05 13:39:51,2024-12-05 10:39:51,97 km al NO de San Antonio de los Cobres,-23.516,-66.876,240.0,5.2,Mw
258397,2024-12-05 14:08:19,2024-12-05 11:08:19,42 km al N de Camiña,-18.952,-69.308,109.0,2.6,Ml
258404,2024-12-05 14:25:52,2024-12-05 11:25:52,43 km al SO de Mina Collahuasi,-21.097,-68.953,112.0,2.7,Ml
258409,2024-12-05 14:45:49,2024-12-05 11:45:49,87 km al SE de Socaire,-24.079,-67.228,202.0,3.3,Ml
258410,2024-12-05 14:55:47,2024-12-05 11:55:47,20 km al NO de Quillagua,-21.58,-69.713,86.0,2.8,Ml
258423,2024-12-05 16:29:46,2024-12-05 13:29:46,59 km al SO de Mina Collahuasi,-21.304,-68.907,109.0,2.9,Ml
258427,2024-12-05 16:44:23,2024-12-05 13:44:23,58 km al SO de Ollagüe,-21.673,-68.542,123.0,3.3,Ml
258467,2024-12-05 19:18:21,2024-12-05 16:18:21,54 km al NO de Parque Fray Jorge,-30.4,-72.151,41.0,3.1,Ml
258475,2024-12-05 20:35:10,2024-12-05 17:35:10,43 km al NE de Calama,-22.144,-68.709,124.0,2.9,Ml
258519,2024-12-06 04:28:43,2024-12-06 01:28:43,47 km al SO de Ollagüe,-21.61,-68.434,130.0,2.7,Ml
258524,2024-12-06 04:59:47,2024-12-06 01:59:47,15 km al NO de Punitaqui,-30.729,-71.357,45.0,3.6,Ml
258542,2024-12-06 07:53:19,2024-12-06 04:53:19,109 km al NE de San Pedro de Atacama,-22.156,-67.533,209.0,4.4,Mw
258548,2024-12-06 08:33:48,2024-12-06 05:33:48,26 km al E de Calama,-22.452,-68.681,115.0,3.8,Ml
258563,2024-12-06 13:19:57,2024-12-06 10:19:57,46 km al SO de Mina Collahuasi,-21.127,-68.958,106.0,2.8,Ml
258566,2024-12-06 13:40:10,2024-12-06 10:40:10,30 km al SE de Mina Collahuasi,-21.065,-68.514,126.0,2.6,Ml
258572,2024-12-06 15:17:48,2024-12-06 12:17:48,37 km al SE de Pica,-20.688,-69.039,108.0,2.8,Ml
258597,2024-12-06 19:16:16,2024-12-06 16:16:16,55 km al O de Quillagua,-21.484,-70.036,42.0,3.2,Ml
258606,2024-12-06 20:38:45,2024-12-06 17:38:45,62 km al E de Caleta El Cobre,-24.456,-69.96,48.0,3.0,Ml
258610,2024-12-06 21:46:16,2024-12-06 18:46:16,51 km al SO de Mina Collahuasi,-21.14,-69.013,109.0,2.5,Ml
258612,2024-12-06 21:52:09,2024-12-06 18:52:09,89 km al NO de San Antonio de los Cobres,-23.507,-66.707,190.0,3.9,Ml
258622,2024-12-06 23:06:39,2024-12-06 20:06:39,52 km al SE de Antuco,-37.554,-71.164,151.0,4.2,Ml
258630,2024-12-07 01:22:30,2024-12-06 22:22:30,33 km al SO de Pichidangui,-32.285,-71.832,22.0,3.9,Ml
258634,2024-12-07 01:24:10,2024-12-06 22:24:10,25 km al SO de Pichidangui,-32.278,-71.733,24.0,3.5,Ml
258635,2024-12-07 01:42:32,2024-12-06 22:42:32,49 km al NE de Calama,-22.119,-68.636,104.0,2.5,Ml
258641,2024-12-07 02:16:25,2024-12-06 23:16:25,21 km al SE de Baquedano,-23.46,-69.694,72.0,2.7,Ml
258647,2024-12-07 03:30:49,2024-12-07 00:30:49,65 km al NO de Mina La Escondida,-24.005,-69.632,72.0,3.2,Ml
258656,2024-12-07 04:37:33,2024-12-07 01:37:33,88 km al O de Iquique,-20.152,-70.991,30.0,3.7,Ml
258668,2024-12-07 06:06:20,2024-12-07 03:06:20,71 km al NE de Calama,-21.889,-68.648,94.0,2.7,Ml
258671,2024-12-07 06:26:26,2024-12-07 03:26:26,45 km al O de Toltén,-39.025,-73.644,41.0,5.3,Mw
258675,2024-12-07 06:53:45,2024-12-07 03:53:45,28 km al SO de Pichidangui,-32.282,-71.772,23.0,3.8,Ml
258684,2024-12-07 08:20:29,2024-12-07 05:20:29,46 km al NO de Tocopilla,-21.848,-70.565,15.0,2.7,Ml
258687,2024-12-07 08:38:02,2024-12-07 05:38:02,27 km al NE de Petorca,-32.1,-70.708,101.0,2.6,Ml
258716,2024-12-07 14:50:57,2024-12-07 11:50:57,38 km al O de San Pedro de Atacama,-23.031,-68.55,102.0,2.5,Ml
258718,2024-12-07 15:15:41,2024-12-07 12:15:41,26 km al O de Ollagüe,-21.316,-68.487,111.0,3.6,Ml
258726,2024-12-07 15:48:12,2024-12-07 12:48:12,49 km al S de Socaire,-24.023,-67.805,240.0,3.1,Ml
258735,2024-12-07 16:25:24,2024-12-07 13:25:24,24 km al NO de Los Vilos,-31.758,-71.683,43.0,3.0,Ml
258738,2024-12-07 16:33:31,2024-12-07 13:33:31,11 km al SO de Camiña,-19.383,-69.496,79.0,2.7,Ml
258742,2024-12-07 16:57:02,2024-12-07 13:57:02,54 km al O de Mina La Escondida,-24.457,-69.548,77.0,2.9,Ml
258750,2024-12-07 17:47:48,2024-12-07 14:47:48,28 km al S de Sierra Gorda,-23.139,-69.273,75.0,3.3,Ml
258761,2024-12-07 18:35:33,2024-12-07 15:35:33,43 km al NO de Mina Collahuasi,-20.5,-68.885,113.0,2.5,Ml
258779,2024-12-07 22:26:41,2024-12-07 19:26:41,49 km al S de Pica,-20.923,-69.235,108.0,2.7,Ml
258793,2024-12-08 01:44:25,2024-12-07 22:44:25,17 km al NE de Calama,-22.363,-68.814,119.0,2.6,Ml
258800,2024-12-08 03:40:32,2024-12-08 00:40:32,10 km al NE de Petorca,-32.206,-70.838,98.0,3.0,Ml
258810,2024-12-08 05:27:42,2024-12-08 02:27:42,18 km al NE de Mina La Escondida,-24.122,-68.993,105.0,3.1,Ml
258814,2024-12-08 05:38:20,2024-12-08 02:38:20,70 km al O de Navidad,-33.77,-72.56,23.0,3.5,Ml
258837,2024-12-08 10:46:16,2024-12-08 07:46:16,35 km al NE de Calama,-22.262,-68.676,119.0,3.4,Ml
258839,2024-12-08 11:00:46,2024-12-08 08:00:46,34 km al NE de Calama,-22.267,-68.682,121.0,2.5,Ml
258876,2024-12-08 16:04:08,2024-12-08 13:04:08,61 km al NE de Calama,-21.975,-68.682,117.0,3.4,Ml
258898,2024-12-08 18:27:42,2024-12-08 15:27:42,47 km al SO de Ollagüe,-21.59,-68.482,125.0,2.5,Ml
258915,2024-12-08 20:59:34,2024-12-08 17:59:34,32 km al NE de Vichuquén,-34.655,-71.78,44.0,3.3,Ml
258928,2024-12-08 22:17:45,2024-12-08 19:17:45,72 km al SE de Socaire,-24.142,-67.519,199.0,3.4,Ml
258926,2024-12-08 22:18:58,2024-12-08 19:18:58,13 km al NE de Pichidangui,-32.039,-71.458,41.0,3.2,Ml
258936,2024-12-08 23:18:27,2024-12-08 20:18:27,22 km al NE de Pichidangui,-32.035,-71.334,46.0,2.6,Ml
258970,2024-12-09 05:25:36,2024-12-09 02:25:36,44 km al N de Mina Collahuasi,-20.443,-68.777,109.0,3.0,Ml
258986,2024-12-09 08:35:16,2024-12-09 05:35:16,22 km al N de Tongoy,-30.061,-71.538,41.0,2.7,Ml
258989,2024-12-09 09:00:46,2024-12-09 06:00:46,61 km al SO de San Pedro de Atacama,-23.155,-68.741,111.0,2.8,Ml
258992,2024-12-09 09:17:05,2024-12-09 06:17:05,104 km al NO de Isla Guafo,-42.866,-75.526,37.0,3.4,Ml
258998,2024-12-09 10:01:05,2024-12-09 07:01:05,65 km al SO de Mina Collahuasi,-21.312,-69.01,122.0,2.9,Ml
259000,2024-12-09 10:20:30,2024-12-09 07:20:30,13 km al O de Pichidangui,-32.124,-71.667,55.0,3.8,Ml
259007,2024-12-09 11:08:20,2024-12-09 08:08:20,76 km al NE de Calama,-21.872,-68.566,127.0,3.2,Ml
259020,2024-12-09 12:33:31,2024-12-09 09:33:31,39 km al SO de Ollagüe,-21.547,-68.401,144.0,2.6,Ml
259022,2024-12-09 12:51:18,2024-12-09 09:51:18,35 km al O de Socaire,-23.525,-68.231,205.0,2.7,Ml
259024,2024-12-09 13:04:04,2024-12-09 10:04:04,11 km al N de Punitaqui,-30.737,-71.231,59.0,3.6,Ml
259027,2024-12-09 13:11:39,2024-12-09 10:11:39,31 km al E de Pica,-20.382,-69.06,99.0,2.5,Ml
259030,2024-12-09 14:13:24,2024-12-09 11:13:24,91 km al E de Copiapó,-27.699,-69.492,118.0,2.5,Ml
259032,2024-12-09 14:17:02,2024-12-09 11:17:02,25 km al S de Mina Collahuasi,-21.049,-68.633,121.0,3.0,Ml
259035,2024-12-09 14:31:49,2024-12-09 11:31:49,22 km al NO de Iquique,-20.047,-70.264,47.0,2.5,Ml
259041,2024-12-09 14:45:59,2024-12-09 11:45:59,57 km al NE de Farellones,-32.979,-69.89,23.0,2.6,Ml
259050,2024-12-09 16:27:01,2024-12-09 13:27:01,12 km al O de Iquique,-20.256,-70.255,39.0,5.0,Mw
259052,2024-12-09 16:28:02,2024-12-09 13:28:02,13 km al E de Los Vilos,-31.951,-71.385,42.0,3.4,Ml
259065,2024-12-09 18:37:20,2024-12-09 15:37:20,118 km al E de Ollagüe,-21.517,-67.156,240.0,3.5,Ml
259071,2024-12-09 19:25:21,2024-12-09 16:25:21,9 km al S de Patache,-20.888,-70.233,66.0,2.8,Ml
259076,2024-12-09 20:01:56,2024-12-09 17:01:56,110 km al O de Chañaral,-25.965,-71.642,43.0,3.8,Ml
259079,2024-12-09 20:36:26,2024-12-09 17:36:26,82 km al SE de Socaire,-24.202,-67.444,235.0,3.2,Ml
259080,2024-12-09 20:41:29,2024-12-09 17:41:29,15 km al NE de Pisagua,-19.543,-70.086,31.0,2.7,Ml
259091,2024-12-09 21:23:09,2024-12-09 18:23:09,24 km al O de La Ligua,-32.361,-71.46,60.0,2.9,Ml
259092,2024-12-09 21:38:35,2024-12-09 18:38:35,26 km al SO de Ollagüe,-21.434,-68.368,130.0,3.7,Ml
259101,2024-12-09 22:20:34,2024-12-09 19:20:34,27 km al N de Farellones,-33.117,-70.372,120.0,3.4,Ml
259106,2024-12-09 22:55:12,2024-12-09 19:55:12,24 km al E de Ollagüe,-21.176,-68.031,160.0,3.7,Ml
259118,2024-12-10 01:52:00,2024-12-09 22:52:00,83 km al SE de Socaire,-24.262,-67.526,222.0,4.1,Ml
259131,2024-12-10 03:17:50,2024-12-10 00:17:50,38 km al E de Pica,-20.503,-68.965,103.0,3.7,Ml
259140,2024-12-10 05:46:30,2024-12-10 02:46:30,109 km al O de Canela Baja,-31.501,-72.599,13.0,2.5,Ml
259141,2024-12-10 06:06:18,2024-12-10 03:06:18,89 km al E de Copiapó,-27.631,-69.481,112.0,2.5,Ml
259149,2024-12-10 07:04:21,2024-12-10 04:04:21,23 km al O de Mina Collahuasi,-20.878,-68.871,109.0,2.6,Ml
259151,2024-12-10 07:08:00,2024-12-10 04:08:00,161 km al O de Valdivia,-39.517,-75.084,30.0,3.5,Ml
259164,2024-12-10 09:01:51,2024-12-10 06:01:51,23 km al NO de Los Vilos,-31.784,-71.707,23.0,2.7,Ml
259167,2024-12-10 09:05:17,2024-12-10 06:05:17,85 km al O de Navidad,-33.629,-72.666,35.0,2.5,Ml
259170,2024-12-10 09:17:28,2024-12-10 06:17:28,112 km al E de San Pedro de Atacama,-22.837,-67.112,272.0,3.6,Ml
259172,2024-12-10 09:30:42,2024-12-10 06:30:42,48 km al E de Los Andes,-32.735,-70.1,128.0,2.9,Ml
259175,2024-12-10 10:00:34,2024-12-10 07:00:34,54 km al N de Mina Collahuasi,-20.355,-68.798,118.0,2.7,Ml
259182,2024-12-10 10:31:24,2024-12-10 07:31:24,22 km al E de Cuya,-19.194,-69.978,99.0,3.0,Ml
259185,2024-12-10 12:14:49,2024-12-10 09:14:49,42 km al NO de Quintero,-32.568,-71.9,34.0,3.6,Ml
259190,2024-12-10 12:31:45,2024-12-10 09:31:45,20 km al O de Sierra Gorda,-22.902,-69.513,75.0,3.0,Ml
259194,2024-12-10 12:51:29,2024-12-10 09:51:29,111 km al NO de Mejillones,-22.47,-71.292,31.0,4.5,Ml
259204,2024-12-10 14:42:37,2024-12-10 11:42:37,36 km al SO de Mina Collahuasi,-21.092,-68.852,118.0,2.5,Ml
259205,2024-12-10 14:44:58,2024-12-10 11:44:58,46 km al E de Sierra Gorda,-22.885,-68.866,90.0,3.2,Ml
259210,2024-12-10 15:16:00,2024-12-10 12:16:00,73 km al O de Arica,-18.434,-71.017,33.0,2.8,Ml
259217,2024-12-10 15:27:19,2024-12-10 12:27:19,69 km al SE de Camiña,-19.839,-69.07,106.0,3.4,Ml
259221,2024-12-10 15:32:53,2024-12-10 12:32:53,118 km al NO de Mejillones,-22.438,-71.353,21.0,3.6,Ml
259223,2024-12-10 15:44:11,2024-12-10 12:44:11,71 km al NE de Socaire,-23.129,-67.405,257.0,2.9,Ml
259226,2024-12-10 16:37:25,2024-12-10 13:37:25,143 km al NE de El Salvador,-25.618,-68.38,154.0,2.9,Ml
259242,2024-12-10 19:28:49,2024-12-10 16:28:49,20 km al NE de Calama,-22.349,-68.785,129.0,2.6,Ml
259245,2024-12-10 19:43:27,2024-12-10 16:43:27,118 km al NO de Mejillones,-22.486,-71.393,26.0,3.1,Ml
259256,2024-12-10 20:50:41,2024-12-10 17:50:41,56 km al O de Mina La Escondida,-24.44,-69.574,80.0,2.8,Ml
259268,2024-12-11 00:16:29,2024-12-10 21:16:29,99 km al O de Lebu,-37.435,-74.755,33.0,3.3,Ml
259272,2024-12-11 00:27:28,2024-12-10 21:27:28,71 km al O de Toltén,-38.97,-73.949,40.0,2.6,Ml
259279,2024-12-11 02:10:55,2024-12-10 23:10:55,18 km al NO de Punitaqui,-30.729,-71.401,51.0,4.4,Ml
259282,2024-12-11 02:18:29,2024-12-10 23:18:29,107 km al NO de Mejillones,-22.532,-71.295,29.0,2.5,Ml
259289,2024-12-11 04:16:28,2024-12-11 01:16:28,26 km al NO de Mina Collahuasi,-20.613,-68.749,131.0,3.2,Ml
259292,2024-12-11 04:34:18,2024-12-11 01:34:18,23 km al NO de La Ligua,-32.349,-71.449,46.0,3.2,Ml
259297,2024-12-11 05:46:02,2024-12-11 02:46:02,31 km al NO de Termas del Flaco,-34.83,-70.74,127.0,2.5,Ml
259305,2024-12-11 06:23:03,2024-12-11 03:23:03,21 km al S de Mina Collahuasi,-21.011,-68.719,131.0,2.9,Ml
259312,2024-12-11 06:48:42,2024-12-11 03:48:42,40 km al S de Mina La Escondida,-24.62,-69.13,98.0,2.6,Ml
259325,2024-12-11 09:12:45,2024-12-11 06:12:45,57 km al N de Camiña,-18.833,-69.62,109.0,2.6,Ml
259333,2024-12-11 10:55:46,2024-12-11 07:55:46,67 km al N de Calama,-21.908,-68.709,113.0,2.8,Ml
259338,2024-12-11 11:12:58,2024-12-11 08:12:58,35 km al SE de Quillagua,-21.808,-69.237,82.0,3.8,Ml
259340,2024-12-11 11:23:36,2024-12-11 08:23:36,39 km al SE de Futrono,-40.41,-72.111,130.0,2.8,Ml
259344,2024-12-11 11:25:21,2024-12-11 08:25:21,66 km al S de Socaire,-24.183,-67.951,235.0,2.9,Ml
259347,2024-12-11 11:57:55,2024-12-11 08:57:55,46 km al O de Ollagüe,-21.267,-68.693,131.0,4.0,Ml
259351,2024-12-11 12:30:36,2024-12-11 09:30:36,82 km al SE de Socaire,-23.896,-67.155,238.0,3.6,Ml
259364,2024-12-11 15:15:15,2024-12-11 12:15:15,28 km al NE de Calama,-22.3,-68.728,130.0,2.7,Ml
259368,2024-12-11 15:48:42,2024-12-11 12:48:42,38 km al O de Toltén,-39.057,-73.576,34.0,2.9,Ml
259403,2024-12-11 20:27:02,2024-12-11 17:27:02,66 km al O de Navidad,-33.927,-72.549,37.0,2.7,Ml
259404,2024-12-11 20:31:58,2024-12-11 17:31:58,8 km al SO de Los Vilos,-31.947,-71.58,36.0,3.0,Ml
259420,2024-12-11 23:27:53,2024-12-11 20:27:53,21 km al NE de Sierra Gorda,-22.779,-69.158,106.0,3.6,Ml
259427,2024-12-12 00:42:26,2024-12-11 21:42:26,87 km al SE de Socaire,-24.012,-67.167,224.0,3.0,Ml
259431,2024-12-12 00:56:42,2024-12-11 21:56:42,45 km al O de Huasco,-28.574,-71.668,35.0,3.0,Ml
259436,2024-12-12 01:12:51,2024-12-11 22:12:51,131 km al E de Alto del Carmen,-28.403,-69.21,122.0,4.3,Ml
259437,2024-12-12 01:23:07,2024-12-11 22:23:07,20 km al SE de San Fernando,-34.695,-70.82,114.0,2.6,Ml
259440,2024-12-12 01:48:29,2024-12-11 22:48:29,5 km al SE de Los Vilos,-31.946,-71.477,43.0,2.8,Ml
259444,2024-12-12 02:05:41,2024-12-11 23:05:41,16 km al O de Camiña,-19.361,-69.574,81.0,2.5,Ml
259449,2024-12-12 02:32:07,2024-12-11 23:32:07,53 km al SO de Mina Collahuasi,-21.173,-69.003,115.0,2.6,Ml
259452,2024-12-12 02:47:41,2024-12-11 23:47:41,39 km al NO de Mina Collahuasi,-20.503,-68.811,133.0,3.9,Ml
259466,2024-12-12 06:02:01,2024-12-12 03:02:01,37 km al SO de Mina Collahuasi,-21.093,-68.868,112.0,2.7,Ml
259469,2024-12-12 06:14:28,2024-12-12 03:14:28,76 km al SO de Puerto Aysén,-46.049,-73.038,12.0,2.7,Ml
259474,2024-12-12 07:25:51,2024-12-12 04:25:51,58 km al SE de Quillagua,-21.891,-69.034,88.0,2.6,Ml
259475,2024-12-12 07:49:46,2024-12-12 04:49:46,45 km al SE de Putre,-18.491,-69.266,128.0,2.8,Ml
259484,2024-12-12 08:34:01,2024-12-12 05:34:01,71 km al E de Farellones,-33.146,-69.592,10.0,2.9,Ml
259488,2024-12-12 09:06:08,2024-12-12 06:06:08,30 km al SO de Huasco,-28.675,-71.415,49.0,4.1,Ml
259495,2024-12-12 09:28:27,2024-12-12 06:28:27,35 km al E de Sierra Gorda,-22.92,-68.977,92.0,2.8,Ml
259501,2024-12-12 10:41:17,2024-12-12 07:41:17,17 km al NO de Carrizal Bajo,-27.946,-71.229,38.0,3.3,Ml
259504,2024-12-12 10:43:42,2024-12-12 07:43:42,34 km al E de Pica,-20.565,-69.01,108.0,2.7,Ml
259507,2024-12-12 10:59:39,2024-12-12 07:59:39,64 km al SE de Socaire,-23.983,-67.435,256.0,3.2,Ml
259516,2024-12-12 12:38:01,2024-12-12 09:38:01,68 km al SE de Socaire,-24.115,-67.539,247.0,3.1,Ml
259519,2024-12-12 13:03:49,2024-12-12 10:03:49,46 km al NE de Pica,-20.271,-68.959,109.0,3.6,Ml
259529,2024-12-12 13:51:45,2024-12-12 10:51:45,104 km al SE de Alto del Carmen,-29.238,-69.568,108.0,3.7,Ml
259531,2024-12-12 14:43:47,2024-12-12 11:43:47,65 km al SO de Ollagüe,-21.719,-68.584,124.0,2.9,Ml
259534,2024-12-12 14:45:44,2024-12-12 11:45:44,85 km al NO de San Antonio de los Cobres,-23.892,-67.075,245.0,4.5,Ml
259547,2024-12-12 16:34:36,2024-12-12 13:34:36,24 km al N de Vichuquén,-34.681,-72.069,12.0,3.0,Ml
259570,2024-12-12 20:21:23,2024-12-12 17:21:23,36 km al O de Chañaral,-26.319,-70.978,26.0,2.5,Ml
259587,2024-12-13 00:26:32,2024-12-12 21:26:32,73 km al SE de Socaire,-24.098,-67.438,215.0,4.7,Mw
259590,2024-12-13 00:38:08,2024-12-12 21:38:08,70 km al S de Socaire,-24.196,-67.698,232.0,2.7,Ml
259591,2024-12-13 01:06:13,2024-12-12 22:06:13,87 km al SE de Socaire,-24.253,-67.432,195.0,2.9,Ml
259594,2024-12-13 01:35:38,2024-12-12 22:35:38,49 km al S de Mina Collahuasi,-21.236,-68.823,114.0,2.5,Ml
259596,2024-12-13 02:00:12,2024-12-12 23:00:12,87 km al SE de Socaire,-24.291,-67.503,222.0,3.1,Ml
259611,2024-12-13 05:18:28,2024-12-13 02:18:28,71 km al NE de Socaire,-23.25,-67.303,266.0,2.8,Ml
259608,2024-12-13 05:29:35,2024-12-13 02:29:35,27 km al SO de Huasco,-28.65,-71.396,35.0,3.3,Ml
259615,2024-12-13 06:24:56,2024-12-13 03:24:56,45 km al NE de Calama,-22.125,-68.696,111.0,2.6,Ml
259619,2024-12-13 06:30:41,2024-12-13 03:30:41,21 km al O de Ollagüe,-21.299,-68.436,128.0,2.5,Ml
259627,2024-12-13 07:32:11,2024-12-13 04:32:11,36 km al NO de Caldera,-26.77,-70.962,34.0,2.9,Ml
259640,2024-12-13 10:36:17,2024-12-13 07:36:17,64 km al SE de Socaire,-24.07,-67.55,260.0,2.7,Ml
259643,2024-12-13 10:50:49,2024-12-13 07:50:49,30 km al SO de Pichidangui,-32.292,-71.788,20.0,3.0,Ml
259644,2024-12-13 10:52:25,2024-12-13 07:52:25,32 km al SO de Pichidangui,-32.27,-71.83,26.0,2.9,Ml
259648,2024-12-13 11:17:35,2024-12-13 08:17:35,28 km al SO de Pichidangui,-32.268,-71.779,31.0,3.4,Ml
259653,2024-12-13 11:51:52,2024-12-13 08:51:52,21 km al E de Curicó,-34.95,-71.012,106.0,3.4,Ml
259657,2024-12-13 12:20:10,2024-12-13 09:20:10,6 km al O de Vicuña,-30.017,-70.774,79.0,3.2,Ml
259659,2024-12-13 12:47:18,2024-12-13 09:47:18,39 km al O de Mina Collahuasi,-20.926,-69.019,117.0,2.6,Ml
259705,2024-12-13 18:12:15,2024-12-13 15:12:15,35 km al E de Los Andes,-32.815,-70.229,115.0,3.5,Ml
259718,2024-12-13 19:44:27,2024-12-13 16:44:27,45 km al SE de Baquedano,-23.55,-69.466,80.0,2.8,Ml
259736,2024-12-13 22:00:10,2024-12-13 19:00:10,49 km al NE de Calama,-22.081,-68.711,117.0,4.8,Mw
259747,2024-12-13 23:38:18,2024-12-13 20:38:18,52 km al SE de Curicó,-35.339,-70.872,114.0,6.3,Mww
259765,2024-12-14 03:01:17,2024-12-14 00:01:17,85 km al SO de Uyuni,-20.914,-67.486,219.0,3.3,Ml
259768,2024-12-14 03:49:30,2024-12-14 00:49:30,48 km al SE de Curicó,-35.325,-70.918,106.0,2.8,Ml
259778,2024-12-14 03:52:18,2024-12-14 00:52:18,48 km al SE de Curicó,-35.285,-70.862,114.0,2.6,Ml
259774,2024-12-14 03:57:56,2024-12-14 00:57:56,50 km al NO de Quillagua,-21.318,-69.854,55.0,3.8,Ml
259780,2024-12-14 04:42:25,2024-12-14 01:42:25,84 km al SE de Socaire,-24.113,-67.288,236.0,3.4,Ml
259802,2024-12-14 08:23:39,2024-12-14 05:23:39,31 km al E de Talca,-35.545,-71.354,99.0,2.9,Ml
259804,2024-12-14 09:00:50,2024-12-14 06:00:50,98 km al NE de Alto del Carmen,-28.142,-69.766,98.0,2.5,Ml
259811,2024-12-14 10:26:55,2024-12-14 07:26:55,40 km al SE de Pica,-20.8,-69.131,106.0,2.7,Ml
259819,2024-12-14 11:53:53,2024-12-14 08:53:53,17 km al E de Sierra Gorda,-22.868,-69.158,86.0,3.0,Ml
259822,2024-12-14 11:59:37,2024-12-14 08:59:37,27 km al NO de Los Vilos,-31.773,-71.746,38.0,2.9,Ml
259827,2024-12-14 12:17:07,2024-12-14 09:17:07,98 km al SE de Socaire,-24.341,-67.382,188.0,4.3,Ml
259831,2024-12-14 12:54:32,2024-12-14 09:54:32,72 km al E de Ollagüe,-21.306,-67.568,230.0,4.7,Mw
259837,2024-12-14 13:30:14,2024-12-14 10:30:14,45 km al SE de Curicó,-35.297,-70.918,115.0,3.1,Ml
259851,2024-12-14 14:19:06,2024-12-14 11:19:06,35 km al S de Mina Collahuasi,-21.14,-68.688,148.0,2.8,Ml
259855,2024-12-14 14:47:01,2024-12-14 11:47:01,24 km al S de Quillota,-33.094,-71.24,63.0,2.6,Ml
259864,2024-12-14 15:28:08,2024-12-14 12:28:08,89 km al SE de Socaire,-24.077,-67.199,175.0,3.4,Ml
259871,2024-12-14 16:26:32,2024-12-14 13:26:32,50 km al S de Camiña,-19.765,-69.463,90.0,3.1,Ml
259874,2024-12-14 16:48:02,2024-12-14 13:48:02,4 km al O de Quintero,-32.777,-71.569,16.0,3.3,Ml
259911,2024-12-14 19:23:57,2024-12-14 16:23:57,4 km al O de La Serena,-29.902,-71.293,48.0,3.3,Ml
259915,2024-12-14 19:32:20,2024-12-14 16:32:20,43 km al O de Mina Collahuasi,-20.881,-69.069,113.0,2.8,Ml
259922,2024-12-14 19:48:34,2024-12-14 16:48:34,34 km al O de Mina Collahuasi,-20.876,-68.982,106.0,2.8,Ml
259928,2024-12-14 20:10:12,2024-12-14 17:10:12,77 km al SE de Sierra Gorda,-23.421,-68.83,127.0,3.6,Ml
259932,2024-12-14 20:38:16,2024-12-14 17:38:16,29 km al SE de Concepción,-36.954,-72.76,49.0,2.8,Ml
259935,2024-12-14 20:52:07,2024-12-14 17:52:07,33 km al SO de Pichidangui,-32.291,-71.83,36.0,3.0,Ml
259951,2024-12-14 22:17:49,2024-12-14 19:17:49,64 km al NE de Calama,-21.979,-68.604,115.0,2.9,Ml
259959,2024-12-15 00:12:29,2024-12-14 21:12:29,67 km al SO de Ollagüe,-21.758,-68.555,127.0,2.6,Ml
259963,2024-12-15 00:56:48,2024-12-14 21:56:48,46 km al S de Mina Collahuasi,-21.241,-68.711,113.0,2.5,Ml
259972,2024-12-15 03:45:28,2024-12-15 00:45:28,23 km al SE de Calama,-22.571,-68.733,103.0,2.8,Ml
259982,2024-12-15 05:59:30,2024-12-15 02:59:30,23 km al S de Pichidangui,-32.336,-71.574,67.0,2.6,Ml
259985,2024-12-15 06:18:42,2024-12-15 03:18:42,64 km al NE de Calama,-22.065,-68.482,117.0,2.6,Ml
259994,2024-12-15 06:43:12,2024-12-15 03:43:12,38 km al O de Mina Collahuasi,-20.886,-69.017,105.0,2.5,Ml
260008,2024-12-15 08:20:02,2024-12-15 05:20:02,44 km al O de Pichidangui,-32.259,-71.978,30.0,4.2,Ml
260012,2024-12-15 09:05:16,2024-12-15 06:05:16,61 km al N de Pica,-19.978,-69.133,97.0,2.5,Ml
260014,2024-12-15 09:13:19,2024-12-15 06:13:19,55 km al SO de Mina Collahuasi,-21.279,-68.865,118.0,3.6,Ml
260020,2024-12-15 09:20:42,2024-12-15 06:20:42,28 km al SO de Mina Collahuasi,-21.048,-68.777,109.0,2.6,Ml
260026,2024-12-15 09:51:46,2024-12-15 06:51:46,19 km al O de Concepción,-36.827,-73.262,30.0,3.0,Ml
260029,2024-12-15 10:02:55,2024-12-15 07:02:55,8 km al NO de Farellones,-33.312,-70.378,106.0,3.2,Ml
260033,2024-12-15 10:11:01,2024-12-15 07:11:01,47 km al E de Sierra Gorda,-22.922,-68.862,94.0,3.3,Ml
260037,2024-12-15 10:34:48,2024-12-15 07:34:48,68 km al SE de Sierra Gorda,-23.372,-68.916,116.0,2.5,Ml
260043,2024-12-15 12:20:43,2024-12-15 09:20:43,37 km al N de Punta de Choros,-28.92,-71.447,18.0,3.0,Ml
260047,2024-12-15 12:22:33,2024-12-15 09:22:33,32 km al O de Pichidangui,-32.233,-71.846,28.0,3.2,Ml
260054,2024-12-15 13:21:46,2024-12-15 10:21:46,41 km al NE de San Pedro de Atacama,-22.588,-68.017,195.0,4.0,Ml
260056,2024-12-15 13:47:51,2024-12-15 10:47:51,52 km al SO de San Pedro de Atacama,-23.351,-68.388,147.0,2.7,Ml
260071,2024-12-15 15:59:53,2024-12-15 12:59:53,3 km al S de Huasco,-28.489,-71.224,29.0,2.5,Ml
260073,2024-12-15 16:35:08,2024-12-15 13:35:08,61 km al E de Caleta El Cobre,-24.306,-69.922,76.0,3.9,Ml
260105,2024-12-15 20:10:00,2024-12-15 17:10:00,88 km al N de El Salvador,-25.458,-69.562,130.0,2.8,Ml
260122,2024-12-15 22:36:13,2024-12-15 19:36:13,80 km al SO de San Pedro de Atacama,-23.442,-68.732,104.0,3.5,Ml
260129,2024-12-16 00:11:35,2024-12-15 21:11:35,67 km al E de Los Andes,-32.573,-69.948,138.0,2.9,Ml
260135,2024-12-16 00:39:35,2024-12-15 21:39:35,28 km al SO de Pichidangui,-32.295,-71.753,19.0,3.6,Ml
260147,2024-12-16 03:28:44,2024-12-16 00:28:44,26 km al O de Mina Collahuasi,-20.832,-68.903,103.0,3.0,Ml
260149,2024-12-16 03:33:03,2024-12-16 00:33:03,37 km al NO de Los Vilos,-31.642,-71.732,28.0,2.6,Ml
260166,2024-12-16 06:07:53,2024-12-16 03:07:53,26 km al SE de Tocopilla,-22.233,-69.997,54.0,4.8,Mw
260181,2024-12-16 07:44:30,2024-12-16 04:44:30,79 km al N de El Salvador,-25.537,-69.549,102.0,3.3,Ml
260195,2024-12-16 10:25:19,2024-12-16 07:25:19,61 km al O de San Antonio de los Cobres,-24.143,-66.918,218.0,3.8,Ml
260203,2024-12-16 11:16:26,2024-12-16 08:16:26,123 km al NE de Socaire,-22.933,-66.918,266.0,3.5,Ml
260211,2024-12-16 13:54:18,2024-12-16 10:54:18,67 km al SO de Mina La Escondida,-24.779,-69.403,89.0,3.8,Ml
260221,2024-12-16 14:53:03,2024-12-16 11:53:03,74 km al NE de Calama,-21.905,-68.543,115.0,3.8,Ml
260233,2024-12-16 16:21:49,2024-12-16 13:21:49,69 km al SO de Ollagüe,-21.776,-68.561,110.0,3.2,Ml
260237,2024-12-16 16:50:38,2024-12-16 13:50:38,54 km al SE de Curicó,-35.369,-70.884,102.0,2.8,Ml
260239,2024-12-16 17:11:33,2024-12-16 14:11:33,11 km al SE de Pica,-20.535,-69.237,110.0,2.7,Ml
260244,2024-12-16 17:20:46,2024-12-16 14:20:46,20 km al SO de Ollagüe,-21.328,-68.411,121.0,3.3,Ml
260259,2024-12-16 19:16:10,2024-12-16 16:16:10,33 km al SO de Ollagüe,-21.406,-68.507,141.0,3.4,Ml
260266,2024-12-16 20:42:51,2024-12-16 17:42:51,47 km al SE de Curicó,-35.301,-70.895,114.0,3.2,Ml
260275,2024-12-16 21:15:35,2024-12-16 18:15:35,41 km al E de Sierra Gorda,-22.931,-68.92,108.0,3.5,Ml
260277,2024-12-16 22:58:48,2024-12-16 19:58:48,16 km al S de Mina La Escondida,-24.411,-69.096,88.0,3.6,Ml
260285,2024-12-16 23:46:55,2024-12-16 20:46:55,63 km al SO de Ollagüe,-21.664,-68.636,118.0,3.0,Ml
260288,2024-12-16 23:56:57,2024-12-16 20:56:57,59 km al O de Los Vilos,-31.727,-72.092,31.0,2.6,Ml
260293,2024-12-17 01:03:41,2024-12-16 22:03:41,17 km al N de Huasco,-28.315,-71.256,34.0,3.3,Ml
260300,2024-12-17 01:57:55,2024-12-16 22:57:55,20 km al S de Parque Fray Jorge,-30.831,-71.616,25.0,2.9,Ml
260312,2024-12-17 02:34:40,2024-12-16 23:34:40,19 km al SO de San José de Maipo,-33.789,-70.449,103.0,3.3,Ml
260317,2024-12-17 03:04:33,2024-12-17 00:04:33,23 km al NE de Camiña,-19.142,-69.298,111.0,3.4,Ml
260324,2024-12-17 03:22:57,2024-12-17 00:22:57,30 km al SE de Rancagua,-34.415,-70.613,98.0,2.5,Ml
260330,2024-12-17 04:03:35,2024-12-17 01:03:35,44 km al E de Ollagüe,-21.269,-67.836,176.0,3.1,Ml
260335,2024-12-17 04:55:57,2024-12-17 01:55:57,79 km al NO de San Antonio de los Cobres,-23.81,-66.947,241.0,3.2,Ml
260340,2024-12-17 05:22:00,2024-12-17 02:22:00,83 km al O de Iquique,-20.148,-70.948,31.0,2.7,Ml
260344,2024-12-17 05:35:54,2024-12-17 02:35:54,133 km al O de Tirúa,-38.85,-74.878,25.0,3.5,Ml
260366,2024-12-17 09:15:31,2024-12-17 06:15:31,77 km al S de Socaire,-24.274,-68.009,224.0,3.4,Ml
260370,2024-12-17 09:19:28,2024-12-17 06:19:28,40 km al SO de Mina Collahuasi,-21.043,-68.964,107.0,3.0,Ml
260377,2024-12-17 09:43:50,2024-12-17 06:43:50,104 km al E de Copiapó,-27.537,-69.301,115.0,3.0,Ml
260390,2024-12-17 11:42:53,2024-12-17 08:42:53,28 km al SO de Huasco,-28.65,-71.421,34.0,3.3,Ml
260392,2024-12-17 11:47:44,2024-12-17 08:47:44,31 km al E de Calama,-22.391,-68.641,103.0,3.1,Ml
260398,2024-12-17 12:25:19,2024-12-17 09:25:19,36 km al E de Tocopilla,-22.005,-69.87,58.0,2.6,Ml
260403,2024-12-17 13:12:59,2024-12-17 10:12:59,41 km al O de Mina Collahuasi,-20.827,-69.05,109.0,2.8,Ml
260404,2024-12-17 13:15:22,2024-12-17 10:15:22,16 km al NE de Mejillones,-22.986,-70.356,37.0,2.5,Ml
260405,2024-12-17 13:34:51,2024-12-17 10:34:51,39 km al SE de Cuya,-19.364,-69.877,69.0,2.7,Ml
260409,2024-12-17 13:54:35,2024-12-17 10:54:35,67 km al SO de Mina Collahuasi,-21.385,-68.902,121.0,3.4,Ml
260419,2024-12-17 15:13:50,2024-12-17 12:13:50,39 km al SE de Cauquenes,-36.158,-71.949,86.0,3.4,Ml
260422,2024-12-17 15:39:21,2024-12-17 12:39:21,37 km al SO de Talca,-35.593,-72.023,10.0,2.6,Ml
260423,2024-12-17 16:00:44,2024-12-17 13:00:44,11 km al E de Camiña,-19.321,-69.318,99.0,4.5,Mw
260428,2024-12-17 16:16:55,2024-12-17 13:16:55,23 km al S de San Fernando,-34.784,-70.911,109.0,3.3,Ml
260430,2024-12-17 16:23:36,2024-12-17 13:23:36,30 km al NE de Diego de Almagro,-26.145,-69.918,52.0,4.5,Mw
260436,2024-12-17 16:49:39,2024-12-17 13:49:39,79 km al O de San Antonio de los Cobres,-24.064,-67.08,235.0,4.3,Mw
260459,2024-12-17 19:30:41,2024-12-17 16:30:41,19 km al NE de Pica,-20.408,-69.171,107.0,2.6,Ml
260463,2024-12-17 19:51:10,2024-12-17 16:51:10,30 km al O de Ollagüe,-21.209,-68.541,122.0,2.5,Ml
260474,2024-12-17 21:53:14,2024-12-17 18:53:14,39 km al NE de Calama,-22.151,-68.77,110.0,3.2,Ml
260476,2024-12-17 21:58:28,2024-12-17 18:58:28,59 km al SE de Ollagüe,-21.539,-67.793,244.0,3.5,Ml
260479,2024-12-17 22:08:58,2024-12-17 19:08:58,72 km al NE de Mina La Escondida,-23.703,-68.716,110.0,3.0,Ml
260486,2024-12-17 22:39:21,2024-12-17 19:39:21,84 km al NO de San Antonio de los Cobres,-23.87,-67.049,251.0,4.3,Ml
260502,2024-12-18 02:49:01,2024-12-17 23:49:01,13 km al SO de Tongoy,-30.354,-71.574,40.0,2.8,Ml
260504,2024-12-18 03:28:44,2024-12-18 00:28:44,14 km al NO de Paposo,-24.931,-70.574,25.0,2.7,Ml
260509,2024-12-18 04:03:30,2024-12-18 01:03:30,83 km al NO de Cobquecura,-35.783,-73.61,32.0,2.9,Ml
260511,2024-12-18 04:09:13,2024-12-18 01:09:13,15 km al E de Iquique,-20.163,-70.024,52.0,5.2,Mw
260517,2024-12-18 04:54:08,2024-12-18 01:54:08,57 km al SE de San José de Maipo,-34.093,-70.052,4.0,3.1,Ml
260523,2024-12-18 05:15:02,2024-12-18 02:15:02,51 km al NE de Pica,-20.157,-68.993,100.0,2.6,Ml
260526,2024-12-18 05:31:36,2024-12-18 02:31:36,92 km al SE de Socaire,-24.257,-67.352,210.0,3.4,Ml
260530,2024-12-18 05:59:22,2024-12-18 02:59:22,40 km al NE de Pica,-20.297,-69.003,102.0,2.9,Ml
260539,2024-12-18 07:58:16,2024-12-18 04:58:16,38 km al E de Carrizal Bajo,-28.165,-70.776,51.0,4.0,Ml
260545,2024-12-18 08:25:13,2024-12-18 05:25:13,49 km al N de Mejillones,-22.657,-70.475,51.0,4.2,Ml
260546,2024-12-18 08:45:54,2024-12-18 05:45:54,58 km al NE de San Pedro de Atacama,-22.476,-67.894,205.0,2.6,Ml
260548,2024-12-18 08:55:55,2024-12-18 05:55:55,74 km al E de Socaire,-23.697,-67.176,233.0,3.1,Ml
260557,2024-12-18 09:59:24,2024-12-18 06:59:24,67 km al SO de Ollagüe,-21.738,-68.6,121.0,3.3,Ml
260564,2024-12-18 11:24:31,2024-12-18 08:24:31,41 km al O de La Higuera,-29.602,-71.609,64.0,3.1,Ml
260565,2024-12-18 11:35:51,2024-12-18 08:35:51,71 km al SE de Socaire,-24.18,-67.631,210.0,2.8,Ml
260572,2024-12-18 13:02:25,2024-12-18 10:02:25,19 km al SE de Cuya,-19.313,-70.106,45.0,3.7,Ml
260584,2024-12-18 14:25:35,2024-12-18 11:25:35,76 km al S de Socaire,-24.235,-67.654,233.0,2.6,Ml
260585,2024-12-18 14:46:08,2024-12-18 11:46:08,133 km al O de Toltén,-39.168,-74.712,31.0,3.8,Ml
260591,2024-12-18 15:39:40,2024-12-18 12:39:40,19 km al O de Camiña,-19.345,-69.605,81.0,4.2,Ml
260595,2024-12-18 15:59:28,2024-12-18 12:59:28,44 km al O de Mina Collahuasi,-20.834,-69.085,111.0,2.7,Ml
260598,2024-12-18 16:54:57,2024-12-18 13:54:57,8 km al SO de San Pedro de Atacama,-22.953,-68.268,138.0,3.0,Ml
260615,2024-12-18 19:20:16,2024-12-18 16:20:16,54 km al E de Linares,-36.014,-71.039,158.0,3.5,Ml
260620,2024-12-18 20:58:23,2024-12-18 17:58:23,51 km al S de Mina Collahuasi,-21.268,-68.801,116.0,2.5,Ml
260629,2024-12-18 21:40:35,2024-12-18 18:40:35,53 km al O de Ollagüe,-21.366,-68.738,121.0,3.3,Ml
260636,2024-12-19 00:01:37,2024-12-18 21:01:37,43 km al E de Quillagua,-21.797,-69.143,94.0,2.5,Ml
260638,2024-12-19 00:29:59,2024-12-18 21:29:59,59 km al SE de Socaire,-23.913,-67.433,266.0,2.9,Ml
260649,2024-12-19 02:15:17,2024-12-18 23:15:17,37 km al O de Canela Baja,-31.452,-71.842,32.0,3.5,Ml
260651,2024-12-19 02:20:49,2024-12-18 23:20:49,30 km al SE de Mina Collahuasi,-21.055,-68.496,134.0,2.6,Ml
260671,2024-12-19 05:43:05,2024-12-19 02:43:05,26 km al NO de El Salvador,-26.14,-69.854,98.0,3.4,Ml
260675,2024-12-19 06:01:47,2024-12-19 03:01:47,66 km al SE de Socaire,-24.008,-67.434,260.0,2.9,Ml
260678,2024-12-19 06:37:16,2024-12-19 03:37:16,30 km al E de Calama,-22.425,-68.644,122.0,3.9,Ml
260687,2024-12-19 07:40:18,2024-12-19 04:40:18,33 km al E de Calama,-22.418,-68.61,131.0,2.8,Ml
260700,2024-12-19 10:36:25,2024-12-19 07:36:25,71 km al SE de Socaire,-24.068,-67.425,232.0,3.1,Ml
260701,2024-12-19 10:38:49,2024-12-19 07:38:49,85 km al NO de San Antonio de los Cobres,-23.821,-67.03,217.0,3.9,Ml
260706,2024-12-19 11:31:58,2024-12-19 08:31:58,66 km al S de Socaire,-24.17,-67.732,245.0,3.0,Ml
260709,2024-12-19 11:53:40,2024-12-19 08:53:40,78 km al SE de Putre,-18.5,-68.895,156.0,2.9,Ml
260725,2024-12-19 14:22:08,2024-12-19 11:22:08,19 km al SO de Termas del Flaco,-35.056,-70.612,118.0,2.5,Ml
260736,2024-12-19 16:37:30,2024-12-19 13:37:30,23 km al E de La Higuera,-29.591,-70.977,99.0,3.1,Ml
260740,2024-12-19 16:46:59,2024-12-19 13:46:59,91 km al O de San Antonio de los Cobres,-24.183,-67.213,244.0,3.2,Ml
260743,2024-12-19 17:11:55,2024-12-19 14:11:55,63 km al N de Mina Collahuasi,-20.27,-68.76,117.0,2.5,Ml
260766,2024-12-19 21:08:28,2024-12-19 18:08:28,81 km al NO de Concepción,-36.308,-73.684,30.0,3.2,Ml
260769,2024-12-19 21:23:08,2024-12-19 18:23:08,41 km al E de Pica,-20.503,-68.937,108.0,3.4,Ml
260783,2024-12-20 00:19:26,2024-12-19 21:19:26,95 km al NE de Paihuano,-29.462,-69.777,130.0,4.0,Ml
260786,2024-12-20 00:38:20,2024-12-19 21:38:20,59 km al S de Socaire,-24.119,-67.857,237.0,3.4,Ml
260789,2024-12-20 00:47:21,2024-12-19 21:47:21,33 km al SO de Canela Baja,-31.622,-71.679,34.0,3.2,Ml
260795,2024-12-20 01:17:11,2024-12-19 22:17:11,75 km al SO de Ollagüe,-21.818,-68.589,120.0,3.2,Ml
260798,2024-12-20 01:50:32,2024-12-19 22:50:32,43 km al NO de Quintero,-32.472,-71.808,33.0,2.8,Ml
260806,2024-12-20 02:52:36,2024-12-19 23:52:36,29 km al NE de Alto del Carmen,-28.59,-70.263,85.0,3.0,Ml
260811,2024-12-20 04:50:41,2024-12-20 01:50:41,60 km al O de El Tabo,-33.245,-72.265,34.0,2.9,Ml
260816,2024-12-20 05:18:53,2024-12-20 02:18:53,33 km al NE de Vichuquén,-34.649,-71.773,41.0,3.1,Ml
260858,2024-12-20 05:32:33,2024-12-20 02:32:33,12 km al NE de El Salvador,-26.169,-69.537,26.0,3.3,Ml
260832,2024-12-20 06:47:55,2024-12-20 03:47:55,46 km al N de Punta de Choros,-28.839,-71.495,34.0,3.0,Ml
260838,2024-12-20 07:09:09,2024-12-20 04:09:09,18 km al E de Camiña,-19.295,-69.256,110.0,3.0,Ml
260847,2024-12-20 09:01:24,2024-12-20 06:01:24,29 km al NO de Canela Baja,-31.206,-71.658,43.0,2.5,Ml
260850,2024-12-20 09:35:34,2024-12-20 06:35:34,51 km al NO de Toltén,-38.874,-73.61,21.0,2.8,Ml
260869,2024-12-20 12:17:31,2024-12-20 09:17:31,28 km al SE de Calama,-22.599,-68.693,116.0,2.9,Ml
260873,2024-12-20 12:50:07,2024-12-20 09:50:07,53 km al SO de Mina Collahuasi,-21.156,-69.022,92.0,2.8,Ml
260876,2024-12-20 13:31:02,2024-12-20 10:31:02,16 km al NE de Chillán,-36.488,-72.004,86.0,4.3,Ml
260879,2024-12-20 14:01:22,2024-12-20 11:01:22,61 km al S de Socaire,-24.114,-67.714,255.0,3.6,Ml
260887,2024-12-20 14:58:40,2024-12-20 11:58:40,21 km al NO de Ollagüe,-21.121,-68.426,144.0,3.0,Ml
260889,2024-12-20 16:19:38,2024-12-20 13:19:38,104 km al SE de Ollagüe,-21.897,-67.561,227.0,3.1,Ml
260890,2024-12-20 16:31:11,2024-12-20 13:31:11,24 km al NO de Vallenar,-28.454,-70.963,40.0,2.5,Ml
260895,2024-12-20 16:46:21,2024-12-20 13:46:21,23 km al NO de Quintero,-32.685,-71.742,40.0,2.7,Ml
260902,2024-12-20 17:44:22,2024-12-20 14:44:22,12 km al O de Punitaqui,-30.807,-71.382,53.0,2.7,Ml
260906,2024-12-20 18:26:38,2024-12-20 15:26:38,33 km al NE de Alto del Carmen,-28.517,-70.287,114.0,3.3,Ml
260911,2024-12-20 19:08:07,2024-12-20 16:08:07,17 km al NO de Valparaíso,-32.923,-71.72,25.0,2.7,Ml
260930,2024-12-20 21:43:29,2024-12-20 18:43:29,67 km al NE de Calama,-21.926,-68.649,112.0,3.7,Ml
260934,2024-12-20 22:47:02,2024-12-20 19:47:02,55 km al S de Mina Collahuasi,-21.298,-68.817,109.0,3.2,Ml
260935,2024-12-20 23:18:10,2024-12-20 20:18:10,85 km al E de Socaire,-23.874,-67.113,258.0,3.1,Ml
260938,2024-12-21 00:27:12,2024-12-20 21:27:12,64 km al NE de Pica,-20.155,-68.83,107.0,2.6,Ml
260942,2024-12-21 02:18:21,2024-12-20 23:18:21,51 km al SO de Mina Collahuasi,-21.242,-68.876,122.0,2.5,Ml
260954,2024-12-21 04:33:10,2024-12-21 01:33:10,50 km al SO de Mina Collahuasi,-21.185,-68.954,116.0,2.5,Ml
260955,2024-12-21 04:42:34,2024-12-21 01:42:34,56 km al NO de Puerto Cisnes,-44.349,-73.143,10.0,2.5,Ml
260962,2024-12-21 06:00:41,2024-12-21 03:00:41,27 km al NO de Vallenar,-28.371,-70.904,52.0,2.8,Ml
260970,2024-12-21 06:32:04,2024-12-21 03:32:04,19 km al SO de La Higuera,-29.61,-71.367,63.0,2.6,Ml
260972,2024-12-21 06:33:08,2024-12-21 03:33:08,13 km al S de Mina Collahuasi,-20.941,-68.629,130.0,2.5,Ml
260977,2024-12-21 07:27:59,2024-12-21 04:27:59,56 km al N de Pica,-19.988,-69.323,87.0,2.7,Ml
260986,2024-12-21 09:13:07,2024-12-21 06:13:07,109 km al O de Bahía Mansa,-40.585,-75.024,22.0,4.4,Mw
260988,2024-12-21 09:21:24,2024-12-21 06:21:24,47 km al E de Pica,-20.422,-68.882,113.0,2.7,Ml
260999,2024-12-21 11:14:21,2024-12-21 08:14:21,19 km al SO de Ollagüe,-21.298,-68.422,128.0,2.9,Ml
261002,2024-12-21 11:40:07,2024-12-21 08:40:07,17 km al SO de Colchane,-19.384,-68.758,160.0,2.9,Ml
261007,2024-12-21 13:29:44,2024-12-21 10:29:44,20 km al S de Caldera,-27.247,-70.842,66.0,2.6,Ml
261017,2024-12-21 14:28:01,2024-12-21 11:28:01,53 km al NE de Calama,-22.039,-68.711,116.0,2.9,Ml
261022,2024-12-21 14:54:50,2024-12-21 11:54:50,41 km al SO de Quillagua,-21.913,-69.821,54.0,2.5,Ml
261026,2024-12-21 15:44:55,2024-12-21 12:44:55,31 km al SE de Sierra Gorda,-23.148,-69.195,88.0,2.9,Ml
261079,2024-12-21 23:57:55,2024-12-21 20:57:55,47 km al O de Mina Collahuasi,-20.9,-69.104,108.0,3.1,Ml
261084,2024-12-22 00:20:10,2024-12-21 21:20:10,17 km al O de Quintero,-32.733,-71.701,37.0,2.5,Ml
261098,2024-12-22 02:52:52,2024-12-21 23:52:52,131 km al O de Caleta El Cobre,-24.668,-71.733,16.0,3.6,Ml
261129,2024-12-22 07:38:08,2024-12-22 04:38:08,48 km al SO de Ollagüe,-21.617,-68.453,130.0,2.6,Ml
261144,2024-12-22 10:29:23,2024-12-22 07:29:23,71 km al NE de El Salvador,-25.912,-69.02,116.0,3.0,Ml
261156,2024-12-22 12:53:26,2024-12-22 09:53:26,101 km al SE de Socaire,-24.352,-67.354,204.0,4.0,Ml
261165,2024-12-22 15:59:12,2024-12-22 12:59:12,57 km al SO de Ollagüe,-21.692,-68.488,136.0,2.7,Ml
261167,2024-12-22 16:47:16,2024-12-22 13:47:16,43 km al S de Mina La Escondida,-24.647,-68.959,117.0,2.9,Ml
261171,2024-12-22 17:12:30,2024-12-22 14:12:30,5 km al E de Calama,-22.484,-68.88,100.0,2.6,Ml
261184,2024-12-22 17:54:28,2024-12-22 14:54:28,43 km al N de Calama,-22.103,-68.788,95.0,2.8,Ml
261201,2024-12-22 19:18:27,2024-12-22 16:18:27,9 km al SE de Punta de Choros,-29.29,-71.389,53.0,2.6,Ml
261213,2024-12-22 22:11:01,2024-12-22 19:11:01,21 km al N de Tacna,-17.833,-70.242,99.0,3.5,Ml
261217,2024-12-22 22:24:09,2024-12-22 19:24:09,43 km al N de Mina Los Pelambres,-31.446,-70.473,105.0,2.8,Ml
261232,2024-12-23 00:39:32,2024-12-22 21:39:32,42 km al SO de Huasco,-28.821,-71.369,42.0,3.1,Ml
261242,2024-12-23 03:48:56,2024-12-23 00:48:56,21 km al E de La Higuera,-29.447,-71.0,56.0,3.6,Ml
261246,2024-12-23 04:06:14,2024-12-23 01:06:14,18 km al O de Quillota,-32.953,-71.425,74.0,3.5,Ml
261253,2024-12-23 04:26:18,2024-12-23 01:26:18,42 km al S de Alto del Carmen,-29.127,-70.582,90.0,4.0,Ml
261263,2024-12-23 06:02:44,2024-12-23 03:02:44,102 km al SE de Socaire,-24.397,-67.403,191.0,3.4,Ml
261282,2024-12-23 08:36:40,2024-12-23 05:36:40,47 km al SO de Ollagüe,-21.606,-68.451,127.0,3.2,Ml
261288,2024-12-23 09:22:45,2024-12-23 06:22:45,40 km al SO de Mina Collahuasi,-21.14,-68.853,101.0,4.0,Ml
261296,2024-12-23 09:48:50,2024-12-23 06:48:50,27 km al N de Calama,-22.224,-68.945,97.0,3.5,Ml
261316,2024-12-23 13:17:39,2024-12-23 10:17:39,5 km al S de Parque Fray Jorge,-30.707,-71.683,33.0,2.8,Ml
261323,2024-12-23 15:11:38,2024-12-23 12:11:38,38 km al O de Mina Collahuasi,-20.883,-69.017,110.0,3.3,Ml
261334,2024-12-23 16:18:36,2024-12-23 13:18:36,12 km al NE de Chañaral,-26.261,-70.556,46.0,3.0,Ml
261369,2024-12-23 19:01:31,2024-12-23 16:01:31,77 km al SE de Socaire,-24.089,-67.363,216.0,3.5,Ml
261372,2024-12-23 19:11:22,2024-12-23 16:11:22,35 km al SO de Ollagüe,-21.502,-68.405,133.0,2.9,Ml
261384,2024-12-23 21:53:43,2024-12-23 18:53:43,36 km al NO de Mina Collahuasi,-20.63,-68.931,102.0,3.2,Ml
261387,2024-12-23 22:32:13,2024-12-23 19:32:13,72 km al O de San Antonio de los Cobres,-24.09,-67.014,232.0,3.2,Ml
261390,2024-12-23 23:57:14,2024-12-23 20:57:14,40 km al NE de Mina Los Pelambres,-31.592,-70.264,128.0,3.0,Ml
261402,2024-12-24 02:24:03,2024-12-23 23:24:03,12 km al SE de Ollagüe,-21.272,-68.15,142.0,3.1,Ml
261409,2024-12-24 03:07:41,2024-12-24 00:07:41,3 km al SE de La Higuera,-29.526,-71.181,29.0,2.7,Ml
261424,2024-12-24 05:28:24,2024-12-24 02:28:24,19 km al S de Pozo Almonte,-20.428,-69.788,54.0,3.7,Ml
261431,2024-12-24 07:24:32,2024-12-24 04:24:32,75 km al SE de Colchane,-19.834,-68.233,197.0,3.7,Ml
261434,2024-12-24 07:33:17,2024-12-24 04:33:17,20 km al O de Quintero,-32.747,-71.734,38.0,2.5,Ml
261443,2024-12-24 08:18:18,2024-12-24 05:18:18,20 km al NO de Calama,-22.369,-69.089,82.0,2.8,Ml
261468,2024-12-24 13:43:14,2024-12-24 10:43:14,11 km al NE de Pica,-20.401,-69.285,111.0,2.8,Ml
261472,2024-12-24 14:10:51,2024-12-24 11:10:51,89 km al SE de Socaire,-24.23,-67.359,210.0,3.7,Ml
261482,2024-12-24 14:45:59,2024-12-24 11:45:59,49 km al SO de Punta de Choros,-29.522,-71.864,43.0,3.3,Ml
261485,2024-12-24 15:05:25,2024-12-24 12:05:25,33 km al NO de Navidad,-33.758,-72.103,35.0,3.7,Ml
261489,2024-12-24 15:10:25,2024-12-24 12:10:25,35 km al NO de Quillagua,-21.447,-69.779,35.0,2.9,Ml
261490,2024-12-24 15:28:49,2024-12-24 12:28:49,72 km al SE de Socaire,-24.07,-67.414,216.0,3.2,Ml
261502,2024-12-24 16:32:10,2024-12-24 13:32:10,56 km al O de Ollagüe,-21.34,-68.779,119.0,3.1,Ml
261507,2024-12-24 16:49:54,2024-12-24 13:49:54,17 km al N de Villarrica,-39.141,-72.281,98.0,4.7,Mw
261531,2024-12-24 20:07:47,2024-12-24 17:07:47,106 km al SE de Socaire,-24.424,-67.375,199.0,4.4,Ml
261533,2024-12-24 20:31:06,2024-12-24 17:31:06,19 km al O de Melipilla,-33.676,-71.423,45.0,2.9,Ml
261543,2024-12-24 21:53:52,2024-12-24 18:53:52,65 km al SE de Socaire,-23.973,-67.403,210.0,4.2,Ml
261552,2024-12-24 22:42:26,2024-12-24 19:42:26,156 km al NO de La Rioja,-28.103,-67.417,126.0,6.0,Mww
261562,2024-12-25 00:36:35,2024-12-24 21:36:35,36 km al O de Ollagüe,-21.175,-68.598,144.0,3.1,Ml
261577,2024-12-25 04:02:35,2024-12-25 01:02:35,14 km al O de La Serena,-29.925,-71.399,54.0,3.4,Ml
261585,2024-12-25 05:33:15,2024-12-25 02:33:15,19 km al SE de Cabo Raper,-46.961,-75.551,20.0,3.7,Ml
261587,2024-12-25 05:48:15,2024-12-25 02:48:15,97 km al E de Mina La Escondida,-24.54,-68.141,168.0,3.1,Ml
261590,2024-12-25 05:59:37,2024-12-25 02:59:37,79 km al NO de Constitución,-34.759,-72.933,42.0,3.8,Ml
261597,2024-12-25 06:17:52,2024-12-25 03:17:52,21 km al NE de Curicó,-34.847,-71.083,94.0,2.6,Ml
261626,2024-12-25 09:49:51,2024-12-25 06:49:51,35 km al NO de Mina Collahuasi,-20.638,-68.921,109.0,2.7,Ml
261632,2024-12-25 10:17:49,2024-12-25 07:17:49,63 km al NO de Valparaíso,-32.789,-72.216,24.0,2.7,Ml
261638,2024-12-25 11:08:14,2024-12-25 08:08:14,28 km al SO de Ollagüe,-21.411,-68.44,121.0,2.6,Ml
261649,2024-12-25 12:33:23,2024-12-25 09:33:23,18 km al E de Pica,-20.549,-69.167,95.0,2.6,Ml
261653,2024-12-25 12:54:59,2024-12-25 09:54:59,21 km al SO de Patache,-20.972,-70.313,65.0,2.5,Ml
261655,2024-12-25 13:42:54,2024-12-25 10:42:54,67 km al E de Quillagua,-21.663,-68.889,94.0,3.1,Ml
261662,2024-12-25 14:14:27,2024-12-25 11:14:27,33 km al S de Ollagüe,-21.513,-68.337,144.0,2.7,Ml
261666,2024-12-25 15:00:26,2024-12-25 12:00:26,49 km al SO de Mina Collahuasi,-21.209,-68.889,115.0,2.6,Ml
261672,2024-12-25 16:28:05,2024-12-25 13:28:05,22 km al E de San Pedro de Atacama,-22.854,-67.999,175.0,2.9,Ml
261684,2024-12-25 19:07:08,2024-12-25 16:07:08,75 km al SE de Socaire,-23.965,-67.279,223.0,4.5,Mw
261692,2024-12-25 19:44:02,2024-12-25 16:44:02,31 km al S de Mina Collahuasi,-21.098,-68.728,116.0,3.5,Ml
261698,2024-12-25 20:25:10,2024-12-25 17:25:10,65 km al SE de Socaire,-24.02,-67.456,266.0,3.6,Ml
261714,2024-12-25 22:45:15,2024-12-25 19:45:15,36 km al S de Pichidangui,-32.444,-71.642,33.0,2.7,Ml
261717,2024-12-25 22:53:02,2024-12-25 19:53:02,94 km al NE de Alto del Carmen,-28.34,-69.65,112.0,3.1,Ml
261719,2024-12-25 23:14:32,2024-12-25 20:14:32,28 km al O de Valparaíso,-32.991,-71.906,36.0,4.3,Ml
261722,2024-12-25 23:20:48,2024-12-25 20:20:48,9 km al N de Valparaíso,-32.97,-71.646,46.0,3.2,Ml
261732,2024-12-26 00:21:25,2024-12-25 21:21:25,78 km al SE de Socaire,-24.15,-67.425,205.0,2.9,Ml
261737,2024-12-26 01:49:56,2024-12-25 22:49:56,44 km al SO de Mina Collahuasi,-21.094,-68.975,112.0,2.7,Ml
261742,2024-12-26 02:19:39,2024-12-25 23:19:39,23 km al O de Valparaíso,-32.984,-71.847,41.0,2.8,Ml
261756,2024-12-26 04:43:38,2024-12-26 01:43:38,76 km al O de Quintero,-32.689,-72.333,29.0,2.5,Ml
261761,2024-12-26 05:12:22,2024-12-26 02:12:22,47 km al SO de Mina Collahuasi,-21.222,-68.83,113.0,2.5,Ml
261764,2024-12-26 05:26:47,2024-12-26 02:26:47,22 km al SO de La Serena,-30.011,-71.439,46.0,2.7,Ml
261776,2024-12-26 06:51:27,2024-12-26 03:51:27,78 km al SE de Socaire,-24.162,-67.445,233.0,3.1,Ml
261783,2024-12-26 08:32:13,2024-12-26 05:32:13,24 km al SO de Tongoy,-30.444,-71.622,27.0,2.8,Ml
261789,2024-12-26 09:00:04,2024-12-26 06:00:04,35 km al E de Sierra Gorda,-22.974,-68.995,104.0,2.9,Ml
261803,2024-12-26 11:12:32,2024-12-26 08:12:32,18 km al O de Pichidangui,-32.118,-71.722,30.0,2.7,Ml
261805,2024-12-26 11:24:47,2024-12-26 08:24:47,84 km al SO de Pisagua,-19.91,-70.948,46.0,3.8,Ml
261815,2024-12-26 12:43:03,2024-12-26 09:43:03,63 km al SO de Ollagüe,-21.705,-68.579,139.0,3.2,Ml
261818,2024-12-26 13:07:11,2024-12-26 10:07:11,46 km al SO de Mina Collahuasi,-21.105,-68.988,112.0,2.8,Ml
261820,2024-12-26 13:30:56,2024-12-26 10:30:56,76 km al NE de Paihuano,-29.463,-70.085,100.0,2.6,Ml
261822,2024-12-26 14:07:12,2024-12-26 11:07:12,92 km al E de Alto del Carmen,-29.048,-69.601,118.0,3.1,Ml
261825,2024-12-26 14:08:27,2024-12-26 11:08:27,82 km al NE de San Pedro de Atacama,-22.296,-67.779,227.0,3.0,Ml
261828,2024-12-26 15:16:13,2024-12-26 12:16:13,75 km al SO de San Pedro de Atacama,-23.454,-68.656,117.0,2.6,Ml
261834,2024-12-26 16:17:57,2024-12-26 13:17:57,23 km al E de Ollagüe,-21.284,-68.041,175.0,2.9,Ml
261838,2024-12-26 16:32:07,2024-12-26 13:32:07,31 km al O de Pichidangui,-32.253,-71.832,30.0,2.6,Ml
261840,2024-12-26 16:55:03,2024-12-26 13:55:03,66 km al SO de Arica,-18.809,-70.844,17.0,2.5,Ml
261843,2024-12-26 17:12:21,2024-12-26 14:12:21,103 km al S de Ilo,-18.569,-71.38,25.0,3.8,Ml
261855,2024-12-26 18:05:39,2024-12-26 15:05:39,31 km al NO de Ollagüe,-21.062,-68.496,123.0,3.5,Ml
261856,2024-12-26 18:06:25,2024-12-26 15:06:25,11 km al E de Parque Fray Jorge,-30.682,-71.574,37.0,2.7,Ml
261867,2024-12-26 18:50:18,2024-12-26 15:50:18,30 km al E de Sierra Gorda,-22.798,-69.046,104.0,2.9,Ml
261877,2024-12-26 19:35:39,2024-12-26 16:35:39,47 km al SO de Mina Collahuasi,-21.187,-68.89,112.0,2.8,Ml
261878,2024-12-26 19:37:01,2024-12-26 16:37:01,60 km al S de Camiña,-19.838,-69.315,111.0,3.0,Ml
261885,2024-12-26 20:39:17,2024-12-26 17:39:17,34 km al SE de Putre,-18.439,-69.368,129.0,2.9,Ml
261888,2024-12-26 20:56:25,2024-12-26 17:56:25,43 km al SO de Mina Collahuasi,-21.066,-68.985,113.0,2.7,Ml
261891,2024-12-26 21:07:23,2024-12-26 18:07:23,2 km al E de Parque Fray Jorge,-30.657,-71.667,38.0,3.4,Ml
261897,2024-12-26 21:48:11,2024-12-26 18:48:11,29 km al NO de Navidad,-33.737,-72.015,32.0,2.6,Ml
261902,2024-12-26 22:01:26,2024-12-26 19:01:26,74 km al SE de Socaire,-24.032,-67.34,225.0,3.0,Ml
261906,2024-12-26 22:32:55,2024-12-26 19:32:55,13 km al N de Casablanca,-33.207,-71.378,51.0,2.8,Ml
261910,2024-12-26 22:45:39,2024-12-26 19:45:39,81 km al SE de Socaire,-23.987,-67.218,222.0,3.2,Ml
261914,2024-12-27 00:21:48,2024-12-26 21:21:48,19 km al E de Putre,-18.164,-69.379,137.0,2.5,Ml
261917,2024-12-27 01:07:20,2024-12-26 22:07:20,43 km al SO de Huasco,-28.786,-71.476,30.0,3.0,Ml
261927,2024-12-27 04:13:47,2024-12-27 01:13:47,84 km al O de San Antonio de los Cobres,-24.074,-67.126,251.0,4.2,Ml
261930,2024-12-27 04:28:28,2024-12-27 01:28:28,66 km al SO de Ollagüe,-21.76,-68.529,118.0,2.8,Ml
261934,2024-12-27 04:41:32,2024-12-27 01:41:32,2 km al O de Parque Fray Jorge,-30.671,-71.707,29.0,2.8,Ml
261943,2024-12-27 05:52:59,2024-12-27 02:52:59,46 km al SO de Mina Collahuasi,-21.151,-68.939,111.0,3.2,Ml
261947,2024-12-27 06:43:33,2024-12-27 03:43:33,39 km al E de El Salvador,-26.226,-69.236,11.0,2.9,Ml
261950,2024-12-27 06:44:45,2024-12-27 03:44:45,56 km al NE de Calama,-22.08,-68.59,123.0,2.5,Ml
261952,2024-12-27 06:55:51,2024-12-27 03:55:51,33 km al SE de San José de Maipo,-33.893,-70.174,122.0,2.5,Ml
261967,2024-12-27 09:00:48,2024-12-27 06:00:48,46 km al N de Tocopilla,-21.698,-70.341,28.0,3.6,Ml
261972,2024-12-27 09:23:55,2024-12-27 06:23:55,26 km al NE de Antuco,-37.151,-71.487,122.0,2.7,Ml
261976,2024-12-27 10:04:57,2024-12-27 07:04:57,33 km al S de Mina Collahuasi,-21.122,-68.706,120.0,2.9,Ml
261983,2024-12-27 11:09:41,2024-12-27 08:09:41,17 km al NO de Las Cabras,-34.152,-71.366,60.0,2.5,Ml
261992,2024-12-27 11:49:49,2024-12-27 08:49:49,72 km al SO de Ollagüe,-21.748,-68.668,105.0,3.8,Ml
261999,2024-12-27 12:36:52,2024-12-27 09:36:52,79 km al NE de San Pedro de Atacama,-22.333,-67.762,213.0,3.6,Ml
262005,2024-12-27 14:00:28,2024-12-27 11:00:28,19 km al SO de Santa Cruz,-34.736,-71.532,66.0,2.6,Ml
262010,2024-12-27 15:16:55,2024-12-27 12:16:55,50 km al SE de Copiapó,-27.778,-70.129,81.0,3.4,Ml
262014,2024-12-27 15:27:02,2024-12-27 12:27:02,71 km al SE de Socaire,-24.174,-67.609,242.0,2.9,Ml
262020,2024-12-27 16:14:19,2024-12-27 13:14:19,49 km al SE de Pica,-20.897,-69.137,110.0,2.5,Ml
262038,2024-12-27 18:15:39,2024-12-27 15:15:39,35 km al NE de Calama,-22.212,-68.734,125.0,4.9,Mw
262040,2024-12-27 18:21:46,2024-12-27 15:21:46,39 km al NE de Calama,-22.206,-68.681,111.0,3.3,Ml
262052,2024-12-27 20:10:00,2024-12-27 17:10:00,47 km al SE de Putre,-18.368,-69.157,116.0,3.1,Ml
262054,2024-12-27 20:14:36,2024-12-27 17:14:36,75 km al E de Socaire,-23.314,-67.223,246.0,4.1,Ml
262070,2024-12-27 23:36:56,2024-12-27 20:36:56,31 km al E de Calama,-22.472,-68.624,97.0,2.5,Ml
262075,2024-12-28 00:48:08,2024-12-27 21:48:08,61 km al SE de Socaire,-23.982,-67.474,225.0,2.6,Ml
262081,2024-12-28 02:31:15,2024-12-27 23:31:15,6 km al E de Pichidangui,-32.15,-71.472,47.0,3.0,Ml
262083,2024-12-28 03:17:41,2024-12-28 00:17:41,35 km al NE de Isla Guafo,-43.346,-74.442,25.0,3.4,Ml
262090,2024-12-28 04:04:26,2024-12-28 01:04:26,69 km al SE de Socaire,-23.905,-67.303,258.0,2.6,Ml
262094,2024-12-28 04:17:50,2024-12-28 01:17:50,34 km al SO de Ollagüe,-21.493,-68.415,134.0,3.6,Ml
262096,2024-12-28 04:28:28,2024-12-28 01:28:28,39 km al O de Ralco,-37.753,-72.055,90.0,2.9,Ml
262103,2024-12-28 06:00:15,2024-12-28 03:00:15,30 km al O de Mina Collahuasi,-20.929,-68.925,104.0,2.5,Ml
262104,2024-12-28 06:31:00,2024-12-28 03:31:00,84 km al SE de Socaire,-24.084,-67.271,221.0,3.1,Ml
262118,2024-12-28 09:55:21,2024-12-28 06:55:21,89 km al E de Socaire,-23.761,-67.04,226.0,2.6,Ml
262124,2024-12-28 11:19:53,2024-12-28 08:19:53,89 km al O de San Antonio de los Cobres,-24.066,-67.179,201.0,3.1,Ml
262133,2024-12-28 12:29:54,2024-12-28 09:29:54,29 km al NE de Camiña,-19.144,-69.219,10.0,2.7,Ml
262138,2024-12-28 12:36:38,2024-12-28 09:36:38,82 km al E de Socaire,-23.769,-67.111,240.0,2.8,Ml
262140,2024-12-28 12:56:00,2024-12-28 09:56:00,4 km al E de Camiña,-19.316,-69.386,114.0,2.9,Ml
262142,2024-12-28 13:02:00,2024-12-28 10:02:00,27 km al S de Calama,-22.701,-69.005,123.0,2.6,Ml
262145,2024-12-28 13:51:19,2024-12-28 10:51:19,28 km al O de Baquedano,-23.259,-70.109,54.0,2.8,Ml
262150,2024-12-28 14:40:03,2024-12-28 11:40:03,18 km al NE de Talca,-35.338,-71.495,72.0,2.6,Ml
262157,2024-12-28 15:45:58,2024-12-28 12:45:58,57 km al NE de Calama,-22.015,-68.682,139.0,2.9,Ml
262164,2024-12-28 16:17:59,2024-12-28 13:17:59,82 km al SE de Socaire,-23.964,-67.193,245.0,3.1,Ml
262166,2024-12-28 16:46:57,2024-12-28 13:46:57,68 km al SE de Socaire,-24.101,-67.52,208.0,3.1,Ml
262168,2024-12-28 16:55:18,2024-12-28 13:55:18,82 km al SE de Socaire,-24.218,-67.475,233.0,4.4,Ml
262185,2024-12-28 19:01:14,2024-12-28 16:01:14,38 km al S de Ollagüe,-21.565,-68.225,120.0,2.9,Ml
262193,2024-12-28 20:35:09,2024-12-28 17:35:09,72 km al SE de Socaire,-23.989,-67.33,233.0,3.5,Ml
262196,2024-12-28 21:21:08,2024-12-28 18:21:08,19 km al E de Camiña,-19.346,-69.246,124.0,3.4,Ml
262202,2024-12-29 00:01:43,2024-12-28 21:01:43,48 km al O de Paposo,-25.124,-70.924,43.0,2.7,Ml
262206,2024-12-29 00:13:10,2024-12-28 21:13:10,21 km al NE de Temuco,-38.579,-72.465,49.0,2.8,Ml
262207,2024-12-29 00:28:39,2024-12-28 21:28:39,51 km al SO de Mina Collahuasi,-21.249,-68.858,114.0,2.6,Ml
262212,2024-12-29 01:08:47,2024-12-28 22:08:47,74 km al NE de El Salvador,-25.641,-69.315,110.0,3.2,Ml
262215,2024-12-29 01:22:35,2024-12-28 22:22:35,70 km al SE de Socaire,-23.915,-67.3,256.0,3.0,Ml
262217,2024-12-29 01:24:28,2024-12-28 22:24:28,10 km al NE de Pica,-20.452,-69.238,105.0,2.5,Ml
262224,2024-12-29 04:31:14,2024-12-29 01:31:14,59 km al NE de Calama,-22.0,-68.659,120.0,3.0,Ml
262225,2024-12-29 04:35:44,2024-12-29 01:35:44,67 km al N de Isla Guafo,-42.995,-74.619,22.0,3.1,Ml
262237,2024-12-29 05:29:56,2024-12-29 02:29:56,16 km al NE de Mejillones,-22.968,-70.39,38.0,3.0,Ml
262245,2024-12-29 06:07:53,2024-12-29 03:07:53,57 km al NO de Quillagua,-21.3,-69.927,60.0,2.6,Ml
262263,2024-12-29 08:30:51,2024-12-29 05:30:51,62 km al O de Canela Baja,-31.192,-72.066,51.0,2.7,Ml
262269,2024-12-29 09:18:13,2024-12-29 06:18:13,160 km al E de Copiapó,-27.951,-68.853,115.0,2.6,Ml
262272,2024-12-29 09:28:36,2024-12-29 06:28:36,54 km al E de Linares,-35.974,-71.022,6.0,2.9,Ml
262285,2024-12-29 12:43:34,2024-12-29 09:43:34,41 km al SE de Rancagua,-34.421,-70.414,126.0,2.6,Ml
262290,2024-12-29 13:32:34,2024-12-29 10:32:34,58 km al O de Ollagüe,-21.363,-68.789,114.0,3.9,Ml
262302,2024-12-29 14:40:46,2024-12-29 11:40:46,54 km al NE de Vallenar,-28.247,-70.345,91.0,3.6,Ml
262307,2024-12-29 15:30:23,2024-12-29 12:30:23,23 km al NO de La Serena,-29.737,-71.392,40.0,3.7,Ml
262320,2024-12-29 16:13:32,2024-12-29 13:13:32,67 km al NE de Calama,-22.003,-68.517,102.0,2.8,Ml
262338,2024-12-29 18:05:39,2024-12-29 15:05:39,40 km al E de Pica,-20.438,-68.949,107.0,3.3,Ml
262358,2024-12-29 21:26:59,2024-12-29 18:26:59,68 km al S de Ollagüe,-21.797,-68.484,124.0,2.6,Ml
262369,2024-12-30 00:20:21,2024-12-29 21:20:21,21 km al SO de Calama,-22.619,-69.058,101.0,2.6,Ml
262370,2024-12-30 00:44:37,2024-12-29 21:44:37,30 km al O de Ollagüe,-21.124,-68.525,133.0,3.0,Ml
262382,2024-12-30 01:41:16,2024-12-29 22:41:16,52 km al NO de Tongoy,-29.963,-71.914,38.0,3.5,Ml
262388,2024-12-30 02:42:54,2024-12-29 23:42:54,62 km al NO de Tongoy,-29.949,-72.03,36.0,2.9,Ml
262403,2024-12-30 04:44:38,2024-12-30 01:44:38,22 km al S de Curicó,-35.18,-71.21,116.0,3.0,Ml
262410,2024-12-30 05:40:48,2024-12-30 02:40:48,62 km al NO de Tongoy,-29.939,-72.03,40.0,5.1,Ml
262411,2024-12-30 05:41:12,2024-12-30 02:41:12,33 km al NO de Tongoy,-29.981,-71.632,29.0,5.3,Ml
262413,2024-12-30 05:51:57,2024-12-30 02:51:57,57 km al NO de Tongoy,-29.958,-71.983,34.0,3.2,Ml
262415,2024-12-30 05:57:37,2024-12-30 02:57:37,48 km al NO de Tongoy,-29.969,-71.868,40.0,3.2,Ml
262416,2024-12-30 06:06:05,2024-12-30 03:06:05,57 km al NO de Tongoy,-29.947,-71.963,34.0,3.4,Ml
262419,2024-12-30 06:08:33,2024-12-30 03:08:33,64 km al NO de Tongoy,-29.937,-72.044,37.0,4.2,Ml
262422,2024-12-30 06:18:13,2024-12-30 03:18:13,45 km al NE de Los Andes,-32.456,-70.412,88.0,3.8,Ml
262427,2024-12-30 06:39:09,2024-12-30 03:39:09,50 km al NO de Tongoy,-29.981,-71.91,39.0,3.3,Ml
262431,2024-12-30 06:50:13,2024-12-30 03:50:13,56 km al NO de Tongoy,-29.995,-71.998,31.0,2.5,Ml
262433,2024-12-30 06:51:46,2024-12-30 03:51:46,45 km al NO de Tongoy,-30.012,-71.863,31.0,3.3,Ml
262451,2024-12-30 06:58:20,2024-12-30 03:58:20,54 km al NO de Tongoy,-29.991,-71.966,37.0,2.5,Ml
262438,2024-12-30 06:59:00,2024-12-30 03:59:00,49 km al NO de Tongoy,-29.96,-71.867,32.0,3.1,Ml
262439,2024-12-30 07:02:30,2024-12-30 04:02:30,51 km al NO de Tongoy,-29.99,-71.921,42.0,3.5,Ml
262441,2024-12-30 07:14:33,2024-12-30 04:14:33,56 km al NO de Tongoy,-29.933,-71.937,41.0,3.2,Ml
262449,2024-12-30 07:41:10,2024-12-30 04:41:10,54 km al O de Socaire,-23.483,-68.406,112.0,2.8,Ml
262453,2024-12-30 07:49:26,2024-12-30 04:49:26,47 km al NO de Tongoy,-29.977,-71.864,40.0,3.8,Ml
262459,2024-12-30 08:29:21,2024-12-30 05:29:21,47 km al NO de Tongoy,-29.986,-71.874,31.0,2.5,Ml
262464,2024-12-30 08:35:18,2024-12-30 05:35:18,50 km al NO de Tongoy,-29.974,-71.894,34.0,2.6,Ml
262467,2024-12-30 08:51:50,2024-12-30 05:51:50,54 km al NO de Tongoy,-29.973,-71.951,42.0,3.8,Ml
262469,2024-12-30 08:59:42,2024-12-30 05:59:42,23 km al NE de Diego de Almagro,-26.211,-69.939,99.0,3.4,Ml
262478,2024-12-30 09:22:14,2024-12-30 06:22:14,51 km al S de Mina Collahuasi,-21.276,-68.769,114.0,2.5,Ml
262480,2024-12-30 09:33:33,2024-12-30 06:33:33,49 km al NO de Tongoy,-29.967,-71.882,38.0,3.0,Ml
262484,2024-12-30 09:37:34,2024-12-30 06:37:34,48 km al NO de Tongoy,-29.981,-71.877,33.0,3.1,Ml
262487,2024-12-30 09:41:32,2024-12-30 06:41:32,69 km al NO de Tongoy,-29.912,-72.092,40.0,2.7,Ml
262486,2024-12-30 09:41:47,2024-12-30 06:41:47,51 km al NO de Tongoy,-29.974,-71.916,26.0,2.6,Ml
262493,2024-12-30 09:58:45,2024-12-30 06:58:45,16 km al N de La Higuera,-29.374,-71.253,52.0,4.7,Mw
262497,2024-12-30 10:12:20,2024-12-30 07:12:20,58 km al NO de Tongoy,-29.96,-71.993,32.0,4.2,Ml
262499,2024-12-30 10:16:45,2024-12-30 07:16:45,52 km al NO de Tongoy,-29.998,-71.949,36.0,3.0,Ml
262517,2024-12-30 11:17:33,2024-12-30 08:17:33,76 km al NE de San Pedro de Atacama,-22.401,-67.717,166.0,2.7,Ml
262519,2024-12-30 11:57:04,2024-12-30 08:57:04,53 km al NO de Tongoy,-29.992,-71.948,39.0,2.7,Ml
262523,2024-12-30 12:17:34,2024-12-30 09:17:34,59 km al NE de Calama,-22.018,-68.621,131.0,2.6,Ml
262540,2024-12-30 14:24:49,2024-12-30 11:24:49,53 km al E de Petorca,-32.36,-70.384,128.0,2.9,Ml
262547,2024-12-30 15:25:58,2024-12-30 12:25:58,58 km al O de Mina La Escondida,-24.167,-69.615,96.0,4.6,Mw
262549,2024-12-30 15:38:05,2024-12-30 12:38:05,56 km al NO de Tongoy,-29.969,-71.97,39.0,3.0,Ml
262551,2024-12-30 15:39:49,2024-12-30 12:39:49,62 km al NO de Tongoy,-29.885,-71.97,49.0,3.5,Ml
262570,2024-12-30 16:55:46,2024-12-30 13:55:46,36 km al SO de Ollagüe,-21.45,-68.505,131.0,2.6,Ml
262577,2024-12-30 17:11:37,2024-12-30 14:11:37,56 km al SE de Socaire,-23.833,-67.407,267.0,3.5,Ml
262587,2024-12-30 18:01:01,2024-12-30 15:01:01,45 km al NO de Tongoy,-30.038,-71.893,40.0,2.8,Ml
262602,2024-12-30 19:04:25,2024-12-30 16:04:25,46 km al NO de Tongoy,-29.972,-71.84,29.0,2.6,Ml
262606,2024-12-30 19:14:32,2024-12-30 16:14:32,94 km al E de Alto del Carmen,-28.886,-69.537,111.0,3.3,Ml
262629,2024-12-30 21:10:17,2024-12-30 18:10:17,51 km al NE de El Salvador,-25.872,-69.332,136.0,3.9,Ml
262653,2024-12-30 23:59:43,2024-12-30 20:59:43,52 km al NO de Tongoy,-29.975,-71.924,33.0,2.8,Ml
262656,2024-12-31 00:39:21,2024-12-30 21:39:21,24 km al S de Sierra Gorda,-23.099,-69.247,81.0,2.6,Ml
262660,2024-12-31 01:43:48,2024-12-30 22:43:48,28 km al E de Pica,-20.418,-69.071,117.0,3.2,Ml
262666,2024-12-31 02:31:14,2024-12-30 23:31:14,51 km al S de Mina Collahuasi,-21.272,-68.77,119.0,3.4,Ml
262676,2024-12-31 03:18:41,2024-12-31 00:18:41,56 km al NO de Tongoy,-29.956,-71.962,35.0,2.7,Ml
262680,2024-12-31 03:39:07,2024-12-31 00:39:07,62 km al NE de San Pedro de Atacama,-22.462,-67.856,182.0,2.9,Ml
262683,2024-12-31 04:58:43,2024-12-31 01:58:43,44 km al NO de Tongoy,-30.029,-71.876,19.0,2.6,Ml
262688,2024-12-31 05:51:58,2024-12-31 02:51:58,34 km al E de Alto del Carmen,-28.737,-70.136,102.0,3.9,Ml
262696,2024-12-31 06:30:09,2024-12-31 03:30:09,125 km al O de Antofagasta,-23.66,-71.618,40.0,2.5,Ml
262704,2024-12-31 07:53:51,2024-12-31 04:53:51,43 km al O de Mina Collahuasi,-20.911,-69.059,102.0,2.6,Ml
262706,2024-12-31 07:57:16,2024-12-31 04:57:16,28 km al O de Ollagüe,-21.211,-68.527,128.0,2.8,Ml
262713,2024-12-31 08:28:28,2024-12-31 05:28:28,49 km al O de Patache,-20.672,-70.65,38.0,3.9,Ml
262720,2024-12-31 09:20:53,2024-12-31 06:20:53,33 km al S de Mina Collahuasi,-21.119,-68.717,125.0,2.7,Ml
262726,2024-12-31 09:39:49,2024-12-31 06:39:49,8 km al SE de Chillán,-36.639,-72.028,94.0,3.4,Ml
262731,2024-12-31 10:33:12,2024-12-31 07:33:12,56 km al NE de Pozo Almonte,-19.985,-69.336,101.0,3.4,Ml
262735,2024-12-31 11:53:48,2024-12-31 08:53:48,47 km al S de Camiña,-19.715,-69.285,102.0,4.3,Ml
262742,2024-12-31 12:21:46,2024-12-31 09:21:46,45 km al SE de San Pedro de Atacama,-23.151,-67.839,123.0,3.0,Ml
262743,2024-12-31 12:30:58,2024-12-31 09:30:58,34 km al N de Pica,-20.202,-69.225,95.0,3.3,Ml
262747,2024-12-31 12:34:36,2024-12-31 09:34:36,35 km al N de Pica,-20.188,-69.245,93.0,2.8,Ml
262782,2024-12-31 16:52:08,2024-12-31 13:52:08,48 km al NO de Tongoy,-30.008,-71.902,36.0,2.6,Ml
262795,2024-12-31 18:04:10,2024-12-31 15:04:10,66 km al SE de Camiña,-19.866,-69.186,107.0,2.8,Ml
262802,2024-12-31 18:52:05,2024-12-31 15:52:05,59 km al E de Linares,-36.031,-70.986,5.0,3.4,Ml
262813,2024-12-31 19:44:00,2024-12-31 16:44:00,53 km al NO de Tongoy,-29.936,-71.905,31.0,2.7,Ml
262817,2024-12-31 20:06:14,2024-12-31 17:06:14,34 km al SO de Ollagüe,-21.501,-68.39,136.0,2.9,Ml
262822,2024-12-31 20:36:43,2024-12-31 17:36:43,60 km al E de Linares,-36.028,-70.971,3.0,3.1,Ml
262829,2024-12-31 21:11:12,2024-12-31 18:11:12,53 km al NO de Tongoy,-29.963,-71.932,33.0,2.5,Ml
262839,2024-12-31 22:54:03,2024-12-31 19:54:03,18 km al O de Illapel,-31.58,-71.348,37.0,3.4,Ml
262841,2024-12-31 23:13:19,2024-12-31 20:13:19,56 km al O de Iquique,-20.172,-70.688,23.0,5.1,Mw
262847,2024-12-31 23:28:06,2024-12-31 20:28:06,62 km al O de Iquique,-20.142,-70.739,18.0,2.7,Ml
262848,2024-12-31 23:31:39,2024-12-31 20:31:39,54 km al O de Iquique,-20.161,-70.664,10.0,3.3,Ml
