id,fecha_utc,fecha_local,referencia,latitud,longitud,profundidad_km,magnitud,tipo_magnitud
262880,2025-01-01 03:56:40,2025-01-01 00:56:40,117 km al E de Socaire,-23.168,-66.842,238.0,5.0,Mw
262882,2025-01-01 04:22:40,2025-01-01 01:22:40,36 km al SE de Pica,-20.725,-69.09,105.0,3.0,Ml
262891,2025-01-01 05:02:57,2025-01-01 02:02:57,42 km al SE de Pica,-20.825,-69.145,106.0,2.9,Ml
262902,2025-01-01 07:02:46,2025-01-01 04:02:46,41 km al SO de Lebu,-37.787,-74.068,44.0,2.7,Ml
262909,2025-01-01 08:08:32,2025-01-01 05:08:32,4 km al E de Calama,-22.473,-68.889,111.0,3.8,Ml
262912,2025-01-01 08:14:29,2025-01-01 05:14:29,66 km al O de Iquique,-20.159,-70.786,30.0,2.8,Ml
262918,2025-01-01 09:09:00,2025-01-01 06:09:00,90 km al NE de Los Andes,-32.408,-69.784,134.0,4.1,Ml
262928,2025-01-01 09:48:36,2025-01-01 06:48:36,59 km al NO de Tongoy,-29.982,-72.02,35.0,2.6,Ml
262934,2025-01-01 09:59:14,2025-01-01 06:59:14,41 km al SO de Camiña,-19.621,-69.635,77.0,3.2,Ml
262936,2025-01-01 10:01:38,2025-01-01 07:01:38,66 km al SO de Ollagüe,-21.688,-68.649,121.0,3.2,Ml
262949,2025-01-01 12:20:04,2025-01-01 09:20:04,20 km al S de Pica,-20.656,-69.393,82.0,2.5,Ml
262972,2025-01-01 16:10:25,2025-01-01 13:10:25,56 km al SO de Taltal,-25.806,-70.828,40.0,3.6,Ml
262995,2025-01-01 18:36:36,2025-01-01 15:36:36,142 km al SE de Copiapó,-28.103,-69.151,124.0,3.8,Ml
263009,2025-01-01 21:32:46,2025-01-01 18:32:46,13 km al SO de Carrizal Bajo,-28.143,-71.266,38.0,2.7,Ml
263023,2025-01-01 23:59:55,2025-01-01 20:59:55,41 km al SO de Ollagüe,-21.563,-68.402,129.0,3.2,Ml
263032,2025-01-02 00:31:02,2025-01-01 21:31:02,31 km al O de Ollagüe,-21.138,-68.539,128.0,2.6,Ml
263033,2025-01-02 00:33:37,2025-01-01 21:33:37,21 km al SO de Huasco,-28.613,-71.36,28.0,2.8,Ml
263044,2025-01-02 01:56:26,2025-01-01 22:56:26,15 km al S de Tongoy,-30.388,-71.464,40.0,2.5,Ml
263051,2025-01-02 02:50:43,2025-01-01 23:50:43,28 km al SE de Chañaral,-26.504,-70.4,35.0,3.3,Ml
263053,2025-01-02 03:19:04,2025-01-02 00:19:04,5 km al SE de Mina La Escondida,-24.315,-69.036,107.0,2.6,Ml
263056,2025-01-02 03:38:46,2025-01-02 00:38:46,56 km al SE de El Salvador,-26.696,-69.376,122.0,2.8,Ml
263062,2025-01-02 04:24:57,2025-01-02 01:24:57,55 km al NO de Tongoy,-29.992,-71.973,36.0,2.9,Ml
263064,2025-01-02 04:32:44,2025-01-02 01:32:44,38 km al O de Mina Collahuasi,-20.929,-69.011,105.0,3.0,Ml
263071,2025-01-02 05:09:38,2025-01-02 02:09:38,67 km al SO de Ollagüe,-21.781,-68.49,119.0,3.2,Ml
263080,2025-01-02 05:55:40,2025-01-02 02:55:40,41 km al NE de Vallenar,-28.382,-70.4,91.0,3.2,Ml
263084,2025-01-02 06:09:07,2025-01-02 03:09:07,99 km al SE de Socaire,-24.362,-67.401,202.0,4.5,Mw
263094,2025-01-02 07:15:49,2025-01-02 04:15:49,63 km al NO de Tongoy,-29.973,-72.06,41.0,2.8,Ml
263100,2025-01-02 08:17:40,2025-01-02 05:17:40,52 km al NO de Tongoy,-29.994,-71.939,31.0,2.7,Ml
263114,2025-01-02 10:35:03,2025-01-02 07:35:03,16 km al NO de La Ligua,-32.362,-71.361,54.0,2.6,Ml
263124,2025-01-02 12:11:13,2025-01-02 09:11:13,27 km al SO de Termas del Flaco,-35.09,-70.685,13.0,2.5,Ml
263132,2025-01-02 13:58:52,2025-01-02 10:58:52,31 km al NO de Carrizal Bajo,-27.9,-71.384,48.0,3.0,Ml
263136,2025-01-02 14:19:35,2025-01-02 11:19:35,89 km al E de Socaire,-23.708,-67.024,186.0,2.9,Ml
263140,2025-01-02 15:29:58,2025-01-02 12:29:58,60 km al O de Carrizal Bajo,-27.978,-71.745,47.0,2.8,Ml
263141,2025-01-02 15:35:48,2025-01-02 12:35:48,28 km al E de San Fabián,-36.661,-71.269,199.0,3.0,Ml
263144,2025-01-02 16:39:49,2025-01-02 13:39:49,32 km al O de Mina Collahuasi,-20.885,-68.961,112.0,2.5,Ml
263146,2025-01-02 16:53:44,2025-01-02 13:53:44,78 km al E de Socaire,-23.801,-67.158,236.0,2.8,Ml
263154,2025-01-02 17:53:09,2025-01-02 14:53:09,51 km al O de Ollagüe,-21.366,-68.725,91.0,2.5,Ml
263167,2025-01-02 18:49:53,2025-01-02 15:49:53,34 km al O de Mina Collahuasi,-20.705,-68.958,107.0,3.1,Ml
263168,2025-01-02 18:52:20,2025-01-02 15:52:20,61 km al NO de Tongoy,-29.953,-72.028,40.0,2.7,Ml
263182,2025-01-02 20:43:35,2025-01-02 17:43:35,52 km al E de Quillagua,-21.73,-69.04,98.0,6.1,Mww
263192,2025-01-02 22:10:43,2025-01-02 19:10:43,52 km al E de Quillagua,-21.732,-69.039,93.0,2.5,Ml
263197,2025-01-02 22:44:35,2025-01-02 19:44:35,57 km al NO de Tongoy,-29.944,-71.961,40.0,2.7,Ml
263198,2025-01-02 23:01:07,2025-01-02 20:01:07,85 km al O de Arica,-18.525,-71.129,28.0,2.7,Ml
263207,2025-01-03 00:44:53,2025-01-02 21:44:53,49 km al SO de Mina Collahuasi,-21.09,-69.032,116.0,2.9,Ml
263211,2025-01-03 00:55:09,2025-01-02 21:55:09,32 km al N de Mina Collahuasi,-20.539,-68.633,136.0,4.5,Mw
263218,2025-01-03 01:12:51,2025-01-02 22:12:51,31 km al NO de Quintero,-32.581,-71.762,39.0,2.6,Ml
263226,2025-01-03 01:38:17,2025-01-02 22:38:17,45 km al SE de Socaire,-23.776,-67.499,250.0,3.6,Ml
263225,2025-01-03 01:39:55,2025-01-02 22:39:55,28 km al O de Mina Collahuasi,-20.751,-68.916,103.0,2.8,Ml
263230,2025-01-03 02:20:04,2025-01-02 23:20:04,56 km al SO de Patache,-21.198,-70.549,15.0,2.8,Ml
263244,2025-01-03 03:13:24,2025-01-03 00:13:24,61 km al N de Mejillones,-22.559,-70.574,15.0,3.0,Ml
263252,2025-01-03 03:52:11,2025-01-03 00:52:11,30 km al SO de Canela Baja,-31.536,-71.732,30.0,3.2,Ml
263265,2025-01-03 05:15:58,2025-01-03 02:15:58,55 km al N de Pica,-20.007,-69.206,112.0,2.5,Ml
263273,2025-01-03 06:25:41,2025-01-03 03:25:41,82 km al NO de San Antonio de los Cobres,-23.908,-67.051,240.0,3.2,Ml
263278,2025-01-03 06:55:51,2025-01-03 03:55:51,21 km al E de Pica,-20.517,-69.13,120.0,2.9,Ml
263285,2025-01-03 07:29:44,2025-01-03 04:29:44,54 km al E de Quillagua,-21.721,-69.017,92.0,3.5,Ml
263292,2025-01-03 08:45:40,2025-01-03 05:45:40,61 km al N de Calama,-21.947,-68.749,122.0,2.5,Ml
263298,2025-01-03 09:53:01,2025-01-03 06:53:01,52 km al NO de Tongoy,-29.956,-71.908,38.0,2.5,Ml
263299,2025-01-03 09:55:59,2025-01-03 06:55:59,61 km al SO de Ollagüe,-21.69,-68.558,129.0,4.1,Ml
263303,2025-01-03 10:06:07,2025-01-03 07:06:07,59 km al O de Arica,-18.673,-70.839,6.0,2.7,Ml
263310,2025-01-03 13:10:31,2025-01-03 10:10:31,52 km al S de Socaire,-24.057,-67.949,243.0,2.7,Ml
263311,2025-01-03 13:40:50,2025-01-03 10:40:50,22 km al SE de Carrizal Bajo,-28.212,-70.976,50.0,2.6,Ml
263314,2025-01-03 13:48:03,2025-01-03 10:48:03,83 km al NO de San Antonio de los Cobres,-23.849,-67.021,241.0,3.7,Ml
263321,2025-01-03 14:56:25,2025-01-03 11:56:25,10 km al NO de Calama,-22.4,-68.991,110.0,2.7,Ml
263322,2025-01-03 14:59:28,2025-01-03 11:59:28,20 km al S de Mina Collahuasi,-21.006,-68.672,124.0,2.7,Ml
263325,2025-01-03 15:06:23,2025-01-03 12:06:23,34 km al SO de Mina Collahuasi,-20.986,-68.934,123.0,3.9,Ml
263364,2025-01-03 18:52:09,2025-01-03 15:52:09,15 km al NE de Los Vilos,-31.801,-71.418,47.0,4.2,Ml
263367,2025-01-03 18:55:14,2025-01-03 15:55:14,49 km al SO de San Pedro de Atacama,-23.313,-68.427,190.0,3.3,Ml
263371,2025-01-03 19:37:58,2025-01-03 16:37:58,31 km al S de Calama,-22.741,-68.862,96.0,2.5,Ml
263373,2025-01-03 19:41:00,2025-01-03 16:41:00,37 km al O de Tocopilla,-22.065,-70.56,19.0,3.1,Ml
263383,2025-01-03 20:07:08,2025-01-03 17:07:08,58 km al NO de Tongoy,-29.977,-72.01,39.0,3.5,Ml
263394,2025-01-03 20:34:14,2025-01-03 17:34:14,47 km al SE de Pica,-20.869,-69.125,111.0,2.8,Ml
263408,2025-01-03 22:28:42,2025-01-03 19:28:42,21 km al S de Mina Los Pelambres,-31.999,-70.515,136.0,3.4,Ml
263416,2025-01-03 23:19:26,2025-01-03 20:19:26,72 km al S de Socaire,-24.239,-67.874,236.0,2.8,Ml
263417,2025-01-03 23:21:46,2025-01-03 20:21:46,18 km al SO de Ollagüe,-21.304,-68.41,132.0,3.0,Ml
263424,2025-01-03 23:27:26,2025-01-03 20:27:26,63 km al S de Socaire,-24.144,-67.741,229.0,3.3,Ml
263427,2025-01-03 23:49:39,2025-01-03 20:49:39,65 km al NO de Tongoy,-29.944,-72.066,33.0,3.0,Ml
263440,2025-01-04 00:51:43,2025-01-03 21:51:43,52 km al E de Quillagua,-21.744,-69.043,93.0,2.7,Ml
263448,2025-01-04 01:19:32,2025-01-03 22:19:32,56 km al S de Socaire,-24.08,-67.76,239.0,2.9,Ml
263453,2025-01-04 02:12:32,2025-01-03 23:12:32,44 km al N de Calama,-22.092,-68.811,112.0,3.0,Ml
263471,2025-01-04 04:43:41,2025-01-04 01:43:41,45 km al SO de Huasco,-28.801,-71.473,43.0,2.6,Ml
263485,2025-01-04 06:10:02,2025-01-04 03:10:02,46 km al SO de Mina Collahuasi,-21.121,-68.967,110.0,3.0,Ml
263499,2025-01-04 08:40:08,2025-01-04 05:40:08,23 km al SO de Rancagua,-34.283,-70.95,83.0,3.0,Ml
263506,2025-01-04 09:03:41,2025-01-04 06:03:41,33 km al NO de Iquique,-20.085,-70.441,41.0,3.9,Ml
263513,2025-01-04 09:29:24,2025-01-04 06:29:24,23 km al N de Quintero,-32.565,-71.545,24.0,2.6,Ml
263516,2025-01-04 09:47:40,2025-01-04 06:47:40,74 km al SE de Socaire,-23.9,-67.243,227.0,3.4,Ml
263521,2025-01-04 10:26:28,2025-01-04 07:26:28,80 km al SE de Socaire,-24.129,-67.368,233.0,2.9,Ml
263527,2025-01-04 12:28:16,2025-01-04 09:28:16,35 km al O de Mina Collahuasi,-20.865,-68.995,102.0,2.9,Ml
263530,2025-01-04 12:58:08,2025-01-04 09:58:08,57 km al O de Socaire,-23.544,-68.451,144.0,2.5,Ml
263531,2025-01-04 13:01:38,2025-01-04 10:01:38,80 km al SE de Socaire,-24.108,-67.338,260.0,3.0,Ml
263532,2025-01-04 13:28:57,2025-01-04 10:28:57,86 km al N de Mina La Escondida,-23.545,-68.763,111.0,3.0,Ml
263535,2025-01-04 13:44:45,2025-01-04 10:44:45,29 km al SE de Talca,-35.556,-71.387,91.0,2.6,Ml
263538,2025-01-04 13:58:18,2025-01-04 10:58:18,59 km al SE de Socaire,-24.051,-67.6,240.0,3.0,Ml
263541,2025-01-04 15:11:36,2025-01-04 12:11:36,48 km al SO de Ollagüe,-21.586,-68.51,130.0,2.5,Ml
263552,2025-01-04 16:30:04,2025-01-04 13:30:04,32 km al SE de La Ligua,-32.586,-70.929,87.0,2.5,Ml
263576,2025-01-04 19:11:33,2025-01-04 16:11:33,33 km al SO de Huasco,-28.687,-71.452,23.0,3.3,Ml
263587,2025-01-04 20:22:48,2025-01-04 17:22:48,59 km al NO de Tongoy,-29.938,-71.992,34.0,2.6,Ml
263590,2025-01-04 20:37:44,2025-01-04 17:37:44,12 km al N de Curicó,-34.877,-71.256,90.0,2.7,Ml
263597,2025-01-04 21:48:10,2025-01-04 18:48:10,40 km al SO de Mina Collahuasi,-21.103,-68.906,110.0,2.5,Ml
263600,2025-01-04 22:17:43,2025-01-04 19:17:43,32 km al E de San José de Maipo,-33.557,-70.023,4.0,2.5,Ml
263607,2025-01-04 23:36:46,2025-01-04 20:36:46,50 km al SE de Rancagua,-34.466,-70.336,20.0,2.5,Ml
263618,2025-01-05 00:43:55,2025-01-04 21:43:55,49 km al NO de Tongoy,-29.979,-71.898,44.0,2.8,Ml
263619,2025-01-05 00:49:16,2025-01-04 21:49:16,60 km al NE de Los Andes,-32.396,-70.229,15.0,2.8,Ml
263627,2025-01-05 01:26:11,2025-01-04 22:26:11,80 km al S de Termas del Flaco,-35.651,-70.667,136.0,2.8,Ml
263632,2025-01-05 01:48:35,2025-01-04 22:48:35,26 km al E de Los Andes,-32.88,-70.33,115.0,2.6,Ml
263635,2025-01-05 03:09:04,2025-01-05 00:09:04,60 km al SO de Ollagüe,-21.689,-68.556,124.0,3.2,Ml
263641,2025-01-05 04:55:18,2025-01-05 01:55:18,61 km al O de Quintero,-32.662,-72.167,25.0,2.6,Ml
263658,2025-01-05 06:58:57,2025-01-05 03:58:57,52 km al SO de Mina Collahuasi,-21.175,-68.988,112.0,3.2,Ml
263662,2025-01-05 07:07:29,2025-01-05 04:07:29,34 km al NO de Quintero,-32.503,-71.68,37.0,3.1,Ml
263663,2025-01-05 07:07:55,2025-01-05 04:07:55,34 km al NO de Quintero,-32.512,-71.716,33.0,2.9,Ml
263666,2025-01-05 07:34:19,2025-01-05 04:34:19,45 km al S de Mina La Escondida,-24.673,-69.016,106.0,3.0,Ml
263673,2025-01-05 08:24:22,2025-01-05 05:24:22,21 km al O de Ovalle,-30.598,-71.421,48.0,4.0,Ml
263677,2025-01-05 08:38:43,2025-01-05 05:38:43,63 km al S de Socaire,-24.123,-67.688,238.0,3.2,Ml
263684,2025-01-05 10:37:32,2025-01-05 07:37:32,10 km al NO de Arauco,-37.159,-73.357,35.0,2.5,Ml
263687,2025-01-05 11:28:58,2025-01-05 08:28:58,77 km al O de San Antonio de los Cobres,-24.078,-67.06,240.0,3.2,Ml
263693,2025-01-05 12:17:01,2025-01-05 09:17:01,58 km al NO de Tongoy,-29.965,-71.997,41.0,2.5,Ml
263698,2025-01-05 12:26:59,2025-01-05 09:26:59,58 km al N de Tocopilla,-21.573,-70.249,30.0,2.6,Ml
263707,2025-01-05 13:07:58,2025-01-05 10:07:58,9 km al NE de Melipilla,-33.629,-71.14,67.0,3.0,Ml
263711,2025-01-05 13:53:10,2025-01-05 10:53:10,17 km al NO de Mina Collahuasi,-20.763,-68.806,120.0,3.0,Ml
263721,2025-01-05 16:08:24,2025-01-05 13:08:24,37 km al S de Ollagüe,-21.54,-68.365,151.0,2.8,Ml
263723,2025-01-05 16:12:39,2025-01-05 13:12:39,11 km al O de Santiago,-33.433,-70.773,84.0,2.8,Ml
263736,2025-01-05 17:00:22,2025-01-05 14:00:22,35 km al O de Huasco,-28.36,-71.559,43.0,2.8,Ml
263745,2025-01-05 18:19:46,2025-01-05 15:19:46,73 km al SO de Socaire,-24.191,-68.18,263.0,2.9,Ml
263757,2025-01-05 19:44:36,2025-01-05 16:44:36,15 km al SO de Calama,-22.586,-69.011,115.0,2.6,Ml
263762,2025-01-05 20:00:54,2025-01-05 17:00:54,15 km al O de Colina,-33.247,-70.826,84.0,2.7,Ml
263765,2025-01-05 20:11:36,2025-01-05 17:11:36,55 km al O de Ollagüe,-21.412,-68.75,128.0,2.5,Ml
263772,2025-01-05 21:35:52,2025-01-05 18:35:52,41 km al S de Ollagüe,-21.578,-68.366,141.0,2.7,Ml
263777,2025-01-06 00:07:26,2025-01-05 21:07:26,21 km al N de Pica,-20.315,-69.263,93.0,3.1,Ml
263786,2025-01-06 01:36:56,2025-01-05 22:36:56,61 km al SE de Socaire,-23.894,-67.394,250.0,2.7,Ml
263790,2025-01-06 03:41:40,2025-01-06 00:41:40,28 km al SE de Sierra Gorda,-23.091,-69.154,96.0,2.5,Ml
263799,2025-01-06 04:20:46,2025-01-06 01:20:46,40 km al NE de Mina Collahuasi,-20.605,-68.353,154.0,3.0,Ml
263813,2025-01-06 05:30:33,2025-01-06 02:30:33,75 km al NE de Socaire,-23.227,-67.274,262.0,3.9,Ml
263803,2025-01-06 05:30:50,2025-01-06 02:30:50,31 km al E de Quillagua,-21.609,-69.238,83.0,2.6,Ml
263804,2025-01-06 05:36:42,2025-01-06 02:36:42,97 km al O de Pisagua,-19.912,-71.081,37.0,2.7,Ml
263808,2025-01-06 05:45:51,2025-01-06 02:45:51,84 km al O de San Antonio de los Cobres,-24.136,-67.14,195.0,3.6,Ml
263811,2025-01-06 06:15:50,2025-01-06 03:15:50,70 km al SE de Socaire,-24.083,-67.457,240.0,3.3,Ml
263823,2025-01-06 07:03:41,2025-01-06 04:03:41,35 km al S de Ollagüe,-21.53,-68.325,144.0,3.3,Ml
263828,2025-01-06 07:28:01,2025-01-06 04:28:01,51 km al NO de Tongoy,-29.965,-71.901,36.0,3.9,Ml
263832,2025-01-06 07:42:47,2025-01-06 04:42:47,16 km al O de Ovalle,-30.61,-71.368,34.0,2.5,Ml
263850,2025-01-06 09:36:25,2025-01-06 06:36:25,50 km al NO de Tongoy,-29.969,-71.896,38.0,2.5,Ml
263853,2025-01-06 09:54:05,2025-01-06 06:54:05,29 km al O de Mina Collahuasi,-20.827,-68.941,97.0,2.7,Ml
263879,2025-01-06 12:07:44,2025-01-06 09:07:44,39 km al SO de Mina Collahuasi,-21.067,-68.934,110.0,2.6,Ml
263883,2025-01-06 12:21:53,2025-01-06 09:21:53,32 km al SO de Mina Collahuasi,-21.039,-68.862,110.0,2.8,Ml
263884,2025-01-06 12:30:30,2025-01-06 09:30:30,107 km al SE de Copiapó,-28.035,-69.551,112.0,2.6,Ml
263890,2025-01-06 14:12:10,2025-01-06 11:12:10,98 km al NE de San Pedro de Atacama,-22.338,-67.48,123.0,2.7,Ml
263893,2025-01-06 14:29:54,2025-01-06 11:29:54,56 km al SO de Ollagüe,-21.431,-68.75,119.0,3.1,Ml
263897,2025-01-06 14:47:10,2025-01-06 11:47:10,69 km al E de Quillagua,-21.533,-68.88,93.0,3.0,Ml
263902,2025-01-06 15:09:54,2025-01-06 12:09:54,71 km al SE de Socaire,-24.164,-67.582,227.0,3.2,Ml
263920,2025-01-06 17:26:28,2025-01-06 14:26:28,42 km al S de Mina Collahuasi,-21.188,-68.771,110.0,2.6,Ml
263943,2025-01-06 20:44:42,2025-01-06 17:44:42,62 km al NE de Vallenar,-28.134,-70.371,103.0,3.9,Ml
263952,2025-01-06 22:20:42,2025-01-06 19:20:42,14 km al SO de Cuya,-19.259,-70.258,43.0,2.7,Mlv
263958,2025-01-07 00:05:17,2025-01-06 21:05:17,53 km al NO de Tongoy,-29.943,-71.906,37.0,2.8,Ml
263964,2025-01-07 00:41:42,2025-01-06 21:41:42,10 km al SO de Arica,-18.56,-70.371,93.0,2.9,Ml
263966,2025-01-07 00:57:05,2025-01-06 21:57:05,3 km al O de Mina Los Pelambres,-31.833,-70.615,116.0,3.1,Ml
263980,2025-01-07 01:49:28,2025-01-06 22:49:28,22 km al E de Calama,-22.394,-68.73,116.0,2.7,Ml
263990,2025-01-07 02:21:21,2025-01-06 23:21:21,84 km al O de San Antonio de los Cobres,-24.054,-67.128,243.0,4.1,Ml
264001,2025-01-07 03:39:37,2025-01-07 00:39:37,34 km al NO de Quintero,-32.529,-71.731,36.0,4.1,Ml
264016,2025-01-07 04:26:39,2025-01-07 01:26:39,51 km al SO de Mina Collahuasi,-21.235,-68.884,118.0,3.5,Ml
264030,2025-01-07 05:09:07,2025-01-07 02:09:07,49 km al SO de Putre,-18.551,-69.841,4.0,2.7,Ml
264039,2025-01-07 05:33:59,2025-01-07 02:33:59,67 km al E de Mina Collahuasi,-20.65,-68.042,190.0,3.9,Ml
264043,2025-01-07 05:54:15,2025-01-07 02:54:15,29 km al NO de Caldera,-26.875,-71.026,45.0,2.5,Ml
264047,2025-01-07 06:07:21,2025-01-07 03:07:21,29 km al S de Pisagua,-19.855,-70.152,10.0,2.8,Ml
264054,2025-01-07 07:58:30,2025-01-07 04:58:30,30 km al NO de Quintero,-32.548,-71.693,37.0,2.5,Ml
264058,2025-01-07 08:07:59,2025-01-07 05:07:59,126 km al O de Valparaíso,-33.117,-72.963,40.0,2.8,Ml
264061,2025-01-07 08:23:22,2025-01-07 05:23:22,29 km al SO de Pica,-20.71,-69.487,104.0,3.1,Ml
264076,2025-01-07 11:01:29,2025-01-07 08:01:29,34 km al NE de Los Andes,-32.608,-70.351,122.0,2.6,Ml
264088,2025-01-07 12:00:46,2025-01-07 09:00:46,32 km al NO de Quintero,-32.536,-71.708,36.0,3.5,Ml
264096,2025-01-07 14:01:10,2025-01-07 11:01:10,75 km al S de Socaire,-24.25,-67.746,228.0,3.5,Ml
264108,2025-01-07 16:47:13,2025-01-07 13:47:13,74 km al N de El Salvador,-25.608,-69.416,115.0,4.2,Ml
264137,2025-01-07 20:07:31,2025-01-07 17:07:31,29 km al S de Mina Collahuasi,-21.087,-68.615,119.0,2.8,Ml
264147,2025-01-07 21:16:00,2025-01-07 18:16:00,32 km al E de Cuya,-19.241,-69.891,86.0,3.3,Ml
264161,2025-01-07 23:39:21,2025-01-07 20:39:21,12 km al SE de Huasco,-28.528,-71.122,59.0,2.8,Ml
264166,2025-01-08 01:16:41,2025-01-07 22:16:41,22 km al NE de Mina La Escondida,-24.096,-68.942,108.0,3.5,Ml
264176,2025-01-08 01:56:05,2025-01-07 22:56:05,33 km al N de Los Andes,-32.539,-70.596,101.0,2.9,Ml
264183,2025-01-08 03:32:39,2025-01-08 00:32:39,42 km al NO de Quintero,-32.49,-71.826,34.0,2.6,Ml
264189,2025-01-08 03:45:33,2025-01-08 00:45:33,33 km al SO de Pichilemu,-34.525,-72.333,25.0,2.6,Ml
264193,2025-01-08 04:31:19,2025-01-08 01:31:19,20 km al S de Tongoy,-30.432,-71.53,35.0,3.2,Ml
264195,2025-01-08 04:42:16,2025-01-08 01:42:16,6 km al SO de Cuya,-19.204,-70.216,54.0,3.2,Ml
264199,2025-01-08 04:54:24,2025-01-08 01:54:24,37 km al NO de Punta de Choros,-29.027,-71.755,40.0,2.9,Ml
264224,2025-01-08 09:10:14,2025-01-08 06:10:14,43 km al N de Calama,-22.085,-68.856,124.0,3.0,Ml
264226,2025-01-08 10:06:11,2025-01-08 07:06:11,27 km al NE de Calama,-22.297,-68.743,116.0,2.8,Ml
264232,2025-01-08 10:39:19,2025-01-08 07:39:19,70 km al S de Socaire,-24.206,-67.742,262.0,3.4,Ml
264235,2025-01-08 10:44:52,2025-01-08 07:44:52,65 km al NO de Tongoy,-29.935,-72.062,36.0,2.6,Ml
264237,2025-01-08 11:14:53,2025-01-08 08:14:53,45 km al NO de Quillagua,-21.347,-69.81,51.0,2.5,Ml
264240,2025-01-08 11:53:07,2025-01-08 08:53:07,46 km al E de Quillagua,-21.735,-69.099,91.0,3.4,Ml
264243,2025-01-08 12:35:13,2025-01-08 09:35:13,80 km al O de Navidad,-33.645,-72.61,36.0,3.1,Ml
264257,2025-01-08 13:56:18,2025-01-08 10:56:18,56 km al E de Quillagua,-21.736,-69.003,92.0,2.5,Ml
264263,2025-01-08 14:25:42,2025-01-08 11:25:42,83 km al SE de Socaire,-24.068,-67.26,223.0,3.4,Ml
264265,2025-01-08 15:27:53,2025-01-08 12:27:53,24 km al E de Sierra Gorda,-22.89,-69.088,101.0,2.7,Ml
264269,2025-01-08 16:04:07,2025-01-08 13:04:07,57 km al S de Putre,-18.691,-69.401,116.0,2.9,Ml
264272,2025-01-08 16:20:21,2025-01-08 13:20:21,36 km al NO de Quintero,-32.512,-71.756,22.0,3.1,Ml
264276,2025-01-08 16:58:50,2025-01-08 13:58:50,41 km al O de Mejillones,-23.105,-70.847,21.0,3.3,Ml
264291,2025-01-08 19:01:08,2025-01-08 16:01:08,24 km al N de Farellones,-33.137,-70.374,101.0,2.6,Ml
264299,2025-01-08 20:30:20,2025-01-08 17:30:20,34 km al O de Mejillones,-23.174,-70.772,23.0,4.7,Mw
264312,2025-01-08 23:17:40,2025-01-08 20:17:40,61 km al N de Calama,-21.925,-68.921,120.0,3.1,Ml
264318,2025-01-09 00:24:25,2025-01-08 21:24:25,22 km al O de Tongoy,-30.311,-71.713,45.0,2.8,Ml
264321,2025-01-09 01:14:33,2025-01-08 22:14:33,32 km al NO de Quintero,-32.543,-71.718,35.0,3.4,Ml
264332,2025-01-09 02:51:15,2025-01-08 23:51:15,49 km al N de Tocopilla,-21.655,-70.166,32.0,2.5,Ml
264335,2025-01-09 03:38:48,2025-01-09 00:38:48,36 km al E de Mina La Escondida,-24.193,-68.71,111.0,2.6,Ml
264338,2025-01-09 03:49:16,2025-01-09 00:49:16,29 km al NE de Pica,-20.27,-69.178,98.0,2.8,Ml
264340,2025-01-09 04:10:59,2025-01-09 01:10:59,41 km al NO de Tongoy,-30.001,-71.802,40.0,2.6,Ml
264342,2025-01-09 04:53:11,2025-01-09 01:53:11,50 km al SO de Mina Collahuasi,-21.125,-69.017,114.0,2.8,Ml
264350,2025-01-09 06:38:58,2025-01-09 03:38:58,19 km al SE de San Pedro de Atacama,-23.016,-68.044,178.0,3.0,Ml
264354,2025-01-09 07:22:48,2025-01-09 04:22:48,15 km al SO de Pichidangui,-32.221,-71.658,44.0,3.7,Ml
264355,2025-01-09 07:24:21,2025-01-09 04:24:21,63 km al SO de Ollagüe,-21.711,-68.571,125.0,4.0,Ml
264359,2025-01-09 07:27:39,2025-01-09 04:27:39,12 km al SO de Los Vilos,-31.991,-71.604,31.0,2.9,Ml
264371,2025-01-09 09:01:05,2025-01-09 06:01:05,44 km al SE de Camiña,-19.597,-69.134,112.0,3.1,Ml
264384,2025-01-09 11:06:13,2025-01-09 08:06:13,34 km al N de Quintero,-32.486,-71.629,16.0,2.7,Ml
264445,2025-01-09 18:54:34,2025-01-09 15:54:34,20 km al NE de Pichidangui,-32.036,-71.358,55.0,2.5,Ml
264451,2025-01-09 19:49:25,2025-01-09 16:49:25,42 km al E de Mina Los Pelambres,-31.886,-70.153,135.0,3.4,Ml
264463,2025-01-09 20:52:31,2025-01-09 17:52:31,38 km al N de Camiña,-18.968,-69.446,101.0,4.8,Mw
264470,2025-01-09 22:03:53,2025-01-09 19:03:53,41 km al SO de Mina Collahuasi,-21.068,-68.953,110.0,2.8,Ml
264472,2025-01-09 22:46:05,2025-01-09 19:46:05,38 km al SO de Ollagüe,-21.382,-68.578,109.0,2.6,Ml
264481,2025-01-10 00:44:24,2025-01-09 21:44:24,60 km al N de Calama,-21.935,-68.887,91.0,2.8,Ml
264487,2025-01-10 02:16:39,2025-01-09 23:16:39,16 km al E de Camiña,-19.308,-69.274,105.0,4.3,Ml
264508,2025-01-10 06:14:11,2025-01-10 03:14:11,25 km al NO de Calama,-22.321,-69.115,98.0,3.8,Ml
264514,2025-01-10 06:46:19,2025-01-10 03:46:19,66 km al E de Socaire,-23.552,-67.245,256.0,3.5,Ml
264524,2025-01-10 08:13:02,2025-01-10 05:13:02,26 km al S de San Pedro de Atacama,-23.142,-68.111,198.0,3.3,Ml
264545,2025-01-10 13:03:34,2025-01-10 10:03:34,17 km al E de La Higuera,-29.459,-71.035,54.0,3.5,Ml
264548,2025-01-10 13:41:19,2025-01-10 10:41:19,10 km al SO de Los Vilos,-31.954,-71.607,65.0,3.0,Ml
264551,2025-01-10 14:55:41,2025-01-10 11:55:41,135 km al NO de Lebu,-36.998,-74.969,31.0,3.5,Ml
264552,2025-01-10 15:04:47,2025-01-10 12:04:47,78 km al SE de Socaire,-24.119,-67.388,216.0,2.8,Ml
264557,2025-01-10 16:02:39,2025-01-10 13:02:39,9 km al SO de Putre,-18.257,-69.616,114.0,3.0,Ml
264582,2025-01-10 18:09:22,2025-01-10 15:09:22,113 km al S de Mina La Escondida,-25.283,-69.168,116.0,2.5,Ml
264596,2025-01-10 21:39:23,2025-01-10 18:39:23,86 km al SE de Socaire,-24.263,-67.478,191.0,3.2,Ml
264602,2025-01-10 23:38:28,2025-01-10 20:38:28,28 km al S de Pichidangui,-32.384,-71.582,40.0,2.7,Ml
264607,2025-01-11 01:50:44,2025-01-10 22:50:44,42 km al E de Pica,-20.523,-68.932,111.0,3.1,Ml
264610,2025-01-11 02:22:07,2025-01-10 23:22:07,28 km al N de Calama,-22.222,-68.882,121.0,2.5,Ml
264611,2025-01-11 02:26:33,2025-01-10 23:26:33,49 km al E de Socaire,-23.63,-67.412,211.0,3.0,Ml
264613,2025-01-11 02:48:22,2025-01-10 23:48:22,76 km al SE de Socaire,-24.159,-67.48,211.0,2.9,Ml
264621,2025-01-11 04:07:55,2025-01-11 01:07:55,57 km al NE de Calama,-22.0,-68.71,114.0,2.6,Ml
264630,2025-01-11 06:25:41,2025-01-11 03:25:41,77 km al SE de Socaire,-24.162,-67.458,200.0,2.7,Ml
264631,2025-01-11 06:41:44,2025-01-11 03:41:44,34 km al SE de Camiña,-19.449,-69.131,7.0,2.5,Ml
264635,2025-01-11 07:55:19,2025-01-11 04:55:19,119 km al E de Copiapó,-27.561,-69.147,120.0,2.5,Ml
264638,2025-01-11 08:33:29,2025-01-11 05:33:29,79 km al SE de Socaire,-24.209,-67.503,238.0,3.1,Ml
264641,2025-01-11 08:43:57,2025-01-11 05:43:57,41 km al N de Mejillones,-22.739,-70.54,31.0,2.9,Ml
264651,2025-01-11 09:50:29,2025-01-11 06:50:29,53 km al NE de Alto del Carmen,-28.368,-70.174,99.0,2.8,Ml
264657,2025-01-11 10:28:03,2025-01-11 07:28:03,86 km al SE de Socaire,-24.227,-67.405,201.0,3.5,Ml
264658,2025-01-11 10:55:08,2025-01-11 07:55:08,25 km al E de Curicó,-34.899,-70.985,102.0,2.5,Ml
264660,2025-01-11 11:28:43,2025-01-11 08:28:43,33 km al S de Calama,-22.765,-68.887,104.0,2.7,Ml
264661,2025-01-11 11:35:59,2025-01-11 08:35:59,61 km al SO de Mina Collahuasi,-21.293,-68.974,112.0,3.3,Ml
264666,2025-01-11 13:10:39,2025-01-11 10:10:39,61 km al NE de Calama,-22.045,-68.556,125.0,2.7,Ml
264671,2025-01-11 13:53:27,2025-01-11 10:53:27,75 km al NE de Calama,-21.908,-68.531,116.0,3.2,Ml
264682,2025-01-11 16:41:02,2025-01-11 13:41:02,40 km al O de Ollagüe,-21.212,-68.639,118.0,2.7,Ml
264691,2025-01-11 18:47:03,2025-01-11 15:47:03,44 km al S de Taltal,-25.796,-70.565,38.0,3.0,Ml
264694,2025-01-11 19:00:28,2025-01-11 16:00:28,53 km al NO de Tongoy,-29.955,-71.922,29.0,3.5,Ml
264698,2025-01-11 20:00:35,2025-01-11 17:00:35,84 km al NO de San Antonio de los Cobres,-23.867,-67.052,244.0,3.2,Ml
264702,2025-01-11 20:56:08,2025-01-11 17:56:08,32 km al S de Ollagüe,-21.509,-68.293,145.0,2.9,Ml
264707,2025-01-11 21:47:18,2025-01-11 18:47:18,48 km al SO de Mina Collahuasi,-21.146,-68.971,98.0,3.3,Ml
264715,2025-01-11 22:57:52,2025-01-11 19:57:52,21 km al NE de Calama,-22.351,-68.769,124.0,2.9,Ml
264718,2025-01-11 23:29:59,2025-01-11 20:29:59,39 km al SO de Pichidangui,-32.435,-71.743,34.0,3.1,Ml
264720,2025-01-12 00:13:47,2025-01-11 21:13:47,28 km al O de Ollagüe,-21.276,-68.52,145.0,3.9,Ml
264725,2025-01-12 00:51:59,2025-01-11 21:51:59,84 km al S de Socaire,-24.348,-67.842,232.0,3.2,Ml
264726,2025-01-12 01:01:36,2025-01-11 22:01:36,38 km al SE de Mina Los Pelambres,-32.037,-70.278,140.0,2.6,Ml
264727,2025-01-12 01:10:28,2025-01-11 22:10:28,39 km al SO de Ollagüe,-21.554,-68.391,132.0,3.9,Ml
264730,2025-01-12 01:26:20,2025-01-11 22:26:20,36 km al NE de Calama,-22.246,-68.671,115.0,2.5,Ml
264732,2025-01-12 02:22:08,2025-01-11 23:22:08,54 km al SO de Mina Collahuasi,-21.253,-68.912,116.0,2.5,Ml
264736,2025-01-12 02:55:15,2025-01-11 23:55:15,109 km al NE de Socaire,-22.962,-67.074,286.0,3.1,Ml
264743,2025-01-12 04:48:24,2025-01-12 01:48:24,82 km al SE de Socaire,-24.122,-67.337,228.0,3.7,Ml
264744,2025-01-12 04:51:26,2025-01-12 01:51:26,42 km al NE de Pica,-20.276,-68.998,109.0,2.6,Ml
264749,2025-01-12 05:59:22,2025-01-12 02:59:22,66 km al E de Linares,-35.97,-70.877,162.0,2.6,Ml
264753,2025-01-12 06:26:26,2025-01-12 03:26:26,35 km al NE de Calama,-22.269,-68.672,114.0,2.7,Ml
264757,2025-01-12 07:28:15,2025-01-12 04:28:15,35 km al O de Ollagüe,-21.205,-68.588,132.0,3.0,Ml
264759,2025-01-12 07:49:58,2025-01-12 04:49:58,72 km al S de Socaire,-24.21,-67.683,227.0,3.4,Ml
264771,2025-01-12 12:13:19,2025-01-12 09:13:19,33 km al O de Pichidangui,-32.215,-71.863,18.0,3.5,Ml
264772,2025-01-12 12:25:32,2025-01-12 09:25:32,25 km al E de Ollagüe,-21.265,-68.019,174.0,2.6,Ml
264783,2025-01-12 14:41:22,2025-01-12 11:41:22,53 km al NO de Tongoy,-29.972,-71.942,38.0,2.6,Ml
264784,2025-01-12 14:59:48,2025-01-12 11:59:48,41 km al E de Calama,-22.548,-68.539,113.0,2.7,Ml
264787,2025-01-12 15:35:14,2025-01-12 12:35:14,27 km al O de Mina Collahuasi,-20.776,-68.911,100.0,2.5,Ml
264788,2025-01-12 15:46:57,2025-01-12 12:46:57,46 km al SO de Mina Collahuasi,-21.172,-68.907,116.0,3.0,Ml
264794,2025-01-12 16:35:04,2025-01-12 13:35:04,43 km al E de Ilo,-17.673,-70.933,84.0,4.5,Mw
264799,2025-01-12 17:06:33,2025-01-12 14:06:33,67 km al N de Mina La Escondida,-23.672,-69.126,92.0,2.7,Ml
264809,2025-01-12 18:06:50,2025-01-12 15:06:50,51 km al E de Combarbalá,-31.033,-70.499,115.0,4.3,Mw
264815,2025-01-12 19:27:15,2025-01-12 16:27:15,94 km al E de San Pedro de Atacama,-22.771,-67.302,242.0,3.5,Ml
264817,2025-01-12 19:42:04,2025-01-12 16:42:04,58 km al SE de Putre,-18.682,-69.346,119.0,3.0,Ml
264826,2025-01-12 21:09:42,2025-01-12 18:09:42,65 km al S de Socaire,-24.159,-67.767,236.0,3.4,Ml
264829,2025-01-12 22:57:11,2025-01-12 19:57:11,40 km al SE de Socaire,-23.833,-67.594,283.0,2.8,Ml
264835,2025-01-13 00:34:15,2025-01-12 21:34:15,70 km al S de Socaire,-24.221,-67.868,240.0,3.1,Ml
264837,2025-01-13 01:06:37,2025-01-12 22:06:37,17 km al SE de Camiña,-19.38,-69.276,99.0,2.9,Ml
264842,2025-01-13 01:51:36,2025-01-12 22:51:36,58 km al NO de Tongoy,-29.946,-71.978,34.0,2.5,Ml
264845,2025-01-13 02:16:47,2025-01-12 23:16:47,13 km al NO de Ovalle,-30.537,-71.313,63.0,2.8,Ml
264856,2025-01-13 03:44:47,2025-01-13 00:44:47,140 km al NE de Socaire,-22.863,-66.77,302.0,3.1,Ml
264863,2025-01-13 05:36:36,2025-01-13 02:36:36,62 km al NO de Tongoy,-29.961,-72.046,38.0,2.9,Ml
264866,2025-01-13 05:40:30,2025-01-13 02:40:30,29 km al NE de Calama,-22.242,-68.792,117.0,2.5,Ml
264869,2025-01-13 06:00:02,2025-01-13 03:00:02,18 km al N de Navidad,-33.796,-71.89,43.0,3.2,Ml
264879,2025-01-13 07:00:45,2025-01-13 04:00:45,8 km al NO de Calama,-22.418,-68.978,105.0,3.1,Ml
264890,2025-01-13 09:50:09,2025-01-13 06:50:09,31 km al O de Mejillones,-23.098,-70.749,32.0,2.5,Ml
264891,2025-01-13 10:02:19,2025-01-13 07:02:19,106 km al NE de San Pedro de Atacama,-22.076,-67.727,205.0,2.8,Ml
264896,2025-01-13 10:29:50,2025-01-13 07:29:50,38 km al NE de Calama,-22.194,-68.708,116.0,3.3,Ml
264897,2025-01-13 10:35:23,2025-01-13 07:35:23,42 km al O de La Higuera,-29.615,-71.62,57.0,2.5,Ml
264899,2025-01-13 10:40:49,2025-01-13 07:40:49,108 km al NE de San Pedro de Atacama,-22.096,-67.646,212.0,3.3,Ml
264906,2025-01-13 11:59:24,2025-01-13 08:59:24,87 km al SE de Socaire,-24.133,-67.268,261.0,3.1,Ml
264907,2025-01-13 12:06:11,2025-01-13 09:06:11,42 km al NE de Calama,-22.178,-68.671,127.0,3.2,Ml
264910,2025-01-13 12:10:15,2025-01-13 09:10:15,55 km al O de Quellón,-43.131,-74.303,9.0,2.6,Ml
264914,2025-01-13 12:52:04,2025-01-13 09:52:04,17 km al SO de Pichidangui,-32.25,-71.642,37.0,2.6,Ml
264917,2025-01-13 13:11:22,2025-01-13 10:11:22,9 km al O de Santiago,-33.444,-70.752,91.0,3.3,Ml
264922,2025-01-13 14:08:34,2025-01-13 11:08:34,72 km al SO de Punta de Choros,-29.64,-72.06,34.0,3.1,Ml
264927,2025-01-13 14:33:01,2025-01-13 11:33:01,42 km al N de Chillán,-36.249,-71.96,90.0,2.9,Ml
264928,2025-01-13 15:33:40,2025-01-13 12:33:40,20 km al SE de Linares,-35.934,-71.409,134.0,2.6,Ml
264930,2025-01-13 16:05:01,2025-01-13 13:05:01,77 km al SE de Socaire,-24.149,-67.444,238.0,3.5,Ml
264949,2025-01-13 17:49:15,2025-01-13 14:49:15,11 km al S de La Higuera,-29.607,-71.24,46.0,2.7,Ml
264953,2025-01-13 18:33:48,2025-01-13 15:33:48,30 km al O de Ollagüe,-21.301,-68.529,134.0,2.5,Ml
264958,2025-01-13 19:10:15,2025-01-13 16:10:15,30 km al E de Melipilla,-33.595,-70.912,78.0,2.7,Ml
264960,2025-01-13 19:20:57,2025-01-13 16:20:57,49 km al NE de Calama,-22.077,-68.706,118.0,2.7,Ml
264964,2025-01-13 19:36:22,2025-01-13 16:36:22,12 km al E de Calama,-22.477,-68.809,116.0,2.9,Ml
264966,2025-01-13 19:37:22,2025-01-13 16:37:22,10 km al N de La Serena,-29.817,-71.273,47.0,3.4,Ml
264970,2025-01-13 19:54:50,2025-01-13 16:54:50,67 km al O de San Antonio de los Cobres,-24.041,-66.944,224.0,3.1,Ml
264973,2025-01-13 20:56:59,2025-01-13 17:56:59,29 km al N de Alto del Carmen,-28.508,-70.429,95.0,3.2,Ml
264975,2025-01-13 20:59:03,2025-01-13 17:59:03,154 km al SE de El Salvador,-27.255,-68.563,146.0,3.0,Ml
264980,2025-01-13 22:07:18,2025-01-13 19:07:18,35 km al NE de Calama,-22.212,-68.742,120.0,2.5,Ml
264981,2025-01-13 22:10:34,2025-01-13 19:10:34,154 km al N de San Antonio de los Cobres,-22.846,-66.409,267.0,4.0,Ml
264983,2025-01-13 22:23:31,2025-01-13 19:23:31,47 km al E de Ollagüe,-21.279,-67.807,188.0,4.5,Ml
264986,2025-01-13 22:44:25,2025-01-13 19:44:25,57 km al SO de Ollagüe,-21.683,-68.502,132.0,2.5,Ml
264989,2025-01-13 23:16:43,2025-01-13 20:16:43,24 km al SE de Antofagasta,-23.837,-70.283,51.0,2.7,Ml
264991,2025-01-13 23:55:00,2025-01-13 20:55:00,26 km al N de Calama,-22.244,-68.974,123.0,2.9,Ml
264993,2025-01-14 00:02:57,2025-01-13 21:02:57,49 km al S de Pica,-20.912,-69.184,93.0,2.7,Ml
264994,2025-01-14 00:21:33,2025-01-13 21:21:33,86 km al SE de Socaire,-24.2,-67.365,221.0,3.3,Ml
264996,2025-01-14 00:23:28,2025-01-13 21:23:28,26 km al NE de Pica,-20.294,-69.187,97.0,4.6,Mw
264998,2025-01-14 01:27:27,2025-01-13 22:27:27,33 km al SO de Putre,-18.363,-69.817,106.0,2.8,Ml
265003,2025-01-14 01:40:21,2025-01-13 22:40:21,34 km al SO de Mina Collahuasi,-21.025,-68.902,109.0,2.8,Ml
265004,2025-01-14 01:40:25,2025-01-13 22:40:25,89 km al E de Copiapó,-27.559,-69.454,115.0,2.5,Ml
265007,2025-01-14 02:06:25,2025-01-13 23:06:25,35 km al O de Putre,-18.123,-69.877,124.0,2.6,Ml
265013,2025-01-14 04:30:23,2025-01-14 01:30:23,16 km al NE de Farellones,-33.225,-70.234,128.0,2.5,Ml
265022,2025-01-14 05:41:08,2025-01-14 02:41:08,46 km al SO de Mina Collahuasi,-21.129,-68.963,112.0,3.0,Ml
265026,2025-01-14 06:13:27,2025-01-14 03:13:27,63 km al E de Rancagua,-34.26,-70.056,138.0,2.5,Ml
265030,2025-01-14 06:53:29,2025-01-14 03:53:29,27 km al NO de Bahía Mansa,-40.373,-73.896,28.0,2.5,Ml
265033,2025-01-14 07:02:05,2025-01-14 04:02:05,14 km al O de Andacollo,-30.246,-71.225,65.0,2.8,Ml
265037,2025-01-14 07:20:56,2025-01-14 04:20:56,88 km al SE de Socaire,-24.083,-67.212,195.0,2.7,Ml
265042,2025-01-14 07:58:37,2025-01-14 04:58:37,38 km al E de Patache,-20.864,-69.841,70.0,2.6,Ml
265052,2025-01-14 12:49:19,2025-01-14 09:49:19,130 km al E de Alto del Carmen,-28.72,-69.151,143.0,3.5,Ml
265062,2025-01-14 15:41:59,2025-01-14 12:41:59,77 km al N de Calama,-21.796,-68.762,112.0,3.8,Ml
265084,2025-01-14 18:31:51,2025-01-14 15:31:51,19 km al S de Sierra Gorda,-23.056,-69.382,98.0,3.6,Ml
265123,2025-01-15 01:34:54,2025-01-14 22:34:54,29 km al SO de Ollagüe,-21.452,-68.391,127.0,2.8,Ml
265129,2025-01-15 02:45:03,2025-01-14 23:45:03,35 km al NO de Mejillones,-22.812,-70.578,16.0,2.6,Ml
265138,2025-01-15 04:54:32,2025-01-15 01:54:32,47 km al N de Vicuña,-29.61,-70.666,95.0,3.6,Ml
265140,2025-01-15 05:00:47,2025-01-15 02:00:47,166 km al O de Tirúa,-38.322,-75.396,22.0,3.7,Ml
265149,2025-01-15 06:19:19,2025-01-15 03:19:19,32 km al N de Chillán,-36.326,-72.197,56.0,2.7,Ml
265156,2025-01-15 08:35:38,2025-01-15 05:35:38,43 km al SO de Mina Collahuasi,-21.103,-68.941,111.0,2.7,Ml
265161,2025-01-15 09:00:13,2025-01-15 06:00:13,86 km al NO de San Antonio de los Cobres,-23.902,-67.093,239.0,3.4,Ml
265163,2025-01-15 09:32:47,2025-01-15 06:32:47,41 km al S de Mina Collahuasi,-21.194,-68.676,100.0,2.7,Ml
265167,2025-01-15 10:23:16,2025-01-15 07:23:16,9 km al N de Petorca,-32.17,-70.902,79.0,3.2,Ml
265170,2025-01-15 10:49:33,2025-01-15 07:49:33,50 km al NE de Mejillones,-22.885,-70.019,49.0,4.2,Ml
265172,2025-01-15 11:11:35,2025-01-15 08:11:35,90 km al E de Combarbalá,-31.014,-70.08,133.0,2.8,Ml
265184,2025-01-15 15:00:49,2025-01-15 12:00:49,11 km al O de Pichidangui,-32.158,-71.639,43.0,2.8,Ml
265186,2025-01-15 15:06:31,2025-01-15 12:06:31,52 km al SO de Mina La Escondida,-24.703,-69.249,97.0,4.1,Ml
265192,2025-01-15 16:30:31,2025-01-15 13:30:31,21 km al N de Los Andes,-32.647,-70.64,96.0,2.7,Ml
265217,2025-01-15 22:24:15,2025-01-15 19:24:15,34 km al SO de Parque Fray Jorge,-30.907,-71.893,20.0,2.8,Ml
265244,2025-01-16 04:39:11,2025-01-16 01:39:11,65 km al SE de Socaire,-24.118,-67.613,185.0,3.1,Ml
265253,2025-01-16 06:50:37,2025-01-16 03:50:37,46 km al S de Caldera,-27.48,-70.847,54.0,2.8,Ml
265257,2025-01-16 08:18:05,2025-01-16 05:18:05,23 km al N de Pisagua,-19.404,-70.138,35.0,2.7,Ml
265266,2025-01-16 08:56:56,2025-01-16 05:56:56,1 km al O de Monte Patria,-30.696,-70.964,62.0,2.9,Ml
265310,2025-01-16 18:00:32,2025-01-16 15:00:32,64 km al SO de Ollagüe,-21.717,-68.579,124.0,2.6,Ml
265327,2025-01-16 22:48:05,2025-01-16 19:48:05,23 km al NE de Iquique,-20.041,-70.038,53.0,2.9,Ml
265336,2025-01-17 01:39:58,2025-01-16 22:39:58,43 km al SO de Toltén,-39.469,-73.504,30.0,3.1,Ml
265337,2025-01-17 02:26:12,2025-01-16 23:26:12,46 km al NO de Quillagua,-21.357,-69.836,49.0,2.8,Ml
265339,2025-01-17 02:32:37,2025-01-16 23:32:37,23 km al SE de Isla Guamblin,-44.992,-74.868,22.0,3.9,Ml
265346,2025-01-17 03:12:36,2025-01-17 00:12:36,122 km al E de Socaire,-23.191,-66.777,231.0,3.0,Ml
265354,2025-01-17 04:34:49,2025-01-17 01:34:49,96 km al O de Arica,-18.579,-71.223,31.0,2.9,Ml
265368,2025-01-17 06:59:27,2025-01-17 03:59:27,23 km al N de Parque Fray Jorge,-30.459,-71.636,29.0,2.7,Ml
265379,2025-01-17 09:16:29,2025-01-17 06:16:29,27 km al NO de Mina La Escondida,-24.047,-69.161,80.0,3.1,Ml
265382,2025-01-17 09:59:35,2025-01-17 06:59:35,57 km al SO de Ollagüe,-21.635,-68.576,115.0,3.3,Ml
265388,2025-01-17 11:59:45,2025-01-17 08:59:45,33 km al SO de Mina Collahuasi,-21.084,-68.81,116.0,2.7,Ml
265394,2025-01-17 12:43:39,2025-01-17 09:43:39,14 km al O de Mina Los Pelambres,-31.836,-70.731,98.0,2.9,Ml
265396,2025-01-17 12:57:05,2025-01-17 09:57:05,69 km al N de Calama,-21.874,-68.755,112.0,2.7,Ml
265399,2025-01-17 13:50:30,2025-01-17 10:50:30,35 km al S de Mina Collahuasi,-21.136,-68.601,128.0,2.6,Ml
265403,2025-01-17 14:23:41,2025-01-17 11:23:41,73 km al SE de Socaire,-24.02,-67.344,218.0,3.0,Ml
265419,2025-01-17 16:56:01,2025-01-17 13:56:01,30 km al NE de Constitución,-35.147,-72.173,38.0,4.6,Mw
265435,2025-01-17 20:17:39,2025-01-17 17:17:39,41 km al NO de Camiña,-19.085,-69.732,83.0,2.8,Ml
265478,2025-01-18 02:28:17,2025-01-17 23:28:17,60 km al O de Tongoy,-30.259,-72.118,38.0,2.5,Ml
265493,2025-01-18 04:29:15,2025-01-18 01:29:15,41 km al NO de Mina Collahuasi,-20.547,-68.921,107.0,3.0,Ml
265499,2025-01-18 04:46:51,2025-01-18 01:46:51,18 km al E de La Higuera,-29.541,-71.019,66.0,2.7,Ml
265503,2025-01-18 04:59:59,2025-01-18 01:59:59,107 km al NE de San Pedro de Atacama,-22.115,-67.633,218.0,3.3,Ml
265520,2025-01-18 07:54:19,2025-01-18 04:54:19,38 km al N de Socaire,-23.255,-67.948,133.0,3.0,Ml
265524,2025-01-18 08:17:05,2025-01-18 05:17:05,35 km al NO de El Salvador,-26.071,-69.918,51.0,2.6,Ml
265529,2025-01-18 08:59:06,2025-01-18 05:59:06,53 km al O de Tirúa,-38.149,-74.047,21.0,3.1,Ml
265550,2025-01-18 12:54:05,2025-01-18 09:54:05,65 km al S de Socaire,-24.173,-67.801,234.0,3.6,Ml
265551,2025-01-18 13:20:16,2025-01-18 10:20:16,38 km al NE de Mina Collahuasi,-20.675,-68.329,185.0,2.5,Ml
265552,2025-01-18 13:26:04,2025-01-18 10:26:04,46 km al NO de Castro,-42.24,-74.219,34.0,2.7,Ml
265557,2025-01-18 13:48:04,2025-01-18 10:48:04,44 km al O de Mina Collahuasi,-20.901,-69.071,110.0,2.8,Ml
265558,2025-01-18 13:57:01,2025-01-18 10:57:01,56 km al O de Ollagüe,-21.394,-68.767,114.0,2.5,Ml
265580,2025-01-18 17:27:17,2025-01-18 14:27:17,30 km al NO de Ollagüe,-21.046,-68.476,139.0,2.8,Ml
265590,2025-01-18 18:15:42,2025-01-18 15:15:42,43 km al SE de Caleta El Cobre,-24.572,-70.292,30.0,3.3,Ml
265593,2025-01-18 18:44:53,2025-01-18 15:44:53,39 km al E de Patache,-20.809,-69.825,92.0,3.0,Ml
265596,2025-01-18 19:41:53,2025-01-18 16:41:53,44 km al O de Ollagüe,-21.224,-68.674,116.0,3.2,Ml
265608,2025-01-18 23:09:55,2025-01-18 20:09:55,33 km al O de Mina Collahuasi,-20.843,-68.979,107.0,3.5,Ml
265613,2025-01-19 00:13:28,2025-01-18 21:13:28,79 km al SE de Socaire,-23.968,-67.237,240.0,3.0,Ml
265616,2025-01-19 01:21:04,2025-01-18 22:21:04,43 km al NE de Pica,-20.322,-68.961,101.0,2.7,Ml
265618,2025-01-19 01:34:23,2025-01-18 22:34:23,92 km al NE de El Salvador,-25.514,-69.197,108.0,3.3,Ml
265667,2025-01-19 02:36:50,2025-01-18 23:36:50,32 km al N de Pica,-20.217,-69.239,88.0,2.5,Ml
265673,2025-01-19 03:48:08,2025-01-19 00:48:08,10 km al SO de Santiago,-33.478,-70.747,100.0,3.2,Ml
265683,2025-01-19 05:19:50,2025-01-19 02:19:50,34 km al SO de Ollagüe,-21.473,-68.448,131.0,3.0,Ml
265687,2025-01-19 06:00:35,2025-01-19 03:00:35,125 km al O de Pichilemu,-33.995,-73.285,51.0,2.5,Ml
265694,2025-01-19 06:28:59,2025-01-19 03:28:59,42 km al SO de Ollagüe,-21.497,-68.534,122.0,3.7,Ml
265698,2025-01-19 06:39:17,2025-01-19 03:39:17,131 km al O de Pichidangui,-32.229,-72.918,23.0,4.0,Ml
265721,2025-01-19 09:38:36,2025-01-19 06:38:36,91 km al S de Ilo,-18.455,-71.223,50.0,2.5,Ml
265729,2025-01-19 10:48:15,2025-01-19 07:48:15,63 km al SE de Socaire,-24.086,-67.597,245.0,3.1,Ml
265742,2025-01-19 13:07:56,2025-01-19 10:07:56,32 km al S de Vallenar,-28.845,-70.862,66.0,2.6,Ml
265749,2025-01-19 14:03:54,2025-01-19 11:03:54,42 km al SE de Sierra Gorda,-23.149,-69.017,85.0,2.5,Ml
265752,2025-01-19 14:05:07,2025-01-19 11:05:07,70 km al E de Socaire,-23.405,-67.234,232.0,3.5,Ml
265753,2025-01-19 14:27:22,2025-01-19 11:27:22,34 km al S de Mina Collahuasi,-21.125,-68.748,122.0,2.7,Ml
265766,2025-01-19 16:08:56,2025-01-19 13:08:56,100 km al O de Arica,-18.58,-71.266,33.0,2.6,Ml
265784,2025-01-19 17:33:47,2025-01-19 14:33:47,23 km al SO de Salamanca,-31.979,-71.049,64.0,2.6,Ml
265800,2025-01-19 19:14:52,2025-01-19 16:14:52,30 km al N de Cuya,-18.892,-70.136,47.0,2.5,Ml
265830,2025-01-19 22:31:23,2025-01-19 19:31:23,10 km al SO de Camiña,-19.388,-69.473,97.0,2.8,Ml
265853,2025-01-20 02:21:36,2025-01-19 23:21:36,22 km al SE de Talca,-35.595,-71.53,82.0,3.5,Ml
265864,2025-01-20 03:10:29,2025-01-20 00:10:29,113 km al NE de Alto del Carmen,-28.204,-69.524,123.0,3.1,Ml
265869,2025-01-20 03:23:56,2025-01-20 00:23:56,22 km al NO de Petorca,-32.149,-71.135,75.0,2.6,Ml
265870,2025-01-20 03:24:23,2025-01-20 00:24:23,82 km al SE de Socaire,-24.036,-67.252,240.0,3.0,Ml
265878,2025-01-20 05:07:52,2025-01-20 02:07:52,69 km al NE de Calama,-21.905,-68.655,128.0,3.0,Ml
265884,2025-01-20 05:57:27,2025-01-20 02:57:27,79 km al NE de El Salvador,-25.758,-69.05,118.0,3.1,Ml
265895,2025-01-20 07:32:04,2025-01-20 04:32:04,77 km al SE de Sierra Gorda,-23.5,-68.957,116.0,2.9,Ml
265897,2025-01-20 07:37:17,2025-01-20 04:37:17,37 km al SO de Pozo Almonte,-20.552,-69.958,72.0,3.5,Ml
265900,2025-01-20 07:55:43,2025-01-20 04:55:43,37 km al E de Pica,-20.371,-68.995,94.0,2.5,Ml
265905,2025-01-20 09:04:26,2025-01-20 06:04:26,37 km al E de Sierra Gorda,-23.015,-68.988,96.0,2.7,Ml
265909,2025-01-20 09:24:48,2025-01-20 06:24:48,54 km al SO de Mina Collahuasi,-21.247,-68.922,116.0,3.8,Ml
265921,2025-01-20 10:46:21,2025-01-20 07:46:21,33 km al SO de Quillagua,-21.889,-69.731,51.0,3.1,Ml
265926,2025-01-20 11:30:19,2025-01-20 08:30:19,86 km al O de San Antonio de los Cobres,-23.946,-67.111,221.0,2.9,Ml
265928,2025-01-20 12:08:52,2025-01-20 09:08:52,36 km al O de Victoria,-38.214,-72.748,48.0,3.3,Ml
265932,2025-01-20 12:14:43,2025-01-20 09:14:43,75 km al SO de Ollagüe,-21.779,-68.664,121.0,2.7,Ml
265941,2025-01-20 15:01:32,2025-01-20 12:01:32,57 km al NE de Pica,-20.104,-68.967,118.0,3.4,Ml
265948,2025-01-20 16:11:43,2025-01-20 13:11:43,103 km al SE de Ollagüe,-22.011,-67.734,199.0,3.1,Ml
265981,2025-01-20 19:28:54,2025-01-20 16:28:54,27 km al SE de Mina Collahuasi,-21.031,-68.509,145.0,2.6,Ml
265984,2025-01-20 19:34:43,2025-01-20 16:34:43,80 km al S de Socaire,-24.302,-67.759,236.0,3.0,Ml
265986,2025-01-20 19:55:20,2025-01-20 16:55:20,52 km al S de Socaire,-24.046,-67.775,258.0,3.3,Ml
265997,2025-01-20 21:25:04,2025-01-20 18:25:04,57 km al S de Socaire,-24.087,-67.744,263.0,3.4,Ml
266009,2025-01-20 23:43:02,2025-01-20 20:43:02,9 km al SE de Huasco,-28.536,-71.185,48.0,3.0,Ml
266025,2025-01-21 01:57:45,2025-01-20 22:57:45,93 km al SE de Socaire,-24.224,-67.301,216.0,3.8,Ml
266035,2025-01-21 03:49:39,2025-01-21 00:49:39,21 km al SE de San Pedro de Atacama,-23.083,-68.097,130.0,3.8,Ml
266037,2025-01-21 04:42:44,2025-01-21 01:42:44,72 km al N de Calama,-21.849,-68.739,122.0,2.7,Ml
266043,2025-01-21 05:00:09,2025-01-21 02:00:09,75 km al NE de Calama,-21.845,-68.667,132.0,2.7,Ml
266055,2025-01-21 06:24:02,2025-01-21 03:24:02,21 km al NO de Navidad,-33.777,-71.917,32.0,2.5,Ml
266061,2025-01-21 07:44:24,2025-01-21 04:44:24,70 km al SO de Socaire,-23.918,-68.474,115.0,2.7,Ml
266066,2025-01-21 09:10:50,2025-01-21 06:10:50,77 km al S de Ollagüe,-21.887,-68.482,137.0,2.5,Ml
266072,2025-01-21 09:48:01,2025-01-21 06:48:01,138 km al SE de Mina La Escondida,-25.279,-68.262,142.0,3.0,Ml
266094,2025-01-21 13:31:21,2025-01-21 10:31:21,33 km al N de Calama,-22.17,-68.923,120.0,2.8,Ml
266100,2025-01-21 13:45:32,2025-01-21 10:45:32,89 km al O de Punta de Choros,-29.321,-72.385,28.0,2.6,Ml
266105,2025-01-21 14:43:40,2025-01-21 11:43:40,20 km al SE de Los Vilos,-31.999,-71.326,53.0,2.9,Ml
266109,2025-01-21 15:09:12,2025-01-21 12:09:12,66 km al O de Socaire,-23.564,-68.534,194.0,3.0,Ml
266125,2025-01-21 16:06:15,2025-01-21 13:06:15,65 km al NE de Calama,-21.952,-68.645,126.0,4.1,Ml
266132,2025-01-21 16:58:16,2025-01-21 13:58:16,48 km al O de Ollagüe,-21.349,-68.696,126.0,4.6,Mw
266158,2025-01-21 19:22:24,2025-01-21 16:22:24,63 km al NE de Socaire,-23.327,-67.345,275.0,3.4,Ml
266169,2025-01-21 21:15:03,2025-01-21 18:15:03,29 km al E de Pica,-20.465,-69.051,97.0,2.6,Ml
266172,2025-01-21 21:55:24,2025-01-21 18:55:24,28 km al SO de Ollagüe,-21.348,-68.493,129.0,3.1,Ml
266178,2025-01-22 00:20:38,2025-01-21 21:20:38,56 km al SE de Socaire,-24.032,-67.63,245.0,3.1,Ml
266182,2025-01-22 01:20:17,2025-01-21 22:20:17,73 km al S de Socaire,-24.244,-67.837,236.0,3.1,Ml
266212,2025-01-22 04:01:53,2025-01-22 01:01:53,15 km al S de Visviri,-17.726,-69.479,169.0,3.2,Ml
266218,2025-01-22 05:13:07,2025-01-22 02:13:07,92 km al NE de Los Andes,-32.351,-69.796,127.0,2.9,Ml
266241,2025-01-22 07:12:57,2025-01-22 04:12:57,62 km al SO de Ollagüe,-21.713,-68.54,143.0,2.9,Ml
266258,2025-01-22 09:47:35,2025-01-22 06:47:35,27 km al S de Mina Collahuasi,-21.061,-68.71,129.0,2.9,Ml
266262,2025-01-22 11:55:16,2025-01-22 08:55:16,78 km al O de Cuya,-19.14,-70.925,34.0,2.7,Ml
266274,2025-01-22 13:29:54,2025-01-22 10:29:54,74 km al N de Tocopilla,-21.47,-70.441,39.0,2.5,Ml
266276,2025-01-22 13:47:50,2025-01-22 10:47:50,49 km al NE de Calama,-22.063,-68.745,124.0,3.2,Ml
266293,2025-01-22 17:18:50,2025-01-22 14:18:50,69 km al E de Combarbalá,-31.122,-70.283,131.0,2.7,Ml
266300,2025-01-22 17:53:48,2025-01-22 14:53:48,50 km al S de Mina Collahuasi,-21.252,-68.818,115.0,2.9,Ml
266311,2025-01-22 18:14:04,2025-01-22 15:14:04,9 km al SO de Illapel,-31.678,-71.249,69.0,3.3,Ml
266314,2025-01-22 18:26:32,2025-01-22 15:26:32,38 km al O de Ollagüe,-21.183,-68.621,115.0,2.5,Ml
266319,2025-01-22 19:00:57,2025-01-22 16:00:57,40 km al N de Cuya,-18.805,-70.111,67.0,3.5,Ml
266325,2025-01-22 19:22:14,2025-01-22 16:22:14,39 km al SO de Ollagüe,-21.55,-68.401,138.0,3.0,Ml
266335,2025-01-22 20:21:13,2025-01-22 17:21:13,26 km al SO de Pichidangui,-32.248,-71.777,34.0,3.0,Ml
266337,2025-01-22 20:23:38,2025-01-22 17:23:38,56 km al O de Cobquecura,-35.938,-73.363,33.0,2.7,Ml
266351,2025-01-22 22:47:25,2025-01-22 19:47:25,16 km al NE de La Higuera,-29.432,-71.07,62.0,4.4,Mw
266353,2025-01-22 23:04:04,2025-01-22 20:04:04,24 km al N de Punta de Choros,-29.037,-71.533,32.0,3.3,Ml
266355,2025-01-22 23:07:47,2025-01-22 20:07:47,38 km al N de Farellones,-33.015,-70.247,122.0,2.8,Ml
266389,2025-01-23 05:08:57,2025-01-23 02:08:57,41 km al NO de Quillagua,-21.397,-69.819,45.0,2.7,Ml
266404,2025-01-23 06:33:03,2025-01-23 03:33:03,18 km al SE de Punta de Choros,-29.385,-71.374,57.0,3.0,Ml
266414,2025-01-23 07:38:45,2025-01-23 04:38:45,26 km al E de Pichidangui,-32.052,-71.266,79.0,4.1,Ml
266420,2025-01-23 07:50:05,2025-01-23 04:50:05,79 km al SE de Socaire,-24.039,-67.286,251.0,3.5,Ml
266454,2025-01-23 13:14:32,2025-01-23 10:14:32,54 km al NO de Tongoy,-29.986,-71.962,30.0,2.6,Ml
266491,2025-01-23 17:30:00,2025-01-23 14:30:00,58 km al S de Mina Collahuasi,-21.326,-68.808,112.0,2.7,Ml
266505,2025-01-23 18:31:16,2025-01-23 15:31:16,8 km al O de San Fabián,-36.529,-71.639,95.0,3.1,Ml
266520,2025-01-23 20:42:26,2025-01-23 17:42:26,35 km al N de Pica,-20.191,-69.217,92.0,2.7,Ml
266530,2025-01-23 22:02:32,2025-01-23 19:02:32,16 km al NO de La Serena,-29.808,-71.376,63.0,2.8,Ml
266532,2025-01-23 22:13:31,2025-01-23 19:13:31,10 km al SO de Parque Fray Jorge,-30.705,-71.769,34.0,3.0,Ml
266535,2025-01-23 22:51:34,2025-01-23 19:51:34,53 km al SO de Mina Collahuasi,-21.228,-68.927,113.0,2.5,Ml
266542,2025-01-23 23:45:51,2025-01-23 20:45:51,61 km al N de Calama,-21.951,-68.753,105.0,3.2,Ml
266555,2025-01-24 01:54:46,2025-01-23 22:54:46,33 km al N de Pica,-20.2,-69.26,97.0,2.7,Ml
266559,2025-01-24 02:13:57,2025-01-23 23:13:57,51 km al N de Cobquecura,-35.68,-72.916,27.0,2.9,Ml
266565,2025-01-24 03:26:13,2025-01-24 00:26:13,176 km al O de Isla Guamblin,-45.373,-77.2,10.0,3.4,Ml
266567,2025-01-24 03:29:26,2025-01-24 00:29:26,34 km al SO de Ollagüe,-21.432,-68.49,130.0,3.5,Ml
266573,2025-01-24 04:06:16,2025-01-24 01:06:16,208 km al O de Lebu,-37.952,-75.984,10.0,3.2,Ml
266596,2025-01-24 08:41:42,2025-01-24 05:41:42,12 km al SO de Andacollo,-30.308,-71.176,66.0,3.3,Ml
266605,2025-01-24 10:18:28,2025-01-24 07:18:28,68 km al NE de Calama,-21.965,-68.559,107.0,3.1,Ml
266615,2025-01-24 12:25:33,2025-01-24 09:25:33,22 km al SO de Pichidangui,-32.27,-71.694,32.0,2.8,Ml
266623,2025-01-24 13:09:02,2025-01-24 10:09:02,36 km al N de Punta de Choros,-28.932,-71.402,45.0,3.4,Ml
266628,2025-01-24 13:33:38,2025-01-24 10:33:38,110 km al E de Copiapó,-27.626,-69.251,107.0,2.6,Ml
266639,2025-01-24 15:12:51,2025-01-24 12:12:51,55 km al SO de Caldera,-27.491,-71.107,30.0,2.6,Ml
266648,2025-01-24 16:19:06,2025-01-24 13:19:06,14 km al E de Putre,-18.194,-69.429,133.0,5.3,Mw
266667,2025-01-24 18:25:38,2025-01-24 15:25:38,50 km al SO de Mina Collahuasi,-21.136,-69.009,106.0,2.7,Ml
266680,2025-01-24 20:03:06,2025-01-24 17:03:06,65 km al SO de Ollagüe,-21.767,-68.494,138.0,3.6,Ml
266690,2025-01-24 22:01:03,2025-01-24 19:01:03,26 km al O de La Higuera,-29.514,-71.468,37.0,2.5,Ml
266694,2025-01-24 22:23:10,2025-01-24 19:23:10,38 km al SE de Pica,-20.763,-69.105,110.0,2.6,Ml
266698,2025-01-24 23:22:41,2025-01-24 20:22:41,45 km al NE de Mina Los Pelambres,-31.516,-70.274,133.0,3.5,Ml
266702,2025-01-24 23:36:17,2025-01-24 20:36:17,20 km al NE de Curicó,-34.85,-71.095,97.0,2.5,Ml
266708,2025-01-25 00:43:10,2025-01-24 21:43:10,35 km al S de Mina Collahuasi,-21.137,-68.597,129.0,3.3,Ml
266712,2025-01-25 01:32:01,2025-01-24 22:32:01,5 km al SE de Caleta El Cobre,-24.279,-70.485,50.0,3.3,Ml
266724,2025-01-25 03:39:36,2025-01-25 00:39:36,120 km al NO de Carrizal Bajo,-27.581,-72.231,30.0,3.8,Ml
266737,2025-01-25 05:53:28,2025-01-25 02:53:28,5 km al SO de Camiña,-19.352,-69.45,96.0,3.1,Ml
266750,2025-01-25 07:42:34,2025-01-25 04:42:34,35 km al SO de Mina Collahuasi,-21.091,-68.843,107.0,3.0,Ml
266754,2025-01-25 07:57:37,2025-01-25 04:57:37,42 km al SO de Pichidangui,-32.401,-71.84,25.0,2.6,Ml
266770,2025-01-25 09:00:13,2025-01-25 06:00:13,62 km al O de Cuya,-19.024,-70.756,34.0,3.0,Ml
266791,2025-01-25 12:53:25,2025-01-25 09:53:25,36 km al O de La Serena,-29.831,-71.615,33.0,2.5,Ml
266795,2025-01-25 13:13:11,2025-01-25 10:13:11,40 km al O de Ollagüe,-21.207,-68.642,124.0,4.0,Ml
266800,2025-01-25 13:30:09,2025-01-25 10:30:09,76 km al SE de Mina Los Pelambres,-32.242,-69.949,119.0,3.5,Ml
266807,2025-01-25 14:21:35,2025-01-25 11:21:35,38 km al O de Taltal,-25.488,-70.851,44.0,2.8,Ml
266819,2025-01-25 16:03:04,2025-01-25 13:03:04,90 km al O de San Antonio de los Cobres,-24.32,-67.205,198.0,3.7,Ml
266837,2025-01-25 17:59:24,2025-01-25 14:59:24,24 km al O de Pichidangui,-32.08,-71.772,33.0,3.6,Ml
266845,2025-01-25 18:26:15,2025-01-25 15:26:15,27 km al SO de Socaire,-23.771,-68.071,131.0,3.5,Ml
266847,2025-01-25 18:45:34,2025-01-25 15:45:34,57 km al SE de Socaire,-23.974,-67.52,264.0,3.3,Ml
266877,2025-01-25 22:18:19,2025-01-25 19:18:19,17 km al NO de Los Vilos,-31.832,-71.663,66.0,3.1,Ml
266884,2025-01-25 23:37:07,2025-01-25 20:37:07,27 km al O de Ollagüe,-21.189,-68.51,126.0,3.2,Ml
266902,2025-01-26 03:14:03,2025-01-26 00:14:03,22 km al SO de Tongoy,-30.435,-71.591,33.0,3.7,Ml
266910,2025-01-26 04:07:04,2025-01-26 01:07:04,65 km al SO de Ollagüe,-21.758,-68.522,122.0,2.7,Ml
266921,2025-01-26 05:17:54,2025-01-26 02:17:54,82 km al O de San Antonio de los Cobres,-24.03,-67.102,245.0,4.1,Ml
266925,2025-01-26 06:00:16,2025-01-26 03:00:16,71 km al N de Calama,-21.849,-68.763,121.0,3.0,Ml
266937,2025-01-26 07:26:07,2025-01-26 04:26:07,30 km al SO de Pichidangui,-32.271,-71.805,27.0,2.7,Ml
266944,2025-01-26 09:34:03,2025-01-26 06:34:03,43 km al NE de Pica,-20.214,-69.041,105.0,3.7,Ml
266978,2025-01-26 14:11:11,2025-01-26 11:11:11,73 km al SO de Patache,-21.404,-70.511,46.0,2.5,Ml
267005,2025-01-26 18:01:40,2025-01-26 15:01:40,67 km al S de Socaire,-24.173,-67.735,242.0,3.3,Ml
267029,2025-01-26 20:54:31,2025-01-26 17:54:31,5 km al S de Parque Fray Jorge,-30.708,-71.679,37.0,4.5,Mw
267037,2025-01-26 21:48:56,2025-01-26 18:48:56,77 km al SO de Ollagüe,-21.8,-68.674,105.0,2.8,Ml
267040,2025-01-26 22:36:36,2025-01-26 19:36:36,75 km al N de Calama,-21.818,-68.734,123.0,2.7,Ml
267044,2025-01-26 22:59:50,2025-01-26 19:59:50,15 km al O de Huasco,-28.427,-71.369,39.0,2.7,Ml
267050,2025-01-27 00:15:50,2025-01-26 21:15:50,28 km al NE de Huasco,-28.314,-70.991,66.0,2.7,Ml
267054,2025-01-27 00:32:41,2025-01-26 21:32:41,32 km al S de Mina Collahuasi,-21.11,-68.717,129.0,2.5,Ml
267059,2025-01-27 01:10:57,2025-01-26 22:10:57,9 km al O de Coronel,-36.996,-73.248,25.0,2.8,Ml
267063,2025-01-27 01:28:56,2025-01-26 22:28:56,30 km al NO de Cuya,-18.961,-70.366,59.0,3.0,Ml
267072,2025-01-27 03:59:26,2025-01-27 00:59:26,78 km al E de Alto del Carmen,-29.015,-69.745,110.0,3.4,Ml
267079,2025-01-27 04:29:08,2025-01-27 01:29:08,71 km al SE de Socaire,-24.108,-67.49,238.0,3.5,Ml
267081,2025-01-27 04:46:54,2025-01-27 01:46:54,53 km al S de Socaire,-24.041,-67.728,249.0,3.0,Ml
267085,2025-01-27 05:10:52,2025-01-27 02:10:52,47 km al NO de Paposo,-24.647,-70.703,57.0,3.2,Ml
267096,2025-01-27 06:35:10,2025-01-27 03:35:10,56 km al SE de Socaire,-23.97,-67.529,262.0,2.6,Ml
267100,2025-01-27 07:01:04,2025-01-27 04:01:04,45 km al SE de Calama,-22.836,-68.737,94.0,2.9,Ml
267112,2025-01-27 08:31:18,2025-01-27 05:31:18,72 km al SE de Socaire,-23.879,-67.261,224.0,2.8,Ml
267117,2025-01-27 08:52:07,2025-01-27 05:52:07,35 km al NO de Mina Collahuasi,-20.631,-68.925,103.0,2.5,Ml
267121,2025-01-27 09:29:11,2025-01-27 06:29:11,27 km al E de Quillota,-32.928,-70.965,72.0,3.7,Ml
267128,2025-01-27 11:40:11,2025-01-27 08:40:11,94 km al NE de San Pedro de Atacama,-22.197,-67.727,209.0,3.5,Ml
267145,2025-01-27 14:20:18,2025-01-27 11:20:18,43 km al N de Punta de Choros,-28.863,-71.447,61.0,2.5,Ml
267146,2025-01-27 14:23:45,2025-01-27 11:23:45,26 km al SE de Concepción,-36.969,-72.813,40.0,2.5,Ml
267150,2025-01-27 15:48:41,2025-01-27 12:48:41,33 km al SO de Pichidangui,-32.279,-71.839,16.0,2.6,Ml
267151,2025-01-27 15:49:15,2025-01-27 12:49:15,67 km al NE de Mina Collahuasi,-20.493,-68.119,175.0,2.6,Ml
267154,2025-01-27 15:58:16,2025-01-27 12:58:16,47 km al N de Calama,-22.053,-68.853,108.0,3.8,Ml
267169,2025-01-27 18:18:47,2025-01-27 15:18:47,9 km al E de Patache,-20.826,-70.121,34.0,3.0,Ml
267175,2025-01-27 18:29:32,2025-01-27 15:29:32,78 km al S de Mina La Escondida,-24.947,-69.243,91.0,2.9,Ml
267183,2025-01-27 20:24:54,2025-01-27 17:24:54,120 km al O de Tirúa,-38.586,-74.837,21.0,3.2,Ml
267190,2025-01-27 21:29:58,2025-01-27 18:29:58,43 km al SO de Mina Collahuasi,-21.142,-68.893,114.0,2.7,Ml
267199,2025-01-28 00:34:15,2025-01-27 21:34:15,44 km al SE de Pica,-20.858,-69.176,110.0,3.2,Ml
267205,2025-01-28 00:45:06,2025-01-27 21:45:06,152 km al O de Patache,-20.539,-71.635,39.0,2.5,Ml
267210,2025-01-28 01:47:50,2025-01-27 22:47:50,4 km al N de San Pedro de Atacama,-22.884,-68.196,127.0,2.8,Ml
267213,2025-01-28 02:41:49,2025-01-27 23:41:49,87 km al SE de Socaire,-24.09,-67.235,235.0,4.0,Ml
267238,2025-01-28 05:17:12,2025-01-28 02:17:12,20 km al NO de Ollagüe,-21.073,-68.356,144.0,2.5,Ml
267243,2025-01-28 06:13:39,2025-01-28 03:13:39,157 km al SO de Tirúa,-39.035,-75.066,13.0,2.8,Ml
267248,2025-01-28 07:14:12,2025-01-28 04:14:12,64 km al NO de Mina La Escondida,-23.75,-69.318,87.0,2.5,Ml
267258,2025-01-28 09:30:39,2025-01-28 06:30:39,10 km al O de Puerto Octay,-41.003,-72.989,73.0,3.6,Ml
267260,2025-01-28 09:42:29,2025-01-28 06:42:29,67 km al S de Socaire,-24.187,-68.003,273.0,3.1,Ml
267265,2025-01-28 10:59:05,2025-01-28 07:59:05,2 km al SO de Sierra Gorda,-22.897,-69.334,83.0,2.9,Ml
267272,2025-01-28 12:26:20,2025-01-28 09:26:20,31 km al SO de Calama,-22.713,-69.075,107.0,4.4,Ml
267277,2025-01-28 12:50:16,2025-01-28 09:50:16,60 km al S de Socaire,-24.125,-67.876,245.0,3.2,Ml
267281,2025-01-28 13:21:08,2025-01-28 10:21:08,42 km al SE de Quillagua,-21.817,-69.161,83.0,2.5,Ml
267294,2025-01-28 14:16:22,2025-01-28 11:16:22,31 km al SE de Combarbalá,-31.331,-70.736,109.0,4.3,Mw
267304,2025-01-28 16:23:50,2025-01-28 13:23:50,52 km al SE de Quillagua,-22.0,-69.195,79.0,3.1,Ml
267307,2025-01-28 16:30:19,2025-01-28 13:30:19,22 km al N de Parque Fray Jorge,-30.474,-71.61,20.0,3.8,Ml
267312,2025-01-28 16:51:17,2025-01-28 13:51:17,92 km al O de San Juan,-31.738,-69.458,145.0,4.7,Mw
267330,2025-01-28 18:03:58,2025-01-28 15:03:58,38 km al N de Punta de Choros,-28.907,-71.472,47.0,2.7,Ml
267334,2025-01-28 18:47:57,2025-01-28 15:47:57,58 km al NE de Calama,-22.061,-68.587,138.0,3.6,Ml
267336,2025-01-28 18:50:55,2025-01-28 15:50:55,60 km al SE de Socaire,-23.851,-67.377,275.0,4.0,Ml
267357,2025-01-28 21:11:21,2025-01-28 18:11:21,20 km al S de Carrizal Bajo,-28.259,-71.145,46.0,3.7,Ml
267368,2025-01-28 22:15:44,2025-01-28 19:15:44,55 km al S de Mina Collahuasi,-21.293,-68.838,107.0,3.1,Ml
267372,2025-01-28 22:32:25,2025-01-28 19:32:25,49 km al SO de Ollagüe,-21.622,-68.454,141.0,3.1,Ml
267374,2025-01-28 22:46:28,2025-01-28 19:46:28,39 km al SO de Huasco,-28.797,-71.364,48.0,2.6,Ml
267380,2025-01-28 23:20:29,2025-01-28 20:20:29,23 km al E de Sierra Gorda,-22.845,-69.102,115.0,2.7,Ml
267386,2025-01-29 00:53:57,2025-01-28 21:53:57,85 km al E de Socaire,-23.872,-67.115,280.0,3.4,Ml
267391,2025-01-29 01:40:09,2025-01-28 22:40:09,23 km al N de Camiña,-19.111,-69.462,120.0,3.0,Ml
267398,2025-01-29 03:13:14,2025-01-29 00:13:14,22 km al S de San Pedro de Atacama,-23.104,-68.266,191.0,2.8,Ml
267401,2025-01-29 03:44:22,2025-01-29 00:44:22,49 km al SO de Mina Collahuasi,-21.171,-68.957,110.0,3.7,Ml
267404,2025-01-29 03:55:41,2025-01-29 00:55:41,51 km al SE de Sierra Gorda,-23.186,-68.938,118.0,2.5,Ml
267407,2025-01-29 04:30:46,2025-01-29 01:30:46,69 km al E de Quillagua,-21.453,-68.903,98.0,2.7,Ml
267410,2025-01-29 04:55:35,2025-01-29 01:55:35,41 km al NE de Calama,-22.164,-68.712,114.0,2.7,Ml
267413,2025-01-29 05:01:16,2025-01-29 02:01:16,88 km al SE de Socaire,-24.287,-67.472,208.0,3.4,Ml
267423,2025-01-29 05:54:57,2025-01-29 02:54:57,85 km al E de Socaire,-23.367,-67.089,253.0,3.4,Ml
267429,2025-01-29 06:37:55,2025-01-29 03:37:55,19 km al E de Mina La Escondida,-24.273,-68.873,104.0,2.9,Ml
267449,2025-01-29 08:46:34,2025-01-29 05:46:34,74 km al NE de Calama,-21.87,-68.621,124.0,2.5,Ml
267444,2025-01-29 08:48:31,2025-01-29 05:48:31,53 km al SE de Putre,-18.584,-69.271,129.0,3.6,Ml
267450,2025-01-29 08:58:03,2025-01-29 05:58:03,15 km al E de Putre,-18.228,-69.421,10.0,3.1,Ml
267455,2025-01-29 10:42:25,2025-01-29 07:42:25,84 km al E de Socaire,-23.892,-67.131,209.0,2.6,Ml
267456,2025-01-29 10:45:08,2025-01-29 07:45:08,31 km al S de Putre,-18.459,-69.648,136.0,2.6,Ml
267461,2025-01-29 11:22:33,2025-01-29 08:22:33,22 km al SE de Los Andes,-32.964,-70.414,111.0,2.6,Ml
267468,2025-01-29 11:56:04,2025-01-29 08:56:04,24 km al E de Pozo Almonte,-20.291,-69.56,73.0,2.5,Ml
267471,2025-01-29 12:19:46,2025-01-29 09:19:46,65 km al SE de Socaire,-24.0,-67.429,232.0,3.9,Ml
267477,2025-01-29 12:32:29,2025-01-29 09:32:29,32 km al S de Mina Collahuasi,-21.107,-68.568,128.0,3.0,Ml
267483,2025-01-29 13:16:27,2025-01-29 10:16:27,60 km al SO de Ollagüe,-21.715,-68.498,130.0,2.5,Ml
267503,2025-01-29 16:03:42,2025-01-29 13:03:42,28 km al O de Navidad,-33.862,-72.116,17.0,3.4,Ml
267512,2025-01-29 16:50:33,2025-01-29 13:50:33,37 km al SO de Ollagüe,-21.523,-68.412,131.0,2.7,Ml
267551,2025-01-29 21:30:40,2025-01-29 18:30:40,10 km al N de Pisagua,-19.508,-70.234,12.0,2.9,Ml
267558,2025-01-29 22:06:52,2025-01-29 19:06:52,40 km al E de María Elena,-22.204,-69.302,82.0,2.6,Ml
267561,2025-01-29 22:41:53,2025-01-29 19:41:53,16 km al SE de Santiago,-33.56,-70.56,94.0,3.1,Ml
267566,2025-01-30 00:33:05,2025-01-29 21:33:05,65 km al SE de Socaire,-23.868,-67.331,247.0,3.0,Ml
267567,2025-01-30 00:49:31,2025-01-29 21:49:31,16 km al SE de Pichidangui,-32.251,-71.436,50.0,3.1,Ml
267575,2025-01-30 01:25:49,2025-01-29 22:25:49,48 km al N de Calama,-22.041,-68.865,121.0,2.5,Ml
267581,2025-01-30 02:39:49,2025-01-29 23:39:49,44 km al E de Sierra Gorda,-22.995,-68.906,90.0,3.3,Ml
267587,2025-01-30 02:57:05,2025-01-29 23:57:05,11 km al SO de Los Vilos,-31.992,-71.57,68.0,2.8,Ml
267590,2025-01-30 03:40:32,2025-01-30 00:40:32,68 km al NO de San Antonio de los Cobres,-23.931,-66.906,219.0,3.3,Ml
267596,2025-01-30 03:52:59,2025-01-30 00:52:59,55 km al NE de Pica,-20.033,-69.127,97.0,3.8,Ml
267598,2025-01-30 04:07:28,2025-01-30 01:07:28,53 km al SO de Ollagüe,-21.654,-68.478,129.0,3.0,Ml
267603,2025-01-30 04:15:32,2025-01-30 01:15:32,40 km al N de Pica,-20.131,-69.364,103.0,3.0,Ml
267607,2025-01-30 04:24:03,2025-01-30 01:24:03,24 km al SO de Huasco,-28.664,-71.308,52.0,2.5,Ml
267609,2025-01-30 04:33:37,2025-01-30 01:33:37,31 km al NE de Sierra Gorda,-22.74,-69.07,95.0,2.8,Ml
267617,2025-01-30 05:15:01,2025-01-30 02:15:01,90 km al E de Paposo,-25.156,-69.583,88.0,2.8,Ml
267623,2025-01-30 06:26:01,2025-01-30 03:26:01,54 km al SE de Socaire,-23.945,-67.528,229.0,2.9,Ml
267631,2025-01-30 08:27:09,2025-01-30 05:27:09,31 km al O de La Serena,-29.857,-71.566,36.0,2.6,Ml
267645,2025-01-30 10:07:13,2025-01-30 07:07:13,23 km al N de Putre,-17.987,-69.572,138.0,2.8,Ml
267648,2025-01-30 10:59:37,2025-01-30 07:59:37,79 km al SE de Socaire,-24.159,-67.433,253.0,3.6,Ml
267659,2025-01-30 12:56:31,2025-01-30 09:56:31,25 km al NE de Calama,-22.374,-68.713,119.0,3.3,Ml
267668,2025-01-30 13:48:46,2025-01-30 10:48:46,55 km al SO de Ollagüe,-21.592,-68.614,126.0,3.2,Ml
267670,2025-01-30 13:54:09,2025-01-30 10:54:09,50 km al SO de María Elena,-22.698,-69.957,52.0,2.5,Ml
267680,2025-01-30 15:23:15,2025-01-30 12:23:15,41 km al NE de San Pedro de Atacama,-22.623,-67.965,186.0,2.7,Ml
267752,2025-01-31 04:08:25,2025-01-31 01:08:25,64 km al E de Cabo Raper,-46.962,-74.827,56.0,3.3,Ml
267761,2025-01-31 04:46:07,2025-01-31 01:46:07,36 km al SE de Quillagua,-21.8,-69.217,80.0,2.8,Ml
267768,2025-01-31 05:42:07,2025-01-31 02:42:07,27 km al NO de Patache,-20.587,-70.297,30.0,2.9,Ml
267774,2025-01-31 06:30:53,2025-01-31 03:30:53,33 km al SO de Huasco,-28.684,-71.451,15.0,3.0,Ml
267776,2025-01-31 06:37:57,2025-01-31 03:37:57,35 km al S de Calama,-22.781,-68.868,92.0,2.7,Ml
267791,2025-01-31 08:04:01,2025-01-31 05:04:01,18 km al SE de Lebu,-37.702,-73.488,42.0,3.4,Ml
267798,2025-01-31 09:31:33,2025-01-31 06:31:33,40 km al O de Ollagüe,-21.341,-68.617,110.0,2.9,Ml
267803,2025-01-31 09:47:01,2025-01-31 06:47:01,34 km al NE de Cuya,-18.895,-70.022,100.0,3.1,Ml
267821,2025-01-31 11:43:51,2025-01-31 08:43:51,24 km al SE de Pica,-20.607,-69.137,108.0,3.6,Ml
267830,2025-01-31 13:15:47,2025-01-31 10:15:47,9 km al NO de Talca,-35.356,-71.72,63.0,3.2,Ml
267892,2025-01-31 13:15:57,2025-01-31 10:15:57,17 km al NE de Colina,-33.12,-70.52,113.0,2.8,Ml
267847,2025-01-31 15:46:42,2025-01-31 12:46:42,70 km al NE de Calama,-21.938,-68.57,117.0,3.1,Ml
267868,2025-01-31 18:16:03,2025-01-31 15:16:03,39 km al NE de Pica,-20.249,-69.06,112.0,3.8,Ml
267874,2025-01-31 18:24:25,2025-01-31 15:24:25,38 km al E de Mina Los Pelambres,-31.799,-70.19,121.0,3.1,Ml
267878,2025-01-31 18:41:06,2025-01-31 15:41:06,48 km al SO de Patache,-21.197,-70.396,54.0,3.2,Ml
267894,2025-01-31 22:19:17,2025-01-31 19:19:17,115 km al E de Alto del Carmen,-29.192,-69.417,138.0,4.5,Ml
267911,2025-02-01 00:41:28,2025-01-31 21:41:28,83 km al NE de Alto del Carmen,-28.121,-70.037,109.0,2.7,Ml
267916,2025-02-01 02:05:18,2025-01-31 23:05:18,24 km al NE de Calama,-22.318,-68.766,118.0,3.3,Ml
267929,2025-02-01 04:10:00,2025-02-01 01:10:00,30 km al SE de Camiña,-19.525,-69.255,111.0,3.0,Ml
267945,2025-02-01 06:26:23,2025-02-01 03:26:23,11 km al O de Farellones,-33.373,-70.425,104.0,2.7,Ml
267961,2025-02-01 08:37:32,2025-02-01 05:37:32,97 km al SE de Socaire,-24.315,-67.361,195.0,4.0,Ml
267982,2025-02-01 11:28:26,2025-02-01 08:28:26,46 km al SO de Mina Collahuasi,-21.203,-68.844,115.0,4.1,Ml
267996,2025-02-01 13:45:02,2025-02-01 10:45:02,22 km al O de Ollagüe,-21.207,-68.46,129.0,3.0,Ml
267999,2025-02-01 13:46:21,2025-02-01 10:46:21,19 km al NO de Chañaral,-26.191,-70.696,47.0,3.4,Ml
268006,2025-02-01 14:34:02,2025-02-01 11:34:02,120 km al N de San Antonio de los Cobres,-23.183,-66.614,240.0,3.6,Ml
268008,2025-02-01 15:05:09,2025-02-01 12:05:09,66 km al NE de Calama,-21.93,-68.655,120.0,3.0,Ml
268037,2025-02-01 18:12:23,2025-02-01 15:12:23,10 km al E de Curicó,-35.007,-71.135,96.0,3.2,Ml
268053,2025-02-01 20:27:24,2025-02-01 17:27:24,32 km al O de Putre,-18.166,-69.86,132.0,4.5,Mw
268065,2025-02-01 21:44:33,2025-02-01 18:44:33,55 km al SE de Camiña,-19.705,-69.099,106.0,3.2,Ml
268093,2025-02-02 03:38:45,2025-02-02 00:38:45,30 km al NO de Mina Collahuasi,-20.677,-68.893,101.0,2.8,Ml
268109,2025-02-02 06:13:04,2025-02-02 03:13:04,20 km al E de Cobquecura,-36.178,-72.575,41.0,2.8,Ml
268137,2025-02-02 10:25:27,2025-02-02 07:25:27,369 km al O de Isla Guamblin,-44.42,-79.7,10.0,4.8,Mb
268146,2025-02-02 12:47:39,2025-02-02 09:47:39,57 km al N de Camiña,-18.802,-69.508,106.0,3.7,Ml
268152,2025-02-02 13:54:15,2025-02-02 10:54:15,18 km al NO de Punitaqui,-30.737,-71.412,44.0,4.8,Mw
268167,2025-02-02 15:01:00,2025-02-02 12:01:00,21 km al O de Navidad,-33.877,-72.035,38.0,4.4,Mw
268171,2025-02-02 15:27:00,2025-02-02 12:27:00,15 km al NO de Pichidangui,-32.029,-71.626,37.0,3.0,Ml
268202,2025-02-02 18:30:03,2025-02-02 15:30:03,48 km al E de Pisagua,-19.645,-69.755,71.0,3.3,Ml
268225,2025-02-02 23:04:35,2025-02-02 20:04:35,54 km al N de Calama,-21.997,-68.81,114.0,2.8,Ml
268238,2025-02-02 23:59:18,2025-02-02 20:59:18,67 km al NE de Calama,-21.931,-68.642,115.0,2.6,Ml
268243,2025-02-03 00:38:10,2025-02-02 21:38:10,43 km al O de Mina Collahuasi,-20.834,-69.068,100.0,3.2,Ml
268247,2025-02-03 00:39:32,2025-02-02 21:39:32,94 km al O de Cobquecura,-36.255,-73.834,35.0,3.0,Ml
268248,2025-02-03 00:40:42,2025-02-02 21:40:42,7 km al O de Ollagüe,-21.223,-68.322,131.0,2.5,Ml
268299,2025-02-03 09:09:10,2025-02-03 06:09:10,59 km al SE de Camiña,-19.687,-69.027,108.0,2.6,Ml
268303,2025-02-03 09:27:20,2025-02-03 06:27:20,117 km al O de Cuya,-19.133,-71.295,39.0,2.9,Ml
268305,2025-02-03 09:35:02,2025-02-03 06:35:02,18 km al NO de Punitaqui,-30.696,-71.36,50.0,3.6,Ml
268325,2025-02-03 13:02:39,2025-02-03 10:02:39,86 km al SE de Socaire,-24.222,-67.411,198.0,2.9,Ml
268329,2025-02-03 13:20:24,2025-02-03 10:20:24,36 km al SO de Mina Collahuasi,-21.074,-68.887,114.0,2.5,Ml
268333,2025-02-03 13:40:55,2025-02-03 10:40:55,28 km al E de Angol,-37.734,-72.398,72.0,3.1,Ml
268339,2025-02-03 14:19:17,2025-02-03 11:19:17,31 km al SE de Carrizal Bajo,-28.26,-70.91,51.0,2.8,Ml
268348,2025-02-03 15:09:46,2025-02-03 12:09:46,14 km al O de Quillota,-32.928,-71.386,52.0,2.6,Ml
268352,2025-02-03 15:18:39,2025-02-03 12:18:39,81 km al O de San Antonio de los Cobres,-24.078,-67.098,204.0,3.3,Ml
268354,2025-02-03 15:45:07,2025-02-03 12:45:07,65 km al SE de Baquedano,-23.717,-69.355,81.0,2.6,Ml
268368,2025-02-03 16:19:44,2025-02-03 13:19:44,77 km al SE de Socaire,-24.113,-67.397,202.0,3.1,Ml
268371,2025-02-03 16:45:11,2025-02-03 13:45:11,57 km al E de San Fabián,-36.618,-70.917,145.0,3.6,Ml
268389,2025-02-03 19:03:04,2025-02-03 16:03:04,27 km al O de Mina Collahuasi,-20.824,-68.915,108.0,2.6,Ml
268393,2025-02-03 19:26:35,2025-02-03 16:26:35,45 km al SE de Curicó,-35.317,-70.954,109.0,2.5,Ml
268403,2025-02-03 21:09:49,2025-02-03 18:09:49,41 km al NO de Mina Collahuasi,-20.552,-68.927,116.0,3.1,Ml
268419,2025-02-04 00:53:11,2025-02-03 21:53:11,44 km al SO de Mina Collahuasi,-21.159,-68.88,109.0,2.6,Ml
268425,2025-02-04 01:40:19,2025-02-03 22:40:19,109 km al NE de San Pedro de Atacama,-22.102,-67.62,206.0,3.4,Ml
268436,2025-02-04 01:46:33,2025-02-03 22:46:33,41 km al NO de Mina Collahuasi,-20.567,-68.934,104.0,2.7,Ml
268442,2025-02-04 03:14:53,2025-02-04 00:14:53,77 km al S de Socaire,-24.261,-68.089,267.0,3.5,Ml
268445,2025-02-04 03:27:41,2025-02-04 00:27:41,39 km al O de Mina Collahuasi,-20.71,-69.014,101.0,3.1,Ml
268450,2025-02-04 03:54:56,2025-02-04 00:54:56,35 km al SO de Pichidangui,-32.312,-71.84,30.0,2.9,Ml
268455,2025-02-04 05:12:26,2025-02-04 02:12:26,70 km al SE de Socaire,-24.059,-67.424,181.0,3.1,Ml
268456,2025-02-04 05:14:13,2025-02-04 02:14:13,43 km al O de Paposo,-25.009,-70.889,46.0,4.1,Ml
268467,2025-02-04 06:35:12,2025-02-04 03:35:12,60 km al NO de Quillagua,-21.422,-70.055,52.0,2.5,Ml
268482,2025-02-04 09:22:41,2025-02-04 06:22:41,26 km al NE de Camiña,-19.165,-69.231,105.0,2.5,Ml
268485,2025-02-04 09:45:08,2025-02-04 06:45:08,23 km al E de Putre,-18.124,-69.358,140.0,3.0,Ml
268493,2025-02-04 10:53:38,2025-02-04 07:53:38,25 km al NO de Ollagüe,-21.123,-68.47,140.0,3.1,Ml
268497,2025-02-04 11:59:22,2025-02-04 08:59:22,24 km al O de Tocopilla,-22.042,-70.431,20.0,3.0,Ml
268501,2025-02-04 13:10:09,2025-02-04 10:10:09,67 km al E de Socaire,-23.817,-67.279,237.0,3.1,Ml
268503,2025-02-04 14:19:46,2025-02-04 11:19:46,21 km al O de La Higuera,-29.437,-71.397,74.0,2.8,Ml
268532,2025-02-04 16:28:22,2025-02-04 13:28:22,31 km al S de Ollagüe,-21.496,-68.2,154.0,2.5,Ml
268550,2025-02-04 17:09:01,2025-02-04 14:09:01,23 km al SO de Ollagüe,-21.398,-68.382,121.0,3.0,Ml
268569,2025-02-04 18:55:14,2025-02-04 15:55:14,18 km al SO de Tocopilla,-22.205,-70.332,31.0,2.5,Ml
268575,2025-02-04 20:59:44,2025-02-04 17:59:44,58 km al S de Socaire,-24.088,-67.719,240.0,3.2,Ml
268584,2025-02-04 21:52:34,2025-02-04 18:52:34,69 km al NO de Tongoy,-29.886,-72.075,34.0,3.6,Ml
268586,2025-02-04 21:57:24,2025-02-04 18:57:24,28 km al O de Petorca,-32.147,-71.205,85.0,2.5,Ml
268589,2025-02-04 22:20:41,2025-02-04 19:20:41,44 km al E de Calama,-22.608,-68.53,120.0,3.0,Ml
268594,2025-02-04 22:53:23,2025-02-04 19:53:23,21 km al N de Calama,-22.29,-68.99,118.0,2.7,Ml
268596,2025-02-04 23:01:36,2025-02-04 20:01:36,19 km al E de San Fabián,-36.553,-71.344,161.0,3.3,Ml
268613,2025-02-05 01:18:48,2025-02-04 22:18:48,27 km al O de Ollagüe,-21.152,-68.506,142.0,3.9,Ml
268616,2025-02-05 01:22:19,2025-02-04 22:22:19,10 km al SE de Camiña,-19.373,-69.357,94.0,4.4,Mw
268630,2025-02-05 04:20:59,2025-02-05 01:20:59,56 km al SO de Taltal,-25.807,-70.826,45.0,3.2,Ml
268641,2025-02-05 05:40:06,2025-02-05 02:40:06,143 km al O de Bahía Mansa,-40.239,-75.357,29.0,3.1,Ml
268643,2025-02-05 05:44:49,2025-02-05 02:44:49,17 km al E de Camiña,-19.299,-69.265,115.0,2.9,Ml
268652,2025-02-05 06:38:22,2025-02-05 03:38:22,12 km al N de Socaire,-23.482,-67.863,245.0,2.7,Ml
268657,2025-02-05 07:24:26,2025-02-05 04:24:26,13 km al O de Illapel,-31.637,-71.309,55.0,3.0,Ml
268663,2025-02-05 08:07:33,2025-02-05 05:07:33,51 km al E de Quillagua,-21.713,-69.046,98.0,3.2,Ml
268670,2025-02-05 08:42:58,2025-02-05 05:42:58,160 km al NE de Socaire,-22.783,-66.599,240.0,3.8,Ml
268675,2025-02-05 09:08:13,2025-02-05 06:08:13,21 km al NE de Pica,-20.314,-69.25,102.0,4.6,Mw
268679,2025-02-05 09:28:17,2025-02-05 06:28:17,64 km al E de Ollagüe,-21.325,-67.65,230.0,2.7,Ml
268684,2025-02-05 10:22:29,2025-02-05 07:22:29,48 km al SE de Socaire,-23.964,-67.652,264.0,2.6,Ml
268685,2025-02-05 10:40:04,2025-02-05 07:40:04,55 km al SE de Socaire,-24.039,-67.654,240.0,3.6,Ml
268688,2025-02-05 10:50:04,2025-02-05 07:50:04,96 km al SE de Socaire,-24.35,-67.438,189.0,3.9,Ml
268691,2025-02-05 11:39:24,2025-02-05 08:39:24,129 km al N de San Antonio de los Cobres,-23.127,-66.721,240.0,3.7,Ml
268694,2025-02-05 11:44:08,2025-02-05 08:44:08,8 km al SE de Camiña,-19.356,-69.361,93.0,3.3,Ml
268697,2025-02-05 12:10:47,2025-02-05 09:10:47,18 km al NE de Mina Los Pelambres,-31.75,-70.421,133.0,3.7,Ml
268699,2025-02-05 12:13:32,2025-02-05 09:13:32,43 km al SO de Ollagüe,-21.538,-68.489,123.0,3.1,Ml
268702,2025-02-05 12:37:00,2025-02-05 09:37:00,30 km al O de Navidad,-33.86,-72.13,17.0,4.5,Mw
268705,2025-02-05 12:50:26,2025-02-05 09:50:26,7 km al NO de La Serena,-29.845,-71.282,50.0,3.0,Ml
268717,2025-02-05 14:03:00,2025-02-05 11:03:00,39 km al O de Navidad,-33.893,-72.249,31.0,2.5,Ml
268720,2025-02-05 14:11:20,2025-02-05 11:11:20,20 km al S de Putre,-18.377,-69.582,133.0,3.6,Ml
268726,2025-02-05 15:05:37,2025-02-05 12:05:37,10 km al NO de Los Andes,-32.753,-70.647,106.0,2.6,Ml
268738,2025-02-05 15:35:46,2025-02-05 12:35:46,133 km al O de Punta de Choros,-29.605,-72.776,15.0,3.1,Ml
268759,2025-02-05 16:47:28,2025-02-05 13:47:28,36 km al N de Pica,-20.172,-69.277,94.0,2.5,Ml
268761,2025-02-05 16:49:51,2025-02-05 13:49:51,100 km al NO de Mendoza,-32.158,-69.461,105.0,2.6,Ml
268771,2025-02-05 17:30:22,2025-02-05 14:30:22,69 km al S de Copiapó,-27.979,-70.421,94.0,2.5,Ml
268790,2025-02-05 18:20:35,2025-02-05 15:20:35,32 km al O de Navidad,-33.857,-72.16,20.0,2.8,Ml
268801,2025-02-05 19:01:09,2025-02-05 16:01:09,23 km al NE de Linares,-35.709,-71.401,97.0,3.5,Ml
268808,2025-02-05 19:12:44,2025-02-05 16:12:44,33 km al SO de Pichidangui,-32.272,-71.835,19.0,3.1,Ml
268816,2025-02-05 19:51:09,2025-02-05 16:51:09,24 km al E de Talca,-35.482,-71.405,106.0,2.9,Ml
268822,2025-02-05 20:16:46,2025-02-05 17:16:46,44 km al S de Mina Collahuasi,-21.22,-68.73,114.0,2.9,Ml
268829,2025-02-05 20:51:26,2025-02-05 17:51:26,14 km al E de Ollagüe,-21.193,-68.122,165.0,2.7,Ml
268846,2025-02-05 22:02:48,2025-02-05 19:02:48,25 km al NO de Pisagua,-19.462,-70.405,43.0,3.2,Ml
268852,2025-02-05 23:08:06,2025-02-05 20:08:06,53 km al NE de Calama,-22.093,-68.622,134.0,4.1,Ml
268877,2025-02-06 02:40:05,2025-02-05 23:40:05,26 km al O de Mina Collahuasi,-20.754,-68.893,89.0,2.6,Ml
268881,2025-02-06 03:14:35,2025-02-06 00:14:35,57 km al SO de Alto del Carmen,-29.244,-70.692,71.0,2.5,Ml
268887,2025-02-06 04:05:53,2025-02-06 01:05:53,77 km al E de Ollagüe,-21.148,-67.52,220.0,3.6,Ml
268891,2025-02-06 04:15:13,2025-02-06 01:15:13,16 km al S de La Serena,-30.04,-71.289,53.0,4.5,Mw
268894,2025-02-06 04:36:20,2025-02-06 01:36:20,11 km al SO de La Serena,-29.995,-71.305,56.0,2.9,Ml
268904,2025-02-06 05:35:48,2025-02-06 02:35:48,9 km al O de Calama,-22.457,-69.013,116.0,3.2,Ml
268906,2025-02-06 06:03:00,2025-02-06 03:03:00,26 km al O de Putre,-18.221,-69.8,111.0,3.7,Ml
268912,2025-02-06 07:28:50,2025-02-06 04:28:50,24 km al O de Mina Collahuasi,-20.757,-68.876,101.0,2.8,Ml
268924,2025-02-06 08:54:21,2025-02-06 05:54:21,19 km al NE de La Serena,-29.773,-71.129,60.0,2.7,Ml
268929,2025-02-06 08:57:08,2025-02-06 05:57:08,33 km al SE de Calama,-22.737,-68.794,115.0,2.6,Ml
268936,2025-02-06 09:14:06,2025-02-06 06:14:06,8 km al SO de Cuya,-19.223,-70.208,55.0,3.3,Ml
268937,2025-02-06 09:22:49,2025-02-06 06:22:49,59 km al NO de Parque Fray Jorge,-30.387,-72.212,33.0,2.7,Ml
268946,2025-02-06 10:19:03,2025-02-06 07:19:03,46 km al NE de Pica,-20.118,-69.148,95.0,3.7,Ml
268949,2025-02-06 10:35:45,2025-02-06 07:35:45,36 km al SO de Ollagüe,-21.417,-68.533,117.0,2.9,Ml
268960,2025-02-06 11:56:32,2025-02-06 08:56:32,35 km al SO de Santa Cruz,-34.884,-71.603,49.0,2.6,Ml
268963,2025-02-06 12:05:43,2025-02-06 09:05:43,48 km al SO de Mina Collahuasi,-21.214,-68.863,113.0,2.5,Ml
268964,2025-02-06 12:13:44,2025-02-06 09:13:44,112 km al SE de Alto del Carmen,-29.397,-69.594,130.0,3.1,Ml
268969,2025-02-06 12:21:29,2025-02-06 09:21:29,45 km al O de Castro,-42.491,-74.31,43.0,4.6,Mw
268971,2025-02-06 12:32:46,2025-02-06 09:32:46,15 km al SO de Mina La Escondida,-24.379,-69.146,108.0,3.3,Ml
268973,2025-02-06 12:42:06,2025-02-06 09:42:06,62 km al S de Camiña,-19.837,-69.23,99.0,2.6,Ml
268980,2025-02-06 13:19:47,2025-02-06 10:19:47,13 km al S de La Serena,-30.021,-71.244,51.0,3.1,Ml
268984,2025-02-06 13:27:20,2025-02-06 10:27:20,43 km al SO de Mina Collahuasi,-21.14,-68.893,110.0,2.6,Ml
268994,2025-02-06 15:19:55,2025-02-06 12:19:55,15 km al NO de Punitaqui,-30.768,-71.402,46.0,2.5,Ml
269000,2025-02-06 16:29:50,2025-02-06 13:29:50,77 km al NE de Calama,-21.839,-68.625,126.0,3.1,Ml
269017,2025-02-06 18:12:30,2025-02-06 15:12:30,43 km al NE de Calama,-22.11,-68.776,115.0,2.8,Ml
269029,2025-02-06 19:43:33,2025-02-06 16:43:33,30 km al SO de Calama,-22.644,-69.156,113.0,2.5,Ml
269037,2025-02-06 21:41:29,2025-02-06 18:41:29,44 km al SO de Ollagüe,-21.554,-68.491,136.0,2.6,Ml
269041,2025-02-06 22:07:38,2025-02-06 19:07:38,36 km al NE de Pica,-20.263,-69.078,103.0,4.0,Ml
269046,2025-02-06 22:31:15,2025-02-06 19:31:15,43 km al NE de Calama,-22.295,-68.558,124.0,3.7,Ml
269056,2025-02-06 23:33:15,2025-02-06 20:33:15,53 km al NO de Punta de Choros,-28.829,-71.733,36.0,2.7,Ml
269068,2025-02-07 03:16:27,2025-02-07 00:16:27,56 km al E de Socaire,-23.452,-67.361,249.0,3.1,Ml
269070,2025-02-07 03:52:07,2025-02-07 00:52:07,48 km al NE de Socaire,-23.35,-67.495,259.0,3.0,Ml
269105,2025-02-07 08:17:55,2025-02-07 05:17:55,54 km al NE de Quillagua,-21.234,-69.272,97.0,3.2,Ml
269112,2025-02-07 09:13:10,2025-02-07 06:13:10,31 km al E de Sierra Gorda,-22.946,-69.024,81.0,3.1,Ml
269117,2025-02-07 09:58:56,2025-02-07 06:58:56,37 km al NE de Pica,-20.248,-69.093,95.0,2.5,Ml
269118,2025-02-07 10:00:39,2025-02-07 07:00:39,32 km al SE de Mina Collahuasi,-21.095,-68.537,125.0,3.7,Ml
269123,2025-02-07 11:22:54,2025-02-07 08:22:54,56 km al SE de Socaire,-23.983,-67.543,259.0,2.9,Ml
269125,2025-02-07 11:44:40,2025-02-07 08:44:40,11 km al SE de Huasco,-28.557,-71.174,51.0,2.7,Ml
269142,2025-02-07 14:12:46,2025-02-07 11:12:46,15 km al S de Mina La Escondida,-24.402,-69.103,101.0,2.7,Ml
269144,2025-02-07 14:49:00,2025-02-07 11:49:00,36 km al E de Mina Los Pelambres,-31.803,-70.204,132.0,2.9,Ml
269148,2025-02-07 14:53:05,2025-02-07 11:53:05,29 km al E de Pica,-20.592,-69.069,108.0,2.5,Ml
269149,2025-02-07 14:54:56,2025-02-07 11:54:56,60 km al NO de Chañaral,-25.85,-70.849,32.0,2.7,Ml
269165,2025-02-07 16:51:57,2025-02-07 13:51:57,46 km al NE de Carrizal Bajo,-27.768,-70.841,37.0,3.2,Ml
269198,2025-02-07 19:16:41,2025-02-07 16:16:41,19 km al NO de Mina La Escondida,-24.177,-69.21,85.0,2.6,Ml
269207,2025-02-07 20:55:49,2025-02-07 17:55:49,59 km al SE de Socaire,-23.948,-67.463,228.0,3.6,Ml
269208,2025-02-07 20:56:14,2025-02-07 17:56:14,117 km al E de Paihuano,-30.372,-69.362,20.0,4.0,Ml
269219,2025-02-07 21:43:03,2025-02-07 18:43:03,31 km al NO de María Elena,-22.157,-69.878,48.0,3.4,Ml
269241,2025-02-08 02:27:47,2025-02-07 23:27:47,60 km al NE de Mina La Escondida,-23.788,-68.792,107.0,3.7,Ml
269249,2025-02-08 03:16:19,2025-02-08 00:16:19,44 km al SO de Punta de Choros,-29.535,-71.787,50.0,4.2,Ml
269267,2025-02-08 04:26:53,2025-02-08 01:26:53,12 km al SE de La Higuera,-29.568,-71.092,78.0,3.5,Ml
269279,2025-02-08 05:19:36,2025-02-08 02:19:36,41 km al SO de Mina Collahuasi,-21.136,-68.868,120.0,3.7,Ml
269289,2025-02-08 06:11:46,2025-02-08 03:11:46,50 km al S de Mina Collahuasi,-21.244,-68.825,122.0,2.5,Ml
269293,2025-02-08 07:06:55,2025-02-08 04:06:55,48 km al E de Sierra Gorda,-22.916,-68.849,103.0,2.5,Ml
269299,2025-02-08 07:26:46,2025-02-08 04:26:46,8 km al SE de Angol,-37.842,-72.631,41.0,3.1,Ml
269306,2025-02-08 07:52:45,2025-02-08 04:52:45,97 km al SE de Alto del Carmen,-29.306,-69.713,126.0,3.6,Ml
269331,2025-02-08 11:04:12,2025-02-08 08:04:12,55 km al E de Caleta El Cobre,-24.127,-69.995,58.0,3.5,Ml
269337,2025-02-08 12:32:46,2025-02-08 09:32:46,44 km al NE de Paposo,-24.794,-70.103,69.0,2.5,Ml
269347,2025-02-08 14:21:48,2025-02-08 11:21:48,55 km al SE de Camiña,-19.726,-69.144,104.0,3.8,Ml
269359,2025-02-08 15:58:36,2025-02-08 12:58:36,4 km al N de Canela Baja,-31.367,-71.467,75.0,3.1,Ml
269361,2025-02-08 16:30:26,2025-02-08 13:30:26,127 km al NO de Constitución,-34.616,-73.504,50.0,3.5,Ml
269366,2025-02-08 16:39:33,2025-02-08 13:39:33,83 km al N de San Pedro de Atacama,-22.188,-68.05,179.0,3.3,Ml
269368,2025-02-08 16:44:34,2025-02-08 13:44:34,60 km al NE de Alto del Carmen,-28.261,-70.248,86.0,3.1,Ml
269375,2025-02-08 17:04:10,2025-02-08 14:04:10,113 km al NE de El Salvador,-25.31,-69.192,105.0,3.3,Ml
269390,2025-02-08 18:25:21,2025-02-08 15:25:21,28 km al O de San Pedro de Atacama,-22.959,-68.471,138.0,2.6,Ml
269393,2025-02-08 18:37:44,2025-02-08 15:37:44,29 km al E de Mina Los Pelambres,-31.788,-70.285,139.0,4.0,Ml
269398,2025-02-08 18:49:09,2025-02-08 15:49:09,14 km al SO de Los Vilos,-32.005,-71.617,36.0,2.5,Ml
269422,2025-02-08 20:50:19,2025-02-08 17:50:19,117 km al O de Canela Baja,-31.382,-72.694,28.0,2.8,Ml
269423,2025-02-08 21:06:36,2025-02-08 18:06:36,19 km al O de Victoria,-38.249,-72.543,44.0,4.0,Ml
269431,2025-02-08 21:43:29,2025-02-08 18:43:29,37 km al E de Mina Los Pelambres,-31.744,-70.205,113.0,2.8,Ml
269434,2025-02-08 21:44:14,2025-02-08 18:44:14,28 km al N de Ralco,-37.638,-71.58,109.0,3.3,Ml
269470,2025-02-09 04:32:29,2025-02-09 01:32:29,26 km al SE de Sierra Gorda,-23.101,-69.199,108.0,3.2,Ml
269475,2025-02-09 05:55:36,2025-02-09 02:55:36,34 km al NO de Mina Collahuasi,-20.643,-68.918,114.0,3.1,Ml
269487,2025-02-09 06:51:12,2025-02-09 03:51:12,25 km al O de Calama,-22.463,-69.177,94.0,3.8,Ml
269490,2025-02-09 07:19:04,2025-02-09 04:19:04,24 km al NE de Alto del Carmen,-28.622,-70.303,100.0,3.5,Ml
269497,2025-02-09 08:38:41,2025-02-09 05:38:41,62 km al S de Patache,-21.355,-70.342,34.0,3.2,Ml
269513,2025-02-09 10:15:30,2025-02-09 07:15:30,96 km al E de Alto del Carmen,-29.007,-69.541,118.0,2.9,Ml
269517,2025-02-09 11:03:01,2025-02-09 08:03:01,7 km al O de Huasco,-28.478,-71.294,27.0,3.0,Ml
269534,2025-02-09 15:09:30,2025-02-09 12:09:30,47 km al E de Pisagua,-19.671,-69.774,56.0,2.6,Ml
269544,2025-02-09 17:25:19,2025-02-09 14:25:19,33 km al S de Mina Collahuasi,-21.104,-68.55,127.0,2.6,Ml
269550,2025-02-09 17:42:22,2025-02-09 14:42:22,81 km al SE de Socaire,-24.025,-67.251,208.0,3.4,Ml
269553,2025-02-09 17:49:19,2025-02-09 14:49:19,55 km al N de Mina La Escondida,-23.804,-68.864,111.0,2.8,Ml
269576,2025-02-09 20:29:37,2025-02-09 17:29:37,28 km al SE de Cuya,-19.262,-69.94,72.0,2.5,Ml
269600,2025-02-10 00:10:14,2025-02-09 21:10:14,39 km al E de Pica,-20.403,-68.963,104.0,3.1,Ml
269610,2025-02-10 02:15:26,2025-02-09 23:15:26,25 km al E de Sierra Gorda,-22.897,-69.073,113.0,3.9,Ml
269647,2025-02-10 07:37:55,2025-02-10 04:37:55,26 km al SO de Pichidangui,-32.265,-71.763,20.0,3.7,Ml
269652,2025-02-10 07:58:39,2025-02-10 04:58:39,7 km al NE de La Higuera,-29.461,-71.166,50.0,3.7,Ml
269659,2025-02-10 09:30:45,2025-02-10 06:30:45,135 km al O de Caldera,-27.071,-72.185,39.0,3.8,Ml
269669,2025-02-10 10:31:11,2025-02-10 07:31:11,71 km al SE de Mina Los Pelambres,-32.326,-70.13,134.0,3.8,Ml
269682,2025-02-10 12:03:16,2025-02-10 09:03:16,22 km al NO de Ollagüe,-21.081,-68.4,140.0,3.2,Ml
269693,2025-02-10 12:37:10,2025-02-10 09:37:10,16 km al E de Pichidangui,-32.177,-71.366,65.0,4.1,Ml
269701,2025-02-10 13:31:21,2025-02-10 10:31:21,40 km al NE de Calama,-22.215,-68.657,109.0,2.5,Ml
269703,2025-02-10 14:12:23,2025-02-10 11:12:23,28 km al O de Ollagüe,-21.153,-68.513,130.0,2.5,Ml
269708,2025-02-10 14:43:28,2025-02-10 11:43:28,81 km al SE de Socaire,-23.926,-67.181,236.0,3.1,Ml
269711,2025-02-10 14:47:54,2025-02-10 11:47:54,31 km al NO de Vallenar,-28.326,-70.905,62.0,4.0,Ml
269720,2025-02-10 15:34:45,2025-02-10 12:34:45,66 km al N de Calama,-21.894,-68.771,104.0,2.5,Ml
269726,2025-02-10 15:53:00,2025-02-10 12:53:00,13 km al SO de Ovalle,-30.697,-71.287,45.0,3.4,Ml
269733,2025-02-10 16:37:29,2025-02-10 13:37:29,119 km al NO de Constitución,-34.648,-73.418,36.0,3.1,Ml
269740,2025-02-10 17:06:16,2025-02-10 14:06:16,37 km al NE de Calama,-22.226,-68.681,120.0,4.2,Ml
269758,2025-02-10 18:35:09,2025-02-10 15:35:09,39 km al NO de Mina Collahuasi,-20.576,-68.918,99.0,2.8,Ml
269765,2025-02-10 19:22:16,2025-02-10 16:22:16,48 km al SO de Mina Collahuasi,-21.223,-68.846,118.0,2.5,Ml
269770,2025-02-10 19:32:58,2025-02-10 16:32:58,44 km al E de Quillagua,-21.568,-69.124,77.0,3.0,Ml
269776,2025-02-10 20:14:27,2025-02-10 17:14:27,41 km al S de Mina Collahuasi,-21.196,-68.712,119.0,3.5,Ml
269782,2025-02-10 20:42:01,2025-02-10 17:42:01,33 km al SE de Arica,-18.689,-70.107,73.0,3.2,Ml
269790,2025-02-10 21:46:04,2025-02-10 18:46:04,69 km al E de Quillagua,-21.707,-68.868,95.0,2.6,Ml
269793,2025-02-10 22:47:06,2025-02-10 19:47:06,89 km al NE de Socaire,-23.227,-67.114,233.0,4.5,Mw
269809,2025-02-11 00:10:39,2025-02-10 21:10:39,60 km al SE de Socaire,-24.071,-67.615,252.0,3.8,Mw
269821,2025-02-11 02:00:27,2025-02-10 23:00:27,29 km al O de Putre,-18.3,-69.812,117.0,4.7,Mw
269824,2025-02-11 02:24:10,2025-02-10 23:24:10,94 km al O de Lebu,-37.292,-74.646,17.0,5.3,Mww
269841,2025-02-11 04:15:07,2025-02-11 01:15:07,19 km al NE de Calama,-22.373,-68.775,108.0,3.0,Ml
269853,2025-02-11 05:18:22,2025-02-11 02:18:22,36 km al N de Pica,-20.191,-69.211,113.0,2.9,Ml
269866,2025-02-11 06:57:57,2025-02-11 03:57:57,15 km al SO de Rancagua,-34.243,-70.869,85.0,2.6,Ml
269869,2025-02-11 07:12:35,2025-02-11 04:12:35,61 km al SO de Mina La Escondida,-24.707,-69.412,88.0,2.9,Ml
269890,2025-02-11 12:12:04,2025-02-11 09:12:04,82 km al O de San Antonio de los Cobres,-23.99,-67.089,218.0,3.1,Ml
269898,2025-02-11 13:48:39,2025-02-11 10:48:39,56 km al SO de Ollagüe,-21.671,-68.513,115.0,2.6,Ml
269900,2025-02-11 14:13:20,2025-02-11 11:13:20,54 km al S de Patache,-21.291,-70.112,30.0,2.9,Ml
269903,2025-02-11 14:43:12,2025-02-11 11:43:12,89 km al O de Punta de Choros,-29.233,-72.387,12.0,2.6,Ml
269907,2025-02-11 15:59:34,2025-02-11 12:59:34,50 km al NE de Alto del Carmen,-28.446,-70.124,108.0,3.4,Ml
269916,2025-02-11 17:42:15,2025-02-11 14:42:15,5 km al SE de Ovalle,-30.64,-71.166,22.0,2.8,Ml
269924,2025-02-11 18:25:03,2025-02-11 15:25:03,29 km al SO de Canela Baja,-31.587,-71.668,43.0,3.7,Ml
269926,2025-02-11 18:33:24,2025-02-11 15:33:24,40 km al SO de Mina Collahuasi,-21.069,-68.947,118.0,2.8,Ml
269933,2025-02-11 19:20:01,2025-02-11 16:20:01,40 km al E de Pica,-20.567,-68.95,98.0,2.6,Ml
269935,2025-02-11 19:57:58,2025-02-11 16:57:58,61 km al O de Paposo,-24.905,-71.056,55.0,2.5,Ml
269956,2025-02-11 21:46:22,2025-02-11 18:46:22,46 km al SO de Patache,-21.174,-70.416,53.0,3.3,Ml
269988,2025-02-12 02:07:09,2025-02-11 23:07:09,59 km al NO de Camiña,-18.845,-69.682,90.0,3.4,Ml
269994,2025-02-12 02:30:05,2025-02-11 23:30:05,45 km al NE de Camiña,-18.983,-69.176,126.0,2.8,Ml
270017,2025-02-12 03:39:17,2025-02-12 00:39:17,46 km al SO de Ollagüe,-21.562,-68.512,136.0,3.1,Ml
270031,2025-02-12 04:56:29,2025-02-12 01:56:29,46 km al O de Paposo,-25.002,-70.922,42.0,2.9,Ml
270045,2025-02-12 05:42:05,2025-02-12 02:42:05,87 km al E de Ollagüe,-21.37,-67.424,216.0,3.0,Ml
270048,2025-02-12 06:00:11,2025-02-12 03:00:11,31 km al NO de Los Vilos,-31.708,-71.737,29.0,2.5,Ml
270050,2025-02-12 06:00:35,2025-02-12 03:00:35,23 km al NE de Entre Lagos,-40.527,-72.428,116.0,2.6,Ml
270060,2025-02-12 08:15:28,2025-02-12 05:15:28,45 km al S de Mina Collahuasi,-21.23,-68.716,115.0,2.7,Ml
270071,2025-02-12 09:54:00,2025-02-12 06:54:00,32 km al S de Mina Collahuasi,-21.114,-68.677,122.0,2.6,Ml
270080,2025-02-12 10:38:39,2025-02-12 07:38:39,58 km al NO de Puerto Cisnes,-44.349,-73.184,8.0,3.3,Ml
270092,2025-02-12 11:08:55,2025-02-12 08:08:55,67 km al NE de Calama,-21.941,-68.62,140.0,2.7,Ml
270107,2025-02-12 12:07:46,2025-02-12 09:07:46,31 km al N de Quillagua,-21.383,-69.526,31.0,2.8,Ml
270110,2025-02-12 12:23:01,2025-02-12 09:23:01,101 km al O de Iquique,-20.375,-71.107,50.0,2.6,Ml
270113,2025-02-12 12:59:32,2025-02-12 09:59:32,84 km al NE de San Pedro de Atacama,-22.341,-67.681,220.0,2.7,Ml
270117,2025-02-12 13:37:22,2025-02-12 10:37:22,37 km al SO de Mina Collahuasi,-21.068,-68.901,117.0,2.8,Ml
270131,2025-02-12 15:16:43,2025-02-12 12:16:43,50 km al S de Mina Collahuasi,-21.256,-68.789,120.0,2.9,Ml
270151,2025-02-12 17:43:27,2025-02-12 14:43:27,68 km al S de Socaire,-24.194,-67.986,264.0,4.2,Ml
270162,2025-02-12 18:25:39,2025-02-12 15:25:39,46 km al NO de Mina Collahuasi,-20.475,-68.888,103.0,2.7,Ml
270173,2025-02-12 19:52:24,2025-02-12 16:52:24,41 km al NE de Farellones,-33.028,-70.105,121.0,4.0,Ml
270192,2025-02-12 21:32:41,2025-02-12 18:32:41,81 km al NO de San Antonio de los Cobres,-23.881,-67.025,240.0,4.3,Ml
270198,2025-02-12 22:51:07,2025-02-12 19:51:07,71 km al S de Socaire,-24.203,-67.689,242.0,3.0,Ml
270203,2025-02-12 23:15:56,2025-02-12 20:15:56,156 km al NO de Lebu,-36.841,-75.131,20.0,3.9,Ml
270212,2025-02-13 00:48:38,2025-02-12 21:48:38,56 km al SE de Socaire,-23.935,-67.49,267.0,3.7,Ml
270233,2025-02-13 02:36:14,2025-02-12 23:36:14,82 km al S de Socaire,-24.323,-67.884,240.0,2.9,Ml
270238,2025-02-13 02:50:51,2025-02-12 23:50:51,70 km al NE de El Salvador,-25.822,-69.113,127.0,3.6,Ml
270239,2025-02-13 02:59:51,2025-02-12 23:59:51,43 km al SO de Canela Baja,-31.591,-71.851,37.0,2.9,Ml
270242,2025-02-13 03:02:37,2025-02-13 00:02:37,45 km al N de San Pedro de Atacama,-22.524,-68.098,152.0,2.9,Ml
270244,2025-02-13 03:10:24,2025-02-13 00:10:24,71 km al SE de Socaire,-24.175,-67.621,216.0,3.0,Ml
270265,2025-02-13 04:26:15,2025-02-13 01:26:15,36 km al S de Mina Collahuasi,-21.146,-68.735,126.0,2.8,Ml
270266,2025-02-13 04:32:14,2025-02-13 01:32:14,72 km al NE de Calama,-21.888,-68.623,129.0,2.5,Ml
270269,2025-02-13 04:46:07,2025-02-13 01:46:07,54 km al SO de Ollagüe,-21.631,-68.545,130.0,2.7,Ml
270272,2025-02-13 04:54:36,2025-02-13 01:54:36,100 km al NE de Socaire,-23.018,-67.138,305.0,2.8,Ml
270275,2025-02-13 04:56:25,2025-02-13 01:56:25,70 km al NE de Calama,-21.914,-68.608,127.0,3.5,Ml
270289,2025-02-13 06:27:01,2025-02-13 03:27:01,25 km al NO de Mejillones,-22.946,-70.629,19.0,2.9,Ml
270295,2025-02-13 07:11:28,2025-02-13 04:11:28,25 km al N de Punta de Choros,-29.027,-71.452,40.0,4.7,Mw
270305,2025-02-13 08:30:20,2025-02-13 05:30:20,21 km al O de Pichidangui,-32.102,-71.744,30.0,3.8,Ml
270307,2025-02-13 08:36:19,2025-02-13 05:36:19,24 km al N de Punta de Choros,-29.036,-71.446,39.0,2.7,Ml
270322,2025-02-13 09:22:27,2025-02-13 06:22:27,10 km al O de Pichidangui,-32.128,-71.635,32.0,3.1,Ml
270325,2025-02-13 10:04:19,2025-02-13 07:04:19,74 km al E de Socaire,-23.832,-67.214,219.0,2.7,Ml
270337,2025-02-13 10:47:00,2025-02-13 07:47:00,28 km al O de Paposo,-24.945,-70.729,48.0,4.6,Mw
270339,2025-02-13 10:59:18,2025-02-13 07:59:18,66 km al S de Socaire,-24.186,-67.924,228.0,3.0,Ml
270360,2025-02-13 12:24:42,2025-02-13 09:24:42,28 km al N de Pica,-20.243,-69.326,117.0,3.1,Ml
270365,2025-02-13 13:31:10,2025-02-13 10:31:10,7 km al SE de Mina Los Pelambres,-31.877,-70.554,100.0,3.4,Ml
270374,2025-02-13 14:57:41,2025-02-13 11:57:41,39 km al S de Pozo Almonte,-20.611,-69.801,19.0,2.6,Ml
270381,2025-02-13 15:15:28,2025-02-13 12:15:28,52 km al SE de Socaire,-23.95,-67.562,252.0,2.7,Ml
270384,2025-02-13 16:05:13,2025-02-13 13:05:13,63 km al NE de Mina Los Pelambres,-31.326,-70.263,123.0,2.8,Ml
270388,2025-02-13 17:05:36,2025-02-13 14:05:36,62 km al S de Socaire,-24.117,-67.7,228.0,2.6,Ml
270401,2025-02-13 18:34:31,2025-02-13 15:34:31,35 km al S de Mina Collahuasi,-21.137,-68.585,132.0,2.9,Ml
270404,2025-02-13 18:57:11,2025-02-13 15:57:11,52 km al S de Socaire,-24.048,-67.781,225.0,3.0,Ml
270414,2025-02-13 20:34:17,2025-02-13 17:34:17,37 km al E de Pica,-20.62,-69.006,105.0,3.4,Ml
270418,2025-02-13 20:50:42,2025-02-13 17:50:42,37 km al NE de Calama,-22.323,-68.611,108.0,2.5,Ml
270422,2025-02-13 21:45:24,2025-02-13 18:45:24,10 km al NO de Valparaíso,-32.99,-71.693,36.0,2.8,Ml
270424,2025-02-13 21:54:53,2025-02-13 18:54:53,71 km al S de Socaire,-24.232,-67.908,261.0,2.6,Ml
270430,2025-02-14 00:15:58,2025-02-13 21:15:58,105 km al NE de Socaire,-22.977,-67.112,233.0,3.1,Ml
270435,2025-02-14 00:23:00,2025-02-13 21:23:00,42 km al N de Tocopilla,-21.733,-70.313,34.0,3.3,Ml
270467,2025-02-14 02:16:35,2025-02-13 23:16:35,68 km al NO de Chos Malal,-37.065,-70.925,151.0,3.1,Ml
270486,2025-02-14 03:30:16,2025-02-14 00:30:16,60 km al N de Calama,-21.927,-68.893,112.0,3.1,Ml
270489,2025-02-14 03:47:43,2025-02-14 00:47:43,47 km al NE de Calama,-22.184,-68.588,122.0,2.5,Ml
270515,2025-02-14 07:04:41,2025-02-14 04:04:41,33 km al SE de Sierra Gorda,-23.065,-69.058,86.0,2.5,Ml
270531,2025-02-14 08:29:03,2025-02-14 05:29:03,59 km al O de Mina La Escondida,-24.359,-69.626,64.0,2.9,Ml
270535,2025-02-14 10:11:19,2025-02-14 07:11:19,94 km al SE de Ollagüe,-21.878,-67.675,206.0,2.8,Ml
270564,2025-02-14 13:06:00,2025-02-14 10:06:00,77 km al N de Mina La Escondida,-23.578,-69.128,102.0,3.5,Ml
270568,2025-02-14 15:34:01,2025-02-14 12:34:01,59 km al SE de Socaire,-24.02,-67.559,231.0,3.5,Ml
270606,2025-02-14 19:29:35,2025-02-14 16:29:35,24 km al SE de Baquedano,-23.435,-69.636,79.0,2.9,Ml
270608,2025-02-14 19:48:28,2025-02-14 16:48:28,61 km al S de Mina Collahuasi,-21.341,-68.853,105.0,2.9,Ml
270612,2025-02-14 20:09:00,2025-02-14 17:09:00,26 km al SO de Mina Collahuasi,-20.958,-68.863,107.0,2.6,Ml
270621,2025-02-14 21:35:01,2025-02-14 18:35:01,9 km al O de Linares,-35.845,-71.697,76.0,2.6,Ml
270624,2025-02-14 21:54:13,2025-02-14 18:54:13,57 km al NE de Mejillones,-22.823,-69.977,24.0,2.5,Ml
270636,2025-02-14 23:23:25,2025-02-14 20:23:25,62 km al O de Punta de Choros,-29.44,-72.069,45.0,3.1,Ml
270639,2025-02-15 00:23:58,2025-02-14 21:23:58,2 km al NO de Calama,-22.462,-68.948,114.0,2.9,Ml
270697,2025-02-15 05:59:41,2025-02-15 02:59:41,39 km al NO de Carrizal Bajo,-27.774,-71.346,64.0,3.3,Ml
270712,2025-02-15 07:18:11,2025-02-15 04:18:11,14 km al N de Patache,-20.693,-70.164,51.0,2.7,Ml
270716,2025-02-15 08:27:07,2025-02-15 05:27:07,36 km al SE de Caleta El Cobre,-24.483,-70.279,44.0,3.5,Ml
270725,2025-02-15 09:09:04,2025-02-15 06:09:04,44 km al S de Ollagüe,-21.606,-68.348,129.0,2.9,Ml
270730,2025-02-15 09:21:17,2025-02-15 06:21:17,95 km al O de San Antonio de los Cobres,-24.258,-67.257,206.0,3.0,Ml
270734,2025-02-15 10:21:08,2025-02-15 07:21:08,74 km al NO de San Antonio de los Cobres,-23.814,-66.891,231.0,3.7,Ml
270743,2025-02-15 11:05:22,2025-02-15 08:05:22,32 km al O de Ollagüe,-21.215,-68.563,129.0,2.7,Ml
270752,2025-02-15 12:04:00,2025-02-15 09:04:00,44 km al SO de Putre,-18.531,-69.783,81.0,2.8,Ml
270757,2025-02-15 12:17:18,2025-02-15 09:17:18,11 km al NO de Punitaqui,-30.764,-71.345,78.0,2.8,Ml
270765,2025-02-15 12:56:39,2025-02-15 09:56:39,111 km al E de Copiapó,-27.688,-69.27,127.0,3.5,Ml
270769,2025-02-15 13:13:43,2025-02-15 10:13:43,95 km al O de San Antonio de los Cobres,-24.275,-67.253,203.0,4.1,Ml
270804,2025-02-15 17:59:04,2025-02-15 14:59:04,42 km al NE de Calama,-22.153,-68.711,121.0,3.0,Ml
270809,2025-02-15 18:10:04,2025-02-15 15:10:04,55 km al NO de Quillagua,-21.379,-69.969,46.0,2.8,Ml
270838,2025-02-15 21:04:12,2025-02-15 18:04:12,38 km al E de Calama,-22.574,-68.574,111.0,2.7,Ml
270852,2025-02-15 22:57:32,2025-02-15 19:57:32,87 km al NE de San Pedro de Atacama,-22.241,-67.777,221.0,3.6,Ml
270862,2025-02-16 01:15:56,2025-02-15 22:15:56,63 km al SO de Arica,-18.841,-70.785,31.0,3.0,Ml
270864,2025-02-16 01:40:50,2025-02-15 22:40:50,19 km al N de Carrizal Bajo,-27.913,-71.119,31.0,2.6,Ml
270896,2025-02-16 05:18:39,2025-02-16 02:18:39,77 km al NE de San Pedro de Atacama,-22.447,-67.658,173.0,3.1,Ml
270902,2025-02-16 06:08:57,2025-02-16 03:08:57,22 km al O de Mina Collahuasi,-20.85,-68.863,104.0,3.0,Ml
270914,2025-02-16 07:08:42,2025-02-16 04:08:42,57 km al O de Tirúa,-38.484,-74.125,31.0,5.4,Mw
270920,2025-02-16 07:57:54,2025-02-16 04:57:54,25 km al N de Camiña,-19.099,-69.486,125.0,2.7,Ml
270930,2025-02-16 08:42:56,2025-02-16 05:42:56,86 km al NE de San Pedro de Atacama,-22.356,-67.624,182.0,3.3,Ml
270973,2025-02-16 15:29:12,2025-02-16 12:29:12,31 km al SE de Combarbalá,-31.436,-70.874,105.0,2.8,Ml
270975,2025-02-16 15:33:21,2025-02-16 12:33:21,99 km al S de El Salvador,-27.1,-69.339,126.0,3.9,Ml
270999,2025-02-16 17:57:30,2025-02-16 14:57:30,49 km al NO de Quillagua,-21.278,-69.778,46.0,4.0,Ml
271008,2025-02-16 18:59:28,2025-02-16 15:59:28,124 km al NE de Socaire,-22.943,-66.899,268.0,3.7,Ml
271010,2025-02-16 19:17:50,2025-02-16 16:17:50,33 km al SO de Sierra Gorda,-23.03,-69.606,95.0,2.5,Ml
271023,2025-02-16 21:00:58,2025-02-16 18:00:58,20 km al SO de Camiña,-19.433,-69.565,115.0,4.6,Mw
271025,2025-02-16 21:22:58,2025-02-16 18:22:58,26 km al O de Tirúa,-38.404,-73.777,28.0,3.1,Ml
271033,2025-02-16 22:55:48,2025-02-16 19:55:48,31 km al NE de Pica,-20.249,-69.187,92.0,3.0,Ml
271038,2025-02-16 23:25:52,2025-02-16 20:25:52,22 km al S de La Serena,-30.097,-71.292,70.0,4.4,Mw
271042,2025-02-17 00:00:23,2025-02-16 21:00:23,52 km al SO de Tirúa,-38.611,-73.983,22.0,2.8,Ml
271057,2025-02-17 02:51:08,2025-02-16 23:51:08,103 km al S de Mina La Escondida,-25.19,-69.129,110.0,2.7,Ml
271063,2025-02-17 04:06:23,2025-02-17 01:06:23,70 km al NO de San Antonio de los Cobres,-23.914,-66.918,220.0,3.1,Ml
271080,2025-02-17 06:08:09,2025-02-17 03:08:09,52 km al O de Arauco,-37.124,-73.882,36.0,2.9,Ml
271085,2025-02-17 06:51:27,2025-02-17 03:51:27,65 km al SO de Ollagüe,-21.723,-68.588,117.0,3.0,Ml
271093,2025-02-17 08:33:20,2025-02-17 05:33:20,102 km al E de Alto del Carmen,-28.436,-69.513,113.0,2.9,Ml
271099,2025-02-17 08:43:48,2025-02-17 05:43:48,36 km al NE de Camiña,-19.025,-69.271,115.0,2.7,Ml
271105,2025-02-17 09:22:17,2025-02-17 06:22:17,61 km al SO de Ollagüe,-21.645,-68.634,122.0,2.6,Ml
271113,2025-02-17 10:27:21,2025-02-17 07:27:21,13 km al SE de Cuya,-19.264,-70.12,51.0,3.0,Ml
271117,2025-02-17 10:39:45,2025-02-17 07:39:45,57 km al SE de Socaire,-23.879,-67.433,215.0,3.3,Ml
271128,2025-02-17 11:56:45,2025-02-17 08:56:45,55 km al NE de Calama,-22.191,-68.489,125.0,3.0,Ml
271134,2025-02-17 12:19:07,2025-02-17 09:19:07,15 km al NO de Andacollo,-30.162,-71.218,57.0,2.7,Ml
271146,2025-02-17 12:54:18,2025-02-17 09:54:18,105 km al SE de Ollagüe,-22.055,-67.777,228.0,3.9,Ml
271148,2025-02-17 13:04:49,2025-02-17 10:04:49,34 km al NE de Patache,-20.665,-69.917,56.0,3.2,Ml
271158,2025-02-17 15:24:03,2025-02-17 12:24:03,39 km al E de El Salvador,-26.161,-69.242,126.0,3.1,Ml
271182,2025-02-17 17:01:46,2025-02-17 14:01:46,24 km al SE de Angol,-37.914,-72.474,61.0,4.4,Mw
271207,2025-02-17 19:58:02,2025-02-17 16:58:02,114 km al NO de Pichilemu,-33.848,-73.068,26.0,2.8,Ml
271219,2025-02-17 21:10:19,2025-02-17 18:10:19,113 km al NO de San Antonio de los Cobres,-23.278,-66.725,210.0,3.1,Ml
271222,2025-02-17 21:51:30,2025-02-17 18:51:30,53 km al NE de Calama,-22.029,-68.725,120.0,3.1,Ml
271242,2025-02-17 23:58:29,2025-02-17 20:58:29,47 km al SO de Ollagüe,-21.499,-68.602,118.0,2.7,Ml
271250,2025-02-18 01:01:19,2025-02-17 22:01:19,14 km al N de Cuya,-19.039,-70.147,66.0,2.8,Ml
271257,2025-02-18 02:11:18,2025-02-17 23:11:18,38 km al O de Mina Collahuasi,-20.728,-69.011,98.0,2.8,Ml
271261,2025-02-18 03:04:28,2025-02-18 00:04:28,45 km al SO de Ollagüe,-21.57,-68.479,133.0,2.6,Ml
271266,2025-02-18 03:42:36,2025-02-18 00:42:36,67 km al SO de Mina La Escondida,-24.668,-69.55,71.0,2.6,Ml
271270,2025-02-18 04:07:18,2025-02-18 01:07:18,41 km al SO de Mina Collahuasi,-21.017,-68.991,101.0,3.2,Ml
271273,2025-02-18 04:15:54,2025-02-18 01:15:54,65 km al N de Calama,-21.891,-68.833,115.0,3.2,Ml
271281,2025-02-18 04:57:56,2025-02-18 01:57:56,77 km al SO de Ollagüe,-21.8,-68.672,110.0,2.5,Ml
271296,2025-02-18 07:06:13,2025-02-18 04:06:13,40 km al SO de Mina Collahuasi,-21.032,-68.979,108.0,3.1,Ml
271310,2025-02-18 09:38:08,2025-02-18 06:38:08,76 km al SO de Ollagüe,-21.852,-68.533,110.0,2.7,Ml
271319,2025-02-18 10:39:09,2025-02-18 07:39:09,9 km al E de La Ligua,-32.433,-71.139,66.0,2.8,Ml
271326,2025-02-18 11:44:08,2025-02-18 08:44:08,29 km al SO de Ollagüe,-21.442,-68.408,133.0,2.8,Ml
271350,2025-02-18 14:40:59,2025-02-18 11:40:59,33 km al E de Sierra Gorda,-22.931,-69.005,110.0,4.0,Ml
271372,2025-02-18 17:18:49,2025-02-18 14:18:49,13 km al NO de Chañaral,-26.29,-70.738,35.0,5.5,Mw
271395,2025-02-18 19:08:52,2025-02-18 16:08:52,67 km al NE de Mina Collahuasi,-20.551,-68.081,180.0,3.6,Ml
271407,2025-02-18 19:49:22,2025-02-18 16:49:22,96 km al SE de Socaire,-24.337,-67.409,197.0,4.0,Ml
271424,2025-02-18 22:42:50,2025-02-18 19:42:50,46 km al SO de Mina Collahuasi,-21.038,-69.035,108.0,3.1,Ml
271444,2025-02-19 01:04:22,2025-02-18 22:04:22,66 km al SE de Socaire,-24.109,-67.577,212.0,3.0,Ml
271446,2025-02-19 01:06:11,2025-02-18 22:06:11,77 km al SO de Ollagüe,-21.801,-68.673,116.0,2.9,Ml
271450,2025-02-19 01:43:50,2025-02-18 22:43:50,36 km al O de Castro,-42.523,-74.205,40.0,3.2,Ml
271458,2025-02-19 02:49:25,2025-02-18 23:49:25,12 km al NO de Chañaral,-26.301,-70.732,37.0,3.7,Ml
271464,2025-02-19 03:17:00,2025-02-19 00:17:00,47 km al O de Punta de Choros,-29.395,-71.925,42.0,2.7,Ml
271476,2025-02-19 04:38:44,2025-02-19 01:38:44,17 km al SO de Tongoy,-30.38,-71.598,45.0,2.5,Ml
271478,2025-02-19 04:44:52,2025-02-19 01:44:52,37 km al NO de Camiña,-19.029,-69.608,95.0,2.6,Ml
271481,2025-02-19 04:55:44,2025-02-19 01:55:44,43 km al SO de Mina Collahuasi,-21.121,-68.924,112.0,3.4,Ml
271483,2025-02-19 04:56:03,2025-02-19 01:56:03,22 km al O de Pichidangui,-32.137,-71.759,37.0,2.6,Ml
271498,2025-02-19 05:40:20,2025-02-19 02:40:20,3 km al NO de Chañaral,-26.332,-70.641,33.0,4.4,Ml
271502,2025-02-19 06:24:02,2025-02-19 03:24:02,40 km al S de Pozo Almonte,-20.607,-69.703,41.0,3.0,Ml
271508,2025-02-19 06:46:17,2025-02-19 03:46:17,17 km al S de Cuya,-19.31,-70.148,54.0,4.6,Mw
271510,2025-02-19 06:52:25,2025-02-19 03:52:25,65 km al NE de Calama,-22.016,-68.529,126.0,2.9,Ml
271512,2025-02-19 06:55:47,2025-02-19 03:55:47,28 km al NE de Calama,-22.254,-68.795,95.0,3.1,Ml
271518,2025-02-19 07:24:51,2025-02-19 04:24:51,25 km al O de La Ligua,-32.38,-71.486,36.0,2.9,Ml
271530,2025-02-19 08:19:56,2025-02-19 05:19:56,36 km al S de Curicó,-35.299,-71.129,105.0,2.8,Ml
271534,2025-02-19 09:09:04,2025-02-19 06:09:04,58 km al NE de Socaire,-23.341,-67.386,259.0,3.2,Ml
271537,2025-02-19 09:19:30,2025-02-19 06:19:30,80 km al NE de San Pedro de Atacama,-22.284,-67.846,200.0,3.1,Ml
271548,2025-02-19 10:51:57,2025-02-19 07:51:57,22 km al O de Mina Collahuasi,-20.751,-68.851,99.0,2.6,Ml
271554,2025-02-19 11:29:46,2025-02-19 08:29:46,14 km al NO de Castro,-42.413,-73.908,32.0,3.1,Ml
271559,2025-02-19 12:01:46,2025-02-19 09:01:46,30 km al NO de Ollagüe,-21.102,-68.506,137.0,2.9,Ml
271562,2025-02-19 12:14:43,2025-02-19 09:14:43,28 km al SE de Rancagua,-34.383,-70.576,117.0,2.6,Ml
271566,2025-02-19 12:20:21,2025-02-19 09:20:21,76 km al S de Socaire,-24.271,-67.945,234.0,2.7,Ml
271571,2025-02-19 12:51:58,2025-02-19 09:51:58,56 km al NO de Puerto Cisnes,-44.353,-73.159,11.0,2.9,Ml
271574,2025-02-19 13:19:57,2025-02-19 10:19:57,25 km al NE de La Serena,-29.741,-71.075,25.0,2.6,Ml
271582,2025-02-19 14:34:15,2025-02-19 11:34:15,50 km al SO de Mina Collahuasi,-21.246,-68.835,116.0,3.0,Ml
271585,2025-02-19 14:39:40,2025-02-19 11:39:40,28 km al NO de Petorca,-32.033,-71.087,74.0,3.3,Ml
271596,2025-02-19 15:14:39,2025-02-19 12:14:39,26 km al E de Vichuquén,-34.809,-71.73,37.0,2.7,Ml
271603,2025-02-19 16:06:08,2025-02-19 13:06:08,105 km al S de Puerto Natales,-52.671,-72.406,10.0,3.9,Ml
271644,2025-02-19 18:57:41,2025-02-19 15:57:41,14 km al S de La Serena,-30.029,-71.244,49.0,4.1,Ml
271645,2025-02-19 19:05:12,2025-02-19 16:05:12,72 km al SO de Ollagüe,-21.768,-68.63,131.0,3.3,Ml
271667,2025-02-19 20:42:00,2025-02-19 17:42:00,32 km al N de Calama,-22.182,-68.942,124.0,3.3,Ml
271677,2025-02-19 22:07:52,2025-02-19 19:07:52,54 km al NO de Chañaral,-25.918,-70.867,27.0,2.8,Ml
271683,2025-02-19 23:41:44,2025-02-19 20:41:44,59 km al S de Socaire,-24.083,-67.688,239.0,3.1,Ml
271687,2025-02-19 23:55:07,2025-02-19 20:55:07,63 km al E de Quillagua,-21.482,-68.959,99.0,2.5,Ml
271695,2025-02-20 01:18:35,2025-02-19 22:18:35,51 km al S de Camiña,-19.768,-69.483,87.0,2.5,Ml
271698,2025-02-20 01:19:40,2025-02-19 22:19:40,88 km al E de Socaire,-23.789,-67.051,240.0,3.6,Ml
271713,2025-02-20 03:06:26,2025-02-20 00:06:26,72 km al S de Socaire,-24.235,-67.808,232.0,3.4,Ml
271730,2025-02-20 04:41:20,2025-02-20 01:41:20,36 km al SO de Ollagüe,-21.496,-68.437,123.0,2.9,Ml
271742,2025-02-20 06:22:05,2025-02-20 03:22:05,42 km al S de Camiña,-19.689,-69.367,114.0,4.9,Mw
271750,2025-02-20 07:00:50,2025-02-20 04:00:50,30 km al S de San Fernando,-34.846,-70.928,107.0,2.6,Ml
271786,2025-02-20 11:53:12,2025-02-20 08:53:12,82 km al NE de San Pedro de Atacama,-22.249,-67.858,209.0,3.5,Ml
271792,2025-02-20 12:43:03,2025-02-20 09:43:03,107 km al E de Socaire,-23.272,-66.901,223.0,2.8,Ml
271811,2025-02-20 13:24:47,2025-02-20 10:24:47,15 km al NO de Pichidangui,-32.024,-71.625,32.0,2.5,Ml
271815,2025-02-20 13:49:58,2025-02-20 10:49:58,23 km al SO de Socaire,-23.783,-67.98,141.0,2.5,Ml
271858,2025-02-20 16:32:16,2025-02-20 13:32:16,60 km al SE de Socaire,-23.998,-67.501,252.0,2.6,Ml
271862,2025-02-20 16:46:36,2025-02-20 13:46:36,77 km al SE de Socaire,-24.054,-67.328,211.0,3.2,Ml
271883,2025-02-20 18:03:46,2025-02-20 15:03:46,20 km al NO de Punitaqui,-30.702,-71.403,42.0,3.3,Ml
271894,2025-02-20 18:59:58,2025-02-20 15:59:58,107 km al NE de Socaire,-23.022,-67.046,272.0,3.4,Ml
271897,2025-02-20 19:13:28,2025-02-20 16:13:28,40 km al NO de Mina Collahuasi,-20.507,-68.843,114.0,3.5,Ml
271903,2025-02-20 19:21:22,2025-02-20 16:21:22,50 km al S de Mina Collahuasi,-21.251,-68.825,117.0,2.9,Ml
271923,2025-02-20 20:21:21,2025-02-20 17:21:21,86 km al O de San Antonio de los Cobres,-23.941,-67.103,234.0,3.0,Ml
271927,2025-02-20 20:52:24,2025-02-20 17:52:24,41 km al N de Camiña,-18.947,-69.411,100.0,3.0,Ml
271944,2025-02-20 22:08:15,2025-02-20 19:08:15,105 km al E de San Pedro de Atacama,-22.883,-67.178,238.0,2.5,Ml
271945,2025-02-20 22:09:17,2025-02-20 19:09:17,40 km al E de Monte Patria,-30.779,-70.548,119.0,4.0,Ml
271951,2025-02-20 22:21:02,2025-02-20 19:21:02,32 km al SE de Paihuano,-30.242,-70.299,118.0,2.5,Ml
271954,2025-02-20 22:48:06,2025-02-20 19:48:06,18 km al NO de Mina La Escondida,-24.138,-69.159,95.0,2.7,Ml
271960,2025-02-20 23:16:25,2025-02-20 20:16:25,72 km al E de Socaire,-23.856,-67.24,243.0,3.5,Ml
271967,2025-02-20 23:38:09,2025-02-20 20:38:09,20 km al S de Canela Baja,-31.575,-71.492,78.0,3.8,Ml
271985,2025-02-21 03:58:38,2025-02-21 00:58:38,74 km al S de Ollagüe,-21.853,-68.498,123.0,2.5,Ml
271992,2025-02-21 04:44:32,2025-02-21 01:44:32,73 km al NE de San Pedro de Atacama,-22.363,-67.83,210.0,2.8,Ml
271995,2025-02-21 04:59:56,2025-02-21 01:59:56,16 km al NO de Punitaqui,-30.716,-71.356,46.0,2.5,Ml
271996,2025-02-21 05:10:16,2025-02-21 02:10:16,57 km al S de Socaire,-24.076,-67.721,248.0,2.9,Ml
272001,2025-02-21 06:20:22,2025-02-21 03:20:22,24 km al SE de Arica,-18.662,-70.209,64.0,2.5,Ml
272006,2025-02-21 06:50:07,2025-02-21 03:50:07,36 km al SE de Patache,-21.049,-69.974,31.0,2.8,Ml
272013,2025-02-21 07:32:46,2025-02-21 04:32:46,62 km al E de Quillagua,-21.632,-68.935,99.0,2.7,Ml
272019,2025-02-21 07:59:04,2025-02-21 04:59:04,32 km al O de Tirúa,-38.297,-73.856,41.0,3.3,Ml
272022,2025-02-21 08:17:40,2025-02-21 05:17:40,29 km al NO de Angol,-37.648,-72.973,61.0,3.7,Ml
272045,2025-02-21 12:29:23,2025-02-21 09:29:23,30 km al O de Canela Baja,-31.285,-71.742,38.0,3.2,Ml
272053,2025-02-21 13:19:04,2025-02-21 10:19:04,52 km al SE de Camiña,-19.661,-69.09,94.0,2.5,Ml
272058,2025-02-21 13:21:44,2025-02-21 10:21:44,64 km al SE de Socaire,-24.106,-67.62,263.0,3.1,Ml
272082,2025-02-21 15:30:23,2025-02-21 12:30:23,47 km al E de Sierra Gorda,-23.005,-68.875,100.0,3.1,Ml
272121,2025-02-21 17:59:37,2025-02-21 14:59:37,15 km al O de La Higuera,-29.551,-71.345,35.0,2.5,Ml
272150,2025-02-21 19:34:37,2025-02-21 16:34:37,71 km al SE de Socaire,-24.134,-67.517,232.0,3.9,Ml
272155,2025-02-21 19:42:33,2025-02-21 16:42:33,40 km al E de Futrono,-39.992,-71.953,3.0,2.2,Ml
272153,2025-02-21 19:43:17,2025-02-21 16:43:17,46 km al S de Mina Collahuasi,-21.234,-68.717,120.0,3.0,Ml
272167,2025-02-21 20:26:14,2025-02-21 17:26:14,21 km al S de Canela Baja,-31.587,-71.446,48.0,2.6,Ml
272185,2025-02-21 21:18:34,2025-02-21 18:18:34,58 km al E de Sierra Gorda,-23.038,-68.778,138.0,3.1,Ml
272196,2025-02-21 23:38:10,2025-02-21 20:38:10,32 km al N de Camiña,-19.028,-69.373,103.0,3.1,Ml
272202,2025-02-22 00:07:15,2025-02-21 21:07:15,22 km al NO de Los Vilos,-31.79,-71.691,65.0,4.2,Ml
272206,2025-02-22 01:26:41,2025-02-21 22:26:41,21 km al SE de El Salvador,-26.402,-69.501,15.0,3.7,Ml
272216,2025-02-22 02:43:56,2025-02-21 23:43:56,6 km al O de Alto del Carmen,-28.778,-70.542,79.0,2.6,Ml
272234,2025-02-22 04:56:52,2025-02-22 01:56:52,47 km al SE de Socaire,-23.852,-67.524,240.0,3.0,Ml
272255,2025-02-22 09:02:17,2025-02-22 06:02:17,59 km al E de Mina Los Pelambres,-31.633,-70.001,124.0,2.5,Ml
272263,2025-02-22 09:59:21,2025-02-22 06:59:21,30 km al O de Ollagüe,-21.132,-68.525,124.0,2.8,Ml
272268,2025-02-22 10:24:27,2025-02-22 07:24:27,40 km al E de Pica,-20.562,-68.953,101.0,3.3,Ml
272273,2025-02-22 11:00:00,2025-02-22 08:00:00,25 km al O de Ollagüe,-21.192,-68.489,133.0,2.9,Ml
272282,2025-02-22 11:39:58,2025-02-22 08:39:58,46 km al NE de Quillagua,-21.401,-69.188,81.0,2.7,Ml
272286,2025-02-22 12:25:00,2025-02-22 09:25:00,25 km al SO de Pichidangui,-32.237,-71.771,33.0,3.8,Ml
272294,2025-02-22 13:01:08,2025-02-22 10:01:08,40 km al NE de Calama,-22.176,-68.705,113.0,2.6,Ml
272300,2025-02-22 13:20:21,2025-02-22 10:20:21,66 km al NE de San Pedro de Atacama,-22.428,-67.847,178.0,3.6,Ml
272312,2025-02-22 15:34:36,2025-02-22 12:34:36,45 km al SO de Mina Collahuasi,-21.092,-68.979,109.0,2.8,Ml
272314,2025-02-22 15:35:46,2025-02-22 12:35:46,60 km al SE de Socaire,-24.014,-67.532,211.0,3.2,Ml
272327,2025-02-22 16:29:11,2025-02-22 13:29:11,43 km al SO de Mina Collahuasi,-21.062,-68.986,112.0,2.9,Ml
272392,2025-02-22 21:11:11,2025-02-22 18:11:11,80 km al SE de Socaire,-23.967,-67.223,221.0,2.7,Ml
272393,2025-02-22 21:15:01,2025-02-22 18:15:01,40 km al SO de Mina Collahuasi,-21.001,-68.989,110.0,2.5,Ml
272400,2025-02-22 21:33:32,2025-02-22 18:33:32,30 km al NO de Camiña,-19.061,-69.531,85.0,2.5,Ml
272416,2025-02-22 22:20:23,2025-02-22 19:20:23,147 km al O de Isla Guamblin,-45.5,-76.72,10.0,5.3,Mww
272418,2025-02-22 22:37:47,2025-02-22 19:37:47,77 km al SE de Socaire,-24.027,-67.306,193.0,2.9,Ml
272431,2025-02-23 00:52:28,2025-02-22 21:52:28,17 km al N de Quintero,-32.621,-71.517,55.0,2.8,Ml
272441,2025-02-23 02:02:51,2025-02-22 23:02:51,26 km al NE de Copiapó,-27.222,-70.122,99.0,3.7,Ml
272456,2025-02-23 04:09:49,2025-02-23 01:09:49,9 km al S de Parque Fray Jorge,-30.736,-71.655,30.0,2.9,Ml
272464,2025-02-23 04:44:28,2025-02-23 01:44:28,37 km al SE de Calama,-22.75,-68.738,128.0,3.8,Ml
272479,2025-02-23 06:06:00,2025-02-23 03:06:00,57 km al NE de Los Andes,-32.453,-70.197,124.0,2.6,Ml
272481,2025-02-23 06:25:28,2025-02-23 03:25:28,16 km al E de Casablanca,-33.26,-71.251,59.0,2.6,Ml
272500,2025-02-23 09:16:47,2025-02-23 06:16:47,105 km al SE de Socaire,-24.434,-67.42,210.0,3.8,Ml
272513,2025-02-23 11:08:05,2025-02-23 08:08:05,43 km al SO de Ollagüe,-21.573,-68.443,134.0,3.1,Ml
272519,2025-02-23 12:11:10,2025-02-23 09:11:10,25 km al SE de Pica,-20.598,-69.119,87.0,2.4,Ml
272568,2025-02-23 18:53:28,2025-02-23 15:53:28,43 km al NE de Mina Los Pelambres,-31.6,-70.21,116.0,3.2,Ml
272579,2025-02-23 20:30:14,2025-02-23 17:30:14,61 km al E de Socaire,-23.564,-67.295,181.0,3.1,Ml
272597,2025-02-23 22:48:08,2025-02-23 19:48:08,23 km al SE de Calama,-22.572,-68.735,103.0,3.2,Ml
272599,2025-02-23 23:07:35,2025-02-23 20:07:35,26 km al N de Mina La Escondida,-24.037,-69.022,100.0,4.5,Mw
272606,2025-02-23 23:58:39,2025-02-23 20:58:39,115 km al O de El Tabo,-33.349,-72.901,31.0,2.9,Ml
272612,2025-02-24 00:32:19,2025-02-23 21:32:19,40 km al E de Patache,-20.849,-69.817,63.0,2.9,Ml
272619,2025-02-24 01:42:56,2025-02-23 22:42:56,40 km al E de La Higuera,-29.385,-70.816,59.0,3.4,Ml
272625,2025-02-24 02:26:42,2025-02-23 23:26:42,30 km al S de Calama,-22.739,-68.874,99.0,2.8,Ml
272651,2025-02-24 05:07:24,2025-02-24 02:07:24,53 km al SO de Mina Collahuasi,-21.261,-68.861,113.0,2.8,Ml
272662,2025-02-24 07:05:12,2025-02-24 04:05:12,84 km al SE de Socaire,-24.128,-67.314,201.0,3.1,Ml
272692,2025-02-24 11:38:18,2025-02-24 08:38:18,65 km al E de Combarbalá,-31.09,-70.332,100.0,3.1,Ml
272700,2025-02-24 12:25:58,2025-02-24 09:25:58,207 km al NO de Cabo Raper,-45.64,-77.74,10.0,5.2,Mb
274687,2025-02-24 12:30:43,2025-02-24 09:30:43,178 km al NO de Cabo Raper,-45.68,-77.29,10.0,4.9,Mb
272706,2025-02-24 13:33:00,2025-02-24 10:33:00,54 km al E de Quillagua,-21.733,-69.019,89.0,2.6,Ml
272714,2025-02-24 13:51:29,2025-02-24 10:51:29,47 km al O de Tongoy,-30.111,-71.957,29.0,2.5,Ml
272716,2025-02-24 14:19:16,2025-02-24 11:19:16,39 km al SE de Pica,-20.796,-69.153,110.0,2.9,Ml
272721,2025-02-24 15:06:59,2025-02-24 12:06:59,64 km al SO de Ollagüe,-21.481,-68.807,100.0,3.0,Ml
272801,2025-02-24 22:23:33,2025-02-24 19:23:33,149 km al SO de Ilo,-18.699,-72.215,15.0,3.4,Ml
272823,2025-02-25 01:58:55,2025-02-24 22:58:55,20 km al O de Arica,-18.467,-70.508,57.0,3.3,Ml
272833,2025-02-25 03:30:50,2025-02-25 00:30:50,65 km al NO de Tongoy,-29.884,-72.01,36.0,2.5,Ml
272836,2025-02-25 03:45:36,2025-02-25 00:45:36,35 km al SE de Rancagua,-34.43,-70.536,118.0,2.9,Ml
272856,2025-02-25 06:06:07,2025-02-25 03:06:07,55 km al N de Calama,-22.004,-68.756,129.0,2.6,Ml
272867,2025-02-25 07:42:44,2025-02-25 04:42:44,42 km al N de Punta de Choros,-28.87,-71.469,38.0,3.6,Ml
272870,2025-02-25 07:53:45,2025-02-25 04:53:45,22 km al E de Villarrica,-39.363,-71.997,95.0,2.7,Ml
272881,2025-02-25 08:52:17,2025-02-25 05:52:17,18 km al O de Ovalle,-30.602,-71.391,54.0,3.0,Ml
272887,2025-02-25 09:28:35,2025-02-25 06:28:35,76 km al NE de Calama,-21.833,-68.664,118.0,3.2,Ml
272890,2025-02-25 09:53:42,2025-02-25 06:53:42,49 km al S de Calama,-22.893,-68.799,115.0,2.6,Ml
272893,2025-02-25 10:27:13,2025-02-25 07:27:13,31 km al O de Taltal,-25.42,-70.797,52.0,3.7,Ml
272932,2025-02-25 14:54:19,2025-02-25 11:54:19,64 km al SE de Socaire,-23.868,-67.345,240.0,4.2,Ml
272950,2025-02-25 15:58:37,2025-02-25 12:58:37,34 km al S de Mina Collahuasi,-21.13,-68.717,101.0,2.9,Ml
272986,2025-02-25 19:07:29,2025-02-25 16:07:29,37 km al NE de Pica,-20.351,-69.004,108.0,3.3,Ml
272996,2025-02-25 20:16:10,2025-02-25 17:16:10,50 km al SO de Mina Collahuasi,-21.187,-68.938,110.0,3.1,Ml
272999,2025-02-25 20:17:25,2025-02-25 17:17:25,8 km al N de Farellones,-33.287,-70.338,113.0,3.4,Ml
273007,2025-02-25 20:40:52,2025-02-25 17:40:52,44 km al SO de Mina Collahuasi,-21.093,-68.971,107.0,2.9,Ml
273005,2025-02-25 20:41:19,2025-02-25 17:41:19,92 km al NO de Navidad,-33.518,-72.676,28.0,3.4,Ml
273010,2025-02-25 21:10:35,2025-02-25 18:10:35,62 km al E de Copiapó,-27.52,-69.729,116.0,4.3,Ml
273014,2025-02-25 21:48:06,2025-02-25 18:48:06,32 km al NO de Rancagua,-33.953,-70.972,84.0,3.4,Ml
273063,2025-02-26 05:53:43,2025-02-26 02:53:43,50 km al SE de Camiña,-19.734,-69.248,98.0,4.1,Ml
273076,2025-02-26 07:28:45,2025-02-26 04:28:45,19 km al E de Tongoy,-30.228,-71.303,64.0,2.7,Ml
273078,2025-02-26 07:36:01,2025-02-26 04:36:01,28 km al NO de Mina Collahuasi,-20.662,-68.858,101.0,2.6,Ml
273097,2025-02-26 10:12:59,2025-02-26 07:12:59,84 km al E de Socaire,-23.82,-67.105,253.0,4.1,Ml
273101,2025-02-26 10:30:07,2025-02-26 07:30:07,11 km al N de Pichidangui,-32.034,-71.546,39.0,3.6,Ml
273105,2025-02-26 10:44:28,2025-02-26 07:44:28,34 km al NO de Socaire,-23.372,-68.124,136.0,4.4,Ml
273106,2025-02-26 10:49:59,2025-02-26 07:49:59,22 km al E de Ollagüe,-21.237,-68.046,177.0,3.8,Ml
273112,2025-02-26 11:36:53,2025-02-26 08:36:53,32 km al N de Mejillones,-22.817,-70.482,25.0,2.5,Ml
273116,2025-02-26 11:47:48,2025-02-26 08:47:48,48 km al SO de Mina Collahuasi,-21.191,-68.899,112.0,3.1,Ml
273127,2025-02-26 13:18:03,2025-02-26 10:18:03,38 km al S de Patache,-21.153,-70.228,66.0,2.8,Ml
273243,2025-02-26 20:50:30,2025-02-26 17:50:30,109 km al NE de San Pedro de Atacama,-22.083,-67.649,202.0,3.4,Ml
273267,2025-02-26 23:18:19,2025-02-26 20:18:19,51 km al S de Mina Collahuasi,-21.257,-68.817,113.0,2.7,Ml
273281,2025-02-27 02:07:36,2025-02-26 23:07:36,43 km al S de Mina Collahuasi,-21.211,-68.682,110.0,3.1,Ml
273300,2025-02-27 04:19:08,2025-02-27 01:19:08,62 km al S de Patache,-21.368,-70.247,34.0,2.5,Ml
273317,2025-02-27 05:35:21,2025-02-27 02:35:21,10 km al NE de Pica,-20.434,-69.251,107.0,2.9,Ml
273320,2025-02-27 05:40:12,2025-02-27 02:40:12,66 km al O de Canela Baja,-31.186,-72.107,56.0,2.7,Ml
273328,2025-02-27 06:56:02,2025-02-27 03:56:02,72 km al N de Tocopilla,-21.462,-70.356,21.0,2.7,Ml
273338,2025-02-27 08:28:32,2025-02-27 05:28:32,49 km al SO de Mina Collahuasi,-21.102,-69.021,105.0,2.7,Ml
273344,2025-02-27 08:44:19,2025-02-27 05:44:19,70 km al NE de Calama,-21.887,-68.669,109.0,3.5,Ml
273359,2025-02-27 09:54:25,2025-02-27 06:54:25,19 km al O de Pichidangui,-32.158,-71.731,63.0,2.5,Ml
273375,2025-02-27 12:22:27,2025-02-27 09:22:27,156 km al O de Valdivia,-39.392,-74.981,23.0,3.7,Ml
273379,2025-02-27 13:05:26,2025-02-27 10:05:26,74 km al S de Mina La Escondida,-24.926,-68.926,102.0,2.6,Ml
273383,2025-02-27 13:20:57,2025-02-27 10:20:57,28 km al SO de Huasco,-28.679,-71.382,31.0,3.1,Ml
273386,2025-02-27 14:17:58,2025-02-27 11:17:58,58 km al NE de Los Andes,-32.475,-70.147,106.0,2.9,Ml
273388,2025-02-27 14:26:39,2025-02-27 11:26:39,94 km al NE de San Pedro de Atacama,-22.231,-67.671,221.0,3.0,Ml
273390,2025-02-27 14:48:40,2025-02-27 11:48:40,97 km al NE de Alto del Carmen,-28.172,-69.75,110.0,2.8,Ml
274144,2025-02-27 15:11:57,2025-02-27 12:11:57,104 km al O de Base Prat,-63.082,-61.228,18.0,3.1,Ml
273398,2025-02-27 15:53:03,2025-02-27 12:53:03,60 km al E de Quillagua,-21.71,-68.96,96.0,2.5,Ml
273401,2025-02-27 15:59:03,2025-02-27 12:59:03,61 km al SO de San Pedro de Atacama,-23.154,-68.737,111.0,4.0,Ml
273408,2025-02-27 16:32:38,2025-02-27 13:32:38,36 km al NO de Quillagua,-21.438,-69.787,43.0,2.6,Ml
273413,2025-02-27 17:21:32,2025-02-27 14:21:32,26 km al SE de Calama,-22.576,-68.703,140.0,2.5,Ml
273419,2025-02-27 17:44:02,2025-02-27 14:44:02,43 km al O de Mina Collahuasi,-20.804,-69.069,104.0,2.5,Ml
273438,2025-02-27 19:03:22,2025-02-27 16:03:22,145 km al O de Toltén,-39.266,-74.848,27.0,3.4,Ml
273445,2025-02-27 20:27:00,2025-02-27 17:27:00,47 km al E de Pica,-20.327,-68.912,106.0,2.6,Ml
273451,2025-02-27 21:33:44,2025-02-27 18:33:44,16 km al E de La Ligua,-32.467,-71.062,68.0,2.6,Ml
273459,2025-02-27 22:29:13,2025-02-27 19:29:13,85 km al E de Monte Patria,-30.966,-70.123,127.0,3.4,Ml
273486,2025-02-28 02:09:38,2025-02-27 23:09:38,49 km al S de Mina Collahuasi,-21.255,-68.753,124.0,2.6,Ml
273490,2025-02-28 02:23:10,2025-02-27 23:23:10,61 km al S de Patache,-21.359,-70.261,35.0,3.7,Ml
273499,2025-02-28 02:54:29,2025-02-27 23:54:29,13 km al SO de Valparaíso,-33.1,-71.735,38.0,2.6,Ml
273515,2025-02-28 04:17:06,2025-02-28 01:17:06,64 km al NE de San Pedro de Atacama,-22.42,-67.9,192.0,2.9,Ml
273526,2025-02-28 04:55:35,2025-02-28 01:55:35,40 km al SO de Putre,-18.481,-69.791,92.0,3.5,Ml
273528,2025-02-28 05:02:10,2025-02-28 02:02:10,23 km al S de Canela Baja,-31.604,-71.447,38.0,2.9,Ml
273533,2025-02-28 05:31:29,2025-02-28 02:31:29,8 km al NE de Caleta El Cobre,-24.199,-70.477,35.0,3.0,Ml
273550,2025-02-28 07:50:48,2025-02-28 04:50:48,57 km al SE de Socaire,-24.036,-67.623,230.0,2.9,Ml
273551,2025-02-28 08:22:37,2025-02-28 05:22:37,26 km al E de Calama,-22.539,-68.687,111.0,2.6,Ml
273567,2025-02-28 08:58:42,2025-02-28 05:58:42,28 km al NO de Calama,-22.237,-69.028,93.0,2.7,Ml
273593,2025-02-28 10:15:13,2025-02-28 07:15:13,59 km al O de Ollagüe,-21.372,-68.801,123.0,2.8,Ml
273599,2025-02-28 10:35:45,2025-02-28 07:35:45,75 km al E de Socaire,-23.816,-67.195,260.0,3.6,Ml
273602,2025-02-28 10:39:00,2025-02-28 07:39:00,39 km al SE de Taltal,-25.694,-70.265,47.0,3.0,Ml
273604,2025-02-28 10:51:43,2025-02-28 07:51:43,65 km al SE de Socaire,-24.134,-67.646,259.0,3.1,Ml
273606,2025-02-28 10:53:42,2025-02-28 07:53:42,51 km al NE de Pozo Almonte,-19.831,-69.609,56.0,2.5,Mlh
273609,2025-02-28 11:24:11,2025-02-28 08:24:11,41 km al SO de Ollagüe,-21.515,-68.5,147.0,2.5,Ml
273618,2025-02-28 12:15:26,2025-02-28 09:15:26,54 km al E de Quillagua,-21.669,-69.016,86.0,2.7,Ml
273629,2025-02-28 14:04:40,2025-02-28 11:04:40,59 km al SE de Paihuano,-30.311,-69.997,131.0,3.6,Ml
273632,2025-02-28 14:12:29,2025-02-28 11:12:29,33 km al NE de Calama,-22.241,-68.723,121.0,2.6,Ml
273657,2025-02-28 17:37:52,2025-02-28 14:37:52,80 km al SE de Socaire,-24.055,-67.284,212.0,4.1,Ml
273659,2025-02-28 17:46:16,2025-02-28 14:46:16,47 km al SO de Mina Collahuasi,-21.199,-68.876,118.0,2.5,Ml
273669,2025-02-28 18:45:42,2025-02-28 15:45:42,78 km al NE de San Pedro de Atacama,-22.37,-67.722,208.0,2.9,Ml
273696,2025-02-28 22:22:51,2025-02-28 19:22:51,33 km al SE de Pisagua,-19.751,-69.939,40.0,2.6,Ml
273698,2025-02-28 23:50:19,2025-02-28 20:50:19,83 km al SE de Socaire,-24.214,-67.438,204.0,3.5,Ml
273700,2025-03-01 00:23:24,2025-02-28 21:23:24,104 km al S de Mina La Escondida,-25.204,-69.034,108.0,2.6,Ml
273704,2025-03-01 00:42:39,2025-02-28 21:42:39,22 km al SO de Socaire,-23.699,-68.068,189.0,3.0,Ml
273707,2025-03-01 00:45:44,2025-02-28 21:45:44,44 km al N de Punta de Choros,-28.851,-71.48,36.0,2.7,Ml
273709,2025-03-01 01:11:48,2025-02-28 22:11:48,79 km al S de Socaire,-24.269,-67.659,223.0,3.1,Ml
273719,2025-03-01 01:53:04,2025-02-28 22:53:04,46 km al N de Diego de Almagro,-25.978,-70.02,82.0,2.5,Ml
273722,2025-03-01 02:06:09,2025-02-28 23:06:09,30 km al SO de Pichidangui,-32.257,-71.809,30.0,3.4,Ml
273745,2025-03-01 03:07:14,2025-03-01 00:07:14,68 km al SE de Socaire,-23.933,-67.334,238.0,3.1,Ml
273757,2025-03-01 03:42:56,2025-03-01 00:42:56,78 km al SE de Socaire,-24.143,-67.425,219.0,3.6,Ml
273773,2025-03-01 04:29:39,2025-03-01 01:29:39,27 km al SO de Pica,-20.664,-69.512,102.0,3.1,Ml
273806,2025-03-01 07:15:55,2025-03-01 04:15:55,74 km al SO de Ollagüe,-21.84,-68.528,130.0,4.3,Ml
273822,2025-03-01 09:22:15,2025-03-01 06:22:15,19 km al NE de Casablanca,-33.215,-71.251,66.0,4.1,Ml
273843,2025-03-01 11:48:00,2025-03-01 08:48:00,42 km al SE de Antofagasta,-23.937,-70.128,50.0,2.5,Ml
273853,2025-03-01 13:31:46,2025-03-01 10:31:46,21 km al O de Los Vilos,-31.991,-71.708,31.0,2.7,Ml
273868,2025-03-01 15:40:59,2025-03-01 12:40:59,19 km al O de Quintero,-32.723,-71.719,18.0,2.8,Ml
273870,2025-03-01 15:50:03,2025-03-01 12:50:03,53 km al SO de Ollagüe,-21.58,-68.599,124.0,3.0,Ml
273880,2025-03-01 17:07:44,2025-03-01 14:07:44,58 km al SE de Socaire,-23.971,-67.507,241.0,2.8,Ml
273883,2025-03-01 17:20:32,2025-03-01 14:20:32,116 km al NO de Carrizal Bajo,-27.577,-72.183,22.0,2.9,Ml
273887,2025-03-01 17:44:30,2025-03-01 14:44:30,49 km al S de Pica,-20.926,-69.246,104.0,2.7,Ml
273888,2025-03-01 17:51:35,2025-03-01 14:51:35,132 km al NO de Pichilemu,-33.849,-73.287,28.0,2.5,Ml
273903,2025-03-01 18:58:20,2025-03-01 15:58:20,30 km al NO de Mina Collahuasi,-20.647,-68.875,103.0,2.5,Ml
273905,2025-03-01 19:04:18,2025-03-01 16:04:18,107 km al E de Paihuano,-29.835,-69.426,114.0,2.7,Ml
273924,2025-03-01 21:05:43,2025-03-01 18:05:43,21 km al E de Vichuquén,-34.803,-71.783,43.0,3.6,Ml
273930,2025-03-01 21:59:56,2025-03-01 18:59:56,58 km al N de Tocopilla,-21.573,-70.241,66.0,2.9,Ml
273932,2025-03-01 22:03:40,2025-03-01 19:03:40,35 km al O de La Serena,-29.829,-71.606,33.0,2.6,Ml
273936,2025-03-01 22:20:05,2025-03-01 19:20:05,25 km al NE de Pica,-20.389,-69.119,89.0,2.6,Ml
273949,2025-03-01 23:52:50,2025-03-01 20:52:50,68 km al NE de Mina Los Pelambres,-31.279,-70.27,121.0,3.2,Ml
273961,2025-03-02 01:38:48,2025-03-01 22:38:48,65 km al S de Socaire,-24.142,-68.085,146.0,3.4,Ml
273985,2025-03-02 05:59:06,2025-03-02 02:59:06,26 km al E de Calama,-22.391,-68.689,117.0,4.1,Ml
273991,2025-03-02 06:41:20,2025-03-02 03:41:20,33 km al NE de Calama,-22.345,-68.634,116.0,3.2,Ml
274009,2025-03-02 08:25:39,2025-03-02 05:25:39,40 km al O de La Serena,-29.834,-71.66,40.0,3.4,Ml
274014,2025-03-02 08:26:15,2025-03-02 05:26:15,91 km al NE de Socaire,-23.217,-67.101,260.0,3.4,Ml
274027,2025-03-02 09:47:41,2025-03-02 06:47:41,34 km al NE de Mina Los Pelambres,-31.616,-70.329,134.0,3.4,Ml
274049,2025-03-02 11:56:06,2025-03-02 08:56:06,27 km al O de Puerto Montt,-41.413,-73.255,57.0,3.4,Ml
274056,2025-03-02 12:31:37,2025-03-02 09:31:37,17 km al SO de Huasco,-28.598,-71.303,50.0,3.0,Ml
274057,2025-03-02 12:34:41,2025-03-02 09:34:41,11 km al N de Lebu,-37.515,-73.667,30.0,3.0,Ml
274060,2025-03-02 13:00:28,2025-03-02 10:00:28,50 km al E de Ollagüe,-21.163,-67.771,205.0,3.6,Ml
274064,2025-03-02 13:36:10,2025-03-02 10:36:10,26 km al O de Mina Collahuasi,-20.745,-68.888,92.0,3.5,Ml
274067,2025-03-02 14:11:15,2025-03-02 11:11:15,79 km al E de Mina La Escondida,-24.468,-68.304,172.0,3.1,Ml
274071,2025-03-02 14:22:08,2025-03-02 11:22:08,37 km al N de Vallenar,-28.257,-70.628,51.0,3.8,Ml
274086,2025-03-02 15:41:30,2025-03-02 12:41:30,39 km al NE de Pica,-20.224,-69.085,102.0,2.9,Ml
274097,2025-03-02 16:07:53,2025-03-02 13:07:53,59 km al O de Puerto Aguirre,-45.227,-74.275,7.0,2.8,Ml
274112,2025-03-02 18:02:25,2025-03-02 15:02:25,70 km al S de Socaire,-24.188,-67.664,226.0,3.1,Ml
274113,2025-03-02 18:18:26,2025-03-02 15:18:26,64 km al SE de Socaire,-24.109,-67.617,253.0,2.9,Ml
274116,2025-03-02 18:38:05,2025-03-02 15:38:05,50 km al SO de Colchane,-19.568,-69.007,110.0,2.8,Ml
274120,2025-03-02 18:55:59,2025-03-02 15:55:59,20 km al NO de Ollagüe,-21.088,-68.375,141.0,2.7,Ml
274127,2025-03-02 19:14:27,2025-03-02 16:14:27,41 km al SO de Ollagüe,-21.457,-68.559,138.0,2.7,Ml
274157,2025-03-02 22:23:18,2025-03-02 19:23:18,35 km al SO de Pica,-20.69,-69.593,91.0,4.6,Mw
274169,2025-03-02 23:35:58,2025-03-02 20:35:58,52 km al SO de María Elena,-22.741,-69.925,48.0,2.6,Ml
274176,2025-03-03 00:53:14,2025-03-02 21:53:14,9 km al O de Andacollo,-30.218,-71.18,73.0,2.9,Ml
274179,2025-03-03 01:22:33,2025-03-02 22:22:33,59 km al NE de San Pedro de Atacama,-22.441,-67.955,208.0,2.5,Ml
274183,2025-03-03 02:24:06,2025-03-02 23:24:06,35 km al SO de Pica,-20.622,-69.634,42.0,3.6,Ml
274187,2025-03-03 02:45:23,2025-03-02 23:45:23,31 km al O de Patache,-20.764,-70.5,52.0,2.5,Ml
274213,2025-03-03 03:56:05,2025-03-03 00:56:05,77 km al NE de Calama,-21.837,-68.624,128.0,3.5,Ml
274217,2025-03-03 04:40:36,2025-03-03 01:40:36,102 km al E de San Pedro de Atacama,-22.844,-67.208,226.0,4.4,Mw
274221,2025-03-03 04:53:10,2025-03-03 01:53:10,51 km al SE de Socaire,-23.923,-67.55,230.0,2.6,Ml
274228,2025-03-03 05:18:16,2025-03-03 02:18:16,35 km al NO de Futrono,-39.966,-72.743,66.0,2.8,Ml
274254,2025-03-03 09:06:53,2025-03-03 06:06:53,53 km al O de Socaire,-23.529,-68.406,125.0,3.0,Ml
274265,2025-03-03 11:03:24,2025-03-03 08:03:24,55 km al S de Socaire,-24.079,-67.785,260.0,3.3,Ml
274287,2025-03-03 13:21:05,2025-03-03 10:21:05,30 km al NO de Ollagüe,-21.115,-68.517,138.0,2.7,Ml
274337,2025-03-03 19:16:43,2025-03-03 16:16:43,60 km al O de Navidad,-33.905,-72.482,37.0,4.6,Mw
274343,2025-03-03 19:46:57,2025-03-03 16:46:57,75 km al NE de Socaire,-23.136,-67.347,271.0,3.4,Ml
274357,2025-03-03 22:48:03,2025-03-03 19:48:03,74 km al S de Ollagüe,-21.866,-68.454,133.0,3.2,Ml
274360,2025-03-03 23:28:41,2025-03-03 20:28:41,42 km al SO de Mina Collahuasi,-21.093,-68.941,109.0,2.7,Ml
274372,2025-03-04 01:00:31,2025-03-03 22:00:31,24 km al E de Quillota,-32.785,-71.017,68.0,3.1,Ml
274387,2025-03-04 03:32:13,2025-03-04 00:32:13,40 km al E de El Salvador,-26.145,-69.245,110.0,3.1,Ml
274391,2025-03-04 03:37:37,2025-03-04 00:37:37,33 km al SE de Valdivia,-40.04,-72.999,50.0,2.8,Ml
274402,2025-03-04 05:10:53,2025-03-04 02:10:53,64 km al SE de Socaire,-24.122,-67.658,240.0,3.4,Ml
274406,2025-03-04 05:56:12,2025-03-04 02:56:12,9 km al E de Parque Fray Jorge,-30.626,-71.594,23.0,2.8,Ml
274407,2025-03-04 05:59:43,2025-03-04 02:59:43,37 km al SE de Pica,-20.645,-69.012,100.0,3.4,Ml
274426,2025-03-04 07:54:16,2025-03-04 04:54:16,27 km al NE de Antofagasta,-23.513,-70.165,47.0,3.1,Ml
274434,2025-03-04 08:28:21,2025-03-04 05:28:21,45 km al N de Punta de Choros,-28.852,-71.409,42.0,3.6,Ml
274445,2025-03-04 10:03:45,2025-03-04 07:03:45,29 km al O de Quintero,-32.674,-71.806,21.0,2.8,Ml
274452,2025-03-04 10:50:08,2025-03-04 07:50:08,18 km al S de Calama,-22.624,-68.992,101.0,3.5,Ml
274456,2025-03-04 10:58:26,2025-03-04 07:58:26,74 km al S de Socaire,-24.227,-67.67,240.0,3.1,Ml
274461,2025-03-04 11:10:44,2025-03-04 08:10:44,43 km al SO de Mina Collahuasi,-21.047,-68.998,106.0,2.7,Ml
274475,2025-03-04 12:34:11,2025-03-04 09:34:11,84 km al E de Linares,-35.734,-70.676,138.0,2.9,Ml
274476,2025-03-04 12:37:22,2025-03-04 09:37:22,37 km al NE de Cuya,-18.901,-69.959,81.0,2.6,Ml
274486,2025-03-04 14:11:29,2025-03-04 11:11:29,38 km al NO de San Pedro de Atacama,-22.697,-68.478,112.0,3.0,Ml
274490,2025-03-04 14:11:56,2025-03-04 11:11:56,99 km al NE de Socaire,-22.962,-67.201,273.0,3.8,Ml
274487,2025-03-04 14:14:33,2025-03-04 11:14:33,23 km al SO de Ollagüe,-21.366,-68.41,136.0,3.6,Ml
274493,2025-03-04 15:01:55,2025-03-04 12:01:55,79 km al E de Alto del Carmen,-28.496,-69.73,111.0,2.8,Ml
274497,2025-03-04 15:11:29,2025-03-04 12:11:29,47 km al S de Mina Collahuasi,-21.246,-68.707,113.0,2.6,Ml
274504,2025-03-04 15:43:54,2025-03-04 12:43:54,11 km al E de Calama,-22.495,-68.831,125.0,3.0,Ml
274506,2025-03-04 16:09:53,2025-03-04 13:09:53,80 km al O de Cobquecura,-35.93,-73.644,37.0,2.6,Ml
274528,2025-03-04 19:33:22,2025-03-04 16:33:22,98 km al SE de Colchane,-20.042,-68.169,178.0,3.6,Ml
274532,2025-03-04 19:42:29,2025-03-04 16:42:29,68 km al E de Paposo,-24.958,-69.792,76.0,3.2,Ml
274553,2025-03-04 23:38:08,2025-03-04 20:38:08,54 km al SE de Camiña,-19.616,-69.029,113.0,3.0,Ml
274556,2025-03-05 00:21:00,2025-03-04 21:21:00,25 km al S de Mina La Escondida,-24.493,-69.053,100.0,4.4,Mw
274571,2025-03-05 01:53:22,2025-03-04 22:53:22,24 km al NE de Parque Fray Jorge,-30.477,-71.556,28.0,2.9,Ml
274579,2025-03-05 04:02:06,2025-03-05 01:02:06,122 km al NO de Punta de Choros,-28.61,-72.49,28.0,3.4,Ml
274581,2025-03-05 04:06:00,2025-03-05 01:06:00,27 km al N de Iquique,-19.967,-70.144,45.0,4.2,Ml
274585,2025-03-05 04:22:22,2025-03-05 01:22:22,33 km al E de Navidad,-34.015,-71.485,42.0,2.5,Ml
274607,2025-03-05 07:42:29,2025-03-05 04:42:29,35 km al S de Calama,-22.78,-68.861,103.0,2.7,Ml
274613,2025-03-05 08:12:12,2025-03-05 05:12:12,106 km al O de Mejillones,-23.309,-71.459,30.0,3.4,Ml
274625,2025-03-05 10:01:58,2025-03-05 07:01:58,15 km al S de Canela Baja,-31.529,-71.445,54.0,4.9,Mw
274632,2025-03-05 10:39:18,2025-03-05 07:39:18,18 km al S de Canela Baja,-31.557,-71.465,45.0,2.8,Ml
274642,2025-03-05 13:53:34,2025-03-05 10:53:34,84 km al NE de Socaire,-23.066,-67.297,249.0,4.0,Ml
274647,2025-03-05 14:10:49,2025-03-05 11:10:49,19 km al N de La Higuera,-29.339,-71.176,64.0,4.3,Ml
274654,2025-03-05 15:10:13,2025-03-05 12:10:13,39 km al SO de Ollagüe,-21.521,-68.449,105.0,3.5,Ml
274699,2025-03-05 19:44:25,2025-03-05 16:44:25,51 km al SO de Ollagüe,-21.642,-68.449,121.0,2.7,Ml
274727,2025-03-05 23:36:34,2025-03-05 20:36:34,38 km al NE de Calama,-22.24,-68.655,111.0,2.6,Ml
274744,2025-03-06 01:59:08,2025-03-05 22:59:08,39 km al NE de Calama,-22.257,-68.63,103.0,4.0,Ml
274765,2025-03-06 04:54:03,2025-03-06 01:54:03,35 km al E de Tacna,-17.906,-69.946,138.0,3.1,Ml
274775,2025-03-06 06:08:12,2025-03-06 03:08:12,16 km al S de Calama,-22.606,-68.981,117.0,2.8,Ml
274795,2025-03-06 09:26:16,2025-03-06 06:26:16,20 km al SO de Mina Collahuasi,-20.943,-68.801,111.0,2.9,Ml
274803,2025-03-06 11:00:22,2025-03-06 08:00:22,44 km al NO de Quillagua,-21.383,-69.837,52.0,2.6,Ml
274808,2025-03-06 12:05:24,2025-03-06 09:05:24,51 km al SE de Camiña,-19.706,-69.168,99.0,2.6,Ml
274816,2025-03-06 13:07:01,2025-03-06 10:07:01,30 km al SE de San Pedro de Atacama,-23.162,-68.073,161.0,2.7,Ml
274818,2025-03-06 13:14:14,2025-03-06 10:14:14,30 km al S de Mina Collahuasi,-21.08,-68.743,113.0,2.6,Ml
274820,2025-03-06 13:18:28,2025-03-06 10:18:28,51 km al E de Socaire,-23.493,-67.404,254.0,2.9,Ml
274824,2025-03-06 13:37:51,2025-03-06 10:37:51,57 km al NE de Calama,-21.994,-68.718,107.0,2.7,Ml
274826,2025-03-06 14:08:56,2025-03-06 11:08:56,34 km al SO de Ollagüe,-21.441,-68.488,123.0,2.5,Ml
274830,2025-03-06 15:10:28,2025-03-06 12:10:28,10 km al NO de Alto del Carmen,-28.705,-70.567,78.0,3.1,Ml
274837,2025-03-06 16:21:38,2025-03-06 13:21:38,54 km al S de Sierra Gorda,-23.348,-69.138,96.0,6.0,Mww
274838,2025-03-06 16:33:18,2025-03-06 13:33:18,52 km al S de Sierra Gorda,-23.344,-69.186,102.0,3.6,Ml
274841,2025-03-06 16:50:07,2025-03-06 13:50:07,48 km al SE de Pica,-20.895,-69.159,106.0,2.5,Ml
274842,2025-03-06 16:53:12,2025-03-06 13:53:12,27 km al O de Iquique,-20.241,-70.406,42.0,2.7,Ml
274849,2025-03-06 17:33:58,2025-03-06 14:33:58,84 km al SO de San Pedro de Atacama,-23.47,-68.769,129.0,2.8,Ml
274851,2025-03-06 18:11:44,2025-03-06 15:11:44,58 km al SO de Ollagüe,-21.694,-68.496,117.0,3.1,Ml
274860,2025-03-06 18:44:11,2025-03-06 15:44:11,50 km al NE de Pica,-20.073,-69.143,92.0,2.6,Ml
274861,2025-03-06 18:47:36,2025-03-06 15:47:36,41 km al S de Sierra Gorda,-23.259,-69.367,83.0,2.6,Ml
274900,2025-03-06 22:51:29,2025-03-06 19:51:29,68 km al N de Calama,-21.868,-68.791,126.0,2.8,Ml
274906,2025-03-06 23:15:51,2025-03-06 20:15:51,50 km al S de Sierra Gorda,-23.325,-69.203,101.0,3.7,Ml
274913,2025-03-07 00:13:13,2025-03-06 21:13:13,13 km al O de Andacollo,-30.229,-71.215,48.0,2.7,Ml
274916,2025-03-07 00:20:15,2025-03-06 21:20:15,36 km al SE de Pica,-20.778,-69.169,105.0,3.0,Ml
274929,2025-03-07 01:26:53,2025-03-06 22:26:53,67 km al NO de Tongoy,-29.832,-71.993,23.0,3.2,Ml
274948,2025-03-07 03:44:05,2025-03-07 00:44:05,56 km al O de Socaire,-23.579,-68.437,181.0,2.8,Ml
274952,2025-03-07 04:27:53,2025-03-07 01:27:53,87 km al NO de San Antonio de los Cobres,-23.847,-67.07,226.0,4.9,Mw
274957,2025-03-07 04:46:28,2025-03-07 01:46:28,50 km al SO de Mina Collahuasi,-21.232,-68.862,116.0,2.9,Ml
274969,2025-03-07 05:54:57,2025-03-07 02:54:57,91 km al S de Mina La Escondida,-25.086,-69.097,112.0,3.5,Ml
274973,2025-03-07 06:09:19,2025-03-07 03:09:19,64 km al NO de Parque Fray Jorge,-30.345,-72.237,38.0,2.8,Ml
274991,2025-03-07 10:33:47,2025-03-07 07:33:47,10 km al O de La Serena,-29.921,-71.356,52.0,3.1,Ml
274997,2025-03-07 11:33:08,2025-03-07 08:33:08,63 km al NE de Calama,-21.945,-68.691,120.0,2.6,Ml
274999,2025-03-07 12:02:33,2025-03-07 09:02:33,62 km al S de Socaire,-24.147,-67.959,223.0,3.1,Ml
275009,2025-03-07 12:44:09,2025-03-07 09:44:09,67 km al S de Socaire,-24.177,-68.016,261.0,2.8,Ml
275014,2025-03-07 13:08:11,2025-03-07 10:08:11,42 km al SE de Camiña,-19.663,-69.273,100.0,3.9,Ml
275031,2025-03-07 15:24:27,2025-03-07 12:24:27,138 km al O de Caldera,-27.096,-72.217,18.0,2.7,Ml
275048,2025-03-07 17:31:20,2025-03-07 14:31:20,83 km al SE de Socaire,-24.265,-67.549,220.0,3.4,Ml
275053,2025-03-07 17:54:03,2025-03-07 14:54:03,73 km al S de Socaire,-24.247,-67.846,247.0,3.6,Ml
275064,2025-03-07 18:55:54,2025-03-07 15:55:54,112 km al SE de Copiapó,-27.832,-69.326,110.0,2.9,Ml
275067,2025-03-07 18:59:47,2025-03-07 15:59:47,37 km al NE de Calama,-22.215,-68.7,117.0,3.7,Ml
275074,2025-03-07 19:41:58,2025-03-07 16:41:58,74 km al NE de San Pedro de Atacama,-22.342,-67.838,204.0,3.0,Ml
275094,2025-03-07 21:32:00,2025-03-07 18:32:00,12 km al S de Tongoy,-30.356,-71.53,39.0,2.7,Ml
275116,2025-03-07 23:43:06,2025-03-07 20:43:06,38 km al SE de Pica,-20.8,-69.177,90.0,3.1,Ml
275119,2025-03-07 23:52:44,2025-03-07 20:52:44,22 km al E de Vallenar,-28.535,-70.536,101.0,3.2,Ml
275123,2025-03-08 00:13:33,2025-03-07 21:13:33,32 km al SO de Visviri,-17.742,-69.737,155.0,4.5,Mw
275130,2025-03-08 01:18:20,2025-03-07 22:18:20,60 km al NE de San Pedro de Atacama,-22.463,-67.892,198.0,3.2,Ml
275133,2025-03-08 01:25:59,2025-03-07 22:25:59,59 km al SO de Ollagüe,-21.609,-68.653,124.0,2.9,Ml
275141,2025-03-08 02:25:41,2025-03-07 23:25:41,68 km al SE de Socaire,-23.953,-67.358,259.0,4.0,Ml
275146,2025-03-08 02:46:37,2025-03-07 23:46:37,30 km al S de María Elena,-22.614,-69.62,72.0,2.8,Ml
275148,2025-03-08 03:04:12,2025-03-08 00:04:12,19 km al N de Camiña,-19.139,-69.413,104.0,3.5,Ml
275157,2025-03-08 04:07:48,2025-03-08 01:07:48,27 km al NE de Ralco,-37.734,-71.393,150.0,3.8,Ml
275168,2025-03-08 05:44:35,2025-03-08 02:44:35,74 km al SE de Socaire,-24.175,-67.537,215.0,3.1,Ml
275176,2025-03-08 06:49:29,2025-03-08 03:49:29,36 km al NE de Pica,-20.283,-69.061,102.0,3.7,Ml
275181,2025-03-08 07:31:08,2025-03-08 04:31:08,45 km al NE de Calama,-22.144,-68.668,126.0,2.8,Ml
275185,2025-03-08 07:55:14,2025-03-08 04:55:14,99 km al O de San Antonio de los Cobres,-24.403,-67.277,166.0,3.8,Ml
275188,2025-03-08 08:23:16,2025-03-08 05:23:16,27 km al S de Paihuano,-30.268,-70.462,88.0,2.6,Ml
275191,2025-03-08 08:57:45,2025-03-08 05:57:45,34 km al E de Sierra Gorda,-22.89,-68.99,109.0,4.5,Mw
275194,2025-03-08 09:03:49,2025-03-08 06:03:49,94 km al E de Copiapó,-27.691,-69.455,102.0,3.1,Ml
275196,2025-03-08 09:18:01,2025-03-08 06:18:01,73 km al S de Socaire,-24.238,-67.789,242.0,3.7,Ml
275201,2025-03-08 09:44:54,2025-03-08 06:44:54,61 km al NE de Calama,-22.202,-68.414,102.0,2.5,Ml
275203,2025-03-08 09:54:10,2025-03-08 06:54:10,56 km al NE de Calama,-22.011,-68.7,120.0,3.4,Ml
275208,2025-03-08 10:35:53,2025-03-08 07:35:53,83 km al SE de Socaire,-24.222,-67.451,205.0,4.5,Ml
275210,2025-03-08 10:40:50,2025-03-08 07:40:50,93 km al NE de Alto del Carmen,-28.338,-69.662,109.0,2.7,Ml
275211,2025-03-08 11:01:22,2025-03-08 08:01:22,35 km al O de Ollagüe,-21.203,-68.592,122.0,2.6,Ml
275212,2025-03-08 11:16:51,2025-03-08 08:16:51,20 km al SE de Sierra Gorda,-23.05,-69.24,108.0,2.6,Ml
275219,2025-03-08 13:17:37,2025-03-08 10:17:37,47 km al SO de Mina Collahuasi,-21.137,-68.964,118.0,2.7,Ml
275225,2025-03-08 13:52:20,2025-03-08 10:52:20,7 km al SE de Parque Fray Jorge,-30.71,-71.642,30.0,2.5,Ml
275227,2025-03-08 14:00:57,2025-03-08 11:00:57,27 km al SE de Salamanca,-32.0,-70.849,79.0,2.5,Ml
275230,2025-03-08 14:03:32,2025-03-08 11:03:32,26 km al SE de Los Andes,-32.98,-70.381,106.0,2.8,Ml
275236,2025-03-08 15:15:14,2025-03-08 12:15:14,51 km al S de Mina La Escondida,-24.7,-69.222,99.0,2.8,Ml
275237,2025-03-08 15:17:43,2025-03-08 12:17:43,13 km al NE de Camiña,-19.214,-69.368,97.0,2.5,Ml
275243,2025-03-08 16:11:36,2025-03-08 13:11:36,76 km al SE de Socaire,-24.168,-67.484,231.0,3.5,Ml
275249,2025-03-08 16:53:08,2025-03-08 13:53:08,21 km al S de Calama,-22.654,-68.866,99.0,2.8,Ml
275263,2025-03-08 18:01:40,2025-03-08 15:01:40,63 km al SO de Ollagüe,-21.744,-68.487,136.0,2.6,Ml
275266,2025-03-08 18:07:58,2025-03-08 15:07:58,54 km al SE de Sierra Gorda,-23.181,-68.892,111.0,3.5,Ml
275274,2025-03-08 19:27:59,2025-03-08 16:27:59,128 km al O de Patache,-20.644,-71.422,20.0,2.8,Ml
275280,2025-03-08 20:07:46,2025-03-08 17:07:46,47 km al O de Arica,-18.575,-70.755,28.0,2.5,Ml
275288,2025-03-08 22:06:28,2025-03-08 19:06:28,45 km al SO de Mina Collahuasi,-21.054,-69.016,118.0,2.6,Ml
275290,2025-03-08 22:23:29,2025-03-08 19:23:29,29 km al E de Calama,-22.542,-68.654,110.0,2.5,Ml
275296,2025-03-08 22:35:42,2025-03-08 19:35:42,66 km al NE de Calama,-21.916,-68.694,95.0,2.5,Ml
275319,2025-03-08 23:36:03,2025-03-08 20:36:03,43 km al O de Putre,-18.317,-69.944,92.0,2.7,Ml
275331,2025-03-09 00:36:08,2025-03-08 21:36:08,38 km al S de Socaire,-23.919,-67.989,138.0,3.1,Ml
275335,2025-03-09 01:09:23,2025-03-08 22:09:23,27 km al NO de Chañaral,-26.217,-70.851,44.0,2.8,Ml
275337,2025-03-09 01:14:43,2025-03-08 22:14:43,49 km al N de Punta de Choros,-28.814,-71.537,47.0,4.1,Ml
275345,2025-03-09 02:09:02,2025-03-08 23:09:02,16 km al E de Curicó,-35.023,-71.065,90.0,2.7,Ml
275346,2025-03-09 02:11:08,2025-03-08 23:11:08,45 km al S de Mina Collahuasi,-21.223,-68.742,120.0,3.1,Ml
275361,2025-03-09 04:33:24,2025-03-09 01:33:24,63 km al NE de Calama,-21.954,-68.667,127.0,2.8,Ml
275368,2025-03-09 05:54:26,2025-03-09 02:54:26,44 km al NO de Parque Fray Jorge,-30.376,-71.992,33.0,2.9,Ml
275372,2025-03-09 05:59:28,2025-03-09 02:59:28,41 km al S de Mina Collahuasi,-21.194,-68.658,118.0,2.7,Ml
275387,2025-03-09 07:58:20,2025-03-09 04:58:20,27 km al E de Calama,-22.416,-68.669,130.0,3.5,Ml
275392,2025-03-09 08:06:33,2025-03-09 05:06:33,16 km al SE de Tacna,-18.154,-70.185,117.0,4.5,Mw
275398,2025-03-09 08:19:55,2025-03-09 05:19:55,16 km al NE de Curicó,-34.87,-71.141,88.0,3.3,Ml
275408,2025-03-09 09:06:19,2025-03-09 06:06:19,75 km al SE de Socaire,-24.114,-67.422,245.0,3.4,Ml
275420,2025-03-09 11:03:02,2025-03-09 08:03:02,99 km al O de Arica,-18.579,-71.259,32.0,4.0,Ml
275422,2025-03-09 11:31:40,2025-03-09 08:31:40,54 km al SO de Mina Collahuasi,-21.266,-68.885,123.0,2.8,Ml
275426,2025-03-09 11:40:19,2025-03-09 08:40:19,50 km al SO de Mina Collahuasi,-21.157,-68.981,103.0,3.0,Ml
275435,2025-03-09 12:48:40,2025-03-09 09:48:40,55 km al S de Socaire,-24.082,-67.816,257.0,3.0,Ml
275439,2025-03-09 13:15:36,2025-03-09 10:15:36,44 km al NE de Calama,-22.101,-68.766,108.0,2.8,Ml
275448,2025-03-09 14:35:47,2025-03-09 11:35:47,23 km al O de Ollagüe,-21.279,-68.47,140.0,2.5,Ml
275449,2025-03-09 15:35:02,2025-03-09 12:35:02,93 km al E de Copiapó,-27.529,-69.404,114.0,2.9,Ml
275451,2025-03-09 16:15:45,2025-03-09 13:15:45,37 km al SO de Mina Collahuasi,-20.991,-68.965,112.0,2.6,Ml
275468,2025-03-09 17:37:43,2025-03-09 14:37:43,19 km al SE de Parque Fray Jorge,-30.783,-71.542,44.0,3.0,Ml
275488,2025-03-09 18:48:09,2025-03-09 15:48:09,30 km al N de Cauquenes,-35.697,-72.274,21.0,2.5,Ml
275493,2025-03-09 19:08:18,2025-03-09 16:08:18,70 km al NO de Tongoy,-29.88,-72.08,36.0,3.9,Ml
275498,2025-03-09 19:39:46,2025-03-09 16:39:46,39 km al SO de Visviri,-17.754,-69.806,146.0,3.2,Ml
275518,2025-03-09 22:26:10,2025-03-09 19:26:10,96 km al NE de Socaire,-23.04,-67.171,263.0,3.2,Ml
275533,2025-03-10 00:23:22,2025-03-09 21:23:22,199 km al O de Isla Guamblin,-45.441,-77.48,20.0,3.4,Ml
275535,2025-03-10 00:37:31,2025-03-09 21:37:31,53 km al SO de Ollagüe,-21.587,-68.591,124.0,2.8,Ml
275542,2025-03-10 01:59:34,2025-03-09 22:59:34,42 km al E de Patache,-20.909,-69.813,67.0,2.6,Ml
275549,2025-03-10 03:27:05,2025-03-10 00:27:05,23 km al O de Toltén,-39.121,-73.422,22.0,2.7,Ml
275556,2025-03-10 04:48:15,2025-03-10 01:48:15,70 km al O de Navidad,-33.682,-72.52,40.0,3.2,Ml
275558,2025-03-10 04:51:04,2025-03-10 01:51:04,48 km al O de Ollagüe,-21.339,-68.696,111.0,2.6,Ml
275562,2025-03-10 05:04:53,2025-03-10 02:04:53,5 km al SO de Punitaqui,-30.86,-71.299,55.0,4.5,Mw
275563,2025-03-10 05:14:59,2025-03-10 02:14:59,38 km al SO de Ollagüe,-21.527,-68.434,145.0,2.8,Ml
275581,2025-03-10 06:57:08,2025-03-10 03:57:08,76 km al SO de Ollagüe,-21.858,-68.535,125.0,2.6,Ml
275583,2025-03-10 07:46:18,2025-03-10 04:46:18,22 km al SO de Visviri,-17.713,-69.65,160.0,3.1,Ml
275585,2025-03-10 07:52:39,2025-03-10 04:52:39,28 km al O de Visviri,-17.682,-69.733,178.0,3.3,Ml
275587,2025-03-10 07:58:43,2025-03-10 04:58:43,27 km al O de Ollagüe,-21.169,-68.503,128.0,3.0,Ml
275592,2025-03-10 09:18:11,2025-03-10 06:18:11,5 km al O de Quillota,-32.877,-71.296,63.0,2.9,Ml
275598,2025-03-10 10:35:39,2025-03-10 07:35:39,62 km al NE de Calama,-22.016,-68.586,133.0,2.6,Ml
275601,2025-03-10 11:01:52,2025-03-10 08:01:52,40 km al SE de Socaire,-23.865,-67.638,253.0,2.6,Ml
275611,2025-03-10 12:31:24,2025-03-10 09:31:24,29 km al NO de Ollagüe,-21.109,-68.503,137.0,2.7,Ml
275614,2025-03-10 12:44:15,2025-03-10 09:44:15,62 km al NE de Calama,-22.062,-68.513,123.0,2.8,Ml
275636,2025-03-10 15:18:59,2025-03-10 12:18:59,87 km al SE de Socaire,-24.087,-67.233,219.0,3.2,Ml
275637,2025-03-10 15:38:20,2025-03-10 12:38:20,44 km al O de Paposo,-24.975,-70.898,43.0,2.8,Ml
275653,2025-03-10 16:19:36,2025-03-10 13:19:36,14 km al NE de Quintero,-32.656,-71.466,30.0,2.5,Ml
275679,2025-03-10 17:05:15,2025-03-10 14:05:15,20 km al N de Socaire,-23.412,-67.934,167.0,2.6,Ml
275682,2025-03-10 17:12:16,2025-03-10 14:12:16,29 km al SO de Parque Fray Jorge,-30.842,-71.897,28.0,3.5,Ml
275689,2025-03-10 17:20:39,2025-03-10 14:20:39,51 km al S de Pica,-20.919,-69.168,114.0,3.0,Ml
275706,2025-03-10 18:01:29,2025-03-10 15:01:29,20 km al N de La Higuera,-29.338,-71.25,45.0,2.5,Ml
275720,2025-03-10 18:20:10,2025-03-10 15:20:10,55 km al S de Sierra Gorda,-23.381,-69.226,105.0,3.6,Ml
275727,2025-03-10 18:47:13,2025-03-10 15:47:13,71 km al SE de Socaire,-24.131,-67.527,231.0,2.5,Ml
275734,2025-03-10 19:28:01,2025-03-10 16:28:01,9 km al NE de Mejillones,-23.035,-70.401,37.0,2.8,Ml
275740,2025-03-10 19:41:38,2025-03-10 16:41:38,27 km al N de Camiña,-19.084,-69.518,114.0,2.9,Ml
275742,2025-03-10 19:44:46,2025-03-10 16:44:46,167 km al NO de Constitución,-34.541,-73.965,23.0,3.8,Ml
275750,2025-03-10 19:47:14,2025-03-10 16:47:14,51 km al E de Socaire,-23.511,-67.398,252.0,3.4,Ml
275748,2025-03-10 19:51:11,2025-03-10 16:51:11,7 km al SE de Pichilemu,-34.441,-71.978,27.0,3.3,Ml
275763,2025-03-10 21:15:26,2025-03-10 18:15:26,29 km al E de Calama,-22.384,-68.665,113.0,3.2,Ml
275768,2025-03-10 22:27:10,2025-03-10 19:27:10,33 km al NO de Mina La Escondida,-24.132,-69.343,94.0,2.9,Ml
275769,2025-03-10 22:46:14,2025-03-10 19:46:14,39 km al S de Socaire,-23.931,-67.788,289.0,2.6,Ml
275771,2025-03-10 22:53:16,2025-03-10 19:53:16,74 km al SE de Socaire,-24.13,-67.46,223.0,4.6,Mw
275781,2025-03-11 00:38:00,2025-03-10 21:38:00,43 km al SO de Ollagüe,-21.565,-68.442,136.0,3.1,Ml
275801,2025-03-11 03:01:40,2025-03-11 00:01:40,65 km al E de Socaire,-23.474,-67.269,250.0,3.4,Ml
275797,2025-03-11 03:03:23,2025-03-11 00:03:23,27 km al O de Ollagüe,-21.254,-68.512,123.0,4.1,Ml
275798,2025-03-11 03:07:37,2025-03-11 00:07:37,36 km al SO de Ollagüe,-21.481,-68.466,126.0,3.0,Ml
275805,2025-03-11 03:36:32,2025-03-11 00:36:32,73 km al NE de Mina Collahuasi,-20.491,-68.054,185.0,3.8,Ml
275822,2025-03-11 05:47:11,2025-03-11 02:47:11,53 km al SE de Camiña,-19.731,-69.19,95.0,2.6,Ml
275830,2025-03-11 06:57:18,2025-03-11 03:57:18,41 km al N de Calama,-22.115,-68.841,109.0,2.5,Ml
275833,2025-03-11 07:10:52,2025-03-11 04:10:52,18 km al N de Punta de Choros,-29.088,-71.487,49.0,2.6,Ml
275849,2025-03-11 08:17:22,2025-03-11 05:17:22,136 km al O de Constitución,-34.851,-73.783,25.0,2.5,Ml
275862,2025-03-11 09:09:48,2025-03-11 06:09:48,8 km al N de Mejillones,-23.028,-70.433,55.0,3.9,Ml
275863,2025-03-11 09:35:46,2025-03-11 06:35:46,54 km al SO de Mina Collahuasi,-21.24,-68.923,120.0,2.7,Ml
275870,2025-03-11 10:23:06,2025-03-11 07:23:06,136 km al O de Tocopilla,-21.902,-71.506,33.0,2.6,Ml
275875,2025-03-11 11:49:53,2025-03-11 08:49:53,48 km al SO de Mina Collahuasi,-21.11,-69.003,120.0,3.5,Ml
275892,2025-03-11 13:15:11,2025-03-11 10:15:11,35 km al SE de Socaire,-23.733,-67.587,222.0,3.9,Ml
275916,2025-03-11 15:34:26,2025-03-11 12:34:26,24 km al NO de Quillagua,-21.488,-69.669,53.0,2.8,Ml
275947,2025-03-11 18:02:17,2025-03-11 15:02:17,59 km al NE de Alto del Carmen,-28.284,-70.227,86.0,3.2,Ml
275955,2025-03-11 18:22:30,2025-03-11 15:22:30,68 km al E de Quillagua,-21.582,-68.879,110.0,2.5,Ml
275966,2025-03-11 18:23:50,2025-03-11 15:23:50,31 km al SO de Ollagüe,-21.449,-68.43,125.0,2.6,Ml
275956,2025-03-11 18:30:02,2025-03-11 15:30:02,43 km al O de Ollagüe,-21.349,-68.643,110.0,2.9,Ml
275962,2025-03-11 18:39:35,2025-03-11 15:39:35,68 km al E de Socaire,-23.369,-67.266,229.0,3.8,Ml
276007,2025-03-11 23:00:57,2025-03-11 20:00:57,54 km al SE de Camiña,-19.729,-69.163,98.0,3.3,Ml
276047,2025-03-12 04:03:42,2025-03-12 01:03:42,30 km al E de Pica,-20.422,-69.048,100.0,3.5,Ml
276052,2025-03-12 04:21:50,2025-03-12 01:21:50,27 km al NO de Los Vilos,-31.768,-71.743,33.0,2.8,Ml
276054,2025-03-12 04:26:34,2025-03-12 01:26:34,25 km al SO de Calama,-22.655,-69.069,88.0,2.5,Ml
276061,2025-03-12 05:06:25,2025-03-12 02:06:25,32 km al S de Mina Collahuasi,-21.115,-68.679,122.0,2.7,Ml
276070,2025-03-12 07:55:16,2025-03-12 04:55:16,24 km al S de San Pedro de Atacama,-23.132,-68.255,171.0,2.7,Ml
276079,2025-03-12 09:13:55,2025-03-12 06:13:55,51 km al S de Sierra Gorda,-23.335,-69.198,101.0,3.2,Ml
276088,2025-03-12 09:30:06,2025-03-12 06:30:06,46 km al SE de Socaire,-23.927,-67.622,236.0,3.0,Ml
276111,2025-03-12 14:58:26,2025-03-12 11:58:26,18 km al NO de Punitaqui,-30.737,-71.409,48.0,2.8,Ml
276112,2025-03-12 15:16:24,2025-03-12 12:16:24,8 km al O de La Serena,-29.932,-71.333,52.0,2.5,Ml
276131,2025-03-12 16:17:46,2025-03-12 13:17:46,84 km al S de Ilo,-18.4,-71.335,38.0,3.4,Ml
276147,2025-03-12 17:12:46,2025-03-12 14:12:46,29 km al N de Pica,-20.245,-69.233,94.0,4.0,Ml
276153,2025-03-12 17:28:00,2025-03-12 14:28:00,26 km al NE de María Elena,-22.248,-69.434,74.0,2.6,Ml
276151,2025-03-12 17:36:54,2025-03-12 14:36:54,43 km al SE de Pica,-20.833,-69.137,103.0,2.6,Ml
276164,2025-03-12 18:27:02,2025-03-12 15:27:02,25 km al NO de El Tabo,-33.286,-71.842,24.0,2.9,Ml
276183,2025-03-12 19:43:18,2025-03-12 16:43:18,42 km al NO de El Salvador,-25.941,-69.871,83.0,4.0,Ml
276197,2025-03-12 21:03:16,2025-03-12 18:03:16,149 km al SE de Copiapó,-28.119,-69.082,92.0,3.2,Ml
276200,2025-03-12 21:11:03,2025-03-12 18:11:03,27 km al SO de Calama,-22.653,-69.101,93.0,2.5,Ml
276208,2025-03-12 21:59:01,2025-03-12 18:59:01,48 km al SO de Ollagüe,-21.449,-68.651,106.0,2.5,Ml
276211,2025-03-12 22:26:55,2025-03-12 19:26:55,108 km al NE de Socaire,-23.05,-67.007,234.0,3.4,Ml
276213,2025-03-12 22:35:48,2025-03-12 19:35:48,47 km al O de Mina Collahuasi,-20.903,-69.098,106.0,2.8,Ml
276216,2025-03-12 23:37:13,2025-03-12 20:37:13,37 km al O de Mina Collahuasi,-20.958,-68.986,100.0,3.3,Ml
276242,2025-03-13 01:51:39,2025-03-12 22:51:39,21 km al E de Tacna,-17.962,-70.066,110.0,3.6,Ml
276254,2025-03-13 03:53:35,2025-03-13 00:53:35,7 km al O de Calama,-22.479,-68.995,107.0,3.3,Ml
276263,2025-03-13 05:42:33,2025-03-13 02:42:33,48 km al SO de Mina Collahuasi,-21.172,-68.931,107.0,2.5,Ml
276264,2025-03-13 05:58:51,2025-03-13 02:58:51,66 km al NE de San Pedro de Atacama,-22.43,-67.84,226.0,2.9,Ml
276266,2025-03-13 06:32:05,2025-03-13 03:32:05,35 km al SE de Lebu,-37.759,-73.303,42.0,3.0,Ml
276282,2025-03-13 08:15:28,2025-03-13 05:15:28,65 km al O de Cobquecura,-36.3,-73.487,34.0,4.3,Ml
276286,2025-03-13 08:54:34,2025-03-13 05:54:34,85 km al O de San Antonio de los Cobres,-24.218,-67.154,227.0,4.1,Ml
276302,2025-03-13 10:37:52,2025-03-13 07:37:52,63 km al O de Cobquecura,-36.267,-73.476,33.0,2.9,Ml
276306,2025-03-13 11:14:44,2025-03-13 08:14:44,6 km al SO de Punitaqui,-30.856,-71.308,54.0,4.2,Mw
276360,2025-03-13 16:59:44,2025-03-13 13:59:44,32 km al NE de Punta de Choros,-29.045,-71.237,46.0,2.5,Ml
276374,2025-03-13 17:45:25,2025-03-13 14:45:25,79 km al SE de Socaire,-24.034,-67.285,245.0,3.2,Ml
276403,2025-03-13 20:06:28,2025-03-13 17:06:28,30 km al NE de Tocopilla,-21.896,-70.006,74.0,2.6,Ml
276434,2025-03-13 22:12:37,2025-03-13 19:12:37,51 km al E de Ollagüe,-21.327,-67.773,186.0,3.5,Ml
276439,2025-03-13 22:39:49,2025-03-13 19:39:49,12 km al O de Antuco,-37.296,-71.809,104.0,3.1,Ml
276446,2025-03-13 23:43:19,2025-03-13 20:43:19,56 km al NE de Calama,-22.125,-68.537,132.0,3.6,Ml
276451,2025-03-14 00:01:42,2025-03-13 21:01:42,26 km al O de Mina Collahuasi,-20.738,-68.889,102.0,3.3,Ml
276458,2025-03-14 01:06:10,2025-03-13 22:06:10,43 km al SO de Mina Collahuasi,-21.133,-68.911,111.0,3.0,Ml
276468,2025-03-14 03:08:16,2025-03-14 00:08:16,27 km al S de Mina Collahuasi,-21.069,-68.696,104.0,2.6,Ml
276476,2025-03-14 03:09:53,2025-03-14 00:09:53,31 km al E de Sierra Gorda,-22.796,-69.039,102.0,2.6,Ml
276472,2025-03-14 03:22:17,2025-03-14 00:22:17,168 km al O de Lebu,-37.274,-75.512,11.0,3.6,Ml
276496,2025-03-14 05:58:35,2025-03-14 02:58:35,28 km al O de Quintero,-32.694,-71.808,28.0,3.2,Ml
276497,2025-03-14 06:06:12,2025-03-14 03:06:12,26 km al SO de Visviri,-17.708,-69.699,176.0,4.4,Ml
276506,2025-03-14 06:43:36,2025-03-14 03:43:36,25 km al O de Quintero,-32.711,-71.782,28.0,2.8,Ml
276515,2025-03-14 07:58:28,2025-03-14 04:58:28,28 km al SE de Mina Collahuasi,-21.053,-68.53,130.0,3.9,Ml
276533,2025-03-14 11:18:33,2025-03-14 08:18:33,14 km al S de Mina Los Pelambres,-31.95,-70.614,76.0,2.7,Ml
276538,2025-03-14 11:36:38,2025-03-14 08:36:38,43 km al O de Ollagüe,-21.344,-68.644,138.0,4.3,Mw
276544,2025-03-14 13:10:25,2025-03-14 10:10:25,65 km al N de Pica,-19.947,-69.112,98.0,3.0,Ml
276552,2025-03-14 13:10:27,2025-03-14 10:10:27,56 km al N de Pica,-19.991,-69.3,70.0,2.8,Ml
276548,2025-03-14 13:35:04,2025-03-14 10:35:04,12 km al SE de Iquique,-20.277,-70.063,55.0,3.7,Ml
276554,2025-03-14 14:09:19,2025-03-14 11:09:19,28 km al SE de Mina Collahuasi,-21.036,-68.513,128.0,2.7,Ml
276565,2025-03-14 15:36:32,2025-03-14 12:36:32,35 km al NO de Quintero,-32.5,-71.705,35.0,3.0,Ml
276568,2025-03-14 15:51:47,2025-03-14 12:51:47,74 km al S de Ollagüe,-21.858,-68.486,118.0,2.9,Ml
276586,2025-03-14 16:46:41,2025-03-14 13:46:41,46 km al N de Calama,-22.057,-68.962,103.0,2.5,Ml
276588,2025-03-14 16:53:14,2025-03-14 13:53:14,33 km al O de Ollagüe,-21.332,-68.555,114.0,2.5,Ml
276589,2025-03-14 16:56:48,2025-03-14 13:56:48,38 km al O de Ollagüe,-21.309,-68.606,121.0,3.1,Ml
276621,2025-03-14 20:04:31,2025-03-14 17:04:31,22 km al S de Tocopilla,-22.289,-70.237,17.0,2.6,Ml
276626,2025-03-14 20:33:34,2025-03-14 17:33:34,49 km al E de Ollagüe,-21.267,-67.783,193.0,3.3,Ml
276638,2025-03-14 21:02:44,2025-03-14 18:02:44,88 km al O de Patache,-20.596,-71.016,15.0,2.6,Ml
276654,2025-03-14 22:48:38,2025-03-14 19:48:38,37 km al NO de Parque Fray Jorge,-30.467,-71.995,31.0,3.9,Ml
276674,2025-03-15 02:19:33,2025-03-14 23:19:33,38 km al O de Mina Collahuasi,-20.698,-68.999,110.0,2.9,Ml
276682,2025-03-15 03:36:40,2025-03-15 00:36:40,78 km al SO de Ollagüe,-21.792,-68.692,123.0,4.6,Mw
276685,2025-03-15 04:14:50,2025-03-15 01:14:50,57 km al SO de Ollagüe,-21.677,-68.52,121.0,2.9,Ml
276698,2025-03-15 05:45:15,2025-03-15 02:45:15,59 km al N de Mina La Escondida,-23.754,-68.936,102.0,3.0,Ml
276707,2025-03-15 07:02:54,2025-03-15 04:02:54,55 km al O de Navidad,-33.941,-72.427,32.0,3.0,Ml
276725,2025-03-15 08:45:47,2025-03-15 05:45:47,21 km al SO de Tongoy,-30.422,-71.605,26.0,2.8,Ml
276733,2025-03-15 09:47:19,2025-03-15 06:47:19,98 km al O de Quintero,-32.47,-72.51,25.0,3.3,Ml
276743,2025-03-15 10:49:54,2025-03-15 07:49:54,41 km al SO de Mina Collahuasi,-21.046,-68.978,108.0,3.4,Ml
276751,2025-03-15 11:54:51,2025-03-15 08:54:51,65 km al SE de Baquedano,-23.618,-69.281,105.0,3.2,Ml
276754,2025-03-15 12:02:55,2025-03-15 09:02:55,82 km al NO de San Antonio de los Cobres,-23.917,-67.054,234.0,3.1,Ml
276760,2025-03-15 12:50:54,2025-03-15 09:50:54,86 km al E de Socaire,-23.894,-67.113,224.0,4.0,Ml
276770,2025-03-15 13:56:54,2025-03-15 10:56:54,34 km al SE de San Pedro de Atacama,-23.178,-68.017,168.0,3.3,Ml
276774,2025-03-15 14:09:40,2025-03-15 11:09:40,69 km al SE de Socaire,-24.144,-67.595,209.0,4.3,Ml
276778,2025-03-15 14:49:09,2025-03-15 11:49:09,10 km al S de Los Vilos,-32.0,-71.545,33.0,2.8,Ml
276789,2025-03-15 15:51:31,2025-03-15 12:51:31,27 km al S de Mina Collahuasi,-21.069,-68.704,120.0,2.5,Ml
276794,2025-03-15 16:37:32,2025-03-15 13:37:32,44 km al E de Mina Los Pelambres,-31.89,-70.129,127.0,3.0,Ml
276798,2025-03-15 16:57:35,2025-03-15 13:57:35,94 km al S de Socaire,-24.43,-67.929,242.0,3.2,Ml
276820,2025-03-15 18:15:07,2025-03-15 15:15:07,15 km al SO de Putre,-18.295,-69.652,135.0,3.4,Ml
276826,2025-03-15 19:10:36,2025-03-15 16:10:36,34 km al NE de Calama,-22.269,-68.677,132.0,3.0,Ml
276831,2025-03-15 19:40:31,2025-03-15 16:40:31,39 km al O de Toltén,-39.093,-73.606,33.0,2.9,Ml
276832,2025-03-15 19:44:08,2025-03-15 16:44:08,77 km al SE de Socaire,-23.96,-67.25,227.0,2.9,Ml
276862,2025-03-16 00:20:24,2025-03-15 21:20:24,139 km al N de San Antonio de los Cobres,-23.012,-66.665,273.0,2.6,Ml
276860,2025-03-16 00:22:24,2025-03-15 21:22:24,20 km al N de Quintero,-32.595,-71.566,59.0,4.4,Ml
276865,2025-03-16 00:26:50,2025-03-15 21:26:50,43 km al S de Calama,-22.855,-68.868,90.0,3.5,Ml
276867,2025-03-16 00:45:26,2025-03-15 21:45:26,22 km al NO de Ovalle,-30.508,-71.406,44.0,2.7,Ml
276883,2025-03-16 01:19:09,2025-03-15 22:19:09,24 km al E de La Serena,-29.836,-71.016,69.0,2.7,Ml
276884,2025-03-16 01:27:09,2025-03-15 22:27:09,34 km al N de Pica,-20.191,-69.273,99.0,5.1,Mw
276901,2025-03-16 02:29:20,2025-03-15 23:29:20,35 km al N de Pica,-20.184,-69.245,99.0,2.5,Ml
276911,2025-03-16 02:57:23,2025-03-15 23:57:23,31 km al NE de Pozo Almonte,-20.018,-69.634,67.0,3.3,Ml
276928,2025-03-16 03:47:52,2025-03-16 00:47:52,83 km al NE de San Pedro de Atacama,-22.252,-67.842,199.0,3.1,Ml
276934,2025-03-16 03:57:47,2025-03-16 00:57:47,8 km al O de El Salvador,-26.259,-69.707,116.0,3.2,Ml
276975,2025-03-16 06:28:57,2025-03-16 03:28:57,36 km al E de Socaire,-23.57,-67.541,268.0,2.9,Ml
276980,2025-03-16 06:36:21,2025-03-16 03:36:21,60 km al NE de Calama,-22.002,-68.645,118.0,2.5,Ml
276986,2025-03-16 08:12:27,2025-03-16 05:12:27,57 km al SO de Ollagüe,-21.652,-68.55,136.0,2.7,Ml
276988,2025-03-16 08:21:04,2025-03-16 05:21:04,30 km al O de Ollagüe,-21.273,-68.538,119.0,2.8,Ml
276990,2025-03-16 08:36:30,2025-03-16 05:36:30,42 km al O de Patache,-20.702,-70.594,45.0,3.2,Ml
276995,2025-03-16 09:11:46,2025-03-16 06:11:46,64 km al NE de Socaire,-23.27,-67.37,263.0,2.7,Ml
277002,2025-03-16 09:49:20,2025-03-16 06:49:20,68 km al SE de Socaire,-24.119,-67.55,212.0,3.4,Ml
277018,2025-03-16 12:33:34,2025-03-16 09:33:34,45 km al SO de Lebu,-37.971,-73.883,47.0,3.4,Ml
277024,2025-03-16 14:02:57,2025-03-16 11:02:57,83 km al SE de Socaire,-23.994,-67.201,228.0,3.3,Ml
277028,2025-03-16 14:21:04,2025-03-16 11:21:04,14 km al E de Ollagüe,-21.275,-68.126,173.0,2.9,Ml
277033,2025-03-16 15:15:09,2025-03-16 12:15:09,45 km al SO de Mina Collahuasi,-21.159,-68.901,111.0,2.6,Ml
277038,2025-03-16 15:43:21,2025-03-16 12:43:21,50 km al S de Ollagüe,-21.655,-68.383,131.0,3.0,Ml
277056,2025-03-16 17:50:35,2025-03-16 14:50:35,28 km al SO de Mina Collahuasi,-20.941,-68.897,107.0,3.1,Ml
277065,2025-03-16 18:26:03,2025-03-16 15:26:03,60 km al NO de Tongoy,-29.911,-71.97,36.0,2.8,Ml
277079,2025-03-16 20:27:01,2025-03-16 17:27:01,40 km al O de Ollagüe,-21.24,-68.642,109.0,2.6,Ml
277080,2025-03-16 20:52:41,2025-03-16 17:52:41,40 km al O de Castro,-42.536,-74.242,32.0,2.5,Ml
277086,2025-03-16 21:50:23,2025-03-16 18:50:23,85 km al SE de Alto del Carmen,-29.28,-69.84,108.0,5.0,Mw
277091,2025-03-16 23:28:36,2025-03-16 20:28:36,48 km al NE de Cuya,-18.851,-69.857,80.0,2.8,Ml
277093,2025-03-16 23:50:14,2025-03-16 20:50:14,73 km al SO de Ollagüe,-21.832,-68.517,132.0,2.8,Ml
277099,2025-03-17 00:38:37,2025-03-16 21:38:37,97 km al E de Socaire,-23.283,-66.997,242.0,2.9,Ml
277112,2025-03-17 01:26:41,2025-03-16 22:26:41,35 km al NO de Quillagua,-21.387,-69.699,62.0,3.1,Ml
277139,2025-03-17 04:57:59,2025-03-17 01:57:59,59 km al NE de Los Andes,-32.403,-70.228,106.0,3.5,Ml
277142,2025-03-17 05:22:03,2025-03-17 02:22:03,27 km al NE de Pica,-20.376,-69.097,99.0,2.5,Ml
277144,2025-03-17 05:32:17,2025-03-17 02:32:17,46 km al O de Concepción,-36.773,-73.561,25.0,3.5,Ml
277146,2025-03-17 05:40:23,2025-03-17 02:40:23,31 km al O de Quintero,-32.732,-71.856,30.0,2.8,Ml
277155,2025-03-17 06:35:21,2025-03-17 03:35:21,76 km al E de San Pedro de Atacama,-22.719,-67.495,238.0,3.1,Ml
277184,2025-03-17 08:56:46,2025-03-17 05:56:46,71 km al NE de El Salvador,-25.849,-69.065,108.0,2.8,Ml
277204,2025-03-17 10:38:34,2025-03-17 07:38:34,38 km al SO de Ollagüe,-21.545,-68.393,148.0,3.0,Ml
277228,2025-03-17 11:53:52,2025-03-17 08:53:52,65 km al SO de San Pedro de Atacama,-23.418,-68.539,143.0,2.5,Ml
277230,2025-03-17 11:56:42,2025-03-17 08:56:42,73 km al NO de Pichilemu,-33.971,-72.628,47.0,2.6,Ml
277236,2025-03-17 12:22:07,2025-03-17 09:22:07,30 km al SO de Pichidangui,-32.302,-71.776,24.0,2.5,Ml
277237,2025-03-17 12:52:37,2025-03-17 09:52:37,49 km al NE de Ollagüe,-20.855,-68.003,179.0,3.1,Ml
277241,2025-03-17 13:34:35,2025-03-17 10:34:35,25 km al O de Ollagüe,-21.292,-68.487,117.0,2.9,Ml
277250,2025-03-17 15:18:11,2025-03-17 12:18:11,51 km al NE de Camiña,-18.925,-69.175,8.0,3.2,Ml
277255,2025-03-17 16:52:17,2025-03-17 13:52:17,38 km al NE de Pica,-20.257,-69.062,100.0,3.0,Ml
277257,2025-03-17 16:58:16,2025-03-17 13:58:16,22 km al NE de Pica,-20.314,-69.235,109.0,2.5,Ml
277259,2025-03-17 17:15:55,2025-03-17 14:15:55,128 km al O de Bahía Mansa,-40.836,-75.21,19.0,2.6,Ml
277261,2025-03-17 17:24:13,2025-03-17 14:24:13,31 km al S de María Elena,-22.622,-69.65,54.0,2.8,Ml
277266,2025-03-17 17:35:27,2025-03-17 14:35:27,74 km al NE de Socaire,-23.151,-67.351,265.0,3.0,Ml
277273,2025-03-17 17:55:44,2025-03-17 14:55:44,43 km al SO de Mina Collahuasi,-21.061,-68.983,110.0,2.6,Ml
277281,2025-03-17 20:02:02,2025-03-17 17:02:02,59 km al SO de San Pedro de Atacama,-23.212,-68.677,105.0,3.1,Ml
277287,2025-03-17 21:02:19,2025-03-17 18:02:19,10 km al NE de Panguipulli,-39.566,-72.26,98.0,2.8,Ml
277294,2025-03-17 22:41:52,2025-03-17 19:41:52,50 km al SO de Mina Collahuasi,-21.115,-69.022,110.0,2.5,Ml
277296,2025-03-17 22:49:39,2025-03-17 19:49:39,13 km al E de Parque Fray Jorge,-30.654,-71.547,24.0,3.3,Ml
277300,2025-03-17 23:05:54,2025-03-17 20:05:54,73 km al S de Socaire,-24.23,-67.738,231.0,2.7,Ml
277306,2025-03-17 23:11:57,2025-03-17 20:11:57,56 km al SO de Taltal,-25.798,-70.835,30.0,2.9,Ml
277305,2025-03-17 23:19:56,2025-03-17 20:19:56,27 km al S de Parque Fray Jorge,-30.901,-71.622,27.0,2.8,Ml
277341,2025-03-18 02:48:02,2025-03-17 23:48:02,48 km al SO de Ollagüe,-21.581,-68.517,126.0,2.5,Ml
277346,2025-03-18 03:14:05,2025-03-18 00:14:05,20 km al O de Punitaqui,-30.798,-71.468,47.0,2.7,Ml
277350,2025-03-18 03:31:50,2025-03-18 00:31:50,37 km al E de Ollagüe,-21.299,-67.904,174.0,2.8,Ml
277363,2025-03-18 04:29:07,2025-03-18 01:29:07,20 km al SO de Pichidangui,-32.266,-71.677,22.0,2.7,Ml
277382,2025-03-18 05:30:55,2025-03-18 02:30:55,111 km al NE de San Pedro de Atacama,-22.147,-67.52,217.0,4.5,Mw
277385,2025-03-18 05:42:17,2025-03-18 02:42:17,75 km al S de Socaire,-24.23,-67.664,232.0,2.5,Ml
277383,2025-03-18 05:44:26,2025-03-18 02:44:26,62 km al N de Carrizal Bajo,-27.532,-71.234,33.0,2.9,Ml
277409,2025-03-18 10:10:20,2025-03-18 07:10:20,18 km al NE de Puerto Octay,-40.828,-72.8,75.0,2.6,Ml
277413,2025-03-18 10:36:08,2025-03-18 07:36:08,50 km al S de Socaire,-24.028,-67.979,281.0,2.8,Ml
277415,2025-03-18 10:49:04,2025-03-18 07:49:04,43 km al S de Ollagüe,-21.589,-68.385,138.0,2.9,Ml
277419,2025-03-18 11:14:11,2025-03-18 08:14:11,65 km al SE de Mina Los Pelambres,-32.192,-70.054,151.0,3.2,Ml
277420,2025-03-18 11:16:17,2025-03-18 08:16:17,4 km al S de Mina La Escondida,-24.306,-69.048,102.0,3.1,Ml
277432,2025-03-18 13:27:09,2025-03-18 10:27:09,84 km al SE de Socaire,-24.229,-67.458,201.0,3.4,Ml
277438,2025-03-18 15:12:13,2025-03-18 12:12:13,17 km al S de Mina Collahuasi,-20.977,-68.614,123.0,2.7,Ml
277439,2025-03-18 15:29:34,2025-03-18 12:29:34,51 km al NO de Quillagua,-21.371,-69.917,51.0,2.5,Ml
277442,2025-03-18 15:35:35,2025-03-18 12:35:35,37 km al SE de Calama,-22.71,-68.684,105.0,2.9,Ml
277445,2025-03-18 15:50:27,2025-03-18 12:50:27,52 km al N de Calama,-22.018,-68.818,126.0,3.0,Ml
277457,2025-03-18 17:38:04,2025-03-18 14:38:04,35 km al O de Los Vilos,-31.97,-71.871,55.0,3.0,Ml
277468,2025-03-18 20:25:38,2025-03-18 17:25:38,123 km al E de Alto del Carmen,-28.41,-69.294,121.0,4.5,Mw
277470,2025-03-18 20:52:32,2025-03-18 17:52:32,69 km al SO de Ollagüe,-21.778,-68.554,124.0,2.9,Ml
277476,2025-03-18 21:17:49,2025-03-18 18:17:49,18 km al S de La Serena,-30.06,-71.26,66.0,5.3,Mww
277480,2025-03-18 21:50:06,2025-03-18 18:50:06,20 km al SE de Tocopilla,-22.262,-70.131,26.0,3.0,Ml
277483,2025-03-18 21:52:43,2025-03-18 18:52:43,15 km al NO de Andacollo,-30.135,-71.192,55.0,2.5,Ml
277489,2025-03-18 22:32:43,2025-03-18 19:32:43,55 km al SE de Socaire,-23.97,-67.543,216.0,3.0,Ml
277491,2025-03-18 22:51:27,2025-03-18 19:51:27,5 km al E de Cauquenes,-35.989,-72.261,65.0,4.2,Ml
277494,2025-03-18 22:52:23,2025-03-18 19:52:23,42 km al SO de Ollagüe,-21.404,-68.612,135.0,2.7,Ml
277498,2025-03-18 23:01:19,2025-03-18 20:01:19,66 km al E de Socaire,-23.788,-67.281,255.0,2.9,Ml
277505,2025-03-19 00:12:00,2025-03-18 21:12:00,17 km al S de La Serena,-30.051,-71.266,67.0,2.8,Ml
277515,2025-03-19 01:53:57,2025-03-18 22:53:57,49 km al SO de Ollagüe,-21.6,-68.5,127.0,2.5,Ml
277519,2025-03-19 02:02:59,2025-03-18 23:02:59,77 km al SE de Socaire,-23.987,-67.27,240.0,3.2,Ml
277528,2025-03-19 03:39:59,2025-03-19 00:39:59,30 km al NE de Copiapó,-27.241,-70.067,95.0,2.7,Ml
277552,2025-03-19 06:11:16,2025-03-19 03:11:16,38 km al E de Colchane,-19.249,-68.274,202.0,2.9,Ml
277559,2025-03-19 06:55:26,2025-03-19 03:55:26,53 km al NO de Quillagua,-21.351,-69.92,55.0,2.5,Ml
277561,2025-03-19 06:55:55,2025-03-19 03:55:55,69 km al S de Socaire,-24.199,-67.764,241.0,3.2,Ml
277597,2025-03-19 08:16:07,2025-03-19 05:16:07,71 km al E de Quillagua,-21.644,-68.847,97.0,3.7,Ml
277603,2025-03-19 09:01:00,2025-03-19 06:01:00,37 km al SE de Taltal,-25.692,-70.298,60.0,3.2,Ml
277634,2025-03-19 10:25:09,2025-03-19 07:25:09,15 km al E de Parque Fray Jorge,-30.635,-71.532,37.0,2.7,Ml
277646,2025-03-19 11:04:05,2025-03-19 08:04:05,91 km al NE de San Pedro de Atacama,-22.259,-67.679,190.0,2.6,Ml
277651,2025-03-19 11:29:34,2025-03-19 08:29:34,35 km al SE de Cauquenes,-36.114,-71.969,91.0,2.6,Ml
277655,2025-03-19 12:31:04,2025-03-19 09:31:04,23 km al SO de Ollagüe,-21.389,-68.394,130.0,3.4,Ml
277657,2025-03-19 12:46:11,2025-03-19 09:46:11,69 km al SO de Ollagüe,-21.618,-68.775,102.0,2.5,Ml
277669,2025-03-19 15:05:02,2025-03-19 12:05:02,48 km al NO de Mina Collahuasi,-20.422,-68.827,114.0,2.7,Ml
277672,2025-03-19 15:47:07,2025-03-19 12:47:07,73 km al NE de San Pedro de Atacama,-22.35,-67.855,197.0,2.9,Ml
277696,2025-03-19 18:37:36,2025-03-19 15:37:36,32 km al S de Pica,-20.771,-69.281,95.0,3.2,Ml
277715,2025-03-19 20:20:10,2025-03-19 17:20:10,21 km al S de Calama,-22.658,-68.937,110.0,3.3,Ml
277724,2025-03-19 21:21:59,2025-03-19 18:21:59,42 km al SO de Mina Collahuasi,-21.079,-68.958,110.0,2.9,Ml
277741,2025-03-19 23:25:11,2025-03-19 20:25:11,31 km al NE de Baquedano,-23.084,-69.713,52.0,2.8,Ml
277755,2025-03-20 00:32:26,2025-03-19 21:32:26,21 km al O de Punitaqui,-30.87,-71.477,55.0,2.8,Ml
277767,2025-03-20 02:25:32,2025-03-19 23:25:32,38 km al E de Calama,-22.584,-68.583,106.0,3.1,Ml
277771,2025-03-20 02:57:32,2025-03-19 23:57:32,83 km al O de San Antonio de los Cobres,-24.172,-67.133,206.0,3.5,Ml
277784,2025-03-20 04:19:08,2025-03-20 01:19:08,30 km al N de Tirúa,-38.074,-73.521,6.0,2.8,Ml
277788,2025-03-20 04:35:26,2025-03-20 01:35:26,19 km al NO de Andacollo,-30.089,-71.201,64.0,4.1,Ml
277791,2025-03-20 04:56:36,2025-03-20 01:56:36,39 km al SO de Socaire,-23.913,-68.026,152.0,3.1,Ml
277800,2025-03-20 06:33:41,2025-03-20 03:33:41,43 km al NE de Calama,-22.162,-68.676,112.0,2.6,Ml
277808,2025-03-20 07:04:14,2025-03-20 04:04:14,52 km al SO de Ollagüe,-21.534,-68.636,124.0,2.9,Ml
277814,2025-03-20 07:19:03,2025-03-20 04:19:03,75 km al E de Copiapó,-27.173,-69.606,114.0,4.6,Mw
277815,2025-03-20 07:35:09,2025-03-20 04:35:09,56 km al S de Putre,-18.691,-69.655,119.0,4.0,Ml
277826,2025-03-20 08:47:44,2025-03-20 05:47:44,61 km al S de Putre,-18.731,-69.424,110.0,2.9,Ml
277831,2025-03-20 09:11:42,2025-03-20 06:11:42,55 km al N de Mejillones,-22.62,-70.317,15.0,2.5,Ml
277839,2025-03-20 09:52:21,2025-03-20 06:52:21,73 km al S de Ollagüe,-21.845,-68.475,124.0,2.7,Ml
277854,2025-03-20 13:03:25,2025-03-20 10:03:25,26 km al O de Mina Collahuasi,-20.847,-68.902,102.0,2.8,Ml
277862,2025-03-20 13:25:14,2025-03-20 10:25:14,28 km al O de Navidad,-33.955,-72.136,31.0,2.6,Ml
277865,2025-03-20 14:03:10,2025-03-20 11:03:10,19 km al SO de Santiago,-33.521,-70.834,90.0,3.3,Ml
277873,2025-03-20 14:35:20,2025-03-20 11:35:20,41 km al N de Camiña,-18.961,-69.544,81.0,2.7,Ml
277876,2025-03-20 14:52:46,2025-03-20 11:52:46,32 km al O de Ollagüe,-21.185,-68.555,134.0,2.7,Ml
277877,2025-03-20 15:29:16,2025-03-20 12:29:16,34 km al E de Casablanca,-33.319,-71.042,73.0,2.9,Ml
277883,2025-03-20 16:16:49,2025-03-20 13:16:49,49 km al N de Bahía Mansa,-40.148,-73.741,11.0,2.6,Ml
277905,2025-03-20 17:36:40,2025-03-20 14:36:40,59 km al NO de Parque Fray Jorge,-30.351,-72.184,36.0,2.5,Ml
277923,2025-03-20 18:54:00,2025-03-20 15:54:00,2 km al SE de Canela Baja,-31.418,-71.448,77.0,3.0,Ml
277948,2025-03-20 22:40:39,2025-03-20 19:40:39,35 km al O de Ollagüe,-21.213,-68.594,121.0,3.5,Ml
277960,2025-03-21 00:52:58,2025-03-20 21:52:58,80 km al S de Socaire,-24.271,-67.649,233.0,3.6,Ml
277973,2025-03-21 03:09:03,2025-03-21 00:09:03,58 km al N de Quillagua,-21.146,-69.608,69.0,2.8,Ml
277979,2025-03-21 03:23:14,2025-03-21 00:23:14,16 km al S de Canela Baja,-31.54,-71.449,47.0,3.1,Ml
278010,2025-03-21 07:46:27,2025-03-21 04:46:27,18 km al SE de La Serena,-30.056,-71.18,62.0,2.8,Ml
278884,2025-03-21 10:03:29,2025-03-21 07:03:29,30 km al NE de Concepción,-36.58,-72.92,32.0,2.9,Ml
279951,2025-03-21 11:34:45,2025-03-21 08:34:45,8 km al E de Pica,-20.508,-69.259,90.0,2.8,Ml
280047,2025-03-21 11:35:57,2025-03-21 08:35:57,27 km al NO de Tocopilla,-21.941,-70.401,19.0,2.5,Ml
280877,2025-03-21 12:42:03,2025-03-21 09:42:03,40 km al NO de Tongoy,-29.931,-71.682,41.0,2.7,Ml
280930,2025-03-21 12:45:59,2025-03-21 09:45:59,38 km al SO de Ollagüe,-21.397,-68.575,120.0,2.8,Ml
281041,2025-03-21 13:09:53,2025-03-21 10:09:53,19 km al O de Andacollo,-30.282,-71.277,61.0,3.5,Ml
281044,2025-03-21 13:52:17,2025-03-21 10:52:17,119 km al E de Copiapó,-27.613,-69.162,115.0,3.0,Ml
281052,2025-03-21 13:59:03,2025-03-21 10:59:03,27 km al E de Pica,-20.422,-69.085,104.0,4.7,Mw
281055,2025-03-21 15:13:34,2025-03-21 12:13:34,30 km al S de Quillagua,-21.923,-69.57,68.0,3.7,Ml
281059,2025-03-21 15:47:14,2025-03-21 12:47:14,14 km al NO de Calama,-22.415,-69.048,113.0,3.5,Ml
281066,2025-03-21 16:52:15,2025-03-21 13:52:15,41 km al SE de Calama,-22.764,-68.688,92.0,2.6,Ml
281080,2025-03-21 17:57:07,2025-03-21 14:57:07,16 km al N de Quintero,-32.629,-71.502,40.0,2.7,Ml
281118,2025-03-21 23:55:50,2025-03-21 20:55:50,40 km al E de Sierra Gorda,-22.836,-68.938,106.0,2.9,Ml
281127,2025-03-22 00:49:26,2025-03-21 21:49:26,8 km al NO de María Elena,-22.285,-69.699,69.0,3.0,Ml
281136,2025-03-22 02:03:34,2025-03-21 23:03:34,83 km al SE de Socaire,-24.145,-67.343,200.0,3.0,Ml
281149,2025-03-22 03:57:40,2025-03-22 00:57:40,74 km al SO de Ollagüe,-21.756,-68.684,110.0,3.0,Ml
281176,2025-03-22 07:29:45,2025-03-22 04:29:45,28 km al S de Mina Collahuasi,-21.061,-68.568,129.0,3.7,Ml
281200,2025-03-22 12:01:59,2025-03-22 09:01:59,23 km al SE de Melipilla,-33.84,-71.044,60.0,2.7,Ml
281225,2025-03-22 14:39:58,2025-03-22 11:39:58,6 km al SO de Parque Fray Jorge,-30.712,-71.711,32.0,3.0,Ml
281230,2025-03-22 15:19:24,2025-03-22 12:19:24,56 km al NE de Mina La Escondida,-23.812,-68.832,99.0,2.9,Ml
281261,2025-03-22 18:06:48,2025-03-22 15:06:48,67 km al SE de Socaire,-24.121,-67.586,210.0,3.3,Ml
281289,2025-03-22 21:32:43,2025-03-22 18:32:43,34 km al S de Pica,-20.779,-69.219,108.0,3.4,Ml
281302,2025-03-23 00:14:01,2025-03-22 21:14:01,16 km al SO de Ollagüe,-21.309,-68.381,132.0,3.1,Ml
281322,2025-03-23 04:54:58,2025-03-23 01:54:58,44 km al SO de Mina Collahuasi,-21.179,-68.853,108.0,2.6,Ml
281328,2025-03-23 05:41:55,2025-03-23 02:41:55,44 km al S de Ollagüe,-21.605,-68.38,132.0,2.6,Ml
281336,2025-03-23 07:19:37,2025-03-23 04:19:37,37 km al SE de Pica,-20.796,-69.196,109.0,2.6,Ml
281340,2025-03-23 08:18:55,2025-03-23 05:18:55,37 km al E de María Elena,-22.301,-69.301,81.0,3.0,Ml
281345,2025-03-23 08:31:31,2025-03-23 05:31:31,13 km al NO de Punitaqui,-30.728,-71.33,50.0,3.4,Ml
281374,2025-03-23 11:12:47,2025-03-23 08:12:47,46 km al O de Mina Collahuasi,-20.861,-69.103,110.0,2.6,Ml
281378,2025-03-23 11:43:27,2025-03-23 08:43:27,42 km al S de Mina Collahuasi,-21.205,-68.701,107.0,3.0,Ml
281385,2025-03-23 12:42:19,2025-03-23 09:42:19,14 km al O de El Salvador,-26.209,-69.762,10.0,2.6,Ml
281389,2025-03-23 13:15:28,2025-03-23 10:15:28,59 km al N de Calama,-21.951,-68.831,103.0,2.7,Ml
281427,2025-03-23 15:32:44,2025-03-23 12:32:44,68 km al S de Socaire,-24.176,-68.094,192.0,2.8,Ml
281436,2025-03-23 16:14:23,2025-03-23 13:14:23,57 km al E de Copiapó,-27.208,-69.786,107.0,2.6,Ml
281443,2025-03-23 16:55:22,2025-03-23 13:55:22,38 km al O de Taltal,-25.31,-70.847,52.0,2.5,Ml
281455,2025-03-23 17:43:40,2025-03-23 14:43:40,51 km al N de Mejillones,-22.639,-70.464,39.0,3.7,Ml
281459,2025-03-23 18:53:47,2025-03-23 15:53:47,16 km al E de Chillán,-36.619,-71.93,70.0,2.6,Ml
281463,2025-03-23 19:57:44,2025-03-23 16:57:44,32 km al E de Talca,-35.442,-71.316,102.0,3.0,Ml
281479,2025-03-23 22:05:55,2025-03-23 19:05:55,73 km al SE de Sierra Gorda,-23.481,-69.012,110.0,2.5,Ml
281494,2025-03-24 00:24:00,2025-03-23 21:24:00,98 km al NE de San Pedro de Atacama,-22.17,-67.692,229.0,3.0,Ml
281497,2025-03-24 00:28:17,2025-03-23 21:28:17,59 km al SO de Mina Collahuasi,-21.29,-68.941,111.0,2.6,Ml
281516,2025-03-24 02:17:04,2025-03-23 23:17:04,48 km al E de Farellones,-33.332,-69.791,11.0,2.5,Ml
281518,2025-03-24 02:26:12,2025-03-23 23:26:12,38 km al E de Lebu,-37.743,-73.263,66.0,2.9,Ml
281523,2025-03-24 03:37:45,2025-03-24 00:37:45,25 km al O de Coronel,-36.965,-73.422,31.0,4.5,Mw
281529,2025-03-24 04:35:08,2025-03-24 01:35:08,19 km al N de La Serena,-29.732,-71.241,75.0,5.1,Mw
281537,2025-03-24 05:37:42,2025-03-24 02:37:42,20 km al S de La Higuera,-29.693,-71.231,77.0,3.4,Ml
281556,2025-03-24 08:43:24,2025-03-24 05:43:24,57 km al E de Socaire,-23.39,-67.37,235.0,3.1,Ml
281558,2025-03-24 09:05:04,2025-03-24 06:05:04,37 km al SO de Ollagüe,-21.511,-68.444,142.0,3.5,Ml
281567,2025-03-24 11:21:33,2025-03-24 08:21:33,14 km al SO de Villarrica,-39.384,-72.329,87.0,2.6,Ml
281565,2025-03-24 11:22:25,2025-03-24 08:22:25,34 km al O de Sierra Gorda,-22.873,-69.647,69.0,3.0,Ml
281569,2025-03-24 11:46:38,2025-03-24 08:46:38,48 km al N de Mejillones,-22.666,-70.483,15.0,2.5,Ml
281571,2025-03-24 12:02:08,2025-03-24 09:02:08,6 km al S de Los Vilos,-31.965,-71.514,40.0,3.7,Ml
281582,2025-03-24 12:39:27,2025-03-24 09:39:27,39 km al SO de Mina Collahuasi,-21.112,-68.884,114.0,2.5,Ml
281585,2025-03-24 13:02:05,2025-03-24 10:02:05,43 km al O de Panguipulli,-39.469,-72.768,71.0,2.9,Ml
281588,2025-03-24 13:15:52,2025-03-24 10:15:52,11 km al NO de Punitaqui,-30.781,-71.356,51.0,2.5,Ml
281590,2025-03-24 13:27:43,2025-03-24 10:27:43,47 km al SO de Taltal,-25.725,-70.797,46.0,3.0,Ml
281597,2025-03-24 13:42:44,2025-03-24 10:42:44,68 km al SO de Ollagüe,-21.748,-68.593,129.0,2.7,Ml
281599,2025-03-24 13:47:27,2025-03-24 10:47:27,50 km al N de Mejillones,-22.655,-70.493,11.0,2.5,Ml
281605,2025-03-24 14:36:37,2025-03-24 11:36:37,72 km al SE de Socaire,-23.877,-67.256,238.0,3.1,Ml
281615,2025-03-24 16:28:52,2025-03-24 13:28:52,69 km al SE de Alto del Carmen,-29.044,-69.856,122.0,2.5,Ml
281620,2025-03-24 17:17:22,2025-03-24 14:17:22,121 km al O de Bahía Mansa,-40.187,-75.065,27.0,3.8,Ml
281626,2025-03-24 17:29:19,2025-03-24 14:29:19,49 km al O de Mina Collahuasi,-20.942,-69.11,110.0,2.5,Ml
281627,2025-03-24 17:38:12,2025-03-24 14:38:12,26 km al O de Punitaqui,-30.877,-71.528,65.0,2.5,Ml
281639,2025-03-24 19:13:49,2025-03-24 16:13:49,28 km al N de Calama,-22.216,-68.925,108.0,2.7,Ml
281641,2025-03-24 19:23:21,2025-03-24 16:23:21,45 km al E de Baquedano,-23.374,-69.404,84.0,3.6,Ml
281643,2025-03-24 19:26:52,2025-03-24 16:26:52,42 km al O de Ollagüe,-21.273,-68.651,112.0,2.7,Ml
281651,2025-03-24 20:40:06,2025-03-24 17:40:06,59 km al SE de Socaire,-24.051,-67.594,260.0,2.7,Ml
281654,2025-03-24 21:00:00,2025-03-24 18:00:00,105 km al NE de San Pedro de Atacama,-22.095,-67.706,218.0,3.1,Ml
281663,2025-03-24 22:54:27,2025-03-24 19:54:27,68 km al S de Socaire,-24.194,-67.984,240.0,2.7,Ml
281671,2025-03-25 00:39:25,2025-03-24 21:39:25,3 km al E de Vicuña,-30.036,-70.686,78.0,2.8,Ml
281676,2025-03-25 01:24:58,2025-03-24 22:24:58,46 km al SE de Pica,-20.856,-69.114,109.0,2.6,Ml
281682,2025-03-25 02:00:16,2025-03-24 23:00:16,35 km al N de El Salvador,-25.938,-69.698,5.0,2.6,Ml
281695,2025-03-25 04:11:39,2025-03-25 01:11:39,74 km al SE de Socaire,-24.112,-67.436,243.0,2.9,Ml
281710,2025-03-25 05:56:39,2025-03-25 02:56:39,75 km al S de Copiapó,-28.014,-70.131,102.0,2.5,Ml
281722,2025-03-25 07:16:55,2025-03-25 04:16:55,84 km al S de Socaire,-24.319,-68.1,149.0,2.8,Ml
281725,2025-03-25 07:22:34,2025-03-25 04:22:34,68 km al NE de San Pedro de Atacama,-22.389,-67.871,210.0,2.6,Ml
281726,2025-03-25 07:25:04,2025-03-25 04:25:04,21 km al SO de La Higuera,-29.673,-71.311,80.0,2.7,Ml
281730,2025-03-25 07:51:05,2025-03-25 04:51:05,42 km al NE de Calama,-22.21,-68.634,132.0,3.8,Ml
281744,2025-03-25 09:37:38,2025-03-25 06:37:38,17 km al S de La Serena,-30.059,-71.259,67.0,3.3,Ml
281754,2025-03-25 13:08:20,2025-03-25 10:08:20,32 km al O de San Pedro de Atacama,-22.814,-68.486,143.0,2.6,Ml
281755,2025-03-25 13:10:46,2025-03-25 10:10:46,69 km al E de Quillagua,-21.462,-68.899,121.0,3.0,Ml
281757,2025-03-25 13:16:44,2025-03-25 10:16:44,33 km al E de Los Andes,-32.826,-70.242,109.0,3.5,Ml
281760,2025-03-25 13:23:31,2025-03-25 10:23:31,70 km al S de Socaire,-24.209,-67.776,241.0,2.7,Ml
281767,2025-03-25 14:49:35,2025-03-25 11:49:35,34 km al SE de Constitución,-35.563,-72.16,18.0,2.6,Ml
281775,2025-03-25 16:17:11,2025-03-25 13:17:11,129 km al NE de Socaire,-23.002,-66.796,282.0,3.5,Ml
281795,2025-03-25 18:17:35,2025-03-25 15:17:35,29 km al N de Iquique,-19.96,-70.071,41.0,3.0,Ml
281815,2025-03-25 20:41:21,2025-03-25 17:41:21,51 km al O de Tongoy,-30.071,-71.982,49.0,2.8,Ml
281820,2025-03-25 21:47:38,2025-03-25 18:47:38,56 km al SO de Ollagüe,-21.664,-68.525,139.0,3.4,Ml
281821,2025-03-25 21:49:29,2025-03-25 18:49:29,129 km al O de Constitución,-34.959,-73.752,26.0,2.7,Ml
281826,2025-03-25 22:11:10,2025-03-25 19:11:10,48 km al E de Sierra Gorda,-23.021,-68.87,91.0,3.6,Ml
281830,2025-03-25 22:35:17,2025-03-25 19:35:17,87 km al SE de Socaire,-24.005,-67.169,205.0,3.5,Ml
281834,2025-03-25 22:50:57,2025-03-25 19:50:57,45 km al SE de Calama,-22.811,-68.699,109.0,3.9,Ml
281837,2025-03-25 22:55:53,2025-03-25 19:55:53,30 km al NE de Pica,-20.248,-69.201,96.0,5.4,Mw
281841,2025-03-25 23:05:25,2025-03-25 20:05:25,30 km al N de Pica,-20.231,-69.245,98.0,2.9,Ml
281843,2025-03-25 23:07:54,2025-03-25 20:07:54,30 km al NE de Pica,-20.246,-69.219,94.0,3.6,Ml
281845,2025-03-25 23:10:30,2025-03-25 20:10:30,29 km al NE de Pica,-20.264,-69.185,91.0,3.4,Ml
281844,2025-03-25 23:11:01,2025-03-25 20:11:01,33 km al NE de Pica,-20.221,-69.193,93.0,3.6,Ml
281850,2025-03-25 23:58:05,2025-03-25 20:58:05,39 km al E de Combarbalá,-31.225,-70.598,116.0,3.1,Ml
281858,2025-03-26 00:24:19,2025-03-25 21:24:19,45 km al SO de Mina Collahuasi,-21.081,-69.0,113.0,2.7,Ml
281902,2025-03-26 01:15:20,2025-03-25 22:15:20,94 km al NO de Punta Arenas,-52.446,-71.652,10.0,3.2,Ml
281864,2025-03-26 01:20:44,2025-03-25 22:20:44,35 km al NE de Pica,-20.205,-69.18,95.0,2.8,Ml
281878,2025-03-26 03:32:08,2025-03-26 00:32:08,33 km al N de Pica,-20.211,-69.218,95.0,3.2,Ml
281880,2025-03-26 03:43:13,2025-03-26 00:43:13,96 km al NO de Punta Arenas,-52.456,-71.716,10.0,3.1,Ml
281885,2025-03-26 04:10:17,2025-03-26 01:10:17,107 km al NE de San Pedro de Atacama,-22.093,-67.66,215.0,3.1,Ml
281890,2025-03-26 04:14:55,2025-03-26 01:14:55,19 km al O de Los Vilos,-31.951,-71.706,22.0,2.5,Ml
281912,2025-03-26 04:32:13,2025-03-26 01:32:13,94 km al NO de Punta Arenas,-52.449,-71.669,10.0,3.0,Ml
281897,2025-03-26 05:23:48,2025-03-26 02:23:48,18 km al NO de Vichuquén,-34.752,-72.104,12.0,2.8,Ml
281910,2025-03-26 06:24:34,2025-03-26 03:24:34,75 km al SE de Socaire,-23.978,-67.29,217.0,3.5,Ml
281920,2025-03-26 07:16:18,2025-03-26 04:16:18,94 km al NO de Punta Arenas,-52.468,-71.694,13.0,4.4,Ml
281922,2025-03-26 07:23:16,2025-03-26 04:23:16,95 km al NO de Punta Arenas,-52.467,-71.738,12.0,2.6,Ml
281938,2025-03-26 08:32:04,2025-03-26 05:32:04,95 km al NO de Punta Arenas,-52.531,-71.87,41.0,3.1,Ml
281939,2025-03-26 08:33:00,2025-03-26 05:33:00,10 km al E de Calama,-22.469,-68.832,114.0,2.8,Ml
281947,2025-03-26 09:02:42,2025-03-26 06:02:42,63 km al NE de Calama,-21.997,-68.589,116.0,2.7,Ml
281968,2025-03-26 10:35:46,2025-03-26 07:35:46,25 km al SO de San Pedro de Atacama,-23.06,-68.385,127.0,4.1,Ml
281981,2025-03-26 13:11:10,2025-03-26 10:11:10,51 km al O de Tirúa,-38.207,-74.048,28.0,2.5,Ml
281982,2025-03-26 13:33:17,2025-03-26 10:33:17,88 km al NO de Punta Arenas,-52.409,-71.317,11.0,3.7,Ml
281987,2025-03-26 14:09:42,2025-03-26 11:09:42,73 km al NE de Socaire,-23.265,-67.267,259.0,3.0,Ml
281991,2025-03-26 15:14:54,2025-03-26 12:14:54,134 km al E de San Pedro de Atacama,-22.774,-66.902,284.0,3.1,Ml
281993,2025-03-26 15:56:27,2025-03-26 12:56:27,57 km al SE de Socaire,-23.882,-67.43,261.0,2.8,Ml
282003,2025-03-26 17:14:49,2025-03-26 14:14:49,88 km al NE de San Pedro de Atacama,-22.255,-67.737,177.0,2.9,Ml
282035,2025-03-26 19:20:14,2025-03-26 16:20:14,66 km al SO de Pichidangui,-32.432,-72.138,36.0,3.0,Ml
282044,2025-03-26 20:15:43,2025-03-26 17:15:43,40 km al N de Tocopilla,-21.74,-70.253,69.0,2.5,Ml
282054,2025-03-26 22:17:41,2025-03-26 19:17:41,21 km al E de Ollagüe,-21.276,-68.054,175.0,2.7,Ml
282061,2025-03-26 23:18:49,2025-03-26 20:18:49,38 km al SO de San Pedro de Atacama,-23.11,-68.503,114.0,2.6,Ml
282062,2025-03-26 23:23:07,2025-03-26 20:23:07,73 km al SO de Ollagüe,-21.787,-68.625,123.0,2.7,Ml
282066,2025-03-26 23:24:10,2025-03-26 20:24:10,16 km al O de Linares,-35.909,-71.763,69.0,2.6,Ml
282082,2025-03-27 00:39:29,2025-03-26 21:39:29,29 km al SE de Calama,-22.673,-68.755,110.0,2.8,Ml
282093,2025-03-27 01:12:26,2025-03-26 22:12:26,34 km al NE de Farellones,-33.072,-70.153,112.0,2.6,Ml
282096,2025-03-27 01:48:38,2025-03-26 22:48:38,59 km al SE de Socaire,-24.018,-67.552,252.0,2.6,Ml
282099,2025-03-27 02:44:33,2025-03-26 23:44:33,35 km al NE de Pica,-20.226,-69.147,91.0,2.7,Ml
282102,2025-03-27 02:59:25,2025-03-26 23:59:25,43 km al S de Huasco,-28.829,-71.367,34.0,2.6,Ml
282110,2025-03-27 03:47:42,2025-03-27 00:47:42,30 km al SE de Mina Collahuasi,-21.077,-68.55,135.0,2.8,Ml
282117,2025-03-27 05:15:38,2025-03-27 02:15:38,72 km al NE de Calama,-21.896,-68.614,134.0,3.1,Ml
282123,2025-03-27 05:25:08,2025-03-27 02:25:08,52 km al O de Ollagüe,-21.36,-68.731,105.0,2.7,Ml
282129,2025-03-27 05:38:34,2025-03-27 02:38:34,72 km al NE de Calama,-21.909,-68.583,126.0,3.1,Ml
282135,2025-03-27 06:43:19,2025-03-27 03:43:19,9 km al SE de Ollagüe,-21.296,-68.209,137.0,3.3,Ml
282138,2025-03-27 06:47:34,2025-03-27 03:47:34,18 km al S de Huasco,-28.622,-71.179,53.0,2.8,Ml
282151,2025-03-27 07:23:53,2025-03-27 04:23:53,115 km al O de Navidad,-33.773,-73.059,30.0,3.2,Ml
282166,2025-03-27 09:23:52,2025-03-27 06:23:52,134 km al O de Lebu,-38.001,-75.103,24.0,3.2,Ml
282168,2025-03-27 09:48:41,2025-03-27 06:48:41,20 km al SE de Camiña,-19.479,-69.357,97.0,2.7,Ml
282171,2025-03-27 09:56:40,2025-03-27 06:56:40,67 km al SE de Socaire,-24.021,-67.435,224.0,2.9,Ml
282178,2025-03-27 10:54:20,2025-03-27 07:54:20,72 km al E de Monte Patria,-30.963,-70.273,116.0,2.8,Ml
282182,2025-03-27 11:50:42,2025-03-27 08:50:42,30 km al SO de Calama,-22.664,-69.14,86.0,3.3,Ml
282185,2025-03-27 12:13:30,2025-03-27 09:13:30,28 km al NO de Quintero,-32.578,-71.717,32.0,3.1,Ml
282188,2025-03-27 12:14:08,2025-03-27 09:14:08,46 km al NE de Calama,-22.093,-68.737,121.0,2.5,Ml
282191,2025-03-27 12:27:48,2025-03-27 09:27:48,31 km al NO de Quintero,-32.606,-71.79,40.0,2.6,Ml
282193,2025-03-27 12:31:40,2025-03-27 09:31:40,32 km al NE de Mejillones,-22.942,-70.194,33.0,2.5,Ml
282208,2025-03-27 14:44:53,2025-03-27 11:44:53,11 km al S de Putre,-18.296,-69.564,105.0,3.3,Ml
282215,2025-03-27 15:14:48,2025-03-27 12:14:48,24 km al NO de Quintero,-32.651,-71.738,30.0,2.6,Ml
282218,2025-03-27 15:15:29,2025-03-27 12:15:29,23 km al NO de Quintero,-32.664,-71.733,25.0,3.7,Ml
282233,2025-03-27 17:54:12,2025-03-27 14:54:12,15 km al N de Mejillones,-22.967,-70.428,31.0,2.6,Ml
282238,2025-03-27 18:07:25,2025-03-27 15:07:25,33 km al S de Mina Collahuasi,-21.125,-68.643,116.0,2.5,Ml
282283,2025-03-27 23:42:28,2025-03-27 20:42:28,74 km al N de Calama,-21.847,-68.682,119.0,3.2,Ml
282290,2025-03-28 00:53:23,2025-03-27 21:53:23,17 km al N de Copiapó,-27.223,-70.276,9.0,2.5,Ml
282304,2025-03-28 03:13:37,2025-03-28 00:13:37,87 km al O de Tongoy,-30.04,-72.368,44.0,2.7,Ml
282314,2025-03-28 03:55:47,2025-03-28 00:55:47,24 km al SO de Huasco,-28.646,-71.362,29.0,2.7,Ml
282353,2025-03-28 07:59:14,2025-03-28 04:59:14,96 km al O de Punta de Choros,-29.514,-72.405,37.0,2.7,Ml
282361,2025-03-28 09:08:02,2025-03-28 06:08:02,57 km al SE de Socaire,-23.987,-67.529,250.0,3.0,Ml
282374,2025-03-28 11:00:30,2025-03-28 08:00:30,50 km al SO de Mina Collahuasi,-21.112,-69.028,112.0,3.6,Ml
282377,2025-03-28 11:33:56,2025-03-28 08:33:56,39 km al NO de Valparaíso,-32.875,-71.977,20.0,2.8,Ml
282382,2025-03-28 11:47:04,2025-03-28 08:47:04,34 km al NO de Valparaíso,-32.906,-71.938,23.0,2.6,Ml
282403,2025-03-28 14:42:19,2025-03-28 11:42:19,68 km al N de Calama,-21.895,-68.717,102.0,2.8,Ml
282409,2025-03-28 16:42:46,2025-03-28 13:42:46,75 km al NE de Calama,-21.933,-68.495,126.0,2.5,Ml
282457,2025-03-28 20:21:32,2025-03-28 17:21:32,31 km al SO de Punta de Choros,-29.492,-71.621,67.0,3.2,Ml
282467,2025-03-28 21:41:21,2025-03-28 18:41:21,30 km al S de Mina La Escondida,-24.538,-68.996,114.0,3.7,Ml
282471,2025-03-28 22:33:53,2025-03-28 19:33:53,35 km al SE de Curicó,-35.265,-71.056,112.0,3.0,Ml
282479,2025-03-29 00:59:12,2025-03-28 21:59:12,73 km al SE de Socaire,-24.097,-67.433,200.0,2.9,Ml
282481,2025-03-29 01:31:41,2025-03-28 22:31:41,53 km al SE de Socaire,-23.959,-67.559,245.0,3.0,Ml
282485,2025-03-29 01:56:37,2025-03-28 22:56:37,33 km al E de Ollagüe,-21.261,-67.933,182.0,3.2,Ml
282497,2025-03-29 02:49:16,2025-03-28 23:49:16,11 km al E de Pica,-20.487,-69.222,100.0,2.6,Ml
282529,2025-03-29 06:29:27,2025-03-29 03:29:27,54 km al E de El Salvador,-26.25,-69.087,117.0,2.9,Ml
282540,2025-03-29 07:20:27,2025-03-29 04:20:27,108 km al O de Constitución,-35.003,-73.529,33.0,3.7,Ml
282543,2025-03-29 07:25:00,2025-03-29 04:25:00,70 km al E de Quillagua,-21.438,-68.899,93.0,2.6,Ml
282544,2025-03-29 07:34:54,2025-03-29 04:34:54,78 km al E de Alto del Carmen,-28.508,-69.745,120.0,3.0,Ml
282549,2025-03-29 08:01:24,2025-03-29 05:01:24,30 km al S de Chañaral,-26.622,-70.625,45.0,4.2,Ml
282572,2025-03-29 10:47:26,2025-03-29 07:47:26,33 km al O de La Higuera,-29.587,-71.531,46.0,3.5,Ml
282575,2025-03-29 11:53:44,2025-03-29 08:53:44,26 km al NO de Mina Collahuasi,-20.721,-68.88,99.0,2.8,Ml
282584,2025-03-29 12:34:26,2025-03-29 09:34:26,55 km al S de Calama,-22.938,-68.768,105.0,2.5,Ml
282589,2025-03-29 13:16:50,2025-03-29 10:16:50,38 km al E de Pica,-20.576,-68.974,106.0,2.8,Ml
282594,2025-03-29 14:15:53,2025-03-29 11:15:53,58 km al O de San Pedro de Atacama,-23.094,-68.738,101.0,2.7,Ml
282609,2025-03-29 15:35:56,2025-03-29 12:35:56,28 km al NE de Mina Los Pelambres,-31.646,-70.376,129.0,2.9,Ml
282616,2025-03-29 16:03:20,2025-03-29 13:03:20,43 km al E de Pisagua,-19.532,-69.809,81.0,3.4,Ml
282632,2025-03-29 17:39:18,2025-03-29 14:39:18,41 km al SO de Angol,-37.986,-73.117,27.0,3.2,Ml
282636,2025-03-29 18:10:14,2025-03-29 15:10:14,82 km al SE de Socaire,-24.18,-67.412,201.0,3.5,Ml
282641,2025-03-29 18:47:30,2025-03-29 15:47:30,65 km al S de Sierra Gorda,-23.464,-69.201,103.0,3.3,Ml
282658,2025-03-29 20:37:57,2025-03-29 17:37:57,97 km al NE de San Pedro de Atacama,-22.151,-67.748,183.0,4.0,Ml
282663,2025-03-29 20:49:39,2025-03-29 17:49:39,58 km al O de Navidad,-33.906,-72.453,38.0,3.8,Ml
282684,2025-03-29 21:43:31,2025-03-29 18:43:31,63 km al O de Cobquecura,-36.133,-73.492,25.0,3.1,Ml
282699,2025-03-29 23:00:29,2025-03-29 20:00:29,85 km al SE de Ollagüe,-21.744,-67.655,200.0,3.0,Ml
282703,2025-03-29 23:17:44,2025-03-29 20:17:44,33 km al O de Curicó,-35.083,-71.587,48.0,2.9,Ml
282707,2025-03-29 23:29:51,2025-03-29 20:29:51,21 km al NE de Pica,-20.407,-69.15,102.0,2.6,Ml
282712,2025-03-30 00:25:19,2025-03-29 21:25:19,50 km al O de Navidad,-33.918,-72.367,38.0,3.5,Ml
282717,2025-03-30 01:01:58,2025-03-29 22:01:58,52 km al O de Navidad,-33.893,-72.391,35.0,3.1,Ml
282721,2025-03-30 01:16:10,2025-03-29 22:16:10,75 km al SO de Punta de Choros,-29.633,-72.098,24.0,2.8,Ml
282744,2025-03-30 06:13:15,2025-03-30 03:13:15,8 km al SO de Los Vilos,-31.972,-71.566,51.0,2.7,Ml
282751,2025-03-30 07:31:37,2025-03-30 04:31:37,84 km al E de Socaire,-23.894,-67.132,221.0,4.2,Ml
282758,2025-03-30 08:17:00,2025-03-30 05:17:00,44 km al NE de Colchane,-18.952,-68.391,198.0,3.5,Ml
282770,2025-03-30 09:49:32,2025-03-30 06:49:32,40 km al O de Mina Collahuasi,-20.933,-69.03,105.0,3.5,Ml
282775,2025-03-30 10:25:01,2025-03-30 07:25:01,16 km al SE de Salamanca,-31.877,-70.834,92.0,3.7,Ml
282780,2025-03-30 10:57:29,2025-03-30 07:57:29,49 km al N de Calama,-22.043,-68.799,113.0,2.7,Ml
282783,2025-03-30 11:09:07,2025-03-30 08:09:07,40 km al N de Mejillones,-22.738,-70.411,40.0,4.0,Ml
282824,2025-03-30 16:58:03,2025-03-30 13:58:03,127 km al O de Pichilemu,-33.988,-73.302,25.0,3.3,Ml
282832,2025-03-30 17:16:35,2025-03-30 14:16:35,14 km al SO de Ollagüe,-21.33,-68.333,128.0,3.1,Ml
282881,2025-03-30 19:52:30,2025-03-30 16:52:30,38 km al SE de Pisagua,-19.751,-69.891,38.0,3.0,Ml
282896,2025-03-30 21:02:00,2025-03-30 18:02:00,74 km al SE de Socaire,-24.043,-67.354,266.0,3.7,Ml
282903,2025-03-30 21:18:14,2025-03-30 18:18:14,43 km al NO de Quintero,-32.489,-71.833,23.0,3.3,Ml
282911,2025-03-30 21:40:59,2025-03-30 18:40:59,46 km al NO de Quintero,-32.484,-71.876,15.0,3.0,Ml
282924,2025-03-30 23:41:47,2025-03-30 20:41:47,84 km al S de Ilo,-18.394,-71.405,33.0,4.0,Ml
282934,2025-03-31 01:12:03,2025-03-30 22:12:03,51 km al E de Quillagua,-21.717,-69.049,90.0,3.5,Ml
282939,2025-03-31 01:41:05,2025-03-30 22:41:05,32 km al SO de Ollagüe,-21.389,-68.502,107.0,2.8,Ml
282942,2025-03-31 01:50:52,2025-03-30 22:50:52,45 km al NE de San Fabián,-36.346,-71.124,2.0,2.7,Ml
282955,2025-03-31 03:53:07,2025-03-31 00:53:07,31 km al N de Farellones,-33.084,-70.206,112.0,3.2,Ml
282965,2025-03-31 05:59:22,2025-03-31 02:59:22,36 km al SO de Visviri,-17.762,-69.769,161.0,3.9,Ml
282972,2025-03-31 06:32:15,2025-03-31 03:32:15,83 km al SE de Socaire,-24.08,-67.271,236.0,3.5,Ml
282981,2025-03-31 07:41:52,2025-03-31 04:41:52,45 km al O de Punta de Choros,-29.274,-71.929,36.0,3.5,Ml
282997,2025-03-31 09:33:01,2025-03-31 06:33:01,40 km al NE de Calama,-22.178,-68.702,130.0,2.9,Ml
283025,2025-03-31 12:14:21,2025-03-31 09:14:21,58 km al SO de Taltal,-25.826,-70.832,38.0,4.4,Ml
283033,2025-03-31 13:41:03,2025-03-31 10:41:03,38 km al O de Sierra Gorda,-22.895,-69.688,83.0,3.0,Ml
283040,2025-03-31 14:24:15,2025-03-31 11:24:15,59 km al SE de Socaire,-24.047,-67.604,228.0,3.4,Ml
283041,2025-03-31 14:29:16,2025-03-31 11:29:16,37 km al SE de Talca,-35.582,-71.306,102.0,2.6,Ml
283045,2025-03-31 14:41:59,2025-03-31 11:41:59,45 km al SO de Mina Collahuasi,-21.145,-68.926,113.0,2.9,Ml
283060,2025-03-31 15:27:32,2025-03-31 12:27:32,28 km al NO de Victoria,-38.0,-72.438,30.0,3.0,Ml
283063,2025-03-31 15:58:26,2025-03-31 12:58:26,80 km al NO de San Antonio de los Cobres,-23.772,-66.933,230.0,4.6,Mw
283087,2025-03-31 17:34:03,2025-03-31 14:34:03,46 km al S de Camiña,-19.71,-69.309,97.0,2.8,Ml
283091,2025-03-31 17:40:49,2025-03-31 14:40:49,19 km al E de Mina Collahuasi,-20.874,-68.485,137.0,2.5,Ml
283092,2025-03-31 17:49:40,2025-03-31 14:49:40,55 km al SO de Ollagüe,-21.57,-68.628,116.0,4.1,Ml
283097,2025-03-31 18:14:37,2025-03-31 15:14:37,70 km al NE de Vallenar,-28.135,-70.241,106.0,2.9,Ml
283102,2025-03-31 18:48:19,2025-03-31 15:48:19,32 km al E de Temuco,-38.679,-72.226,10.0,2.8,Ml
283111,2025-03-31 20:05:34,2025-03-31 17:05:34,12 km al NO de Visviri,-17.493,-69.528,184.0,2.9,Ml
283114,2025-03-31 20:18:42,2025-03-31 17:18:42,52 km al NE de Socaire,-23.386,-67.433,245.0,3.7,Ml
283134,2025-03-31 23:15:06,2025-03-31 20:15:06,58 km al SE de Socaire,-23.959,-67.481,260.0,3.1,Ml
283151,2025-04-01 01:13:43,2025-03-31 22:13:43,81 km al E de Taltal,-25.379,-69.679,85.0,2.9,Ml
283153,2025-04-01 01:14:43,2025-03-31 22:14:43,128 km al O de Constitución,-34.941,-73.731,37.0,2.6,Ml
283154,2025-04-01 01:16:12,2025-03-31 22:16:12,65 km al NE de Paposo,-24.715,-69.904,48.0,2.5,Ml
283167,2025-04-01 02:16:09,2025-03-31 23:16:09,84 km al O de San Antonio de los Cobres,-23.936,-67.086,241.0,3.6,Ml
283171,2025-04-01 02:31:23,2025-03-31 23:31:23,94 km al SE de Alto del Carmen,-29.242,-69.698,111.0,2.5,Ml
283193,2025-04-01 06:45:35,2025-04-01 03:45:35,56 km al S de Socaire,-24.093,-67.942,252.0,2.6,Ml
283195,2025-04-01 07:14:43,2025-04-01 04:14:43,45 km al S de Socaire,-23.994,-67.844,211.0,2.8,Ml
283196,2025-04-01 07:31:14,2025-04-01 04:31:14,75 km al SE de Socaire,-24.143,-67.474,200.0,2.6,Ml
283197,2025-04-01 07:45:07,2025-04-01 04:45:07,46 km al SO de Mina Collahuasi,-21.199,-68.844,112.0,2.5,Ml
283205,2025-04-01 08:16:12,2025-04-01 05:16:12,62 km al SE de Socaire,-24.013,-67.491,236.0,3.1,Ml
283236,2025-04-01 10:08:16,2025-04-01 07:08:16,56 km al SE de Socaire,-23.982,-67.538,248.0,2.6,Ml
283279,2025-04-01 13:54:26,2025-04-01 10:54:26,42 km al S de Mina Collahuasi,-21.203,-68.679,115.0,2.5,Ml
283283,2025-04-01 14:06:55,2025-04-01 11:06:55,27 km al SE de San José de Maipo,-33.75,-70.093,16.0,2.7,Ml
283286,2025-04-01 14:28:37,2025-04-01 11:28:37,7 km al SO de Cuya,-19.194,-70.24,42.0,3.0,Ml
283290,2025-04-01 14:33:34,2025-04-01 11:33:34,9 km al O de Pica,-20.488,-69.412,79.0,3.0,Ml
283301,2025-04-01 15:12:11,2025-04-01 12:12:11,11 km al S de Canela Baja,-31.496,-71.452,67.0,3.4,Ml
283302,2025-04-01 15:22:54,2025-04-01 12:22:54,26 km al NO de Mina Collahuasi,-20.655,-68.823,104.0,2.7,Ml
283311,2025-04-01 16:57:20,2025-04-01 13:57:20,30 km al NE de Constitución,-35.129,-72.194,50.0,3.5,Ml
283327,2025-04-01 17:53:13,2025-04-01 14:53:13,31 km al SO de Ollagüe,-21.479,-68.376,129.0,3.1,Ml
283343,2025-04-01 19:22:07,2025-04-01 16:22:07,73 km al S de Socaire,-24.232,-67.736,252.0,3.0,Ml
283346,2025-04-01 19:53:55,2025-04-01 16:53:55,34 km al S de Mina Collahuasi,-21.137,-68.651,134.0,2.6,Ml
283352,2025-04-01 20:06:32,2025-04-01 17:06:32,42 km al O de Ollagüe,-21.27,-68.652,123.0,3.1,Ml
283354,2025-04-01 20:12:26,2025-04-01 17:12:26,67 km al N de Calama,-21.864,-68.904,92.0,3.3,Ml
283384,2025-04-01 23:30:51,2025-04-01 20:30:51,57 km al NE de Calama,-22.012,-68.682,130.0,2.6,Ml
283393,2025-04-02 00:06:41,2025-04-01 21:06:41,68 km al N de Mina La Escondida,-23.654,-69.026,79.0,2.6,Ml
283434,2025-04-02 02:28:16,2025-04-01 23:28:16,38 km al NE de Punta de Choros,-28.943,-71.284,42.0,3.5,Ml
283441,2025-04-02 02:52:36,2025-04-01 23:52:36,138 km al O de Toltén,-39.276,-74.759,16.0,2.5,Ml
283440,2025-04-02 02:52:54,2025-04-01 23:52:54,48 km al NE de Socaire,-23.32,-67.528,282.0,2.6,Ml
283447,2025-04-02 03:29:38,2025-04-02 00:29:38,25 km al SO de Huasco,-28.616,-71.407,47.0,3.6,Ml
283478,2025-04-02 05:19:36,2025-04-02 02:19:36,37 km al N de Mejillones,-22.766,-70.475,28.0,2.6,Ml
283481,2025-04-02 05:29:49,2025-04-02 02:29:49,100 km al O de Huasco,-28.147,-72.174,28.0,2.6,Ml
283504,2025-04-02 06:12:14,2025-04-02 03:12:14,31 km al O de Mina Collahuasi,-20.728,-68.936,97.0,2.5,Ml
283522,2025-04-02 07:30:00,2025-04-02 04:30:00,75 km al SE de Socaire,-24.009,-67.318,245.0,3.2,Ml
283527,2025-04-02 07:50:30,2025-04-02 04:50:30,139 km al SE de Copiapó,-28.077,-69.174,141.0,3.2,Ml
283542,2025-04-02 08:40:13,2025-04-02 05:40:13,33 km al O de Ollagüe,-21.31,-68.56,125.0,2.5,Ml
283550,2025-04-02 09:26:36,2025-04-02 06:26:36,70 km al SE de Socaire,-24.161,-67.611,250.0,2.8,Ml
283567,2025-04-02 10:50:03,2025-04-02 07:50:03,28 km al SO de Ollagüe,-21.454,-68.376,127.0,2.6,Ml
283586,2025-04-02 11:48:57,2025-04-02 08:48:57,32 km al O de Quintero,-32.767,-71.867,40.0,3.0,Ml
283591,2025-04-02 12:06:45,2025-04-02 09:06:45,19 km al E de Rancagua,-34.134,-70.533,113.0,3.7,Ml
283602,2025-04-02 12:48:17,2025-04-02 09:48:17,35 km al S de Mina Collahuasi,-21.145,-68.669,127.0,3.0,Ml
283605,2025-04-02 13:00:45,2025-04-02 10:00:45,46 km al SE de Socaire,-23.868,-67.55,259.0,3.1,Ml
283607,2025-04-02 13:41:13,2025-04-02 10:41:13,53 km al SE de Socaire,-23.934,-67.529,252.0,3.0,Ml
283611,2025-04-02 14:14:50,2025-04-02 11:14:50,32 km al NE de Calama,-22.214,-68.783,130.0,2.5,Ml
283615,2025-04-02 14:40:19,2025-04-02 11:40:19,44 km al S de Mina Collahuasi,-21.214,-68.736,110.0,2.5,Ml
283621,2025-04-02 14:50:01,2025-04-02 11:50:01,92 km al O de Bahía Mansa,-40.69,-74.812,10.0,2.8,Ml
283631,2025-04-02 15:35:34,2025-04-02 12:35:34,118 km al E de San Pedro de Atacama,-22.782,-67.061,257.0,4.6,Mw
283643,2025-04-02 16:21:47,2025-04-02 13:21:47,56 km al SE de Sierra Gorda,-23.098,-68.82,123.0,2.5,Ml
283644,2025-04-02 16:34:22,2025-04-02 13:34:22,59 km al O de Mina La Escondida,-24.44,-69.608,85.0,2.8,Ml
284522,2025-04-02 18:00:25,2025-04-02 15:00:25,44 km al SO de Ollagüe,-21.524,-68.53,140.0,2.7,Ml
288836,2025-04-02 23:51:24,2025-04-02 20:51:24,45 km al S de Calama,-22.861,-68.804,93.0,2.7,Ml
288853,2025-04-03 00:34:22,2025-04-02 21:34:22,29 km al SE de Vichuquén,-35.016,-71.721,60.0,3.4,Ml
288865,2025-04-03 02:09:29,2025-04-02 23:09:29,54 km al S de Socaire,-24.075,-67.82,245.0,2.9,Ml
288868,2025-04-03 02:15:47,2025-04-02 23:15:47,32 km al S de Mina Collahuasi,-21.109,-68.581,136.0,2.7,Ml
288875,2025-04-03 02:55:20,2025-04-02 23:55:20,46 km al SO de Mina Collahuasi,-21.114,-68.977,112.0,3.0,Ml
288878,2025-04-03 03:04:35,2025-04-03 00:04:35,37 km al O de Ollagüe,-21.192,-68.607,143.0,2.5,Ml
288894,2025-04-03 03:46:35,2025-04-03 00:46:35,29 km al O de La Serena,-29.862,-71.553,62.0,4.1,Ml
288918,2025-04-03 05:30:54,2025-04-03 02:30:54,57 km al SO de Mina La Escondida,-24.683,-69.384,100.0,3.8,Ml
288923,2025-04-03 05:45:59,2025-04-03 02:45:59,33 km al SO de Pichidangui,-32.388,-71.705,59.0,2.8,Ml
288928,2025-04-03 06:05:55,2025-04-03 03:05:55,41 km al NO de Quillagua,-21.38,-69.8,44.0,2.5,Ml
288946,2025-04-03 07:17:19,2025-04-03 04:17:19,75 km al E de Socaire,-23.608,-67.154,241.0,3.0,Ml
288953,2025-04-03 08:10:21,2025-04-03 05:10:21,24 km al SE de Calama,-22.559,-68.718,100.0,3.1,Ml
288963,2025-04-03 09:03:28,2025-04-03 06:03:28,55 km al O de Quillagua,-21.568,-70.056,72.0,2.8,Ml
288973,2025-04-03 10:05:07,2025-04-03 07:05:07,58 km al E de Combarbalá,-31.193,-70.398,118.0,2.5,Ml
288977,2025-04-03 10:09:14,2025-04-03 07:09:14,52 km al SE de Socaire,-23.975,-67.602,221.0,2.5,Ml
288984,2025-04-03 10:27:14,2025-04-03 07:27:14,37 km al SE de Calama,-22.745,-68.735,112.0,2.5,Ml
288996,2025-04-03 11:33:22,2025-04-03 08:33:22,5 km al O de Cuya,-19.177,-70.22,70.0,3.0,Ml
288997,2025-04-03 11:40:31,2025-04-03 08:40:31,59 km al O de Socaire,-23.509,-68.466,112.0,2.6,Ml
289008,2025-04-03 12:27:43,2025-04-03 09:27:43,46 km al SO de Ollagüe,-21.61,-68.424,125.0,2.6,Ml
289010,2025-04-03 12:42:59,2025-04-03 09:42:59,32 km al NO de Los Andes,-32.691,-70.892,81.0,3.0,Ml
289016,2025-04-03 12:45:53,2025-04-03 09:45:53,32 km al NE de Sierra Gorda,-22.733,-69.064,95.0,3.0,Ml
289024,2025-04-03 12:47:30,2025-04-03 09:47:30,27 km al NO de Ollagüe,-21.098,-68.471,140.0,2.8,Ml
289053,2025-04-03 16:16:02,2025-04-03 13:16:02,25 km al S de Parque Fray Jorge,-30.878,-71.594,27.0,2.5,Ml
289061,2025-04-03 16:39:34,2025-04-03 13:39:34,122 km al O de Cobquecura,-35.718,-74.048,31.0,2.6,Ml
289119,2025-04-03 20:27:54,2025-04-03 17:27:54,33 km al N de Quillagua,-21.365,-69.489,38.0,3.2,Ml
289129,2025-04-03 20:58:01,2025-04-03 17:58:01,54 km al NE de Calama,-22.02,-68.723,124.0,4.9,Mw
289135,2025-04-03 21:14:14,2025-04-03 18:14:14,30 km al NO de Quintero,-32.628,-71.79,33.0,2.5,Ml
289145,2025-04-03 22:00:44,2025-04-03 19:00:44,4 km al O de Parque Fray Jorge,-30.678,-71.725,36.0,3.8,Ml
289149,2025-04-03 22:02:05,2025-04-03 19:02:05,75 km al SO de Ollagüe,-21.789,-68.657,117.0,3.4,Ml
289178,2025-04-04 00:28:32,2025-04-03 21:28:32,27 km al NO de Huasco,-28.267,-71.376,36.0,2.5,Ml
289182,2025-04-04 01:07:07,2025-04-03 22:07:07,13 km al E de Calama,-22.508,-68.808,124.0,2.6,Ml
289197,2025-04-04 02:18:54,2025-04-03 23:18:54,32 km al O de Mina La Escondida,-24.365,-69.358,80.0,2.6,Ml
289205,2025-04-04 02:55:11,2025-04-03 23:55:11,79 km al SE de Socaire,-24.178,-67.458,240.0,3.0,Ml
289208,2025-04-04 03:07:52,2025-04-04 00:07:52,40 km al S de Mina Collahuasi,-21.172,-68.764,123.0,3.9,Ml
289218,2025-04-04 03:41:03,2025-04-04 00:41:03,54 km al SE de Socaire,-23.993,-67.599,237.0,2.6,Ml
289222,2025-04-04 03:56:22,2025-04-04 00:56:22,61 km al E de San Pedro de Atacama,-22.77,-67.624,256.0,2.5,Ml
289226,2025-04-04 04:30:56,2025-04-04 01:30:56,34 km al NE de Pica,-20.308,-69.067,99.0,2.7,Ml
289244,2025-04-04 05:17:48,2025-04-04 02:17:48,59 km al SE de Socaire,-24.042,-67.585,262.0,3.4,Ml
289259,2025-04-04 06:18:46,2025-04-04 03:18:46,18 km al SE de Cuya,-19.289,-70.075,40.0,2.9,Ml
289263,2025-04-04 06:21:46,2025-04-04 03:21:46,41 km al SO de Mina Collahuasi,-21.09,-68.932,114.0,2.5,Ml
289273,2025-04-04 06:50:09,2025-04-04 03:50:09,30 km al S de Temuco,-39.004,-72.56,68.0,2.6,Ml
289285,2025-04-04 08:29:02,2025-04-04 05:29:02,31 km al N de Calama,-22.193,-68.879,116.0,3.7,Ml
289292,2025-04-04 08:52:19,2025-04-04 05:52:19,26 km al E de Chillán,-36.501,-71.84,92.0,3.2,Ml
289295,2025-04-04 09:39:21,2025-04-04 06:39:21,23 km al N de Putre,-17.989,-69.565,141.0,3.1,Ml
289299,2025-04-04 09:44:06,2025-04-04 06:44:06,26 km al NE de Pica,-20.279,-69.214,96.0,3.8,Ml
289314,2025-04-04 10:35:19,2025-04-04 07:35:19,58 km al SO de Ollagüe,-21.592,-68.654,117.0,4.0,Ml
289320,2025-04-04 11:14:36,2025-04-04 08:14:36,58 km al SE de Antofagasta,-24.005,-69.972,55.0,2.6,Ml
289324,2025-04-04 11:26:17,2025-04-04 08:26:17,62 km al S de Socaire,-24.132,-67.758,231.0,2.8,Ml
289409,2025-04-04 18:59:02,2025-04-04 15:59:02,28 km al NE de Farellones,-33.123,-70.183,14.0,2.5,Ml
289416,2025-04-04 19:26:56,2025-04-04 16:26:56,11 km al E de Mejillones,-23.121,-70.34,41.0,2.8,Ml
289422,2025-04-04 19:54:30,2025-04-04 16:54:30,17 km al O de Petorca,-32.189,-71.095,68.0,2.7,Ml
289426,2025-04-04 20:11:41,2025-04-04 17:11:41,40 km al E de Sierra Gorda,-22.857,-68.928,103.0,2.8,Ml
289439,2025-04-04 20:31:22,2025-04-04 17:31:22,26 km al N de Tongoy,-30.025,-71.491,44.0,3.2,Ml
289449,2025-04-04 21:33:22,2025-04-04 18:33:22,37 km al E de Calama,-22.536,-68.58,114.0,2.5,Ml
289474,2025-04-04 22:40:58,2025-04-04 19:40:58,92 km al SE de Socaire,-24.216,-67.305,225.0,4.3,Ml
289497,2025-04-05 00:07:40,2025-04-04 21:07:40,49 km al O de Mina La Escondida,-24.316,-69.541,78.0,2.8,Ml
289525,2025-04-05 02:02:50,2025-04-04 23:02:50,67 km al NE de El Salvador,-25.866,-69.105,118.0,3.5,Ml
289551,2025-04-05 04:15:13,2025-04-05 01:15:13,25 km al N de La Higuera,-29.287,-71.189,54.0,2.5,Ml
289576,2025-04-05 06:02:18,2025-04-05 03:02:18,38 km al NO de Socaire,-23.422,-68.211,126.0,3.0,Ml
289597,2025-04-05 07:07:15,2025-04-05 04:07:15,25 km al SO de Canela Baja,-31.503,-71.695,28.0,3.4,Ml
289607,2025-04-05 07:43:08,2025-04-05 04:43:08,14 km al NO de La Serena,-29.79,-71.321,57.0,3.4,Ml
289636,2025-04-05 09:34:19,2025-04-05 06:34:19,25 km al NO de Camiña,-19.125,-69.564,115.0,2.9,Ml
289645,2025-04-05 10:12:45,2025-04-05 07:12:45,98 km al NE de Cabo Raper,-46.003,-75.109,27.0,3.9,Ml
289648,2025-04-05 10:13:47,2025-04-05 07:13:47,85 km al E de Socaire,-23.49,-67.068,239.0,3.2,Ml
289658,2025-04-05 11:22:04,2025-04-05 08:22:04,87 km al NO de San Antonio de los Cobres,-23.763,-67.011,224.0,3.3,Ml
289652,2025-04-05 11:22:06,2025-04-05 08:22:06,15 km al NO de Navidad,-33.894,-71.973,37.0,4.3,Mw
289667,2025-04-05 12:07:51,2025-04-05 09:07:51,18 km al E de Pica,-20.552,-69.17,98.0,3.4,Ml
289710,2025-04-05 16:00:09,2025-04-05 13:00:09,31 km al S de San Pedro de Atacama,-23.201,-68.221,120.0,3.2,Ml
289725,2025-04-05 16:59:08,2025-04-05 13:59:08,10 km al S de Vicuña,-30.12,-70.695,78.0,2.7,Ml
289802,2025-04-05 21:15:37,2025-04-05 18:15:37,54 km al SO de Mina Collahuasi,-21.257,-68.894,88.0,2.7,Ml
289819,2025-04-05 23:35:51,2025-04-05 20:35:51,44 km al NE de Pica,-20.313,-68.949,118.0,3.4,Ml
289829,2025-04-06 00:01:53,2025-04-05 21:01:53,12 km al SE de Angol,-37.86,-72.599,38.0,3.2,Ml
289835,2025-04-06 00:13:55,2025-04-05 21:13:55,55 km al S de Socaire,-24.058,-67.71,241.0,3.8,Ml
289841,2025-04-06 00:36:59,2025-04-05 21:36:59,38 km al NO de Mina Collahuasi,-20.652,-68.968,106.0,3.2,Ml
289864,2025-04-06 02:46:19,2025-04-05 23:46:19,27 km al S de Parque Fray Jorge,-30.901,-71.66,33.0,2.6,Ml
289874,2025-04-06 03:21:53,2025-04-05 23:21:53,39 km al E de Pica,-20.595,-68.974,102.0,2.8,Ml
289879,2025-04-06 03:34:00,2025-04-05 23:34:00,32 km al O de Camiña,-19.248,-69.724,82.0,3.3,Ml
360801,2025-04-06 03:34:16,2025-04-05 23:34:16,68 km al SO de Ollagüe,-21.745,-68.606,120.0,3.2,Ml
289887,2025-04-06 04:15:29,2025-04-06 00:15:29,37 km al O de Valparaíso,-33.127,-72.001,31.0,2.5,Ml
289913,2025-04-06 05:48:59,2025-04-06 01:48:59,29 km al E de La Serena,-29.864,-70.953,62.0,2.6,Ml
289939,2025-04-06 07:18:58,2025-04-06 03:18:58,84 km al E de Socaire,-23.881,-67.125,240.0,3.8,Ml
289944,2025-04-06 07:47:40,2025-04-06 03:47:40,37 km al NE de Pica,-20.287,-69.046,106.0,2.9,Ml
289959,2025-04-06 08:25:32,2025-04-06 04:25:32,74 km al S de Socaire,-24.234,-67.726,241.0,3.5,Ml
289974,2025-04-06 10:29:41,2025-04-06 06:29:41,21 km al SO de Ollagüe,-21.391,-68.341,129.0,3.5,Ml
289980,2025-04-06 10:33:04,2025-04-06 06:33:04,48 km al O de Ollagüe,-21.29,-68.707,121.0,2.9,Ml
289989,2025-04-06 11:01:58,2025-04-06 07:01:58,46 km al N de Pica,-20.1,-69.176,93.0,2.7,Ml
289996,2025-04-06 11:34:58,2025-04-06 07:34:58,157 km al N de San Antonio de los Cobres,-22.831,-66.579,255.0,4.1,Ml
290000,2025-04-06 11:47:21,2025-04-06 07:47:21,113 km al SE de Copiapó,-28.08,-69.521,115.0,2.8,Ml
290011,2025-04-06 12:29:42,2025-04-06 08:29:42,31 km al N de Camiña,-19.031,-69.441,103.0,2.5,Ml
290017,2025-04-06 13:07:46,2025-04-06 09:07:46,51 km al E de Calama,-22.497,-68.433,136.0,2.6,Ml
290022,2025-04-06 13:14:12,2025-04-06 09:14:12,33 km al SO de Mina Collahuasi,-21.057,-68.858,109.0,2.6,Ml
290027,2025-04-06 13:27:20,2025-04-06 09:27:20,48 km al NO de Quillagua,-21.466,-69.951,57.0,2.6,Ml
290046,2025-04-06 15:17:42,2025-04-06 11:17:42,68 km al S de Ollagüe,-21.797,-68.473,128.0,2.9,Ml
290049,2025-04-06 15:34:49,2025-04-06 11:34:49,71 km al SE de Socaire,-24.167,-67.603,228.0,3.2,Ml
290056,2025-04-06 15:45:50,2025-04-06 11:45:50,43 km al E de Mina Los Pelambres,-31.943,-70.15,132.0,3.1,Ml
290128,2025-04-06 21:01:44,2025-04-06 17:01:44,58 km al SO de Ollagüe,-21.708,-68.466,120.0,2.7,Ml
290152,2025-04-06 22:21:28,2025-04-06 18:21:28,33 km al NO de Mina Collahuasi,-20.648,-68.914,98.0,3.1,Ml
290164,2025-04-06 22:54:34,2025-04-06 18:54:34,32 km al SO de Pichidangui,-32.298,-71.808,28.0,2.6,Ml
290173,2025-04-06 23:06:25,2025-04-06 19:06:25,32 km al S de Mina Los Pelambres,-32.1,-70.486,24.0,2.4,Ml
290197,2025-04-07 01:07:43,2025-04-06 21:07:43,121 km al O de Navidad,-33.618,-73.075,27.0,3.4,Ml
290230,2025-04-07 04:28:56,2025-04-07 00:28:56,16 km al N de Chañaral,-26.202,-70.649,44.0,2.7,Ml
290274,2025-04-07 08:50:33,2025-04-07 04:50:33,84 km al O de San Antonio de los Cobres,-24.035,-67.122,246.0,3.3,Ml
290309,2025-04-07 11:51:49,2025-04-07 07:51:49,35 km al NE de Pica,-20.236,-69.136,93.0,2.7,Ml
290353,2025-04-07 15:36:16,2025-04-07 11:36:16,25 km al SE de Rancagua,-34.365,-70.615,102.0,2.6,Ml
290356,2025-04-07 15:53:50,2025-04-07 11:53:50,75 km al NE de Pica,-19.96,-68.884,114.0,4.0,Ml
290369,2025-04-07 16:40:01,2025-04-07 12:40:01,62 km al NE de Quillagua,-21.319,-69.055,112.0,2.8,Ml
290375,2025-04-07 17:06:40,2025-04-07 13:06:40,47 km al NE de Pica,-20.097,-69.159,93.0,3.3,Ml
290384,2025-04-07 17:18:36,2025-04-07 13:18:36,28 km al SO de Mina Collahuasi,-21.01,-68.841,105.0,2.5,Ml
290397,2025-04-07 18:19:11,2025-04-07 14:19:11,38 km al O de Valparaíso,-33.097,-72.021,24.0,2.5,Ml
290442,2025-04-07 19:50:59,2025-04-07 15:50:59,22 km al NE de Calama,-22.329,-68.773,107.0,2.7,Ml
290452,2025-04-07 20:17:20,2025-04-07 16:17:20,21 km al N de Calama,-22.287,-68.991,120.0,2.6,Ml
290476,2025-04-07 22:06:34,2025-04-07 18:06:34,10 km al NO de Los Andes,-32.769,-70.669,93.0,3.5,Ml
290489,2025-04-08 01:09:31,2025-04-07 21:09:31,66 km al SE de Socaire,-24.099,-67.549,242.0,3.4,Ml
290505,2025-04-08 04:11:49,2025-04-08 00:11:49,7 km al E de Mina Los Pelambres,-31.852,-70.516,94.0,3.0,Ml
290511,2025-04-08 05:16:02,2025-04-08 01:16:02,49 km al S de Pica,-20.927,-69.246,78.0,3.4,Ml
290518,2025-04-08 06:20:05,2025-04-08 02:20:05,15 km al SO de Vichuquén,-35.013,-72.047,42.0,2.6,Ml
290538,2025-04-08 08:52:22,2025-04-08 04:52:22,56 km al SO de Caldera,-27.529,-71.058,34.0,2.9,Ml
290546,2025-04-08 09:20:59,2025-04-08 05:20:59,30 km al SO de Ollagüe,-21.419,-68.449,120.0,3.6,Ml
290553,2025-04-08 09:50:34,2025-04-08 05:50:34,41 km al NO de Parque Fray Jorge,-30.451,-72.029,33.0,3.2,Ml
290560,2025-04-08 10:28:43,2025-04-08 06:28:43,34 km al E de Tacna,-17.988,-69.928,143.0,4.8,Mw
290561,2025-04-08 10:42:52,2025-04-08 06:42:52,16 km al S de Casablanca,-33.458,-71.408,66.0,3.2,Ml
290563,2025-04-08 10:59:52,2025-04-08 06:59:52,19 km al NO de Quintero,-32.679,-71.694,28.0,2.8,Ml
290568,2025-04-08 11:27:38,2025-04-08 07:27:38,18 km al O de Pichidangui,-32.087,-71.71,38.0,3.3,Ml
290570,2025-04-08 11:30:59,2025-04-08 07:30:59,19 km al O de Pichidangui,-32.08,-71.725,38.0,2.9,Ml
290577,2025-04-08 12:10:17,2025-04-08 08:10:17,43 km al SE de Mina Los Pelambres,-32.013,-70.186,141.0,3.0,Ml
290581,2025-04-08 12:11:39,2025-04-08 08:11:39,88 km al NE de San Pedro de Atacama,-22.371,-67.584,157.0,3.2,Ml
290611,2025-04-08 15:33:40,2025-04-08 11:33:40,141 km al O de Constitución,-35.151,-73.944,30.0,2.7,Ml
290617,2025-04-08 17:00:18,2025-04-08 13:00:18,138 km al E de Copiapó,-27.613,-68.956,144.0,2.6,Ml
290634,2025-04-08 18:26:23,2025-04-08 14:26:23,28 km al E de Las Cabras,-34.329,-71.004,98.0,2.9,Ml
290641,2025-04-08 19:08:01,2025-04-08 15:08:01,55 km al SE de Socaire,-23.962,-67.535,293.0,3.6,Ml
290646,2025-04-08 19:36:41,2025-04-08 15:36:41,79 km al O de San Antonio de los Cobres,-24.075,-67.084,230.0,2.9,Ml
290650,2025-04-08 19:45:44,2025-04-08 15:45:44,60 km al SO de San Pedro de Atacama,-23.403,-68.465,91.0,2.6,Ml
290652,2025-04-08 20:11:07,2025-04-08 16:11:07,71 km al O de San Antonio de los Cobres,-24.239,-67.019,219.0,3.9,Ml
290662,2025-04-08 21:13:41,2025-04-08 17:13:41,83 km al SE de Socaire,-24.237,-67.493,201.0,4.2,Ml
290666,2025-04-08 21:25:35,2025-04-08 17:25:35,56 km al E de Taltal,-25.507,-69.942,82.0,2.6,Ml
290676,2025-04-08 22:30:45,2025-04-08 18:30:45,27 km al SE de Mina Collahuasi,-21.054,-68.563,126.0,5.0,Mw
290688,2025-04-09 00:58:30,2025-04-08 20:58:30,136 km al O de Constitución,-35.084,-73.883,22.0,3.8,Ml
290698,2025-04-09 01:25:20,2025-04-08 21:25:20,63 km al S de Mina La Escondida,-24.828,-69.161,77.0,3.0,Ml
290696,2025-04-09 01:37:26,2025-04-08 21:37:26,14 km al NE de Pichidangui,-32.039,-71.432,36.0,2.6,Ml
290700,2025-04-09 01:58:54,2025-04-08 21:58:54,25 km al SO de Caldera,-27.237,-70.987,62.0,3.7,Ml
290713,2025-04-09 02:28:28,2025-04-08 22:28:28,28 km al O de La Higuera,-29.517,-71.49,36.0,2.5,Ml
290718,2025-04-09 03:19:30,2025-04-08 23:19:30,69 km al NE de Calama,-21.94,-68.579,114.0,2.5,Ml
290726,2025-04-09 05:00:15,2025-04-09 01:00:15,24 km al S de Calama,-22.675,-68.847,120.0,2.8,Ml
290733,2025-04-09 05:36:41,2025-04-09 01:36:41,99 km al E de Alto del Carmen,-28.597,-69.49,125.0,3.3,Ml
290746,2025-04-09 07:18:09,2025-04-09 03:18:09,59 km al NE de Socaire,-23.331,-67.382,239.0,3.0,Ml
290749,2025-04-09 07:22:44,2025-04-09 03:22:44,80 km al N de Cabo Raper,-46.109,-75.385,33.0,2.8,Ml
290756,2025-04-09 08:31:58,2025-04-09 04:31:58,77 km al NO de San Antonio de los Cobres,-23.852,-66.962,226.0,3.1,Ml
290769,2025-04-09 10:31:05,2025-04-09 06:31:05,86 km al NE de Socaire,-23.064,-67.268,244.0,4.1,Ml
290775,2025-04-09 10:58:43,2025-04-09 06:58:43,14 km al SO de Pichidangui,-32.242,-71.616,38.0,2.6,Ml
290797,2025-04-09 13:17:57,2025-04-09 09:17:57,62 km al SE de Socaire,-24.073,-67.588,254.0,3.4,Ml
290805,2025-04-09 15:52:33,2025-04-09 11:52:33,53 km al N de Carrizal Bajo,-27.611,-71.186,26.0,3.0,Ml
290808,2025-04-09 15:59:29,2025-04-09 11:59:29,8 km al S de Concepción,-36.896,-73.024,29.0,2.6,Ml
290818,2025-04-09 18:05:48,2025-04-09 14:05:48,64 km al SE de Copiapó,-27.846,-69.966,112.0,3.3,Ml
290829,2025-04-09 18:53:40,2025-04-09 14:53:40,113 km al SE de Paihuano,-30.479,-69.464,10.0,3.0,Ml
290841,2025-04-09 20:01:18,2025-04-09 16:01:18,65 km al SO de Socaire,-24.132,-68.126,257.0,3.1,Ml
290853,2025-04-09 20:13:40,2025-04-09 16:13:40,17 km al N de Calama,-22.327,-68.882,109.0,3.3,Ml
290905,2025-04-09 21:27:32,2025-04-09 17:27:32,42 km al NO de Quintero,-32.51,-71.839,34.0,2.6,Ml
290919,2025-04-09 22:06:59,2025-04-09 18:06:59,42 km al E de Caleta El Cobre,-24.229,-70.115,55.0,2.6,Ml
290947,2025-04-09 22:30:13,2025-04-09 18:30:13,47 km al NE de Farellones,-32.964,-70.1,118.0,3.5,Ml
290961,2025-04-09 23:00:02,2025-04-09 19:00:02,32 km al O de Ollagüe,-21.115,-68.543,135.0,2.6,Ml
291007,2025-04-10 01:17:57,2025-04-09 21:17:57,31 km al SO de Calama,-22.625,-69.185,114.0,2.7,Ml
291008,2025-04-10 01:23:20,2025-04-09 21:23:20,70 km al S de Socaire,-24.214,-67.779,237.0,2.9,Ml
291014,2025-04-10 01:39:21,2025-04-09 21:39:21,29 km al N de Pozo Almonte,-20.003,-69.835,52.0,3.0,Ml
291016,2025-04-10 01:55:42,2025-04-09 21:55:42,24 km al E de La Serena,-29.834,-71.019,69.0,3.0,Ml
291022,2025-04-10 02:34:23,2025-04-09 22:34:23,80 km al SE de Socaire,-23.914,-67.189,240.0,4.0,Ml
291032,2025-04-10 03:39:44,2025-04-09 23:39:44,24 km al SO de San Pedro de Atacama,-23.045,-68.393,117.0,3.1,Ml
291037,2025-04-10 04:14:46,2025-04-10 00:14:46,14 km al SO de Los Vilos,-31.987,-71.635,31.0,3.1,Ml
291040,2025-04-10 04:26:14,2025-04-10 00:26:14,42 km al O de Mina Collahuasi,-20.885,-69.057,106.0,2.7,Ml
291048,2025-04-10 05:22:18,2025-04-10 01:22:18,32 km al SO de Ollagüe,-21.471,-68.409,138.0,2.5,Ml
291055,2025-04-10 06:21:10,2025-04-10 02:21:10,23 km al O de Ollagüe,-21.253,-68.478,124.0,3.1,Ml
291075,2025-04-10 08:50:53,2025-04-10 04:50:53,35 km al S de San Pedro de Atacama,-23.23,-68.279,180.0,2.9,Ml
291076,2025-04-10 09:07:00,2025-04-10 05:07:00,28 km al NO de Mina La Escondida,-24.035,-69.165,91.0,2.7,Ml
291077,2025-04-10 09:51:46,2025-04-10 05:51:46,55 km al S de Socaire,-24.067,-67.759,256.0,3.1,Ml
291082,2025-04-10 10:16:53,2025-04-10 06:16:53,159 km al O de Valdivia,-39.573,-75.078,15.0,4.3,Ml
291090,2025-04-10 11:39:39,2025-04-10 07:39:39,53 km al SE de Socaire,-24.012,-67.645,244.0,3.3,Ml
291093,2025-04-10 11:49:50,2025-04-10 07:49:50,38 km al NO de Quintero,-32.485,-71.742,27.0,2.7,Ml
291095,2025-04-10 11:53:23,2025-04-10 07:53:23,59 km al SE de Socaire,-24.027,-67.57,273.0,2.7,Ml
291097,2025-04-10 13:04:50,2025-04-10 09:04:50,56 km al E de Mina La Escondida,-24.266,-68.501,160.0,2.5,Ml
291100,2025-04-10 13:18:41,2025-04-10 09:18:41,100 km al S de Isla Guamblin,-45.742,-75.213,17.0,3.2,Ml
291108,2025-04-10 13:47:38,2025-04-10 09:47:38,32 km al O de Castro,-42.55,-74.138,38.0,2.9,Ml
291110,2025-04-10 14:33:18,2025-04-10 10:33:18,47 km al E de Calama,-22.439,-68.474,104.0,2.8,Ml
291112,2025-04-10 15:02:38,2025-04-10 11:02:38,35 km al NO de Quintero,-32.512,-71.735,33.0,3.4,Ml
291118,2025-04-10 15:40:20,2025-04-10 11:40:20,170 km al O de Tocopilla,-22.24,-71.848,18.0,4.4,Mw
291121,2025-04-10 15:51:34,2025-04-10 11:51:34,47 km al E de Ollagüe,-21.245,-67.799,212.0,4.2,Ml
291124,2025-04-10 15:57:58,2025-04-10 11:57:58,82 km al E de Ollagüe,-21.234,-67.463,215.0,4.0,Ml
291128,2025-04-10 16:09:21,2025-04-10 12:09:21,31 km al O de Socaire,-23.578,-68.196,129.0,2.8,Ml
291129,2025-04-10 16:14:59,2025-04-10 12:14:59,36 km al NE de Pica,-20.222,-69.132,94.0,3.1,Ml
291133,2025-04-10 16:37:23,2025-04-10 12:37:23,143 km al NE de Socaire,-22.823,-66.771,297.0,3.6,Ml
291136,2025-04-10 16:42:27,2025-04-10 12:42:27,25 km al N de Calama,-22.248,-68.911,111.0,2.7,Ml
291138,2025-04-10 16:46:33,2025-04-10 12:46:33,50 km al SO de Ollagüe,-21.634,-68.463,140.0,3.3,Ml
291158,2025-04-10 18:25:24,2025-04-10 14:25:24,84 km al NE de Socaire,-23.108,-67.258,273.0,2.6,Ml
291164,2025-04-10 19:15:20,2025-04-10 15:15:20,36 km al O de San Pedro de Atacama,-23.034,-68.527,85.0,2.6,Ml
291169,2025-04-10 19:42:35,2025-04-10 15:42:35,77 km al SE de Socaire,-24.198,-67.531,224.0,3.4,Ml
291171,2025-04-10 19:52:27,2025-04-10 15:52:27,51 km al E de Socaire,-23.504,-67.402,265.0,2.6,Ml
291175,2025-04-10 21:04:39,2025-04-10 17:04:39,26 km al SO de Mina Collahuasi,-20.985,-68.84,110.0,2.9,Ml
291180,2025-04-10 21:19:42,2025-04-10 17:19:42,61 km al NE de Mina Collahuasi,-20.556,-68.153,171.0,3.3,Ml
291185,2025-04-10 22:17:02,2025-04-10 18:17:02,52 km al S de Sierra Gorda,-23.343,-69.176,87.0,2.8,Ml
291186,2025-04-10 22:43:00,2025-04-10 18:43:00,83 km al E de Socaire,-23.613,-67.079,222.0,3.0,Ml
291189,2025-04-10 23:15:42,2025-04-10 19:15:42,10 km al O de Canela Baja,-31.419,-71.558,76.0,2.6,Ml
291191,2025-04-10 23:19:40,2025-04-10 19:19:40,68 km al SE de Socaire,-23.862,-67.29,255.0,2.6,Ml
291267,2025-04-11 00:20:58,2025-04-10 20:20:58,76 km al SE de Socaire,-24.215,-67.595,211.0,3.0,Ml
291271,2025-04-11 00:33:30,2025-04-10 20:33:30,71 km al SO de Ollagüe,-21.79,-68.563,127.0,3.1,Ml
291289,2025-04-11 02:38:06,2025-04-10 22:38:06,60 km al N de San Pedro de Atacama,-22.393,-68.311,154.0,2.6,Ml
291293,2025-04-11 02:49:16,2025-04-10 22:49:16,63 km al O de Mina La Escondida,-24.299,-69.674,78.0,3.3,Ml
291301,2025-04-11 03:50:17,2025-04-10 23:50:17,48 km al SE de Socaire,-23.986,-67.707,240.0,3.2,Ml
291308,2025-04-11 04:27:31,2025-04-11 00:27:31,49 km al O de Toltén,-39.058,-73.71,20.0,2.5,Ml
291307,2025-04-11 04:41:38,2025-04-11 00:41:38,39 km al NE de Alto del Carmen,-28.456,-70.294,112.0,2.7,Ml
291320,2025-04-11 07:58:43,2025-04-11 03:58:43,23 km al SE de Patache,-20.937,-70.026,36.0,2.7,Ml
291326,2025-04-11 08:25:01,2025-04-11 04:25:01,14 km al E de Tongoy,-30.267,-71.353,52.0,3.8,Ml
291331,2025-04-11 08:28:45,2025-04-11 04:28:45,56 km al N de San Pedro de Atacama,-22.425,-68.084,170.0,2.8,Ml
291337,2025-04-11 09:24:43,2025-04-11 05:24:43,44 km al S de Patache,-21.207,-70.243,34.0,2.8,Ml
291341,2025-04-11 09:27:25,2025-04-11 05:27:25,48 km al S de Taltal,-25.842,-70.442,73.0,2.8,Ml
291340,2025-04-11 09:33:05,2025-04-11 05:33:05,14 km al O de Canela Baja,-31.453,-71.593,36.0,2.7,Ml
291348,2025-04-11 11:00:44,2025-04-11 07:00:44,33 km al SO de Visviri,-17.742,-69.753,158.0,3.2,Ml
291353,2025-04-11 11:35:02,2025-04-11 07:35:02,66 km al S de Socaire,-24.158,-68.062,270.0,3.6,Ml
291355,2025-04-11 12:07:28,2025-04-11 08:07:28,69 km al SE de Socaire,-23.936,-67.328,226.0,3.1,Ml
291358,2025-04-11 12:25:47,2025-04-11 08:25:47,36 km al SO de Pichidangui,-32.398,-71.761,33.0,2.5,Ml
291359,2025-04-11 12:42:32,2025-04-11 08:42:32,41 km al E de Caleta El Cobre,-24.241,-70.122,47.0,2.8,Ml
291361,2025-04-11 12:57:04,2025-04-11 08:57:04,36 km al E de Pica,-20.504,-68.985,108.0,2.9,Ml
291363,2025-04-11 13:10:06,2025-04-11 09:10:06,55 km al SO de Mina Collahuasi,-21.224,-68.974,104.0,3.9,Ml
291368,2025-04-11 13:45:13,2025-04-11 09:45:13,98 km al SE de Socaire,-24.342,-67.38,195.0,3.0,Ml
291377,2025-04-11 17:04:36,2025-04-11 13:04:36,51 km al S de Mina La Escondida,-24.721,-69.142,88.0,3.0,Ml
291380,2025-04-11 17:22:17,2025-04-11 13:22:17,55 km al S de Ollagüe,-21.685,-68.437,130.0,3.3,Ml
291401,2025-04-11 20:12:25,2025-04-11 16:12:25,63 km al NE de Calama,-21.95,-68.678,128.0,4.0,Ml
291408,2025-04-11 21:16:34,2025-04-11 17:16:34,26 km al NE de Vichuquén,-34.777,-71.743,39.0,2.5,Ml
291416,2025-04-11 21:40:44,2025-04-11 17:40:44,36 km al S de Mina Collahuasi,-21.153,-68.653,127.0,2.8,Ml
291431,2025-04-11 23:52:35,2025-04-11 19:52:35,23 km al SO de Ollagüe,-21.342,-68.435,106.0,3.0,Ml
291448,2025-04-12 01:57:23,2025-04-11 21:57:23,31 km al E de Pica,-20.552,-69.037,102.0,2.7,Ml
291449,2025-04-12 02:24:48,2025-04-11 22:24:48,73 km al SE de Socaire,-24.2,-67.637,239.0,2.9,Ml
291457,2025-04-12 04:01:36,2025-04-12 00:01:36,33 km al N de María Elena,-22.049,-69.651,71.0,2.8,Ml
291458,2025-04-12 04:05:33,2025-04-12 00:05:33,37 km al E de Entre Lagos,-40.56,-72.188,5.0,2.6,Ml
291465,2025-04-12 04:42:16,2025-04-12 00:42:16,26 km al SE de Termas del Flaco,-35.18,-70.344,163.0,2.5,Ml
291468,2025-04-12 05:23:22,2025-04-12 01:23:22,77 km al E de Socaire,-23.685,-67.14,240.0,3.1,Ml
291477,2025-04-12 06:32:03,2025-04-12 02:32:03,55 km al SE de Socaire,-23.97,-67.542,269.0,3.3,Ml
291478,2025-04-12 06:49:02,2025-04-12 02:49:02,46 km al SE de Socaire,-23.761,-67.478,199.0,2.8,Ml
291487,2025-04-12 08:29:22,2025-04-12 04:29:22,48 km al SO de Ollagüe,-21.53,-68.584,116.0,3.0,Ml
291493,2025-04-12 09:16:49,2025-04-12 05:16:49,42 km al O de Ollagüe,-21.23,-68.657,123.0,3.1,Ml
291506,2025-04-12 10:55:16,2025-04-12 06:55:16,146 km al O de Tirúa,-38.671,-75.12,17.0,2.6,Ml
291512,2025-04-12 12:09:10,2025-04-12 08:09:10,70 km al SO de Punta de Choros,-29.66,-72.02,36.0,4.8,Mw
291528,2025-04-12 14:26:53,2025-04-12 10:26:53,27 km al SO de Putre,-18.404,-69.695,109.0,3.5,Ml
291532,2025-04-12 15:57:11,2025-04-12 11:57:11,40 km al S de Caleta El Cobre,-24.598,-70.622,49.0,3.6,Ml
291548,2025-04-12 18:32:01,2025-04-12 14:32:01,69 km al NE de Calama,-21.959,-68.552,113.0,3.4,Ml
291577,2025-04-12 21:32:19,2025-04-12 17:32:19,25 km al O de Mina Collahuasi,-20.768,-68.89,104.0,2.6,Ml
291579,2025-04-12 21:33:08,2025-04-12 17:33:08,20 km al SE de Petorca,-32.375,-70.772,86.0,2.7,Ml
291587,2025-04-12 22:00:03,2025-04-12 18:00:03,18 km al O de Quintero,-32.75,-71.719,33.0,2.6,Ml
291601,2025-04-12 22:49:55,2025-04-12 18:49:55,16 km al NO de Illapel,-31.539,-71.292,40.0,4.5,Mw
291619,2025-04-13 02:53:49,2025-04-12 22:53:49,24 km al E de Pica,-20.429,-69.113,70.0,3.3,Ml
291626,2025-04-13 03:29:10,2025-04-12 23:29:10,91 km al S de Ilo,-18.46,-71.354,38.0,3.1,Ml
291645,2025-04-13 06:00:50,2025-04-13 02:00:50,22 km al NE de Camiña,-19.191,-69.263,111.0,3.4,Ml
291661,2025-04-13 08:12:34,2025-04-13 04:12:34,30 km al O de Canela Baja,-31.408,-71.778,32.0,2.8,Ml
291702,2025-04-13 14:07:38,2025-04-13 10:07:38,115 km al E de Copiapó,-27.706,-69.228,126.0,3.3,Ml
291709,2025-04-13 15:32:29,2025-04-13 11:32:29,43 km al NO de Tocopilla,-21.735,-70.351,57.0,4.7,Mw
291716,2025-04-13 17:02:58,2025-04-13 13:02:58,35 km al NO de Chañaral,-26.065,-70.773,32.0,2.7,Ml
291726,2025-04-13 17:38:51,2025-04-13 13:38:51,43 km al N de Calama,-22.089,-68.967,109.0,2.7,Ml
291733,2025-04-13 18:21:58,2025-04-13 14:21:58,79 km al S de Ilo,-18.328,-71.121,46.0,3.4,Ml
291743,2025-04-13 18:53:24,2025-04-13 14:53:24,16 km al SE de Curicó,-35.103,-71.139,102.0,3.0,Ml
291782,2025-04-13 22:46:50,2025-04-13 18:46:50,68 km al SO de Punta de Choros,-29.619,-72.021,37.0,2.7,Ml
291789,2025-04-13 23:35:26,2025-04-13 19:35:26,34 km al SO de Huasco,-28.724,-71.409,44.0,3.5,Ml
291791,2025-04-13 23:37:02,2025-04-13 19:37:02,39 km al SO de Huasco,-28.749,-71.455,31.0,3.5,Ml
291796,2025-04-13 23:56:36,2025-04-13 19:56:36,13 km al SO de Curicó,-35.095,-71.285,78.0,2.9,Ml
291812,2025-04-14 02:39:44,2025-04-13 22:39:44,34 km al SO de Melipilla,-33.935,-71.43,53.0,2.6,Ml
291837,2025-04-14 05:36:36,2025-04-14 01:36:36,66 km al N de Calama,-21.909,-68.726,125.0,2.7,Ml
291851,2025-04-14 07:44:45,2025-04-14 03:44:45,37 km al NO de Navidad,-33.713,-72.114,45.0,3.0,Ml
291864,2025-04-14 09:11:48,2025-04-14 05:11:48,73 km al E de Copiapó,-27.154,-69.633,113.0,4.0,Ml
291873,2025-04-14 10:17:09,2025-04-14 06:17:09,64 km al NE de Socaire,-23.297,-67.351,230.0,3.2,Ml
291877,2025-04-14 11:15:53,2025-04-14 07:15:53,46 km al N de Pica,-20.098,-69.193,93.0,2.8,Ml
291890,2025-04-14 13:30:09,2025-04-14 09:30:09,9 km al E de Los Vilos,-31.933,-71.421,37.0,3.2,Ml
291893,2025-04-14 13:30:58,2025-04-14 09:30:58,64 km al SO de Ollagüe,-21.725,-68.56,128.0,2.5,Ml
291908,2025-04-14 15:18:49,2025-04-14 11:18:49,45 km al SO de Visviri,-17.787,-69.861,142.0,2.9,Ml
291916,2025-04-14 16:19:13,2025-04-14 12:19:13,59 km al SE de Camiña,-19.73,-69.075,108.0,3.6,Ml
291919,2025-04-14 16:24:27,2025-04-14 12:24:27,67 km al SO de Punta de Choros,-29.657,-71.972,34.0,2.6,Ml
291933,2025-04-14 17:44:23,2025-04-14 13:44:23,26 km al O de Quintero,-32.784,-71.803,33.0,3.4,Ml
291937,2025-04-14 17:44:42,2025-04-14 13:44:42,63 km al NE de San Pedro de Atacama,-22.449,-67.851,159.0,2.9,Ml
362467,2025-04-14 17:46:29,2025-04-14 13:46:29,45 km al S de Camiña,-19.72,-69.401,110.0,2.7,Ml
291983,2025-04-14 22:04:51,2025-04-14 18:04:51,31 km al NE de Pica,-20.264,-69.163,89.0,4.2,Ml
291985,2025-04-14 22:26:41,2025-04-14 18:26:41,28 km al NE de Camiña,-19.162,-69.213,13.0,2.9,Ml
291990,2025-04-14 23:11:48,2025-04-14 19:11:48,22 km al SO de Ollagüe,-21.4,-68.345,126.0,2.9,Ml
291997,2025-04-14 23:46:27,2025-04-14 19:46:27,153 km al O de Constitución,-35.031,-74.054,22.0,3.4,Ml
292010,2025-04-15 00:40:30,2025-04-14 20:40:30,69 km al O de Arica,-18.55,-70.971,34.0,3.3,Ml
292049,2025-04-15 04:04:13,2025-04-15 00:04:13,46 km al O de Ollagüe,-21.252,-68.696,126.0,2.7,Ml
292053,2025-04-15 05:06:51,2025-04-15 01:06:51,20 km al NO de Andacollo,-30.083,-71.207,61.0,2.6,Ml
292067,2025-04-15 06:47:16,2025-04-15 02:47:16,34 km al S de Mina Collahuasi,-21.122,-68.757,122.0,3.6,Ml
292074,2025-04-15 07:22:11,2025-04-15 03:22:11,41 km al S de Camiña,-19.671,-69.34,98.0,2.8,Ml
292093,2025-04-15 10:29:05,2025-04-15 06:29:05,15 km al NE de Calama,-22.34,-68.876,122.0,4.5,Mw
292102,2025-04-15 11:06:39,2025-04-15 07:06:39,26 km al E de Pisagua,-19.56,-69.971,35.0,2.7,Ml
292105,2025-04-15 12:03:36,2025-04-15 08:03:36,54 km al SO de Mina Collahuasi,-21.259,-68.891,115.0,2.8,Ml
292108,2025-04-15 13:32:10,2025-04-15 09:32:10,17 km al N de Tongoy,-30.103,-71.512,37.0,2.7,Ml
292110,2025-04-15 13:34:08,2025-04-15 09:34:08,22 km al O de Ovalle,-30.62,-71.428,50.0,2.5,Ml
292132,2025-04-15 15:48:03,2025-04-15 11:48:03,94 km al NE de San Pedro de Atacama,-22.235,-67.663,208.0,2.5,Ml
292138,2025-04-15 17:22:08,2025-04-15 13:22:08,44 km al SO de Mina Collahuasi,-21.124,-68.931,108.0,2.7,Ml
292150,2025-04-15 18:13:16,2025-04-15 14:13:16,87 km al E de Socaire,-23.856,-67.084,238.0,2.9,Ml
292157,2025-04-15 18:48:34,2025-04-15 14:48:34,26 km al E de Pica,-20.44,-69.082,102.0,2.9,Ml
292160,2025-04-15 18:51:16,2025-04-15 14:51:16,19 km al S de Pozo Almonte,-20.425,-69.812,49.0,2.8,Ml
292187,2025-04-15 22:22:46,2025-04-15 18:22:46,18 km al SE de Alto del Carmen,-28.904,-70.413,109.0,3.5,Ml
292191,2025-04-15 23:06:42,2025-04-15 19:06:42,256 km al N de Base Frei,-59.89,-58.94,10.0,4.9,Ml
292199,2025-04-16 00:50:32,2025-04-15 20:50:32,6 km al S de Los Andes,-32.887,-70.614,75.0,2.8,Ml
292225,2025-04-16 04:01:50,2025-04-16 00:01:50,53 km al NE de Calama,-22.038,-68.709,118.0,3.2,Ml
292235,2025-04-16 05:43:45,2025-04-16 01:43:45,55 km al NE de Calama,-22.017,-68.704,114.0,3.0,Ml
292241,2025-04-16 06:25:17,2025-04-16 02:25:17,30 km al SO de Ollagüe,-21.414,-68.464,122.0,3.0,Ml
292252,2025-04-16 07:33:23,2025-04-16 03:33:23,124 km al SE de Termas del Flaco,-36.011,-69.971,220.0,3.7,Ml
292269,2025-04-16 09:21:32,2025-04-16 05:21:32,43 km al N de Punta de Choros,-28.864,-71.452,15.0,2.8,Ml
292267,2025-04-16 09:21:38,2025-04-16 05:21:38,31 km al N de Pozo Almonte,-19.999,-69.685,70.0,3.4,Ml
292272,2025-04-16 09:45:37,2025-04-16 05:45:37,65 km al SE de Mina La Escondida,-24.672,-68.596,123.0,4.1,Ml
292274,2025-04-16 09:56:19,2025-04-16 05:56:19,43 km al NE de Tocopilla,-21.733,-70.045,71.0,3.2,Ml
292301,2025-04-16 15:10:07,2025-04-16 11:10:07,17 km al SO de Mina Collahuasi,-20.962,-68.733,126.0,2.8,Ml
292303,2025-04-16 15:25:48,2025-04-16 11:25:48,31 km al SO de Ollagüe,-21.462,-68.412,117.0,2.7,Ml
292309,2025-04-16 16:39:40,2025-04-16 12:39:40,80 km al SE de Socaire,-24.012,-67.257,253.0,3.0,Ml
292329,2025-04-16 19:36:51,2025-04-16 15:36:51,52 km al NO de Tocopilla,-21.661,-70.391,15.0,2.6,Ml
292360,2025-04-17 01:30:47,2025-04-16 21:30:47,51 km al N de Calama,-22.04,-68.762,118.0,2.7,Ml
292363,2025-04-17 02:05:18,2025-04-16 22:05:18,7 km al O de Caleta El Cobre,-24.268,-70.593,39.0,2.9,Ml
292370,2025-04-17 02:36:52,2025-04-16 22:36:52,75 km al E de Socaire,-23.725,-67.17,245.0,2.5,Ml
292374,2025-04-17 03:03:55,2025-04-16 23:03:55,48 km al SO de Pica,-20.69,-69.734,31.0,3.1,Ml
292377,2025-04-17 03:15:33,2025-04-16 23:15:33,68 km al S de Socaire,-24.185,-67.759,240.0,2.7,Ml
292378,2025-04-17 03:20:22,2025-04-16 23:20:22,49 km al N de Punta de Choros,-28.824,-71.602,46.0,2.5,Ml
292387,2025-04-17 04:24:43,2025-04-17 00:24:43,17 km al N de Socaire,-23.441,-67.927,162.0,2.7,Ml
292391,2025-04-17 04:46:10,2025-04-17 00:46:10,17 km al SO de Punitaqui,-30.939,-71.379,58.0,2.5,Ml
292398,2025-04-17 05:21:30,2025-04-17 01:21:30,70 km al E de Quillagua,-21.459,-68.888,105.0,3.2,Ml
292401,2025-04-17 05:33:19,2025-04-17 01:33:19,25 km al E de Cobquecura,-36.227,-72.537,50.0,3.3,Ml
292452,2025-04-17 06:24:29,2025-04-17 02:24:29,53 km al NE de Mina La Escondida,-23.98,-68.639,95.0,2.5,Ml
292454,2025-04-17 06:47:20,2025-04-17 02:47:20,35 km al O de Taltal,-25.529,-70.808,44.0,3.1,Ml
292467,2025-04-17 08:00:48,2025-04-17 04:00:48,68 km al SO de Ollagüe,-21.686,-68.688,118.0,2.7,Ml
292480,2025-04-17 09:48:13,2025-04-17 05:48:13,89 km al SE de Socaire,-24.089,-67.208,208.0,2.5,Ml
292482,2025-04-17 09:50:26,2025-04-17 05:50:26,25 km al NO de Vallenar,-28.4,-70.924,51.0,3.0,Ml
292488,2025-04-17 11:08:39,2025-04-17 07:08:39,36 km al S de Mina Collahuasi,-21.15,-68.691,136.0,2.5,Ml
292508,2025-04-17 11:36:45,2025-04-17 07:36:45,20 km al O de Putre,-18.152,-69.746,105.0,3.0,Ml
292532,2025-04-17 12:30:43,2025-04-17 08:30:43,50 km al E de Antuco,-37.22,-71.132,142.0,2.6,Ml
292533,2025-04-17 12:37:18,2025-04-17 08:37:18,64 km al SE de Socaire,-24.091,-67.575,270.0,2.6,Ml
292540,2025-04-17 16:57:40,2025-04-17 12:57:40,67 km al SE de Socaire,-23.984,-67.391,240.0,3.0,Ml
292544,2025-04-17 17:36:52,2025-04-17 13:36:52,33 km al O de Mina Collahuasi,-20.87,-68.968,115.0,2.9,Ml
292548,2025-04-17 18:11:12,2025-04-17 14:11:12,41 km al NO de Mina Collahuasi,-20.54,-68.91,105.0,2.7,Ml
292551,2025-04-17 18:24:37,2025-04-17 14:24:37,26 km al NE de Pica,-20.293,-69.196,85.0,2.5,Ml
292560,2025-04-17 18:40:58,2025-04-17 14:40:58,42 km al SO de Pichidangui,-32.405,-71.845,25.0,2.5,Ml
292565,2025-04-17 19:02:00,2025-04-17 15:02:00,95 km al S de Socaire,-24.432,-68.058,174.0,3.3,Ml
292593,2025-04-18 00:10:18,2025-04-17 20:10:18,36 km al O de Socaire,-23.47,-68.22,139.0,5.7,Mww
292598,2025-04-18 01:10:24,2025-04-17 21:10:24,120 km al O de Lebu,-37.756,-75.002,20.0,2.7,Ml
292599,2025-04-18 01:23:48,2025-04-17 21:23:48,49 km al NE de Calama,-22.106,-68.655,120.0,2.6,Ml
292613,2025-04-18 02:49:21,2025-04-17 22:49:21,67 km al SE de Socaire,-23.924,-67.346,238.0,2.5,Ml
292619,2025-04-18 03:54:18,2025-04-17 23:54:18,18 km al E de Tongoy,-30.19,-71.32,75.0,2.6,Ml
292621,2025-04-18 03:59:38,2025-04-17 23:59:38,47 km al E de San Fabián,-36.435,-71.05,139.0,4.7,Mw
292625,2025-04-18 04:46:00,2025-04-18 00:46:00,29 km al SE de Mina Los Pelambres,-31.97,-70.331,126.0,2.6,Ml
292628,2025-04-18 05:00:36,2025-04-18 01:00:36,105 km al SE de Socaire,-24.398,-67.36,195.0,3.6,Ml
292690,2025-04-18 06:33:22,2025-04-18 02:33:22,28 km al NO de Socaire,-23.48,-68.14,126.0,2.5,Ml
292769,2025-04-18 07:27:04,2025-04-18 03:27:04,154 km al NE de Socaire,-22.769,-66.677,284.0,3.5,Ml
292784,2025-04-18 07:33:03,2025-04-18 03:33:03,96 km al N de San Pedro de Atacama,-22.112,-67.877,202.0,3.1,Ml
292785,2025-04-18 07:33:39,2025-04-18 03:33:39,26 km al NE de Vallenar,-28.408,-70.575,63.0,2.6,Ml
292790,2025-04-18 08:52:25,2025-04-18 04:52:25,68 km al SE de Socaire,-24.089,-67.504,240.0,3.1,Ml
292791,2025-04-18 09:25:22,2025-04-18 05:25:22,80 km al E de Ollagüe,-21.154,-67.487,219.0,2.8,Ml
292817,2025-04-18 11:23:32,2025-04-18 07:23:32,62 km al S de Socaire,-24.132,-67.75,240.0,2.6,Ml
292857,2025-04-18 13:08:28,2025-04-18 09:08:28,17 km al SO de Punitaqui,-30.918,-71.407,59.0,2.5,Ml
292859,2025-04-18 13:35:24,2025-04-18 09:35:24,45 km al SO de Mina Collahuasi,-21.142,-68.927,110.0,2.5,Ml
292863,2025-04-18 14:05:51,2025-04-18 10:05:51,46 km al O de Mina Collahuasi,-20.898,-69.097,97.0,3.1,Ml
292867,2025-04-18 15:27:22,2025-04-18 11:27:22,61 km al S de Socaire,-24.125,-67.776,250.0,2.6,Ml
292874,2025-04-18 16:17:07,2025-04-18 12:17:07,18 km al NE de Sierra Gorda,-22.768,-69.207,95.0,2.6,Ml
292876,2025-04-18 16:44:49,2025-04-18 12:44:49,66 km al N de Calama,-21.899,-68.752,119.0,2.7,Ml
292879,2025-04-18 16:50:07,2025-04-18 12:50:07,55 km al SO de Tirúa,-38.61,-74.03,29.0,4.4,Mw
292881,2025-04-18 16:53:48,2025-04-18 12:53:48,53 km al SO de Ollagüe,-21.658,-68.474,124.0,3.5,Ml
292884,2025-04-18 17:14:24,2025-04-18 13:14:24,29 km al N de Río Puelo,-41.401,-72.324,6.0,4.0,Ml
292904,2025-04-18 19:12:31,2025-04-18 15:12:31,70 km al S de Socaire,-24.213,-67.79,241.0,3.0,Ml
292912,2025-04-18 19:47:21,2025-04-18 15:47:21,24 km al O de Mina Collahuasi,-20.882,-68.884,111.0,3.1,Ml
292915,2025-04-18 19:54:39,2025-04-18 15:54:39,30 km al E de Farellones,-33.245,-70.011,14.0,4.0,Ml
292928,2025-04-18 20:35:28,2025-04-18 16:35:28,27 km al NE de Farellones,-33.204,-70.074,10.0,2.8,Ml
292938,2025-04-18 21:15:48,2025-04-18 17:15:48,30 km al NE de Farellones,-33.198,-70.047,13.0,2.8,Ml
292963,2025-04-19 00:54:04,2025-04-18 20:54:04,35 km al S de Sierra Gorda,-23.194,-69.218,99.0,3.5,Ml
292977,2025-04-19 01:39:59,2025-04-18 21:39:59,121 km al N de San Antonio de los Cobres,-23.209,-66.736,203.0,2.9,Ml
292986,2025-04-19 01:48:20,2025-04-18 21:48:20,57 km al SO de Mina Collahuasi,-21.263,-68.948,113.0,2.5,Ml
293007,2025-04-19 02:01:19,2025-04-18 22:01:19,25 km al N de Pica,-20.264,-69.332,78.0,2.5,Ml
293068,2025-04-19 03:03:30,2025-04-18 23:03:30,27 km al E de Pica,-20.402,-69.087,106.0,2.5,Ml
293077,2025-04-19 03:45:11,2025-04-18 23:45:11,24 km al N de Tongoy,-30.049,-71.575,34.0,2.5,Ml
293081,2025-04-19 03:50:35,2025-04-18 23:50:35,17 km al N de Tongoy,-30.105,-71.537,34.0,2.5,Ml
293086,2025-04-19 04:35:31,2025-04-19 00:35:31,55 km al NE de Alto del Carmen,-28.445,-70.053,102.0,2.6,Ml
293087,2025-04-19 04:40:18,2025-04-19 00:40:18,27 km al NO de La Serena,-29.737,-71.451,70.0,2.5,Ml
293104,2025-04-19 05:43:03,2025-04-19 01:43:03,14 km al O de Pichidangui,-32.143,-71.674,16.0,2.5,Ml
293157,2025-04-19 06:38:05,2025-04-19 02:38:05,83 km al NO de San Antonio de los Cobres,-23.868,-67.042,267.0,3.5,Ml
293173,2025-04-19 07:46:00,2025-04-19 03:46:00,84 km al NO de San Antonio de los Cobres,-23.826,-67.026,193.0,2.8,Ml
293175,2025-04-19 08:12:19,2025-04-19 04:12:19,14 km al NE de Tongoy,-30.185,-71.38,62.0,3.0,Ml
293184,2025-04-19 09:14:37,2025-04-19 05:14:37,37 km al O de Mina Collahuasi,-20.929,-68.994,110.0,2.5,Ml
293192,2025-04-19 10:24:50,2025-04-19 06:24:50,32 km al NE de Punta de Choros,-28.998,-71.306,49.0,2.5,Ml
293198,2025-04-19 10:51:43,2025-04-19 06:51:43,30 km al SE de Pica,-20.615,-69.077,116.0,2.9,Ml
293200,2025-04-19 11:07:12,2025-04-19 07:07:12,44 km al E de Calama,-22.493,-68.498,121.0,2.5,Ml
293262,2025-04-19 13:23:37,2025-04-19 09:23:37,22 km al NO de Quintero,-32.605,-71.642,38.0,3.3,Ml
293264,2025-04-19 13:24:24,2025-04-19 09:24:24,21 km al NO de Quintero,-32.612,-71.637,39.0,2.7,Ml
293275,2025-04-19 15:51:06,2025-04-19 11:51:06,67 km al S de Socaire,-24.189,-67.785,239.0,3.0,Ml
293277,2025-04-19 16:03:43,2025-04-19 12:03:43,51 km al S de Pica,-20.915,-69.156,109.0,3.3,Ml
293281,2025-04-19 16:20:18,2025-04-19 12:20:18,31 km al SO de Mina Collahuasi,-21.044,-68.852,110.0,2.9,Ml
293289,2025-04-19 17:21:19,2025-04-19 13:21:19,32 km al NE de Alto del Carmen,-28.607,-70.211,109.0,3.7,Ml
293319,2025-04-19 20:02:14,2025-04-19 16:02:14,36 km al E de Pica,-20.465,-68.987,98.0,3.0,Ml
293325,2025-04-19 21:25:01,2025-04-19 17:25:01,64 km al S de Socaire,-24.151,-67.767,245.0,2.9,Ml
293334,2025-04-19 22:05:11,2025-04-19 18:05:11,47 km al SO de Mina Collahuasi,-21.175,-68.92,110.0,3.3,Ml
293343,2025-04-19 23:06:44,2025-04-19 19:06:44,45 km al S de Socaire,-23.99,-67.798,253.0,2.5,Ml
293341,2025-04-19 23:08:18,2025-04-19 19:08:18,26 km al S de Caldera,-27.303,-70.847,46.0,2.9,Ml
293394,2025-04-20 02:18:52,2025-04-19 22:18:52,30 km al O de Ollagüe,-21.332,-68.516,143.0,3.1,Ml
293525,2025-04-20 03:48:56,2025-04-19 23:48:56,51 km al O de Quellón,-42.905,-74.179,34.0,4.0,Ml
293527,2025-04-20 04:25:56,2025-04-20 00:25:56,63 km al O de Ollagüe,-21.383,-68.836,120.0,2.9,Ml
293547,2025-04-20 05:41:35,2025-04-20 01:41:35,28 km al SO de Parque Fray Jorge,-30.831,-71.897,35.0,3.5,Ml
293553,2025-04-20 06:24:11,2025-04-20 02:24:11,83 km al O de Tongoy,-30.041,-72.32,28.0,2.8,Ml
293557,2025-04-20 06:35:38,2025-04-20 02:35:38,21 km al NO de Cuya,-19.083,-70.366,66.0,3.8,Ml
293563,2025-04-20 07:06:59,2025-04-20 03:06:59,119 km al NO de Tongoy,-29.753,-72.585,46.0,2.6,Ml
293571,2025-04-20 07:42:39,2025-04-20 03:42:39,64 km al S de Socaire,-24.159,-67.939,255.0,3.1,Ml
293575,2025-04-20 07:57:50,2025-04-20 03:57:50,25 km al NO de Quillagua,-21.562,-69.751,51.0,2.6,Ml
293580,2025-04-20 08:46:53,2025-04-20 04:46:53,69 km al E de Mina Los Pelambres,-31.794,-69.853,150.0,2.5,Ml
293583,2025-04-20 09:01:10,2025-04-20 05:01:10,85 km al N de San Pedro de Atacama,-22.17,-68.045,193.0,2.6,Ml
293585,2025-04-20 09:14:22,2025-04-20 05:14:22,56 km al SO de Putre,-18.661,-69.756,90.0,2.9,Ml
293590,2025-04-20 09:30:12,2025-04-20 05:30:12,95 km al SE de Ollagüe,-21.978,-67.82,211.0,2.9,Ml
293591,2025-04-20 09:37:38,2025-04-20 05:37:38,52 km al S de Alto del Carmen,-29.217,-70.381,80.0,2.5,Ml
293596,2025-04-20 09:40:13,2025-04-20 05:40:13,14 km al O de Pichidangui,-32.125,-71.681,62.0,2.5,Ml
293599,2025-04-20 10:00:41,2025-04-20 06:00:41,56 km al N de Calama,-21.99,-68.773,126.0,2.5,Ml
293614,2025-04-20 11:46:21,2025-04-20 07:46:21,48 km al S de Tocopilla,-22.528,-70.197,41.0,2.5,Ml
293616,2025-04-20 11:51:17,2025-04-20 07:51:17,66 km al NE de Pica,-20.088,-68.867,118.0,2.5,Ml
293624,2025-04-20 12:35:57,2025-04-20 08:35:57,17 km al S de Camiña,-19.462,-69.386,98.0,3.0,Ml
293628,2025-04-20 12:48:56,2025-04-20 08:48:56,41 km al O de Castro,-42.496,-74.266,41.0,3.8,Ml
293642,2025-04-20 14:33:05,2025-04-20 10:33:05,63 km al NE de Calama,-21.972,-68.631,124.0,2.7,Ml
293647,2025-04-20 15:19:44,2025-04-20 11:19:44,50 km al S de Mina Collahuasi,-21.245,-68.828,117.0,2.5,Ml
293649,2025-04-20 15:27:22,2025-04-20 11:27:22,29 km al SE de Calama,-22.634,-68.708,110.0,3.0,Ml
293659,2025-04-20 16:39:00,2025-04-20 12:39:00,134 km al NO de Constitución,-34.582,-73.569,29.0,3.0,Ml
293664,2025-04-20 16:42:05,2025-04-20 12:42:05,32 km al N de Las Cabras,-34.006,-71.24,64.0,2.7,Ml
293663,2025-04-20 16:44:04,2025-04-20 12:44:04,27 km al NO de Mina Collahuasi,-20.667,-68.849,101.0,2.3,Ml
293666,2025-04-20 16:53:46,2025-04-20 12:53:46,40 km al O de Ollagüe,-21.339,-68.624,126.0,2.5,Ml
293679,2025-04-20 18:18:44,2025-04-20 14:18:44,28 km al NE de Vichuquén,-34.761,-71.733,46.0,3.1,Ml
293682,2025-04-20 18:38:00,2025-04-20 14:38:00,54 km al E de Mina Los Pelambres,-31.992,-70.049,2.0,2.6,Ml
293736,2025-04-20 23:47:09,2025-04-20 19:47:09,21 km al N de La Serena,-29.723,-71.324,49.0,3.4,Ml
293744,2025-04-21 01:10:24,2025-04-20 21:10:24,97 km al E de Copiapó,-27.526,-69.366,114.0,3.1,Ml
293750,2025-04-21 02:06:22,2025-04-20 22:06:22,15 km al NE de Panguipulli,-39.556,-72.197,103.0,3.3,Ml
293765,2025-04-21 03:20:06,2025-04-20 23:20:06,18 km al S de Huasco,-28.621,-71.186,54.0,3.2,Ml
293768,2025-04-21 03:39:06,2025-04-20 23:39:06,73 km al NO de Lebu,-37.164,-74.256,35.0,3.3,Ml
293776,2025-04-21 04:18:49,2025-04-21 00:18:49,44 km al SO de Taltal,-25.585,-70.881,45.0,3.2,Ml
293783,2025-04-21 06:02:06,2025-04-21 02:02:06,17 km al N de Punta de Choros,-29.102,-71.426,45.0,3.0,Ml
293787,2025-04-21 06:20:50,2025-04-21 02:20:50,112 km al E de Copiapó,-27.574,-69.219,123.0,3.7,Ml
293814,2025-04-21 09:45:55,2025-04-21 05:45:55,56 km al NO de Mina La Escondida,-23.82,-69.307,79.0,2.7,Ml
293822,2025-04-21 10:51:54,2025-04-21 06:51:54,66 km al SE de Socaire,-23.864,-67.317,242.0,3.5,Ml
293824,2025-04-21 10:57:02,2025-04-21 06:57:02,59 km al SO de Socaire,-23.997,-68.262,264.0,3.7,Ml
293836,2025-04-21 12:20:58,2025-04-21 08:20:58,36 km al NE de Calama,-22.327,-68.616,109.0,3.3,Ml
293839,2025-04-21 13:55:19,2025-04-21 09:55:19,33 km al S de Camiña,-19.596,-69.339,94.0,2.9,Ml
293863,2025-04-21 15:54:37,2025-04-21 11:54:37,28 km al NE de Pica,-20.35,-69.105,112.0,3.6,Ml
293872,2025-04-21 16:25:27,2025-04-21 12:25:27,49 km al N de Mejillones,-22.668,-70.338,37.0,2.7,Ml
293875,2025-04-21 16:50:38,2025-04-21 12:50:38,55 km al S de Camiña,-19.801,-69.326,107.0,3.5,Ml
293897,2025-04-21 19:02:23,2025-04-21 15:02:23,20 km al S de Futrono,-40.301,-72.445,88.0,3.4,Ml
293921,2025-04-21 20:57:44,2025-04-21 16:57:44,50 km al N de Mejillones,-22.653,-70.367,22.0,2.7,Ml
293933,2025-04-21 22:07:34,2025-04-21 18:07:34,22 km al NE de Vichuquén,-34.775,-71.791,57.0,3.4,Ml
293943,2025-04-21 23:30:09,2025-04-21 19:30:09,44 km al E de Pica,-20.374,-68.93,100.0,3.2,Ml
293947,2025-04-22 00:36:35,2025-04-21 20:36:35,71 km al S de Ollagüe,-21.84,-68.438,123.0,3.5,Ml
293961,2025-04-22 02:13:19,2025-04-21 22:13:19,19 km al NO de Illapel,-31.552,-71.343,47.0,3.7,Ml
293963,2025-04-22 02:14:38,2025-04-21 22:14:38,64 km al NE de San Pedro de Atacama,-22.421,-67.883,177.0,3.5,Ml
293966,2025-04-22 02:31:31,2025-04-21 22:31:31,70 km al SO de Punta de Choros,-29.694,-71.98,41.0,2.7,Ml
293973,2025-04-22 03:16:26,2025-04-21 23:16:26,33 km al SO de Huasco,-28.665,-71.471,37.0,2.8,Ml
293992,2025-04-22 05:54:05,2025-04-22 01:54:05,91 km al E de Copiapó,-27.545,-69.436,114.0,4.6,Mw
294003,2025-04-22 07:16:03,2025-04-22 03:16:03,5 km al NE de Ollagüe,-21.202,-68.211,143.0,2.6,Ml
294017,2025-04-22 10:13:06,2025-04-22 06:13:06,62 km al NE de San Pedro de Atacama,-22.485,-67.821,179.0,3.2,Ml
294031,2025-04-22 11:03:47,2025-04-22 07:03:47,15 km al NE de Vallenar,-28.477,-70.657,79.0,2.7,Ml
294037,2025-04-22 12:04:55,2025-04-22 08:04:55,36 km al O de Parque Fray Jorge,-30.64,-72.058,31.0,4.1,Ml
294045,2025-04-22 12:39:58,2025-04-22 08:39:58,51 km al NO de Parque Fray Jorge,-30.417,-72.135,37.0,2.8,Ml
294050,2025-04-22 13:47:00,2025-04-22 09:47:00,85 km al E de Copiapó,-27.554,-69.492,116.0,3.8,Ml
294054,2025-04-22 13:50:38,2025-04-22 09:50:38,25 km al S de Quillota,-33.101,-71.221,58.0,3.2,Ml
294062,2025-04-22 14:27:17,2025-04-22 10:27:17,50 km al SE de Mina La Escondida,-24.67,-68.833,115.0,3.3,Ml
294065,2025-04-22 15:19:43,2025-04-22 11:19:43,28 km al E de Quillota,-32.973,-70.965,75.0,2.8,Ml
294076,2025-04-22 17:27:44,2025-04-22 13:27:44,87 km al SE de Socaire,-24.232,-67.406,221.0,4.1,Ml
294127,2025-04-22 20:59:12,2025-04-22 16:59:12,8 km al SO de Punitaqui,-30.866,-71.326,54.0,4.0,Ml
294142,2025-04-22 22:36:28,2025-04-22 18:36:28,38 km al O de El Tabo,-33.501,-72.08,24.0,2.5,Ml
294150,2025-04-22 23:04:08,2025-04-22 19:04:08,43 km al SE de Alto del Carmen,-28.969,-70.112,116.0,3.3,Ml
294172,2025-04-23 04:23:52,2025-04-23 00:23:52,88 km al SE de Socaire,-24.162,-67.291,211.0,3.0,Ml
294174,2025-04-23 04:54:49,2025-04-23 00:54:49,70 km al NE de Calama,-21.937,-68.566,117.0,3.3,Ml
294191,2025-04-23 06:59:58,2025-04-23 02:59:58,24 km al SE de Copiapó,-27.494,-70.139,97.0,3.1,Ml
294204,2025-04-23 09:06:39,2025-04-23 05:06:39,73 km al NE de Calama,-21.929,-68.531,128.0,4.5,Mw
294218,2025-04-23 10:50:04,2025-04-23 06:50:04,39 km al SO de Huasco,-28.72,-71.503,32.0,2.9,Ml
294221,2025-04-23 10:59:42,2025-04-23 06:59:42,13 km al SO de Punitaqui,-30.92,-71.34,58.0,3.3,Ml
294226,2025-04-23 11:34:21,2025-04-23 07:34:21,77 km al NO de San Antonio de los Cobres,-23.893,-66.985,218.0,3.2,Ml
294233,2025-04-23 11:45:55,2025-04-23 07:45:55,23 km al O de Ollagüe,-21.197,-68.478,131.0,2.6,Ml
294267,2025-04-23 15:17:12,2025-04-23 11:17:12,38 km al SO de Huasco,-28.752,-71.438,30.0,2.6,Ml
294270,2025-04-23 15:19:42,2025-04-23 11:19:42,115 km al SE de Ollagüe,-22.029,-67.551,216.0,3.7,Ml
294274,2025-04-23 16:35:46,2025-04-23 12:35:46,87 km al E de Socaire,-23.696,-67.047,253.0,3.4,Ml
294286,2025-04-23 18:21:00,2025-04-23 14:21:00,22 km al NE de Mejillones,-22.918,-70.373,36.0,2.9,Ml
294292,2025-04-23 18:59:07,2025-04-23 14:59:07,37 km al O de Mina Collahuasi,-20.747,-69.005,110.0,2.7,Ml
294305,2025-04-23 20:42:59,2025-04-23 16:42:59,33 km al SO de Camiña,-19.58,-69.573,80.0,2.5,Ml
294309,2025-04-23 21:16:19,2025-04-23 17:16:19,47 km al E de Sierra Gorda,-22.951,-68.868,100.0,2.8,Ml
294311,2025-04-23 21:56:24,2025-04-23 17:56:24,119 km al O de Pichilemu,-34.089,-73.258,26.0,3.4,Ml
294320,2025-04-23 23:48:05,2025-04-23 19:48:05,36 km al S de Mina Collahuasi,-21.147,-68.666,116.0,2.7,Ml
294323,2025-04-24 00:24:09,2025-04-23 20:24:09,11 km al N de Punitaqui,-30.735,-71.291,63.0,4.1,Ml
294338,2025-04-24 03:20:08,2025-04-23 23:20:08,23 km al SO de Parque Fray Jorge,-30.756,-71.896,31.0,5.0,Mw
294342,2025-04-24 03:30:36,2025-04-23 23:30:36,16 km al SO de Parque Fray Jorge,-30.739,-71.826,30.0,2.6,Ml
294344,2025-04-24 03:40:51,2025-04-23 23:40:51,15 km al SO de Parque Fray Jorge,-30.737,-71.813,32.0,2.6,Ml
294345,2025-04-24 03:46:12,2025-04-23 23:46:12,9 km al SO de Parque Fray Jorge,-30.724,-71.751,29.0,2.9,Ml
294348,2025-04-24 03:48:53,2025-04-23 23:48:53,21 km al SO de Parque Fray Jorge,-30.767,-71.866,35.0,3.5,Ml
294356,2025-04-24 03:49:24,2025-04-23 23:49:24,19 km al SO de Parque Fray Jorge,-30.749,-71.851,28.0,3.9,Ml
294350,2025-04-24 03:54:44,2025-04-23 23:54:44,15 km al SO de Parque Fray Jorge,-30.74,-71.817,28.0,2.5,Ml
294352,2025-04-24 03:56:49,2025-04-23 23:56:49,10 km al SO de Parque Fray Jorge,-30.74,-71.729,28.0,2.9,Ml
294361,2025-04-24 04:18:53,2025-04-24 00:18:53,21 km al SO de Parque Fray Jorge,-30.778,-71.856,28.0,2.8,Ml
294366,2025-04-24 04:22:54,2025-04-24 00:22:54,22 km al SO de Parque Fray Jorge,-30.768,-71.879,33.0,4.2,Ml
294371,2025-04-24 04:33:23,2025-04-24 00:33:23,18 km al SO de Parque Fray Jorge,-30.777,-71.819,28.0,2.8,Ml
294379,2025-04-24 05:16:18,2025-04-24 01:16:18,19 km al SO de Parque Fray Jorge,-30.75,-71.859,27.0,2.5,Ml
294381,2025-04-24 05:40:28,2025-04-24 01:40:28,16 km al SO de Parque Fray Jorge,-30.741,-71.819,24.0,3.0,Ml
294390,2025-04-24 06:08:50,2025-04-24 02:08:50,23 km al O de Parque Fray Jorge,-30.738,-71.902,32.0,3.3,Ml
294392,2025-04-24 06:14:55,2025-04-24 02:14:55,19 km al SO de Parque Fray Jorge,-30.745,-71.859,29.0,2.8,Ml
294402,2025-04-24 06:15:49,2025-04-24 02:15:49,6 km al SO de Parque Fray Jorge,-30.716,-71.71,27.0,2.9,Ml
294411,2025-04-24 06:53:22,2025-04-24 02:53:22,16 km al SO de Parque Fray Jorge,-30.743,-71.821,25.0,3.0,Ml
294421,2025-04-24 07:37:13,2025-04-24 03:37:13,17 km al SO de Parque Fray Jorge,-30.755,-71.826,31.0,2.5,Ml
294430,2025-04-24 08:39:26,2025-04-24 04:39:26,17 km al SO de Parque Fray Jorge,-30.745,-71.829,31.0,3.6,Ml
294439,2025-04-24 10:36:50,2025-04-24 06:36:50,13 km al SO de Parque Fray Jorge,-30.747,-71.775,27.0,2.7,Ml
294445,2025-04-24 12:00:58,2025-04-24 08:00:58,24 km al NO de El Tabo,-33.274,-71.816,32.0,3.5,Ml
294448,2025-04-24 12:05:55,2025-04-24 08:05:55,47 km al SO de Mina Collahuasi,-21.168,-68.927,113.0,2.9,Ml
294452,2025-04-24 13:13:35,2025-04-24 09:13:35,25 km al SO de Mina Collahuasi,-20.974,-68.842,111.0,2.9,Ml
294456,2025-04-24 14:41:15,2025-04-24 10:41:15,36 km al N de Pozo Almonte,-19.937,-69.757,70.0,3.2,Ml
294460,2025-04-24 15:12:40,2025-04-24 11:12:40,38 km al E de Los Andes,-32.802,-70.188,110.0,4.0,Ml
294477,2025-04-24 18:40:40,2025-04-24 14:40:40,73 km al S de Colchane,-19.902,-68.861,128.0,2.6,Ml
294479,2025-04-24 19:03:30,2025-04-24 15:03:30,30 km al NO de Putre,-18.046,-69.796,124.0,2.7,Ml
294481,2025-04-24 19:56:25,2025-04-24 15:56:25,29 km al S de Taltal,-25.658,-70.408,48.0,2.7,Ml
294491,2025-04-24 21:18:15,2025-04-24 17:18:15,31 km al O de Ollagüe,-21.128,-68.529,132.0,3.3,Ml
294504,2025-04-25 01:02:48,2025-04-24 21:02:48,16 km al SO de Punitaqui,-30.935,-71.38,58.0,2.6,Ml
294507,2025-04-25 01:21:39,2025-04-24 21:21:39,18 km al S de La Serena,-30.063,-71.229,68.0,3.4,Ml
294509,2025-04-25 01:24:22,2025-04-24 21:24:22,63 km al N de Calama,-21.913,-68.802,105.0,2.5,Ml
294512,2025-04-25 01:36:22,2025-04-24 21:36:22,27 km al SO de Huasco,-28.621,-71.427,42.0,2.5,Ml
294523,2025-04-25 03:13:04,2025-04-24 23:13:04,55 km al O de El Tabo,-33.45,-72.267,38.0,3.1,Ml
294528,2025-04-25 03:43:28,2025-04-24 23:43:28,62 km al O de El Tabo,-33.457,-72.34,38.0,2.5,Ml
294530,2025-04-25 04:14:06,2025-04-25 00:14:06,67 km al S de Socaire,-24.171,-67.723,240.0,3.7,Ml
294535,2025-04-25 04:30:10,2025-04-25 00:30:10,72 km al S de Socaire,-24.229,-67.753,230.0,2.7,Ml
294553,2025-04-25 08:29:46,2025-04-25 04:29:46,12 km al O de Pichilemu,-34.354,-72.136,53.0,3.0,Ml
294579,2025-04-25 12:25:24,2025-04-25 08:25:24,68 km al S de Socaire,-24.186,-67.752,248.0,3.5,Ml
294580,2025-04-25 12:48:58,2025-04-25 08:48:58,41 km al SE de Mina La Escondida,-24.596,-68.862,135.0,2.5,Ml
294581,2025-04-25 13:29:23,2025-04-25 09:29:23,36 km al NE de Punta de Choros,-28.954,-71.315,42.0,2.6,Ml
294589,2025-04-25 14:09:44,2025-04-25 10:09:44,73 km al SE de Socaire,-24.156,-67.529,227.0,3.2,Ml
294593,2025-04-25 14:36:45,2025-04-25 10:36:45,58 km al S de Ollagüe,-21.713,-68.452,124.0,2.7,Ml
294594,2025-04-25 14:39:02,2025-04-25 10:39:02,26 km al O de Ollagüe,-21.157,-68.489,137.0,2.6,Ml
294598,2025-04-25 14:42:07,2025-04-25 10:42:07,19 km al SO de San Antonio,-33.678,-71.776,39.0,3.1,Ml
294600,2025-04-25 15:47:26,2025-04-25 11:47:26,85 km al E de Alto del Carmen,-28.949,-69.646,131.0,2.5,Ml
294606,2025-04-25 16:35:22,2025-04-25 12:35:22,63 km al O de Ollagüe,-21.405,-68.829,107.0,3.8,Ml
294609,2025-04-25 16:43:06,2025-04-25 12:43:06,60 km al O de Ollagüe,-21.391,-68.803,119.0,3.4,Ml
294619,2025-04-25 17:12:16,2025-04-25 13:12:16,86 km al SE de Socaire,-24.287,-67.517,193.0,3.4,Ml
294642,2025-04-25 21:16:22,2025-04-25 17:16:22,34 km al SO de Pichidangui,-32.407,-71.691,35.0,2.5,Ml
294646,2025-04-25 22:07:47,2025-04-25 18:07:47,15 km al SE de Curicó,-35.062,-71.106,95.0,2.8,Ml
294650,2025-04-25 22:38:05,2025-04-25 18:38:05,116 km al NO de Punta de Choros,-28.779,-72.533,26.0,2.9,Ml
294652,2025-04-25 22:52:08,2025-04-25 18:52:08,75 km al E de Quillagua,-21.757,-68.819,118.0,3.3,Ml
294670,2025-04-26 03:22:54,2025-04-25 23:22:54,8 km al SO de Parque Fray Jorge,-30.731,-71.719,27.0,2.6,Ml
294674,2025-04-26 04:05:56,2025-04-26 00:05:56,25 km al SO de Mina La Escondida,-24.382,-69.273,85.0,2.7,Ml
294684,2025-04-26 05:09:24,2025-04-26 01:09:24,135 km al SE de Copiapó,-27.94,-69.121,130.0,2.9,Ml
294685,2025-04-26 05:24:17,2025-04-26 01:24:17,89 km al S de Cabo Raper,-47.591,-75.832,12.0,3.6,Ml
294696,2025-04-26 06:17:54,2025-04-26 02:17:54,37 km al SO de Copiapó,-27.568,-70.63,73.0,3.8,Ml
294702,2025-04-26 06:35:48,2025-04-26 02:35:48,26 km al N de Alto del Carmen,-28.53,-70.454,91.0,3.0,Ml
294708,2025-04-26 06:45:38,2025-04-26 02:45:38,65 km al SE de Socaire,-24.035,-67.482,261.0,2.7,Ml
294731,2025-04-26 09:21:13,2025-04-26 05:21:13,58 km al SE de Socaire,-23.992,-67.533,259.0,3.0,Ml
294739,2025-04-26 10:09:52,2025-04-26 06:09:52,31 km al S de Mina Los Pelambres,-32.099,-70.562,17.0,2.6,Ml
294741,2025-04-26 10:29:14,2025-04-26 06:29:14,52 km al S de Sierra Gorda,-23.348,-69.222,115.0,2.5,Ml
294745,2025-04-26 10:55:45,2025-04-26 06:55:45,55 km al S de Mina Collahuasi,-21.292,-68.832,116.0,2.9,Ml
294752,2025-04-26 12:43:29,2025-04-26 08:43:29,32 km al SE de Los Ángeles,-37.727,-72.183,78.0,3.0,Ml
294759,2025-04-26 13:48:01,2025-04-26 09:48:01,25 km al NE de Farellones,-33.235,-70.084,15.0,2.5,Ml
294762,2025-04-26 14:04:53,2025-04-26 10:04:53,85 km al SE de Socaire,-23.988,-67.173,234.0,2.7,Ml
294764,2025-04-26 14:18:26,2025-04-26 10:18:26,74 km al SE de Socaire,-23.95,-67.284,240.0,3.1,Ml
294767,2025-04-26 14:30:02,2025-04-26 10:30:02,84 km al NE de San Pedro de Atacama,-22.256,-67.804,204.0,2.6,Ml
294769,2025-04-26 15:10:05,2025-04-26 11:10:05,29 km al E de Ollagüe,-21.263,-67.972,170.0,2.6,Ml
294773,2025-04-26 15:51:03,2025-04-26 11:51:03,58 km al O de Ollagüe,-21.415,-68.771,106.0,2.6,Ml
294776,2025-04-26 16:01:20,2025-04-26 12:01:20,64 km al N de Pica,-19.954,-69.109,100.0,2.5,Ml
294787,2025-04-26 18:12:04,2025-04-26 14:12:04,40 km al N de Calama,-22.112,-68.966,113.0,2.5,Ml
294794,2025-04-26 18:50:13,2025-04-26 14:50:13,17 km al S de Visviri,-17.747,-69.496,150.0,2.8,Ml
294798,2025-04-26 19:11:28,2025-04-26 15:11:28,16 km al NE de Cuya,-19.094,-70.043,66.0,4.2,Ml
294808,2025-04-26 20:53:38,2025-04-26 16:53:38,69 km al SO de Ollagüe,-21.785,-68.532,121.0,2.6,Ml
294824,2025-04-27 00:27:51,2025-04-26 20:27:51,17 km al O de San Fabián,-36.536,-71.736,84.0,3.9,Ml
294826,2025-04-27 00:36:41,2025-04-26 20:36:41,55 km al NE de San Pedro de Atacama,-22.688,-67.723,267.0,2.8,Ml
294827,2025-04-27 00:50:29,2025-04-26 20:50:29,45 km al N de Calama,-22.061,-68.933,97.0,2.6,Ml
294829,2025-04-27 01:34:54,2025-04-26 21:34:54,71 km al NE de Calama,-21.885,-68.65,120.0,2.5,Ml
294837,2025-04-27 02:54:52,2025-04-26 22:54:52,28 km al SO de Chañaral,-26.524,-70.817,65.0,2.6,Ml
294842,2025-04-27 03:19:12,2025-04-26 23:19:12,78 km al O de Valparaíso,-33.134,-72.441,38.0,2.6,Ml
294846,2025-04-27 03:57:55,2025-04-26 23:57:55,65 km al SE de Socaire,-23.964,-67.396,274.0,2.8,Ml
294847,2025-04-27 04:25:34,2025-04-27 00:25:34,31 km al SE de Sierra Gorda,-23.131,-69.172,100.0,2.6,Ml
294854,2025-04-27 06:07:05,2025-04-27 02:07:05,59 km al O de El Tabo,-33.493,-72.302,28.0,3.6,Ml
294865,2025-04-27 08:28:32,2025-04-27 04:28:32,60 km al O de El Tabo,-33.485,-72.317,41.0,3.6,Ml
294870,2025-04-27 08:38:12,2025-04-27 04:38:12,14 km al NE de Pichidangui,-32.037,-71.434,40.0,3.3,Ml
294879,2025-04-27 10:22:14,2025-04-27 06:22:14,59 km al O de El Tabo,-33.501,-72.3,11.0,2.5,Ml
294891,2025-04-27 11:09:27,2025-04-27 07:09:27,42 km al N de Pozo Almonte,-19.879,-69.778,59.0,3.2,Ml
294894,2025-04-27 11:12:16,2025-04-27 07:12:16,42 km al NE de Pica,-20.142,-69.177,95.0,3.1,Ml
294897,2025-04-27 11:36:19,2025-04-27 07:36:19,128 km al S de Mendoza,-34.031,-68.994,12.0,4.6,Mw
294906,2025-04-27 12:25:23,2025-04-27 08:25:23,61 km al O de El Tabo,-33.505,-72.325,29.0,2.8,Ml
294917,2025-04-27 13:14:24,2025-04-27 09:14:24,42 km al NE de Quillagua,-21.426,-69.217,77.0,2.5,Ml
294923,2025-04-27 14:19:10,2025-04-27 10:19:10,19 km al SE de Putre,-18.34,-69.467,110.0,2.6,Ml
294926,2025-04-27 14:36:13,2025-04-27 10:36:13,46 km al E de Calama,-22.314,-68.512,112.0,3.2,Ml
294929,2025-04-27 16:07:48,2025-04-27 12:07:48,74 km al S de Mina La Escondida,-24.909,-69.269,118.0,2.7,Ml
294932,2025-04-27 16:28:07,2025-04-27 12:28:07,40 km al S de Sierra Gorda,-23.244,-69.376,84.0,3.1,Ml
294935,2025-04-27 16:40:14,2025-04-27 12:40:14,38 km al SO de Pica,-20.774,-69.529,75.0,3.2,Ml
294945,2025-04-27 17:56:22,2025-04-27 13:56:22,103 km al NE de Socaire,-23.164,-66.993,242.0,2.7,Ml
294974,2025-04-27 19:56:11,2025-04-27 15:56:11,72 km al N de Calama,-21.847,-68.735,127.0,3.5,Ml
294977,2025-04-27 20:10:21,2025-04-27 16:10:21,5 km al SO de Punitaqui,-30.871,-71.284,55.0,4.3,Ml
294981,2025-04-27 20:33:18,2025-04-27 16:33:18,23 km al NO de Quintero,-32.662,-71.736,29.0,3.3,Ml
294988,2025-04-27 20:57:50,2025-04-27 16:57:50,11 km al SO de Parque Fray Jorge,-30.744,-71.747,28.0,2.7,Ml
295007,2025-04-28 00:01:00,2025-04-27 20:01:00,17 km al SE de Mina Collahuasi,-20.929,-68.532,124.0,2.7,Ml
295009,2025-04-28 00:07:35,2025-04-27 20:07:35,17 km al SO de Parque Fray Jorge,-30.735,-71.837,32.0,3.7,Ml
295016,2025-04-28 01:52:14,2025-04-27 21:52:14,31 km al S de Mina Collahuasi,-21.096,-68.583,130.0,2.7,Ml
295022,2025-04-28 02:37:25,2025-04-27 22:37:25,65 km al N de Calama,-21.904,-68.782,122.0,2.5,Ml
295027,2025-04-28 03:15:35,2025-04-27 23:15:35,43 km al O de La Serena,-29.811,-71.682,30.0,3.9,Ml
295029,2025-04-28 03:16:57,2025-04-27 23:16:57,37 km al O de La Serena,-29.862,-71.637,31.0,3.2,Ml
295044,2025-04-28 05:49:28,2025-04-28 01:49:28,37 km al NE de San Pedro de Atacama,-22.695,-67.935,196.0,2.8,Ml
295049,2025-04-28 06:23:56,2025-04-28 02:23:56,42 km al SO de Ollagüe,-21.56,-68.438,145.0,3.7,Ml
295057,2025-04-28 08:05:49,2025-04-28 04:05:49,12 km al S de Los Vilos,-32.015,-71.496,45.0,2.5,Ml
295059,2025-04-28 08:32:25,2025-04-28 04:32:25,67 km al E de Caleta El Cobre,-24.43,-69.889,72.0,3.7,Ml
295063,2025-04-28 09:15:31,2025-04-28 05:15:31,31 km al O de Mina Collahuasi,-20.723,-68.93,111.0,2.5,Ml
295079,2025-04-28 11:06:41,2025-04-28 07:06:41,90 km al NE de El Salvador,-25.502,-69.261,99.0,2.8,Ml
295081,2025-04-28 11:13:33,2025-04-28 07:13:33,57 km al SO de Ollagüe,-21.66,-68.537,129.0,3.9,Ml
295085,2025-04-28 11:39:27,2025-04-28 07:39:27,21 km al O de Mina Collahuasi,-20.759,-68.842,105.0,2.6,Ml
295101,2025-04-28 14:19:35,2025-04-28 10:19:35,22 km al NO de Pichilemu,-34.275,-72.206,28.0,2.5,Ml
295107,2025-04-28 15:36:59,2025-04-28 11:36:59,76 km al O de Valparaíso,-33.15,-72.42,39.0,2.7,Ml
295125,2025-04-28 17:46:34,2025-04-28 13:46:34,13 km al NE de Tocopilla,-21.994,-70.141,68.0,2.5,Ml
295136,2025-04-28 18:29:48,2025-04-28 14:29:48,58 km al NE de Pozo Almonte,-19.905,-69.379,106.0,2.9,Ml
295149,2025-04-28 19:19:17,2025-04-28 15:19:17,38 km al S de Patache,-21.148,-70.194,36.0,3.0,Ml
295161,2025-04-28 20:02:16,2025-04-28 16:02:16,66 km al SE de Socaire,-24.115,-67.581,206.0,3.4,Ml
295163,2025-04-28 20:13:52,2025-04-28 16:13:52,51 km al NO de Patache,-20.536,-70.598,34.0,2.9,Ml
295195,2025-04-29 00:06:37,2025-04-28 20:06:37,103 km al SE de Socaire,-24.363,-67.331,196.0,3.8,Ml
295198,2025-04-29 00:30:44,2025-04-28 20:30:44,13 km al SE de Los Vilos,-32.019,-71.463,44.0,3.1,Ml
295203,2025-04-29 01:03:27,2025-04-28 21:03:27,13 km al E de Calama,-22.472,-68.8,121.0,2.7,Ml
295208,2025-04-29 01:43:21,2025-04-28 21:43:21,46 km al S de Tocopilla,-22.505,-70.172,50.0,3.8,Ml
295224,2025-04-29 03:08:38,2025-04-28 23:08:38,14 km al NO de Los Vilos,-31.809,-71.602,52.0,2.9,Ml
295232,2025-04-29 04:09:33,2025-04-29 00:09:33,12 km al NE de Pichidangui,-32.043,-71.466,34.0,2.7,Ml
295241,2025-04-29 05:35:20,2025-04-29 01:35:20,40 km al SO de Ollagüe,-21.498,-68.503,117.0,3.1,Ml
295247,2025-04-29 06:30:44,2025-04-29 02:30:44,58 km al S de Putre,-18.692,-69.736,117.0,3.3,Ml
295253,2025-04-29 07:48:26,2025-04-29 03:48:26,65 km al S de Socaire,-24.176,-67.877,245.0,3.8,Ml
295254,2025-04-29 07:51:24,2025-04-29 03:51:24,36 km al O de Mina Collahuasi,-20.821,-69.001,105.0,4.7,Mw
295269,2025-04-29 10:20:15,2025-04-29 06:20:15,60 km al SO de María Elena,-22.808,-69.953,44.0,2.6,Ml
295272,2025-04-29 10:58:24,2025-04-29 06:58:24,23 km al SO de Huasco,-28.623,-71.376,24.0,2.8,Ml
295276,2025-04-29 11:30:34,2025-04-29 07:30:34,40 km al NE de Calama,-22.159,-68.735,104.0,3.5,Ml
295291,2025-04-29 13:32:22,2025-04-29 09:32:22,53 km al NE de Calama,-22.047,-68.699,105.0,2.8,Ml
295293,2025-04-29 13:36:31,2025-04-29 09:36:31,107 km al E de Putre,-18.056,-68.556,214.0,3.9,Ml
295325,2025-04-29 18:14:22,2025-04-29 14:14:22,53 km al O de Pichidangui,-32.209,-72.084,37.0,2.5,Ml
295335,2025-04-29 19:49:26,2025-04-29 15:49:26,55 km al O de Socaire,-23.539,-68.425,97.0,2.7,Ml
295346,2025-04-29 21:19:38,2025-04-29 17:19:38,49 km al SO de Mina Collahuasi,-21.189,-68.927,110.0,2.9,Ml
295355,2025-04-29 22:54:05,2025-04-29 18:54:05,66 km al S de Socaire,-24.159,-67.709,243.0,3.2,Ml
295365,2025-04-29 23:54:22,2025-04-29 19:54:22,1 km al E de Tongoy,-30.256,-71.488,14.0,2.5,Ml
295371,2025-04-30 00:24:29,2025-04-29 20:24:29,60 km al NO de Punta de Choros,-28.821,-71.836,30.0,2.9,Ml
295383,2025-04-30 01:47:12,2025-04-29 21:47:12,14 km al SE de Casablanca,-33.421,-71.33,55.0,2.5,Ml
295386,2025-04-30 02:00:54,2025-04-29 22:00:54,17 km al NE de Calama,-22.369,-68.809,124.0,3.1,Ml
295388,2025-04-30 02:13:21,2025-04-29 22:13:21,23 km al NE de Calama,-22.347,-68.745,114.0,3.0,Ml
295392,2025-04-30 03:05:48,2025-04-29 23:05:48,31 km al SO de Ollagüe,-21.394,-68.49,117.0,3.1,Ml
295404,2025-04-30 04:31:11,2025-04-30 00:31:11,77 km al S de Ollagüe,-21.878,-68.511,117.0,3.2,Ml
295408,2025-04-30 04:55:27,2025-04-30 00:55:27,56 km al NE de Calama,-22.031,-68.659,119.0,3.0,Ml
295414,2025-04-30 04:57:23,2025-04-30 00:57:23,23 km al O de Ollagüe,-21.296,-68.465,133.0,2.7,Ml
295417,2025-04-30 05:28:54,2025-04-30 01:28:54,35 km al E de Mina Collahuasi,-20.893,-68.328,156.0,3.1,Ml
295426,2025-04-30 05:58:56,2025-04-30 01:58:56,37 km al S de Pozo Almonte,-20.592,-69.769,23.0,4.2,Ml
295427,2025-04-30 06:07:08,2025-04-30 02:07:08,57 km al SO de Ollagüe,-21.622,-68.605,116.0,4.2,Ml
295437,2025-04-30 06:44:59,2025-04-30 02:44:59,70 km al NE de Calama,-21.922,-68.593,118.0,2.7,Ml
295441,2025-04-30 07:14:42,2025-04-30 03:14:42,48 km al E de Pica,-20.389,-68.88,106.0,2.6,Ml
295469,2025-04-30 11:06:44,2025-04-30 07:06:44,49 km al S de Pica,-20.925,-69.266,83.0,2.8,Ml
295479,2025-04-30 13:29:12,2025-04-30 09:29:12,77 km al S de Ollagüe,-21.889,-68.461,108.0,2.5,Ml
295482,2025-04-30 13:56:07,2025-04-30 09:56:07,58 km al SO de Mina Collahuasi,-21.245,-68.985,105.0,2.6,Ml
295506,2025-04-30 15:18:45,2025-04-30 11:18:45,17 km al O de Pichidangui,-32.146,-71.71,14.0,3.0,Ml
295501,2025-04-30 15:19:17,2025-04-30 11:19:17,10 km al O de Pichidangui,-32.129,-71.64,21.0,3.4,Ml
295489,2025-04-30 15:20:04,2025-04-30 11:20:04,23 km al O de Pichidangui,-32.144,-71.775,22.0,3.6,Ml
295494,2025-04-30 15:42:38,2025-04-30 11:42:38,32 km al O de Mina Collahuasi,-20.793,-68.963,105.0,3.4,Ml
295498,2025-04-30 16:14:24,2025-04-30 12:14:24,29 km al O de Pichidangui,-32.148,-71.833,27.0,2.8,Ml
295505,2025-04-30 16:30:49,2025-04-30 12:30:49,92 km al E de Paihuano,-30.317,-69.618,19.0,2.5,Ml
295508,2025-04-30 17:10:25,2025-04-30 13:10:25,4 km al SO de Parque Fray Jorge,-30.682,-71.724,36.0,4.5,Mw
295512,2025-04-30 17:15:33,2025-04-30 13:15:33,160 km al NO de Constitución,-34.504,-73.844,28.0,3.2,Ml
295517,2025-04-30 17:55:20,2025-04-30 13:55:20,78 km al E de Quillagua,-21.76,-68.792,98.0,3.2,Ml
295528,2025-04-30 18:49:43,2025-04-30 14:49:43,53 km al E de Sierra Gorda,-22.956,-68.804,102.0,2.7,Ml
295537,2025-04-30 19:42:10,2025-04-30 15:42:10,36 km al S de Curicó,-35.311,-71.211,11.0,2.8,Ml
295539,2025-04-30 19:44:44,2025-04-30 15:44:44,55 km al O de El Tabo,-33.477,-72.262,14.0,3.2,Ml
295547,2025-04-30 20:48:12,2025-04-30 16:48:12,7 km al NE de Melipilla,-33.652,-71.156,66.0,2.8,Ml
295555,2025-04-30 21:48:03,2025-04-30 17:48:03,79 km al NE de Mina La Escondida,-23.608,-68.768,103.0,2.5,Ml
295561,2025-05-01 00:11:23,2025-04-30 20:11:23,86 km al E de Socaire,-23.9,-67.116,230.0,4.7,Mw
295568,2025-05-01 02:29:38,2025-04-30 22:29:38,81 km al NE de San Pedro de Atacama,-22.283,-67.809,206.0,4.5,Ml
295589,2025-05-01 05:44:09,2025-05-01 01:44:09,89 km al SE de Socaire,-24.293,-67.478,213.0,3.7,Ml
295592,2025-05-01 05:56:21,2025-05-01 01:56:21,29 km al NO de Mina Collahuasi,-20.688,-68.891,104.0,2.6,Ml
295604,2025-05-01 07:27:44,2025-05-01 03:27:44,22 km al O de Rancagua,-34.112,-70.971,76.0,2.5,Ml
295609,2025-05-01 08:29:12,2025-05-01 04:29:12,17 km al S de Arica,-18.634,-70.321,70.0,3.6,Ml
295622,2025-05-01 10:24:20,2025-05-01 06:24:20,79 km al SE de Socaire,-23.95,-67.22,225.0,4.4,Ml
295637,2025-05-01 11:48:10,2025-05-01 07:48:10,28 km al SO de Ollagüe,-21.415,-68.429,142.0,2.7,Ml
295646,2025-05-01 14:34:42,2025-05-01 10:34:42,51 km al SO de Pisagua,-19.929,-70.554,47.0,3.5,Ml
295652,2025-05-01 15:00:57,2025-05-01 11:00:57,21 km al S de Calama,-22.661,-68.905,95.0,2.8,Ml
295655,2025-05-01 15:21:23,2025-05-01 11:21:23,93 km al E de Socaire,-23.327,-67.024,226.0,4.2,Ml
295658,2025-05-01 15:29:45,2025-05-01 11:29:45,64 km al E de Quillagua,-21.889,-68.965,112.0,3.1,Ml
295667,2025-05-01 16:37:56,2025-05-01 12:37:56,17 km al O de Navidad,-33.888,-72.001,28.0,2.5,Ml
295685,2025-05-01 18:37:58,2025-05-01 14:37:58,37 km al NO de Mina Collahuasi,-20.639,-68.95,106.0,3.2,Ml
295687,2025-05-01 18:47:54,2025-05-01 14:47:54,44 km al O de Ollagüe,-21.25,-68.681,118.0,2.9,Ml
295691,2025-05-01 18:54:16,2025-05-01 14:54:16,44 km al N de Punta de Choros,-28.851,-71.425,42.0,2.8,Ml
295694,2025-05-01 19:06:14,2025-05-01 15:06:14,57 km al O de Mina La Escondida,-24.457,-69.58,79.0,3.2,Ml
295702,2025-05-01 19:38:42,2025-05-01 15:38:42,28 km al O de Ollagüe,-21.161,-68.516,138.0,2.9,Ml
295715,2025-05-01 20:47:01,2025-05-01 16:47:01,23 km al N de Tongoy,-30.051,-71.555,40.0,2.6,Ml
295724,2025-05-01 21:53:08,2025-05-01 17:53:08,70 km al SO de Taltal,-25.678,-71.12,55.0,3.9,Ml
295734,2025-05-01 22:25:53,2025-05-01 18:25:53,38 km al SE de Pica,-20.736,-69.075,106.0,3.3,Ml
295759,2025-05-02 02:15:41,2025-05-01 22:15:41,33 km al SO de Pichidangui,-32.394,-71.702,32.0,2.7,Ml
295793,2025-05-02 07:08:28,2025-05-02 03:08:28,22 km al SO de La Higuera,-29.685,-71.311,51.0,4.3,Mw
295819,2025-05-02 10:16:25,2025-05-02 06:16:25,18 km al SE de Camiña,-19.401,-69.279,116.0,3.4,Ml
295825,2025-05-02 10:46:35,2025-05-02 06:46:35,38 km al O de Fresia,-41.202,-73.867,40.0,4.2,Ml
295837,2025-05-02 12:58:32,2025-05-02 08:58:32,218 km al S de Puerto Williams,-56.88,-68.056,10.0,7.5,Mww
296065,2025-05-02 13:03:15,2025-05-02 09:03:15,238 km al S de Puerto Williams,-57.071,-67.512,10.0,4.4,Ml
295839,2025-05-02 13:07:42,2025-05-02 09:07:42,245 km al S de Puerto Williams,-57.11,-68.19,10.0,5.6,Ml
296256,2025-05-02 13:09:47,2025-05-02 09:09:47,212 km al SE de Puerto Williams,-56.62,-66.03,10.0,3.9,Ml
295838,2025-05-02 13:14:43,2025-05-02 09:14:43,23 km al O de San Pedro de Atacama,-22.988,-68.412,144.0,2.6,Ml
296282,2025-05-02 13:16:20,2025-05-02 09:16:20,221 km al S de Puerto Williams,-56.92,-67.84,10.0,3.3,Ml
296284,2025-05-02 13:17:33,2025-05-02 09:17:33,227 km al S de Puerto Williams,-56.98,-67.52,10.0,3.9,Ml
296259,2025-05-02 13:22:44,2025-05-02 09:22:44,310 km al S de Puerto Williams,-57.71,-67.13,10.0,3.6,Ml
295849,2025-05-02 13:24:27,2025-05-02 09:24:27,309 km al SO de Puerto Williams,-57.64,-68.75,10.0,4.0,Ml
296297,2025-05-02 13:29:01,2025-05-02 09:29:01,229 km al S de Puerto Williams,-56.98,-67.23,10.0,3.8,Ml
296298,2025-05-02 13:34:55,2025-05-02 09:34:55,228 km al S de Puerto Williams,-56.98,-67.5,10.0,3.7,Ml
296309,2025-05-02 13:47:44,2025-05-02 09:47:44,191 km al S de Puerto Williams,-56.65,-67.78,10.0,3.8,Ml
296529,2025-05-02 13:49:32,2025-05-02 09:49:32,236 km al SO de Puerto Williams,-56.92,-68.96,10.0,3.8,Ml
296530,2025-05-02 13:51:17,2025-05-02 09:51:17,172 km al SO de Puerto Williams,-56.35,-68.71,10.0,3.8,Ml
295852,2025-05-02 13:55:05,2025-05-02 09:55:05,239 km al S de Puerto Williams,-57.077,-67.846,10.0,5.3,Ml
296317,2025-05-02 13:57:58,2025-05-02 09:57:58,198 km al S de Puerto Williams,-56.7,-68.05,10.0,3.9,Ml
296318,2025-05-02 14:02:15,2025-05-02 10:02:15,197 km al S de Puerto Williams,-56.68,-68.12,10.0,3.5,Ml
296320,2025-05-02 14:03:49,2025-05-02 10:03:49,216 km al S de Puerto Williams,-56.851,-68.148,10.0,4.9,Ml
295855,2025-05-02 14:12:30,2025-05-02 10:12:30,221 km al S de Puerto Williams,-56.92,-67.5,10.0,4.8,Ml
296321,2025-05-02 14:14:41,2025-05-02 10:14:41,226 km al S de Puerto Williams,-56.97,-67.71,10.0,3.6,Ml
296323,2025-05-02 14:19:16,2025-05-02 10:19:16,248 km al S de Puerto Williams,-57.16,-67.38,10.0,3.4,Ml
296329,2025-05-02 14:34:26,2025-05-02 10:34:26,211 km al S de Puerto Williams,-56.83,-67.55,10.0,3.6,Ml
295861,2025-05-02 14:38:03,2025-05-02 10:38:03,256 km al S de Puerto Williams,-57.18,-66.73,10.0,5.1,Ml
296331,2025-05-02 14:42:04,2025-05-02 10:42:04,224 km al S de Puerto Williams,-56.95,-67.49,10.0,3.6,Ml
295864,2025-05-02 14:43:48,2025-05-02 10:43:48,235 km al S de Puerto Williams,-57.05,-67.54,10.0,5.0,Ml
295872,2025-05-02 14:45:15,2025-05-02 10:45:15,241 km al S de Puerto Williams,-57.095,-67.227,10.0,4.1,Ml
296007,2025-05-02 14:48:56,2025-05-02 10:48:56,219 km al S de Puerto Williams,-56.88,-67.046,10.0,4.9,Ml
296332,2025-05-02 14:53:37,2025-05-02 10:53:37,255 km al S de Puerto Williams,-57.19,-68.35,10.0,3.5,Ml
295873,2025-05-02 15:08:47,2025-05-02 11:08:47,221 km al S de Puerto Williams,-56.92,-67.65,10.0,4.9,Ml
295870,2025-05-02 15:10:05,2025-05-02 11:10:05,212 km al S de Puerto Williams,-56.84,-67.38,10.0,4.4,Ml
295882,2025-05-02 15:18:07,2025-05-02 11:18:07,211 km al SO de Puerto Williams,-56.715,-68.794,10.0,4.7,Ml
295877,2025-05-02 15:24:10,2025-05-02 11:24:10,25 km al N de Punta de Choros,-29.03,-71.5,51.0,4.6,Mw
295890,2025-05-02 15:25:40,2025-05-02 11:25:40,233 km al SE de Puerto Williams,-57.144,-67.075,10.0,5.0,Ml
295896,2025-05-02 15:27:42,2025-05-02 11:27:42,217 km al S de Puerto Williams,-56.883,-67.556,10.0,4.0,Ml
296608,2025-05-02 15:29:48,2025-05-02 11:29:48,203 km al SO de Puerto Williams,-56.56,-69.09,10.0,3.9,Ml
296611,2025-05-02 15:40:51,2025-05-02 11:40:51,230 km al S de Puerto Williams,-56.99,-68.01,10.0,3.4,Ml
295886,2025-05-02 15:42:58,2025-05-02 11:42:58,212 km al S de Puerto Williams,-56.841,-67.373,10.0,4.8,Ml
296616,2025-05-02 15:50:17,2025-05-02 11:50:17,204 km al SO de Puerto Williams,-56.71,-68.41,10.0,3.2,Ml
295891,2025-05-02 15:54:57,2025-05-02 11:54:57,33 km al N de Punta de Choros,-28.968,-71.562,62.0,2.9,Ml
296617,2025-05-02 15:57:02,2025-05-02 11:57:02,222 km al S de Puerto Williams,-56.93,-67.5,64.0,3.3,Ml
296613,2025-05-02 15:59:10,2025-05-02 11:59:10,213 km al S de Puerto Williams,-56.84,-68.03,10.0,3.6,Ml
296615,2025-05-02 16:01:59,2025-05-02 12:01:59,226 km al SO de Puerto Williams,-56.89,-68.57,10.0,3.6,Ml
295894,2025-05-02 16:03:31,2025-05-02 12:03:31,80 km al O de Arica,-18.428,-71.079,25.0,3.1,Ml
295901,2025-05-02 16:06:44,2025-05-02 12:06:44,192 km al S de Puerto Williams,-56.662,-67.529,10.0,4.3,Ml
295905,2025-05-02 16:13:04,2025-05-02 12:13:04,225 km al S de Puerto Williams,-56.958,-67.698,10.0,4.3,Ml
296619,2025-05-02 16:18:52,2025-05-02 12:18:52,213 km al S de Puerto Williams,-56.85,-67.59,10.0,3.2,Ml
295907,2025-05-02 16:22:21,2025-05-02 12:22:21,257 km al S de Puerto Williams,-57.248,-67.495,10.0,3.4,Ml
296009,2025-05-02 16:25:32,2025-05-02 12:25:32,214 km al S de Puerto Williams,-56.855,-67.469,10.0,4.4,Ml
295922,2025-05-02 16:38:34,2025-05-02 12:38:34,198 km al S de Puerto Williams,-56.704,-67.994,10.0,3.9,Ml
296620,2025-05-02 16:40:39,2025-05-02 12:40:39,220 km al S de Puerto Williams,-56.86,-68.4,10.0,3.4,Ml
295913,2025-05-02 16:41:15,2025-05-02 12:41:15,7 km al SO de Chillán,-36.646,-72.171,71.0,4.0,Ml
295923,2025-05-02 16:43:52,2025-05-02 12:43:52,201 km al S de Puerto Williams,-56.731,-67.277,10.0,4.4,Ml
296621,2025-05-02 16:46:03,2025-05-02 12:46:03,178 km al SO de Puerto Williams,-56.41,-68.71,10.0,3.4,Ml
295924,2025-05-02 16:48:36,2025-05-02 12:48:36,248 km al S de Puerto Williams,-57.16,-67.489,10.0,5.4,Ml
296627,2025-05-02 16:57:52,2025-05-02 12:57:52,229 km al S de Puerto Williams,-56.97,-67.06,10.0,3.1,Ml
295927,2025-05-02 17:08:32,2025-05-02 13:08:32,248 km al S de Puerto Williams,-57.16,-67.29,10.0,4.3,Ml
295930,2025-05-02 17:10:28,2025-05-02 13:10:28,237 km al SO de Puerto Williams,-56.982,-68.692,10.0,2.5,Ml
296628,2025-05-02 17:20:48,2025-05-02 13:20:48,249 km al S de Puerto Williams,-57.17,-67.49,10.0,2.8,Ml
295932,2025-05-02 17:44:43,2025-05-02 13:44:43,232 km al S de Puerto Williams,-56.992,-66.952,10.0,4.5,Ml
295940,2025-05-02 17:59:07,2025-05-02 13:59:07,271 km al S de Puerto Williams,-57.349,-66.99,10.0,6.3,Mw
296634,2025-05-02 18:03:53,2025-05-02 14:03:53,180 km al S de Puerto Williams,-56.52,-68.21,10.0,3.1,Ml
296635,2025-05-02 18:05:25,2025-05-02 14:05:25,208 km al S de Puerto Williams,-56.78,-68.11,10.0,3.4,Ml
296640,2025-05-02 18:07:45,2025-05-02 14:07:45,228 km al S de Puerto Williams,-56.94,-68.38,10.0,3.8,Ml
295960,2025-05-02 18:09:34,2025-05-02 14:09:34,222 km al S de Puerto Williams,-56.934,-67.747,10.0,4.0,Ml
295948,2025-05-02 18:20:39,2025-05-02 14:20:39,226 km al S de Puerto Williams,-56.97,-67.6,10.0,4.9,Ml
295955,2025-05-02 18:23:57,2025-05-02 14:23:57,239 km al S de Puerto Williams,-57.084,-67.437,10.0,3.3,Ml
295957,2025-05-02 18:25:34,2025-05-02 14:25:34,260 km al S de Puerto Williams,-57.27,-67.4,10.0,4.3,Ml
296669,2025-05-02 18:39:51,2025-05-02 14:39:51,216 km al SO de Puerto Williams,-56.81,-68.52,10.0,3.0,Ml
295952,2025-05-02 18:40:12,2025-05-02 14:40:12,7 km al NO de Punitaqui,-30.797,-71.319,73.0,3.2,Ml
296670,2025-05-02 18:42:20,2025-05-02 14:42:20,269 km al S de Puerto Williams,-57.35,-67.76,10.0,2.6,Ml
295961,2025-05-02 18:44:29,2025-05-02 14:44:29,230 km al S de Puerto Williams,-56.998,-67.783,10.0,3.6,Ml
296671,2025-05-02 18:53:48,2025-05-02 14:53:48,216 km al S de Puerto Williams,-56.85,-68.21,10.0,3.0,Ml
295970,2025-05-02 18:58:20,2025-05-02 14:58:20,205 km al S de Puerto Williams,-56.774,-67.74,10.0,4.2,Ml
295966,2025-05-02 18:58:40,2025-05-02 14:58:40,72 km al SE de Socaire,-24.062,-67.409,259.0,3.1,Ml
296660,2025-05-02 19:01:40,2025-05-02 15:01:40,230 km al S de Puerto Williams,-57.0,-67.39,10.0,3.6,Ml
295974,2025-05-02 19:09:14,2025-05-02 15:09:14,212 km al S de Puerto Williams,-56.84,-67.83,10.0,3.0,Ml
295976,2025-05-02 19:11:34,2025-05-02 15:11:34,222 km al S de Puerto Williams,-56.927,-67.85,10.0,3.2,Ml
295979,2025-05-02 19:17:49,2025-05-02 15:17:49,224 km al S de Puerto Williams,-56.95,-67.77,10.0,4.6,Ml
296661,2025-05-02 19:26:41,2025-05-02 15:26:41,217 km al S de Puerto Williams,-56.89,-67.53,10.0,3.2,Ml
295982,2025-05-02 19:28:57,2025-05-02 15:28:57,34 km al N de Punta de Choros,-28.946,-71.441,46.0,3.3,Ml
295987,2025-05-02 19:33:54,2025-05-02 15:33:54,236 km al S de Puerto Williams,-57.054,-67.309,10.0,4.7,Ml
295989,2025-05-02 19:42:28,2025-05-02 15:42:28,258 km al S de Puerto Williams,-57.25,-67.76,10.0,4.2,Ml
296662,2025-05-02 19:53:18,2025-05-02 15:53:18,220 km al S de Puerto Williams,-56.86,-68.39,10.0,3.4,Ml
296666,2025-05-02 19:56:28,2025-05-02 15:56:28,216 km al S de Puerto Williams,-56.88,-67.69,8.0,3.6,Ml
295995,2025-05-02 19:58:01,2025-05-02 15:58:01,248 km al S de Puerto Williams,-57.16,-67.24,10.0,4.7,Ml
296016,2025-05-02 20:06:03,2025-05-02 16:06:03,268 km al S de Puerto Williams,-57.318,-68.245,10.0,3.5,Ml
296802,2025-05-02 20:09:07,2025-05-02 16:09:07,192 km al SO de Puerto Williams,-56.55,-68.7,10.0,2.9,Ml
296001,2025-05-02 20:14:11,2025-05-02 16:14:11,245 km al S de Puerto Williams,-57.13,-67.19,10.0,5.3,Ml
296008,2025-05-02 20:34:59,2025-05-02 16:34:59,206 km al S de Puerto Williams,-56.79,-67.75,10.0,3.9,Ml
296010,2025-05-02 20:43:01,2025-05-02 16:43:01,56 km al O de El Tabo,-33.435,-72.267,36.0,2.7,Ml
296812,2025-05-02 20:56:51,2025-05-02 16:56:51,199 km al S de Puerto Williams,-56.68,-68.3,10.0,3.5,Ml
296672,2025-05-02 21:02:35,2025-05-02 17:02:35,219 km al SO de Puerto Williams,-56.85,-68.44,10.0,2.8,Ml
296021,2025-05-02 21:09:41,2025-05-02 17:09:41,245 km al S de Puerto Williams,-57.14,-67.45,10.0,4.3,Ml
296028,2025-05-02 21:21:59,2025-05-02 17:21:59,210 km al S de Puerto Williams,-56.82,-67.32,10.0,3.6,Ml
296029,2025-05-02 21:23:48,2025-05-02 17:23:48,105 km al SE de Ollagüe,-21.976,-67.631,218.0,3.3,Ml
296031,2025-05-02 21:30:27,2025-05-02 17:30:27,244 km al S de Puerto Williams,-57.13,-67.495,10.0,3.9,Ml
296033,2025-05-02 21:38:49,2025-05-02 17:38:49,264 km al SO de Puerto Williams,-57.23,-68.69,10.0,3.0,Ml
296034,2025-05-02 21:42:42,2025-05-02 17:42:42,230 km al S de Puerto Williams,-56.95,-68.44,10.0,3.1,Ml
296868,2025-05-02 21:45:34,2025-05-02 17:45:34,223 km al S de Puerto Williams,-56.94,-67.61,10.0,2.8,Ml
296038,2025-05-02 21:55:00,2025-05-02 17:55:00,55 km al NO de Mina La Escondida,-24.058,-69.552,82.0,3.8,Ml
296041,2025-05-02 22:06:57,2025-05-02 18:06:57,239 km al S de Puerto Williams,-57.07,-67.12,10.0,3.7,Ml
296046,2025-05-02 22:20:17,2025-05-02 18:20:17,207 km al SO de Puerto Williams,-56.72,-68.55,10.0,3.5,Ml
296896,2025-05-02 22:33:11,2025-05-02 18:33:11,199 km al SO de Puerto Williams,-56.66,-68.44,10.0,3.1,Ml
296897,2025-05-02 22:34:46,2025-05-02 18:34:46,223 km al S de Puerto Williams,-56.93,-68.01,10.0,3.1,Ml
296048,2025-05-02 22:41:37,2025-05-02 18:41:37,251 km al S de Puerto Williams,-57.19,-67.68,10.0,3.0,Ml
296894,2025-05-02 22:43:38,2025-05-02 18:43:38,209 km al S de Puerto Williams,-56.8,-68.02,10.0,2.6,Ml
296051,2025-05-02 22:54:26,2025-05-02 18:54:26,199 km al S de Puerto Williams,-56.71,-68.01,10.0,2.9,Ml
296052,2025-05-02 22:59:14,2025-05-02 18:59:14,225 km al S de Puerto Williams,-56.96,-67.49,10.0,3.1,Ml
296053,2025-05-02 23:03:21,2025-05-02 19:03:21,199 km al SO de Puerto Williams,-56.63,-68.64,10.0,3.0,Ml
296054,2025-05-02 23:06:35,2025-05-02 19:06:35,231 km al S de Puerto Williams,-57.01,-67.34,10.0,3.2,Ml
296056,2025-05-02 23:15:19,2025-05-02 19:15:19,225 km al S de Puerto Williams,-56.96,-67.79,10.0,3.6,Ml
296057,2025-05-02 23:24:46,2025-05-02 19:24:46,212 km al S de Puerto Williams,-56.84,-67.77,10.0,3.6,Ml
296058,2025-05-02 23:39:18,2025-05-02 19:39:18,281 km al S de Puerto Williams,-57.43,-66.89,10.0,2.8,Ml
296901,2025-05-02 23:50:39,2025-05-02 19:50:39,224 km al S de Puerto Williams,-56.95,-67.39,10.0,2.7,Ml
296059,2025-05-02 23:55:34,2025-05-02 19:55:34,220 km al S de Puerto Williams,-56.89,-67.11,10.0,2.9,Ml
296060,2025-05-03 00:04:22,2025-05-02 20:04:22,238 km al S de Puerto Williams,-57.05,-68.2,10.0,2.9,Ml
296061,2025-05-03 00:16:18,2025-05-02 20:16:18,241 km al S de Puerto Williams,-57.1,-67.87,10.0,3.2,Ml
296062,2025-05-03 00:20:00,2025-05-02 20:20:00,237 km al S de Puerto Williams,-57.05,-68.07,10.0,2.6,Ml
296064,2025-05-03 00:25:32,2025-05-02 20:25:32,223 km al S de Puerto Williams,-56.94,-67.82,10.0,3.3,Ml
296070,2025-05-03 00:55:42,2025-05-02 20:55:42,200 km al S de Puerto Williams,-56.71,-67.06,10.0,3.4,Ml
296071,2025-05-03 01:01:11,2025-05-02 21:01:11,200 km al S de Puerto Williams,-56.7,-68.19,10.0,2.7,Ml
296075,2025-05-03 01:13:25,2025-05-02 21:13:25,254 km al S de Puerto Williams,-57.19,-67.0,10.0,3.8,Ml
296074,2025-05-03 01:19:53,2025-05-02 21:19:53,38 km al O de Calama,-22.36,-69.281,90.0,2.7,Ml
296076,2025-05-03 01:23:57,2025-05-02 21:23:57,221 km al SO de Puerto Williams,-56.82,-68.73,10.0,2.7,Ml
296080,2025-05-03 01:55:39,2025-05-02 21:55:39,152 km al SO de Puerto Williams,-56.13,-68.79,10.0,2.8,Ml
296081,2025-05-03 02:01:32,2025-05-02 22:01:32,48 km al SO de Mina Collahuasi,-21.055,-69.052,113.0,2.8,Ml
296083,2025-05-03 02:06:22,2025-05-02 22:06:22,44 km al SE de Socaire,-23.947,-67.715,250.0,3.0,Ml
296088,2025-05-03 02:12:24,2025-05-02 22:12:24,243 km al SE de Puerto Williams,-57.01,-66.38,10.0,2.6,Ml
296086,2025-05-03 02:13:57,2025-05-02 22:13:57,192 km al S de Puerto Williams,-56.65,-67.92,10.0,2.9,Ml
296087,2025-05-03 02:30:03,2025-05-02 22:30:03,230 km al S de Puerto Williams,-57.0,-67.77,10.0,3.0,Ml
296090,2025-05-03 02:33:02,2025-05-02 22:33:02,260 km al S de Puerto Williams,-57.27,-67.3,10.0,2.6,Ml
296091,2025-05-03 02:38:32,2025-05-02 22:38:32,255 km al S de Puerto Williams,-57.23,-67.6,10.0,3.7,Ml
296092,2025-05-03 02:46:46,2025-05-02 22:46:46,77 km al NO de Tongoy,-29.759,-72.057,30.0,2.7,Ml
296096,2025-05-03 02:51:11,2025-05-02 22:51:11,258 km al S de Puerto Williams,-57.24,-68.04,10.0,4.1,Ml
296097,2025-05-03 03:17:08,2025-05-02 23:17:08,220 km al S de Puerto Williams,-56.87,-68.34,10.0,3.9,Ml
296099,2025-05-03 03:25:07,2025-05-02 23:25:07,220 km al SO de Ushuaia,-56.14,-70.82,10.0,3.2,Ml
296105,2025-05-03 03:52:40,2025-05-02 23:52:40,28 km al NO de Punta de Choros,-29.023,-71.6,42.0,2.8,Ml
296107,2025-05-03 03:56:10,2025-05-02 23:56:10,238 km al SE de Puerto Williams,-57.02,-66.72,10.0,3.7,Ml
296109,2025-05-03 04:01:32,2025-05-03 00:01:32,253 km al S de Puerto Williams,-57.211,-67.659,10.0,3.1,Ml
296110,2025-05-03 04:20:55,2025-05-03 00:20:55,208 km al SO de Puerto Williams,-56.75,-68.39,10.0,3.9,Ml
296111,2025-05-03 04:28:35,2025-05-03 00:28:35,90 km al SE de Alto del Carmen,-29.246,-69.746,120.0,2.7,Ml
296119,2025-05-03 04:57:56,2025-05-03 00:57:56,211 km al S de Puerto Williams,-56.83,-67.34,10.0,3.4,Ml
296117,2025-05-03 04:58:58,2025-05-03 00:58:58,66 km al NO de Chos Malal,-36.975,-70.821,159.0,3.7,Ml
296122,2025-05-03 05:17:53,2025-05-03 01:17:53,242 km al S de Puerto Williams,-57.11,-67.56,10.0,3.0,Ml
296124,2025-05-03 05:41:10,2025-05-03 01:41:10,242 km al S de Puerto Williams,-57.11,-67.53,10.0,3.7,Ml
296126,2025-05-03 06:08:00,2025-05-03 02:08:00,233 km al S de Puerto Williams,-57.03,-67.41,10.0,3.0,Ml
296127,2025-05-03 06:12:59,2025-05-03 02:12:59,93 km al NE de Paihuano,-29.569,-69.716,112.0,2.9,Ml
296128,2025-05-03 06:13:22,2025-05-03 02:13:22,270 km al S de Puerto Williams,-57.353,-68.058,10.0,3.0,M
296131,2025-05-03 06:23:34,2025-05-03 02:23:34,201 km al SO de Puerto Williams,-56.68,-68.46,10.0,2.8,Ml
296130,2025-05-03 06:26:03,2025-05-03 02:26:03,14 km al SO de Osorno,-40.687,-73.205,38.0,2.7,Ml
296132,2025-05-03 06:26:29,2025-05-03 02:26:29,222 km al S de Puerto Williams,-56.93,-67.56,10.0,3.5,Ml
296138,2025-05-03 07:18:45,2025-05-03 03:18:45,203 km al S de Puerto Williams,-56.76,-67.48,10.0,4.2,Ml
296135,2025-05-03 07:27:48,2025-05-03 03:27:48,225 km al S de Puerto Williams,-56.96,-67.58,10.0,3.3,Ml
296139,2025-05-03 07:48:05,2025-05-03 03:48:05,235 km al S de Puerto Williams,-57.04,-67.2,10.0,5.1,Ml
296142,2025-05-03 08:00:27,2025-05-03 04:00:27,98 km al O de Pisagua,-19.911,-71.092,30.0,3.8,Ml
296144,2025-05-03 08:26:49,2025-05-03 04:26:49,248 km al S de Puerto Williams,-57.16,-67.91,10.0,3.3,Ml
296149,2025-05-03 08:30:25,2025-05-03 04:30:25,261 km al S de Puerto Williams,-57.24,-68.38,10.0,2.8,Ml
296150,2025-05-03 08:32:54,2025-05-03 04:32:54,239 km al S de Puerto Williams,-57.081,-67.702,10.0,2.6,Ml
296145,2025-05-03 08:35:02,2025-05-03 04:35:02,35 km al NE de Pica,-20.206,-69.184,95.0,2.5,Ml
296155,2025-05-03 08:41:53,2025-05-03 04:41:53,240 km al S de Puerto Williams,-57.09,-67.55,10.0,3.3,Ml
296152,2025-05-03 08:45:30,2025-05-03 04:45:30,92 km al S de Mina La Escondida,-25.073,-69.281,93.0,3.5,Ml
296157,2025-05-03 08:51:22,2025-05-03 04:51:22,262 km al S de Puerto Williams,-57.276,-68.01,10.0,2.8,Ml
296159,2025-05-03 09:21:55,2025-05-03 05:21:55,240 km al SO de Puerto Williams,-57.01,-68.67,10.0,3.0,Ml
296160,2025-05-03 09:26:09,2025-05-03 05:26:09,251 km al SE de Puerto Williams,-57.07,-66.28,10.0,3.2,Ml
296162,2025-05-03 09:30:17,2025-05-03 05:30:17,216 km al S de Puerto Williams,-56.87,-67.38,10.0,3.3,Ml
296161,2025-05-03 09:32:16,2025-05-03 05:32:16,88 km al E de Socaire,-23.503,-67.027,229.0,2.9,Ml
296163,2025-05-03 09:47:04,2025-05-03 05:47:04,236 km al S de Puerto Williams,-57.03,-67.02,10.0,2.6,Ml
296164,2025-05-03 09:51:57,2025-05-03 05:51:57,185 km al S de Puerto Williams,-56.57,-67.07,10.0,3.0,Ml
296170,2025-05-03 10:06:33,2025-05-03 06:06:33,225 km al S de Puerto Williams,-56.95,-67.37,10.0,5.1,Ml
296174,2025-05-03 10:50:50,2025-05-03 06:50:50,200 km al SE de Puerto Williams,-56.671,-66.771,10.0,4.8,Mb
296176,2025-05-03 11:16:12,2025-05-03 07:16:12,228 km al S de Puerto Williams,-56.98,-67.27,10.0,3.2,Ml
296178,2025-05-03 11:31:42,2025-05-03 07:31:42,54 km al SO de Ollagüe,-21.467,-68.706,119.0,4.0,Ml
296182,2025-05-03 11:38:02,2025-05-03 07:38:02,244 km al S de Puerto Williams,-57.101,-66.97,10.0,3.6,Ml
296184,2025-05-03 11:52:44,2025-05-03 07:52:44,44 km al NE de Alto del Carmen,-28.441,-70.217,98.0,2.5,Ml
296186,2025-05-03 11:54:47,2025-05-03 07:54:47,199 km al S de Puerto Williams,-56.698,-68.182,10.0,4.6,Ml
296189,2025-05-03 12:24:59,2025-05-03 08:24:59,257 km al S de Puerto Williams,-57.24,-67.78,10.0,2.9,Ml
296190,2025-05-03 12:26:51,2025-05-03 08:26:51,259 km al SO de Puerto Williams,-57.14,-68.96,10.0,2.5,Ml
296194,2025-05-03 13:03:28,2025-05-03 09:03:28,199 km al SO de Puerto Williams,-56.62,-68.69,10.0,3.3,Ml
296196,2025-05-03 13:25:06,2025-05-03 09:25:06,242 km al S de Puerto Williams,-57.09,-67.1,10.0,3.5,Ml
296197,2025-05-03 13:30:09,2025-05-03 09:30:09,215 km al S de Puerto Williams,-56.86,-67.34,10.0,3.0,Ml
296198,2025-05-03 13:34:15,2025-05-03 09:34:15,265 km al S de Puerto Williams,-57.31,-67.21,10.0,2.8,Ml
296200,2025-05-03 14:07:52,2025-05-03 10:07:52,226 km al S de Puerto Williams,-56.97,-67.53,10.0,4.2,Ml
296201,2025-05-03 14:16:58,2025-05-03 10:16:58,195 km al S de Puerto Williams,-56.69,-67.53,10.0,3.7,Ml
296203,2025-05-03 14:36:11,2025-05-03 10:36:11,203 km al S de Puerto Williams,-56.76,-67.77,10.0,2.7,Ml
296205,2025-05-03 14:41:33,2025-05-03 10:41:33,239 km al S de Puerto Williams,-57.08,-67.79,10.0,4.6,Ml
296204,2025-05-03 14:45:36,2025-05-03 10:45:36,57 km al NE de San Pedro de Atacama,-22.471,-67.924,188.0,2.6,Ml
296208,2025-05-03 14:50:29,2025-05-03 10:50:29,199 km al SO de Puerto Williams,-56.65,-68.49,10.0,3.2,Ml
296212,2025-05-03 14:54:32,2025-05-03 10:54:32,239 km al S de Puerto Williams,-57.08,-67.82,10.0,2.8,Ml
296213,2025-05-03 15:07:34,2025-05-03 11:07:34,46 km al SO de Vallenar,-28.905,-71.039,57.0,2.5,Ml
296906,2025-05-03 15:07:53,2025-05-03 11:07:53,215 km al SO de Puerto Williams,-56.81,-68.44,10.0,3.0,Ml
296214,2025-05-03 15:12:34,2025-05-03 11:12:34,207 km al S de Puerto Williams,-56.78,-68.07,10.0,4.2,Ml
296217,2025-05-03 15:14:07,2025-05-03 11:14:07,189 km al SE de Puerto Williams,-56.52,-66.51,10.0,3.0,Ml
296216,2025-05-03 15:36:44,2025-05-03 11:36:44,181 km al S de Puerto Williams,-56.56,-67.82,10.0,3.7,Ml
296221,2025-05-03 15:53:14,2025-05-03 11:53:14,221 km al S de Puerto Williams,-56.91,-67.24,10.0,3.3,Ml
296224,2025-05-03 16:19:51,2025-05-03 12:19:51,44 km al NO de Tongoy,-29.928,-71.757,39.0,3.0,Ml
296240,2025-05-03 16:45:18,2025-05-03 12:45:18,247 km al S de Puerto Williams,-57.142,-68.056,10.0,2.8,Ml
296238,2025-05-03 17:05:12,2025-05-03 13:05:12,135 km al SO de Isla Guamblin,-45.488,-76.54,10.0,3.9,Ml
296243,2025-05-03 17:22:58,2025-05-03 13:22:58,267 km al S de Puerto Williams,-57.29,-66.75,10.0,3.6,Ml
296244,2025-05-03 17:28:13,2025-05-03 13:28:13,203 km al SO de Puerto Williams,-56.62,-68.87,10.0,3.6,Ml
296245,2025-05-03 18:02:42,2025-05-03 14:02:42,227 km al S de Puerto Williams,-56.97,-67.4,10.0,3.1,Ml
296262,2025-05-03 19:05:28,2025-05-03 15:05:28,26 km al E de Colina,-33.104,-70.428,94.0,3.0,Ml
296266,2025-05-03 19:16:43,2025-05-03 15:16:43,56 km al NE de Pica,-20.091,-69.003,106.0,2.6,Ml
296269,2025-05-03 19:44:17,2025-05-03 15:44:17,222 km al S de Puerto Williams,-56.89,-68.34,10.0,3.6,Ml
296275,2025-05-03 20:03:43,2025-05-03 16:03:43,197 km al S de Puerto Williams,-56.68,-68.11,10.0,4.0,Ml
296273,2025-05-03 20:05:35,2025-05-03 16:05:35,68 km al S de Socaire,-24.198,-67.8,240.0,3.4,Ml
296279,2025-05-03 20:35:22,2025-05-03 16:35:22,29 km al S de Camiña,-19.57,-69.448,90.0,3.1,Ml
296285,2025-05-03 21:12:10,2025-05-03 17:12:10,34 km al E de Talca,-35.358,-71.297,83.0,2.6,Ml
296287,2025-05-03 21:13:40,2025-05-03 17:13:40,46 km al E de Caleta El Cobre,-24.325,-70.08,54.0,3.4,Ml
296291,2025-05-03 21:25:42,2025-05-03 17:25:42,221 km al S de Puerto Williams,-56.88,-68.36,10.0,2.8,Ml
296295,2025-05-03 21:35:07,2025-05-03 17:35:07,279 km al SE de Puerto Williams,-57.33,-66.28,10.0,3.1,Ml
296289,2025-05-03 21:37:07,2025-05-03 17:37:07,220 km al S de Puerto Williams,-56.91,-67.32,10.0,3.7,Ml
296293,2025-05-03 21:53:06,2025-05-03 17:53:06,24 km al O de Navidad,-33.924,-72.092,35.0,2.5,Ml
296304,2025-05-03 22:07:46,2025-05-03 18:07:46,222 km al S de Puerto Williams,-56.93,-67.67,10.0,3.5,Ml
296306,2025-05-03 22:18:47,2025-05-03 18:18:47,136 km al S de Puerto Williams,-56.16,-67.72,10.0,3.4,Ml
296315,2025-05-03 22:57:47,2025-05-03 18:57:47,230 km al S de Puerto Williams,-56.98,-68.21,10.0,3.2,Ml
296314,2025-05-03 23:01:17,2025-05-03 19:01:17,51 km al E de Mina Los Pelambres,-31.82,-70.045,123.0,2.5,Ml
296316,2025-05-03 23:02:38,2025-05-03 19:02:38,172 km al S de Puerto Williams,-56.48,-67.81,10.0,3.6,Ml
296325,2025-05-03 23:59:45,2025-05-03 19:59:45,227 km al S de Puerto Williams,-56.97,-67.92,10.0,2.7,Ml
296327,2025-05-04 00:01:38,2025-05-03 20:01:38,241 km al S de Puerto Williams,-57.1,-67.89,10.0,2.8,Ml
296336,2025-05-04 00:33:14,2025-05-03 20:33:14,222 km al S de Puerto Williams,-56.91,-68.15,10.0,2.8,Ml
296335,2025-05-04 00:43:27,2025-05-03 20:43:27,214 km al S de Puerto Williams,-56.84,-68.11,10.0,3.1,Ml
296337,2025-05-04 00:50:42,2025-05-03 20:50:42,266 km al S de Puerto Williams,-57.33,-67.47,10.0,3.2,Ml
296338,2025-05-04 00:52:28,2025-05-03 20:52:28,217 km al S de Puerto Williams,-56.89,-67.65,10.0,3.3,Ml
296339,2025-05-04 01:10:09,2025-05-03 21:10:09,21 km al NE de Sierra Gorda,-22.734,-69.202,98.0,2.8,Ml
296345,2025-05-04 01:14:01,2025-05-03 21:14:01,255 km al S de Puerto Williams,-57.22,-67.35,10.0,4.7,Ml
296349,2025-05-04 01:38:48,2025-05-03 21:38:48,64 km al N de San Pedro de Atacama,-22.376,-68.001,187.0,2.9,Ml
296350,2025-05-04 01:42:31,2025-05-03 21:42:31,104 km al NE de San Pedro de Atacama,-22.132,-67.66,214.0,2.9,Ml
296353,2025-05-04 01:43:55,2025-05-03 21:43:55,281 km al S de Puerto Williams,-57.44,-67.07,10.0,3.6,Ml
296354,2025-05-04 01:53:42,2025-05-03 21:53:42,7 km al E de Tocopilla,-22.118,-70.143,68.0,2.5,Ml
296365,2025-05-04 01:56:14,2025-05-03 21:56:14,257 km al S de Puerto Williams,-57.24,-67.23,10.0,3.0,Ml
296364,2025-05-04 01:57:35,2025-05-03 21:57:35,237 km al S de Puerto Williams,-57.06,-67.29,10.0,3.3,Ml
296356,2025-05-04 01:57:36,2025-05-03 21:57:36,82 km al SE de Socaire,-24.042,-67.254,242.0,3.8,Ml
296362,2025-05-04 02:09:20,2025-05-03 22:09:20,19 km al O de Ovalle,-30.616,-71.397,52.0,2.6,Ml
296366,2025-05-04 02:14:46,2025-05-03 22:14:46,216 km al S de Puerto Williams,-56.88,-67.48,10.0,3.2,Ml
296367,2025-05-04 02:39:07,2025-05-03 22:39:07,279 km al S de Puerto Williams,-57.43,-68.15,10.0,3.2,Ml
296368,2025-05-04 02:53:42,2025-05-03 22:53:42,230 km al S de Puerto Williams,-57.0,-67.57,10.0,2.8,Ml
296385,2025-05-04 02:54:08,2025-05-03 22:54:08,230 km al S de Puerto Williams,-56.999,-67.503,10.0,3.2,Ml
296372,2025-05-04 03:11:00,2025-05-03 23:11:00,230 km al S de Puerto Williams,-57.0,-67.37,10.0,4.7,Ml
296373,2025-05-04 03:21:58,2025-05-03 23:21:58,221 km al S de Puerto Williams,-56.92,-67.68,10.0,3.2,Ml
296374,2025-05-04 03:36:06,2025-05-03 23:36:06,218 km al S de Puerto Williams,-56.89,-67.72,10.0,3.9,Ml
296376,2025-05-04 03:44:46,2025-05-03 23:44:46,30 km al NE de Vichuquén,-34.644,-71.846,44.0,2.8,Ml
296379,2025-05-04 03:44:47,2025-05-03 23:44:47,31 km al S de Ollagüe,-21.502,-68.284,160.0,2.6,Ml
296388,2025-05-04 03:49:29,2025-05-03 23:49:29,302 km al S de Puerto Williams,-57.64,-67.11,10.0,3.4,Ml
296384,2025-05-04 03:57:04,2025-05-03 23:57:04,230 km al S de Puerto Williams,-57.001,-67.58,10.0,3.4,Ml
296387,2025-05-04 04:03:42,2025-05-04 00:03:42,206 km al SO de Puerto Williams,-56.73,-68.45,10.0,3.0,Ml
296386,2025-05-04 04:07:26,2025-05-04 00:07:26,240 km al S de Puerto Williams,-57.09,-67.34,10.0,3.8,Ml
296389,2025-05-04 04:21:58,2025-05-04 00:21:58,247 km al S de Puerto Williams,-57.15,-67.25,10.0,2.6,Ml
296393,2025-05-04 04:38:13,2025-05-04 00:38:13,244 km al S de Puerto Williams,-57.13,-67.77,10.0,5.3,Ml
296408,2025-05-04 04:51:22,2025-05-04 00:51:22,194 km al S de Puerto Williams,-56.66,-68.02,10.0,3.4,Ml
296411,2025-05-04 04:52:19,2025-05-04 00:52:19,254 km al S de Puerto Williams,-57.207,-67.218,10.0,3.6,Ml
296403,2025-05-04 04:53:21,2025-05-04 00:53:21,286 km al S de Puerto Williams,-57.505,-67.611,10.0,5.1,Ml
296395,2025-05-04 04:55:06,2025-05-04 00:55:06,85 km al O de San Antonio de los Cobres,-24.131,-67.147,250.0,4.2,Ml
296416,2025-05-04 05:54:08,2025-05-04 01:54:08,253 km al SO de Puerto Williams,-57.13,-68.65,10.0,2.9,Ml
296418,2025-05-04 05:57:36,2025-05-04 01:57:36,232 km al S de Puerto Williams,-57.02,-67.87,10.0,2.6,Ml
296422,2025-05-04 06:10:57,2025-05-04 02:10:57,267 km al S de Puerto Williams,-57.328,-67.202,10.0,2.6,Ml
296420,2025-05-04 06:14:10,2025-05-04 02:14:10,66 km al N de Carrizal Bajo,-27.502,-71.302,46.0,2.5,Ml
296424,2025-05-04 06:35:03,2025-05-04 02:35:03,250 km al S de Puerto Williams,-57.18,-67.62,10.0,3.4,Ml
296426,2025-05-04 06:49:00,2025-05-04 02:49:00,22 km al SO de Camiña,-19.474,-69.549,86.0,2.5,Ml
296429,2025-05-04 06:54:12,2025-05-04 02:54:12,229 km al S de Puerto Williams,-56.976,-67.142,10.0,3.0,Ml
296438,2025-05-04 07:10:08,2025-05-04 03:10:08,260 km al S de Puerto Williams,-57.27,-67.88,10.0,2.9,Ml
296439,2025-05-04 07:23:41,2025-05-04 03:23:41,248 km al S de Puerto Williams,-57.15,-67.2,10.0,2.7,Ml
296440,2025-05-04 07:26:58,2025-05-04 03:26:58,211 km al S de Puerto Williams,-56.83,-67.88,10.0,4.3,Ml
296443,2025-05-04 07:44:50,2025-05-04 03:44:50,78 km al N de Calama,-21.79,-68.73,124.0,3.5,Ml
296445,2025-05-04 08:04:06,2025-05-04 04:04:06,240 km al S de Puerto Williams,-57.09,-67.61,10.0,2.8,Ml
296446,2025-05-04 08:08:21,2025-05-04 04:08:21,223 km al S de Puerto Williams,-56.94,-67.69,10.0,3.0,Ml
296455,2025-05-04 08:49:51,2025-05-04 04:49:51,242 km al S de Puerto Williams,-57.11,-67.79,10.0,4.0,Ml
296458,2025-05-04 09:11:14,2025-05-04 05:11:14,251 km al S de Puerto Williams,-57.19,-67.47,10.0,2.8,Ml
296462,2025-05-04 09:51:20,2025-05-04 05:51:20,73 km al SO de Ollagüe,-21.712,-68.722,117.0,3.9,Ml
296465,2025-05-04 09:59:05,2025-05-04 05:59:05,226 km al S de Puerto Williams,-56.92,-68.38,10.0,3.6,Ml
296472,2025-05-04 10:24:44,2025-05-04 06:24:44,209 km al S de Puerto Williams,-56.81,-67.87,10.0,2.9,Ml
296476,2025-05-04 10:43:17,2025-05-04 06:43:17,253 km al S de Puerto Williams,-57.2,-67.97,10.0,3.2,Ml
296484,2025-05-04 10:46:26,2025-05-04 06:46:26,250 km al SO de Ushuaia,-56.943,-69.45,10.0,2.9,Ml
296483,2025-05-04 10:51:29,2025-05-04 06:51:29,83 km al SE de Socaire,-24.009,-67.216,249.0,4.1,Ml
296481,2025-05-04 10:52:12,2025-05-04 06:52:12,31 km al N de Pica,-20.232,-69.228,87.0,2.5,Ml
296485,2025-05-04 10:59:13,2025-05-04 06:59:13,238 km al S de Puerto Williams,-57.07,-67.45,10.0,2.8,Ml
296488,2025-05-04 11:12:36,2025-05-04 07:12:36,231 km al S de Puerto Williams,-57.0,-67.25,10.0,4.7,Ml
296495,2025-05-04 11:26:02,2025-05-04 07:26:02,255 km al S de Puerto Williams,-57.22,-67.351,10.0,4.7,Ml
296499,2025-05-04 11:27:04,2025-05-04 07:27:04,224 km al S de Puerto Williams,-56.95,-67.706,10.0,4.8,Ml
296492,2025-05-04 11:32:26,2025-05-04 07:32:26,142 km al O de Valparaíso,-32.847,-73.118,25.0,3.1,Ml
296496,2025-05-04 11:55:47,2025-05-04 07:55:47,59 km al O de El Tabo,-33.47,-72.304,38.0,3.8,Ml
296500,2025-05-04 11:59:17,2025-05-04 07:59:17,256 km al S de Puerto Williams,-57.24,-67.5,10.0,4.4,Ml
296510,2025-05-04 13:30:57,2025-05-04 09:30:57,68 km al SE de Socaire,-24.031,-67.428,242.0,3.5,Ml
296511,2025-05-04 13:34:02,2025-05-04 09:34:02,210 km al SO de Puerto Williams,-56.66,-68.97,10.0,3.0,Ml
296519,2025-05-04 14:13:03,2025-05-04 10:13:03,221 km al S de Puerto Williams,-56.92,-67.77,10.0,2.6,Ml
296514,2025-05-04 14:13:30,2025-05-04 10:13:30,26 km al E de Linares,-35.917,-71.323,110.0,3.4,Ml
296520,2025-05-04 14:18:24,2025-05-04 10:18:24,213 km al SO de Puerto Williams,-56.74,-68.75,10.0,3.5,Ml
296517,2025-05-04 14:25:25,2025-05-04 10:25:25,58 km al O de El Tabo,-33.44,-72.297,35.0,4.3,Ml
296525,2025-05-04 14:59:30,2025-05-04 10:59:30,53 km al NE de Calama,-22.047,-68.703,111.0,4.3,Ml
296537,2025-05-04 15:09:01,2025-05-04 11:09:01,219 km al S de Puerto Williams,-56.9,-67.36,10.0,3.5,Ml
296533,2025-05-04 15:11:49,2025-05-04 11:11:49,41 km al SO de Mina Collahuasi,-21.082,-68.945,111.0,2.6,Ml
296535,2025-05-04 15:22:38,2025-05-04 11:22:38,24 km al SO de Linares,-35.945,-71.837,85.0,2.6,Ml
296539,2025-05-04 15:25:28,2025-05-04 11:25:28,233 km al S de Puerto Williams,-57.03,-67.62,10.0,4.0,Ml
296545,2025-05-04 15:56:10,2025-05-04 11:56:10,56 km al O de El Tabo,-33.448,-72.273,41.0,4.7,Mw
296549,2025-05-04 15:56:37,2025-05-04 11:56:37,237 km al S de Puerto Williams,-57.07,-67.57,10.0,3.9,Ml
296547,2025-05-04 16:07:26,2025-05-04 12:07:26,59 km al O de El Tabo,-33.451,-72.309,36.0,2.6,Ml
296552,2025-05-04 16:17:37,2025-05-04 12:17:37,20 km al SE de Concepción,-36.912,-72.849,46.0,3.0,Ml
296558,2025-05-04 16:42:07,2025-05-04 12:42:07,29 km al NE de Iquique,-19.981,-70.021,49.0,2.8,Ml
296570,2025-05-04 17:10:08,2025-05-04 13:10:08,241 km al S de Puerto Williams,-57.09,-67.16,10.0,2.5,Ml
296564,2025-05-04 17:12:12,2025-05-04 13:12:12,52 km al O de El Tabo,-33.446,-72.23,32.0,3.7,Ml
296567,2025-05-04 17:17:39,2025-05-04 13:17:39,70 km al N de Calama,-21.845,-68.85,113.0,2.8,Ml
296572,2025-05-04 17:55:10,2025-05-04 13:55:10,27 km al SO de Pichilemu,-34.544,-72.234,46.0,3.2,Ml
296591,2025-05-04 19:36:23,2025-05-04 15:36:23,219 km al S de Puerto Williams,-56.89,-68.09,10.0,3.5,Ml
296592,2025-05-04 19:53:33,2025-05-04 15:53:33,219 km al SO de Puerto Williams,-56.83,-68.59,10.0,3.5,Ml
296603,2025-05-04 20:47:03,2025-05-04 16:47:03,80 km al NE de San Pedro de Atacama,-22.31,-67.79,192.0,4.5,Mw
296622,2025-05-04 22:17:49,2025-05-04 18:17:49,54 km al O de Paposo,-25.038,-71.0,15.0,2.7,Ml
296624,2025-05-04 22:22:01,2025-05-04 18:22:01,81 km al E de Monte Patria,-30.794,-70.118,115.0,2.7,Ml
296632,2025-05-04 22:47:30,2025-05-04 18:47:30,21 km al SO de Canela Baja,-31.549,-71.586,31.0,2.5,Ml
296638,2025-05-04 22:54:29,2025-05-04 18:54:29,61 km al O de El Tabo,-33.471,-72.327,30.0,3.3,Ml
296641,2025-05-04 23:01:10,2025-05-04 19:01:10,68 km al SO de Ollagüe,-21.787,-68.524,121.0,2.6,Ml
296653,2025-05-04 23:24:24,2025-05-04 19:24:24,222 km al S de Puerto Williams,-56.91,-68.12,10.0,4.3,Ml
296648,2025-05-04 23:27:41,2025-05-04 19:27:41,56 km al O de El Tabo,-33.424,-72.27,38.0,3.7,Ml
296651,2025-05-04 23:31:04,2025-05-04 19:31:04,7 km al N de Ollagüe,-21.163,-68.277,152.0,3.2,Ml
296654,2025-05-04 23:33:28,2025-05-04 19:33:28,60 km al E de Caleta El Cobre,-24.415,-69.965,46.0,2.5,Ml
296675,2025-05-05 00:38:40,2025-05-04 20:38:40,58 km al SO de Patache,-21.227,-70.536,48.0,2.8,Ml
296681,2025-05-05 01:02:29,2025-05-04 21:02:29,26 km al SE de Talca,-35.54,-71.413,96.0,3.2,Ml
296682,2025-05-05 01:07:26,2025-05-04 21:07:26,29 km al N de Farellones,-33.095,-70.362,104.0,2.7,Ml
296687,2025-05-05 01:40:27,2025-05-04 21:40:27,215 km al S de Puerto Williams,-56.86,-67.98,10.0,3.1,Ml
296689,2025-05-05 02:01:09,2025-05-04 22:01:09,249 km al S de Puerto Williams,-57.17,-67.57,10.0,3.1,Ml
296690,2025-05-05 02:08:09,2025-05-04 22:08:09,242 km al S de Puerto Williams,-57.11,-67.79,10.0,2.5,Ml
296692,2025-05-05 02:17:48,2025-05-04 22:17:48,15 km al SE de Salamanca,-31.891,-70.883,88.0,4.9,Mw
296700,2025-05-05 02:52:20,2025-05-04 22:52:20,243 km al S de Puerto Williams,-57.11,-67.25,10.0,2.6,Ml
296703,2025-05-05 02:56:21,2025-05-04 22:56:21,231 km al S de Puerto Williams,-56.966,-68.385,10.0,2.9,Ml
296704,2025-05-05 02:58:55,2025-05-04 22:58:55,239 km al S de Puerto Williams,-57.076,-67.323,10.0,2.9,Ml
296711,2025-05-05 03:10:42,2025-05-04 23:10:42,209 km al S de Puerto Williams,-56.78,-67.0,10.0,3.4,Ml
296712,2025-05-05 03:11:47,2025-05-04 23:11:47,234 km al S de Puerto Williams,-57.02,-68.05,10.0,3.0,Ml
296709,2025-05-05 03:15:24,2025-05-04 23:15:24,65 km al S de Socaire,-24.17,-67.836,166.0,3.4,Ml
296713,2025-05-05 03:29:53,2025-05-04 23:29:53,269 km al S de Puerto Williams,-57.35,-67.36,10.0,3.0,Ml
296714,2025-05-05 03:45:36,2025-05-04 23:45:36,291 km al SO de Puerto Williams,-57.45,-68.88,10.0,2.8,Ml
296718,2025-05-05 04:30:12,2025-05-05 00:30:12,27 km al NE de Pica,-20.301,-69.175,100.0,2.6,Ml
296722,2025-05-05 04:54:57,2025-05-05 00:54:57,298 km al S de Puerto Williams,-57.61,-67.83,10.0,4.8,Ml
296720,2025-05-05 04:57:12,2025-05-05 00:57:12,76 km al E de Socaire,-23.481,-67.152,249.0,3.2,Ml
296723,2025-05-05 05:03:01,2025-05-05 01:03:01,45 km al S de Caldera,-27.468,-70.874,60.0,2.8,Ml
296726,2025-05-05 05:20:26,2025-05-05 01:20:26,148 km al NO de Constitución,-34.561,-73.731,30.0,2.9,Ml
296729,2025-05-05 05:26:10,2025-05-05 01:26:10,34 km al NE de Paposo,-24.743,-70.302,41.0,2.9,Ml
296733,2025-05-05 05:39:45,2025-05-05 01:39:45,16 km al NO de Calama,-22.401,-69.062,102.0,3.9,Ml
296737,2025-05-05 06:02:30,2025-05-05 02:02:30,44 km al NE de Calama,-22.112,-68.757,106.0,2.6,Ml
296743,2025-05-05 06:20:08,2025-05-05 02:20:08,57 km al O de El Tabo,-33.442,-72.282,23.0,3.8,Ml
296749,2025-05-05 06:37:08,2025-05-05 02:37:08,218 km al S de Puerto Williams,-56.89,-67.74,10.0,2.7,Ml
296752,2025-05-05 07:05:21,2025-05-05 03:05:21,246 km al S de Puerto Williams,-57.14,-67.25,10.0,2.8,Ml
296757,2025-05-05 07:54:14,2025-05-05 03:54:14,46 km al N de Calama,-22.057,-68.925,108.0,2.9,Ml
296759,2025-05-05 08:02:03,2025-05-05 04:02:03,256 km al SO de Puerto Williams,-57.16,-68.67,10.0,3.1,Ml
296765,2025-05-05 08:42:34,2025-05-05 04:42:34,227 km al S de Puerto Williams,-56.976,-67.805,10.0,4.3,Ml
296767,2025-05-05 08:50:02,2025-05-05 04:50:02,238 km al S de Puerto Williams,-57.04,-68.34,10.0,4.7,Ml
296770,2025-05-05 09:09:09,2025-05-05 05:09:09,5 km al NE de Pica,-20.47,-69.286,95.0,2.9,Ml
296776,2025-05-05 09:38:58,2025-05-05 05:38:58,30 km al NO de Vallenar,-28.35,-70.924,55.0,2.9,Ml
296781,2025-05-05 09:46:48,2025-05-05 05:46:48,45 km al SO de Punta de Choros,-29.487,-71.845,48.0,5.0,Mw
296791,2025-05-05 11:49:27,2025-05-05 07:49:27,239 km al S de Puerto Williams,-57.08,-67.64,10.0,2.7,Ml
296792,2025-05-05 11:51:20,2025-05-05 07:51:20,217 km al S de Puerto Williams,-56.87,-67.19,10.0,2.9,Ml
296793,2025-05-05 12:06:21,2025-05-05 08:06:21,92 km al NO de Punta Arenas,-52.48,-71.68,13.0,2.7,Ml
296796,2025-05-05 12:48:35,2025-05-05 08:48:35,244 km al S de Puerto Williams,-57.123,-67.943,10.0,3.1,Ml
296799,2025-05-05 13:29:42,2025-05-05 09:29:42,212 km al S de Puerto Williams,-56.84,-67.6,10.0,3.6,Ml
296806,2025-05-05 14:05:01,2025-05-05 10:05:01,77 km al E de Socaire,-23.523,-67.136,240.0,3.3,Ml
296821,2025-05-05 15:48:10,2025-05-05 11:48:10,35 km al NE de Calama,-22.322,-68.627,123.0,2.5,Ml
296828,2025-05-05 16:58:48,2025-05-05 12:58:48,29 km al E de Pisagua,-19.631,-69.935,65.0,3.8,Ml
296839,2025-05-05 18:05:36,2025-05-05 14:05:36,28 km al O de Ollagüe,-21.175,-68.523,128.0,3.0,Ml
296841,2025-05-05 18:07:46,2025-05-05 14:07:46,15 km al NO de Farellones,-33.232,-70.39,105.0,3.6,Ml
296857,2025-05-05 19:19:34,2025-05-05 15:19:34,36 km al SO de Mina Collahuasi,-21.094,-68.859,116.0,2.9,Ml
296862,2025-05-05 19:47:49,2025-05-05 15:47:49,55 km al SO de Huasco,-28.705,-71.719,35.0,2.5,Ml
296863,2025-05-05 19:56:32,2025-05-05 15:56:32,251 km al S de Puerto Williams,-57.18,-67.94,10.0,3.2,Ml
296864,2025-05-05 20:04:14,2025-05-05 16:04:14,28 km al O de Ollagüe,-21.166,-68.519,129.0,3.0,Ml
296869,2025-05-05 20:54:57,2025-05-05 16:54:57,23 km al S de Alto del Carmen,-28.967,-70.441,110.0,2.8,Ml
296874,2025-05-05 21:11:24,2025-05-05 17:11:24,201 km al S de Puerto Williams,-56.73,-67.25,10.0,3.0,Ml
296880,2025-05-05 22:08:52,2025-05-05 18:08:52,227 km al S de Puerto Williams,-56.93,-68.39,10.0,3.2,Ml
296881,2025-05-05 22:23:30,2025-05-05 18:23:30,229 km al S de Puerto Williams,-56.95,-68.34,10.0,3.7,Ml
296883,2025-05-05 22:43:16,2025-05-05 18:43:16,232 km al S de Puerto Williams,-56.98,-68.34,10.0,3.9,Ml
296884,2025-05-05 22:47:59,2025-05-05 18:47:59,219 km al S de Puerto Williams,-56.87,-68.25,10.0,2.9,Ml
296885,2025-05-05 22:54:18,2025-05-05 18:54:18,240 km al S de Puerto Williams,-57.09,-67.37,10.0,2.7,Ml
296902,2025-05-05 23:53:19,2025-05-05 19:53:19,228 km al S de Puerto Williams,-56.98,-67.4,10.0,3.3,Ml
296898,2025-05-05 23:56:05,2025-05-05 19:56:05,17 km al E de Tocopilla,-22.033,-70.054,75.0,2.8,Ml
296903,2025-05-06 00:02:09,2025-05-05 20:02:09,219 km al SO de Puerto Williams,-56.85,-68.4,10.0,2.5,Ml
296909,2025-05-06 00:55:39,2025-05-05 20:55:39,244 km al S de Puerto Williams,-57.12,-67.29,10.0,2.9,Ml
296907,2025-05-06 00:56:24,2025-05-05 20:56:24,48 km al NO de Caldera,-26.704,-71.076,40.0,2.8,Ml
296918,2025-05-06 02:33:00,2025-05-05 22:33:00,236 km al S de Puerto Williams,-57.06,-67.75,10.0,4.2,Ml
296921,2025-05-06 02:34:15,2025-05-05 22:34:15,205 km al S de Puerto Williams,-56.78,-67.68,10.0,4.2,Ml
296919,2025-05-06 02:36:20,2025-05-05 22:36:20,247 km al S de Puerto Williams,-57.14,-68.1,10.0,3.6,Ml
296922,2025-05-06 02:51:05,2025-05-05 22:51:05,67 km al SE de Socaire,-24.125,-67.589,220.0,2.7,Ml
296924,2025-05-06 03:04:04,2025-05-05 23:04:04,38 km al NO de Quintero,-32.477,-71.728,35.0,2.8,Ml
296926,2025-05-06 03:13:46,2025-05-05 23:13:46,249 km al S de Puerto Williams,-57.14,-68.3,10.0,2.8,Ml
296927,2025-05-06 03:21:47,2025-05-05 23:21:47,228 km al S de Puerto Williams,-56.98,-67.34,10.0,2.8,Ml
296928,2025-05-06 03:33:26,2025-05-05 23:33:26,233 km al S de Puerto Williams,-57.0,-68.24,10.0,4.0,Ml
296931,2025-05-06 03:59:50,2025-05-05 23:59:50,239 km al S de Puerto Williams,-57.08,-67.69,10.0,3.3,Ml
296933,2025-05-06 04:16:26,2025-05-06 00:16:26,231 km al S de Puerto Williams,-56.99,-68.13,10.0,3.7,Ml
296935,2025-05-06 04:18:15,2025-05-06 00:18:15,233 km al S de Puerto Williams,-56.99,-68.32,10.0,3.1,Ml
296936,2025-05-06 04:34:55,2025-05-06 00:34:55,71 km al SE de Socaire,-24.189,-67.638,232.0,2.9,Ml
296937,2025-05-06 04:48:10,2025-05-06 00:48:10,254 km al S de Puerto Williams,-57.21,-67.3,10.0,3.0,Ml
296939,2025-05-06 05:04:57,2025-05-06 01:04:57,57 km al SE de Mina Los Pelambres,-32.247,-70.243,116.0,2.9,Ml
296944,2025-05-06 05:18:45,2025-05-06 01:18:45,251 km al S de Puerto Williams,-57.18,-68.09,10.0,2.8,Ml
296945,2025-05-06 05:30:25,2025-05-06 01:30:25,248 km al S de Puerto Williams,-57.16,-67.34,10.0,3.1,Ml
296948,2025-05-06 06:51:57,2025-05-06 02:51:57,70 km al NE de Calama,-21.946,-68.558,118.0,3.7,Ml
296953,2025-05-06 07:12:17,2025-05-06 03:12:17,39 km al NE de Pica,-20.311,-69.007,102.0,3.4,Ml
296959,2025-05-06 07:43:15,2025-05-06 03:43:15,54 km al O de El Tabo,-33.438,-72.252,12.0,3.3,Ml
296963,2025-05-06 08:28:03,2025-05-06 04:28:03,85 km al SE de Socaire,-24.259,-67.496,203.0,4.2,Ml
296970,2025-05-06 08:50:28,2025-05-06 04:50:28,36 km al SO de Huasco,-28.706,-71.46,63.0,2.5,Ml
296976,2025-05-06 08:53:05,2025-05-06 04:53:05,230 km al S de Puerto Williams,-57.0,-67.34,10.0,3.3,Ml
296982,2025-05-06 10:14:07,2025-05-06 06:14:07,232 km al S de Puerto Williams,-56.97,-66.81,10.0,3.2,Ml
296985,2025-05-06 10:22:46,2025-05-06 06:22:46,269 km al SO de Puerto Williams,-57.28,-68.68,10.0,3.0,Ml
296987,2025-05-06 10:50:58,2025-05-06 06:50:58,233 km al S de Puerto Williams,-57.03,-67.78,10.0,3.2,Ml
296992,2025-05-06 11:01:02,2025-05-06 07:01:02,238 km al S de Puerto Williams,-57.07,-67.78,10.0,2.8,Ml
296990,2025-05-06 11:03:32,2025-05-06 07:03:32,84 km al E de Socaire,-23.846,-67.112,249.0,4.5,Mw
296996,2025-05-06 12:24:18,2025-05-06 08:24:18,49 km al SO de Punta de Choros,-29.484,-71.895,44.0,3.1,Ml
297000,2025-05-06 12:34:40,2025-05-06 08:34:40,44 km al SO de Mina Collahuasi,-21.098,-68.97,110.0,3.4,Ml
297003,2025-05-06 12:38:48,2025-05-06 08:38:48,74 km al O de Navidad,-33.796,-72.613,33.0,2.9,Ml
297019,2025-05-06 16:25:31,2025-05-06 12:25:31,63 km al E de Patache,-21.0,-69.63,67.0,4.5,Mw
297068,2025-05-06 20:17:59,2025-05-06 16:17:59,46 km al NE de Paposo,-24.68,-70.187,43.0,2.8,Ml
297098,2025-05-06 23:29:56,2025-05-06 19:29:56,26 km al NO de Ollagüe,-21.092,-68.46,138.0,2.6,Ml
297104,2025-05-06 23:47:28,2025-05-06 19:47:28,67 km al E de Patache,-21.046,-69.611,87.0,3.4,Ml
297108,2025-05-07 00:01:54,2025-05-06 20:01:54,24 km al NE de Sierra Gorda,-22.761,-69.129,86.0,2.6,Ml
297112,2025-05-07 00:25:48,2025-05-06 20:25:48,28 km al SO de Calama,-22.7,-69.038,112.0,3.4,Ml
297140,2025-05-07 03:38:39,2025-05-06 23:38:39,39 km al S de Pica,-20.825,-69.208,102.0,3.0,Ml
297154,2025-05-07 05:23:41,2025-05-07 01:23:41,37 km al E de Calama,-22.439,-68.572,114.0,3.0,Ml
297163,2025-05-07 06:12:15,2025-05-07 02:12:15,45 km al SO de Mina Collahuasi,-21.162,-68.901,108.0,3.1,Ml
297169,2025-05-07 06:22:45,2025-05-07 02:22:45,73 km al SE de Socaire,-24.086,-67.419,252.0,3.4,Ml
297189,2025-05-07 06:30:20,2025-05-07 02:30:20,37 km al NO de Quillagua,-21.381,-69.724,65.0,2.6,Ml
297177,2025-05-07 06:31:48,2025-05-07 02:31:48,20 km al NE de Camiña,-19.204,-69.28,110.0,3.2,Ml
297220,2025-05-07 10:31:07,2025-05-07 06:31:07,13 km al NE de Pichidangui,-32.033,-71.465,46.0,3.0,Ml
297239,2025-05-07 11:30:22,2025-05-07 07:30:22,31 km al SE de Mina Collahuasi,-21.073,-68.516,134.0,2.8,Ml
297264,2025-05-07 14:20:37,2025-05-07 10:20:37,42 km al O de Mina Collahuasi,-20.811,-69.059,107.0,2.7,Ml
297329,2025-05-07 19:42:51,2025-05-07 15:42:51,64 km al E de Mina La Escondida,-24.281,-68.423,276.0,3.6,Ml
297344,2025-05-07 21:09:24,2025-05-07 17:09:24,22 km al NO de La Serena,-29.731,-71.371,58.0,3.0,Ml
297356,2025-05-07 23:04:51,2025-05-07 19:04:51,39 km al E de Colchane,-19.383,-68.288,218.0,4.3,Mw
297363,2025-05-07 23:46:04,2025-05-07 19:46:04,29 km al S de Pichidangui,-32.386,-71.613,64.0,3.1,Ml
297372,2025-05-08 00:00:58,2025-05-07 20:00:58,127 km al O de Parque Fray Jorge,-31.061,-72.925,10.0,4.1,Ml
297386,2025-05-08 00:36:18,2025-05-07 20:36:18,230 km al S de Puerto Williams,-56.98,-67.06,10.0,4.3,Ml
297380,2025-05-08 00:36:38,2025-05-07 20:36:38,52 km al SO de Ollagüe,-21.613,-68.529,130.0,3.2,Ml
297390,2025-05-08 01:08:11,2025-05-07 21:08:11,75 km al SE de Socaire,-24.133,-67.448,207.0,3.3,Ml
297417,2025-05-08 03:41:26,2025-05-07 23:41:26,30 km al SE de Sierra Gorda,-23.13,-69.188,90.0,4.6,Mw
297422,2025-05-08 04:04:50,2025-05-08 00:04:50,57 km al O de Tongoy,-30.224,-72.082,49.0,2.8,Ml
297424,2025-05-08 04:20:24,2025-05-08 00:20:24,45 km al O de Ollagüe,-21.354,-68.665,103.0,2.7,Ml
297481,2025-05-08 09:35:09,2025-05-08 05:35:09,63 km al SO de Ollagüe,-21.727,-68.54,109.0,2.7,Ml
297492,2025-05-08 10:41:27,2025-05-08 06:41:27,27 km al SO de María Elena,-22.568,-69.757,23.0,2.5,Ml
297510,2025-05-08 11:36:15,2025-05-08 07:36:15,30 km al SO de Ollagüe,-21.468,-68.383,131.0,2.9,Ml
297513,2025-05-08 11:56:13,2025-05-08 07:56:13,97 km al O de San Antonio de los Cobres,-24.339,-67.265,201.0,3.7,Ml
297521,2025-05-08 12:12:36,2025-05-08 08:12:36,29 km al SE de María Elena,-22.564,-69.502,80.0,2.9,Ml
297533,2025-05-08 13:49:03,2025-05-08 09:49:03,19 km al E de Pica,-20.431,-69.161,81.0,2.7,Ml
297548,2025-05-08 14:26:37,2025-05-08 10:26:37,212 km al SO de Puerto Williams,-56.782,-68.441,10.0,4.3,Ml
297543,2025-05-08 14:31:10,2025-05-08 10:31:10,43 km al S de Calama,-22.842,-68.818,88.0,3.5,Ml
297574,2025-05-08 16:17:01,2025-05-08 12:17:01,77 km al S de Socaire,-24.278,-67.989,250.0,4.4,Ml
297613,2025-05-08 20:06:37,2025-05-08 16:06:37,27 km al N de Tocopilla,-21.867,-70.118,70.0,3.0,Ml
297618,2025-05-08 20:55:07,2025-05-08 16:55:07,116 km al SE de Ollagüe,-22.051,-67.569,208.0,3.6,Ml
297625,2025-05-08 21:21:15,2025-05-08 17:21:15,35 km al N de Punta de Choros,-28.931,-71.476,24.0,2.5,Ml
297633,2025-05-08 22:30:50,2025-05-08 18:30:50,30 km al S de Mina Los Pelambres,-32.093,-70.616,115.0,3.2,Ml
297638,2025-05-08 22:43:17,2025-05-08 18:43:17,9 km al N de Antofagasta,-23.571,-70.368,43.0,2.8,Ml
297640,2025-05-08 22:46:24,2025-05-08 18:46:24,38 km al SE de Pica,-20.749,-69.086,106.0,3.7,Ml
297649,2025-05-08 23:18:39,2025-05-08 19:18:39,29 km al S de Copiapó,-27.629,-70.307,76.0,2.7,Ml
297654,2025-05-08 23:53:28,2025-05-08 19:53:28,53 km al N de Pica,-20.024,-69.218,96.0,2.6,Ml
297677,2025-05-09 03:22:51,2025-05-08 23:22:51,33 km al SO de Ollagüe,-21.479,-68.424,132.0,3.7,Ml
297719,2025-05-09 08:20:30,2025-05-09 04:20:30,30 km al O de Navidad,-34.027,-72.146,33.0,2.5,Ml
297723,2025-05-09 08:21:50,2025-05-09 04:21:50,67 km al N de Mina Collahuasi,-20.24,-68.526,137.0,2.6,Ml
297731,2025-05-09 08:47:01,2025-05-09 04:47:01,55 km al N de Pica,-20.016,-69.191,95.0,2.5,Ml
297747,2025-05-09 10:22:04,2025-05-09 06:22:04,48 km al SO de Huasco,-28.734,-71.604,51.0,3.4,Ml
297749,2025-05-09 10:44:43,2025-05-09 06:44:43,14 km al SO de Los Vilos,-31.997,-71.614,23.0,2.6,Ml
297756,2025-05-09 11:21:11,2025-05-09 07:21:11,11 km al SE de Los Vilos,-32.006,-71.468,46.0,2.8,Ml
297785,2025-05-09 14:23:02,2025-05-09 10:23:02,14 km al S de Tocopilla,-22.22,-70.201,38.0,2.5,Ml
297796,2025-05-09 14:42:10,2025-05-09 10:42:10,53 km al SE de Alto del Carmen,-29.092,-70.091,121.0,3.0,Ml
297805,2025-05-09 15:12:18,2025-05-09 11:12:18,36 km al N de Camiña,-18.987,-69.427,102.0,3.2,Ml
297814,2025-05-09 16:25:53,2025-05-09 12:25:53,74 km al SO de Socaire,-24.172,-68.24,263.0,3.2,Ml
297833,2025-05-09 18:11:41,2025-05-09 14:11:41,28 km al N de Carrizal Bajo,-27.841,-71.078,64.0,3.9,Ml
297866,2025-05-09 20:13:25,2025-05-09 16:13:25,46 km al S de Putre,-18.603,-69.507,95.0,2.8,Ml
297888,2025-05-09 22:08:38,2025-05-09 18:08:38,46 km al SO de Mina Collahuasi,-21.139,-68.955,96.0,3.4,Ml
297895,2025-05-09 22:49:07,2025-05-09 18:49:07,41 km al N de Carrizal Bajo,-27.722,-71.087,25.0,2.9,Ml
297925,2025-05-10 02:11:40,2025-05-09 22:11:40,83 km al SE de Socaire,-24.182,-67.397,227.0,4.2,Ml
297971,2025-05-10 04:45:02,2025-05-10 00:45:02,44 km al S de San José de Maipo,-34.028,-70.281,115.0,3.7,Ml
297979,2025-05-10 05:07:14,2025-05-10 01:07:14,29 km al NO de Mina Collahuasi,-20.696,-68.9,104.0,4.0,Ml
297988,2025-05-10 05:54:11,2025-05-10 01:54:11,46 km al O de Navidad,-33.89,-72.329,36.0,3.1,Ml
297994,2025-05-10 06:04:36,2025-05-10 02:04:36,75 km al SO de Termas del Flaco,-35.574,-70.764,22.0,2.7,Ml
298006,2025-05-10 06:40:13,2025-05-10 02:40:13,43 km al O de Navidad,-33.894,-72.291,31.0,2.5,Ml
298010,2025-05-10 06:54:14,2025-05-10 02:54:14,47 km al O de Navidad,-33.881,-72.338,31.0,2.5,Ml
298040,2025-05-10 08:47:40,2025-05-10 04:47:40,60 km al SE de Socaire,-23.938,-67.444,194.0,3.5,Ml
298049,2025-05-10 09:57:10,2025-05-10 05:57:10,71 km al SO de Punta de Choros,-29.65,-72.037,43.0,2.9,Ml
298065,2025-05-10 11:39:12,2025-05-10 07:39:12,33 km al SO de Ollagüe,-21.499,-68.387,128.0,3.5,Ml
298104,2025-05-10 16:13:05,2025-05-10 12:13:05,51 km al SO de Mina Collahuasi,-21.098,-69.052,110.0,3.4,Ml
298106,2025-05-10 16:16:08,2025-05-10 12:16:08,27 km al SO de Baquedano,-23.53,-70.004,57.0,2.6,Ml
298117,2025-05-10 17:30:00,2025-05-10 13:30:00,101 km al O de San Antonio de los Cobres,-24.439,-67.291,193.0,4.2,Ml
298128,2025-05-10 18:21:30,2025-05-10 14:21:30,26 km al NO de Chillán,-36.464,-72.329,64.0,3.1,Ml
298145,2025-05-10 18:49:18,2025-05-10 14:49:18,225 km al S de Puerto Williams,-56.95,-67.91,10.0,2.8,Ml
298149,2025-05-10 19:10:47,2025-05-10 15:10:47,259 km al S de Puerto Williams,-57.26,-67.36,10.0,3.5,Ml
298168,2025-05-10 20:04:27,2025-05-10 16:04:27,247 km al S de Puerto Williams,-57.15,-67.84,10.0,2.7,Ml
298162,2025-05-10 20:13:35,2025-05-10 16:13:35,67 km al N de Mina La Escondida,-23.673,-68.964,106.0,3.1,Ml
298172,2025-05-10 20:34:17,2025-05-10 16:34:17,64 km al NE de Los Andes,-32.539,-70.01,139.0,2.5,Ml
298193,2025-05-10 22:16:03,2025-05-10 18:16:03,240 km al S de Puerto Williams,-57.05,-68.41,10.0,2.7,Ml
298191,2025-05-10 22:18:53,2025-05-10 18:18:53,200 km al S de Puerto Williams,-56.73,-67.51,10.0,3.0,Ml
298207,2025-05-10 23:52:18,2025-05-10 19:52:18,61 km al E de Ollagüe,-21.31,-67.67,201.0,3.1,Ml
298223,2025-05-11 01:53:21,2025-05-10 21:53:21,60 km al SO de Arica,-18.733,-70.823,26.0,2.6,Ml
298254,2025-05-11 05:07:17,2025-05-11 01:07:17,67 km al SO de Mina La Escondida,-24.698,-69.519,87.0,2.6,Ml
298258,2025-05-11 05:11:37,2025-05-11 01:11:37,177 km al S de Puerto Williams,-56.53,-67.64,10.0,3.4,Ml
298263,2025-05-11 05:29:36,2025-05-11 01:29:36,216 km al S de Puerto Williams,-56.83,-68.33,10.0,3.3,Ml
298282,2025-05-11 06:28:13,2025-05-11 02:28:13,226 km al S de Puerto Williams,-56.97,-67.59,10.0,2.7,Ml
298280,2025-05-11 06:43:27,2025-05-11 02:43:27,25 km al SE de San Antonio,-33.774,-71.471,59.0,4.3,Ml
298284,2025-05-11 06:45:30,2025-05-11 02:45:30,60 km al SE de Socaire,-23.955,-67.451,228.0,3.4,Ml
298286,2025-05-11 07:08:51,2025-05-11 03:08:51,47 km al SO de Mina Collahuasi,-21.107,-68.998,114.0,2.9,Ml
298317,2025-05-11 09:34:22,2025-05-11 05:34:22,31 km al SE de Pica,-20.736,-69.18,108.0,2.9,Ml
298323,2025-05-11 09:46:53,2025-05-11 05:46:53,85 km al SE de Socaire,-24.271,-67.501,198.0,4.3,Ml
298328,2025-05-11 09:59:27,2025-05-11 05:59:27,44 km al SE de Pica,-20.819,-69.088,107.0,2.7,Ml
298339,2025-05-11 10:55:54,2025-05-11 06:55:54,46 km al S de Ollagüe,-21.614,-68.398,147.0,3.1,Ml
298340,2025-05-11 11:07:38,2025-05-11 07:07:38,260 km al S de Puerto Williams,-57.27,-67.46,10.0,2.6,Ml
298352,2025-05-11 11:53:31,2025-05-11 07:53:31,230 km al SO de Puerto Williams,-56.9,-68.74,10.0,3.7,Ml
298360,2025-05-11 13:18:21,2025-05-11 09:18:21,50 km al E de Pica,-20.362,-68.871,108.0,2.5,Ml
298379,2025-05-11 14:21:07,2025-05-11 10:21:07,37 km al O de Visviri,-17.582,-69.827,185.0,2.9,Ml
298383,2025-05-11 14:39:00,2025-05-11 10:39:00,42 km al SO de Mina Collahuasi,-21.075,-68.963,110.0,2.7,Ml
298387,2025-05-11 14:46:38,2025-05-11 10:46:38,38 km al NE de Calama,-22.235,-68.66,106.0,2.5,Ml
298402,2025-05-11 15:36:01,2025-05-11 11:36:01,85 km al O de San Antonio de los Cobres,-24.176,-67.154,212.0,2.6,Ml
298407,2025-05-11 16:02:52,2025-05-11 12:02:52,231 km al S de Puerto Williams,-56.99,-67.04,10.0,3.6,Ml
298410,2025-05-11 16:14:44,2025-05-11 12:14:44,59 km al S de Socaire,-24.113,-67.81,270.0,3.8,Ml
298422,2025-05-11 16:56:31,2025-05-11 12:56:31,245 km al S de Puerto Williams,-57.13,-68.0,10.0,3.8,Ml
298435,2025-05-11 18:35:26,2025-05-11 14:35:26,34 km al SO de Mejillones,-23.349,-70.646,23.0,3.0,Ml
298445,2025-05-11 19:11:27,2025-05-11 15:11:27,218 km al S de Puerto Williams,-56.89,-67.46,10.0,2.7,Ml
298452,2025-05-11 19:29:41,2025-05-11 15:29:41,68 km al N de Pica,-19.912,-69.126,115.0,2.5,Ml
298458,2025-05-11 19:46:26,2025-05-11 15:46:26,27 km al SO de Pichidangui,-32.266,-71.772,30.0,2.7,Ml
298484,2025-05-11 19:47:33,2025-05-11 15:47:33,48 km al O de Navidad,-34.025,-72.345,19.0,2.5,Ml
298486,2025-05-11 21:08:29,2025-05-11 17:08:29,27 km al SO de Ollagüe,-21.385,-68.454,131.0,3.0,Ml
298522,2025-05-12 00:50:59,2025-05-11 20:50:59,75 km al SE de Socaire,-24.123,-67.437,254.0,3.2,Ml
298526,2025-05-12 00:57:12,2025-05-11 20:57:12,228 km al S de Puerto Williams,-56.97,-67.22,10.0,3.0,Ml
298530,2025-05-12 01:47:41,2025-05-11 21:47:41,34 km al SO de Ollagüe,-21.471,-68.443,132.0,2.6,Ml
298536,2025-05-12 02:38:29,2025-05-11 22:38:29,43 km al E de Carrizal Bajo,-27.934,-70.744,50.0,3.2,Ml
298543,2025-05-12 03:25:42,2025-05-11 23:25:42,25 km al SE de Cobquecura,-36.342,-72.695,55.0,2.8,Ml
298546,2025-05-12 03:35:46,2025-05-11 23:35:46,212 km al S de Puerto Williams,-56.84,-67.73,10.0,3.0,Ml
298566,2025-05-12 06:16:46,2025-05-12 02:16:46,76 km al SO de Ollagüe,-21.814,-68.627,117.0,2.6,Ml
298575,2025-05-12 06:53:40,2025-05-12 02:53:40,39 km al SO de Mina Collahuasi,-21.102,-68.893,109.0,2.8,Ml
298581,2025-05-12 07:17:51,2025-05-12 03:17:51,210 km al S de Puerto Williams,-56.8,-68.17,10.0,2.8,Ml
298585,2025-05-12 07:30:59,2025-05-12 03:30:59,94 km al NE de San Pedro de Atacama,-22.135,-67.867,219.0,2.5,Ml
298588,2025-05-12 07:34:34,2025-05-12 03:34:34,16 km al NE de Chañaral,-26.239,-70.515,76.0,2.9,Ml
298597,2025-05-12 08:36:58,2025-05-12 04:36:58,37 km al N de Rancagua,-33.847,-70.836,91.0,2.6,Ml
298601,2025-05-12 08:40:01,2025-05-12 04:40:01,17 km al S de La Higuera,-29.664,-71.178,52.0,3.0,Ml
298604,2025-05-12 08:49:36,2025-05-12 04:49:36,60 km al S de Socaire,-24.117,-67.78,235.0,2.8,Ml
298608,2025-05-12 09:12:13,2025-05-12 05:12:13,56 km al E de Mina Los Pelambres,-31.838,-69.997,129.0,2.9,Ml
298610,2025-05-12 09:15:54,2025-05-12 05:15:54,47 km al E de Quillagua,-21.508,-69.11,93.0,3.9,Ml
298627,2025-05-12 09:44:38,2025-05-12 05:44:38,108 km al NE de San Pedro de Atacama,-22.103,-67.635,193.0,2.9,Ml
298641,2025-05-12 10:51:20,2025-05-12 06:51:20,8 km al O de Ollagüe,-21.231,-68.329,149.0,2.5,Ml
298652,2025-05-12 12:44:31,2025-05-12 08:44:31,33 km al O de Toltén,-39.079,-73.53,40.0,3.1,Ml
298655,2025-05-12 13:06:50,2025-05-12 09:06:50,28 km al O de Carrizal Bajo,-28.077,-71.438,34.0,2.7,Ml
298661,2025-05-12 13:28:09,2025-05-12 09:28:09,27 km al S de Punta de Choros,-29.488,-71.523,46.0,3.7,Ml
298675,2025-05-12 14:57:51,2025-05-12 10:57:51,22 km al SE de Putre,-18.366,-69.455,142.0,4.9,Mw
298696,2025-05-12 14:59:35,2025-05-12 10:59:35,264 km al S de Puerto Williams,-57.307,-67.53,10.0,3.6,Ml
298701,2025-05-12 15:01:15,2025-05-12 11:01:15,285 km al S de Puerto Williams,-57.497,-67.415,10.0,2.9,Ml
298679,2025-05-12 15:03:56,2025-05-12 11:03:56,29 km al NO de Los Andes,-32.696,-70.856,86.0,2.8,Ml
298700,2025-05-12 15:09:47,2025-05-12 11:09:47,269 km al S de Puerto Williams,-57.35,-67.55,10.0,2.6,Ml
298680,2025-05-12 15:13:35,2025-05-12 11:13:35,66 km al N de Mina Collahuasi,-20.237,-68.745,132.0,3.0,Ml
298697,2025-05-12 15:14:44,2025-05-12 11:14:44,206 km al SO de Puerto Williams,-56.737,-68.386,10.0,2.9,Ml
298699,2025-05-12 16:10:00,2025-05-12 12:10:00,48 km al NE de Pica,-20.128,-69.084,98.0,3.2,Ml
298715,2025-05-12 16:56:00,2025-05-12 12:56:00,43 km al NO de Parque Fray Jorge,-30.482,-72.078,39.0,2.9,Ml
298719,2025-05-12 17:07:57,2025-05-12 13:07:57,30 km al S de San Fernando,-34.842,-70.885,93.0,2.5,Ml
298729,2025-05-12 17:33:20,2025-05-12 13:33:20,36 km al NO de Navidad,-33.763,-72.15,8.0,3.9,Ml
298738,2025-05-12 17:59:51,2025-05-12 13:59:51,39 km al O de San José de Maipo,-33.791,-70.731,105.0,3.6,Ml
298758,2025-05-12 18:46:32,2025-05-12 14:46:32,163 km al NO de Constitución,-34.454,-73.837,26.0,3.0,Ml
298768,2025-05-12 19:27:29,2025-05-12 15:27:29,96 km al O de Punta de Choros,-29.35,-72.452,26.0,2.6,Ml
298801,2025-05-12 21:30:51,2025-05-12 17:30:51,83 km al SE de Socaire,-23.979,-67.189,236.0,4.4,Ml
298813,2025-05-12 22:18:14,2025-05-12 18:18:14,252 km al S de Puerto Williams,-57.2,-67.47,10.0,3.3,Ml
298810,2025-05-12 22:18:36,2025-05-12 18:18:36,94 km al NE de San Pedro de Atacama,-22.374,-67.507,237.0,3.3,Ml
298816,2025-05-12 22:44:40,2025-05-12 18:44:40,79 km al E de San Pedro de Atacama,-22.986,-67.432,203.0,3.4,Ml
298817,2025-05-12 22:48:56,2025-05-12 18:48:56,25 km al SO de Mina Collahuasi,-20.947,-68.859,104.0,2.8,Ml
298819,2025-05-12 22:50:48,2025-05-12 18:50:48,13 km al NO de Alto del Carmen,-28.683,-70.587,86.0,2.5,Ml
298822,2025-05-12 23:00:11,2025-05-12 19:00:11,27 km al SE de Calama,-22.619,-68.718,100.0,3.1,Ml
298826,2025-05-12 23:08:02,2025-05-12 19:08:02,22 km al O de La Ligua,-32.525,-71.446,78.0,3.8,Ml
298833,2025-05-12 23:36:49,2025-05-12 19:36:49,32 km al NE de Calama,-22.244,-68.73,118.0,2.6,Ml
298839,2025-05-13 00:26:25,2025-05-12 20:26:25,229 km al S de Puerto Williams,-56.99,-67.43,10.0,3.0,Ml
298850,2025-05-13 00:47:58,2025-05-12 20:47:58,55 km al NE de Puerto Natales,-51.25,-72.28,28.0,5.3,Mww
298848,2025-05-13 00:50:33,2025-05-12 20:50:33,74 km al S de Ilo,-18.296,-71.22,36.0,2.8,Ml
298852,2025-05-13 00:54:37,2025-05-12 20:54:37,30 km al SE de San Pedro de Atacama,-23.054,-67.94,165.0,3.6,Ml
298856,2025-05-13 01:15:15,2025-05-12 21:15:15,53 km al NE de Puerto Natales,-51.34,-72.06,13.0,2.9,Ml
298859,2025-05-13 01:40:08,2025-05-12 21:40:08,51 km al NE de Puerto Natales,-51.36,-72.06,10.0,2.5,Ml
298860,2025-05-13 02:03:17,2025-05-12 22:03:17,225 km al SO de Puerto Williams,-56.89,-68.51,10.0,2.8,Ml
298861,2025-05-13 02:19:57,2025-05-12 22:19:57,44 km al NE de Puerto Natales,-51.42,-72.1,15.0,3.9,Ml
298863,2025-05-13 02:34:40,2025-05-12 22:34:40,50 km al NE de Puerto Natales,-51.38,-72.04,9.0,2.5,Ml
298864,2025-05-13 02:50:04,2025-05-12 22:50:04,51 km al NE de Puerto Natales,-51.35,-72.09,10.0,3.0,Ml
298866,2025-05-13 02:57:28,2025-05-12 22:57:28,41 km al NE de Puerto Natales,-51.44,-72.13,10.0,3.3,Ml
298873,2025-05-13 03:42:59,2025-05-12 23:42:59,218 km al SO de Puerto Williams,-56.8,-68.69,10.0,3.3,Ml
298876,2025-05-13 03:50:49,2025-05-12 23:50:49,41 km al SE de Futrono,-40.446,-72.137,114.0,2.7,Ml
298896,2025-05-13 05:28:05,2025-05-13 01:28:05,61 km al SO de San Pedro de Atacama,-23.389,-68.504,105.0,2.6,Ml
298897,2025-05-13 05:33:31,2025-05-13 01:33:31,73 km al O de Mina La Escondida,-24.467,-69.739,70.0,2.7,Ml
298899,2025-05-13 05:39:58,2025-05-13 01:39:58,134 km al O de Constitución,-35.138,-73.869,20.0,2.7,Ml
298902,2025-05-13 05:46:22,2025-05-13 01:46:22,12 km al N de Camiña,-19.211,-69.457,99.0,2.6,Ml
298905,2025-05-13 05:47:22,2025-05-13 01:47:22,45 km al NE de Puerto Natales,-51.368,-72.199,19.0,2.7,Ml
298910,2025-05-13 06:30:03,2025-05-13 02:30:03,39 km al NO de Visviri,-17.325,-69.719,174.0,3.0,Ml
298913,2025-05-13 06:35:58,2025-05-13 02:35:58,260 km al S de Puerto Williams,-57.27,-67.87,10.0,3.2,Ml
298953,2025-05-13 09:12:15,2025-05-13 05:12:15,21 km al SE de Calama,-22.598,-68.783,116.0,2.7,Ml
298966,2025-05-13 10:44:25,2025-05-13 06:44:25,89 km al E de Socaire,-23.733,-67.034,214.0,2.6,Ml
298975,2025-05-13 11:29:42,2025-05-13 07:29:42,48 km al SE de Mina Los Pelambres,-32.187,-70.31,125.0,3.2,Ml
298992,2025-05-13 13:51:27,2025-05-13 09:51:27,87 km al NE de Socaire,-23.053,-67.269,235.0,3.0,Ml
299037,2025-05-13 14:46:48,2025-05-13 10:46:48,247 km al S de Puerto Williams,-57.1,-68.5,10.0,3.0,Ml
299039,2025-05-13 15:18:16,2025-05-13 11:18:16,232 km al S de Puerto Williams,-57.024,-67.755,10.0,3.0,M
299027,2025-05-13 17:24:52,2025-05-13 13:24:52,65 km al NE de Alto del Carmen,-28.264,-70.124,110.0,2.8,Ml
299040,2025-05-13 17:59:48,2025-05-13 13:59:48,43 km al N de Puerto Natales,-51.347,-72.545,14.0,2.5,Ml
299045,2025-05-13 19:01:54,2025-05-13 15:01:54,87 km al SE de Socaire,-24.316,-67.583,234.0,3.0,Ml
299054,2025-05-13 19:24:36,2025-05-13 15:24:36,23 km al N de Rancagua,-33.962,-70.725,103.0,3.0,Ml
299073,2025-05-13 20:04:06,2025-05-13 16:04:06,56 km al NE de Puerto Natales,-51.281,-72.134,12.0,3.0,Ml
299070,2025-05-13 20:07:22,2025-05-13 16:07:22,128 km al O de Tocopilla,-22.345,-71.413,13.0,2.9,Ml
299080,2025-05-13 20:33:53,2025-05-13 16:33:53,26 km al NO de Huasco,-28.264,-71.352,28.0,2.5,Ml
299081,2025-05-13 20:43:35,2025-05-13 16:43:35,80 km al NO de San Antonio de los Cobres,-23.843,-66.983,215.0,2.5,Ml
299086,2025-05-13 20:57:25,2025-05-13 16:57:25,154 km al O de Lebu,-38.192,-75.25,32.0,3.5,Ml
299113,2025-05-13 22:19:30,2025-05-13 18:19:30,89 km al SE de Socaire,-24.219,-67.344,196.0,3.0,Ml
299122,2025-05-14 00:19:01,2025-05-13 20:19:01,48 km al NE de Puerto Natales,-51.372,-72.11,10.0,3.6,Ml
299124,2025-05-14 00:24:23,2025-05-13 20:24:23,194 km al S de Puerto Williams,-56.67,-67.97,10.0,3.6,Ml
299134,2025-05-14 01:03:38,2025-05-13 21:03:38,14 km al SO de Punitaqui,-30.932,-71.344,56.0,3.0,Ml
299139,2025-05-14 01:41:41,2025-05-13 21:41:41,251 km al S de Puerto Williams,-57.19,-67.31,10.0,3.2,Ml
299148,2025-05-14 03:14:09,2025-05-13 23:14:09,25 km al N de Camiña,-19.093,-69.473,96.0,2.6,Ml
299150,2025-05-14 03:19:31,2025-05-13 23:19:31,18 km al O de Parque Fray Jorge,-30.63,-71.871,52.0,3.0,Ml
299163,2025-05-14 04:18:57,2025-05-14 00:18:57,25 km al E de Ollagüe,-21.216,-68.016,179.0,3.1,Ml
299173,2025-05-14 04:36:35,2025-05-14 00:36:35,34 km al N de Calama,-22.169,-68.868,122.0,3.2,Ml
299175,2025-05-14 04:52:35,2025-05-14 00:52:35,41 km al NE de Isla Guafo,-43.352,-74.323,6.0,2.5,Ml
299177,2025-05-14 05:35:23,2025-05-14 01:35:23,101 km al E de Socaire,-23.415,-66.922,213.0,3.1,Ml
299182,2025-05-14 06:26:27,2025-05-14 02:26:27,25 km al E de La Serena,-29.816,-71.015,69.0,2.7,Ml
299185,2025-05-14 06:30:42,2025-05-14 02:30:42,83 km al SE de Socaire,-23.988,-67.198,240.0,3.5,Ml
299191,2025-05-14 07:14:48,2025-05-14 03:14:48,41 km al O de Parque Fray Jorge,-30.569,-72.102,32.0,3.4,Ml
299193,2025-05-14 07:20:12,2025-05-14 03:20:12,43 km al SO de Ollagüe,-21.467,-68.576,136.0,3.1,Ml
299195,2025-05-14 07:24:57,2025-05-14 03:24:57,89 km al SE de Socaire,-24.229,-67.364,217.0,3.9,Ml
299228,2025-05-14 12:39:40,2025-05-14 08:39:40,40 km al O de Ollagüe,-21.228,-68.64,122.0,2.8,Ml
299234,2025-05-14 13:00:02,2025-05-14 09:00:02,35 km al SO de Mina Collahuasi,-20.98,-68.951,103.0,2.7,Ml
299286,2025-05-14 21:50:15,2025-05-14 17:50:15,77 km al SO de Ollagüe,-21.862,-68.555,121.0,2.6,Ml
299289,2025-05-14 22:27:06,2025-05-14 18:27:06,31 km al N de Tocopilla,-21.824,-70.115,69.0,2.6,Ml
299295,2025-05-14 23:18:18,2025-05-14 19:18:18,8 km al SE de Calama,-22.524,-68.874,98.0,3.0,Ml
299300,2025-05-15 01:50:58,2025-05-14 21:50:58,79 km al E de Copiapó,-27.597,-69.572,104.0,3.2,Ml
299304,2025-05-15 01:59:10,2025-05-14 21:59:10,55 km al SO de María Elena,-22.765,-69.952,26.0,3.8,Ml
299308,2025-05-15 02:49:22,2025-05-14 22:49:22,40 km al SO de Ollagüe,-21.522,-68.465,132.0,3.2,Ml
299326,2025-05-15 06:09:40,2025-05-15 02:09:40,54 km al SO de Constitución,-35.65,-72.857,23.0,3.4,Ml
299328,2025-05-15 06:18:11,2025-05-15 02:18:11,87 km al O de San Antonio de los Cobres,-24.327,-67.169,219.0,3.4,Ml
299329,2025-05-15 07:00:47,2025-05-15 03:00:47,109 km al O de Isla Guamblin,-45.296,-76.322,23.0,2.9,Ml
299338,2025-05-15 09:46:44,2025-05-15 05:46:44,42 km al O de La Serena,-29.872,-71.684,39.0,2.6,Ml
299339,2025-05-15 09:52:34,2025-05-15 05:52:34,61 km al NE de Socaire,-23.158,-67.525,270.0,3.4,Ml
299348,2025-05-15 11:50:18,2025-05-15 07:50:18,5 km al NE de Cobquecura,-36.108,-72.749,45.0,2.6,Ml
299349,2025-05-15 12:49:44,2025-05-15 08:49:44,18 km al O de Ollagüe,-21.286,-68.412,126.0,3.0,Ml
299372,2025-05-15 17:36:08,2025-05-15 13:36:08,16 km al SE de Parque Fray Jorge,-30.769,-71.578,68.0,2.5,Ml
299381,2025-05-15 18:45:05,2025-05-15 14:45:05,14 km al SO de Tocopilla,-22.2,-70.282,33.0,2.8,Ml
299394,2025-05-15 20:09:17,2025-05-15 16:09:17,49 km al S de Mina Collahuasi,-21.259,-68.77,112.0,3.1,Ml
299397,2025-05-15 20:24:07,2025-05-15 16:24:07,53 km al SO de Mina Collahuasi,-21.139,-69.049,99.0,3.0,Ml
299401,2025-05-15 20:46:36,2025-05-15 16:46:36,88 km al NO de San Antonio de los Cobres,-23.827,-67.062,213.0,4.0,Ml
299420,2025-05-15 23:28:47,2025-05-15 19:28:47,30 km al S de Ollagüe,-21.497,-68.251,142.0,2.5,Ml
299434,2025-05-16 01:57:24,2025-05-15 21:57:24,44 km al S de Tocopilla,-22.487,-70.133,42.0,3.4,Ml
299449,2025-05-16 05:06:45,2025-05-16 01:06:45,10 km al NE de Huasco,-28.388,-71.173,43.0,2.6,Ml
299454,2025-05-16 06:03:21,2025-05-16 02:03:21,38 km al S de Mina Collahuasi,-21.159,-68.722,118.0,3.0,Ml
299463,2025-05-16 06:44:53,2025-05-16 02:44:53,59 km al SO de Ollagüe,-21.703,-68.494,113.0,2.5,Ml
299464,2025-05-16 07:10:23,2025-05-16 03:10:23,47 km al NO de Mina La Escondida,-24.053,-69.452,80.0,2.7,Ml
299472,2025-05-16 07:52:09,2025-05-16 03:52:09,55 km al SE de Sierra Gorda,-23.137,-68.859,106.0,3.5,Ml
299475,2025-05-16 08:00:43,2025-05-16 04:00:43,36 km al O de Ollagüe,-21.249,-68.6,114.0,3.1,Ml
299496,2025-05-16 13:26:02,2025-05-16 09:26:02,65 km al SO de Ollagüe,-21.693,-68.631,121.0,2.8,Ml
299501,2025-05-16 15:41:48,2025-05-16 11:41:48,56 km al O de Ollagüe,-21.364,-68.77,118.0,3.0,Ml
299518,2025-05-16 18:20:44,2025-05-16 14:20:44,34 km al S de Mina Collahuasi,-21.126,-68.586,135.0,2.7,Ml
299526,2025-05-16 19:07:59,2025-05-16 15:07:59,93 km al SE de Socaire,-24.264,-67.343,211.0,4.1,Ml
299545,2025-05-16 21:26:29,2025-05-16 17:26:29,214 km al S de Puerto Williams,-56.86,-67.52,10.0,3.4,Ml
299552,2025-05-16 22:15:58,2025-05-16 18:15:58,26 km al SO de Mina La Escondida,-24.48,-69.161,108.0,2.7,Ml
299554,2025-05-16 22:37:34,2025-05-16 18:37:34,59 km al N de Pica,-19.983,-69.162,114.0,2.6,Ml
299581,2025-05-17 05:40:31,2025-05-17 01:40:31,45 km al NE de Puerto Natales,-51.36,-72.227,17.0,3.7,M
299584,2025-05-17 06:11:38,2025-05-17 02:11:38,46 km al NE de Puerto Natales,-51.373,-72.167,14.0,4.0,M
299599,2025-05-17 09:45:07,2025-05-17 05:45:07,121 km al NO de Bahía Mansa,-40.05,-74.969,28.0,3.8,Ml
299622,2025-05-17 13:52:58,2025-05-17 09:52:58,26 km al NE de Pica,-20.284,-69.215,89.0,2.5,Ml
299630,2025-05-17 15:46:12,2025-05-17 11:46:12,7 km al N de Cabrero,-36.969,-72.406,61.0,3.9,Ml
299636,2025-05-17 16:37:00,2025-05-17 12:37:00,50 km al O de Parque Fray Jorge,-30.475,-72.163,36.0,2.8,Ml
299638,2025-05-17 16:38:19,2025-05-17 12:38:19,45 km al NO de Parque Fray Jorge,-30.443,-72.074,32.0,3.6,Ml
299648,2025-05-17 18:20:56,2025-05-17 14:20:56,21 km al N de Vallenar,-28.396,-70.693,66.0,3.0,Ml
299651,2025-05-17 18:36:53,2025-05-17 14:36:53,30 km al NE de Calama,-22.337,-68.678,100.0,2.5,Ml
299656,2025-05-17 19:57:07,2025-05-17 15:57:07,32 km al O de Mina Collahuasi,-20.942,-68.945,97.0,2.9,Ml
299675,2025-05-17 22:22:41,2025-05-17 18:22:41,31 km al S de Mina Collahuasi,-21.095,-68.566,126.0,2.8,Ml
299684,2025-05-18 01:07:02,2025-05-17 21:07:02,45 km al S de Calama,-22.87,-68.845,85.0,3.2,Ml
299688,2025-05-18 01:40:26,2025-05-17 21:40:26,98 km al S de Ilo,-18.523,-71.455,27.0,3.5,Ml
299692,2025-05-18 03:24:04,2025-05-17 23:24:04,31 km al O de Mina Collahuasi,-20.907,-68.948,103.0,4.0,Ml
299706,2025-05-18 07:22:10,2025-05-18 03:22:10,53 km al S de Camiña,-19.777,-69.543,105.0,2.9,Ml
299722,2025-05-18 11:38:01,2025-05-18 07:38:01,26 km al E de Talca,-35.497,-71.393,92.0,2.7,Ml
299736,2025-05-18 14:09:54,2025-05-18 10:09:54,24 km al SO de Mina Collahuasi,-20.942,-68.856,99.0,3.0,Ml
299738,2025-05-18 15:01:43,2025-05-18 11:01:43,71 km al NE de Pica,-20.002,-68.898,105.0,2.6,Ml
299740,2025-05-18 15:04:57,2025-05-18 11:04:57,27 km al NO de Ollagüe,-21.034,-68.415,135.0,2.8,Ml
299741,2025-05-18 15:08:30,2025-05-18 11:08:30,48 km al N de Pica,-20.059,-69.318,80.0,2.5,Ml
299744,2025-05-18 15:57:05,2025-05-18 11:57:05,72 km al S de Ollagüe,-21.838,-68.47,126.0,3.0,Ml
299751,2025-05-18 17:09:38,2025-05-18 13:09:38,48 km al S de Pica,-20.92,-69.252,104.0,2.5,Ml
299756,2025-05-18 17:23:27,2025-05-18 13:23:27,69 km al O de Tirúa,-38.084,-74.209,3.0,3.3,Ml
299761,2025-05-18 17:59:18,2025-05-18 13:59:18,60 km al NE de Socaire,-23.209,-67.474,284.0,3.4,Ml
299767,2025-05-18 18:20:21,2025-05-18 14:20:21,32 km al E de Vichuquén,-34.787,-71.669,43.0,3.9,Ml
299778,2025-05-18 19:33:11,2025-05-18 15:33:11,58 km al O de El Tabo,-33.307,-72.263,34.0,2.8,Ml
299783,2025-05-18 20:32:37,2025-05-18 16:32:37,69 km al N de Calama,-21.872,-68.758,123.0,3.1,Ml
299802,2025-05-18 23:24:13,2025-05-18 19:24:13,30 km al NE de Mina Los Pelambres,-31.626,-70.376,138.0,3.5,Ml
299805,2025-05-18 23:58:00,2025-05-18 19:58:00,88 km al S de Ilo,-18.431,-71.416,22.0,3.7,Ml
299811,2025-05-19 02:06:11,2025-05-18 22:06:11,36 km al SO de Taltal,-25.599,-70.779,39.0,2.5,Ml
299816,2025-05-19 02:54:03,2025-05-18 22:54:03,45 km al SO de Mina Collahuasi,-21.013,-69.037,104.0,2.5,Ml
299845,2025-05-19 06:38:37,2025-05-19 02:38:37,72 km al NE de Calama,-21.917,-68.56,119.0,2.9,Ml
299849,2025-05-19 07:11:39,2025-05-19 03:11:39,72 km al O de Arica,-18.448,-71.0,26.0,3.1,Ml
299854,2025-05-19 08:35:30,2025-05-19 04:35:30,85 km al S de Ilo,-18.411,-71.36,15.0,2.7,Ml
299866,2025-05-19 10:22:59,2025-05-19 06:22:59,101 km al SE de Ollagüe,-21.943,-67.651,225.0,2.7,Ml
299868,2025-05-19 10:47:20,2025-05-19 06:47:20,20 km al O de La Ligua,-32.388,-71.432,45.0,3.0,Ml
299872,2025-05-19 11:09:47,2025-05-19 07:09:47,47 km al O de Parque Fray Jorge,-30.508,-72.137,34.0,3.2,Ml
299874,2025-05-19 11:17:09,2025-05-19 07:17:09,28 km al E de Tacna,-18.045,-69.985,118.0,3.9,Ml
299878,2025-05-19 11:24:10,2025-05-19 07:24:10,51 km al SO de Mina Collahuasi,-21.182,-68.967,112.0,3.4,Ml
299879,2025-05-19 11:28:22,2025-05-19 07:28:22,77 km al SE de Socaire,-24.207,-67.556,212.0,2.7,Ml
299887,2025-05-19 11:53:24,2025-05-19 07:53:24,31 km al SE de Sierra Gorda,-23.058,-69.074,106.0,2.7,Ml
299897,2025-05-19 13:26:38,2025-05-19 09:26:38,43 km al O de San Pedro de Atacama,-22.991,-68.614,132.0,3.0,Ml
299904,2025-05-19 14:54:20,2025-05-19 10:54:20,15 km al NE de Copiapó,-27.298,-70.205,67.0,2.7,Ml
299914,2025-05-19 16:28:07,2025-05-19 12:28:07,39 km al E de Lebu,-37.766,-73.263,65.0,4.0,Ml
299917,2025-05-19 16:31:47,2025-05-19 12:31:47,41 km al O de Angol,-37.826,-73.179,45.0,3.6,Ml
299919,2025-05-19 16:46:17,2025-05-19 12:46:17,53 km al SO de Pichidangui,-32.442,-71.958,20.0,3.1,Ml
299922,2025-05-19 16:47:11,2025-05-19 12:47:11,214 km al SO de Puerto Williams,-56.761,-68.67,10.0,2.8,Ml
299931,2025-05-19 18:55:30,2025-05-19 14:55:30,22 km al SE de Constitución,-35.428,-72.201,11.0,2.5,Ml
299945,2025-05-19 20:46:03,2025-05-19 16:46:03,27 km al NE de Ollagüe,-21.096,-68.03,175.0,3.9,Ml
299954,2025-05-19 21:38:44,2025-05-19 17:38:44,222 km al SO de Puerto Williams,-56.857,-68.558,17.0,2.9,Ml
299957,2025-05-19 22:27:48,2025-05-19 18:27:48,84 km al SE de Socaire,-23.966,-67.177,242.0,4.5,Ml
299959,2025-05-19 22:28:44,2025-05-19 18:28:44,31 km al E de Paposo,-24.904,-70.178,72.0,4.3,Ml
299964,2025-05-19 23:46:00,2025-05-19 19:46:00,37 km al NO de Parque Fray Jorge,-30.426,-71.957,30.0,3.3,Ml
299966,2025-05-19 23:48:53,2025-05-19 19:48:53,36 km al S de Mina Collahuasi,-21.15,-68.681,116.0,2.6,Ml
299976,2025-05-20 01:20:48,2025-05-19 21:20:48,67 km al NE de Puerto Natales,-51.154,-72.202,12.0,3.1,Ml
299981,2025-05-20 01:52:38,2025-05-19 21:52:38,81 km al NE de San Pedro de Atacama,-22.249,-67.885,208.0,2.6,Ml
299982,2025-05-20 01:56:06,2025-05-19 21:56:06,32 km al O de Socaire,-23.519,-68.191,140.0,2.9,Ml
299990,2025-05-20 02:56:53,2025-05-19 22:56:53,45 km al S de Ollagüe,-21.61,-68.392,128.0,3.3,Ml
299992,2025-05-20 03:13:02,2025-05-19 23:13:02,27 km al S de Mina Collahuasi,-21.072,-68.635,126.0,3.6,Ml
299996,2025-05-20 03:51:18,2025-05-19 23:51:18,72 km al S de Socaire,-24.235,-67.796,237.0,2.8,Ml
300000,2025-05-20 05:01:34,2025-05-20 01:01:34,6 km al SE de Casablanca,-33.353,-71.368,49.0,2.5,Ml
300011,2025-05-20 06:29:30,2025-05-20 02:29:30,8 km al N de Putre,-18.128,-69.546,128.0,3.5,Ml
300018,2025-05-20 07:37:21,2025-05-20 03:37:21,166 km al S de Puerto Williams,-56.39,-68.18,10.0,2.9,Ml
300026,2025-05-20 08:20:19,2025-05-20 04:20:19,98 km al SE de Socaire,-24.333,-67.363,192.0,3.1,Ml
300030,2025-05-20 08:41:36,2025-05-20 04:41:36,213 km al S de Puerto Williams,-56.85,-67.64,10.0,2.9,Ml
300032,2025-05-20 08:57:16,2025-05-20 04:57:16,39 km al NE de Alto del Carmen,-28.543,-70.173,107.0,2.8,Ml
300034,2025-05-20 09:13:36,2025-05-20 05:13:36,73 km al E de San Fabián,-36.297,-70.806,140.0,3.0,Ml
300041,2025-05-20 10:02:27,2025-05-20 06:02:27,31 km al NO de Navidad,-33.784,-72.102,34.0,2.8,Ml
300043,2025-05-20 10:15:29,2025-05-20 06:15:29,28 km al NO de Navidad,-33.788,-72.054,33.0,2.9,Ml
300060,2025-05-20 12:19:10,2025-05-20 08:19:10,43 km al SE de Pica,-20.842,-69.155,103.0,2.6,Ml
300067,2025-05-20 13:56:11,2025-05-20 09:56:11,18 km al N de Ovalle,-30.439,-71.214,54.0,2.6,Ml
300071,2025-05-20 15:17:45,2025-05-20 11:17:45,23 km al S de Mina Collahuasi,-21.024,-68.606,132.0,3.2,Ml
300083,2025-05-20 17:51:17,2025-05-20 13:51:17,38 km al NO de Parque Fray Jorge,-30.428,-71.971,31.0,3.6,Ml
300093,2025-05-20 18:44:32,2025-05-20 14:44:32,256 km al S de Puerto Williams,-57.23,-67.35,10.0,3.9,Ml
300112,2025-05-20 21:17:21,2025-05-20 17:17:21,62 km al S de Socaire,-24.138,-67.767,246.0,2.9,Ml
300114,2025-05-20 21:34:28,2025-05-20 17:34:28,11 km al SO de Canela Baja,-31.479,-71.524,63.0,2.6,Ml
300117,2025-05-20 21:57:36,2025-05-20 17:57:36,79 km al SE de Socaire,-24.23,-67.563,245.0,4.2,Ml
300122,2025-05-21 00:10:30,2025-05-20 20:10:30,22 km al NE de Chañaral,-26.256,-70.423,53.0,3.0,Ml
300123,2025-05-21 00:13:37,2025-05-20 20:13:37,39 km al O de Ollagüe,-21.236,-68.634,115.0,2.9,Ml
300237,2025-05-21 00:38:16,2025-05-20 20:38:16,192 km al S de Puerto Williams,-56.63,-67.02,10.0,5.7,Mw
300134,2025-05-21 01:38:35,2025-05-20 21:38:35,239 km al S de Puerto Williams,-57.08,-67.27,10.0,3.8,Ml
300139,2025-05-21 02:02:56,2025-05-20 22:02:56,21 km al SO de Huasco,-28.64,-71.315,32.0,4.4,Mw
300140,2025-05-21 02:11:00,2025-05-20 22:11:00,62 km al N de Calama,-21.932,-68.775,103.0,2.7,Ml
300147,2025-05-21 03:28:26,2025-05-20 23:28:26,75 km al S de Socaire,-24.254,-68.031,226.0,2.9,Ml
300158,2025-05-21 05:33:23,2025-05-21 01:33:23,64 km al NE de Calama,-21.96,-68.643,121.0,3.2,Ml
300160,2025-05-21 05:37:15,2025-05-21 01:37:15,25 km al E de Calama,-22.465,-68.689,113.0,3.0,Ml
300163,2025-05-21 05:51:12,2025-05-21 01:51:12,84 km al E de Ollagüe,-21.474,-67.492,219.0,4.0,Ml
300165,2025-05-21 06:33:14,2025-05-21 02:33:14,153 km al N de San Antonio de los Cobres,-22.855,-66.491,194.0,3.1,Ml
300166,2025-05-21 06:41:05,2025-05-21 02:41:05,70 km al SO de Ollagüe,-21.769,-68.597,121.0,3.1,Ml
300169,2025-05-21 07:20:37,2025-05-21 03:20:37,37 km al E de Mina Los Pelambres,-31.733,-70.208,125.0,2.7,Ml
300174,2025-05-21 08:18:41,2025-05-21 04:18:41,23 km al E de Los Andes,-32.883,-70.361,114.0,2.5,Ml
300184,2025-05-21 09:49:39,2025-05-21 05:49:39,27 km al E de Quillota,-32.807,-70.977,63.0,2.6,Ml
300206,2025-05-21 10:22:27,2025-05-21 06:22:27,25 km al O de Antofagasta,-23.611,-70.635,32.0,2.9,Ml
300188,2025-05-21 10:46:26,2025-05-21 06:46:26,46 km al E de Mina Collahuasi,-20.783,-68.215,186.0,2.9,Ml
300190,2025-05-21 10:59:05,2025-05-21 06:59:05,18 km al NE de Punta de Choros,-29.156,-71.316,54.0,2.5,Ml
300192,2025-05-21 11:05:08,2025-05-21 07:05:08,44 km al SE de Calama,-22.649,-68.544,141.0,2.9,Ml
300200,2025-05-21 12:01:49,2025-05-21 08:01:49,16 km al NE de Ancud,-41.742,-73.74,15.0,2.7,Ml
300209,2025-05-21 13:38:15,2025-05-21 09:38:15,229 km al S de Puerto Williams,-56.99,-67.3,10.0,3.4,Ml
300217,2025-05-21 15:08:57,2025-05-21 11:08:57,19 km al NE de Sierra Gorda,-22.775,-69.177,90.0,2.7,Ml
300221,2025-05-21 15:17:27,2025-05-21 11:17:27,57 km al S de Tocopilla,-22.597,-70.296,62.0,2.5,Ml
300223,2025-05-21 15:23:31,2025-05-21 11:23:31,57 km al SE de Putre,-18.664,-69.335,122.0,2.6,Ml
300238,2025-05-21 18:59:30,2025-05-21 14:59:30,242 km al S de Puerto Williams,-57.11,-67.58,10.0,2.7,Ml
300244,2025-05-21 20:08:56,2025-05-21 16:08:56,49 km al S de Socaire,-24.015,-67.754,245.0,3.3,Ml
300257,2025-05-21 22:32:24,2025-05-21 18:32:24,39 km al NO de Toltén,-38.995,-73.551,36.0,3.6,Ml
300255,2025-05-21 22:32:27,2025-05-21 18:32:27,53 km al S de Ollagüe,-21.67,-68.433,113.0,2.8,Ml
300267,2025-05-21 23:06:25,2025-05-21 19:06:25,21 km al O de Mina Collahuasi,-20.86,-68.86,112.0,2.5,Ml
300269,2025-05-21 23:10:24,2025-05-21 19:10:24,61 km al SE de Socaire,-24.104,-67.67,256.0,3.1,Ml
300288,2025-05-22 02:33:09,2025-05-21 22:33:09,78 km al SE de Socaire,-24.169,-67.454,205.0,4.4,Ml
300298,2025-05-22 04:18:39,2025-05-22 00:18:39,78 km al N de Calama,-21.792,-68.75,124.0,2.5,Ml
300302,2025-05-22 04:25:00,2025-05-22 00:25:00,59 km al S de Socaire,-24.109,-67.778,244.0,3.5,Ml
300303,2025-05-22 04:27:23,2025-05-22 00:27:23,24 km al E de Los Vilos,-31.861,-71.268,55.0,3.4,Ml
300329,2025-05-22 07:29:41,2025-05-22 03:29:41,45 km al SO de Mina Collahuasi,-21.035,-69.026,103.0,2.7,Ml
300334,2025-05-22 07:43:36,2025-05-22 03:43:36,23 km al SO de Ollagüe,-21.395,-68.378,132.0,2.9,Ml
300335,2025-05-22 07:47:00,2025-05-22 03:47:00,11 km al O de Cabo Raper,-46.812,-75.788,11.0,2.8,Ml
300346,2025-05-22 09:32:44,2025-05-22 05:32:44,51 km al SO de Mina Collahuasi,-21.038,-69.092,102.0,2.9,Ml
300350,2025-05-22 09:44:07,2025-05-22 05:44:07,30 km al O de Quintero,-32.686,-71.829,25.0,2.8,Ml
300361,2025-05-22 10:10:42,2025-05-22 06:10:42,9 km al NE de Socaire,-23.52,-67.855,165.0,2.7,Ml
300366,2025-05-22 12:01:19,2025-05-22 08:01:19,71 km al N de Calama,-21.872,-68.7,122.0,3.2,Ml
300373,2025-05-22 14:21:39,2025-05-22 10:21:39,68 km al SE de Socaire,-23.881,-67.303,232.0,4.3,Ml
300374,2025-05-22 14:35:07,2025-05-22 10:35:07,39 km al S de Pozo Almonte,-20.611,-69.797,51.0,4.0,Ml
300385,2025-05-22 15:57:57,2025-05-22 11:57:57,28 km al SO de Patache,-21.039,-70.317,42.0,2.7,Ml
300398,2025-05-22 17:56:45,2025-05-22 13:56:45,36 km al N de Calama,-22.17,-68.811,138.0,2.6,Ml
300402,2025-05-22 18:06:53,2025-05-22 14:06:53,50 km al SO de Pichidangui,-32.446,-71.916,24.0,3.1,Ml
300411,2025-05-22 19:24:51,2025-05-22 15:24:51,27 km al NO de Mina Collahuasi,-20.718,-68.886,100.0,3.2,Ml
300418,2025-05-22 19:46:55,2025-05-22 15:46:55,43 km al SO de Copiapó,-27.705,-70.539,75.0,3.1,Ml
300421,2025-05-22 19:58:52,2025-05-22 15:58:52,28 km al S de Mina Collahuasi,-21.075,-68.703,110.0,3.3,Ml
300441,2025-05-22 23:22:16,2025-05-22 19:22:16,30 km al NO de Parque Fray Jorge,-30.418,-71.818,30.0,2.9,Ml
300448,2025-05-23 01:36:35,2025-05-22 21:36:35,60 km al NE de Pozo Almonte,-19.894,-69.361,104.0,3.6,Ml
300459,2025-05-23 04:32:44,2025-05-23 00:32:44,36 km al SO de Ollagüe,-21.471,-68.483,129.0,2.8,Ml
300461,2025-05-23 04:41:40,2025-05-23 00:41:40,26 km al SE de Pica,-20.618,-69.116,110.0,3.2,Ml
300464,2025-05-23 04:48:02,2025-05-23 00:48:02,45 km al SO de Mina Collahuasi,-21.1,-68.975,112.0,2.7,Ml
300487,2025-05-23 10:43:21,2025-05-23 06:43:21,80 km al S de Socaire,-24.309,-67.837,240.0,3.5,Ml
300494,2025-05-23 11:44:54,2025-05-23 07:44:54,29 km al SE de Sierra Gorda,-23.13,-69.199,72.0,3.1,Ml
300502,2025-05-23 13:22:50,2025-05-23 09:22:50,34 km al O de Paposo,-24.943,-70.799,50.0,3.3,Ml
300508,2025-05-23 13:49:07,2025-05-23 09:49:07,37 km al E de Carrizal Bajo,-28.178,-70.788,54.0,3.3,Ml
300509,2025-05-23 13:50:08,2025-05-23 09:50:08,31 km al N de Calama,-22.206,-68.846,127.0,4.3,Ml
300519,2025-05-23 15:15:50,2025-05-23 11:15:50,6 km al NE de Huasco,-28.434,-71.175,35.0,3.5,Ml
300556,2025-05-23 19:01:33,2025-05-23 15:01:33,23 km al S de Calama,-22.667,-68.854,96.0,3.1,Ml
300568,2025-05-23 19:53:34,2025-05-23 15:53:34,35 km al SO de Mina Collahuasi,-21.029,-68.912,112.0,3.5,Ml
300584,2025-05-23 23:16:32,2025-05-23 19:16:32,39 km al S de Pozo Almonte,-20.607,-69.801,52.0,2.9,Ml
300593,2025-05-24 00:27:23,2025-05-23 20:27:23,31 km al S de Caldera,-27.329,-70.93,50.0,2.9,Ml
300608,2025-05-24 03:41:43,2025-05-23 23:41:43,87 km al N de San Pedro de Atacama,-22.182,-67.929,204.0,3.0,Ml
300617,2025-05-24 04:43:19,2025-05-24 00:43:19,54 km al SO de Ollagüe,-21.525,-68.66,120.0,2.5,Ml
300623,2025-05-24 05:32:15,2025-05-24 01:32:15,215 km al SO de Puerto Williams,-56.805,-68.478,14.0,5.0,Ml
300641,2025-05-24 08:21:53,2025-05-24 04:21:53,27 km al NO de Visviri,-17.381,-69.602,190.0,3.0,Ml
300644,2025-05-24 08:59:55,2025-05-24 04:59:55,61 km al SO de Ollagüe,-21.703,-68.534,111.0,3.1,Ml
300651,2025-05-24 11:12:30,2025-05-24 07:12:30,253 km al S de Puerto Williams,-57.197,-67.25,15.0,4.3,Ml
300654,2025-05-24 11:17:09,2025-05-24 07:17:09,243 km al S de Puerto Williams,-57.113,-67.297,14.0,5.1,Ml
300657,2025-05-24 11:33:43,2025-05-24 07:33:43,83 km al O de San Antonio de los Cobres,-23.972,-67.085,135.0,3.5,Ml
300676,2025-05-24 16:56:43,2025-05-24 12:56:43,56 km al O de Socaire,-23.442,-68.416,148.0,2.6,Ml
300681,2025-05-24 18:19:57,2025-05-24 14:19:57,37 km al NE de Calama,-22.207,-68.703,113.0,3.6,Ml
300691,2025-05-24 18:56:10,2025-05-24 14:56:10,70 km al S de Ollagüe,-21.817,-68.489,130.0,2.7,Ml
300703,2025-05-24 20:26:38,2025-05-24 16:26:38,77 km al NE de Los Andes,-32.342,-70.014,111.0,3.2,Ml
300715,2025-05-24 22:48:11,2025-05-24 18:48:11,17 km al SO de La Ligua,-32.546,-71.369,67.0,2.5,Ml
300735,2025-05-25 02:41:05,2025-05-24 22:41:05,45 km al O de Huasco,-28.633,-71.635,51.0,3.1,Ml
300739,2025-05-25 03:33:37,2025-05-24 23:33:37,8 km al SO de Los Vilos,-31.964,-71.573,41.0,3.0,Ml
300740,2025-05-25 04:13:26,2025-05-25 00:13:26,51 km al O de Pichidangui,-32.231,-72.064,45.0,2.5,Ml
300744,2025-05-25 04:31:13,2025-05-25 00:31:13,49 km al S de Mina Collahuasi,-21.247,-68.797,120.0,2.5,Ml
300748,2025-05-25 05:05:01,2025-05-25 01:05:01,28 km al NO de Navidad,-33.809,-72.077,34.0,3.2,Ml
300750,2025-05-25 05:20:26,2025-05-25 01:20:26,42 km al NE de Calama,-22.157,-68.701,122.0,3.0,Ml
300753,2025-05-25 06:05:39,2025-05-25 02:05:39,12 km al O de Ovalle,-30.583,-71.33,65.0,2.7,Ml
300758,2025-05-25 06:32:20,2025-05-25 02:32:20,92 km al S de Socaire,-24.383,-67.635,226.0,3.3,Ml
300759,2025-05-25 06:55:25,2025-05-25 02:55:25,45 km al O de Mina Collahuasi,-20.863,-69.089,107.0,2.7,Ml
300761,2025-05-25 07:08:40,2025-05-25 03:08:40,42 km al S de Sierra Gorda,-23.25,-69.182,87.0,3.7,Ml
300767,2025-05-25 08:04:07,2025-05-25 04:04:07,28 km al E de Putre,-18.259,-69.303,144.0,2.6,Ml
300780,2025-05-25 10:11:28,2025-05-25 06:11:28,76 km al SO de Ollagüe,-21.856,-68.531,111.0,2.6,Ml
300782,2025-05-25 10:34:55,2025-05-25 06:34:55,45 km al SE de Calama,-22.654,-68.538,93.0,2.7,Ml
300790,2025-05-25 12:17:46,2025-05-25 08:17:46,25 km al NO de Mina Collahuasi,-20.712,-68.865,108.0,3.0,Ml
300797,2025-05-25 14:01:19,2025-05-25 10:01:19,22 km al SO de Pichidangui,-32.247,-71.724,27.0,2.8,Ml
300804,2025-05-25 16:42:09,2025-05-25 12:42:09,21 km al NE de Pica,-20.345,-69.2,107.0,3.3,Ml
300826,2025-05-25 19:06:07,2025-05-25 15:06:07,34 km al NO de Cuya,-18.937,-70.396,14.0,4.0,Ml
300827,2025-05-25 19:12:21,2025-05-25 15:12:21,50 km al NO de Carrizal Bajo,-27.689,-71.394,23.0,3.0,Ml
300829,2025-05-25 19:18:28,2025-05-25 15:18:28,21 km al O de Pichidangui,-32.108,-71.745,27.0,3.1,Ml
300839,2025-05-25 20:26:28,2025-05-25 16:26:28,27 km al NO de Ollagüe,-21.083,-68.464,134.0,2.6,Ml
300867,2025-05-26 01:22:55,2025-05-25 21:22:55,17 km al NO de Calama,-22.338,-69.022,95.0,3.1,Ml
300874,2025-05-26 02:25:48,2025-05-25 22:25:48,29 km al SE de Termas del Flaco,-35.126,-70.187,150.0,3.0,Ml
300882,2025-05-26 03:43:32,2025-05-25 23:43:32,81 km al SE de Socaire,-24.105,-67.327,220.0,4.2,Ml
300887,2025-05-26 03:43:35,2025-05-25 23:43:35,79 km al NE de El Salvador,-25.68,-69.15,124.0,3.4,Ml
300884,2025-05-26 03:50:26,2025-05-25 23:50:26,34 km al S de Camiña,-19.62,-69.425,104.0,5.8,Mw
300888,2025-05-26 04:30:14,2025-05-26 00:30:14,44 km al SE de Calama,-22.829,-68.747,96.0,4.4,Mw
300893,2025-05-26 04:46:05,2025-05-26 00:46:05,37 km al NO de Quintero,-32.535,-71.797,35.0,3.1,Ml
300912,2025-05-26 08:29:15,2025-05-26 04:29:15,66 km al S de Socaire,-24.179,-67.831,266.0,3.4,Ml
300931,2025-05-26 10:27:56,2025-05-26 06:27:56,62 km al SO de Castro,-42.827,-74.353,36.0,3.0,Ml
300932,2025-05-26 10:32:30,2025-05-26 06:32:30,30 km al SO de Mina Collahuasi,-21.042,-68.835,113.0,2.8,Ml
300933,2025-05-26 10:57:02,2025-05-26 06:57:02,40 km al SO de Ollagüe,-21.548,-68.423,130.0,3.0,Ml
300948,2025-05-26 11:56:13,2025-05-26 07:56:13,139 km al NE de Socaire,-22.989,-66.702,282.0,3.9,Ml
300950,2025-05-26 12:02:44,2025-05-26 08:02:44,70 km al O de Mina La Escondida,-24.147,-69.735,52.0,3.0,Ml
300952,2025-05-26 13:06:48,2025-05-26 09:06:48,49 km al NE de Calama,-22.248,-68.522,124.0,4.0,Ml
300958,2025-05-26 15:01:51,2025-05-26 11:01:51,33 km al SO de Ollagüe,-21.487,-68.396,131.0,2.6,Ml
300960,2025-05-26 15:43:23,2025-05-26 11:43:23,171 km al S de Puerto Williams,-56.46,-67.27,10.0,2.9,Ml
300968,2025-05-26 17:27:05,2025-05-26 13:27:05,71 km al SO de Punta de Choros,-29.668,-72.027,33.0,2.8,Ml
300971,2025-05-26 17:34:32,2025-05-26 13:34:32,49 km al O de Ollagüe,-21.383,-68.697,105.0,2.5,Ml
300972,2025-05-26 17:38:53,2025-05-26 13:38:53,65 km al E de Socaire,-23.592,-67.254,200.0,3.5,Ml
300976,2025-05-26 18:09:52,2025-05-26 14:09:52,54 km al N de Pica,-20.001,-69.337,91.0,2.5,Ml
300988,2025-05-26 20:26:59,2025-05-26 16:26:59,27 km al O de Ollagüe,-21.211,-68.51,132.0,3.5,Ml
301082,2025-05-26 22:52:25,2025-05-26 18:52:25,33 km al E de Tacna,-18.0,-69.942,112.0,2.9,Ml
301010,2025-05-26 23:22:01,2025-05-26 19:22:01,41 km al SO de Ollagüe,-21.465,-68.556,129.0,2.8,Ml
301015,2025-05-27 00:28:08,2025-05-26 20:28:08,15 km al O de Caldera,-27.115,-70.969,40.0,3.2,Ml
301029,2025-05-27 03:19:49,2025-05-26 23:19:49,23 km al O de Los Vilos,-31.838,-71.739,40.0,3.0,Ml
301033,2025-05-27 03:39:38,2025-05-26 23:39:38,35 km al NE de Pica,-20.352,-69.026,95.0,2.5,Ml
301035,2025-05-27 04:38:27,2025-05-27 00:38:27,237 km al S de Puerto Williams,-57.04,-68.21,10.0,3.3,Ml
301044,2025-05-27 06:04:02,2025-05-27 02:04:02,126 km al O de Navidad,-33.464,-73.056,30.0,2.5,Ml
301046,2025-05-27 06:06:57,2025-05-27 02:06:57,29 km al NE de Iquique,-20.016,-69.965,60.0,2.7,Ml
301049,2025-05-27 06:09:13,2025-05-27 02:09:13,31 km al E de Pica,-20.387,-69.056,95.0,3.0,Ml
301047,2025-05-27 06:12:44,2025-05-27 02:12:44,27 km al NO de Punta de Choros,-29.031,-71.584,42.0,2.8,Ml
301054,2025-05-27 07:17:13,2025-05-27 03:17:13,240 km al S de Puerto Williams,-57.09,-67.45,10.0,2.6,Ml
301073,2025-05-27 12:23:54,2025-05-27 08:23:54,46 km al SO de Mina Collahuasi,-21.157,-68.919,107.0,2.9,Ml
301077,2025-05-27 13:28:01,2025-05-27 09:28:01,38 km al SE de Pica,-20.781,-69.139,99.0,2.6,Ml
301085,2025-05-27 16:04:24,2025-05-27 12:04:24,71 km al S de Ollagüe,-21.836,-68.45,134.0,3.1,Ml
301089,2025-05-27 16:52:23,2025-05-27 12:52:23,27 km al S de Sierra Gorda,-23.129,-69.278,89.0,2.5,Ml
301096,2025-05-27 17:27:38,2025-05-27 13:27:38,9 km al S de San José de Maipo,-33.724,-70.346,115.0,3.1,Ml
301103,2025-05-27 18:30:22,2025-05-27 14:30:22,75 km al NO de Pichilemu,-33.975,-72.659,38.0,3.0,Ml
301130,2025-05-27 21:56:50,2025-05-27 17:56:50,242 km al S de Puerto Williams,-57.11,-67.33,10.0,3.1,Ml
301138,2025-05-27 23:57:23,2025-05-27 19:57:23,25 km al O de Mina Collahuasi,-20.902,-68.886,99.0,2.7,Ml
301139,2025-05-28 00:03:24,2025-05-27 20:03:24,58 km al SE de Mina La Escondida,-24.55,-68.574,165.0,4.3,Ml
301141,2025-05-28 00:13:06,2025-05-27 20:13:06,34 km al NE de Cuya,-18.902,-70.016,95.0,2.6,Ml
301143,2025-05-28 00:19:40,2025-05-27 20:19:40,25 km al O de Socaire,-23.513,-68.125,145.0,4.0,Ml
301154,2025-05-28 01:58:01,2025-05-27 21:58:01,65 km al S de Socaire,-24.147,-67.689,276.0,3.4,Ml
301155,2025-05-28 02:46:09,2025-05-27 22:46:09,184 km al SO de Puerto Williams,-56.54,-68.34,10.0,3.1,Ml
301162,2025-05-28 03:41:52,2025-05-27 23:41:52,202 km al S de Puerto Williams,-56.74,-67.97,10.0,2.7,Ml
301161,2025-05-28 03:45:30,2025-05-27 23:45:30,19 km al O de Valparaíso,-33.036,-71.821,37.0,2.8,Ml
301163,2025-05-28 03:48:08,2025-05-27 23:48:08,129 km al NO de Bahía Mansa,-39.976,-75.029,32.0,2.7,Ml
301174,2025-05-28 05:12:44,2025-05-28 01:12:44,114 km al O de Tirúa,-38.631,-74.756,12.0,2.9,Ml
301175,2025-05-28 05:45:30,2025-05-28 01:45:30,59 km al NE de Pica,-20.222,-68.84,121.0,3.8,Ml
301178,2025-05-28 06:06:56,2025-05-28 02:06:56,198 km al S de Puerto Williams,-56.7,-67.16,10.0,3.4,Ml
301181,2025-05-28 07:05:56,2025-05-28 03:05:56,217 km al S de Puerto Williams,-56.89,-67.6,10.0,3.2,Ml
301183,2025-05-28 07:20:31,2025-05-28 03:20:31,6 km al SE de Pica,-20.52,-69.282,85.0,2.6,Ml
301184,2025-05-28 07:25:04,2025-05-28 03:25:04,88 km al NE de San Pedro de Atacama,-22.271,-67.718,190.0,2.8,Ml
301193,2025-05-28 10:19:36,2025-05-28 06:19:36,35 km al S de Socaire,-23.899,-67.811,275.0,3.5,Ml
301194,2025-05-28 10:21:53,2025-05-28 06:21:53,62 km al NE de Calama,-21.986,-68.633,118.0,3.3,Ml
301195,2025-05-28 10:30:34,2025-05-28 06:30:34,102 km al O de Arica,-18.627,-71.281,23.0,2.7,Ml
301202,2025-05-28 11:34:15,2025-05-28 07:34:15,126 km al O de Taltal,-25.269,-71.728,26.0,3.0,Ml
301205,2025-05-28 12:32:17,2025-05-28 08:32:17,54 km al S de Socaire,-24.055,-67.726,271.0,2.8,Ml
301212,2025-05-28 13:38:37,2025-05-28 09:38:37,81 km al O de San Antonio de los Cobres,-24.144,-67.116,224.0,4.4,Ml
301213,2025-05-28 13:41:58,2025-05-28 09:41:58,53 km al S de Mina Collahuasi,-21.281,-68.82,105.0,2.6,Ml
301260,2025-05-28 14:10:12,2025-05-28 10:10:12,47 km al NE de Paposo,-24.702,-70.144,79.0,2.5,Ml
301222,2025-05-28 14:59:46,2025-05-28 10:59:46,66 km al SE de Socaire,-23.996,-67.42,224.0,3.4,Ml
301230,2025-05-28 15:24:16,2025-05-28 11:24:16,7 km al S de Los Vilos,-31.977,-71.5,41.0,3.0,Ml
301243,2025-05-28 15:45:14,2025-05-28 11:45:14,240 km al S de Puerto Williams,-57.09,-67.42,10.0,3.2,Ml
301237,2025-05-28 16:08:45,2025-05-28 12:08:45,17 km al O de Tocopilla,-22.115,-70.362,29.0,3.9,Ml
301244,2025-05-28 16:10:06,2025-05-28 12:10:06,5 km al O de Tocopilla,-22.09,-70.248,29.0,2.7,Ml
301258,2025-05-28 18:56:30,2025-05-28 14:56:30,19 km al SE de Mina Los Pelambres,-31.92,-70.424,123.0,3.0,Ml
301277,2025-05-28 21:02:54,2025-05-28 17:02:54,67 km al NE de Calama,-21.927,-68.648,125.0,3.4,Ml
301300,2025-05-28 21:38:36,2025-05-28 17:38:36,22 km al O de Ollagüe,-21.193,-68.466,136.0,2.8,Ml
301288,2025-05-28 21:57:34,2025-05-28 17:57:34,42 km al O de Navidad,-33.979,-72.287,24.0,2.7,Ml
301295,2025-05-28 23:11:37,2025-05-28 19:11:37,76 km al NE de Ollagüe,-20.904,-67.612,213.0,4.6,Mw
301302,2025-05-29 00:20:44,2025-05-28 20:20:44,241 km al S de Puerto Williams,-57.1,-67.62,10.0,3.6,Ml
301305,2025-05-29 00:40:14,2025-05-28 20:40:14,47 km al SE de Sierra Gorda,-23.126,-68.943,134.0,3.7,Ml
301307,2025-05-29 01:03:47,2025-05-28 21:03:47,60 km al N de Calama,-21.945,-68.798,123.0,2.5,Ml
301313,2025-05-29 01:56:22,2025-05-28 21:56:22,29 km al O de Quintero,-32.773,-71.831,31.0,2.6,Ml
301319,2025-05-29 02:40:09,2025-05-28 22:40:09,37 km al O de Ollagüe,-21.29,-68.606,119.0,3.4,Ml
301321,2025-05-29 02:40:45,2025-05-28 22:40:45,33 km al SO de Pichidangui,-32.409,-71.667,36.0,2.8,Ml
301324,2025-05-29 02:45:42,2025-05-28 22:45:42,15 km al SE de Cuya,-19.252,-70.075,53.0,2.8,Ml
301325,2025-05-29 02:47:52,2025-05-28 22:47:52,48 km al SO de San Pedro de Atacama,-23.234,-68.524,112.0,3.0,Ml
301330,2025-05-29 03:42:16,2025-05-28 23:42:16,49 km al SO de Mina Collahuasi,-21.222,-68.872,113.0,2.5,Ml
301332,2025-05-29 03:45:37,2025-05-28 23:45:37,48 km al SO de Mina Collahuasi,-21.127,-68.988,110.0,2.5,Ml
301339,2025-05-29 05:03:27,2025-05-29 01:03:27,32 km al S de Huasco,-28.754,-71.263,32.0,2.6,Ml
301345,2025-05-29 06:03:11,2025-05-29 02:03:11,192 km al S de Puerto Williams,-56.66,-67.46,10.0,3.0,Ml
301344,2025-05-29 06:05:02,2025-05-29 02:05:02,20 km al NO de Punitaqui,-30.711,-71.411,52.0,2.5,Ml
301349,2025-05-29 06:31:48,2025-05-29 02:31:48,75 km al S de Socaire,-24.241,-67.702,224.0,2.7,Ml
301350,2025-05-29 06:38:23,2025-05-29 02:38:23,236 km al SO de Puerto Williams,-56.95,-68.79,10.0,3.2,Ml
301351,2025-05-29 06:52:15,2025-05-29 02:52:15,152 km al SO de Puerto Williams,-56.25,-68.27,10.0,2.5,Ml
301354,2025-05-29 07:11:34,2025-05-29 03:11:34,227 km al SO de Puerto Williams,-56.88,-68.69,10.0,3.0,Ml
301356,2025-05-29 07:23:17,2025-05-29 03:23:17,34 km al E de Los Andes,-32.702,-70.27,120.0,2.5,Ml
301360,2025-05-29 07:45:58,2025-05-29 03:45:58,182 km al SO de Puerto Williams,-56.51,-68.37,10.0,2.8,Ml
301363,2025-05-29 08:19:13,2025-05-29 04:19:13,49 km al SO de Vallenar,-28.959,-71.009,70.0,2.9,Ml
301365,2025-05-29 08:39:55,2025-05-29 04:39:55,66 km al SO de Ollagüe,-21.77,-68.5,130.0,4.8,Mw
301370,2025-05-29 09:02:32,2025-05-29 05:02:32,49 km al O de Taltal,-25.574,-70.943,53.0,2.8,Ml
301373,2025-05-29 09:34:46,2025-05-29 05:34:46,70 km al S de Puerto Aysén,-46.038,-72.777,37.0,2.7,Ml
301378,2025-05-29 10:59:58,2025-05-29 06:59:58,223 km al S de Puerto Williams,-56.93,-67.93,10.0,2.9,Ml
301388,2025-05-29 12:35:27,2025-05-29 08:35:27,73 km al SO de Ollagüe,-21.742,-68.689,124.0,3.0,Ml
301396,2025-05-29 13:16:21,2025-05-29 09:16:21,54 km al SO de Castro,-42.727,-74.334,42.0,2.8,Ml
301403,2025-05-29 15:23:37,2025-05-29 11:23:37,19 km al O de Canela Baja,-31.468,-71.641,36.0,3.6,Ml
301408,2025-05-29 16:18:39,2025-05-29 12:18:39,9 km al O de Carrizal Bajo,-28.074,-71.241,68.0,3.0,Ml
301412,2025-05-29 16:48:11,2025-05-29 12:48:11,118 km al E de Ollagüe,-21.503,-67.151,253.0,4.8,Mw
301415,2025-05-29 17:00:44,2025-05-29 13:00:44,77 km al S de Ollagüe,-21.877,-68.498,124.0,3.0,Ml
301437,2025-05-29 18:56:24,2025-05-29 14:56:24,32 km al NE de María Elena,-22.078,-69.535,85.0,2.5,Ml
301443,2025-05-29 19:26:43,2025-05-29 15:26:43,9 km al NO de Iquique,-20.158,-70.22,47.0,3.4,Ml
301446,2025-05-29 19:43:50,2025-05-29 15:43:50,8 km al E de Parque Fray Jorge,-30.662,-71.6,28.0,2.8,Ml
301457,2025-05-29 20:59:58,2025-05-29 16:59:58,41 km al E de Pica,-20.372,-68.962,97.0,2.6,Ml
301463,2025-05-29 22:21:19,2025-05-29 18:21:19,5 km al SO de Tongoy,-30.278,-71.541,40.0,4.0,Ml
301475,2025-05-30 03:10:47,2025-05-29 23:10:47,38 km al E de Los Andes,-32.971,-70.224,115.0,3.9,Ml
301480,2025-05-30 04:53:20,2025-05-30 00:53:20,34 km al N de María Elena,-22.058,-69.551,66.0,3.8,Ml
301485,2025-05-30 05:52:32,2025-05-30 01:52:32,28 km al NE de Alto del Carmen,-28.614,-70.253,99.0,2.8,Ml
301488,2025-05-30 07:05:17,2025-05-30 03:05:17,54 km al N de Camiña,-18.838,-69.526,106.0,3.2,Ml
301492,2025-05-30 07:42:31,2025-05-30 03:42:31,57 km al NE de Calama,-21.998,-68.714,119.0,2.5,Ml
301506,2025-05-30 08:53:38,2025-05-30 04:53:38,34 km al O de Panguipulli,-39.595,-72.713,67.0,2.9,Ml
301508,2025-05-30 09:16:28,2025-05-30 05:16:28,20 km al E de Calama,-22.503,-68.736,111.0,3.8,Ml
301512,2025-05-30 09:41:45,2025-05-30 05:41:45,61 km al SE de Putre,-18.633,-69.205,132.0,3.1,Ml
301516,2025-05-30 10:35:00,2025-05-30 06:35:00,215 km al S de Puerto Williams,-56.86,-67.37,10.0,3.3,Ml
301518,2025-05-30 11:02:34,2025-05-30 07:02:34,55 km al O de Tongoy,-30.19,-72.063,36.0,3.1,Ml
301527,2025-05-30 13:51:41,2025-05-30 09:51:41,51 km al E de Baquedano,-23.371,-69.349,106.0,2.5,Ml
301531,2025-05-30 16:12:48,2025-05-30 12:12:48,42 km al SO de Mina Collahuasi,-21.095,-68.943,107.0,2.8,Ml
301558,2025-05-30 19:25:55,2025-05-30 15:25:55,31 km al NO de Canela Baja,-31.234,-71.726,52.0,3.4,Ml
301604,2025-05-31 03:40:47,2025-05-30 23:40:47,44 km al SO de Socaire,-23.886,-68.17,130.0,3.1,Ml
301641,2025-05-31 12:46:11,2025-05-31 08:46:11,33 km al N de Farellones,-33.061,-70.224,111.0,2.9,Ml
301648,2025-05-31 16:01:24,2025-05-31 12:01:24,64 km al E de Mina Los Pelambres,-31.657,-69.943,126.0,2.9,Ml
301653,2025-05-31 16:26:01,2025-05-31 12:26:01,29 km al E de Los Andes,-32.783,-70.299,113.0,2.6,Ml
301666,2025-05-31 18:08:57,2025-05-31 14:08:57,41 km al SE de Pica,-20.824,-69.152,111.0,3.7,Ml
301672,2025-05-31 18:45:42,2025-05-31 14:45:42,94 km al NO de Tocopilla,-21.456,-70.8,35.0,2.9,Ml
301678,2025-05-31 19:28:41,2025-05-31 15:28:41,33 km al SO de Tocopilla,-22.364,-70.332,24.0,3.1,Ml
301701,2025-05-31 23:45:21,2025-05-31 19:45:21,54 km al SO de Punta de Choros,-29.553,-71.905,44.0,2.9,Ml
301706,2025-06-01 00:52:35,2025-05-31 20:52:35,78 km al N de Calama,-21.804,-68.692,130.0,2.9,Ml
301709,2025-06-01 01:54:03,2025-05-31 21:54:03,27 km al NE de Linares,-35.687,-71.369,102.0,2.9,Ml
301718,2025-06-01 04:06:05,2025-06-01 00:06:05,42 km al NE de Chañaral,-26.03,-70.388,45.0,3.3,Ml
301723,2025-06-01 04:41:44,2025-06-01 00:41:44,70 km al NE de Calama,-21.909,-68.631,120.0,3.2,Ml
301732,2025-06-01 06:13:18,2025-06-01 02:13:18,48 km al NE de Calama,-22.107,-68.684,115.0,2.5,Ml
301762,2025-06-01 12:48:47,2025-06-01 08:48:47,42 km al SE de Cuya,-19.344,-69.829,38.0,3.1,Ml
301790,2025-06-01 17:33:35,2025-06-01 13:33:35,45 km al SO de Mina Collahuasi,-21.164,-68.892,113.0,2.5,Ml
301808,2025-06-01 19:37:36,2025-06-01 15:37:36,26 km al NE de Cuya,-19.019,-69.986,89.0,2.5,Ml
301832,2025-06-02 00:03:25,2025-06-01 20:03:25,66 km al SE de Socaire,-24.143,-67.652,234.0,3.4,Ml
301834,2025-06-02 00:09:12,2025-06-01 20:09:12,103 km al E de San Pedro de Atacama,-22.9,-67.19,222.0,3.6,Ml
301855,2025-06-02 04:16:30,2025-06-02 00:16:30,43 km al SO de Ollagüe,-21.577,-68.434,123.0,2.6,Ml
301857,2025-06-02 04:36:21,2025-06-02 00:36:21,75 km al SO de Ollagüe,-21.835,-68.551,130.0,3.3,Ml
301860,2025-06-02 05:08:09,2025-06-02 01:08:09,16 km al S de Camiña,-19.455,-69.41,92.0,2.5,Ml
301861,2025-06-02 05:23:07,2025-06-02 01:23:07,11 km al SE de Parque Fray Jorge,-30.741,-71.61,28.0,3.4,Ml
301871,2025-06-02 06:54:40,2025-06-02 02:54:40,13 km al SE de Ollagüe,-21.332,-68.193,206.0,3.5,Ml
301876,2025-06-02 07:50:00,2025-06-02 03:50:00,37 km al SO de Ollagüe,-21.469,-68.501,138.0,2.6,Ml
301902,2025-06-02 14:19:56,2025-06-02 10:19:56,36 km al NO de Toltén,-38.966,-73.479,41.0,3.8,Ml
301911,2025-06-02 15:21:12,2025-06-02 11:21:12,52 km al SE de Isla Guafo,-44.031,-74.478,20.0,2.9,Ml
301913,2025-06-02 15:55:23,2025-06-02 11:55:23,4 km al SE de Parque Fray Jorge,-30.691,-71.66,29.0,2.7,Ml
301920,2025-06-02 16:28:45,2025-06-02 12:28:45,34 km al S de Mina Collahuasi,-21.125,-68.742,113.0,2.8,Ml
301924,2025-06-02 17:02:28,2025-06-02 13:02:28,29 km al NO de Mina Collahuasi,-20.715,-68.906,91.0,3.4,Ml
301951,2025-06-02 20:32:20,2025-06-02 16:32:20,45 km al SO de Mina Collahuasi,-21.082,-68.999,110.0,2.5,Ml
301974,2025-06-03 00:52:18,2025-06-02 20:52:18,79 km al NE de Socaire,-23.283,-67.188,216.0,3.9,Ml
301976,2025-06-03 00:55:29,2025-06-02 20:55:29,31 km al NO de Pisagua,-19.416,-70.44,31.0,3.1,Ml
301984,2025-06-03 03:38:15,2025-06-02 23:38:15,59 km al O de El Tabo,-33.472,-72.305,38.0,2.5,Ml
301990,2025-06-03 03:57:00,2025-06-02 23:57:00,39 km al SO de Huasco,-28.695,-71.528,31.0,3.9,Ml
302009,2025-06-03 07:36:48,2025-06-03 03:36:48,33 km al S de Mina Collahuasi,-21.118,-68.698,116.0,2.9,Ml
302011,2025-06-03 07:43:39,2025-06-03 03:43:39,37 km al NO de Quintero,-32.511,-71.769,33.0,2.6,Ml
302018,2025-06-03 08:30:11,2025-06-03 04:30:11,70 km al NE de Calama,-21.944,-68.552,135.0,3.0,Ml
302026,2025-06-03 10:05:55,2025-06-03 06:05:55,64 km al E de Mina Los Pelambres,-31.892,-69.913,151.0,2.8,Ml
302033,2025-06-03 11:29:53,2025-06-03 07:29:53,25 km al SE de Los Andes,-33.026,-70.453,110.0,3.9,Ml
302039,2025-06-03 12:41:39,2025-06-03 08:41:39,94 km al N de El Salvador,-25.442,-69.323,6.0,3.1,Ml
302044,2025-06-03 14:09:14,2025-06-03 10:09:14,87 km al NE de Alto del Carmen,-28.354,-69.724,93.0,2.7,Ml
302046,2025-06-03 14:41:04,2025-06-03 10:41:04,66 km al E de Mina Collahuasi,-20.656,-68.054,174.0,2.6,Ml
302056,2025-06-03 17:42:42,2025-06-03 13:42:42,55 km al O de Ollagüe,-21.376,-68.76,122.0,3.3,Ml
302076,2025-06-03 19:41:02,2025-06-03 15:41:02,118 km al O de Navidad,-33.809,-73.097,29.0,2.7,Ml
302080,2025-06-03 20:05:28,2025-06-03 16:05:28,78 km al NE de Pica,-20.016,-68.778,119.0,3.4,Ml
302085,2025-06-03 20:35:41,2025-06-03 16:35:41,55 km al O de Ollagüe,-21.374,-68.76,132.0,2.6,Ml
302103,2025-06-03 22:09:47,2025-06-03 18:09:47,70 km al S de Patache,-21.401,-70.419,13.0,4.4,Ml
302111,2025-06-03 22:53:25,2025-06-03 18:53:25,131 km al O de Taltal,-25.515,-71.783,23.0,2.9,Ml
302118,2025-06-04 00:54:16,2025-06-03 20:54:16,28 km al S de Huasco,-28.711,-71.271,31.0,2.7,Ml
302120,2025-06-04 01:01:49,2025-06-03 21:01:49,39 km al SO de Ollagüe,-21.521,-68.461,141.0,2.7,Ml
302133,2025-06-04 01:49:26,2025-06-03 21:49:26,21 km al O de La Higuera,-29.492,-71.42,67.0,2.6,Ml
302135,2025-06-04 02:00:11,2025-06-03 22:00:11,24 km al O de Puerto Montt,-41.439,-73.234,68.0,2.9,Ml
302137,2025-06-04 02:14:51,2025-06-03 22:14:51,33 km al O de Cauquenes,-35.846,-72.645,45.0,2.9,Ml
302142,2025-06-04 02:22:11,2025-06-03 22:22:11,60 km al SE de Socaire,-23.851,-67.38,240.0,3.3,Ml
302147,2025-06-04 02:28:27,2025-06-03 22:28:27,73 km al E de Taltal,-25.513,-69.764,85.0,2.8,Ml
302148,2025-06-04 02:44:32,2025-06-03 22:44:32,36 km al N de Quillagua,-21.348,-69.645,68.0,3.3,Ml
302151,2025-06-04 02:45:39,2025-06-03 22:45:39,78 km al S de Ollagüe,-21.879,-68.519,118.0,3.2,Ml
302158,2025-06-04 04:09:06,2025-06-04 00:09:06,15 km al SO de Farellones,-33.422,-70.444,107.0,2.7,Ml
302159,2025-06-04 04:14:48,2025-06-04 00:14:48,90 km al SE de Socaire,-24.29,-67.446,209.0,3.6,Ml
302181,2025-06-04 07:28:52,2025-06-04 03:28:52,53 km al NO de San Antonio de los Cobres,-23.966,-66.755,200.0,2.7,Ml
302185,2025-06-04 08:24:14,2025-06-04 04:24:14,24 km al SO de Canela Baja,-31.527,-71.663,34.0,3.7,Ml
302190,2025-06-04 08:55:52,2025-06-04 04:55:52,71 km al NE de Calama,-21.906,-68.613,126.0,3.0,Ml
302192,2025-06-04 09:02:31,2025-06-04 05:02:31,55 km al S de Ilo,-18.137,-71.425,6.0,3.9,Ml
302195,2025-06-04 09:23:10,2025-06-04 05:23:10,43 km al SO de Mina Collahuasi,-21.025,-69.009,110.0,3.4,Ml
302197,2025-06-04 09:26:53,2025-06-04 05:26:53,142 km al SO de Ilo,-18.717,-72.07,15.0,2.8,Ml
302202,2025-06-04 09:53:28,2025-06-04 05:53:28,30 km al N de Pica,-20.224,-69.296,90.0,2.5,Ml
302203,2025-06-04 10:13:49,2025-06-04 06:13:49,90 km al SE de Socaire,-24.336,-67.547,216.0,3.6,Ml
302227,2025-06-04 14:17:21,2025-06-04 10:17:21,61 km al S de Socaire,-24.132,-67.783,249.0,2.7,Ml
302232,2025-06-04 15:28:42,2025-06-04 11:28:42,12 km al E de Pichidangui,-32.18,-71.417,44.0,3.8,Ml
302237,2025-06-04 16:44:34,2025-06-04 12:44:34,17 km al O de San Pedro de Atacama,-22.962,-68.357,160.0,2.9,Ml
302238,2025-06-04 16:50:09,2025-06-04 12:50:09,31 km al NO de Cuya,-18.902,-70.299,18.0,2.6,Ml
302278,2025-06-04 22:36:39,2025-06-04 18:36:39,19 km al NE de Pica,-20.403,-69.168,113.0,2.8,Ml
302283,2025-06-04 22:56:38,2025-06-04 18:56:38,51 km al O de Valparaíso,-33.179,-72.139,33.0,3.0,Ml
302285,2025-06-04 23:04:15,2025-06-04 19:04:15,95 km al O de San Antonio de los Cobres,-24.212,-67.252,214.0,4.1,Ml
302293,2025-06-05 00:07:41,2025-06-04 20:07:41,74 km al S de Socaire,-24.248,-67.797,226.0,2.8,Ml
302295,2025-06-05 01:16:01,2025-06-04 21:16:01,269 km al S de Puerto Williams,-57.35,-67.4,10.0,3.6,Ml
302297,2025-06-05 01:23:53,2025-06-04 21:23:53,35 km al SO de Chañaral,-26.613,-70.821,40.0,2.7,Ml
302301,2025-06-05 02:06:04,2025-06-04 22:06:04,107 km al SE de Ollagüe,-22.002,-67.641,205.0,3.3,Ml
302308,2025-06-05 03:12:17,2025-06-04 23:12:17,118 km al SO de Lebu,-38.12,-74.834,21.0,3.0,Ml
302312,2025-06-05 03:34:22,2025-06-04 23:34:22,49 km al NE de Ollagüe,-20.894,-67.941,180.0,3.6,Ml
302320,2025-06-05 05:07:45,2025-06-05 01:07:45,56 km al S de Socaire,-24.089,-67.789,241.0,2.9,Ml
302322,2025-06-05 05:12:17,2025-06-05 01:12:17,43 km al O de Mina Collahuasi,-20.884,-69.064,101.0,2.8,Ml
302325,2025-06-05 05:39:05,2025-06-05 01:39:05,86 km al SE de Socaire,-24.127,-67.285,220.0,3.6,Ml
302329,2025-06-05 06:35:58,2025-06-05 02:35:58,45 km al SO de Mina Collahuasi,-21.175,-68.876,112.0,2.8,Ml
302344,2025-06-05 09:15:06,2025-06-05 05:15:06,50 km al SO de Caldera,-27.413,-71.138,45.0,2.5,Ml
302348,2025-06-05 09:45:02,2025-06-05 05:45:02,8 km al NE de Carrizal Bajo,-28.024,-71.105,48.0,3.9,Ml
302357,2025-06-05 10:59:19,2025-06-05 06:59:19,83 km al E de Socaire,-23.656,-67.082,226.0,2.7,Ml
302356,2025-06-05 11:22:26,2025-06-05 07:22:26,16 km al NE de Illapel,-31.538,-71.037,82.0,3.2,Ml
302365,2025-06-05 11:49:49,2025-06-05 07:49:49,10 km al S de Santa Cruz,-34.73,-71.377,66.0,2.7,Ml
302369,2025-06-05 12:41:57,2025-06-05 08:41:57,26 km al NO de Navidad,-33.78,-72.012,30.0,2.9,Ml
302378,2025-06-05 14:00:36,2025-06-05 10:00:36,26 km al E de Calama,-22.546,-68.691,120.0,3.0,Ml
302379,2025-06-05 14:56:20,2025-06-05 10:56:20,71 km al NE de Calama,-21.926,-68.562,110.0,2.5,Ml
302388,2025-06-05 18:13:54,2025-06-05 14:13:54,59 km al S de Socaire,-24.119,-67.851,210.0,3.4,Ml
302402,2025-06-05 19:24:43,2025-06-05 15:24:43,42 km al SE de Pica,-20.818,-69.124,108.0,2.5,Ml
302406,2025-06-05 20:09:19,2025-06-05 16:09:19,50 km al E de Mina Los Pelambres,-31.77,-70.064,103.0,2.8,Ml
302419,2025-06-05 21:50:21,2025-06-05 17:50:21,46 km al N de Quillagua,-21.262,-69.668,66.0,2.5,Ml
302424,2025-06-05 22:17:31,2025-06-05 18:17:31,32 km al E de Quillota,-32.767,-70.936,78.0,3.3,Ml
302436,2025-06-05 23:17:38,2025-06-05 19:17:38,67 km al SO de Ollagüe,-21.689,-68.671,110.0,2.9,Ml
302437,2025-06-05 23:36:16,2025-06-05 19:36:16,28 km al E de Pica,-20.5,-69.061,102.0,3.4,Ml
302445,2025-06-06 01:44:24,2025-06-05 21:44:24,59 km al O de Tongoy,-30.057,-72.067,38.0,3.1,Ml
302448,2025-06-06 01:52:11,2025-06-05 21:52:11,17 km al E de Curicó,-34.952,-71.053,98.0,2.5,Ml
302452,2025-06-06 02:07:06,2025-06-05 22:07:06,40 km al E de Calama,-22.433,-68.541,109.0,3.3,Ml
302455,2025-06-06 02:26:10,2025-06-05 22:26:10,14 km al O de Ollagüe,-21.257,-68.38,137.0,2.5,Ml
302457,2025-06-06 02:43:38,2025-06-05 22:43:38,79 km al O de San Antonio de los Cobres,-23.985,-67.056,240.0,3.8,Ml
302465,2025-06-06 04:22:57,2025-06-06 00:22:57,76 km al SO de Ollagüe,-21.823,-68.614,116.0,2.6,Ml
302466,2025-06-06 04:27:52,2025-06-06 00:27:52,12 km al SO de Parque Fray Jorge,-30.751,-71.747,29.0,2.6,Ml
302468,2025-06-06 05:23:00,2025-06-06 01:23:00,76 km al SE de Socaire,-24.215,-67.581,228.0,2.7,Ml
302474,2025-06-06 06:38:16,2025-06-06 02:38:16,23 km al E de Canela Baja,-31.429,-71.218,16.0,3.4,Ml
302477,2025-06-06 07:28:17,2025-06-06 03:28:17,66 km al NE de Socaire,-23.326,-67.311,231.0,4.3,Ml
302481,2025-06-06 08:19:27,2025-06-06 04:19:27,51 km al SE de Socaire,-23.954,-67.584,278.0,2.9,Ml
302483,2025-06-06 09:01:04,2025-06-06 05:01:04,79 km al E de Socaire,-23.731,-67.128,240.0,3.4,Ml
302492,2025-06-06 10:37:47,2025-06-06 06:37:47,127 km al O de Lebu,-38.119,-74.955,50.0,2.7,Ml
302495,2025-06-06 11:07:49,2025-06-06 07:07:49,22 km al O de Puerto Octay,-40.892,-73.12,60.0,3.3,Ml
302498,2025-06-06 11:41:57,2025-06-06 07:41:57,68 km al E de Mina La Escondida,-24.271,-68.382,178.0,2.6,Ml
302504,2025-06-06 13:21:14,2025-06-06 09:21:14,59 km al SO de Taltal,-25.844,-70.826,35.0,2.7,Ml
302510,2025-06-06 14:57:04,2025-06-06 10:57:04,12 km al S de Pichidangui,-32.238,-71.558,36.0,3.0,Ml
302514,2025-06-06 15:26:09,2025-06-06 11:26:09,29 km al O de Ollagüe,-21.133,-68.512,121.0,2.9,Ml
302516,2025-06-06 15:37:48,2025-06-06 11:37:48,57 km al SO de Taltal,-25.851,-70.773,38.0,2.6,Ml
302518,2025-06-06 15:54:24,2025-06-06 11:54:24,57 km al O de San Antonio de los Cobres,-24.264,-66.883,182.0,3.6,Ml
302520,2025-06-06 16:04:38,2025-06-06 12:04:38,101 km al NE de Socaire,-23.136,-67.033,221.0,3.7,Ml
302523,2025-06-06 17:15:05,2025-06-06 13:15:05,54 km al S de Diego de Almagro,-26.87,-70.14,66.0,6.4,Mww
302526,2025-06-06 17:58:56,2025-06-06 13:58:56,104 km al S de Termas del Flaco,-35.891,-70.362,192.0,3.1,Ml
302531,2025-06-06 18:01:24,2025-06-06 14:01:24,14 km al NO de La Serena,-29.808,-71.344,48.0,2.5,Ml
302539,2025-06-06 19:04:30,2025-06-06 15:04:30,53 km al S de Socaire,-24.059,-67.784,256.0,3.5,Ml
302549,2025-06-06 20:36:05,2025-06-06 16:36:05,7 km al SE de Parque Fray Jorge,-30.698,-71.627,28.0,3.1,Ml
302553,2025-06-06 20:55:20,2025-06-06 16:55:20,50 km al E de Sierra Gorda,-22.978,-68.843,131.0,2.6,Ml
302566,2025-06-06 23:24:14,2025-06-06 19:24:14,62 km al SE de Socaire,-24.109,-67.66,250.0,2.9,Ml
302565,2025-06-06 23:29:12,2025-06-06 19:29:12,95 km al S de Mina La Escondida,-25.123,-69.139,105.0,2.7,Ml
302568,2025-06-07 00:07:00,2025-06-06 20:07:00,20 km al S de Sierra Gorda,-23.072,-69.342,86.0,2.7,Ml
302574,2025-06-07 02:16:34,2025-06-06 22:16:34,33 km al NE de Caldera,-26.805,-70.664,76.0,2.8,Ml
302576,2025-06-07 02:34:57,2025-06-06 22:34:57,49 km al SO de Castro,-42.716,-74.273,40.0,4.7,Mw
302583,2025-06-07 03:45:17,2025-06-06 23:45:17,56 km al E de Copiapó,-27.212,-69.795,96.0,3.7,Ml
302586,2025-06-07 05:11:58,2025-06-07 01:11:58,50 km al O de Socaire,-23.567,-68.382,196.0,2.9,Ml
302587,2025-06-07 05:31:21,2025-06-07 01:31:21,32 km al NE de San Pedro de Atacama,-22.708,-67.985,200.0,3.3,Ml
302590,2025-06-07 06:26:18,2025-06-07 02:26:18,122 km al SE de Copiapó,-27.938,-69.274,27.0,2.5,Ml
302594,2025-06-07 07:40:06,2025-06-07 03:40:06,65 km al O de Castro,-42.76,-74.463,35.0,2.5,Ml
302604,2025-06-07 09:05:54,2025-06-07 05:05:54,60 km al N de Calama,-21.936,-68.834,95.0,2.7,Ml
302613,2025-06-07 09:33:41,2025-06-07 05:33:41,98 km al SE de El Salvador,-27.051,-69.233,127.0,2.8,Ml
302615,2025-06-07 10:09:26,2025-06-07 06:09:26,233 km al S de Puerto Williams,-57.03,-67.67,10.0,3.5,Ml
302616,2025-06-07 10:34:39,2025-06-07 06:34:39,65 km al SE de Alto del Carmen,-29.308,-70.258,90.0,2.5,Ml
302617,2025-06-07 10:57:37,2025-06-07 06:57:37,54 km al SE de Socaire,-23.933,-67.519,261.0,3.1,Ml
302620,2025-06-07 11:06:04,2025-06-07 07:06:04,267 km al S de Puerto Williams,-57.32,-67.09,10.0,5.6,Mww
302621,2025-06-07 11:43:28,2025-06-07 07:43:28,262 km al S de Puerto Williams,-57.25,-66.8,10.0,3.5,Ml
302625,2025-06-07 12:59:47,2025-06-07 08:59:47,40 km al O de La Serena,-29.751,-71.625,40.0,3.1,Ml
302631,2025-06-07 13:30:55,2025-06-07 09:30:55,45 km al S de Putre,-18.597,-69.602,119.0,3.3,Ml
302636,2025-06-07 14:01:36,2025-06-07 10:01:36,40 km al SO de Mina Collahuasi,-21.05,-68.954,116.0,4.6,Mw
302668,2025-06-07 19:49:47,2025-06-07 15:49:47,53 km al N de Mejillones,-22.629,-70.412,21.0,2.8,Ml
302680,2025-06-07 23:11:49,2025-06-07 19:11:49,39 km al SE de Mina Los Pelambres,-32.039,-70.259,135.0,3.5,Ml
302687,2025-06-07 23:46:14,2025-06-07 19:46:14,48 km al SE de Rancagua,-34.468,-70.368,4.0,3.7,Ml
302703,2025-06-08 01:47:09,2025-06-07 21:47:09,83 km al O de Socaire,-23.515,-68.699,100.0,3.4,Ml
302709,2025-06-08 02:11:26,2025-06-07 22:11:26,4 km al N de Parque Fray Jorge,-30.625,-71.693,36.0,2.6,Ml
302711,2025-06-08 02:28:07,2025-06-07 22:28:07,132 km al E de San Pedro de Atacama,-22.769,-66.922,250.0,4.5,Ml
302722,2025-06-08 03:40:57,2025-06-07 23:40:57,35 km al SE de San Pedro de Atacama,-23.152,-67.97,135.0,3.0,Ml
302723,2025-06-08 03:44:08,2025-06-07 23:44:08,10 km al E de Tongoy,-30.29,-71.402,57.0,3.6,Ml
302731,2025-06-08 04:47:30,2025-06-08 00:47:30,83 km al NO de Carrizal Bajo,-27.652,-71.844,51.0,3.6,Ml
302734,2025-06-08 05:18:08,2025-06-08 01:18:08,25 km al O de Putre,-18.14,-69.787,131.0,2.9,Ml
302754,2025-06-08 08:54:13,2025-06-08 04:54:13,20 km al NO de Punitaqui,-30.733,-71.433,37.0,3.7,Ml
302755,2025-06-08 09:01:02,2025-06-08 05:01:02,32 km al SO de Pichidangui,-32.291,-71.812,22.0,2.7,Ml
302772,2025-06-08 11:07:40,2025-06-08 07:07:40,29 km al SE de Calama,-22.638,-68.71,101.0,3.7,Ml
302780,2025-06-08 11:32:27,2025-06-08 07:32:27,22 km al NE de Carrizal Bajo,-27.905,-71.061,51.0,2.6,Ml
302808,2025-06-08 13:04:34,2025-06-08 09:04:34,48 km al S de Ollagüe,-21.652,-68.294,138.0,2.9,Ml
302830,2025-06-08 15:57:37,2025-06-08 11:57:37,37 km al SO de Mina Collahuasi,-21.121,-68.828,114.0,3.6,Ml
302843,2025-06-08 17:27:13,2025-06-08 13:27:13,7 km al SO de Punitaqui,-30.883,-71.289,51.0,2.7,Ml
302846,2025-06-08 17:52:38,2025-06-08 13:52:38,48 km al N de Pica,-20.083,-69.189,98.0,3.4,Ml
302865,2025-06-08 20:08:19,2025-06-08 16:08:19,25 km al SO de Calama,-22.613,-69.123,88.0,2.6,Ml
302876,2025-06-08 22:08:14,2025-06-08 18:08:14,39 km al S de Mina Collahuasi,-21.174,-68.626,119.0,2.6,Ml
302893,2025-06-09 00:59:17,2025-06-08 20:59:17,12 km al O de Petorca,-32.25,-71.056,90.0,4.2,Ml
302897,2025-06-09 01:20:23,2025-06-08 21:20:23,73 km al SE de Socaire,-23.889,-67.253,240.0,3.3,Ml
302918,2025-06-09 06:48:54,2025-06-09 02:48:54,1 km al S de Farellones,-33.364,-70.311,12.0,2.6,Ml
302924,2025-06-09 07:19:25,2025-06-09 03:19:25,74 km al E de Los Andes,-32.813,-69.811,144.0,2.7,Ml
302926,2025-06-09 07:44:45,2025-06-09 03:44:45,48 km al SE de Sierra Gorda,-23.111,-68.914,88.0,3.4,Ml
302927,2025-06-09 08:44:59,2025-06-09 04:44:59,65 km al SO de Ollagüe,-21.759,-68.518,116.0,2.5,Ml
302935,2025-06-09 10:03:39,2025-06-09 06:03:39,34 km al SO de Putre,-18.448,-69.75,104.0,2.9,Ml
302942,2025-06-09 10:44:43,2025-06-09 06:44:43,21 km al NE de Mina La Escondida,-24.171,-68.878,112.0,2.9,Ml
302948,2025-06-09 12:48:35,2025-06-09 08:48:35,89 km al E de Alto del Carmen,-28.502,-69.626,126.0,3.5,Ml
302962,2025-06-09 16:10:42,2025-06-09 12:10:42,43 km al NO de San Pedro de Atacama,-22.563,-68.371,108.0,3.1,Ml
302967,2025-06-09 17:13:02,2025-06-09 13:13:02,46 km al NE de Calama,-22.133,-68.673,108.0,3.0,Ml
302979,2025-06-09 18:28:05,2025-06-09 14:28:05,47 km al O de El Tabo,-33.352,-72.16,37.0,3.3,Ml
303013,2025-06-10 00:04:10,2025-06-09 20:04:10,56 km al O de Carrizal Bajo,-28.052,-71.716,50.0,3.1,Ml
303035,2025-06-10 04:13:52,2025-06-10 00:13:52,47 km al E de Baquedano,-23.431,-69.396,106.0,2.6,Ml
303042,2025-06-10 04:52:36,2025-06-10 00:52:36,58 km al O de Ollagüe,-21.334,-68.805,117.0,2.7,Ml
303044,2025-06-10 05:17:58,2025-06-10 01:17:58,35 km al SO de Ollagüe,-21.506,-68.407,126.0,2.6,Ml
303048,2025-06-10 05:43:33,2025-06-10 01:43:33,15 km al SE de Calama,-22.556,-68.82,99.0,2.9,Ml
303050,2025-06-10 05:56:17,2025-06-10 01:56:17,76 km al SO de Ollagüe,-21.8,-68.654,120.0,2.8,Ml
303057,2025-06-10 06:15:33,2025-06-10 02:15:33,24 km al SO de Huasco,-28.65,-71.345,21.0,2.5,Ml
303063,2025-06-10 07:22:55,2025-06-10 03:22:55,45 km al N de Tocopilla,-21.699,-70.281,66.0,3.2,Ml
303072,2025-06-10 09:14:57,2025-06-10 05:14:57,41 km al O de Mina Collahuasi,-20.852,-69.053,107.0,2.6,Ml
303091,2025-06-10 12:49:43,2025-06-10 08:49:43,19 km al O de Los Vilos,-31.984,-71.696,36.0,3.3,Ml
303099,2025-06-10 14:51:57,2025-06-10 10:51:57,63 km al NO de El Salvador,-25.734,-69.888,82.0,3.1,Ml
303111,2025-06-10 16:39:27,2025-06-10 12:39:27,42 km al SO de Patache,-21.148,-70.392,55.0,3.3,Ml
303133,2025-06-10 18:52:44,2025-06-10 14:52:44,26 km al SE de San José de Maipo,-33.754,-70.101,15.0,2.8,Ml
303145,2025-06-10 20:19:55,2025-06-10 16:19:55,52 km al SO de Mina Collahuasi,-21.257,-68.847,112.0,2.6,Ml
303154,2025-06-10 21:29:40,2025-06-10 17:29:40,41 km al SO de Mina Collahuasi,-21.015,-68.994,105.0,3.0,Ml
303158,2025-06-10 22:49:45,2025-06-10 18:49:45,26 km al SE de San José de Maipo,-33.751,-70.108,16.0,2.5,Ml
303164,2025-06-10 23:34:55,2025-06-10 19:34:55,16 km al NO de Quillagua,-21.56,-69.653,40.0,3.6,Ml
303166,2025-06-10 23:38:33,2025-06-10 19:38:33,18 km al NO de Quillagua,-21.562,-69.678,41.0,3.9,Ml
303181,2025-06-11 01:49:33,2025-06-10 21:49:33,46 km al SO de Villa O'Higgins,-48.743,-73.035,27.0,3.4,Ml
303179,2025-06-11 01:52:28,2025-06-10 21:52:28,42 km al SE de Pica,-20.83,-69.154,107.0,2.7,Ml
303184,2025-06-11 02:27:36,2025-06-10 22:27:36,26 km al NE de Petorca,-32.032,-70.824,98.0,2.8,Ml
303186,2025-06-11 02:50:15,2025-06-10 22:50:15,37 km al O de Huasco,-28.595,-71.568,48.0,2.7,Ml
303193,2025-06-11 03:20:08,2025-06-10 23:20:08,29 km al SO de Calama,-22.587,-69.18,100.0,2.9,Ml
303216,2025-06-11 06:21:15,2025-06-11 02:21:15,59 km al NE de Pica,-20.043,-69.026,109.0,2.9,Ml
303224,2025-06-11 07:29:02,2025-06-11 03:29:02,127 km al O de Tirúa,-38.339,-74.952,8.0,3.4,Ml
303225,2025-06-11 07:32:27,2025-06-11 03:32:27,26 km al SO de Ollagüe,-21.396,-68.427,125.0,2.7,Ml
303238,2025-06-11 09:44:20,2025-06-11 05:44:20,28 km al SO de Patache,-21.026,-70.34,61.0,3.0,Ml
303240,2025-06-11 09:54:07,2025-06-11 05:54:07,32 km al SO de Ollagüe,-21.483,-68.388,127.0,2.8,Ml
303246,2025-06-11 11:13:07,2025-06-11 07:13:07,40 km al SE de Copiapó,-27.658,-70.09,88.0,3.7,Ml
303250,2025-06-11 13:19:55,2025-06-11 09:19:55,38 km al NO de Los Vilos,-31.656,-71.778,19.0,3.2,Ml
303253,2025-06-11 13:32:08,2025-06-11 09:32:08,71 km al E de Ollagüe,-20.998,-67.615,213.0,3.4,Ml
303260,2025-06-11 13:57:29,2025-06-11 09:57:29,40 km al NO de Putre,-17.921,-69.796,125.0,3.1,Ml
303262,2025-06-11 14:50:02,2025-06-11 10:50:02,46 km al SO de Mina Collahuasi,-21.065,-69.024,108.0,2.5,Ml
303268,2025-06-11 16:17:52,2025-06-11 12:17:52,44 km al NO de Constitución,-35.015,-72.696,9.0,3.0,Ml
303285,2025-06-11 19:12:46,2025-06-11 15:12:46,72 km al NO de Tongoy,-29.863,-72.095,31.0,2.8,Ml
303289,2025-06-11 19:46:32,2025-06-11 15:46:32,54 km al SE de Camiña,-19.717,-69.136,112.0,2.5,Ml
303343,2025-06-11 20:09:59,2025-06-11 16:09:59,39 km al S de Ollagüe,-21.558,-68.359,130.0,2.8,Ml
303296,2025-06-11 20:13:35,2025-06-11 16:13:35,29 km al SE de San Pedro de Atacama,-23.16,-68.097,175.0,3.6,Ml
303301,2025-06-11 20:39:12,2025-06-11 16:39:12,35 km al SO de Punta de Choros,-29.406,-71.775,36.0,2.5,Ml
303304,2025-06-11 21:10:29,2025-06-11 17:10:29,53 km al N de Pica,-20.017,-69.31,110.0,2.5,Ml
303314,2025-06-11 21:58:32,2025-06-11 17:58:32,65 km al SO de Ollagüe,-21.724,-68.589,127.0,2.5,Ml
303327,2025-06-11 23:05:13,2025-06-11 19:05:13,259 km al S de Puerto Williams,-57.26,-67.37,10.0,3.3,Ml
303338,2025-06-11 23:51:47,2025-06-11 19:51:47,60 km al NO de Quillagua,-21.358,-70.017,36.0,2.5,Ml
303337,2025-06-11 23:53:42,2025-06-11 19:53:42,45 km al E de Quillagua,-21.706,-69.1,95.0,3.8,Ml
303344,2025-06-12 00:21:05,2025-06-11 20:21:05,20 km al E de Socaire,-23.664,-67.709,283.0,3.1,Ml
303349,2025-06-12 00:46:35,2025-06-11 20:46:35,33 km al SE de La Ligua,-32.635,-70.954,73.0,2.7,Ml
303352,2025-06-12 01:17:14,2025-06-11 21:17:14,73 km al S de Socaire,-24.25,-67.859,245.0,3.3,Ml
303357,2025-06-12 01:48:07,2025-06-11 21:48:07,84 km al E de Copiapó,-27.508,-69.495,115.0,2.6,Ml
303359,2025-06-12 02:20:02,2025-06-11 22:20:02,66 km al NE de Socaire,-23.31,-67.317,243.0,3.4,Ml
303362,2025-06-12 03:28:18,2025-06-11 23:28:18,23 km al SO de Pichidangui,-32.251,-71.73,24.0,2.5,Ml
303365,2025-06-12 04:02:33,2025-06-12 00:02:33,86 km al NO de San Antonio de los Cobres,-23.907,-67.086,222.0,3.1,Ml
303370,2025-06-12 04:54:09,2025-06-12 00:54:09,44 km al SO de Mina Collahuasi,-21.13,-68.933,114.0,2.5,Ml
303377,2025-06-12 06:30:12,2025-06-12 02:30:12,74 km al SE de Socaire,-23.917,-67.26,242.0,3.4,Ml
303381,2025-06-12 07:28:46,2025-06-12 03:28:46,20 km al N de Calama,-22.296,-68.969,111.0,2.9,Ml
303383,2025-06-12 07:30:41,2025-06-12 03:30:41,65 km al SE de Socaire,-23.849,-67.316,198.0,3.2,Ml
303388,2025-06-12 09:48:32,2025-06-12 05:48:32,75 km al SO de San Pedro de Atacama,-23.389,-68.725,110.0,3.3,Ml
303390,2025-06-12 09:59:51,2025-06-12 05:59:51,83 km al SE de Socaire,-23.986,-67.195,245.0,3.9,Ml
303393,2025-06-12 10:23:09,2025-06-12 06:23:09,126 km al NE de Socaire,-22.878,-66.929,261.0,2.9,Ml
303397,2025-06-12 11:14:30,2025-06-12 07:14:30,18 km al NE de Pica,-20.38,-69.2,115.0,2.6,Ml
303406,2025-06-12 12:44:20,2025-06-12 08:44:20,50 km al S de Socaire,-24.042,-67.876,274.0,2.8,Ml
303415,2025-06-12 14:39:21,2025-06-12 10:39:21,53 km al SE de Socaire,-23.794,-67.418,220.0,2.6,Ml
303416,2025-06-12 14:49:44,2025-06-12 10:49:44,55 km al E de Patache,-21.01,-69.716,89.0,3.0,Ml
303420,2025-06-12 15:11:53,2025-06-12 11:11:53,37 km al N de Caldera,-26.74,-70.897,49.0,3.2,Ml
303427,2025-06-12 16:48:11,2025-06-12 12:48:11,76 km al NE de Calama,-21.914,-68.508,122.0,2.9,Ml
303430,2025-06-12 16:54:25,2025-06-12 12:54:25,24 km al SO de Arica,-18.585,-70.525,42.0,2.7,Ml
303432,2025-06-12 17:27:29,2025-06-12 13:27:29,46 km al SO de Mina Collahuasi,-21.09,-68.997,115.0,2.5,Ml
303444,2025-06-12 18:38:40,2025-06-12 14:38:40,71 km al S de Ollagüe,-21.818,-68.494,137.0,2.7,Ml
303454,2025-06-12 19:37:10,2025-06-12 15:37:10,76 km al SE de Socaire,-23.918,-67.233,219.0,2.8,Ml
303460,2025-06-12 21:08:19,2025-06-12 17:08:19,78 km al E de Socaire,-23.669,-67.125,253.0,3.5,Ml
303489,2025-06-12 21:17:15,2025-06-12 17:17:15,86 km al SE de Socaire,-24.261,-67.476,213.0,2.9,Ml
303481,2025-06-12 21:57:24,2025-06-12 17:57:24,75 km al O de San Antonio de los Cobres,-24.01,-67.019,200.0,2.9,Ml
303474,2025-06-12 22:01:23,2025-06-12 18:01:23,33 km al O de Mina Collahuasi,-20.738,-68.956,93.0,3.1,Ml
303477,2025-06-12 22:09:51,2025-06-12 18:09:51,44 km al SO de Mina Collahuasi,-21.034,-69.018,121.0,2.9,Ml
303478,2025-06-12 22:19:22,2025-06-12 18:19:22,42 km al E de Mina Los Pelambres,-31.897,-70.147,134.0,2.8,Ml
303488,2025-06-12 22:43:32,2025-06-12 18:43:32,44 km al O de Paposo,-25.094,-70.89,45.0,3.0,Ml
303492,2025-06-12 23:07:34,2025-06-12 19:07:34,37 km al S de Pica,-20.814,-69.392,84.0,2.7,Ml
303495,2025-06-12 23:26:43,2025-06-12 19:26:43,78 km al NE de San Pedro de Atacama,-22.433,-67.652,228.0,3.1,Ml
303498,2025-06-12 23:41:54,2025-06-12 19:41:54,31 km al O de Quintero,-32.672,-71.829,27.0,3.6,Ml
303508,2025-06-13 00:39:10,2025-06-12 20:39:10,49 km al SO de Mina Collahuasi,-21.239,-68.837,115.0,2.5,Ml
303512,2025-06-13 01:06:39,2025-06-12 21:06:39,28 km al O de Quintero,-32.671,-71.801,34.0,4.0,Ml
303514,2025-06-13 01:30:13,2025-06-12 21:30:13,35 km al E de San José de Maipo,-33.543,-69.992,12.0,2.5,Ml
303517,2025-06-13 01:57:04,2025-06-12 21:57:04,10 km al O de Villa O'Higgins,-48.473,-72.701,17.0,3.2,Ml
303520,2025-06-13 02:17:48,2025-06-12 22:17:48,37 km al O de Quillagua,-21.525,-69.858,47.0,2.5,Ml
303530,2025-06-13 03:04:20,2025-06-12 23:04:20,21 km al SO de Colina,-33.311,-70.861,69.0,2.9,Ml
303536,2025-06-13 03:38:53,2025-06-12 23:38:53,27 km al O de Ollagüe,-21.196,-68.514,130.0,3.0,Ml
303537,2025-06-13 03:43:41,2025-06-12 23:43:41,49 km al SE de Pica,-20.892,-69.135,100.0,2.6,Ml
303548,2025-06-13 04:55:56,2025-06-13 00:55:56,36 km al SE de Mina Los Pelambres,-31.972,-70.248,118.0,4.2,Ml
303551,2025-06-13 05:03:31,2025-06-13 01:03:31,62 km al SE de Socaire,-24.052,-67.555,266.0,2.7,Ml
303554,2025-06-13 05:30:37,2025-06-13 01:30:37,49 km al SO de Pichidangui,-32.406,-71.94,48.0,2.5,Ml
303559,2025-06-13 05:44:11,2025-06-13 01:44:11,51 km al SE de Socaire,-24.014,-67.706,230.0,3.2,Ml
303560,2025-06-13 05:51:22,2025-06-13 01:51:22,59 km al SE de Patache,-21.178,-69.79,28.0,2.6,Ml
303566,2025-06-13 07:07:21,2025-06-13 03:07:21,26 km al NO de Mina Collahuasi,-20.689,-68.858,105.0,3.1,Ml
303573,2025-06-13 08:21:38,2025-06-13 04:21:38,55 km al SE de Socaire,-23.906,-67.469,238.0,2.6,Ml
303577,2025-06-13 08:47:28,2025-06-13 04:47:28,16 km al SO de Ollagüe,-21.329,-68.356,132.0,2.8,Ml
303582,2025-06-13 09:04:44,2025-06-13 05:04:44,26 km al O de Ollagüe,-21.179,-68.5,127.0,3.2,Ml
303598,2025-06-13 10:58:59,2025-06-13 06:58:59,29 km al E de Sierra Gorda,-22.82,-69.048,85.0,2.7,Ml
303603,2025-06-13 11:57:45,2025-06-13 07:57:45,13 km al E de Petrohué,-41.155,-72.247,124.0,2.8,Ml
303610,2025-06-13 13:22:03,2025-06-13 09:22:03,86 km al SE de Socaire,-24.251,-67.46,216.0,3.1,Ml
303611,2025-06-13 13:58:49,2025-06-13 09:58:49,72 km al SO de Ollagüe,-21.816,-68.528,115.0,2.5,Ml
303614,2025-06-13 14:28:35,2025-06-13 10:28:35,62 km al N de Pica,-19.954,-69.168,100.0,2.6,Ml
303620,2025-06-13 15:33:10,2025-06-13 11:33:10,27 km al N de Patache,-20.568,-70.234,45.0,2.6,Ml
303626,2025-06-13 15:51:38,2025-06-13 11:51:38,50 km al O de Mina Collahuasi,-20.924,-69.132,104.0,3.0,Ml
303636,2025-06-13 17:08:40,2025-06-13 13:08:40,35 km al SE de Pica,-20.747,-69.133,104.0,3.8,Ml
303641,2025-06-13 17:32:41,2025-06-13 13:32:41,29 km al S de Mina Collahuasi,-21.077,-68.579,125.0,3.5,Ml
303644,2025-06-13 17:45:10,2025-06-13 13:45:10,76 km al SO de Ollagüe,-21.859,-68.519,126.0,2.6,Ml
303649,2025-06-13 18:01:20,2025-06-13 14:01:20,46 km al N de Puerto Natales,-51.319,-72.373,18.0,2.7,Ml
303661,2025-06-13 18:43:42,2025-06-13 14:43:42,77 km al SO de Ollagüe,-21.864,-68.527,130.0,2.7,Ml
303664,2025-06-13 18:56:13,2025-06-13 14:56:13,24 km al S de Mina Collahuasi,-21.043,-68.622,149.0,2.6,Ml
303676,2025-06-13 20:04:53,2025-06-13 16:04:53,13 km al N de Camiña,-19.196,-69.415,102.0,2.6,Ml
303678,2025-06-13 20:15:14,2025-06-13 16:15:14,37 km al NO de Quintero,-32.549,-71.813,19.0,2.5,Ml
303679,2025-06-13 20:29:47,2025-06-13 16:29:47,9 km al SE de Paposo,-25.045,-70.388,54.0,3.5,Ml
303684,2025-06-13 21:12:00,2025-06-13 17:12:00,49 km al N de San Pedro de Atacama,-22.489,-68.315,163.0,3.1,Ml
303696,2025-06-13 22:45:05,2025-06-13 18:45:05,30 km al N de Quillagua,-21.398,-69.59,67.0,2.7,Ml
303704,2025-06-13 23:36:44,2025-06-13 19:36:44,44 km al E de Socaire,-23.593,-67.462,251.0,3.1,Ml
303707,2025-06-14 00:16:17,2025-06-13 20:16:17,42 km al SO de Mina Collahuasi,-21.076,-68.961,114.0,2.8,Ml
303711,2025-06-14 01:18:34,2025-06-13 21:18:34,158 km al NO de Tocopilla,-21.49,-71.592,30.0,2.6,Ml
303716,2025-06-14 02:36:39,2025-06-13 22:36:39,68 km al S de Socaire,-24.197,-67.986,243.0,3.3,Ml
303718,2025-06-14 03:02:23,2025-06-13 23:02:23,45 km al SE de San Fabián,-36.879,-71.256,104.0,3.4,Ml
303722,2025-06-14 03:41:52,2025-06-13 23:41:52,53 km al NE de Pica,-20.074,-69.085,95.0,2.9,Ml
303732,2025-06-14 05:55:47,2025-06-14 01:55:47,61 km al NE de Calama,-22.041,-68.561,142.0,2.5,Ml
303736,2025-06-14 07:30:06,2025-06-14 03:30:06,31 km al E de Los Andes,-32.747,-70.279,107.0,2.6,Ml
303737,2025-06-14 08:09:41,2025-06-14 04:09:41,47 km al S de San Pedro de Atacama,-23.327,-68.328,183.0,2.8,Ml
303740,2025-06-14 08:24:43,2025-06-14 04:24:43,69 km al S de Socaire,-24.185,-67.706,234.0,3.0,Ml
303749,2025-06-14 10:30:30,2025-06-14 06:30:30,46 km al NE de Calama,-22.103,-68.714,120.0,2.6,Ml
303751,2025-06-14 10:44:15,2025-06-14 06:44:15,92 km al S de Socaire,-24.382,-67.635,196.0,3.8,Ml
303754,2025-06-14 10:54:08,2025-06-14 06:54:08,72 km al SE de Socaire,-24.146,-67.536,239.0,3.3,Ml
303759,2025-06-14 12:27:56,2025-06-14 08:27:56,16 km al O de Andacollo,-30.28,-71.237,56.0,2.5,Ml
303760,2025-06-14 12:43:19,2025-06-14 08:43:19,78 km al SO de Ollagüe,-21.831,-68.623,128.0,2.5,Ml
303763,2025-06-14 13:35:44,2025-06-14 09:35:44,73 km al S de Socaire,-24.244,-67.944,254.0,2.6,Ml
303764,2025-06-14 13:53:55,2025-06-14 09:53:55,68 km al NO de San Antonio de los Cobres,-23.749,-66.74,240.0,2.9,Ml
303783,2025-06-14 18:16:28,2025-06-14 14:16:28,46 km al O de Mina Collahuasi,-20.859,-69.099,104.0,2.6,Ml
303785,2025-06-14 18:28:18,2025-06-14 14:28:18,82 km al SE de Socaire,-23.949,-67.189,242.0,2.5,Ml
303787,2025-06-14 18:43:27,2025-06-14 14:43:27,28 km al O de Quintero,-32.674,-71.805,33.0,2.9,Ml
303797,2025-06-14 19:25:57,2025-06-14 15:25:57,44 km al E de Calama,-22.529,-68.511,120.0,3.3,Ml
303799,2025-06-14 19:29:56,2025-06-14 15:29:56,19 km al O de La Ligua,-32.521,-71.415,50.0,3.0,Ml
303802,2025-06-14 19:58:19,2025-06-14 15:58:19,26 km al E de Vichuquén,-34.806,-71.724,42.0,3.3,Ml
303806,2025-06-14 20:41:33,2025-06-14 16:41:33,21 km al E de Camiña,-19.324,-69.223,105.0,2.6,Ml
303810,2025-06-14 21:17:09,2025-06-14 17:17:09,40 km al O de La Serena,-29.858,-71.659,29.0,2.6,Ml
303812,2025-06-14 21:18:03,2025-06-14 17:18:03,39 km al O de Ollagüe,-21.187,-68.626,132.0,2.5,Ml
303814,2025-06-14 21:30:30,2025-06-14 17:30:30,16 km al E de Punta de Choros,-29.252,-71.303,58.0,3.5,Ml
303822,2025-06-14 22:06:27,2025-06-14 18:06:27,42 km al E de Pica,-20.523,-68.924,101.0,2.6,Ml
303823,2025-06-14 22:29:16,2025-06-14 18:29:16,95 km al NE de Socaire,-23.06,-67.166,221.0,2.9,Ml
303827,2025-06-14 22:56:02,2025-06-14 18:56:02,19 km al NO de Los Andes,-32.678,-70.676,105.0,3.1,Ml
303828,2025-06-14 23:18:45,2025-06-14 19:18:45,115 km al SO de Lebu,-38.133,-74.783,5.0,3.6,Ml
303831,2025-06-14 23:29:57,2025-06-14 19:29:57,68 km al SO de Ollagüe,-21.625,-68.753,116.0,2.8,Ml
303839,2025-06-15 00:39:19,2025-06-14 20:39:19,11 km al SO de Ovalle,-30.665,-71.286,53.0,2.5,Ml
303844,2025-06-15 01:30:48,2025-06-14 21:30:48,73 km al NE de San Pedro de Atacama,-22.327,-67.888,195.0,3.6,Ml
303847,2025-06-15 01:50:24,2025-06-14 21:50:24,67 km al NE de El Salvador,-25.793,-69.185,15.0,2.9,Ml
303849,2025-06-15 02:06:16,2025-06-14 22:06:16,48 km al NO de Parque Fray Jorge,-30.334,-72.0,42.0,2.6,Ml
303854,2025-06-15 02:33:30,2025-06-14 22:33:30,51 km al S de Socaire,-24.031,-67.749,240.0,3.2,Ml
303866,2025-06-15 04:32:37,2025-06-15 00:32:37,46 km al E de Ollagüe,-21.163,-67.812,193.0,2.5,Ml
303872,2025-06-15 05:17:49,2025-06-15 01:17:49,71 km al S de Socaire,-24.224,-67.909,239.0,2.5,Ml
303871,2025-06-15 05:23:22,2025-06-15 01:23:22,50 km al NO de Caldera,-26.853,-71.27,52.0,2.9,Ml
303874,2025-06-15 05:35:27,2025-06-15 01:35:27,35 km al O de Villa O'Higgins,-48.54,-73.022,17.0,3.0,Ml
303889,2025-06-15 09:30:54,2025-06-15 05:30:54,12 km al SO de Ovalle,-30.664,-71.312,54.0,3.7,Ml
303893,2025-06-15 10:19:48,2025-06-15 06:19:48,25 km al N de Caleta El Cobre,-24.028,-70.565,56.0,3.8,Ml
303897,2025-06-15 10:47:23,2025-06-15 06:47:23,15 km al SO de San Pedro de Atacama,-22.975,-68.329,162.0,3.1,Ml
303902,2025-06-15 11:49:19,2025-06-15 07:49:19,76 km al E de Socaire,-23.365,-67.187,263.0,3.4,Ml
303908,2025-06-15 12:36:46,2025-06-15 08:36:46,13 km al NE de Punta de Choros,-29.184,-71.358,57.0,2.8,Ml
303941,2025-06-15 18:46:50,2025-06-15 14:46:50,32 km al SE de Pica,-20.73,-69.16,108.0,2.5,Ml
303958,2025-06-15 21:19:59,2025-06-15 17:19:59,39 km al S de Ollagüe,-21.573,-68.211,136.0,3.4,Ml
303967,2025-06-15 22:09:34,2025-06-15 18:09:34,98 km al O de San Antonio de los Cobres,-24.394,-67.272,194.0,3.8,Ml
303976,2025-06-15 23:09:15,2025-06-15 19:09:15,68 km al SO de Ollagüe,-21.784,-68.527,122.0,3.2,Ml
303979,2025-06-16 00:51:17,2025-06-15 20:51:17,12 km al SO de Iquique,-20.312,-70.206,46.0,3.7,Ml
303986,2025-06-16 03:17:19,2025-06-15 23:17:19,6 km al NO de Carrizal Bajo,-28.054,-71.207,27.0,2.7,Ml
303996,2025-06-16 05:16:24,2025-06-16 01:16:24,45 km al NE de Farellones,-33.028,-70.015,11.0,3.4,Ml
304000,2025-06-16 06:24:53,2025-06-16 02:24:53,34 km al O de Ollagüe,-21.258,-68.578,114.0,2.7,Ml
304008,2025-06-16 07:19:11,2025-06-16 03:19:11,11 km al NO de Monte Patria,-30.62,-71.037,56.0,3.4,Ml
304011,2025-06-16 08:19:28,2025-06-16 04:19:28,44 km al N de San Pedro de Atacama,-22.526,-68.131,191.0,4.1,Ml
304058,2025-06-16 18:56:41,2025-06-16 14:56:41,121 km al O de Lebu,-37.702,-75.026,27.0,4.0,Ml
304064,2025-06-16 19:53:23,2025-06-16 15:53:23,14 km al NE de Pisagua,-19.531,-70.106,34.0,2.6,Ml
304066,2025-06-16 20:24:57,2025-06-16 16:24:57,9 km al O de La Higuera,-29.519,-71.291,70.0,3.4,Ml
304087,2025-06-16 23:47:11,2025-06-16 19:47:11,26 km al NO de Navidad,-33.784,-72.025,12.0,2.6,Ml
304089,2025-06-16 23:47:40,2025-06-16 19:47:40,50 km al E de Patache,-20.78,-69.721,61.0,3.8,Ml
304093,2025-06-17 00:04:41,2025-06-16 20:04:41,51 km al NO de Concepción,-36.54,-73.492,34.0,3.7,Ml
304103,2025-06-17 02:38:12,2025-06-16 22:38:12,40 km al O de Mina Collahuasi,-20.823,-69.044,103.0,3.0,Ml
304112,2025-06-17 03:33:56,2025-06-16 23:33:56,10 km al O de Panguipulli,-39.603,-72.428,80.0,3.1,Ml
304116,2025-06-17 04:00:53,2025-06-17 00:00:53,55 km al NE de Calama,-22.105,-68.57,124.0,3.4,Ml
304131,2025-06-17 05:59:54,2025-06-17 01:59:54,71 km al NE de Calama,-21.89,-68.649,133.0,2.7,Ml
304151,2025-06-17 09:18:14,2025-06-17 05:18:14,72 km al O de Punta de Choros,-29.262,-72.213,42.0,2.5,Ml
304155,2025-06-17 10:10:21,2025-06-17 06:10:21,74 km al SO de Ollagüe,-21.828,-68.553,114.0,3.2,Ml
304159,2025-06-17 10:41:46,2025-06-17 06:41:46,22 km al SO de San Fernando,-34.764,-71.089,81.0,2.7,Ml
304161,2025-06-17 11:31:24,2025-06-17 07:31:24,24 km al S de Tongoy,-30.468,-71.49,63.0,3.7,Ml
304163,2025-06-17 11:43:22,2025-06-17 07:43:22,34 km al S de Mina Collahuasi,-21.12,-68.744,121.0,2.9,Ml
304174,2025-06-17 15:26:15,2025-06-17 11:26:15,72 km al S de Socaire,-24.227,-67.777,229.0,3.3,Ml
304178,2025-06-17 15:55:06,2025-06-17 11:55:06,37 km al SO de Mina Collahuasi,-21.114,-68.837,110.0,2.5,Ml
304200,2025-06-17 18:31:56,2025-06-17 14:31:56,83 km al S de Socaire,-24.322,-67.738,211.0,3.7,Ml
304209,2025-06-17 19:52:33,2025-06-17 15:52:33,41 km al NE de Calama,-22.181,-68.676,128.0,2.9,Ml
304212,2025-06-17 20:22:10,2025-06-17 16:22:10,54 km al SE de Sierra Gorda,-23.173,-68.896,99.0,3.2,Ml
304218,2025-06-17 21:11:43,2025-06-17 17:11:43,40 km al SE de Toltén,-39.449,-72.851,53.0,2.9,Ml
304235,2025-06-17 23:29:29,2025-06-17 19:29:29,38 km al N de Punta de Choros,-28.909,-71.478,39.0,2.8,Ml
304238,2025-06-18 00:18:15,2025-06-17 20:18:15,17 km al NO de Socaire,-23.487,-68.013,188.0,2.9,Ml
304241,2025-06-18 01:05:54,2025-06-17 21:05:54,21 km al S de Linares,-36.031,-71.574,85.0,3.6,Ml
304260,2025-06-18 05:02:50,2025-06-18 01:02:50,45 km al SO de Mina Collahuasi,-21.079,-68.999,109.0,4.0,Ml
304266,2025-06-18 06:00:39,2025-06-18 02:00:39,31 km al SO de Pichidangui,-32.303,-71.792,30.0,3.1,Ml
304268,2025-06-18 06:19:08,2025-06-18 02:19:08,61 km al NE de Calama,-21.989,-68.636,125.0,2.6,Ml
304283,2025-06-18 08:37:04,2025-06-18 04:37:04,56 km al SO de Mina Collahuasi,-21.164,-69.057,122.0,3.0,Ml
304321,2025-06-18 17:14:43,2025-06-18 13:14:43,48 km al SE de Antofagasta,-23.869,-69.992,83.0,3.0,Ml
304337,2025-06-18 21:11:57,2025-06-18 17:11:57,29 km al SO de Mina Collahuasi,-21.066,-68.762,114.0,3.0,Ml
304350,2025-06-18 23:56:35,2025-06-18 19:56:35,44 km al SO de Ollagüe,-21.563,-68.481,117.0,3.0,Ml
304361,2025-06-19 02:11:45,2025-06-18 22:11:45,13 km al E de Pica,-20.505,-69.203,97.0,3.6,Ml
304379,2025-06-19 04:33:12,2025-06-19 00:33:12,43 km al S de Mina Collahuasi,-21.21,-68.68,106.0,3.4,Ml
304383,2025-06-19 05:07:23,2025-06-19 01:07:23,120 km al O de Lebu,-37.827,-74.997,29.0,3.7,Ml
304395,2025-06-19 07:04:35,2025-06-19 03:04:35,14 km al NO de Tongoy,-30.178,-71.603,54.0,3.1,Ml
304398,2025-06-19 08:36:04,2025-06-19 04:36:04,34 km al N de Camiña,-19.014,-69.353,112.0,3.2,Ml
304401,2025-06-19 08:57:18,2025-06-19 04:57:18,43 km al O de Fresia,-41.11,-73.929,36.0,3.2,Ml
304420,2025-06-19 13:03:38,2025-06-19 09:03:38,35 km al SE de Alto del Carmen,-29.044,-70.338,109.0,2.5,Ml
304427,2025-06-19 14:30:12,2025-06-19 10:30:12,29 km al NO de Mina Collahuasi,-20.715,-68.905,101.0,2.5,Ml
304435,2025-06-19 14:54:40,2025-06-19 10:54:40,84 km al SE de Socaire,-23.975,-67.177,214.0,3.1,Ml
304431,2025-06-19 15:08:59,2025-06-19 11:08:59,14 km al S de Cuya,-19.288,-70.189,56.0,2.8,Ml
304437,2025-06-19 16:12:08,2025-06-19 12:12:08,57 km al O de Ollagüe,-21.373,-68.785,115.0,3.7,Ml
304439,2025-06-19 16:21:50,2025-06-19 12:21:50,59 km al SO de Socaire,-24.043,-68.197,286.0,2.8,Ml
304441,2025-06-19 16:41:13,2025-06-19 12:41:13,57 km al SO de San Pedro de Atacama,-23.176,-68.679,108.0,2.9,Ml
304449,2025-06-19 18:17:41,2025-06-19 14:17:41,39 km al SO de Mina Collahuasi,-20.975,-68.995,99.0,2.5,Ml
304453,2025-06-19 19:29:26,2025-06-19 15:29:26,71 km al SO de San Pedro de Atacama,-23.449,-68.587,115.0,2.9,Ml
304466,2025-06-19 20:37:57,2025-06-19 16:37:57,224 km al S de Puerto Williams,-56.934,-67.128,10.0,4.3,Ml
304465,2025-06-19 20:40:37,2025-06-19 16:40:37,30 km al E de Casablanca,-33.316,-71.085,69.0,2.5,Ml
304464,2025-06-19 20:42:00,2025-06-19 16:42:00,54 km al E de Quillagua,-21.731,-69.016,99.0,2.6,Ml
304499,2025-06-19 20:44:21,2025-06-19 16:44:21,227 km al SO de Puerto Williams,-56.79,-69.14,10.0,3.6,Ml
304479,2025-06-19 21:40:20,2025-06-19 17:40:20,74 km al NE de Calama,-21.879,-68.596,135.0,3.6,Ml
304484,2025-06-19 21:58:17,2025-06-19 17:58:17,37 km al NE de Farellones,-33.036,-70.174,109.0,2.7,Ml
304490,2025-06-19 23:37:29,2025-06-19 19:37:29,34 km al S de Mina Collahuasi,-21.134,-68.672,113.0,2.6,Ml
304491,2025-06-19 23:45:05,2025-06-19 19:45:05,82 km al E de Socaire,-23.894,-67.154,224.0,3.4,Ml
304495,2025-06-20 00:30:07,2025-06-19 20:30:07,120 km al NE de Socaire,-23.063,-66.863,254.0,3.8,Ml
304501,2025-06-20 01:14:48,2025-06-19 21:14:48,37 km al NE de Osorno,-40.336,-72.822,65.0,2.6,Ml
304503,2025-06-20 01:34:43,2025-06-19 21:34:43,55 km al S de Socaire,-24.082,-67.856,250.0,2.7,Ml
304506,2025-06-20 02:10:19,2025-06-19 22:10:19,45 km al NE de Calama,-22.098,-68.763,113.0,2.6,Ml
304508,2025-06-20 02:27:46,2025-06-19 22:27:46,59 km al SE de Socaire,-23.864,-67.396,260.0,3.7,Ml
304511,2025-06-20 02:52:50,2025-06-19 22:52:50,37 km al SE de Pica,-20.759,-69.113,103.0,3.7,Ml
304513,2025-06-20 02:57:26,2025-06-19 22:57:26,87 km al SE de Socaire,-24.232,-67.408,206.0,3.2,Ml
304532,2025-06-20 06:01:46,2025-06-20 02:01:46,106 km al E de Paihuano,-29.841,-69.442,133.0,3.1,Ml
304537,2025-06-20 06:29:56,2025-06-20 02:29:56,41 km al E de Mina Los Pelambres,-31.979,-70.189,125.0,3.1,Ml
304539,2025-06-20 06:40:16,2025-06-20 02:40:16,57 km al E de Ollagüe,-21.368,-67.73,227.0,2.6,Ml
304545,2025-06-20 07:25:54,2025-06-20 03:25:54,62 km al N de Pica,-19.963,-69.144,97.0,2.5,Ml
304546,2025-06-20 07:27:54,2025-06-20 03:27:54,30 km al SO de Uyuni,-20.593,-67.072,291.0,3.5,Ml
304556,2025-06-20 09:09:25,2025-06-20 05:09:25,63 km al SO de Ollagüe,-21.684,-68.602,117.0,2.8,Ml
304557,2025-06-20 09:29:10,2025-06-20 05:29:10,62 km al N de San Pedro de Atacama,-22.364,-68.141,151.0,3.0,Ml
304579,2025-06-20 13:00:41,2025-06-20 09:00:41,16 km al O de Vallenar,-28.532,-70.911,73.0,2.6,Ml
304580,2025-06-20 13:51:26,2025-06-20 09:51:26,154 km al O de Tirúa,-38.404,-75.261,34.0,3.8,Ml
304584,2025-06-20 14:15:32,2025-06-20 10:15:32,86 km al SE de Socaire,-23.929,-67.128,222.0,2.8,Ml
304594,2025-06-20 16:06:16,2025-06-20 12:06:16,36 km al NO de Punta de Choros,-28.95,-71.6,44.0,2.8,Ml
304595,2025-06-20 16:09:00,2025-06-20 12:09:00,72 km al NE de Los Andes,-32.46,-69.968,135.0,3.1,Ml
304615,2025-06-20 18:55:15,2025-06-20 14:55:15,86 km al S de Socaire,-24.336,-68.129,254.0,3.7,Ml
304632,2025-06-20 22:11:08,2025-06-20 18:11:08,66 km al SO de Ollagüe,-21.758,-68.543,133.0,2.7,Ml
304644,2025-06-21 00:49:08,2025-06-20 20:49:08,40 km al SO de Ollagüe,-21.477,-68.525,120.0,2.8,Ml
304652,2025-06-21 01:27:27,2025-06-20 21:27:27,40 km al O de Mina Collahuasi,-20.922,-69.033,104.0,2.5,Ml
304654,2025-06-21 01:38:13,2025-06-20 21:38:13,56 km al SO de Tocopilla,-22.534,-70.464,19.0,3.0,Ml
304656,2025-06-21 01:58:57,2025-06-20 21:58:57,98 km al E de San Pedro de Atacama,-22.862,-67.243,245.0,3.2,Ml
304666,2025-06-21 03:36:23,2025-06-20 23:36:23,15 km al O de Punitaqui,-30.855,-71.417,63.0,2.9,Ml
304676,2025-06-21 04:45:28,2025-06-21 00:45:28,63 km al O de Ollagüe,-21.433,-68.823,111.0,2.9,Ml
304679,2025-06-21 05:41:19,2025-06-21 01:41:19,31 km al O de Santa Cruz,-34.755,-71.677,47.0,2.5,Ml
304683,2025-06-21 06:28:02,2025-06-21 02:28:02,55 km al N de San Pedro de Atacama,-22.433,-68.127,139.0,2.6,Ml
304684,2025-06-21 06:40:50,2025-06-21 02:40:50,49 km al SE de Calama,-22.869,-68.723,95.0,2.5,Ml
304686,2025-06-21 06:49:43,2025-06-21 02:49:43,24 km al E de Concepción,-36.818,-72.783,34.0,2.6,Ml
304688,2025-06-21 07:20:49,2025-06-21 03:20:49,25 km al NO de Punta de Choros,-29.061,-71.6,32.0,2.5,Ml
304692,2025-06-21 07:26:28,2025-06-21 03:26:28,68 km al SO de Ollagüe,-21.771,-68.549,125.0,2.5,Ml
304696,2025-06-21 08:00:49,2025-06-21 04:00:49,2 km al SO de San José de Maipo,-33.659,-70.363,116.0,4.2,Ml
304705,2025-06-21 08:55:28,2025-06-21 04:55:28,82 km al E de Socaire,-23.334,-67.141,215.0,3.8,Ml
304708,2025-06-21 09:47:17,2025-06-21 05:47:17,89 km al E de Socaire,-23.454,-67.031,226.0,4.1,Ml
304715,2025-06-21 10:21:24,2025-06-21 06:21:24,80 km al SE de Socaire,-24.004,-67.249,224.0,3.1,Ml
304730,2025-06-21 12:04:25,2025-06-21 08:04:25,22 km al SE de Pica,-20.578,-69.14,108.0,2.6,Ml
304741,2025-06-21 14:34:31,2025-06-21 10:34:31,38 km al S de Calama,-22.812,-68.908,96.0,3.4,Ml
304743,2025-06-21 15:29:18,2025-06-21 11:29:18,157 km al S de Puerto Williams,-56.32,-67.14,10.0,3.3,Ml
304744,2025-06-21 15:36:27,2025-06-21 11:36:27,221 km al S de Puerto Williams,-56.898,-67.025,5.0,4.2,Ml
304753,2025-06-21 16:40:47,2025-06-21 12:40:47,132 km al NE de Alto del Carmen,-28.154,-69.324,125.0,3.1,Ml
304760,2025-06-21 17:48:09,2025-06-21 13:48:09,34 km al NE de Carrizal Bajo,-27.838,-70.951,45.0,2.9,Ml
304767,2025-06-21 18:26:35,2025-06-21 14:26:35,33 km al E de Pica,-20.465,-69.012,103.0,3.0,Ml
304784,2025-06-21 19:50:20,2025-06-21 15:50:20,19 km al N de La Serena,-29.73,-71.26,47.0,3.1,Ml
304790,2025-06-21 20:34:52,2025-06-21 16:34:52,40 km al S de Mina Collahuasi,-21.181,-68.732,109.0,2.6,Ml
304792,2025-06-21 20:40:42,2025-06-21 16:40:42,72 km al SE de Socaire,-24.024,-67.37,195.0,3.4,Ml
304794,2025-06-21 20:56:20,2025-06-21 16:56:20,116 km al S de Mina La Escondida,-25.294,-68.836,119.0,2.6,Ml
304795,2025-06-21 21:04:53,2025-06-21 17:04:53,82 km al O de San Antonio de los Cobres,-23.93,-67.063,194.0,3.2,Ml
304805,2025-06-21 22:08:24,2025-06-21 18:08:24,69 km al SO de Ollagüe,-21.779,-68.552,131.0,3.6,Ml
304807,2025-06-21 22:53:22,2025-06-21 18:53:22,24 km al SO de Lonquimay,-38.566,-71.608,3.0,3.0,Ml
304816,2025-06-22 01:15:13,2025-06-21 21:15:13,84 km al E de Alto del Carmen,-28.668,-69.635,123.0,3.4,Ml
304819,2025-06-22 01:25:06,2025-06-21 21:25:06,25 km al SE de Calama,-22.615,-68.738,102.0,2.5,Ml
304821,2025-06-22 01:30:32,2025-06-21 21:30:32,72 km al SO de Ollagüe,-21.762,-68.637,123.0,3.1,Ml
304834,2025-06-22 03:04:28,2025-06-21 23:04:28,2 km al E de Parque Fray Jorge,-30.664,-71.658,33.0,3.0,Ml
304839,2025-06-22 03:19:43,2025-06-21 23:19:43,34 km al NE de Concepción,-36.558,-72.878,44.0,4.1,Ml
304845,2025-06-22 04:08:40,2025-06-22 00:08:40,49 km al O de Tacna,-18.092,-70.708,85.0,2.9,Ml
304847,2025-06-22 04:24:04,2025-06-22 00:24:04,81 km al E de Socaire,-23.786,-67.126,220.0,3.0,Ml
304855,2025-06-22 06:24:02,2025-06-22 02:24:02,57 km al SO de Ollagüe,-21.637,-68.581,129.0,2.7,Ml
304867,2025-06-22 07:38:05,2025-06-22 03:38:05,105 km al SE de Ollagüe,-21.922,-67.566,215.0,2.9,Ml
304873,2025-06-22 08:13:50,2025-06-22 04:13:50,22 km al S de Parque Fray Jorge,-30.854,-71.741,58.0,2.7,Ml
304876,2025-06-22 08:46:25,2025-06-22 04:46:25,58 km al S de Socaire,-24.104,-67.969,284.0,2.5,Ml
304879,2025-06-22 09:03:23,2025-06-22 05:03:23,21 km al N de La Higuera,-29.328,-71.231,53.0,2.5,Ml
304882,2025-06-22 09:51:35,2025-06-22 05:51:35,110 km al SO de Parque Fray Jorge,-31.126,-72.697,30.0,2.8,Ml
304883,2025-06-22 10:03:24,2025-06-22 06:03:24,69 km al E de Socaire,-23.421,-67.242,237.0,2.9,Ml
304887,2025-06-22 10:22:51,2025-06-22 06:22:51,71 km al E de Mina La Escondida,-24.288,-68.361,100.0,2.5,Ml
304891,2025-06-22 10:50:35,2025-06-22 06:50:35,47 km al SE de Socaire,-23.985,-67.72,167.0,2.6,Ml
304909,2025-06-22 14:27:46,2025-06-22 10:27:46,8 km al SO de Andacollo,-30.264,-71.162,60.0,2.8,Ml
304913,2025-06-22 14:46:05,2025-06-22 10:46:05,89 km al E de Mina Los Pelambres,-31.72,-69.65,150.0,4.6,Mw
304919,2025-06-22 16:18:41,2025-06-22 12:18:41,39 km al SE de Pica,-20.7,-69.031,100.0,2.5,Ml
304923,2025-06-22 16:32:22,2025-06-22 12:32:22,49 km al S de Camiña,-19.741,-69.336,109.0,3.0,Ml
304934,2025-06-22 18:01:38,2025-06-22 14:01:38,48 km al SO de Ollagüe,-21.601,-68.487,136.0,4.0,Ml
304937,2025-06-22 18:14:32,2025-06-22 14:14:32,24 km al SO de Salamanca,-31.959,-71.104,76.0,2.6,Ml
304945,2025-06-22 18:59:47,2025-06-22 14:59:47,36 km al NE de Mina Collahuasi,-20.532,-68.514,139.0,2.8,Ml
304949,2025-06-22 20:01:34,2025-06-22 16:01:34,46 km al SO de María Elena,-22.652,-69.961,12.0,3.1,Ml
304952,2025-06-22 20:46:16,2025-06-22 16:46:16,77 km al E de Quillagua,-21.71,-68.79,124.0,4.5,Mw
304960,2025-06-22 22:11:00,2025-06-22 18:11:00,21 km al O de Mina Collahuasi,-20.831,-68.856,105.0,3.1,Ml
304970,2025-06-22 23:34:11,2025-06-22 19:34:11,42 km al NO de Tirúa,-38.124,-73.883,18.0,3.9,Ml
304972,2025-06-22 23:35:33,2025-06-22 19:35:33,45 km al SE de Pica,-20.844,-69.128,109.0,3.3,Ml
304975,2025-06-22 23:47:24,2025-06-22 19:47:24,62 km al NE de Copiapó,-26.995,-69.86,100.0,2.9,Ml
304976,2025-06-22 23:55:11,2025-06-22 19:55:11,54 km al SE de Socaire,-23.947,-67.536,253.0,2.5,Ml
304982,2025-06-23 00:40:41,2025-06-22 20:40:41,21 km al O de La Serena,-29.955,-71.456,49.0,3.3,Ml
304984,2025-06-23 01:40:35,2025-06-22 21:40:35,44 km al O de San Pedro de Atacama,-22.96,-68.63,112.0,4.4,Mw
304993,2025-06-23 02:15:13,2025-06-22 22:15:13,11 km al NE de Caldera,-27.027,-70.725,54.0,3.0,Ml
304999,2025-06-23 02:46:34,2025-06-22 22:46:34,118 km al O de Navidad,-33.753,-73.09,30.0,2.5,Ml
305002,2025-06-23 03:22:15,2025-06-22 23:22:15,235 km al S de Puerto Williams,-57.04,-67.3,10.0,2.9,Ml
305013,2025-06-23 05:05:55,2025-06-23 01:05:55,32 km al NE de Socaire,-23.43,-67.623,263.0,2.9,Ml
305014,2025-06-23 05:21:48,2025-06-23 01:21:48,41 km al E de Arica,-18.619,-69.961,79.0,2.6,Ml
305018,2025-06-23 05:33:25,2025-06-23 01:33:25,45 km al NO de Canela Baja,-31.097,-71.779,28.0,2.8,Ml
305020,2025-06-23 05:39:04,2025-06-23 01:39:04,86 km al NE de San Pedro de Atacama,-22.237,-67.812,214.0,2.8,Ml
305029,2025-06-23 06:32:22,2025-06-23 02:32:22,29 km al NE de Calama,-22.316,-68.7,110.0,3.2,Ml
305035,2025-06-23 07:17:10,2025-06-23 03:17:10,19 km al S de La Serena,-30.076,-71.261,68.0,3.0,Ml
305043,2025-06-23 08:58:07,2025-06-23 04:58:07,25 km al N de Entre Lagos,-40.46,-72.571,89.0,3.0,Ml
305047,2025-06-23 09:55:06,2025-06-23 05:55:06,47 km al NE de San Pedro de Atacama,-22.583,-67.926,195.0,2.7,Ml
305051,2025-06-23 10:15:43,2025-06-23 06:15:43,67 km al SE de Camiña,-19.87,-69.173,101.0,3.0,Ml
305055,2025-06-23 10:59:59,2025-06-23 06:59:59,43 km al SE de Pica,-20.844,-69.163,111.0,2.5,Ml
305056,2025-06-23 11:04:30,2025-06-23 07:04:30,68 km al S de Socaire,-24.196,-67.855,232.0,2.6,Ml
305060,2025-06-23 12:04:48,2025-06-23 08:04:48,52 km al S de Patache,-21.262,-70.346,48.0,2.5,Ml
305062,2025-06-23 12:25:09,2025-06-23 08:25:09,34 km al NO de Mina Collahuasi,-20.658,-68.929,117.0,2.8,Ml
305067,2025-06-23 12:35:15,2025-06-23 08:35:15,78 km al E de Socaire,-23.87,-67.19,250.0,3.4,Ml
305076,2025-06-23 13:36:32,2025-06-23 09:36:32,18 km al NO de Vichuquén,-34.767,-72.129,19.0,2.6,Ml
305079,2025-06-23 13:50:59,2025-06-23 09:50:59,11 km al NE de Mejillones,-23.038,-70.369,39.0,3.9,Ml
305082,2025-06-23 14:18:06,2025-06-23 10:18:06,72 km al SO de Ollagüe,-21.763,-68.636,111.0,3.1,Ml
305094,2025-06-23 16:23:35,2025-06-23 12:23:35,47 km al O de Ollagüe,-21.274,-68.7,120.0,3.1,Ml
305111,2025-06-23 18:42:16,2025-06-23 14:42:16,46 km al O de Ollagüe,-21.287,-68.694,119.0,2.7,Ml
305136,2025-06-23 21:10:19,2025-06-23 17:10:19,15 km al S de Socaire,-23.715,-67.841,165.0,4.6,Mw
305159,2025-06-24 02:26:44,2025-06-23 22:26:44,83 km al O de San Antonio de los Cobres,-23.946,-67.074,230.0,3.4,Ml
305170,2025-06-24 02:58:26,2025-06-23 22:58:26,12 km al S de Punta de Choros,-29.352,-71.484,68.0,4.3,Ml
305179,2025-06-24 04:10:38,2025-06-24 00:10:38,24 km al O de Fresia,-41.246,-73.679,49.0,2.7,Ml
305183,2025-06-24 04:32:20,2025-06-24 00:32:20,83 km al E de Socaire,-23.332,-67.129,250.0,3.5,Ml
305186,2025-06-24 05:08:00,2025-06-24 01:08:00,105 km al O de Los Vilos,-31.615,-72.564,35.0,4.0,Ml
305202,2025-06-24 07:00:43,2025-06-24 03:00:43,44 km al SO de Mina Collahuasi,-21.138,-68.925,120.0,3.4,Ml
305206,2025-06-24 07:42:39,2025-06-24 03:42:39,108 km al NE de San Pedro de Atacama,-22.104,-67.63,200.0,4.5,Ml
305212,2025-06-24 09:35:49,2025-06-24 05:35:49,71 km al S de Ilo,-18.283,-71.375,15.0,3.0,Ml
305219,2025-06-24 10:52:57,2025-06-24 06:52:57,128 km al NO de Tongoy,-29.73,-72.675,20.0,2.6,Ml
305227,2025-06-24 12:45:20,2025-06-24 08:45:20,25 km al N de Tocopilla,-21.869,-70.225,20.0,2.7,Ml
305230,2025-06-24 13:42:36,2025-06-24 09:42:36,58 km al NO de Camiña,-18.851,-69.683,89.0,3.4,Ml
305232,2025-06-24 13:50:31,2025-06-24 09:50:31,52 km al NE de Cuya,-18.852,-69.805,82.0,3.4,Ml
305277,2025-06-24 22:49:05,2025-06-24 18:49:05,84 km al E de Ollagüe,-21.303,-67.447,223.0,4.2,Ml
305285,2025-06-25 00:11:38,2025-06-24 20:11:38,122 km al SO de Patache,-21.346,-71.227,40.0,2.8,Ml
305294,2025-06-25 03:03:11,2025-06-24 23:03:11,18 km al NO de Pichidangui,-32.042,-71.681,14.0,2.5,Ml
305297,2025-06-25 03:27:06,2025-06-24 23:27:06,32 km al SE de Calama,-22.664,-68.699,113.0,2.9,Ml
305299,2025-06-25 03:34:32,2025-06-24 23:34:32,53 km al SE de Socaire,-23.996,-67.617,240.0,3.6,Ml
305309,2025-06-25 05:03:37,2025-06-25 01:03:37,39 km al SO de Mina Collahuasi,-21.05,-68.947,110.0,2.6,Ml
305319,2025-06-25 06:21:37,2025-06-25 02:21:37,62 km al S de Socaire,-24.141,-67.816,242.0,3.8,Ml
305325,2025-06-25 08:17:11,2025-06-25 04:17:11,109 km al E de San Pedro de Atacama,-22.815,-67.144,238.0,3.5,Ml
305332,2025-06-25 10:17:57,2025-06-25 06:17:57,16 km al O de Quintero,-32.729,-71.691,35.0,3.1,Ml
305339,2025-06-25 11:33:17,2025-06-25 07:33:17,11 km al NE de Calama,-22.394,-68.857,111.0,2.7,Ml
305352,2025-06-25 14:20:05,2025-06-25 10:20:05,16 km al E de Socaire,-23.626,-67.737,279.0,3.8,Ml
305370,2025-06-25 17:04:55,2025-06-25 13:04:55,45 km al SO de Mina Collahuasi,-21.155,-68.911,114.0,2.8,Ml
305380,2025-06-25 17:57:10,2025-06-25 13:57:10,26 km al O de Parque Fray Jorge,-30.694,-71.957,31.0,2.8,Ml
305391,2025-06-25 19:26:32,2025-06-25 15:26:32,18 km al N de Pisagua,-19.438,-70.182,39.0,4.1,Ml
305405,2025-06-25 21:10:32,2025-06-25 17:10:32,18 km al SO de Punitaqui,-30.967,-71.362,60.0,3.1,Ml
305414,2025-06-26 00:19:07,2025-06-25 20:19:07,33 km al O de Angol,-37.739,-73.073,7.0,3.2,Ml
305420,2025-06-26 02:09:51,2025-06-25 22:09:51,23 km al NO de Ollagüe,-21.104,-68.435,135.0,2.6,Ml
305427,2025-06-26 03:30:30,2025-06-25 23:30:30,76 km al O de Arica,-18.483,-71.042,32.0,2.5,Ml
305446,2025-06-26 08:39:18,2025-06-26 04:39:18,43 km al SO de Punta de Choros,-29.514,-71.795,41.0,3.6,Ml
305453,2025-06-26 09:35:55,2025-06-26 05:35:55,78 km al E de Copiapó,-27.424,-69.546,114.0,3.0,Ml
305461,2025-06-26 11:15:40,2025-06-26 07:15:40,22 km al S de Parque Fray Jorge,-30.856,-71.677,27.0,2.6,Ml
305466,2025-06-26 12:57:02,2025-06-26 08:57:02,6 km al SO de Temuco,-38.785,-72.634,48.0,3.0,Ml
305481,2025-06-26 19:32:46,2025-06-26 15:32:46,42 km al NE de Calama,-22.24,-68.602,111.0,4.0,Ml
305491,2025-06-26 21:59:52,2025-06-26 17:59:52,75 km al NE de Calama,-21.853,-68.631,112.0,2.8,Ml
305501,2025-06-27 02:05:51,2025-06-26 22:05:51,64 km al S de Socaire,-24.15,-67.765,233.0,3.6,Ml
305503,2025-06-27 02:28:02,2025-06-26 22:28:02,49 km al SO de Mina Collahuasi,-21.237,-68.831,116.0,2.5,Ml
305505,2025-06-27 02:47:29,2025-06-26 22:47:29,61 km al NO de Mina La Escondida,-23.958,-69.546,86.0,3.7,Ml
305506,2025-06-27 02:51:03,2025-06-26 22:51:03,27 km al SO de Visviri,-17.72,-69.706,139.0,3.3,Ml
305510,2025-06-27 03:03:51,2025-06-26 23:03:51,40 km al NO de Mina La Escondida,-24.114,-69.409,79.0,3.5,Ml
305515,2025-06-27 03:24:09,2025-06-26 23:24:09,14 km al S de Tongoy,-30.375,-71.522,32.0,3.0,Ml
305522,2025-06-27 05:11:40,2025-06-27 01:11:40,32 km al S de Mina Collahuasi,-21.1,-68.572,118.0,2.9,Ml
305524,2025-06-27 05:21:21,2025-06-27 01:21:21,159 km al NO de Bahía Mansa,-39.644,-75.143,31.0,4.0,Ml
305527,2025-06-27 05:36:20,2025-06-27 01:36:20,43 km al E de Pica,-20.471,-68.919,108.0,2.8,Ml
305542,2025-06-27 08:11:04,2025-06-27 04:11:04,27 km al NO de Los Andes,-32.675,-70.815,93.0,2.8,Ml
305545,2025-06-27 08:36:04,2025-06-27 04:36:04,18 km al O de San Pedro de Atacama,-22.974,-68.361,117.0,2.7,Ml
305564,2025-06-27 12:05:48,2025-06-27 08:05:48,11 km al SE de Parque Fray Jorge,-30.729,-71.592,29.0,2.9,Ml
305569,2025-06-27 12:52:17,2025-06-27 08:52:17,24 km al SO de Sierra Gorda,-22.98,-69.533,92.0,2.5,Ml
305571,2025-06-27 13:01:40,2025-06-27 09:01:40,27 km al S de Sierra Gorda,-23.123,-69.384,86.0,3.5,Ml
305577,2025-06-27 14:37:20,2025-06-27 10:37:20,113 km al O de Pichilemu,-34.103,-73.188,15.0,2.5,Ml
305588,2025-06-27 17:38:54,2025-06-27 13:38:54,23 km al SO de Andacollo,-30.392,-71.228,16.0,3.3,Ml
305609,2025-06-27 19:23:32,2025-06-27 15:23:32,54 km al NO de Punta de Choros,-28.914,-71.87,42.0,2.9,Ml
305630,2025-06-27 22:30:42,2025-06-27 18:30:42,77 km al E de Socaire,-23.348,-67.18,259.0,3.2,Ml
305645,2025-06-28 01:20:17,2025-06-27 21:20:17,21 km al SO de Andacollo,-30.403,-71.171,17.0,2.8,Ml
305651,2025-06-28 03:03:58,2025-06-27 23:03:58,27 km al N de Mejillones,-22.868,-70.529,48.0,3.9,Ml
305655,2025-06-28 03:33:45,2025-06-27 23:33:45,51 km al S de Camiña,-19.767,-69.377,90.0,2.9,Ml
305657,2025-06-28 04:15:51,2025-06-28 00:15:51,11 km al NE de Panguipulli,-39.577,-72.237,99.0,2.6,Ml
305700,2025-06-28 06:38:59,2025-06-28 02:38:59,30 km al O de Bahía Mansa,-40.482,-74.055,35.0,2.5,Ml
305669,2025-06-28 06:50:37,2025-06-28 02:50:37,25 km al O de Bahía Mansa,-40.498,-74.008,11.0,2.5,Ml
305676,2025-06-28 08:40:03,2025-06-28 04:40:03,61 km al SO de Ollagüe,-21.66,-68.608,124.0,3.1,Ml
305681,2025-06-28 09:58:38,2025-06-28 05:58:38,17 km al N de La Serena,-29.752,-71.291,57.0,4.7,Mw
305703,2025-06-28 13:17:41,2025-06-28 09:17:41,69 km al SE de Socaire,-24.13,-67.554,226.0,2.9,Ml
305706,2025-06-28 13:34:12,2025-06-28 09:34:12,19 km al E de Cobquecura,-36.205,-72.606,59.0,2.9,Ml
305710,2025-06-28 14:15:15,2025-06-28 10:15:15,74 km al NE de Calama,-21.909,-68.549,115.0,2.8,Ml
305711,2025-06-28 14:57:58,2025-06-28 10:57:58,37 km al NE de Calama,-22.273,-68.645,108.0,3.0,Ml
305719,2025-06-28 16:14:45,2025-06-28 12:14:45,5 km al NO de Illapel,-31.612,-71.215,67.0,3.8,Ml
305741,2025-06-28 21:11:23,2025-06-28 17:11:23,11 km al SO de Tongoy,-30.315,-71.585,37.0,3.0,Ml
305756,2025-06-28 23:58:56,2025-06-28 19:58:56,26 km al SO de Ollagüe,-21.357,-68.457,135.0,2.7,Ml
305759,2025-06-29 00:04:58,2025-06-28 20:04:58,28 km al O de Arauco,-37.278,-73.637,25.0,3.3,Ml
305763,2025-06-29 00:53:28,2025-06-28 20:53:28,30 km al N de Lebu,-37.336,-73.657,27.0,2.5,Ml
305764,2025-06-29 01:01:46,2025-06-28 21:01:46,54 km al S de Socaire,-24.075,-67.883,248.0,3.0,Ml
305771,2025-06-29 02:36:29,2025-06-28 22:36:29,81 km al E de Alto del Carmen,-28.897,-69.672,128.0,2.9,Ml
305772,2025-06-29 02:43:27,2025-06-28 22:43:27,30 km al E de Pica,-20.539,-69.045,99.0,2.9,Ml
305784,2025-06-29 04:09:22,2025-06-29 00:09:22,35 km al N de Pica,-20.185,-69.258,113.0,3.0,Ml
305813,2025-06-29 08:44:57,2025-06-29 04:44:57,61 km al SO de Mina La Escondida,-24.714,-69.411,85.0,3.6,Ml
305817,2025-06-29 08:45:05,2025-06-29 04:45:05,20 km al NO de Pichidangui,-32.031,-71.701,31.0,2.6,Ml
305827,2025-06-29 10:06:39,2025-06-29 06:06:39,29 km al E de Petorca,-32.35,-70.64,16.0,2.7,Ml
305842,2025-06-29 10:31:42,2025-06-29 06:31:42,86 km al S de Socaire,-24.334,-68.133,249.0,2.6,Ml
305836,2025-06-29 11:14:50,2025-06-29 07:14:50,112 km al NE de Socaire,-23.06,-66.956,266.0,4.0,Ml
305839,2025-06-29 11:30:53,2025-06-29 07:30:53,38 km al E de Petorca,-32.324,-70.535,23.0,3.2,Ml
305858,2025-06-29 13:29:15,2025-06-29 09:29:15,49 km al E de Talca,-35.459,-71.123,109.0,2.7,Ml
305862,2025-06-29 14:07:28,2025-06-29 10:07:28,9 km al SO de Tongoy,-30.317,-71.554,25.0,2.6,Ml
305864,2025-06-29 14:24:15,2025-06-29 10:24:15,46 km al NO de Valdivia,-39.604,-73.706,22.0,2.6,Ml
305868,2025-06-29 15:26:54,2025-06-29 11:26:54,97 km al NE de Socaire,-23.098,-67.106,246.0,3.2,Ml
305876,2025-06-29 17:49:33,2025-06-29 13:49:33,65 km al SO de Mina Collahuasi,-21.335,-68.966,120.0,2.8,Ml
305886,2025-06-29 18:32:38,2025-06-29 14:32:38,35 km al NE de Pica,-20.289,-69.066,101.0,2.8,Ml
305887,2025-06-29 18:37:59,2025-06-29 14:37:59,32 km al N de Cauquenes,-35.676,-72.302,53.0,3.6,Ml
305891,2025-06-29 18:42:51,2025-06-29 14:42:51,32 km al O de Ollagüe,-21.209,-68.563,123.0,2.7,Ml
305898,2025-06-29 19:55:00,2025-06-29 15:55:00,60 km al NO de Parque Fray Jorge,-30.284,-72.129,40.0,3.6,Ml
305909,2025-06-29 21:36:10,2025-06-29 17:36:10,31 km al S de Socaire,-23.872,-67.873,136.0,2.7,Ml
305923,2025-06-29 23:59:51,2025-06-29 19:59:51,153 km al E de San Pedro de Atacama,-22.684,-66.727,279.0,4.0,Ml
305933,2025-06-30 02:55:35,2025-06-29 22:55:35,16 km al NO de San José de Maipo,-33.531,-70.457,101.0,3.0,Ml
305945,2025-06-30 04:19:12,2025-06-30 00:19:12,47 km al E de Ollagüe,-21.315,-67.813,179.0,2.6,Ml
305952,2025-06-30 04:55:44,2025-06-30 00:55:44,65 km al SE de Socaire,-23.994,-67.426,230.0,3.7,Ml
305961,2025-06-30 05:35:30,2025-06-30 01:35:30,75 km al S de Socaire,-24.263,-67.805,240.0,2.7,Ml
305971,2025-06-30 08:12:28,2025-06-30 04:12:28,26 km al E de Los Vilos,-31.96,-71.24,57.0,4.6,Mw
305977,2025-06-30 09:08:44,2025-06-30 05:08:44,238 km al S de Puerto Williams,-57.079,-67.661,9.0,2.7,Ml
305979,2025-06-30 09:31:57,2025-06-30 05:31:57,221 km al S de Puerto Williams,-56.906,-68.098,8.0,2.9,Ml
305983,2025-06-30 10:06:33,2025-06-30 06:06:33,38 km al SO de Mina Collahuasi,-21.017,-68.964,111.0,2.7,Ml
305988,2025-06-30 10:47:01,2025-06-30 06:47:01,51 km al SE de Rancagua,-34.492,-70.346,5.0,2.5,Ml
306005,2025-06-30 14:09:47,2025-06-30 10:09:47,41 km al E de Copiapó,-27.344,-69.919,106.0,3.3,Ml
306011,2025-06-30 14:28:34,2025-06-30 10:28:34,104 km al NO de Tongoy,-29.822,-72.45,22.0,3.1,Ml
306014,2025-06-30 14:51:53,2025-06-30 10:51:53,32 km al O de Los Andes,-32.717,-70.911,79.0,2.8,Ml
306016,2025-06-30 15:11:48,2025-06-30 11:11:48,68 km al N de Pica,-19.903,-69.15,95.0,3.0,Ml
306022,2025-06-30 16:13:39,2025-06-30 12:13:39,35 km al S de Mina Collahuasi,-21.138,-68.62,137.0,2.7,Ml
306030,2025-06-30 16:49:18,2025-06-30 12:49:18,39 km al SE de Pica,-20.803,-69.163,107.0,2.6,Ml
306031,2025-06-30 17:27:47,2025-06-30 13:27:47,46 km al S de Socaire,-23.998,-67.802,286.0,2.9,Ml
306042,2025-06-30 18:24:54,2025-06-30 14:24:54,27 km al SO de Victoria,-38.407,-72.551,45.0,3.0,Ml
306048,2025-06-30 19:30:08,2025-06-30 15:30:08,21 km al O de Los Andes,-32.796,-70.823,83.0,4.1,Ml
306062,2025-06-30 21:05:14,2025-06-30 17:05:14,15 km al O de Mina Los Pelambres,-31.843,-70.74,98.0,3.3,Ml
306074,2025-06-30 22:01:45,2025-06-30 18:01:45,19 km al S de La Serena,-30.063,-71.307,67.0,3.0,Ml
306077,2025-06-30 22:55:33,2025-06-30 18:55:33,21 km al O de Ollagüe,-21.268,-68.451,147.0,2.7,Ml
306080,2025-06-30 23:26:34,2025-06-30 19:26:34,38 km al N de Alto del Carmen,-28.436,-70.376,92.0,3.0,Ml
306087,2025-07-01 00:20:58,2025-06-30 20:20:58,71 km al SE de Socaire,-23.971,-67.328,240.0,3.5,Ml
306093,2025-07-01 00:50:40,2025-06-30 20:50:40,90 km al O de Arica,-18.453,-71.178,23.0,3.1,Ml
306100,2025-07-01 01:45:40,2025-06-30 21:45:40,194 km al S de Puerto Williams,-56.67,-67.25,10.0,3.0,Ml
306098,2025-07-01 02:15:14,2025-06-30 22:15:14,53 km al SO de Ollagüe,-21.664,-68.459,133.0,3.2,Ml
306106,2025-07-01 03:44:06,2025-06-30 23:44:06,19 km al N de La Serena,-29.731,-71.264,57.0,3.3,Ml
306116,2025-07-01 04:57:14,2025-07-01 00:57:14,50 km al E de Ollagüe,-21.224,-67.771,198.0,3.4,Ml
306118,2025-07-01 05:03:59,2025-07-01 01:03:59,60 km al S de Socaire,-24.131,-67.836,256.0,2.7,Ml
306138,2025-07-01 10:04:00,2025-07-01 06:04:00,50 km al NE de Calama,-22.127,-68.62,121.0,2.6,Ml
306142,2025-07-01 11:29:39,2025-07-01 07:29:39,56 km al N de Colchane,-18.775,-68.656,152.0,2.8,Ml
306145,2025-07-01 12:20:26,2025-07-01 08:20:26,31 km al E de Lebu,-37.646,-73.306,11.0,2.6,Ml
306143,2025-07-01 12:24:45,2025-07-01 08:24:45,71 km al SO de San Pedro de Atacama,-23.439,-68.607,103.0,2.7,Ml
306155,2025-07-01 14:47:26,2025-07-01 10:47:26,21 km al O de La Higuera,-29.494,-71.418,75.0,2.8,Ml
306157,2025-07-01 15:37:26,2025-07-01 11:37:26,16 km al S de Arica,-18.616,-70.283,53.0,2.5,Ml
306160,2025-07-01 16:51:14,2025-07-01 12:51:14,46 km al S de Pica,-20.874,-69.177,108.0,3.1,Ml
306162,2025-07-01 16:58:43,2025-07-01 12:58:43,31 km al SE de Pica,-20.634,-69.07,92.0,2.4,Ml
306171,2025-07-01 17:58:18,2025-07-01 13:58:18,22 km al N de Cuya,-18.972,-70.253,69.0,2.6,Ml
306186,2025-07-01 19:44:12,2025-07-01 15:44:12,10 km al SE de Punitaqui,-30.876,-71.165,57.0,4.5,Ml
306197,2025-07-01 21:19:53,2025-07-01 17:19:53,43 km al E de Pisagua,-19.449,-69.834,74.0,3.3,Ml
306217,2025-07-02 01:39:40,2025-07-01 21:39:40,73 km al O de Navidad,-33.69,-72.55,46.0,5.6,Mww
306219,2025-07-02 01:47:00,2025-07-01 21:47:00,77 km al O de Navidad,-33.646,-72.574,40.0,3.6,Ml
306242,2025-07-02 05:39:16,2025-07-02 01:39:16,51 km al NO de Quillagua,-21.319,-69.86,54.0,2.9,Ml
306246,2025-07-02 06:03:34,2025-07-02 02:03:34,34 km al S de Mina Collahuasi,-21.133,-68.615,130.0,3.1,Ml
306247,2025-07-02 06:04:57,2025-07-02 02:04:57,18 km al NE de Los Vilos,-31.785,-71.384,35.0,3.4,Ml
306269,2025-07-02 08:54:31,2025-07-02 04:54:31,30 km al SE de Vichuquén,-35.05,-71.733,48.0,3.2,Ml
306284,2025-07-02 11:06:26,2025-07-02 07:06:26,27 km al E de Calama,-22.401,-68.68,110.0,3.5,Ml
306285,2025-07-02 11:11:28,2025-07-02 07:11:28,88 km al E de San Pedro de Atacama,-22.928,-67.338,249.0,4.5,Ml
306294,2025-07-02 13:31:06,2025-07-02 09:31:06,37 km al O de El Tabo,-33.343,-72.049,37.0,3.4,Ml
306305,2025-07-02 14:25:16,2025-07-02 10:25:16,61 km al NE de Calama,-21.99,-68.651,112.0,3.1,Ml
306306,2025-07-02 14:32:03,2025-07-02 10:32:03,153 km al SO de Patache,-21.447,-71.509,16.0,3.0,Ml
306308,2025-07-02 15:20:16,2025-07-02 11:20:16,85 km al O de San Antonio de los Cobres,-23.989,-67.117,232.0,3.5,Ml
306338,2025-07-02 19:42:30,2025-07-02 15:42:30,47 km al N de Calama,-22.071,-68.785,108.0,2.6,Ml
306342,2025-07-02 19:59:04,2025-07-02 15:59:04,52 km al NE de Los Andes,-32.598,-70.123,143.0,2.7,Ml
306348,2025-07-02 20:47:45,2025-07-02 16:47:45,11 km al N de Pisagua,-19.5,-70.195,76.0,3.4,Ml
306370,2025-07-03 01:05:29,2025-07-02 21:05:29,48 km al S de Pica,-20.921,-69.281,86.0,3.2,Ml
306385,2025-07-03 03:12:07,2025-07-02 23:12:07,89 km al E de Copiapó,-27.649,-69.493,106.0,2.9,Ml
306388,2025-07-03 03:24:49,2025-07-02 23:24:49,19 km al NO de La Serena,-29.787,-71.4,50.0,3.3,Ml
306391,2025-07-03 04:05:55,2025-07-03 00:05:55,70 km al NO de Navidad,-33.618,-72.475,34.0,2.6,Ml
306410,2025-07-03 05:41:43,2025-07-03 01:41:43,82 km al E de Ollagüe,-21.34,-67.47,207.0,5.5,Mww
306417,2025-07-03 06:39:48,2025-07-03 02:39:48,67 km al O de Mina La Escondida,-24.423,-69.694,80.0,3.0,Ml
306427,2025-07-03 07:42:26,2025-07-03 03:42:26,41 km al NO de Mina Collahuasi,-20.55,-68.922,111.0,2.7,Ml
306446,2025-07-03 10:19:08,2025-07-03 06:19:08,46 km al SO de Punta de Choros,-29.53,-71.812,52.0,2.6,Ml
306467,2025-07-03 14:47:37,2025-07-03 10:47:37,117 km al O de Pichidangui,-32.26,-72.76,56.0,2.9,Ml
306472,2025-07-03 15:31:15,2025-07-03 11:31:15,145 km al NO de Cobquecura,-35.311,-74.047,27.0,3.0,Ml
306477,2025-07-03 16:24:40,2025-07-03 12:24:40,35 km al SO de Mina Collahuasi,-21.027,-68.916,111.0,3.1,Ml
306482,2025-07-03 17:00:03,2025-07-03 13:00:03,84 km al NO de Tongoy,-29.916,-72.27,43.0,3.0,Ml
306506,2025-07-03 19:41:26,2025-07-03 15:41:26,61 km al NE de Pica,-20.228,-68.814,117.0,2.5,Ml
306518,2025-07-03 22:10:51,2025-07-03 18:10:51,63 km al SO de Ollagüe,-21.703,-68.573,123.0,2.9,Ml
306524,2025-07-03 22:42:57,2025-07-03 18:42:57,36 km al SO de Uyuni,-20.717,-67.039,264.0,4.5,Mw
306543,2025-07-04 02:32:17,2025-07-03 22:32:17,25 km al S de Camiña,-19.524,-69.355,108.0,3.1,Ml
306553,2025-07-04 04:49:43,2025-07-04 00:49:43,35 km al E de Pica,-20.478,-68.991,112.0,2.6,Ml
306555,2025-07-04 04:53:30,2025-07-04 00:53:30,31 km al E de Pica,-20.589,-69.056,101.0,2.9,Ml
306557,2025-07-04 05:05:32,2025-07-04 01:05:32,56 km al SO de Ollagüe,-21.645,-68.55,129.0,3.3,Ml
306560,2025-07-04 05:31:11,2025-07-04 01:31:11,41 km al SE de San Pedro de Atacama,-23.168,-67.908,145.0,4.1,Ml
306573,2025-07-04 06:39:03,2025-07-04 02:39:03,27 km al O de Rancagua,-34.262,-71.01,72.0,3.4,Ml
306595,2025-07-04 10:27:54,2025-07-04 06:27:54,4 km al E de Canela Baja,-31.391,-71.415,59.0,2.8,Ml
306611,2025-07-04 12:30:58,2025-07-04 08:30:58,23 km al NO de Pica,-20.354,-69.496,101.0,3.7,Ml
306617,2025-07-04 13:40:51,2025-07-04 09:40:51,20 km al NO de La Serena,-29.787,-71.415,52.0,2.9,Ml
306619,2025-07-04 13:48:36,2025-07-04 09:48:36,17 km al E de Calama,-22.505,-68.769,120.0,3.1,Ml
306624,2025-07-04 14:36:18,2025-07-04 10:36:18,34 km al O de Valparaíso,-33.092,-71.979,37.0,2.5,Ml
306630,2025-07-04 15:34:43,2025-07-04 11:34:43,121 km al O de Bahía Mansa,-40.185,-75.057,22.0,3.6,Ml
306632,2025-07-04 15:47:47,2025-07-04 11:47:47,246 km al S de Puerto Williams,-57.14,-67.83,10.0,5.9,Mww
306636,2025-07-04 16:07:26,2025-07-04 12:07:26,21 km al E de Melipilla,-33.618,-71.002,76.0,3.7,Ml
306658,2025-07-04 19:42:48,2025-07-04 15:42:48,37 km al SO de Ollagüe,-21.495,-68.465,127.0,2.7,Ml
306661,2025-07-04 20:32:04,2025-07-04 16:32:04,60 km al NE de Calama,-21.984,-68.685,115.0,2.7,Ml
306671,2025-07-04 21:33:25,2025-07-04 17:33:25,97 km al NE de San Pedro de Atacama,-22.214,-67.648,205.0,3.4,Ml
306672,2025-07-04 21:40:35,2025-07-04 17:40:35,28 km al NO de Petorca,-32.072,-71.146,68.0,2.7,Ml
306686,2025-07-05 01:39:46,2025-07-04 21:39:46,27 km al NO de Tongoy,-30.033,-71.618,36.0,2.9,Ml
306698,2025-07-05 03:43:45,2025-07-04 23:43:45,38 km al SO de Ollagüe,-21.418,-68.56,125.0,3.1,Ml
306704,2025-07-05 04:29:32,2025-07-05 00:29:32,44 km al E de Pisagua,-19.508,-69.808,70.0,2.6,Ml
306705,2025-07-05 05:00:03,2025-07-05 01:00:03,42 km al O de Mina Collahuasi,-20.798,-69.062,100.0,2.8,Ml
306731,2025-07-05 10:15:55,2025-07-05 06:15:55,61 km al SO de Ollagüe,-21.7,-68.539,121.0,3.3,Ml
306759,2025-07-05 13:16:13,2025-07-05 09:16:13,9 km al O de Visviri,-17.57,-69.567,164.0,2.8,Ml
306756,2025-07-05 13:33:30,2025-07-05 09:33:30,27 km al NO de Tongoy,-30.128,-71.731,34.0,2.8,Ml
306761,2025-07-05 14:42:29,2025-07-05 10:42:29,35 km al NE de María Elena,-22.084,-69.473,80.0,2.6,Ml
306764,2025-07-05 14:47:33,2025-07-05 10:47:33,36 km al NE de Paposo,-24.799,-70.188,52.0,4.6,Mw
306778,2025-07-05 16:19:32,2025-07-05 12:19:32,33 km al O de Ollagüe,-21.272,-68.565,112.0,3.9,Ml
306780,2025-07-05 16:24:53,2025-07-05 12:24:53,69 km al SO de Socaire,-24.147,-68.196,268.0,3.1,Ml
306781,2025-07-05 16:45:40,2025-07-05 12:45:40,20 km al NO de San Fabián,-36.416,-71.689,79.0,2.6,Ml
306787,2025-07-05 16:54:28,2025-07-05 12:54:28,35 km al S de Temuco,-39.048,-72.522,57.0,2.9,Ml
306789,2025-07-05 16:55:36,2025-07-05 12:55:36,106 km al O de Bahía Mansa,-40.324,-74.941,26.0,3.0,Ml
306790,2025-07-05 17:29:58,2025-07-05 13:29:58,10 km al E de Curicó,-35.003,-71.128,89.0,3.9,Ml
306807,2025-07-05 19:17:43,2025-07-05 15:17:43,50 km al NE de Camiña,-18.93,-69.176,124.0,3.7,Ml
306814,2025-07-05 20:31:42,2025-07-05 16:31:42,36 km al E de Tacna,-17.903,-69.938,133.0,2.8,Ml
306827,2025-07-05 22:03:20,2025-07-05 18:03:20,9 km al O de Ovalle,-30.631,-71.29,51.0,2.5,Ml
306837,2025-07-05 23:59:10,2025-07-05 19:59:10,150 km al O de Toltén,-39.202,-74.908,25.0,3.1,Ml
306843,2025-07-06 01:03:25,2025-07-05 21:03:25,55 km al NO de Chañaral,-25.913,-70.89,41.0,2.6,Ml
306848,2025-07-06 01:29:57,2025-07-05 21:29:57,67 km al E de San Fabián,-36.41,-70.823,188.0,3.0,Ml
306863,2025-07-06 04:16:05,2025-07-06 00:16:05,30 km al NO de Tocopilla,-21.947,-70.444,18.0,2.5,Ml
306870,2025-07-06 05:24:14,2025-07-06 01:24:14,42 km al N de Punta de Choros,-28.876,-71.422,37.0,3.7,Ml
306881,2025-07-06 06:32:57,2025-07-06 02:32:57,10 km al SO de Pica,-20.574,-69.367,84.0,2.5,Ml
306883,2025-07-06 06:42:06,2025-07-06 02:42:06,49 km al SO de Mina Collahuasi,-21.178,-68.949,103.0,3.2,Ml
306885,2025-07-06 06:51:55,2025-07-06 02:51:55,33 km al O de Quintero,-32.652,-71.851,24.0,3.1,Ml
306898,2025-07-06 08:47:43,2025-07-06 04:47:43,30 km al NE de Arica,-18.304,-70.103,111.0,2.8,Ml
306905,2025-07-06 09:52:35,2025-07-06 05:52:35,32 km al S de Calama,-22.756,-68.871,90.0,2.7,Ml
306908,2025-07-06 10:25:10,2025-07-06 06:25:10,65 km al E de Socaire,-23.592,-67.253,227.0,3.4,Ml
306915,2025-07-06 11:29:32,2025-07-06 07:29:32,40 km al NE de Calama,-22.179,-68.7,120.0,2.9,Ml
306922,2025-07-06 11:49:27,2025-07-06 07:49:27,99 km al E de Copiapó,-27.635,-69.371,106.0,2.7,Ml
306929,2025-07-06 13:16:10,2025-07-06 09:16:10,52 km al N de Quillagua,-21.217,-69.367,92.0,2.5,Ml
306931,2025-07-06 13:21:41,2025-07-06 09:21:41,41 km al O de San Pedro de Atacama,-22.952,-68.595,140.0,2.6,Ml
306938,2025-07-06 14:14:47,2025-07-06 10:14:47,232 km al S de Puerto Williams,-57.013,-67.35,10.0,3.6,Ml
306942,2025-07-06 14:15:54,2025-07-06 10:15:54,60 km al NO de Ancud,-41.477,-74.321,43.0,2.7,Ml
306952,2025-07-06 14:56:20,2025-07-06 10:56:20,18 km al NO de Pichidangui,-32.03,-71.67,28.0,2.5,Ml
306953,2025-07-06 16:20:15,2025-07-06 12:20:15,17 km al N de Los Vilos,-31.761,-71.533,36.0,4.1,Ml
306956,2025-07-06 16:27:16,2025-07-06 12:27:16,19 km al NO de Los Vilos,-31.749,-71.585,34.0,2.9,Ml
306967,2025-07-06 17:46:51,2025-07-06 13:46:51,38 km al S de Mina Collahuasi,-21.167,-68.71,108.0,2.9,Ml
306975,2025-07-06 18:46:06,2025-07-06 14:46:06,12 km al SE de Curicó,-35.074,-71.165,94.0,3.8,Ml
306995,2025-07-06 21:01:56,2025-07-06 17:01:56,27 km al NO de Ollagüe,-21.108,-68.477,132.0,2.6,Ml
306993,2025-07-06 21:05:01,2025-07-06 17:05:01,52 km al O de Canela Baja,-31.582,-71.967,28.0,3.3,Ml
306999,2025-07-06 21:37:01,2025-07-06 17:37:01,100 km al E de San Pedro de Atacama,-22.651,-67.268,209.0,2.6,Ml
307002,2025-07-06 21:58:53,2025-07-06 17:58:53,42 km al SO de Mina Collahuasi,-21.17,-68.832,122.0,2.7,Ml
307011,2025-07-07 01:35:37,2025-07-06 21:35:37,57 km al N de Pica,-20.002,-69.151,98.0,3.9,Ml
307014,2025-07-07 01:40:18,2025-07-06 21:40:18,28 km al NO de Calama,-22.253,-69.076,95.0,2.5,Ml
307016,2025-07-07 01:57:12,2025-07-06 21:57:12,38 km al S de Mina Collahuasi,-21.163,-68.702,107.0,2.5,Ml
307020,2025-07-07 02:28:11,2025-07-06 22:28:11,23 km al N de Tongoy,-30.055,-71.542,39.0,2.5,Ml
307025,2025-07-07 03:00:00,2025-07-06 23:00:00,45 km al SO de Ollagüe,-21.594,-68.441,129.0,2.6,Ml
307027,2025-07-07 03:05:36,2025-07-06 23:05:36,23 km al E de Calama,-22.431,-68.712,126.0,2.5,Ml
307028,2025-07-07 03:17:54,2025-07-06 23:17:54,41 km al NE de Chillán,-36.263,-71.936,92.0,4.0,Ml
307035,2025-07-07 03:59:47,2025-07-06 23:59:47,34 km al S de Pozo Almonte,-20.553,-69.876,78.0,2.5,Ml
307040,2025-07-07 04:38:48,2025-07-07 00:38:48,28 km al NE de Calama,-22.349,-68.686,115.0,4.0,Ml
307044,2025-07-07 05:12:54,2025-07-07 01:12:54,66 km al O de San Antonio de los Cobres,-24.105,-66.953,224.0,2.7,Ml
307052,2025-07-07 06:26:24,2025-07-07 02:26:24,57 km al S de Socaire,-24.091,-67.763,267.0,2.6,Ml
307064,2025-07-07 06:57:48,2025-07-07 02:57:48,35 km al NE de Socaire,-23.396,-67.614,286.0,2.7,Ml
307065,2025-07-07 07:12:06,2025-07-07 03:12:06,19 km al S de Salamanca,-31.952,-70.928,90.0,2.8,Ml
307067,2025-07-07 07:17:55,2025-07-07 03:17:55,37 km al S de Mina Collahuasi,-21.144,-68.778,138.0,2.7,Ml
307069,2025-07-07 07:30:46,2025-07-07 03:30:46,49 km al O de Canela Baja,-31.576,-71.932,27.0,3.5,Ml
307082,2025-07-07 08:42:55,2025-07-07 04:42:55,29 km al NE de Calama,-22.35,-68.679,109.0,2.5,Ml
307096,2025-07-07 12:17:10,2025-07-07 08:17:10,34 km al NO de Quintero,-32.63,-71.847,30.0,2.5,Ml
307104,2025-07-07 13:10:20,2025-07-07 09:10:20,62 km al SE de Socaire,-24.072,-67.589,224.0,2.8,Ml
307106,2025-07-07 13:25:44,2025-07-07 09:25:44,33 km al NO de Quintero,-32.55,-71.758,58.0,3.3,Ml
307115,2025-07-07 14:47:12,2025-07-07 10:47:12,35 km al NO de Quintero,-32.634,-71.861,15.0,3.1,Ml
307121,2025-07-07 15:28:59,2025-07-07 11:28:59,42 km al S de Mina Collahuasi,-21.19,-68.779,118.0,2.9,Ml
307126,2025-07-07 16:41:44,2025-07-07 12:41:44,94 km al N de San Pedro de Atacama,-22.123,-67.907,203.0,2.8,Ml
307139,2025-07-07 18:35:10,2025-07-07 14:35:10,42 km al S de Calama,-22.837,-68.828,103.0,2.5,Ml
307160,2025-07-07 20:18:50,2025-07-07 16:18:50,71 km al NE de San Pedro de Atacama,-22.442,-67.738,182.0,3.0,Ml
307157,2025-07-07 21:35:52,2025-07-07 17:35:52,71 km al NE de Calama,-21.915,-68.586,116.0,2.9,Ml
307159,2025-07-07 21:40:59,2025-07-07 17:40:59,33 km al O de Ollagüe,-21.222,-68.575,113.0,3.0,Ml
307170,2025-07-07 23:14:05,2025-07-07 19:14:05,37 km al SO de Socaire,-23.899,-68.025,150.0,3.4,Ml
307171,2025-07-07 23:16:53,2025-07-07 19:16:53,23 km al E de Pica,-20.488,-69.107,102.0,2.5,Ml
307178,2025-07-08 00:15:40,2025-07-07 20:15:40,10 km al NO de El Salvador,-26.162,-69.668,21.0,3.1,Ml
307181,2025-07-08 00:47:55,2025-07-07 20:47:55,32 km al NO de Los Vilos,-31.644,-71.636,43.0,3.3,Ml
307187,2025-07-08 01:54:49,2025-07-07 21:54:49,91 km al O de San Antonio de los Cobres,-24.376,-67.198,199.0,3.1,Ml
307207,2025-07-08 05:16:11,2025-07-08 01:16:11,60 km al O de Ollagüe,-21.37,-68.807,132.0,2.6,Ml
307210,2025-07-08 05:53:53,2025-07-08 01:53:53,37 km al NO de Mina Collahuasi,-20.531,-68.824,110.0,2.8,Ml
307214,2025-07-08 06:40:25,2025-07-08 02:40:25,76 km al SE de Socaire,-23.944,-67.252,232.0,3.6,Ml
307224,2025-07-08 07:55:00,2025-07-08 03:55:00,14 km al O de Visviri,-17.634,-69.611,148.0,2.6,Ml
307226,2025-07-08 08:58:40,2025-07-08 04:58:40,25 km al E de Curicó,-35.014,-70.962,98.0,2.5,Ml
307227,2025-07-08 09:18:57,2025-07-08 05:18:57,44 km al SO de Mina Collahuasi,-21.075,-68.987,113.0,2.6,Ml
307251,2025-07-08 13:54:14,2025-07-08 09:54:14,46 km al S de Ollagüe,-21.632,-68.301,140.0,2.7,Ml
307253,2025-07-08 14:32:18,2025-07-08 10:32:18,61 km al SO de Mina Collahuasi,-21.287,-68.971,103.0,3.5,Ml
307256,2025-07-08 15:05:18,2025-07-08 11:05:18,7 km al NE de Huasco,-28.417,-71.182,34.0,3.0,Ml
307271,2025-07-08 17:41:02,2025-07-08 13:41:02,46 km al E de Pica,-20.365,-68.905,104.0,2.8,Ml
307292,2025-07-08 19:04:27,2025-07-08 15:04:27,57 km al S de Socaire,-24.103,-67.895,254.0,2.9,Ml
307293,2025-07-08 19:07:43,2025-07-08 15:07:43,35 km al E de Sierra Gorda,-22.874,-68.981,106.0,2.5,Ml
307288,2025-07-08 19:20:57,2025-07-08 15:20:57,69 km al S de Socaire,-24.172,-67.665,229.0,3.1,Ml
307302,2025-07-08 19:55:38,2025-07-08 15:55:38,27 km al SO de Calama,-22.697,-69.03,95.0,3.2,Ml
307304,2025-07-08 20:11:41,2025-07-08 16:11:41,100 km al E de Paihuano,-30.361,-69.548,20.0,2.9,Ml
307308,2025-07-08 20:50:48,2025-07-08 16:50:48,77 km al O de Pisagua,-19.723,-70.941,31.0,2.7,Ml
307327,2025-07-08 23:06:45,2025-07-08 19:06:45,47 km al SE de Calama,-22.831,-68.694,108.0,2.7,Ml
307331,2025-07-08 23:35:40,2025-07-08 19:35:40,35 km al NO de Carrizal Bajo,-27.909,-71.451,23.0,2.5,Ml
307333,2025-07-08 23:51:52,2025-07-08 19:51:52,62 km al S de Socaire,-24.144,-67.935,242.0,3.6,Ml
307337,2025-07-09 01:09:44,2025-07-08 21:09:44,50 km al O de Mina Collahuasi,-20.911,-69.135,105.0,2.5,Ml
307340,2025-07-09 01:10:09,2025-07-08 21:10:09,44 km al SO de Mina Collahuasi,-21.03,-69.019,112.0,2.7,Ml
307347,2025-07-09 02:59:16,2025-07-08 22:59:16,49 km al SO de Mina Collahuasi,-21.237,-68.833,122.0,2.6,Ml
307351,2025-07-09 03:08:55,2025-07-08 23:08:55,22 km al SO de Tongoy,-30.437,-71.577,31.0,3.3,Ml
307353,2025-07-09 03:10:26,2025-07-08 23:10:26,58 km al SE de Socaire,-23.877,-67.416,294.0,3.4,Ml
307355,2025-07-09 03:44:38,2025-07-08 23:44:38,26 km al NE de Talca,-35.247,-71.487,84.0,3.0,Ml
307357,2025-07-09 03:46:06,2025-07-08 23:46:06,21 km al S de Antuco,-37.512,-71.604,114.0,3.0,Ml
307362,2025-07-09 04:02:57,2025-07-09 00:02:57,9 km al O de San José de Maipo,-33.61,-70.447,99.0,2.7,Ml
307366,2025-07-09 04:22:39,2025-07-09 00:22:39,31 km al SO de Termas del Flaco,-35.165,-70.658,2.0,2.5,Ml
307377,2025-07-09 04:35:57,2025-07-09 00:35:57,45 km al SO de Huasco,-28.84,-71.407,34.0,2.7,Ml
307371,2025-07-09 04:41:48,2025-07-09 00:41:48,50 km al SO de Ollagüe,-21.623,-68.488,123.0,3.5,Ml
307375,2025-07-09 05:10:06,2025-07-09 01:10:06,42 km al O de Taltal,-25.406,-70.907,47.0,2.5,Ml
307385,2025-07-09 06:27:56,2025-07-09 02:27:56,10 km al N de Cuya,-19.076,-70.166,65.0,2.5,Ml
307389,2025-07-09 07:19:57,2025-07-09 03:19:57,45 km al O de Mina Collahuasi,-20.859,-69.092,107.0,2.9,Ml
307393,2025-07-09 07:27:56,2025-07-09 03:27:56,27 km al SE de Pica,-20.712,-69.219,110.0,2.9,Ml
307392,2025-07-09 07:28:30,2025-07-09 03:28:30,18 km al O de Valparaíso,-33.106,-71.799,39.0,2.7,Ml
307399,2025-07-09 08:06:32,2025-07-09 04:06:32,9 km al SO de Punitaqui,-30.869,-71.342,61.0,2.9,Ml
307404,2025-07-09 08:45:15,2025-07-09 04:45:15,99 km al O de Arica,-18.714,-71.227,22.0,3.8,Ml
307410,2025-07-09 09:50:29,2025-07-09 05:50:29,107 km al E de San Pedro de Atacama,-22.883,-67.154,241.0,4.0,Ml
307415,2025-07-09 11:04:19,2025-07-09 07:04:19,68 km al S de Socaire,-24.202,-67.84,230.0,3.1,Ml
307417,2025-07-09 11:33:14,2025-07-09 07:33:14,58 km al E de Sierra Gorda,-22.969,-68.762,94.0,3.4,Ml
307422,2025-07-09 12:35:53,2025-07-09 08:35:53,54 km al N de Pica,-20.033,-69.164,93.0,2.7,Ml
307430,2025-07-09 14:28:11,2025-07-09 10:28:11,54 km al SO de Ollagüe,-21.595,-68.591,112.0,2.8,Ml
307434,2025-07-09 15:16:05,2025-07-09 11:16:05,44 km al SE de Alto del Carmen,-29.017,-70.147,92.0,2.8,Ml
307437,2025-07-09 15:29:44,2025-07-09 11:29:44,49 km al S de Mina Collahuasi,-21.257,-68.75,100.0,2.6,Ml
307463,2025-07-09 21:02:00,2025-07-09 17:02:00,46 km al SO de Mina Collahuasi,-21.146,-68.937,109.0,3.1,Ml
307466,2025-07-09 21:15:10,2025-07-09 17:15:10,45 km al S de Pica,-20.881,-69.216,86.0,2.7,Ml
307473,2025-07-09 23:32:18,2025-07-09 19:32:18,25 km al NO de Tocopilla,-21.935,-70.371,8.0,2.5,Ml
307503,2025-07-10 05:54:31,2025-07-10 01:54:31,83 km al S de Socaire,-24.334,-67.86,232.0,3.2,Ml
307516,2025-07-10 07:31:33,2025-07-10 03:31:33,22 km al SE de Cauquenes,-36.091,-72.121,30.0,2.9,Ml
307520,2025-07-10 07:44:48,2025-07-10 03:44:48,21 km al O de Mina Collahuasi,-20.795,-68.861,100.0,2.9,Ml
307537,2025-07-10 09:26:06,2025-07-10 05:26:06,37 km al NE de Camiña,-19.017,-69.258,115.0,5.1,Mw
307548,2025-07-10 12:28:42,2025-07-10 08:28:42,40 km al O de Quintero,-32.636,-71.916,24.0,2.8,Ml
307555,2025-07-10 13:39:14,2025-07-10 09:39:14,58 km al S de Socaire,-24.089,-67.727,235.0,3.4,Ml
307564,2025-07-10 15:23:43,2025-07-10 11:23:43,50 km al SO de Tocopilla,-22.502,-70.403,23.0,3.0,Ml
307568,2025-07-10 16:08:52,2025-07-10 12:08:52,45 km al SE de Quillagua,-21.971,-69.257,77.0,2.9,Ml
307578,2025-07-10 17:52:40,2025-07-10 13:52:40,31 km al SO de Pisagua,-19.814,-70.408,55.0,3.3,Ml
307604,2025-07-10 22:34:39,2025-07-10 18:34:39,32 km al S de Copiapó,-27.646,-70.407,77.0,2.8,Ml
307636,2025-07-11 05:01:34,2025-07-11 01:01:34,19 km al S de Punitaqui,-30.99,-71.194,69.0,2.6,Ml
307641,2025-07-11 05:26:58,2025-07-11 01:26:58,62 km al O de Valparaíso,-32.942,-72.27,37.0,3.6,Ml
307653,2025-07-11 08:41:14,2025-07-11 04:41:14,50 km al N de Pica,-20.063,-69.167,92.0,3.1,Ml
307656,2025-07-11 08:52:41,2025-07-11 04:52:41,34 km al SO de Huasco,-28.658,-71.489,39.0,2.6,Ml
307671,2025-07-11 13:30:10,2025-07-11 09:30:10,7 km al S de Huasco,-28.528,-71.233,28.0,3.1,Ml
307676,2025-07-11 14:20:56,2025-07-11 10:20:56,36 km al E de Talca,-35.312,-71.298,98.0,3.3,Ml
307690,2025-07-11 16:35:41,2025-07-11 12:35:41,36 km al NE de Pica,-20.289,-69.062,100.0,2.7,Ml
307692,2025-07-11 16:45:24,2025-07-11 12:45:24,34 km al NE de Pica,-20.242,-69.137,94.0,3.1,Ml
307700,2025-07-11 18:24:08,2025-07-11 14:24:08,71 km al SO de Ollagüe,-21.654,-68.762,101.0,3.0,Ml
307720,2025-07-11 22:22:18,2025-07-11 18:22:18,31 km al SE de Camiña,-19.473,-69.184,111.0,2.7,Ml
307723,2025-07-11 22:43:52,2025-07-11 18:43:52,24 km al SE de San Fernando,-34.757,-70.839,100.0,2.5,Ml
307741,2025-07-12 03:26:27,2025-07-11 23:26:27,29 km al SO de Pichidangui,-32.334,-71.729,58.0,2.7,Ml
307744,2025-07-12 03:41:31,2025-07-11 23:41:31,35 km al O de Ollagüe,-21.23,-68.595,113.0,3.8,Ml
307773,2025-07-12 08:48:08,2025-07-12 04:48:08,22 km al NO de Ollagüe,-21.118,-68.437,131.0,2.7,Ml
307784,2025-07-12 12:02:30,2025-07-12 08:02:30,21 km al O de Yungay,-37.198,-72.24,32.0,2.6,Ml
307790,2025-07-12 12:04:15,2025-07-12 08:04:15,33 km al NO de Lebu,-37.381,-73.897,20.0,2.9,Ml
307786,2025-07-12 12:13:30,2025-07-12 08:13:30,35 km al E de Pica,-20.463,-68.993,102.0,2.5,Ml
307789,2025-07-12 12:18:53,2025-07-12 08:18:53,62 km al O de San Antonio de los Cobres,-24.019,-66.888,160.0,3.5,Ml
307802,2025-07-12 15:58:50,2025-07-12 11:58:50,18 km al NO de Punitaqui,-30.704,-71.375,45.0,2.8,Ml
307808,2025-07-12 17:22:37,2025-07-12 13:22:37,60 km al SE de Mina Los Pelambres,-32.085,-70.028,122.0,2.7,Ml
307825,2025-07-12 23:22:29,2025-07-12 19:22:29,17 km al NO de Mejillones,-22.972,-70.545,49.0,2.4,Ml
307842,2025-07-13 03:02:19,2025-07-12 23:02:19,37 km al N de San Pedro de Atacama,-22.599,-68.101,146.0,4.0,Ml
307846,2025-07-13 03:32:17,2025-07-12 23:32:17,105 km al NE de Socaire,-23.157,-66.981,244.0,3.7,Ml
307865,2025-07-13 05:56:59,2025-07-13 01:56:59,72 km al O de San Antonio de los Cobres,-24.323,-67.023,212.0,4.9,Mw
307875,2025-07-13 07:02:19,2025-07-13 03:02:19,40 km al NE de Quillagua,-21.448,-69.226,85.0,2.9,Ml
307879,2025-07-13 07:40:21,2025-07-13 03:40:21,25 km al E de Calama,-22.409,-68.699,113.0,2.8,Ml
307888,2025-07-13 09:01:59,2025-07-13 05:01:59,34 km al S de Calama,-22.77,-68.895,100.0,4.0,Ml
307889,2025-07-13 09:08:50,2025-07-13 05:08:50,61 km al NE de Ollagüe,-20.766,-67.937,177.0,3.1,Ml
307892,2025-07-13 09:16:49,2025-07-13 05:16:49,30 km al SE de Pica,-20.66,-69.1,108.0,2.5,Ml
307907,2025-07-13 10:42:31,2025-07-13 06:42:31,6 km al NO de Socaire,-23.56,-67.934,142.0,3.9,Ml
307912,2025-07-13 11:03:40,2025-07-13 07:03:40,17 km al E de Vichuquén,-34.897,-71.803,47.0,3.9,Ml
307921,2025-07-13 12:24:40,2025-07-13 08:24:40,71 km al SO de Ollagüe,-21.802,-68.539,116.0,3.5,Ml
307927,2025-07-13 12:53:00,2025-07-13 08:53:00,22 km al NO de Lebu,-37.45,-73.811,11.0,2.8,Ml
307931,2025-07-13 13:53:51,2025-07-13 09:53:51,62 km al N de San Pedro de Atacama,-22.375,-68.082,178.0,2.8,Ml
307934,2025-07-13 14:10:10,2025-07-13 10:10:10,24 km al SO de Salamanca,-31.889,-71.189,75.0,2.5,Ml
307941,2025-07-13 15:12:26,2025-07-13 11:12:26,18 km al S de Mina Los Pelambres,-31.988,-70.592,102.0,2.5,Ml
307943,2025-07-13 15:41:33,2025-07-13 11:41:33,36 km al SE de Vichuquén,-35.082,-71.677,41.0,2.8,Ml
307947,2025-07-13 15:44:19,2025-07-13 11:44:19,26 km al N de Calama,-22.243,-68.883,113.0,2.5,Ml
307951,2025-07-13 16:56:42,2025-07-13 12:56:42,30 km al N de Mina Los Pelambres,-31.553,-70.571,114.0,2.8,Ml
307954,2025-07-13 17:23:10,2025-07-13 13:23:10,22 km al S de Arica,-18.669,-70.285,60.0,3.0,Ml
307955,2025-07-13 17:25:39,2025-07-13 13:25:39,29 km al O de Mina Collahuasi,-20.816,-68.932,101.0,2.5,Ml
307961,2025-07-13 17:47:13,2025-07-13 13:47:13,82 km al NE de Socaire,-23.018,-67.39,268.0,2.6,Ml
307969,2025-07-13 19:35:17,2025-07-13 15:35:17,54 km al NE de Pica,-20.078,-69.05,105.0,3.7,Ml
307972,2025-07-13 20:11:00,2025-07-13 16:11:00,50 km al NE de San Pedro de Atacama,-22.61,-67.85,181.0,4.4,Mw
307991,2025-07-14 00:23:56,2025-07-13 20:23:56,33 km al S de Mina Collahuasi,-21.121,-68.609,114.0,2.5,Ml
307995,2025-07-14 00:45:00,2025-07-13 20:45:00,55 km al S de Mina Collahuasi,-21.296,-68.83,123.0,2.6,Ml
307997,2025-07-14 01:12:06,2025-07-13 21:12:06,36 km al SO de Ollagüe,-21.515,-68.414,132.0,2.8,Ml
307999,2025-07-14 01:18:56,2025-07-13 21:18:56,13 km al O de Mina Collahuasi,-20.867,-68.775,109.0,3.1,Ml
308004,2025-07-14 01:44:24,2025-07-13 21:44:24,83 km al S de Socaire,-24.335,-67.818,232.0,3.2,Ml
308009,2025-07-14 03:40:28,2025-07-13 23:40:28,74 km al S de Socaire,-24.234,-67.697,259.0,3.3,Ml
308013,2025-07-14 03:58:11,2025-07-13 23:58:11,9 km al SE de La Higuera,-29.59,-71.166,51.0,2.6,Ml
308023,2025-07-14 05:41:34,2025-07-14 01:41:34,8 km al S de Panguipulli,-39.713,-72.347,94.0,3.0,Ml
308032,2025-07-14 06:37:52,2025-07-14 02:37:52,41 km al S de Socaire,-23.952,-67.816,278.0,2.7,Ml
308037,2025-07-14 07:53:27,2025-07-14 03:53:27,38 km al SO de Ollagüe,-21.496,-68.473,136.0,3.1,Ml
308048,2025-07-14 11:52:52,2025-07-14 07:52:52,32 km al NO de Los Vilos,-31.696,-71.733,33.0,3.6,Ml
308051,2025-07-14 13:10:57,2025-07-14 09:10:57,38 km al S de Mina Collahuasi,-21.162,-68.734,120.0,3.3,Ml
308057,2025-07-14 13:52:32,2025-07-14 09:52:32,69 km al S de Socaire,-24.207,-67.797,238.0,3.2,Ml
308058,2025-07-14 14:09:29,2025-07-14 10:09:29,12 km al NO de Paposo,-24.911,-70.521,45.0,2.9,Ml
308074,2025-07-14 15:09:29,2025-07-14 11:09:29,76 km al NE de Calama,-21.891,-68.542,115.0,2.5,Ml
308065,2025-07-14 15:18:07,2025-07-14 11:18:07,30 km al S de Ollagüe,-21.491,-68.323,154.0,2.5,Ml
308067,2025-07-14 16:07:29,2025-07-14 12:07:29,14 km al E de Tongoy,-30.27,-71.351,49.0,3.4,Ml
308073,2025-07-14 16:33:07,2025-07-14 12:33:07,44 km al SO de Ollagüe,-21.574,-68.46,141.0,2.9,Ml
308080,2025-07-14 18:29:01,2025-07-14 14:29:01,66 km al SO de Ollagüe,-21.726,-68.596,125.0,2.8,Ml
308085,2025-07-14 19:11:37,2025-07-14 15:11:37,37 km al NO de Socaire,-23.417,-68.205,138.0,3.5,Ml
308086,2025-07-14 19:12:00,2025-07-14 15:12:00,45 km al SO de Mina Collahuasi,-21.147,-68.927,114.0,3.1,Ml
308091,2025-07-14 19:37:05,2025-07-14 15:37:05,28 km al NO de Tacna,-17.812,-70.398,110.0,4.5,Ml
308101,2025-07-14 21:02:15,2025-07-14 17:02:15,46 km al SE de Sierra Gorda,-23.087,-68.927,99.0,2.9,Ml
308114,2025-07-15 01:11:34,2025-07-14 21:11:34,46 km al SO de Mina Collahuasi,-21.087,-69.005,108.0,3.0,Ml
308116,2025-07-15 01:36:28,2025-07-14 21:36:28,32 km al SO de San Pedro de Atacama,-23.079,-68.465,163.0,2.7,Ml
308127,2025-07-15 03:16:42,2025-07-14 23:16:42,21 km al S de La Serena,-30.09,-71.248,42.0,2.8,Ml
308143,2025-07-15 06:19:25,2025-07-15 02:19:25,64 km al SE de Socaire,-24.057,-67.53,257.0,2.5,Ml
308146,2025-07-15 06:49:04,2025-07-15 02:49:04,36 km al SO de Pichidangui,-32.379,-71.776,55.0,2.8,Ml
308161,2025-07-15 09:44:09,2025-07-15 05:44:09,31 km al E de Calama,-22.532,-68.631,124.0,2.5,Ml
308163,2025-07-15 10:04:12,2025-07-15 06:04:12,28 km al SO de Ollagüe,-21.454,-68.354,138.0,2.6,Ml
308169,2025-07-15 11:19:00,2025-07-15 07:19:00,179 km al SO de Ilo,-18.873,-72.43,14.0,3.5,Ml
308176,2025-07-15 12:40:08,2025-07-15 08:40:08,30 km al NE de Pica,-20.241,-69.219,93.0,2.5,Ml
308183,2025-07-15 15:36:22,2025-07-15 11:36:22,37 km al E de Ollagüe,-21.119,-67.911,175.0,2.9,Ml
308185,2025-07-15 15:47:30,2025-07-15 11:47:30,32 km al O de Socaire,-23.564,-68.205,134.0,2.6,Ml
308192,2025-07-15 17:29:59,2025-07-15 13:29:59,62 km al NE de Socaire,-23.184,-67.471,299.0,2.7,Ml
308194,2025-07-15 17:41:00,2025-07-15 13:41:00,47 km al SO de Mina Collahuasi,-21.111,-68.99,114.0,2.6,Ml
308213,2025-07-15 20:01:55,2025-07-15 16:01:55,21 km al O de Ovalle,-30.598,-71.426,22.0,2.6,Ml
308224,2025-07-15 21:53:52,2025-07-15 17:53:52,77 km al SE de Socaire,-24.18,-67.496,225.0,4.6,Ml
308229,2025-07-15 23:11:09,2025-07-15 19:11:09,82 km al NE de San Pedro de Atacama,-22.275,-67.818,230.0,2.7,Ml
308232,2025-07-15 23:36:43,2025-07-15 19:36:43,56 km al SE de Socaire,-23.964,-67.52,258.0,3.5,Ml
308235,2025-07-15 23:40:22,2025-07-15 19:40:22,86 km al S de Socaire,-24.34,-67.672,220.0,3.2,Ml
308239,2025-07-16 00:38:28,2025-07-15 20:38:28,50 km al E de Quillagua,-21.733,-69.055,94.0,3.8,Ml
308253,2025-07-16 02:24:34,2025-07-15 22:24:34,195 km al S de Puerto Williams,-56.69,-67.63,10.0,3.3,Ml
308252,2025-07-16 02:32:36,2025-07-15 22:32:36,14 km al SO de Ovalle,-30.659,-71.336,54.0,2.8,Ml
308254,2025-07-16 02:42:55,2025-07-15 22:42:55,48 km al S de Patache,-21.216,-70.059,60.0,2.6,Ml
308258,2025-07-16 04:11:53,2025-07-16 00:11:53,37 km al SO de Mina Collahuasi,-21.123,-68.818,114.0,3.1,Ml
308260,2025-07-16 04:19:47,2025-07-16 00:19:47,68 km al S de Ollagüe,-21.795,-68.487,122.0,3.0,Ml
308263,2025-07-16 05:15:19,2025-07-16 01:15:19,84 km al S de Ilo,-18.39,-71.461,21.0,3.3,Ml
308267,2025-07-16 06:11:16,2025-07-16 02:11:16,54 km al NO de Tongoy,-30.044,-72.004,35.0,3.1,Ml
308287,2025-07-16 09:17:47,2025-07-16 05:17:47,21 km al S de Camiña,-19.503,-69.463,90.0,3.7,Ml
308289,2025-07-16 09:24:02,2025-07-16 05:24:02,22 km al SO de Calama,-22.638,-69.035,116.0,3.3,Ml
308293,2025-07-16 09:38:15,2025-07-16 05:38:15,39 km al S de Lebu,-37.954,-73.732,40.0,2.7,Ml
308303,2025-07-16 11:10:31,2025-07-16 07:10:31,42 km al SO de Ollagüe,-21.43,-68.591,128.0,4.0,Ml
308308,2025-07-16 12:03:13,2025-07-16 08:03:13,35 km al S de Lebu,-37.924,-73.587,13.0,4.3,Ml
308309,2025-07-16 12:04:32,2025-07-16 08:04:32,42 km al N de Calama,-22.114,-68.805,121.0,3.1,Ml
308315,2025-07-16 12:26:56,2025-07-16 08:26:56,36 km al S de Lebu,-37.924,-73.579,15.0,3.5,Ml
308318,2025-07-16 12:42:46,2025-07-16 08:42:46,41 km al E de Carrizal Bajo,-28.19,-70.75,52.0,4.9,Mw
308323,2025-07-16 13:17:50,2025-07-16 09:17:50,48 km al N de Calama,-22.045,-68.835,110.0,2.5,Ml
308329,2025-07-16 14:21:09,2025-07-16 10:21:09,40 km al S de Lebu,-37.956,-73.782,44.0,3.1,Ml
308333,2025-07-16 15:06:54,2025-07-16 11:06:54,30 km al SO de Huasco,-28.631,-71.459,34.0,2.7,Ml
308342,2025-07-16 16:52:12,2025-07-16 12:52:12,88 km al NE de San Pedro de Atacama,-22.338,-67.624,181.0,2.5,Ml
308352,2025-07-16 17:10:46,2025-07-16 13:10:46,40 km al S de Lebu,-37.968,-73.725,38.0,2.5,Ml
308349,2025-07-16 17:12:01,2025-07-16 13:12:01,36 km al S de Lebu,-37.931,-73.702,26.0,2.7,Ml
308345,2025-07-16 17:14:59,2025-07-16 13:14:59,34 km al S de Lebu,-37.916,-73.666,24.0,2.8,Ml
308350,2025-07-16 17:20:47,2025-07-16 13:20:47,55 km al N de Constitución,-34.864,-72.597,17.0,2.5,Ml
308353,2025-07-16 17:56:09,2025-07-16 13:56:09,69 km al SE de Sierra Gorda,-23.261,-68.782,92.0,3.2,Ml
308355,2025-07-16 18:07:55,2025-07-16 14:07:55,41 km al NO de Valdivia,-39.578,-73.61,14.0,3.1,Ml
308358,2025-07-16 18:10:42,2025-07-16 14:10:42,29 km al SO de Huasco,-28.705,-71.339,29.0,2.8,Ml
308370,2025-07-16 18:34:01,2025-07-16 14:34:01,57 km al O de Caleta Tortel,-47.601,-74.243,28.0,2.7,Ml
308362,2025-07-16 18:37:52,2025-07-16 14:37:52,29 km al NO de Quintero,-32.559,-71.693,34.0,2.9,Ml
308367,2025-07-16 19:01:55,2025-07-16 15:01:55,63 km al SE de Sierra Gorda,-23.288,-68.884,101.0,2.7,Ml
308378,2025-07-16 20:31:57,2025-07-16 16:31:57,76 km al E de Quillagua,-21.744,-68.805,104.0,2.8,Ml
308380,2025-07-16 20:46:36,2025-07-16 16:46:36,58 km al S de Patache,-21.306,-70.026,43.0,2.5,Ml
308387,2025-07-16 21:23:50,2025-07-16 17:23:50,45 km al N de San Pedro de Atacama,-22.524,-68.105,190.0,2.7,Ml
308397,2025-07-16 23:22:04,2025-07-16 19:22:04,41 km al S de Lebu,-37.981,-73.632,26.0,3.8,Ml
308401,2025-07-16 23:37:54,2025-07-16 19:37:54,83 km al SE de Socaire,-24.218,-67.453,215.0,3.8,Ml
308422,2025-07-17 03:18:34,2025-07-16 23:18:34,52 km al S de Camiña,-19.766,-69.311,94.0,2.6,Ml
308429,2025-07-17 04:23:42,2025-07-17 00:23:42,31 km al NE de La Higuera,-29.362,-70.934,64.0,3.3,Ml
308432,2025-07-17 05:11:27,2025-07-17 01:11:27,114 km al NE de Alto del Carmen,-28.17,-69.533,124.0,2.9,Ml
308438,2025-07-17 06:15:28,2025-07-17 02:15:28,37 km al NE de Calama,-22.288,-68.63,115.0,2.6,Ml
308443,2025-07-17 06:59:06,2025-07-17 02:59:06,63 km al SE de Camiña,-19.838,-69.199,95.0,2.9,Ml
308449,2025-07-17 07:17:56,2025-07-17 03:17:56,21 km al S de Alto del Carmen,-28.952,-70.506,96.0,2.6,Ml
308454,2025-07-17 08:32:23,2025-07-17 04:32:23,109 km al E de Paihuano,-30.361,-69.454,14.0,3.4,Ml
308462,2025-07-17 10:13:00,2025-07-17 06:13:00,18 km al SO de Putre,-18.341,-69.644,134.0,3.5,Ml
308468,2025-07-17 11:07:54,2025-07-17 07:07:54,67 km al N de Calama,-21.885,-68.772,126.0,2.6,Ml
308471,2025-07-17 12:25:49,2025-07-17 08:25:49,52 km al SO de Mina Collahuasi,-21.246,-68.887,108.0,3.5,Ml
308474,2025-07-17 12:52:59,2025-07-17 08:52:59,72 km al S de Puerto Aysén,-46.051,-72.767,11.0,2.5,Ml
308475,2025-07-17 12:55:45,2025-07-17 08:55:45,25 km al NE de Punta de Choros,-29.119,-71.256,55.0,2.6,Ml
308477,2025-07-17 13:02:34,2025-07-17 09:02:34,63 km al O de San Antonio de los Cobres,-24.106,-66.924,216.0,4.4,Ml
308488,2025-07-17 14:26:54,2025-07-17 10:26:54,42 km al S de Lebu,-37.978,-73.743,45.0,3.6,Ml
308493,2025-07-17 15:21:15,2025-07-17 11:21:15,41 km al S de Camiña,-19.667,-69.551,113.0,3.5,Ml
308521,2025-07-17 19:01:16,2025-07-17 15:01:16,36 km al NE de Calama,-22.19,-68.749,112.0,2.5,Ml
308529,2025-07-17 19:50:44,2025-07-17 15:50:44,71 km al SO de Ollagüe,-21.782,-68.58,109.0,3.0,Ml
308533,2025-07-17 19:55:21,2025-07-17 15:55:21,36 km al O de Taltal,-25.306,-70.825,65.0,2.9,Ml
308535,2025-07-17 20:31:30,2025-07-17 16:31:30,72 km al O de Mina La Escondida,-24.245,-69.766,76.0,5.1,Mw
308538,2025-07-17 21:05:02,2025-07-17 17:05:02,56 km al S de Baquedano,-23.82,-69.698,80.0,3.7,Ml
308552,2025-07-17 22:24:38,2025-07-17 18:24:38,41 km al S de Lebu,-37.966,-73.771,41.0,3.3,Ml
308562,2025-07-18 00:18:46,2025-07-17 20:18:46,44 km al SO de Ollagüe,-21.588,-68.433,124.0,3.3,Ml
308568,2025-07-18 01:32:30,2025-07-17 21:32:30,32 km al E de Mina Los Pelambres,-31.748,-70.263,123.0,3.1,Ml
308570,2025-07-18 01:33:52,2025-07-17 21:33:52,21 km al O de Iquique,-20.232,-70.356,40.0,2.7,Ml
308580,2025-07-18 04:01:34,2025-07-18 00:01:34,76 km al SO de Ollagüe,-21.833,-68.593,112.0,2.5,Ml
308591,2025-07-18 05:14:51,2025-07-18 01:14:51,22 km al O de Quintero,-32.811,-71.759,30.0,2.5,Ml
308597,2025-07-18 05:52:47,2025-07-18 01:52:47,99 km al NE de San Pedro de Atacama,-22.205,-67.631,222.0,3.6,Ml
308599,2025-07-18 06:10:16,2025-07-18 02:10:16,40 km al SO de Ollagüe,-21.481,-68.52,128.0,3.5,Ml
308602,2025-07-18 06:18:18,2025-07-18 02:18:18,37 km al SE de San Pedro de Atacama,-23.227,-68.069,143.0,3.2,Ml
308624,2025-07-18 09:35:29,2025-07-18 05:35:29,33 km al O de San Pedro de Atacama,-22.8,-68.497,118.0,4.3,Ml
308632,2025-07-18 11:34:17,2025-07-18 07:34:17,95 km al O de Bahía Mansa,-40.63,-74.853,7.0,3.5,Ml
308638,2025-07-18 12:37:56,2025-07-18 08:37:56,37 km al E de Pica,-20.54,-68.975,111.0,3.3,Ml
308648,2025-07-18 15:05:37,2025-07-18 11:05:37,31 km al NO de Camiña,-19.076,-69.585,124.0,2.9,Ml
308660,2025-07-18 16:19:29,2025-07-18 12:19:29,20 km al SO de Cuya,-19.324,-70.268,28.0,2.8,Ml
308668,2025-07-18 17:00:13,2025-07-18 13:00:13,236 km al S de Puerto Williams,-57.051,-67.428,10.0,4.5,Ml
308688,2025-07-18 19:39:44,2025-07-18 15:39:44,90 km al O de San Antonio de los Cobres,-24.363,-67.199,190.0,4.6,Ml
308692,2025-07-18 21:22:50,2025-07-18 17:22:50,39 km al NE de Calama,-22.327,-68.586,117.0,2.7,Ml
308699,2025-07-18 21:41:53,2025-07-18 17:41:53,21 km al O de Quintero,-32.775,-71.753,30.0,2.9,Ml
308707,2025-07-18 23:26:41,2025-07-18 19:26:41,70 km al N de San Pedro de Atacama,-22.287,-68.237,144.0,3.2,Ml
308725,2025-07-19 02:55:14,2025-07-18 22:55:14,35 km al O de El Tabo,-33.566,-72.024,53.0,3.7,Ml
308728,2025-07-19 03:12:18,2025-07-18 23:12:18,65 km al S de Socaire,-24.175,-67.926,242.0,2.7,Ml
308758,2025-07-19 09:18:24,2025-07-19 05:18:24,61 km al N de Calama,-21.957,-68.719,111.0,3.2,Ml
308774,2025-07-19 12:19:46,2025-07-19 08:19:46,69 km al E de Quillagua,-21.503,-68.884,109.0,2.5,Ml
308776,2025-07-19 12:23:07,2025-07-19 08:23:07,73 km al SO de Ollagüe,-21.837,-68.516,129.0,2.8,Ml
308791,2025-07-19 15:42:02,2025-07-19 11:42:02,3 km al E de Rancagua,-34.165,-70.7,87.0,3.2,Ml
308797,2025-07-19 16:11:26,2025-07-19 12:11:26,55 km al NE de San Pedro de Atacama,-22.485,-67.953,198.0,3.0,Ml
308802,2025-07-19 16:48:00,2025-07-19 12:48:00,16 km al NE de Alto del Carmen,-28.633,-70.401,105.0,3.4,Ml
308828,2025-07-19 21:54:32,2025-07-19 17:54:32,52 km al SO de Ollagüe,-21.634,-68.497,127.0,3.0,Ml
308831,2025-07-19 22:45:18,2025-07-19 18:45:18,45 km al S de Pica,-20.882,-69.206,104.0,2.6,Ml
308833,2025-07-19 22:53:32,2025-07-19 18:53:32,39 km al SO de Mina Collahuasi,-21.085,-68.909,115.0,3.0,Ml
308837,2025-07-19 23:21:24,2025-07-19 19:21:24,21 km al NO de La Serena,-29.775,-71.412,55.0,2.8,Ml
308842,2025-07-20 00:50:31,2025-07-19 20:50:31,29 km al E de Copiapó,-27.271,-70.054,103.0,3.9,Ml
308854,2025-07-20 02:43:09,2025-07-19 22:43:09,57 km al NO de Cabo Raper,-46.317,-75.872,23.0,4.5,Mw
308867,2025-07-20 05:39:52,2025-07-20 01:39:52,55 km al NO de Tongoy,-29.951,-71.944,36.0,2.8,Ml
308870,2025-07-20 05:57:53,2025-07-20 01:57:53,169 km al O de Valparaíso,-32.703,-73.378,10.0,3.0,Ml
308872,2025-07-20 06:04:08,2025-07-20 02:04:08,5 km al N de Patache,-20.767,-70.195,46.0,3.2,Ml
308875,2025-07-20 06:10:39,2025-07-20 02:10:39,41 km al O de Mina Collahuasi,-20.831,-69.053,110.0,3.2,Ml
308887,2025-07-20 07:09:29,2025-07-20 03:09:29,19 km al E de Cuya,-19.199,-70.005,65.0,3.3,Ml
308896,2025-07-20 08:28:41,2025-07-20 04:28:41,19 km al NO de Socaire,-23.434,-67.967,157.0,3.1,Ml
308906,2025-07-20 10:11:15,2025-07-20 06:11:15,35 km al NE de Calama,-22.182,-68.802,120.0,2.9,Ml
308914,2025-07-20 12:00:35,2025-07-20 08:00:35,60 km al S de Mina Collahuasi,-21.334,-68.846,121.0,2.7,Ml
308919,2025-07-20 12:36:24,2025-07-20 08:36:24,36 km al E de Sierra Gorda,-22.884,-68.965,98.0,4.5,Mw
308926,2025-07-20 13:21:14,2025-07-20 09:21:14,16 km al O de Andacollo,-30.239,-71.249,54.0,2.7,Ml
308934,2025-07-20 16:36:35,2025-07-20 12:36:35,51 km al S de Camiña,-19.756,-69.319,98.0,2.8,Ml
308940,2025-07-20 17:42:12,2025-07-20 13:42:12,26 km al SO de Ollagüe,-21.409,-68.412,119.0,2.5,Ml
308946,2025-07-20 18:16:22,2025-07-20 14:16:22,38 km al NE de Pica,-20.209,-69.117,95.0,3.9,Ml
308962,2025-07-20 19:31:18,2025-07-20 15:31:18,40 km al N de Calama,-22.13,-68.795,106.0,2.8,Ml
308964,2025-07-20 19:35:23,2025-07-20 15:35:23,31 km al S de Mina Collahuasi,-21.096,-68.715,106.0,3.7,Ml
308978,2025-07-20 22:28:02,2025-07-20 18:28:02,50 km al N de Mejillones,-22.651,-70.394,42.0,2.7,Ml
308980,2025-07-20 22:47:26,2025-07-20 18:47:26,27 km al O de La Higuera,-29.503,-71.485,42.0,2.7,Ml
308981,2025-07-20 22:50:26,2025-07-20 18:50:26,34 km al O de Temuco,-38.842,-72.956,58.0,2.7,Ml
308989,2025-07-21 01:05:20,2025-07-20 21:05:20,60 km al NE de Calama,-22.04,-68.585,118.0,3.1,Ml
308992,2025-07-21 01:37:07,2025-07-20 21:37:07,48 km al SO de Colchane,-19.537,-69.008,114.0,3.6,Ml
308997,2025-07-21 02:10:47,2025-07-20 22:10:47,44 km al NE de Pica,-20.183,-69.058,102.0,3.2,Ml
309008,2025-07-21 02:29:25,2025-07-20 22:29:25,39 km al SO de Pichidangui,-32.381,-71.82,41.0,2.8,Ml
309003,2025-07-21 02:49:44,2025-07-20 22:49:44,60 km al E de Monte Patria,-30.617,-70.342,115.0,2.7,Ml
309007,2025-07-21 02:59:43,2025-07-20 22:59:43,61 km al SO de Socaire,-23.87,-68.409,129.0,4.4,Mw
309014,2025-07-21 03:48:49,2025-07-20 23:48:49,14 km al N de Calama,-22.345,-68.898,120.0,2.8,Ml
309023,2025-07-21 04:39:41,2025-07-21 00:39:41,44 km al NO de Camiña,-18.955,-69.61,101.0,4.0,Ml
309026,2025-07-21 04:54:35,2025-07-21 00:54:35,15 km al E de Quillota,-32.858,-71.092,69.0,3.9,Ml
309029,2025-07-21 05:04:00,2025-07-21 01:04:00,30 km al N de Calama,-22.215,-68.845,125.0,3.3,Ml
309033,2025-07-21 05:19:40,2025-07-21 01:19:40,31 km al S de Mina Collahuasi,-21.103,-68.596,124.0,2.9,Ml
309035,2025-07-21 05:23:49,2025-07-21 01:23:49,19 km al NE de Farellones,-33.239,-70.16,115.0,4.0,Ml
309042,2025-07-21 05:59:29,2025-07-21 01:59:29,49 km al E de Patache,-20.766,-69.731,59.0,3.0,Ml
309050,2025-07-21 07:06:38,2025-07-21 03:06:38,20 km al O de Andacollo,-30.298,-71.278,52.0,2.5,Ml
309055,2025-07-21 07:50:43,2025-07-21 03:50:43,21 km al NE de Arica,-18.348,-70.177,107.0,3.5,Ml
309066,2025-07-21 08:50:36,2025-07-21 04:50:36,25 km al NO de Iquique,-20.007,-70.253,40.0,4.4,Ml
309070,2025-07-21 09:05:57,2025-07-21 05:05:57,57 km al O de Ollagüe,-21.322,-68.789,108.0,3.1,Ml
309077,2025-07-21 09:53:23,2025-07-21 05:53:23,9 km al SE de Sierra Gorda,-22.951,-69.26,99.0,4.4,Ml
309082,2025-07-21 10:38:06,2025-07-21 06:38:06,36 km al S de Pozo Almonte,-20.577,-69.764,26.0,3.0,Ml
309089,2025-07-21 11:58:05,2025-07-21 07:58:05,27 km al NO de Ollagüe,-21.09,-68.473,135.0,2.8,Ml
309100,2025-07-21 13:59:09,2025-07-21 09:59:09,37 km al NO de Socaire,-23.288,-68.033,150.0,3.3,Ml
309108,2025-07-21 15:14:50,2025-07-21 11:14:50,77 km al SE de Socaire,-24.23,-67.601,242.0,3.7,Ml
309112,2025-07-21 15:52:35,2025-07-21 11:52:35,64 km al SE de Baquedano,-23.572,-69.275,96.0,2.6,Ml
309120,2025-07-21 16:28:42,2025-07-21 12:28:42,69 km al E de Socaire,-23.455,-67.232,260.0,3.8,Ml
309123,2025-07-21 16:50:28,2025-07-21 12:50:28,41 km al O de Angol,-37.809,-73.178,13.0,2.6,Ml
309149,2025-07-21 20:59:33,2025-07-21 16:59:33,60 km al E de La Higuera,-29.379,-70.599,84.0,3.3,Ml
309157,2025-07-21 21:38:05,2025-07-21 17:38:05,10 km al N de La Serena,-29.815,-71.281,61.0,3.1,Ml
309163,2025-07-21 21:43:51,2025-07-21 17:43:51,51 km al NE de Vallenar,-28.228,-70.414,82.0,2.6,Ml
309166,2025-07-21 21:58:17,2025-07-21 17:58:17,46 km al SO de Mina Collahuasi,-21.112,-68.979,109.0,2.7,Ml
309170,2025-07-21 22:04:51,2025-07-21 18:04:51,38 km al O de Paposo,-25.099,-70.825,40.0,2.5,Ml
309173,2025-07-21 22:28:19,2025-07-21 18:28:19,25 km al SE de Pichilemu,-34.497,-71.775,58.0,3.9,Ml
309176,2025-07-21 22:39:37,2025-07-21 18:39:37,54 km al N de Pica,-20.009,-69.234,94.0,2.5,Ml
309180,2025-07-21 23:05:29,2025-07-21 19:05:29,64 km al NO de Tongoy,-29.918,-72.028,36.0,2.6,Ml
309182,2025-07-21 23:20:32,2025-07-21 19:20:32,42 km al E de El Salvador,-26.106,-69.236,109.0,4.4,Mw
309188,2025-07-21 23:21:45,2025-07-21 19:21:45,50 km al SE de Camiña,-19.558,-69.026,116.0,2.6,Ml
309193,2025-07-21 23:22:02,2025-07-21 19:22:02,63 km al SE de Mina Los Pelambres,-32.227,-70.115,132.0,2.7,Ml
309186,2025-07-21 23:35:11,2025-07-21 19:35:11,138 km al O de Lebu,-38.08,-75.108,35.0,3.3,Ml
309191,2025-07-22 00:23:25,2025-07-21 20:23:25,14 km al E de Pozo Almonte,-20.301,-69.659,43.0,2.6,Ml
309196,2025-07-22 01:08:54,2025-07-21 21:08:54,20 km al SE de Entre Lagos,-40.831,-72.458,109.0,3.0,Ml
309201,2025-07-22 01:53:05,2025-07-21 21:53:05,30 km al E de Pica,-20.529,-69.046,110.0,2.8,Ml
309225,2025-07-22 05:10:48,2025-07-22 01:10:48,34 km al E de Calama,-22.511,-68.604,124.0,3.7,Ml
309228,2025-07-22 05:14:35,2025-07-22 01:14:35,24 km al SE de Sierra Gorda,-23.063,-69.176,97.0,3.0,Ml
309241,2025-07-22 07:01:12,2025-07-22 03:01:12,18 km al NE de Putre,-18.057,-69.47,140.0,2.8,Ml
309246,2025-07-22 07:48:50,2025-07-22 03:48:50,25 km al O de Mina Collahuasi,-20.75,-68.88,105.0,3.1,Ml
309260,2025-07-22 10:16:16,2025-07-22 06:16:16,88 km al SO de San Pedro de Atacama,-23.519,-68.766,112.0,3.4,Ml
309263,2025-07-22 11:42:51,2025-07-22 07:42:51,86 km al SE de Socaire,-24.266,-67.47,221.0,3.4,Ml
309267,2025-07-22 12:29:37,2025-07-22 08:29:37,15 km al O de Quintero,-32.754,-71.688,32.0,2.9,Ml
309278,2025-07-22 14:28:19,2025-07-22 10:28:19,67 km al SE de Socaire,-23.988,-67.4,258.0,3.2,Ml
309279,2025-07-22 14:40:49,2025-07-22 10:40:49,70 km al NE de Calama,-21.893,-68.665,106.0,3.4,Ml
309287,2025-07-22 15:29:21,2025-07-22 11:29:21,95 km al O de Arica,-18.589,-71.219,30.0,2.6,Ml
309290,2025-07-22 15:44:27,2025-07-22 11:44:27,43 km al SO de Huasco,-28.799,-71.441,42.0,2.5,Ml
309304,2025-07-22 18:44:00,2025-07-22 14:44:00,21 km al NE de Vichuquén,-34.752,-71.834,37.0,3.3,Ml
309313,2025-07-22 19:20:47,2025-07-22 15:20:47,33 km al NO de Los Vilos,-31.647,-71.674,39.0,3.0,Ml
309317,2025-07-22 19:50:50,2025-07-22 15:50:50,36 km al SO de Mina Collahuasi,-21.091,-68.851,110.0,2.6,Ml
309324,2025-07-22 20:48:39,2025-07-22 16:48:39,52 km al SO de Ollagüe,-21.431,-68.705,105.0,3.0,Ml
309327,2025-07-22 21:14:56,2025-07-22 17:14:56,41 km al O de Quintero,-32.625,-71.921,31.0,2.9,Ml
309330,2025-07-22 21:15:17,2025-07-22 17:15:17,76 km al SE de Socaire,-24.22,-67.605,235.0,3.5,Ml
309338,2025-07-22 21:42:56,2025-07-22 17:42:56,79 km al S de Ilo,-18.352,-71.355,28.0,2.7,Ml
309335,2025-07-22 21:43:51,2025-07-22 17:43:51,33 km al SE de Cauquenes,-36.173,-72.052,59.0,3.0,Ml
309342,2025-07-22 22:01:58,2025-07-22 18:01:58,96 km al E de Alto del Carmen,-28.634,-69.515,118.0,3.0,Ml
309347,2025-07-22 22:58:58,2025-07-22 18:58:58,24 km al E de Copiapó,-27.306,-70.095,100.0,2.7,Ml
309359,2025-07-23 00:21:59,2025-07-22 20:21:59,24 km al E de Los Ángeles,-37.545,-72.1,96.0,3.0,Ml
309362,2025-07-23 00:27:27,2025-07-22 20:27:27,45 km al NE de Calama,-22.122,-68.713,121.0,2.5,Ml
309370,2025-07-23 01:58:51,2025-07-22 21:58:51,38 km al O de Pichidangui,-32.26,-71.903,41.0,3.0,Ml
309372,2025-07-23 02:18:14,2025-07-22 22:18:14,34 km al SO de Pichidangui,-32.29,-71.838,23.0,2.5,Ml
309374,2025-07-23 02:22:16,2025-07-22 22:22:16,8 km al O de Pichidangui,-32.104,-71.606,64.0,2.5,Ml
309388,2025-07-23 03:47:42,2025-07-22 23:47:42,56 km al SE de Socaire,-23.825,-67.403,277.0,2.7,Ml
309394,2025-07-23 04:07:50,2025-07-23 00:07:50,68 km al SE de Socaire,-24.071,-67.479,240.0,3.3,Ml
309399,2025-07-23 05:07:13,2025-07-23 01:07:13,81 km al E de Socaire,-23.371,-67.136,240.0,2.8,Ml
309407,2025-07-23 05:54:28,2025-07-23 01:54:28,75 km al O de San Antonio de los Cobres,-23.954,-67.0,242.0,2.6,Ml
309410,2025-07-23 06:02:15,2025-07-23 02:02:15,47 km al SO de Mina Collahuasi,-21.153,-68.948,113.0,2.5,Ml
309418,2025-07-23 07:04:20,2025-07-23 03:04:20,22 km al SO de Calama,-22.646,-69.035,107.0,2.5,Ml
309423,2025-07-23 07:18:11,2025-07-23 03:18:11,31 km al N de Pica,-20.228,-69.243,92.0,2.6,Ml
309425,2025-07-23 07:33:28,2025-07-23 03:33:28,81 km al SO de Taltal,-25.746,-71.196,38.0,2.7,Ml
309429,2025-07-23 08:03:55,2025-07-23 04:03:55,31 km al SO de Mina Collahuasi,-21.056,-68.835,101.0,2.6,Ml
309439,2025-07-23 09:50:29,2025-07-23 05:50:29,84 km al E de Monte Patria,-30.766,-70.085,130.0,3.0,Ml
309444,2025-07-23 10:27:29,2025-07-23 06:27:29,41 km al NO de Patache,-20.633,-70.549,39.0,2.7,Ml
309447,2025-07-23 10:34:54,2025-07-23 06:34:54,45 km al O de Patache,-20.741,-70.633,22.0,2.6,Ml
309455,2025-07-23 12:15:37,2025-07-23 08:15:37,126 km al E de San Pedro de Atacama,-22.698,-66.997,264.0,4.5,Ml
309460,2025-07-23 12:50:21,2025-07-23 08:50:21,36 km al SO de Mina Collahuasi,-21.114,-68.807,120.0,2.7,Ml
309465,2025-07-23 13:13:43,2025-07-23 09:13:43,48 km al SO de Mina Collahuasi,-21.208,-68.87,114.0,2.6,Ml
309477,2025-07-23 14:56:51,2025-07-23 10:56:51,32 km al S de Mina Collahuasi,-21.113,-68.642,115.0,2.9,Ml
309481,2025-07-23 16:00:09,2025-07-23 12:00:09,13 km al NO de Pica,-20.434,-69.442,81.0,3.1,Ml
309485,2025-07-23 17:04:11,2025-07-23 13:04:11,69 km al S de Socaire,-24.199,-67.748,236.0,2.8,Ml
309487,2025-07-23 17:27:07,2025-07-23 13:27:07,19 km al E de Mina Los Pelambres,-31.807,-70.386,105.0,3.2,Ml
309506,2025-07-23 19:05:13,2025-07-23 15:05:13,12 km al NE de Mina Los Pelambres,-31.726,-70.53,96.0,2.7,Ml
309509,2025-07-23 19:14:54,2025-07-23 15:14:54,25 km al SO de Paposo,-25.124,-70.68,48.0,3.3,Ml
309517,2025-07-23 20:03:16,2025-07-23 16:03:16,50 km al NE de Socaire,-23.367,-67.462,251.0,3.2,Ml
309520,2025-07-23 20:42:54,2025-07-23 16:42:54,49 km al SO de Mina Collahuasi,-21.162,-68.968,110.0,2.6,Ml
309537,2025-07-23 22:44:55,2025-07-23 18:44:55,70 km al NE de Calama,-21.957,-68.534,119.0,2.6,Ml
309545,2025-07-23 23:53:23,2025-07-23 19:53:23,20 km al E de Calama,-22.475,-68.737,122.0,2.6,Ml
309548,2025-07-24 00:09:32,2025-07-23 20:09:32,42 km al SE de Calama,-22.813,-68.768,120.0,2.6,Ml
309551,2025-07-24 00:46:20,2025-07-23 20:46:20,36 km al NE de Calama,-22.194,-68.749,115.0,5.2,Mw
309554,2025-07-24 01:06:36,2025-07-23 21:06:36,111 km al SE de Ollagüe,-21.859,-67.421,223.0,2.6,Ml
309558,2025-07-24 01:39:42,2025-07-23 21:39:42,39 km al NE de Vallenar,-28.417,-70.402,98.0,2.7,Ml
309572,2025-07-24 03:43:44,2025-07-23 23:43:44,91 km al E de Socaire,-23.367,-67.033,245.0,3.1,Ml
309573,2025-07-24 04:01:44,2025-07-24 00:01:44,82 km al S de Socaire,-24.284,-67.617,216.0,3.5,Ml
309579,2025-07-24 04:04:59,2025-07-24 00:04:59,114 km al S de Mina La Escondida,-25.281,-68.894,121.0,3.1,Ml
309578,2025-07-24 04:25:03,2025-07-24 00:25:03,34 km al O de Ollagüe,-21.321,-68.563,121.0,3.0,Ml
309587,2025-07-24 04:45:59,2025-07-24 00:45:59,67 km al SE de Curicó,-35.527,-70.918,5.0,2.7,Ml
309588,2025-07-24 04:47:50,2025-07-24 00:47:50,21 km al SE de Salamanca,-31.903,-70.8,100.0,3.0,Ml
309593,2025-07-24 05:14:46,2025-07-24 01:14:46,20 km al O de La Serena,-29.924,-71.456,50.0,2.6,Ml
309597,2025-07-24 05:19:20,2025-07-24 01:19:20,84 km al E de Socaire,-23.767,-67.091,240.0,2.9,Ml
309605,2025-07-24 06:19:00,2025-07-24 02:19:00,32 km al E de Socaire,-23.678,-67.589,220.0,3.0,Ml
309608,2025-07-24 06:42:31,2025-07-24 02:42:31,19 km al N de Pica,-20.328,-69.266,112.0,2.6,Ml
309618,2025-07-24 09:56:44,2025-07-24 05:56:44,47 km al SO de Mina Collahuasi,-21.105,-68.996,108.0,3.3,Ml
309623,2025-07-24 10:56:32,2025-07-24 06:56:32,85 km al SE de Socaire,-24.207,-67.394,234.0,2.6,Ml
309633,2025-07-24 11:55:11,2025-07-24 07:55:11,25 km al SO de Mina Collahuasi,-20.947,-68.861,103.0,3.4,Ml
309635,2025-07-24 12:13:10,2025-07-24 08:13:10,69 km al SE de Socaire,-24.127,-67.546,232.0,2.9,Ml
309640,2025-07-24 13:07:28,2025-07-24 09:07:28,36 km al NO de Quintero,-32.508,-71.732,34.0,3.8,Ml
309643,2025-07-24 13:22:30,2025-07-24 09:22:30,13 km al SE de Ollagüe,-21.28,-68.147,163.0,3.2,Ml
309660,2025-07-24 17:01:48,2025-07-24 13:01:48,43 km al S de Ollagüe,-21.604,-68.353,139.0,2.5,Ml
309676,2025-07-24 19:08:44,2025-07-24 15:08:44,25 km al NO de Mina Collahuasi,-20.643,-68.798,107.0,2.7,Ml
309692,2025-07-24 21:48:46,2025-07-24 17:48:46,76 km al SE de Socaire,-23.95,-67.255,251.0,2.8,Ml
309690,2025-07-24 21:59:53,2025-07-24 17:59:53,25 km al SE de Mina Collahuasi,-21.014,-68.529,127.0,2.9,Ml
309698,2025-07-24 23:24:01,2025-07-24 19:24:01,138 km al O de Chañaral,-25.865,-71.893,30.0,3.7,Ml
309703,2025-07-25 01:00:32,2025-07-24 21:00:32,24 km al E de Vallenar,-28.533,-70.519,95.0,2.9,Ml
309706,2025-07-25 01:19:08,2025-07-24 21:19:08,25 km al SO de Putre,-18.373,-69.707,103.0,2.9,Ml
309714,2025-07-25 02:16:40,2025-07-24 22:16:40,46 km al SO de Ollagüe,-21.497,-68.582,116.0,2.8,Ml
309717,2025-07-25 02:39:47,2025-07-24 22:39:47,43 km al NE de Calama,-22.271,-68.577,105.0,3.9,Ml
309720,2025-07-25 03:05:16,2025-07-24 23:05:16,25 km al NO de Pozo Almonte,-20.071,-69.913,31.0,3.0,Ml
309762,2025-07-25 03:33:35,2025-07-24 23:33:35,72 km al S de Socaire,-24.236,-67.911,238.0,2.6,Ml
309737,2025-07-25 07:34:36,2025-07-25 03:34:36,55 km al E de Combarbalá,-31.294,-70.438,130.0,2.5,Ml
309741,2025-07-25 07:57:41,2025-07-25 03:57:41,41 km al E de Mina Los Pelambres,-31.809,-70.157,151.0,2.8,Ml
309750,2025-07-25 09:10:45,2025-07-25 05:10:45,48 km al O de Valparaíso,-33.089,-72.131,14.0,2.5,Ml
309753,2025-07-25 09:30:43,2025-07-25 05:30:43,14 km al SO de Pichilemu,-34.475,-72.121,33.0,2.5,Ml
309779,2025-07-25 12:15:05,2025-07-25 08:15:05,16 km al N de Monte Patria,-30.553,-70.91,78.0,2.6,Ml
309781,2025-07-25 14:45:58,2025-07-25 10:45:58,111 km al SE de Ollagüe,-21.979,-67.555,223.0,2.7,Ml
309785,2025-07-25 15:20:28,2025-07-25 11:20:28,26 km al E de Mina Los Pelambres,-31.777,-70.321,139.0,3.3,Ml
309824,2025-07-25 19:30:00,2025-07-25 15:30:00,44 km al O de Ollagüe,-21.257,-68.676,120.0,2.5,Ml
309826,2025-07-25 23:09:17,2025-07-25 19:09:17,33 km al S de Mina Collahuasi,-21.122,-68.648,122.0,3.3,Ml
309832,2025-07-26 01:22:04,2025-07-25 21:22:04,67 km al NE de Calama,-21.966,-68.578,121.0,2.6,Ml
309833,2025-07-26 01:25:39,2025-07-25 21:25:39,23 km al O de Pica,-20.501,-69.551,50.0,2.7,Ml
309855,2025-07-26 05:27:32,2025-07-26 01:27:32,17 km al N de Canela Baja,-31.247,-71.409,74.0,3.6,Ml
309857,2025-07-26 05:51:33,2025-07-26 01:51:33,83 km al NE de Mina La Escondida,-23.574,-68.755,129.0,3.3,Ml
309873,2025-07-26 08:59:49,2025-07-26 04:59:49,34 km al S de Calama,-22.763,-68.843,94.0,2.5,Ml
309881,2025-07-26 11:14:18,2025-07-26 07:14:18,1 km al S de Parque Fray Jorge,-30.67,-71.681,36.0,2.9,Ml
309885,2025-07-26 11:37:41,2025-07-26 07:37:41,63 km al SO de San Pedro de Atacama,-23.375,-68.56,98.0,2.8,Ml
309887,2025-07-26 11:53:21,2025-07-26 07:53:21,32 km al SO de Copiapó,-27.526,-70.596,80.0,2.7,Ml
309889,2025-07-26 12:07:03,2025-07-26 08:07:03,24 km al E de Sierra Gorda,-22.975,-69.107,88.0,3.1,Ml
309896,2025-07-26 14:24:33,2025-07-26 10:24:33,56 km al NE de Vallenar,-28.28,-70.293,80.0,3.1,Ml
309903,2025-07-26 15:59:06,2025-07-26 11:59:06,50 km al S de Mina Collahuasi,-21.256,-68.807,120.0,3.0,Ml
309911,2025-07-26 16:29:39,2025-07-26 12:29:39,26 km al NE de Petorca,-32.127,-70.695,96.0,3.0,Ml
309943,2025-07-26 20:55:12,2025-07-26 16:55:12,35 km al N de Calama,-22.171,-68.84,109.0,3.2,Ml
309947,2025-07-26 21:33:02,2025-07-26 17:33:02,81 km al SE de Socaire,-24.221,-67.488,222.0,3.6,Ml
309951,2025-07-26 22:33:20,2025-07-26 18:33:20,35 km al O de Iquique,-20.166,-70.48,28.0,2.3,Ml
309954,2025-07-26 23:26:33,2025-07-26 19:26:33,42 km al NE de Calama,-22.197,-68.652,113.0,2.5,Ml
309957,2025-07-26 23:42:47,2025-07-26 19:42:47,52 km al E de Quillagua,-21.697,-69.03,89.0,3.4,Ml
309959,2025-07-27 00:04:09,2025-07-26 20:04:09,17 km al O de Illapel,-31.597,-71.342,35.0,2.6,Ml
309975,2025-07-27 03:23:22,2025-07-26 23:23:22,20 km al SE de Pichidangui,-32.215,-71.344,49.0,2.7,Ml
309983,2025-07-27 04:10:39,2025-07-27 00:10:39,85 km al NE de Socaire,-23.088,-67.257,246.0,3.2,Ml
309984,2025-07-27 04:11:40,2025-07-27 00:11:40,34 km al NO de Caldera,-26.854,-71.067,34.0,4.9,Mw
309985,2025-07-27 04:29:00,2025-07-27 00:29:00,36 km al O de Patache,-20.918,-70.526,38.0,4.3,Ml
309998,2025-07-27 06:21:23,2025-07-27 02:21:23,35 km al NO de Caldera,-26.9,-71.125,35.0,4.5,Mw
309999,2025-07-27 06:36:38,2025-07-27 02:36:38,44 km al E de Talca,-35.449,-71.18,100.0,4.2,Ml
310003,2025-07-27 06:59:36,2025-07-27 02:59:36,9 km al E de Camiña,-19.319,-69.344,100.0,2.7,Ml
310008,2025-07-27 08:03:29,2025-07-27 04:03:29,13 km al NE de Mina Collahuasi,-20.721,-68.61,122.0,4.2,Ml
310011,2025-07-27 08:14:34,2025-07-27 04:14:34,35 km al E de Calama,-22.438,-68.589,113.0,2.7,Ml
310025,2025-07-27 10:37:03,2025-07-27 06:37:03,26 km al O de Punta de Choros,-29.321,-71.722,46.0,4.5,Ml
310027,2025-07-27 11:05:30,2025-07-27 07:05:30,33 km al O de Quintero,-32.747,-71.873,24.0,3.4,Ml
310031,2025-07-27 11:08:01,2025-07-27 07:08:01,29 km al O de Ollagüe,-21.197,-68.533,128.0,2.9,Ml
310037,2025-07-27 11:31:04,2025-07-27 07:31:04,53 km al O de Quintero,-32.693,-72.086,18.0,3.5,Ml
310047,2025-07-27 12:51:11,2025-07-27 08:51:11,39 km al O de Quintero,-32.747,-71.945,20.0,4.0,Ml
310050,2025-07-27 13:11:29,2025-07-27 09:11:29,35 km al O de Quintero,-32.741,-71.897,15.0,3.2,Ml
310052,2025-07-27 13:13:43,2025-07-27 09:13:43,39 km al O de Quintero,-32.764,-71.939,24.0,2.7,Ml
310053,2025-07-27 13:19:56,2025-07-27 09:19:56,38 km al O de Quintero,-32.749,-71.931,16.0,2.5,Ml
310089,2025-07-27 21:33:37,2025-07-27 17:33:37,28 km al NO de Quintero,-32.642,-71.781,35.0,3.0,Ml
310112,2025-07-28 02:04:57,2025-07-27 22:04:57,275 km al S de Puerto Williams,-57.408,-67.406,10.0,3.8,Ml
310141,2025-07-28 06:33:29,2025-07-28 02:33:29,13 km al NE de Ollagüe,-21.171,-68.142,142.0,3.0,Ml
310145,2025-07-28 07:10:17,2025-07-28 03:10:17,95 km al NE de San Pedro de Atacama,-22.198,-67.714,198.0,3.1,Ml
310146,2025-07-28 07:20:09,2025-07-28 03:20:09,43 km al N de Pica,-20.112,-69.259,93.0,3.6,Ml
310159,2025-07-28 09:11:32,2025-07-28 05:11:32,30 km al E de Ollagüe,-21.311,-67.975,170.0,2.8,Ml
310167,2025-07-28 10:44:15,2025-07-28 06:44:15,49 km al SE de Pica,-20.892,-69.145,106.0,2.5,Ml
310172,2025-07-28 11:11:08,2025-07-28 07:11:08,33 km al O de Lebu,-37.546,-74.023,34.0,3.8,Ml
310174,2025-07-28 11:21:56,2025-07-28 07:21:56,7 km al SO de Lebu,-37.664,-73.686,32.0,3.0,Ml
310179,2025-07-28 11:39:57,2025-07-28 07:39:57,35 km al O de Lebu,-37.581,-74.051,38.0,3.7,Ml
310196,2025-07-28 15:39:18,2025-07-28 11:39:18,8 km al NE de Pica,-20.442,-69.276,95.0,2.6,Ml
310212,2025-07-28 17:57:56,2025-07-28 13:57:56,51 km al SO de Mina Collahuasi,-21.118,-69.038,112.0,2.7,Ml
310218,2025-07-28 18:25:27,2025-07-28 14:25:27,111 km al O de Huasco,-28.534,-72.359,36.0,2.9,Ml
310222,2025-07-28 18:40:41,2025-07-28 14:40:41,38 km al E de Pica,-20.522,-68.969,99.0,2.4,Ml
310233,2025-07-28 19:28:50,2025-07-28 15:28:50,53 km al NE de Calama,-22.127,-68.578,120.0,2.9,Ml
310245,2025-07-28 20:51:54,2025-07-28 16:51:54,54 km al SE de Mina Los Pelambres,-32.142,-70.15,132.0,4.3,Ml
310248,2025-07-28 21:03:51,2025-07-28 17:03:51,21 km al O de Mina Collahuasi,-20.816,-68.861,103.0,3.3,Ml
310274,2025-07-29 01:39:20,2025-07-28 21:39:20,78 km al S de Socaire,-24.274,-67.728,228.0,3.3,Ml
310275,2025-07-29 01:43:02,2025-07-28 21:43:02,64 km al E de Mina Los Pelambres,-31.78,-69.907,131.0,4.0,Ml
310283,2025-07-29 02:36:56,2025-07-28 22:36:56,26 km al S de Calama,-22.704,-68.901,100.0,2.5,Ml
310286,2025-07-29 03:10:04,2025-07-28 23:10:04,39 km al SE de Pica,-20.784,-69.124,109.0,2.7,Ml
310292,2025-07-29 03:43:45,2025-07-28 23:43:45,116 km al O de Pichilemu,-33.929,-73.142,31.0,3.1,Ml
310310,2025-07-29 07:29:35,2025-07-29 03:29:35,48 km al E de Quillagua,-21.657,-69.068,82.0,2.7,Ml
310322,2025-07-29 09:04:02,2025-07-29 05:04:02,52 km al NE de Calama,-22.089,-68.636,116.0,2.6,Ml
310324,2025-07-29 09:33:22,2025-07-29 05:33:22,36 km al NO de Socaire,-23.29,-68.025,152.0,4.3,Ml
310326,2025-07-29 09:42:32,2025-07-29 05:42:32,49 km al S de Mina Collahuasi,-21.266,-68.732,133.0,3.0,Ml
310329,2025-07-29 09:49:50,2025-07-29 05:49:50,22 km al S de Linares,-36.037,-71.557,100.0,3.3,Ml
310336,2025-07-29 11:48:06,2025-07-29 07:48:06,45 km al N de Vallenar,-28.175,-70.698,51.0,2.8,Ml
310343,2025-07-29 14:20:29,2025-07-29 10:20:29,25 km al NE de Ollagüe,-21.101,-68.05,192.0,2.7,Ml
310348,2025-07-29 15:00:02,2025-07-29 11:00:02,73 km al NE de Los Andes,-32.357,-70.059,131.0,3.6,Ml
310350,2025-07-29 15:37:30,2025-07-29 11:37:30,103 km al NE de Socaire,-22.986,-67.119,240.0,2.8,Ml
310353,2025-07-29 16:10:39,2025-07-29 12:10:39,12 km al E de Quillota,-32.892,-71.12,62.0,2.5,Ml
310361,2025-07-29 17:58:08,2025-07-29 13:58:08,46 km al NE de Calama,-22.164,-68.623,109.0,2.6,Ml
310368,2025-07-29 18:07:56,2025-07-29 14:07:56,73 km al S de Ollagüe,-21.846,-68.483,105.0,3.0,Ml
310384,2025-07-29 20:02:04,2025-07-29 16:02:04,71 km al SO de Ollagüe,-21.782,-68.596,129.0,3.0,Ml
310386,2025-07-29 20:05:14,2025-07-29 16:05:14,35 km al NE de Pica,-20.222,-69.159,96.0,3.2,Ml
310390,2025-07-29 20:36:15,2025-07-29 16:36:15,79 km al E de Socaire,-23.586,-67.118,229.0,4.3,Mw
310405,2025-07-29 22:14:05,2025-07-29 18:14:05,37 km al S de Linares,-36.16,-71.724,94.0,2.5,Ml
310408,2025-07-29 22:40:51,2025-07-29 18:40:51,41 km al SO de María Elena,-22.601,-69.946,65.0,2.5,Ml
310430,2025-07-30 02:23:11,2025-07-29 22:23:11,84 km al E de Socaire,-23.889,-67.134,249.0,4.0,Ml
310434,2025-07-30 02:53:52,2025-07-29 22:53:52,37 km al SE de Panguipulli,-39.817,-71.957,8.0,2.7,Ml
310438,2025-07-30 03:34:04,2025-07-29 23:34:04,42 km al SE de Quillagua,-21.913,-69.232,88.0,3.3,Ml
310442,2025-07-30 03:49:14,2025-07-29 23:49:14,30 km al NO de Visviri,-17.47,-69.728,174.0,4.7,Mw
310445,2025-07-30 04:18:11,2025-07-30 00:18:11,54 km al N de Calama,-22.004,-68.77,123.0,3.0,Ml
310451,2025-07-30 05:36:05,2025-07-30 01:36:05,63 km al SO de Mina Collahuasi,-21.212,-69.104,98.0,3.1,Ml
310458,2025-07-30 05:50:09,2025-07-30 01:50:09,32 km al SO de Putre,-18.41,-69.763,123.0,2.6,Ml
310463,2025-07-30 07:15:48,2025-07-30 03:15:48,48 km al SO de Mina Collahuasi,-21.163,-68.953,111.0,2.8,Ml
310469,2025-07-30 08:16:22,2025-07-30 04:16:22,44 km al E de Los Andes,-32.718,-70.144,122.0,2.5,Ml
310471,2025-07-30 09:10:08,2025-07-30 05:10:08,35 km al S de Pica,-20.792,-69.231,108.0,3.2,Ml
310474,2025-07-30 09:20:15,2025-07-30 05:20:15,72 km al SE de Socaire,-23.86,-67.248,228.0,3.8,Ml
310477,2025-07-30 09:51:02,2025-07-30 05:51:02,63 km al O de Mina La Escondida,-24.47,-69.64,73.0,2.8,Ml
310481,2025-07-30 10:08:44,2025-07-30 06:08:44,43 km al S de Cobquecura,-36.504,-72.675,61.0,2.6,Ml
310485,2025-07-30 10:27:03,2025-07-30 06:27:03,29 km al SE de Pica,-20.656,-69.115,107.0,2.5,Ml
310486,2025-07-30 10:30:40,2025-07-30 06:30:40,29 km al E de Baquedano,-23.235,-69.577,92.0,2.5,Ml
310488,2025-07-30 11:00:53,2025-07-30 07:00:53,73 km al S de Socaire,-24.231,-67.728,240.0,3.8,Ml
310490,2025-07-30 11:18:05,2025-07-30 07:18:05,29 km al NO de Carrizal Bajo,-27.919,-71.375,30.0,2.8,Ml
310495,2025-07-30 12:32:08,2025-07-30 08:32:08,76 km al SE de Socaire,-24.013,-67.302,239.0,4.8,Mw
310499,2025-07-30 13:15:03,2025-07-30 09:15:03,39 km al S de Mina Collahuasi,-21.173,-68.723,117.0,3.3,Ml
310506,2025-07-30 13:54:04,2025-07-30 09:54:04,60 km al S de Socaire,-24.124,-67.954,285.0,3.1,Ml
310507,2025-07-30 14:39:03,2025-07-30 10:39:03,21 km al SE de Quillota,-33.029,-71.115,53.0,2.5,Ml
310515,2025-07-30 15:06:39,2025-07-30 11:06:39,43 km al S de Socaire,-23.98,-67.901,248.0,3.0,Ml
310519,2025-07-30 15:36:08,2025-07-30 11:36:08,13 km al NE de Camiña,-19.21,-69.362,105.0,2.8,Ml
310532,2025-07-30 18:11:21,2025-07-30 14:11:21,57 km al SE de Socaire,-24.015,-67.575,246.0,3.6,Ml
310533,2025-07-30 18:14:21,2025-07-30 14:14:21,36 km al SE de Camiña,-19.583,-69.244,101.0,3.0,Ml
310536,2025-07-30 18:23:10,2025-07-30 14:23:10,70 km al N de Calama,-21.841,-68.868,123.0,2.5,Ml
310544,2025-07-30 19:43:41,2025-07-30 15:43:41,232 km al SO de Puerto Williams,-56.95,-68.58,10.0,3.6,Ml
310551,2025-07-30 20:40:09,2025-07-30 16:40:09,13 km al SO de Visviri,-17.675,-69.575,170.0,2.9,Ml
310578,2025-07-31 01:44:00,2025-07-30 21:44:00,48 km al SO de Ollagüe,-21.422,-68.669,105.0,2.5,Ml
310586,2025-07-31 04:17:53,2025-07-31 00:17:53,78 km al N de Calama,-21.788,-68.775,124.0,2.9,Ml
310588,2025-07-31 04:30:31,2025-07-31 00:30:31,24 km al S de Rancagua,-34.381,-70.701,110.0,2.6,Ml
310589,2025-07-31 04:56:20,2025-07-31 00:56:20,53 km al SE de Paihuano,-30.299,-70.062,110.0,2.8,Ml
310596,2025-07-31 06:17:56,2025-07-31 02:17:56,12 km al S de Camiña,-19.421,-69.415,100.0,3.7,Ml
310598,2025-07-31 06:29:51,2025-07-31 02:29:51,129 km al NE de Socaire,-22.92,-66.86,261.0,3.7,Ml
310607,2025-07-31 07:26:48,2025-07-31 03:26:48,83 km al O de San Antonio de los Cobres,-24.057,-67.119,241.0,3.4,Ml
310613,2025-07-31 07:52:27,2025-07-31 03:52:27,19 km al N de Tongoy,-30.091,-71.455,39.0,2.9,Ml
310616,2025-07-31 08:04:17,2025-07-31 04:04:17,22 km al N de Tongoy,-30.055,-71.51,44.0,3.4,Ml
310618,2025-07-31 09:04:58,2025-07-31 05:04:58,30 km al O de Toltén,-39.116,-73.508,9.0,2.5,Ml
310628,2025-07-31 10:57:10,2025-07-31 06:57:10,66 km al NE de San Pedro de Atacama,-22.387,-67.922,193.0,3.0,Ml
310634,2025-07-31 11:51:54,2025-07-31 07:51:54,89 km al SE de Socaire,-24.223,-67.352,156.0,3.1,Ml
310636,2025-07-31 13:50:56,2025-07-31 09:50:56,54 km al O de Quellón,-43.201,-74.273,32.0,2.5,Ml
310640,2025-07-31 14:55:20,2025-07-31 10:55:20,143 km al O de Pichilemu,-34.44,-73.564,36.0,2.8,Ml
310641,2025-07-31 15:05:10,2025-07-31 11:05:10,22 km al S de Punitaqui,-31.023,-71.297,60.0,2.7,Ml
310647,2025-07-31 15:30:04,2025-07-31 11:30:04,70 km al E de Paposo,-24.962,-69.769,82.0,2.7,Ml
310648,2025-07-31 16:30:04,2025-07-31 12:30:04,120 km al NE de San Pedro de Atacama,-22.068,-67.49,215.0,2.8,Ml
310651,2025-07-31 16:35:11,2025-07-31 12:35:11,6 km al SO de Visviri,-17.624,-69.525,162.0,2.8,Ml
310654,2025-07-31 17:03:45,2025-07-31 13:03:45,100 km al S de Socaire,-24.459,-67.642,179.0,3.6,Ml
310658,2025-07-31 17:57:15,2025-07-31 13:57:15,26 km al O de Visviri,-17.651,-69.718,158.0,3.0,Ml
310670,2025-07-31 20:02:02,2025-07-31 16:02:02,38 km al O de La Serena,-29.847,-71.636,37.0,2.6,Ml
310673,2025-07-31 20:12:46,2025-07-31 16:12:46,30 km al S de Pichidangui,-32.399,-71.598,25.0,2.5,Ml
310680,2025-07-31 21:01:16,2025-07-31 17:01:16,63 km al S de Socaire,-24.156,-67.833,246.0,3.2,Ml
310679,2025-07-31 21:04:25,2025-07-31 17:04:25,33 km al SE de Sierra Gorda,-23.038,-69.043,103.0,2.6,Ml
310684,2025-07-31 21:34:29,2025-07-31 17:34:29,37 km al E de Rancagua,-34.022,-70.378,17.0,4.2,Ml
310703,2025-08-01 00:39:38,2025-07-31 20:39:38,24 km al SE de Alto del Carmen,-28.916,-70.318,109.0,2.8,Ml
310708,2025-08-01 01:06:02,2025-07-31 21:06:02,14 km al SO de Putre,-18.315,-69.609,94.0,2.9,Ml
310715,2025-08-01 02:33:22,2025-07-31 22:33:22,34 km al E de Mina La Escondida,-24.196,-68.731,117.0,3.4,Ml
310823,2025-08-01 02:45:07,2025-07-31 22:45:07,81 km al O de Lebu,-37.648,-74.578,22.0,3.4,Ml
310724,2025-08-01 04:13:58,2025-08-01 00:13:58,74 km al SO de Ollagüe,-21.774,-68.66,117.0,3.7,Ml
310727,2025-08-01 04:28:53,2025-08-01 00:28:53,56 km al S de Socaire,-24.085,-67.791,258.0,3.0,Ml
310730,2025-08-01 05:37:37,2025-08-01 01:37:37,33 km al N de Punta de Choros,-28.958,-71.511,34.0,3.2,Ml
310733,2025-08-01 06:27:32,2025-08-01 02:27:32,35 km al SE de Pica,-20.718,-69.091,96.0,2.5,Ml
310735,2025-08-01 08:46:16,2025-08-01 04:46:16,95 km al S de Socaire,-24.396,-67.572,196.0,3.8,Ml
310741,2025-08-01 10:03:07,2025-08-01 06:03:07,73 km al O de Patache,-21.037,-70.866,52.0,2.6,Ml
310757,2025-08-01 13:08:40,2025-08-01 09:08:40,150 km al O de Tirúa,-38.708,-75.158,18.0,3.6,Ml
310766,2025-08-01 15:11:34,2025-08-01 11:11:34,39 km al SO de Mina Collahuasi,-21.053,-68.944,118.0,2.6,Ml
310768,2025-08-01 15:39:15,2025-08-01 11:39:15,36 km al SO de Huasco,-28.725,-71.435,31.0,3.4,Ml
310770,2025-08-01 16:29:48,2025-08-01 12:29:48,34 km al NO de Mejillones,-22.854,-70.642,35.0,3.1,Ml
310776,2025-08-01 17:41:54,2025-08-01 13:41:54,76 km al E de San Pedro de Atacama,-22.959,-67.461,296.0,2.8,Ml
310792,2025-08-01 20:28:28,2025-08-01 16:28:28,37 km al S de Mina Collahuasi,-21.143,-68.772,116.0,2.7,Ml
310798,2025-08-01 21:22:21,2025-08-01 17:22:21,40 km al NO de Calama,-22.262,-69.242,79.0,2.6,Ml
310801,2025-08-01 22:03:21,2025-08-01 18:03:21,74 km al SO de Ollagüe,-21.693,-68.757,117.0,3.9,Ml
310815,2025-08-01 23:18:13,2025-08-01 19:18:13,84 km al S de Socaire,-24.345,-67.867,236.0,3.4,Ml
310820,2025-08-01 23:32:53,2025-08-01 19:32:53,87 km al S de Socaire,-24.36,-68.014,248.0,2.9,Ml
310822,2025-08-01 23:44:24,2025-08-01 19:44:24,57 km al SE de Camiña,-19.777,-69.188,106.0,2.6,Ml
310828,2025-08-02 00:29:52,2025-08-01 20:29:52,19 km al O de Pichidangui,-32.1,-71.73,58.0,2.9,Ml
310834,2025-08-02 00:50:05,2025-08-01 20:50:05,31 km al N de Puerto Natales,-51.453,-72.5,10.0,3.0,Ml
310831,2025-08-02 00:54:11,2025-08-01 20:54:11,10 km al NO de Tongoy,-30.176,-71.551,24.0,2.6,Ml
310870,2025-08-02 02:50:25,2025-08-01 22:50:25,45 km al S de Mina La Escondida,-24.663,-69.151,92.0,2.5,Ml
310843,2025-08-02 04:52:13,2025-08-02 00:52:13,26 km al O de La Serena,-29.95,-71.52,56.0,4.4,Mw
310845,2025-08-02 04:53:46,2025-08-02 00:53:46,25 km al NE de Pica,-20.298,-69.205,94.0,3.1,Ml
310848,2025-08-02 05:04:39,2025-08-02 01:04:39,62 km al S de Socaire,-24.142,-67.796,260.0,3.9,Ml
310851,2025-08-02 05:17:11,2025-08-02 01:17:11,37 km al NE de Calama,-22.185,-68.738,116.0,2.7,Ml
310861,2025-08-02 06:06:27,2025-08-02 02:06:27,72 km al S de Socaire,-24.233,-67.981,257.0,3.2,Ml
310873,2025-08-02 06:23:36,2025-08-02 02:23:36,81 km al NE de Alto del Carmen,-28.19,-69.969,96.0,2.6,Ml
310869,2025-08-02 06:48:13,2025-08-02 02:48:13,20 km al N de Punta de Choros,-29.076,-71.426,39.0,4.1,Ml
310872,2025-08-02 07:00:07,2025-08-02 03:00:07,19 km al NE de Curicó,-34.895,-71.067,108.0,3.4,Ml
310881,2025-08-02 08:37:01,2025-08-02 04:37:01,58 km al S de Socaire,-24.097,-67.764,241.0,2.5,Ml
310887,2025-08-02 09:33:43,2025-08-02 05:33:43,53 km al SO de Mina Collahuasi,-21.257,-68.887,116.0,2.9,Ml
310891,2025-08-02 10:19:21,2025-08-02 06:19:21,43 km al SO de Ollagüe,-21.549,-68.48,122.0,3.3,Ml
310895,2025-08-02 11:37:45,2025-08-02 07:37:45,75 km al N de Calama,-21.833,-68.7,120.0,3.0,Ml
310900,2025-08-02 12:46:32,2025-08-02 08:46:32,60 km al SE de Alto del Carmen,-29.164,-70.071,114.0,3.0,Ml
310910,2025-08-02 15:25:43,2025-08-02 11:25:43,26 km al SE de Pica,-20.667,-69.169,106.0,2.8,Ml
310913,2025-08-02 15:46:08,2025-08-02 11:46:08,6 km al E de Pica,-20.479,-69.277,103.0,2.5,Ml
310934,2025-08-02 18:54:42,2025-08-02 14:54:42,51 km al O de Valparaíso,-33.021,-72.16,35.0,2.6,Ml
310941,2025-08-02 19:57:08,2025-08-02 15:57:08,18 km al NO de Quillagua,-21.53,-69.644,15.0,4.0,Ml
310953,2025-08-02 23:43:43,2025-08-02 19:43:43,29 km al SO de Calama,-22.645,-69.136,114.0,3.1,Ml
310957,2025-08-03 00:03:57,2025-08-02 20:03:57,21 km al N de Punta de Choros,-29.062,-71.491,36.0,2.8,Ml
310990,2025-08-03 07:54:31,2025-08-03 03:54:31,25 km al N de Calama,-22.249,-68.934,119.0,2.8,Ml
310997,2025-08-03 08:59:22,2025-08-03 04:59:22,18 km al SE de San José de Maipo,-33.732,-70.192,111.0,3.0,Ml
311000,2025-08-03 09:36:52,2025-08-03 05:36:52,62 km al SO de Mina Collahuasi,-21.217,-69.087,98.0,3.5,Ml
311023,2025-08-03 12:07:54,2025-08-03 08:07:54,51 km al NE de Calama,-22.12,-68.604,119.0,3.7,Ml
311036,2025-08-03 13:50:55,2025-08-03 09:50:55,34 km al E de La Higuera,-29.407,-70.875,72.0,2.7,Ml
311048,2025-08-03 16:34:53,2025-08-03 12:34:53,44 km al E de Quillagua,-21.64,-69.112,85.0,3.4,Ml
311053,2025-08-03 17:19:09,2025-08-03 13:19:09,42 km al N de Carrizal Bajo,-27.721,-71.017,54.0,3.4,Ml
311057,2025-08-03 17:30:23,2025-08-03 13:30:23,34 km al E de Ollagüe,-21.208,-67.924,182.0,3.0,Ml
311063,2025-08-03 17:48:26,2025-08-03 13:48:26,16 km al N de Fresia,-41.013,-73.47,35.0,3.3,Ml
311070,2025-08-03 18:26:31,2025-08-03 14:26:31,43 km al SO de Mina Collahuasi,-21.01,-69.019,108.0,3.3,Ml
311083,2025-08-03 19:51:07,2025-08-03 15:51:07,19 km al NE de Pica,-20.379,-69.186,91.0,2.5,Ml
311103,2025-08-03 22:37:42,2025-08-03 18:37:42,19 km al O de Mina Collahuasi,-20.863,-68.841,102.0,2.8,Ml
311105,2025-08-03 22:47:09,2025-08-03 18:47:09,25 km al O de Canela Baja,-31.487,-71.703,37.0,3.8,Ml
311113,2025-08-04 00:43:36,2025-08-03 20:43:36,32 km al SO de Patache,-21.067,-70.329,57.0,3.6,Ml
311128,2025-08-04 04:05:21,2025-08-04 00:05:21,57 km al NE de Pica,-20.211,-68.876,104.0,2.5,Ml
311130,2025-08-04 04:41:33,2025-08-04 00:41:33,65 km al N de Calama,-21.904,-68.754,106.0,2.8,Ml
311145,2025-08-04 07:43:46,2025-08-04 03:43:46,23 km al SE de Carrizal Bajo,-28.278,-71.067,35.0,2.9,Ml
311152,2025-08-04 08:40:55,2025-08-04 04:40:55,54 km al O de Tongoy,-30.159,-72.048,35.0,2.6,Ml
311154,2025-08-04 08:55:45,2025-08-04 04:55:45,9 km al N de Santiago,-33.362,-70.674,69.0,2.8,Ml
311155,2025-08-04 09:01:11,2025-08-04 05:01:11,50 km al NO de Quillagua,-21.331,-69.864,49.0,2.7,Ml
311173,2025-08-04 13:07:26,2025-08-04 09:07:26,53 km al N de Chañaral,-25.892,-70.474,56.0,3.6,Ml
311183,2025-08-04 15:27:03,2025-08-04 11:27:03,64 km al SE de Caleta El Cobre,-24.499,-69.949,77.0,3.4,Ml
311198,2025-08-04 17:40:43,2025-08-04 13:40:43,43 km al NE de Pica,-20.223,-69.03,94.0,2.7,Ml
311202,2025-08-04 18:09:13,2025-08-04 14:09:13,43 km al NE de Ollagüe,-21.046,-67.885,180.0,3.1,Ml
311212,2025-08-04 19:41:25,2025-08-04 15:41:25,47 km al NO de Parque Fray Jorge,-30.409,-72.072,28.0,3.4,Ml
311227,2025-08-04 21:20:36,2025-08-04 17:20:36,28 km al NE de Diego de Almagro,-26.168,-69.905,82.0,2.9,Ml
311234,2025-08-04 21:54:55,2025-08-04 17:54:55,13 km al NE de Mina Collahuasi,-20.719,-68.602,118.0,2.5,Ml
311238,2025-08-04 22:30:02,2025-08-04 18:30:02,26 km al O de La Serena,-29.854,-71.515,37.0,2.6,Ml
311241,2025-08-04 22:36:20,2025-08-04 18:36:20,63 km al N de Pica,-19.946,-69.177,97.0,2.9,Ml
311254,2025-08-05 02:11:30,2025-08-04 22:11:30,8 km al NO de Los Vilos,-31.871,-71.58,68.0,3.3,Ml
311267,2025-08-05 04:59:09,2025-08-05 00:59:09,62 km al N de Calama,-21.927,-68.806,104.0,4.5,Mw
311277,2025-08-05 05:52:56,2025-08-05 01:52:56,25 km al SO de Ollagüe,-21.362,-68.448,130.0,2.8,Ml
311278,2025-08-05 06:02:50,2025-08-05 02:02:50,126 km al O de Tirúa,-38.857,-74.787,25.0,4.3,Ml
311291,2025-08-05 07:09:16,2025-08-05 03:09:16,61 km al NO de Mejillones,-22.609,-70.712,7.0,3.0,Ml
311300,2025-08-05 08:42:28,2025-08-05 04:42:28,51 km al NE de Pozo Almonte,-20.017,-69.367,81.0,3.8,Ml
311309,2025-08-05 10:21:46,2025-08-05 06:21:46,58 km al SE de Socaire,-23.907,-67.438,258.0,3.6,Ml
311327,2025-08-05 13:50:30,2025-08-05 09:50:30,47 km al O de Mina Collahuasi,-20.872,-69.106,109.0,2.5,Ml
311333,2025-08-05 15:05:33,2025-08-05 11:05:33,50 km al N de Mina Collahuasi,-20.376,-68.711,116.0,3.0,Ml
311339,2025-08-05 15:18:24,2025-08-05 11:18:24,42 km al NE de Los Andes,-32.5,-70.39,92.0,3.5,Ml
311357,2025-08-05 17:59:19,2025-08-05 13:59:19,30 km al SE de Caleta El Cobre,-24.368,-70.252,51.0,3.8,Ml
311361,2025-08-05 18:10:11,2025-08-05 14:10:11,50 km al NE de Calama,-22.161,-68.575,135.0,3.8,Ml
311387,2025-08-05 22:59:16,2025-08-05 18:59:16,20 km al NO de Andacollo,-30.09,-71.21,60.0,2.8,Ml
311389,2025-08-05 23:38:43,2025-08-05 19:38:43,47 km al SE de Pica,-20.877,-69.138,108.0,2.5,Ml
311392,2025-08-06 00:24:23,2025-08-05 20:24:23,29 km al N de Pica,-20.237,-69.385,83.0,2.8,Ml
311426,2025-08-06 06:33:28,2025-08-06 02:33:28,42 km al SO de Mina Collahuasi,-21.096,-68.943,114.0,3.5,Ml
311434,2025-08-06 08:56:05,2025-08-06 04:56:05,18 km al E de Tongoy,-30.207,-71.313,65.0,3.5,Ml
311437,2025-08-06 09:21:30,2025-08-06 05:21:30,21 km al S de Parque Fray Jorge,-30.848,-71.727,33.0,2.8,Ml
311442,2025-08-06 10:25:22,2025-08-06 06:25:22,25 km al NE de Pica,-20.362,-69.136,104.0,3.2,Ml
311476,2025-08-06 16:40:43,2025-08-06 12:40:43,65 km al O de San Antonio de los Cobres,-24.007,-66.912,235.0,4.5,Mw
311494,2025-08-06 20:29:59,2025-08-06 16:29:59,58 km al O de Arauco,-37.129,-73.957,22.0,2.6,Ml
311497,2025-08-06 21:01:08,2025-08-06 17:01:08,21 km al S de San Antonio,-33.769,-71.632,53.0,3.8,Ml
311499,2025-08-06 21:13:03,2025-08-06 17:13:03,59 km al NE de Calama,-22.068,-68.561,129.0,2.8,Ml
311501,2025-08-06 21:17:14,2025-08-06 17:17:14,38 km al O de Ollagüe,-21.36,-68.594,126.0,3.5,Ml
311504,2025-08-06 21:30:56,2025-08-06 17:30:56,34 km al NE de Calama,-22.206,-68.758,120.0,2.5,Ml
311507,2025-08-06 22:09:37,2025-08-06 18:09:37,75 km al O de Lebu,-37.426,-74.472,27.0,2.7,Ml
311510,2025-08-06 22:46:01,2025-08-06 18:46:01,107 km al E de Copiapó,-27.453,-69.252,111.0,2.8,Ml
311514,2025-08-06 23:51:55,2025-08-06 19:51:55,222 km al S de Puerto Williams,-56.927,-67.594,10.0,4.4,Ml
311522,2025-08-07 02:03:53,2025-08-06 22:03:53,23 km al O de Pichidangui,-32.121,-71.773,17.0,2.5,Ml
311527,2025-08-07 02:12:48,2025-08-06 22:12:48,754 km al O de Isla Guafo,-41.37,-83.4,10.0,5.3,Mb
311528,2025-08-07 02:19:03,2025-08-06 22:19:03,50 km al S de Mina Collahuasi,-21.262,-68.776,114.0,3.6,Ml
311533,2025-08-07 04:52:00,2025-08-07 00:52:00,26 km al NO de Los Vilos,-31.735,-71.688,30.0,3.2,Ml
311567,2025-08-07 10:53:33,2025-08-07 06:53:33,39 km al N de Paihuano,-29.7,-70.388,85.0,2.8,Ml
311569,2025-08-07 11:53:50,2025-08-07 07:53:50,39 km al SO de Mina Collahuasi,-21.103,-68.891,113.0,2.5,Ml
311574,2025-08-07 12:04:29,2025-08-07 08:04:29,5 km al S de Pichilemu,-34.433,-72.011,23.0,2.5,Ml
311576,2025-08-07 12:53:25,2025-08-07 08:53:25,31 km al SO de Mina Collahuasi,-21.076,-68.789,119.0,3.4,Ml
311579,2025-08-07 13:55:47,2025-08-07 09:55:47,38 km al NE de Calama,-22.31,-68.606,95.0,2.8,Ml
311583,2025-08-07 13:56:27,2025-08-07 09:56:27,62 km al N de San Pedro de Atacama,-22.372,-68.282,50.0,3.1,Ml
311580,2025-08-07 14:03:56,2025-08-07 10:03:56,40 km al SO de Mina Collahuasi,-21.12,-68.886,110.0,2.9,Ml
311582,2025-08-07 14:12:12,2025-08-07 10:12:12,39 km al S de Ollagüe,-21.57,-68.319,142.0,2.8,Ml
311594,2025-08-07 17:03:51,2025-08-07 13:03:51,30 km al E de Sierra Gorda,-22.921,-69.025,86.0,3.5,Ml
311614,2025-08-07 21:15:23,2025-08-07 17:15:23,46 km al N de Pica,-20.079,-69.311,113.0,3.8,Ml
311617,2025-08-07 21:47:18,2025-08-07 17:47:18,34 km al N de Tirúa,-38.041,-73.499,26.0,3.1,Ml
311619,2025-08-07 22:06:37,2025-08-07 18:06:37,50 km al S de Taltal,-25.833,-70.324,62.0,2.9,Ml
311622,2025-08-07 22:46:47,2025-08-07 18:46:47,32 km al S de Mina Collahuasi,-21.097,-68.551,128.0,2.7,Ml
311624,2025-08-07 23:18:38,2025-08-07 19:18:38,42 km al SO de Mina Collahuasi,-21.071,-68.968,110.0,2.7,Ml
311629,2025-08-08 00:29:31,2025-08-07 20:29:31,34 km al S de Ollagüe,-21.517,-68.168,156.0,3.0,Ml
311632,2025-08-08 00:41:59,2025-08-07 20:41:59,71 km al SE de Mina La Escondida,-24.646,-68.49,131.0,3.5,Ml
311635,2025-08-08 00:49:08,2025-08-07 20:49:08,38 km al S de Mina Collahuasi,-21.166,-68.724,113.0,3.1,Ml
311636,2025-08-08 00:55:31,2025-08-07 20:55:31,34 km al O de El Tabo,-33.582,-72.006,33.0,3.9,Ml
311646,2025-08-08 01:57:04,2025-08-07 21:57:04,66 km al NE de Alto del Carmen,-28.234,-70.167,107.0,3.1,Ml
311655,2025-08-08 03:37:27,2025-08-07 23:37:27,96 km al E de Combarbalá,-31.057,-70.007,126.0,2.6,Ml
311671,2025-08-08 05:57:54,2025-08-08 01:57:54,35 km al O de Paposo,-25.124,-70.792,45.0,3.0,Ml
311679,2025-08-08 07:12:15,2025-08-08 03:12:15,7 km al N de Parque Fray Jorge,-30.599,-71.667,36.0,2.7,Ml
311696,2025-08-08 10:03:54,2025-08-08 06:03:54,59 km al SO de Ollagüe,-21.644,-68.595,130.0,2.6,Ml
311700,2025-08-08 10:23:55,2025-08-08 06:23:55,33 km al O de Los Vilos,-31.822,-71.845,36.0,2.5,Ml
311708,2025-08-08 12:10:45,2025-08-08 08:10:45,23 km al N de Vallenar,-28.37,-70.696,67.0,2.6,Ml
311710,2025-08-08 13:12:33,2025-08-08 09:12:33,24 km al O de Mina Collahuasi,-20.86,-68.889,104.0,2.7,Ml
311712,2025-08-08 13:23:10,2025-08-08 09:23:10,45 km al NE de Calama,-22.098,-68.77,112.0,2.7,Ml
311713,2025-08-08 13:35:19,2025-08-08 09:35:19,33 km al SE de Sierra Gorda,-23.068,-69.06,94.0,2.8,Ml
311715,2025-08-08 13:47:24,2025-08-08 09:47:24,8 km al NO de Tongoy,-30.215,-71.568,39.0,2.5,Ml
311716,2025-08-08 14:15:54,2025-08-08 10:15:54,26 km al S de Sierra Gorda,-23.117,-69.251,93.0,3.5,Ml
311718,2025-08-08 14:27:21,2025-08-08 10:27:21,34 km al N de Baquedano,-23.048,-69.956,85.0,3.7,Ml
311721,2025-08-08 14:51:50,2025-08-08 10:51:50,41 km al O de San Pedro de Atacama,-22.958,-68.603,126.0,2.5,Ml
311724,2025-08-08 15:33:53,2025-08-08 11:33:53,53 km al SE de Sierra Gorda,-23.163,-68.895,99.0,2.6,Ml
311728,2025-08-08 16:11:56,2025-08-08 12:11:56,43 km al SO de Mina Collahuasi,-21.092,-68.956,107.0,2.9,Ml
311732,2025-08-08 17:07:49,2025-08-08 13:07:49,59 km al N de Calama,-21.951,-68.832,126.0,3.2,Ml
311735,2025-08-08 17:26:14,2025-08-08 13:26:14,55 km al NE de Socaire,-23.161,-67.629,254.0,2.8,Ml
311738,2025-08-08 18:02:21,2025-08-08 14:02:21,77 km al SE de Socaire,-24.228,-67.584,201.0,4.5,Ml
311755,2025-08-08 20:33:45,2025-08-08 16:33:45,53 km al NE de El Salvador,-25.836,-69.355,100.0,2.6,Ml
311757,2025-08-08 21:00:20,2025-08-08 17:00:20,5 km al SE de Quillota,-32.917,-71.213,59.0,3.0,Ml
311760,2025-08-08 21:41:20,2025-08-08 17:41:20,122 km al O de Pichidangui,-32.155,-72.827,45.0,2.7,Ml
311768,2025-08-09 00:07:38,2025-08-08 20:07:38,21 km al O de Mina Collahuasi,-20.893,-68.846,99.0,2.7,Ml
311770,2025-08-09 00:31:10,2025-08-08 20:31:10,33 km al NE de Iquique,-19.952,-69.999,41.0,2.6,Ml
311774,2025-08-09 01:10:15,2025-08-08 21:10:15,42 km al SO de Ollagüe,-21.565,-68.423,149.0,3.2,Ml
311776,2025-08-09 01:27:44,2025-08-08 21:27:44,52 km al SO de Ollagüe,-21.636,-68.5,131.0,2.6,Ml
311788,2025-08-09 03:25:53,2025-08-08 23:25:53,48 km al NO de Quillagua,-21.276,-69.745,49.0,2.6,Ml
311792,2025-08-09 03:35:16,2025-08-08 23:35:16,75 km al SE de Socaire,-24.147,-67.472,231.0,3.5,Ml
311797,2025-08-09 04:16:45,2025-08-09 00:16:45,57 km al N de Calama,-21.965,-68.85,109.0,2.5,Ml
311808,2025-08-09 04:51:16,2025-08-09 00:51:16,79 km al SE de Socaire,-24.207,-67.511,205.0,3.3,Ml
311810,2025-08-09 04:57:35,2025-08-09 00:57:35,15 km al N de Camiña,-19.181,-69.444,101.0,2.5,Ml
311818,2025-08-09 05:51:36,2025-08-09 01:51:36,16 km al N de Ovalle,-30.457,-71.212,24.0,2.9,Ml
311823,2025-08-09 06:01:31,2025-08-09 02:01:31,59 km al SE de Socaire,-23.992,-67.511,247.0,2.9,Ml
311831,2025-08-09 06:23:10,2025-08-09 02:23:10,40 km al N de Camiña,-18.953,-69.37,110.0,2.8,Ml
311840,2025-08-09 08:40:05,2025-08-09 04:40:05,23 km al SO de Pichidangui,-32.259,-71.729,24.0,2.8,Ml
311841,2025-08-09 08:54:06,2025-08-09 04:54:06,9 km al NO de La Serena,-29.853,-71.32,49.0,2.5,Ml
311847,2025-08-09 09:09:54,2025-08-09 05:09:54,56 km al SO de Mina Collahuasi,-21.161,-69.057,108.0,3.1,Ml
311855,2025-08-09 09:34:46,2025-08-09 05:34:46,34 km al NO de Visviri,-17.412,-69.742,188.0,4.2,Ml
311859,2025-08-09 09:54:14,2025-08-09 05:54:14,47 km al N de Constitución,-34.925,-72.571,15.0,2.6,Ml
311880,2025-08-09 11:51:17,2025-08-09 07:51:17,91 km al O de Arica,-18.556,-71.18,32.0,2.7,Ml
311882,2025-08-09 12:38:13,2025-08-09 08:38:13,8 km al O de Paposo,-25.016,-70.549,50.0,3.0,Ml
311886,2025-08-09 12:55:49,2025-08-09 08:55:49,29 km al NO de Ollagüe,-21.08,-68.484,144.0,2.5,Ml
311891,2025-08-09 15:15:00,2025-08-09 11:15:00,89 km al S de Socaire,-24.368,-67.688,223.0,2.8,Ml
311895,2025-08-09 16:01:28,2025-08-09 12:01:28,65 km al SO de Pica,-21.025,-69.571,12.0,2.6,Ml
311897,2025-08-09 17:26:06,2025-08-09 13:26:06,26 km al E de Vichuquén,-34.81,-71.72,45.0,2.6,Ml
311909,2025-08-09 18:35:06,2025-08-09 14:35:06,49 km al N de Quillagua,-21.238,-69.665,27.0,3.1,Ml
311925,2025-08-09 20:51:01,2025-08-09 16:51:01,8 km al NE de Putre,-18.141,-69.514,128.0,3.7,Ml
311929,2025-08-09 21:04:06,2025-08-09 17:04:06,16 km al NE de Ancud,-41.78,-73.668,34.0,2.7,Ml
311927,2025-08-09 21:11:50,2025-08-09 17:11:50,105 km al O de Arica,-18.611,-71.31,20.0,3.1,Ml
311937,2025-08-09 21:12:50,2025-08-09 17:12:50,89 km al S de Ilo,-18.446,-71.397,22.0,3.0,Ml
311934,2025-08-09 21:44:29,2025-08-09 17:44:29,27 km al SO de Ollagüe,-21.391,-68.447,120.0,2.6,Ml
311945,2025-08-09 22:57:22,2025-08-09 18:57:22,23 km al SO de Pichidangui,-32.26,-71.727,27.0,2.8,Ml
311948,2025-08-09 23:16:55,2025-08-09 19:16:55,36 km al NE de Puerto Natales,-51.412,-72.364,10.0,3.0,Ml
311950,2025-08-09 23:31:27,2025-08-09 19:31:27,98 km al E de Copiapó,-27.356,-69.345,116.0,3.3,Ml
311954,2025-08-09 23:59:29,2025-08-09 19:59:29,46 km al SE de Pica,-20.868,-69.14,110.0,2.5,Ml
311956,2025-08-10 00:07:10,2025-08-09 20:07:10,22 km al NO de Punitaqui,-30.702,-71.428,48.0,2.7,Ml
311976,2025-08-10 02:58:36,2025-08-09 22:58:36,39 km al E de Socaire,-23.522,-67.516,259.0,2.8,Ml
311980,2025-08-10 04:17:37,2025-08-10 00:17:37,28 km al SO de Ollagüe,-21.411,-68.434,116.0,2.5,Ml
311984,2025-08-10 04:35:52,2025-08-10 00:35:52,56 km al SE de Socaire,-24.058,-67.677,245.0,3.0,Ml
311988,2025-08-10 04:56:35,2025-08-10 00:56:35,26 km al NO de Ollagüe,-21.018,-68.374,144.0,3.1,Ml
311993,2025-08-10 05:23:41,2025-08-10 01:23:41,56 km al NE de Calama,-22.013,-68.699,122.0,2.8,Ml
311997,2025-08-10 05:43:31,2025-08-10 01:43:31,60 km al SE de Socaire,-24.031,-67.543,211.0,2.8,Ml
311999,2025-08-10 05:50:36,2025-08-10 01:50:36,45 km al O de Tacna,-18.098,-70.664,55.0,2.6,Ml
312004,2025-08-10 06:19:05,2025-08-10 02:19:05,35 km al SO de Ollagüe,-21.499,-68.427,144.0,2.8,Ml
312006,2025-08-10 06:23:21,2025-08-10 02:23:21,40 km al O de Futrono,-40.206,-72.847,52.0,3.0,Ml
312009,2025-08-10 07:29:02,2025-08-10 03:29:02,39 km al E de Ollagüe,-21.198,-67.875,182.0,2.7,Ml
312017,2025-08-10 09:02:44,2025-08-10 05:02:44,16 km al N de Mejillones,-22.962,-70.398,36.0,2.6,Ml
312036,2025-08-10 09:12:17,2025-08-10 05:12:17,29 km al NO de Visviri,-17.45,-69.706,178.0,2.5,Ml
312022,2025-08-10 09:56:46,2025-08-10 05:56:46,111 km al S de Isla Guamblin,-45.826,-74.796,28.0,3.3,Ml
312023,2025-08-10 10:04:14,2025-08-10 06:04:14,19 km al E de Tongoy,-30.259,-71.297,57.0,2.9,Ml
312033,2025-08-10 11:36:03,2025-08-10 07:36:03,55 km al E de Ollagüe,-21.035,-67.761,216.0,2.6,Ml
312041,2025-08-10 12:28:47,2025-08-10 08:28:47,41 km al O de Ollagüe,-21.215,-68.651,114.0,2.5,Ml
312044,2025-08-10 12:52:16,2025-08-10 08:52:16,34 km al S de Taltal,-25.696,-70.598,37.0,2.9,Ml
312047,2025-08-10 13:55:53,2025-08-10 09:55:53,25 km al O de Quillagua,-21.688,-69.774,45.0,3.6,Ml
312051,2025-08-10 14:24:47,2025-08-10 10:24:47,22 km al NO de Ollagüe,-21.143,-68.446,129.0,3.2,Ml
312060,2025-08-10 15:50:24,2025-08-10 11:50:24,40 km al NO de Tocopilla,-21.915,-70.542,14.0,2.7,Ml
312074,2025-08-10 18:06:37,2025-08-10 14:06:37,3 km al SO de María Elena,-22.369,-69.68,73.0,4.0,Ml
312112,2025-08-11 03:06:27,2025-08-10 23:06:27,77 km al NE de Calama,-21.855,-68.591,114.0,3.0,Ml
312122,2025-08-11 05:20:20,2025-08-11 01:20:20,12 km al NE de Santiago,-33.368,-70.547,89.0,2.8,Ml
312135,2025-08-11 08:43:39,2025-08-11 04:43:39,47 km al NE de Calama,-22.116,-68.681,103.0,2.5,Ml
312137,2025-08-11 09:12:32,2025-08-11 05:12:32,59 km al E de Socaire,-23.619,-67.309,232.0,3.4,Ml
312141,2025-08-11 09:37:55,2025-08-11 05:37:55,31 km al NO de Caldera,-26.813,-70.961,44.0,2.9,Ml
312148,2025-08-11 11:06:15,2025-08-11 07:06:15,23 km al S de Copiapó,-27.574,-70.373,69.0,3.5,Ml
312150,2025-08-11 11:10:47,2025-08-11 07:10:47,75 km al SO de Ollagüe,-21.748,-68.706,122.0,4.8,Mw
312153,2025-08-11 11:38:05,2025-08-11 07:38:05,69 km al O de Ollagüe,-21.467,-68.869,114.0,2.7,Ml
312163,2025-08-11 12:25:15,2025-08-11 08:25:15,20 km al E de Curicó,-34.949,-71.021,101.0,3.2,Ml
312175,2025-08-11 14:17:22,2025-08-11 10:17:22,6 km al SE de Parque Fray Jorge,-30.694,-71.627,32.0,4.3,Ml
312193,2025-08-11 16:25:36,2025-08-11 12:25:36,37 km al SO de Pichidangui,-32.295,-71.871,31.0,3.4,Ml
312200,2025-08-11 17:59:18,2025-08-11 13:59:18,78 km al S de Socaire,-24.266,-68.102,125.0,4.1,Ml
312218,2025-08-11 19:36:39,2025-08-11 15:36:39,31 km al NO de Caldera,-26.905,-71.08,34.0,4.9,Mw
312228,2025-08-11 20:37:02,2025-08-11 16:37:02,33 km al NO de Caldera,-26.888,-71.089,35.0,4.2,Ml
312235,2025-08-11 21:16:15,2025-08-11 17:16:15,48 km al SO de Ollagüe,-21.519,-68.595,138.0,3.0,Ml
312244,2025-08-11 22:15:41,2025-08-11 18:15:41,52 km al S de Mina Collahuasi,-21.284,-68.754,119.0,3.5,Ml
312251,2025-08-11 23:38:02,2025-08-11 19:38:02,34 km al NO de Caldera,-26.888,-71.102,31.0,3.7,Ml
312273,2025-08-12 03:30:57,2025-08-11 23:30:57,36 km al S de Caleta El Cobre,-24.57,-70.445,51.0,4.0,Ml
312282,2025-08-12 04:57:27,2025-08-12 00:57:27,42 km al NE de Pozo Almonte,-19.923,-69.59,75.0,3.4,Ml
312297,2025-08-12 08:12:12,2025-08-12 04:12:12,49 km al NO de Patache,-20.618,-70.628,39.0,2.5,Ml
312308,2025-08-12 10:13:36,2025-08-12 06:13:36,24 km al E de Camiña,-19.314,-69.2,105.0,2.8,Ml
312317,2025-08-12 13:15:54,2025-08-12 09:15:54,34 km al NO de Caldera,-26.892,-71.099,36.0,3.1,Ml
312359,2025-08-12 21:27:00,2025-08-12 17:27:00,44 km al NE de Pozo Almonte,-20.089,-69.403,81.0,2.6,Ml
312378,2025-08-13 00:13:48,2025-08-12 20:13:48,100 km al S de Socaire,-24.476,-68.058,148.0,4.0,Ml
312385,2025-08-13 01:12:28,2025-08-12 21:12:28,33 km al S de Socaire,-23.866,-67.783,248.0,3.8,Ml
312399,2025-08-13 03:19:08,2025-08-12 23:19:08,69 km al SE de Socaire,-24.155,-67.602,237.0,3.7,Ml
312406,2025-08-13 04:46:00,2025-08-13 00:46:00,35 km al NO de Punta de Choros,-28.98,-71.645,50.0,2.8,Ml
312411,2025-08-13 05:03:19,2025-08-13 01:03:19,152 km al O de Toltén,-39.231,-74.923,19.0,3.1,Ml
312421,2025-08-13 06:11:10,2025-08-13 02:11:10,29 km al E de Pica,-20.412,-69.062,104.0,3.1,Ml
312429,2025-08-13 06:48:05,2025-08-13 02:48:05,58 km al N de Calama,-21.961,-68.795,117.0,3.0,Ml
312431,2025-08-13 07:37:48,2025-08-13 03:37:48,67 km al SE de Caleta El Cobre,-24.532,-69.943,72.0,3.4,Ml
312434,2025-08-13 08:03:07,2025-08-13 04:03:07,71 km al S de Ilo,-18.279,-71.317,15.0,3.1,Ml
312442,2025-08-13 09:20:15,2025-08-13 05:20:15,65 km al S de Socaire,-24.162,-67.751,232.0,3.3,Ml
312453,2025-08-13 11:55:50,2025-08-13 07:55:50,14 km al SO de Camiña,-19.394,-69.534,90.0,3.3,Ml
312455,2025-08-13 12:10:19,2025-08-13 08:10:19,83 km al NO de San Antonio de los Cobres,-23.759,-66.959,192.0,3.9,Ml
312459,2025-08-13 12:46:35,2025-08-13 08:46:35,35 km al N de Pica,-20.192,-69.211,112.0,2.7,Ml
312466,2025-08-13 13:38:25,2025-08-13 09:38:25,56 km al S de Camiña,-19.804,-69.299,100.0,3.7,Ml
312479,2025-08-13 15:52:43,2025-08-13 11:52:43,43 km al SE de Curicó,-35.311,-70.981,117.0,2.9,Ml
312502,2025-08-13 19:45:46,2025-08-13 15:45:46,78 km al SE de Socaire,-23.91,-67.21,250.0,3.9,Mw
312536,2025-08-14 01:43:45,2025-08-13 21:43:45,26 km al SO de Camiña,-19.521,-69.534,90.0,3.2,Ml
312542,2025-08-14 02:07:58,2025-08-13 22:07:58,72 km al N de Calama,-21.837,-68.773,101.0,2.5,Ml
312552,2025-08-14 02:45:41,2025-08-13 22:45:41,130 km al O de Pichilemu,-34.446,-73.421,10.0,2.8,Ml
312597,2025-08-14 09:29:26,2025-08-14 05:29:26,19 km al N de Los Vilos,-31.741,-71.502,42.0,3.5,Ml
312615,2025-08-14 13:33:25,2025-08-14 09:33:25,43 km al SE de Pica,-20.828,-69.138,110.0,2.7,Ml
312619,2025-08-14 13:54:48,2025-08-14 09:54:48,39 km al SO de Pica,-20.668,-69.652,88.0,2.8,Ml
312621,2025-08-14 14:03:16,2025-08-14 10:03:16,41 km al NE de Calama,-22.16,-68.71,110.0,2.5,Ml
312625,2025-08-14 14:45:24,2025-08-14 10:45:24,30 km al E de Calama,-22.389,-68.655,122.0,2.7,Ml
312627,2025-08-14 15:08:28,2025-08-14 11:08:28,54 km al O de Ollagüe,-21.338,-68.765,131.0,2.5,Ml
312629,2025-08-14 16:07:39,2025-08-14 12:07:39,253 km al S de Puerto Williams,-57.18,-66.97,10.0,4.8,Mlv
312630,2025-08-14 16:23:49,2025-08-14 12:23:49,241 km al S de Puerto Williams,-57.1,-67.51,10.0,3.5,Ml
312642,2025-08-14 18:03:33,2025-08-14 14:03:33,49 km al NE de Los Andes,-32.439,-70.362,113.0,3.0,Ml
312647,2025-08-14 18:26:40,2025-08-14 14:26:40,31 km al NE de Alto del Carmen,-28.504,-70.351,117.0,3.5,Ml
312665,2025-08-14 19:49:44,2025-08-14 15:49:44,7 km al E de Huasco,-28.464,-71.153,54.0,2.9,Ml
312668,2025-08-14 20:03:39,2025-08-14 16:03:39,37 km al N de Tocopilla,-21.771,-70.271,35.0,2.6,Ml
312677,2025-08-14 20:20:05,2025-08-14 16:20:05,26 km al SO de Visviri,-17.805,-69.601,128.0,2.6,Ml
312683,2025-08-14 20:46:15,2025-08-14 16:46:15,29 km al S de Calama,-22.72,-68.86,105.0,2.7,Ml
312684,2025-08-14 21:03:58,2025-08-14 17:03:58,52 km al SO de Ollagüe,-21.663,-68.437,135.0,3.4,Ml
312693,2025-08-14 22:03:19,2025-08-14 18:03:19,249 km al S de Puerto Williams,-57.17,-67.64,10.0,4.0,Ml
312703,2025-08-14 22:55:35,2025-08-14 18:55:35,249 km al S de Puerto Williams,-57.17,-67.27,10.0,3.0,Ml
312707,2025-08-15 00:15:28,2025-08-14 20:15:28,80 km al S de Socaire,-24.279,-68.117,163.0,4.1,Ml
312708,2025-08-15 00:16:04,2025-08-14 20:16:04,27 km al S de San Fernando,-34.816,-70.914,96.0,2.7,Ml
312722,2025-08-15 02:17:07,2025-08-14 22:17:07,21 km al SE de La Serena,-29.995,-71.061,82.0,3.8,Ml
312723,2025-08-15 02:31:48,2025-08-14 22:31:48,27 km al S de Pichidangui,-32.38,-71.529,49.0,3.1,Ml
312729,2025-08-15 02:56:21,2025-08-14 22:56:21,52 km al S de Socaire,-24.055,-67.804,239.0,3.6,Ml
312736,2025-08-15 03:23:01,2025-08-14 23:23:01,30 km al S de Calama,-22.722,-69.026,95.0,2.6,Ml
312735,2025-08-15 03:29:05,2025-08-14 23:29:05,17 km al SE de Ollagüe,-21.311,-68.114,170.0,3.6,Ml
312739,2025-08-15 03:52:18,2025-08-14 23:52:18,42 km al NO de Mina Collahuasi,-20.479,-68.82,107.0,2.7,Ml
312753,2025-08-15 05:07:34,2025-08-15 01:07:34,74 km al NE de San Pedro de Atacama,-22.372,-67.791,204.0,2.7,Ml
312759,2025-08-15 06:16:41,2025-08-15 02:16:41,55 km al E de Los Andes,-32.826,-70.005,123.0,3.3,Ml
312763,2025-08-15 06:53:42,2025-08-15 02:53:42,39 km al O de Canela Baja,-31.446,-71.861,36.0,3.0,Ml
312765,2025-08-15 07:23:11,2025-08-15 03:23:11,9 km al SO de Caldera,-27.135,-70.864,72.0,3.1,Ml
312768,2025-08-15 07:37:09,2025-08-15 03:37:09,27 km al E de Linares,-35.857,-71.301,125.0,2.5,Ml
312773,2025-08-15 07:57:05,2025-08-15 03:57:05,55 km al SO de Mina Collahuasi,-21.262,-68.915,116.0,2.7,Ml
312780,2025-08-15 08:06:26,2025-08-15 04:06:26,33 km al S de Mina Collahuasi,-21.121,-68.65,121.0,2.5,Ml
312786,2025-08-15 08:32:24,2025-08-15 04:32:24,77 km al SO de Ollagüe,-21.831,-68.608,125.0,2.9,Ml
312789,2025-08-15 09:18:56,2025-08-15 05:18:56,62 km al O de Socaire,-23.44,-68.48,189.0,2.7,Ml
312802,2025-08-15 11:27:58,2025-08-15 07:27:58,26 km al O de Los Vilos,-31.839,-71.769,34.0,2.5,Ml
312805,2025-08-15 12:10:52,2025-08-15 08:10:52,54 km al O de Ollagüe,-21.386,-68.742,125.0,3.4,Ml
312807,2025-08-15 12:19:42,2025-08-15 08:19:42,64 km al O de El Tabo,-33.263,-72.319,26.0,3.6,Ml
312812,2025-08-15 12:54:26,2025-08-15 08:54:26,50 km al NE de Calama,-22.17,-68.573,129.0,2.8,Ml
312817,2025-08-15 14:17:38,2025-08-15 10:17:38,59 km al SE de Patache,-21.023,-69.687,45.0,2.5,Ml
312818,2025-08-15 15:08:41,2025-08-15 11:08:41,24 km al NO de Sierra Gorda,-22.788,-69.531,91.0,2.9,Ml
312821,2025-08-15 15:24:12,2025-08-15 11:24:12,45 km al SO de Mina Collahuasi,-21.045,-69.022,111.0,2.6,Ml
312825,2025-08-15 15:50:09,2025-08-15 11:50:09,63 km al O de Canela Baja,-31.332,-72.116,46.0,2.7,Ml
312826,2025-08-15 15:53:41,2025-08-15 11:53:41,20 km al SE de Camiña,-19.396,-69.254,101.0,2.7,Ml
312843,2025-08-15 19:18:13,2025-08-15 15:18:13,96 km al NE de Alto del Carmen,-28.278,-69.67,21.0,3.5,Ml
312846,2025-08-15 20:18:08,2025-08-15 16:18:08,69 km al SE de Socaire,-24.11,-67.526,212.0,2.6,Ml
312847,2025-08-15 20:29:17,2025-08-15 16:29:17,27 km al SO de Putre,-18.409,-69.674,133.0,4.1,Ml
312849,2025-08-15 20:36:34,2025-08-15 16:36:34,10 km al O de Punitaqui,-30.869,-71.353,50.0,2.8,Ml
312855,2025-08-15 21:43:41,2025-08-15 17:43:41,46 km al SE de Pica,-20.86,-69.137,111.0,2.6,Ml
312863,2025-08-15 22:53:54,2025-08-15 18:53:54,122 km al NE de Socaire,-22.992,-66.885,286.0,3.3,Ml
312864,2025-08-15 23:39:30,2025-08-15 19:39:30,65 km al NE de El Salvador,-25.796,-69.208,2.0,3.9,Ml
312867,2025-08-15 23:54:18,2025-08-15 19:54:18,142 km al NO de Constitución,-34.645,-73.727,31.0,4.2,Ml
312871,2025-08-16 00:15:32,2025-08-15 20:15:32,39 km al O de Socaire,-23.645,-68.27,132.0,3.8,Ml
312878,2025-08-16 00:16:08,2025-08-15 20:16:08,32 km al E de Pica,-20.554,-69.03,97.0,3.1,Ml
312886,2025-08-16 01:41:38,2025-08-15 21:41:38,63 km al S de Puerto Aysén,-45.959,-72.88,8.0,2.6,Ml
312893,2025-08-16 03:36:27,2025-08-15 23:36:27,35 km al SE de Vichuquén,-35.074,-71.685,43.0,3.0,Ml
312911,2025-08-16 06:58:07,2025-08-16 02:58:07,30 km al O de Taltal,-25.328,-70.767,53.0,3.7,Ml
312912,2025-08-16 07:18:07,2025-08-16 03:18:07,68 km al O de Navidad,-33.89,-72.559,40.0,2.6,Ml
312917,2025-08-16 08:08:30,2025-08-16 04:08:30,67 km al N de Mina Collahuasi,-20.23,-68.616,138.0,4.1,Ml
312925,2025-08-16 08:38:59,2025-08-16 04:38:59,24 km al SO de Sierra Gorda,-23.086,-69.417,76.0,3.5,Ml
312938,2025-08-16 10:47:49,2025-08-16 06:47:49,71 km al NE de Socaire,-23.159,-67.37,279.0,3.9,Ml
312942,2025-08-16 10:57:31,2025-08-16 06:57:31,93 km al O de Taltal,-25.425,-71.415,31.0,2.6,Ml
312949,2025-08-16 12:01:47,2025-08-16 08:01:47,15 km al NO de Tongoy,-30.172,-71.613,36.0,2.6,Ml
312959,2025-08-16 13:46:10,2025-08-16 09:46:10,17 km al N de Pica,-20.341,-69.294,86.0,2.5,Ml
312962,2025-08-16 13:53:19,2025-08-16 09:53:19,42 km al SO de Ollagüe,-21.568,-68.421,136.0,2.6,Ml
312964,2025-08-16 13:59:21,2025-08-16 09:59:21,8 km al NO de Tongoy,-30.191,-71.529,37.0,2.6,Ml
312970,2025-08-16 14:28:53,2025-08-16 10:28:53,35 km al E de Ollagüe,-21.339,-67.943,177.0,2.7,Ml
312976,2025-08-16 14:54:31,2025-08-16 10:54:31,55 km al S de Putre,-18.68,-69.473,114.0,3.1,Ml
312977,2025-08-16 15:01:40,2025-08-16 11:01:40,22 km al NE de Vallenar,-28.391,-70.672,72.0,3.8,Ml
312979,2025-08-16 15:20:01,2025-08-16 11:20:01,31 km al O de Socaire,-23.696,-68.172,132.0,3.7,Ml
312986,2025-08-16 17:03:31,2025-08-16 13:03:31,61 km al SO de Ollagüe,-21.597,-68.691,108.0,3.5,Ml
313001,2025-08-16 19:53:27,2025-08-16 15:53:27,44 km al O de Ollagüe,-21.294,-68.674,127.0,3.6,Ml
313006,2025-08-16 20:29:56,2025-08-16 16:29:56,70 km al NO de Tongoy,-29.828,-72.028,29.0,2.8,Ml
313011,2025-08-16 21:13:00,2025-08-16 17:13:00,52 km al E de Ollagüe,-21.14,-67.764,208.0,2.5,Ml
313018,2025-08-16 22:30:30,2025-08-16 18:30:30,12 km al O de Pichidangui,-32.103,-71.647,31.0,2.5,Ml
313025,2025-08-16 22:57:36,2025-08-16 18:57:36,34 km al E de Calama,-22.478,-68.602,115.0,2.7,Ml
313032,2025-08-16 23:27:20,2025-08-16 19:27:20,80 km al SE de Socaire,-24.108,-67.344,213.0,3.7,Ml
313045,2025-08-17 01:22:10,2025-08-16 21:22:10,87 km al O de San Antonio de los Cobres,-23.942,-67.113,224.0,3.6,Ml
313048,2025-08-17 01:51:58,2025-08-16 21:51:58,67 km al E de Ollagüe,-21.296,-67.615,231.0,3.0,Ml
313058,2025-08-17 04:42:26,2025-08-17 00:42:26,24 km al SE de Tacna,-18.138,-70.057,130.0,2.8,Ml
313059,2025-08-17 05:08:23,2025-08-17 01:08:23,15 km al O de La Serena,-29.931,-71.4,50.0,4.0,Ml
313061,2025-08-17 05:23:51,2025-08-17 01:23:51,17 km al E de Casablanca,-33.252,-71.247,65.0,3.2,Ml
313082,2025-08-17 10:48:16,2025-08-17 06:48:16,245 km al SE de Puerto Williams,-57.06,-66.58,10.0,4.6,Ml
313083,2025-08-17 11:00:02,2025-08-17 07:00:02,52 km al NE de Ollagüe,-20.873,-67.928,172.0,3.0,Ml
313085,2025-08-17 11:15:25,2025-08-17 07:15:25,46 km al SO de Huasco,-28.686,-71.615,36.0,2.5,Ml
313092,2025-08-17 12:47:20,2025-08-17 08:47:20,139 km al SE de Copiapó,-27.936,-69.072,114.0,2.5,Ml
313095,2025-08-17 13:39:14,2025-08-17 09:39:14,41 km al NE de Camiña,-19.087,-69.112,129.0,2.7,Ml
313097,2025-08-17 13:40:17,2025-08-17 09:40:17,114 km al NO de Pichilemu,-33.921,-73.12,33.0,2.6,Ml
313108,2025-08-17 16:45:14,2025-08-17 12:45:14,56 km al E de Ollagüe,-21.102,-67.727,202.0,4.3,Ml
313112,2025-08-17 17:14:28,2025-08-17 13:14:28,27 km al NE de Ollagüe,-21.04,-68.079,245.0,3.4,Ml
313125,2025-08-17 18:27:25,2025-08-17 14:27:25,27 km al O de Quintero,-32.773,-71.812,24.0,2.5,Ml
313134,2025-08-17 19:09:42,2025-08-17 15:09:42,145 km al E de San Pedro de Atacama,-22.721,-66.797,270.0,5.0,Mw
313146,2025-08-17 20:53:12,2025-08-17 16:53:12,36 km al NE de Calama,-22.286,-68.647,126.0,2.5,Ml
313149,2025-08-17 21:22:45,2025-08-17 17:22:45,62 km al SO de Ollagüe,-21.707,-68.549,145.0,2.9,Ml
313154,2025-08-17 21:41:14,2025-08-17 17:41:14,27 km al E de Camiña,-19.247,-69.175,110.0,4.0,Ml
313158,2025-08-17 23:57:28,2025-08-17 19:57:28,27 km al SE de Curicó,-35.164,-71.046,105.0,2.5,Ml
313160,2025-08-18 00:12:12,2025-08-17 20:12:12,79 km al E de Socaire,-23.657,-67.119,240.0,2.9,Ml
313165,2025-08-18 01:00:07,2025-08-17 21:00:07,55 km al S de Caldera,-27.559,-70.915,43.0,3.3,Ml
313176,2025-08-18 02:52:19,2025-08-17 22:52:19,24 km al E de Pica,-20.505,-69.101,110.0,2.5,Ml
313178,2025-08-18 03:10:10,2025-08-17 23:10:10,31 km al E de Pica,-20.412,-69.045,91.0,2.6,Ml
313186,2025-08-18 05:10:48,2025-08-18 01:10:48,15 km al NE de La Higuera,-29.432,-71.079,63.0,2.8,Ml
313193,2025-08-18 06:05:20,2025-08-18 02:05:20,76 km al NE de Socaire,-23.243,-67.248,262.0,3.1,Ml
313200,2025-08-18 07:10:11,2025-08-18 03:10:11,383 km al O de Isla Guamblin,-44.44,-79.89,10.0,5.7,Mww
313202,2025-08-18 07:24:23,2025-08-18 03:24:23,41 km al N de Los Andes,-32.476,-70.506,97.0,2.9,Ml
313206,2025-08-18 08:24:50,2025-08-18 04:24:50,45 km al SE de Mina Los Pelambres,-32.073,-70.214,119.0,2.7,Ml
313210,2025-08-18 09:05:26,2025-08-18 05:05:26,42 km al S de Mina Collahuasi,-21.202,-68.666,118.0,2.8,Ml
313213,2025-08-18 09:14:23,2025-08-18 05:14:23,40 km al NE de Calama,-22.151,-68.744,117.0,2.5,Ml
313216,2025-08-18 09:45:13,2025-08-18 05:45:13,62 km al S de Mina La Escondida,-24.796,-69.248,85.0,3.5,Ml
313218,2025-08-18 09:49:38,2025-08-18 05:49:38,107 km al NE de San Pedro de Atacama,-22.08,-67.691,221.0,3.3,Ml
313222,2025-08-18 09:57:56,2025-08-18 05:57:56,47 km al S de Ollagüe,-21.622,-68.405,129.0,2.6,Ml
313234,2025-08-18 13:42:07,2025-08-18 09:42:07,49 km al S de Mina Collahuasi,-21.26,-68.753,117.0,2.7,Ml
313240,2025-08-18 15:44:58,2025-08-18 11:44:58,42 km al NE de Patache,-20.649,-69.836,50.0,2.5,Ml
313253,2025-08-18 19:16:39,2025-08-18 15:16:39,14 km al SE de Putre,-18.266,-69.448,12.0,3.4,Ml
313265,2025-08-18 20:41:55,2025-08-18 16:41:55,49 km al S de Mina Collahuasi,-21.244,-68.803,116.0,3.0,Ml
313270,2025-08-18 22:03:13,2025-08-18 18:03:13,10 km al NE de Los Vilos,-31.844,-71.444,36.0,2.8,Ml
313279,2025-08-19 00:05:31,2025-08-18 20:05:31,24 km al E de Los Vilos,-31.95,-71.256,51.0,2.9,Ml
313281,2025-08-19 00:22:55,2025-08-18 20:22:55,11 km al N de La Serena,-29.801,-71.245,47.0,3.9,Ml
313282,2025-08-19 00:33:33,2025-08-18 20:33:33,45 km al S de Mina Collahuasi,-21.223,-68.742,116.0,2.8,Ml
313297,2025-08-19 04:07:28,2025-08-19 00:07:28,20 km al O de Vicuña,-29.96,-70.904,86.0,2.7,Ml
313312,2025-08-19 06:08:42,2025-08-19 02:08:42,243 km al S de Puerto Williams,-57.11,-67.2,10.0,5.7,Ml
313319,2025-08-19 07:50:42,2025-08-19 03:50:42,59 km al N de Calama,-21.948,-69.034,92.0,2.8,Ml
313330,2025-08-19 09:39:49,2025-08-19 05:39:49,28 km al O de Canela Baja,-31.464,-71.738,38.0,2.8,Ml
313334,2025-08-19 09:58:44,2025-08-19 05:58:44,27 km al NE de Sierra Gorda,-22.785,-69.077,104.0,2.7,Ml
313354,2025-08-19 13:16:06,2025-08-19 09:16:06,14 km al O de Visviri,-17.633,-69.613,153.0,2.7,Ml
313350,2025-08-19 13:33:20,2025-08-19 09:33:20,53 km al S de Socaire,-24.07,-67.863,260.0,3.0,Ml
313358,2025-08-19 16:33:36,2025-08-19 12:33:36,26 km al NE de Monte Patria,-30.552,-70.742,76.0,3.8,Ml
313368,2025-08-19 17:59:25,2025-08-19 13:59:25,55 km al SO de Puerto Aysén,-45.88,-72.921,5.0,2.6,Ml
313375,2025-08-19 19:56:34,2025-08-19 15:56:34,65 km al E de Mina Los Pelambres,-31.812,-69.899,126.0,3.4,Ml
313395,2025-08-19 22:49:25,2025-08-19 18:49:25,70 km al S de Ilo,-18.258,-71.485,27.0,4.4,Mw
313399,2025-08-19 23:11:50,2025-08-19 19:11:50,67 km al S de Ilo,-18.227,-71.5,14.0,3.0,Ml
313400,2025-08-19 23:14:49,2025-08-19 19:14:49,76 km al S de Ilo,-18.301,-71.536,11.0,3.9,Ml
313418,2025-08-20 01:59:02,2025-08-19 21:59:02,22 km al NO de Quintero,-32.627,-71.675,60.0,3.6,Ml
313421,2025-08-20 02:53:14,2025-08-19 22:53:14,22 km al O de Mina Collahuasi,-20.852,-68.868,103.0,3.0,Ml
313425,2025-08-20 03:39:33,2025-08-19 23:39:33,37 km al NO de Quintero,-32.505,-71.76,31.0,3.0,Ml
313429,2025-08-20 04:03:43,2025-08-20 00:03:43,51 km al NE de San Fabián,-36.206,-71.189,128.0,2.6,Ml
313437,2025-08-20 04:58:34,2025-08-20 00:58:34,88 km al SE de Socaire,-24.037,-67.171,221.0,3.3,Ml
313473,2025-08-20 11:43:11,2025-08-20 07:43:11,7 km al S de Huasco,-28.525,-71.23,36.0,2.9,Ml
313477,2025-08-20 13:18:31,2025-08-20 09:18:31,8 km al SO de San Fernando,-34.625,-71.06,93.0,2.6,Ml
313479,2025-08-20 13:30:04,2025-08-20 09:30:04,66 km al SE de Baquedano,-23.752,-69.389,86.0,3.3,Ml
313483,2025-08-20 14:15:54,2025-08-20 10:15:54,46 km al S de Mina Collahuasi,-21.221,-68.781,114.0,2.7,Ml
313487,2025-08-20 15:26:04,2025-08-20 11:26:04,29 km al NO de Pica,-20.26,-69.458,77.0,3.6,Ml
313491,2025-08-20 16:11:11,2025-08-20 12:11:11,125 km al E de Copiapó,-27.65,-69.105,109.0,3.5,Ml
313495,2025-08-20 16:34:44,2025-08-20 12:34:44,25 km al O de El Tabo,-33.443,-71.935,22.0,2.8,Ml
313504,2025-08-20 18:29:50,2025-08-20 14:29:50,77 km al S de Ilo,-18.308,-71.14,23.0,3.0,Ml
313524,2025-08-20 22:00:14,2025-08-20 18:00:14,16 km al NO de Panguipulli,-39.552,-72.474,90.0,3.5,Ml
313552,2025-08-21 05:05:45,2025-08-21 01:05:45,97 km al NE de San Pedro de Atacama,-22.156,-67.736,218.0,3.4,Ml
313564,2025-08-21 07:21:48,2025-08-21 03:21:48,10 km al S de Pica,-20.576,-69.329,101.0,3.1,Ml
313572,2025-08-21 08:37:17,2025-08-21 04:37:17,30 km al O de Cabrero,-36.992,-72.741,30.0,2.6,Ml
313573,2025-08-21 08:57:21,2025-08-21 04:57:21,46 km al SO de Ollagüe,-21.578,-68.485,153.0,4.1,Ml
313575,2025-08-21 09:08:38,2025-08-21 05:08:38,40 km al SO de Ollagüe,-21.544,-68.426,147.0,3.7,Ml
313584,2025-08-21 09:40:43,2025-08-21 05:40:43,53 km al NE de San Fabián,-36.217,-71.135,138.0,3.4,Ml
313592,2025-08-21 10:18:43,2025-08-21 06:18:43,44 km al N de Punta de Choros,-28.851,-71.499,43.0,3.9,Ml
313602,2025-08-21 11:49:40,2025-08-21 07:49:40,12 km al SO de Salamanca,-31.87,-71.036,85.0,3.0,Ml
313607,2025-08-21 14:37:59,2025-08-21 10:37:59,66 km al NE de Calama,-21.942,-68.63,123.0,2.7,Ml
313610,2025-08-21 14:50:34,2025-08-21 10:50:34,56 km al SO de Copiapó,-27.647,-70.801,69.0,2.6,Ml
313619,2025-08-21 17:19:25,2025-08-21 13:19:25,133 km al NO de Cobquecura,-35.416,-73.973,15.0,3.5,Ml
313623,2025-08-21 17:48:30,2025-08-21 13:48:30,62 km al E de Monte Patria,-30.862,-70.334,107.0,2.8,Ml
313637,2025-08-21 18:49:48,2025-08-21 14:49:48,26 km al O de Pichidangui,-32.157,-71.8,13.0,3.2,Ml
313644,2025-08-21 19:45:49,2025-08-21 15:45:49,26 km al O de San Pedro de Atacama,-22.957,-68.455,108.0,3.1,Ml
313648,2025-08-21 21:12:51,2025-08-21 17:12:51,59 km al SE de Copiapó,-27.865,-70.116,101.0,3.0,Ml
313667,2025-08-22 02:16:16,2025-08-21 22:16:16,257 km al NO de Base Frei,-60.53,-62.32,10.0,7.6,Mww
313672,2025-08-22 03:34:45,2025-08-21 23:34:45,72 km al NE de Calama,-21.904,-68.593,105.0,2.6,Ml
313685,2025-08-22 06:10:54,2025-08-22 02:10:54,53 km al O de San Antonio de los Cobres,-24.22,-66.84,217.0,4.6,Mw
313690,2025-08-22 06:59:43,2025-08-22 02:59:43,21 km al N de Las Cabras,-34.115,-71.234,66.0,3.1,Ml
313700,2025-08-22 07:54:40,2025-08-22 03:54:40,85 km al O de San Antonio de los Cobres,-23.929,-67.092,247.0,3.7,Ml
313706,2025-08-22 08:12:32,2025-08-22 04:12:32,126 km al NO de Ancud,-41.246,-75.086,15.0,4.1,Ml
313709,2025-08-22 09:27:25,2025-08-22 05:27:25,155 km al SO de Tirúa,-39.048,-75.031,27.0,3.8,Ml
313726,2025-08-22 13:20:33,2025-08-22 09:20:33,47 km al SO de Mina Collahuasi,-21.09,-69.006,112.0,2.7,Ml
313727,2025-08-22 13:39:21,2025-08-22 09:39:21,33 km al E de Pica,-20.527,-69.017,96.0,2.9,Ml
313730,2025-08-22 13:51:43,2025-08-22 09:51:43,99 km al O de San Antonio de los Cobres,-24.302,-67.295,236.0,3.8,Ml
313734,2025-08-22 14:43:18,2025-08-22 10:43:18,136 km al NO de Pichilemu,-33.805,-73.31,20.0,2.8,Ml
313738,2025-08-22 15:05:58,2025-08-22 11:05:58,266 km al NO de Base Frei,-60.179,-61.628,10.0,4.9,Ml
313739,2025-08-22 15:48:11,2025-08-22 11:48:11,45 km al NO de Paposo,-24.787,-70.842,39.0,2.7,Ml
313769,2025-08-22 16:42:20,2025-08-22 12:42:20,28 km al NO de Arica,-18.303,-70.506,53.0,2.8,Ml
313747,2025-08-22 17:31:23,2025-08-22 13:31:23,234 km al S de Puerto Williams,-57.02,-67.06,10.0,4.2,Ml
313751,2025-08-22 19:01:59,2025-08-22 15:01:59,41 km al SO de Ancud,-42.116,-74.198,34.0,3.4,Ml
313764,2025-08-22 22:16:00,2025-08-22 18:16:00,63 km al N de Calama,-21.91,-68.837,128.0,3.0,Ml
313766,2025-08-22 23:07:00,2025-08-22 19:07:00,50 km al SO de Ollagüe,-21.628,-68.46,132.0,3.7,Ml
313768,2025-08-22 23:07:24,2025-08-22 19:07:24,215 km al S de Puerto Williams,-56.85,-67.18,10.0,3.3,Ml
313783,2025-08-23 02:51:03,2025-08-22 22:51:03,29 km al NO de Los Vilos,-31.674,-71.634,40.0,3.9,Ml
313795,2025-08-23 05:04:12,2025-08-23 01:04:12,32 km al NO de Quillagua,-21.494,-69.792,46.0,2.9,Ml
313804,2025-08-23 06:10:59,2025-08-23 02:10:59,8 km al E de Pica,-20.473,-69.255,112.0,2.9,Ml
313810,2025-08-23 07:32:38,2025-08-23 03:32:38,34 km al S de Ollagüe,-21.525,-68.22,171.0,2.6,Ml
313813,2025-08-23 08:03:05,2025-08-23 04:03:05,8 km al NE de Socaire,-23.548,-67.824,266.0,2.9,Ml
313816,2025-08-23 08:46:32,2025-08-23 04:46:32,75 km al SE de Socaire,-23.927,-67.256,244.0,3.4,Ml
313821,2025-08-23 09:07:58,2025-08-23 05:07:58,26 km al O de La Ligua,-32.49,-71.5,48.0,4.6,Mw
313833,2025-08-23 10:52:59,2025-08-23 06:52:59,34 km al O de Punta de Choros,-29.289,-71.814,48.0,2.8,Ml
313836,2025-08-23 10:56:22,2025-08-23 06:56:22,45 km al SE de Patache,-21.142,-69.95,41.0,3.1,Ml
313845,2025-08-23 12:50:56,2025-08-23 08:50:56,121 km al O de El Tabo,-33.172,-72.922,15.0,2.8,Ml
313846,2025-08-23 13:38:13,2025-08-23 09:38:13,17 km al S de Melipilla,-33.84,-71.226,65.0,3.3,Ml
313850,2025-08-23 14:44:37,2025-08-23 10:44:37,22 km al N de Punta de Choros,-29.055,-71.517,37.0,2.6,Ml
313853,2025-08-23 15:12:39,2025-08-23 11:12:39,62 km al N de Calama,-21.931,-68.788,104.0,2.5,Ml
313867,2025-08-23 17:53:59,2025-08-23 13:53:59,86 km al O de Patache,-20.618,-71.002,22.0,2.7,Ml
313869,2025-08-23 18:12:16,2025-08-23 14:12:16,52 km al SO de Ollagüe,-21.643,-68.471,132.0,2.9,Ml
313878,2025-08-23 20:16:37,2025-08-23 16:16:37,55 km al SO de Mina Collahuasi,-21.278,-68.88,116.0,2.7,Ml
313885,2025-08-23 20:43:27,2025-08-23 16:43:27,30 km al SE de Mina Collahuasi,-20.993,-68.425,152.0,2.8,Ml
313890,2025-08-23 22:29:14,2025-08-23 18:29:14,210 km al S de Puerto Williams,-56.82,-67.48,10.0,3.2,Ml
313899,2025-08-23 23:49:19,2025-08-23 19:49:19,33 km al S de Mina Collahuasi,-21.118,-68.694,112.0,2.5,Ml
313901,2025-08-24 00:09:29,2025-08-23 20:09:29,69 km al E de Alto del Carmen,-28.959,-69.818,114.0,3.9,Ml
313902,2025-08-24 00:17:00,2025-08-23 20:17:00,21 km al NO de Patache,-20.67,-70.334,29.0,2.5,Ml
313904,2025-08-24 00:34:18,2025-08-23 20:34:18,43 km al SO de Tocopilla,-22.375,-70.492,20.0,4.0,Ml
313908,2025-08-24 01:28:40,2025-08-23 21:28:40,24 km al NE de Mina La Escondida,-24.16,-68.852,108.0,3.6,Ml
313912,2025-08-24 01:52:37,2025-08-23 21:52:37,40 km al O de La Serena,-29.761,-71.638,36.0,2.5,Ml
313916,2025-08-24 02:39:24,2025-08-23 22:39:24,3 km al E de Termas del Flaco,-34.97,-70.406,5.0,2.7,Ml
313920,2025-08-24 03:11:40,2025-08-23 23:11:40,141 km al O de Valparaíso,-32.995,-73.122,22.0,2.5,Ml
313923,2025-08-24 03:44:10,2025-08-23 23:44:10,17 km al SO de Camiña,-19.44,-69.52,96.0,4.8,Mw
313931,2025-08-24 04:15:24,2025-08-24 00:15:24,15 km al S de Camiña,-19.444,-69.433,93.0,3.5,Ml
313933,2025-08-24 04:40:08,2025-08-24 00:40:08,59 km al SO de Ollagüe,-21.647,-68.595,124.0,2.5,Ml
313935,2025-08-24 04:54:55,2025-08-24 00:54:55,36 km al NO de Mina La Escondida,-23.973,-69.2,89.0,2.9,Ml
313948,2025-08-24 07:01:44,2025-08-24 03:01:44,80 km al O de San Antonio de los Cobres,-23.956,-67.054,245.0,3.5,Ml
313944,2025-08-24 07:02:51,2025-08-24 03:02:51,31 km al SE de San Pedro de Atacama,-23.062,-67.941,163.0,3.9,Ml
313947,2025-08-24 07:10:44,2025-08-24 03:10:44,46 km al S de Mendoza,-33.276,-68.984,6.0,2.7,Ml
313950,2025-08-24 07:43:38,2025-08-24 03:43:38,87 km al O de San Antonio de los Cobres,-24.096,-67.168,234.0,2.8,Ml
313955,2025-08-24 08:07:27,2025-08-24 04:07:27,18 km al S de Iquique,-20.37,-70.195,48.0,3.2,Ml
313963,2025-08-24 08:51:33,2025-08-24 04:51:33,77 km al SE de Socaire,-24.095,-67.371,240.0,3.0,Ml
313969,2025-08-24 10:27:04,2025-08-24 06:27:04,41 km al NE de Calama,-22.182,-68.677,115.0,3.1,Ml
313976,2025-08-24 12:05:01,2025-08-24 08:05:01,52 km al SO de Mina Collahuasi,-21.124,-69.049,111.0,2.7,Ml
313981,2025-08-24 12:41:56,2025-08-24 08:41:56,4 km al NO de La Higuera,-29.49,-71.228,47.0,3.2,Ml
313994,2025-08-24 15:37:10,2025-08-24 11:37:10,19 km al E de Tongoy,-30.202,-71.309,68.0,3.2,Ml
314035,2025-08-24 15:45:38,2025-08-24 11:45:38,279 km al NO de Base Frei,-60.127,-61.906,10.0,4.8,Mb
314000,2025-08-24 16:53:47,2025-08-24 12:53:47,31 km al SE de Calama,-22.73,-68.821,108.0,3.1,Ml
314007,2025-08-24 17:42:17,2025-08-24 13:42:17,20 km al O de La Ligua,-32.512,-71.434,76.0,4.2,Ml
314010,2025-08-24 18:04:31,2025-08-24 14:04:31,40 km al E de Calama,-22.384,-68.553,119.0,2.9,Ml
314022,2025-08-24 19:16:28,2025-08-24 15:16:28,41 km al N de Bahía Mansa,-40.229,-73.859,8.0,3.1,Ml
314025,2025-08-24 19:58:20,2025-08-24 15:58:20,16 km al N de El Tabo,-33.308,-71.662,34.0,3.4,Ml
314031,2025-08-24 20:37:18,2025-08-24 16:37:18,39 km al N de Bahía Mansa,-40.234,-73.713,5.0,2.8,Ml
314037,2025-08-24 22:00:36,2025-08-24 18:00:36,35 km al O de Mina Collahuasi,-20.828,-68.998,96.0,3.0,Ml
314041,2025-08-24 22:21:59,2025-08-24 18:21:59,39 km al SO de Mina Collahuasi,-21.112,-68.883,114.0,2.5,Ml
314046,2025-08-25 00:19:17,2025-08-24 20:19:17,34 km al SE de Rancagua,-34.33,-70.418,121.0,3.1,Ml
314048,2025-08-25 00:20:26,2025-08-24 20:20:26,32 km al NO de Pisagua,-19.399,-70.437,50.0,3.0,Ml
314051,2025-08-25 00:37:52,2025-08-24 20:37:52,35 km al O de Quintero,-32.764,-71.904,33.0,3.0,Ml
314052,2025-08-25 00:41:42,2025-08-24 20:41:42,50 km al NE de Mina Los Pelambres,-31.433,-70.326,110.0,2.9,Ml
314060,2025-08-25 02:32:49,2025-08-24 22:32:49,42 km al S de Parque Fray Jorge,-31.043,-71.688,28.0,3.2,Ml
314061,2025-08-25 02:41:38,2025-08-24 22:41:38,48 km al NO de Canela Baja,-31.087,-71.809,26.0,4.1,Ml
314064,2025-08-25 02:44:57,2025-08-24 22:44:57,84 km al NE de San Pedro de Atacama,-22.296,-67.741,216.0,2.8,Ml
314066,2025-08-25 02:47:12,2025-08-24 22:47:12,45 km al NO de Canela Baja,-31.068,-71.727,32.0,3.0,Ml
314078,2025-08-25 03:51:49,2025-08-24 23:51:49,131 km al E de Copiapó,-27.644,-69.04,112.0,2.7,Ml
314083,2025-08-25 04:36:37,2025-08-25 00:36:37,47 km al NO de Canela Baja,-31.099,-71.801,16.0,3.0,Ml
314089,2025-08-25 04:57:54,2025-08-25 00:57:54,5 km al NE de Parque Fray Jorge,-30.621,-71.665,34.0,3.1,Ml
314095,2025-08-25 05:50:52,2025-08-25 01:50:52,53 km al O de Tongoy,-30.212,-72.046,33.0,3.7,Ml
314100,2025-08-25 06:38:18,2025-08-25 02:38:18,101 km al NE de Paihuano,-29.621,-69.586,129.0,2.9,Ml
314118,2025-08-25 07:57:43,2025-08-25 03:57:43,86 km al SE de Socaire,-24.201,-67.364,213.0,3.6,Ml
314113,2025-08-25 08:05:32,2025-08-25 04:05:32,41 km al O de Ollagüe,-21.235,-68.652,123.0,3.4,Ml
314116,2025-08-25 08:06:25,2025-08-25 04:06:25,15 km al O de Rancagua,-34.165,-70.9,88.0,2.8,Ml
314126,2025-08-25 10:01:21,2025-08-25 06:01:21,74 km al NO de Tongoy,-29.882,-72.132,33.0,2.6,Ml
314131,2025-08-25 10:51:33,2025-08-25 06:51:33,70 km al NO de Parque Fray Jorge,-30.298,-72.279,31.0,3.5,Ml
314138,2025-08-25 13:04:17,2025-08-25 09:04:17,43 km al SE de Pica,-20.834,-69.149,105.0,3.1,Ml
314142,2025-08-25 13:15:17,2025-08-25 09:15:17,16 km al E de La Ligua,-32.459,-71.058,59.0,3.1,Ml
314149,2025-08-25 13:43:55,2025-08-25 09:43:55,29 km al O de Ollagüe,-21.288,-68.524,125.0,2.8,Ml
314150,2025-08-25 13:55:59,2025-08-25 09:55:59,30 km al SE de Pica,-20.627,-69.078,96.0,3.4,Ml
314155,2025-08-25 14:57:06,2025-08-25 10:57:06,29 km al N de Calama,-22.216,-68.891,124.0,2.5,Ml
314156,2025-08-25 15:16:12,2025-08-25 11:16:12,44 km al SO de Mina Collahuasi,-21.149,-68.897,112.0,3.2,Ml
314159,2025-08-25 15:37:24,2025-08-25 11:37:24,60 km al SE de Sierra Gorda,-23.271,-68.9,115.0,3.5,Ml
314160,2025-08-25 15:38:45,2025-08-25 11:38:45,38 km al O de Mejillones,-23.143,-70.815,32.0,3.4,Ml
314166,2025-08-25 17:13:57,2025-08-25 13:13:57,37 km al S de Calama,-22.797,-68.895,88.0,2.5,Ml
314170,2025-08-25 18:01:04,2025-08-25 14:01:04,71 km al SO de Ollagüe,-21.75,-68.65,116.0,4.8,Mw
314189,2025-08-25 21:29:37,2025-08-25 17:29:37,85 km al E de Socaire,-23.792,-67.084,202.0,3.1,Ml
314198,2025-08-25 23:00:03,2025-08-25 19:00:03,18 km al NO de Calama,-22.385,-69.075,87.0,2.6,Ml
314200,2025-08-25 23:19:06,2025-08-25 19:19:06,40 km al N de Pica,-20.152,-69.198,88.0,2.6,Ml
314208,2025-08-26 00:00:12,2025-08-25 20:00:12,15 km al O de Camiña,-19.284,-69.568,93.0,2.6,Ml
314209,2025-08-26 00:01:36,2025-08-25 20:01:36,33 km al NE de Pica,-20.228,-69.182,92.0,2.8,Ml
314214,2025-08-26 00:45:08,2025-08-25 20:45:08,77 km al SE de Sierra Gorda,-23.419,-68.833,113.0,2.7,Ml
314218,2025-08-26 01:12:29,2025-08-25 21:12:29,17 km al SO de Los Vilos,-32.008,-71.653,23.0,2.6,Ml
314224,2025-08-26 01:25:00,2025-08-25 21:25:00,47 km al NO de Lebu,-37.224,-73.876,26.0,2.8,Ml
314240,2025-08-26 04:16:52,2025-08-26 00:16:52,143 km al NE de Socaire,-22.834,-66.761,240.0,2.7,Ml
314246,2025-08-26 06:06:30,2025-08-26 02:06:30,18 km al NE de Patache,-20.73,-70.055,42.0,3.2,Ml
314264,2025-08-26 10:37:30,2025-08-26 06:37:30,20 km al S de Tocopilla,-22.272,-70.169,65.0,3.0,Ml
314266,2025-08-26 10:45:28,2025-08-26 06:45:28,46 km al NE de María Elena,-22.14,-69.27,80.0,3.2,Ml
314279,2025-08-26 12:00:44,2025-08-26 08:00:44,81 km al E de Copiapó,-27.626,-69.56,105.0,2.8,Ml
314282,2025-08-26 12:27:04,2025-08-26 08:27:04,49 km al SO de Mina Collahuasi,-21.111,-69.012,111.0,2.6,Ml
314285,2025-08-26 12:42:45,2025-08-26 08:42:45,17 km al O de Pichidangui,-32.126,-71.709,30.0,2.7,Ml
314298,2025-08-26 14:26:29,2025-08-26 10:26:29,86 km al O de San Antonio de los Cobres,-24.098,-67.153,196.0,4.5,Mw
314304,2025-08-26 16:28:02,2025-08-26 12:28:02,44 km al E de Los Andes,-32.827,-70.128,125.0,3.6,Ml
314308,2025-08-26 16:35:51,2025-08-26 12:35:51,33 km al SO de Putre,-18.366,-69.813,112.0,3.7,Ml
314340,2025-08-26 19:49:45,2025-08-26 15:49:45,67 km al S de Ollagüe,-21.819,-68.367,124.0,2.8,Ml
314343,2025-08-26 20:40:41,2025-08-26 16:40:41,43 km al S de Pica,-20.854,-69.184,108.0,2.8,Ml
314350,2025-08-26 22:22:53,2025-08-26 18:22:53,66 km al SO de Ollagüe,-21.736,-68.578,110.0,2.9,Ml
314367,2025-08-27 00:04:38,2025-08-26 20:04:38,248 km al O de Base Prat,-61.971,-64.316,10.0,5.2,Mb
314365,2025-08-27 00:25:51,2025-08-26 20:25:51,25 km al N de Arica,-18.252,-70.347,55.0,2.7,Ml
314368,2025-08-27 00:30:44,2025-08-26 20:30:44,83 km al E de Socaire,-23.294,-67.148,268.0,3.2,Ml
314375,2025-08-27 01:52:52,2025-08-26 21:52:52,56 km al NE de Calama,-22.047,-68.634,112.0,3.3,Ml
314379,2025-08-27 02:33:24,2025-08-26 22:33:24,16 km al S de Carrizal Bajo,-28.225,-71.18,55.0,3.8,Ml
314393,2025-08-27 05:03:48,2025-08-27 01:03:48,39 km al SO de Mina Collahuasi,-21.082,-68.921,113.0,3.3,Ml
314399,2025-08-27 05:32:11,2025-08-27 01:32:11,63 km al NE de San Pedro de Atacama,-22.48,-67.816,182.0,3.6,Ml
314402,2025-08-27 05:40:00,2025-08-27 01:40:00,50 km al NE de Calama,-22.077,-68.686,125.0,3.0,Ml
314408,2025-08-27 06:37:27,2025-08-27 02:37:27,86 km al SE de Socaire,-24.263,-67.464,209.0,3.4,Ml
314415,2025-08-27 07:30:43,2025-08-27 03:30:43,23 km al NO de Parque Fray Jorge,-30.477,-71.782,34.0,3.3,Ml
314422,2025-08-27 08:29:41,2025-08-27 04:29:41,30 km al S de Mina Collahuasi,-21.095,-68.688,110.0,2.8,Ml
314434,2025-08-27 11:41:38,2025-08-27 07:41:38,24 km al NO de Navidad,-33.857,-72.06,36.0,3.9,Ml
314444,2025-08-27 12:18:36,2025-08-27 08:18:36,18 km al SO de Mina Los Pelambres,-31.898,-70.761,93.0,3.1,Ml
314459,2025-08-27 16:03:07,2025-08-27 12:03:07,25 km al N de San Fernando,-34.363,-71.014,78.0,2.9,Ml
314465,2025-08-27 16:40:12,2025-08-27 12:40:12,51 km al SO de Mina Collahuasi,-21.229,-68.9,109.0,2.5,Ml
314472,2025-08-27 18:37:24,2025-08-27 14:37:24,85 km al O de San Antonio de los Cobres,-24.068,-67.139,228.0,3.7,Ml
314477,2025-08-27 18:53:50,2025-08-27 14:53:50,39 km al S de Mina Collahuasi,-21.168,-68.743,119.0,2.8,Ml
314479,2025-08-27 18:57:38,2025-08-27 14:57:38,15 km al SO de Punitaqui,-30.942,-71.345,61.0,3.1,Ml
314492,2025-08-27 20:07:39,2025-08-27 16:07:39,45 km al NE de Calama,-22.108,-68.735,94.0,2.6,Ml
314502,2025-08-27 22:11:07,2025-08-27 18:11:07,39 km al O de Camiña,-19.328,-69.798,49.0,3.2,Ml
314507,2025-08-27 22:37:51,2025-08-27 18:37:51,7 km al O de Camiña,-19.321,-69.494,112.0,3.6,Ml
314524,2025-08-28 01:31:08,2025-08-27 21:31:08,42 km al NO de San Pedro de Atacama,-22.733,-68.561,97.0,3.0,Ml
314529,2025-08-28 03:01:36,2025-08-27 23:01:36,41 km al E de Talca,-35.545,-71.232,97.0,2.7,Ml
314538,2025-08-28 05:08:07,2025-08-28 01:08:07,51 km al SO de Mina Collahuasi,-21.192,-68.951,110.0,3.2,Ml
314545,2025-08-28 06:13:27,2025-08-28 02:13:27,54 km al SO de Mina Collahuasi,-21.266,-68.884,116.0,2.9,Ml
314547,2025-08-28 06:18:04,2025-08-28 02:18:04,45 km al SO de Ollagüe,-21.395,-68.65,119.0,2.6,Ml
314572,2025-08-28 10:29:24,2025-08-28 06:29:24,9 km al SE de Alto del Carmen,-28.806,-70.412,102.0,3.9,Ml
314577,2025-08-28 10:54:12,2025-08-28 06:54:12,34 km al SE de Pica,-20.691,-69.088,100.0,3.4,Ml
314587,2025-08-28 12:21:12,2025-08-28 08:21:12,43 km al S de Mina Collahuasi,-21.199,-68.775,114.0,2.7,Ml
314611,2025-08-28 17:17:17,2025-08-28 13:17:17,52 km al S de Camiña,-19.765,-69.302,96.0,3.3,Ml
314626,2025-08-28 18:58:39,2025-08-28 14:58:39,241 km al NO de Base Frei,-60.43,-61.586,10.0,4.6,Mlv
314630,2025-08-28 20:37:13,2025-08-28 16:37:13,39 km al N de El Salvador,-25.912,-69.494,140.0,3.5,Ml
314653,2025-08-29 01:01:42,2025-08-28 21:01:42,61 km al S de Ollagüe,-21.748,-68.436,124.0,2.5,Ml
314656,2025-08-29 01:18:18,2025-08-28 21:18:18,69 km al E de Linares,-35.941,-70.837,160.0,3.2,Ml
314658,2025-08-29 01:38:14,2025-08-28 21:38:14,46 km al SE de Calama,-22.844,-68.74,98.0,2.6,Ml
314659,2025-08-29 02:00:04,2025-08-28 22:00:04,36 km al O de Mina Collahuasi,-20.908,-68.992,106.0,3.2,Ml
314662,2025-08-29 02:12:52,2025-08-28 22:12:52,22 km al O de San Pedro de Atacama,-22.873,-68.412,109.0,2.5,Ml
314669,2025-08-29 03:49:47,2025-08-28 23:49:47,76 km al SE de Socaire,-24.02,-67.306,233.0,3.5,Ml
314675,2025-08-29 04:47:25,2025-08-29 00:47:25,71 km al NE de San Pedro de Atacama,-22.442,-67.74,199.0,3.4,Ml
314679,2025-08-29 04:58:42,2025-08-29 00:58:42,46 km al SO de Mina Collahuasi,-21.087,-68.998,112.0,2.6,Ml
314686,2025-08-29 06:52:32,2025-08-29 02:52:32,69 km al SO de Ollagüe,-21.731,-68.646,97.0,2.5,Ml
314696,2025-08-29 09:15:59,2025-08-29 05:15:59,59 km al S de Patache,-21.343,-70.235,37.0,3.2,Ml
314718,2025-08-29 13:02:14,2025-08-29 09:02:14,8 km al E de Parque Fray Jorge,-30.665,-71.596,30.0,2.7,Ml
314720,2025-08-29 13:12:32,2025-08-29 09:12:32,118 km al NE de Socaire,-22.944,-66.976,241.0,3.8,Ml
314723,2025-08-29 14:41:06,2025-08-29 10:41:06,51 km al S de Camiña,-19.768,-69.369,114.0,3.8,Ml
314730,2025-08-29 16:11:40,2025-08-29 12:11:40,30 km al SE de Iquique,-20.445,-70.012,72.0,3.1,Ml
314744,2025-08-29 17:45:42,2025-08-29 13:45:42,18 km al N de Tirúa,-38.188,-73.452,28.0,2.8,Ml
314745,2025-08-29 17:47:01,2025-08-29 13:47:01,33 km al S de San Pedro de Atacama,-23.215,-68.207,122.0,2.7,Ml
314768,2025-08-29 21:40:35,2025-08-29 17:40:35,40 km al N de Pozo Almonte,-19.912,-69.883,61.0,3.7,Ml
314770,2025-08-29 21:48:44,2025-08-29 17:48:44,37 km al N de Camiña,-18.978,-69.43,112.0,4.4,Ml
314773,2025-08-29 22:00:20,2025-08-29 18:00:20,49 km al SO de Patache,-21.216,-70.383,26.0,2.5,Ml
314788,2025-08-30 02:41:45,2025-08-29 22:41:45,35 km al SO de Huasco,-28.76,-71.349,31.0,2.8,Ml
314797,2025-08-30 04:11:27,2025-08-30 00:11:27,26 km al O de Ollagüe,-21.272,-68.503,121.0,3.7,Ml
314799,2025-08-30 04:16:05,2025-08-30 00:16:05,36 km al SO de Pichidangui,-32.349,-71.818,30.0,3.8,Ml
314802,2025-08-30 04:39:13,2025-08-30 00:39:13,34 km al SE de Sierra Gorda,-23.123,-69.103,113.0,3.5,Ml
314808,2025-08-30 05:30:22,2025-08-30 01:30:22,6 km al SE de Vallenar,-28.627,-70.734,90.0,3.1,Ml
314809,2025-08-30 05:46:11,2025-08-30 01:46:11,11 km al NE de Pica,-20.437,-69.242,83.0,2.5,Ml
314823,2025-08-30 09:10:15,2025-08-30 05:10:15,13 km al S de Petorca,-32.37,-70.931,68.0,2.5,Ml
314842,2025-08-30 13:11:12,2025-08-30 09:11:12,21 km al O de Ollagüe,-21.292,-68.447,127.0,2.9,Ml
314849,2025-08-30 15:57:03,2025-08-30 11:57:03,76 km al NE de Calama,-21.857,-68.596,128.0,2.9,Ml
314860,2025-08-30 16:21:53,2025-08-30 12:21:53,70 km al NE de San Pedro de Atacama,-22.563,-67.643,272.0,2.8,Ml
314872,2025-08-30 18:36:28,2025-08-30 14:36:28,39 km al SE de Putre,-18.392,-69.258,120.0,2.5,Ml
314880,2025-08-30 19:13:48,2025-08-30 15:13:48,65 km al SE de Socaire,-24.02,-67.454,211.0,3.0,Ml
314884,2025-08-30 19:35:35,2025-08-30 15:35:35,72 km al NE de Los Andes,-32.497,-69.944,154.0,2.6,Ml
314886,2025-08-30 19:55:01,2025-08-30 15:55:01,56 km al SO de Ollagüe,-21.608,-68.603,127.0,3.1,Ml
314894,2025-08-30 21:37:39,2025-08-30 17:37:39,22 km al E de Calama,-22.517,-68.717,102.0,3.0,Ml
314906,2025-08-30 23:30:42,2025-08-30 19:30:42,19 km al E de Calama,-22.47,-68.748,120.0,2.5,Ml
314907,2025-08-30 23:39:24,2025-08-30 19:39:24,32 km al S de María Elena,-22.636,-69.642,56.0,2.5,Ml
314910,2025-08-30 23:54:10,2025-08-30 19:54:10,22 km al E de Socaire,-23.581,-67.677,273.0,2.9,Ml
314917,2025-08-31 00:54:54,2025-08-30 20:54:54,107 km al E de Socaire,-23.234,-66.916,240.0,3.5,Ml
314924,2025-08-31 02:27:48,2025-08-30 22:27:48,46 km al O de Ollagüe,-21.319,-68.69,124.0,2.7,Ml
314928,2025-08-31 02:53:47,2025-08-30 22:53:47,32 km al O de Coronel,-36.907,-73.478,15.0,3.1,Ml
314932,2025-08-31 03:22:50,2025-08-30 23:22:50,11 km al N de La Ligua,-32.347,-71.222,84.0,2.8,Ml
314943,2025-08-31 04:24:30,2025-08-31 00:24:30,13 km al SE de Curicó,-35.045,-71.116,92.0,2.5,Ml
314945,2025-08-31 04:46:02,2025-08-31 00:46:02,35 km al S de Mina Collahuasi,-21.144,-68.642,113.0,2.5,Ml
314949,2025-08-31 05:05:12,2025-08-31 01:05:12,40 km al S de Mina Collahuasi,-21.185,-68.662,111.0,2.9,Ml
314956,2025-08-31 05:48:57,2025-08-31 01:48:57,79 km al S de Socaire,-24.266,-68.126,264.0,3.1,Ml
314964,2025-08-31 06:55:17,2025-08-31 02:55:17,37 km al SO de Huasco,-28.724,-71.462,33.0,2.6,Ml
314971,2025-08-31 07:58:36,2025-08-31 03:58:36,50 km al S de Socaire,-24.033,-67.967,230.0,2.7,Ml
314974,2025-08-31 08:32:20,2025-08-31 04:32:20,32 km al E de Calama,-22.429,-68.622,132.0,3.3,Ml
314975,2025-08-31 08:42:54,2025-08-31 04:42:54,2 km al S de San Antonio,-33.6,-71.62,48.0,4.3,Mw
314979,2025-08-31 09:19:39,2025-08-31 05:19:39,47 km al SO de Mina Collahuasi,-21.116,-68.984,115.0,2.5,Ml
314983,2025-08-31 10:03:56,2025-08-31 06:03:56,18 km al E de Cuya,-19.208,-70.014,66.0,2.7,Ml
314993,2025-08-31 11:45:42,2025-08-31 07:45:42,21 km al SO de Calama,-22.563,-69.104,115.0,2.8,Ml
314996,2025-08-31 12:08:11,2025-08-31 08:08:11,64 km al S de Socaire,-24.129,-68.096,267.0,2.9,Ml
314997,2025-08-31 12:14:14,2025-08-31 08:14:14,29 km al NE de Pica,-20.252,-69.21,96.0,2.5,Ml
315006,2025-08-31 13:30:28,2025-08-31 09:30:28,61 km al SE de Socaire,-24.009,-67.51,288.0,3.5,Ml
315010,2025-08-31 13:37:46,2025-08-31 09:37:46,38 km al E de Tacna,-17.923,-69.906,134.0,3.4,Ml
315013,2025-08-31 14:25:24,2025-08-31 10:25:24,31 km al NO de Socaire,-23.408,-68.118,196.0,3.0,Ml
315017,2025-08-31 15:10:49,2025-08-31 11:10:49,86 km al SE de Socaire,-24.13,-67.29,215.0,4.3,Mw
315025,2025-08-31 15:51:17,2025-08-31 11:51:17,35 km al S de Mina Collahuasi,-21.14,-68.596,140.0,2.8,Ml
315026,2025-08-31 15:53:18,2025-08-31 11:53:18,16 km al E de Mina Los Pelambres,-31.801,-70.419,117.0,3.3,Ml
315040,2025-08-31 17:27:54,2025-08-31 13:27:54,105 km al NE de El Salvador,-25.833,-68.681,133.0,3.9,Ml
315043,2025-08-31 18:00:24,2025-08-31 14:00:24,120 km al SE de Copiapó,-28.023,-69.364,111.0,2.7,Ml
315053,2025-08-31 18:47:47,2025-08-31 14:47:47,32 km al NO de Mejillones,-22.874,-70.639,25.0,2.8,Ml
315065,2025-08-31 20:03:55,2025-08-31 16:03:55,65 km al E de Socaire,-23.581,-67.254,221.0,4.1,Ml
315075,2025-08-31 21:20:29,2025-08-31 17:20:29,32 km al SE de Termas del Flaco,-35.223,-70.3,176.0,2.8,Ml
315080,2025-08-31 21:34:06,2025-08-31 17:34:06,29 km al E de San José de Maipo,-33.742,-70.061,13.0,2.5,Ml
315099,2025-09-01 00:36:05,2025-08-31 20:36:05,33 km al SO de Pichilemu,-34.575,-72.292,26.0,2.8,Ml
315101,2025-09-01 00:37:26,2025-08-31 20:37:26,11 km al SE de Rancagua,-34.253,-70.682,109.0,2.5,Ml
315110,2025-09-01 01:36:41,2025-08-31 21:36:41,41 km al SO de Mina Collahuasi,-21.006,-69.002,117.0,2.6,Ml
315115,2025-09-01 03:18:12,2025-08-31 23:18:12,16 km al NE de Calama,-22.357,-68.831,127.0,4.1,Ml
315119,2025-09-01 03:42:42,2025-08-31 23:42:42,43 km al SO de Mina Collahuasi,-21.082,-68.964,116.0,2.8,Ml
315123,2025-09-01 03:59:10,2025-08-31 23:59:10,78 km al N de Calama,-21.804,-68.7,120.0,3.5,Ml
315128,2025-09-01 05:32:15,2025-09-01 01:32:15,69 km al O de Caleta Tortel,-47.711,-74.457,33.0,2.8,Ml
315133,2025-09-01 06:01:01,2025-09-01 02:01:01,26 km al E de Talca,-35.46,-71.382,87.0,2.9,Ml
315141,2025-09-01 07:28:27,2025-09-01 03:28:27,32 km al N de Farellones,-33.067,-70.363,111.0,3.3,Ml
315144,2025-09-01 07:38:36,2025-09-01 03:38:36,76 km al SE de Socaire,-24.064,-67.351,215.0,4.7,Mw
315150,2025-09-01 08:17:01,2025-09-01 04:17:01,12 km al NE de Calama,-22.405,-68.835,115.0,2.8,Ml
315158,2025-09-01 09:40:22,2025-09-01 05:40:22,30 km al E de Mina Los Pelambres,-31.892,-70.282,108.0,2.7,Ml
315161,2025-09-01 09:48:32,2025-09-01 05:48:32,32 km al O de La Serena,-29.924,-71.587,49.0,2.6,Ml
315176,2025-09-01 11:56:29,2025-09-01 07:56:29,26 km al NO de Futaleufú,-43.041,-72.125,171.0,3.0,Ml
315179,2025-09-01 13:08:22,2025-09-01 09:08:22,142 km al O de Antofagasta,-23.584,-71.785,10.0,2.8,Ml
315185,2025-09-01 13:42:31,2025-09-01 09:42:31,63 km al NO de Visviri,-17.134,-69.826,198.0,3.0,Ml
315183,2025-09-01 13:48:01,2025-09-01 09:48:01,4 km al SO de Ovalle,-30.635,-71.229,55.0,4.4,Mw
315192,2025-09-01 14:51:27,2025-09-01 10:51:27,71 km al O de Iquique,-19.959,-70.779,28.0,2.8,Ml
315198,2025-09-01 15:06:33,2025-09-01 11:06:33,96 km al E de Socaire,-23.234,-67.029,243.0,2.8,Ml
315199,2025-09-01 15:12:24,2025-09-01 11:12:24,14 km al O de La Serena,-29.908,-71.396,49.0,2.8,Ml
315206,2025-09-01 15:44:07,2025-09-01 11:44:07,58 km al N de Pica,-19.992,-69.181,96.0,2.7,Ml
315210,2025-09-01 16:46:49,2025-09-01 12:46:49,68 km al SE de Socaire,-24.089,-67.509,210.0,2.6,Ml
315212,2025-09-01 16:54:28,2025-09-01 12:54:28,10 km al S de Huasco,-28.557,-71.228,39.0,3.7,Ml
315215,2025-09-01 17:13:34,2025-09-01 13:13:34,46 km al O de Mina Collahuasi,-20.908,-69.095,107.0,3.6,Ml
315217,2025-09-01 17:27:18,2025-09-01 13:27:18,39 km al N de Tirúa,-38.003,-73.602,32.0,2.6,Ml
315218,2025-09-01 17:38:20,2025-09-01 13:38:20,41 km al SO de Termas del Flaco,-35.219,-70.759,112.0,2.7,Ml
315240,2025-09-01 20:01:19,2025-09-01 16:01:19,72 km al N de Mina La Escondida,-23.632,-69.207,88.0,2.9,Ml
315242,2025-09-01 20:04:08,2025-09-01 16:04:08,114 km al O de Tocopilla,-22.082,-71.308,10.0,2.6,Ml
315250,2025-09-01 21:23:01,2025-09-01 17:23:01,24 km al O de Mina Collahuasi,-20.781,-68.885,104.0,2.9,Ml
315255,2025-09-01 22:00:31,2025-09-01 18:00:31,48 km al NE de Pica,-20.169,-69.019,101.0,2.6,Ml
315264,2025-09-02 00:12:38,2025-09-01 20:12:38,4 km al N de Colina,-33.168,-70.672,92.0,2.6,Ml
315267,2025-09-02 00:20:47,2025-09-01 20:20:47,35 km al SO de Ollagüe,-21.461,-68.48,138.0,2.5,Ml
315272,2025-09-02 00:41:48,2025-09-01 20:41:48,56 km al SE de Socaire,-24.016,-67.601,274.0,3.0,Ml
315276,2025-09-02 02:20:47,2025-09-01 22:20:47,67 km al SE de Socaire,-23.955,-67.371,224.0,4.2,Ml
315285,2025-09-02 02:54:38,2025-09-01 22:54:38,38 km al SO de Mina Collahuasi,-21.084,-68.894,116.0,2.8,Ml
315292,2025-09-02 04:42:31,2025-09-02 00:42:31,26 km al SE de Mina La Escondida,-24.465,-68.914,109.0,2.6,Ml
315293,2025-09-02 04:55:28,2025-09-02 00:55:28,44 km al S de Huasco,-28.843,-71.345,34.0,3.6,Ml
315299,2025-09-02 05:39:14,2025-09-02 01:39:14,50 km al SO de Mina Collahuasi,-21.232,-68.857,115.0,2.6,Ml
315306,2025-09-02 06:55:56,2025-09-02 02:55:56,13 km al O de La Ligua,-32.486,-71.359,59.0,3.2,Ml
315307,2025-09-02 07:08:10,2025-09-02 03:08:10,23 km al NE de Petorca,-32.083,-70.785,88.0,2.5,Ml
315318,2025-09-02 08:38:33,2025-09-02 04:38:33,24 km al O de Navidad,-33.948,-72.096,35.0,3.1,Ml
315322,2025-09-02 08:46:42,2025-09-02 04:46:42,40 km al NE de San Fabián,-36.381,-71.163,130.0,2.7,Ml
315327,2025-09-02 09:17:33,2025-09-02 05:17:33,69 km al NE de Pica,-20.188,-68.752,119.0,2.9,Ml
315338,2025-09-02 10:33:56,2025-09-02 06:33:56,17 km al NE de Mina Los Pelambres,-31.695,-70.489,108.0,2.8,Ml
315339,2025-09-02 10:51:32,2025-09-02 06:51:32,71 km al S de Socaire,-24.223,-67.826,237.0,3.0,Ml
315350,2025-09-02 12:50:56,2025-09-02 08:50:56,63 km al N de Quillagua,-21.115,-69.371,105.0,2.7,Ml
315362,2025-09-02 14:46:11,2025-09-02 10:46:11,23 km al N de Camiña,-19.107,-69.454,116.0,2.6,Ml
315370,2025-09-02 16:11:14,2025-09-02 12:11:14,26 km al O de La Serena,-29.948,-71.513,40.0,2.7,Ml
315376,2025-09-02 17:05:19,2025-09-02 13:05:19,21 km al S de Sierra Gorda,-23.074,-69.359,86.0,2.5,Ml
315380,2025-09-02 18:03:52,2025-09-02 14:03:52,60 km al E de Socaire,-23.571,-67.305,237.0,3.2,Ml
315388,2025-09-02 18:57:24,2025-09-02 14:57:24,30 km al S de Antuco,-37.595,-71.711,113.0,2.9,Ml
315401,2025-09-02 20:14:37,2025-09-02 16:14:37,94 km al S de Ilo,-18.487,-71.403,35.0,3.4,Ml
315406,2025-09-02 20:24:10,2025-09-02 16:24:10,33 km al SO de Ollagüe,-21.432,-68.479,120.0,3.0,Ml
315408,2025-09-02 20:33:06,2025-09-02 16:33:06,82 km al E de Socaire,-23.826,-67.13,195.0,3.7,Ml
315418,2025-09-02 21:41:21,2025-09-02 17:41:21,73 km al SE de Socaire,-24.055,-67.377,198.0,2.7,Ml
315427,2025-09-02 22:43:29,2025-09-02 18:43:29,66 km al E de Socaire,-23.411,-67.276,262.0,3.4,Ml
315426,2025-09-02 22:45:44,2025-09-02 18:45:44,52 km al O de Ollagüe,-21.312,-68.748,105.0,2.8,Ml
315449,2025-09-03 02:45:06,2025-09-02 22:45:06,43 km al NE de Tirúa,-38.066,-73.147,34.0,2.9,Ml
315456,2025-09-03 04:28:44,2025-09-03 00:28:44,27 km al O de Camiña,-19.365,-69.675,79.0,2.5,Ml
315461,2025-09-03 05:02:08,2025-09-03 01:02:08,7 km al N de Punitaqui,-30.774,-71.277,7.0,2.7,Ml
315463,2025-09-03 05:17:55,2025-09-03 01:17:55,22 km al O de La Serena,-29.821,-71.461,41.0,2.6,Ml
315466,2025-09-03 06:08:48,2025-09-03 02:08:48,45 km al SE de Camiña,-19.681,-69.251,94.0,3.0,Ml
315471,2025-09-03 06:20:30,2025-09-03 02:20:30,8 km al SE de Ollagüe,-21.287,-68.212,147.0,3.1,Ml
315473,2025-09-03 06:43:58,2025-09-03 02:43:58,28 km al SO de Pichidangui,-32.278,-71.773,29.0,2.8,Ml
315477,2025-09-03 07:12:48,2025-09-03 03:12:48,59 km al S de Ollagüe,-21.725,-68.449,127.0,2.9,Ml
315478,2025-09-03 07:18:31,2025-09-03 03:18:31,26 km al NE de Camiña,-19.199,-69.21,118.0,4.0,Ml
315482,2025-09-03 08:27:43,2025-09-03 04:27:43,31 km al SE de Pica,-20.746,-69.208,108.0,2.7,Ml
315489,2025-09-03 08:48:01,2025-09-03 04:48:01,23 km al SE de Melipilla,-33.842,-71.059,71.0,3.6,Ml
315492,2025-09-03 09:18:32,2025-09-03 05:18:32,74 km al SE de Socaire,-23.969,-67.289,200.0,3.3,Ml
315497,2025-09-03 09:41:56,2025-09-03 05:41:56,35 km al NE de Calama,-22.284,-68.66,115.0,2.6,Ml
315515,2025-09-03 12:47:51,2025-09-03 08:47:51,16 km al SO de Los Vilos,-32.006,-71.64,24.0,2.7,Ml
315510,2025-09-03 12:56:09,2025-09-03 08:56:09,85 km al E de Socaire,-23.798,-67.089,237.0,3.4,Ml
315513,2025-09-03 13:04:03,2025-09-03 09:04:03,10 km al SO de Pichidangui,-32.194,-71.614,65.0,3.4,Ml
315529,2025-09-03 15:10:21,2025-09-03 11:10:21,36 km al E de Mina Los Pelambres,-31.776,-70.207,132.0,2.6,Ml
315526,2025-09-03 15:21:26,2025-09-03 11:21:26,30 km al O de Mina Collahuasi,-20.834,-68.943,107.0,3.0,Ml
315536,2025-09-03 17:12:05,2025-09-03 13:12:05,29 km al NE de Ollagüe,-21.11,-68.003,162.0,3.2,Ml
315541,2025-09-03 18:29:49,2025-09-03 14:29:49,9 km al E de San Fernando,-34.558,-70.893,103.0,3.6,Ml
315551,2025-09-03 19:31:48,2025-09-03 15:31:48,77 km al S de Socaire,-24.276,-67.797,225.0,3.8,Ml
315556,2025-09-03 20:39:08,2025-09-03 16:39:08,47 km al NE de Calama,-22.087,-68.741,103.0,2.5,Ml
315565,2025-09-03 21:43:49,2025-09-03 17:43:49,49 km al O de Ollagüe,-21.274,-68.725,117.0,2.5,Ml
315572,2025-09-03 22:40:16,2025-09-03 18:40:16,49 km al S de Ollagüe,-21.635,-68.418,128.0,2.9,Ml
315573,2025-09-03 22:53:46,2025-09-03 18:53:46,12 km al NO de Quintero,-32.7,-71.616,24.0,3.0,Ml
315579,2025-09-03 23:09:11,2025-09-03 19:09:11,79 km al S de Socaire,-24.283,-68.036,240.0,3.5,Ml
315587,2025-09-04 00:22:50,2025-09-03 20:22:50,33 km al E de Lebu,-37.672,-73.291,38.0,3.4,Ml
315596,2025-09-04 02:37:18,2025-09-03 22:37:18,9 km al O de San Antonio,-33.6,-71.711,40.0,2.8,Ml
315600,2025-09-04 03:05:27,2025-09-03 23:05:27,9 km al O de San Antonio,-33.577,-71.713,38.0,2.9,Ml
315602,2025-09-04 03:39:03,2025-09-03 23:39:03,60 km al SE de Mina Los Pelambres,-32.297,-70.271,117.0,3.1,Ml
315610,2025-09-04 04:10:09,2025-09-04 00:10:09,101 km al O de San Antonio de los Cobres,-24.339,-67.303,195.0,4.7,Mw
315607,2025-09-04 04:10:18,2025-09-04 00:10:18,102 km al SE de Socaire,-24.37,-67.37,189.0,5.9,Mww
315612,2025-09-04 04:20:01,2025-09-04 00:20:01,75 km al SE de Socaire,-24.161,-67.49,202.0,3.6,Ml
315614,2025-09-04 04:35:27,2025-09-04 00:35:27,75 km al SE de Socaire,-24.152,-67.489,205.0,3.6,Ml
315615,2025-09-04 05:04:49,2025-09-04 01:04:49,27 km al SO de Pica,-20.643,-69.529,50.0,2.8,Ml
315617,2025-09-04 05:08:14,2025-09-04 01:08:14,78 km al SE de Socaire,-24.175,-67.461,206.0,3.6,Ml
315641,2025-09-04 08:10:30,2025-09-04 04:10:30,100 km al O de San Antonio de los Cobres,-24.413,-67.283,181.0,3.2,Ml
315653,2025-09-04 09:59:47,2025-09-04 05:59:47,81 km al S de Socaire,-24.284,-68.124,258.0,3.2,Ml
315656,2025-09-04 10:34:41,2025-09-04 06:34:41,76 km al S de Socaire,-24.262,-68.004,245.0,2.9,Ml
315658,2025-09-04 10:44:32,2025-09-04 06:44:32,65 km al S de Socaire,-24.155,-67.718,217.0,3.3,Ml
315664,2025-09-04 11:36:06,2025-09-04 07:36:06,79 km al SE de Socaire,-24.003,-67.263,223.0,3.6,Ml
315665,2025-09-04 11:54:59,2025-09-04 07:54:59,47 km al S de Socaire,-24.008,-67.837,242.0,3.2,Ml
315675,2025-09-04 13:06:29,2025-09-04 09:06:29,41 km al SO de Copiapó,-27.63,-70.617,78.0,3.0,Ml
315677,2025-09-04 13:13:07,2025-09-04 09:13:07,75 km al NE de Calama,-21.871,-68.586,122.0,2.6,Ml
315678,2025-09-04 13:16:11,2025-09-04 09:16:11,91 km al SE de Socaire,-24.303,-67.447,196.0,3.7,Ml
315683,2025-09-04 13:38:41,2025-09-04 09:38:41,83 km al S de Socaire,-24.3,-68.148,241.0,3.6,Ml
315684,2025-09-04 13:51:48,2025-09-04 09:51:48,28 km al E de Pica,-20.405,-69.078,102.0,3.1,Ml
315686,2025-09-04 14:06:26,2025-09-04 10:06:26,67 km al NE de Calama,-21.919,-68.676,121.0,2.6,Ml
315688,2025-09-04 14:37:45,2025-09-04 10:37:45,88 km al NE de San Pedro de Atacama,-22.229,-67.776,200.0,3.3,Ml
315689,2025-09-04 14:39:33,2025-09-04 10:39:33,128 km al NO de Tocopilla,-21.529,-71.287,35.0,3.9,Ml
315691,2025-09-04 14:53:54,2025-09-04 10:53:54,77 km al S de Socaire,-24.248,-68.133,224.0,3.6,Ml
315696,2025-09-04 16:39:49,2025-09-04 12:39:49,60 km al SO de Ollagüe,-21.703,-68.517,125.0,4.0,Ml
315699,2025-09-04 16:46:49,2025-09-04 12:46:49,47 km al NE de Mina La Escondida,-23.972,-68.722,110.0,3.2,Ml
315702,2025-09-04 16:56:19,2025-09-04 12:56:19,43 km al E de Quillagua,-21.595,-69.12,88.0,2.8,Ml
315718,2025-09-04 18:36:43,2025-09-04 14:36:43,76 km al S de Ollagüe,-21.863,-68.516,115.0,2.9,Ml
315721,2025-09-04 18:44:51,2025-09-04 14:44:51,68 km al O de Tongoy,-30.074,-72.175,34.0,3.1,Ml
315725,2025-09-04 19:15:37,2025-09-04 15:15:37,5 km al E de Mina Los Pelambres,-31.814,-70.538,120.0,2.7,Ml
315727,2025-09-04 19:20:29,2025-09-04 15:20:29,70 km al NE de Calama,-21.94,-68.572,111.0,2.8,Ml
315734,2025-09-04 20:58:44,2025-09-04 16:58:44,70 km al SO de Ollagüe,-21.772,-68.595,123.0,2.6,Ml
315741,2025-09-04 22:05:21,2025-09-04 18:05:21,45 km al S de Ollagüe,-21.617,-68.36,128.0,2.7,Ml
315747,2025-09-05 00:22:57,2025-09-04 20:22:57,75 km al NE de Calama,-21.883,-68.58,114.0,2.6,Ml
315757,2025-09-05 01:04:47,2025-09-04 21:04:47,46 km al O de Quellón,-42.948,-74.131,37.0,3.2,Ml
315761,2025-09-05 02:04:38,2025-09-04 22:04:38,72 km al SE de Socaire,-24.147,-67.531,192.0,3.8,Ml
315771,2025-09-05 04:09:03,2025-09-05 00:09:03,69 km al SE de Socaire,-24.115,-67.524,207.0,3.7,Ml
315784,2025-09-05 06:21:32,2025-09-05 02:21:32,41 km al N de Calama,-22.106,-68.888,102.0,2.6,Ml
315807,2025-09-05 11:02:08,2025-09-05 07:02:08,65 km al SO de Ollagüe,-21.765,-68.492,134.0,3.0,Ml
315814,2025-09-05 12:52:45,2025-09-05 08:52:45,46 km al O de Valparaíso,-33.023,-72.103,34.0,3.4,Ml
315819,2025-09-05 13:15:41,2025-09-05 09:15:41,28 km al NO de Quintero,-32.66,-71.786,28.0,3.6,Ml
315821,2025-09-05 13:22:41,2025-09-05 09:22:41,97 km al SE de Socaire,-24.322,-67.377,208.0,3.7,Ml
315827,2025-09-05 14:37:52,2025-09-05 10:37:52,28 km al O de Quintero,-32.674,-71.802,24.0,3.6,Ml
315830,2025-09-05 15:33:53,2025-09-05 11:33:53,55 km al S de Patache,-21.306,-70.228,36.0,2.7,Ml
315863,2025-09-05 19:53:47,2025-09-05 15:53:47,57 km al S de Ollagüe,-21.707,-68.439,126.0,2.9,Ml
315887,2025-09-06 00:25:24,2025-09-05 20:25:24,26 km al O de Quintero,-32.689,-71.789,24.0,2.7,Ml
315911,2025-09-06 03:21:02,2025-09-05 23:21:02,22 km al SO de Andacollo,-30.353,-71.268,21.0,2.6,Ml
315920,2025-09-06 04:30:37,2025-09-06 00:30:37,49 km al SE de Pica,-20.897,-69.14,108.0,2.5,Ml
315926,2025-09-06 05:31:37,2025-09-06 01:31:37,78 km al SE de Socaire,-24.153,-67.428,206.0,3.6,Ml
315941,2025-09-06 07:20:16,2025-09-06 03:20:16,117 km al NE de Socaire,-22.908,-67.012,265.0,4.3,Ml
315947,2025-09-06 08:25:22,2025-09-06 04:25:22,95 km al NE de Socaire,-23.209,-67.057,259.0,3.4,Ml
315948,2025-09-06 08:38:15,2025-09-06 04:38:15,35 km al SE de Socaire,-23.847,-67.689,289.0,3.3,Ml
315956,2025-09-06 10:11:05,2025-09-06 06:11:05,56 km al NE de Calama,-22.046,-68.63,132.0,3.0,Ml
315960,2025-09-06 10:37:44,2025-09-06 06:37:44,93 km al SE de Socaire,-24.263,-67.343,210.0,3.6,Ml
315975,2025-09-06 14:22:37,2025-09-06 10:22:37,56 km al SO de Ollagüe,-21.544,-68.678,118.0,3.1,Ml
316031,2025-09-06 21:45:58,2025-09-06 17:45:58,44 km al SE de Tirúa,-38.712,-73.301,47.0,3.3,Ml
316038,2025-09-06 22:00:17,2025-09-06 18:00:17,66 km al SO de Mina Collahuasi,-21.334,-68.993,104.0,2.8,Ml
316042,2025-09-06 22:19:59,2025-09-06 18:19:59,45 km al SO de Mina Collahuasi,-21.105,-68.978,115.0,3.4,Ml
316044,2025-09-06 22:33:10,2025-09-06 18:33:10,15 km al NO de Petorca,-32.144,-71.026,102.0,2.6,Ml
316066,2025-09-07 00:49:26,2025-09-06 20:49:26,35 km al NO de Los Andes,-32.655,-70.902,95.0,3.5,Ml
316079,2025-09-07 02:43:50,2025-09-06 22:43:50,44 km al O de Caldera,-27.044,-71.266,38.0,3.4,Ml
316089,2025-09-07 04:12:33,2025-09-07 01:12:33,74 km al SE de Socaire,-24.166,-67.532,210.0,4.4,Ml
316138,2025-09-07 09:29:10,2025-09-07 06:29:10,75 km al S de Socaire,-24.222,-67.647,215.0,3.9,Ml
316147,2025-09-07 10:47:08,2025-09-07 07:47:08,69 km al S de Patache,-21.403,-70.388,24.0,3.3,Ml
316153,2025-09-07 11:13:30,2025-09-07 08:13:30,15 km al SO de Quintero,-32.895,-71.592,54.0,2.9,Ml
316167,2025-09-07 13:28:40,2025-09-07 10:28:40,84 km al E de Copiapó,-27.112,-69.527,16.0,3.3,Ml
316175,2025-09-07 13:56:07,2025-09-07 10:56:07,152 km al O de Valdivia,-39.565,-74.99,21.0,2.9,Ml
316172,2025-09-07 14:16:51,2025-09-07 11:16:51,63 km al NE de Calama,-21.949,-68.693,114.0,2.5,Ml
316181,2025-09-07 14:59:56,2025-09-07 11:59:56,100 km al NE de Socaire,-22.994,-67.151,238.0,2.7,Ml
316197,2025-09-07 17:11:21,2025-09-07 14:11:21,78 km al S de Socaire,-24.261,-67.663,193.0,3.8,Ml
316212,2025-09-07 18:52:17,2025-09-07 15:52:17,24 km al SO de Salamanca,-31.911,-71.163,77.0,2.7,Ml
316220,2025-09-07 20:15:12,2025-09-07 17:15:12,95 km al E de Linares,-36.118,-70.596,7.0,2.9,Ml
316233,2025-09-07 21:56:47,2025-09-07 18:56:47,60 km al S de Sierra Gorda,-23.418,-69.215,102.0,2.9,Ml
316245,2025-09-07 22:32:18,2025-09-07 19:32:18,27 km al NE de Calama,-22.272,-68.786,129.0,2.7,Ml
316247,2025-09-07 22:42:44,2025-09-07 19:42:44,22 km al NE de Pozo Almonte,-20.098,-69.655,82.0,2.7,Ml
316249,2025-09-07 23:17:12,2025-09-07 20:17:12,10 km al SO de Visviri,-17.676,-69.525,146.0,3.1,Ml
316251,2025-09-07 23:49:05,2025-09-07 20:49:05,47 km al O de Mina Collahuasi,-20.978,-69.083,115.0,4.4,Mw
316255,2025-09-08 00:11:17,2025-09-07 21:11:17,52 km al E de Sierra Gorda,-23.018,-68.831,97.0,2.6,Ml
316260,2025-09-08 01:57:26,2025-09-07 22:57:26,41 km al SO de Taltal,-25.608,-70.832,16.0,3.1,Ml
316258,2025-09-08 01:59:16,2025-09-07 22:59:16,14 km al SE de Pica,-20.605,-69.277,103.0,3.0,Ml
316267,2025-09-08 02:54:43,2025-09-07 23:54:43,31 km al E de Socaire,-23.673,-67.602,273.0,2.9,Ml
316269,2025-09-08 02:57:37,2025-09-07 23:57:37,27 km al E de Calama,-22.446,-68.665,128.0,3.1,Ml
316270,2025-09-08 03:03:06,2025-09-08 00:03:06,30 km al S de San Pedro de Atacama,-23.181,-68.254,137.0,3.5,Ml
316275,2025-09-08 05:48:18,2025-09-08 02:48:18,101 km al E de Copiapó,-27.533,-69.33,112.0,3.1,Ml
316278,2025-09-08 06:19:42,2025-09-08 03:19:42,42 km al SO de Mina Collahuasi,-21.091,-68.946,105.0,2.7,Ml
316286,2025-09-08 06:51:39,2025-09-08 03:51:39,81 km al SE de Socaire,-23.972,-67.208,238.0,3.0,Ml
316287,2025-09-08 07:02:24,2025-09-08 04:02:24,22 km al O de Putre,-18.202,-69.768,130.0,3.3,Ml
316298,2025-09-08 08:53:01,2025-09-08 05:53:01,88 km al E de Copiapó,-27.347,-69.44,114.0,2.9,Ml
316307,2025-09-08 11:42:31,2025-09-08 08:42:31,33 km al N de Calama,-22.19,-68.83,105.0,2.6,Ml
316308,2025-09-08 11:48:06,2025-09-08 08:48:06,55 km al SO de Arica,-18.704,-70.788,21.0,2.8,Ml
316310,2025-09-08 11:54:44,2025-09-08 08:54:44,43 km al NE de Calama,-22.144,-68.704,109.0,2.8,Ml
316317,2025-09-08 12:48:46,2025-09-08 09:48:46,49 km al SO de Mina Collahuasi,-21.218,-68.885,120.0,2.5,Ml
316319,2025-09-08 12:59:12,2025-09-08 09:59:12,16 km al S de Putre,-18.338,-69.561,109.0,2.7,Ml
316324,2025-09-08 14:45:14,2025-09-08 11:45:14,29 km al E de Tocopilla,-22.034,-69.925,66.0,3.2,Ml
316341,2025-09-08 16:20:13,2025-09-08 13:20:13,20 km al O de Ollagüe,-21.288,-68.437,128.0,2.5,Ml
316369,2025-09-08 20:47:12,2025-09-08 17:47:12,50 km al O de Valparaíso,-33.031,-72.146,31.0,3.0,Ml
316374,2025-09-08 21:01:13,2025-09-08 18:01:13,65 km al SO de Ollagüe,-21.758,-68.5,138.0,2.6,Ml
316378,2025-09-08 21:19:25,2025-09-08 18:19:25,27 km al E de Pica,-20.559,-69.081,110.0,2.5,Ml
316397,2025-09-09 00:46:58,2025-09-08 21:46:58,24 km al S de San Fernando,-34.799,-70.96,99.0,2.7,Ml
316399,2025-09-09 01:06:28,2025-09-08 22:06:28,78 km al O de Parque Fray Jorge,-30.729,-72.5,41.0,2.6,Ml
316417,2025-09-09 03:32:42,2025-09-09 00:32:42,20 km al O de La Ligua,-32.441,-71.445,48.0,2.7,Ml
316419,2025-09-09 03:48:15,2025-09-09 00:48:15,52 km al O de Valparaíso,-33.041,-72.173,32.0,2.9,Ml
316425,2025-09-09 04:29:41,2025-09-09 01:29:41,30 km al NE de Ollagüe,-21.078,-68.008,180.0,2.8,Ml
316429,2025-09-09 04:53:27,2025-09-09 01:53:27,88 km al O de San Antonio de los Cobres,-24.089,-67.175,228.0,3.1,Ml
316433,2025-09-09 05:32:39,2025-09-09 02:32:39,72 km al O de Arica,-18.386,-70.996,33.0,2.9,Ml
316440,2025-09-09 06:29:52,2025-09-09 03:29:52,21 km al SE de Lebu,-37.778,-73.553,11.0,3.4,Ml
316457,2025-09-09 08:40:58,2025-09-09 05:40:58,45 km al SE de Pica,-20.86,-69.156,102.0,2.7,Ml
316460,2025-09-09 08:56:18,2025-09-09 05:56:18,114 km al NE de Paihuano,-29.484,-69.513,129.0,2.9,Ml
316464,2025-09-09 09:48:32,2025-09-09 06:48:32,43 km al S de Sierra Gorda,-23.263,-69.222,90.0,2.5,Ml
316467,2025-09-09 09:51:57,2025-09-09 06:51:57,66 km al S de Socaire,-24.16,-67.694,220.0,3.5,Ml
316471,2025-09-09 10:17:10,2025-09-09 07:17:10,66 km al NE de Mina Los Pelambres,-31.355,-70.164,137.0,3.4,Ml
316473,2025-09-09 10:29:19,2025-09-09 07:29:19,29 km al NO de Visviri,-17.463,-69.72,170.0,2.8,Ml
316475,2025-09-09 10:50:50,2025-09-09 07:50:50,24 km al SE de Pica,-20.682,-69.225,100.0,2.5,Ml
316480,2025-09-09 11:10:13,2025-09-09 08:10:13,11 km al E de Iquique,-20.253,-70.052,40.0,2.5,Ml
316483,2025-09-09 11:38:16,2025-09-09 08:38:16,46 km al NE de Tocopilla,-21.724,-70.012,50.0,2.9,Ml
316492,2025-09-09 13:12:00,2025-09-09 10:12:00,57 km al SO de Ollagüe,-21.611,-68.616,126.0,2.5,Ml
316495,2025-09-09 14:03:28,2025-09-09 11:03:28,16 km al SO de Visviri,-17.71,-69.571,152.0,2.6,Ml
316498,2025-09-09 14:42:16,2025-09-09 11:42:16,27 km al E de Pica,-20.47,-69.068,98.0,3.1,Ml
316503,2025-09-09 15:14:42,2025-09-09 12:14:42,14 km al O de Pichidangui,-32.124,-71.673,31.0,2.9,Ml
316511,2025-09-09 16:18:10,2025-09-09 13:18:10,23 km al NE de Los Andes,-32.711,-70.394,95.0,2.8,Ml
316517,2025-09-09 17:02:42,2025-09-09 14:02:42,43 km al SO de Mina Collahuasi,-21.038,-69.006,99.0,3.5,Ml
316524,2025-09-09 17:35:13,2025-09-09 14:35:13,68 km al SO de Punta de Choros,-29.551,-72.074,35.0,4.4,Mw
316525,2025-09-09 17:35:22,2025-09-09 14:35:22,74 km al SE de Socaire,-24.153,-67.508,204.0,4.5,Mw
316529,2025-09-09 17:55:21,2025-09-09 14:55:21,66 km al NE de Quillagua,-21.329,-69.003,101.0,2.5,Ml
316547,2025-09-09 21:27:49,2025-09-09 18:27:49,20 km al O de Putre,-18.159,-69.745,112.0,2.8,Ml
316555,2025-09-09 22:19:07,2025-09-09 19:19:07,79 km al S de Socaire,-24.301,-67.937,262.0,3.1,Ml
316565,2025-09-10 01:30:02,2025-09-09 22:30:02,38 km al S de San Pedro de Atacama,-23.254,-68.109,207.0,3.0,Ml
316571,2025-09-10 01:30:22,2025-09-09 22:30:22,43 km al NO de San Pedro de Atacama,-22.682,-68.528,150.0,2.5,Ml
316574,2025-09-10 02:32:53,2025-09-09 23:32:53,17 km al SO de Pichidangui,-32.244,-71.664,46.0,3.2,Ml
316579,2025-09-10 03:02:25,2025-09-10 00:02:25,83 km al O de San Juan,-31.24,-69.321,197.0,2.5,Ml
316581,2025-09-10 03:13:22,2025-09-10 00:13:22,67 km al S de Socaire,-24.195,-67.867,261.0,3.3,Ml
316596,2025-09-10 05:00:30,2025-09-10 02:00:30,27 km al O de Quintero,-32.697,-71.8,20.0,2.5,Ml
316611,2025-09-10 07:01:12,2025-09-10 04:01:12,26 km al SO de Ollagüe,-21.385,-68.431,124.0,2.5,Ml
316614,2025-09-10 07:47:08,2025-09-10 04:47:08,77 km al NE de San Pedro de Atacama,-22.305,-67.857,191.0,2.5,Ml
316619,2025-09-10 08:39:23,2025-09-10 05:39:23,6 km al E de Parque Fray Jorge,-30.646,-71.627,31.0,2.8,Ml
316634,2025-09-10 10:27:02,2025-09-10 07:27:02,24 km al SO de Pica,-20.688,-69.424,101.0,3.4,Ml
316642,2025-09-10 12:11:11,2025-09-10 09:11:11,132 km al O de Tirúa,-38.795,-74.897,29.0,3.4,Ml
316647,2025-09-10 13:46:41,2025-09-10 10:46:41,45 km al SE de Mina Los Pelambres,-32.159,-70.319,130.0,3.3,Ml
316655,2025-09-10 14:49:56,2025-09-10 11:49:56,25 km al SO de Patache,-20.951,-70.394,55.0,3.6,Ml
316661,2025-09-10 15:57:41,2025-09-10 12:57:41,219 km al S de Puerto Williams,-56.89,-67.18,10.0,2.8,Ml
316662,2025-09-10 16:02:21,2025-09-10 13:02:21,46 km al SO de Mina Collahuasi,-21.031,-69.045,113.0,3.8,Ml
316667,2025-09-10 16:41:42,2025-09-10 13:41:42,87 km al SE de Socaire,-24.106,-67.241,231.0,3.9,Ml
316693,2025-09-10 19:30:41,2025-09-10 16:30:41,50 km al E de Los Andes,-32.769,-70.071,108.0,3.1,Ml
316697,2025-09-10 20:05:54,2025-09-10 17:05:54,46 km al SO de San Pedro de Atacama,-23.166,-68.565,132.0,2.5,Ml
316710,2025-09-10 21:54:09,2025-09-10 18:54:09,35 km al S de Calama,-22.779,-68.883,120.0,2.9,Ml
316720,2025-09-10 23:25:47,2025-09-10 20:25:47,36 km al N de Cuya,-18.843,-70.22,54.0,2.5,Ml
316726,2025-09-11 00:51:26,2025-09-10 21:51:26,89 km al O de San Antonio de los Cobres,-24.209,-67.194,240.0,3.9,Ml
316738,2025-09-11 02:24:11,2025-09-10 23:24:11,72 km al SE de Socaire,-24.166,-67.569,259.0,3.5,Ml
316740,2025-09-11 02:25:40,2025-09-10 23:25:40,29 km al S de San Pedro de Atacama,-23.175,-68.229,161.0,2.7,Ml
316742,2025-09-11 02:55:07,2025-09-10 23:55:07,59 km al SO de Arica,-18.746,-70.802,25.0,2.6,Ml
316758,2025-09-11 04:47:37,2025-09-11 01:47:37,75 km al E de Linares,-36.116,-70.832,35.0,2.8,Ml
316764,2025-09-11 06:02:45,2025-09-11 03:02:45,49 km al SE de Curicó,-35.322,-70.898,106.0,2.8,Ml
316766,2025-09-11 06:20:32,2025-09-11 03:20:32,81 km al SE de Socaire,-24.151,-67.378,218.0,3.2,Ml
316781,2025-09-11 08:59:02,2025-09-11 05:59:02,68 km al NE de Pica,-20.003,-68.938,107.0,2.9,Ml
316804,2025-09-11 13:32:41,2025-09-11 10:32:41,40 km al N de San Pedro de Atacama,-22.57,-68.105,187.0,2.7,Ml
316811,2025-09-11 15:22:54,2025-09-11 12:22:54,30 km al SE de Pica,-20.733,-69.198,108.0,3.4,Ml
316826,2025-09-11 17:06:16,2025-09-11 14:06:16,77 km al E de Linares,-36.149,-70.828,4.0,3.0,Ml
316835,2025-09-11 18:23:17,2025-09-11 15:23:17,52 km al SO de Ollagüe,-21.583,-68.57,140.0,4.0,Ml
316853,2025-09-11 22:53:24,2025-09-11 19:53:24,46 km al SE de Quillagua,-21.969,-69.241,82.0,2.5,Ml
316860,2025-09-12 00:12:14,2025-09-11 21:12:14,49 km al O de San Pedro de Atacama,-22.945,-68.68,110.0,2.5,Ml
316861,2025-09-12 00:16:23,2025-09-11 21:16:23,33 km al NE de Putre,-17.934,-69.404,147.0,3.4,Ml
316866,2025-09-12 00:44:39,2025-09-11 21:44:39,71 km al S de Ollagüe,-21.829,-68.488,124.0,2.7,Ml
316868,2025-09-12 00:57:05,2025-09-11 21:57:05,35 km al SE de Cauquenes,-36.194,-72.051,62.0,3.5,Ml
316872,2025-09-12 01:38:41,2025-09-11 22:38:41,113 km al NE de Socaire,-22.933,-67.046,242.0,4.4,Mw
316882,2025-09-12 03:23:49,2025-09-12 00:23:49,19 km al SE de Los Vilos,-31.988,-71.336,39.0,3.0,Ml
316888,2025-09-12 04:09:27,2025-09-12 01:09:27,29 km al O de Canela Baja,-31.314,-71.741,38.0,3.2,Ml
316895,2025-09-12 04:30:07,2025-09-12 01:30:07,69 km al SE de Socaire,-24.047,-67.43,210.0,4.4,Ml
316896,2025-09-12 05:23:40,2025-09-12 02:23:40,87 km al O de Canela Baja,-31.248,-72.353,38.0,3.1,Ml
316898,2025-09-12 05:33:30,2025-09-12 02:33:30,5 km al NE de Quintero,-32.746,-71.482,69.0,2.5,Ml
316905,2025-09-12 05:58:37,2025-09-12 02:58:37,12 km al NE de Alto del Carmen,-28.706,-70.376,93.0,4.2,Ml
316911,2025-09-12 07:02:12,2025-09-12 04:02:12,63 km al NE de Calama,-22.033,-68.546,128.0,3.4,Ml
316923,2025-09-12 08:13:01,2025-09-12 05:13:01,57 km al SO de Ollagüe,-21.661,-68.55,105.0,3.7,Ml
316928,2025-09-12 09:22:58,2025-09-12 06:22:58,34 km al S de Copiapó,-27.657,-70.423,74.0,3.2,Ml
316932,2025-09-12 10:11:05,2025-09-12 07:11:05,70 km al O de Parque Fray Jorge,-30.625,-72.417,31.0,3.2,Ml
316970,2025-09-12 18:51:13,2025-09-12 15:51:13,28 km al E de Pica,-20.497,-69.065,96.0,2.8,Ml
316974,2025-09-12 19:26:32,2025-09-12 16:26:32,5 km al S de Patache,-20.854,-70.201,40.0,2.9,Ml
316981,2025-09-12 20:03:34,2025-09-12 17:03:34,22 km al E de Curicó,-35.022,-70.998,90.0,3.3,Ml
316992,2025-09-12 22:38:13,2025-09-12 19:38:13,12 km al SO de Parque Fray Jorge,-30.76,-71.734,28.0,2.7,Ml
316999,2025-09-12 23:49:40,2025-09-12 20:49:40,76 km al SE de Socaire,-24.176,-67.509,223.0,4.5,Ml
317001,2025-09-13 00:29:38,2025-09-12 21:29:38,20 km al SE de Baquedano,-23.439,-69.68,66.0,3.2,Ml
317011,2025-09-13 02:16:59,2025-09-12 23:16:59,10 km al O de Pichidangui,-32.105,-71.634,21.0,2.6,Ml
317026,2025-09-13 04:31:03,2025-09-13 01:31:03,45 km al S de Mina Collahuasi,-21.22,-68.759,105.0,2.9,Ml
317058,2025-09-13 11:16:57,2025-09-13 08:16:57,85 km al SE de Socaire,-24.189,-67.368,223.0,4.4,Ml
317065,2025-09-13 12:04:04,2025-09-13 09:04:04,56 km al O de San Pedro de Atacama,-23.102,-68.707,122.0,3.2,Ml
317067,2025-09-13 12:22:07,2025-09-13 09:22:07,10 km al N de Pichidangui,-32.043,-71.538,40.0,3.5,Ml
317085,2025-09-13 14:45:47,2025-09-13 11:45:47,18 km al SO de Visviri,-17.72,-69.592,150.0,3.9,Ml
317087,2025-09-13 15:10:36,2025-09-13 12:10:36,43 km al NE de Tacna,-17.707,-70.006,153.0,4.2,Ml
317097,2025-09-13 15:36:34,2025-09-13 12:36:34,67 km al SE de Socaire,-24.113,-67.569,202.0,3.5,Ml
317122,2025-09-13 18:35:46,2025-09-13 15:35:46,22 km al S de La Higuera,-29.709,-71.182,72.0,3.0,Ml
317136,2025-09-13 20:03:57,2025-09-13 17:03:57,29 km al S de Mina Collahuasi,-21.082,-68.62,124.0,3.0,Ml
317139,2025-09-13 21:16:04,2025-09-13 18:16:04,45 km al SO de Patache,-21.151,-70.432,56.0,3.0,Ml
317144,2025-09-13 23:15:33,2025-09-13 20:15:33,24 km al SO de Navidad,-34.147,-71.955,36.0,2.6,Ml
317151,2025-09-14 01:23:50,2025-09-13 22:23:50,21 km al SO de Ollagüe,-21.32,-68.432,122.0,2.6,Ml
317150,2025-09-14 01:25:21,2025-09-13 22:25:21,41 km al O de Mina Collahuasi,-20.824,-69.053,110.0,2.6,Ml
317154,2025-09-14 02:58:49,2025-09-13 23:58:49,136 km al NE de Socaire,-22.914,-66.783,253.0,4.6,Mw
317157,2025-09-14 03:03:52,2025-09-14 00:03:52,79 km al S de Socaire,-24.256,-67.628,215.0,3.5,Ml
317161,2025-09-14 04:00:11,2025-09-14 01:00:11,23 km al SE de Iquique,-20.397,-70.044,32.0,3.1,Ml
317164,2025-09-14 04:34:02,2025-09-14 01:34:02,16 km al O de Quintero,-32.749,-71.695,32.0,3.1,Ml
317194,2025-09-14 13:00:37,2025-09-14 10:00:37,19 km al NO de Vichuquén,-34.745,-72.112,33.0,2.7,Ml
317198,2025-09-14 14:32:24,2025-09-14 11:32:24,28 km al O de Pichidangui,-32.119,-71.822,30.0,4.1,Ml
317224,2025-09-14 21:41:49,2025-09-14 18:41:49,30 km al SE de Camiña,-19.531,-69.253,8.0,3.5,Ml
317231,2025-09-15 00:40:04,2025-09-14 21:40:04,34 km al NE de Caleta El Cobre,-24.03,-70.293,30.0,3.7,Ml
317236,2025-09-15 01:42:39,2025-09-14 22:42:39,92 km al O de Carrizal Bajo,-27.87,-72.05,36.0,3.5,Ml
317239,2025-09-15 01:46:24,2025-09-14 22:46:24,236 km al S de Puerto Williams,-57.03,-68.258,10.0,3.0,Ml
317243,2025-09-15 02:03:21,2025-09-14 23:03:21,42 km al SO de Chañaral,-26.693,-70.787,49.0,3.1,Ml
317248,2025-09-15 03:34:19,2025-09-15 00:34:19,36 km al E de Lebu,-37.668,-73.255,12.0,2.6,Ml
317251,2025-09-15 03:56:20,2025-09-15 00:56:20,47 km al O de Mina Collahuasi,-20.896,-69.102,113.0,3.1,Ml
317255,2025-09-15 04:23:15,2025-09-15 01:23:15,65 km al O de Canela Baja,-31.502,-72.135,34.0,3.2,Ml
317261,2025-09-15 05:13:55,2025-09-15 02:13:55,34 km al NE de Paposo,-24.843,-70.183,51.0,2.5,Ml
317264,2025-09-15 05:50:31,2025-09-15 02:50:31,58 km al NO de Quillagua,-21.291,-69.925,45.0,3.1,Ml
317284,2025-09-15 10:34:43,2025-09-15 07:34:43,17 km al O de El Tabo,-33.474,-71.851,40.0,3.8,Ml
317288,2025-09-15 10:59:39,2025-09-15 07:59:39,22 km al SO de Ollagüe,-21.367,-68.401,126.0,3.1,Ml
317290,2025-09-15 11:20:41,2025-09-15 08:20:41,58 km al S de Putre,-18.685,-69.366,110.0,2.9,Ml
317293,2025-09-15 13:03:15,2025-09-15 10:03:15,23 km al S de La Serena,-30.099,-71.32,53.0,3.6,Ml
317297,2025-09-15 13:08:15,2025-09-15 10:08:15,21 km al NE de Los Andes,-32.742,-70.396,108.0,3.0,Ml
317301,2025-09-15 14:15:01,2025-09-15 11:15:01,96 km al NE de Paihuano,-29.459,-69.765,126.0,2.5,Ml
317304,2025-09-15 14:33:53,2025-09-15 11:33:53,46 km al SE de Pica,-20.857,-69.124,106.0,2.6,Ml
317324,2025-09-15 18:19:20,2025-09-15 15:19:20,58 km al N de Calama,-21.956,-68.829,117.0,3.1,Ml
317330,2025-09-15 19:13:58,2025-09-15 16:13:58,28 km al NO de Mina Collahuasi,-20.675,-68.869,103.0,3.2,Ml
317332,2025-09-15 19:46:40,2025-09-15 16:46:40,38 km al E de Camiña,-19.302,-69.069,3.0,3.0,Ml
317338,2025-09-15 20:56:13,2025-09-15 17:56:13,49 km al NE de Pica,-20.09,-69.134,103.0,4.9,Mw
317343,2025-09-15 21:12:57,2025-09-15 18:12:57,46 km al SO de Mina Collahuasi,-21.183,-68.887,120.0,2.5,Ml
317348,2025-09-15 22:40:18,2025-09-15 19:40:18,75 km al NE de Calama,-21.856,-68.634,121.0,2.6,Ml
317351,2025-09-15 23:03:10,2025-09-15 20:03:10,56 km al SO de Patache,-21.263,-70.441,50.0,2.5,Ml
317352,2025-09-15 23:21:46,2025-09-15 20:21:46,52 km al SO de Ollagüe,-21.632,-68.499,124.0,4.2,Ml
317362,2025-09-16 01:37:17,2025-09-15 22:37:17,49 km al N de Quillagua,-21.221,-69.545,67.0,2.7,Ml
317365,2025-09-16 01:52:56,2025-09-15 22:52:56,30 km al O de Patache,-20.89,-70.482,50.0,2.5,Ml
317374,2025-09-16 04:08:28,2025-09-16 01:08:28,27 km al S de Mina Collahuasi,-21.072,-68.64,137.0,3.1,Ml
317375,2025-09-16 04:28:34,2025-09-16 01:28:34,38 km al O de Socaire,-23.476,-68.246,129.0,3.3,Ml
317376,2025-09-16 04:39:52,2025-09-16 01:39:52,67 km al E de Mina La Escondida,-24.201,-68.4,267.0,3.3,Ml
317382,2025-09-16 05:00:10,2025-09-16 02:00:10,75 km al SO de Ollagüe,-21.792,-68.644,107.0,2.5,Ml
317388,2025-09-16 07:46:01,2025-09-16 04:46:01,16 km al NE de Calama,-22.348,-68.854,120.0,2.7,Ml
317392,2025-09-16 08:58:25,2025-09-16 05:58:25,14 km al NO de Rancagua,-34.102,-70.861,72.0,3.1,Ml
317397,2025-09-16 09:41:01,2025-09-16 06:41:01,59 km al NE de Carrizal Bajo,-27.593,-70.93,20.0,3.1,Ml
317399,2025-09-16 09:49:36,2025-09-16 06:49:36,32 km al N de Paposo,-24.723,-70.429,55.0,3.2,Ml
317400,2025-09-16 10:18:20,2025-09-16 07:18:20,53 km al SO de Ollagüe,-21.559,-68.614,125.0,3.3,Ml
317405,2025-09-16 11:37:48,2025-09-16 08:37:48,22 km al O de Ollagüe,-21.199,-68.465,132.0,3.2,Ml
317409,2025-09-16 11:49:01,2025-09-16 08:49:01,22 km al E de Putre,-18.224,-69.353,145.0,3.1,Ml
317416,2025-09-16 13:33:25,2025-09-16 10:33:25,23 km al N de Quillagua,-21.459,-69.599,70.0,3.4,Ml
317420,2025-09-16 14:06:25,2025-09-16 11:06:25,13 km al NE de Camiña,-19.223,-69.341,111.0,3.0,Ml
317424,2025-09-16 14:56:35,2025-09-16 11:56:35,40 km al N de Calama,-22.129,-68.818,110.0,3.3,Ml
317433,2025-09-16 16:00:38,2025-09-16 13:00:38,83 km al NE de Socaire,-23.094,-67.279,260.0,3.5,Ml
317454,2025-09-16 19:24:48,2025-09-16 16:24:48,40 km al E de Camiña,-19.35,-69.047,8.0,3.8,Ml
317461,2025-09-16 19:30:03,2025-09-16 16:30:03,31 km al NO de Quintero,-32.591,-71.772,34.0,2.7,Ml
317463,2025-09-16 19:42:26,2025-09-16 16:42:26,39 km al N de Calama,-22.131,-68.82,113.0,2.5,Ml
317475,2025-09-16 21:01:25,2025-09-16 18:01:25,27 km al SE de Patache,-20.972,-70.012,33.0,3.0,Ml
317479,2025-09-16 21:22:06,2025-09-16 18:22:06,36 km al S de Mina Collahuasi,-21.146,-68.667,135.0,3.5,Ml
317482,2025-09-16 22:18:08,2025-09-16 19:18:08,70 km al SE de Sierra Gorda,-23.281,-68.78,112.0,2.5,Ml
317484,2025-09-16 22:38:51,2025-09-16 19:38:51,130 km al NE de Socaire,-22.828,-66.924,269.0,2.8,Ml
317487,2025-09-16 22:58:14,2025-09-16 19:58:14,65 km al O de Mina La Escondida,-24.218,-69.694,86.0,2.5,Ml
317489,2025-09-16 23:16:33,2025-09-16 20:16:33,60 km al SO de Punta de Choros,-29.679,-71.836,37.0,3.1,Ml
317492,2025-09-16 23:53:10,2025-09-16 20:53:10,45 km al NE de Mejillones,-22.755,-70.219,48.0,4.2,Ml
317499,2025-09-17 02:07:31,2025-09-16 23:07:31,287 km al NO de Base Prat,-60.54,-63.25,10.0,3.5,Ml
317505,2025-09-17 02:59:43,2025-09-16 23:59:43,77 km al S de Socaire,-24.283,-67.967,262.0,3.0,Ml
317507,2025-09-17 04:22:14,2025-09-17 01:22:14,25 km al NO de Bahía Mansa,-40.385,-73.871,9.0,2.9,Ml
317511,2025-09-17 04:56:39,2025-09-17 01:56:39,39 km al SO de Pichidangui,-32.314,-71.888,29.0,3.4,Ml
317513,2025-09-17 05:08:30,2025-09-17 02:08:30,78 km al N de Calama,-21.805,-68.683,125.0,2.5,Ml
317527,2025-09-17 07:47:13,2025-09-17 04:47:13,58 km al NE de Calama,-22.039,-68.616,130.0,3.2,Ml
317532,2025-09-17 08:16:12,2025-09-17 05:16:12,54 km al S de Baquedano,-23.808,-69.713,72.0,3.9,Ml
317539,2025-09-17 09:51:18,2025-09-17 06:51:18,44 km al SE de Socaire,-23.864,-67.579,266.0,2.8,Ml
317538,2025-09-17 09:52:50,2025-09-17 06:52:50,21 km al S de Camiña,-19.492,-69.371,91.0,3.9,Ml
317540,2025-09-17 10:42:26,2025-09-17 07:42:26,10 km al SE de Punitaqui,-30.875,-71.166,63.0,2.7,Ml
317542,2025-09-17 10:59:19,2025-09-17 07:59:19,32 km al S de Mina Collahuasi,-21.114,-68.69,114.0,2.6,Ml
317546,2025-09-17 12:03:47,2025-09-17 09:03:47,152 km al N de San Antonio de los Cobres,-22.883,-66.577,245.0,2.8,Ml
317561,2025-09-17 14:04:22,2025-09-17 11:04:22,40 km al E de Camiña,-19.343,-69.046,5.0,2.7,Ml
317574,2025-09-17 17:19:27,2025-09-17 14:19:27,145 km al O de Bahía Mansa,-40.073,-75.309,22.0,3.3,Ml
317579,2025-09-17 18:04:28,2025-09-17 15:04:28,38 km al NE de Mina Los Pelambres,-31.559,-70.338,137.0,4.3,Ml
317582,2025-09-17 18:08:36,2025-09-17 15:08:36,26 km al SO de Mina Collahuasi,-20.961,-68.865,101.0,2.6,Ml
317583,2025-09-17 18:27:57,2025-09-17 15:27:57,22 km al E de Antuco,-37.408,-71.452,6.0,2.9,Ml
317592,2025-09-17 18:48:14,2025-09-17 15:48:14,73 km al O de San Antonio de los Cobres,-24.346,-67.03,235.0,3.2,Ml
317594,2025-09-17 19:06:48,2025-09-17 16:06:48,28 km al O de Punitaqui,-30.907,-71.538,76.0,3.3,Ml
317601,2025-09-17 19:44:43,2025-09-17 16:44:43,39 km al NO de Mina Collahuasi,-20.584,-68.927,98.0,2.5,Ml
317607,2025-09-17 20:38:08,2025-09-17 17:38:08,77 km al S de Socaire,-24.283,-67.952,238.0,2.6,Ml
317610,2025-09-17 20:57:52,2025-09-17 17:57:52,68 km al NE de Los Andes,-32.547,-69.954,122.0,2.9,Ml
317629,2025-09-17 23:09:15,2025-09-17 20:09:15,40 km al O de Ollagüe,-21.26,-68.634,121.0,2.5,Ml
317641,2025-09-18 01:35:40,2025-09-17 22:35:40,25 km al SO de Visviri,-17.715,-69.686,170.0,3.3,Ml
317644,2025-09-18 01:57:16,2025-09-17 22:57:16,44 km al S de Socaire,-23.977,-67.782,268.0,3.0,Ml
317649,2025-09-18 02:39:16,2025-09-17 23:39:16,74 km al SE de Socaire,-24.17,-67.527,204.0,2.9,Ml
317663,2025-09-18 05:02:31,2025-09-18 02:02:31,30 km al SO de Ollagüe,-21.474,-68.369,126.0,2.5,Ml
317664,2025-09-18 05:07:42,2025-09-18 02:07:42,19 km al N de Mina La Escondida,-24.105,-69.027,95.0,3.0,Ml
317672,2025-09-18 06:27:41,2025-09-18 03:27:41,37 km al SE de Pica,-20.753,-69.109,100.0,2.7,Ml
317686,2025-09-18 09:36:00,2025-09-18 06:36:00,68 km al NE de Mina La Escondida,-23.762,-68.676,18.0,2.7,Ml
317694,2025-09-18 11:56:24,2025-09-18 08:56:24,26 km al N de Canela Baja,-31.169,-71.445,55.0,2.9,Ml
317697,2025-09-18 12:43:41,2025-09-18 09:43:41,33 km al SE de Pica,-20.753,-69.192,110.0,3.0,Ml
317698,2025-09-18 12:50:32,2025-09-18 09:50:32,30 km al S de Mina Collahuasi,-21.093,-68.671,137.0,3.0,Ml
317707,2025-09-18 14:32:46,2025-09-18 11:32:46,20 km al SO de Pichidangui,-32.264,-71.676,23.0,2.9,Ml
317714,2025-09-18 15:31:15,2025-09-18 12:31:15,120 km al E de Copiapó,-27.526,-69.134,137.0,2.6,Ml
317719,2025-09-18 15:51:09,2025-09-18 12:51:09,28 km al E de Paihuano,-30.029,-70.227,108.0,2.8,Ml
317720,2025-09-18 16:07:48,2025-09-18 13:07:48,20 km al SO de Pichidangui,-32.259,-71.691,36.0,2.9,Ml
317722,2025-09-18 16:27:29,2025-09-18 13:27:29,77 km al SE de Socaire,-24.115,-67.402,206.0,2.6,Ml
317723,2025-09-18 16:43:34,2025-09-18 13:43:34,40 km al E de Camiña,-19.341,-69.046,8.0,3.6,Ml
317728,2025-09-18 17:12:09,2025-09-18 14:12:09,26 km al SE de Mina La Escondida,-24.476,-68.934,82.0,2.7,Ml
317730,2025-09-18 17:14:07,2025-09-18 14:14:07,95 km al SE de Socaire,-24.358,-67.475,193.0,3.7,Ml
317738,2025-09-18 18:03:20,2025-09-18 15:03:20,63 km al O de Mendoza,-32.872,-69.508,142.0,4.6,Mw
317739,2025-09-18 18:08:48,2025-09-18 15:08:48,14 km al E de Alto del Carmen,-28.778,-70.339,106.0,3.3,Ml
317744,2025-09-18 18:28:58,2025-09-18 15:28:58,80 km al E de Socaire,-23.836,-67.154,235.0,3.1,Ml
317750,2025-09-18 19:03:04,2025-09-18 16:03:04,68 km al SO de Ollagüe,-21.759,-68.578,120.0,2.9,Ml
317761,2025-09-18 20:05:21,2025-09-18 17:05:21,73 km al N de Calama,-21.853,-68.687,130.0,2.5,Ml
317794,2025-09-19 01:15:32,2025-09-18 22:15:32,75 km al S de Socaire,-24.263,-67.825,261.0,3.0,Ml
317816,2025-09-19 04:41:25,2025-09-19 01:41:25,69 km al S de Socaire,-24.184,-68.075,237.0,3.3,Ml
317817,2025-09-19 04:55:57,2025-09-19 01:55:57,29 km al NE de Pica,-20.253,-69.226,97.0,5.7,Mw
317821,2025-09-19 05:21:31,2025-09-19 02:21:31,30 km al N de Pica,-20.232,-69.241,97.0,3.2,Ml
317828,2025-09-19 06:17:37,2025-09-19 03:17:37,22 km al SE de Tacna,-18.206,-70.167,91.0,3.2,Ml
317833,2025-09-19 06:34:44,2025-09-19 03:34:44,59 km al SO de Socaire,-24.076,-68.114,262.0,3.5,Ml
317837,2025-09-19 06:53:17,2025-09-19 03:53:17,32 km al N de Pica,-20.22,-69.234,94.0,3.5,Ml
317841,2025-09-19 07:01:14,2025-09-19 04:01:14,112 km al NO de Bahía Mansa,-40.047,-74.845,18.0,2.6,Ml
317860,2025-09-19 09:09:28,2025-09-19 06:09:28,152 km al O de Lebu,-37.99,-75.313,30.0,3.1,Ml
317858,2025-09-19 09:25:05,2025-09-19 06:25:05,76 km al N de Calama,-21.802,-68.786,126.0,2.6,Ml
317863,2025-09-19 09:39:01,2025-09-19 06:39:01,101 km al E de Alto del Carmen,-28.377,-69.55,129.0,4.4,Mw
317867,2025-09-19 10:14:38,2025-09-19 07:14:38,23 km al E de Pozo Almonte,-20.255,-69.567,53.0,2.6,Ml
317877,2025-09-19 10:36:28,2025-09-19 07:36:28,88 km al SE de Paihuano,-30.427,-69.729,120.0,3.8,Ml
317880,2025-09-19 10:55:27,2025-09-19 07:55:27,25 km al SO de Mina Collahuasi,-20.972,-68.842,103.0,2.5,Ml
317883,2025-09-19 11:28:54,2025-09-19 08:28:54,44 km al O de Valparaíso,-33.061,-72.087,22.0,3.0,Ml
317889,2025-09-19 13:03:17,2025-09-19 10:03:17,51 km al O de Lebu,-37.729,-74.214,37.0,3.3,Ml
317900,2025-09-19 15:02:18,2025-09-19 12:02:18,6 km al N de Melipilla,-33.628,-71.204,68.0,3.1,Ml
317914,2025-09-19 16:14:40,2025-09-19 13:14:40,100 km al E de Socaire,-23.402,-66.927,265.0,3.4,Ml
317918,2025-09-19 16:57:49,2025-09-19 13:57:49,39 km al E de Carrizal Bajo,-28.08,-70.748,59.0,3.5,Ml
317931,2025-09-19 17:40:46,2025-09-19 14:40:46,55 km al SE de Camiña,-19.765,-69.215,96.0,2.7,Ml
317940,2025-09-19 18:35:27,2025-09-19 15:35:27,31 km al E de Tocopilla,-22.206,-69.929,47.0,3.0,Ml
317963,2025-09-19 23:04:22,2025-09-19 20:04:22,120 km al NO de Constitución,-34.721,-73.505,31.0,2.9,Ml
317968,2025-09-20 00:11:18,2025-09-19 21:11:18,32 km al E de Pica,-20.46,-69.02,104.0,2.6,Ml
317972,2025-09-20 01:00:57,2025-09-19 22:00:57,41 km al SE de Putre,-18.47,-69.295,123.0,3.2,Ml
317976,2025-09-20 01:35:10,2025-09-19 22:35:10,42 km al SE de Calama,-22.779,-68.691,103.0,3.9,Ml
317982,2025-09-20 02:24:34,2025-09-19 23:24:34,63 km al S de Socaire,-24.127,-67.701,266.0,3.7,Ml
318000,2025-09-20 07:29:20,2025-09-20 04:29:20,16 km al NO de Andacollo,-30.141,-71.215,76.0,2.8,Ml
318002,2025-09-20 07:37:16,2025-09-20 04:37:16,13 km al N de Ovalle,-30.488,-71.248,60.0,2.9,Ml
318004,2025-09-20 08:46:29,2025-09-20 05:46:29,30 km al N de Vicuña,-29.779,-70.805,102.0,3.1,Ml
318007,2025-09-20 08:54:51,2025-09-20 05:54:51,28 km al NO de Camiña,-19.204,-69.669,88.0,2.8,Ml
318015,2025-09-20 10:26:35,2025-09-20 07:26:35,20 km al NO de Mina Collahuasi,-20.721,-68.808,92.0,2.8,Ml
318022,2025-09-20 11:37:53,2025-09-20 08:37:53,5 km al SO de Ovalle,-30.624,-71.249,51.0,3.5,Ml
318035,2025-09-20 14:41:40,2025-09-20 11:41:40,53 km al SO de Ollagüe,-21.525,-68.649,111.0,2.7,Ml
318047,2025-09-20 15:41:49,2025-09-20 12:41:49,67 km al SO de San Pedro de Atacama,-23.409,-68.578,102.0,4.5,Mw
318054,2025-09-20 16:39:36,2025-09-20 13:39:36,47 km al O de San Pedro de Atacama,-22.952,-68.657,88.0,2.9,Ml
318095,2025-09-20 20:20:02,2025-09-20 17:20:02,54 km al S de Sierra Gorda,-23.376,-69.263,96.0,2.6,Ml
318101,2025-09-20 21:06:05,2025-09-20 18:06:05,18 km al E de Vallenar,-28.574,-70.577,65.0,2.6,Ml
318104,2025-09-20 21:42:49,2025-09-20 18:42:49,25 km al E de Curicó,-35.037,-70.97,86.0,2.5,Ml
318108,2025-09-20 23:23:52,2025-09-20 20:23:52,40 km al E de Camiña,-19.342,-69.047,9.0,4.1,Ml
318112,2025-09-21 00:11:20,2025-09-20 21:11:20,10 km al O de Punitaqui,-30.862,-71.352,55.0,3.0,Ml
318114,2025-09-21 00:26:57,2025-09-20 21:26:57,46 km al N de Mejillones,-22.696,-70.533,45.0,3.3,Ml
318565,2025-09-21 00:56:08,2025-09-20 21:56:08,40 km al E de Camiña,-19.353,-69.048,7.0,2.8,Ml
318563,2025-09-21 01:32:09,2025-09-20 22:32:09,41 km al E de Camiña,-19.345,-69.038,8.0,2.9,Ml
318125,2025-09-21 02:39:29,2025-09-20 23:39:29,64 km al N de Calama,-21.909,-68.787,111.0,2.5,Ml
318129,2025-09-21 03:00:18,2025-09-21 00:00:18,87 km al O de Iquique,-20.14,-70.981,49.0,2.7,Ml
318145,2025-09-21 04:04:27,2025-09-21 01:04:27,19 km al N de La Serena,-29.73,-71.227,50.0,2.9,Ml
318560,2025-09-21 05:05:47,2025-09-21 02:05:47,40 km al E de Camiña,-19.352,-69.047,7.0,2.6,Ml
318559,2025-09-21 05:07:15,2025-09-21 02:07:15,40 km al E de Camiña,-19.352,-69.044,7.0,3.4,Ml
318925,2025-09-21 05:07:47,2025-09-21 02:07:47,39 km al E de Camiña,-19.345,-69.057,4.0,3.0,Ml
318155,2025-09-21 05:30:43,2025-09-21 02:30:43,42 km al N de Punta de Choros,-28.879,-71.371,40.0,3.0,Ml
318557,2025-09-21 06:49:41,2025-09-21 03:49:41,40 km al E de Camiña,-19.353,-69.049,7.0,2.5,Ml
318161,2025-09-21 07:21:32,2025-09-21 04:21:32,47 km al SO de Pica,-20.881,-69.505,84.0,3.6,Ml
318163,2025-09-21 07:25:59,2025-09-21 04:25:59,51 km al SE de Patache,-21.186,-69.927,38.0,2.7,Ml
318166,2025-09-21 07:50:56,2025-09-21 04:50:56,19 km al O de Vichuquén,-34.882,-72.2,42.0,2.6,Ml
318176,2025-09-21 09:20:57,2025-09-21 06:20:57,29 km al NO de Petorca,-32.062,-71.145,61.0,3.5,Ml
318181,2025-09-21 09:49:14,2025-09-21 06:49:14,50 km al NO de Mina Collahuasi,-20.405,-68.835,118.0,3.4,Ml
318199,2025-09-21 11:54:59,2025-09-21 08:54:59,59 km al NE de Calama,-21.975,-68.719,110.0,2.5,Ml
318204,2025-09-21 12:49:27,2025-09-21 09:49:27,37 km al SO de Mina Collahuasi,-21.099,-68.864,111.0,2.6,Ml
318208,2025-09-21 14:18:20,2025-09-21 11:18:20,70 km al E de Socaire,-23.762,-67.231,210.0,3.8,Ml
318210,2025-09-21 14:27:52,2025-09-21 11:27:52,15 km al O de Quillota,-32.938,-71.397,62.0,2.9,Ml
318229,2025-09-21 17:19:39,2025-09-21 14:19:39,19 km al N de Punta de Choros,-29.077,-71.476,49.0,3.3,Ml
318240,2025-09-21 18:11:15,2025-09-21 15:11:15,59 km al S de Sierra Gorda,-23.415,-69.251,88.0,3.1,Ml
318245,2025-09-21 18:35:32,2025-09-21 15:35:32,37 km al SO de Mina Collahuasi,-21.027,-68.948,102.0,2.6,Ml
318247,2025-09-21 19:16:35,2025-09-21 16:16:35,49 km al O de El Tabo,-33.418,-72.192,25.0,3.0,Ml
318258,2025-09-21 20:38:04,2025-09-21 17:38:04,67 km al S de Socaire,-24.179,-67.778,178.0,3.3,Ml
318267,2025-09-21 22:34:37,2025-09-21 19:34:37,15 km al NO de Camiña,-19.199,-69.502,112.0,3.3,Ml
318552,2025-09-22 02:40:12,2025-09-21 23:40:12,41 km al E de Camiña,-19.346,-69.038,8.0,2.6,Ml
318551,2025-09-22 04:13:41,2025-09-22 01:13:41,39 km al E de Camiña,-19.35,-69.053,7.0,2.8,Ml
318300,2025-09-22 05:16:02,2025-09-22 02:16:02,87 km al O de San Antonio de los Cobres,-24.012,-67.143,238.0,4.3,Ml
318316,2025-09-22 08:01:18,2025-09-22 05:01:18,26 km al O de Ollagüe,-21.317,-68.484,136.0,3.3,Ml
318317,2025-09-22 08:05:33,2025-09-22 05:05:33,42 km al SO de Socaire,-23.919,-68.085,138.0,3.5,Ml
318337,2025-09-22 12:43:45,2025-09-22 09:43:45,36 km al E de Camiña,-19.389,-69.095,103.0,3.0,Ml
318344,2025-09-22 13:50:20,2025-09-22 10:50:20,31 km al S de Taltal,-25.672,-70.387,65.0,3.1,Ml
318353,2025-09-22 16:01:13,2025-09-22 13:01:13,23 km al N de La Higuera,-29.306,-71.232,47.0,4.5,Mw
318357,2025-09-22 16:50:45,2025-09-22 13:50:45,74 km al SE de Socaire,-24.004,-67.321,156.0,4.2,Ml
318358,2025-09-22 17:31:27,2025-09-22 14:31:27,68 km al S de Copiapó,-27.94,-70.1,100.0,3.3,Ml
318360,2025-09-22 17:37:37,2025-09-22 14:37:37,17 km al SE de Punta de Choros,-29.322,-71.316,43.0,2.6,Ml
318372,2025-09-22 19:34:34,2025-09-22 16:34:34,81 km al NO de Chañaral,-25.844,-71.213,55.0,3.0,Ml
318380,2025-09-22 21:02:59,2025-09-22 18:02:59,53 km al NE de Calama,-22.028,-68.734,138.0,2.5,Ml
318382,2025-09-22 21:29:13,2025-09-22 18:29:13,29 km al SE de Camiña,-19.548,-69.314,112.0,4.1,Ml
318391,2025-09-22 23:16:17,2025-09-22 20:16:17,62 km al SE de Socaire,-24.078,-67.588,194.0,4.0,Ml
318410,2025-09-23 02:53:13,2025-09-22 23:53:13,89 km al SE de Socaire,-24.304,-67.501,198.0,3.7,Ml
318414,2025-09-23 03:36:45,2025-09-23 00:36:45,136 km al O de Bahía Mansa,-40.226,-75.269,26.0,5.1,Mw
318423,2025-09-23 05:25:30,2025-09-23 02:25:30,27 km al SO de Paposo,-25.144,-70.691,47.0,3.6,Ml
318446,2025-09-23 09:15:47,2025-09-23 06:15:47,64 km al E de Rancagua,-34.393,-70.1,7.0,2.6,Ml
318466,2025-09-23 14:10:35,2025-09-23 11:10:35,26 km al NO de Quintero,-32.607,-71.712,42.0,3.1,Ml
318477,2025-09-23 16:30:20,2025-09-23 13:30:20,48 km al SO de Mina Collahuasi,-21.17,-68.936,102.0,2.8,Ml
318476,2025-09-23 16:31:02,2025-09-23 13:31:02,26 km al NE de Sierra Gorda,-22.787,-69.095,84.0,4.4,Mw
318484,2025-09-23 17:26:26,2025-09-23 14:26:26,78 km al O de Pichidangui,-32.195,-72.36,36.0,2.8,Ml
318490,2025-09-23 17:54:51,2025-09-23 14:54:51,79 km al E de Mina La Escondida,-24.452,-68.298,177.0,3.5,Ml
318496,2025-09-23 18:25:34,2025-09-23 15:25:34,248 km al S de Puerto Williams,-57.15,-67.19,10.0,3.7,Ml
318505,2025-09-23 18:49:20,2025-09-23 15:49:20,21 km al E de Antofagasta,-23.692,-70.189,55.0,3.7,Ml
318519,2025-09-23 22:26:24,2025-09-23 19:26:24,32 km al N de Pica,-20.2,-69.297,92.0,2.9,Ml
318521,2025-09-23 23:09:06,2025-09-23 20:09:06,20 km al S de Canela Baja,-31.579,-71.428,84.0,3.1,Ml
318523,2025-09-23 23:16:06,2025-09-23 20:16:06,170 km al S de Puerto Williams,-56.43,-68.16,10.0,2.6,Ml
318528,2025-09-24 00:54:55,2025-09-23 21:54:55,93 km al E de Linares,-36.137,-70.631,8.0,2.5,Ml
318534,2025-09-24 01:58:11,2025-09-23 22:58:11,41 km al SO de Puerto Aguirre,-45.392,-73.937,57.0,3.0,Ml
318540,2025-09-24 02:44:53,2025-09-23 23:44:53,69 km al S de Ilo,-18.262,-71.346,41.0,2.5,Ml
318542,2025-09-24 02:47:32,2025-09-23 23:47:32,134 km al O de El Tabo,-33.241,-73.089,31.0,3.8,Ml
318553,2025-09-24 03:54:31,2025-09-24 00:54:31,31 km al E de Sierra Gorda,-22.93,-69.023,98.0,2.6,Ml
318573,2025-09-24 04:57:00,2025-09-24 01:57:00,61 km al N de Mina La Escondida,-23.723,-69.128,94.0,5.1,Mw
318575,2025-09-24 05:06:22,2025-09-24 02:06:22,42 km al N de Calama,-22.099,-68.982,106.0,4.8,Mw
318581,2025-09-24 05:28:36,2025-09-24 02:28:36,49 km al E de Los Andes,-32.661,-70.112,130.0,2.8,Ml
318590,2025-09-24 07:12:44,2025-09-24 04:12:44,44 km al N de Pica,-20.102,-69.227,92.0,2.5,Ml
318593,2025-09-24 08:07:35,2025-09-24 05:07:35,38 km al O de Ollagüe,-21.168,-68.614,129.0,3.3,Ml
318595,2025-09-24 08:22:24,2025-09-24 05:22:24,4 km al SO de Parque Fray Jorge,-30.693,-71.698,33.0,3.1,Ml
318598,2025-09-24 08:33:59,2025-09-24 05:33:59,102 km al E de Paihuano,-30.266,-69.495,4.0,2.6,Ml
318608,2025-09-24 09:42:47,2025-09-24 06:42:47,90 km al NE de Mina Los Pelambres,-31.463,-69.735,153.0,2.8,Ml
318614,2025-09-24 11:08:13,2025-09-24 08:08:13,36 km al O de Punta de Choros,-29.318,-71.826,55.0,2.6,Ml
318617,2025-09-24 11:32:29,2025-09-24 08:32:29,62 km al O de Caldera,-27.048,-71.449,37.0,3.8,Ml
318624,2025-09-24 12:15:38,2025-09-24 09:15:38,42 km al N de Calama,-22.09,-68.968,111.0,4.3,Ml
318629,2025-09-24 15:15:37,2025-09-24 12:15:37,55 km al SO de Ollagüe,-21.645,-68.529,129.0,3.7,Ml
318635,2025-09-24 15:33:17,2025-09-24 12:33:17,29 km al E de Calama,-22.56,-68.668,135.0,2.7,Ml
318640,2025-09-24 15:59:55,2025-09-24 12:59:55,49 km al O de El Tabo,-33.401,-72.19,40.0,2.7,Ml
318644,2025-09-24 16:22:37,2025-09-24 13:22:37,29 km al NE de Antofagasta,-23.539,-70.136,55.0,4.1,Ml
318650,2025-09-24 16:44:53,2025-09-24 13:44:53,100 km al E de Copiapó,-27.593,-69.348,105.0,3.3,Ml
318651,2025-09-24 16:58:29,2025-09-24 13:58:29,42 km al O de Paposo,-25.049,-70.883,55.0,2.7,Ml
318652,2025-09-24 17:03:34,2025-09-24 14:03:34,108 km al E de Caleta Meteoro,-52.81,-72.46,10.0,3.2,Ml
318663,2025-09-24 18:09:31,2025-09-24 15:09:31,44 km al NE de Socaire,-23.296,-67.6,290.0,3.1,Ml
318666,2025-09-24 19:00:49,2025-09-24 16:00:49,54 km al E de Sierra Gorda,-23.083,-68.836,99.0,2.8,Ml
318669,2025-09-24 19:48:25,2025-09-24 16:48:25,46 km al S de Mina Collahuasi,-21.23,-68.758,112.0,2.5,Ml
318673,2025-09-24 19:51:02,2025-09-24 16:51:02,21 km al S de Pozo Almonte,-20.449,-69.773,62.0,3.3,Ml
318682,2025-09-24 21:09:53,2025-09-24 18:09:53,125 km al NE de Socaire,-23.067,-66.811,245.0,2.9,Ml
318684,2025-09-24 22:12:27,2025-09-24 19:12:27,53 km al SE de Caleta El Cobre,-24.543,-70.11,73.0,3.8,Ml
318688,2025-09-24 22:17:16,2025-09-24 19:17:16,46 km al SO de Mina Collahuasi,-21.196,-68.851,120.0,2.5,Ml
318697,2025-09-24 23:23:40,2025-09-24 20:23:40,30 km al E de Pichidangui,-32.116,-71.214,63.0,3.7,Ml
318712,2025-09-25 00:53:46,2025-09-24 21:53:46,66 km al NE de San Pedro de Atacama,-22.434,-67.826,184.0,2.6,Ml
318718,2025-09-25 01:43:49,2025-09-24 22:43:49,35 km al E de Mina Los Pelambres,-31.951,-70.243,134.0,2.8,Ml
318724,2025-09-25 02:43:33,2025-09-24 23:43:33,58 km al NO de San Antonio de los Cobres,-23.857,-66.72,199.0,3.3,Ml
318727,2025-09-25 03:08:40,2025-09-25 00:08:40,55 km al N de Paihuano,-29.536,-70.595,114.0,3.1,Ml
318729,2025-09-25 03:27:34,2025-09-25 00:27:34,64 km al SE de Socaire,-23.978,-67.427,255.0,3.2,Ml
318739,2025-09-25 05:01:21,2025-09-25 02:01:21,66 km al NE de Calama,-21.973,-68.579,136.0,3.1,Ml
318748,2025-09-25 05:40:46,2025-09-25 02:40:46,26 km al O de Quillagua,-21.608,-69.781,63.0,3.3,Ml
318750,2025-09-25 06:04:58,2025-09-25 03:04:58,58 km al N de Calama,-21.966,-68.804,119.0,2.9,Ml
318754,2025-09-25 06:17:36,2025-09-25 03:17:36,48 km al O de Pichilemu,-34.346,-72.534,42.0,3.3,Ml
318762,2025-09-25 07:05:03,2025-09-25 04:05:03,122 km al E de Linares,-36.105,-70.276,185.0,3.4,Ml
318765,2025-09-25 07:34:36,2025-09-25 04:34:36,7 km al N de Ollagüe,-21.165,-68.271,171.0,2.8,Ml
318775,2025-09-25 08:46:35,2025-09-25 05:46:35,48 km al N de Calama,-22.042,-68.943,133.0,2.8,Ml
318782,2025-09-25 09:10:52,2025-09-25 06:10:52,45 km al S de Socaire,-23.989,-67.842,240.0,3.1,Ml
318784,2025-09-25 09:16:43,2025-09-25 06:16:43,21 km al E de Ollagüe,-21.214,-68.054,153.0,2.8,Ml
318788,2025-09-25 09:24:59,2025-09-25 06:24:59,47 km al SE de Socaire,-23.854,-67.526,170.0,3.1,Ml
318791,2025-09-25 09:46:18,2025-09-25 06:46:18,60 km al SO de Ollagüe,-21.671,-68.584,108.0,2.9,Ml
318795,2025-09-25 10:20:09,2025-09-25 07:20:09,38 km al E de Punta de Choros,-29.147,-71.09,59.0,3.8,Ml
318797,2025-09-25 10:48:14,2025-09-25 07:48:14,56 km al S de Colchane,-19.763,-68.759,119.0,3.1,Ml
318802,2025-09-25 11:32:36,2025-09-25 08:32:36,26 km al NE de Alto del Carmen,-28.551,-70.376,82.0,2.6,Ml
318806,2025-09-25 13:28:29,2025-09-25 10:28:29,94 km al E de Paposo,-25.197,-69.556,96.0,3.3,Ml
318816,2025-09-25 14:40:54,2025-09-25 11:40:54,53 km al SE de Socaire,-23.929,-67.528,277.0,3.4,Ml
318817,2025-09-25 14:57:58,2025-09-25 11:57:58,42 km al SE de Pica,-20.797,-69.089,112.0,2.5,Ml
318821,2025-09-25 15:15:16,2025-09-25 12:15:16,26 km al NO de Carrizal Bajo,-27.865,-71.25,31.0,2.7,Ml
318836,2025-09-25 17:02:34,2025-09-25 14:02:34,19 km al S de Mina Collahuasi,-20.996,-68.704,122.0,2.5,Ml
318845,2025-09-25 18:11:44,2025-09-25 15:11:44,25 km al SE de Camiña,-19.509,-69.305,105.0,5.4,Mw
318849,2025-09-25 18:53:52,2025-09-25 15:53:52,24 km al SE de Camiña,-19.474,-69.269,100.0,2.8,Ml
318852,2025-09-25 18:56:56,2025-09-25 15:56:56,25 km al SE de Camiña,-19.472,-69.258,103.0,3.0,Ml
318856,2025-09-25 19:24:51,2025-09-25 16:24:51,25 km al SE de Camiña,-19.485,-69.276,103.0,2.8,Ml
318858,2025-09-25 19:28:00,2025-09-25 16:28:00,23 km al NO de Los Vilos,-31.722,-71.606,35.0,4.1,Ml
318865,2025-09-25 20:46:02,2025-09-25 17:46:02,54 km al S de Socaire,-24.049,-67.733,271.0,3.4,Ml
318869,2025-09-25 20:48:02,2025-09-25 17:48:02,37 km al S de Mina Collahuasi,-21.151,-68.731,119.0,3.1,Ml
318871,2025-09-25 21:06:50,2025-09-25 18:06:50,38 km al SE de San Pedro de Atacama,-23.13,-67.91,160.0,4.3,Mw
318891,2025-09-26 01:05:20,2025-09-25 22:05:20,89 km al E de Socaire,-23.354,-67.053,243.0,4.0,Ml
318894,2025-09-26 01:10:51,2025-09-25 22:10:51,42 km al E de Mina Los Pelambres,-31.988,-70.182,131.0,2.5,Ml
318898,2025-09-26 01:26:51,2025-09-25 22:26:51,30 km al NO de Quintero,-32.572,-71.731,36.0,3.6,Ml
318902,2025-09-26 02:15:52,2025-09-25 23:15:52,25 km al S de Camiña,-19.528,-69.487,98.0,2.5,Ml
318909,2025-09-26 02:46:27,2025-09-25 23:46:27,14 km al S de Calama,-22.6,-68.921,109.0,2.5,Ml
318916,2025-09-26 03:12:22,2025-09-26 00:12:22,19 km al S de Camiña,-19.48,-69.379,98.0,3.2,Ml
318917,2025-09-26 03:19:47,2025-09-26 00:19:47,26 km al SE de Camiña,-19.491,-69.273,105.0,2.5,Ml
318926,2025-09-26 04:56:25,2025-09-26 01:56:25,70 km al NE de Mina Los Pelambres,-31.281,-70.211,124.0,2.9,Ml
318946,2025-09-26 06:22:15,2025-09-26 03:22:15,71 km al E de Mina Los Pelambres,-31.712,-69.842,157.0,2.9,Ml
318948,2025-09-26 07:10:21,2025-09-26 04:10:21,41 km al SO de Mina Collahuasi,-21.137,-68.871,119.0,2.7,Ml
318965,2025-09-26 09:05:10,2025-09-26 06:05:10,25 km al NO de Colina,-33.019,-70.834,84.0,2.7,Ml
318967,2025-09-26 09:09:33,2025-09-26 06:09:33,16 km al SO de Pichidangui,-32.26,-71.625,63.0,2.9,Ml
318971,2025-09-26 09:47:02,2025-09-26 06:47:02,60 km al E de Ollagüe,-21.224,-67.679,192.0,3.4,Ml
318979,2025-09-26 10:00:11,2025-09-26 07:00:11,31 km al S de Melipilla,-33.963,-71.215,72.0,2.8,Ml
318987,2025-09-26 11:14:53,2025-09-26 08:14:53,72 km al NE de Calama,-21.876,-68.657,118.0,2.6,Ml
318989,2025-09-26 11:17:01,2025-09-26 08:17:01,55 km al S de Camiña,-19.806,-69.344,103.0,2.7,Ml
318993,2025-09-26 12:05:27,2025-09-26 09:05:27,25 km al N de Paihuano,-29.802,-70.494,95.0,2.7,Ml
318996,2025-09-26 13:43:46,2025-09-26 10:43:46,77 km al S de Socaire,-24.284,-67.921,235.0,3.5,Ml
318997,2025-09-26 14:29:46,2025-09-26 11:29:46,39 km al E de Camiña,-19.358,-69.056,3.0,3.4,Ml
319004,2025-09-26 14:47:03,2025-09-26 11:47:03,50 km al N de Tocopilla,-21.658,-70.088,77.0,2.5,Ml
319013,2025-09-26 16:11:18,2025-09-26 13:11:18,51 km al NE de Socaire,-23.323,-67.488,262.0,2.9,Ml
319040,2025-09-26 16:18:23,2025-09-26 13:18:23,34 km al E de Copiapó,-27.378,-69.991,95.0,3.0,Ml
319017,2025-09-26 16:36:07,2025-09-26 13:36:07,36 km al S de Patache,-21.13,-70.165,38.0,3.3,Ml
319021,2025-09-26 17:04:10,2025-09-26 14:04:10,35 km al S de Patache,-21.124,-70.175,43.0,2.5,Ml
319036,2025-09-26 17:56:35,2025-09-26 14:56:35,65 km al N de Mina La Escondida,-23.7,-68.904,96.0,2.9,Ml
319044,2025-09-26 18:48:57,2025-09-26 15:48:57,77 km al NO de Cobquecura,-35.743,-73.502,10.0,3.0,Ml
319068,2025-09-26 19:22:11,2025-09-26 16:22:11,75 km al NE de Socaire,-23.139,-67.341,248.0,2.5,Ml
319064,2025-09-26 21:51:45,2025-09-26 18:51:45,64 km al NE de San Pedro de Atacama,-22.398,-67.948,218.0,2.8,Ml
319061,2025-09-26 22:14:20,2025-09-26 19:14:20,43 km al NE de Carrizal Bajo,-27.719,-70.995,48.0,2.7,Ml
319062,2025-09-26 22:21:47,2025-09-26 19:21:47,10 km al NE de Parque Fray Jorge,-30.585,-71.639,31.0,3.3,Ml
319149,2025-09-27 00:35:54,2025-09-26 21:35:54,39 km al SE de Putre,-18.518,-69.405,122.0,2.6,Ml
319077,2025-09-27 00:44:23,2025-09-26 21:44:23,107 km al S de Ilo,-18.604,-71.381,13.0,3.6,Ml
319094,2025-09-27 03:31:50,2025-09-27 00:31:50,29 km al NE de Arica,-18.314,-70.108,101.0,3.5,Ml
319099,2025-09-27 04:08:17,2025-09-27 01:08:17,84 km al NE de Socaire,-23.205,-67.178,232.0,2.5,Ml
319106,2025-09-27 05:06:37,2025-09-27 02:06:37,59 km al NE de Los Andes,-32.54,-70.073,105.0,2.6,Ml
319107,2025-09-27 05:12:59,2025-09-27 02:12:59,62 km al NE de Socaire,-23.298,-67.372,265.0,3.6,Ml
319110,2025-09-27 05:32:37,2025-09-27 02:32:37,24 km al E de Socaire,-23.581,-67.652,266.0,2.6,Ml
319114,2025-09-27 06:03:14,2025-09-27 03:03:14,6 km al NE de Putre,-18.17,-69.511,122.0,2.5,Ml
319119,2025-09-27 07:00:21,2025-09-27 04:00:21,44 km al O de Iquique,-20.349,-70.552,40.0,3.4,Ml
319127,2025-09-27 07:47:32,2025-09-27 04:47:32,35 km al S de Mina Collahuasi,-21.134,-68.728,120.0,4.0,Ml
319131,2025-09-27 08:30:39,2025-09-27 05:30:39,47 km al E de Farellones,-33.341,-69.803,9.0,2.5,Ml
319136,2025-09-27 09:05:46,2025-09-27 06:05:46,91 km al O de San Antonio de los Cobres,-24.323,-67.213,205.0,3.5,Ml
319143,2025-09-27 10:05:28,2025-09-27 07:05:28,25 km al NO de Mina Collahuasi,-20.719,-68.868,116.0,2.7,Ml
319148,2025-09-27 10:33:41,2025-09-27 07:33:41,38 km al SE de Sierra Gorda,-23.036,-68.988,78.0,2.6,Ml
319158,2025-09-27 11:49:21,2025-09-27 08:49:21,48 km al S de Mina Collahuasi,-21.237,-68.802,105.0,2.5,Ml
319159,2025-09-27 12:06:29,2025-09-27 09:06:29,76 km al SO de Ollagüe,-21.862,-68.518,120.0,3.5,Ml
319165,2025-09-27 13:23:51,2025-09-27 10:23:51,14 km al O de Cobquecura,-36.154,-72.947,28.0,3.4,Ml
319167,2025-09-27 13:25:08,2025-09-27 10:25:08,26 km al S de Baquedano,-23.56,-69.792,57.0,2.8,Ml
319171,2025-09-27 15:01:02,2025-09-27 12:01:02,16 km al SE de Pichidangui,-32.232,-71.397,57.0,3.3,Ml
319187,2025-09-27 19:03:01,2025-09-27 16:03:01,25 km al SE de Sierra Gorda,-23.02,-69.121,93.0,2.8,Ml
319212,2025-09-27 23:38:50,2025-09-27 20:38:50,25 km al E de Pica,-20.403,-69.109,89.0,2.8,Ml
319217,2025-09-28 00:55:04,2025-09-27 21:55:04,44 km al E de Talca,-35.402,-71.182,91.0,3.7,Ml
319221,2025-09-28 00:56:42,2025-09-27 21:56:42,34 km al SE de Linares,-36.059,-71.335,105.0,2.9,Ml
319219,2025-09-28 01:05:09,2025-09-27 22:05:09,90 km al NE de San Pedro de Atacama,-22.341,-67.589,202.0,3.5,Ml
319223,2025-09-28 01:16:50,2025-09-27 22:16:50,121 km al O de Constitución,-35.054,-73.704,37.0,3.0,Ml
319233,2025-09-28 02:35:26,2025-09-27 23:35:26,43 km al NE de La Higuera,-29.153,-71.028,65.0,4.2,Ml
319238,2025-09-28 02:59:11,2025-09-27 23:59:11,97 km al NE de San Pedro de Atacama,-22.121,-67.826,225.0,3.4,Ml
319248,2025-09-28 05:25:44,2025-09-28 02:25:44,36 km al S de Mina Collahuasi,-21.15,-68.687,118.0,4.4,Mw
319257,2025-09-28 06:42:35,2025-09-28 03:42:35,34 km al NE de Camiña,-19.143,-69.159,120.0,3.1,Ml
319266,2025-09-28 08:50:15,2025-09-28 05:50:15,54 km al O de El Tabo,-33.251,-72.2,38.0,3.1,Ml
319293,2025-09-28 16:53:54,2025-09-28 13:53:54,46 km al O de Tirúa,-38.486,-73.986,52.0,3.4,Ml
319310,2025-09-28 19:42:45,2025-09-28 16:42:45,16 km al NE de La Ligua,-32.331,-71.131,87.0,3.4,Ml
319317,2025-09-28 20:53:18,2025-09-28 17:53:18,42 km al SO de Camiña,-19.559,-69.728,10.0,4.6,Mw
319324,2025-09-28 21:31:07,2025-09-28 18:31:07,35 km al SO de Pichidangui,-32.327,-71.823,28.0,3.6,Ml
319329,2025-09-28 21:53:27,2025-09-28 18:53:27,19 km al S de Camiña,-19.482,-69.388,101.0,3.3,Ml
319333,2025-09-28 22:43:01,2025-09-28 19:43:01,44 km al E de Punta de Choros,-29.142,-71.033,50.0,2.6,Ml
319340,2025-09-29 00:01:32,2025-09-28 21:01:32,44 km al NE de La Higuera,-29.155,-71.002,63.0,3.3,Ml
319346,2025-09-29 00:48:42,2025-09-28 21:48:42,14 km al SO de San Pedro de Atacama,-23.023,-68.285,140.0,3.0,Ml
319348,2025-09-29 00:58:45,2025-09-28 21:58:45,15 km al E de Parque Fray Jorge,-30.706,-71.529,22.0,3.1,Ml
319352,2025-09-29 01:58:44,2025-09-28 22:58:44,7 km al SE de San Pedro de Atacama,-22.964,-68.154,142.0,4.1,Ml
319358,2025-09-29 03:08:49,2025-09-29 00:08:49,39 km al S de Mina Collahuasi,-21.169,-68.742,113.0,2.5,Ml
319359,2025-09-29 03:16:26,2025-09-29 00:16:26,7 km al O de Colina,-33.204,-70.753,79.0,2.6,Ml
319383,2025-09-29 07:26:27,2025-09-29 04:26:27,28 km al NE de Pica,-20.261,-69.229,94.0,3.3,Ml
319386,2025-09-29 08:15:25,2025-09-29 05:15:25,72 km al S de Ollagüe,-21.831,-68.493,120.0,3.2,Ml
319394,2025-09-29 10:06:45,2025-09-29 07:06:45,35 km al SE de Alto del Carmen,-28.961,-70.207,109.0,4.3,Mw
319404,2025-09-29 12:00:37,2025-09-29 09:00:37,64 km al SE de Socaire,-24.048,-67.502,222.0,4.2,Ml
319407,2025-09-29 12:59:01,2025-09-29 09:59:01,39 km al SO de Mina Collahuasi,-21.017,-68.973,106.0,3.0,Ml
319415,2025-09-29 14:09:11,2025-09-29 11:09:11,32 km al O de Quintero,-32.791,-71.87,24.0,2.8,Ml
319418,2025-09-29 14:48:20,2025-09-29 11:48:20,27 km al O de Quintero,-32.788,-71.814,25.0,2.6,Ml
319436,2025-09-29 17:40:18,2025-09-29 14:40:18,51 km al N de Calama,-22.034,-68.769,104.0,4.1,Ml
319452,2025-09-29 20:09:04,2025-09-29 17:09:04,17 km al SO de Ovalle,-30.67,-71.36,51.0,2.9,Ml
319460,2025-09-29 21:41:59,2025-09-29 18:41:59,30 km al NE de Los Andes,-32.582,-70.488,20.0,3.4,Ml
319468,2025-09-29 23:16:09,2025-09-29 20:16:09,38 km al SO de Mina Collahuasi,-21.036,-68.949,110.0,3.1,Ml
319469,2025-09-29 23:49:32,2025-09-29 20:49:32,43 km al E de Punta de Choros,-29.136,-71.039,57.0,2.9,Ml
319478,2025-09-30 01:19:54,2025-09-29 22:19:54,61 km al NE de Pozo Almonte,-19.932,-69.321,93.0,2.9,Ml
319483,2025-09-30 01:52:37,2025-09-29 22:52:37,44 km al SO de Mina Collahuasi,-21.064,-68.993,113.0,3.0,Ml
319486,2025-09-30 03:17:25,2025-09-30 00:17:25,34 km al NE de Linares,-35.662,-71.3,92.0,2.8,Ml
319488,2025-09-30 03:46:54,2025-09-30 00:46:54,30 km al O de Mina Collahuasi,-20.915,-68.933,108.0,2.8,Ml
319494,2025-09-30 04:00:40,2025-09-30 01:00:40,89 km al SE de Socaire,-24.281,-67.456,203.0,3.5,Ml
319501,2025-09-30 06:23:55,2025-09-30 03:23:55,38 km al E de Camiña,-19.317,-69.068,18.0,2.8,Ml
319503,2025-09-30 06:30:15,2025-09-30 03:30:15,37 km al E de Camiña,-19.339,-69.071,11.0,3.6,Ml
319516,2025-09-30 10:55:29,2025-09-30 07:55:29,49 km al O de Ollagüe,-21.307,-68.717,111.0,3.1,Ml
319522,2025-09-30 12:48:51,2025-09-30 09:48:51,36 km al N de Pica,-20.171,-69.26,111.0,2.6,Ml
319524,2025-09-30 12:57:14,2025-09-30 09:57:14,43 km al SE de Pica,-20.847,-69.159,107.0,3.2,Ml
319530,2025-09-30 14:37:16,2025-09-30 11:37:16,44 km al SE de Pica,-20.853,-69.154,104.0,3.7,Ml
319554,2025-09-30 18:20:37,2025-09-30 15:20:37,66 km al SE de Socaire,-24.107,-67.564,211.0,4.1,Ml
319562,2025-09-30 20:31:06,2025-09-30 17:31:06,65 km al NE de Quillagua,-21.304,-69.03,110.0,4.4,Mw
319575,2025-09-30 23:22:34,2025-09-30 20:22:34,63 km al SE de Socaire,-23.932,-67.397,235.0,3.6,Ml
319587,2025-10-01 04:10:43,2025-10-01 01:10:43,79 km al SE de Socaire,-24.14,-67.4,230.0,3.2,Ml
319595,2025-10-01 05:39:43,2025-10-01 02:39:43,50 km al E de Arica,-18.639,-69.874,89.0,2.9,Ml
319608,2025-10-01 07:49:16,2025-10-01 04:49:16,34 km al NE de Entre Lagos,-40.53,-72.252,11.0,2.6,Ml
319614,2025-10-01 08:27:50,2025-10-01 05:27:50,26 km al N de Quillagua,-21.428,-69.544,26.0,3.1,Ml
319618,2025-10-01 08:40:00,2025-10-01 05:40:00,52 km al SO de San Pedro de Atacama,-23.31,-68.483,102.0,3.0,Ml
319627,2025-10-01 11:12:54,2025-10-01 08:12:54,26 km al NO de Quintero,-32.635,-71.742,40.0,2.7,Ml
319629,2025-10-01 11:26:07,2025-10-01 08:26:07,62 km al NE de Quillagua,-21.393,-69.007,99.0,2.5,Ml
319631,2025-10-01 11:27:58,2025-10-01 08:27:58,16 km al SO de Calama,-22.562,-69.047,81.0,2.7,Ml
319636,2025-10-01 11:53:20,2025-10-01 08:53:20,37 km al NE de Victoria,-37.955,-72.096,84.0,3.5,Ml
319637,2025-10-01 12:11:56,2025-10-01 09:11:56,47 km al SE de Socaire,-23.939,-67.625,263.0,3.2,Ml
319646,2025-10-01 13:42:58,2025-10-01 10:42:58,30 km al O de Termas del Flaco,-34.847,-70.733,116.0,2.8,Ml
319653,2025-10-01 14:46:41,2025-10-01 11:46:41,35 km al O de Ollagüe,-21.139,-68.58,124.0,2.5,Ml
319656,2025-10-01 15:22:29,2025-10-01 12:22:29,13 km al N de Los Ángeles,-37.361,-72.31,64.0,2.8,Ml
319661,2025-10-01 16:08:04,2025-10-01 13:08:04,69 km al SO de Punta de Choros,-29.651,-72.013,35.0,3.4,Ml
319662,2025-10-01 16:16:28,2025-10-01 13:16:28,38 km al NE de Pica,-20.33,-69.009,99.0,3.7,Ml
319668,2025-10-01 16:53:28,2025-10-01 13:53:28,52 km al O de Ollagüe,-21.373,-68.729,119.0,3.4,Ml
319669,2025-10-01 17:06:10,2025-10-01 14:06:10,17 km al E de Termas del Flaco,-34.909,-70.255,151.0,3.4,Ml
319673,2025-10-01 17:37:35,2025-10-01 14:37:35,27 km al NE de Arica,-18.346,-70.104,84.0,3.7,Ml
319679,2025-10-01 18:22:17,2025-10-01 15:22:17,36 km al SE de Pica,-20.785,-69.193,105.0,2.6,Ml
319682,2025-10-01 18:32:47,2025-10-01 15:32:47,77 km al E de Mina La Escondida,-24.329,-68.298,254.0,3.2,Ml
319683,2025-10-01 18:40:37,2025-10-01 15:40:37,68 km al N de Calama,-21.882,-68.757,119.0,2.9,Ml
319690,2025-10-01 19:45:31,2025-10-01 16:45:31,51 km al NE de Calama,-22.218,-68.52,135.0,2.8,Ml
319695,2025-10-01 21:58:12,2025-10-01 18:58:12,24 km al SE de Calama,-22.606,-68.754,105.0,2.5,Ml
319699,2025-10-01 22:13:12,2025-10-01 19:13:12,71 km al E de Mina La Escondida,-24.327,-68.359,259.0,3.4,Ml
319703,2025-10-01 22:33:26,2025-10-01 19:33:26,76 km al SE de Socaire,-23.99,-67.279,234.0,2.5,Ml
319701,2025-10-01 22:38:38,2025-10-01 19:38:38,37 km al E de Tacna,-18.095,-69.906,148.0,2.6,Ml
319710,2025-10-01 22:42:29,2025-10-01 19:42:29,21 km al O de Andacollo,-30.176,-71.289,62.0,2.6,Ml
319708,2025-10-01 22:43:16,2025-10-01 19:43:16,36 km al NO de Socaire,-23.374,-68.158,127.0,2.8,Ml
319713,2025-10-01 23:19:13,2025-10-01 20:19:13,28 km al NO de Baquedano,-23.101,-69.946,55.0,2.6,Ml
319718,2025-10-02 01:53:27,2025-10-01 22:53:27,57 km al S de Socaire,-24.096,-67.965,294.0,3.5,Ml
319722,2025-10-02 02:46:01,2025-10-01 23:46:01,78 km al SO de Ollagüe,-21.755,-68.748,130.0,3.0,Ml
319729,2025-10-02 03:53:02,2025-10-02 00:53:02,25 km al E de Pica,-20.486,-69.087,95.0,2.8,Ml
319731,2025-10-02 04:09:28,2025-10-02 01:09:28,27 km al NE de Termas del Flaco,-34.744,-70.295,137.0,2.9,Ml
319734,2025-10-02 04:13:50,2025-10-02 01:13:50,48 km al N de Calama,-22.052,-68.814,111.0,2.5,Ml
319742,2025-10-02 05:48:03,2025-10-02 02:48:03,15 km al E de Punta de Choros,-29.216,-71.312,61.0,3.5,Ml
319749,2025-10-02 07:57:08,2025-10-02 04:57:08,19 km al O de Mina Collahuasi,-20.86,-68.835,102.0,2.5,Ml
319750,2025-10-02 08:25:03,2025-10-02 05:25:03,97 km al O de Bahía Mansa,-40.417,-74.853,16.0,3.0,Ml
319756,2025-10-02 09:15:29,2025-10-02 06:15:29,20 km al NE de Petorca,-32.096,-70.82,91.0,2.8,Ml
319757,2025-10-02 09:28:30,2025-10-02 06:28:30,44 km al NO de Mina La Escondida,-23.987,-69.355,80.0,2.5,Ml
319761,2025-10-02 09:46:23,2025-10-02 06:46:23,36 km al O de La Serena,-29.915,-71.63,43.0,2.6,Ml
319759,2025-10-02 09:47:01,2025-10-02 06:47:01,104 km al E de Monte Patria,-30.892,-69.898,138.0,3.3,Ml
319763,2025-10-02 10:12:57,2025-10-02 07:12:57,56 km al N de Mejillones,-22.594,-70.429,17.0,2.5,Ml
319765,2025-10-02 10:43:56,2025-10-02 07:43:56,10 km al SO de Parque Fray Jorge,-30.71,-71.77,31.0,5.5,Mw
319773,2025-10-02 11:02:16,2025-10-02 08:02:16,6 km al SO de Parque Fray Jorge,-30.709,-71.715,31.0,2.7,Ml
319771,2025-10-02 11:03:30,2025-10-02 08:03:30,11 km al SO de Parque Fray Jorge,-30.753,-71.727,34.0,3.9,Ml
319775,2025-10-02 11:18:35,2025-10-02 08:18:35,8 km al SE de Parque Fray Jorge,-30.727,-71.646,27.0,2.9,Ml
319782,2025-10-02 12:12:15,2025-10-02 09:12:15,63 km al SO de Mina Collahuasi,-21.266,-69.036,89.0,3.1,Ml
319787,2025-10-02 12:39:48,2025-10-02 09:39:48,35 km al SE de Socaire,-23.876,-67.756,290.0,2.8,Ml
319789,2025-10-02 14:13:48,2025-10-02 11:13:48,53 km al SE de Socaire,-23.835,-67.448,262.0,2.5,Ml
319790,2025-10-02 14:28:24,2025-10-02 11:28:24,6 km al SO de Parque Fray Jorge,-30.713,-71.714,29.0,3.4,Ml
319813,2025-10-02 16:33:23,2025-10-02 13:33:23,28 km al N de Pica,-20.244,-69.287,90.0,2.5,Ml
319826,2025-10-02 17:44:33,2025-10-02 14:44:33,81 km al SE de Socaire,-24.058,-67.286,220.0,3.9,Ml
319830,2025-10-02 18:21:56,2025-10-02 15:21:56,4 km al SO de Parque Fray Jorge,-30.693,-71.707,28.0,2.8,Ml
319847,2025-10-02 18:30:06,2025-10-02 15:30:06,71 km al NE de Calama,-21.952,-68.533,114.0,2.5,Ml
319837,2025-10-02 18:46:24,2025-10-02 15:46:24,64 km al SO de Mina Collahuasi,-21.31,-68.99,110.0,4.2,Ml
319838,2025-10-02 18:55:50,2025-10-02 15:55:50,39 km al E de Talca,-35.498,-71.241,91.0,2.8,Ml
319842,2025-10-02 19:01:55,2025-10-02 16:01:55,43 km al NE de Calama,-22.166,-68.674,117.0,2.5,Ml
319844,2025-10-02 19:07:46,2025-10-02 16:07:46,88 km al O de San Antonio de los Cobres,-24.044,-67.162,212.0,2.5,Ml
319846,2025-10-02 19:26:50,2025-10-02 16:26:50,2 km al NE de Parque Fray Jorge,-30.647,-71.672,29.0,2.9,Ml
319852,2025-10-02 20:12:41,2025-10-02 17:12:41,10 km al NE de San Pedro de Atacama,-22.85,-68.145,123.0,2.9,Ml
319861,2025-10-02 20:26:47,2025-10-02 17:26:47,8 km al S de Parque Fray Jorge,-30.736,-71.687,29.0,2.5,Ml
319859,2025-10-02 20:37:45,2025-10-02 17:37:45,60 km al O de Socaire,-23.509,-68.476,126.0,3.2,Ml
319880,2025-10-03 00:27:46,2025-10-02 21:27:46,39 km al SO de Ollagüe,-21.536,-68.432,138.0,2.7,Ml
319882,2025-10-03 00:44:31,2025-10-02 21:44:31,93 km al NO de Cochrane,-46.477,-73.039,5.0,2.5,Ml
319886,2025-10-03 01:27:56,2025-10-02 22:27:56,41 km al NO de Calama,-22.237,-69.236,100.0,2.9,Ml
319890,2025-10-03 02:25:52,2025-10-02 23:25:52,62 km al NE de Alto del Carmen,-28.336,-70.077,110.0,2.5,Ml
319891,2025-10-03 02:26:20,2025-10-02 23:26:20,15 km al SO de Ollagüe,-21.287,-68.382,137.0,2.9,Ml
319898,2025-10-03 02:49:44,2025-10-02 23:49:44,30 km al NO de Pisagua,-19.478,-70.475,23.0,2.8,Ml
319905,2025-10-03 04:27:01,2025-10-03 01:27:01,155 km al NE de Socaire,-22.85,-66.609,254.0,3.0,Ml
319910,2025-10-03 05:18:53,2025-10-03 02:18:53,17 km al SO de Calama,-22.605,-68.997,122.0,3.5,Ml
319916,2025-10-03 06:13:50,2025-10-03 03:13:50,39 km al O de Ollagüe,-21.196,-68.63,128.0,3.1,Ml
319918,2025-10-03 06:15:40,2025-10-03 03:15:40,35 km al O de Mina Collahuasi,-20.756,-68.986,103.0,2.5,Ml
319921,2025-10-03 06:39:13,2025-10-03 03:39:13,42 km al E de Putre,-18.073,-69.185,167.0,2.7,Ml
319930,2025-10-03 08:24:41,2025-10-03 05:24:41,196 km al O de Tirúa,-38.989,-75.592,4.0,3.6,Ml
319936,2025-10-03 10:01:33,2025-10-03 07:01:33,85 km al SE de Socaire,-24.266,-67.5,219.0,3.1,Ml
319938,2025-10-03 11:09:47,2025-10-03 08:09:47,25 km al SO de Pichilemu,-34.49,-72.248,27.0,2.5,Ml
319941,2025-10-03 11:47:42,2025-10-03 08:47:42,108 km al O de Tongoy,-30.045,-72.595,36.0,2.5,Ml
319947,2025-10-03 13:35:03,2025-10-03 10:35:03,103 km al NE de San Pedro de Atacama,-22.121,-67.698,208.0,3.2,Ml
319948,2025-10-03 13:52:04,2025-10-03 10:52:04,23 km al O de Ovalle,-30.567,-71.437,20.0,3.1,Ml
319958,2025-10-03 15:40:29,2025-10-03 12:40:29,51 km al NE de San Fabián,-36.213,-71.168,132.0,3.3,Ml
319956,2025-10-03 16:21:53,2025-10-03 13:21:53,35 km al E de Calama,-22.596,-68.617,108.0,2.5,Ml
319974,2025-10-03 19:11:08,2025-10-03 16:11:08,47 km al S de Socaire,-23.99,-67.732,290.0,3.5,Ml
319977,2025-10-03 19:34:44,2025-10-03 16:34:44,27 km al S de Calama,-22.706,-68.862,92.0,3.0,Ml
319992,2025-10-03 22:07:14,2025-10-03 19:07:14,107 km al NO de Cobquecura,-35.523,-73.706,26.0,3.5,Ml
319995,2025-10-03 22:13:52,2025-10-03 19:13:52,62 km al SE de Socaire,-24.089,-67.617,225.0,2.8,Ml
320003,2025-10-03 22:41:01,2025-10-03 19:41:01,57 km al S de Putre,-18.698,-69.648,96.0,2.8,Ml
320005,2025-10-03 22:47:23,2025-10-03 19:47:23,7 km al SE de Parque Fray Jorge,-30.694,-71.621,25.0,2.5,Ml
320011,2025-10-03 23:06:06,2025-10-03 20:06:06,65 km al SO de Ollagüe,-21.718,-68.598,117.0,2.7,Ml
320010,2025-10-03 23:27:07,2025-10-03 20:27:07,77 km al SE de Socaire,-24.139,-67.421,207.0,2.6,Ml
320012,2025-10-04 00:11:21,2025-10-03 21:11:21,37 km al O de Arica,-18.55,-70.665,37.0,2.6,Ml
320014,2025-10-04 00:28:33,2025-10-03 21:28:33,83 km al S de Socaire,-24.337,-67.835,240.0,3.7,Ml
320017,2025-10-04 01:09:00,2025-10-03 22:09:00,71 km al NE de Calama,-21.927,-68.574,126.0,3.3,Ml
320019,2025-10-04 01:35:55,2025-10-03 22:35:55,32 km al SE de Mina Collahuasi,-21.089,-68.532,128.0,2.5,Ml
320022,2025-10-04 02:47:02,2025-10-03 23:47:02,67 km al SE de Socaire,-24.109,-67.561,230.0,2.6,Ml
320024,2025-10-04 03:19:12,2025-10-04 00:19:12,69 km al SE de Sierra Gorda,-23.367,-68.892,108.0,2.6,Ml
320025,2025-10-04 03:23:22,2025-10-04 00:23:22,65 km al S de Socaire,-24.173,-67.97,245.0,3.8,Ml
320027,2025-10-04 03:35:02,2025-10-04 00:35:02,51 km al SE de Patache,-21.236,-70.023,33.0,2.6,Ml
320029,2025-10-04 03:59:42,2025-10-04 00:59:42,39 km al SE de Linares,-36.022,-71.229,101.0,2.7,Ml
320036,2025-10-04 04:37:52,2025-10-04 01:37:52,49 km al N de Caleta Tortel,-47.364,-73.481,43.0,2.7,Ml
320040,2025-10-04 04:46:31,2025-10-04 01:46:31,61 km al S de Ollagüe,-21.74,-68.443,139.0,2.5,Ml
320041,2025-10-04 04:52:57,2025-10-04 01:52:57,28 km al O de Mina Collahuasi,-20.853,-68.924,107.0,2.5,Ml
320053,2025-10-04 07:14:05,2025-10-04 04:14:05,69 km al SO de Ollagüe,-21.793,-68.521,123.0,3.9,Ml
320054,2025-10-04 07:22:02,2025-10-04 04:22:02,60 km al N de Calama,-21.933,-68.905,106.0,3.0,Ml
320057,2025-10-04 08:14:08,2025-10-04 05:14:08,43 km al E de Los Andes,-32.818,-70.14,130.0,2.8,Ml
320060,2025-10-04 08:22:22,2025-10-04 05:22:22,98 km al NO de Cochrane,-46.482,-73.19,10.0,2.6,Ml
320058,2025-10-04 08:26:06,2025-10-04 05:26:06,39 km al NE de Calama,-22.205,-68.684,127.0,3.5,Ml
320066,2025-10-04 09:34:47,2025-10-04 06:34:47,9 km al NE de Parque Fray Jorge,-30.604,-71.622,30.0,3.7,Ml
320068,2025-10-04 11:02:19,2025-10-04 08:02:19,213 km al S de Puerto Williams,-56.85,-67.59,10.0,2.7,Ml
320070,2025-10-04 11:37:43,2025-10-04 08:37:43,72 km al NE de Calama,-21.907,-68.579,120.0,4.0,Ml
320075,2025-10-04 12:23:34,2025-10-04 09:23:34,93 km al SE de Socaire,-24.34,-67.483,201.0,3.6,Ml
320076,2025-10-04 12:31:35,2025-10-04 09:31:35,26 km al E de Toltén,-39.262,-72.886,37.0,2.8,Ml
320078,2025-10-04 12:49:55,2025-10-04 09:49:55,75 km al E de Baquedano,-23.563,-69.152,126.0,2.5,Ml
320090,2025-10-04 15:49:22,2025-10-04 12:49:22,46 km al NE de Ollagüe,-20.913,-67.956,190.0,3.2,Ml
320101,2025-10-04 17:28:38,2025-10-04 14:28:38,58 km al NE de Pica,-20.082,-68.978,112.0,3.0,Ml
320105,2025-10-04 18:01:31,2025-10-04 15:01:31,110 km al NE de Socaire,-23.015,-67.014,268.0,2.9,Ml
320116,2025-10-04 18:55:32,2025-10-04 15:55:32,22 km al N de Punta de Choros,-29.06,-71.532,33.0,3.6,Ml
320120,2025-10-04 20:04:11,2025-10-04 17:04:11,20 km al O de Andacollo,-30.261,-71.285,56.0,2.8,Ml
320126,2025-10-04 20:27:24,2025-10-04 17:27:24,11 km al E de Paposo,-25.039,-70.364,46.0,4.6,Mw
320133,2025-10-04 20:34:35,2025-10-04 17:34:35,64 km al NE de Calama,-21.965,-68.634,114.0,2.9,Ml
320131,2025-10-04 20:35:30,2025-10-04 17:35:30,118 km al E de Paihuano,-30.304,-69.328,141.0,4.0,Ml
320136,2025-10-04 20:40:36,2025-10-04 17:40:36,31 km al E de Río Puelo,-41.746,-71.94,7.0,2.7,Ml
320142,2025-10-04 21:10:30,2025-10-04 18:10:30,48 km al E de Puerto Cisnes,-44.611,-72.091,6.0,2.7,Ml
320138,2025-10-04 21:10:47,2025-10-04 18:10:47,32 km al O de Ollagüe,-21.162,-68.555,132.0,2.6,Ml
320153,2025-10-04 21:35:28,2025-10-04 18:35:28,56 km al S de Socaire,-24.076,-68.031,251.0,3.6,Ml
320157,2025-10-04 21:57:14,2025-10-04 18:57:14,30 km al SO de Pichidangui,-32.335,-71.738,22.0,2.6,Ml
320164,2025-10-04 23:06:18,2025-10-04 20:06:18,77 km al SO de Socaire,-24.235,-68.174,256.0,3.1,Ml
320166,2025-10-04 23:51:55,2025-10-04 20:51:55,32 km al NE de Calama,-22.24,-68.746,113.0,3.0,Ml
320170,2025-10-05 01:14:23,2025-10-04 22:14:23,39 km al SO de San Pedro de Atacama,-23.227,-68.391,153.0,2.6,Ml
320182,2025-10-05 04:05:08,2025-10-05 01:05:08,15 km al SO de Tongoy,-30.354,-71.603,27.0,2.6,Ml
320191,2025-10-05 05:06:30,2025-10-05 02:06:30,67 km al SE de Socaire,-23.945,-67.355,282.0,3.7,Ml
320197,2025-10-05 06:14:26,2025-10-05 03:14:26,104 km al O de El Calafate,-50.305,-73.722,38.0,3.6,Ml
320200,2025-10-05 07:08:25,2025-10-05 04:08:25,87 km al S de Ilo,-18.423,-71.405,19.0,2.5,Ml
320206,2025-10-05 08:08:22,2025-10-05 05:08:22,201 km al S de Puerto Williams,-56.72,-68.1,10.0,2.9,Ml
320207,2025-10-05 08:18:34,2025-10-05 05:18:34,186 km al S de Puerto Williams,-56.61,-67.65,10.0,2.8,Ml
320209,2025-10-05 08:27:13,2025-10-05 05:27:13,33 km al O de La Serena,-29.81,-71.577,35.0,3.2,Ml
320210,2025-10-05 08:46:48,2025-10-05 05:46:48,76 km al S de Socaire,-24.272,-67.942,247.0,3.5,Ml
320213,2025-10-05 09:11:53,2025-10-05 06:11:53,41 km al S de Ollagüe,-21.591,-68.32,138.0,3.2,Ml
320216,2025-10-05 09:31:38,2025-10-05 06:31:38,229 km al S de Puerto Williams,-56.96,-68.24,10.0,3.0,Ml
320217,2025-10-05 09:58:37,2025-10-05 06:58:37,51 km al E de Ollagüe,-21.227,-67.762,214.0,2.9,Ml
320226,2025-10-05 11:11:59,2025-10-05 08:11:59,64 km al E de Mina La Escondida,-24.398,-68.438,201.0,3.0,Ml
320228,2025-10-05 11:36:37,2025-10-05 08:36:37,23 km al S de San Pedro de Atacama,-23.124,-68.181,168.0,2.9,Ml
320232,2025-10-05 12:39:36,2025-10-05 09:39:36,10 km al SO de Tocopilla,-22.169,-70.256,44.0,2.7,Ml
320234,2025-10-05 12:54:42,2025-10-05 09:54:42,20 km al E de Carrizal Bajo,-28.115,-70.945,62.0,3.5,Ml
320237,2025-10-05 13:36:02,2025-10-05 10:36:02,37 km al S de Pica,-20.81,-69.223,107.0,2.7,Ml
320239,2025-10-05 14:14:06,2025-10-05 11:14:06,19 km al SE de Curicó,-35.141,-71.144,94.0,2.8,Ml
320242,2025-10-05 14:20:58,2025-10-05 11:20:58,60 km al S de Socaire,-24.109,-67.734,260.0,3.3,Ml
320254,2025-10-05 16:59:25,2025-10-05 13:59:25,49 km al SE de San José de Maipo,-34.025,-70.102,19.0,3.5,Ml
320257,2025-10-05 17:04:49,2025-10-05 14:04:49,58 km al SO de Ollagüe,-21.679,-68.519,126.0,3.6,Ml
320266,2025-10-05 18:22:23,2025-10-05 15:22:23,48 km al O de San Antonio de los Cobres,-24.293,-66.788,169.0,3.5,Ml
320276,2025-10-05 19:13:24,2025-10-05 16:13:24,44 km al SO de Ollagüe,-21.571,-68.454,132.0,2.7,Ml
320288,2025-10-05 21:04:46,2025-10-05 18:04:46,80 km al S de Socaire,-24.291,-68.049,250.0,3.4,Ml
320291,2025-10-05 21:41:01,2025-10-05 18:41:01,43 km al SE de Alto del Carmen,-28.986,-70.13,122.0,3.5,Ml
320301,2025-10-05 22:15:36,2025-10-05 19:15:36,60 km al SO de Ollagüe,-21.682,-68.554,128.0,3.0,Ml
320309,2025-10-05 22:42:56,2025-10-05 19:42:56,19 km al E de Farellones,-33.323,-70.106,14.0,3.9,Ml
320334,2025-10-06 02:29:00,2025-10-05 23:29:00,55 km al O de Valparaíso,-32.955,-72.189,28.0,2.9,Ml
320345,2025-10-06 03:32:43,2025-10-06 00:32:43,14 km al SE de Pica,-20.596,-69.26,84.0,3.5,Ml
320347,2025-10-06 03:36:24,2025-10-06 00:36:24,53 km al S de Mina Collahuasi,-21.273,-68.829,114.0,3.3,Ml
320359,2025-10-06 06:18:05,2025-10-06 03:18:05,47 km al O de Pichilemu,-34.424,-72.519,25.0,3.4,Ml
320376,2025-10-06 08:12:01,2025-10-06 05:12:01,43 km al NE de Pica,-20.146,-69.145,96.0,3.6,Ml
320379,2025-10-06 08:17:49,2025-10-06 05:17:49,13 km al NE de Canela Baja,-31.299,-71.383,27.0,4.0,Ml
320392,2025-10-06 12:12:36,2025-10-06 09:12:36,47 km al O de Pichilemu,-34.469,-72.511,9.0,2.9,Ml
320395,2025-10-06 13:36:22,2025-10-06 10:36:22,3 km al N de Parque Fray Jorge,-30.639,-71.683,36.0,2.7,Ml
320408,2025-10-06 13:57:53,2025-10-06 10:57:53,32 km al O de Ollagüe,-21.255,-68.564,126.0,2.6,Ml
320401,2025-10-06 14:07:54,2025-10-06 11:07:54,16 km al E de Farellones,-33.333,-70.137,7.0,3.4,Ml
320419,2025-10-06 17:07:36,2025-10-06 14:07:36,26 km al SE de Mina Collahuasi,-21.015,-68.505,126.0,3.7,Ml
320430,2025-10-06 18:22:56,2025-10-06 15:22:56,32 km al O de Mina Collahuasi,-20.76,-68.958,15.0,2.5,Ml
320437,2025-10-06 19:34:10,2025-10-06 16:34:10,49 km al S de Socaire,-24.03,-67.897,250.0,3.2,Ml
320445,2025-10-06 20:29:17,2025-10-06 17:29:17,32 km al N de Victoria,-37.945,-72.362,60.0,3.1,Ml
320450,2025-10-06 20:51:21,2025-10-06 17:51:21,28 km al SO de Mina Collahuasi,-20.955,-68.891,92.0,2.6,Ml
320454,2025-10-06 22:07:06,2025-10-06 19:07:06,76 km al SO de Ollagüe,-21.718,-68.762,103.0,2.5,Ml
320455,2025-10-06 22:19:28,2025-10-06 19:19:28,189 km al O de Isla Guamblin,-45.419,-77.357,9.0,3.5,Ml
320472,2025-10-07 02:54:11,2025-10-06 23:54:11,49 km al S de Mina Collahuasi,-21.259,-68.765,119.0,2.6,Ml
320478,2025-10-07 03:59:47,2025-10-07 00:59:47,18 km al E de Farellones,-33.337,-70.121,13.0,2.9,Ml
320499,2025-10-07 05:55:37,2025-10-07 02:55:37,8 km al E de Parque Fray Jorge,-30.684,-71.606,29.0,3.7,Ml
320502,2025-10-07 06:12:09,2025-10-07 03:12:09,8 km al N de Ancud,-41.794,-73.814,36.0,3.1,Ml
320507,2025-10-07 06:26:29,2025-10-07 03:26:29,24 km al SE de Ollagüe,-21.32,-68.041,164.0,3.5,Ml
320508,2025-10-07 06:29:16,2025-10-07 03:29:16,13 km al SO de Punta de Choros,-29.354,-71.535,57.0,3.4,Ml
320513,2025-10-07 06:51:09,2025-10-07 03:51:09,73 km al SE de Socaire,-24.194,-67.622,195.0,3.8,Ml
320518,2025-10-07 07:34:25,2025-10-07 04:34:25,43 km al SE de Pica,-20.837,-69.151,103.0,3.2,Ml
320527,2025-10-07 09:44:56,2025-10-07 06:44:56,23 km al NE de Vichuquén,-34.789,-71.765,45.0,2.9,Ml
320555,2025-10-07 13:35:07,2025-10-07 10:35:07,8 km al O de Pichidangui,-32.106,-71.608,30.0,3.5,Ml
320556,2025-10-07 13:47:09,2025-10-07 10:47:09,33 km al O de Pichidangui,-32.106,-71.88,24.0,3.2,Ml
320560,2025-10-07 13:59:26,2025-10-07 10:59:26,7 km al NO de Pichidangui,-32.106,-71.592,36.0,3.1,Ml
320563,2025-10-07 14:02:50,2025-10-07 11:02:50,35 km al E de San José de Maipo,-33.755,-69.995,17.0,3.4,Ml
320564,2025-10-07 14:06:22,2025-10-07 11:06:22,43 km al NE de Ollagüe,-20.992,-67.92,194.0,3.1,Ml
320569,2025-10-07 14:40:30,2025-10-07 11:40:30,20 km al O de Pichidangui,-32.101,-71.739,42.0,3.4,Ml
320579,2025-10-07 16:05:11,2025-10-07 13:05:11,61 km al SE de Socaire,-23.983,-67.472,171.0,3.4,Ml
320591,2025-10-07 17:33:31,2025-10-07 14:33:31,22 km al E de Pica,-20.532,-69.123,110.0,2.5,Ml
320599,2025-10-07 19:21:55,2025-10-07 16:21:55,26 km al O de Pichidangui,-32.118,-71.808,42.0,2.8,Ml
320605,2025-10-07 19:45:49,2025-10-07 16:45:49,87 km al S de El Salvador,-27.006,-69.433,126.0,3.6,Ml
320630,2025-10-08 00:26:31,2025-10-07 21:26:31,23 km al NO de Quillagua,-21.541,-69.719,15.0,2.8,Ml
320637,2025-10-08 01:08:23,2025-10-07 22:08:23,27 km al SO de Navidad,-34.124,-72.044,38.0,2.7,Ml
320640,2025-10-08 01:46:13,2025-10-07 22:46:13,31 km al O de Mina Collahuasi,-20.905,-68.94,102.0,2.9,Ml
320655,2025-10-08 04:33:10,2025-10-08 01:33:10,30 km al S de Fresia,-41.419,-73.367,47.0,3.7,Ml
320691,2025-10-08 12:07:32,2025-10-08 09:07:32,35 km al O de Mina Collahuasi,-20.951,-68.969,103.0,2.6,Ml
320694,2025-10-08 12:45:23,2025-10-08 09:45:23,71 km al SO de Ollagüe,-21.815,-68.503,118.0,2.7,Ml
320698,2025-10-08 14:12:53,2025-10-08 11:12:53,69 km al NE de Paihuano,-29.648,-69.952,98.0,2.6,Ml
320699,2025-10-08 14:17:16,2025-10-08 11:17:16,49 km al S de Calama,-22.898,-68.82,85.0,3.2,Ml
320702,2025-10-08 14:34:52,2025-10-08 11:34:52,35 km al NO de Cuya,-18.892,-70.344,17.0,2.6,Ml
320720,2025-10-08 17:22:51,2025-10-08 14:22:51,65 km al SE de Socaire,-24.133,-67.647,206.0,4.3,Ml
320731,2025-10-08 19:43:38,2025-10-08 16:43:38,51 km al SO de Mina Collahuasi,-21.232,-68.879,115.0,2.7,Ml
320735,2025-10-08 19:43:59,2025-10-08 16:43:59,32 km al E de Pica,-20.415,-69.034,111.0,3.3,Ml
320737,2025-10-08 20:42:03,2025-10-08 17:42:03,74 km al S de Socaire,-24.254,-67.861,222.0,2.9,Ml
320751,2025-10-08 21:31:22,2025-10-08 18:31:22,16 km al E de Pichidangui,-32.102,-71.369,40.0,2.7,Ml
320758,2025-10-08 22:44:49,2025-10-08 19:44:49,41 km al N de Calama,-22.11,-68.828,117.0,2.5,Ml
320802,2025-10-09 05:53:03,2025-10-09 02:53:03,44 km al S de Socaire,-23.98,-67.829,241.0,3.0,Ml
320789,2025-10-09 06:17:59,2025-10-09 03:17:59,29 km al S de Punitaqui,-31.08,-71.345,70.0,2.5,Ml
320807,2025-10-09 12:08:51,2025-10-09 09:08:51,28 km al NE de María Elena,-22.119,-69.538,74.0,2.7,Ml
320811,2025-10-09 12:23:47,2025-10-09 09:23:47,40 km al NO de Cobquecura,-35.929,-73.156,31.0,2.5,Ml
320826,2025-10-09 16:27:25,2025-10-09 13:27:25,27 km al SE de Combarbalá,-31.318,-70.776,99.0,3.0,Ml
320834,2025-10-09 16:46:25,2025-10-09 13:46:25,84 km al SE de Socaire,-24.152,-67.333,234.0,2.9,Ml
320839,2025-10-09 17:33:31,2025-10-09 14:33:31,23 km al SE de Camiña,-19.489,-69.31,100.0,3.1,Ml
320850,2025-10-09 18:49:53,2025-10-09 15:49:53,102 km al NE de Socaire,-23.059,-67.073,246.0,2.7,Ml
320853,2025-10-09 20:08:32,2025-10-09 17:08:32,55 km al N de Mina La Escondida,-23.776,-69.08,105.0,3.0,Ml
320856,2025-10-09 20:27:28,2025-10-09 17:27:28,39 km al SE de Pica,-20.809,-69.166,106.0,2.6,Ml
320861,2025-10-09 20:48:30,2025-10-09 17:48:30,32 km al SO de Ollagüe,-21.477,-68.41,133.0,3.3,Ml
320863,2025-10-09 20:50:04,2025-10-09 17:50:04,60 km al SO de Arica,-18.741,-70.817,26.0,3.2,Ml
320866,2025-10-09 21:54:19,2025-10-09 18:54:19,27 km al NO de Valparaíso,-32.863,-71.799,40.0,3.3,Ml
320870,2025-10-09 22:09:29,2025-10-09 19:09:29,29 km al S de Mina Collahuasi,-21.085,-68.66,109.0,2.6,Ml
320895,2025-10-10 03:14:05,2025-10-10 00:14:05,70 km al SE de Socaire,-24.031,-67.404,224.0,2.6,Ml
320903,2025-10-10 05:25:51,2025-10-10 02:25:51,36 km al N de Punta de Choros,-28.947,-71.344,53.0,2.7,Ml
320909,2025-10-10 06:14:22,2025-10-10 03:14:22,23 km al NO de Navidad,-33.8,-72.005,22.0,2.6,Ml
320935,2025-10-10 07:35:11,2025-10-10 04:35:11,84 km al NE de Socaire,-23.276,-67.138,244.0,2.6,Ml
320919,2025-10-10 07:40:54,2025-10-10 04:40:54,80 km al S de Socaire,-24.272,-67.652,205.0,3.3,Ml
320933,2025-10-10 09:37:02,2025-10-10 06:37:02,22 km al O de La Serena,-29.895,-71.475,42.0,2.6,Ml
320939,2025-10-10 10:07:47,2025-10-10 07:07:47,60 km al SE de Socaire,-23.954,-67.454,246.0,3.1,Ml
320942,2025-10-10 10:25:39,2025-10-10 07:25:39,95 km al N de San Pedro de Atacama,-22.106,-67.932,216.0,2.6,Ml
320949,2025-10-10 12:31:43,2025-10-10 09:31:43,27 km al NO de Tocopilla,-21.901,-70.358,15.0,2.8,Ml
320956,2025-10-10 13:40:51,2025-10-10 10:40:51,8 km al SO de Calama,-22.511,-68.996,118.0,2.5,Ml
320957,2025-10-10 13:49:48,2025-10-10 10:49:48,86 km al NO de Tongoy,-29.776,-72.189,31.0,2.5,Ml
320960,2025-10-10 13:59:22,2025-10-10 10:59:22,26 km al S de San Fernando,-34.808,-70.921,93.0,2.6,Ml
320963,2025-10-10 14:18:35,2025-10-10 11:18:35,20 km al NO de Victoria,-38.085,-72.451,42.0,2.8,Ml
320969,2025-10-10 16:15:36,2025-10-10 13:15:36,26 km al O de Vichuquén,-34.973,-72.258,21.0,2.9,Ml
320983,2025-10-10 18:07:16,2025-10-10 15:07:16,35 km al O de Carrizal Bajo,-28.0,-71.496,36.0,2.9,Ml
320990,2025-10-10 18:37:01,2025-10-10 15:37:01,57 km al SO de Ollagüe,-21.668,-68.529,128.0,2.6,Ml
320996,2025-10-10 18:53:58,2025-10-10 15:53:58,61 km al NE de Calama,-22.06,-68.537,125.0,2.5,Ml
321009,2025-10-10 20:29:22,2025-10-10 17:29:22,265 km al NO de Base Frei,-60.31,-62.02,10.0,7.8,Mww
321012,2025-10-10 20:59:57,2025-10-10 17:59:57,301 km al NO de Base Frei,-60.0,-62.26,10.0,4.0,Ml
321011,2025-10-10 21:13:40,2025-10-10 18:13:40,285 km al NO de Base Frei,-60.32,-62.62,10.0,4.5,Ml
321017,2025-10-10 21:28:34,2025-10-10 18:28:34,315 km al NO de Base Frei,-60.02,-62.73,10.0,5.7,Ml
321018,2025-10-10 21:33:41,2025-10-10 18:33:41,362 km al NO de Base Frei,-59.18,-61.47,10.0,5.5,Ml
321176,2025-10-10 22:09:43,2025-10-10 19:09:43,277 km al NO de Base Frei,-60.11,-61.81,10.0,4.9,Ml
321026,2025-10-10 22:37:11,2025-10-10 19:37:11,28 km al NO de El Tabo,-33.326,-71.923,28.0,2.8,Ml
321036,2025-10-10 23:00:33,2025-10-10 20:00:33,296 km al NO de Base Frei,-59.76,-61.17,10.0,3.6,Ml
321035,2025-10-10 23:08:58,2025-10-10 20:08:58,280 km al NO de Base Frei,-60.26,-62.32,10.0,4.2,Ml
321037,2025-10-10 23:42:16,2025-10-10 20:42:16,61 km al N de Calama,-21.932,-68.795,104.0,3.8,Ml
321039,2025-10-10 23:54:38,2025-10-10 20:54:38,308 km al NO de Base Frei,-59.93,-62.27,10.0,4.4,Ml
321040,2025-10-11 00:32:16,2025-10-10 21:32:16,310 km al NO de Base Frei,-60.01,-62.55,10.0,4.3,Ml
321042,2025-10-11 00:46:13,2025-10-10 21:46:13,241 km al NO de Base Frei,-60.4,-61.51,10.0,4.1,Ml
321044,2025-10-11 00:56:59,2025-10-10 21:56:59,56 km al SO de Ollagüe,-21.679,-68.494,126.0,2.7,Ml
321045,2025-10-11 01:11:07,2025-10-10 22:11:07,64 km al NE de Mina Los Pelambres,-31.519,-70.016,146.0,3.6,Ml
321048,2025-10-11 01:20:53,2025-10-10 22:20:53,47 km al E de Paposo,-25.01,-70.001,66.0,2.5,Ml
321053,2025-10-11 02:07:31,2025-10-10 23:07:31,57 km al E de Alto del Carmen,-28.909,-69.924,128.0,3.1,Ml
321054,2025-10-11 02:11:03,2025-10-10 23:11:03,464 km al SE de Puerto Williams,-58.181,-62.847,10.0,3.7,Ml
321061,2025-10-11 03:33:39,2025-10-11 00:33:39,25 km al O de La Higuera,-29.515,-71.455,72.0,2.6,Ml
321062,2025-10-11 03:41:49,2025-10-11 00:41:49,13 km al N de Alto del Carmen,-28.645,-70.461,97.0,2.8,Ml
321070,2025-10-11 04:46:49,2025-10-11 01:46:49,45 km al NE de San Pedro de Atacama,-22.641,-67.877,223.0,2.8,Ml
321080,2025-10-11 06:44:52,2025-10-11 03:44:52,57 km al SE de Socaire,-24.053,-67.643,259.0,2.9,Ml
321087,2025-10-11 08:32:01,2025-10-11 05:32:01,84 km al N de San Pedro de Atacama,-22.175,-68.074,208.0,2.5,Ml
321090,2025-10-11 08:42:55,2025-10-11 05:42:55,25 km al NO de Ovalle,-30.47,-71.41,83.0,2.9,Ml
321093,2025-10-11 09:01:27,2025-10-11 06:01:27,18 km al O de Calama,-22.514,-69.094,107.0,2.5,Ml
321097,2025-10-11 09:41:26,2025-10-11 06:41:26,480 km al NO de Base Frei,-58.03,-61.23,10.0,3.6,Ml
321100,2025-10-11 10:11:12,2025-10-11 07:11:12,32 km al O de San Pedro de Atacama,-23.012,-68.495,94.0,2.6,Ml
321102,2025-10-11 10:20:21,2025-10-11 07:20:21,55 km al SO de Mina Collahuasi,-21.182,-69.023,114.0,3.2,Ml
321104,2025-10-11 10:28:39,2025-10-11 07:28:39,73 km al O de Caleta Tortel,-47.576,-74.457,32.0,2.8,Ml
321108,2025-10-11 12:05:43,2025-10-11 09:05:43,327 km al NO de Base Frei,-59.67,-62.09,10.0,3.0,Ml
321109,2025-10-11 12:12:29,2025-10-11 09:12:29,36 km al O de Ollagüe,-21.214,-68.6,120.0,2.9,Ml
321166,2025-10-11 12:59:41,2025-10-11 09:59:41,282 km al NO de Base Frei,-60.24,-62.34,10.0,3.7,Ml
321167,2025-10-11 13:05:02,2025-10-11 10:05:02,411 km al NO de Base Frei,-58.85,-62.16,10.0,4.1,Ml
321131,2025-10-11 15:42:45,2025-10-11 12:42:45,50 km al O de Mina La Escondida,-24.227,-69.551,101.0,2.7,Ml
321160,2025-10-11 18:29:31,2025-10-11 15:29:31,257 km al NO de Base Frei,-60.44,-62.11,10.0,4.7,Ml
321165,2025-10-11 19:05:30,2025-10-11 16:05:30,242 km al NO de Base Frei,-60.11,-60.25,10.0,4.4,Ml
321175,2025-10-11 20:53:54,2025-10-11 17:53:54,15 km al O de Alto del Carmen,-28.816,-70.625,76.0,3.6,Ml
321188,2025-10-12 00:54:44,2025-10-11 21:54:44,43 km al SE de Pica,-20.845,-69.169,106.0,3.4,Ml
321193,2025-10-12 01:21:36,2025-10-11 22:21:36,63 km al S de Camiña,-19.846,-69.215,92.0,2.6,Ml
321197,2025-10-12 02:21:15,2025-10-11 23:21:15,95 km al NE de El Salvador,-25.548,-69.083,92.0,2.7,Ml
321201,2025-10-12 03:16:03,2025-10-12 00:16:03,92 km al E de Mina Los Pelambres,-32.171,-69.697,22.0,2.6,Ml
321204,2025-10-12 03:56:10,2025-10-12 00:56:10,63 km al SE de Socaire,-24.107,-67.649,237.0,3.0,Ml
321209,2025-10-12 04:21:00,2025-10-12 01:21:00,19 km al SO de Calama,-22.586,-69.069,92.0,2.6,Ml
321211,2025-10-12 04:27:48,2025-10-12 01:27:48,10 km al SE de Pica,-20.566,-69.27,91.0,2.5,Ml
321213,2025-10-12 04:32:04,2025-10-12 01:32:04,34 km al S de Parque Fray Jorge,-30.954,-71.587,36.0,3.3,Ml
321217,2025-10-12 05:01:38,2025-10-12 02:01:38,86 km al NE de Socaire,-23.115,-67.226,259.0,3.0,Ml
321219,2025-10-12 06:00:40,2025-10-12 03:00:40,66 km al S de Socaire,-24.179,-67.901,236.0,2.8,Ml
321225,2025-10-12 06:36:44,2025-10-12 03:36:44,75 km al NE de Socaire,-23.164,-67.316,278.0,2.9,Ml
321226,2025-10-12 06:50:01,2025-10-12 03:50:01,29 km al SO de Canela Baja,-31.544,-71.715,27.0,3.0,Ml
321234,2025-10-12 08:45:53,2025-10-12 05:45:53,61 km al SE de Socaire,-23.891,-67.384,262.0,3.0,Ml
321236,2025-10-12 09:13:08,2025-10-12 06:13:08,44 km al E de Pisagua,-19.556,-69.8,21.0,2.6,Ml
321240,2025-10-12 09:49:06,2025-10-12 06:49:06,36 km al S de Camiña,-19.636,-69.422,101.0,2.8,Ml
321249,2025-10-12 10:44:48,2025-10-12 07:44:48,110 km al NO de Constitución,-34.625,-73.257,31.0,2.9,Ml
321257,2025-10-12 11:19:44,2025-10-12 08:19:44,19 km al O de Ovalle,-30.592,-71.401,48.0,3.5,Ml
321261,2025-10-12 11:43:43,2025-10-12 08:43:43,25 km al O de Ollagüe,-21.268,-68.489,135.0,3.2,Ml
321263,2025-10-12 12:23:33,2025-10-12 09:23:33,35 km al O de Mina La Escondida,-24.348,-69.394,88.0,3.3,Ml
321271,2025-10-12 13:38:45,2025-10-12 10:38:45,103 km al NE de Paihuano,-29.474,-69.667,135.0,3.0,Ml
321272,2025-10-12 13:47:20,2025-10-12 10:47:20,22 km al O de San Pedro de Atacama,-22.989,-68.398,148.0,2.8,Ml
321274,2025-10-12 13:49:26,2025-10-12 10:49:26,40 km al O de Coronel,-36.933,-73.582,10.0,2.5,Ml
321285,2025-10-12 16:42:39,2025-10-12 13:42:39,48 km al E de Los Andes,-32.647,-70.131,121.0,4.4,Ml
321289,2025-10-12 17:06:47,2025-10-12 14:06:47,152 km al O de Tocopilla,-21.587,-71.565,30.0,2.9,Ml
321298,2025-10-12 17:28:38,2025-10-12 14:28:38,68 km al O de Arica,-18.638,-70.944,28.0,3.2,Ml
321314,2025-10-12 19:30:43,2025-10-12 16:30:43,32 km al O de Pichilemu,-34.332,-72.358,34.0,3.3,Ml
321322,2025-10-12 20:15:14,2025-10-12 17:15:14,78 km al SE de Socaire,-24.156,-67.432,219.0,3.4,Ml
321330,2025-10-12 21:23:38,2025-10-12 18:23:38,37 km al NE de Calama,-22.172,-68.764,118.0,2.6,Ml
321336,2025-10-12 22:02:50,2025-10-12 19:02:50,87 km al E de Copiapó,-27.433,-69.451,105.0,3.0,Ml
321338,2025-10-12 22:08:57,2025-10-12 19:08:57,45 km al SO de Mina Collahuasi,-21.123,-68.947,108.0,2.6,Ml
321341,2025-10-12 22:46:53,2025-10-12 19:46:53,35 km al O de Ollagüe,-21.248,-68.595,121.0,2.9,Ml
321347,2025-10-12 22:51:07,2025-10-12 19:51:07,86 km al NE de San Pedro de Atacama,-22.212,-67.864,191.0,2.6,Ml
321345,2025-10-12 23:18:55,2025-10-12 20:18:55,61 km al NE de Calama,-21.99,-68.64,113.0,2.6,Ml
321351,2025-10-13 00:28:52,2025-10-12 21:28:52,48 km al NE de Camiña,-18.908,-69.257,115.0,2.5,Ml
321352,2025-10-13 00:49:25,2025-10-12 21:49:25,154 km al O de Bahía Mansa,-40.811,-75.538,17.0,3.2,Ml
321358,2025-10-13 01:11:33,2025-10-12 22:11:33,2 km al SE de Parque Fray Jorge,-30.673,-71.668,33.0,4.4,Ml
321362,2025-10-13 01:23:23,2025-10-12 22:23:23,8 km al O de Parque Fray Jorge,-30.68,-71.768,39.0,2.7,Ml
321363,2025-10-13 01:28:06,2025-10-12 22:28:06,4 km al SE de Parque Fray Jorge,-30.698,-71.666,33.0,4.9,Mw
321369,2025-10-13 01:44:57,2025-10-12 22:44:57,5 km al E de Parque Fray Jorge,-30.675,-71.633,30.0,2.6,Ml
321371,2025-10-13 02:01:32,2025-10-12 23:01:32,2 km al E de Parque Fray Jorge,-30.664,-71.661,34.0,2.5,Ml
321373,2025-10-13 02:07:03,2025-10-12 23:07:03,87 km al SE de Socaire,-24.137,-67.283,242.0,4.0,Ml
321375,2025-10-13 02:08:20,2025-10-12 23:08:20,6 km al E de Parque Fray Jorge,-30.685,-71.623,31.0,3.2,Ml
321378,2025-10-13 02:24:21,2025-10-12 23:24:21,81 km al NE de Socaire,-23.217,-67.205,254.0,3.0,Ml
321380,2025-10-13 02:32:30,2025-10-12 23:32:30,52 km al NE de Calama,-22.061,-68.69,121.0,3.2,Ml
321385,2025-10-13 02:50:20,2025-10-12 23:50:20,6 km al E de Parque Fray Jorge,-30.666,-71.62,34.0,2.6,Ml
321411,2025-10-13 07:03:32,2025-10-13 04:03:32,61 km al NE de Socaire,-23.134,-67.559,272.0,2.7,Ml
321413,2025-10-13 07:05:05,2025-10-13 04:05:05,2 km al S de Parque Fray Jorge,-30.68,-71.687,34.0,3.2,Ml
321422,2025-10-13 08:34:45,2025-10-13 05:34:45,37 km al SE de Rancagua,-34.365,-70.419,126.0,2.6,Ml
321426,2025-10-13 08:46:44,2025-10-13 05:46:44,48 km al NE de Monte Patria,-30.476,-70.52,24.0,2.6,Ml
321430,2025-10-13 09:49:17,2025-10-13 06:49:17,14 km al NO de Calama,-22.358,-68.987,100.0,2.7,Ml
321432,2025-10-13 10:09:12,2025-10-13 07:09:12,24 km al NE de Curicó,-34.875,-71.009,20.0,2.5,Ml
321437,2025-10-13 10:52:44,2025-10-13 07:52:44,60 km al N de Calama,-21.963,-68.726,116.0,4.2,Ml
321441,2025-10-13 11:23:01,2025-10-13 08:23:01,25 km al N de Concepción,-36.605,-73.03,45.0,2.6,Ml
321443,2025-10-13 11:45:56,2025-10-13 08:45:56,63 km al SO de Socaire,-24.032,-68.282,280.0,2.6,Ml
321453,2025-10-13 14:11:36,2025-10-13 11:11:36,41 km al S de Mina Collahuasi,-21.186,-68.76,114.0,2.5,Ml
321456,2025-10-13 14:59:18,2025-10-13 11:59:18,195 km al O de Tocopilla,-22.051,-72.097,10.0,2.8,Ml
321458,2025-10-13 16:22:57,2025-10-13 13:22:57,120 km al O de Parque Fray Jorge,-30.338,-72.874,27.0,3.7,Ml
321466,2025-10-13 17:05:45,2025-10-13 14:05:45,5 km al SE de Parque Fray Jorge,-30.697,-71.642,32.0,3.1,Ml
321490,2025-10-13 21:09:49,2025-10-13 18:09:49,37 km al N de Punta de Choros,-28.926,-71.375,25.0,2.6,Ml
321503,2025-10-13 23:08:02,2025-10-13 20:08:02,23 km al O de Ollagüe,-21.212,-68.473,128.0,2.8,Ml
321504,2025-10-13 23:14:15,2025-10-13 20:14:15,46 km al SO de Mina Collahuasi,-21.111,-68.978,115.0,4.0,Ml
321509,2025-10-13 23:41:40,2025-10-13 20:41:40,42 km al SO de Mina Collahuasi,-21.111,-68.93,109.0,3.2,Ml
321515,2025-10-14 00:11:54,2025-10-13 21:11:54,8 km al SO de Mina La Escondida,-24.307,-69.123,94.0,2.7,Ml
321517,2025-10-14 00:27:43,2025-10-13 21:27:43,72 km al SE de Socaire,-24.15,-67.543,202.0,3.3,Ml
321519,2025-10-14 01:18:16,2025-10-13 22:18:16,27 km al NO de Bahía Mansa,-40.389,-73.919,38.0,2.6,Ml
321527,2025-10-14 01:56:16,2025-10-13 22:56:16,53 km al SE de Socaire,-23.959,-67.556,245.0,2.9,Ml
321532,2025-10-14 02:31:27,2025-10-13 23:31:27,32 km al S de Sierra Gorda,-23.173,-69.275,75.0,2.8,Ml
321543,2025-10-14 04:18:16,2025-10-14 01:18:16,24 km al O de Ollagüe,-21.237,-68.48,124.0,2.5,Ml
321547,2025-10-14 04:43:36,2025-10-14 01:43:36,72 km al NE de Calama,-21.884,-68.628,110.0,4.8,Mw
321555,2025-10-14 05:51:36,2025-10-14 02:51:36,48 km al NE de Calama,-22.144,-68.621,100.0,2.8,Ml
321561,2025-10-14 07:17:32,2025-10-14 04:17:32,29 km al NO de Tongoy,-30.027,-71.647,36.0,4.0,Ml
321570,2025-10-14 08:18:42,2025-10-14 05:18:42,24 km al NO de Arica,-18.363,-70.518,62.0,2.9,Ml
321574,2025-10-14 08:36:50,2025-10-14 05:36:50,37 km al NO de Mina Collahuasi,-20.547,-68.851,110.0,3.6,Ml
321578,2025-10-14 11:32:47,2025-10-14 08:32:47,16 km al S de Chañaral,-26.485,-70.581,33.0,2.5,Ml
321580,2025-10-14 11:53:13,2025-10-14 08:53:13,162 km al NE de San Pedro de Atacama,-22.194,-66.834,20.0,3.2,Ml
321582,2025-10-14 12:19:18,2025-10-14 09:19:18,37 km al S de Calama,-22.798,-68.85,107.0,2.7,Ml
321586,2025-10-14 12:42:58,2025-10-14 09:42:58,28 km al E de Sierra Gorda,-22.842,-69.048,110.0,3.8,Ml
321607,2025-10-14 17:10:18,2025-10-14 14:10:18,35 km al NE de Pica,-20.205,-69.186,100.0,5.3,Mw
321621,2025-10-14 18:48:28,2025-10-14 15:48:28,196 km al O de Paposo,-24.847,-72.402,10.0,3.5,Ml
321638,2025-10-14 21:29:50,2025-10-14 18:29:50,22 km al SE de Taltal,-25.575,-70.369,53.0,2.7,Ml
321650,2025-10-15 00:51:06,2025-10-14 21:51:06,12 km al E de Parque Fray Jorge,-30.622,-71.564,30.0,2.9,Ml
321654,2025-10-15 01:12:43,2025-10-14 22:12:43,19 km al O de Termas del Flaco,-34.89,-70.624,123.0,3.2,Ml
321676,2025-10-15 04:50:25,2025-10-15 01:50:25,42 km al N de Calama,-22.09,-68.953,105.0,2.5,Ml
321677,2025-10-15 05:25:19,2025-10-15 02:25:19,57 km al O de Parque Fray Jorge,-30.467,-72.237,31.0,3.0,Ml
321681,2025-10-15 05:45:08,2025-10-15 02:45:08,90 km al SE de Socaire,-24.334,-67.547,195.0,3.3,Ml
321706,2025-10-15 11:43:39,2025-10-15 08:43:39,18 km al NO de Punitaqui,-30.75,-71.42,49.0,5.5,Mww
321709,2025-10-15 11:51:34,2025-10-15 08:51:34,13 km al NO de Punitaqui,-30.725,-71.328,34.0,3.0,Ml
321710,2025-10-15 11:56:19,2025-10-15 08:56:19,14 km al O de Punitaqui,-30.79,-71.399,43.0,3.8,Ml
321715,2025-10-15 12:22:14,2025-10-15 09:22:14,17 km al NO de Punitaqui,-30.749,-71.407,49.0,2.7,Ml
321716,2025-10-15 12:27:30,2025-10-15 09:27:30,15 km al NO de Punitaqui,-30.746,-71.376,34.0,3.6,Ml
321718,2025-10-15 12:32:47,2025-10-15 09:32:47,15 km al NO de Punitaqui,-30.75,-71.389,42.0,3.2,Ml
321737,2025-10-15 13:36:54,2025-10-15 10:36:54,16 km al NO de Punitaqui,-30.734,-71.378,46.0,3.4,Ml
321739,2025-10-15 13:37:41,2025-10-15 10:37:41,39 km al NE de Copiapó,-27.078,-70.102,72.0,4.2,Ml
321748,2025-10-15 14:54:27,2025-10-15 11:54:27,16 km al O de Punitaqui,-30.772,-71.416,46.0,3.1,Ml
321757,2025-10-15 15:22:45,2025-10-15 12:22:45,18 km al O de Ollagüe,-21.28,-68.416,129.0,2.9,Ml
321760,2025-10-15 15:58:57,2025-10-15 12:58:57,13 km al O de Punitaqui,-30.78,-71.382,44.0,2.8,Ml
321776,2025-10-15 17:37:08,2025-10-15 14:37:08,17 km al SO de Ovalle,-30.674,-71.363,48.0,3.0,Ml
321793,2025-10-15 18:48:49,2025-10-15 15:48:49,11 km al O de Punitaqui,-30.806,-71.372,44.0,3.4,Ml
321797,2025-10-15 21:18:30,2025-10-15 18:18:30,49 km al S de Ollagüe,-21.654,-68.371,122.0,3.1,Ml
321800,2025-10-15 21:45:44,2025-10-15 18:45:44,65 km al NE de Calama,-21.945,-68.651,123.0,2.9,Ml
321803,2025-10-15 22:12:09,2025-10-15 19:12:09,43 km al NE de Punta de Choros,-28.991,-71.135,57.0,4.0,Ml
321808,2025-10-15 23:49:58,2025-10-15 20:49:58,115 km al SE de Copiapó,-28.01,-69.422,110.0,3.5,Ml
321810,2025-10-16 00:10:50,2025-10-15 21:10:50,16 km al NO de Punitaqui,-30.755,-71.404,42.0,3.3,Ml
321816,2025-10-16 00:47:43,2025-10-15 21:47:43,45 km al SO de Mina Collahuasi,-21.198,-68.822,110.0,2.6,Ml
321820,2025-10-16 01:42:33,2025-10-15 22:42:33,287 km al NO de Base Frei,-60.1,-62.1,15.0,6.3,Mww
321828,2025-10-16 02:42:37,2025-10-15 23:42:37,32 km al E de Tocopilla,-22.018,-69.906,77.0,2.8,Ml
321831,2025-10-16 02:45:35,2025-10-15 23:45:35,428 km al NO de Base Frei,-59.16,-63.8,15.0,5.4,Mww
321833,2025-10-16 02:52:57,2025-10-15 23:52:57,18 km al NO de Calama,-22.351,-69.046,80.0,2.7,Ml
321836,2025-10-16 03:07:43,2025-10-16 00:07:43,35 km al O de Ollagüe,-21.221,-68.593,130.0,2.5,Ml
321840,2025-10-16 04:13:42,2025-10-16 01:13:42,14 km al O de Punitaqui,-30.788,-71.396,40.0,2.8,Ml
321869,2025-10-16 07:33:03,2025-10-16 04:33:03,53 km al SE de Antofagasta,-23.975,-70.011,15.0,2.6,Ml
321871,2025-10-16 07:56:21,2025-10-16 04:56:21,17 km al NO de Punitaqui,-30.707,-71.364,33.0,2.9,Ml
321881,2025-10-16 08:46:44,2025-10-16 05:46:44,93 km al NE de San Pedro de Atacama,-22.348,-67.537,195.0,4.0,Ml
321885,2025-10-16 09:04:05,2025-10-16 06:04:05,41 km al O de Socaire,-23.571,-68.296,138.0,3.6,Ml
321887,2025-10-16 09:10:43,2025-10-16 06:10:43,19 km al N de Quintero,-32.606,-71.497,33.0,3.6,Ml
321891,2025-10-16 10:19:22,2025-10-16 07:19:22,10 km al O de La Ligua,-32.419,-71.332,27.0,3.1,Ml
321893,2025-10-16 10:31:08,2025-10-16 07:31:08,50 km al NO de Chañaral,-25.987,-70.923,43.0,3.7,Ml
321899,2025-10-16 12:24:41,2025-10-16 09:24:41,73 km al NE de Calama,-21.88,-68.619,119.0,2.6,Ml
321903,2025-10-16 13:53:45,2025-10-16 10:53:45,74 km al S de Socaire,-24.214,-68.148,280.0,3.7,Ml
321907,2025-10-16 14:51:41,2025-10-16 11:51:41,43 km al NE de Calama,-22.207,-68.629,107.0,3.1,Ml
321906,2025-10-16 14:52:30,2025-10-16 11:52:30,38 km al S de Camiña,-19.652,-69.354,96.0,2.8,Ml
321920,2025-10-16 17:20:04,2025-10-16 14:20:04,41 km al O de Socaire,-23.61,-68.289,122.0,3.0,Ml
321931,2025-10-16 18:48:33,2025-10-16 15:48:33,32 km al E de Pica,-20.542,-69.026,96.0,3.8,Ml
321946,2025-10-16 22:05:05,2025-10-16 19:05:05,56 km al SO de Ollagüe,-21.672,-68.495,126.0,3.1,Ml
321957,2025-10-17 00:21:41,2025-10-16 21:21:41,27 km al O de Pichidangui,-32.166,-71.816,32.0,2.8,Ml
321959,2025-10-17 01:15:11,2025-10-16 22:15:11,16 km al O de Punitaqui,-30.774,-71.417,45.0,4.4,Ml
321973,2025-10-17 05:17:45,2025-10-17 02:17:45,34 km al SO de Mina Collahuasi,-20.973,-68.946,100.0,2.8,Ml
321975,2025-10-17 05:55:52,2025-10-17 02:55:52,63 km al S de Camiña,-19.846,-69.232,88.0,3.7,Ml
321979,2025-10-17 06:45:53,2025-10-17 03:45:53,18 km al SE de Rancagua,-34.253,-70.576,100.0,3.5,Ml
321987,2025-10-17 07:48:53,2025-10-17 04:48:53,27 km al N de Pica,-20.26,-69.258,89.0,2.6,Ml
321992,2025-10-17 08:55:55,2025-10-17 05:55:55,18 km al SE de Tocopilla,-22.232,-70.119,20.0,2.3,Ml
321996,2025-10-17 09:17:13,2025-10-17 06:17:13,62 km al SO de Socaire,-24.05,-68.231,135.0,2.8,Ml
321999,2025-10-17 09:31:24,2025-10-17 06:31:24,43 km al SE de Taltal,-25.691,-70.187,65.0,3.0,Ml
322018,2025-10-17 12:37:32,2025-10-17 09:37:32,10 km al SO de Calama,-22.511,-69.016,112.0,2.5,Ml
322022,2025-10-17 13:15:49,2025-10-17 10:15:49,26 km al O de Punta de Choros,-29.332,-71.722,44.0,3.0,Ml
322027,2025-10-17 13:52:08,2025-10-17 10:52:08,44 km al SE de Pica,-20.826,-69.112,107.0,2.6,Ml
322029,2025-10-17 13:54:23,2025-10-17 10:54:23,32 km al O de Mina Collahuasi,-20.768,-68.96,97.0,2.5,Ml
322033,2025-10-17 13:59:39,2025-10-17 10:59:39,49 km al SE de Camiña,-19.703,-69.206,108.0,2.5,Ml
322035,2025-10-17 14:48:54,2025-10-17 11:48:54,17 km al O de Calama,-22.437,-69.091,98.0,3.1,Ml
322040,2025-10-17 15:25:54,2025-10-17 12:25:54,51 km al NE de Ollagüe,-20.991,-67.834,218.0,2.7,Ml
322041,2025-10-17 15:33:08,2025-10-17 12:33:08,50 km al E de Pica,-20.311,-68.889,119.0,3.7,Ml
322043,2025-10-17 15:40:15,2025-10-17 12:40:15,23 km al NE de Punta de Choros,-29.055,-71.383,37.0,2.5,Ml
322045,2025-10-17 15:49:16,2025-10-17 12:49:16,5 km al NE de Parque Fray Jorge,-30.621,-71.661,47.0,2.8,Ml
322051,2025-10-17 16:09:52,2025-10-17 13:09:52,29 km al NO de Rancagua,-33.973,-70.941,88.0,3.3,Ml
322052,2025-10-17 16:11:46,2025-10-17 13:11:46,28 km al E de Petorca,-32.165,-70.653,96.0,2.6,Ml
322058,2025-10-17 17:24:48,2025-10-17 14:24:48,38 km al SE de Linares,-36.018,-71.237,118.0,2.6,Ml
322074,2025-10-17 19:28:05,2025-10-17 16:28:05,20 km al N de Carrizal Bajo,-27.909,-71.181,47.0,2.7,Ml
322078,2025-10-17 19:51:18,2025-10-17 16:51:18,28 km al NE de Mina La Escondida,-24.088,-68.864,111.0,2.8,Ml
322079,2025-10-17 19:52:51,2025-10-17 16:52:51,28 km al N de Iquique,-19.976,-70.067,36.0,2.9,Ml
322084,2025-10-17 20:11:52,2025-10-17 17:11:52,24 km al S de Ollagüe,-21.442,-68.276,129.0,2.6,Ml
322088,2025-10-17 20:20:13,2025-10-17 17:20:13,28 km al N de Vallenar,-28.334,-70.842,59.0,2.5,Ml
322095,2025-10-17 20:59:27,2025-10-17 17:59:27,65 km al SE de Sierra Gorda,-23.266,-68.836,117.0,3.1,Ml
322101,2025-10-17 22:07:51,2025-10-17 19:07:51,60 km al S de Sierra Gorda,-23.412,-69.159,85.0,2.9,Ml
322103,2025-10-17 22:09:12,2025-10-17 19:09:12,153 km al NO de Constitución,-34.656,-73.875,27.0,3.2,Ml
322106,2025-10-17 22:18:56,2025-10-17 19:18:56,35 km al S de Mina Collahuasi,-21.126,-68.748,117.0,3.5,Ml
322108,2025-10-17 22:39:46,2025-10-17 19:39:46,30 km al O de Constitución,-35.358,-72.741,35.0,2.6,Ml
322119,2025-10-18 00:27:29,2025-10-17 21:27:29,26 km al NO de Mina Collahuasi,-20.706,-68.869,106.0,2.5,Ml
322116,2025-10-18 00:28:59,2025-10-17 21:28:59,73 km al NE de Calama,-21.926,-68.535,115.0,3.5,Ml
322122,2025-10-18 01:05:07,2025-10-17 22:05:07,73 km al SE de Socaire,-24.191,-67.598,268.0,3.6,Ml
322127,2025-10-18 02:49:36,2025-10-17 23:49:36,9 km al S de Los Ángeles,-37.552,-72.374,71.0,3.3,Ml
322129,2025-10-18 03:36:31,2025-10-18 00:36:31,82 km al SO de Socaire,-24.266,-68.2,255.0,3.2,Ml
322135,2025-10-18 05:13:40,2025-10-18 02:13:40,49 km al N de Camiña,-18.879,-69.481,109.0,2.9,Ml
322137,2025-10-18 05:49:44,2025-10-18 02:49:44,93 km al SE de Socaire,-24.246,-67.328,180.0,2.5,Ml
322138,2025-10-18 06:01:34,2025-10-18 03:01:34,44 km al E de Mina Los Pelambres,-31.779,-70.126,119.0,2.5,Ml
322142,2025-10-18 06:28:34,2025-10-18 03:28:34,25 km al SE de Sierra Gorda,-23.025,-69.122,92.0,2.5,Ml
322157,2025-10-18 08:47:32,2025-10-18 05:47:32,114 km al SE de Ollagüe,-22.034,-67.571,224.0,3.2,Ml
322168,2025-10-18 11:12:51,2025-10-18 08:12:51,64 km al NE de Calama,-22.004,-68.56,120.0,2.6,Ml
322174,2025-10-18 11:53:06,2025-10-18 08:53:06,51 km al NE de San Fabián,-36.288,-71.092,139.0,3.3,Ml
322182,2025-10-18 13:55:27,2025-10-18 10:55:27,88 km al NE de San Pedro de Atacama,-22.319,-67.636,246.0,3.1,Ml
322184,2025-10-18 14:20:59,2025-10-18 11:20:59,39 km al E de Pica,-20.589,-68.973,119.0,4.2,Ml
322188,2025-10-18 14:38:36,2025-10-18 11:38:36,16 km al NO de Carrizal Bajo,-27.968,-71.252,28.0,2.9,Ml
322190,2025-10-18 15:25:49,2025-10-18 12:25:49,33 km al S de Socaire,-23.881,-67.97,255.0,3.1,Ml
322193,2025-10-18 15:39:40,2025-10-18 12:39:40,94 km al O de Pichilemu,-34.594,-73.003,30.0,3.3,Ml
322198,2025-10-18 16:02:51,2025-10-18 13:02:51,42 km al O de Ollagüe,-21.262,-68.657,123.0,3.0,Ml
322205,2025-10-18 16:48:39,2025-10-18 13:48:39,38 km al SO de Huasco,-28.741,-71.454,47.0,2.5,Ml
322252,2025-10-18 17:42:34,2025-10-18 14:42:34,53 km al SE de Socaire,-23.865,-67.462,253.0,2.8,Ml
322220,2025-10-18 19:19:07,2025-10-18 16:19:07,16 km al NO de Punitaqui,-30.717,-71.357,45.0,2.5,Ml
322222,2025-10-18 19:41:55,2025-10-18 16:41:55,15 km al NO de Vallenar,-28.506,-70.889,58.0,2.5,Ml
322225,2025-10-18 19:45:56,2025-10-18 16:45:56,44 km al SO de Mina Collahuasi,-21.155,-68.901,115.0,2.5,Ml
322231,2025-10-18 21:16:41,2025-10-18 18:16:41,13 km al NO de Punitaqui,-30.772,-71.373,44.0,3.9,Ml
322235,2025-10-18 21:36:01,2025-10-18 18:36:01,58 km al S de Ollagüe,-21.709,-68.452,124.0,2.6,Ml
322245,2025-10-18 22:46:08,2025-10-18 19:46:08,36 km al O de Ollagüe,-21.158,-68.589,132.0,2.8,Ml
322248,2025-10-18 23:03:07,2025-10-18 20:03:07,65 km al SE de Socaire,-24.023,-67.466,241.0,3.5,Ml
322259,2025-10-19 00:30:18,2025-10-18 21:30:18,5 km al SE de Parque Fray Jorge,-30.686,-71.639,33.0,3.4,Ml
322263,2025-10-19 01:13:00,2025-10-18 22:13:00,73 km al S de Socaire,-24.245,-67.809,224.0,4.1,Ml
322276,2025-10-19 03:45:09,2025-10-19 00:45:09,74 km al NE de Calama,-21.882,-68.601,119.0,3.6,Ml
322280,2025-10-19 04:02:03,2025-10-19 01:02:03,37 km al O de Caldera,-26.927,-71.162,44.0,2.9,Ml
322293,2025-10-19 05:57:39,2025-10-19 02:57:39,62 km al O de Canela Baja,-31.512,-72.101,33.0,2.7,Ml
322295,2025-10-19 06:06:55,2025-10-19 03:06:55,76 km al N de Calama,-21.8,-68.782,113.0,2.9,Ml
322297,2025-10-19 06:35:37,2025-10-19 03:35:37,28 km al O de Navidad,-33.885,-72.125,37.0,3.6,Ml
322300,2025-10-19 06:43:20,2025-10-19 03:43:20,34 km al E de Caleta El Cobre,-24.166,-70.204,47.0,2.5,Ml
322305,2025-10-19 07:58:38,2025-10-19 04:58:38,39 km al SO de Mina Collahuasi,-21.111,-68.87,118.0,3.3,Ml
322308,2025-10-19 08:29:01,2025-10-19 05:29:01,35 km al E de Concepción,-36.765,-72.665,51.0,3.3,Ml
322314,2025-10-19 09:02:03,2025-10-19 06:02:03,43 km al S de Calama,-22.856,-68.897,96.0,3.1,Ml
322316,2025-10-19 09:14:41,2025-10-19 06:14:41,22 km al S de Osorno,-40.768,-73.09,64.0,3.6,Ml
322330,2025-10-19 10:53:38,2025-10-19 07:53:38,16 km al NE de Punta de Choros,-29.147,-71.346,59.0,2.8,Ml
322335,2025-10-19 12:23:44,2025-10-19 09:23:44,21 km al E de Los Andes,-32.827,-70.373,110.0,3.1,Ml
322345,2025-10-19 14:01:16,2025-10-19 11:01:16,10 km al E de Cuya,-19.153,-70.081,66.0,2.8,Ml
322347,2025-10-19 14:10:48,2025-10-19 11:10:48,44 km al NE de Calama,-22.107,-68.759,111.0,2.6,Ml
322354,2025-10-19 15:38:20,2025-10-19 12:38:20,10 km al SE de Calama,-22.521,-68.847,106.0,2.9,Ml
322358,2025-10-19 16:27:45,2025-10-19 13:27:45,30 km al S de Mina Collahuasi,-21.075,-68.758,110.0,2.5,Ml
322362,2025-10-19 17:06:34,2025-10-19 14:06:34,24 km al O de Ollagüe,-21.196,-68.479,133.0,2.7,Ml
322364,2025-10-19 17:22:55,2025-10-19 14:22:55,46 km al N de Calama,-22.084,-68.783,100.0,3.1,Ml
322372,2025-10-19 18:50:37,2025-10-19 15:50:37,41 km al O de San Pedro de Atacama,-22.832,-68.587,113.0,2.7,Ml
322380,2025-10-19 19:35:51,2025-10-19 16:35:51,39 km al SO de Ollagüe,-21.54,-68.423,129.0,3.1,Ml
322403,2025-10-19 21:52:59,2025-10-19 18:52:59,61 km al SE de Socaire,-24.038,-67.55,245.0,2.9,Ml
322424,2025-10-20 02:35:54,2025-10-19 23:35:54,4 km al E de Parque Fray Jorge,-30.659,-71.645,40.0,3.0,Ml
322428,2025-10-20 03:07:47,2025-10-20 00:07:47,96 km al O de Pisagua,-19.457,-71.113,23.0,2.5,Ml
322431,2025-10-20 03:43:17,2025-10-20 00:43:17,40 km al SE de Caleta El Cobre,-24.566,-70.343,55.0,2.5,Ml
322444,2025-10-20 05:20:54,2025-10-20 02:20:54,46 km al NE de Calama,-22.163,-68.627,125.0,2.9,Ml
322465,2025-10-20 09:21:02,2025-10-20 06:21:02,15 km al SE de Ollagüe,-21.317,-68.147,94.0,2.5,Ml
322468,2025-10-20 09:53:39,2025-10-20 06:53:39,71 km al S de Colchane,-19.879,-68.873,114.0,3.0,Ml
322472,2025-10-20 10:07:09,2025-10-20 07:07:09,28 km al S de Pichidangui,-32.384,-71.578,50.0,3.2,Ml
322484,2025-10-20 10:59:09,2025-10-20 07:59:09,35 km al NO de Visviri,-17.43,-69.758,156.0,2.7,Ml
322483,2025-10-20 11:08:11,2025-10-20 08:08:11,25 km al NE de Sierra Gorda,-22.695,-69.206,86.0,2.5,Ml
322480,2025-10-20 11:12:28,2025-10-20 08:12:28,12 km al O de Los Vilos,-31.917,-71.639,32.0,2.8,Ml
322488,2025-10-20 11:52:38,2025-10-20 08:52:38,77 km al SE de Socaire,-24.208,-67.551,208.0,2.7,Ml
322485,2025-10-20 11:54:09,2025-10-20 08:54:09,54 km al E de Carrizal Bajo,-28.007,-70.603,91.0,2.6,Ml
322491,2025-10-20 12:11:42,2025-10-20 09:11:42,73 km al SO de Socaire,-24.131,-68.295,115.0,2.7,Ml
322497,2025-10-20 14:43:26,2025-10-20 11:43:26,23 km al SE de Pica,-20.614,-69.147,99.0,2.5,Ml
322518,2025-10-20 17:49:49,2025-10-20 14:49:49,12 km al N de Pichidangui,-32.029,-71.562,33.0,2.7,Ml
322523,2025-10-20 18:38:10,2025-10-20 15:38:10,70 km al NO de Tongoy,-29.874,-72.067,44.0,3.8,Ml
322545,2025-10-20 22:40:33,2025-10-20 19:40:33,85 km al SE de Socaire,-23.923,-67.142,223.0,2.7,Ml
322550,2025-10-21 00:34:28,2025-10-20 21:34:28,283 km al NO de Base Frei,-60.08,-61.9,10.0,4.3,Ml
322554,2025-10-21 01:10:59,2025-10-20 22:10:59,39 km al O de Socaire,-23.463,-68.242,130.0,3.1,Ml
322559,2025-10-21 01:31:58,2025-10-20 22:31:58,45 km al NO de Parque Fray Jorge,-30.398,-72.043,35.0,4.0,Ml
322564,2025-10-21 02:42:35,2025-10-20 23:42:35,61 km al SO de Ollagüe,-21.585,-68.695,114.0,2.6,Ml
322569,2025-10-21 04:13:28,2025-10-21 01:13:28,30 km al SO de Punta de Choros,-29.489,-71.603,30.0,2.7,Ml
322573,2025-10-21 05:09:47,2025-10-21 02:09:47,137 km al NO de Bahía Mansa,-39.696,-74.842,20.0,2.8,Ml
322575,2025-10-21 06:25:52,2025-10-21 03:25:52,66 km al NE de Calama,-21.952,-68.61,116.0,2.6,Ml
322580,2025-10-21 06:58:39,2025-10-21 03:58:39,67 km al E de Los Andes,-32.687,-69.908,129.0,2.6,Ml
322585,2025-10-21 07:33:36,2025-10-21 04:33:36,59 km al O de Valparaíso,-32.953,-72.235,19.0,2.6,Ml
322589,2025-10-21 08:29:45,2025-10-21 05:29:45,32 km al N de Pica,-20.211,-69.277,92.0,3.6,Ml
322602,2025-10-21 10:11:47,2025-10-21 07:11:47,42 km al NE de Alto del Carmen,-28.542,-70.137,107.0,2.9,Ml
322606,2025-10-21 10:59:09,2025-10-21 07:59:09,151 km al O de Valdivia,-39.547,-74.97,31.0,3.7,Ml
322617,2025-10-21 12:58:11,2025-10-21 09:58:11,23 km al N de La Higuera,-29.31,-71.149,49.0,2.8,Ml
322621,2025-10-21 13:16:47,2025-10-21 10:16:47,74 km al SE de Socaire,-24.203,-67.611,224.0,3.2,Ml
322629,2025-10-21 14:08:37,2025-10-21 11:08:37,80 km al NE de Los Andes,-32.378,-69.944,127.0,4.9,Mw
322632,2025-10-21 14:27:04,2025-10-21 11:27:04,52 km al O de Fresia,-41.186,-74.044,32.0,3.8,Ml
322642,2025-10-21 15:34:30,2025-10-21 12:34:30,73 km al S de Socaire,-24.231,-68.054,235.0,3.0,Ml
322653,2025-10-21 16:55:12,2025-10-21 13:55:12,88 km al NE de Mina Collahuasi,-20.158,-68.205,188.0,3.6,Ml
322662,2025-10-21 17:40:51,2025-10-21 14:40:51,41 km al S de Mina Collahuasi,-21.19,-68.718,111.0,3.0,Ml
322667,2025-10-21 18:39:29,2025-10-21 15:39:29,43 km al S de Camiña,-19.671,-69.279,88.0,2.9,Ml
322674,2025-10-21 19:59:26,2025-10-21 16:59:26,17 km al NE de Concepción,-36.687,-72.966,25.0,2.7,Ml
322691,2025-10-21 23:21:37,2025-10-21 20:21:37,29 km al SO de Camiña,-19.525,-69.583,97.0,2.8,Ml
322708,2025-10-22 01:30:20,2025-10-21 22:30:20,29 km al NO de Navidad,-33.77,-72.049,27.0,3.1,Ml
322709,2025-10-22 01:33:22,2025-10-21 22:33:22,28 km al NO de Navidad,-33.77,-72.046,32.0,3.0,Ml
322715,2025-10-22 02:10:53,2025-10-21 23:10:53,12 km al NO de Los Vilos,-31.843,-71.615,33.0,2.8,Ml
322719,2025-10-22 02:34:06,2025-10-21 23:34:06,21 km al O de Pichidangui,-32.158,-71.747,22.0,2.7,Ml
322724,2025-10-22 03:18:44,2025-10-22 00:18:44,12 km al NE de Melipilla,-33.616,-71.114,75.0,4.0,Ml
322730,2025-10-22 03:48:02,2025-10-22 00:48:02,47 km al E de Sierra Gorda,-23.02,-68.887,109.0,3.0,Ml
322755,2025-10-22 09:36:07,2025-10-22 06:36:07,74 km al SE de Socaire,-24.212,-67.632,200.0,4.4,Mw
322760,2025-10-22 09:44:52,2025-10-22 06:44:52,44 km al SO de San Pedro de Atacama,-23.098,-68.588,117.0,2.9,Ml
322762,2025-10-22 10:17:52,2025-10-22 07:17:52,13 km al S de Futrono,-40.246,-72.387,90.0,3.0,Ml
322771,2025-10-22 12:01:23,2025-10-22 09:01:23,51 km al SO de Putre,-18.618,-69.76,124.0,3.7,Ml
322775,2025-10-22 12:41:05,2025-10-22 09:41:05,50 km al S de Pica,-20.918,-69.192,105.0,2.5,Ml
322777,2025-10-22 12:47:57,2025-10-22 09:47:57,45 km al SE de Pica,-20.845,-69.129,110.0,2.9,Ml
322780,2025-10-22 13:09:57,2025-10-22 10:09:57,24 km al SE de Combarbalá,-31.314,-70.808,105.0,3.7,Ml
322792,2025-10-22 15:35:23,2025-10-22 12:35:23,49 km al S de Pica,-20.928,-69.278,91.0,2.7,Ml
322801,2025-10-22 17:15:51,2025-10-22 14:15:51,61 km al S de Camiña,-19.857,-69.37,89.0,2.5,Ml
322817,2025-10-22 20:15:46,2025-10-22 17:15:46,4 km al O de Ollagüe,-21.211,-68.293,137.0,2.9,Ml
322830,2025-10-22 21:18:26,2025-10-22 18:18:26,9 km al E de Parque Fray Jorge,-30.692,-71.597,29.0,2.8,Ml
322838,2025-10-22 22:45:19,2025-10-22 19:45:19,92 km al SE de Socaire,-24.163,-67.238,240.0,3.3,Ml
322868,2025-10-23 06:54:41,2025-10-23 03:54:41,119 km al NE de Socaire,-23.01,-66.907,237.0,3.4,Ml
322872,2025-10-23 07:52:48,2025-10-23 04:52:48,38 km al O de Ollagüe,-21.243,-68.615,127.0,3.2,Ml
322884,2025-10-23 10:01:53,2025-10-23 07:01:53,42 km al NE de Carrizal Bajo,-27.792,-70.878,59.0,3.1,Ml
322897,2025-10-23 12:41:26,2025-10-23 09:41:26,48 km al SO de Mina Collahuasi,-21.192,-68.904,115.0,2.5,Ml
322898,2025-10-23 12:55:17,2025-10-23 09:55:17,25 km al SE de Pica,-20.629,-69.135,112.0,2.5,Ml
322900,2025-10-23 13:01:58,2025-10-23 10:01:58,50 km al SO de Mina Collahuasi,-21.161,-68.973,107.0,2.7,Ml
322905,2025-10-23 13:32:34,2025-10-23 10:32:34,72 km al S de Socaire,-24.2,-67.652,237.0,3.3,Ml
322913,2025-10-23 16:09:23,2025-10-23 13:09:23,11 km al S de Vichuquén,-34.987,-72.006,37.0,2.7,Ml
322916,2025-10-23 16:14:56,2025-10-23 13:14:56,52 km al O de Valdivia,-40.007,-73.807,32.0,3.4,Ml
322918,2025-10-23 16:33:08,2025-10-23 13:33:08,5 km al E de Quillota,-32.866,-71.196,54.0,3.3,Ml
322920,2025-10-23 16:55:23,2025-10-23 13:55:23,19 km al SO de Ollagüe,-21.334,-68.39,133.0,2.6,Ml
322933,2025-10-23 17:37:05,2025-10-23 14:37:05,45 km al NO de Quillagua,-21.367,-69.842,47.0,2.5,Ml
322940,2025-10-23 18:27:54,2025-10-23 15:27:54,35 km al SE de Pica,-20.692,-69.077,96.0,2.6,Ml
322958,2025-10-23 23:14:08,2025-10-23 20:14:08,21 km al E de Cuya,-19.217,-69.984,66.0,2.5,Ml
322963,2025-10-24 00:11:28,2025-10-23 21:11:28,20 km al S de San Antonio,-33.764,-71.617,52.0,2.8,Ml
322969,2025-10-24 01:48:34,2025-10-23 22:48:34,35 km al SO de Pisagua,-19.766,-70.498,47.0,2.7,Ml
322973,2025-10-24 01:52:03,2025-10-23 22:52:03,142 km al O de Patache,-21.31,-71.459,13.0,3.6,Ml
322981,2025-10-24 04:38:52,2025-10-24 01:38:52,32 km al E de Sierra Gorda,-22.987,-69.03,111.0,2.8,Ml
322988,2025-10-24 05:56:54,2025-10-24 02:56:54,49 km al O de Quintero,-32.714,-72.039,44.0,2.9,Ml
323008,2025-10-24 10:09:03,2025-10-24 07:09:03,115 km al NE de Socaire,-23.131,-66.884,271.0,3.5,Ml
323019,2025-10-24 12:07:48,2025-10-24 09:07:48,20 km al SO de Pichidangui,-32.245,-71.698,40.0,2.6,Ml
323035,2025-10-24 15:11:29,2025-10-24 12:11:29,56 km al SO de San Pedro de Atacama,-23.328,-68.524,168.0,2.5,Ml
323054,2025-10-24 17:56:34,2025-10-24 14:56:34,62 km al SE de Sierra Gorda,-23.399,-69.078,96.0,3.5,Ml
323072,2025-10-24 18:43:30,2025-10-24 15:43:30,83 km al O de San Antonio de los Cobres,-24.03,-67.111,225.0,3.9,Ml
323077,2025-10-24 19:25:33,2025-10-24 16:25:33,65 km al S de Ollagüe,-21.779,-68.456,113.0,2.5,Ml
323086,2025-10-24 19:56:16,2025-10-24 16:56:16,35 km al O de La Serena,-29.87,-71.618,36.0,4.4,Mw
323093,2025-10-24 20:53:13,2025-10-24 17:53:13,40 km al NO de Los Vilos,-31.737,-71.876,41.0,3.4,Ml
323096,2025-10-24 21:39:08,2025-10-24 18:39:08,34 km al NO de Los Vilos,-31.694,-71.759,42.0,2.7,Ml
323099,2025-10-24 22:13:49,2025-10-24 19:13:49,34 km al O de La Serena,-29.898,-71.6,40.0,3.3,Ml
323103,2025-10-24 22:29:56,2025-10-24 19:29:56,36 km al NO de Parque Fray Jorge,-30.409,-71.914,32.0,3.0,Ml
323105,2025-10-24 22:31:49,2025-10-24 19:31:49,77 km al S de Socaire,-24.241,-67.631,235.0,3.3,Ml
323112,2025-10-25 01:39:16,2025-10-24 22:39:16,26 km al E de Pica,-20.474,-69.082,119.0,3.2,Ml
323118,2025-10-25 02:59:39,2025-10-24 23:59:39,29 km al O de La Serena,-29.885,-71.548,40.0,2.7,Ml
323121,2025-10-25 03:40:52,2025-10-25 00:40:52,41 km al O de Mina Collahuasi,-20.859,-69.053,112.0,3.7,Ml
323124,2025-10-25 04:25:59,2025-10-25 01:25:59,34 km al E de Carrizal Bajo,-28.213,-70.831,52.0,3.7,Ml
323142,2025-10-25 08:25:02,2025-10-25 05:25:02,53 km al NE de Calama,-22.043,-68.694,107.0,2.5,Ml
323147,2025-10-25 09:05:41,2025-10-25 06:05:41,11 km al O de Punitaqui,-30.789,-71.366,48.0,3.6,Ml
323162,2025-10-25 11:50:15,2025-10-25 08:50:15,38 km al S de Camiña,-19.65,-69.396,92.0,3.2,Ml
323166,2025-10-25 12:21:35,2025-10-25 09:21:35,43 km al NO de Pichilemu,-34.088,-72.305,29.0,2.7,Ml
323172,2025-10-25 13:53:39,2025-10-25 10:53:39,2 km al NO de Melipilla,-33.679,-71.23,67.0,2.7,Ml
323174,2025-10-25 14:14:05,2025-10-25 11:14:05,309 km al NO de Base Frei,-59.83,-62.0,10.0,3.7,Ml
323186,2025-10-25 17:29:33,2025-10-25 14:29:33,194 km al NO de Cabo Raper,-45.708,-77.596,10.0,5.3,Mww
323200,2025-10-25 19:04:07,2025-10-25 16:04:07,40 km al NO de Calama,-22.276,-69.255,87.0,2.6,Ml
323201,2025-10-25 19:21:29,2025-10-25 16:21:29,26 km al NO de San Pedro de Atacama,-22.821,-68.427,114.0,3.2,Ml
323210,2025-10-25 20:47:28,2025-10-25 17:47:28,18 km al N de Sierra Gorda,-22.733,-69.288,87.0,3.4,Ml
323215,2025-10-25 22:09:32,2025-10-25 19:09:32,74 km al S de Ilo,-18.299,-71.474,25.0,4.4,Mw
323217,2025-10-25 22:43:39,2025-10-25 19:43:39,50 km al SO de Mina Collahuasi,-21.17,-68.966,113.0,2.9,Ml
323219,2025-10-25 22:47:42,2025-10-25 19:47:42,66 km al SE de Putre,-18.654,-69.164,140.0,3.2,Ml
323221,2025-10-25 23:21:17,2025-10-25 20:21:17,61 km al SE de Socaire,-23.994,-67.483,263.0,3.1,Ml
323228,2025-10-26 00:07:49,2025-10-25 21:07:49,74 km al E de Socaire,-23.445,-67.179,234.0,3.5,Ml
323231,2025-10-26 00:35:12,2025-10-25 21:35:12,68 km al NE de Socaire,-23.326,-67.292,235.0,2.5,Ml
323230,2025-10-26 00:38:29,2025-10-25 21:38:29,35 km al O de Ollagüe,-21.204,-68.586,124.0,2.5,Ml
323244,2025-10-26 02:20:12,2025-10-25 23:20:12,73 km al SE de Socaire,-24.109,-67.447,230.0,3.2,Ml
323243,2025-10-26 02:55:48,2025-10-25 23:55:48,47 km al S de Mina Collahuasi,-21.244,-68.705,120.0,2.5,Ml
323254,2025-10-26 05:23:13,2025-10-26 02:23:13,31 km al O de Ollagüe,-21.202,-68.549,134.0,2.7,Ml
323258,2025-10-26 06:00:05,2025-10-26 03:00:05,52 km al SO de Pica,-20.924,-69.518,91.0,3.1,Ml
323269,2025-10-26 07:16:04,2025-10-26 04:16:04,68 km al N de Pica,-19.904,-69.142,98.0,2.6,Ml
323270,2025-10-26 07:21:33,2025-10-26 04:21:33,133 km al O de Valparaíso,-33.019,-73.043,25.0,2.5,Ml
323274,2025-10-26 07:42:01,2025-10-26 04:42:01,49 km al E de Sierra Gorda,-23.029,-68.868,71.0,2.9,Ml
323279,2025-10-26 08:09:48,2025-10-26 05:09:48,81 km al SE de Socaire,-23.925,-67.179,210.0,2.7,Ml
323291,2025-10-26 10:05:43,2025-10-26 07:05:43,34 km al NE de Socaire,-23.338,-67.695,266.0,3.3,Ml
323295,2025-10-26 10:36:06,2025-10-26 07:36:06,48 km al N de Tocopilla,-21.663,-70.184,38.0,3.5,Ml
323300,2025-10-26 10:52:51,2025-10-26 07:52:51,65 km al SE de Socaire,-23.894,-67.34,231.0,3.0,Ml
323299,2025-10-26 10:57:12,2025-10-26 07:57:12,56 km al O de Fresia,-41.162,-74.092,23.0,3.0,Ml
323302,2025-10-26 11:12:44,2025-10-26 08:12:44,19 km al S de Patache,-20.973,-70.165,50.0,3.4,Ml
323305,2025-10-26 11:28:45,2025-10-26 08:28:45,46 km al O de Ollagüe,-21.28,-68.691,123.0,2.8,Ml
323306,2025-10-26 11:55:26,2025-10-26 08:55:26,29 km al S de Mina Collahuasi,-21.082,-68.689,113.0,2.8,Ml
323310,2025-10-26 12:06:20,2025-10-26 09:06:20,34 km al SO de Pichidangui,-32.309,-71.829,24.0,3.2,Ml
323312,2025-10-26 12:10:47,2025-10-26 09:10:47,89 km al O de San Antonio de los Cobres,-24.114,-67.19,242.0,4.1,Ml
323314,2025-10-26 12:11:16,2025-10-26 09:11:16,26 km al O de Putre,-18.278,-69.787,109.0,2.9,Ml
323326,2025-10-26 13:58:03,2025-10-26 10:58:03,53 km al SO de Patache,-21.138,-70.566,27.0,4.1,Ml
323332,2025-10-26 15:01:21,2025-10-26 12:01:21,46 km al SO de Mina Collahuasi,-21.155,-68.934,110.0,3.0,Ml
323335,2025-10-26 15:33:42,2025-10-26 12:33:42,46 km al SO de Taltal,-25.761,-70.723,41.0,4.1,Ml
323340,2025-10-26 16:14:36,2025-10-26 13:14:36,30 km al NO de Petorca,-32.093,-71.184,69.0,3.2,Ml
323363,2025-10-26 19:06:14,2025-10-26 16:06:14,61 km al SE de Baquedano,-23.747,-69.451,102.0,2.6,Ml
323359,2025-10-26 19:08:09,2025-10-26 16:08:09,26 km al SO de San José de Maipo,-33.816,-70.532,103.0,4.4,Mw
323367,2025-10-26 19:54:48,2025-10-26 16:54:48,53 km al S de Socaire,-24.068,-67.857,245.0,3.4,Ml
323371,2025-10-26 20:34:54,2025-10-26 17:34:54,3 km al S de Parque Fray Jorge,-30.691,-71.68,33.0,3.0,Ml
323377,2025-10-26 21:03:49,2025-10-26 18:03:49,31 km al O de Mina Collahuasi,-20.716,-68.93,98.0,3.3,Ml
323389,2025-10-26 23:47:24,2025-10-26 20:47:24,1615 km al O de Isla Robinson Crusoe,-36.73,-96.23,10.0,5.2,Mw
323406,2025-10-27 03:55:25,2025-10-27 00:55:25,47 km al E de Socaire,-23.426,-67.47,285.0,3.4,Ml
323410,2025-10-27 04:00:55,2025-10-27 01:00:55,28 km al SO de Constitución,-35.482,-72.661,30.0,2.8,Ml
323418,2025-10-27 05:41:15,2025-10-27 02:41:15,8 km al SE de Los Vilos,-31.973,-71.467,42.0,2.6,Ml
323421,2025-10-27 06:14:14,2025-10-27 03:14:14,55 km al SO de Ollagüe,-21.584,-68.612,140.0,3.3,Ml
323425,2025-10-27 06:35:10,2025-10-27 03:35:10,66 km al E de Socaire,-23.611,-67.238,245.0,3.0,Ml
323435,2025-10-27 07:45:21,2025-10-27 04:45:21,34 km al S de Pica,-20.776,-69.216,104.0,2.8,Ml
323438,2025-10-27 09:40:24,2025-10-27 06:40:24,71 km al NE de Calama,-21.877,-68.681,126.0,2.6,Ml
323442,2025-10-27 11:07:53,2025-10-27 08:07:53,49 km al SO de Ollagüe,-21.619,-68.455,124.0,4.2,Ml
323443,2025-10-27 11:20:10,2025-10-27 08:20:10,52 km al SE de Socaire,-23.83,-67.455,287.0,3.2,Ml
323444,2025-10-27 11:23:54,2025-10-27 08:23:54,36 km al NO de Mejillones,-22.955,-70.765,21.0,2.7,Ml
323456,2025-10-27 13:36:33,2025-10-27 10:36:33,15 km al S de Huasco,-28.593,-71.169,53.0,2.8,Ml
323460,2025-10-27 14:11:47,2025-10-27 11:11:47,3 km al E de Parque Fray Jorge,-30.662,-71.647,33.0,3.9,Ml
323467,2025-10-27 15:10:32,2025-10-27 12:10:32,44 km al SE de Camiña,-19.652,-69.215,96.0,2.7,Ml
323470,2025-10-27 15:11:06,2025-10-27 12:11:06,35 km al NO de Sierra Gorda,-22.63,-69.51,82.0,2.7,Ml
323469,2025-10-27 15:12:41,2025-10-27 12:12:41,59 km al S de Socaire,-24.099,-67.722,270.0,3.5,Ml
323472,2025-10-27 15:30:53,2025-10-27 12:30:53,38 km al E de Baquedano,-23.308,-69.474,84.0,2.9,Ml
323475,2025-10-27 15:34:49,2025-10-27 12:34:49,20 km al N de Tongoy,-30.086,-71.559,33.0,2.6,Ml
323483,2025-10-27 17:11:49,2025-10-27 14:11:49,47 km al NO de Mejillones,-22.764,-70.727,45.0,4.2,Ml
323520,2025-10-27 23:43:07,2025-10-27 20:43:07,34 km al S de Mina Collahuasi,-21.131,-68.682,110.0,2.5,Ml
323523,2025-10-28 00:42:47,2025-10-27 21:42:47,28 km al SE de Tocopilla,-22.3,-70.044,43.0,2.9,Ml
323527,2025-10-28 00:54:59,2025-10-27 21:54:59,47 km al SE de Socaire,-23.966,-67.683,281.0,2.6,Ml
323532,2025-10-28 01:16:54,2025-10-27 22:16:54,61 km al N de Pica,-19.951,-69.212,97.0,3.0,Ml
323541,2025-10-28 03:02:05,2025-10-28 00:02:05,34 km al NO de Mina Collahuasi,-20.566,-68.833,114.0,3.2,Ml
323547,2025-10-28 04:12:11,2025-10-28 01:12:11,56 km al NE de Vallenar,-28.279,-70.289,102.0,2.7,Ml
323551,2025-10-28 04:33:48,2025-10-28 01:33:48,135 km al S de Ilo,-18.785,-71.792,15.0,2.7,Ml
323555,2025-10-28 04:51:28,2025-10-28 01:51:28,22 km al NO de Cuya,-19.002,-70.297,45.0,2.7,Ml
323579,2025-10-28 07:29:07,2025-10-28 04:29:07,17 km al O de Los Andes,-32.898,-70.766,85.0,3.2,Ml
323584,2025-10-28 07:57:46,2025-10-28 04:57:46,64 km al SO de San Pedro de Atacama,-23.306,-68.67,103.0,4.8,Mw
323587,2025-10-28 08:03:08,2025-10-28 05:03:08,61 km al SO de Mina Collahuasi,-21.292,-68.973,103.0,2.6,Ml
323589,2025-10-28 08:17:58,2025-10-28 05:17:58,61 km al SO de San Pedro de Atacama,-23.245,-68.684,98.0,3.8,Ml
323593,2025-10-28 08:30:55,2025-10-28 05:30:55,46 km al O de Ollagüe,-21.264,-68.693,105.0,3.2,Ml
323597,2025-10-28 08:41:50,2025-10-28 05:41:50,26 km al SE de Mina Collahuasi,-21.029,-68.529,134.0,2.9,Ml
323599,2025-10-28 09:07:42,2025-10-28 06:07:42,95 km al NO de Lebu,-37.176,-74.586,33.0,2.9,Ml
323605,2025-10-28 09:36:07,2025-10-28 06:36:07,41 km al O de Angol,-37.728,-73.171,37.0,3.0,Ml
323610,2025-10-28 09:49:19,2025-10-28 06:49:19,15 km al NO de Visviri,-17.507,-69.593,160.0,3.6,Ml
323611,2025-10-28 10:07:56,2025-10-28 07:07:56,68 km al E de Baquedano,-23.51,-69.203,71.0,2.9,Ml
323618,2025-10-28 12:17:41,2025-10-28 09:17:41,22 km al SO de San Pedro de Atacama,-23.023,-68.381,118.0,3.8,Ml
323624,2025-10-28 13:35:41,2025-10-28 10:35:41,61 km al NO de Mejillones,-22.755,-70.916,34.0,2.5,Ml
323628,2025-10-28 14:14:29,2025-10-28 11:14:29,35 km al NE de Pica,-20.224,-69.148,99.0,2.6,Ml
323640,2025-10-28 15:58:42,2025-10-28 12:58:42,33 km al NE de San Pedro de Atacama,-22.735,-67.943,199.0,3.5,Ml
323647,2025-10-28 17:22:47,2025-10-28 14:22:47,12 km al SO de Canela Baja,-31.465,-71.551,33.0,3.4,Ml
323654,2025-10-28 18:30:38,2025-10-28 15:30:38,61 km al NE de Mina La Escondida,-23.868,-68.648,150.0,2.5,Ml
323660,2025-10-28 18:53:16,2025-10-28 15:53:16,17 km al SO de Ollagüe,-21.296,-68.397,135.0,2.5,Ml
323673,2025-10-28 21:13:08,2025-10-28 18:13:08,35 km al O de Mina Collahuasi,-20.825,-68.991,108.0,3.9,Ml
323678,2025-10-28 22:06:15,2025-10-28 19:06:15,109 km al NE de El Salvador,-25.405,-69.058,106.0,3.6,Ml
323691,2025-10-29 01:45:33,2025-10-28 22:45:33,84 km al NO de San Antonio de los Cobres,-23.889,-67.064,214.0,2.9,Ml
323692,2025-10-29 01:48:33,2025-10-28 22:48:33,95 km al S de Socaire,-24.427,-67.683,190.0,2.6,Ml
323695,2025-10-29 02:53:48,2025-10-28 23:53:48,64 km al SE de Monte Patria,-30.974,-70.366,107.0,3.1,Ml
323704,2025-10-29 03:42:04,2025-10-29 00:42:04,46 km al N de Calama,-22.06,-68.849,117.0,2.5,Ml
323706,2025-10-29 04:07:17,2025-10-29 01:07:17,16 km al N de Salamanca,-31.634,-70.962,73.0,3.8,Ml
323709,2025-10-29 04:21:13,2025-10-29 01:21:13,32 km al E de Sierra Gorda,-22.825,-69.013,95.0,2.7,Ml
323710,2025-10-29 04:26:05,2025-10-29 01:26:05,36 km al E de Pica,-20.542,-68.986,112.0,3.1,Ml
323716,2025-10-29 04:53:38,2025-10-29 01:53:38,22 km al O de Visviri,-17.665,-69.679,142.0,3.5,Ml
323721,2025-10-29 05:52:44,2025-10-29 02:52:44,40 km al E de Mina Los Pelambres,-31.862,-70.162,130.0,2.6,Ml
323726,2025-10-29 07:29:59,2025-10-29 04:29:59,21 km al NO de San Pedro de Atacama,-22.837,-68.385,122.0,2.6,Ml
323730,2025-10-29 08:22:59,2025-10-29 05:22:59,39 km al O de Arica,-18.541,-70.688,36.0,3.5,Ml
323732,2025-10-29 08:38:09,2025-10-29 05:38:09,134 km al N de San Antonio de los Cobres,-23.046,-66.597,238.0,3.2,Ml
323733,2025-10-29 09:15:06,2025-10-29 06:15:06,31 km al S de Mina Collahuasi,-21.107,-68.623,129.0,2.5,Ml
323760,2025-10-29 14:04:51,2025-10-29 11:04:51,45 km al E de Patache,-20.922,-69.785,85.0,3.9,Ml
323809,2025-10-29 22:53:52,2025-10-29 19:53:52,44 km al SO de Mina Collahuasi,-21.161,-68.877,111.0,2.9,Ml
323811,2025-10-29 23:05:44,2025-10-29 20:05:44,63 km al N de Calama,-21.919,-68.802,130.0,2.5,Ml
323822,2025-10-30 01:04:49,2025-10-29 22:04:49,76 km al O de Arauco,-36.981,-74.105,18.0,3.9,Ml
323872,2025-10-30 01:05:34,2025-10-29 22:05:34,6 km al NO de Rancagua,-34.133,-70.791,82.0,2.9,Ml
323824,2025-10-30 01:08:16,2025-10-29 22:08:16,65 km al NO de Arauco,-36.894,-73.896,39.0,4.3,Ml
323832,2025-10-30 02:16:40,2025-10-29 23:16:40,51 km al O de Arauco,-37.091,-73.858,25.0,3.5,Ml
323835,2025-10-30 02:22:59,2025-10-29 23:22:59,69 km al SO de San Pedro de Atacama,-23.439,-68.572,111.0,2.7,Ml
323836,2025-10-30 02:30:45,2025-10-29 23:30:45,32 km al N de Lebu,-37.321,-73.689,32.0,3.0,Ml
323847,2025-10-30 05:19:52,2025-10-30 02:19:52,27 km al SO de Mina Collahuasi,-21.038,-68.785,100.0,2.6,Ml
323849,2025-10-30 05:27:33,2025-10-30 02:27:33,36 km al E de Pica,-20.447,-68.983,114.0,2.8,Ml
323861,2025-10-30 07:09:13,2025-10-30 04:09:13,73 km al S de Socaire,-24.24,-67.776,174.0,3.2,Ml
323863,2025-10-30 07:17:06,2025-10-30 04:17:06,29 km al O de Canela Baja,-31.489,-71.744,31.0,2.7,Ml
323867,2025-10-30 07:54:46,2025-10-30 04:54:46,30 km al NE de Calama,-22.307,-68.693,102.0,2.5,Ml
323868,2025-10-30 07:59:55,2025-10-30 04:59:55,18 km al NE de Pica,-20.406,-69.185,83.0,2.5,Ml
323874,2025-10-30 08:38:26,2025-10-30 05:38:26,72 km al S de Ollagüe,-21.829,-68.502,122.0,2.5,Ml
323884,2025-10-30 10:28:30,2025-10-30 07:28:30,36 km al NE de Pica,-20.232,-69.114,91.0,2.8,Ml
323887,2025-10-30 11:36:17,2025-10-30 08:36:17,96 km al S de Ilo,-18.507,-71.28,10.0,2.5,Ml
323890,2025-10-30 11:59:16,2025-10-30 08:59:16,25 km al S de Alto del Carmen,-28.985,-70.47,100.0,3.4,Ml
323907,2025-10-30 16:04:40,2025-10-30 13:04:40,13 km al SE de Taltal,-25.481,-70.387,46.0,4.0,Ml
323915,2025-10-30 18:45:51,2025-10-30 15:45:51,45 km al SE de Patache,-21.093,-69.896,51.0,3.1,Ml
323917,2025-10-30 18:49:39,2025-10-30 15:49:39,70 km al NE de Calama,-21.976,-68.502,129.0,3.3,Ml
323924,2025-10-30 21:16:15,2025-10-30 18:16:15,30 km al SO de Santa Cruz,-34.762,-71.659,49.0,4.3,Ml
323928,2025-10-30 21:49:33,2025-10-30 18:49:33,83 km al N de San Pedro de Atacama,-22.211,-67.938,213.0,3.9,Ml
323943,2025-10-31 01:15:06,2025-10-30 22:15:06,77 km al E de Socaire,-23.812,-67.176,230.0,3.4,Ml
323956,2025-10-31 04:22:08,2025-10-31 01:22:08,19 km al NO de Caldera,-26.988,-70.995,54.0,2.8,Ml
323978,2025-10-31 09:18:24,2025-10-31 06:18:24,97 km al NO de Punta Arenas,-52.55,-71.93,44.0,3.1,Ml
323980,2025-10-31 09:23:20,2025-10-31 06:23:20,18 km al N de Los Vilos,-31.75,-71.477,46.0,2.7,Ml
323983,2025-10-31 09:45:52,2025-10-31 06:45:52,79 km al SE de Puerto Natales,-52.329,-71.89,25.0,4.1,Ml
323988,2025-10-31 11:45:47,2025-10-31 08:45:47,68 km al E de Mina Los Pelambres,-31.663,-69.897,150.0,3.0,Ml
323992,2025-10-31 11:58:24,2025-10-31 08:58:24,50 km al NE de Carrizal Bajo,-27.804,-70.754,60.0,2.9,Ml
323994,2025-10-31 12:05:16,2025-10-31 09:05:16,38 km al SO de Pichidangui,-32.418,-71.755,59.0,3.3,Ml
323997,2025-10-31 12:34:50,2025-10-31 09:34:50,19 km al SE de Huasco,-28.55,-71.055,44.0,3.5,Ml
323998,2025-10-31 13:09:01,2025-10-31 10:09:01,57 km al O de Ollagüe,-21.381,-68.781,117.0,3.3,Ml
324011,2025-10-31 14:41:26,2025-10-31 11:41:26,6 km al SO de Parque Fray Jorge,-30.715,-71.707,36.0,4.1,Ml
324025,2025-10-31 17:04:51,2025-10-31 14:04:51,15 km al NE de Vichuquén,-34.767,-71.906,20.0,3.0,Ml
324038,2025-10-31 20:31:02,2025-10-31 17:31:02,32 km al E de Cauquenes,-35.855,-71.991,57.0,3.3,Ml
324055,2025-10-31 23:45:40,2025-10-31 20:45:40,5 km al SE de Punitaqui,-30.868,-71.237,25.0,3.9,Ml
324064,2025-11-01 01:54:23,2025-10-31 22:54:23,10 km al SE de Pica,-20.561,-69.267,99.0,2.6,Ml
324068,2025-11-01 02:42:50,2025-10-31 23:42:50,33 km al S de Mina Collahuasi,-21.106,-68.558,130.0,2.8,Ml
324074,2025-11-01 03:30:05,2025-11-01 00:30:05,34 km al SO de Canela Baja,-31.564,-71.764,40.0,3.3,Ml
324081,2025-11-01 03:49:51,2025-11-01 00:49:51,72 km al S de Socaire,-24.197,-67.65,224.0,3.3,Ml
324092,2025-11-01 04:33:12,2025-11-01 01:33:12,17 km al NO de Punitaqui,-30.706,-71.358,32.0,2.7,Ml
324094,2025-11-01 05:02:44,2025-11-01 02:02:44,23 km al S de Mina Collahuasi,-21.023,-68.712,107.0,2.9,Ml
324099,2025-11-01 05:32:25,2025-11-01 02:32:25,90 km al SE de Puerto Natales,-52.492,-72.071,42.0,3.0,Ml
324102,2025-11-01 06:06:27,2025-11-01 03:06:27,42 km al NE de Pica,-20.18,-69.107,96.0,2.9,Ml
324107,2025-11-01 06:32:01,2025-11-01 03:32:01,11 km al N de Mina Los Pelambres,-31.726,-70.567,97.0,2.9,Ml
324115,2025-11-01 08:03:30,2025-11-01 05:03:30,144 km al NO de Concepción,-36.175,-74.436,20.0,3.4,Ml
324116,2025-11-01 08:17:16,2025-11-01 05:17:16,17 km al E de Parque Fray Jorge,-30.662,-71.505,17.0,2.7,Ml
324119,2025-11-01 08:55:24,2025-11-01 05:55:24,5 km al N de La Serena,-29.858,-71.242,65.0,2.8,Ml
324122,2025-11-01 09:37:31,2025-11-01 06:37:31,51 km al SO de Mina Collahuasi,-21.23,-68.885,118.0,3.6,Ml
324126,2025-11-01 11:07:41,2025-11-01 08:07:41,18 km al SO de Tongoy,-30.402,-71.561,36.0,2.7,Ml
324131,2025-11-01 12:09:45,2025-11-01 09:09:45,28 km al S de Pichidangui,-32.38,-71.588,64.0,2.7,Ml
324143,2025-11-01 14:54:01,2025-11-01 11:54:01,51 km al SO de Mina Collahuasi,-21.246,-68.865,112.0,2.9,Ml
324154,2025-11-01 17:39:50,2025-11-01 14:39:50,82 km al SE de Socaire,-23.943,-67.183,228.0,4.0,Ml
324161,2025-11-01 18:49:28,2025-11-01 15:49:28,11 km al O de Santa Cruz,-34.621,-71.482,67.0,2.6,Ml
324162,2025-11-01 18:54:19,2025-11-01 15:54:19,62 km al SE de Putre,-18.621,-69.176,126.0,3.8,Ml
324166,2025-11-01 19:26:47,2025-11-01 16:26:47,29 km al S de Sierra Gorda,-23.149,-69.375,77.0,3.3,Ml
324182,2025-11-01 21:59:09,2025-11-01 18:59:09,45 km al S de Mina Collahuasi,-21.219,-68.766,106.0,2.6,Ml
324184,2025-11-01 22:40:28,2025-11-01 19:40:28,44 km al NE de Calama,-22.216,-68.597,126.0,2.6,Ml
324197,2025-11-02 01:02:49,2025-11-01 22:02:49,104 km al SE de Alto del Carmen,-29.182,-69.538,122.0,3.9,Ml
324201,2025-11-02 01:39:49,2025-11-01 22:39:49,30 km al SE de Rancagua,-34.372,-70.531,118.0,3.5,Ml
324206,2025-11-02 02:31:20,2025-11-01 23:31:20,92 km al SE de Socaire,-24.258,-67.354,191.0,4.0,Ml
324210,2025-11-02 03:48:55,2025-11-02 00:48:55,68 km al N de Mina La Escondida,-23.691,-69.286,86.0,2.5,Ml
324215,2025-11-02 05:34:04,2025-11-02 02:34:04,46 km al NE de Pica,-20.119,-69.127,92.0,2.8,Ml
324223,2025-11-02 06:52:09,2025-11-02 03:52:09,34 km al N de Constitución,-35.031,-72.36,44.0,3.2,Ml
324226,2025-11-02 07:04:29,2025-11-02 04:04:29,120 km al E de Copiapó,-27.615,-69.145,121.0,2.9,Ml
324229,2025-11-02 07:23:49,2025-11-02 04:23:49,44 km al S de Tirúa,-38.74,-73.516,26.0,3.0,Ml
324240,2025-11-02 10:28:06,2025-11-02 07:28:06,40 km al NE de San Fabián,-36.216,-71.409,92.0,2.5,Ml
324247,2025-11-02 11:44:29,2025-11-02 08:44:29,58 km al SO de Ollagüe,-21.69,-68.504,137.0,2.5,Ml
324250,2025-11-02 12:21:54,2025-11-02 09:21:54,40 km al E de Los Andes,-32.835,-70.175,107.0,2.8,Ml
324260,2025-11-02 13:02:09,2025-11-02 10:02:09,50 km al O de Arauco,-37.099,-73.849,30.0,3.0,Ml
324261,2025-11-02 13:16:34,2025-11-02 10:16:34,33 km al NE de Cuya,-19.017,-69.901,83.0,4.1,Ml
324268,2025-11-02 13:35:05,2025-11-02 10:35:05,75 km al SE de Socaire,-24.14,-67.456,200.0,3.2,Ml
324277,2025-11-02 14:50:25,2025-11-02 11:50:25,95 km al S de Socaire,-24.431,-68.038,173.0,2.8,Ml
324275,2025-11-02 14:50:29,2025-11-02 11:50:29,19 km al NE de Vichuquén,-34.728,-71.92,24.0,3.0,Ml
324279,2025-11-02 15:33:08,2025-11-02 12:33:08,59 km al S de Socaire,-24.12,-67.84,239.0,3.1,Ml
324285,2025-11-02 16:18:02,2025-11-02 13:18:02,29 km al E de Pichidangui,-32.045,-71.245,80.0,3.0,Ml
324300,2025-11-02 18:43:51,2025-11-02 15:43:51,97 km al O de Pisagua,-19.879,-71.096,18.0,4.2,Ml
324302,2025-11-02 18:51:48,2025-11-02 15:51:48,71 km al NO de Arauco,-36.915,-74.0,21.0,4.6,Mw
324305,2025-11-02 19:10:30,2025-11-02 16:10:30,73 km al NO de Arauco,-36.929,-74.032,27.0,3.2,Ml
324310,2025-11-02 20:06:29,2025-11-02 17:06:29,73 km al E de Socaire,-23.798,-67.207,230.0,3.5,Ml
324313,2025-11-02 20:06:49,2025-11-02 17:06:49,19 km al NE de El Salvador,-26.141,-69.47,102.0,2.7,Ml
324311,2025-11-02 20:09:44,2025-11-02 17:09:44,54 km al NE de Pica,-20.132,-68.978,106.0,3.7,Ml
324316,2025-11-02 20:18:17,2025-11-02 17:18:17,41 km al NE de Ollagüe,-20.929,-68.023,182.0,2.9,Ml
324327,2025-11-02 20:52:40,2025-11-02 17:52:40,35 km al SO de Ollagüe,-21.409,-68.527,138.0,2.6,Ml
324326,2025-11-02 21:08:51,2025-11-02 18:08:51,69 km al SO de Ollagüe,-21.732,-68.644,131.0,3.0,Ml
324335,2025-11-02 23:51:37,2025-11-02 20:51:37,29 km al SE de Sierra Gorda,-23.097,-69.145,96.0,3.1,Ml
324340,2025-11-03 00:48:26,2025-11-02 21:48:26,79 km al NE de Alto del Carmen,-28.308,-69.867,106.0,3.1,Ml
324345,2025-11-03 02:10:56,2025-11-02 23:10:56,27 km al SO de Mejillones,-23.243,-70.662,22.0,2.8,Ml
324350,2025-11-03 04:38:46,2025-11-03 01:38:46,123 km al NE de Socaire,-22.892,-66.96,273.0,3.4,Ml
324352,2025-11-03 04:49:12,2025-11-03 01:49:12,37 km al SE de Camiña,-19.514,-69.145,118.0,3.2,Ml
324361,2025-11-03 06:18:10,2025-11-03 03:18:10,36 km al O de Arauco,-37.149,-73.704,10.0,2.5,Ml
324365,2025-11-03 06:58:26,2025-11-03 03:58:26,74 km al E de Socaire,-23.391,-67.198,236.0,3.3,Ml
324381,2025-11-03 08:02:55,2025-11-03 05:02:55,43 km al NE de Vallenar,-28.379,-70.378,86.0,2.5,Ml
324375,2025-11-03 09:41:35,2025-11-03 06:41:35,21 km al S de Mina Collahuasi,-21.011,-68.709,111.0,2.5,Ml
324379,2025-11-03 09:58:08,2025-11-03 06:58:08,52 km al E de Antuco,-37.258,-71.098,148.0,3.6,Ml
324383,2025-11-03 10:44:09,2025-11-03 07:44:09,58 km al O de Mina La Escondida,-24.402,-69.609,96.0,3.1,Ml
324385,2025-11-03 11:07:33,2025-11-03 08:07:33,40 km al SO de Mina Collahuasi,-21.14,-68.84,112.0,2.5,Ml
324389,2025-11-03 12:52:43,2025-11-03 09:52:43,67 km al SO de Ollagüe,-21.764,-68.537,128.0,2.8,Ml
324392,2025-11-03 12:57:58,2025-11-03 09:57:58,45 km al E de Petorca,-32.293,-70.451,124.0,3.8,Ml
324398,2025-11-03 13:32:20,2025-11-03 10:32:20,44 km al S de Paihuano,-30.42,-70.44,114.0,3.1,Ml
324402,2025-11-03 14:21:55,2025-11-03 11:21:55,25 km al O de Termas del Flaco,-34.999,-70.71,104.0,2.6,Ml
324410,2025-11-03 15:43:52,2025-11-03 12:43:52,35 km al SE de Mina La Escondida,-24.445,-68.767,106.0,2.8,Ml
324413,2025-11-03 15:49:27,2025-11-03 12:49:27,41 km al N de Pica,-20.143,-69.207,95.0,2.8,Ml
324414,2025-11-03 15:51:55,2025-11-03 12:51:55,70 km al NO de Carrizal Bajo,-27.52,-71.47,31.0,5.6,Mww
324419,2025-11-03 15:57:44,2025-11-03 12:57:44,73 km al S de Colchane,-19.928,-68.753,120.0,2.6,Ml
324421,2025-11-03 16:17:44,2025-11-03 13:17:44,71 km al NO de Carrizal Bajo,-27.506,-71.454,38.0,3.3,Ml
324426,2025-11-03 16:40:38,2025-11-03 13:40:38,81 km al NO de Coronel,-36.659,-73.937,22.0,3.8,Ml
324439,2025-11-03 18:00:31,2025-11-03 15:00:31,17 km al NO de La Serena,-29.805,-71.381,71.0,4.0,Ml
324448,2025-11-03 18:58:17,2025-11-03 15:58:17,50 km al SE de Socaire,-23.983,-67.644,254.0,3.0,Ml
324450,2025-11-03 19:16:05,2025-11-03 16:16:05,69 km al NE de Calama,-21.904,-68.651,123.0,2.7,Ml
324451,2025-11-03 19:21:43,2025-11-03 16:21:43,28 km al SE de Camiña,-19.474,-69.219,110.0,3.6,Ml
324454,2025-11-03 19:41:14,2025-11-03 16:41:14,52 km al SE de Socaire,-23.966,-67.579,275.0,3.4,Ml
324463,2025-11-03 21:22:02,2025-11-03 18:22:02,64 km al NE de Calama,-22.013,-68.552,118.0,3.7,Ml
324467,2025-11-03 21:43:57,2025-11-03 18:43:57,94 km al NO de Punta de Choros,-28.798,-72.289,34.0,2.7,Ml
324471,2025-11-03 22:01:20,2025-11-03 19:01:20,83 km al E de Copiapó,-27.515,-69.513,112.0,2.6,Ml
324475,2025-11-03 22:03:52,2025-11-03 19:03:52,80 km al SE de Socaire,-23.931,-67.198,254.0,3.1,Ml
324483,2025-11-03 23:30:43,2025-11-03 20:30:43,13 km al NE de Termas del Flaco,-34.905,-70.313,148.0,3.1,Ml
324485,2025-11-03 23:42:48,2025-11-03 20:42:48,42 km al S de Ollagüe,-21.575,-68.397,135.0,2.7,Ml
324490,2025-11-04 01:25:50,2025-11-03 22:25:50,46 km al SO de Ollagüe,-21.565,-68.511,138.0,2.5,Ml
324493,2025-11-04 02:07:50,2025-11-03 23:07:50,89 km al O de Arica,-18.455,-71.162,28.0,2.8,Ml
324497,2025-11-04 02:56:13,2025-11-03 23:56:13,19 km al SO de Putre,-18.267,-69.722,95.0,3.2,Ml
324504,2025-11-04 05:17:09,2025-11-04 02:17:09,43 km al SE de El Salvador,-26.517,-69.324,128.0,2.7,Ml
324508,2025-11-04 06:02:16,2025-11-04 03:02:16,34 km al SO de Ollagüe,-21.428,-68.496,127.0,3.0,Ml
324510,2025-11-04 06:43:46,2025-11-04 03:43:46,47 km al O de Arauco,-37.139,-73.826,10.0,3.0,Ml
324518,2025-11-04 10:11:40,2025-11-04 07:11:40,29 km al O de La Serena,-29.832,-71.537,29.0,2.5,Ml
324519,2025-11-04 10:29:55,2025-11-04 07:29:55,139 km al O de Tirúa,-38.537,-75.07,27.0,3.1,Ml
324520,2025-11-04 11:02:44,2025-11-04 08:02:44,32 km al O de Calama,-22.587,-69.217,118.0,3.3,Ml
324533,2025-11-04 11:53:08,2025-11-04 08:53:08,53 km al E de Pica,-20.331,-68.846,105.0,2.6,Ml
324537,2025-11-04 12:52:48,2025-11-04 09:52:48,42 km al NE de San Pedro de Atacama,-22.7,-67.867,276.0,2.8,Ml
324539,2025-11-04 13:14:09,2025-11-04 10:14:09,56 km al O de Arauco,-37.084,-73.917,35.0,4.0,Ml
324543,2025-11-04 13:18:34,2025-11-04 10:18:34,68 km al NO de Carrizal Bajo,-27.535,-71.458,45.0,3.3,Ml
324545,2025-11-04 13:43:50,2025-11-04 10:43:50,60 km al O de Tongoy,-30.227,-72.115,33.0,3.1,Ml
324573,2025-11-04 18:19:43,2025-11-04 15:19:43,32 km al SO de Mejillones,-23.355,-70.596,27.0,3.0,Ml
324587,2025-11-04 20:05:49,2025-11-04 17:05:49,67 km al S de Mina La Escondida,-24.857,-69.184,91.0,3.1,Ml
324583,2025-11-04 20:09:33,2025-11-04 17:09:33,24 km al O de Pichidangui,-32.124,-71.782,42.0,2.7,Ml
324592,2025-11-04 20:56:42,2025-11-04 17:56:42,30 km al S de Alto del Carmen,-29.022,-70.438,104.0,2.8,Ml
324596,2025-11-04 21:12:44,2025-11-04 18:12:44,47 km al SO de Mina Collahuasi,-21.182,-68.903,116.0,2.6,Ml
324602,2025-11-04 21:38:00,2025-11-04 18:38:00,55 km al O de Arauco,-37.063,-73.894,25.0,3.3,Ml
324605,2025-11-04 21:43:00,2025-11-04 18:43:00,89 km al NO de Lebu,-37.009,-74.313,31.0,2.6,Ml
324608,2025-11-04 22:15:29,2025-11-04 19:15:29,51 km al NE de Calama,-22.072,-68.686,104.0,2.5,Ml
324612,2025-11-04 23:03:53,2025-11-04 20:03:53,40 km al SE de Socaire,-23.905,-67.709,249.0,3.1,Ml
324615,2025-11-04 23:37:39,2025-11-04 20:37:39,44 km al NO de San Pedro de Atacama,-22.669,-68.535,111.0,3.3,Ml
324625,2025-11-05 00:07:12,2025-11-04 21:07:12,44 km al NE de Pica,-20.232,-69.01,100.0,2.9,Ml
324628,2025-11-05 00:24:04,2025-11-04 21:24:04,37 km al SE de Pica,-20.755,-69.118,101.0,3.1,Ml
324633,2025-11-05 00:40:52,2025-11-04 21:40:52,27 km al SO de Mejillones,-23.235,-70.667,24.0,2.8,Ml
324645,2025-11-05 04:52:27,2025-11-05 01:52:27,109 km al O de Pichilemu,-33.992,-73.098,28.0,2.9,Ml
324654,2025-11-05 06:14:21,2025-11-05 03:14:21,92 km al NE de Paihuano,-29.67,-69.66,127.0,3.4,Ml
324658,2025-11-05 06:33:21,2025-11-05 03:33:21,44 km al SO de Huasco,-28.797,-71.466,34.0,2.9,Ml
324660,2025-11-05 06:55:26,2025-11-05 03:55:26,36 km al NO de Tongoy,-29.967,-71.673,20.0,2.4,Mlv
324668,2025-11-05 07:52:37,2025-11-05 04:52:37,50 km al NE de Calama,-22.064,-68.71,120.0,2.6,Ml
324669,2025-11-05 08:01:01,2025-11-05 05:01:01,37 km al NE de Calama,-22.177,-68.751,126.0,3.1,Ml
324681,2025-11-05 10:37:36,2025-11-05 07:37:36,14 km al S de San Pedro de Atacama,-23.039,-68.231,175.0,2.8,Ml
324687,2025-11-05 12:56:25,2025-11-05 09:56:25,105 km al NE de San Pedro de Atacama,-22.519,-67.27,237.0,3.8,Ml
324691,2025-11-05 13:10:23,2025-11-05 10:10:23,70 km al E de Caleta El Cobre,-24.233,-69.837,32.0,2.8,Ml
324694,2025-11-05 13:32:09,2025-11-05 10:32:09,66 km al SO de San Pedro de Atacama,-23.205,-68.763,97.0,2.6,Ml
324703,2025-11-05 14:42:58,2025-11-05 11:42:58,84 km al NE de Socaire,-23.165,-67.212,281.0,2.8,Ml
324707,2025-11-05 15:05:00,2025-11-05 12:05:00,35 km al NO de Quintero,-32.516,-71.728,37.0,3.3,Ml
324713,2025-11-05 16:07:17,2025-11-05 13:07:17,16 km al E de Pica,-20.549,-69.188,112.0,2.9,Ml
324750,2025-11-05 16:36:34,2025-11-05 13:36:34,37 km al E de Pica,-20.609,-68.995,106.0,2.5,Ml
324722,2025-11-05 19:41:24,2025-11-05 16:41:24,24 km al NO de Fresia,-40.958,-73.558,44.0,4.0,Ml
324732,2025-11-05 21:32:15,2025-11-05 18:32:15,17 km al E de Cobquecura,-36.199,-72.626,44.0,2.7,Ml
324734,2025-11-05 21:47:46,2025-11-05 18:47:46,20 km al E de Las Cabras,-34.361,-71.102,64.0,2.5,Ml
324737,2025-11-05 22:02:42,2025-11-05 19:02:42,7 km al NE de Parque Fray Jorge,-30.627,-71.625,35.0,3.6,Ml
324743,2025-11-05 22:24:35,2025-11-05 19:24:35,31 km al SO de Mina Collahuasi,-21.076,-68.798,107.0,2.6,Ml
324746,2025-11-05 22:53:21,2025-11-05 19:53:21,35 km al S de Linares,-36.151,-71.669,89.0,3.1,Ml
324767,2025-11-06 01:38:35,2025-11-05 22:38:35,90 km al SE de Socaire,-24.267,-67.412,174.0,3.3,Ml
324765,2025-11-06 01:42:35,2025-11-05 22:42:35,19 km al NO de Valparaíso,-32.92,-71.744,39.0,2.7,Ml
324770,2025-11-06 01:56:07,2025-11-05 22:56:07,55 km al NE de Mejillones,-22.84,-69.99,33.0,2.9,Ml
324774,2025-11-06 01:57:27,2025-11-05 22:57:27,8 km al SE de Parque Fray Jorge,-30.72,-71.641,31.0,2.5,Ml
324772,2025-11-06 01:58:17,2025-11-05 22:58:17,3 km al NO de Parque Fray Jorge,-30.635,-71.695,41.0,3.0,Ml
324775,2025-11-06 02:42:57,2025-11-05 23:42:57,49 km al NO de Mina Collahuasi,-20.42,-68.837,118.0,2.6,Ml
324776,2025-11-06 02:57:16,2025-11-05 23:57:16,64 km al SE de Sierra Gorda,-23.42,-69.081,112.0,3.2,Ml
324779,2025-11-06 04:06:47,2025-11-06 01:06:47,11 km al S de Panguipulli,-39.74,-72.336,92.0,2.8,Ml
324781,2025-11-06 04:26:39,2025-11-06 01:26:39,24 km al O de La Serena,-29.962,-71.49,41.0,2.8,Ml
324785,2025-11-06 05:36:06,2025-11-06 02:36:06,30 km al E de Talca,-35.477,-71.339,90.0,2.9,Ml
324790,2025-11-06 06:13:09,2025-11-06 03:13:09,74 km al SO de Ollagüe,-21.75,-68.69,119.0,2.6,Ml
324789,2025-11-06 06:14:00,2025-11-06 03:14:00,17 km al SE de Tocopilla,-22.161,-70.051,48.0,2.9,Ml
324795,2025-11-06 09:06:42,2025-11-06 06:06:42,21 km al N de Huasco,-28.276,-71.221,44.0,3.4,Ml
324801,2025-11-06 09:13:46,2025-11-06 06:13:46,53 km al NO de Mina La Escondida,-23.845,-69.289,80.0,3.0,Ml
324800,2025-11-06 09:50:50,2025-11-06 06:50:50,15 km al SE de Putre,-18.284,-69.455,123.0,3.3,Ml
324803,2025-11-06 10:46:00,2025-11-06 07:46:00,107 km al O de Paposo,-25.05,-71.526,30.0,2.8,Ml
324805,2025-11-06 11:06:45,2025-11-06 08:06:45,67 km al S de Socaire,-24.187,-67.839,227.0,2.8,Ml
324812,2025-11-06 13:23:28,2025-11-06 10:23:28,31 km al S de San José de Maipo,-33.913,-70.315,101.0,2.9,Ml
324817,2025-11-06 14:04:11,2025-11-06 11:04:11,57 km al NE de Calama,-22.01,-68.676,107.0,2.8,Ml
324822,2025-11-06 14:26:09,2025-11-06 11:26:09,21 km al NO de La Ligua,-32.342,-71.415,44.0,3.1,Ml
324825,2025-11-06 14:50:40,2025-11-06 11:50:40,33 km al N de Calama,-22.19,-68.823,132.0,2.8,Ml
324849,2025-11-06 20:51:57,2025-11-06 17:51:57,3 km al S de Calama,-22.495,-68.936,112.0,2.9,Ml
324851,2025-11-06 22:05:35,2025-11-06 19:05:35,45 km al O de San Pedro de Atacama,-23.042,-68.624,110.0,3.4,Ml
324855,2025-11-06 22:25:29,2025-11-06 19:25:29,93 km al E de Paposo,-25.07,-69.544,102.0,3.8,Ml
324859,2025-11-06 22:27:59,2025-11-06 19:27:59,13 km al N de Tocopilla,-21.975,-70.202,31.0,3.9,Ml
324886,2025-11-07 05:30:28,2025-11-07 02:30:28,21 km al SO de Visviri,-17.702,-69.647,158.0,3.6,Ml
324889,2025-11-07 05:58:01,2025-11-07 02:58:01,21 km al S de Calama,-22.654,-68.979,104.0,3.5,Ml
324892,2025-11-07 06:23:36,2025-11-07 03:23:36,43 km al S de Patache,-21.192,-70.273,36.0,2.5,Ml
324894,2025-11-07 06:37:48,2025-11-07 03:37:48,26 km al O de Pichidangui,-32.235,-71.781,32.0,2.8,Ml
324901,2025-11-07 08:17:11,2025-11-07 05:17:11,24 km al NO de Baquedano,-23.224,-70.041,25.0,3.2,Ml
324903,2025-11-07 08:42:35,2025-11-07 05:42:35,39 km al E de Ollagüe,-21.264,-67.882,186.0,3.6,Ml
324941,2025-11-07 15:50:44,2025-11-07 12:50:44,34 km al E de Linares,-35.758,-71.233,104.0,3.9,Ml
324945,2025-11-07 16:21:30,2025-11-07 13:21:30,12 km al SE de Parque Fray Jorge,-30.735,-71.585,29.0,3.8,Ml
324948,2025-11-07 16:34:03,2025-11-07 13:34:03,36 km al NE de Pica,-20.275,-69.068,114.0,2.9,Ml
324953,2025-11-07 17:10:03,2025-11-07 14:10:03,74 km al SO de Ollagüe,-21.807,-68.608,107.0,3.3,Ml
325008,2025-11-08 04:44:55,2025-11-08 01:44:55,87 km al O de Pisagua,-19.905,-70.974,40.0,3.4,Ml
325013,2025-11-08 05:23:17,2025-11-08 02:23:17,47 km al SE de Mina Los Pelambres,-32.158,-70.279,121.0,4.2,Ml
325015,2025-11-08 05:27:09,2025-11-08 02:27:09,82 km al O de Pisagua,-19.85,-70.95,34.0,2.7,Ml
325027,2025-11-08 09:40:21,2025-11-08 06:40:21,28 km al SO de Canela Baja,-31.631,-71.568,45.0,2.6,Ml
325033,2025-11-08 10:57:14,2025-11-08 07:57:14,51 km al SE de Quillagua,-21.906,-69.118,88.0,3.3,Ml
325043,2025-11-08 12:33:45,2025-11-08 09:33:45,32 km al SO de Linares,-36.073,-71.811,73.0,2.5,Ml
325044,2025-11-08 12:45:10,2025-11-08 09:45:10,33 km al NE de Farellones,-33.078,-70.171,102.0,2.8,Ml
325051,2025-11-08 13:23:00,2025-11-08 10:23:00,72 km al NE de San Pedro de Atacama,-22.429,-67.735,186.0,4.3,Ml
325055,2025-11-08 15:48:25,2025-11-08 12:48:25,73 km al NE de Calama,-21.903,-68.573,127.0,3.9,Ml
325075,2025-11-08 18:27:44,2025-11-08 15:27:44,78 km al S de Socaire,-24.287,-67.961,250.0,3.8,Ml
325078,2025-11-08 19:24:26,2025-11-08 16:24:26,36 km al NE de Mejillones,-22.907,-70.17,10.0,2.6,Ml
325085,2025-11-08 21:07:07,2025-11-08 18:07:07,42 km al NE de Pica,-20.268,-69.001,99.0,2.9,Ml
325089,2025-11-08 21:12:11,2025-11-08 18:12:11,83 km al NO de San Antonio de los Cobres,-23.91,-67.055,226.0,3.4,Ml
325091,2025-11-08 21:21:27,2025-11-08 18:21:27,16 km al NO de Punitaqui,-30.719,-71.369,45.0,2.7,Ml
325095,2025-11-08 21:33:50,2025-11-08 18:33:50,234 km al S de Puerto Williams,-57.004,-68.33,10.0,3.7,Ml
325098,2025-11-08 22:32:57,2025-11-08 19:32:57,32 km al SE de Baquedano,-23.493,-69.583,74.0,2.9,Ml
325119,2025-11-09 02:22:29,2025-11-08 23:22:29,24 km al NE de Rancagua,-34.065,-70.509,109.0,3.0,Ml
325129,2025-11-09 04:18:59,2025-11-09 01:18:59,76 km al NE de Alto del Carmen,-28.428,-69.81,105.0,3.0,Ml
325179,2025-11-09 08:46:35,2025-11-09 05:46:35,37 km al O de Calama,-22.541,-69.277,80.0,3.1,Ml
325184,2025-11-09 13:02:01,2025-11-09 10:02:01,11 km al SE de Salamanca,-31.853,-70.891,73.0,2.9,Ml
325188,2025-11-09 13:44:54,2025-11-09 10:44:54,46 km al O de Ollagüe,-21.269,-68.699,120.0,2.5,Ml
325192,2025-11-09 14:01:18,2025-11-09 11:01:18,110 km al SE de Socaire,-24.466,-67.396,200.0,3.5,Ml
325202,2025-11-09 15:28:20,2025-11-09 12:28:20,65 km al S de Pica,-21.067,-69.237,85.0,3.9,Ml
325204,2025-11-09 15:53:43,2025-11-09 12:53:43,66 km al SO de Mina Collahuasi,-21.378,-68.887,112.0,2.7,Ml
325207,2025-11-09 16:00:34,2025-11-09 13:00:34,80 km al SE de Socaire,-24.078,-67.308,205.0,4.6,Mw
325208,2025-11-09 16:06:56,2025-11-09 13:06:56,14 km al NO de La Higuera,-29.392,-71.26,73.0,2.8,Ml
325212,2025-11-09 16:24:09,2025-11-09 13:24:09,53 km al NE de Los Andes,-32.549,-70.143,122.0,3.1,Ml
325219,2025-11-09 16:50:31,2025-11-09 13:50:31,76 km al NE de San Pedro de Atacama,-22.284,-67.925,201.0,2.8,Ml
325230,2025-11-09 17:50:53,2025-11-09 14:50:53,40 km al SO de Mina Collahuasi,-21.104,-68.901,118.0,3.1,Ml
325232,2025-11-09 18:03:36,2025-11-09 15:03:36,37 km al NO de Coronel,-36.834,-73.492,14.0,3.3,Ml
325236,2025-11-09 18:31:55,2025-11-09 15:31:55,23 km al NO de Ollagüe,-21.112,-68.441,130.0,2.8,Ml
325237,2025-11-09 18:32:59,2025-11-09 15:32:59,54 km al O de Tongoy,-30.122,-72.031,49.0,3.0,Ml
325259,2025-11-09 20:25:43,2025-11-09 17:25:43,58 km al SO de Mina Collahuasi,-21.288,-68.911,110.0,2.5,Ml
325263,2025-11-09 21:41:17,2025-11-09 18:41:17,18 km al NO de Quintero,-32.684,-71.685,33.0,2.5,Ml
325268,2025-11-09 22:36:01,2025-11-09 19:36:01,37 km al SE de Sierra Gorda,-23.141,-69.084,88.0,2.6,Ml
325271,2025-11-09 23:01:08,2025-11-09 20:01:08,44 km al O de Ollagüe,-21.355,-68.65,133.0,4.1,Ml
325277,2025-11-09 23:44:26,2025-11-09 20:44:26,89 km al S de Mina La Escondida,-25.067,-68.952,105.0,4.4,Ml
325278,2025-11-09 23:59:36,2025-11-09 20:59:36,12 km al SE de Parque Fray Jorge,-30.735,-71.596,35.0,2.8,Ml
325280,2025-11-10 00:16:11,2025-11-09 21:16:11,46 km al O de Navidad,-33.96,-72.333,7.0,2.7,Ml
325291,2025-11-10 02:17:08,2025-11-09 23:17:08,19 km al NE de Caldera,-26.93,-70.706,78.0,2.7,Ml
325310,2025-11-10 05:48:35,2025-11-10 02:48:35,46 km al SO de Mina Collahuasi,-21.085,-68.999,114.0,3.2,Ml
325319,2025-11-10 07:06:07,2025-11-10 04:06:07,7 km al SE de Parque Fray Jorge,-30.714,-71.65,27.0,2.8,Ml
325335,2025-11-10 09:10:20,2025-11-10 06:10:20,30 km al SE de Chos Malal,-37.586,-70.052,217.0,4.3,Mw
325337,2025-11-10 09:32:49,2025-11-10 06:32:49,9 km al NE de Los Vilos,-31.859,-71.445,69.0,3.0,Ml
325347,2025-11-10 10:49:31,2025-11-10 07:49:31,27 km al N de Antofagasta,-23.413,-70.307,62.0,5.3,Mw
325351,2025-11-10 11:28:54,2025-11-10 08:28:54,117 km al O de Canela Baja,-31.465,-72.69,15.0,4.1,Ml
325360,2025-11-10 11:59:40,2025-11-10 08:59:40,63 km al O de Socaire,-23.432,-68.481,125.0,3.4,Ml
325366,2025-11-10 13:21:56,2025-11-10 10:21:56,64 km al S de Socaire,-24.16,-67.836,233.0,2.5,Ml
325368,2025-11-10 14:32:56,2025-11-10 11:32:56,20 km al SE de Pichidangui,-32.28,-71.406,45.0,2.9,Ml
325373,2025-11-10 15:30:49,2025-11-10 12:30:49,58 km al SO de Ollagüe,-21.679,-68.524,131.0,2.8,Ml
325375,2025-11-10 16:04:40,2025-11-10 13:04:40,45 km al NE de Mina La Escondida,-23.91,-68.845,120.0,3.3,Ml
325381,2025-11-10 16:25:23,2025-11-10 13:25:23,72 km al SE de Socaire,-24.19,-67.623,233.0,2.9,Ml
325383,2025-11-10 16:57:40,2025-11-10 13:57:40,163 km al S de Puerto Williams,-56.37,-68.16,10.0,4.2,Ml
325391,2025-11-10 18:36:23,2025-11-10 15:36:23,72 km al SE de Socaire,-24.131,-67.5,248.0,3.3,Ml
325395,2025-11-10 19:13:22,2025-11-10 16:13:22,16 km al SE de Diego de Almagro,-26.499,-69.944,43.0,2.8,Ml
325403,2025-11-10 19:42:50,2025-11-10 16:42:50,28 km al NE de Vichuquén,-34.76,-71.732,40.0,2.6,Ml
325414,2025-11-10 21:18:18,2025-11-10 18:18:18,75 km al NE de Calama,-21.898,-68.548,121.0,2.5,Ml
325418,2025-11-10 21:40:05,2025-11-10 18:40:05,32 km al S de Mina Collahuasi,-21.112,-68.597,128.0,2.6,Ml
325419,2025-11-10 21:45:35,2025-11-10 18:45:35,11 km al SO de Calama,-22.555,-68.988,100.0,3.8,Ml
325425,2025-11-10 22:58:16,2025-11-10 19:58:16,54 km al SE de Socaire,-23.994,-67.601,233.0,2.8,Ml
325424,2025-11-10 23:23:08,2025-11-10 20:23:08,17 km al SO de Punitaqui,-30.962,-71.347,67.0,3.5,Ml
325431,2025-11-11 01:52:46,2025-11-10 22:52:46,31 km al S de Mina Collahuasi,-21.101,-68.672,123.0,2.5,Ml
325433,2025-11-11 02:10:33,2025-11-10 23:10:33,30 km al SO de Visviri,-17.82,-69.641,158.0,2.7,Ml
325439,2025-11-11 03:08:06,2025-11-11 00:08:06,16 km al SE de Pisagua,-19.691,-70.104,47.0,3.2,Ml
325441,2025-11-11 03:13:32,2025-11-11 00:13:32,71 km al NE de Calama,-21.878,-68.664,127.0,2.5,Ml
325446,2025-11-11 03:48:00,2025-11-11 00:48:00,65 km al NE de Quillagua,-21.361,-68.991,91.0,2.8,Ml
325459,2025-11-11 07:02:45,2025-11-11 04:02:45,72 km al NE de Mina La Escondida,-23.734,-68.659,113.0,4.2,Ml
325465,2025-11-11 07:44:50,2025-11-11 04:44:50,83 km al SE de Socaire,-24.248,-67.499,202.0,3.8,Ml
325470,2025-11-11 08:31:06,2025-11-11 05:31:06,55 km al SO de Ollagüe,-21.648,-68.531,138.0,2.8,Ml
325474,2025-11-11 09:15:22,2025-11-11 06:15:22,212 km al S de Puerto Williams,-56.84,-67.5,10.0,3.6,Ml
325478,2025-11-11 09:52:02,2025-11-11 06:52:02,80 km al O de San Antonio de los Cobres,-24.202,-67.104,225.0,3.2,Ml
325480,2025-11-11 10:32:41,2025-11-11 07:32:41,36 km al O de Colchane,-19.287,-68.979,10.0,4.1,Ml
325481,2025-11-11 10:35:04,2025-11-11 07:35:04,37 km al O de Colchane,-19.328,-68.982,5.0,4.1,Ml
325484,2025-11-11 10:38:21,2025-11-11 07:38:21,33 km al O de Colchane,-19.323,-68.945,8.0,2.7,Ml
325486,2025-11-11 10:39:52,2025-11-11 07:39:52,24 km al N de Colchane,-19.066,-68.703,8.0,2.9,Ml
325487,2025-11-11 10:41:46,2025-11-11 07:41:46,40 km al O de Colchane,-19.264,-69.018,7.0,3.2,Ml
325497,2025-11-11 11:05:43,2025-11-11 08:05:43,39 km al O de Colchane,-19.295,-69.006,10.0,2.6,Ml
325502,2025-11-11 11:26:24,2025-11-11 08:26:24,38 km al O de Colchane,-19.298,-68.999,10.0,3.0,Ml
325507,2025-11-11 11:31:42,2025-11-11 08:31:42,38 km al O de Colchane,-19.264,-69.0,5.0,2.7,Ml
325511,2025-11-11 11:45:17,2025-11-11 08:45:17,39 km al O de Colchane,-19.302,-69.005,9.0,3.3,Ml
325516,2025-11-11 12:31:48,2025-11-11 09:31:48,37 km al O de Colchane,-19.352,-68.984,9.0,3.0,Ml
325522,2025-11-11 12:32:23,2025-11-11 09:32:23,39 km al O de Colchane,-19.252,-69.011,4.0,2.7,Ml
325520,2025-11-11 12:48:56,2025-11-11 09:48:56,39 km al O de Colchane,-19.293,-69.005,11.0,3.3,Ml
325524,2025-11-11 14:09:00,2025-11-11 11:09:00,37 km al O de Colchane,-19.335,-68.988,5.0,2.5,Ml
325525,2025-11-11 14:18:40,2025-11-11 11:18:40,27 km al NO de Mina Collahuasi,-20.644,-68.835,105.0,2.5,Ml
325530,2025-11-11 14:25:47,2025-11-11 11:25:47,72 km al S de Socaire,-24.213,-67.701,235.0,3.6,Ml
325532,2025-11-11 14:27:33,2025-11-11 11:27:33,167 km al O de Bahía Mansa,-40.877,-75.675,19.0,2.9,Ml
325576,2025-11-11 14:48:39,2025-11-11 11:48:39,76 km al O de San Antonio de los Cobres,-23.985,-67.015,216.0,3.3,Ml
325546,2025-11-11 15:02:48,2025-11-11 12:02:48,38 km al E de Camiña,-19.327,-69.066,4.0,3.0,Ml
325543,2025-11-11 15:03:59,2025-11-11 12:03:59,42 km al E de Camiña,-19.242,-69.036,5.0,3.3,Ml
325564,2025-11-11 17:11:19,2025-11-11 14:11:19,11 km al S de Los Vilos,-32.009,-71.5,45.0,3.4,Ml
325568,2025-11-11 17:24:51,2025-11-11 14:24:51,33 km al O de Colchane,-19.283,-68.953,4.0,2.7,Ml
325572,2025-11-11 17:33:53,2025-11-11 14:33:53,35 km al NE de Calama,-22.18,-68.786,117.0,3.7,Ml
325580,2025-11-11 18:29:01,2025-11-11 15:29:01,17 km al SE de Mina Los Pelambres,-31.905,-70.43,127.0,4.1,Ml
325583,2025-11-11 18:52:41,2025-11-11 15:52:41,34 km al O de Colchane,-19.257,-68.965,5.0,2.9,Ml
325585,2025-11-11 18:58:20,2025-11-11 15:58:20,62 km al N de Calama,-21.908,-68.941,93.0,3.6,Ml
325589,2025-11-11 19:28:41,2025-11-11 16:28:41,111 km al E de San Fabián,-36.321,-70.349,60.0,3.2,Ml
325591,2025-11-11 20:06:39,2025-11-11 17:06:39,57 km al SO de Mina Collahuasi,-21.295,-68.876,122.0,3.4,Ml
325596,2025-11-11 20:18:19,2025-11-11 17:18:19,62 km al N de Calama,-21.944,-68.745,126.0,2.8,Ml
325602,2025-11-11 22:49:07,2025-11-11 19:49:07,32 km al NO de Mina Collahuasi,-20.595,-68.841,109.0,2.9,Ml
325604,2025-11-11 23:27:13,2025-11-11 20:27:13,45 km al SO de Mina Collahuasi,-21.109,-68.974,119.0,2.9,Ml
325607,2025-11-11 23:36:57,2025-11-11 20:36:57,28 km al O de Colchane,-19.23,-68.896,14.0,2.7,Ml
325619,2025-11-12 03:45:33,2025-11-12 00:45:33,47 km al NE de Pozo Almonte,-19.877,-69.588,102.0,3.0,Ml
325628,2025-11-12 04:50:18,2025-11-12 01:50:18,133 km al NO de Constitución,-34.764,-73.703,26.0,2.8,Ml
325634,2025-11-12 06:09:16,2025-11-12 03:09:16,52 km al O de Vichuquén,-34.711,-72.518,54.0,2.8,Ml
325643,2025-11-12 07:39:15,2025-11-12 04:39:15,19 km al SO de Carrizal Bajo,-28.176,-71.314,42.0,3.6,Ml
325646,2025-11-12 07:46:18,2025-11-12 04:46:18,46 km al SO de Ollagüe,-21.596,-68.456,122.0,3.3,Ml
325654,2025-11-12 09:05:41,2025-11-12 06:05:41,37 km al SO de Mina Collahuasi,-21.084,-68.88,102.0,2.5,Ml
325655,2025-11-12 10:41:05,2025-11-12 07:41:05,64 km al NE de Calama,-21.945,-68.677,122.0,3.6,Ml
325659,2025-11-12 12:12:18,2025-11-12 09:12:18,78 km al SE de Socaire,-24.101,-67.367,201.0,3.2,Ml
325668,2025-11-12 12:45:53,2025-11-12 09:45:53,84 km al NE de Socaire,-23.262,-67.15,262.0,3.5,Ml
325670,2025-11-12 12:59:25,2025-11-12 09:59:25,26 km al SE de La Higuera,-29.717,-71.068,60.0,3.8,Ml
325671,2025-11-12 13:02:02,2025-11-12 10:02:02,54 km al O de Tongoy,-30.138,-72.045,37.0,3.3,Ml
325672,2025-11-12 13:10:01,2025-11-12 10:10:01,37 km al O de Colchane,-19.283,-68.989,4.0,4.0,Ml
325674,2025-11-12 13:12:01,2025-11-12 10:12:01,36 km al O de Colchane,-19.354,-68.972,4.0,4.5,Ml
325677,2025-11-12 13:49:36,2025-11-12 10:49:36,39 km al O de Colchane,-19.311,-69.009,8.0,2.7,Ml
325682,2025-11-12 14:40:47,2025-11-12 11:40:47,11 km al NO de Panguipulli,-39.576,-72.416,84.0,2.5,Ml
325681,2025-11-12 14:42:07,2025-11-12 11:42:07,24 km al N de Parque Fray Jorge,-30.451,-71.639,38.0,3.2,Ml
325685,2025-11-12 15:31:37,2025-11-12 12:31:37,70 km al S de Socaire,-24.209,-67.775,248.0,2.9,Ml
325686,2025-11-12 15:45:26,2025-11-12 12:45:26,78 km al SE de Socaire,-24.19,-67.499,203.0,2.9,Ml
325688,2025-11-12 16:47:57,2025-11-12 13:47:57,21 km al S de Tongoy,-30.447,-71.495,46.0,2.5,Ml
325690,2025-11-12 16:48:19,2025-11-12 13:48:19,24 km al N de Parque Fray Jorge,-30.454,-71.64,40.0,3.0,Ml
325703,2025-11-12 17:39:51,2025-11-12 14:39:51,34 km al E de Sierra Gorda,-22.897,-68.986,92.0,2.7,Ml
325708,2025-11-12 18:04:40,2025-11-12 15:04:40,45 km al S de Mina Collahuasi,-21.229,-68.73,117.0,3.3,Ml
325714,2025-11-12 18:46:18,2025-11-12 15:46:18,38 km al O de Colchane,-19.257,-68.998,3.0,3.0,Ml
325717,2025-11-12 19:47:49,2025-11-12 16:47:49,32 km al O de Colchane,-19.277,-68.941,5.0,2.6,Ml
325719,2025-11-12 19:58:16,2025-11-12 16:58:16,26 km al SE de Putre,-18.402,-69.442,123.0,3.1,Ml
325729,2025-11-12 20:22:12,2025-11-12 17:22:12,33 km al O de Colchane,-19.281,-68.952,5.0,2.7,Ml
325733,2025-11-12 21:49:20,2025-11-12 18:49:20,68 km al O de Ollagüe,-21.438,-68.864,113.0,2.7,Ml
325735,2025-11-12 21:53:10,2025-11-12 18:53:10,64 km al O de Arauco,-37.051,-73.991,10.0,3.4,Ml
325750,2025-11-13 00:15:39,2025-11-12 21:15:39,87 km al E de Socaire,-23.856,-67.082,236.0,3.2,Ml
325752,2025-11-13 00:34:48,2025-11-12 21:34:48,37 km al SE de Tacna,-18.221,-69.973,120.0,2.8,Ml
325756,2025-11-13 01:00:37,2025-11-12 22:00:37,78 km al SE de Socaire,-24.078,-67.336,239.0,3.1,Ml
325759,2025-11-13 01:32:39,2025-11-12 22:32:39,80 km al SE de Socaire,-24.202,-67.475,232.0,3.5,Ml
325764,2025-11-13 02:10:47,2025-11-12 23:10:47,40 km al S de Mina Collahuasi,-21.188,-68.661,116.0,2.6,Ml
325773,2025-11-13 04:04:08,2025-11-13 01:04:08,73 km al NO de Tongoy,-29.804,-72.051,34.0,2.5,Ml
325776,2025-11-13 04:09:23,2025-11-13 01:09:23,60 km al NO de Quintero,-32.524,-72.088,24.0,2.8,Ml
325784,2025-11-13 04:59:36,2025-11-13 01:59:36,39 km al O de Colchane,-19.33,-69.009,10.0,4.3,Ml
325785,2025-11-13 05:03:11,2025-11-13 02:03:11,4 km al SO de Coronel,-37.058,-73.17,18.0,2.5,Ml
325795,2025-11-13 05:04:09,2025-11-13 02:04:09,42 km al SE de San Pedro de Atacama,-23.147,-67.871,147.0,3.0,Ml
325800,2025-11-13 07:11:52,2025-11-13 04:11:52,49 km al N de Mina La Escondida,-23.831,-69.113,116.0,2.9,Ml
325802,2025-11-13 07:57:55,2025-11-13 04:57:55,37 km al O de Colchane,-19.322,-68.986,8.0,3.7,Ml
325805,2025-11-13 08:27:28,2025-11-13 05:27:28,94 km al E de Socaire,-23.42,-66.989,251.0,4.3,Ml
325810,2025-11-13 08:53:21,2025-11-13 05:53:21,29 km al SE de Talca,-35.587,-71.415,96.0,3.1,Ml
325816,2025-11-13 10:23:33,2025-11-13 07:23:33,38 km al S de Socaire,-23.931,-67.828,266.0,3.5,Ml
325820,2025-11-13 11:39:19,2025-11-13 08:39:19,52 km al O de Ollagüe,-21.363,-68.733,118.0,2.6,Ml
325822,2025-11-13 12:28:44,2025-11-13 09:28:44,28 km al SE de Temuco,-38.9,-72.344,62.0,3.1,Ml
325826,2025-11-13 12:39:22,2025-11-13 09:39:22,40 km al O de Colchane,-19.216,-69.009,4.0,2.6,Ml
325831,2025-11-13 12:45:14,2025-11-13 09:45:14,85 km al SE de Socaire,-24.189,-67.366,222.0,3.2,Ml
325830,2025-11-13 13:03:35,2025-11-13 10:03:35,111 km al O de Constitución,-34.994,-73.563,20.0,3.3,Ml
325834,2025-11-13 13:16:46,2025-11-13 10:16:46,38 km al SE de Calama,-22.663,-68.626,128.0,2.6,Ml
325840,2025-11-13 14:12:58,2025-11-13 11:12:58,19 km al E de Pica,-20.557,-69.164,99.0,2.6,Ml
325844,2025-11-13 14:37:18,2025-11-13 11:37:18,30 km al NE de Linares,-35.667,-71.345,111.0,3.0,Ml
325848,2025-11-13 15:43:18,2025-11-13 12:43:18,31 km al NO de Canela Baja,-31.249,-71.734,35.0,2.7,Ml
325851,2025-11-13 16:25:33,2025-11-13 13:25:33,31 km al SO de Mina Collahuasi,-21.069,-68.804,110.0,3.1,Ml
325854,2025-11-13 16:32:39,2025-11-13 13:32:39,107 km al NE de Alto del Carmen,-28.168,-69.628,116.0,4.4,Ml
325856,2025-11-13 16:42:27,2025-11-13 13:42:27,48 km al SE de Pica,-20.889,-69.158,105.0,2.7,Ml
325864,2025-11-13 17:16:13,2025-11-13 14:16:13,6 km al S de Parque Fray Jorge,-30.715,-71.7,36.0,2.8,Ml
325875,2025-11-13 18:01:05,2025-11-13 15:01:05,57 km al SE de Socaire,-23.939,-67.476,259.0,3.1,Ml
325878,2025-11-13 18:08:53,2025-11-13 15:08:53,17 km al SE de Curicó,-35.058,-71.076,95.0,2.6,Ml
325892,2025-11-13 22:43:21,2025-11-13 19:43:21,47 km al SO de Mina Collahuasi,-21.156,-68.947,107.0,3.0,Ml
325895,2025-11-13 23:20:53,2025-11-13 20:20:53,41 km al SO de Ollagüe,-21.553,-68.425,128.0,2.6,Ml
325896,2025-11-13 23:35:00,2025-11-13 20:35:00,46 km al SO de Mina Collahuasi,-21.147,-68.935,113.0,3.0,Ml
325902,2025-11-14 00:01:14,2025-11-13 21:01:14,26 km al O de Quintero,-32.845,-71.795,26.0,2.7,Ml
325905,2025-11-14 00:27:45,2025-11-13 21:27:45,61 km al NE de San Pedro de Atacama,-22.549,-67.764,173.0,2.6,Ml
325914,2025-11-14 01:45:25,2025-11-13 22:45:25,51 km al E de Pica,-20.385,-68.855,111.0,3.0,Ml
325922,2025-11-14 02:49:56,2025-11-13 23:49:56,74 km al SE de Socaire,-24.16,-67.511,239.0,2.9,Ml
325924,2025-11-14 03:10:55,2025-11-14 00:10:55,13 km al N de Cuya,-19.046,-70.162,42.0,3.0,Ml
325935,2025-11-14 03:59:45,2025-11-14 00:59:45,31 km al S de Ollagüe,-21.487,-68.356,140.0,3.0,Ml
325954,2025-11-14 06:44:56,2025-11-14 03:44:56,121 km al NE de Socaire,-22.945,-66.931,283.0,3.6,Ml
325955,2025-11-14 06:56:57,2025-11-14 03:56:57,19 km al NE de Parque Fray Jorge,-30.517,-71.582,44.0,2.5,Ml
325956,2025-11-14 07:03:18,2025-11-14 04:03:18,41 km al E de Camiña,-19.304,-69.034,10.0,3.3,Ml
325964,2025-11-14 07:13:14,2025-11-14 04:13:14,31 km al E de Pichidangui,-32.061,-71.217,70.0,3.2,Ml
325967,2025-11-14 07:15:53,2025-11-14 04:15:53,31 km al NO de Petorca,-32.064,-71.172,72.0,2.6,Ml
325980,2025-11-14 09:16:55,2025-11-14 06:16:55,47 km al S de Taltal,-25.815,-70.612,33.0,2.6,Ml
325987,2025-11-14 09:51:47,2025-11-14 06:51:47,35 km al O de Colchane,-19.346,-68.966,15.0,2.5,Ml
325990,2025-11-14 09:58:59,2025-11-14 06:58:59,32 km al O de Valparaíso,-33.161,-71.927,58.0,3.1,Ml
325992,2025-11-14 11:06:20,2025-11-14 08:06:20,17 km al SO de Los Vilos,-32.012,-71.642,27.0,3.1,Ml
325994,2025-11-14 11:12:15,2025-11-14 08:12:15,45 km al SO de Mina Collahuasi,-21.107,-68.967,118.0,2.7,Ml
326010,2025-11-14 13:40:52,2025-11-14 10:40:52,38 km al NE de Calama,-22.18,-68.726,123.0,2.6,Ml
326042,2025-11-14 19:16:29,2025-11-14 16:16:29,72 km al O de Arica,-18.492,-71.005,4.0,3.4,Ml
326047,2025-11-14 19:44:53,2025-11-14 16:44:53,16 km al NE de Baquedano,-23.263,-69.703,92.0,3.1,Ml
326060,2025-11-14 21:30:15,2025-11-14 18:30:15,37 km al SO de Taltal,-25.654,-70.732,54.0,3.5,Ml
326063,2025-11-14 21:55:35,2025-11-14 18:55:35,44 km al E de Caleta El Cobre,-24.15,-70.107,54.0,2.9,Ml
326065,2025-11-14 22:01:36,2025-11-14 19:01:36,62 km al O de Arica,-18.576,-70.902,24.0,2.8,Ml
326087,2025-11-15 01:39:48,2025-11-14 22:39:48,36 km al O de Colchane,-19.31,-68.981,8.0,3.6,Ml
326092,2025-11-15 02:32:43,2025-11-14 23:32:43,44 km al N de Mina La Escondida,-23.875,-69.122,85.0,3.5,Ml
326096,2025-11-15 03:09:15,2025-11-15 00:09:15,16 km al E de Parque Fray Jorge,-30.645,-71.514,45.0,3.8,Ml
326107,2025-11-15 06:13:56,2025-11-15 03:13:56,44 km al N de Punta de Choros,-28.867,-71.349,43.0,5.1,Mw
326109,2025-11-15 06:27:26,2025-11-15 03:27:26,51 km al NE de Calama,-22.06,-68.7,108.0,2.5,Ml
326112,2025-11-15 06:34:04,2025-11-15 03:34:04,44 km al N de Punta de Choros,-28.858,-71.438,45.0,4.1,Ml
326119,2025-11-15 07:04:20,2025-11-15 04:04:20,44 km al N de Punta de Choros,-28.85,-71.483,41.0,2.6,Ml
326121,2025-11-15 07:09:59,2025-11-15 04:09:59,76 km al NO de San Antonio de los Cobres,-23.783,-66.889,251.0,4.5,Mw
326124,2025-11-15 07:32:47,2025-11-15 04:32:47,44 km al N de Punta de Choros,-28.853,-71.456,25.0,2.8,Ml
326133,2025-11-15 09:05:49,2025-11-15 06:05:49,58 km al NO de Camiña,-18.871,-69.72,89.0,2.7,Ml
326136,2025-11-15 09:24:21,2025-11-15 06:24:21,23 km al SO de Putre,-18.383,-69.644,112.0,3.9,Ml
326138,2025-11-15 09:30:04,2025-11-15 06:30:04,52 km al SO de Mina Collahuasi,-21.242,-68.889,111.0,3.0,Ml
326146,2025-11-15 10:50:27,2025-11-15 07:50:27,45 km al N de Punta de Choros,-28.849,-71.456,21.0,2.5,Ml
326158,2025-11-15 15:24:07,2025-11-15 12:24:07,34 km al O de Punta de Choros,-29.352,-71.8,39.0,2.9,Ml
326161,2025-11-15 15:27:43,2025-11-15 12:27:43,5 km al SE de Parque Fray Jorge,-30.695,-71.644,41.0,2.9,Ml
326167,2025-11-15 16:06:34,2025-11-15 13:06:34,34 km al S de Calama,-22.771,-68.857,92.0,2.8,Ml
326170,2025-11-15 16:45:10,2025-11-15 13:45:10,7 km al E de Parque Fray Jorge,-30.687,-71.621,35.0,4.7,Mw
326176,2025-11-15 17:03:11,2025-11-15 14:03:11,76 km al SE de Socaire,-24.092,-67.386,210.0,4.0,Ml
326197,2025-11-15 20:24:38,2025-11-15 17:24:38,44 km al SO de Huasco,-28.833,-71.38,22.0,2.5,Ml
326219,2025-11-15 23:44:54,2025-11-15 20:44:54,7 km al SO de Parque Fray Jorge,-30.718,-71.725,32.0,3.0,Ml
326226,2025-11-16 01:30:38,2025-11-15 22:30:38,39 km al NO de San Pedro de Atacama,-22.763,-68.543,15.0,3.3,Ml
326251,2025-11-16 05:26:04,2025-11-16 02:26:04,23 km al S de Canela Baja,-31.606,-71.449,77.0,3.2,Ml
326256,2025-11-16 06:29:48,2025-11-16 03:29:48,41 km al O de Visviri,-17.544,-69.863,155.0,3.1,Ml
326263,2025-11-16 07:11:56,2025-11-16 04:11:56,20 km al E de Rancagua,-34.141,-70.519,109.0,3.4,Ml
326276,2025-11-16 10:32:49,2025-11-16 07:32:49,45 km al N de Punta de Choros,-28.849,-71.454,42.0,2.6,Ml
326283,2025-11-16 11:17:47,2025-11-16 08:17:47,67 km al NE de Mina Los Pelambres,-31.29,-70.255,135.0,3.1,Ml
326288,2025-11-16 12:03:50,2025-11-16 09:03:50,40 km al O de Socaire,-23.529,-68.28,140.0,3.4,Ml
326291,2025-11-16 12:52:27,2025-11-16 09:52:27,30 km al S de Ollagüe,-21.494,-68.239,127.0,2.7,Ml
326299,2025-11-16 14:14:35,2025-11-16 11:14:35,66 km al SE de Socaire,-24.066,-67.496,213.0,3.6,Ml
326318,2025-11-16 18:25:05,2025-11-16 15:25:05,36 km al SO de Punta de Choros,-29.444,-71.759,44.0,3.7,Ml
326321,2025-11-16 19:23:08,2025-11-16 16:23:08,29 km al NO de Mina Collahuasi,-20.631,-68.84,114.0,3.1,Ml
326338,2025-11-16 22:57:21,2025-11-16 19:57:21,75 km al NE de Calama,-21.893,-68.551,121.0,2.9,Ml
326344,2025-11-17 00:37:14,2025-11-16 21:37:14,46 km al N de Punta de Choros,-28.839,-71.493,41.0,2.6,Ml
326387,2025-11-17 10:24:20,2025-11-17 07:24:20,15 km al NE de Pica,-20.423,-69.205,99.0,3.6,Ml
326401,2025-11-17 12:10:51,2025-11-17 09:10:51,34 km al N de Pica,-20.203,-69.217,91.0,2.8,Ml
326409,2025-11-17 13:29:06,2025-11-17 10:29:06,28 km al SO de Patache,-20.922,-70.447,56.0,3.1,Ml
326411,2025-11-17 14:02:49,2025-11-17 11:02:49,41 km al N de Punta de Choros,-28.901,-71.327,42.0,3.0,Ml
326417,2025-11-17 14:59:08,2025-11-17 11:59:08,13 km al SE de Pica,-20.539,-69.215,100.0,2.7,Ml
326455,2025-11-17 22:24:11,2025-11-17 19:24:11,29 km al SE de Calama,-22.644,-68.715,110.0,2.6,Ml
326463,2025-11-18 00:07:46,2025-11-17 21:07:46,75 km al O de San Antonio de los Cobres,-24.14,-67.055,204.0,4.1,Ml
326466,2025-11-18 00:23:48,2025-11-17 21:23:48,16 km al SE de Talca,-35.544,-71.566,80.0,2.5,Ml
326469,2025-11-18 00:26:42,2025-11-17 21:26:42,78 km al SO de San Pedro de Atacama,-23.408,-68.753,114.0,2.6,Ml
326473,2025-11-18 00:55:43,2025-11-17 21:55:43,3 km al O de La Serena,-29.906,-71.282,46.0,3.1,Ml
326495,2025-11-18 04:01:06,2025-11-18 01:01:06,36 km al SE de Cobquecura,-36.435,-72.663,53.0,2.6,Ml
326504,2025-11-18 04:55:59,2025-11-18 01:55:59,5 km al SE de San Pedro de Atacama,-22.943,-68.157,105.0,2.8,Ml
326505,2025-11-18 05:00:39,2025-11-18 02:00:39,18 km al N de Pica,-20.336,-69.294,86.0,2.6,Ml
326510,2025-11-18 05:19:45,2025-11-18 02:19:45,91 km al E de Copiapó,-27.568,-69.438,113.0,3.3,Ml
326512,2025-11-18 05:39:30,2025-11-18 02:39:30,28 km al SE de Chillán,-36.828,-71.946,32.0,2.9,Ml
326513,2025-11-18 05:41:20,2025-11-18 02:41:20,36 km al SO de Mina Collahuasi,-20.962,-68.974,107.0,2.7,Ml
326523,2025-11-18 07:11:31,2025-11-18 04:11:31,80 km al SE de Socaire,-24.17,-67.417,210.0,4.9,Mw
326528,2025-11-18 07:57:37,2025-11-18 04:57:37,47 km al O de San Pedro de Atacama,-22.898,-68.654,96.0,3.2,Ml
326531,2025-11-18 08:45:27,2025-11-18 05:45:27,16 km al NE de Pica,-20.367,-69.244,108.0,2.5,Ml
326532,2025-11-18 08:46:37,2025-11-18 05:46:37,53 km al SE de Camiña,-19.717,-69.162,104.0,2.7,Ml
326563,2025-11-18 15:00:44,2025-11-18 12:00:44,53 km al S de Pica,-20.964,-69.255,98.0,2.9,Ml
326574,2025-11-18 16:51:29,2025-11-18 13:51:29,47 km al SO de Mina Collahuasi,-21.22,-68.831,115.0,3.5,Ml
326602,2025-11-18 19:47:46,2025-11-18 16:47:46,31 km al NO de Los Vilos,-31.664,-71.672,25.0,3.3,Ml
326605,2025-11-18 19:58:02,2025-11-18 16:58:02,58 km al NE de Paposo,-24.633,-70.068,56.0,4.4,Mw
326625,2025-11-19 00:26:47,2025-11-18 21:26:47,48 km al NO de Quillagua,-21.475,-69.959,29.0,2.8,Ml
326639,2025-11-19 01:22:02,2025-11-18 22:22:02,23 km al E de Socaire,-23.584,-67.669,271.0,2.8,Ml
326632,2025-11-19 02:36:29,2025-11-18 23:36:29,53 km al S de Ollagüe,-21.673,-68.437,126.0,2.5,Ml
326636,2025-11-19 02:48:01,2025-11-18 23:48:01,33 km al N de Pica,-20.211,-69.226,92.0,2.8,Ml
326647,2025-11-19 04:42:41,2025-11-19 01:42:41,57 km al O de Coronel,-36.871,-73.765,49.0,3.6,Ml
326650,2025-11-19 04:44:10,2025-11-19 01:44:10,79 km al S de Socaire,-24.27,-67.679,242.0,2.9,Ml
326653,2025-11-19 05:09:06,2025-11-19 02:09:06,26 km al S de Huasco,-28.698,-71.23,54.0,2.8,Ml
326654,2025-11-19 05:11:28,2025-11-19 02:11:28,59 km al N de Pica,-19.962,-69.247,100.0,2.9,Ml
326657,2025-11-19 05:21:31,2025-11-19 02:21:31,71 km al SE de Socaire,-24.079,-67.441,222.0,3.1,Ml
326669,2025-11-19 06:39:04,2025-11-19 03:39:04,119 km al O de Lebu,-37.85,-74.97,26.0,5.0,Mw
326674,2025-11-19 06:47:29,2025-11-19 03:47:29,135 km al O de Lebu,-37.921,-75.146,25.0,3.4,Ml
326678,2025-11-19 06:51:11,2025-11-19 03:51:11,132 km al O de Lebu,-37.958,-75.097,25.0,2.8,Ml
326677,2025-11-19 06:53:23,2025-11-19 03:53:23,58 km al S de Ollagüe,-21.74,-68.356,121.0,2.7,Ml
326681,2025-11-19 08:08:29,2025-11-19 05:08:29,20 km al NE de Pica,-20.334,-69.245,106.0,2.8,Ml
326689,2025-11-19 09:27:34,2025-11-19 06:27:34,24 km al NO de Caleta El Cobre,-24.05,-70.619,55.0,3.2,Ml
326704,2025-11-19 12:05:54,2025-11-19 09:05:54,21 km al S de Parque Fray Jorge,-30.848,-71.674,28.0,2.5,Ml
326706,2025-11-19 12:19:55,2025-11-19 09:19:55,78 km al NE de Socaire,-23.123,-67.325,256.0,2.8,Ml
326715,2025-11-19 13:37:50,2025-11-19 10:37:50,113 km al O de Mejillones,-22.887,-71.526,20.0,2.5,Ml
326718,2025-11-19 13:54:01,2025-11-19 10:54:01,51 km al SO de Ollagüe,-21.652,-68.438,122.0,2.5,Ml
326719,2025-11-19 13:56:45,2025-11-19 10:56:45,41 km al E de Calama,-22.366,-68.547,131.0,2.6,Ml
326721,2025-11-19 14:48:26,2025-11-19 11:48:26,55 km al NE de Chañaral,-25.95,-70.299,52.0,3.5,Ml
326729,2025-11-19 15:39:04,2025-11-19 12:39:04,88 km al E de Socaire,-23.348,-67.069,240.0,3.7,Ml
326730,2025-11-19 15:54:16,2025-11-19 12:54:16,58 km al NE de Calama,-22.021,-68.645,124.0,2.9,Ml
326732,2025-11-19 16:14:39,2025-11-19 13:14:39,71 km al SE de Socaire,-23.952,-67.315,207.0,2.5,Ml
326751,2025-11-19 18:38:39,2025-11-19 15:38:39,50 km al E de Pica,-20.332,-68.884,103.0,2.5,Ml
326754,2025-11-19 18:46:22,2025-11-19 15:46:22,192 km al O de Patache,-20.577,-72.033,22.0,4.1,Ml
326758,2025-11-19 18:58:32,2025-11-19 15:58:32,11 km al SE de Pisagua,-19.686,-70.168,53.0,3.4,Ml
326771,2025-11-19 20:15:08,2025-11-19 17:15:08,22 km al N de Antofagasta,-23.452,-70.432,55.0,2.5,Ml
326775,2025-11-19 20:45:11,2025-11-19 17:45:11,53 km al NE de San Pedro de Atacama,-22.55,-67.874,214.0,2.9,Ml
326781,2025-11-19 21:20:50,2025-11-19 18:20:50,111 km al NE de Socaire,-23.058,-66.975,274.0,3.0,Ml
326784,2025-11-19 21:29:44,2025-11-19 18:29:44,33 km al NO de La Serena,-29.7,-71.496,59.0,4.2,Ml
326791,2025-11-19 21:55:28,2025-11-19 18:55:28,45 km al O de Ollagüe,-21.292,-68.684,114.0,3.9,Ml
326793,2025-11-19 21:58:28,2025-11-19 18:58:28,39 km al NE de Pica,-20.205,-69.118,94.0,2.7,Ml
326796,2025-11-19 22:34:54,2025-11-19 19:34:54,31 km al O de Mina Collahuasi,-20.882,-68.951,111.0,3.1,Ml
326798,2025-11-19 22:43:37,2025-11-19 19:43:37,43 km al E de El Salvador,-26.194,-69.203,141.0,2.8,Ml
326800,2025-11-19 23:00:16,2025-11-19 20:00:16,53 km al E de Arica,-18.635,-69.848,21.0,3.0,Ml
326805,2025-11-19 23:28:49,2025-11-19 20:28:49,29 km al E de Pica,-20.386,-69.075,93.0,2.5,Ml
326807,2025-11-19 23:39:33,2025-11-19 20:39:33,29 km al E de Taltal,-25.389,-70.201,64.0,3.2,Ml
326827,2025-11-20 00:27:46,2025-11-19 21:27:46,17 km al SE de Socaire,-23.686,-67.763,231.0,2.5,Ml
326826,2025-11-20 01:03:33,2025-11-19 22:03:33,76 km al SE de Socaire,-23.965,-67.263,236.0,2.9,Ml
326825,2025-11-20 03:32:06,2025-11-20 00:32:06,17 km al E de Calama,-22.508,-68.767,124.0,2.7,Ml
326831,2025-11-20 04:44:01,2025-11-20 01:44:01,59 km al E de Socaire,-23.536,-67.317,257.0,3.6,Ml
326837,2025-11-20 05:15:36,2025-11-20 02:15:36,48 km al SO de Mina Collahuasi,-21.158,-68.951,116.0,2.6,Ml
326854,2025-11-20 07:20:04,2025-11-20 04:20:04,15 km al O de Visviri,-17.648,-69.617,153.0,3.0,Ml
326855,2025-11-20 09:46:19,2025-11-20 06:46:19,21 km al NO de Punitaqui,-30.73,-71.443,40.0,2.8,Ml
326864,2025-11-20 10:16:12,2025-11-20 07:16:12,47 km al O de Cobquecura,-36.306,-73.267,14.0,2.5,Ml
326862,2025-11-20 10:27:42,2025-11-20 07:27:42,29 km al E de Los Ángeles,-37.513,-72.033,42.0,3.5,Ml
326869,2025-11-20 11:51:36,2025-11-20 08:51:36,77 km al S de Socaire,-24.277,-67.976,248.0,3.5,Ml
326874,2025-11-20 12:33:46,2025-11-20 09:33:46,65 km al SO de Mina Collahuasi,-21.317,-69.004,110.0,2.9,Ml
326876,2025-11-20 12:56:35,2025-11-20 09:56:35,77 km al O de San Antonio de los Cobres,-24.096,-67.063,220.0,2.9,Ml
326880,2025-11-20 14:02:57,2025-11-20 11:02:57,35 km al O de Colchane,-19.221,-68.971,10.0,2.8,Ml
326888,2025-11-20 14:48:18,2025-11-20 11:48:18,23 km al SO de Salamanca,-31.875,-71.181,77.0,3.4,Ml
326901,2025-11-20 15:53:33,2025-11-20 12:53:33,56 km al S de Socaire,-24.089,-67.872,241.0,2.6,Ml
326900,2025-11-20 16:05:02,2025-11-20 13:05:02,82 km al SE de Socaire,-23.929,-67.17,241.0,3.2,Ml
326910,2025-11-20 17:31:09,2025-11-20 14:31:09,65 km al O de San Antonio de los Cobres,-24.188,-66.957,207.0,3.3,Ml
326927,2025-11-20 19:03:23,2025-11-20 16:03:23,81 km al NO de San Antonio de los Cobres,-23.808,-66.977,236.0,2.6,Ml
326938,2025-11-20 20:22:51,2025-11-20 17:22:51,37 km al SE de Rancagua,-34.326,-70.384,118.0,2.8,Ml
326942,2025-11-20 20:48:14,2025-11-20 17:48:14,83 km al E de Socaire,-23.729,-67.088,225.0,2.9,Ml
326945,2025-11-20 21:15:01,2025-11-20 18:15:01,75 km al NE de El Salvador,-25.624,-69.343,134.0,2.6,Ml
326952,2025-11-20 22:25:10,2025-11-20 19:25:10,63 km al SE de Socaire,-23.974,-67.431,260.0,2.8,Ml
326964,2025-11-20 23:34:04,2025-11-20 20:34:04,33 km al SO de Ollagüe,-21.456,-68.452,135.0,2.8,Ml
326966,2025-11-21 00:42:40,2025-11-20 21:42:40,81 km al E de Socaire,-23.884,-67.161,251.0,4.7,Mw
326967,2025-11-21 01:01:01,2025-11-20 22:01:01,17 km al O de Ancud,-41.86,-74.033,40.0,3.1,Ml
326980,2025-11-21 02:13:45,2025-11-20 23:13:45,49 km al NE de Calama,-22.061,-68.753,133.0,2.6,Ml
326990,2025-11-21 02:21:06,2025-11-20 23:21:06,41 km al SE de Pica,-20.828,-69.169,89.0,2.6,Ml
326984,2025-11-21 02:22:27,2025-11-20 23:22:27,28 km al E de Linares,-35.795,-71.295,102.0,2.7,Ml
326987,2025-11-21 02:39:29,2025-11-20 23:39:29,18 km al NO de Punitaqui,-30.706,-71.385,49.0,4.4,Ml
326992,2025-11-21 03:25:23,2025-11-21 00:25:23,39 km al S de Pica,-20.82,-69.214,102.0,2.5,Ml
327018,2025-11-21 07:20:09,2025-11-21 04:20:09,91 km al SE de Socaire,-24.304,-67.448,191.0,3.4,Ml
327020,2025-11-21 07:38:25,2025-11-21 04:38:25,13 km al O de Punitaqui,-30.876,-71.379,63.0,2.6,Ml
327021,2025-11-21 07:50:35,2025-11-21 04:50:35,60 km al SO de Ollagüe,-21.452,-68.776,117.0,2.8,Ml
327030,2025-11-21 09:10:57,2025-11-21 06:10:57,88 km al S de Socaire,-24.385,-67.917,165.0,3.5,Ml
327031,2025-11-21 09:47:23,2025-11-21 06:47:23,46 km al N de Pica,-20.087,-69.22,100.0,3.0,Ml
327033,2025-11-21 10:09:04,2025-11-21 07:09:04,28 km al SO de Visviri,-17.762,-69.681,169.0,4.1,Ml
327035,2025-11-21 10:14:52,2025-11-21 07:14:52,29 km al NO de Quintero,-32.546,-71.675,59.0,3.3,Ml
327037,2025-11-21 10:23:11,2025-11-21 07:23:11,40 km al O de Mina Collahuasi,-20.898,-69.038,103.0,2.7,Ml
327050,2025-11-21 11:48:17,2025-11-21 08:48:17,22 km al S de Mina Collahuasi,-21.019,-68.599,134.0,2.8,Ml
327058,2025-11-21 12:33:42,2025-11-21 09:33:42,44 km al SE de Putre,-18.538,-69.348,119.0,2.5,Ml
327062,2025-11-21 12:42:38,2025-11-21 09:42:38,38 km al N de Camiña,-18.973,-69.366,113.0,3.2,Ml
327066,2025-11-21 13:12:49,2025-11-21 10:12:49,94 km al O de San Antonio de los Cobres,-24.338,-67.234,203.0,3.2,Ml
327076,2025-11-21 14:17:31,2025-11-21 11:17:31,46 km al SE de Socaire,-23.794,-67.498,262.0,3.3,Ml
327079,2025-11-21 14:33:33,2025-11-21 11:33:33,62 km al SE de Socaire,-23.987,-67.467,226.0,2.6,Ml
327081,2025-11-21 14:43:19,2025-11-21 11:43:19,30 km al NO de Coronel,-36.836,-73.388,24.0,2.5,Ml
327092,2025-11-21 16:36:31,2025-11-21 13:36:31,25 km al E de Pica,-20.462,-69.092,104.0,2.7,Ml
327099,2025-11-21 17:36:56,2025-11-21 14:36:56,19 km al S de La Higuera,-29.68,-71.212,66.0,3.0,Ml
327104,2025-11-21 17:47:30,2025-11-21 14:47:30,37 km al O de Colchane,-19.35,-68.982,4.0,2.5,Ml
327109,2025-11-21 18:07:14,2025-11-21 15:07:14,19 km al S de La Higuera,-29.685,-71.213,50.0,3.2,Ml
327113,2025-11-21 18:14:21,2025-11-21 15:14:21,104 km al S de Mina La Escondida,-25.166,-69.341,121.0,3.0,Ml
327123,2025-11-21 19:25:19,2025-11-21 16:25:19,29 km al E de Los Vilos,-32.006,-71.229,75.0,3.2,Ml
327131,2025-11-21 20:27:47,2025-11-21 17:27:47,32 km al SE de Calama,-22.664,-68.695,110.0,2.8,Ml
327137,2025-11-21 21:10:43,2025-11-21 18:10:43,40 km al E de Calama,-22.463,-68.536,113.0,2.5,Ml
327142,2025-11-21 21:50:35,2025-11-21 18:50:35,89 km al NE de San Pedro de Atacama,-22.182,-67.865,196.0,3.2,Ml
327160,2025-11-22 00:41:04,2025-11-21 21:41:04,87 km al O de Iquique,-20.223,-70.991,15.0,3.1,Ml
327163,2025-11-22 00:43:46,2025-11-21 21:43:46,86 km al O de Iquique,-20.228,-70.974,17.0,2.5,Ml
327165,2025-11-22 01:07:05,2025-11-21 22:07:05,20 km al NE de Linares,-35.74,-71.424,104.0,3.4,Ml
327183,2025-11-22 02:01:41,2025-11-21 23:01:41,30 km al SO de Mejillones,-23.28,-70.67,26.0,2.5,Ml
327178,2025-11-22 02:29:00,2025-11-21 23:29:00,60 km al S de Colchane,-19.785,-68.835,118.0,2.7,Ml
327185,2025-11-22 03:22:22,2025-11-22 00:22:22,19 km al S de Punitaqui,-31.005,-71.256,64.0,3.5,Ml
327188,2025-11-22 03:42:58,2025-11-22 00:42:58,88 km al O de Iquique,-20.248,-71.0,11.0,2.6,Ml
327204,2025-11-22 07:02:08,2025-11-22 04:02:08,22 km al NE de Camiña,-19.221,-69.242,111.0,3.0,Ml
327209,2025-11-22 08:10:32,2025-11-22 05:10:32,37 km al SO de Ollagüe,-21.401,-68.561,130.0,3.1,Ml
327217,2025-11-22 09:18:00,2025-11-22 06:18:00,306 km al NO de Base Frei,-59.87,-62.0,10.0,3.9,Ml
327220,2025-11-22 09:26:54,2025-11-22 06:26:54,76 km al N de San Pedro de Atacama,-22.241,-68.178,228.0,2.7,Ml
327222,2025-11-22 09:45:43,2025-11-22 06:45:43,55 km al SE de Sierra Gorda,-23.174,-68.876,93.0,3.1,Ml
327227,2025-11-22 11:35:25,2025-11-22 08:35:25,19 km al N de Quintero,-32.605,-71.56,41.0,2.7,Ml
327235,2025-11-22 11:53:59,2025-11-22 08:53:59,25 km al SE de Talca,-35.548,-71.44,81.0,3.0,Ml
327243,2025-11-22 12:55:10,2025-11-22 09:55:10,24 km al SO de Mina Collahuasi,-20.96,-68.84,101.0,2.6,Ml
327249,2025-11-22 13:47:30,2025-11-22 10:47:30,6 km al SE de Parque Fray Jorge,-30.7,-71.631,37.0,3.3,Ml
327257,2025-11-22 16:13:19,2025-11-22 13:13:19,103 km al SE de Alto del Carmen,-29.275,-69.611,126.0,2.9,Ml
327258,2025-11-22 16:21:46,2025-11-22 13:21:46,51 km al SE de Baquedano,-23.659,-69.493,80.0,3.3,Ml
327269,2025-11-22 18:09:03,2025-11-22 15:09:03,6 km al NO de Calama,-22.426,-68.962,132.0,2.5,Ml
327281,2025-11-22 19:18:15,2025-11-22 16:18:15,9 km al SO de Ollagüe,-21.267,-68.325,130.0,3.1,Ml
327301,2025-11-22 21:21:32,2025-11-22 18:21:32,53 km al SE de Caleta El Cobre,-24.468,-70.062,51.0,2.7,Ml
327303,2025-11-22 21:31:01,2025-11-22 18:31:01,51 km al SO de Ollagüe,-21.621,-68.5,130.0,2.6,Ml
327310,2025-11-22 22:17:39,2025-11-22 19:17:39,20 km al O de San Fabián,-36.592,-71.766,60.0,2.7,Ml
327313,2025-11-22 23:17:57,2025-11-22 20:17:57,67 km al SO de Ollagüe,-21.776,-68.518,120.0,2.8,Ml
327315,2025-11-22 23:37:23,2025-11-22 20:37:23,67 km al NO de Quintero,-32.465,-72.135,45.0,2.7,Ml
327319,2025-11-22 23:50:52,2025-11-22 20:50:52,75 km al NE de San Pedro de Atacama,-22.372,-67.769,189.0,3.3,Ml
327334,2025-11-23 01:37:08,2025-11-22 22:37:08,30 km al N de Calama,-22.203,-68.873,134.0,2.8,Ml
327354,2025-11-23 06:03:31,2025-11-23 03:03:31,67 km al SE de Socaire,-24.026,-67.43,208.0,3.6,Ml
327360,2025-11-23 06:25:12,2025-11-23 03:25:12,42 km al E de Pica,-20.479,-68.923,105.0,2.7,Ml
327388,2025-11-23 13:02:22,2025-11-23 10:02:22,30 km al NE de Paposo,-24.824,-70.244,66.0,2.8,Ml
327391,2025-11-23 14:18:29,2025-11-23 11:18:29,75 km al NE de Calama,-21.903,-68.543,118.0,2.5,Ml
327398,2025-11-23 15:13:49,2025-11-23 12:13:49,66 km al S de Socaire,-24.182,-67.878,235.0,2.7,Ml
327403,2025-11-23 15:45:26,2025-11-23 12:45:26,84 km al SE de Ollagüe,-21.7,-67.628,220.0,3.4,Ml
327406,2025-11-23 16:23:42,2025-11-23 13:23:42,33 km al O de Ollagüe,-21.139,-68.561,135.0,4.3,Ml
327419,2025-11-23 17:33:48,2025-11-23 14:33:48,16 km al NO de Ollagüe,-21.157,-68.389,132.0,3.0,Ml
327420,2025-11-23 17:37:04,2025-11-23 14:37:04,28 km al SE de Calama,-22.648,-68.74,106.0,2.6,Ml
327422,2025-11-23 17:38:01,2025-11-23 14:38:01,14 km al O de Carrizal Bajo,-28.095,-71.296,32.0,3.0,Ml
327426,2025-11-23 17:57:37,2025-11-23 14:57:37,50 km al SE de Curicó,-35.321,-70.876,104.0,3.1,Ml
327433,2025-11-23 18:06:15,2025-11-23 15:06:15,17 km al O de Carrizal Bajo,-28.08,-71.323,31.0,2.8,Ml
327453,2025-11-23 21:58:57,2025-11-23 18:58:57,63 km al SE de Patache,-21.092,-69.671,67.0,2.6,Ml
327480,2025-11-24 01:32:49,2025-11-23 22:32:49,19 km al NE de Alto del Carmen,-28.605,-70.403,95.0,4.1,Ml
327483,2025-11-24 01:36:04,2025-11-23 22:36:04,19 km al SO de Laja,-37.433,-72.81,60.0,3.0,Ml
327488,2025-11-24 01:49:57,2025-11-23 22:49:57,99 km al NO de Isla Guafo,-43.049,-75.68,10.0,3.7,Ml
327489,2025-11-24 02:01:45,2025-11-23 23:01:45,67 km al SO de Ollagüe,-21.774,-68.519,118.0,3.0,Ml
327511,2025-11-24 06:03:57,2025-11-24 03:03:57,19 km al SO de La Serena,-30.026,-71.384,48.0,2.9,Ml
327514,2025-11-24 06:47:39,2025-11-24 03:47:39,35 km al SE de Arauco,-37.509,-73.105,12.0,2.9,Ml
327530,2025-11-24 11:25:03,2025-11-24 08:25:03,13 km al NE de Pichidangui,-32.046,-71.449,41.0,2.7,Ml
327539,2025-11-24 12:55:31,2025-11-24 09:55:31,46 km al N de Calama,-22.057,-68.894,104.0,3.5,Ml
327540,2025-11-24 13:00:00,2025-11-24 10:00:00,55 km al SO de Mina Collahuasi,-21.279,-68.872,117.0,3.8,Ml
327544,2025-11-24 13:09:09,2025-11-24 10:09:09,111 km al NE de Socaire,-23.044,-66.98,246.0,3.5,Ml
327546,2025-11-24 13:33:17,2025-11-24 10:33:17,80 km al O de San Antonio de los Cobres,-24.171,-67.104,207.0,4.4,Mw
327555,2025-11-24 16:22:47,2025-11-24 13:22:47,78 km al E de Socaire,-23.793,-67.161,242.0,3.9,Ml
327561,2025-11-24 16:42:19,2025-11-24 13:42:19,56 km al N de Pica,-19.993,-69.244,91.0,2.5,Ml
327576,2025-11-24 18:28:07,2025-11-24 15:28:07,68 km al SE de Socaire,-23.996,-67.384,217.0,3.3,Ml
327589,2025-11-24 19:47:27,2025-11-24 16:47:27,38 km al S de Calama,-22.811,-68.906,84.0,2.7,Ml
327591,2025-11-24 19:54:22,2025-11-24 16:54:22,37 km al SO de Punta de Choros,-29.457,-71.769,43.0,2.6,Ml
327599,2025-11-24 21:08:50,2025-11-24 18:08:50,42 km al O de Ollagüe,-21.301,-68.649,121.0,2.8,Ml
327602,2025-11-24 21:17:12,2025-11-24 18:17:12,16 km al N de Camiña,-19.17,-69.417,127.0,2.9,Ml
327606,2025-11-24 21:26:02,2025-11-24 18:26:02,65 km al NE de Calama,-21.933,-68.677,117.0,4.2,Ml
327608,2025-11-24 21:31:42,2025-11-24 18:31:42,15 km al SE de Camiña,-19.388,-69.304,104.0,2.5,Ml
327612,2025-11-24 22:32:53,2025-11-24 19:32:53,43 km al SO de Mina Collahuasi,-21.059,-68.99,110.0,3.2,Ml
327615,2025-11-24 22:50:24,2025-11-24 19:50:24,45 km al E de Carrizal Bajo,-28.149,-70.693,72.0,2.6,Ml
327616,2025-11-24 23:12:29,2025-11-24 20:12:29,34 km al E de Sierra Gorda,-22.851,-68.99,111.0,3.0,Ml
327625,2025-11-25 01:52:37,2025-11-24 22:52:37,76 km al N de Calama,-21.826,-68.696,108.0,2.7,Ml
327636,2025-11-25 01:54:40,2025-11-24 22:54:40,48 km al SE de Sierra Gorda,-23.152,-68.943,94.0,2.8,Ml
327629,2025-11-25 02:13:13,2025-11-24 23:13:13,88 km al NE de Socaire,-23.039,-67.274,241.0,4.3,Mw
327646,2025-11-25 04:52:50,2025-11-25 01:52:50,16 km al NE de Alto del Carmen,-28.695,-70.338,86.0,2.9,Ml
327662,2025-11-25 08:33:38,2025-11-25 05:33:38,72 km al NE de Calama,-21.929,-68.547,126.0,3.0,Ml
327710,2025-11-25 12:29:41,2025-11-25 09:29:41,34 km al E de Pica,-20.469,-69.009,102.0,2.7,Ml
327721,2025-11-25 13:46:58,2025-11-25 10:46:58,59 km al NE de Calama,-22.025,-68.617,114.0,3.7,Ml
327726,2025-11-25 13:54:01,2025-11-25 10:54:01,133 km al E de San Pedro de Atacama,-22.461,-67.001,250.0,3.4,Ml
327756,2025-11-25 17:10:28,2025-11-25 14:10:28,64 km al SE de Baquedano,-23.871,-69.604,86.0,3.2,Ml
327761,2025-11-25 17:26:27,2025-11-25 14:26:27,30 km al NO de Parque Fray Jorge,-30.438,-71.86,49.0,2.8,Ml
327801,2025-11-25 19:40:30,2025-11-25 16:40:30,36 km al O de La Higuera,-29.623,-71.549,66.0,3.6,Ml
327826,2025-11-25 21:46:16,2025-11-25 18:46:16,59 km al SO de Ollagüe,-21.704,-68.496,125.0,2.8,Ml
327840,2025-11-25 23:12:00,2025-11-25 20:12:00,32 km al SO de Putre,-18.454,-69.704,89.0,2.8,Ml
327842,2025-11-25 23:21:33,2025-11-25 20:21:33,17 km al S de Baquedano,-23.481,-69.802,65.0,3.1,Ml
327846,2025-11-25 23:54:52,2025-11-25 20:54:52,31 km al S de Mina Collahuasi,-21.104,-68.712,117.0,2.7,Ml
327877,2025-11-26 02:38:48,2025-11-25 23:38:48,20 km al O de Tongoy,-30.312,-71.695,38.0,2.9,Ml
327883,2025-11-26 02:55:22,2025-11-25 23:55:22,24 km al O de Navidad,-33.888,-72.084,34.0,3.4,Ml
327902,2025-11-26 04:26:53,2025-11-26 01:26:53,36 km al O de Colchane,-19.264,-68.978,6.0,3.6,Ml
327916,2025-11-26 06:08:43,2025-11-26 03:08:43,23 km al O de Navidad,-33.895,-72.065,32.0,2.5,Ml
327921,2025-11-26 06:13:14,2025-11-26 03:13:14,113 km al NE de San Pedro de Atacama,-22.081,-67.582,212.0,3.4,Ml
327934,2025-11-26 07:11:38,2025-11-26 04:11:38,73 km al SO de Ollagüe,-21.745,-68.684,123.0,4.0,Ml
327938,2025-11-26 07:21:30,2025-11-26 04:21:30,23 km al SE de San Antonio,-33.774,-71.523,54.0,3.4,Ml
327941,2025-11-26 07:22:18,2025-11-26 04:22:18,73 km al NE de Calama,-21.865,-68.646,114.0,3.5,Ml
327965,2025-11-26 10:49:14,2025-11-26 07:49:14,51 km al SO de Lebu,-37.972,-74.005,27.0,3.8,Ml
327970,2025-11-26 10:53:47,2025-11-26 07:53:47,41 km al SO de Socaire,-23.846,-68.177,115.0,4.2,Ml
327990,2025-11-26 13:10:37,2025-11-26 10:10:37,28 km al S de Copiapó,-27.615,-70.353,75.0,2.7,Ml
328001,2025-11-26 14:10:15,2025-11-26 11:10:15,45 km al NE de Quillagua,-21.292,-69.348,79.0,2.9,Ml
328050,2025-11-26 18:03:01,2025-11-26 15:03:01,94 km al SE de Socaire,-24.372,-67.548,219.0,3.4,Ml
328046,2025-11-26 18:15:46,2025-11-26 15:15:46,49 km al SO de Mina Collahuasi,-21.101,-69.03,113.0,2.9,Ml
328054,2025-11-26 19:05:19,2025-11-26 16:05:19,30 km al E de Talca,-35.543,-71.37,90.0,2.7,Ml
328062,2025-11-26 20:08:42,2025-11-26 17:08:42,42 km al N de Punta de Choros,-28.868,-71.448,32.0,2.8,Ml
328070,2025-11-26 20:47:58,2025-11-26 17:47:58,109 km al NE de Socaire,-23.048,-66.999,244.0,3.1,Ml
328078,2025-11-26 21:49:04,2025-11-26 18:49:04,42 km al NE de Tirúa,-38.082,-73.153,32.0,2.8,Ml
328080,2025-11-26 21:51:46,2025-11-26 18:51:46,73 km al SE de Socaire,-24.001,-67.335,254.0,3.8,Ml
328087,2025-11-26 22:13:39,2025-11-26 19:13:39,49 km al SO de Ollagüe,-21.552,-68.569,141.0,2.6,Ml
328095,2025-11-26 23:25:17,2025-11-26 20:25:17,70 km al E de Socaire,-23.376,-67.247,249.0,4.4,Ml
328101,2025-11-27 00:08:35,2025-11-26 21:08:35,77 km al NE de Calama,-21.849,-68.609,127.0,3.0,Ml
328108,2025-11-27 00:46:47,2025-11-26 21:46:47,40 km al SO de Mina Collahuasi,-21.127,-68.862,106.0,2.9,Ml
328110,2025-11-27 00:49:52,2025-11-26 21:49:52,49 km al N de Mejillones,-22.657,-70.464,31.0,2.8,Ml
328119,2025-11-27 01:37:39,2025-11-26 22:37:39,74 km al S de Socaire,-24.249,-67.834,231.0,3.4,Ml
328149,2025-11-27 05:38:42,2025-11-27 02:38:42,11 km al E de Parque Fray Jorge,-30.668,-71.563,30.0,2.8,Ml
328153,2025-11-27 06:03:12,2025-11-27 03:03:12,55 km al S de Ollagüe,-21.689,-68.436,128.0,4.3,Ml
328164,2025-11-27 06:36:06,2025-11-27 03:36:06,86 km al SE de Socaire,-24.277,-67.502,225.0,3.0,Ml
328177,2025-11-27 07:49:27,2025-11-27 04:49:27,96 km al NE de Socaire,-23.036,-67.171,230.0,2.7,Ml
328189,2025-11-27 08:22:07,2025-11-27 05:22:07,76 km al E de Socaire,-23.329,-67.196,234.0,2.8,Ml
328193,2025-11-27 09:15:14,2025-11-27 06:15:14,79 km al E de Combarbalá,-31.134,-70.173,136.0,2.6,Ml
328204,2025-11-27 10:34:22,2025-11-27 07:34:22,67 km al E de Socaire,-23.727,-67.25,258.0,2.8,Ml
328212,2025-11-27 11:43:25,2025-11-27 08:43:25,87 km al SE de Socaire,-24.231,-67.403,170.0,3.0,Ml
328221,2025-11-27 13:04:42,2025-11-27 10:04:42,120 km al NE de Socaire,-22.922,-66.967,263.0,3.2,Ml
328224,2025-11-27 13:15:32,2025-11-27 10:15:32,25 km al SO de Panguipulli,-39.81,-72.521,79.0,2.5,Ml
328227,2025-11-27 13:49:36,2025-11-27 10:49:36,47 km al SO de Huasco,-28.726,-71.599,40.0,2.7,Ml
328235,2025-11-27 14:02:43,2025-11-27 11:02:43,35 km al NO de Castro,-42.319,-74.132,43.0,2.6,Ml
328236,2025-11-27 14:29:56,2025-11-27 11:29:56,23 km al S de Pica,-20.697,-69.37,96.0,2.6,Ml
328239,2025-11-27 14:33:52,2025-11-27 11:33:52,32 km al S de Bahía Mansa,-40.871,-73.791,22.0,2.7,Ml
328243,2025-11-27 15:09:19,2025-11-27 12:09:19,20 km al E de Cauquenes,-35.98,-72.098,58.0,3.1,Ml
328259,2025-11-27 16:31:39,2025-11-27 13:31:39,26 km al SO de Calama,-22.61,-69.136,95.0,2.6,Ml
328267,2025-11-27 16:52:37,2025-11-27 13:52:37,48 km al O de Ollagüe,-21.263,-68.712,116.0,2.6,Ml
328279,2025-11-27 17:30:37,2025-11-27 14:30:37,61 km al S de Socaire,-24.128,-67.786,247.0,3.7,Ml
328283,2025-11-27 17:33:12,2025-11-27 14:33:12,34 km al SO de Sierra Gorda,-23.11,-69.549,118.0,3.2,Ml
328308,2025-11-27 19:19:20,2025-11-27 16:19:20,34 km al N de Baquedano,-23.045,-69.943,51.0,3.1,Ml
328329,2025-11-27 20:45:16,2025-11-27 17:45:16,64 km al SO de Ollagüe,-21.632,-68.685,124.0,2.6,Ml
328331,2025-11-27 20:58:00,2025-11-27 17:58:00,15 km al NE de Pichidangui,-32.034,-71.421,49.0,2.6,Ml
328337,2025-11-27 21:23:20,2025-11-27 18:23:20,120 km al O de Valparaíso,-33.092,-72.897,31.0,4.0,Ml
328346,2025-11-27 22:14:41,2025-11-27 19:14:41,76 km al E de Socaire,-23.837,-67.189,226.0,3.2,Ml
328351,2025-11-27 23:31:31,2025-11-27 20:31:31,90 km al E de San Pedro de Atacama,-22.959,-67.323,272.0,3.2,Ml
328358,2025-11-27 23:52:22,2025-11-27 20:52:22,35 km al O de Ollagüe,-21.144,-68.582,139.0,2.9,Ml
328363,2025-11-28 00:21:12,2025-11-27 21:21:12,46 km al SO de Ollagüe,-21.606,-68.431,121.0,3.5,Ml
328368,2025-11-28 01:02:02,2025-11-27 22:02:02,71 km al S de Socaire,-24.23,-67.887,246.0,3.3,Ml
328373,2025-11-28 01:33:30,2025-11-27 22:33:30,31 km al N de María Elena,-22.079,-69.749,54.0,2.5,Ml
328430,2025-11-28 07:13:32,2025-11-28 04:13:32,105 km al E de San Pedro de Atacama,-22.786,-67.181,257.0,4.4,Mw
328447,2025-11-28 09:59:37,2025-11-28 06:59:37,42 km al SE de Putre,-18.527,-69.363,125.0,2.7,Ml
328451,2025-11-28 10:37:52,2025-11-28 07:37:52,99 km al SE de El Salvador,-27.045,-69.187,119.0,2.6,Ml
328464,2025-11-28 11:26:49,2025-11-28 08:26:49,20 km al NE de Combarbalá,-31.03,-70.885,104.0,2.7,Ml
328476,2025-11-28 12:58:44,2025-11-28 09:58:44,41 km al S de Ollagüe,-21.576,-68.371,146.0,4.1,Ml
328478,2025-11-28 13:09:28,2025-11-28 10:09:28,24 km al NE de La Serena,-29.769,-71.053,37.0,2.7,Ml
328484,2025-11-28 13:44:56,2025-11-28 10:44:56,33 km al NO de Mina Collahuasi,-20.628,-68.896,104.0,3.1,Ml
328497,2025-11-28 14:52:11,2025-11-28 11:52:11,42 km al NO de Calama,-22.137,-69.126,99.0,3.0,Ml
328501,2025-11-28 15:00:11,2025-11-28 12:00:11,26 km al SO de Punta de Choros,-29.438,-71.622,44.0,2.5,Ml
328516,2025-11-28 16:18:22,2025-11-28 13:18:22,26 km al N de Calama,-22.241,-68.877,122.0,2.5,Ml
328522,2025-11-28 16:47:45,2025-11-28 13:47:45,43 km al S de Tocopilla,-22.471,-70.305,37.0,3.1,Ml
328530,2025-11-28 17:05:39,2025-11-28 14:05:39,38 km al SO de Ollagüe,-21.517,-68.449,149.0,2.6,Ml
328551,2025-11-28 18:27:02,2025-11-28 15:27:02,66 km al O de Lebu,-37.5,-74.387,29.0,3.3,Ml
328556,2025-11-28 18:35:34,2025-11-28 15:35:34,73 km al S de Socaire,-24.227,-67.711,220.0,3.0,Ml
328581,2025-11-28 21:07:36,2025-11-28 18:07:36,30 km al S de Mina Collahuasi,-21.098,-68.702,130.0,2.5,Ml
328608,2025-11-28 23:07:57,2025-11-28 20:07:57,38 km al N de María Elena,-22.007,-69.611,48.0,2.6,Ml
328614,2025-11-29 00:00:44,2025-11-28 21:00:44,76 km al O de San Antonio de los Cobres,-24.224,-67.069,204.0,3.3,Ml
328621,2025-11-29 00:22:43,2025-11-28 21:22:43,46 km al N de Punta de Choros,-28.832,-71.466,24.0,2.5,Ml
328627,2025-11-29 00:48:34,2025-11-28 21:48:34,21 km al N de Patache,-20.623,-70.207,46.0,4.3,Mw
328630,2025-11-29 00:55:14,2025-11-28 21:55:14,86 km al NO de San Antonio de los Cobres,-23.9,-67.086,249.0,4.6,Mw
328638,2025-11-29 01:47:01,2025-11-28 22:47:01,47 km al SO de Mina Collahuasi,-21.057,-69.039,111.0,2.8,Ml
328642,2025-11-29 02:16:24,2025-11-28 23:16:24,82 km al E de Socaire,-23.825,-67.127,245.0,3.1,Ml
328665,2025-11-29 04:24:37,2025-11-29 01:24:37,76 km al SE de Sierra Gorda,-23.368,-68.794,110.0,2.8,M
328668,2025-11-29 04:44:40,2025-11-29 01:44:40,63 km al NE de San Pedro de Atacama,-22.45,-67.861,186.0,2.6,Ml
328688,2025-11-29 07:10:35,2025-11-29 04:10:35,49 km al NE de San Pedro de Atacama,-22.612,-67.853,181.0,2.5,Ml
328698,2025-11-29 07:52:59,2025-11-29 04:52:59,41 km al NO de Canela Baja,-31.092,-71.704,34.0,2.7,Ml
328705,2025-11-29 08:49:15,2025-11-29 05:49:15,77 km al SE de Socaire,-23.911,-67.219,253.0,3.5,Ml
328730,2025-11-29 12:14:12,2025-11-29 09:14:12,76 km al E de Socaire,-23.381,-67.181,247.0,3.1,Ml
328741,2025-11-29 14:06:52,2025-11-29 11:06:52,16 km al NE de Chañaral,-26.219,-70.554,60.0,2.6,Ml
328747,2025-11-29 14:55:27,2025-11-29 11:55:27,23 km al SE de Huasco,-28.559,-71.014,53.0,3.4,Ml
328757,2025-11-29 16:00:49,2025-11-29 13:00:49,76 km al SE de Socaire,-24.199,-67.56,241.0,3.1,Ml
328768,2025-11-29 16:58:56,2025-11-29 13:58:56,76 km al SE de Paihuano,-30.478,-69.925,118.0,3.3,Ml
328779,2025-11-29 17:31:11,2025-11-29 14:31:11,52 km al O de Quillagua,-21.516,-70.012,58.0,2.8,Ml
328781,2025-11-29 17:35:04,2025-11-29 14:35:04,14 km al NE de Parque Fray Jorge,-30.571,-71.585,24.0,2.5,Ml
328789,2025-11-29 17:59:07,2025-11-29 14:59:07,62 km al S de Socaire,-24.118,-67.702,257.0,4.0,Ml
328792,2025-11-29 18:13:40,2025-11-29 15:13:40,8 km al O de Vichuquén,-34.858,-72.08,33.0,2.7,Ml
328809,2025-11-29 19:32:48,2025-11-29 16:32:48,37 km al E de Calama,-22.338,-68.603,114.0,4.3,Ml
328813,2025-11-29 19:59:24,2025-11-29 16:59:24,23 km al SO de Patache,-20.927,-70.389,55.0,3.1,Ml
328816,2025-11-29 20:29:29,2025-11-29 17:29:29,93 km al E de Linares,-36.133,-70.628,11.0,2.7,Ml
328832,2025-11-29 21:17:26,2025-11-29 18:17:26,40 km al SO de Mina Collahuasi,-21.105,-68.9,114.0,2.5,Ml
328834,2025-11-29 21:31:31,2025-11-29 18:31:31,43 km al SO de Mina Collahuasi,-21.029,-69.014,110.0,2.7,Ml
328853,2025-11-30 01:22:49,2025-11-29 22:22:49,16 km al NO de Punitaqui,-30.702,-71.339,50.0,4.0,Ml
328859,2025-11-30 01:36:27,2025-11-29 22:36:27,46 km al N de Pica,-20.081,-69.317,98.0,2.6,Ml
328863,2025-11-30 02:48:28,2025-11-29 23:48:28,77 km al SE de Socaire,-24.171,-67.476,213.0,3.5,Ml
328866,2025-11-30 02:51:46,2025-11-29 23:51:46,135 km al E de Alto del Carmen,-28.489,-69.139,107.0,4.4,Mw
328875,2025-11-30 03:23:50,2025-11-30 00:23:50,30 km al E de Pica,-20.579,-69.053,117.0,2.7,Ml
328880,2025-11-30 03:56:28,2025-11-30 00:56:28,7 km al NO de Baquedano,-23.29,-69.89,96.0,2.9,Ml
328884,2025-11-30 04:18:41,2025-11-30 01:18:41,20 km al NO de Quintero,-32.687,-71.716,24.0,2.5,Ml
328893,2025-11-30 04:58:08,2025-11-30 01:58:08,40 km al N de Quillagua,-21.296,-69.517,73.0,2.5,Ml
328903,2025-11-30 05:59:07,2025-11-30 02:59:07,29 km al E de Calama,-22.38,-68.664,118.0,3.0,Ml
328917,2025-11-30 07:34:24,2025-11-30 04:34:24,25 km al N de Camiña,-19.093,-69.488,105.0,2.7,Ml
328929,2025-11-30 07:56:05,2025-11-30 04:56:05,54 km al NE de Calama,-22.12,-68.572,120.0,3.2,Ml
328932,2025-11-30 08:12:51,2025-11-30 05:12:51,34 km al NE de Pica,-20.266,-69.106,104.0,2.8,Ml
328962,2025-11-30 11:11:03,2025-11-30 08:11:03,69 km al NO de San Antonio de los Cobres,-23.874,-66.885,180.0,2.9,Ml
329084,2025-11-30 22:05:33,2025-11-30 19:05:33,52 km al NE de San Pedro de Atacama,-22.558,-67.884,166.0,2.5,Ml
329108,2025-12-01 00:33:34,2025-11-30 21:33:34,28 km al S de Calama,-22.705,-68.842,98.0,3.1,Ml
329126,2025-12-01 01:57:25,2025-11-30 22:57:25,27 km al S de Patache,-21.038,-70.129,47.0,2.6,Ml
329136,2025-12-01 02:55:56,2025-11-30 23:55:56,44 km al SO de San Pedro de Atacama,-23.266,-68.404,115.0,2.7,Ml
329164,2025-12-01 05:34:18,2025-12-01 02:34:18,56 km al SE de Sierra Gorda,-23.102,-68.823,96.0,3.2,Ml
329188,2025-12-01 08:20:26,2025-12-01 05:20:26,15 km al NO de Huasco,-28.342,-71.273,35.0,2.7,Ml
329201,2025-12-01 09:58:21,2025-12-01 06:58:21,66 km al N de Mina Collahuasi,-20.231,-68.686,118.0,2.6,Ml
329204,2025-12-01 10:24:21,2025-12-01 07:24:21,32 km al E de Pica,-20.425,-69.035,105.0,2.5,Ml
329208,2025-12-01 10:37:27,2025-12-01 07:37:27,83 km al NE de Socaire,-23.217,-67.19,237.0,3.3,Ml
329210,2025-12-01 10:54:06,2025-12-01 07:54:06,15 km al N de Camiña,-19.18,-69.439,101.0,3.4,Ml
329225,2025-12-01 12:29:11,2025-12-01 09:29:11,38 km al S de Mina Collahuasi,-21.17,-68.68,110.0,4.2,Ml
329228,2025-12-01 12:38:32,2025-12-01 09:38:32,58 km al O de Ollagüe,-21.386,-68.787,118.0,3.1,Ml
329249,2025-12-01 15:16:29,2025-12-01 12:16:29,35 km al NE de Cuya,-18.906,-69.979,84.0,2.6,Ml
329273,2025-12-01 17:29:38,2025-12-01 14:29:38,37 km al SE de Mina Los Pelambres,-32.122,-70.425,114.0,3.3,Ml
329292,2025-12-01 18:32:45,2025-12-01 15:32:45,56 km al NE de Calama,-22.014,-68.7,121.0,3.5,Ml
329297,2025-12-01 18:57:05,2025-12-01 15:57:05,24 km al S de Calama,-22.682,-68.968,109.0,3.5,Ml
329314,2025-12-01 20:13:16,2025-12-01 17:13:16,26 km al O de Coronel,-36.94,-73.425,27.0,3.5,Ml
329330,2025-12-01 21:37:24,2025-12-01 18:37:24,163 km al O de Parque Fray Jorge,-31.259,-73.239,14.0,3.6,Ml
329334,2025-12-01 22:01:37,2025-12-01 19:01:37,41 km al O de Coronel,-36.942,-73.6,13.0,2.5,Ml
329338,2025-12-01 22:11:05,2025-12-01 19:11:05,44 km al NE de Calama,-22.161,-68.662,120.0,3.0,Ml
329376,2025-12-02 01:48:21,2025-12-01 22:48:21,102 km al O de San Antonio de los Cobres,-24.491,-67.283,200.0,4.1,Ml
329388,2025-12-02 02:36:31,2025-12-01 23:36:31,46 km al E de Sierra Gorda,-22.987,-68.881,95.0,4.1,Ml
329406,2025-12-02 03:56:36,2025-12-02 00:56:36,23 km al O de Quillagua,-21.658,-69.757,60.0,2.6,Ml
329453,2025-12-02 08:20:48,2025-12-02 05:20:48,30 km al N de Socaire,-23.325,-67.945,146.0,3.0,Ml
329465,2025-12-02 10:27:29,2025-12-02 07:27:29,57 km al SE de Socaire,-24.008,-67.564,245.0,3.3,Ml
329503,2025-12-02 15:16:16,2025-12-02 12:16:16,21 km al O de Ollagüe,-21.284,-68.448,123.0,2.6,Ml
329536,2025-12-02 18:22:16,2025-12-02 15:22:16,39 km al SE de Pica,-20.788,-69.134,110.0,3.4,Ml
329547,2025-12-02 19:19:19,2025-12-02 16:19:19,26 km al E de Camiña,-19.249,-69.19,110.0,2.8,Ml
329568,2025-12-02 21:03:05,2025-12-02 18:03:05,8 km al O de Calama,-22.449,-69.005,125.0,2.9,Ml
329600,2025-12-02 23:57:44,2025-12-02 20:57:44,72 km al O de Cobquecura,-36.228,-73.585,43.0,3.2,Ml
329612,2025-12-03 00:58:37,2025-12-02 21:58:37,84 km al O de San Antonio de los Cobres,-24.258,-67.151,206.0,3.8,Ml
329614,2025-12-03 01:06:53,2025-12-02 22:06:53,53 km al N de Camiña,-18.842,-69.373,99.0,2.5,Ml
329617,2025-12-03 01:16:20,2025-12-02 22:16:20,78 km al O de Cobquecura,-36.234,-73.654,29.0,3.0,Ml
329619,2025-12-03 01:26:32,2025-12-02 22:26:32,77 km al O de Cobquecura,-36.212,-73.648,32.0,3.7,Ml
329624,2025-12-03 01:42:45,2025-12-02 22:42:45,81 km al O de Cobquecura,-36.19,-73.69,35.0,4.0,Ml
329631,2025-12-03 01:53:28,2025-12-02 22:53:28,73 km al O de Cobquecura,-36.23,-73.597,39.0,3.8,Ml
329637,2025-12-03 02:38:12,2025-12-02 23:38:12,132 km al SE de Copiapó,-28.139,-69.32,121.0,3.7,Ml
329641,2025-12-03 02:44:29,2025-12-02 23:44:29,73 km al O de Cobquecura,-36.234,-73.598,40.0,2.7,Ml
329647,2025-12-03 03:24:03,2025-12-03 00:24:03,27 km al SO de Mina Collahuasi,-21.035,-68.783,105.0,2.9,Ml
329652,2025-12-03 03:34:00,2025-12-03 00:34:00,19 km al SO de Mina Collahuasi,-20.934,-68.795,106.0,2.7,Ml
329663,2025-12-03 05:21:14,2025-12-03 02:21:14,61 km al O de Ollagüe,-21.363,-68.82,120.0,2.7,Ml
329669,2025-12-03 05:39:45,2025-12-03 02:39:45,81 km al O de Cobquecura,-36.215,-73.69,36.0,3.0,Ml
329677,2025-12-03 06:09:19,2025-12-03 03:09:19,56 km al NO de Camiña,-18.852,-69.633,91.0,2.7,Ml
329689,2025-12-03 07:16:49,2025-12-03 04:16:49,12 km al E de Parque Fray Jorge,-30.663,-71.555,40.0,3.3,Ml
329695,2025-12-03 07:40:43,2025-12-03 04:40:43,32 km al O de Valparaíso,-33.091,-71.95,49.0,2.8,Ml
329711,2025-12-03 08:27:38,2025-12-03 05:27:38,24 km al N de Parque Fray Jorge,-30.459,-71.603,31.0,3.0,Ml
329715,2025-12-03 08:38:07,2025-12-03 05:38:07,22 km al S de Tongoy,-30.449,-71.536,34.0,3.6,Ml
329735,2025-12-03 09:42:45,2025-12-03 06:42:45,19 km al N de Tongoy,-30.089,-71.498,36.0,2.8,Ml
329743,2025-12-03 10:09:17,2025-12-03 07:09:17,78 km al N de San Pedro de Atacama,-22.252,-67.971,194.0,3.0,Ml
329755,2025-12-03 10:54:05,2025-12-03 07:54:05,39 km al N de Punta de Choros,-28.9,-71.449,46.0,4.1,Ml
329781,2025-12-03 13:31:16,2025-12-03 10:31:16,76 km al NE de Mina Collahuasi,-20.286,-68.207,178.0,4.0,Ml
329799,2025-12-03 14:35:25,2025-12-03 11:35:25,76 km al NO de Lebu,-37.096,-74.229,41.0,3.4,Ml
329802,2025-12-03 14:54:03,2025-12-03 11:54:03,10 km al SE de Quintero,-32.856,-71.483,42.0,2.7,Ml
329805,2025-12-03 15:15:57,2025-12-03 12:15:57,68 km al SO de Ollagüe,-21.746,-68.598,126.0,2.7,Ml
329826,2025-12-03 17:12:02,2025-12-03 14:12:02,59 km al S de Ollagüe,-21.724,-68.443,124.0,3.3,Ml
329847,2025-12-03 19:36:52,2025-12-03 16:36:52,12 km al O de Patache,-20.828,-70.318,60.0,3.1,Ml
329852,2025-12-03 19:51:52,2025-12-03 16:51:52,36 km al O de Coronel,-36.976,-73.55,14.0,3.4,Ml
329862,2025-12-03 20:25:35,2025-12-03 17:25:35,75 km al NE de Calama,-21.844,-68.658,122.0,3.0,Ml
329871,2025-12-03 21:27:53,2025-12-03 18:27:53,36 km al O de Ollagüe,-21.161,-68.589,122.0,3.3,Ml
329874,2025-12-03 22:06:46,2025-12-03 19:06:46,63 km al NO de Cuya,-18.932,-70.728,38.0,3.7,Ml
329882,2025-12-03 22:40:10,2025-12-03 19:40:10,15 km al SO de Sierra Gorda,-23.017,-69.381,78.0,2.9,Ml
329928,2025-12-04 02:34:38,2025-12-03 23:34:38,39 km al SO de Ollagüe,-21.448,-68.541,130.0,2.8,Ml
329942,2025-12-04 03:27:56,2025-12-04 00:27:56,90 km al NE de San Pedro de Atacama,-22.173,-67.859,211.0,2.8,Ml
329947,2025-12-04 03:35:41,2025-12-04 00:35:41,171 km al SO de Ilo,-18.946,-72.196,23.0,2.7,Ml
329980,2025-12-04 06:57:14,2025-12-04 03:57:14,94 km al E de Alto del Carmen,-28.906,-69.54,121.0,2.9,Ml
329982,2025-12-04 07:15:02,2025-12-04 04:15:02,40 km al SE de Calama,-22.632,-68.584,107.0,4.1,Ml
330019,2025-12-04 09:48:40,2025-12-04 06:48:40,3 km al E de Parque Fray Jorge,-30.663,-71.647,35.0,2.6,Ml
330033,2025-12-04 11:15:13,2025-12-04 08:15:13,72 km al O de Arica,-18.56,-71.001,36.0,4.1,Ml
330036,2025-12-04 11:25:18,2025-12-04 08:25:18,50 km al E de El Salvador,-26.298,-69.13,127.0,3.1,Ml
330059,2025-12-04 12:35:46,2025-12-04 09:35:46,50 km al NO de Quillagua,-21.401,-69.933,56.0,2.5,Ml
330062,2025-12-04 12:55:39,2025-12-04 09:55:39,22 km al SO de Putre,-18.316,-69.727,113.0,3.1,Ml
330072,2025-12-04 13:40:37,2025-12-04 10:40:37,56 km al NE de San Pedro de Atacama,-22.472,-67.952,199.0,2.6,Ml
330079,2025-12-04 13:50:25,2025-12-04 10:50:25,15 km al O de Pichidangui,-32.148,-71.69,29.0,2.6,Ml
330089,2025-12-04 15:14:28,2025-12-04 12:14:28,156 km al O de Pichilemu,-34.289,-73.709,26.0,2.9,Ml
330191,2025-12-05 00:11:42,2025-12-04 21:11:42,31 km al NE de Mina Los Pelambres,-31.632,-70.35,134.0,2.8,Ml
330195,2025-12-05 01:04:52,2025-12-04 22:04:52,57 km al O de Socaire,-23.702,-68.432,127.0,2.5,Ml
330197,2025-12-05 01:19:35,2025-12-04 22:19:35,80 km al SE de Socaire,-23.979,-67.225,235.0,3.1,Ml
330204,2025-12-05 01:44:25,2025-12-04 22:44:25,78 km al S de Socaire,-24.276,-67.711,227.0,3.0,Ml
330215,2025-12-05 02:59:12,2025-12-04 23:59:12,43 km al SO de Mina Collahuasi,-21.163,-68.866,113.0,2.6,Ml
330232,2025-12-05 04:27:40,2025-12-05 01:27:40,4 km al NO de Parque Fray Jorge,-30.631,-71.709,54.0,3.4,Ml
330238,2025-12-05 04:55:43,2025-12-05 01:55:43,9 km al SO de Tocopilla,-22.161,-70.242,33.0,2.5,Ml
330241,2025-12-05 05:00:12,2025-12-05 02:00:12,28 km al N de Cabrero,-36.786,-72.408,48.0,2.9,Ml
330248,2025-12-05 05:42:28,2025-12-05 02:42:28,24 km al O de La Serena,-29.993,-71.481,48.0,2.9,Ml
330249,2025-12-05 05:44:14,2025-12-05 02:44:14,13 km al NO de El Tabo,-33.355,-71.735,29.0,2.9,Ml
330254,2025-12-05 05:56:09,2025-12-05 02:56:09,33 km al S de Mina Collahuasi,-21.108,-68.559,130.0,2.6,Ml
330257,2025-12-05 06:04:48,2025-12-05 03:04:48,16 km al E de Mejillones,-23.07,-70.299,47.0,3.6,Ml
330272,2025-12-05 06:55:31,2025-12-05 03:55:31,43 km al S de Tocopilla,-22.454,-70.35,45.0,3.6,Ml
330275,2025-12-05 07:09:21,2025-12-05 04:09:21,61 km al SE de Baquedano,-23.668,-69.364,104.0,3.3,Ml
330283,2025-12-05 07:27:16,2025-12-05 04:27:16,21 km al SO de Huasco,-28.55,-71.413,56.0,2.6,Ml
330281,2025-12-05 07:30:03,2025-12-05 04:30:03,55 km al SE de Sierra Gorda,-23.14,-68.859,101.0,3.2,Ml
330289,2025-12-05 08:01:07,2025-12-05 05:01:07,69 km al NE de Calama,-21.932,-68.587,104.0,2.5,Ml
330294,2025-12-05 08:10:27,2025-12-05 05:10:27,33 km al NE de Quillota,-32.714,-70.953,76.0,2.9,Ml
330292,2025-12-05 08:11:03,2025-12-05 05:11:03,45 km al N de Mina Collahuasi,-20.45,-68.802,111.0,3.2,Ml
330297,2025-12-05 08:15:53,2025-12-05 05:15:53,43 km al O de San Pedro de Atacama,-23.077,-68.584,119.0,3.8,Ml
330304,2025-12-05 09:11:21,2025-12-05 06:11:21,77 km al O de Iquique,-20.234,-70.891,24.0,3.3,Ml
330311,2025-12-05 10:19:34,2025-12-05 07:19:34,43 km al NE de Punta de Choros,-28.922,-71.226,51.0,3.1,Ml
330313,2025-12-05 10:25:43,2025-12-05 07:25:43,49 km al O de Ollagüe,-21.377,-68.696,123.0,3.5,Ml
330322,2025-12-05 10:50:16,2025-12-05 07:50:16,278 km al NO de Base Frei,-60.19,-62.07,10.0,5.2,Ml
330325,2025-12-05 10:59:57,2025-12-05 07:59:57,89 km al SE de Socaire,-24.114,-67.224,213.0,3.8,Ml
330328,2025-12-05 11:09:31,2025-12-05 08:09:31,21 km al NO de Tongoy,-30.129,-71.66,33.0,3.2,Ml
330339,2025-12-05 12:13:08,2025-12-05 09:13:08,30 km al NO de Ollagüe,-21.071,-68.496,142.0,2.6,Ml
330351,2025-12-05 13:31:57,2025-12-05 10:31:57,73 km al SE de Socaire,-24.027,-67.358,260.0,2.5,Ml
330364,2025-12-05 14:37:57,2025-12-05 11:37:57,119 km al O de Canela Baja,-31.463,-72.706,27.0,3.1,Ml
330425,2025-12-05 19:34:10,2025-12-05 16:34:10,57 km al N de Pica,-19.996,-69.188,96.0,2.7,Ml
330453,2025-12-05 21:33:29,2025-12-05 18:33:29,79 km al S de Socaire,-24.276,-67.693,226.0,2.8,Ml
330481,2025-12-06 00:26:43,2025-12-05 21:26:43,30 km al E de Antuco,-37.422,-71.356,129.0,3.2,Ml
330489,2025-12-06 01:29:42,2025-12-05 22:29:42,95 km al E de Copiapó,-27.678,-69.435,98.0,3.3,Ml
330501,2025-12-06 02:45:10,2025-12-05 23:45:10,53 km al N de Pica,-20.03,-69.204,98.0,3.7,Ml
330518,2025-12-06 04:37:30,2025-12-06 01:37:30,21 km al E de Tongoy,-30.178,-71.296,63.0,2.7,Ml
330527,2025-12-06 05:23:03,2025-12-06 02:23:03,32 km al SO de Salamanca,-32.019,-71.151,85.0,3.2,Ml
330550,2025-12-06 07:47:25,2025-12-06 04:47:25,63 km al N de Camiña,-18.763,-69.553,114.0,3.0,Ml
330555,2025-12-06 07:50:08,2025-12-06 04:50:08,20 km al SE de San Fernando,-34.739,-70.872,108.0,2.7,Ml
330571,2025-12-06 09:37:28,2025-12-06 06:37:28,21 km al N de Quintero,-32.589,-71.581,41.0,2.6,Ml
330576,2025-12-06 09:56:55,2025-12-06 06:56:55,66 km al S de Ollagüe,-21.789,-68.465,127.0,3.1,Ml
330602,2025-12-06 13:45:16,2025-12-06 10:45:16,34 km al NE de Calama,-22.226,-68.736,113.0,3.1,Ml
330610,2025-12-06 14:40:14,2025-12-06 11:40:14,44 km al N de Punta de Choros,-28.856,-71.384,33.0,2.6,Ml
330613,2025-12-06 15:54:15,2025-12-06 12:54:15,111 km al S de Punta Arenas,-54.153,-70.691,11.0,2.8,Ml
330629,2025-12-06 16:28:04,2025-12-06 13:28:04,81 km al NE de Socaire,-23.103,-67.296,283.0,3.6,Ml
330635,2025-12-06 16:55:09,2025-12-06 13:55:09,59 km al O de Los Vilos,-31.817,-72.124,36.0,3.0,Ml
330641,2025-12-06 17:20:24,2025-12-06 14:20:24,27 km al SO de Mina Collahuasi,-21.036,-68.782,103.0,2.7,Ml
330646,2025-12-06 17:22:21,2025-12-06 14:22:21,24 km al SO de Ollagüe,-21.396,-68.398,139.0,2.8,Ml
330645,2025-12-06 17:31:46,2025-12-06 14:31:46,68 km al O de Los Vilos,-31.812,-72.22,27.0,4.0,Ml
330665,2025-12-06 18:38:21,2025-12-06 15:38:21,19 km al NO de Camiña,-19.159,-69.515,92.0,3.0,Ml
330681,2025-12-06 20:20:13,2025-12-06 17:20:13,25 km al E de Pica,-20.508,-69.086,96.0,4.4,Mw
330708,2025-12-06 20:56:31,2025-12-06 17:56:31,117 km al SE de Copiapó,-28.093,-69.476,140.0,2.8,Ml
330709,2025-12-06 21:12:53,2025-12-06 18:12:53,141 km al O de Pisagua,-19.589,-71.56,29.0,2.7,Ml
330704,2025-12-06 21:34:43,2025-12-06 18:34:43,113 km al O de El Tabo,-33.417,-72.888,20.0,2.6,Ml
330701,2025-12-06 22:10:42,2025-12-06 19:10:42,20 km al SE de Visviri,-17.759,-69.395,156.0,3.8,Ml
330713,2025-12-06 22:50:07,2025-12-06 19:50:07,37 km al O de Colchane,-19.26,-68.991,8.0,3.1,Ml
330723,2025-12-07 00:12:54,2025-12-06 21:12:54,62 km al SO de Mina Collahuasi,-21.322,-68.931,120.0,2.6,Ml
330739,2025-12-07 02:14:59,2025-12-06 23:14:59,44 km al SO de Huasco,-28.839,-71.376,42.0,3.0,Ml
330742,2025-12-07 02:24:31,2025-12-06 23:24:31,16 km al O de Petorca,-32.194,-71.089,84.0,3.3,Ml
330775,2025-12-07 05:09:33,2025-12-07 02:09:33,104 km al E de San Pedro de Atacama,-22.767,-67.198,256.0,3.1,Ml
330782,2025-12-07 05:55:47,2025-12-07 02:55:47,40 km al N de Pica,-20.148,-69.224,98.0,3.2,Ml
330790,2025-12-07 06:25:13,2025-12-07 03:25:13,73 km al E de Socaire,-23.326,-67.232,250.0,3.4,Ml
330793,2025-12-07 06:31:25,2025-12-07 03:31:25,23 km al NO de Mina Collahuasi,-20.695,-68.827,105.0,2.7,Ml
330796,2025-12-07 06:49:45,2025-12-07 03:49:45,24 km al NE de Calama,-22.278,-68.832,122.0,2.9,Ml
330800,2025-12-07 06:56:58,2025-12-07 03:56:58,31 km al N de Sierra Gorda,-22.627,-69.222,91.0,2.7,Ml
330803,2025-12-07 07:06:24,2025-12-07 04:06:24,64 km al NE de Quillagua,-21.292,-69.059,98.0,2.8,Ml
330814,2025-12-07 08:33:24,2025-12-07 05:33:24,43 km al O de Mina La Escondida,-24.205,-69.476,63.0,2.8,Ml
330827,2025-12-07 09:35:45,2025-12-07 06:35:45,152 km al O de Constitución,-34.727,-73.905,28.0,4.2,Ml
330831,2025-12-07 10:13:11,2025-12-07 07:13:11,27 km al O de Punitaqui,-30.927,-71.521,73.0,3.0,Ml
330853,2025-12-07 11:47:44,2025-12-07 08:47:44,19 km al O de Ancud,-41.871,-74.055,33.0,3.3,Ml
330878,2025-12-07 15:44:02,2025-12-07 12:44:02,72 km al O de Arica,-18.429,-71.003,38.0,3.9,Ml
330888,2025-12-07 16:42:02,2025-12-07 13:42:02,23 km al S de San Pedro de Atacama,-23.121,-68.268,187.0,2.9,Ml
330893,2025-12-07 16:56:17,2025-12-07 13:56:17,75 km al NO de San Antonio de los Cobres,-23.829,-66.913,230.0,3.5,Ml
330899,2025-12-07 17:02:42,2025-12-07 14:02:42,135 km al O de Valparaíso,-33.033,-73.059,29.0,2.8,Ml
330911,2025-12-07 17:45:19,2025-12-07 14:45:19,39 km al SO de Mina Collahuasi,-21.03,-68.967,109.0,2.7,Ml
330923,2025-12-07 18:05:34,2025-12-07 15:05:34,96 km al S de Socaire,-24.439,-67.728,187.0,3.9,Ml
330936,2025-12-07 19:03:07,2025-12-07 16:03:07,77 km al S de Ollagüe,-21.893,-68.448,123.0,2.5,Ml
330947,2025-12-07 19:53:24,2025-12-07 16:53:24,93 km al E de Copiapó,-27.441,-69.399,102.0,2.6,Ml
330969,2025-12-07 21:49:18,2025-12-07 18:49:18,34 km al SE de Ollagüe,-21.508,-68.128,148.0,2.7,Ml
330979,2025-12-07 22:24:41,2025-12-07 19:24:41,31 km al NE de San Pedro de Atacama,-22.741,-67.966,188.0,2.7,Ml
330983,2025-12-07 23:14:13,2025-12-07 20:14:13,36 km al NE de Tacna,-17.795,-70.01,116.0,4.8,Mw
330985,2025-12-07 23:22:29,2025-12-07 20:22:29,80 km al SE de Socaire,-23.954,-67.214,258.0,3.6,Ml
330993,2025-12-08 00:06:05,2025-12-07 21:06:05,38 km al E de Tacna,-18.093,-69.902,104.0,2.7,Ml
331004,2025-12-08 02:01:41,2025-12-07 23:01:41,66 km al NE de San Pedro de Atacama,-22.415,-67.856,188.0,3.6,Ml
331010,2025-12-08 02:23:21,2025-12-07 23:23:21,66 km al O de Caldera,-26.821,-71.423,36.0,2.6,Ml
331027,2025-12-08 03:59:18,2025-12-08 00:59:18,46 km al NO de Quillagua,-21.471,-69.928,44.0,3.4,Ml
331047,2025-12-08 06:00:36,2025-12-08 03:00:36,55 km al SE de Socaire,-24.023,-67.621,236.0,3.0,Ml
331052,2025-12-08 06:12:04,2025-12-08 03:12:04,16 km al N de Camiña,-19.169,-69.409,109.0,2.7,Ml
331057,2025-12-08 06:20:53,2025-12-08 03:20:53,31 km al SO de Antofagasta,-23.786,-70.654,33.0,3.1,Ml
331059,2025-12-08 06:36:13,2025-12-08 03:36:13,27 km al NO de Quintero,-32.602,-71.728,36.0,2.9,Ml
331067,2025-12-08 06:55:24,2025-12-08 03:55:24,63 km al O de Ollagüe,-21.379,-68.835,111.0,3.1,Ml
331070,2025-12-08 06:58:56,2025-12-08 03:58:56,70 km al SO de Mina La Escondida,-24.854,-69.311,116.0,3.2,Ml
331084,2025-12-08 07:49:25,2025-12-08 04:49:25,44 km al O de Mina Collahuasi,-20.859,-69.08,106.0,2.7,Ml
331085,2025-12-08 07:50:18,2025-12-08 04:50:18,33 km al SO de Antofagasta,-23.867,-70.61,24.0,3.0,Ml
331089,2025-12-08 08:32:24,2025-12-08 05:32:24,37 km al O de El Tabo,-33.464,-72.064,37.0,2.5,Ml
331107,2025-12-08 10:20:42,2025-12-08 07:20:42,31 km al E de Pica,-20.474,-69.031,106.0,2.8,Ml
331111,2025-12-08 10:39:12,2025-12-08 07:39:12,22 km al SO de Pichidangui,-32.231,-71.736,20.0,2.7,Ml
331124,2025-12-08 11:30:16,2025-12-08 08:30:16,26 km al NE de Petorca,-32.134,-70.692,109.0,2.5,Ml
331126,2025-12-08 11:46:13,2025-12-08 08:46:13,15 km al E de Parque Fray Jorge,-30.689,-71.524,54.0,2.7,Ml
331143,2025-12-08 13:06:20,2025-12-08 10:06:20,21 km al NO de Punitaqui,-30.721,-71.442,40.0,2.6,Ml
331155,2025-12-08 13:31:08,2025-12-08 10:31:08,42 km al SE de Socaire,-23.829,-67.566,240.0,2.9,Ml
331162,2025-12-08 13:49:20,2025-12-08 10:49:20,93 km al E de Socaire,-23.298,-67.036,231.0,3.3,Ml
331246,2025-12-08 20:26:00,2025-12-08 17:26:00,51 km al O de San Antonio de los Cobres,-24.079,-66.797,230.0,3.8,Ml
331248,2025-12-08 20:43:14,2025-12-08 17:43:14,48 km al S de Pica,-20.895,-69.18,108.0,2.8,Ml
331277,2025-12-08 22:47:26,2025-12-08 19:47:26,52 km al SO de Mina Collahuasi,-21.209,-68.94,107.0,2.5,Ml
331308,2025-12-09 01:57:32,2025-12-08 22:57:32,15 km al SO de Mina Los Pelambres,-31.894,-70.718,94.0,4.3,Ml
331319,2025-12-09 02:50:58,2025-12-08 23:50:58,44 km al N de Puerto Natales,-51.338,-72.379,10.0,3.0,Ml
331346,2025-12-09 05:46:54,2025-12-09 02:46:54,30 km al NO de Caleta El Cobre,-24.001,-70.628,39.0,4.3,Ml
331351,2025-12-09 05:54:58,2025-12-09 02:54:58,23 km al N de Caleta El Cobre,-24.059,-70.597,37.0,2.6,Ml
331352,2025-12-09 06:20:41,2025-12-09 03:20:41,45 km al SO de Mina Collahuasi,-21.088,-68.993,112.0,2.7,Ml
331367,2025-12-09 08:47:33,2025-12-09 05:47:33,34 km al O de San Pedro de Atacama,-22.859,-68.524,115.0,4.0,Ml
331370,2025-12-09 09:01:19,2025-12-09 06:01:19,59 km al NO de Mejillones,-22.818,-70.938,32.0,4.3,Ml
331374,2025-12-09 10:07:00,2025-12-09 07:07:00,24 km al SE de Camiña,-19.46,-69.253,100.0,2.6,Ml
331376,2025-12-09 10:30:01,2025-12-09 07:30:01,26 km al SO de Patache,-20.999,-70.353,58.0,3.6,Ml
331386,2025-12-09 11:10:49,2025-12-09 08:10:49,26 km al SE de San José de Maipo,-33.756,-70.11,15.0,2.5,Ml
331406,2025-12-09 12:57:27,2025-12-09 09:57:27,42 km al NE de Calama,-22.138,-68.731,122.0,4.0,Ml
331425,2025-12-09 15:39:42,2025-12-09 12:39:42,19 km al NO de Canela Baja,-31.295,-71.623,36.0,2.6,Ml
331431,2025-12-09 16:29:02,2025-12-09 13:29:02,34 km al NE de Carrizal Bajo,-27.947,-70.84,43.0,2.8,Ml
331440,2025-12-09 17:08:58,2025-12-09 14:08:58,43 km al SO de Mina Collahuasi,-21.184,-68.813,120.0,3.3,Ml
331452,2025-12-09 17:54:45,2025-12-09 14:54:45,158 km al NE de Socaire,-22.819,-66.595,288.0,4.7,Mw
331454,2025-12-09 18:05:55,2025-12-09 15:05:55,60 km al NO de Quillagua,-21.311,-69.98,56.0,3.0,Ml
331457,2025-12-09 18:45:31,2025-12-09 15:45:31,98 km al O de San Antonio de los Cobres,-24.359,-67.274,201.0,4.0,Ml
331458,2025-12-09 19:14:48,2025-12-09 16:14:48,74 km al SE de Socaire,-23.918,-67.263,245.0,4.0,Ml
331471,2025-12-09 20:39:23,2025-12-09 17:39:23,24 km al N de Tongoy,-30.041,-71.526,42.0,2.6,Ml
331480,2025-12-09 20:59:04,2025-12-09 17:59:04,100 km al NE de Socaire,-23.092,-67.077,220.0,3.2,Ml
331536,2025-12-10 04:19:16,2025-12-10 01:19:16,59 km al SO de Ollagüe,-21.674,-68.553,139.0,2.9,Ml
331537,2025-12-10 04:37:24,2025-12-10 01:37:24,25 km al SE de Curicó,-35.094,-70.995,97.0,2.8,Ml
331539,2025-12-10 05:08:52,2025-12-10 02:08:52,43 km al O de Canela Baja,-31.476,-71.899,50.0,2.9,Ml
331559,2025-12-10 06:38:06,2025-12-10 03:38:06,42 km al NE de Punta de Choros,-28.9,-71.291,51.0,3.4,Ml
331553,2025-12-10 06:38:25,2025-12-10 03:38:25,43 km al NE de Punta de Choros,-28.904,-71.275,46.0,5.1,Mw
331556,2025-12-10 07:03:43,2025-12-10 04:03:43,61 km al SO de Ollagüe,-21.698,-68.557,139.0,3.5,Ml
331578,2025-12-10 09:22:53,2025-12-10 06:22:53,44 km al SO de Camiña,-19.495,-69.8,74.0,2.7,Ml
331605,2025-12-10 13:05:20,2025-12-10 10:05:20,24 km al SO de Visviri,-17.755,-69.635,154.0,2.8,Ml
331606,2025-12-10 13:18:37,2025-12-10 10:18:37,74 km al S de Copiapó,-28.001,-70.122,98.0,2.8,Ml
331624,2025-12-10 14:41:32,2025-12-10 11:41:32,59 km al N de Pica,-19.988,-69.162,93.0,3.1,Ml
331637,2025-12-10 15:25:12,2025-12-10 12:25:12,46 km al E de Copiapó,-27.298,-69.878,107.0,2.7,Ml
331639,2025-12-10 15:32:50,2025-12-10 12:32:50,78 km al SE de Socaire,-23.983,-67.255,245.0,3.4,Ml
331643,2025-12-10 15:49:02,2025-12-10 12:49:02,22 km al NE de Los Vilos,-31.821,-71.299,56.0,4.1,Ml
331646,2025-12-10 15:53:44,2025-12-10 12:53:44,42 km al SO de Pisagua,-19.764,-70.573,29.0,3.0,Ml
331649,2025-12-10 15:57:02,2025-12-10 12:57:02,118 km al NO de Lebu,-36.942,-74.687,25.0,3.2,Ml
331654,2025-12-10 16:48:33,2025-12-10 13:48:33,47 km al NO de Cobquecura,-35.815,-73.139,21.0,2.5,Ml
331668,2025-12-10 18:06:59,2025-12-10 15:06:59,44 km al NO de Cobquecura,-35.866,-73.151,37.0,3.8,Ml
331673,2025-12-10 18:21:58,2025-12-10 15:21:58,59 km al NO de Cobquecura,-35.78,-73.283,10.0,3.4,Ml
331674,2025-12-10 18:23:33,2025-12-10 15:23:33,50 km al NO de Cobquecura,-35.811,-73.185,13.0,3.8,Ml
331691,2025-12-10 20:00:06,2025-12-10 17:00:06,69 km al O de Arauco,-37.054,-74.052,31.0,3.9,Ml
331724,2025-12-10 23:17:44,2025-12-10 20:17:44,43 km al NE de Punta de Choros,-28.886,-71.309,49.0,2.7,Ml
331728,2025-12-10 23:44:16,2025-12-10 20:44:16,87 km al NO de Isla Guafo,-43.019,-75.436,25.0,3.1,Ml
331744,2025-12-11 03:07:16,2025-12-11 00:07:16,18 km al N de La Ligua,-32.295,-71.185,85.0,3.6,Ml
331747,2025-12-11 03:36:28,2025-12-11 00:36:28,60 km al N de Tocopilla,-21.582,-70.382,15.0,2.6,Ml
331758,2025-12-11 04:45:24,2025-12-11 01:45:24,42 km al SE de Rancagua,-34.498,-70.514,119.0,2.9,Ml
331766,2025-12-11 05:15:15,2025-12-11 02:15:15,16 km al O de Carrizal Bajo,-28.066,-71.317,36.0,2.5,Ml
331774,2025-12-11 05:52:27,2025-12-11 02:52:27,33 km al SO de Patache,-21.031,-70.415,60.0,2.6,Ml
331796,2025-12-11 08:36:21,2025-12-11 05:36:21,41 km al N de Punta de Choros,-28.891,-71.35,53.0,3.0,Ml
331805,2025-12-11 10:14:03,2025-12-11 07:14:03,15 km al N de Huasco,-28.341,-71.171,32.0,2.7,Ml
331816,2025-12-11 11:42:35,2025-12-11 08:42:35,36 km al NE de Calama,-22.221,-68.701,121.0,2.7,Ml
331834,2025-12-11 13:28:10,2025-12-11 10:28:10,80 km al O de San Antonio de los Cobres,-24.087,-67.098,206.0,3.6,Ml
331866,2025-12-11 17:38:04,2025-12-11 14:38:04,41 km al N de Mina Collahuasi,-20.461,-68.689,117.0,2.5,Ml
331889,2025-12-11 19:22:27,2025-12-11 16:22:27,17 km al NO de Pichidangui,-32.019,-71.643,41.0,2.7,Ml
331894,2025-12-11 19:45:05,2025-12-11 16:45:05,50 km al SO de Mina Collahuasi,-21.17,-68.975,110.0,2.9,Ml
331912,2025-12-11 21:13:51,2025-12-11 18:13:51,61 km al S de Putre,-18.731,-69.421,111.0,3.3,Ml
331923,2025-12-11 22:57:01,2025-12-11 19:57:01,3 km al E de Parque Fray Jorge,-30.666,-71.652,30.0,2.9,Ml
331925,2025-12-11 23:05:12,2025-12-11 20:05:12,55 km al SE de Camiña,-19.726,-69.134,98.0,2.5,Ml
331928,2025-12-11 23:39:29,2025-12-11 20:39:29,50 km al SO de Mina Collahuasi,-21.138,-69.0,108.0,2.6,Ml
331943,2025-12-12 01:16:01,2025-12-11 22:16:01,40 km al N de Camiña,-18.958,-69.36,104.0,3.3,Ml
331947,2025-12-12 01:37:52,2025-12-11 22:37:52,61 km al O de Tocopilla,-22.173,-70.791,10.0,3.5,Ml
331949,2025-12-12 02:09:03,2025-12-11 23:09:03,32 km al SO de Pichidangui,-32.4,-71.65,35.0,2.8,Ml
331952,2025-12-12 02:47:35,2025-12-11 23:47:35,18 km al O de Putre,-18.149,-69.718,117.0,3.3,Ml
331974,2025-12-12 04:49:48,2025-12-12 01:49:48,77 km al NO de Carrizal Bajo,-27.488,-71.555,48.0,3.3,Ml
331995,2025-12-12 07:11:26,2025-12-12 04:11:26,19 km al NO de Chañaral,-26.23,-70.758,43.0,3.9,Ml
332013,2025-12-12 09:31:11,2025-12-12 06:31:11,12 km al E de Curicó,-34.939,-71.12,96.0,3.0,Ml
332014,2025-12-12 09:32:38,2025-12-12 06:32:38,33 km al S de Calama,-22.766,-68.918,104.0,3.2,Ml
332018,2025-12-12 09:53:46,2025-12-12 06:53:46,70 km al SE de Socaire,-24.127,-67.536,219.0,3.6,Ml
332033,2025-12-12 12:07:03,2025-12-12 09:07:03,144 km al O de Huasco,-28.32,-72.684,10.0,2.7,Ml
332044,2025-12-12 13:37:53,2025-12-12 10:37:53,59 km al SE de Socaire,-24.033,-67.578,203.0,3.4,Ml
332051,2025-12-12 14:22:12,2025-12-12 11:22:12,81 km al SE de Socaire,-23.917,-67.18,227.0,3.6,Ml
332060,2025-12-12 15:31:21,2025-12-12 12:31:21,28 km al NE de Mejillones,-22.949,-70.231,34.0,2.7,Ml
332062,2025-12-12 15:45:23,2025-12-12 12:45:23,38 km al SO de Ollagüe,-21.523,-68.436,136.0,2.7,Ml
332067,2025-12-12 16:20:46,2025-12-12 13:20:46,72 km al S de Socaire,-24.204,-67.664,254.0,3.4,Ml
332074,2025-12-12 17:11:56,2025-12-12 14:11:56,44 km al NE de Punta de Choros,-28.879,-71.306,58.0,3.0,Ml
332076,2025-12-12 17:30:11,2025-12-12 14:30:11,75 km al NE de Calama,-21.837,-68.667,123.0,2.8,Ml
332096,2025-12-12 19:34:29,2025-12-12 16:34:29,46 km al S de Tocopilla,-22.507,-70.186,68.0,3.5,Ml
332101,2025-12-12 20:03:57,2025-12-12 17:03:57,18 km al SO de Calama,-22.62,-68.993,106.0,2.7,Ml
332104,2025-12-12 20:11:54,2025-12-12 17:11:54,19 km al E de Ollagüe,-21.215,-68.072,167.0,2.8,Ml
332109,2025-12-12 20:16:41,2025-12-12 17:16:41,69 km al NE de Pica,-19.954,-69.002,102.0,2.5,Ml
332114,2025-12-12 21:28:23,2025-12-12 18:28:23,5 km al N de Pozo Almonte,-20.213,-69.795,58.0,2.5,Ml
332119,2025-12-12 22:01:19,2025-12-12 19:01:19,66 km al NE de Calama,-21.934,-68.648,135.0,2.5,Ml
332120,2025-12-12 22:02:16,2025-12-12 19:02:16,73 km al O de Iquique,-20.24,-70.847,18.0,3.8,Ml
332126,2025-12-12 23:26:46,2025-12-12 20:26:46,39 km al SO de Patache,-21.101,-70.406,50.0,2.7,Ml
332128,2025-12-12 23:42:59,2025-12-12 20:42:59,38 km al NO de Mina Collahuasi,-20.599,-68.934,97.0,3.1,Ml
332129,2025-12-12 23:50:46,2025-12-12 20:50:46,63 km al N de Pica,-19.952,-69.129,95.0,2.6,Ml
332132,2025-12-13 00:15:14,2025-12-12 21:15:14,52 km al NE de Alto del Carmen,-28.325,-70.28,92.0,2.7,Ml
332160,2025-12-13 02:51:45,2025-12-12 23:51:45,25 km al O de Punta de Choros,-29.294,-71.718,48.0,2.5,Ml
332168,2025-12-13 04:13:06,2025-12-13 01:13:06,43 km al NE de Punta de Choros,-28.899,-71.279,48.0,3.0,Ml
332174,2025-12-13 05:17:44,2025-12-13 02:17:44,44 km al SO de Ollagüe,-21.576,-68.441,143.0,2.5,Ml
332175,2025-12-13 06:04:33,2025-12-13 03:04:33,30 km al SO de Linares,-35.999,-71.868,85.0,3.4,Ml
332180,2025-12-13 06:17:08,2025-12-13 03:17:08,38 km al SE de Ollagüe,-21.371,-67.923,232.0,3.2,Ml
332179,2025-12-13 06:21:52,2025-12-13 03:21:52,70 km al SE de Curicó,-35.546,-70.901,137.0,3.5,Ml
332184,2025-12-13 07:08:15,2025-12-13 04:08:15,39 km al N de Punta de Choros,-28.909,-71.357,47.0,3.7,Ml
332190,2025-12-13 08:01:16,2025-12-13 05:01:16,55 km al SO de Ollagüe,-21.598,-68.607,119.0,2.6,Ml
332199,2025-12-13 10:07:05,2025-12-13 07:07:05,19 km al NO de Ralco,-37.721,-71.711,90.0,3.6,Ml
332202,2025-12-13 11:08:17,2025-12-13 08:08:17,45 km al SO de Huasco,-28.814,-71.459,21.0,2.6,Ml
332203,2025-12-13 11:11:42,2025-12-13 08:11:42,23 km al O de Canela Baja,-31.478,-71.677,31.0,3.0,Ml
332207,2025-12-13 11:32:09,2025-12-13 08:32:09,43 km al NE de Punta de Choros,-28.901,-71.285,43.0,2.7,Ml
332209,2025-12-13 11:41:09,2025-12-13 08:41:09,107 km al S de Mina La Escondida,-25.21,-69.3,95.0,2.8,Ml
332212,2025-12-13 12:18:45,2025-12-13 09:18:45,50 km al SO de Mina Collahuasi,-21.195,-68.928,96.0,5.4,Mw
332217,2025-12-13 12:40:54,2025-12-13 09:40:54,47 km al SO de Ollagüe,-21.485,-68.613,149.0,2.6,Ml
332216,2025-12-13 12:56:18,2025-12-13 09:56:18,62 km al SO de Mina Collahuasi,-21.231,-69.065,103.0,2.6,Ml
332223,2025-12-13 13:01:54,2025-12-13 10:01:54,73 km al NE de Socaire,-23.077,-67.436,260.0,3.2,Ml
332218,2025-12-13 13:20:06,2025-12-13 10:20:06,44 km al E de Mina Los Pelambres,-31.725,-70.139,131.0,2.9,Ml
332222,2025-12-13 13:51:52,2025-12-13 10:51:52,58 km al SO de Mina Collahuasi,-21.168,-69.082,104.0,2.8,Ml
332225,2025-12-13 14:38:01,2025-12-13 11:38:01,41 km al O de Mina La Escondida,-24.276,-69.457,83.0,2.7,Ml
332231,2025-12-13 15:07:55,2025-12-13 12:07:55,58 km al SO de Ollagüe,-21.68,-68.524,120.0,3.3,Ml
332233,2025-12-13 15:15:08,2025-12-13 12:15:08,59 km al SE de Socaire,-24.004,-67.52,205.0,3.4,Ml
332241,2025-12-13 16:20:17,2025-12-13 13:20:17,33 km al N de Vicuña,-29.747,-70.816,79.0,2.5,Ml
332253,2025-12-13 17:38:14,2025-12-13 14:38:14,25 km al E de Vichuquén,-34.796,-71.737,40.0,2.7,Ml
332261,2025-12-13 17:47:22,2025-12-13 14:47:22,31 km al SO de Ollagüe,-21.392,-68.497,139.0,2.6,Ml
332302,2025-12-13 21:44:58,2025-12-13 18:44:58,45 km al NE de Punta de Choros,-28.912,-71.216,45.0,3.3,Ml
332317,2025-12-13 23:15:12,2025-12-13 20:15:12,48 km al SE de Socaire,-23.972,-67.679,231.0,2.8,Ml
332321,2025-12-14 00:17:20,2025-12-13 21:17:20,16 km al E de Calama,-22.467,-68.775,121.0,2.6,Ml
332323,2025-12-14 00:42:09,2025-12-13 21:42:09,18 km al NO de La Serena,-29.763,-71.338,53.0,2.6,Ml
332325,2025-12-14 00:52:04,2025-12-13 21:52:04,29 km al SO de Ollagüe,-21.442,-68.415,128.0,2.6,Ml
332337,2025-12-14 03:18:15,2025-12-14 00:18:15,74 km al SE de Socaire,-24.135,-67.478,253.0,3.5,Ml
332340,2025-12-14 03:34:30,2025-12-14 00:34:30,29 km al SE de Mina Collahuasi,-21.06,-68.526,152.0,3.7,Ml
332342,2025-12-14 03:35:38,2025-12-14 00:35:38,38 km al SE de Pica,-20.802,-69.188,112.0,2.9,Ml
332348,2025-12-14 05:13:56,2025-12-14 02:13:56,68 km al SO de San Pedro de Atacama,-23.253,-68.758,94.0,2.6,Ml
332351,2025-12-14 05:25:55,2025-12-14 02:25:55,39 km al NO de Quillagua,-21.494,-69.868,35.0,3.1,Ml
332356,2025-12-14 06:24:22,2025-12-14 03:24:22,70 km al SE de Socaire,-24.087,-67.46,210.0,3.1,Ml
332359,2025-12-14 06:59:44,2025-12-14 03:59:44,78 km al SE de Socaire,-24.096,-67.361,212.0,3.3,Ml
332362,2025-12-14 07:01:02,2025-12-14 04:01:02,20 km al NO de Visviri,-17.455,-69.595,165.0,2.8,Ml
332365,2025-12-14 07:38:01,2025-12-14 04:38:01,75 km al O de Iquique,-20.222,-70.874,17.0,3.0,Ml
332367,2025-12-14 07:39:46,2025-12-14 04:39:46,64 km al O de Iquique,-20.22,-70.77,22.0,2.8,Ml
332389,2025-12-14 11:17:59,2025-12-14 08:17:59,38 km al E de Sierra Gorda,-22.853,-68.952,108.0,2.9,Ml
332394,2025-12-14 11:43:49,2025-12-14 08:43:49,26 km al NO de Quintero,-32.57,-71.646,33.0,2.5,Ml
332413,2025-12-14 14:23:59,2025-12-14 11:23:59,103 km al O de Bahía Mansa,-40.153,-74.804,25.0,3.1,Ml
332421,2025-12-14 14:59:32,2025-12-14 11:59:32,13 km al E de Colina,-33.176,-70.536,98.0,2.9,Ml
332423,2025-12-14 15:11:27,2025-12-14 12:11:27,55 km al N de Mejillones,-22.608,-70.366,28.0,2.7,Ml
332424,2025-12-14 15:18:42,2025-12-14 12:18:42,34 km al E de Futrono,-40.215,-72.002,125.0,3.0,Ml
332428,2025-12-14 15:54:14,2025-12-14 12:54:14,327 km al N de Base Frei,-59.31,-60.15,10.0,4.8,Ml
332430,2025-12-14 16:40:00,2025-12-14 13:40:00,61 km al SO de Ollagüe,-21.667,-68.597,120.0,3.4,Ml
332445,2025-12-14 17:58:40,2025-12-14 14:58:40,62 km al N de Pica,-19.947,-69.213,93.0,2.7,Ml
332448,2025-12-14 18:34:32,2025-12-14 15:34:32,87 km al NO de San Antonio de los Cobres,-23.79,-67.031,230.0,3.2,Ml
332449,2025-12-14 18:41:19,2025-12-14 15:41:19,40 km al N de Punta de Choros,-28.908,-71.34,50.0,3.1,Ml
332461,2025-12-14 19:35:52,2025-12-14 16:35:52,44 km al SO de Mina Collahuasi,-21.033,-69.016,120.0,2.6,Ml
332472,2025-12-14 21:10:50,2025-12-14 18:10:50,34 km al NO de Caleta El Cobre,-23.976,-70.661,39.0,2.8,Ml
332488,2025-12-14 23:24:05,2025-12-14 20:24:05,83 km al O de San Antonio de los Cobres,-24.098,-67.122,234.0,4.2,Ml
332497,2025-12-15 00:52:56,2025-12-14 21:52:56,154 km al O de Valdivia,-39.499,-74.996,32.0,3.6,Ml
332499,2025-12-15 01:05:05,2025-12-14 22:05:05,42 km al NO de Carrizal Bajo,-27.745,-71.345,35.0,2.5,Ml
332512,2025-12-15 03:54:20,2025-12-15 00:54:20,73 km al S de Socaire,-24.238,-67.99,240.0,3.2,Ml
332517,2025-12-15 04:52:30,2025-12-15 01:52:30,42 km al N de Punta de Choros,-28.878,-71.393,50.0,2.5,Ml
332524,2025-12-15 06:29:00,2025-12-15 03:29:00,48 km al NE de Calama,-22.114,-68.663,124.0,2.6,Ml
332527,2025-12-15 06:47:11,2025-12-15 03:47:11,72 km al E de Quillagua,-21.742,-68.845,96.0,4.3,Ml
332538,2025-12-15 08:18:15,2025-12-15 05:18:15,23 km al SE de Calama,-22.611,-68.771,108.0,3.0,Ml
332540,2025-12-15 08:51:33,2025-12-15 05:51:33,8 km al SE de Parque Fray Jorge,-30.709,-71.619,35.0,4.7,Mw
332545,2025-12-15 09:29:42,2025-12-15 06:29:42,71 km al SE de Socaire,-24.091,-67.463,232.0,3.0,Ml
332546,2025-12-15 10:13:58,2025-12-15 07:13:58,79 km al E de Socaire,-23.83,-67.162,236.0,3.6,Ml
332547,2025-12-15 10:16:41,2025-12-15 07:16:41,18 km al NE de Camiña,-19.189,-69.319,115.0,2.6,Ml
332548,2025-12-15 10:24:21,2025-12-15 07:24:21,87 km al O de San Antonio de los Cobres,-24.003,-67.146,205.0,2.6,Ml
332580,2025-12-15 13:46:35,2025-12-15 10:46:35,17 km al S de Pichidangui,-32.282,-71.498,41.0,2.5,Ml
332595,2025-12-15 16:04:51,2025-12-15 13:04:51,40 km al S de Putre,-18.535,-69.676,115.0,4.0,Ml
332605,2025-12-15 17:13:25,2025-12-15 14:13:25,65 km al S de Socaire,-24.173,-67.852,255.0,2.9,Ml
332610,2025-12-15 18:21:38,2025-12-15 15:21:38,26 km al O de Quintero,-32.69,-71.786,26.0,3.0,Ml
332634,2025-12-15 21:04:13,2025-12-15 18:04:13,42 km al NE de Punta de Choros,-28.905,-71.278,49.0,2.7,Ml
332636,2025-12-15 21:16:14,2025-12-15 18:16:14,76 km al N de Mina La Escondida,-23.582,-69.076,109.0,3.4,Ml
332650,2025-12-15 23:05:54,2025-12-15 20:05:54,20 km al SO de Cauquenes,-36.132,-72.405,28.0,2.5,Ml
332651,2025-12-15 23:07:47,2025-12-15 20:07:47,68 km al SE de Socaire,-23.894,-67.306,251.0,2.6,Ml
332654,2025-12-15 23:21:34,2025-12-15 20:21:34,87 km al NE de Socaire,-23.052,-67.275,252.0,3.4,Ml
332662,2025-12-16 00:32:17,2025-12-15 21:32:17,31 km al S de Mina Collahuasi,-21.107,-68.648,134.0,3.3,Ml
332666,2025-12-16 01:10:23,2025-12-15 22:10:23,25 km al E de Carrizal Bajo,-28.088,-70.891,19.0,2.7,Ml
332669,2025-12-16 01:40:01,2025-12-15 22:40:01,85 km al SE de Socaire,-24.02,-67.202,212.0,3.1,Mlv
332672,2025-12-16 02:11:50,2025-12-15 23:11:50,58 km al NE de Calama,-22.077,-68.556,118.0,3.6,Ml
332679,2025-12-16 03:37:08,2025-12-16 00:37:08,42 km al NE de Punta de Choros,-28.908,-71.281,50.0,3.0,Ml
332682,2025-12-16 04:37:54,2025-12-16 01:37:54,41 km al NE de Vallenar,-28.371,-70.403,99.0,2.6,Ml
332689,2025-12-16 05:05:26,2025-12-16 02:05:26,24 km al SO de Tongoy,-30.424,-71.655,41.0,2.6,Ml
332688,2025-12-16 05:09:53,2025-12-16 02:09:53,25 km al N de Parque Fray Jorge,-30.434,-71.684,42.0,2.9,Ml
332690,2025-12-16 05:40:56,2025-12-16 02:40:56,80 km al SE de Socaire,-24.128,-67.375,256.0,2.5,Ml
332697,2025-12-16 06:10:10,2025-12-16 03:10:10,27 km al SE de Copiapó,-27.582,-70.206,100.0,4.5,Mw
332722,2025-12-16 06:35:27,2025-12-16 03:35:27,57 km al SE de Socaire,-24.03,-67.599,263.0,2.5,Ml
332710,2025-12-16 07:42:41,2025-12-16 04:42:41,35 km al SE de Los Andes,-32.992,-70.278,120.0,4.3,Ml
332713,2025-12-16 07:56:27,2025-12-16 04:56:27,18 km al SO de Mina Collahuasi,-20.95,-68.767,134.0,2.7,Ml
332715,2025-12-16 08:08:14,2025-12-16 05:08:14,70 km al SE de Socaire,-24.137,-67.546,215.0,3.2,Ml
332717,2025-12-16 09:16:11,2025-12-16 06:16:11,38 km al NO de Mina Collahuasi,-20.623,-68.947,102.0,2.5,Ml
332725,2025-12-16 09:33:47,2025-12-16 06:33:47,29 km al NO de Putre,-17.997,-69.741,128.0,3.1,Ml
332726,2025-12-16 10:25:24,2025-12-16 07:25:24,49 km al N de Punta de Choros,-28.819,-71.577,36.0,3.0,Ml
332730,2025-12-16 10:27:49,2025-12-16 07:27:49,45 km al E de Los Andes,-32.784,-70.123,115.0,2.9,Ml
332733,2025-12-16 10:39:38,2025-12-16 07:39:38,63 km al S de Socaire,-24.151,-67.956,258.0,2.8,Ml
332738,2025-12-16 10:46:59,2025-12-16 07:46:59,12 km al S de Los Vilos,-32.019,-71.489,53.0,2.6,Ml
332746,2025-12-16 11:39:28,2025-12-16 08:39:28,44 km al SE de Socaire,-23.864,-67.585,282.0,3.5,Ml
332747,2025-12-16 11:56:18,2025-12-16 08:56:18,43 km al N de Baquedano,-22.952,-69.793,65.0,3.6,Ml
332756,2025-12-16 13:26:34,2025-12-16 10:26:34,31 km al O de Paposo,-25.089,-70.759,55.0,2.5,Ml
332762,2025-12-16 13:59:11,2025-12-16 10:59:11,97 km al S de Termas del Flaco,-35.827,-70.476,213.0,3.1,Ml
332768,2025-12-16 14:20:26,2025-12-16 11:20:26,15 km al E de Ollagüe,-21.261,-68.114,164.0,3.1,Ml
332784,2025-12-16 16:51:19,2025-12-16 13:51:19,14 km al E de Los Vilos,-31.945,-71.371,64.0,2.9,Ml
332809,2025-12-16 19:18:09,2025-12-16 16:18:09,70 km al SO de San Pedro de Atacama,-23.281,-68.763,111.0,2.8,Ml
332859,2025-12-17 03:59:33,2025-12-17 00:59:33,33 km al N de Pica,-20.198,-69.257,87.0,3.0,Ml
332868,2025-12-17 05:05:50,2025-12-17 02:05:50,32 km al O de Baquedano,-23.224,-70.136,59.0,2.7,Ml
332877,2025-12-17 06:21:55,2025-12-17 03:21:55,34 km al SO de Mina Collahuasi,-21.101,-68.808,114.0,2.5,Ml
332880,2025-12-17 06:41:53,2025-12-17 03:41:53,52 km al NE de Pica,-20.262,-68.895,106.0,2.5,Ml
332898,2025-12-17 08:50:51,2025-12-17 05:50:51,43 km al S de Pica,-20.857,-69.192,104.0,2.7,Ml
332903,2025-12-17 09:28:48,2025-12-17 06:28:48,63 km al NE de Calama,-21.994,-68.599,111.0,2.7,Ml
332905,2025-12-17 10:11:41,2025-12-17 07:11:41,43 km al SO de Mina Collahuasi,-21.112,-68.942,117.0,2.6,Ml
332909,2025-12-17 11:05:55,2025-12-17 08:05:55,23 km al N de Pica,-20.284,-69.377,109.0,3.3,Ml
332911,2025-12-17 11:25:25,2025-12-17 08:25:25,28 km al N de Los Andes,-32.594,-70.506,21.0,3.2,Ml
332918,2025-12-17 12:28:20,2025-12-17 09:28:20,63 km al NE de Calama,-21.977,-68.629,106.0,3.4,Ml
332927,2025-12-17 14:02:14,2025-12-17 11:02:14,33 km al N de Iquique,-19.919,-70.144,36.0,3.4,Ml
332928,2025-12-17 14:34:32,2025-12-17 11:34:32,76 km al O de Iquique,-20.231,-70.879,9.0,3.1,Ml
332954,2025-12-17 17:49:32,2025-12-17 14:49:32,40 km al SO de Patache,-21.104,-70.415,54.0,2.5,Ml
332958,2025-12-17 18:37:10,2025-12-17 15:37:10,23 km al SO de San Pedro de Atacama,-23.048,-68.378,119.0,3.5,Ml
332961,2025-12-17 18:59:54,2025-12-17 15:59:54,61 km al O de Navidad,-33.885,-72.491,43.0,3.6,Ml
332974,2025-12-17 20:51:46,2025-12-17 17:51:46,46 km al SO de Mina Collahuasi,-21.072,-69.02,108.0,3.3,Ml
332982,2025-12-17 21:57:13,2025-12-17 18:57:13,25 km al S de Pichidangui,-32.357,-71.493,44.0,3.8,Ml
332984,2025-12-17 22:31:43,2025-12-17 19:31:43,86 km al SE de Socaire,-24.228,-67.41,199.0,3.6,Ml
332996,2025-12-18 00:11:26,2025-12-17 21:11:26,77 km al SE de Socaire,-24.218,-67.564,215.0,3.1,Ml
332997,2025-12-18 00:18:45,2025-12-17 21:18:45,79 km al E de Mina La Escondida,-24.541,-68.335,128.0,3.2,Ml
333004,2025-12-18 01:19:36,2025-12-17 22:19:36,78 km al E de Paposo,-24.849,-69.71,71.0,2.9,Ml
333010,2025-12-18 01:36:25,2025-12-17 22:36:25,69 km al O de Iquique,-20.237,-70.818,38.0,2.5,Ml
333019,2025-12-18 02:19:28,2025-12-17 23:19:28,25 km al NO de Visviri,-17.393,-69.592,165.0,3.2,Ml
333020,2025-12-18 02:23:45,2025-12-17 23:23:45,55 km al SO de Socaire,-23.917,-68.296,24.0,2.7,Ml
333063,2025-12-18 06:52:38,2025-12-18 03:52:38,18 km al E de Los Vilos,-31.874,-71.328,54.0,3.5,Ml
333072,2025-12-18 08:06:22,2025-12-18 05:06:22,31 km al SO de Calama,-22.697,-69.098,108.0,2.9,Ml
333084,2025-12-18 10:02:03,2025-12-18 07:02:03,22 km al NO de Concepción,-36.657,-73.18,25.0,3.5,Ml
333098,2025-12-18 12:21:05,2025-12-18 09:21:05,86 km al SE de Socaire,-24.132,-67.287,227.0,3.1,Ml
333107,2025-12-18 13:16:21,2025-12-18 10:16:21,93 km al SE de Socaire,-24.362,-67.548,210.0,2.7,Ml
333117,2025-12-18 14:54:09,2025-12-18 11:54:09,38 km al SO de Mina Collahuasi,-21.042,-68.947,109.0,3.0,Ml
333119,2025-12-18 15:07:24,2025-12-18 12:07:24,51 km al E de Caleta El Cobre,-24.114,-70.043,59.0,4.0,Ml
333124,2025-12-18 15:22:58,2025-12-18 12:22:58,73 km al SO de Ollagüe,-21.812,-68.576,125.0,3.7,Ml
333125,2025-12-18 15:42:18,2025-12-18 12:42:18,81 km al E de Socaire,-23.89,-67.16,257.0,2.9,Ml
333127,2025-12-18 16:05:09,2025-12-18 13:05:09,78 km al NE de Mina Collahuasi,-20.326,-68.139,186.0,3.6,Ml
333147,2025-12-18 17:35:17,2025-12-18 14:35:17,32 km al O de La Higuera,-29.625,-71.504,63.0,2.5,Ml
333151,2025-12-18 17:58:58,2025-12-18 14:58:58,70 km al NE de Calama,-21.938,-68.563,122.0,2.6,Ml
333158,2025-12-18 18:56:27,2025-12-18 15:56:27,62 km al NO de Caldera,-26.755,-71.344,32.0,2.9,Ml
333159,2025-12-18 19:02:04,2025-12-18 16:02:04,43 km al E de Sierra Gorda,-22.919,-68.901,100.0,3.0,Ml
333190,2025-12-18 23:22:55,2025-12-18 20:22:55,46 km al SO de Mina Collahuasi,-21.108,-68.979,114.0,3.9,Ml
333196,2025-12-19 00:38:34,2025-12-18 21:38:34,21 km al S de Punitaqui,-31.02,-71.266,67.0,3.1,Ml
333198,2025-12-19 00:44:20,2025-12-18 21:44:20,29 km al S de Mina Collahuasi,-21.087,-68.655,119.0,2.9,Ml
333200,2025-12-19 01:00:33,2025-12-18 22:00:33,36 km al N de Quintero,-32.465,-71.646,63.0,2.6,Ml
333207,2025-12-19 01:56:15,2025-12-18 22:56:15,51 km al SO de Ollagüe,-21.632,-68.484,138.0,3.4,Ml
333217,2025-12-19 04:57:24,2025-12-19 01:57:24,17 km al NO de Huasco,-28.34,-71.329,29.0,2.6,Ml
333226,2025-12-19 06:27:53,2025-12-19 03:27:53,19 km al SO de El Salvador,-26.346,-69.775,17.0,3.1,Ml
333229,2025-12-19 06:47:56,2025-12-19 03:47:56,31 km al O de Baquedano,-23.351,-70.142,50.0,3.7,Ml
333231,2025-12-19 07:39:59,2025-12-19 04:39:59,73 km al SE de Socaire,-24.042,-67.364,229.0,3.5,Ml
333242,2025-12-19 08:47:46,2025-12-19 05:47:46,37 km al SE de Sierra Gorda,-23.185,-69.144,108.0,2.7,Ml
333252,2025-12-19 10:51:55,2025-12-19 07:51:55,91 km al O de San Antonio de los Cobres,-24.237,-67.221,211.0,3.8,Ml
333258,2025-12-19 12:12:08,2025-12-19 09:12:08,48 km al NE de Pica,-20.137,-69.067,97.0,2.7,Ml
333282,2025-12-19 15:23:42,2025-12-19 12:23:42,119 km al O de Tirúa,-38.801,-74.729,24.0,3.4,Ml
333281,2025-12-19 15:28:42,2025-12-19 12:28:42,24 km al NO de Carrizal Bajo,-27.96,-71.347,27.0,3.6,Ml
333293,2025-12-19 17:07:41,2025-12-19 14:07:41,59 km al SE de Copiapó,-27.7,-69.867,88.0,3.5,Ml
333329,2025-12-19 20:43:46,2025-12-19 17:43:46,41 km al NE de Punta de Choros,-28.904,-71.323,47.0,3.3,Ml
333333,2025-12-19 21:26:07,2025-12-19 18:26:07,28 km al O de Camiña,-19.311,-69.694,84.0,2.5,Ml
333344,2025-12-19 22:06:32,2025-12-19 19:06:32,69 km al SE de Socaire,-24.033,-67.419,216.0,3.0,Ml
333346,2025-12-19 22:13:41,2025-12-19 19:13:41,61 km al O de Socaire,-23.481,-68.478,109.0,2.5,Ml
333345,2025-12-19 22:31:22,2025-12-19 19:31:22,31 km al NO de Canela Baja,-31.253,-71.73,36.0,3.3,Ml
333351,2025-12-19 23:16:58,2025-12-19 20:16:58,39 km al S de Ollagüe,-21.558,-68.385,141.0,2.7,Ml
333365,2025-12-20 01:05:40,2025-12-19 22:05:40,52 km al O de Quellón,-43.173,-74.263,41.0,4.0,Ml
333383,2025-12-20 03:03:12,2025-12-20 00:03:12,36 km al NE de Ollagüe,-20.959,-68.053,183.0,3.2,Ml
333386,2025-12-20 03:48:40,2025-12-20 00:48:40,41 km al SO de Punitaqui,-31.042,-71.613,32.0,2.5,Ml
333400,2025-12-20 07:11:59,2025-12-20 04:11:59,54 km al S de Ollagüe,-21.692,-68.399,140.0,2.8,Ml
333406,2025-12-20 08:21:25,2025-12-20 05:21:25,19 km al NO de Huasco,-28.329,-71.336,34.0,2.7,Ml
333412,2025-12-20 08:40:57,2025-12-20 05:40:57,90 km al SE de Socaire,-24.209,-67.318,212.0,3.6,Ml
333435,2025-12-20 10:44:13,2025-12-20 07:44:13,22 km al O de Quintero,-32.702,-71.747,18.0,2.5,Ml
333439,2025-12-20 10:57:38,2025-12-20 07:57:38,102 km al E de Copiapó,-27.445,-69.302,108.0,2.8,Ml
333444,2025-12-20 11:38:02,2025-12-20 08:38:02,31 km al SE de Mina Collahuasi,-21.079,-68.523,147.0,2.8,Ml
333454,2025-12-20 13:06:30,2025-12-20 10:06:30,21 km al NO de Socaire,-23.418,-67.972,171.0,2.6,Ml
333456,2025-12-20 13:16:32,2025-12-20 10:16:32,100 km al O de Parque Fray Jorge,-30.333,-72.654,24.0,3.1,Ml
333468,2025-12-20 14:55:32,2025-12-20 11:55:32,30 km al SO de Tirúa,-38.582,-73.662,31.0,2.6,Ml
333470,2025-12-20 15:28:43,2025-12-20 12:28:43,62 km al SO de Mina Collahuasi,-21.249,-69.048,94.0,3.1,Ml
333496,2025-12-20 19:08:43,2025-12-20 16:08:43,41 km al NE de Punta de Choros,-28.916,-71.279,52.0,2.6,Ml
333500,2025-12-20 19:25:23,2025-12-20 16:25:23,10 km al O de Visviri,-17.622,-69.573,160.0,3.6,Ml
333503,2025-12-20 19:57:42,2025-12-20 16:57:42,25 km al SO de Colina,-33.316,-70.908,98.0,3.2,Ml
333513,2025-12-20 20:30:26,2025-12-20 17:30:26,84 km al NE de Mina Collahuasi,-20.157,-68.275,163.0,5.2,Mw
333514,2025-12-20 20:38:15,2025-12-20 17:38:15,60 km al S de Socaire,-24.105,-67.731,212.0,3.2,Ml
333519,2025-12-20 22:39:21,2025-12-20 19:39:21,86 km al O de San Antonio de los Cobres,-24.06,-67.145,226.0,3.4,Ml
333551,2025-12-21 02:39:29,2025-12-20 23:39:29,9 km al NO de Melipilla,-33.61,-71.25,61.0,2.5,Ml
333554,2025-12-21 03:11:07,2025-12-21 00:11:07,48 km al SO de Huasco,-28.807,-71.518,51.0,2.6,Ml
333567,2025-12-21 04:32:11,2025-12-21 01:32:11,16 km al SO de Sierra Gorda,-22.972,-69.453,86.0,3.5,Ml
333575,2025-12-21 05:38:42,2025-12-21 02:38:42,29 km al SE de Quillota,-33.077,-71.041,70.0,2.8,Ml
333580,2025-12-21 06:02:56,2025-12-21 03:02:56,60 km al E de Petorca,-32.324,-70.297,110.0,2.6,Ml
333602,2025-12-21 09:01:27,2025-12-21 06:01:27,14 km al NO de Punitaqui,-30.745,-71.367,42.0,2.5,Ml
333603,2025-12-21 09:03:39,2025-12-21 06:03:39,13 km al NO de Taltal,-25.303,-70.552,64.0,2.9,Ml
333615,2025-12-21 10:41:44,2025-12-21 07:41:44,39 km al NO de Mina Collahuasi,-20.518,-68.838,103.0,3.1,Ml
333622,2025-12-21 12:19:37,2025-12-21 09:19:37,57 km al SE de Socaire,-23.934,-67.471,262.0,2.9,Ml
333625,2025-12-21 12:47:02,2025-12-21 09:47:02,30 km al S de Mina Collahuasi,-21.099,-68.636,129.0,4.0,Ml
333629,2025-12-21 13:02:40,2025-12-21 10:02:40,19 km al SO de Camiña,-19.45,-69.532,87.0,2.9,Ml
333633,2025-12-21 13:33:35,2025-12-21 10:33:35,70 km al NE de Calama,-21.925,-68.588,132.0,2.8,Ml
333668,2025-12-21 18:01:03,2025-12-21 15:01:03,16 km al SO de Pichidangui,-32.245,-71.647,31.0,2.5,Ml
333675,2025-12-21 18:39:26,2025-12-21 15:39:26,79 km al SE de Socaire,-24.124,-67.372,210.0,4.0,Ml
333679,2025-12-21 19:22:20,2025-12-21 16:22:20,19 km al NO de Linares,-35.703,-71.706,86.0,2.5,Ml
333681,2025-12-21 19:28:14,2025-12-21 16:28:14,63 km al SO de Colchane,-19.784,-68.905,117.0,3.5,Ml
333692,2025-12-21 20:39:16,2025-12-21 17:39:16,34 km al N de Calama,-22.185,-68.817,125.0,3.3,Ml
333695,2025-12-21 21:32:58,2025-12-21 18:32:58,52 km al NE de Pica,-20.096,-69.055,106.0,2.5,Ml
333704,2025-12-21 22:11:34,2025-12-21 19:11:34,65 km al N de Mina La Escondida,-23.703,-68.889,98.0,2.6,Ml
333706,2025-12-21 22:32:27,2025-12-21 19:32:27,58 km al NE de Chaitén,-42.576,-72.179,164.0,3.8,Ml
333707,2025-12-21 22:37:06,2025-12-21 19:37:06,59 km al O de Valparaíso,-32.895,-72.215,28.0,2.7,Ml
333714,2025-12-21 23:06:21,2025-12-21 20:06:21,54 km al S de Colchane,-19.744,-68.787,125.0,3.0,Ml
333719,2025-12-21 23:32:15,2025-12-21 20:32:15,42 km al N de Pozo Almonte,-19.879,-69.83,25.0,2.7,Ml
333726,2025-12-22 00:47:05,2025-12-21 21:47:05,38 km al NE de Punta de Choros,-28.985,-71.216,53.0,2.6,Ml
333738,2025-12-22 02:47:06,2025-12-21 23:47:06,8 km al NO de Andacollo,-30.177,-71.145,65.0,3.8,Ml
333741,2025-12-22 03:06:44,2025-12-22 00:06:44,43 km al NE de Punta de Choros,-28.889,-71.306,47.0,3.0,Ml
333748,2025-12-22 03:56:45,2025-12-22 00:56:45,13 km al SE de Mina La Escondida,-24.38,-69.004,106.0,2.9,Ml
333749,2025-12-22 04:04:47,2025-12-22 01:04:47,9 km al SE de Parque Fray Jorge,-30.704,-71.6,40.0,2.6,Ml
333764,2025-12-22 05:36:42,2025-12-22 02:36:42,73 km al E de Baquedano,-23.564,-69.174,90.0,4.1,Ml
333766,2025-12-22 06:07:16,2025-12-22 03:07:16,38 km al E de Calama,-22.487,-68.56,118.0,2.9,Ml
333776,2025-12-22 07:40:13,2025-12-22 04:40:13,35 km al N de Calama,-22.166,-68.836,122.0,2.7,Ml
333779,2025-12-22 08:16:32,2025-12-22 05:16:32,33 km al NO de Iquique,-20.039,-70.411,32.0,3.2,Ml
333803,2025-12-22 12:00:01,2025-12-22 09:00:01,82 km al S de Mina La Escondida,-24.999,-69.164,105.0,2.8,Ml
333805,2025-12-22 12:42:11,2025-12-22 09:42:11,48 km al SE de Socaire,-23.986,-67.695,257.0,2.8,Ml
333809,2025-12-22 13:06:46,2025-12-22 10:06:46,2 km al N de Tongoy,-30.235,-71.487,34.0,3.1,Ml
333818,2025-12-22 14:08:19,2025-12-22 11:08:19,60 km al N de Tocopilla,-21.586,-70.401,26.0,2.5,Ml
333825,2025-12-22 15:13:43,2025-12-22 12:13:43,6 km al N de Tongoy,-30.203,-71.474,38.0,3.1,Ml
333828,2025-12-22 15:39:02,2025-12-22 12:39:02,35 km al E de Pica,-20.382,-69.012,94.0,3.8,Ml
333848,2025-12-22 18:45:41,2025-12-22 15:45:41,21 km al SO de La Higuera,-29.655,-71.35,56.0,2.5,Ml
333856,2025-12-22 19:34:08,2025-12-22 16:34:08,63 km al SO de Ollagüe,-21.712,-68.561,120.0,2.9,Ml
333868,2025-12-22 20:48:39,2025-12-22 17:48:39,18 km al SE de Sierra Gorda,-23.005,-69.19,87.0,2.7,Ml
333875,2025-12-22 22:04:49,2025-12-22 19:04:49,25 km al S de Mina Collahuasi,-21.047,-68.601,151.0,4.7,Mw
333878,2025-12-22 22:29:41,2025-12-22 19:29:41,17 km al E de Pica,-20.449,-69.168,106.0,2.6,Ml
333893,2025-12-23 02:10:27,2025-12-22 23:10:27,47 km al SO de Mina Collahuasi,-21.07,-69.028,113.0,3.2,Ml
333898,2025-12-23 02:29:00,2025-12-22 23:29:00,82 km al SE de Socaire,-24.158,-67.369,194.0,2.8,Ml
333908,2025-12-23 03:31:18,2025-12-23 00:31:18,108 km al NO de Constitución,-34.854,-73.445,10.0,2.5,Ml
333923,2025-12-23 04:43:10,2025-12-23 01:43:10,28 km al SE de Pica,-20.721,-69.233,109.0,2.9,Ml
333925,2025-12-23 04:46:26,2025-12-23 01:46:26,47 km al NE de Pozo Almonte,-19.874,-69.588,76.0,3.8,Ml
333931,2025-12-23 05:22:05,2025-12-23 02:22:05,52 km al SE de Patache,-21.166,-69.885,60.0,2.6,Ml
333934,2025-12-23 06:08:26,2025-12-23 03:08:26,54 km al S de Socaire,-24.046,-67.714,235.0,2.8,Ml
333937,2025-12-23 07:15:51,2025-12-23 04:15:51,23 km al SO de Chillán,-36.794,-72.215,66.0,3.3,Ml
333951,2025-12-23 09:22:09,2025-12-23 06:22:09,28 km al NE de Bahía Mansa,-40.355,-73.607,34.0,3.1,Ml
333954,2025-12-23 09:47:33,2025-12-23 06:47:33,26 km al E de Curicó,-34.883,-70.981,104.0,2.8,Ml
334005,2025-12-23 17:52:34,2025-12-23 14:52:34,77 km al SE de Socaire,-24.185,-67.505,199.0,4.4,Mw
334010,2025-12-23 18:27:32,2025-12-23 15:27:32,52 km al SO de Mina Collahuasi,-21.094,-69.066,117.0,2.7,Ml
334011,2025-12-23 18:34:10,2025-12-23 15:34:10,38 km al S de Mina Collahuasi,-21.171,-68.674,124.0,2.7,Ml
334012,2025-12-23 18:40:39,2025-12-23 15:40:39,9 km al E de Parque Fray Jorge,-30.688,-71.591,34.0,3.6,Ml
334041,2025-12-23 21:49:16,2025-12-23 18:49:16,37 km al N de Punta de Choros,-28.921,-71.467,37.0,3.4,Ml
334057,2025-12-23 23:35:04,2025-12-23 20:35:04,77 km al E de Socaire,-23.432,-67.151,257.0,3.4,Ml
334069,2025-12-24 01:05:20,2025-12-23 22:05:20,19 km al O de La Ligua,-32.376,-71.415,51.0,4.6,Mw
334085,2025-12-24 03:16:14,2025-12-24 00:16:14,76 km al E de El Salvador,-26.037,-68.901,147.0,3.2,Ml
334098,2025-12-24 04:44:23,2025-12-24 01:44:23,51 km al SO de Ollagüe,-21.621,-68.503,139.0,2.6,Ml
334107,2025-12-24 05:28:42,2025-12-24 02:28:42,33 km al NO de Mina Collahuasi,-20.591,-68.855,99.0,2.6,Ml
334109,2025-12-24 05:39:38,2025-12-24 02:39:38,33 km al SE de Curicó,-35.22,-71.021,116.0,2.5,Ml
334115,2025-12-24 06:04:54,2025-12-24 03:04:54,25 km al N de Calama,-22.248,-68.912,108.0,2.8,Ml
334119,2025-12-24 06:10:11,2025-12-24 03:10:11,17 km al SO de Calama,-22.586,-69.041,113.0,4.3,Ml
334136,2025-12-24 07:54:40,2025-12-24 04:54:40,32 km al S de Melipilla,-33.967,-71.159,67.0,3.8,Ml
334142,2025-12-24 08:13:43,2025-12-24 05:13:43,56 km al O de Socaire,-23.588,-68.443,122.0,3.8,Ml
334155,2025-12-24 09:26:22,2025-12-24 06:26:22,18 km al SO de Los Vilos,-32.015,-71.655,37.0,3.1,Ml
334165,2025-12-24 10:11:24,2025-12-24 07:11:24,44 km al SO de Huasco,-28.798,-71.462,53.0,2.8,Ml
334177,2025-12-24 12:18:17,2025-12-24 09:18:17,18 km al NO de La Ligua,-32.367,-71.4,51.0,3.9,Ml
334192,2025-12-24 14:32:18,2025-12-24 11:32:18,40 km al SO de Mina Collahuasi,-21.123,-68.872,109.0,2.5,Ml
334193,2025-12-24 14:40:37,2025-12-24 11:40:37,82 km al SE de Socaire,-24.128,-67.339,203.0,4.6,Ml
334213,2025-12-24 17:03:25,2025-12-24 14:03:25,46 km al N de Pica,-20.082,-69.274,105.0,2.7,Ml
334216,2025-12-24 17:35:01,2025-12-24 14:35:01,47 km al E de Sierra Gorda,-22.92,-68.864,113.0,2.7,Ml
334221,2025-12-24 17:55:18,2025-12-24 14:55:18,22 km al E de Vichuquén,-34.816,-71.769,39.0,3.0,Ml
334222,2025-12-24 17:59:46,2025-12-24 14:59:46,51 km al NE de Pica,-20.102,-69.074,100.0,2.7,Ml
334256,2025-12-24 22:37:48,2025-12-24 19:37:48,31 km al O de La Serena,-29.824,-71.562,42.0,2.8,Ml
334259,2025-12-24 23:31:57,2025-12-24 20:31:57,24 km al SE de Putre,-18.391,-69.458,120.0,3.3,Ml
334261,2025-12-24 23:46:20,2025-12-24 20:46:20,31 km al SE de Pica,-20.709,-69.141,107.0,3.7,Ml
334265,2025-12-25 00:10:55,2025-12-24 21:10:55,21 km al S de Putre,-18.381,-69.568,95.0,3.0,Ml
334266,2025-12-25 00:38:54,2025-12-24 21:38:54,45 km al N de Punta de Choros,-28.85,-71.431,30.0,4.1,Ml
334322,2025-12-25 07:18:28,2025-12-25 04:18:28,98 km al SE de Socaire,-24.399,-67.513,200.0,3.3,Ml
334323,2025-12-25 07:32:08,2025-12-25 04:32:08,44 km al NE de Calama,-22.104,-68.769,127.0,2.6,Ml
334365,2025-12-25 14:18:41,2025-12-25 11:18:41,100 km al SE de Socaire,-24.347,-67.363,189.0,3.5,Ml
334371,2025-12-25 15:08:45,2025-12-25 12:08:45,32 km al NO de Pozo Almonte,-19.989,-69.905,60.0,2.6,Ml
334382,2025-12-25 16:24:45,2025-12-25 13:24:45,17 km al SE de Curicó,-35.084,-71.104,106.0,2.9,Ml
334387,2025-12-25 16:39:13,2025-12-25 13:39:13,40 km al N de Cuya,-18.81,-70.094,44.0,3.6,Ml
334399,2025-12-25 17:45:40,2025-12-25 14:45:40,71 km al N de Calama,-21.858,-68.743,97.0,3.1,Ml
334403,2025-12-25 18:24:42,2025-12-25 15:24:42,28 km al E de Copiapó,-27.288,-70.068,97.0,3.9,Ml
334415,2025-12-25 19:04:22,2025-12-25 16:04:22,45 km al NE de Calama,-22.144,-68.673,141.0,2.6,Ml
334417,2025-12-25 19:11:50,2025-12-25 16:11:50,64 km al N de Pica,-19.95,-69.12,94.0,2.7,Ml
334431,2025-12-25 21:26:54,2025-12-25 18:26:54,43 km al SO de Ollagüe,-21.502,-68.541,135.0,3.7,Ml
334434,2025-12-25 21:40:45,2025-12-25 18:40:45,22 km al O de La Serena,-29.959,-71.473,54.0,2.6,Ml
334450,2025-12-25 23:34:35,2025-12-25 20:34:35,56 km al NE de San Pedro de Atacama,-22.511,-67.874,181.0,3.5,Ml
334451,2025-12-25 23:40:18,2025-12-25 20:40:18,27 km al SE de Sierra Gorda,-23.043,-69.114,108.0,2.7,Ml
334465,2025-12-26 01:17:00,2025-12-25 22:17:00,23 km al SE de Mina Collahuasi,-21.011,-68.552,133.0,2.7,Ml
334469,2025-12-26 02:12:48,2025-12-25 23:12:48,24 km al SO de Calama,-22.587,-69.125,81.0,3.0,Ml
334473,2025-12-26 02:44:12,2025-12-25 23:44:12,4 km al NO de Parque Fray Jorge,-30.641,-71.719,24.0,3.1,Ml
334478,2025-12-26 03:03:06,2025-12-26 00:03:06,50 km al SE de Calama,-22.89,-68.751,95.0,3.2,Ml
334493,2025-12-26 04:44:02,2025-12-26 01:44:02,262 km al NO de Base Frei,-60.505,-62.395,10.0,4.5,Ml
334495,2025-12-26 04:55:17,2025-12-26 01:55:17,63 km al NE de San Pedro de Atacama,-22.504,-67.779,186.0,4.0,Ml
334517,2025-12-26 07:58:39,2025-12-26 04:58:39,19 km al O de Arica,-18.529,-70.49,44.0,2.8,Ml
334531,2025-12-26 09:23:39,2025-12-26 06:23:39,48 km al N de Calama,-22.041,-68.862,112.0,2.6,Ml
334534,2025-12-26 09:50:57,2025-12-26 06:50:57,31 km al S de Mina Collahuasi,-21.099,-68.727,129.0,4.1,Ml
334554,2025-12-26 12:51:34,2025-12-26 09:51:34,9 km al E de Parque Fray Jorge,-30.645,-71.587,27.0,3.1,Ml
334567,2025-12-26 13:59:59,2025-12-26 10:59:59,77 km al NE de Alto del Carmen,-28.152,-70.098,105.0,2.7,Ml
334569,2025-12-26 14:03:47,2025-12-26 11:03:47,30 km al SO de Mina Collahuasi,-20.948,-68.918,96.0,3.0,Ml
334571,2025-12-26 14:08:55,2025-12-26 11:08:55,48 km al NE de Calama,-22.102,-68.685,112.0,2.5,Ml
334573,2025-12-26 14:30:13,2025-12-26 11:30:13,36 km al SE de Arica,-18.636,-70.02,69.0,2.7,Ml
334575,2025-12-26 14:45:47,2025-12-26 11:45:47,47 km al NE de Calama,-22.105,-68.699,108.0,2.8,Ml
334578,2025-12-26 15:16:02,2025-12-26 12:16:02,12 km al E de Mina Los Pelambres,-31.808,-70.465,132.0,2.8,Ml
334580,2025-12-26 15:33:04,2025-12-26 12:33:04,44 km al E de Sierra Gorda,-22.917,-68.896,83.0,2.8,Ml
334587,2025-12-26 16:21:11,2025-12-26 13:21:11,59 km al SO de Ollagüe,-21.709,-68.481,135.0,2.7,Ml
334622,2025-12-26 19:05:11,2025-12-26 16:05:11,29 km al E de Calama,-22.493,-68.652,109.0,4.4,Mw
334661,2025-12-27 00:21:14,2025-12-26 21:21:14,50 km al S de Camiña,-19.745,-69.292,93.0,3.1,Ml
334684,2025-12-27 04:20:25,2025-12-27 01:20:25,39 km al SO de Ollagüe,-21.5,-68.491,132.0,2.8,Ml
334706,2025-12-27 08:29:52,2025-12-27 05:29:52,12 km al E de Los Vilos,-31.953,-71.394,65.0,3.9,Ml
334719,2025-12-27 10:26:05,2025-12-27 07:26:05,58 km al N de Quillagua,-21.137,-69.534,70.0,4.3,Mw
334730,2025-12-27 12:00:05,2025-12-27 09:00:05,32 km al S de Pica,-20.766,-69.235,86.0,2.5,Ml
334743,2025-12-27 15:51:59,2025-12-27 12:51:59,53 km al SO de Mina Collahuasi,-21.242,-68.903,117.0,3.8,Ml
334787,2025-12-27 19:47:30,2025-12-27 16:47:30,30 km al SO de Calama,-22.69,-69.095,102.0,3.7,Ml
334805,2025-12-27 21:36:17,2025-12-27 18:36:17,22 km al SO de Santiago,-33.615,-70.753,80.0,2.5,Ml
334820,2025-12-27 23:27:57,2025-12-27 20:27:57,48 km al NE de Paihuano,-29.656,-70.264,87.0,3.1,Ml
334848,2025-12-28 04:06:47,2025-12-28 01:06:47,47 km al NE de Vallenar,-28.226,-70.487,78.0,2.8,Ml
334873,2025-12-28 07:08:16,2025-12-28 04:08:16,85 km al SE de Copiapó,-28.059,-69.964,110.0,3.5,Ml
334889,2025-12-28 09:27:04,2025-12-28 06:27:04,70 km al NE de San Fabián,-36.187,-70.918,186.0,3.2,Ml
334893,2025-12-28 10:10:06,2025-12-28 07:10:06,29 km al NE de Calama,-22.323,-68.7,124.0,3.4,Ml
334900,2025-12-28 11:50:18,2025-12-28 08:50:18,50 km al O de Ollagüe,-21.368,-68.709,122.0,2.7,Ml
334908,2025-12-28 13:11:48,2025-12-28 10:11:48,65 km al O de Quillagua,-21.424,-70.106,51.0,3.1,Ml
334910,2025-12-28 13:17:29,2025-12-28 10:17:29,62 km al NO de Quillagua,-21.416,-70.077,52.0,2.5,Ml
334914,2025-12-28 13:50:07,2025-12-28 10:50:07,27 km al O de Navidad,-33.957,-72.123,38.0,2.9,Ml
334924,2025-12-28 15:07:51,2025-12-28 12:07:51,30 km al NO de Mina Collahuasi,-20.692,-68.905,99.0,2.7,Ml
334928,2025-12-28 15:32:20,2025-12-28 12:32:20,49 km al O de Patache,-20.669,-70.649,43.0,3.0,Ml
334935,2025-12-28 16:59:40,2025-12-28 13:59:40,6 km al E de Pichilemu,-34.408,-71.949,29.0,3.2,Ml
334942,2025-12-28 17:30:52,2025-12-28 14:30:52,15 km al N de Camiña,-19.182,-69.424,108.0,2.5,Ml
334972,2025-12-28 21:04:48,2025-12-28 18:04:48,69 km al NE de Calama,-21.913,-68.625,121.0,2.8,Ml
334974,2025-12-28 21:11:20,2025-12-28 18:11:20,86 km al SE de Socaire,-23.923,-67.128,229.0,2.8,Ml
334979,2025-12-28 22:28:19,2025-12-28 19:28:19,48 km al NE de Los Andes,-32.62,-70.148,112.0,3.0,Ml
334983,2025-12-28 22:49:58,2025-12-28 19:49:58,30 km al E de Mina Los Pelambres,-31.781,-70.27,120.0,3.4,Ml
334988,2025-12-28 23:16:32,2025-12-28 20:16:32,102 km al E de Copiapó,-27.561,-69.324,93.0,2.5,Ml
334998,2025-12-29 00:53:26,2025-12-28 21:53:26,42 km al SO de Ollagüe,-21.532,-68.489,156.0,2.7,Ml
335007,2025-12-29 01:57:36,2025-12-28 22:57:36,41 km al S de Chañaral,-26.716,-70.571,33.0,3.1,Ml
335009,2025-12-29 02:06:38,2025-12-28 23:06:38,20 km al SE de Farellones,-33.468,-70.143,122.0,3.7,Ml
335016,2025-12-29 03:11:10,2025-12-29 00:11:10,42 km al N de Calama,-22.101,-68.823,100.0,3.2,Ml
335021,2025-12-29 03:55:33,2025-12-29 00:55:33,45 km al NE de Farellones,-32.982,-70.125,115.0,3.0,Ml
335029,2025-12-29 04:49:30,2025-12-29 01:49:30,87 km al E de Socaire,-23.794,-67.065,239.0,4.2,Ml
335037,2025-12-29 05:49:43,2025-12-29 02:49:43,38 km al S de Mina Collahuasi,-21.173,-68.661,141.0,2.6,Ml
335038,2025-12-29 06:00:50,2025-12-29 03:00:50,81 km al NE de San Pedro de Atacama,-22.266,-67.862,205.0,2.7,Ml
335044,2025-12-29 06:30:03,2025-12-29 03:30:03,6 km al NE de Camiña,-19.272,-69.386,107.0,3.5,Ml
335049,2025-12-29 07:48:45,2025-12-29 04:48:45,45 km al NE de Punta de Choros,-28.88,-71.274,45.0,2.7,Ml
335052,2025-12-29 07:59:14,2025-12-29 04:59:14,78 km al SE de Socaire,-23.914,-67.211,241.0,3.0,Ml
335061,2025-12-29 09:04:58,2025-12-29 06:04:58,60 km al E de Socaire,-23.739,-67.326,247.0,3.0,Ml
335069,2025-12-29 10:28:04,2025-12-29 07:28:04,11 km al SO de Canela Baja,-31.473,-71.535,75.0,2.7,Ml
335080,2025-12-29 11:54:33,2025-12-29 08:54:33,44 km al SO de Ollagüe,-21.527,-68.531,141.0,3.5,Ml
335101,2025-12-29 13:56:07,2025-12-29 10:56:07,70 km al O de Cobquecura,-36.158,-73.571,15.0,2.8,Ml
335151,2025-12-29 21:42:33,2025-12-29 18:42:33,111 km al E de Alto del Carmen,-28.84,-69.354,101.0,2.7,Ml
335157,2025-12-29 22:52:53,2025-12-29 19:52:53,25 km al SO de Mina Collahuasi,-20.931,-68.872,108.0,3.2,Ml
335186,2025-12-30 02:12:59,2025-12-29 23:12:59,20 km al S de Visviri,-17.772,-69.525,155.0,2.8,Ml
335195,2025-12-30 03:04:06,2025-12-30 00:04:06,37 km al SE de Quillagua,-21.908,-69.294,76.0,2.8,Ml
335224,2025-12-30 05:49:20,2025-12-30 02:49:20,156 km al SO de Tirúa,-39.079,-75.019,22.0,3.4,Ml
335228,2025-12-30 05:54:13,2025-12-30 02:54:13,16 km al NE de Quillota,-32.751,-71.174,59.0,2.8,Ml
335241,2025-12-30 07:14:35,2025-12-30 04:14:35,60 km al N de Pica,-19.985,-69.131,116.0,2.5,Ml
335243,2025-12-30 07:21:57,2025-12-30 04:21:57,69 km al SE de Socaire,-23.948,-67.34,224.0,2.6,Ml
335249,2025-12-30 08:17:58,2025-12-30 05:17:58,6 km al SO de Ollagüe,-21.276,-68.275,138.0,2.9,Ml
335266,2025-12-30 09:46:19,2025-12-30 06:46:19,18 km al SO de Huasco,-28.562,-71.365,26.0,4.2,Ml
335270,2025-12-30 10:13:34,2025-12-30 07:13:34,12 km al S de Santiago,-33.547,-70.641,93.0,2.6,Ml
335274,2025-12-30 10:14:32,2025-12-30 07:14:32,24 km al N de Pica,-20.276,-69.349,78.0,2.5,Ml
335300,2025-12-30 12:52:33,2025-12-30 09:52:33,46 km al O de Mina Collahuasi,-20.852,-69.102,107.0,3.1,Ml
335328,2025-12-30 15:45:21,2025-12-30 12:45:21,47 km al SO de Ollagüe,-21.592,-68.484,142.0,2.8,Ml
335329,2025-12-30 15:57:25,2025-12-30 12:57:25,47 km al SE de Pica,-20.861,-69.113,107.0,2.7,Ml
335352,2025-12-30 18:34:39,2025-12-30 15:34:39,29 km al SE de Calama,-22.681,-68.764,115.0,3.2,Ml
335374,2025-12-30 20:11:03,2025-12-30 17:11:03,82 km al E de Socaire,-23.655,-67.086,219.0,3.0,Ml
335392,2025-12-30 21:49:09,2025-12-30 18:49:09,54 km al NE de San Pedro de Atacama,-22.549,-67.855,180.0,2.6,Ml
335404,2025-12-30 22:35:41,2025-12-30 19:35:41,24 km al SE de Ollagüe,-21.397,-68.117,167.0,2.8,Ml
335411,2025-12-30 23:32:33,2025-12-30 20:32:33,40 km al O de Ollagüe,-21.2,-68.637,141.0,2.6,Ml
335419,2025-12-31 00:18:09,2025-12-30 21:18:09,77 km al NE de Socaire,-23.258,-67.231,250.0,3.0,Ml
335440,2025-12-31 02:13:01,2025-12-30 23:13:01,61 km al NO de Mina La Escondida,-23.803,-69.368,86.0,3.3,Ml
335457,2025-12-31 03:52:31,2025-12-31 00:52:31,51 km al SE de Socaire,-24.017,-67.712,251.0,3.0,Ml
335471,2025-12-31 04:56:34,2025-12-31 01:56:34,87 km al S de Socaire,-24.374,-67.939,173.0,2.6,Ml
335475,2025-12-31 05:47:59,2025-12-31 02:47:59,34 km al NE de Calama,-22.288,-68.666,108.0,2.7,Ml
335500,2025-12-31 08:41:35,2025-12-31 05:41:35,81 km al SE de Socaire,-24.183,-67.432,210.0,3.1,Ml
335525,2025-12-31 12:09:07,2025-12-31 09:09:07,154 km al SO de Parque Fray Jorge,-31.283,-73.129,14.0,4.1,Ml
335530,2025-12-31 12:37:41,2025-12-31 09:37:41,33 km al SO de Antofagasta,-23.872,-70.61,53.0,4.0,Ml
335539,2025-12-31 14:08:31,2025-12-31 11:08:31,24 km al S de Tongoy,-30.473,-71.512,41.0,2.6,Ml
335557,2025-12-31 15:37:53,2025-12-31 12:37:53,48 km al O de Los Vilos,-31.834,-72.007,28.0,3.3,Ml
335561,2025-12-31 15:51:55,2025-12-31 12:51:55,13 km al NO de San Fernando,-34.515,-71.102,67.0,2.5,Ml
335583,2025-12-31 16:57:41,2025-12-31 13:57:41,81 km al E de Socaire,-23.796,-67.13,232.0,3.1,Ml
335624,2025-12-31 20:03:26,2025-12-31 17:03:26,37 km al O de Mina Collahuasi,-20.815,-69.018,107.0,2.6,Ml
335636,2025-12-31 21:48:05,2025-12-31 18:48:05,93 km al SE de Socaire,-24.333,-67.474,224.0,2.9,Ml
335640,2025-12-31 22:46:31,2025-12-31 19:46:31,66 km al E de Socaire,-23.679,-67.253,234.0,2.8,Ml
335644,2025-12-31 22:59:51,2025-12-31 19:59:51,45 km al SO de Socaire,-23.89,-68.19,127.0,3.0,Ml
