id,fecha_utc,fecha_local,referencia,latitud,longitud,profundidad_km,magnitud,tipo_magnitud
181776,2023-01-01 00:54:43,2022-12-31 21:54:43,38 km al E de Socaire,-23.541,-67.523,258.0,2.5,Ml
181784,2023-01-01 02:05:30,2022-12-31 23:05:30,39 km al S de Huasco,-28.804,-71.339,42.0,2.6,Ml
181788,2023-01-01 02:46:37,2022-12-31 23:46:37,67 km al S de Socaire,-24.175,-67.728,288.0,2.9,Ml
181798,2023-01-01 05:03:04,2023-01-01 02:03:04,31 km al E de Pica,-20.441,-69.037,112.0,3.2,Ml
181802,2023-01-01 05:59:40,2023-01-01 02:59:40,27 km al SO de Pichilemu,-34.525,-72.25,25.0,2.5,Ml
181803,2023-01-01 06:29:41,2023-01-01 03:29:41,46 km al O de Taltal,-25.573,-70.903,40.0,2.6,Ml
181804,2023-01-01 06:33:31,2023-01-01 03:33:31,75 km al S de Socaire,-24.254,-67.769,242.0,3.2,Ml
181808,2023-01-01 07:09:17,2023-01-01 04:09:17,18 km al S de Las Cabras,-34.454,-71.311,64.0,2.5,Ml
181810,2023-01-01 07:49:28,2023-01-01 04:49:28,72 km al N de Calama,-21.856,-68.7,115.0,2.7,Ml
181813,2023-01-01 07:55:27,2023-01-01 04:55:27,39 km al NE de Copiapó,-27.188,-69.99,90.0,2.5,Ml
181818,2023-01-01 10:12:02,2023-01-01 07:12:02,82 km al S de Antofagasta,-24.379,-70.322,34.0,2.5,Ml
181819,2023-01-01 10:24:00,2023-01-01 07:24:00,86 km al O de Socaire,-23.526,-68.729,97.0,2.5,Ml
181829,2023-01-01 11:41:07,2023-01-01 08:41:07,22 km al O de Mina Collahuasi,-20.893,-68.857,101.0,3.0,Ml
181830,2023-01-01 11:44:54,2023-01-01 08:44:54,9 km al E de Cuya,-19.184,-70.093,54.0,2.5,Ml
181836,2023-01-01 12:19:00,2023-01-01 09:19:00,38 km al E de Sierra Gorda.,-22.992,-68.956,106.0,4.8,Mw
181840,2023-01-01 13:27:30,2023-01-01 10:27:30,58 km al SO de Mina Collahuasi,-21.206,-69.046,92.0,3.9,Ml
181844,2023-01-01 13:46:30,2023-01-01 10:46:30,10 km al S de Los Andes.,-32.919,-70.604,98.0,3.0,Ml
181863,2023-01-01 16:20:31,2023-01-01 13:20:31,105 km al S de Socaire,-24.53,-67.961,147.0,3.7,Ml
181891,2023-01-01 19:50:28,2023-01-01 16:50:28,42 km al NE de Pica,-20.16,-69.144,98.0,2.8,Ml
181893,2023-01-01 19:55:56,2023-01-01 16:55:56,42 km al S de Calama,-22.838,-68.821,86.0,2.7,Ml
181895,2023-01-01 20:37:55,2023-01-01 17:37:55,36 km al E de Pica,-20.465,-68.985,101.0,2.7,Ml
181902,2023-01-01 21:51:22,2023-01-01 18:51:22,108 km al SE de Ollagüe,-21.998,-67.62,240.0,3.8,Ml
181912,2023-01-02 01:36:24,2023-01-01 22:36:24,29 km al E de Ollagüe,-21.127,-67.991,175.0,3.2,Ml
181914,2023-01-02 02:04:48,2023-01-01 23:04:48,49 km al NE de Los Andes.,-32.596,-70.159,116.0,3.2,Ml
181926,2023-01-02 03:21:37,2023-01-02 00:21:37,63 km al N de Pica,-19.939,-69.178,94.0,2.7,Ml
181935,2023-01-02 04:41:58,2023-01-02 01:41:58,99 km al SE de Socaire,-24.33,-67.346,200.0,3.5,Ml
181939,2023-01-02 05:13:03,2023-01-02 02:13:03,120 km al SE de Ollagüe,-21.992,-67.44,218.0,3.4,Ml
181952,2023-01-02 06:39:21,2023-01-02 03:39:21,26 km al SE de Concepción,-36.943,-72.801,38.0,3.1,Ml
181966,2023-01-02 08:59:45,2023-01-02 05:59:45,52 km al N de Pica,-20.049,-69.159,95.0,3.1,Ml
181969,2023-01-02 09:38:43,2023-01-02 06:38:43,25 km al SO de Tongoy,-30.457,-71.616,35.0,3.3,Ml
181973,2023-01-02 09:45:37,2023-01-02 06:45:37,24 km al SO de Tongoy,-30.433,-71.634,29.0,2.9,Ml
181975,2023-01-02 10:14:50,2023-01-02 07:14:50,28 km al SO de Tongoy,-30.443,-71.686,36.0,3.4,Ml
181998,2023-01-02 14:23:25,2023-01-02 11:23:25,27 km al O de Talca,-35.391,-71.956,45.0,2.7,Ml
182008,2023-01-02 16:04:03,2023-01-02 13:04:03,46 km al SO de Mina Collahuasi,-21.111,-68.983,107.0,2.7,Ml
182018,2023-01-02 16:42:26,2023-01-02 13:42:26,108 km al O de Navidad,-33.551,-72.893,47.0,3.1,Ml
182031,2023-01-02 18:15:46,2023-01-02 15:15:46,37 km al E de Talca,-35.343,-71.271,94.0,3.0,Ml
182037,2023-01-02 18:16:58,2023-01-02 15:16:58,25 km al SO de Tongoy,-30.439,-71.636,33.0,3.9,Ml
182041,2023-01-02 18:37:08,2023-01-02 15:37:08,23 km al SO de Tongoy,-30.44,-71.609,32.0,2.5,Ml
182048,2023-01-02 19:04:19,2023-01-02 16:04:19,22 km al S de Tongoy,-30.453,-71.518,22.0,2.9,Ml
182055,2023-01-02 20:17:52,2023-01-02 17:17:52,114 km al SE de Paihuano,-30.677,-69.598,129.0,2.9,Ml
182071,2023-01-02 22:51:34,2023-01-02 19:51:34,49 km al E de Socaire,-23.587,-67.407,243.0,3.4,Ml
182072,2023-01-02 23:27:05,2023-01-02 20:27:05,35 km al NO de Mina Collahuasi,-20.625,-68.92,105.0,3.2,Ml
182086,2023-01-03 02:09:55,2023-01-02 23:09:55,29 km al NE de Arica,-18.332,-70.099,91.0,3.6,Ml
182089,2023-01-03 02:25:37,2023-01-02 23:25:37,20 km al O de La Higuera,-29.515,-71.412,39.0,2.7,Ml
182090,2023-01-03 03:43:30,2023-01-03 00:43:30,51 km al NO de Cobquecura,-35.804,-73.189,34.0,2.8,Ml
182099,2023-01-03 04:59:41,2023-01-03 01:59:41,71 km al SO de San Pedro de Atacama,-23.452,-68.585,109.0,3.4,Ml
182103,2023-01-03 05:51:10,2023-01-03 02:51:10,38 km al O de Pichilemu,-34.422,-72.422,24.0,2.9,Ml
182114,2023-01-03 07:56:30,2023-01-03 04:56:30,83 km al O de Constitución,-35.404,-73.319,38.0,3.3,Ml
182123,2023-01-03 10:23:46,2023-01-03 07:23:46,35 km al N de Chañaral.,-26.033,-70.662,48.0,3.5,Ml
182128,2023-01-03 10:50:23,2023-01-03 07:50:23,41 km al N de Calama,-22.106,-68.864,125.0,2.5,Ml
182138,2023-01-03 13:08:00,2023-01-03 10:08:00,76 km al SE de Socaire,-23.967,-67.269,245.0,3.8,Ml
182141,2023-01-03 13:19:44,2023-01-03 10:19:44,60 km al SO de Mina La Escondida.,-24.637,-69.493,78.0,2.7,Ml
182145,2023-01-03 15:21:35,2023-01-03 12:21:35,54 km al S de Mina Collahuasi,-21.294,-68.812,109.0,2.9,Ml
182163,2023-01-03 18:19:16,2023-01-03 15:19:16,29 km al NO de Mina Collahuasi,-20.676,-68.887,103.0,2.5,Ml
182169,2023-01-03 19:52:05,2023-01-03 16:52:05,19 km al SO de Mina Collahuasi,-20.923,-68.804,107.0,2.5,Ml
182171,2023-01-03 20:04:50,2023-01-03 17:04:50,26 km al SE de Calama,-22.678,-68.822,85.0,2.6,Ml
182184,2023-01-03 22:54:45,2023-01-03 19:54:45,31 km al SO de Calama,-22.717,-69.063,102.0,2.6,Ml
182187,2023-01-03 23:22:03,2023-01-03 20:22:03,25 km al O de La Serena,-29.968,-71.499,60.0,2.9,Ml
182200,2023-01-04 03:01:31,2023-01-04 00:01:31,48 km al NE de Cuya,-18.911,-69.808,82.0,2.8,Ml
182217,2023-01-04 06:21:27,2023-01-04 03:21:27,7 km al O de Copiapó,-27.36,-70.407,83.0,2.5,Ml
182227,2023-01-04 09:00:52,2023-01-04 06:00:52,44 km al SO de Mina Collahuasi,-21.192,-68.814,120.0,2.9,Ml
182235,2023-01-04 10:41:47,2023-01-04 07:41:47,26 km al NO de Mejillones,-22.981,-70.67,5.0,3.0,Ml
182260,2023-01-04 15:29:38,2023-01-04 12:29:38,40 km al E de Sierra Gorda.,-23.005,-68.948,105.0,4.5,Mw
182264,2023-01-04 15:55:48,2023-01-04 12:55:48,118 km al O de Navidad,-33.512,-72.995,30.0,3.1,Ml
182287,2023-01-04 18:15:32,2023-01-04 15:15:32,31 km al N de Mina Los Pelambres,-31.546,-70.567,113.0,2.6,Ml
182291,2023-01-04 18:29:14,2023-01-04 15:29:14,43 km al O de Tongoy,-30.419,-71.898,32.0,3.8,Ml
182298,2023-01-04 19:42:53,2023-01-04 16:42:53,16 km al O de Punitaqui,-30.783,-71.415,44.0,4.0,Ml
182309,2023-01-04 23:23:47,2023-01-04 20:23:47,39 km al E de Camiña,-19.182,-69.079,126.0,5.1,Mw
182336,2023-01-05 04:11:32,2023-01-05 01:11:32,47 km al SO de Castro,-42.768,-74.191,36.0,2.9,Ml
182342,2023-01-05 06:07:57,2023-01-05 03:07:57,40 km al NO de Canela Baja,-31.074,-71.634,36.0,3.0,Ml
182361,2023-01-05 11:19:09,2023-01-05 08:19:09,23 km al S de La Serena,-30.102,-71.31,81.0,3.2,Ml
182366,2023-01-05 12:03:41,2023-01-05 09:03:41,46 km al NE de Puerto Natales,-51.349,-72.244,10.0,2.7,Ml
182364,2023-01-05 12:07:49,2023-01-05 09:07:49,21 km al O de Mina Collahuasi,-20.837,-68.86,102.0,2.6,Ml
182369,2023-01-05 12:48:09,2023-01-05 09:48:09,35 km al S de Mina Collahuasi,-21.142,-68.622,110.0,2.7,Ml
182374,2023-01-05 14:14:29,2023-01-05 11:14:29,38 km al O de San Pedro de Atacama,-22.911,-68.572,123.0,4.4,Mw
182379,2023-01-05 15:13:22,2023-01-05 12:13:22,35 km al NO de Vallenar,-28.289,-70.905,52.0,4.3,Mw
182380,2023-01-05 15:19:56,2023-01-05 12:19:56,49 km al NE de Mina La Escondida.,-23.974,-68.7,109.0,3.1,Ml
182397,2023-01-05 15:47:44,2023-01-05 12:47:44,49 km al SE de Curicó,-35.324,-70.893,105.0,2.6,Ml
182406,2023-01-05 17:03:35,2023-01-05 14:03:35,72 km al SE de Alto del Carmen,-29.301,-70.074,112.0,2.6,Ml
182409,2023-01-05 17:21:52,2023-01-05 14:21:52,42 km al SE de Pica,-20.811,-69.108,86.0,3.0,Ml
182420,2023-01-05 17:52:21,2023-01-05 14:52:21,37 km al O de Mina Collahuasi,-20.944,-68.995,106.0,3.0,Ml
182417,2023-01-05 17:52:21,2023-01-05 14:52:21,37 km al O de Mina Collahuasi,-20.933,-69.0,107.0,2.9,Ml
182421,2023-01-05 18:06:16,2023-01-05 15:06:16,72 km al SO de Colchane.,-19.864,-68.929,120.0,3.4,Ml
182430,2023-01-05 19:08:18,2023-01-05 16:08:18,20 km al N de Quillota,-32.7,-71.239,62.0,4.2,Mw
182434,2023-01-05 19:46:36,2023-01-05 16:46:36,26 km al N de Cuya,-18.937,-70.094,78.0,2.6,Ml
182448,2023-01-06 01:26:03,2023-01-05 22:26:03,41 km al NE de Ollagüe,-20.894,-68.086,199.0,2.5,Ml
182454,2023-01-06 02:32:59,2023-01-05 23:32:59,69 km al SO de Ollagüe,-21.477,-68.857,121.0,2.6,Ml
182457,2023-01-06 02:47:36,2023-01-05 23:47:36,80 km al SE de Socaire,-24.226,-67.52,209.0,3.0,Ml
182461,2023-01-06 04:18:48,2023-01-06 01:18:48,30 km al SO de Punitaqui,-31.071,-71.398,53.0,2.9,Ml
182474,2023-01-06 06:36:50,2023-01-06 03:36:50,28 km al NO de Quillagua,-21.494,-69.736,88.0,2.5,Ml
182476,2023-01-06 06:38:37,2023-01-06 03:38:37,61 km al SE de Socaire,-24.073,-67.61,242.0,4.4,Ml
182480,2023-01-06 06:48:09,2023-01-06 03:48:09,20 km al NO de Ovalle,-30.508,-71.382,24.0,2.8,Ml
182492,2023-01-06 08:01:33,2023-01-06 05:01:33,55 km al S de Putre,-18.689,-69.639,111.0,2.9,Ml
182501,2023-01-06 08:50:23,2023-01-06 05:50:23,30 km al SE de Chillán,-36.741,-71.812,88.0,3.1,Ml
182505,2023-01-06 09:10:34,2023-01-06 06:10:34,128 km al O de El Tabo,-33.328,-73.043,35.0,2.6,Ml
182522,2023-01-06 11:34:52,2023-01-06 08:34:52,40 km al SO de Ollagüe,-21.498,-68.498,135.0,3.0,Ml
182528,2023-01-06 12:25:52,2023-01-06 09:25:52,11 km al NO de San Pedro de Atacama,-22.868,-68.294,146.0,2.9,Ml
182531,2023-01-06 13:08:02,2023-01-06 10:08:02,7 km al N de Alto Hospicio,-20.212,-70.084,52.0,2.8,Ml
182533,2023-01-06 13:33:01,2023-01-06 10:33:01,27 km al O de Las Cabras,-34.226,-71.589,49.0,4.0,Ml
182542,2023-01-06 16:02:46,2023-01-06 13:02:46,45 km al NE de Paihuano,-29.697,-70.252,85.0,3.2,Ml
182547,2023-01-06 16:27:25,2023-01-06 13:27:25,54 km al E de Baquedano,-23.526,-69.355,93.0,2.5,Ml
182551,2023-01-06 17:03:50,2023-01-06 14:03:50,80 km al N de Mina La Escondida.,-23.56,-68.951,98.0,2.8,Ml
182569,2023-01-06 20:46:39,2023-01-06 17:46:39,25 km al NE de Tocopilla,-21.917,-70.058,73.0,2.7,Ml
182573,2023-01-06 21:05:09,2023-01-06 18:05:09,54 km al S de Camiña,-19.778,-69.262,104.0,2.9,Ml
182574,2023-01-06 21:22:45,2023-01-06 18:22:45,45 km al SE de Mina Los Pelambres,-32.14,-70.287,114.0,2.7,Ml
182576,2023-01-06 22:25:42,2023-01-06 19:25:42,62 km al SE de Sierra Gorda.,-23.292,-68.889,109.0,2.8,Ml
182578,2023-01-06 22:33:50,2023-01-06 19:33:50,34 km al NE de Pica,-20.222,-69.164,87.0,2.5,Ml
182579,2023-01-06 22:48:20,2023-01-06 19:48:20,65 km al S de Socaire,-24.133,-67.665,229.0,3.2,Ml
182580,2023-01-06 22:55:31,2023-01-06 19:55:31,101 km al NE de San Pedro de Atacama,-22.097,-67.784,238.0,2.9,Ml
182583,2023-01-06 23:45:24,2023-01-06 20:45:24,119 km al E de Tierra Amarilla,-27.578,-69.066,107.0,3.0,Ml
182587,2023-01-07 00:14:17,2023-01-06 21:14:17,40 km al E de Mina Los Pelambres,-31.818,-70.16,138.0,2.6,Ml
182593,2023-01-07 01:12:41,2023-01-06 22:12:41,67 km al NE de Calama,-21.955,-68.596,124.0,2.6,Ml
182594,2023-01-07 01:26:48,2023-01-06 22:26:48,39 km al O de Pichilemu,-34.314,-72.421,32.0,3.5,Ml
182601,2023-01-07 01:31:00,2023-01-06 22:31:00,32 km al O de Pichilemu,-34.346,-72.35,42.0,3.1,Ml
182597,2023-01-07 01:31:48,2023-01-06 22:31:48,39 km al O de Pichilemu,-34.346,-72.437,22.0,4.2,Ml
182603,2023-01-07 01:39:46,2023-01-06 22:39:46,28 km al O de Mina Collahuasi,-20.741,-68.911,105.0,2.7,Ml
182608,2023-01-07 02:52:08,2023-01-06 23:52:08,40 km al O de San Pedro de Atacama,-22.876,-68.59,150.0,2.5,Ml
182612,2023-01-07 03:43:05,2023-01-07 00:43:05,36 km al O de Pichilemu,-34.349,-72.398,38.0,2.6,Ml
182629,2023-01-07 06:23:40,2023-01-07 03:23:40,81 km al E de Mina Los Pelambres,-31.988,-69.747,124.0,4.8,Mw
182632,2023-01-07 06:39:34,2023-01-07 03:39:34,34 km al O de Pichilemu,-34.36,-72.381,34.0,3.7,Ml
182639,2023-01-07 07:53:45,2023-01-07 04:53:45,41 km al O de Ollagüe,-21.237,-68.65,109.0,2.7,Ml
182644,2023-01-07 08:35:13,2023-01-07 05:35:13,11 km al N de La Serena,-29.809,-71.273,64.0,2.8,Ml
182653,2023-01-07 10:36:33,2023-01-07 07:36:33,90 km al NO de Punta Arenas,-52.563,-71.806,43.0,3.7,Ml
182656,2023-01-07 10:45:34,2023-01-07 07:45:34,31 km al E de San Fernando,-34.703,-70.688,122.0,3.2,Ml
182657,2023-01-07 11:22:49,2023-01-07 08:22:49,48 km al SE de Pica,-20.875,-69.119,107.0,2.5,Ml
182663,2023-01-07 12:07:18,2023-01-07 09:07:18,63 km al SO de Ollagüe,-21.743,-68.499,105.0,2.7,Ml
182674,2023-01-07 14:40:32,2023-01-07 11:40:32,24 km al NO de La Serena,-29.701,-71.352,54.0,2.7,Ml
182677,2023-01-07 14:46:19,2023-01-07 11:46:19,30 km al SO de Calama,-22.692,-69.093,83.0,2.6,Ml
182683,2023-01-07 15:10:29,2023-01-07 12:10:29,63 km al NE de Calama,-21.962,-68.664,110.0,2.5,Ml
182685,2023-01-07 15:14:52,2023-01-07 12:14:52,120 km al O de Lebu,-37.889,-74.976,53.0,2.7,Ml
182687,2023-01-07 15:22:25,2023-01-07 12:22:25,18 km al S de Alto Hospicio,-20.426,-70.1,68.0,2.6,Ml
182709,2023-01-07 18:41:51,2023-01-07 15:41:51,62 km al SO de Mina Collahuasi,-21.247,-69.044,97.0,2.6,Ml
182716,2023-01-07 20:35:53,2023-01-07 17:35:53,63 km al NO de Quillagua,-21.417,-70.084,24.0,2.8,Ml
182720,2023-01-07 21:27:46,2023-01-07 18:27:46,43 km al N de Mina Collahuasi,-20.467,-68.8,112.0,3.3,Ml
182725,2023-01-07 22:46:28,2023-01-07 19:46:28,59 km al S de Camiña,-19.828,-69.273,94.0,2.7,Ml
182727,2023-01-07 23:23:23,2023-01-07 20:23:23,52 km al SO de Chañaral.,-26.614,-71.054,40.0,2.8,Ml
182729,2023-01-07 23:26:24,2023-01-07 20:26:24,41 km al E de Ollagüe,-21.235,-67.855,233.0,2.7,Ml
182731,2023-01-07 23:38:14,2023-01-07 20:38:14,106 km al O de Pichilemu,-34.053,-73.086,35.0,2.9,Ml
182738,2023-01-08 00:06:25,2023-01-07 21:06:25,36 km al N de Camiña,-18.987,-69.436,112.0,2.6,Ml
182745,2023-01-08 01:24:44,2023-01-07 22:24:44,45 km al NO de Mina Collahuasi,-20.475,-68.865,115.0,2.5,Ml
182751,2023-01-08 02:31:34,2023-01-07 23:31:34,41 km al SE de Pica,-20.789,-69.105,97.0,2.7,Ml
182752,2023-01-08 02:39:47,2023-01-07 23:39:47,22 km al S de Visviri,-17.792,-69.53,142.0,3.4,Ml
182766,2023-01-08 04:47:15,2023-01-08 01:47:15,21 km al E de Pica,-20.458,-69.13,104.0,2.6,Ml
182772,2023-01-08 06:25:58,2023-01-08 03:25:58,51 km al SO de Mina Collahuasi,-21.155,-69.006,111.0,2.8,Ml
182779,2023-01-08 06:42:11,2023-01-08 03:42:11,15 km al E de Tongoy,-30.254,-71.337,55.0,3.2,Ml
182781,2023-01-08 06:57:52,2023-01-08 03:57:52,27 km al N de La Higuera,-29.271,-71.239,52.0,3.7,Ml
182800,2023-01-08 10:37:24,2023-01-08 07:37:24,75 km al SE de Socaire,-24.001,-67.31,206.0,3.4,Ml
182801,2023-01-08 11:05:47,2023-01-08 08:05:47,95 km al SE de Socaire,-24.26,-67.318,177.0,3.1,Ml
182805,2023-01-08 11:53:48,2023-01-08 08:53:48,82 km al E de Socaire,-23.471,-67.098,245.0,4.0,Ml
182806,2023-01-08 12:01:17,2023-01-08 09:01:17,32 km al S de San Pedro de Atacama,-23.203,-68.148,242.0,2.8,Ml
182821,2023-01-08 15:10:36,2023-01-08 12:10:36,63 km al SE de Antofagasta,-24.137,-70.104,54.0,3.5,Ml
182830,2023-01-08 17:20:20,2023-01-08 14:20:20,32 km al SO de Chañaral.,-26.574,-70.816,29.0,3.1,Ml
182833,2023-01-08 17:36:20,2023-01-08 14:36:20,47 km al SO de Ollagüe,-21.569,-68.52,141.0,2.8,Ml
182841,2023-01-08 18:39:13,2023-01-08 15:39:13,39 km al NE de Calama,-22.175,-68.729,120.0,2.7,Ml
182844,2023-01-08 19:28:46,2023-01-08 16:28:46,20 km al SO de Quillota,-33.043,-71.346,59.0,4.2,Mw
182849,2023-01-08 19:44:23,2023-01-08 16:44:23,79 km al S de Ollagüe,-21.921,-68.421,132.0,3.0,Ml
182851,2023-01-08 20:23:59,2023-01-08 17:23:59,29 km al S de Mina Collahuasi,-21.083,-68.638,129.0,4.3,Mw
182861,2023-01-08 23:21:53,2023-01-08 20:21:53,41 km al NO de Valparaíso,-32.726,-71.834,30.0,3.1,Ml
182863,2023-01-08 23:42:33,2023-01-08 20:42:33,90 km al NO de Tortel,-47.041,-73.96,39.0,2.6,Ml
182867,2023-01-09 00:56:40,2023-01-08 21:56:40,5 km al NE de Mina Los Pelambres,-31.794,-70.549,122.0,2.7,Ml
182875,2023-01-09 02:05:22,2023-01-08 23:05:22,59 km al SE de Socaire,-23.983,-67.499,227.0,3.7,Ml
182881,2023-01-09 03:27:03,2023-01-09 00:27:03,20 km al O de Ovalle,-30.549,-71.398,42.0,2.5,Ml
182883,2023-01-09 03:33:09,2023-01-09 00:33:09,16 km al N de Concepción,-36.683,-73.021,28.0,2.7,Ml
182890,2023-01-09 05:19:25,2023-01-09 02:19:25,31 km al O de Chañaral.,-26.235,-70.902,24.0,2.8,Ml
182893,2023-01-09 05:29:07,2023-01-09 02:29:07,125 km al SE de Tierra Amarilla,-28.032,-69.16,114.0,2.6,Ml
182896,2023-01-09 07:46:14,2023-01-09 04:46:14,170 km al O de Valdivia,-39.401,-75.159,18.0,3.6,Ml
182897,2023-01-09 07:56:24,2023-01-09 04:56:24,46 km al NE de Calama,-22.118,-68.704,116.0,3.3,Ml
182903,2023-01-09 08:43:52,2023-01-09 05:43:52,158 km al O de Huasco,-28.88,-72.773,10.0,4.3,Mw
182907,2023-01-09 09:09:46,2023-01-09 06:09:46,44 km al NE de Pozo Almonte,-20.035,-69.437,119.0,3.9,Ml
182911,2023-01-09 09:25:10,2023-01-09 06:25:10,117 km al E de Socaire,-23.707,-66.751,197.0,3.5,Ml
182912,2023-01-09 09:31:01,2023-01-09 06:31:01,27 km al NO de Putre,-18.074,-69.785,122.0,3.0,Ml
182914,2023-01-09 09:50:16,2023-01-09 06:50:16,15 km al SE de Valparaíso,-33.149,-71.51,42.0,2.5,Ml
182917,2023-01-09 09:51:54,2023-01-09 06:51:54,30 km al E de Pica,-20.408,-69.053,106.0,2.8,Ml
182922,2023-01-09 11:16:10,2023-01-09 08:16:10,51 km al NE de Socaire,-23.224,-67.591,266.0,3.3,Ml
182923,2023-01-09 11:22:02,2023-01-09 08:22:02,67 km al NE de San Pedro de Atacama,-22.402,-67.867,200.0,4.1,Ml
182930,2023-01-09 11:44:58,2023-01-09 08:44:58,45 km al SO de Los Vilos,-32.26,-71.757,24.0,3.2,Ml
182945,2023-01-09 14:25:06,2023-01-09 11:25:06,69 km al SO de Ollagüe,-21.74,-68.617,118.0,2.9,Ml
182953,2023-01-09 16:32:44,2023-01-09 13:32:44,36 km al NO de Valparaíso,-32.753,-71.773,20.0,2.5,Ml
182958,2023-01-09 16:44:37,2023-01-09 13:44:37,72 km al SE de Sierra Gorda.,-23.468,-68.983,109.0,3.0,Ml
182963,2023-01-09 18:03:03,2023-01-09 15:03:03,21 km al NO de Andacollo,-30.141,-71.279,66.0,2.9,Ml
182973,2023-01-09 18:37:00,2023-01-09 15:37:00,64 km al NE de Calama,-21.93,-68.704,107.0,3.5,Ml
182994,2023-01-09 20:38:45,2023-01-09 17:38:45,19 km al N de Putre,-18.028,-69.536,131.0,3.2,Ml
183000,2023-01-09 22:22:31,2023-01-09 19:22:31,76 km al S de Ollagüe,-21.878,-68.474,116.0,3.1,Ml
183008,2023-01-10 01:10:45,2023-01-09 22:10:45,65 km al SO de Ollagüe,-21.76,-68.507,122.0,2.7,Ml
183015,2023-01-10 01:45:41,2023-01-09 22:45:41,13 km al SO de Los Vilos,-31.983,-71.618,37.0,3.1,Ml
183017,2023-01-10 01:47:51,2023-01-09 22:47:51,12 km al SO de Los Vilos,-31.991,-71.604,40.0,2.9,Ml
183018,2023-01-10 02:01:20,2023-01-09 23:01:20,75 km al SO de Ollagüe,-21.824,-68.583,117.0,2.5,Ml
183022,2023-01-10 02:41:00,2023-01-09 23:41:00,27 km al N de Sierra Gorda.,-22.655,-69.313,81.0,2.9,Ml
183030,2023-01-10 05:30:46,2023-01-10 02:30:46,14 km al E de Calama,-22.476,-68.796,108.0,2.7,Ml
183047,2023-01-10 09:44:23,2023-01-10 06:44:23,63 km al SO de Ollagüe,-21.746,-68.491,132.0,4.3,Ml
183053,2023-01-10 10:48:48,2023-01-10 07:48:48,16 km al O de Ollagüe,-21.257,-68.402,135.0,2.7,Ml
183064,2023-01-10 11:57:46,2023-01-10 08:57:46,10 km al NE de Antofagasta,-23.574,-70.348,47.0,3.7,Ml
183072,2023-01-10 13:16:39,2023-01-10 10:16:39,39 km al NO de Mina Collahuasi,-20.663,-68.985,101.0,2.8,Ml
183075,2023-01-10 13:28:42,2023-01-10 10:28:42,14 km al E de Pica,-20.479,-69.195,110.0,3.0,Ml
183080,2023-01-10 14:33:01,2023-01-10 11:33:01,134 km al O de Lebu,-37.967,-75.109,6.0,3.0,Ml
183089,2023-01-10 16:24:38,2023-01-10 13:24:38,21 km al NE de Las Cabras,-34.131,-71.192,71.0,2.9,Ml
183105,2023-01-10 17:29:35,2023-01-10 14:29:35,35 km al SO de Ollagüe,-21.421,-68.523,114.0,3.4,Ml
183138,2023-01-11 00:37:09,2023-01-10 21:37:09,30 km al O de Ollagüe,-21.221,-68.539,176.0,3.1,Ml
183137,2023-01-11 00:37:14,2023-01-10 21:37:14,37 km al O de Ollagüe,-21.33,-68.588,125.0,2.9,Ml
183140,2023-01-11 01:32:16,2023-01-10 22:32:16,54 km al SO de Huasco,-28.912,-71.437,33.0,2.6,Ml
183152,2023-01-11 03:24:38,2023-01-11 00:24:38,28 km al N de Cauquenes,-35.727,-72.225,48.0,3.0,Ml
183155,2023-01-11 03:32:40,2023-01-11 00:32:40,66 km al N de Pica,-19.916,-69.176,96.0,2.8,Ml
183170,2023-01-11 06:22:43,2023-01-11 03:22:43,28 km al O de Putre,-18.102,-69.809,126.0,2.7,Ml
183175,2023-01-11 07:00:34,2023-01-11 04:00:34,40 km al E de Sierra Gorda.,-23.005,-68.942,108.0,2.6,Ml
183181,2023-01-11 08:50:12,2023-01-11 05:50:12,16 km al NE de Baquedano,-23.256,-69.714,65.0,2.6,Ml
183186,2023-01-11 09:33:25,2023-01-11 06:33:25,52 km al NE de Alto del Carmen,-28.504,-70.034,99.0,3.0,Ml
183198,2023-01-11 11:18:14,2023-01-11 08:18:14,21 km al SO de Salamanca,-31.933,-71.096,77.0,2.6,Ml
183200,2023-01-11 11:20:15,2023-01-11 08:20:15,24 km al O de Calama,-22.476,-69.165,86.0,2.8,Ml
183205,2023-01-11 12:03:32,2023-01-11 09:03:32,40 km al SO de Ollagüe,-21.517,-68.478,130.0,3.8,Ml
183208,2023-01-11 12:08:30,2023-01-11 09:08:30,43 km al N de Pica,-20.128,-69.2,97.0,2.6,Ml
183209,2023-01-11 12:16:27,2023-01-11 09:16:27,44 km al SO de Ollagüe,-21.504,-68.555,127.0,3.3,Ml
183212,2023-01-11 13:18:56,2023-01-11 10:18:56,29 km al SO de Canela Baja,-31.641,-71.568,32.0,2.6,Ml
183216,2023-01-11 14:22:26,2023-01-11 11:22:26,30 km al NE de Salamanca,-31.576,-70.762,82.0,2.9,Ml
183250,2023-01-11 19:38:58,2023-01-11 16:38:58,55 km al SO de Mina Collahuasi,-21.175,-69.035,100.0,2.6,Ml
183252,2023-01-11 20:20:14,2023-01-11 17:20:14,40 km al SO de Taltal,-25.614,-70.814,54.0,4.0,Ml
183263,2023-01-11 22:30:48,2023-01-11 19:30:48,156 km al O de Lebu,-38.158,-75.291,20.0,3.4,Ml
183280,2023-01-12 01:56:52,2023-01-11 22:56:52,37 km al NO de Putre,-17.926,-69.758,126.0,2.8,Ml
183289,2023-01-12 04:40:58,2023-01-12 01:40:58,85 km al SO de San Pedro de Atacama,-23.481,-68.759,107.0,2.7,Ml
183299,2023-01-12 06:19:10,2023-01-12 03:19:10,11 km al O de Ovalle,-30.637,-71.311,54.0,5.6,Mww
183302,2023-01-12 06:40:56,2023-01-12 03:40:56,3 km al SO de Ovalle,-30.622,-71.229,38.0,2.5,Ml
183307,2023-01-12 07:11:30,2023-01-12 04:11:30,17 km al SE de Huasco,-28.572,-71.103,42.0,2.9,Ml
183312,2023-01-12 09:22:19,2023-01-12 06:22:19,57 km al N de La Higuera,-29.003,-71.246,54.0,3.6,Ml
183317,2023-01-12 11:39:19,2023-01-12 08:39:19,23 km al NO de Quillagua,-21.532,-69.704,17.0,2.9,Ml
183321,2023-01-12 13:14:04,2023-01-12 10:14:04,37 km al SE de Putre,-18.434,-69.315,124.0,4.5,Mw
183326,2023-01-12 14:24:09,2023-01-12 11:24:09,5 km al SO de Ovalle,-30.638,-71.229,50.0,4.5,Mw
183336,2023-01-12 16:12:41,2023-01-12 13:12:41,26 km al N de Calama,-22.249,-68.844,109.0,4.1,Ml
183348,2023-01-12 17:26:53,2023-01-12 14:26:53,77 km al E de Taltal,-25.313,-69.73,80.0,3.1,Ml
183349,2023-01-12 17:30:51,2023-01-12 14:30:51,26 km al SO de Navidad,-34.064,-72.076,27.0,2.8,Ml
183359,2023-01-12 19:03:04,2023-01-12 16:03:04,27 km al NO de La Serena,-29.77,-71.481,55.0,3.1,Ml
183372,2023-01-12 20:53:30,2023-01-12 17:53:30,13 km al N de Canela Baja,-31.283,-71.439,60.0,3.0,Ml
183387,2023-01-13 01:38:56,2023-01-12 22:38:56,47 km al SO de Mina Collahuasi,-21.201,-68.868,114.0,2.8,Ml
183390,2023-01-13 02:03:30,2023-01-12 23:03:30,14 km al SO de San Fernando,-34.69,-71.061,76.0,2.7,Ml
183393,2023-01-13 02:19:01,2023-01-12 23:19:01,141 km al O de Tirúa,-38.29,-75.113,25.0,2.9,Ml
183396,2023-01-13 02:34:58,2023-01-12 23:34:58,8 km al O de Ovalle,-30.63,-71.283,50.0,2.7,Ml
183412,2023-01-13 05:28:42,2023-01-13 02:28:42,102 km al NE de Socaire,-23.001,-67.119,259.0,4.0,Ml
183417,2023-01-13 06:53:59,2023-01-13 03:53:59,5 km al SO de Ovalle,-30.637,-71.235,44.0,2.8,Ml
183421,2023-01-13 08:20:01,2023-01-13 05:20:01,29 km al SO de Ollagüe,-21.411,-68.448,142.0,3.6,Ml
183429,2023-01-13 09:04:08,2023-01-13 06:04:08,66 km al NE de Calama,-21.959,-68.601,113.0,3.1,Ml
183435,2023-01-13 11:09:12,2023-01-13 08:09:12,39 km al SO de Mina Collahuasi,-21.15,-68.8,125.0,2.9,Ml
183438,2023-01-13 11:30:56,2023-01-13 08:30:56,21 km al O de Calama,-22.396,-69.121,97.0,2.8,Ml
183440,2023-01-13 12:46:43,2023-01-13 09:46:43,66 km al SE de Socaire,-23.852,-67.309,268.0,3.0,Ml
183443,2023-01-13 13:28:01,2023-01-13 10:28:01,32 km al NO de Putre,-18.0,-69.782,126.0,2.7,Ml
183465,2023-01-13 17:37:28,2023-01-13 14:37:28,57 km al SO de Alto Hospicio,-20.725,-70.351,39.0,4.2,Ml
183470,2023-01-13 18:13:05,2023-01-13 15:13:05,19 km al NO de Canela Baja,-31.246,-71.538,49.0,3.4,Ml
183481,2023-01-13 20:07:18,2023-01-13 17:07:18,16 km al NE de Calama,-22.344,-68.858,120.0,2.6,Ml
183486,2023-01-13 21:00:38,2023-01-13 18:00:38,38 km al E de Los Andes.,-32.839,-70.192,111.0,4.1,Ml
183492,2023-01-13 22:15:45,2023-01-13 19:15:45,58 km al SO de Ollagüe,-21.68,-68.519,113.0,2.8,Ml
183500,2023-01-13 23:26:44,2023-01-13 20:26:44,34 km al NE de Calama,-22.262,-68.688,106.0,2.9,Ml
183503,2023-01-13 23:32:29,2023-01-13 20:32:29,33 km al O de Colchane.,-19.343,-68.943,118.0,2.7,Ml
183507,2023-01-14 00:05:22,2023-01-13 21:05:22,77 km al N de Calama,-21.818,-68.68,112.0,2.6,Ml
183512,2023-01-14 00:55:58,2023-01-13 21:55:58,39 km al SE de Arica,-18.751,-70.096,51.0,2.6,Ml
183520,2023-01-14 03:01:25,2023-01-14 00:01:25,66 km al SO de Huasco,-28.955,-71.602,54.0,2.9,Ml
183523,2023-01-14 04:05:42,2023-01-14 01:05:42,18 km al NO de Valparaíso,-32.903,-71.709,33.0,3.3,Ml
183526,2023-01-14 04:10:33,2023-01-14 01:10:33,68 km al SE de Socaire,-24.067,-67.479,224.0,2.6,Ml
183527,2023-01-14 04:26:16,2023-01-14 01:26:16,37 km al NO de Quillagua,-21.52,-69.858,76.0,3.6,Ml
183532,2023-01-14 05:04:36,2023-01-14 02:04:36,16 km al O de Combarbalá,-31.157,-71.17,34.0,3.0,Ml
183539,2023-01-14 06:35:43,2023-01-14 03:35:43,67 km al S de Ollagüe,-21.792,-68.471,122.0,2.7,Ml
183540,2023-01-14 07:04:19,2023-01-14 04:04:19,41 km al NE de Calama,-22.182,-68.683,116.0,2.6,Ml
183546,2023-01-14 07:52:04,2023-01-14 04:52:04,32 km al SO de Ollagüe,-21.455,-68.441,124.0,2.6,Ml
183551,2023-01-14 08:37:15,2023-01-14 05:37:15,43 km al NO de Valparaíso,-32.692,-71.803,33.0,3.2,Ml
183555,2023-01-14 09:01:21,2023-01-14 06:01:21,40 km al NO de Valparaíso,-32.721,-71.793,25.0,2.9,Ml
183559,2023-01-14 09:14:02,2023-01-14 06:14:02,58 km al SE de Socaire,-24.079,-67.687,242.0,3.1,Ml
183564,2023-01-14 10:07:52,2023-01-14 07:07:52,60 km al NE de San Pedro de Atacama,-22.521,-67.8,198.0,3.3,Ml
183565,2023-01-14 10:09:11,2023-01-14 07:09:11,7 km al O de Ovalle,-30.618,-71.276,53.0,2.8,Ml
183567,2023-01-14 10:56:35,2023-01-14 07:56:35,16 km al SO de Canela Baja,-31.532,-71.519,75.0,2.7,Ml
183569,2023-01-14 11:23:48,2023-01-14 08:23:48,79 km al NE de San Pedro de Atacama,-22.294,-67.828,203.0,2.9,Ml
183571,2023-01-14 11:35:38,2023-01-14 08:35:38,49 km al SO de Mina Collahuasi,-21.227,-68.856,105.0,3.2,Ml
183573,2023-01-14 11:58:45,2023-01-14 08:58:45,38 km al SO de Punitaqui,-30.981,-71.61,73.0,4.2,Mw
183576,2023-01-14 12:09:12,2023-01-14 09:09:12,39 km al SE de Camiña,-19.638,-69.278,104.0,2.8,Ml
183577,2023-01-14 12:16:44,2023-01-14 09:16:44,30 km al SO de Ollagüe,-21.373,-68.5,142.0,3.4,Ml
183583,2023-01-14 13:19:53,2023-01-14 10:19:53,38 km al SO de Ollagüe,-21.444,-68.536,135.0,2.8,Ml
183601,2023-01-14 16:50:31,2023-01-14 13:50:31,48 km al SO de Mina Collahuasi,-21.129,-68.993,110.0,2.5,Ml
183619,2023-01-14 18:41:10,2023-01-14 15:41:10,61 km al SE de Socaire,-24.009,-67.499,250.0,2.8,Ml
183634,2023-01-15 04:24:39,2023-01-15 01:24:39,69 km al SO de Ollagüe,-21.764,-68.581,146.0,3.0,Ml
183636,2023-01-15 05:57:28,2023-01-15 02:57:28,36 km al E de Pica,-20.457,-68.984,111.0,2.8,Ml
183638,2023-01-15 06:20:19,2023-01-15 03:20:19,29 km al O de Ollagüe,-21.178,-68.53,131.0,2.7,Ml
183642,2023-01-15 06:58:21,2023-01-15 03:58:21,57 km al S de Alto Hospicio,-20.774,-70.012,45.0,3.2,Ml
183645,2023-01-15 07:40:30,2023-01-15 04:40:30,51 km al O de Mina Collahuasi,-20.941,-69.136,108.0,2.9,Ml
183650,2023-01-15 09:30:31,2023-01-15 06:30:31,31 km al O de Ovalle,-30.59,-71.53,48.0,3.4,M
183652,2023-01-15 10:25:51,2023-01-15 07:25:51,49 km al S de Ollagüe,-21.641,-68.396,124.0,2.7,M
183653,2023-01-15 10:30:20,2023-01-15 07:30:20,63 km al O de Canela Baja,-31.288,-72.11,47.0,3.0,M
183658,2023-01-15 13:33:06,2023-01-15 10:33:06,19 km al SO de Vichuquén,-35.012,-72.14,38.0,2.5,M
183661,2023-01-15 16:10:40,2023-01-15 13:10:40,33 km al SE de Ollagüe,-21.5,-68.13,133.0,2.5,Ml
183663,2023-01-15 16:32:10,2023-01-15 13:32:10,36 km al SE de Linares,-36.121,-71.385,101.0,3.2,M
183665,2023-01-15 16:52:02,2023-01-15 13:52:02,22 km al NO de Punitaqui,-30.739,-71.468,37.0,3.8,M
183669,2023-01-15 18:15:54,2023-01-15 15:15:54,33 km al SO de Cobquecura,-36.334,-73.068,24.0,3.9,Ml
183672,2023-01-15 22:39:02,2023-01-15 19:39:02,47 km al SE de Camiña,-19.55,-69.051,113.0,2.7,M
183677,2023-01-15 23:09:39,2023-01-15 20:09:39,39 km al O de Concepción,-36.789,-73.483,21.0,3.5,Mlv
183681,2023-01-16 00:09:04,2023-01-15 21:09:04,84 km al NO de Quillagua,-21.327,-70.265,40.0,3.1,M
183685,2023-01-16 01:54:15,2023-01-15 22:54:15,111 km al NE de San Pedro de Atacama,-22.179,-67.478,207.0,2.9,Mlv
183691,2023-01-16 05:03:35,2023-01-16 02:03:35,21 km al NO de Tocopilla,-21.937,-70.317,18.0,2.9,Ml
183696,2023-01-16 05:19:40,2023-01-16 02:19:40,31 km al SE de Los Vilos,-32.088,-71.255,67.0,2.6,Ml
183701,2023-01-16 07:14:21,2023-01-16 04:14:21,112 km al O de Tirúa,-38.199,-74.765,16.0,2.9,Ml
183703,2023-01-16 07:40:59,2023-01-16 04:40:59,51 km al N de Valparaíso,-32.608,-71.75,35.0,4.3,Mw
183728,2023-01-16 07:42:48,2023-01-16 04:42:48,45 km al N de Valparaíso,-32.645,-71.682,14.0,3.2,Ml
183708,2023-01-16 07:50:37,2023-01-16 04:50:37,73 km al SO de Ollagüe,-21.74,-68.686,107.0,4.9,Mw
183715,2023-01-16 09:10:24,2023-01-16 06:10:24,49 km al O de La Ligua,-32.604,-71.716,34.0,3.0,Ml
183719,2023-01-16 09:56:56,2023-01-16 06:56:56,6 km al O de Ovalle,-30.597,-71.267,46.0,2.5,Ml
183729,2023-01-16 13:51:54,2023-01-16 10:51:54,36 km al SO de Mina Collahuasi,-21.017,-68.939,106.0,2.8,Ml
183731,2023-01-16 13:59:51,2023-01-16 10:59:51,21 km al E de Tongoy,-30.314,-71.285,79.0,3.2,Ml
183733,2023-01-16 14:05:34,2023-01-16 11:05:34,81 km al O de Arica,-18.629,-71.077,27.0,2.9,Ml
183736,2023-01-16 14:12:15,2023-01-16 11:12:15,93 km al N de Taltal,-24.601,-70.711,30.0,3.0,Ml
183737,2023-01-16 14:32:29,2023-01-16 11:32:29,74 km al O de Arica,-18.609,-71.006,32.0,3.7,Ml
183742,2023-01-16 15:47:42,2023-01-16 12:47:42,99 km al SE de Socaire,-24.417,-67.521,202.0,4.9,Mw
183745,2023-01-16 16:39:56,2023-01-16 13:39:56,163 km al O de Huasco,-28.765,-72.859,10.0,2.8,Ml
183747,2023-01-16 16:42:36,2023-01-16 13:42:36,29 km al O de Navidad,-33.983,-72.143,42.0,2.6,Ml
183755,2023-01-16 19:34:08,2023-01-16 16:34:08,17 km al NO de Mina La Escondida.,-24.2,-69.203,104.0,3.1,Ml
183757,2023-01-16 19:39:36,2023-01-16 16:39:36,54 km al SO de Mina Collahuasi,-21.126,-69.073,110.0,2.8,Ml
183760,2023-01-16 19:53:08,2023-01-16 16:53:08,150 km al NO de Constitución,-34.445,-73.658,17.0,3.1,Ml
183763,2023-01-16 20:22:06,2023-01-16 17:22:06,122 km al O de Pichilemu,-33.933,-73.215,22.0,2.7,Ml
183777,2023-01-17 00:22:42,2023-01-16 21:22:42,36 km al SO de Visviri,-17.824,-69.722,142.0,3.6,Ml
183783,2023-01-17 02:11:17,2023-01-16 23:11:17,26 km al N de Pica,-20.263,-69.295,118.0,3.3,Ml
183787,2023-01-17 03:29:45,2023-01-17 00:29:45,44 km al SO de Ollagüe,-21.575,-68.446,107.0,3.4,Ml
183791,2023-01-17 04:02:00,2023-01-17 01:02:00,22 km al E de Calama,-22.512,-68.723,118.0,2.8,Ml
183794,2023-01-17 04:50:42,2023-01-17 01:50:42,23 km al SO de Mina Collahuasi,-20.918,-68.856,101.0,2.6,Ml
183804,2023-01-17 05:49:51,2023-01-17 02:49:51,120 km al SE de Socaire,-24.239,-66.953,222.0,3.1,Ml
183805,2023-01-17 06:03:45,2023-01-17 03:03:45,77 km al NE de Calama,-21.89,-68.515,131.0,3.0,Ml
183808,2023-01-17 06:04:10,2023-01-17 03:04:10,36 km al O de Chillán,-36.566,-72.503,36.0,2.9,Ml
183812,2023-01-17 06:56:18,2023-01-17 03:56:18,53 km al NO de Toltén,-38.821,-73.577,38.0,3.1,Ml
183822,2023-01-17 08:31:46,2023-01-17 05:31:46,38 km al NE de Pica,-20.321,-69.018,108.0,3.7,Ml
183824,2023-01-17 08:36:41,2023-01-17 05:36:41,19 km al S de Melipilla,-33.852,-71.169,56.0,2.7,Ml
183830,2023-01-17 11:53:24,2023-01-17 08:53:24,73 km al O de Tirúa,-38.226,-74.322,30.0,4.6,Mw
183833,2023-01-17 12:54:39,2023-01-17 09:54:39,33 km al O de Ollagüe,-21.155,-68.56,126.0,3.2,Ml
183837,2023-01-17 13:28:30,2023-01-17 10:28:30,44 km al O de Valparaíso,-33.063,-72.082,35.0,2.7,Ml
183839,2023-01-17 14:57:14,2023-01-17 11:57:14,15 km al E de Cobquecura,-36.141,-72.629,63.0,3.6,Ml
183843,2023-01-17 16:19:45,2023-01-17 13:19:45,40 km al SO de Mina Collahuasi,-21.073,-68.932,113.0,2.8,Ml
183845,2023-01-17 16:36:57,2023-01-17 13:36:57,43 km al O de Mina Collahuasi,-20.852,-69.07,117.0,3.0,Ml
183847,2023-01-17 17:00:11,2023-01-17 14:00:11,43 km al NO de Quillagua,-21.375,-69.818,48.0,2.9,Ml
183853,2023-01-17 17:39:02,2023-01-17 14:39:02,33 km al NE de Cuya,-19.025,-69.903,79.0,3.5,Ml
183854,2023-01-17 18:05:42,2023-01-17 15:05:42,96 km al NE de Taltal,-24.639,-70.044,59.0,4.6,Mw
183861,2023-01-17 19:08:33,2023-01-17 16:08:33,75 km al NE de El Salvador,-25.766,-69.088,122.0,3.7,Ml
183868,2023-01-17 21:01:05,2023-01-17 18:01:05,40 km al O de Ollagüe,-21.295,-68.634,104.0,3.4,Ml
183871,2023-01-17 21:35:49,2023-01-17 18:35:49,92 km al N de El Salvador,-25.451,-69.344,116.0,3.4,Ml
183874,2023-01-17 23:23:15,2023-01-17 20:23:15,108 km al NE de Socaire,-22.984,-67.069,260.0,3.4,Ml
183878,2023-01-18 00:32:03,2023-01-17 21:32:03,41 km al SO de Arica,-18.669,-70.659,37.0,3.3,Ml
183883,2023-01-18 04:36:55,2023-01-18 01:36:55,62 km al S de Camiña,-19.834,-69.224,95.0,3.4,Ml
183903,2023-01-18 07:28:59,2023-01-18 04:28:59,44 km al SO de Tongoy,-30.487,-71.864,37.0,4.3,Ml
183908,2023-01-18 10:10:36,2023-01-18 07:10:36,3 km al E de Navidad,-33.955,-71.797,38.0,2.6,Ml
183910,2023-01-18 11:16:23,2023-01-18 08:16:23,83 km al NO de Lebu,-37.013,-74.214,40.0,3.2,Ml
183919,2023-01-18 13:46:05,2023-01-18 10:46:05,47 km al NE de Calama,-22.13,-68.655,116.0,2.8,Ml
183921,2023-01-18 13:56:53,2023-01-18 10:56:53,32 km al E de Ollagüe,-21.168,-67.955,166.0,3.5,Ml
183922,2023-01-18 15:06:42,2023-01-18 12:06:42,41 km al SO de Mina Collahuasi,-21.097,-68.933,113.0,2.9,Ml
183924,2023-01-18 15:18:01,2023-01-18 12:18:01,79 km al E de Alto del Carmen,-28.604,-69.701,119.0,3.3,Ml
183935,2023-01-18 18:56:19,2023-01-18 15:56:19,54 km al N de Camiña,-18.826,-69.459,103.0,3.4,Ml
183954,2023-01-18 23:26:51,2023-01-18 20:26:51,19 km al NE de Calama,-22.392,-68.765,118.0,2.5,Ml
183955,2023-01-19 00:00:47,2023-01-18 21:00:47,43 km al SO de Ollagüe,-21.584,-68.418,113.0,2.7,Ml
183958,2023-01-19 00:54:46,2023-01-18 21:54:46,37 km al SO de María Elena,-22.609,-69.885,90.0,2.9,Ml
183963,2023-01-19 03:31:07,2023-01-19 00:31:07,43 km al O de La Higuera,-29.486,-71.645,51.0,2.5,Ml
183967,2023-01-19 04:39:03,2023-01-19 01:39:03,49 km al N de Huasco,-28.031,-71.151,35.0,2.7,Ml
183971,2023-01-19 05:32:11,2023-01-19 02:32:11,25 km al NO de Mina Collahuasi,-20.694,-68.847,113.0,3.9,Ml
183977,2023-01-19 06:13:26,2023-01-19 03:13:26,43 km al SO de Ollagüe,-21.54,-68.487,127.0,3.0,Ml
183979,2023-01-19 06:18:00,2023-01-19 03:18:00,51 km al E de Talca,-35.438,-71.102,104.0,2.8,Ml
183981,2023-01-19 06:20:26,2023-01-19 03:20:26,68 km al NE de Calama,-21.945,-68.594,118.0,2.8,Ml
183987,2023-01-19 06:58:16,2023-01-19 03:58:16,60 km al O de Cobquecura,-36.235,-73.453,33.0,3.0,Ml
183996,2023-01-19 08:58:30,2023-01-19 05:58:30,35 km al SO de Mina Collahuasi,-21.091,-68.841,104.0,3.2,Ml
183999,2023-01-19 09:54:59,2023-01-19 06:54:59,43 km al O de Valparaíso,-33.049,-72.071,11.0,2.6,Ml
184003,2023-01-19 12:18:26,2023-01-19 09:18:26,171 km al NO de Tocopilla,-21.156,-71.514,30.0,3.4,Ml
184007,2023-01-19 12:47:05,2023-01-19 09:47:05,38 km al O de Ollagüe,-21.23,-68.619,116.0,2.7,Ml
184033,2023-01-19 18:42:24,2023-01-19 15:42:24,47 km al E de Calama,-22.408,-68.478,114.0,2.7,Ml
184038,2023-01-19 21:02:03,2023-01-19 18:02:03,49 km al S de Tierra Amarilla,-27.915,-70.151,106.0,3.2,Ml
184044,2023-01-19 21:53:05,2023-01-19 18:53:05,64 km al SO de Mina La Escondida.,-24.672,-69.512,80.0,2.5,Ml
184047,2023-01-19 22:07:26,2023-01-19 19:07:26,12 km al O de La Serena,-29.898,-71.378,51.0,2.7,Ml
184056,2023-01-20 00:33:51,2023-01-19 21:33:51,26 km al E de Pica,-20.461,-69.081,104.0,3.7,Ml
184063,2023-01-20 02:32:52,2023-01-19 23:32:52,9 km al SO de Junín de Los Andes,-40.0,-71.153,186.0,3.2,Ml
184064,2023-01-20 02:50:45,2023-01-19 23:50:45,51 km al SO de Huasco,-28.825,-71.548,49.0,3.1,Ml
184066,2023-01-20 03:02:26,2023-01-20 00:02:26,90 km al NO de Tocopilla,-21.443,-70.716,10.0,3.0,Ml
184068,2023-01-20 03:25:31,2023-01-20 00:25:31,36 km al NO de Punitaqui,-30.672,-71.582,25.0,3.1,Ml
184074,2023-01-20 03:54:46,2023-01-20 00:54:46,26 km al NE de Vichuquén,-34.726,-71.787,40.0,2.5,Ml
184094,2023-01-20 08:39:21,2023-01-20 05:39:21,30 km al SO de Los Vilos,-32.125,-71.699,26.0,3.6,Ml
184108,2023-01-20 11:38:49,2023-01-20 08:38:49,29 km al NE de Camiña,-19.073,-69.311,108.0,2.9,Ml
184115,2023-01-20 13:02:24,2023-01-20 10:02:24,56 km al NO de Tongoy,-29.894,-71.895,32.0,2.8,Ml
184119,2023-01-20 14:20:52,2023-01-20 11:20:52,8 km al SO de Punitaqui,-30.896,-71.295,63.0,3.9,Ml
184122,2023-01-20 15:27:17,2023-01-20 12:27:17,34 km al N de Camiña,-19.011,-69.415,96.0,3.8,Ml
184124,2023-01-20 15:35:45,2023-01-20 12:35:45,52 km al S de Tierra Amarilla,-27.941,-70.177,96.0,3.9,Ml
184126,2023-01-20 16:24:08,2023-01-20 13:24:08,30 km al SO de Quillagua,-21.806,-69.783,64.0,3.2,Ml
184129,2023-01-20 16:32:17,2023-01-20 13:32:17,51 km al E de Mina La Escondida.,-24.128,-68.581,110.0,2.8,Ml
184138,2023-01-20 17:42:51,2023-01-20 14:42:51,139 km al O de Tongoy,-29.843,-72.863,20.0,3.2,Ml
184140,2023-01-20 17:54:24,2023-01-20 14:54:24,27 km al O de Ollagüe,-21.203,-68.51,138.0,2.9,Ml
184154,2023-01-20 21:16:12,2023-01-20 18:16:12,49 km al NE de Calama,-22.142,-68.614,134.0,2.7,Ml
184156,2023-01-20 21:40:22,2023-01-20 18:40:22,32 km al NO de Sierra Gorda.,-22.76,-69.585,88.0,2.5,Ml
184160,2023-01-20 22:09:40,2023-01-20 19:09:40,144 km al NE de Santiago del Estero,-26.756,-63.373,568.0,6.7,Mww
184167,2023-01-20 22:46:39,2023-01-20 19:46:39,41 km al NO de Canela Baja,-31.125,-71.752,33.0,2.5,Ml
184169,2023-01-20 22:47:27,2023-01-20 19:47:27,74 km al NE de Pica,-19.912,-68.98,112.0,3.9,Ml
184181,2023-01-21 00:55:23,2023-01-20 21:55:23,47 km al NO de Pichilemu,-34.055,-72.326,36.0,3.2,Ml
184186,2023-01-21 01:38:57,2023-01-20 22:38:57,35 km al SO de Antofagasta,-23.904,-70.607,27.0,3.3,Ml
184187,2023-01-21 01:41:44,2023-01-20 22:41:44,90 km al N de Tocopilla,-21.289,-70.314,41.0,2.5,Ml
184197,2023-01-21 02:58:27,2023-01-20 23:58:27,75 km al S de Ilo,-18.311,-71.474,18.0,3.4,M
184200,2023-01-21 03:21:42,2023-01-21 00:21:42,87 km al SE de Socaire,-24.031,-67.185,172.0,3.8,Ml
184205,2023-01-21 04:05:30,2023-01-21 01:05:30,55 km al O de Arica,-18.288,-70.804,30.0,4.3,Mw
184210,2023-01-21 04:30:40,2023-01-21 01:30:40,35 km al S de Pisagua,-19.909,-70.275,30.0,2.5,Ml
184216,2023-01-21 05:11:19,2023-01-21 02:11:19,52 km al O de Punitaqui,-30.905,-71.793,67.0,3.1,Ml
184220,2023-01-21 06:04:21,2023-01-21 03:04:21,8 km al N de Punitaqui,-30.761,-71.256,52.0,2.5,Ml
184221,2023-01-21 06:09:38,2023-01-21 03:09:38,43 km al SE de Pica,-20.851,-69.179,112.0,2.9,Ml
184224,2023-01-21 06:21:24,2023-01-21 03:21:24,85 km al SE de Socaire,-24.198,-67.385,211.0,3.9,Ml
184227,2023-01-21 06:51:31,2023-01-21 03:51:31,30 km al NO de Ollagüe,-21.103,-68.517,148.0,3.8,Ml
184235,2023-01-21 08:16:26,2023-01-21 05:16:26,12 km al S de Temuco,-38.839,-72.552,57.0,3.7,Ml
184248,2023-01-21 11:50:19,2023-01-21 08:50:19,8 km al NO de Pica,-20.436,-69.38,51.0,2.7,M
184252,2023-01-21 12:44:24,2023-01-21 09:44:24,33 km al NE de Pica,-20.367,-69.044,104.0,3.1,Ml
184259,2023-01-21 14:37:54,2023-01-21 11:37:54,47 km al S de Ollagüe,-21.618,-68.407,121.0,4.1,Ml
184261,2023-01-21 14:47:30,2023-01-21 11:47:30,65 km al O de Chañaral.,-26.254,-71.261,36.0,3.0,Ml
184265,2023-01-21 15:24:19,2023-01-21 12:24:19,51 km al O de Chañaral.,-26.373,-71.132,27.0,2.9,Ml
184266,2023-01-21 15:25:14,2023-01-21 12:25:14,26 km al N de Iquique,-19.98,-70.154,33.0,2.8,Ml
184270,2023-01-21 15:46:18,2023-01-21 12:46:18,50 km al SE de Socaire,-23.973,-67.633,219.0,2.8,Ml
184273,2023-01-21 16:12:12,2023-01-21 13:12:12,48 km al NO de El Tabo,-33.233,-72.112,37.0,2.9,Ml
184281,2023-01-21 16:48:14,2023-01-21 13:48:14,24 km al SE de Calama,-22.601,-68.748,114.0,2.8,Ml
184283,2023-01-21 17:12:06,2023-01-21 14:12:06,58 km al NO de Cuya,-18.905,-70.66,39.0,3.2,Ml
184287,2023-01-21 17:34:10,2023-01-21 14:34:10,29 km al SE de Curicó,-35.16,-70.998,119.0,2.6,Ml
184291,2023-01-21 17:53:39,2023-01-21 14:53:39,61 km al S de Socaire,-24.108,-67.701,235.0,3.7,Ml
184298,2023-01-21 18:42:28,2023-01-21 15:42:28,72 km al SO de Ollagüe,-21.746,-68.661,119.0,2.5,Ml
184300,2023-01-21 19:02:13,2023-01-21 16:02:13,53 km al NO de El Tabo,-33.241,-72.177,35.0,2.7,Ml
184303,2023-01-21 19:26:13,2023-01-21 16:26:13,30 km al E de Pica,-20.39,-69.067,102.0,2.5,Ml
184304,2023-01-21 19:39:07,2023-01-21 16:39:07,43 km al O de Punitaqui,-30.849,-71.703,35.0,3.5,Ml
184307,2023-01-21 20:23:56,2023-01-21 17:23:56,30 km al SO de Ollagüe,-21.47,-68.365,141.0,2.8,Ml
184313,2023-01-21 21:18:54,2023-01-21 18:18:54,42 km al O de La Serena,-29.794,-71.672,32.0,2.8,Ml
184319,2023-01-21 22:54:20,2023-01-21 19:54:20,19 km al E de Ollagüe,-21.252,-68.072,161.0,3.1,Ml
184324,2023-01-21 23:18:46,2023-01-21 20:18:46,113 km al SE de Ollagüe,-22.02,-67.574,224.0,2.7,Ml
184327,2023-01-21 23:49:58,2023-01-21 20:49:58,69 km al SE de Socaire,-24.099,-67.506,236.0,3.8,Ml
184332,2023-01-22 00:20:12,2023-01-21 21:20:12,35 km al SE de Putre,-18.411,-69.318,110.0,2.7,Ml
184345,2023-01-22 04:03:13,2023-01-22 01:03:13,32 km al E de Pica,-20.47,-69.026,111.0,2.5,Ml
184346,2023-01-22 04:12:27,2023-01-22 01:12:27,23 km al O de Canela Baja,-31.438,-71.699,37.0,2.7,Ml
184361,2023-01-22 06:27:03,2023-01-22 03:27:03,39 km al S de Mina Collahuasi,-21.155,-68.783,114.0,2.8,Ml
184366,2023-01-22 07:14:56,2023-01-22 04:14:56,31 km al SO de Ollagüe,-21.411,-68.476,134.0,2.6,Ml
184369,2023-01-22 07:25:47,2023-01-22 04:25:47,79 km al SO de Caldera,-27.728,-71.123,21.0,2.8,Ml
184372,2023-01-22 08:33:26,2023-01-22 05:33:26,45 km al N de Camiña,-18.912,-69.435,92.0,3.1,Ml
184375,2023-01-22 08:57:25,2023-01-22 05:57:25,91 km al O de Valparaíso,-32.974,-72.586,26.0,3.1,Ml
184379,2023-01-22 10:02:14,2023-01-22 07:02:14,89 km al E de San Pedro de Atacama,-22.841,-67.336,265.0,3.2,Ml
184380,2023-01-22 10:14:53,2023-01-22 07:14:53,49 km al O de Punitaqui,-30.7,-71.743,31.0,2.6,Ml
184383,2023-01-22 10:33:44,2023-01-22 07:33:44,42 km al SO de Mina Collahuasi,-21.076,-68.959,117.0,3.4,Ml
184386,2023-01-22 11:20:58,2023-01-22 08:20:58,13 km al SE de Socaire,-23.697,-67.838,290.0,2.6,Ml
184393,2023-01-22 15:08:47,2023-01-22 12:08:47,64 km al N de Huasco,-27.91,-71.044,50.0,2.7,Ml
184395,2023-01-22 15:54:03,2023-01-22 12:54:03,46 km al SO de Mina Collahuasi,-21.132,-68.955,110.0,2.5,Ml
184399,2023-01-22 16:30:57,2023-01-22 13:30:57,104 km al O de Navidad,-33.744,-72.926,32.0,3.3,Ml
184411,2023-01-22 17:44:58,2023-01-22 14:44:58,31 km al O de Putre,-18.245,-69.847,120.0,3.2,Ml
184430,2023-01-22 20:50:58,2023-01-22 17:50:58,55 km al SE de Socaire,-23.869,-67.445,250.0,2.8,Ml
184431,2023-01-22 21:10:27,2023-01-22 18:10:27,40 km al SO de Putre,-18.429,-69.843,83.0,2.7,Ml
184434,2023-01-22 22:37:16,2023-01-22 19:37:16,68 km al SE de Socaire,-23.973,-67.371,251.0,3.3,Ml
184437,2023-01-22 23:04:21,2023-01-22 20:04:21,61 km al E de La Higuera,-29.362,-70.599,86.0,2.8,Ml
184443,2023-01-22 23:43:07,2023-01-22 20:43:07,19 km al E de Calama,-22.44,-68.746,134.0,2.7,Ml
184455,2023-01-23 02:46:25,2023-01-22 23:46:25,46 km al SE de Socaire,-23.927,-67.633,235.0,3.3,Ml
184460,2023-01-23 03:45:59,2023-01-23 00:45:59,16 km al S de Punitaqui,-30.972,-71.279,64.0,2.8,Ml
184461,2023-01-23 04:24:28,2023-01-23 01:24:28,28 km al O de Mina Collahuasi,-20.746,-68.911,106.0,2.6,Ml
184464,2023-01-23 04:41:45,2023-01-23 01:41:45,111 km al SE de Socaire,-24.305,-67.133,189.0,2.9,Ml
184486,2023-01-23 09:18:17,2023-01-23 06:18:17,35 km al N de Calama,-22.158,-68.966,106.0,2.6,Ml
184494,2023-01-23 10:40:00,2023-01-23 07:40:00,39 km al SO de Mina Collahuasi,-21.049,-68.95,109.0,2.9,Ml
184498,2023-01-23 11:13:35,2023-01-23 08:13:35,33 km al O de Punitaqui,-30.82,-71.6,31.0,2.5,Ml
184502,2023-01-23 13:07:01,2023-01-23 10:07:01,47 km al O de Punitaqui,-30.658,-71.707,28.0,2.6,Ml
184507,2023-01-23 13:54:03,2023-01-23 10:54:03,76 km al SE de Socaire,-24.128,-67.431,211.0,2.7,Ml
184509,2023-01-23 13:57:36,2023-01-23 10:57:36,45 km al SO de Tongoy,-30.63,-71.683,33.0,2.5,Ml
184512,2023-01-23 14:19:30,2023-01-23 11:19:30,66 km al SO de Mina La Escondida.,-24.613,-69.588,66.0,3.1,Ml
184517,2023-01-23 15:10:03,2023-01-23 12:10:03,46 km al O de Punitaqui,-30.671,-71.705,38.0,2.8,Ml
184521,2023-01-23 15:39:43,2023-01-23 12:39:43,53 km al S de Camiña,-19.782,-69.357,89.0,2.5,Ml
184524,2023-01-23 16:00:26,2023-01-23 13:00:26,19 km al NO de Punitaqui,-30.729,-71.422,48.0,3.3,Ml
184525,2023-01-23 16:12:43,2023-01-23 13:12:43,49 km al O de Punitaqui,-30.666,-71.738,34.0,2.5,Ml
184542,2023-01-23 18:07:30,2023-01-23 15:07:30,16 km al NO de Ovalle,-30.517,-71.333,65.0,3.0,Ml
184546,2023-01-23 18:49:57,2023-01-23 15:49:57,17 km al NE de Pica,-20.421,-69.184,103.0,2.7,Ml
184561,2023-01-23 21:20:56,2023-01-23 18:20:56,52 km al O de Chañaral.,-26.375,-71.143,28.0,2.7,Ml
184565,2023-01-23 22:35:22,2023-01-23 19:35:22,45 km al SO de Tongoy,-30.616,-71.708,40.0,4.3,Mw
184567,2023-01-23 22:47:25,2023-01-23 19:47:25,43 km al SO de Ollagüe,-21.568,-68.441,120.0,3.0,Ml
184577,2023-01-24 01:27:16,2023-01-23 22:27:16,66 km al E de Socaire,-23.812,-67.294,268.0,3.1,Ml
184580,2023-01-24 02:05:29,2023-01-23 23:05:29,18 km al SO de Mina Collahuasi,-20.921,-68.793,113.0,2.9,Ml
184582,2023-01-24 02:13:40,2023-01-23 23:13:40,70 km al SO de Ollagüe,-21.765,-68.592,130.0,3.2,Ml
184586,2023-01-24 02:32:39,2023-01-23 23:32:39,46 km al SO de Mina Collahuasi,-21.099,-68.997,116.0,3.0,Ml
184589,2023-01-24 03:17:40,2023-01-24 00:17:40,80 km al N de Mina La Escondida.,-23.561,-68.896,96.0,2.6,Ml
184591,2023-01-24 03:40:46,2023-01-24 00:40:46,10 km al SO de Ovalle,-30.642,-71.297,55.0,3.2,Ml
184601,2023-01-24 06:00:59,2023-01-24 03:00:59,71 km al SE de Socaire,-24.184,-67.632,227.0,3.3,Ml
184621,2023-01-24 11:23:09,2023-01-24 08:23:09,23 km al SO de Ollagüe,-21.339,-68.437,121.0,4.6,Mw
184623,2023-01-24 12:21:11,2023-01-24 09:21:11,134 km al O de Constitución,-34.962,-73.815,35.0,3.0,Ml
184628,2023-01-24 12:34:12,2023-01-24 09:34:12,42 km al N de Pica,-20.135,-69.191,100.0,2.9,Ml
184633,2023-01-24 14:26:26,2023-01-24 11:26:26,37 km al O de San Pedro de Atacama,-22.925,-68.557,123.0,3.1,Ml
184634,2023-01-24 14:28:32,2023-01-24 11:28:32,38 km al SO de Punitaqui,-31.066,-71.543,65.0,4.1,Ml
184639,2023-01-24 14:53:32,2023-01-24 11:53:32,42 km al SO de Mina Collahuasi,-21.105,-68.938,110.0,2.7,Ml
184641,2023-01-24 14:58:37,2023-01-24 11:58:37,49 km al S de Ollagüe,-21.649,-68.391,133.0,3.1,Ml
184646,2023-01-24 16:57:45,2023-01-24 13:57:45,14 km al SE de Calama,-22.571,-68.851,120.0,2.6,Ml
184661,2023-01-24 18:37:01,2023-01-24 15:37:01,150 km al NE de Santiago del Estero,-26.764,-63.269,572.0,6.4,Mww
184665,2023-01-24 18:54:24,2023-01-24 15:54:24,49 km al E de El Salvador,-26.23,-69.131,113.0,3.3,Ml
184666,2023-01-24 19:08:30,2023-01-24 16:08:30,47 km al SO de Ollagüe,-21.609,-68.439,120.0,4.5,Mw
184668,2023-01-24 19:17:57,2023-01-24 16:17:57,32 km al E de Pica,-20.428,-69.027,109.0,3.4,Ml
184677,2023-01-24 20:36:26,2023-01-24 17:36:26,78 km al SE de Socaire,-24.195,-67.496,221.0,3.6,Ml
184681,2023-01-24 21:25:12,2023-01-24 18:25:12,65 km al N de Pica,-19.912,-69.281,90.0,2.9,Ml
184689,2023-01-25 00:05:19,2023-01-24 21:05:19,118 km al O de Tongoy,-30.103,-72.705,15.0,3.8,Ml
184692,2023-01-25 01:47:40,2023-01-24 22:47:40,43 km al SO de Los Vilos,-32.233,-71.772,29.0,2.6,Ml
184696,2023-01-25 02:34:32,2023-01-24 23:34:32,70 km al SE de Socaire,-23.908,-67.291,259.0,3.5,Ml
184707,2023-01-25 04:48:07,2023-01-25 01:48:07,65 km al O de Chañaral.,-26.4,-71.272,27.0,3.8,Ml
184714,2023-01-25 05:33:28,2023-01-25 02:33:28,80 km al O de Los Vilos,-31.698,-72.318,25.0,2.6,Ml
184720,2023-01-25 06:45:27,2023-01-25 03:45:27,39 km al E de Farellones,-33.484,-69.919,4.0,2.6,Ml
184723,2023-01-25 07:35:58,2023-01-25 04:35:58,75 km al SO de Ollagüe,-21.829,-68.582,124.0,3.2,Ml
184740,2023-01-25 11:12:22,2023-01-25 08:12:22,15 km al NE de San José de Maipo,-33.553,-70.224,116.0,2.6,Ml
184748,2023-01-25 13:15:51,2023-01-25 10:15:51,46 km al SE de Putre,-18.422,-69.189,121.0,2.9,Ml
184757,2023-01-25 14:19:32,2023-01-25 11:19:32,48 km al S de Ollagüe,-21.631,-68.404,137.0,3.2,Ml
184763,2023-01-25 15:13:20,2023-01-25 12:13:20,64 km al SO de Ollagüe,-21.702,-68.599,119.0,2.9,Ml
184797,2023-01-25 23:40:06,2023-01-25 20:40:06,154 km al O de Toltén,-39.314,-74.951,8.0,3.3,Ml
184805,2023-01-26 01:17:03,2023-01-25 22:17:03,67 km al NO de Visviri,-17.191,-69.956,209.0,3.7,Ml
184813,2023-01-26 03:23:45,2023-01-26 00:23:45,80 km al S de Socaire,-24.297,-68.033,236.0,2.8,Ml
184819,2023-01-26 03:49:18,2023-01-26 00:49:18,60 km al NE de San Pedro de Atacama,-22.673,-67.679,186.0,3.4,Ml
184828,2023-01-26 05:32:04,2023-01-26 02:32:04,21 km al NE de Pica,-20.322,-69.235,87.0,2.9,Ml
184843,2023-01-26 08:46:15,2023-01-26 05:46:15,28 km al NO de Los Vilos,-31.733,-71.72,17.0,3.2,Ml
184851,2023-01-26 10:53:44,2023-01-26 07:53:44,48 km al NO de Mina Collahuasi,-20.437,-68.861,101.0,2.5,Ml
184855,2023-01-26 11:52:32,2023-01-26 08:52:32,94 km al NE de Paihuano,-29.439,-69.824,132.0,3.4,Ml
184858,2023-01-26 13:01:10,2023-01-26 10:01:10,31 km al S de Camiña,-19.582,-69.513,76.0,3.0,Ml
184860,2023-01-26 13:33:49,2023-01-26 10:33:49,46 km al SO de Pica,-20.834,-69.572,93.0,3.0,Ml
184862,2023-01-26 13:38:46,2023-01-26 10:38:46,36 km al S de Los Vilos,-32.221,-71.627,36.0,3.2,Ml
184870,2023-01-26 14:54:12,2023-01-26 11:54:12,44 km al SO de Mina Collahuasi,-21.087,-68.979,109.0,3.0,Ml
184876,2023-01-26 15:23:40,2023-01-26 12:23:40,31 km al O de San Pedro de Atacama,-22.958,-68.499,164.0,3.0,Ml
184893,2023-01-26 17:52:40,2023-01-26 14:52:40,18 km al SE de Rancagua,-34.27,-70.584,104.0,2.5,Ml
184909,2023-01-26 20:18:04,2023-01-26 17:18:04,61 km al SO de Ollagüe,-21.682,-68.575,135.0,2.9,Ml
184911,2023-01-26 20:33:49,2023-01-26 17:33:49,49 km al SO de Mina Collahuasi,-21.174,-68.941,109.0,2.9,Ml
184914,2023-01-26 20:44:52,2023-01-26 17:44:52,15 km al O de Santiago,-33.39,-70.803,79.0,2.8,Ml
184924,2023-01-26 21:32:46,2023-01-26 18:32:46,84 km al SO de San Pedro de Atacama,-23.472,-68.765,111.0,2.8,Ml
184933,2023-01-27 00:38:46,2023-01-26 21:38:46,14 km al E de Pichilemu,-34.39,-71.859,41.0,2.5,Ml
184935,2023-01-27 00:39:21,2023-01-26 21:39:21,93 km al SE de Socaire,-24.264,-67.345,196.0,3.2,Ml
184945,2023-01-27 04:35:49,2023-01-27 01:35:49,35 km al NE de Alto del Carmen,-28.478,-70.322,94.0,2.9,Ml
184950,2023-01-27 05:28:09,2023-01-27 02:28:09,15 km al NO de Punitaqui,-30.714,-71.347,35.0,2.8,Ml
184951,2023-01-27 05:34:35,2023-01-27 02:34:35,12 km al S de Sierra Gorda.,-23.012,-69.326,82.0,3.7,Ml
184958,2023-01-27 07:08:28,2023-01-27 04:08:28,55 km al O de Ollagüe,-21.344,-68.764,115.0,2.8,Ml
184968,2023-01-27 09:14:45,2023-01-27 06:14:45,68 km al NE de Calama,-21.942,-68.593,118.0,3.0,Ml
184972,2023-01-27 09:30:30,2023-01-27 06:30:30,76 km al N de Mina La Escondida.,-23.589,-68.993,114.0,2.8,Ml
184974,2023-01-27 09:56:33,2023-01-27 06:56:33,78 km al O de Cuya,-19.049,-70.915,33.0,2.8,Ml
184975,2023-01-27 09:59:07,2023-01-27 06:59:07,55 km al O de Punitaqui,-30.801,-71.836,34.0,2.9,Ml
184978,2023-01-27 10:02:42,2023-01-27 07:02:42,107 km al NE de Socaire,-23.03,-67.043,273.0,3.5,Ml
184979,2023-01-27 10:23:25,2023-01-27 07:23:25,38 km al N de Socaire,-23.258,-67.995,139.0,3.5,Ml
184984,2023-01-27 10:56:36,2023-01-27 07:56:36,49 km al SE de Camiña,-19.669,-69.151,113.0,4.4,Ml
184986,2023-01-27 12:01:12,2023-01-27 09:01:12,51 km al NE de Calama,-22.122,-68.602,137.0,3.6,Ml
184989,2023-01-27 12:11:39,2023-01-27 09:11:39,45 km al SO de Los Vilos,-32.262,-71.758,31.0,2.9,Ml
185001,2023-01-27 15:40:01,2023-01-27 12:40:01,40 km al S de Los Vilos,-32.266,-71.608,35.0,2.8,Ml
185004,2023-01-27 15:47:36,2023-01-27 12:47:36,19 km al O de La Serena,-29.877,-71.444,52.0,2.6,Ml
185005,2023-01-27 15:51:00,2023-01-27 12:51:00,45 km al O de Punitaqui,-30.673,-71.69,33.0,2.8,Ml
185045,2023-01-27 22:10:47,2023-01-27 19:10:47,34 km al SO de Ollagüe,-21.463,-68.455,132.0,3.6,Ml
185057,2023-01-28 03:42:31,2023-01-28 00:42:31,33 km al NE de Calama,-22.251,-68.72,115.0,2.6,Ml
185065,2023-01-28 05:00:42,2023-01-28 02:00:42,45 km al SO de Mina Collahuasi,-21.16,-68.904,112.0,2.9,Ml
185092,2023-01-28 10:10:19,2023-01-28 07:10:19,43 km al SO de Mina Collahuasi,-21.118,-68.937,110.0,2.6,Ml
185094,2023-01-28 10:50:31,2023-01-28 07:50:31,26 km al E de Sierra Gorda.,-22.881,-69.059,114.0,3.3,Ml
185097,2023-01-28 11:01:02,2023-01-28 08:01:02,52 km al SO de Mina Collahuasi,-21.253,-68.855,117.0,3.2,Ml
185112,2023-01-28 15:31:15,2023-01-28 12:31:15,11 km al NO de Andacollo,-30.155,-71.157,80.0,3.9,Ml
185114,2023-01-28 15:37:48,2023-01-28 12:37:48,79 km al NE de Socaire,-23.059,-67.376,269.0,3.1,Ml
185128,2023-01-28 18:49:55,2023-01-28 15:49:55,27 km al O de La Serena,-29.82,-71.52,39.0,3.0,Ml
185132,2023-01-28 19:44:31,2023-01-28 16:44:31,43 km al NE de Camiña,-19.028,-69.146,115.0,2.9,Ml
185149,2023-01-29 00:23:19,2023-01-28 21:23:19,24 km al O de Mina Collahuasi,-20.843,-68.883,100.0,2.5,Ml
185153,2023-01-29 00:39:57,2023-01-28 21:39:57,60 km al NE de Pozo Almonte,-19.919,-69.334,87.0,2.6,Ml
185154,2023-01-29 00:45:22,2023-01-28 21:45:22,9 km al NE de Alto del Carmen,-28.716,-70.413,106.0,2.9,Ml
185160,2023-01-29 02:05:32,2023-01-28 23:05:32,40 km al O de Pichilemu,-34.33,-72.437,24.0,2.9,Ml
185163,2023-01-29 02:14:20,2023-01-28 23:14:20,76 km al NE de Pica,-19.958,-68.867,118.0,2.6,Ml
185165,2023-01-29 02:48:34,2023-01-28 23:48:34,66 km al NO de Taltal,-24.903,-70.822,40.0,2.6,Ml
185171,2023-01-29 03:52:51,2023-01-29 00:52:51,27 km al O de Mina Collahuasi,-20.884,-68.909,105.0,3.0,Ml
185174,2023-01-29 04:36:47,2023-01-29 01:36:47,45 km al O de Mina Collahuasi,-20.92,-69.082,109.0,2.5,Ml
185196,2023-01-29 08:36:07,2023-01-29 05:36:07,42 km al NE de Calama,-22.135,-68.74,105.0,3.2,Ml
185201,2023-01-29 09:26:09,2023-01-29 06:26:09,73 km al N de Calama,-21.828,-68.788,132.0,2.7,Ml
185202,2023-01-29 09:46:42,2023-01-29 06:46:42,50 km al S de Huasco,-28.9,-71.341,48.0,3.7,Ml
185215,2023-01-29 11:21:41,2023-01-29 08:21:41,49 km al S de Huasco,-28.892,-71.359,42.0,4.1,Ml
185218,2023-01-29 12:18:53,2023-01-29 09:18:53,111 km al O de Tongoy,-30.133,-72.645,22.0,2.8,Ml
185221,2023-01-29 12:23:25,2023-01-29 09:23:25,105 km al O de Tongoy,-30.158,-72.586,33.0,3.1,Ml
185225,2023-01-29 12:41:47,2023-01-29 09:41:47,41 km al SO de Mina Collahuasi,-21.108,-68.919,110.0,3.1,Ml
185226,2023-01-29 12:52:09,2023-01-29 09:52:09,110 km al O de Tongoy,-30.127,-72.633,22.0,2.6,Ml
185229,2023-01-29 13:14:23,2023-01-29 10:14:23,68 km al E de Socaire,-23.814,-67.267,215.0,3.6,Ml
185231,2023-01-29 13:52:27,2023-01-29 10:52:27,29 km al NE de Pisagua,-19.451,-69.988,40.0,2.9,Ml
185233,2023-01-29 14:41:56,2023-01-29 11:41:56,101 km al SE de Socaire,-24.067,-67.046,188.0,2.9,Ml
185240,2023-01-29 16:21:53,2023-01-29 13:21:53,40 km al O de Punitaqui,-30.688,-71.641,28.0,2.8,Ml
185262,2023-01-29 21:49:09,2023-01-29 18:49:09,110 km al SE de Ollagüe,-21.983,-67.574,212.0,4.1,Ml
185266,2023-01-29 23:24:31,2023-01-29 20:24:31,26 km al NE de Putre,-18.008,-69.411,154.0,3.1,Ml
185273,2023-01-30 00:16:22,2023-01-29 21:16:22,60 km al SO de Ollagüe,-21.648,-68.612,123.0,2.7,Ml
185277,2023-01-30 00:31:16,2023-01-29 21:31:16,55 km al SO de Mina Collahuasi,-21.259,-68.916,113.0,4.3,Mw
185280,2023-01-30 01:19:53,2023-01-29 22:19:53,39 km al NO de Panguipulli,-39.451,-72.704,15.0,2.6,Ml
185283,2023-01-30 02:08:19,2023-01-29 23:08:19,56 km al NE de Los Andes.,-32.417,-70.262,105.0,2.5,Ml
185284,2023-01-30 02:52:12,2023-01-29 23:52:12,37 km al S de Calama,-22.8,-68.872,102.0,2.6,Ml
185291,2023-01-30 03:55:19,2023-01-30 00:55:19,53 km al SE de Socaire,-23.917,-67.513,233.0,2.5,Ml
185293,2023-01-30 04:23:30,2023-01-30 01:23:30,5 km al NO de Quillota,-32.853,-71.29,51.0,2.8,Ml
185301,2023-01-30 06:25:29,2023-01-30 03:25:29,67 km al SO de Ollagüe,-21.702,-68.651,118.0,4.0,Ml
185303,2023-01-30 06:36:28,2023-01-30 03:36:28,75 km al E de Paihuano,-30.232,-69.771,120.0,2.6,Ml
185306,2023-01-30 07:37:16,2023-01-30 04:37:16,24 km al NE de Calama,-22.341,-68.743,102.0,2.7,Ml
185308,2023-01-30 08:24:32,2023-01-30 05:24:32,12 km al S de Los Vilos,-32.014,-71.484,40.0,3.3,Ml
185314,2023-01-30 11:21:37,2023-01-30 08:21:37,59 km al SE de Socaire,-24.081,-67.676,230.0,3.0,Ml
185315,2023-01-30 11:27:27,2023-01-30 08:27:27,65 km al SO de Los Vilos,-32.369,-71.938,54.0,2.5,Ml
185317,2023-01-30 12:33:10,2023-01-30 09:33:10,106 km al S de Alto Hospicio,-21.167,-70.447,56.0,2.6,Ml
185318,2023-01-30 12:33:47,2023-01-30 09:33:47,51 km al SO de Valdivia,-40.115,-73.693,9.0,2.8,Ml
185321,2023-01-30 13:08:49,2023-01-30 10:08:49,41 km al NE de Putre,-17.96,-69.267,138.0,2.9,Ml
185322,2023-01-30 13:29:54,2023-01-30 10:29:54,36 km al O de Mina Collahuasi,-20.923,-68.987,107.0,2.5,Ml
185324,2023-01-30 13:34:39,2023-01-30 10:34:39,40 km al S de Camiña,-19.667,-69.375,91.0,2.9,Ml
185326,2023-01-30 14:26:05,2023-01-30 11:26:05,36 km al NO de Valparaíso,-32.789,-71.848,26.0,2.7,Ml
185331,2023-01-30 15:50:17,2023-01-30 12:50:17,117 km al E de Socaire,-23.884,-66.786,203.0,2.8,Ml
185339,2023-01-30 17:36:34,2023-01-30 14:36:34,50 km al O de Visviri,-17.638,-69.953,126.0,2.9,Ml
185345,2023-01-30 20:22:14,2023-01-30 17:22:14,35 km al S de Camiña,-19.629,-69.388,96.0,2.6,Ml
185347,2023-01-30 20:25:44,2023-01-30 17:25:44,40 km al E de Camiña,-19.404,-69.06,112.0,2.8,Ml
185348,2023-01-30 20:29:52,2023-01-30 17:29:52,42 km al SO de Huasco,-28.814,-71.391,17.0,2.5,Ml
185351,2023-01-30 20:48:11,2023-01-30 17:48:11,26 km al SE de Cobquecura,-36.347,-72.685,52.0,3.9,Ml
185365,2023-01-30 22:38:17,2023-01-30 19:38:17,68 km al NE de Calama,-21.971,-68.554,108.0,2.7,Ml
185372,2023-01-30 23:56:15,2023-01-30 20:56:15,55 km al NO de Calama,-22.027,-69.164,100.0,3.4,Ml
185375,2023-01-31 01:46:54,2023-01-30 22:46:54,10 km al O de Ovalle,-30.64,-71.304,58.0,3.1,Ml
185376,2023-01-31 02:08:02,2023-01-30 23:08:02,24 km al N de Camiña,-19.102,-69.48,97.0,3.2,Ml
185380,2023-01-31 02:26:31,2023-01-30 23:26:31,84 km al NE de Socaire,-23.118,-67.244,251.0,3.3,Ml
185397,2023-01-31 04:45:39,2023-01-31 01:45:39,22 km al SO de Taltal,-25.581,-70.583,62.0,3.0,Ml
185402,2023-01-31 05:04:47,2023-01-31 02:04:47,35 km al NE de El Salvador,-26.046,-69.342,122.0,3.1,Ml
185407,2023-01-31 05:53:51,2023-01-31 02:53:51,46 km al NE de Cuya,-18.822,-69.932,59.0,2.9,Ml
185413,2023-01-31 06:58:28,2023-01-31 03:58:28,45 km al SE de Socaire,-23.959,-67.709,241.0,2.6,Ml
185421,2023-01-31 10:19:29,2023-01-31 07:19:29,24 km al SO de La Serena,-30.005,-71.471,42.0,3.0,Ml
185430,2023-01-31 13:22:48,2023-01-31 10:22:48,76 km al N de Mina La Escondida.,-23.598,-68.897,115.0,2.6,Ml
185429,2023-01-31 13:23:10,2023-01-31 10:23:10,53 km al SO de Mina Collahuasi,-21.19,-68.982,123.0,3.5,Ml
185432,2023-01-31 13:31:59,2023-01-31 10:31:59,33 km al S de Mina Collahuasi,-21.118,-68.61,127.0,2.9,Ml
185433,2023-01-31 13:46:05,2023-01-31 10:46:05,54 km al SO de Los Vilos,-32.274,-71.892,43.0,3.2,Ml
185438,2023-01-31 14:51:32,2023-01-31 11:51:32,22 km al SO de Mina La Escondida.,-24.395,-69.224,93.0,3.0,Ml
185446,2023-01-31 16:07:12,2023-01-31 13:07:12,29 km al N de Camiña,-19.054,-69.427,115.0,4.7,Mw
185468,2023-01-31 19:45:12,2023-01-31 16:45:12,44 km al S de Colchane.,-19.647,-68.503,152.0,4.3,Ml
185476,2023-01-31 21:51:21,2023-01-31 18:51:21,41 km al NE de Cuya,-18.91,-69.889,101.0,4.1,Ml
185480,2023-01-31 23:04:07,2023-01-31 20:04:07,24 km al SE de Curicó,-35.185,-71.155,103.0,3.2,Ml
185484,2023-02-01 00:50:42,2023-01-31 21:50:42,34 km al NO de Mina La Escondida.,-24.075,-69.318,87.0,3.0,Ml
185485,2023-02-01 00:55:18,2023-01-31 21:55:18,20 km al O de Putre,-18.255,-69.742,133.0,2.8,Ml
185486,2023-02-01 01:20:57,2023-01-31 22:20:57,90 km al E de Tierra Amarilla,-27.579,-69.355,109.0,2.5,Ml
185487,2023-02-01 01:42:09,2023-01-31 22:42:09,44 km al SE de Socaire,-23.827,-67.546,245.0,2.7,Ml
185489,2023-02-01 02:05:29,2023-01-31 23:05:29,40 km al SO de Huasco,-28.747,-71.481,28.0,3.3,Ml
185494,2023-02-01 02:48:01,2023-01-31 23:48:01,38 km al N de La Higuera,-29.184,-71.317,64.0,2.5,Ml
185495,2023-02-01 03:05:53,2023-02-01 00:05:53,99 km al SE de Socaire,-24.241,-67.226,170.0,3.3,Ml
185500,2023-02-01 03:56:51,2023-02-01 00:56:51,102 km al E de Socaire,-23.945,-66.963,195.0,3.4,Ml
185505,2023-02-01 05:02:27,2023-02-01 02:02:27,129 km al O de Bahía Mansa,-40.208,-75.177,18.0,2.8,Ml
185507,2023-02-01 05:10:04,2023-02-01 02:10:04,47 km al O de Lebu,-37.483,-74.169,31.0,3.2,Ml
185514,2023-02-01 07:29:08,2023-02-01 04:29:08,48 km al S de Pica,-20.892,-69.174,108.0,2.9,Ml
185523,2023-02-01 09:16:37,2023-02-01 06:16:37,117 km al NO de Constitución,-34.688,-73.433,32.0,2.5,Ml
185530,2023-02-01 11:11:51,2023-02-01 08:11:51,63 km al SO de Tongoy,-30.601,-72.011,20.0,3.2,Ml
185532,2023-02-01 11:30:08,2023-02-01 08:30:08,8 km al O de Ovalle,-30.617,-71.283,54.0,2.8,Ml
185534,2023-02-01 11:55:08,2023-02-01 08:55:08,71 km al SO de Ollagüe,-21.816,-68.515,135.0,3.0,Ml
185540,2023-02-01 14:23:55,2023-02-01 11:23:55,8 km al N de La Serena,-29.83,-71.263,64.0,2.5,Ml
185541,2023-02-01 15:24:58,2023-02-01 12:24:58,37 km al NO de Concepción,-36.608,-73.369,25.0,2.6,Ml
185542,2023-02-01 15:25:49,2023-02-01 12:25:49,17 km al E de Calama,-22.532,-68.777,139.0,2.5,Ml
185548,2023-02-01 15:50:00,2023-02-01 12:50:00,47 km al S de Mina Collahuasi,-21.234,-68.773,115.0,2.6,Ml
185550,2023-02-01 16:26:24,2023-02-01 13:26:24,48 km al SO de Ollagüe,-21.612,-68.448,114.0,2.5,Ml
185553,2023-02-01 17:29:24,2023-02-01 14:29:24,70 km al O de Tongoy,-30.31,-72.219,32.0,2.8,Ml
185564,2023-02-01 19:25:36,2023-02-01 16:25:36,82 km al SE de Socaire,-23.968,-67.204,220.0,3.6,Ml
185567,2023-02-01 20:14:35,2023-02-01 17:14:35,42 km al SO de Ollagüe,-21.535,-68.493,128.0,3.8,Ml
185569,2023-02-01 21:04:02,2023-02-01 18:04:02,34 km al O de Visviri,-17.656,-69.797,146.0,3.0,Ml
185572,2023-02-01 22:16:56,2023-02-01 19:16:56,36 km al N de Pica,-20.176,-69.261,109.0,3.2,Ml
185577,2023-02-01 23:11:00,2023-02-01 20:11:00,60 km al S de Socaire,-24.127,-67.908,249.0,3.6,Ml
185580,2023-02-01 23:34:00,2023-02-01 20:34:00,65 km al E de Quillagua,-21.826,-68.935,102.0,3.0,Ml
185583,2023-02-01 23:50:22,2023-02-01 20:50:22,34 km al O de Ollagüe,-21.278,-68.575,112.0,2.5,Ml
185593,2023-02-02 03:29:51,2023-02-02 00:29:51,49 km al NO de Quillagua,-21.336,-69.85,49.0,3.0,Ml
185595,2023-02-02 03:38:08,2023-02-02 00:38:08,40 km al N de Baquedano,-22.999,-69.975,51.0,3.8,Ml
185601,2023-02-02 04:44:15,2023-02-02 01:44:15,27 km al SO de Pisagua,-19.797,-70.363,13.0,2.9,Ml
185604,2023-02-02 04:58:15,2023-02-02 01:58:15,12 km al SE de Termas del Flaco,-35.037,-70.351,156.0,3.1,Ml
185610,2023-02-02 06:01:16,2023-02-02 03:01:16,50 km al SO de Mina Collahuasi,-21.14,-69.0,96.0,2.5,Ml
185616,2023-02-02 06:52:01,2023-02-02 03:52:01,26 km al S de Mina Collahuasi,-21.059,-68.669,114.0,3.1,Ml
185620,2023-02-02 07:19:16,2023-02-02 04:19:16,23 km al NO de La Higuera,-29.369,-71.376,59.0,3.0,Ml
185621,2023-02-02 07:23:46,2023-02-02 04:23:46,21 km al O de San Fabián,-36.592,-71.781,92.0,2.8,Ml
185623,2023-02-02 07:32:16,2023-02-02 04:32:16,66 km al E de Socaire,-23.502,-67.245,244.0,3.8,Ml
185625,2023-02-02 07:59:59,2023-02-02 04:59:59,72 km al NE de Calama,-21.908,-68.58,127.0,3.2,Ml
185629,2023-02-02 08:27:08,2023-02-02 05:27:08,38 km al SO de Los Vilos,-32.085,-71.859,24.0,2.8,Ml
185631,2023-02-02 08:29:40,2023-02-02 05:29:40,36 km al SO de Los Vilos,-32.103,-71.815,33.0,3.7,Ml
185637,2023-02-02 09:08:24,2023-02-02 06:08:24,80 km al E de Socaire,-23.637,-67.109,227.0,3.8,Ml
185642,2023-02-02 09:40:42,2023-02-02 06:40:42,37 km al SO de Los Vilos,-32.103,-71.838,34.0,2.5,Ml
185654,2023-02-02 11:08:33,2023-02-02 08:08:33,41 km al SO de Los Vilos,-32.104,-71.878,28.0,4.2,Ml
185648,2023-02-02 11:09:29,2023-02-02 08:09:29,38 km al SO de Los Vilos,-32.109,-71.842,22.0,4.6,Mw
185652,2023-02-02 11:23:57,2023-02-02 08:23:57,35 km al SO de Los Vilos,-32.087,-71.816,31.0,3.0,Ml
185659,2023-02-02 11:46:06,2023-02-02 08:46:06,66 km al S de Camiña,-19.872,-69.209,96.0,2.8,Ml
185660,2023-02-02 11:52:08,2023-02-02 08:52:08,27 km al NO de María Elena,-22.21,-69.875,54.0,3.2,Ml
185702,2023-02-02 21:45:21,2023-02-02 18:45:21,53 km al SO de Los Vilos,-32.152,-71.991,24.0,2.8,Ml
185718,2023-02-03 03:01:36,2023-02-03 00:01:36,22 km al NE de Calama,-22.317,-68.79,105.0,2.6,Ml
185727,2023-02-03 05:39:45,2023-02-03 02:39:45,17 km al SE de Sierra Gorda.,-23.032,-69.242,110.0,3.6,Ml
185732,2023-02-03 06:13:47,2023-02-03 03:13:47,44 km al SO de Ollagüe,-21.549,-68.495,130.0,2.9,Ml
185744,2023-02-03 09:49:31,2023-02-03 06:49:31,79 km al SE de Socaire,-24.218,-67.525,236.0,3.9,Ml
185745,2023-02-03 09:50:52,2023-02-03 06:50:52,58 km al NO de Camiña,-18.863,-69.711,92.0,4.6,Mw
185747,2023-02-03 09:58:41,2023-02-03 06:58:41,25 km al S de Pica,-20.713,-69.361,79.0,3.2,Ml
185750,2023-02-03 10:08:37,2023-02-03 07:08:37,69 km al S de Pozo Almonte,-20.867,-69.906,15.0,4.3,Ml
185756,2023-02-03 13:24:41,2023-02-03 10:24:41,18 km al O de Andacollo,-30.282,-71.257,50.0,3.1,Ml
185759,2023-02-03 13:53:40,2023-02-03 10:53:40,31 km al E de Panguipulli,-39.659,-71.963,114.0,3.5,Ml
185767,2023-02-03 15:02:11,2023-02-03 12:02:11,32 km al O de La Serena,-29.918,-71.579,32.0,2.8,Ml
185772,2023-02-03 15:45:28,2023-02-03 12:45:28,78 km al N de Huasco,-27.777,-71.357,17.0,2.6,Ml
185778,2023-02-03 16:20:12,2023-02-03 13:20:12,8 km al SO de Alto Hospicio,-20.313,-70.157,48.0,2.6,Ml
185779,2023-02-03 16:30:20,2023-02-03 13:30:20,70 km al O de Iquique,-20.04,-70.799,28.0,2.7,Ml
185783,2023-02-03 16:33:16,2023-02-03 13:33:16,71 km al O de Iquique,-20.043,-70.805,30.0,3.1,Ml
185796,2023-02-03 18:02:34,2023-02-03 15:02:34,61 km al N de Camiña,-18.784,-69.588,87.0,2.8,Ml
185804,2023-02-03 19:26:38,2023-02-03 16:26:38,41 km al O de La Ligua,-32.297,-71.626,40.0,3.3,Ml
185806,2023-02-03 19:40:21,2023-02-03 16:40:21,43 km al SO de Los Vilos,-32.256,-71.721,25.0,3.5,Ml
185817,2023-02-03 21:00:44,2023-02-03 18:00:44,3 km al N de Ovalle,-30.58,-71.21,20.0,4.2,Ml
185833,2023-02-04 01:03:18,2023-02-03 22:03:18,50 km al S de Socaire,-24.017,-67.752,223.0,3.5,Ml
185836,2023-02-04 01:12:50,2023-02-03 22:12:50,72 km al SE de Socaire,-24.166,-67.558,203.0,3.6,Ml
185843,2023-02-04 02:46:25,2023-02-03 23:46:25,41 km al NO de Tongoy,-29.925,-71.681,33.0,4.4,Mw
185846,2023-02-04 02:51:10,2023-02-03 23:51:10,37 km al O de La Serena,-29.924,-71.639,37.0,3.3,Ml
185853,2023-02-04 03:28:45,2023-02-04 00:28:45,27 km al N de Tongoy,-30.012,-71.514,39.0,2.5,Ml
185870,2023-02-04 07:20:50,2023-02-04 04:20:50,48 km al S de Camiña,-19.732,-69.313,90.0,3.9,Ml
185875,2023-02-04 09:29:01,2023-02-04 06:29:01,45 km al NO de San Pedro de Atacama,-22.585,-68.451,114.0,3.1,Ml
185882,2023-02-04 10:39:52,2023-02-04 07:39:52,32 km al O de La Serena,-29.948,-71.583,37.0,4.0,Ml
185888,2023-02-04 11:04:32,2023-02-04 08:04:32,58 km al SO de Ollagüe,-21.672,-68.542,133.0,3.0,Ml
185889,2023-02-04 11:20:36,2023-02-04 08:20:36,13 km al NO de La Ligua,-32.352,-71.309,64.0,2.8,Ml
185892,2023-02-04 11:52:18,2023-02-04 08:52:18,142 km al O de La Higuera,-29.442,-72.664,16.0,4.2,Ml
185896,2023-02-04 12:23:52,2023-02-04 09:23:52,68 km al SE de Sierra Gorda.,-23.426,-68.986,100.0,3.1,Ml
185897,2023-02-04 13:25:44,2023-02-04 10:25:44,46 km al NE de Calama,-22.11,-68.708,117.0,3.7,Ml
185916,2023-02-04 17:36:22,2023-02-04 14:36:22,25 km al NE de Casablanca,-33.113,-71.296,47.0,2.5,Ml
185918,2023-02-04 17:41:22,2023-02-04 14:41:22,16 km al SE de Mina La Escondida.,-24.355,-68.935,114.0,4.4,Mw
185936,2023-02-04 22:19:30,2023-02-04 19:19:30,19 km al SE de Tongoy,-30.413,-71.425,49.0,3.2,Ml
185938,2023-02-04 22:51:31,2023-02-04 19:51:31,31 km al E de Pica,-20.534,-69.037,89.0,3.5,Ml
185940,2023-02-04 22:56:20,2023-02-04 19:56:20,23 km al S de Mina La Escondida.,-24.468,-69.105,102.0,3.1,Ml
185942,2023-02-04 22:56:55,2023-02-04 19:56:55,32 km al SO de Canela Baja,-31.537,-71.758,24.0,2.5,Ml
185944,2023-02-04 23:12:57,2023-02-04 20:12:57,11 km al SO de Mina Los Pelambres,-31.882,-70.686,106.0,2.9,Ml
185946,2023-02-04 23:17:16,2023-02-04 20:17:16,14 km al SE de Pozo Almonte,-20.311,-69.668,68.0,2.5,Ml
185955,2023-02-05 01:02:45,2023-02-04 22:02:45,20 km al S de La Higuera,-29.688,-71.255,78.0,5.4,Mww
185974,2023-02-05 04:22:59,2023-02-05 01:22:59,36 km al E de Rancagua,-34.05,-70.37,12.0,2.6,Ml
185988,2023-02-05 07:08:46,2023-02-05 04:08:46,35 km al N de Valparaíso,-32.741,-71.681,36.0,4.0,Ml
185993,2023-02-05 08:09:59,2023-02-05 05:09:59,9 km al NO de Taltal,-25.344,-70.537,29.0,3.0,Ml
186003,2023-02-05 09:58:23,2023-02-05 06:58:23,49 km al N de Huasco,-28.048,-71.388,38.0,3.1,Ml
186004,2023-02-05 10:04:55,2023-02-05 07:04:55,38 km al SO de San Pedro de Atacama,-23.18,-68.435,118.0,3.4,Ml
186007,2023-02-05 10:31:33,2023-02-05 07:31:33,84 km al SE de Socaire,-24.248,-67.493,198.0,4.6,Ml
186008,2023-02-05 10:50:03,2023-02-05 07:50:03,54 km al SO de Mina Collahuasi,-21.213,-68.973,114.0,3.2,Ml
186011,2023-02-05 11:17:28,2023-02-05 08:17:28,16 km al SO de La Higuera,-29.64,-71.269,69.0,2.6,Ml
186012,2023-02-05 11:23:05,2023-02-05 08:23:05,10 km al NO de Futrono,-40.048,-72.436,4.0,2.8,Ml
186014,2023-02-05 11:25:03,2023-02-05 08:25:03,83 km al E de Tierra Amarilla,-27.608,-69.44,114.0,3.2,Ml
186016,2023-02-05 11:36:21,2023-02-05 08:36:21,13 km al SO de Santiago,-33.503,-70.769,90.0,3.2,Ml
186018,2023-02-05 11:49:15,2023-02-05 08:49:15,58 km al SO de Ollagüe,-21.584,-68.658,127.0,2.7,Ml
186033,2023-02-05 15:55:43,2023-02-05 12:55:43,48 km al SO de Mina Collahuasi,-21.226,-68.839,110.0,3.1,Ml
186057,2023-02-05 18:28:03,2023-02-05 15:28:03,90 km al NE de Socaire,-23.085,-67.207,269.0,3.4,Ml
186061,2023-02-05 20:04:38,2023-02-05 17:04:38,87 km al NE de Paihuano,-29.486,-69.874,122.0,2.7,Ml
186069,2023-02-05 20:57:12,2023-02-05 17:57:12,155 km al O de Tirúa,-38.254,-75.265,33.0,3.3,Ml
186073,2023-02-05 21:39:33,2023-02-05 18:39:33,39 km al NE de Calama,-22.162,-68.754,125.0,3.3,Ml
186078,2023-02-05 22:58:46,2023-02-05 19:58:46,13 km al N de Huasco,-28.349,-71.248,38.0,2.9,Ml
186081,2023-02-05 23:51:31,2023-02-05 20:51:31,72 km al NE de Calama,-21.889,-68.616,106.0,2.8,Ml
186085,2023-02-06 00:38:22,2023-02-05 21:38:22,30 km al O de Ollagüe,-21.188,-68.537,135.0,3.1,Ml
186088,2023-02-06 00:53:55,2023-02-05 21:53:55,55 km al NO de Chañaral.,-25.928,-70.915,40.0,2.8,Ml
186090,2023-02-06 01:36:29,2023-02-05 22:36:29,24 km al E de Camiña,-19.378,-69.209,104.0,2.8,Ml
186100,2023-02-06 03:07:18,2023-02-06 00:07:18,27 km al SO de Visviri,-17.729,-69.7,146.0,4.0,Ml
186110,2023-02-06 05:33:50,2023-02-06 02:33:50,54 km al E de Baquedano,-23.472,-69.339,86.0,2.5,Ml
186112,2023-02-06 05:55:14,2023-02-06 02:55:14,62 km al N de Pica,-19.958,-69.148,97.0,2.9,Ml
186116,2023-02-06 06:20:48,2023-02-06 03:20:48,30 km al O de El Tabo,-33.529,-71.977,45.0,2.6,Ml
186126,2023-02-06 07:48:35,2023-02-06 04:48:35,60 km al SO de Mina Collahuasi,-21.224,-69.05,93.0,4.3,Mw
186136,2023-02-06 09:24:55,2023-02-06 06:24:55,36 km al NE de Calama,-22.171,-68.792,119.0,3.0,Ml
186140,2023-02-06 10:28:55,2023-02-06 07:28:55,25 km al O de Navidad,-33.922,-72.095,45.0,2.7,Ml
186151,2023-02-06 12:30:50,2023-02-06 09:30:50,37 km al N de Camiña,-18.992,-69.334,109.0,2.5,Ml
186156,2023-02-06 14:16:00,2023-02-06 11:16:00,113 km al NE de Socaire,-22.972,-67.01,290.0,3.5,Ml
186159,2023-02-06 15:55:30,2023-02-06 12:55:30,19 km al N de Linares,-35.678,-71.54,91.0,2.7,Ml
186163,2023-02-06 17:26:15,2023-02-06 14:26:15,48 km al O de Punitaqui,-30.858,-71.761,34.0,3.0,Ml
186166,2023-02-06 18:13:23,2023-02-06 15:13:23,32 km al NE de Rancagua,-33.932,-70.527,98.0,3.8,Ml
186172,2023-02-06 18:45:42,2023-02-06 15:45:42,15 km al S de La Higuera,-29.643,-71.238,75.0,3.0,Ml
186175,2023-02-06 19:16:21,2023-02-06 16:16:21,121 km al O de Valdivia,-39.491,-74.6,18.0,2.9,Ml
186179,2023-02-06 20:13:06,2023-02-06 17:13:06,146 km al O de Lebu,-38.071,-75.214,39.0,3.1,Ml
186182,2023-02-06 20:52:23,2023-02-06 17:52:23,54 km al SE de Socaire,-23.99,-67.595,244.0,3.1,Ml
186188,2023-02-06 21:25:41,2023-02-06 18:25:41,51 km al SO de Mina Collahuasi,-21.24,-68.872,117.0,3.1,Ml
186191,2023-02-06 21:34:04,2023-02-06 18:34:04,79 km al SE de Socaire,-24.238,-67.562,209.0,4.3,Ml
186195,2023-02-07 00:01:23,2023-02-06 21:01:23,40 km al O de La Higuera,-29.584,-71.611,39.0,2.6,Ml
186200,2023-02-07 00:38:55,2023-02-06 21:38:55,71 km al SO de Tongoy,-30.576,-72.134,48.0,3.9,Ml
186207,2023-02-07 02:31:37,2023-02-06 23:31:37,74 km al SO de Ollagüe,-21.795,-68.613,94.0,2.6,Ml
186216,2023-02-07 05:07:06,2023-02-07 02:07:06,8 km al SE de Cuya,-19.215,-70.129,51.0,2.6,Ml
186220,2023-02-07 06:03:28,2023-02-07 03:03:28,53 km al O de La Ligua,-32.395,-71.789,20.0,2.8,Ml
186222,2023-02-07 07:10:30,2023-02-07 04:10:30,39 km al O de Mina Collahuasi,-20.735,-69.016,102.0,2.9,Ml
186226,2023-02-07 10:22:22,2023-02-07 07:22:22,40 km al SO de Ollagüe,-21.524,-68.466,132.0,3.8,Ml
186228,2023-02-07 10:54:46,2023-02-07 07:54:46,12 km al O de Mina La Escondida.,-24.269,-69.179,121.0,2.9,Ml
186235,2023-02-07 12:33:34,2023-02-07 09:33:34,44 km al SO de Mina Collahuasi,-21.196,-68.811,99.0,2.5,Ml
186237,2023-02-07 13:02:30,2023-02-07 10:02:30,30 km al E de Pica,-20.434,-69.046,98.0,2.7,Ml
186241,2023-02-07 14:02:09,2023-02-07 11:02:09,35 km al NE de Calama,-22.235,-68.705,107.0,3.0,Ml
186262,2023-02-07 18:06:10,2023-02-07 15:06:10,7 km al SE de Tierra Amarilla,-27.526,-70.209,101.0,3.0,Ml
186264,2023-02-07 18:12:39,2023-02-07 15:12:39,35 km al N de Calama,-22.169,-69.016,105.0,2.6,Ml
186279,2023-02-07 21:32:49,2023-02-07 18:32:49,22 km al O de Tocopilla,-22.076,-70.41,45.0,3.1,Ml
186283,2023-02-07 21:42:41,2023-02-07 18:42:41,6 km al E de Los Vilos,-31.92,-71.452,44.0,3.0,Ml
186288,2023-02-07 23:12:54,2023-02-07 20:12:54,94 km al SE de Socaire,-24.236,-67.294,222.0,4.7,Mw
186290,2023-02-08 00:16:50,2023-02-07 21:16:50,21 km al SO de Calama,-22.585,-69.096,99.0,2.7,Ml
186297,2023-02-08 01:47:49,2023-02-07 22:47:49,52 km al N de Calama,-22.008,-68.825,108.0,2.5,Ml
186301,2023-02-08 02:54:47,2023-02-07 23:54:47,53 km al NE de Los Andes.,-32.393,-70.395,116.0,2.9,Ml
186305,2023-02-08 02:58:39,2023-02-07 23:58:39,9 km al E de Tocopilla,-22.063,-70.122,68.0,2.5,Ml
186309,2023-02-08 03:23:46,2023-02-08 00:23:46,78 km al SO de Ollagüe,-21.744,-68.763,123.0,3.0,Ml
186312,2023-02-08 04:09:28,2023-02-08 01:09:28,59 km al SE de Socaire,-23.823,-67.368,248.0,3.4,Ml
186314,2023-02-08 04:11:04,2023-02-08 01:11:04,43 km al SO de Huasco,-28.805,-71.432,30.0,2.6,Ml
186316,2023-02-08 04:14:31,2023-02-08 01:14:31,10 km al N de Camiña,-19.225,-69.427,100.0,3.6,Ml
186319,2023-02-08 04:19:16,2023-02-08 01:19:16,55 km al S de Putre,-18.679,-69.469,107.0,3.3,Ml
186331,2023-02-08 08:07:02,2023-02-08 05:07:02,58 km al O de San Pedro de Atacama,-23.06,-68.741,105.0,3.0,Ml
186333,2023-02-08 08:34:24,2023-02-08 05:34:24,47 km al SO de Ollagüe,-21.596,-68.465,119.0,3.0,Ml
186338,2023-02-08 09:39:20,2023-02-08 06:39:20,71 km al SE de Socaire,-24.105,-67.476,244.0,2.8,Ml
186339,2023-02-08 10:10:34,2023-02-08 07:10:34,40 km al S de Tierra Amarilla,-27.844,-70.26,94.0,2.5,Ml
186342,2023-02-08 11:48:29,2023-02-08 08:48:29,28 km al NO de Mina Collahuasi,-20.694,-68.891,105.0,2.5,Ml
186346,2023-02-08 13:07:49,2023-02-08 10:07:49,43 km al SO de Putre,-18.526,-69.768,86.0,3.2,Ml
186351,2023-02-08 14:38:15,2023-02-08 11:38:15,48 km al N de Termas del Flaco,-34.533,-70.371,131.0,2.9,Ml
186353,2023-02-08 14:39:18,2023-02-08 11:39:18,48 km al S de Socaire,-24.01,-68.011,184.0,2.7,Ml
186357,2023-02-08 15:29:29,2023-02-08 12:29:29,21 km al SO de Ancud,-42.045,-73.919,45.0,2.8,Ml
186375,2023-02-08 18:01:06,2023-02-08 15:01:06,143 km al SE de Tierra Amarilla,-28.153,-69.027,117.0,3.1,Ml
186378,2023-02-08 18:08:40,2023-02-08 15:08:40,36 km al S de Tierra Amarilla,-27.801,-70.201,97.0,2.9,Ml
186382,2023-02-08 18:22:00,2023-02-08 15:22:00,41 km al O de Valparaíso,-33.069,-72.058,25.0,2.8,Ml
186384,2023-02-08 18:36:45,2023-02-08 15:36:45,32 km al NE de Mina La Escondida.,-24.032,-68.882,101.0,2.7,Ml
186390,2023-02-08 20:34:46,2023-02-08 17:34:46,14 km al O de Quellón,-43.145,-73.795,43.0,2.7,Ml
186393,2023-02-08 21:56:17,2023-02-08 18:56:17,53 km al SE de Socaire,-23.905,-67.496,236.0,2.8,Ml
186402,2023-02-08 23:04:49,2023-02-08 20:04:49,27 km al NO de Mina Collahuasi,-20.704,-68.879,111.0,4.0,Ml
186406,2023-02-09 00:12:24,2023-02-08 21:12:24,16 km al SO de San Pedro de Atacama,-23.053,-68.267,118.0,2.7,Ml
186408,2023-02-09 01:07:10,2023-02-08 22:07:10,41 km al NE de Calama,-22.242,-68.612,118.0,2.9,Ml
186413,2023-02-09 01:37:42,2023-02-08 22:37:42,36 km al NO de Valparaíso,-32.769,-71.813,29.0,2.6,Ml
186414,2023-02-09 02:14:49,2023-02-08 23:14:49,41 km al O de Ollagüe,-21.272,-68.648,129.0,2.9,Ml
186416,2023-02-09 02:16:30,2023-02-08 23:16:30,63 km al N de Huasco,-27.921,-71.029,33.0,3.0,Ml
186417,2023-02-09 02:52:22,2023-02-08 23:52:22,63 km al SE de Socaire,-23.991,-67.45,260.0,3.1,Ml
186418,2023-02-09 03:50:15,2023-02-09 00:50:15,113 km al SE de Socaire,-24.166,-66.98,256.0,3.7,Ml
186419,2023-02-09 03:51:06,2023-02-09 00:51:06,21 km al S de Punitaqui,-31.015,-71.305,71.0,2.6,Ml
186424,2023-02-09 04:23:45,2023-02-09 01:23:45,69 km al SE de Socaire,-24.079,-67.469,246.0,3.8,Ml
186430,2023-02-09 05:51:13,2023-02-09 02:51:13,48 km al SE de San José de Maipo,-34.022,-70.119,9.0,2.7,Ml
186434,2023-02-09 06:35:55,2023-02-09 03:35:55,66 km al NO de Mina La Escondida.,-23.955,-69.61,65.0,2.6,Ml
186436,2023-02-09 08:04:43,2023-02-09 05:04:43,16 km al N de Huasco,-28.325,-71.237,32.0,2.5,Ml
186447,2023-02-09 12:36:05,2023-02-09 09:36:05,59 km al SE de Socaire,-23.98,-67.499,230.0,3.3,Ml
186449,2023-02-09 12:39:17,2023-02-09 09:39:17,20 km al S de La Higuera,-29.684,-71.253,74.0,3.2,Ml
186458,2023-02-09 14:05:11,2023-02-09 11:05:11,34 km al S de Ollagüe,-21.52,-68.324,144.0,2.6,Ml
186459,2023-02-09 14:18:13,2023-02-09 11:18:13,10 km al S de Cuya,-19.245,-70.145,50.0,4.0,Ml
186461,2023-02-09 14:45:47,2023-02-09 11:45:47,76 km al SO de Ollagüe,-21.806,-68.645,122.0,3.8,Ml
186466,2023-02-09 15:05:02,2023-02-09 12:05:02,47 km al SO de Ollagüe,-21.606,-68.45,129.0,2.7,Ml
186471,2023-02-09 16:23:35,2023-02-09 13:23:35,17 km al E de Curicó,-34.994,-71.058,91.0,3.0,Ml
186473,2023-02-09 16:25:28,2023-02-09 13:25:28,83 km al SE de Socaire,-24.233,-67.474,215.0,4.1,Ml
186475,2023-02-09 16:31:57,2023-02-09 13:31:57,28 km al SO de Los Vilos,-32.054,-71.758,40.0,2.6,Ml
186478,2023-02-09 16:36:47,2023-02-09 13:36:47,46 km al S de Mina Collahuasi,-21.231,-68.729,126.0,3.1,Ml
186479,2023-02-09 16:38:38,2023-02-09 13:38:38,31 km al SO de Los Vilos,-32.074,-71.784,29.0,3.9,Ml
186493,2023-02-09 18:15:23,2023-02-09 15:15:23,23 km al N de Calama,-22.269,-68.893,122.0,2.6,Ml
186507,2023-02-09 23:05:15,2023-02-09 20:05:15,38 km al NE de Calama,-22.169,-68.759,105.0,2.6,Ml
186512,2023-02-10 00:09:33,2023-02-09 21:09:33,21 km al NO de Mendoza,-32.743,-68.985,181.0,3.3,Ml
186519,2023-02-10 01:49:40,2023-02-09 22:49:40,78 km al SO de Caldera,-27.704,-71.159,26.0,2.9,Ml
186520,2023-02-10 01:54:13,2023-02-09 22:54:13,62 km al NO de Mina La Escondida.,-23.89,-69.507,78.0,2.5,Ml
186528,2023-02-10 03:10:01,2023-02-10 00:10:01,47 km al N de Pica,-20.068,-69.336,115.0,3.1,Ml
186531,2023-02-10 03:35:00,2023-02-10 00:35:00,62 km al S de Putre,-18.753,-69.618,116.0,3.5,Ml
186535,2023-02-10 04:13:03,2023-02-10 01:13:03,28 km al S de Lebu,-37.861,-73.634,42.0,3.2,Ml
186537,2023-02-10 05:17:06,2023-02-10 02:17:06,73 km al NE de Taltal,-25.066,-69.865,66.0,2.9,Ml
186540,2023-02-10 06:17:48,2023-02-10 03:17:48,41 km al SO de Mina Collahuasi,-21.031,-68.985,107.0,3.0,Ml
186541,2023-02-10 07:08:58,2023-02-10 04:08:58,38 km al SO de Ollagüe,-21.494,-68.487,131.0,3.0,Ml
186544,2023-02-10 07:12:41,2023-02-10 04:12:41,32 km al S de Mina Collahuasi,-21.115,-68.631,115.0,3.1,Ml
186547,2023-02-10 08:56:06,2023-02-10 05:56:06,69 km al E de Alto del Carmen,-28.925,-69.807,130.0,2.8,Ml
186551,2023-02-10 09:24:43,2023-02-10 06:24:43,86 km al E de Socaire,-23.793,-67.07,237.0,3.4,Ml
186553,2023-02-10 10:45:11,2023-02-10 07:45:11,28 km al N de Pica,-20.239,-69.294,112.0,4.1,Ml
186557,2023-02-10 11:08:25,2023-02-10 08:08:25,34 km al NE de Camiña,-19.058,-69.248,111.0,4.1,Ml
186561,2023-02-10 12:02:29,2023-02-10 09:02:29,39 km al O de Taltal,-25.309,-70.858,25.0,3.0,Ml
186570,2023-02-10 16:10:43,2023-02-10 13:10:43,56 km al O de La Ligua,-32.513,-71.826,31.0,2.9,Ml
186593,2023-02-10 18:41:52,2023-02-10 15:41:52,14 km al SO de Ovalle,-30.68,-71.321,56.0,3.8,Ml
186596,2023-02-10 19:14:44,2023-02-10 16:14:44,23 km al S de Illapel,-31.835,-71.231,69.0,2.6,Ml
186608,2023-02-10 22:24:07,2023-02-10 19:24:07,86 km al N de Tocopilla,-21.323,-70.312,34.0,2.9,Ml
186616,2023-02-11 00:52:41,2023-02-10 21:52:41,41 km al SO de Huasco,-28.805,-71.378,36.0,2.5,Ml
186626,2023-02-11 04:24:55,2023-02-11 01:24:55,89 km al SE de Socaire,-24.333,-67.563,194.0,3.0,Ml
186649,2023-02-11 09:19:26,2023-02-11 06:19:26,33 km al E de Talca,-35.355,-71.316,98.0,3.5,Ml
186653,2023-02-11 10:00:43,2023-02-11 07:00:43,42 km al SO de Ollagüe,-21.407,-68.612,127.0,4.1,Ml
186663,2023-02-11 12:33:26,2023-02-11 09:33:26,84 km al SO de Mina La Escondida.,-24.886,-69.537,83.0,3.6,Ml
186670,2023-02-11 15:07:28,2023-02-11 12:07:28,20 km al O de Cuya,-19.09,-70.356,55.0,2.8,Ml
186673,2023-02-11 15:20:27,2023-02-11 12:20:27,55 km al SO de Ollagüe,-21.481,-68.703,109.0,2.7,Ml
186680,2023-02-11 16:21:34,2023-02-11 13:21:34,55 km al SO de Los Vilos,-32.273,-71.903,17.0,2.7,Ml
186698,2023-02-11 20:23:14,2023-02-11 17:23:14,73 km al SO de Ollagüe,-21.786,-68.621,111.0,3.6,Ml
186704,2023-02-11 22:07:24,2023-02-11 19:07:24,57 km al NE de Mejillones,-22.816,-69.987,47.0,4.1,Ml
186712,2023-02-11 22:56:04,2023-02-11 19:56:04,76 km al S de Ollagüe,-21.867,-68.509,122.0,3.1,Ml
186717,2023-02-12 00:16:58,2023-02-11 21:16:58,33 km al SO de Los Vilos,-32.051,-71.824,26.0,3.0,Ml
186721,2023-02-12 02:19:06,2023-02-11 23:19:06,31 km al SE de Camiña,-19.503,-69.204,106.0,3.1,Ml
186728,2023-02-12 03:17:08,2023-02-12 00:17:08,33 km al NO de Mina Collahuasi,-20.666,-68.927,105.0,2.9,Ml
186733,2023-02-12 04:19:42,2023-02-12 01:19:42,62 km al N de Pica,-19.961,-69.138,96.0,2.6,Ml
186753,2023-02-12 09:50:02,2023-02-12 06:50:02,116 km al SE de Socaire,-24.315,-67.076,199.0,3.3,Ml
186755,2023-02-12 09:55:02,2023-02-12 06:55:02,67 km al S de Alto Hospicio,-20.839,-70.296,62.0,3.1,Ml
186767,2023-02-12 11:44:03,2023-02-12 08:44:03,128 km al O de Lebu,-37.184,-74.998,19.0,3.5,Ml
186770,2023-02-12 12:25:37,2023-02-12 09:25:37,36 km al SO de Ollagüe,-21.499,-68.434,134.0,3.5,Ml
186776,2023-02-12 13:50:37,2023-02-12 10:50:37,70 km al SO de Mina La Escondida.,-24.632,-69.617,65.0,3.2,Ml
186781,2023-02-12 14:45:23,2023-02-12 11:45:23,28 km al NE de Calama,-22.295,-68.739,112.0,3.2,Ml
186791,2023-02-12 16:47:39,2023-02-12 13:47:39,32 km al SO de Mina Collahuasi,-21.016,-68.888,107.0,2.7,Ml
186793,2023-02-12 17:30:08,2023-02-12 14:30:08,36 km al SO de Ollagüe,-21.499,-68.446,127.0,3.2,Ml
186801,2023-02-12 18:11:36,2023-02-12 15:11:36,19 km al NE de Vichuquén,-34.764,-71.851,38.0,2.6,Ml
186810,2023-02-12 19:36:58,2023-02-12 16:36:58,20 km al SE de Tongoy,-30.332,-71.311,50.0,2.5,Ml
186827,2023-02-12 23:13:38,2023-02-12 20:13:38,29 km al NO de Petorca,-32.125,-71.205,58.0,2.7,Ml
186833,2023-02-13 00:16:26,2023-02-12 21:16:26,30 km al SE de Tacna,-18.225,-70.063,97.0,3.8,Ml
186836,2023-02-13 00:34:57,2023-02-12 21:34:57,40 km al SO de Caldera,-27.37,-71.039,41.0,3.1,Ml
186843,2023-02-13 02:21:41,2023-02-12 23:21:41,30 km al NE de Pisagua,-19.395,-70.022,52.0,2.5,Ml
186844,2023-02-13 02:40:27,2023-02-12 23:40:27,33 km al SO de Canela Baja,-31.56,-71.753,40.0,3.1,Ml
186846,2023-02-13 03:07:59,2023-02-13 00:07:59,18 km al NE de Calama,-22.363,-68.798,115.0,3.5,Ml
186850,2023-02-13 03:28:55,2023-02-13 00:28:55,72 km al NE de Calama,-21.943,-68.517,122.0,2.5,Ml
186853,2023-02-13 03:57:26,2023-02-13 00:57:26,4 km al SO de Ovalle,-30.635,-71.221,41.0,2.5,Ml
186855,2023-02-13 04:14:44,2023-02-13 01:14:44,8 km al SO de La Higuera,-29.574,-71.251,53.0,2.9,Ml
186858,2023-02-13 05:25:04,2023-02-13 02:25:04,67 km al NO de Quillagua,-21.323,-70.074,37.0,2.7,Ml
186866,2023-02-13 06:05:27,2023-02-13 03:05:27,35 km al SO de Ollagüe,-21.459,-68.483,127.0,2.6,Ml
186870,2023-02-13 06:57:07,2023-02-13 03:57:07,41 km al N de Calama,-22.127,-68.795,116.0,3.3,Ml
186872,2023-02-13 07:04:26,2023-02-13 04:04:26,72 km al O de La Higuera,-29.473,-71.939,32.0,2.8,Ml
186875,2023-02-13 07:26:37,2023-02-13 04:26:37,50 km al NO de Caldera,-26.735,-71.167,15.0,3.7,Ml
186893,2023-02-13 10:34:22,2023-02-13 07:34:22,37 km al N de Calama,-22.156,-68.823,94.0,2.7,Ml
186895,2023-02-13 10:43:11,2023-02-13 07:43:11,9 km al S de Lebu,-37.686,-73.64,50.0,2.8,Ml
186902,2023-02-13 13:36:18,2023-02-13 10:36:18,144 km al NO de Constitución,-34.568,-73.685,28.0,2.7,Ml
186910,2023-02-13 15:43:37,2023-02-13 12:43:37,71 km al S de Sierra Gorda.,-23.523,-69.149,93.0,3.2,Ml
186920,2023-02-13 17:12:37,2023-02-13 14:12:37,54 km al SE de Baquedano,-23.754,-69.58,84.0,3.0,Ml
186933,2023-02-13 18:53:56,2023-02-13 15:53:56,73 km al SO de San Pedro de Atacama,-23.46,-68.607,120.0,3.1,Ml
186934,2023-02-13 18:56:40,2023-02-13 15:56:40,20 km al E de Cuya,-19.225,-69.997,70.0,3.0,Ml
186940,2023-02-13 19:50:58,2023-02-13 16:50:58,9 km al O de Ovalle,-30.635,-71.287,57.0,3.2,Ml
186958,2023-02-13 22:55:04,2023-02-13 19:55:04,80 km al SO de Mina La Escondida.,-24.811,-69.573,80.0,4.3,Ml
186962,2023-02-13 23:30:12,2023-02-13 20:30:12,25 km al E de Huasco,-28.394,-70.978,54.0,3.3,Ml
186970,2023-02-14 00:11:35,2023-02-13 21:11:35,25 km al N de Tocopilla,-21.886,-70.287,60.0,4.6,Mw
186983,2023-02-14 04:46:51,2023-02-14 01:46:51,78 km al E de Quillagua,-21.732,-68.786,106.0,3.1,Ml
186992,2023-02-14 06:08:34,2023-02-14 03:08:34,95 km al SE de Socaire,-24.253,-67.299,196.0,3.6,Ml
187001,2023-02-14 09:23:44,2023-02-14 06:23:44,42 km al N de Cobquecura,-35.757,-72.821,15.0,2.8,Ml
187004,2023-02-14 10:03:51,2023-02-14 07:03:51,109 km al NE de San Pedro de Atacama,-22.122,-67.579,234.0,3.4,Ml
187011,2023-02-14 12:06:24,2023-02-14 09:06:24,39 km al NE de Mina La Escondida.,-23.992,-68.822,96.0,2.9,Ml
187018,2023-02-14 13:22:48,2023-02-14 10:22:48,60 km al N de Mina Collahuasi,-20.29,-68.703,115.0,2.5,Ml
187025,2023-02-14 14:52:50,2023-02-14 11:52:50,87 km al N de Tocopilla,-21.316,-70.292,35.0,3.4,Ml
187026,2023-02-14 14:59:16,2023-02-14 11:59:16,48 km al N de Valparaíso,-32.632,-71.766,32.0,3.7,Ml
187030,2023-02-14 15:31:23,2023-02-14 12:31:23,50 km al NO de Valparaíso,-32.627,-71.797,31.0,3.1,Ml
187035,2023-02-14 16:28:16,2023-02-14 13:28:16,45 km al SO de Los Vilos,-32.276,-71.724,16.0,2.5,Ml
187041,2023-02-14 17:17:04,2023-02-14 14:17:04,67 km al SE de Sierra Gorda.,-23.262,-68.789,98.0,3.1,Ml
187046,2023-02-14 18:01:54,2023-02-14 15:01:54,36 km al E de Tacna,-18.149,-69.934,110.0,3.7,Ml
187048,2023-02-14 18:02:11,2023-02-14 15:02:11,54 km al SE de Alto del Carmen,-29.046,-70.034,124.0,4.6,Mw
187054,2023-02-14 18:18:59,2023-02-14 15:18:59,75 km al NE de Calama,-21.973,-68.437,118.0,2.5,Ml
187058,2023-02-14 19:12:15,2023-02-14 16:12:15,43 km al SO de Ollagüe,-21.559,-68.461,134.0,2.6,Ml
187062,2023-02-14 19:46:43,2023-02-14 16:46:43,104 km al NE de Socaire,-23.063,-67.043,270.0,4.4,Ml
187069,2023-02-14 20:46:01,2023-02-14 17:46:01,52 km al N de El Salvador,-25.774,-69.571,112.0,3.0,Ml
187071,2023-02-14 21:00:18,2023-02-14 18:00:18,5 km al NO de Sierra Gorda.,-22.871,-69.354,112.0,2.6,Ml
187072,2023-02-14 21:04:26,2023-02-14 18:04:26,55 km al N de Pica,-20.028,-69.148,93.0,2.9,Ml
187074,2023-02-14 21:47:06,2023-02-14 18:47:06,47 km al SO de Huasco,-28.714,-71.61,19.0,3.8,Ml
187080,2023-02-14 22:20:06,2023-02-14 19:20:06,49 km al O de La Ligua,-32.562,-71.741,41.0,3.0,Ml
187091,2023-02-15 02:49:32,2023-02-14 23:49:32,25 km al E de Los Vilos,-31.952,-71.249,56.0,2.8,Ml
187096,2023-02-15 04:26:54,2023-02-15 01:26:54,65 km al S de Socaire,-24.151,-67.699,215.0,2.6,Ml
187095,2023-02-15 04:41:17,2023-02-15 01:41:17,56 km al NE de Mina La Escondida.,-23.911,-68.663,104.0,2.7,Ml
187101,2023-02-15 06:11:49,2023-02-15 03:11:49,40 km al SO de Mina Collahuasi,-21.118,-68.88,112.0,3.5,Ml
187110,2023-02-15 07:33:16,2023-02-15 04:33:16,71 km al SE de Socaire,-24.146,-67.547,245.0,3.3,Ml
187113,2023-02-15 08:30:13,2023-02-15 05:30:13,24 km al NE de Pica,-20.328,-69.183,102.0,3.7,Ml
187117,2023-02-15 08:32:41,2023-02-15 05:32:41,35 km al NO de Taltal,-25.27,-70.803,30.0,3.1,Ml
187120,2023-02-15 09:53:48,2023-02-15 06:53:48,76 km al S de Socaire,-24.244,-67.668,235.0,2.8,Ml
187124,2023-02-15 11:03:14,2023-02-15 08:03:14,25 km al S de Calama,-22.688,-68.88,98.0,2.8,Ml
187129,2023-02-15 11:56:24,2023-02-15 08:56:24,8 km al SO de Camiña,-19.35,-69.49,86.0,2.6,Ml
187133,2023-02-15 12:43:30,2023-02-15 09:43:30,30 km al NO de Socaire,-23.394,-68.097,174.0,2.8,Ml
187135,2023-02-15 13:10:27,2023-02-15 10:10:27,113 km al E de Socaire,-23.952,-66.856,220.0,2.7,Ml
187141,2023-02-15 16:11:05,2023-02-15 13:11:05,76 km al NE de Calama,-21.875,-68.562,123.0,2.9,Ml
187147,2023-02-15 17:15:06,2023-02-15 14:15:06,50 km al SO de Mina Collahuasi,-21.238,-68.853,115.0,3.5,Ml
187160,2023-02-15 18:09:11,2023-02-15 15:09:11,62 km al O de Los Vilos,-31.826,-72.158,30.0,2.9,Ml
187166,2023-02-15 18:44:38,2023-02-15 15:44:38,53 km al O de Ollagüe,-21.372,-68.736,123.0,3.6,Ml
187170,2023-02-15 19:36:47,2023-02-15 16:36:47,22 km al NO de Visviri,-17.462,-69.632,148.0,3.3,Ml
187173,2023-02-15 20:16:44,2023-02-15 17:16:44,34 km al NE de Calama,-22.27,-68.674,127.0,4.3,Ml
187175,2023-02-15 20:20:36,2023-02-15 17:20:36,24 km al O de La Serena,-29.944,-71.492,46.0,3.0,Ml
187183,2023-02-15 22:12:22,2023-02-15 19:12:22,94 km al NE de Mina Collahuasi,-20.077,-68.248,187.0,4.9,Mw
187191,2023-02-16 00:18:44,2023-02-15 21:18:44,38 km al O de Socaire,-23.555,-68.257,115.0,3.0,Ml
187193,2023-02-16 00:51:02,2023-02-15 21:51:02,66 km al SE de Linares,-36.14,-70.965,136.0,2.9,Ml
187196,2023-02-16 01:18:31,2023-02-15 22:18:31,44 km al O de Mejillones,-23.003,-70.865,40.0,3.1,Ml
187205,2023-02-16 02:01:16,2023-02-15 23:01:16,25 km al NE de Casablanca,-33.164,-71.213,61.0,2.7,Ml
187211,2023-02-16 03:01:00,2023-02-16 00:01:00,53 km al E de Antuco,-37.29,-71.076,148.0,3.5,Ml
187213,2023-02-16 03:05:49,2023-02-16 00:05:49,164 km al E de Socaire,-23.087,-66.377,270.0,4.4,Mw
187220,2023-02-16 04:15:34,2023-02-16 01:15:34,33 km al SO de Los Vilos,-32.07,-71.812,22.0,2.7,Ml
187223,2023-02-16 04:19:32,2023-02-16 01:19:32,49 km al S de Ollagüe,-21.654,-68.364,124.0,2.7,Ml
187224,2023-02-16 04:20:20,2023-02-16 01:20:20,32 km al SO de Los Vilos,-32.072,-71.793,26.0,2.7,Ml
187229,2023-02-16 05:18:30,2023-02-16 02:18:30,43 km al S de Mina Collahuasi,-21.209,-68.673,114.0,2.5,Ml
187232,2023-02-16 05:29:57,2023-02-16 02:29:57,99 km al E de Socaire,-23.744,-66.931,164.0,3.4,Ml
187235,2023-02-16 06:34:53,2023-02-16 03:34:53,31 km al SO de Los Vilos,-32.059,-71.79,32.0,3.2,Ml
187240,2023-02-16 07:54:39,2023-02-16 04:54:39,46 km al SO de Los Vilos,-32.275,-71.745,28.0,3.2,Ml
187242,2023-02-16 07:56:49,2023-02-16 04:56:49,29 km al SE de Quillota,-33.068,-71.026,68.0,2.9,Ml
187250,2023-02-16 10:19:25,2023-02-16 07:19:25,14 km al NE de Calama,-22.388,-68.83,110.0,3.1,Ml
187258,2023-02-16 12:04:08,2023-02-16 09:04:08,75 km al S de Ollagüe,-21.867,-68.469,129.0,2.6,Ml
187273,2023-02-16 17:34:38,2023-02-16 14:34:38,27 km al O de La Serena,-29.879,-71.53,53.0,3.1,Ml
187282,2023-02-16 18:32:37,2023-02-16 15:32:37,75 km al N de Calama,-21.818,-68.747,119.0,3.2,Ml
187306,2023-02-16 22:49:05,2023-02-16 19:49:05,59 km al O de Arauco,-37.018,-73.913,44.0,3.1,Ml
187308,2023-02-16 22:49:33,2023-02-16 19:49:33,60 km al S de Socaire,-24.132,-67.892,227.0,2.6,Ml
187312,2023-02-16 23:38:54,2023-02-16 20:38:54,49 km al NE de Socaire,-23.329,-67.498,264.0,2.8,Ml
187317,2023-02-17 02:14:16,2023-02-16 23:14:16,63 km al SE de Socaire,-24.071,-67.557,235.0,2.9,Ml
187319,2023-02-17 02:29:30,2023-02-16 23:29:30,58 km al NE de Socaire,-23.134,-67.614,254.0,2.9,Ml
187322,2023-02-17 02:55:37,2023-02-16 23:55:37,23 km al SO de Pisagua,-19.753,-70.364,30.0,2.5,Ml
187326,2023-02-17 03:03:43,2023-02-17 00:03:43,36 km al SO de Mina La Escondida.,-24.518,-69.291,88.0,3.3,Ml
187333,2023-02-17 05:06:26,2023-02-17 02:06:26,60 km al SE de Socaire,-24.034,-67.551,228.0,2.9,Ml
187340,2023-02-17 05:43:27,2023-02-17 02:43:27,99 km al SE de Socaire,-24.033,-67.05,176.0,3.3,Ml
187348,2023-02-17 07:25:26,2023-02-17 04:25:26,92 km al SE de Socaire,-24.272,-67.371,225.0,3.3,Ml
187351,2023-02-17 07:54:21,2023-02-17 04:54:21,49 km al NE de Quillagua,-21.465,-69.108,84.0,3.6,Ml
187356,2023-02-17 09:24:06,2023-02-17 06:24:06,66 km al S de Socaire,-24.157,-67.691,237.0,2.9,Ml
187360,2023-02-17 11:31:20,2023-02-17 08:31:20,70 km al S de Socaire,-24.185,-67.667,233.0,3.3,Ml
187372,2023-02-17 15:34:54,2023-02-17 12:34:54,47 km al E de Sierra Gorda.,-22.905,-68.854,107.0,2.7,Ml
187375,2023-02-17 16:11:29,2023-02-17 13:11:29,8 km al SE de Alto Hospicio,-20.303,-70.031,47.0,2.5,Ml
187382,2023-02-17 16:48:21,2023-02-17 13:48:21,37 km al SO de Ollagüe,-21.422,-68.541,128.0,2.8,Ml
187388,2023-02-17 17:53:52,2023-02-17 14:53:52,37 km al S de Pica,-20.819,-69.35,78.0,2.8,Ml
187406,2023-02-17 22:04:33,2023-02-17 19:04:33,204 km al SO de Melinka,-45.055,-75.736,16.0,3.1,Ml
187408,2023-02-17 22:10:43,2023-02-17 19:10:43,66 km al SO de Ollagüe,-21.773,-68.509,141.0,2.6,Ml
187409,2023-02-17 22:15:59,2023-02-17 19:15:59,119 km al NE de Socaire,-23.122,-66.845,220.0,3.3,Ml
187411,2023-02-17 22:35:06,2023-02-17 19:35:06,17 km al NE de Pica,-20.378,-69.215,107.0,2.6,Ml
187416,2023-02-18 00:05:23,2023-02-17 21:05:23,69 km al S de Socaire,-24.192,-67.745,233.0,3.3,Ml
187418,2023-02-18 00:39:16,2023-02-17 21:39:16,40 km al E de Mina Los Pelambres,-31.902,-70.168,133.0,2.5,Ml
187426,2023-02-18 02:37:01,2023-02-17 23:37:01,19 km al SE de San Fernando,-34.67,-70.811,108.0,3.1,Ml
187427,2023-02-18 02:50:33,2023-02-17 23:50:33,63 km al E de Ollagüe,-21.148,-67.655,193.0,2.9,Ml
187429,2023-02-18 03:04:01,2023-02-18 00:04:01,70 km al SE de Socaire,-24.136,-67.542,240.0,2.9,Ml
187435,2023-02-18 04:51:54,2023-02-18 01:51:54,38 km al E de Combarbalá,-31.148,-70.608,109.0,4.3,Mw
187443,2023-02-18 06:58:20,2023-02-18 03:58:20,22 km al SE de Tongoy,-30.436,-71.405,53.0,2.5,Ml
187449,2023-02-18 07:44:34,2023-02-18 04:44:34,64 km al NE de Ollagüe,-20.946,-67.716,196.0,3.4,Ml
187450,2023-02-18 07:51:17,2023-02-18 04:51:17,65 km al S de Socaire,-24.143,-67.699,212.0,3.0,Ml
187458,2023-02-18 09:01:37,2023-02-18 06:01:37,61 km al N de Pica,-19.959,-69.196,102.0,3.1,Ml
187467,2023-02-18 10:58:30,2023-02-18 07:58:30,87 km al E de Socaire,-23.897,-67.101,243.0,4.1,Ml
187477,2023-02-18 13:14:39,2023-02-18 10:14:39,76 km al NE de Pica,-19.944,-68.886,109.0,2.7,Ml
187479,2023-02-18 13:21:56,2023-02-18 10:21:56,72 km al SE de Socaire,-23.875,-67.251,271.0,3.3,Ml
187493,2023-02-18 15:42:15,2023-02-18 12:42:15,72 km al N de Tocopilla,-21.467,-70.38,14.0,3.4,Ml
187496,2023-02-18 16:10:41,2023-02-18 13:10:41,34 km al NE de Calama,-22.26,-68.692,115.0,3.8,Ml
187502,2023-02-18 16:29:47,2023-02-18 13:29:47,30 km al NE de Calama,-22.3,-68.699,105.0,2.6,Ml
187522,2023-02-18 19:11:03,2023-02-18 16:11:03,23 km al NO de Mina Collahuasi,-20.697,-68.826,102.0,2.6,Ml
187526,2023-02-18 19:38:26,2023-02-18 16:38:26,8 km al E de Navidad,-33.946,-71.741,34.0,2.5,Ml
187542,2023-02-18 21:52:57,2023-02-18 18:52:57,26 km al O de Ollagüe,-21.202,-68.499,134.0,2.8,Ml
187543,2023-02-18 22:13:49,2023-02-18 19:13:49,100 km al O de Pisagua,-19.925,-71.102,35.0,4.9,Mw
187546,2023-02-18 22:21:37,2023-02-18 19:21:37,99 km al O de Pisagua,-19.943,-71.086,31.0,2.9,Ml
187550,2023-02-18 23:33:16,2023-02-18 20:33:16,9 km al NO de Pica,-20.415,-69.364,105.0,2.7,Ml
187560,2023-02-19 02:40:43,2023-02-18 23:40:43,100 km al O de Pisagua,-19.93,-71.099,36.0,5.3,Mw
187572,2023-02-19 04:21:11,2023-02-19 01:21:11,174 km al O de Puerto Aysén,-45.771,-74.867,28.0,3.4,Ml
187611,2023-02-19 13:39:02,2023-02-19 10:39:02,101 km al O de Pisagua,-19.913,-71.114,37.0,3.8,Ml
187616,2023-02-19 15:23:09,2023-02-19 12:23:09,77 km al E de Socaire,-23.478,-67.143,239.0,3.5,Ml
187628,2023-02-19 17:25:31,2023-02-19 14:25:31,34 km al NE de Calama,-22.221,-68.739,120.0,2.7,Ml
187637,2023-02-19 18:21:38,2023-02-19 15:21:38,50 km al SO de Mina Collahuasi,-21.176,-68.958,113.0,2.8,Ml
187641,2023-02-19 18:52:38,2023-02-19 15:52:38,140 km al NO de Puerto Edén,-48.052,-75.393,16.0,3.8,Ml
187649,2023-02-19 20:15:50,2023-02-19 17:15:50,21 km al SO de Tongoy,-30.419,-71.605,24.0,4.0,Ml
187653,2023-02-19 21:22:24,2023-02-19 18:22:24,34 km al NO de San Pedro de Atacama,-22.777,-68.496,114.0,2.7,Ml
187658,2023-02-19 22:08:39,2023-02-19 19:08:39,37 km al N de San Pedro de Atacama,-22.59,-68.169,139.0,3.3,Ml
187664,2023-02-19 23:54:19,2023-02-19 20:54:19,26 km al S de Tierra Amarilla,-27.715,-70.27,85.0,2.7,Ml
187675,2023-02-20 01:09:46,2023-02-19 22:09:46,69 km al SE de Socaire,-24.044,-67.424,225.0,3.7,Ml
187684,2023-02-20 02:41:33,2023-02-19 23:41:33,35 km al S de Calama,-22.783,-68.875,120.0,2.8,Ml
187691,2023-02-20 04:57:17,2023-02-20 01:57:17,23 km al NE de Vichuquén,-34.748,-71.798,47.0,3.4,Ml
187695,2023-02-20 05:55:38,2023-02-20 02:55:38,67 km al NE de Quillagua,-21.363,-68.965,89.0,2.6,Ml
187697,2023-02-20 06:02:10,2023-02-20 03:02:10,30 km al O de Ollagüe,-21.14,-68.532,133.0,3.6,Ml
187704,2023-02-20 06:34:30,2023-02-20 03:34:30,40 km al NO de La Higuera,-29.197,-71.409,46.0,2.7,Ml
187714,2023-02-20 08:46:00,2023-02-20 05:46:00,132 km al NO de Taltal,-24.687,-71.525,194.0,3.6,Ml
187720,2023-02-20 10:04:00,2023-02-20 07:04:00,67 km al S de Ollagüe,-21.786,-68.479,131.0,2.9,Ml
187723,2023-02-20 10:24:29,2023-02-20 07:24:29,186 km al NO de Cobquecura,-35.196,-74.494,10.0,3.2,Ml
187727,2023-02-20 10:37:44,2023-02-20 07:37:44,63 km al SE de Socaire,-24.101,-67.614,233.0,2.8,Ml
187738,2023-02-20 14:13:12,2023-02-20 11:13:12,63 km al SE de Sierra Gorda.,-23.432,-69.095,91.0,3.9,Ml
187740,2023-02-20 14:14:31,2023-02-20 11:14:31,139 km al O de Concepción,-36.328,-74.481,30.0,3.1,Ml
187746,2023-02-20 15:29:58,2023-02-20 12:29:58,18 km al SE de Calama,-22.588,-68.809,118.0,2.5,Ml
187761,2023-02-20 17:03:43,2023-02-20 14:03:43,35 km al SO de Ollagüe,-21.518,-68.385,154.0,3.2,Ml
187790,2023-02-20 21:22:14,2023-02-20 18:22:14,38 km al S de Los Vilos,-32.236,-71.638,50.0,3.0,Ml
187793,2023-02-20 21:27:54,2023-02-20 18:27:54,39 km al SO de Ollagüe,-21.502,-68.479,135.0,3.2,Ml
187795,2023-02-20 21:47:45,2023-02-20 18:47:45,63 km al NE de Los Andes.,-32.528,-70.032,117.0,2.6,Ml
187800,2023-02-20 23:45:02,2023-02-20 20:45:02,19 km al SE de Los Andes.,-32.921,-70.424,104.0,3.8,Ml
187803,2023-02-21 00:40:29,2023-02-20 21:40:29,36 km al S de Caldera,-27.392,-70.79,25.0,2.9,Ml
187805,2023-02-21 01:14:00,2023-02-20 22:14:00,14 km al NE de Cuya,-19.068,-70.085,62.0,3.9,Ml
187809,2023-02-21 02:33:12,2023-02-20 23:33:12,42 km al O de La Ligua,-32.406,-71.673,33.0,3.1,Ml
187812,2023-02-21 02:42:26,2023-02-20 23:42:26,29 km al O de Cobquecura,-36.215,-73.095,42.0,2.9,Ml
187814,2023-02-21 02:42:46,2023-02-20 23:42:46,92 km al O de Arica,-18.498,-71.191,26.0,3.7,Ml
187840,2023-02-21 05:40:40,2023-02-21 02:40:40,21 km al E de Tacna,-17.963,-70.06,105.0,3.8,Ml
187842,2023-02-21 05:49:57,2023-02-21 02:49:57,20 km al NE de Vallenar,-28.411,-70.683,61.0,2.9,Ml
187847,2023-02-21 06:00:20,2023-02-21 03:00:20,31 km al SO de Tirúa,-38.565,-73.704,30.0,2.7,Ml
187853,2023-02-21 06:39:33,2023-02-21 03:39:33,46 km al S de Sierra Gorda.,-23.308,-69.384,88.0,2.5,Ml
187877,2023-02-21 11:31:36,2023-02-21 08:31:36,19 km al NO de Punitaqui,-30.694,-71.375,47.0,2.9,Ml
187881,2023-02-21 11:47:54,2023-02-21 08:47:54,73 km al SO de Ollagüe,-21.711,-68.721,120.0,3.6,Ml
187885,2023-02-21 12:59:03,2023-02-21 09:59:03,39 km al SE de Toltén,-39.466,-72.911,53.0,3.5,Ml
187901,2023-02-21 17:13:04,2023-02-21 14:13:04,18 km al NE de La Higuera,-29.365,-71.134,57.0,2.9,Ml
187935,2023-02-21 23:22:33,2023-02-21 20:22:33,61 km al NE de Calama,-22.016,-68.594,120.0,3.4,Ml
187938,2023-02-21 23:28:02,2023-02-21 20:28:02,22 km al NO de María Elena,-22.218,-69.829,82.0,3.6,Ml
187948,2023-02-22 02:29:19,2023-02-21 23:29:19,30 km al O de Calama,-22.404,-69.209,110.0,2.8,Ml
187950,2023-02-22 02:53:48,2023-02-21 23:53:48,37 km al SO de Tirúa,-38.54,-73.831,22.0,2.8,Ml
187956,2023-02-22 04:17:42,2023-02-22 01:17:42,52 km al SO de Mina Collahuasi,-21.237,-68.906,119.0,3.4,Ml
187958,2023-02-22 04:39:36,2023-02-22 01:39:36,22 km al NO de Putre,-18.05,-69.706,117.0,3.8,Ml
187961,2023-02-22 05:13:51,2023-02-22 02:13:51,79 km al SO de San Pedro de Atacama,-23.46,-68.697,110.0,2.6,Ml
187963,2023-02-22 06:04:24,2023-02-22 03:04:24,54 km al SO de Tirúa,-38.593,-74.03,34.0,3.0,Ml
187970,2023-02-22 06:57:49,2023-02-22 03:57:49,76 km al NE de Socaire,-23.155,-67.321,265.0,3.6,Ml
187980,2023-02-22 08:52:50,2023-02-22 05:52:50,24 km al S de Putre,-18.408,-69.518,98.0,2.8,Ml
187984,2023-02-22 09:06:42,2023-02-22 06:06:42,48 km al O de Ollagüe,-21.36,-68.695,120.0,3.3,Ml
187987,2023-02-22 09:36:03,2023-02-22 06:36:03,41 km al O de Chillán,-36.683,-72.551,43.0,2.8,Ml
187999,2023-02-22 13:05:35,2023-02-22 10:05:35,62 km al SE de Colchane.,-19.748,-68.317,180.0,2.8,Ml
188003,2023-02-22 13:31:00,2023-02-22 10:31:00,87 km al SE de Socaire,-24.003,-67.161,235.0,4.2,Mw
188005,2023-02-22 13:41:53,2023-02-22 10:41:53,38 km al SO de Canela Baja,-31.554,-71.816,31.0,3.1,Ml
188006,2023-02-22 14:15:15,2023-02-22 11:15:15,36 km al SE de Mina La Escondida.,-24.561,-68.892,106.0,2.7,Ml
188011,2023-02-22 15:11:17,2023-02-22 12:11:17,31 km al SO de Ollagüe,-21.46,-68.408,128.0,3.0,Ml
188012,2023-02-22 15:18:04,2023-02-22 12:18:04,36 km al O de Mina Collahuasi,-20.905,-68.992,111.0,4.3,Ml
188017,2023-02-22 15:51:41,2023-02-22 12:51:41,72 km al O de Tongoy,-30.149,-72.229,34.0,4.0,Ml
188022,2023-02-22 16:34:25,2023-02-22 13:34:25,37 km al SE de Antofagasta,-23.812,-70.095,63.0,3.2,Ml
188027,2023-02-22 17:47:55,2023-02-22 14:47:55,56 km al NO de Cobquecura,-35.69,-73.09,18.0,4.0,Ml
188029,2023-02-22 17:56:57,2023-02-22 14:56:57,40 km al NO de Cobquecura,-35.796,-72.954,16.0,3.4,Ml
188031,2023-02-22 18:03:10,2023-02-22 15:03:10,68 km al O de Cobquecura,-35.88,-73.481,20.0,3.1,Ml
188035,2023-02-22 18:08:10,2023-02-22 15:08:10,66 km al O de Tongoy,-30.165,-72.175,39.0,2.8,Ml
188037,2023-02-22 18:18:25,2023-02-22 15:18:25,50 km al NO de Cobquecura,-35.728,-73.04,24.0,4.0,Ml
188055,2023-02-22 20:14:31,2023-02-22 17:14:31,43 km al NO de Cobquecura,-35.765,-72.951,15.0,3.4,Ml
188063,2023-02-22 22:51:53,2023-02-22 19:51:53,43 km al NO de Cobquecura,-35.772,-72.973,13.0,2.8,Ml
188065,2023-02-22 23:03:58,2023-02-22 20:03:58,40 km al N de Cobquecura,-35.78,-72.906,15.0,2.7,Ml
188067,2023-02-22 23:50:48,2023-02-22 20:50:48,97 km al NE de Socaire,-23.034,-67.162,242.0,3.2,Ml
188070,2023-02-23 00:30:43,2023-02-22 21:30:43,123 km al NE de San Pedro de Atacama,-22.065,-67.435,193.0,3.6,Ml
188077,2023-02-23 01:03:38,2023-02-22 22:03:38,43 km al SO de Los Vilos,-32.242,-71.742,33.0,2.7,Ml
188078,2023-02-23 01:08:55,2023-02-22 22:08:55,46 km al O de Navidad,-34.007,-72.328,36.0,2.6,Ml
188080,2023-02-23 01:41:14,2023-02-22 22:41:14,40 km al N de Mina La Escondida.,-23.911,-69.064,108.0,2.9,Ml
188087,2023-02-23 02:36:14,2023-02-22 23:36:14,53 km al O de Quellón,-43.168,-74.272,31.0,2.5,Ml
188090,2023-02-23 03:18:57,2023-02-23 00:18:57,28 km al SO de Tongoy,-30.439,-71.694,35.0,4.3,Ml
188092,2023-02-23 03:22:10,2023-02-23 00:22:10,23 km al SO de Tongoy,-30.419,-71.644,27.0,4.1,Ml
188097,2023-02-23 03:28:23,2023-02-23 00:28:23,17 km al SO de Mina La Escondida.,-24.374,-69.183,99.0,2.8,Ml
188095,2023-02-23 03:37:39,2023-02-23 00:37:39,25 km al SO de Tongoy,-30.423,-71.665,33.0,2.6,Ml
188104,2023-02-23 04:39:43,2023-02-23 01:39:43,25 km al NO de Colina,-33.058,-70.885,75.0,2.5,Ml
188117,2023-02-23 07:20:34,2023-02-23 04:20:34,119 km al E de Socaire,-23.944,-66.79,216.0,3.3,Ml
188124,2023-02-23 07:52:45,2023-02-23 04:52:45,117 km al E de Socaire,-23.901,-66.791,235.0,2.9,Ml
188125,2023-02-23 08:19:21,2023-02-23 05:19:21,38 km al S de Calama,-22.799,-68.835,104.0,2.5,Ml
188130,2023-02-23 08:38:13,2023-02-23 05:38:13,45 km al SO de Colchane.,-19.486,-69.01,114.0,2.5,Ml
188137,2023-02-23 08:44:17,2023-02-23 05:44:17,87 km al NE de Paihuano,-29.463,-69.892,14.0,3.0,Ml
188144,2023-02-23 10:23:39,2023-02-23 07:23:39,105 km al O de Navidad,-33.849,-72.965,39.0,5.5,Mww
188145,2023-02-23 10:26:01,2023-02-23 07:26:01,78 km al N de Calama,-21.801,-68.694,130.0,2.9,Ml
188148,2023-02-23 10:29:41,2023-02-23 07:29:41,17 km al NO de Baquedano,-23.26,-69.988,110.0,2.5,Ml
188153,2023-02-23 11:15:08,2023-02-23 08:15:08,119 km al NO de Pichilemu,-33.892,-73.159,28.0,2.6,Ml
188155,2023-02-23 11:16:10,2023-02-23 08:16:10,114 km al NO de Pichilemu,-33.852,-73.07,27.0,3.7,Ml
188158,2023-02-23 11:48:28,2023-02-23 08:48:28,117 km al NO de Pichilemu,-33.858,-73.107,28.0,2.7,Ml
188163,2023-02-23 13:01:22,2023-02-23 10:01:22,85 km al SE de Socaire,-23.965,-67.165,232.0,5.2,Mw
188172,2023-02-23 14:42:29,2023-02-23 11:42:29,9 km al O de Iquique,-20.245,-70.232,40.0,2.5,Ml
188174,2023-02-23 15:00:19,2023-02-23 12:00:19,62 km al NE de San Pedro de Atacama,-22.45,-67.883,188.0,3.4,Ml
188176,2023-02-23 15:22:10,2023-02-23 12:22:10,72 km al SE de Alto del Carmen,-29.107,-69.864,130.0,2.7,Ml
188180,2023-02-23 15:28:30,2023-02-23 12:28:30,49 km al E de Socaire,-23.735,-67.432,254.0,2.9,Ml
188183,2023-02-23 16:42:16,2023-02-23 13:42:16,59 km al O de Los Vilos,-31.783,-72.114,43.0,2.6,Ml
188190,2023-02-23 17:24:11,2023-02-23 14:24:11,24 km al SO de Santiago,-33.587,-70.836,71.0,2.5,Ml
188197,2023-02-23 17:45:49,2023-02-23 14:45:49,76 km al SE de Socaire,-24.228,-67.61,232.0,3.3,Ml
188199,2023-02-23 18:07:52,2023-02-23 15:07:52,112 km al NO de Pichilemu,-33.901,-73.078,28.0,2.7,Ml
188206,2023-02-23 18:38:09,2023-02-23 15:38:09,57 km al SO de San Pedro de Atacama,-23.134,-68.703,94.0,4.3,Ml
188216,2023-02-23 20:55:41,2023-02-23 17:55:41,57 km al O de Los Vilos,-31.793,-72.101,40.0,2.6,Ml
188222,2023-02-23 21:42:48,2023-02-23 18:42:48,26 km al O de Tierra Amarilla,-27.541,-70.524,53.0,2.5,Ml
188225,2023-02-23 21:59:57,2023-02-23 18:59:57,34 km al NO de Canela Baja,-31.159,-71.682,34.0,2.7,Ml
188228,2023-02-23 23:34:37,2023-02-23 20:34:37,41 km al NO de Caldera,-26.819,-71.133,28.0,3.9,Ml
188233,2023-02-23 23:47:09,2023-02-23 20:47:09,33 km al SO de Ollagüe,-21.475,-68.431,116.0,3.0,Ml
188236,2023-02-23 23:55:32,2023-02-23 20:55:32,99 km al O de Pisagua,-19.891,-71.112,8.0,3.7,Ml
188239,2023-02-24 00:18:23,2023-02-23 21:18:23,32 km al N de Putre,-17.926,-69.452,166.0,3.3,Ml
188240,2023-02-24 00:37:18,2023-02-23 21:37:18,31 km al SO de Los Vilos,-32.134,-71.704,30.0,4.4,Mw
188244,2023-02-24 00:57:53,2023-02-23 21:57:53,34 km al SO de Los Vilos,-32.097,-71.793,32.0,3.9,Ml
188247,2023-02-24 01:06:14,2023-02-23 22:06:14,35 km al SO de Los Vilos,-32.11,-71.798,24.0,2.5,Ml
188249,2023-02-24 01:11:53,2023-02-23 22:11:53,139 km al O de Pichilemu,-33.849,-73.372,28.0,3.8,Ml
188251,2023-02-24 01:16:17,2023-02-23 22:16:17,112 km al NO de Pichilemu,-33.902,-73.073,25.0,2.6,Ml
188253,2023-02-24 01:25:25,2023-02-23 22:25:25,120 km al NO de Pichilemu,-33.845,-73.135,25.0,3.1,Ml
188256,2023-02-24 01:47:26,2023-02-23 22:47:26,51 km al SO de Mina Collahuasi,-21.111,-69.046,113.0,2.7,Ml
188257,2023-02-24 01:50:10,2023-02-23 22:50:10,116 km al NO de Pichilemu,-33.864,-73.103,28.0,3.0,Ml
188259,2023-02-24 01:56:33,2023-02-23 22:56:33,56 km al SE de Sierra Gorda.,-23.225,-68.898,114.0,2.5,Ml
188264,2023-02-24 02:05:52,2023-02-23 23:05:52,99 km al O de Pisagua,-19.886,-71.11,32.0,3.0,Ml
188281,2023-02-24 04:09:54,2023-02-24 01:09:54,108 km al NO de Pichilemu,-33.912,-73.032,26.0,2.9,Ml
188283,2023-02-24 04:18:25,2023-02-24 01:18:25,53 km al SE de Putre,-18.486,-69.166,138.0,2.5,Ml
188285,2023-02-24 04:35:40,2023-02-24 01:35:40,34 km al NO de Caldera,-26.851,-71.063,23.0,3.5,Ml
188287,2023-02-24 04:57:26,2023-02-24 01:57:26,87 km al SE de Socaire,-24.302,-67.525,209.0,3.6,Ml
188289,2023-02-24 05:14:43,2023-02-24 02:14:43,121 km al NO de Pichilemu,-33.879,-73.175,27.0,2.5,Ml
188295,2023-02-24 06:10:31,2023-02-24 03:10:31,36 km al NO de Caldera,-26.851,-71.092,24.0,2.6,Ml
188296,2023-02-24 06:12:04,2023-02-24 03:12:04,61 km al NE de Calama,-21.989,-68.647,137.0,4.4,Ml
188299,2023-02-24 06:21:49,2023-02-24 03:21:49,72 km al O de Socaire,-23.522,-68.597,124.0,2.7,Ml
188302,2023-02-24 06:30:48,2023-02-24 03:30:48,34 km al NO de Valparaíso,-32.821,-71.858,32.0,2.6,Ml
188307,2023-02-24 07:09:05,2023-02-24 04:09:05,28 km al NO de Camiña,-19.114,-69.582,84.0,2.8,Ml
188308,2023-02-24 07:10:32,2023-02-24 04:10:32,34 km al NO de Caldera,-26.851,-71.069,22.0,2.9,Ml
188311,2023-02-24 08:19:32,2023-02-24 05:19:32,28 km al S de Pica,-20.736,-69.275,112.0,2.6,Ml
188313,2023-02-24 08:37:08,2023-02-24 05:37:08,33 km al SO de Los Vilos,-32.113,-71.762,27.0,3.1,Ml
188326,2023-02-24 10:34:29,2023-02-24 07:34:29,17 km al E de Calama,-22.419,-68.779,92.0,2.6,Ml
188330,2023-02-24 11:48:30,2023-02-24 08:48:30,75 km al O de Socaire,-23.478,-68.615,98.0,2.7,Ml
188334,2023-02-24 12:44:20,2023-02-24 09:44:20,109 km al O de Navidad,-33.846,-73.003,30.0,2.5,Ml
188339,2023-02-24 13:22:31,2023-02-24 10:22:31,115 km al NO de Pichilemu,-33.845,-73.073,25.0,2.7,Ml
188343,2023-02-24 14:30:18,2023-02-24 11:30:18,36 km al SO de Los Vilos,-32.111,-71.811,37.0,3.8,Ml
188352,2023-02-24 15:51:26,2023-02-24 12:51:26,54 km al S de Socaire,-24.051,-67.737,266.0,2.6,Ml
188354,2023-02-24 15:59:09,2023-02-24 12:59:09,122 km al SE de Socaire,-24.522,-67.254,191.0,4.0,Ml
188361,2023-02-24 17:28:00,2023-02-24 14:28:00,29 km al NO de San Pedro de Atacama,-22.794,-68.447,160.0,2.7,Ml
188369,2023-02-24 18:48:37,2023-02-24 15:48:37,67 km al E de Mina Los Pelambres,-31.661,-69.904,131.0,3.0,Ml
188378,2023-02-24 19:58:37,2023-02-24 16:58:37,34 km al SO de San Pedro de Atacama,-23.149,-68.417,118.0,2.7,Ml
188379,2023-02-24 20:03:54,2023-02-24 17:03:54,47 km al SO de San Pedro de Atacama,-23.165,-68.578,134.0,2.6,Ml
188380,2023-02-24 20:25:07,2023-02-24 17:25:07,58 km al O de Los Vilos,-31.779,-72.103,43.0,2.7,Ml
188388,2023-02-24 21:28:28,2023-02-24 18:28:28,49 km al S de Socaire,-24.028,-67.914,269.0,3.6,Ml
188393,2023-02-24 22:27:09,2023-02-24 19:27:09,36 km al SE de Sierra Gorda.,-23.039,-68.995,101.0,2.7,Ml
188400,2023-02-24 23:05:15,2023-02-24 20:05:15,110 km al NO de Pichilemu,-33.87,-73.028,46.0,3.3,Ml
188401,2023-02-24 23:08:27,2023-02-24 20:08:27,107 km al NO de Pichilemu,-33.871,-72.998,30.0,2.5,Ml
188402,2023-02-24 23:08:53,2023-02-24 20:08:53,51 km al NE de Ollagüe,-20.846,-67.969,175.0,3.4,Ml
188404,2023-02-24 23:16:57,2023-02-24 20:16:57,44 km al E de Sierra Gorda.,-22.898,-68.886,97.0,2.6,Ml
188406,2023-02-24 23:31:04,2023-02-24 20:31:04,57 km al NO de Taltal,-25.076,-70.923,31.0,3.9,Ml
188409,2023-02-24 23:42:02,2023-02-24 20:42:02,109 km al NO de Pichilemu,-33.866,-73.012,28.0,2.9,Ml
188413,2023-02-25 01:18:50,2023-02-24 22:18:50,69 km al SO de Ollagüe,-21.739,-68.622,116.0,2.8,Ml
188415,2023-02-25 01:25:22,2023-02-24 22:25:22,14 km al N de Tocopilla,-21.969,-70.183,62.0,3.1,Ml
188421,2023-02-25 02:15:36,2023-02-24 23:15:36,26 km al SO de Tongoy,-30.424,-71.682,28.0,2.5,Ml
188426,2023-02-25 04:17:41,2023-02-25 01:17:41,71 km al S de Socaire,-24.225,-67.792,228.0,3.3,Ml
188443,2023-02-25 07:05:20,2023-02-25 04:05:20,54 km al N de Tocopilla,-21.61,-70.246,35.0,4.2,Ml
188448,2023-02-25 07:51:53,2023-02-25 04:51:53,99 km al E de Socaire,-23.518,-66.923,207.0,2.7,Ml
188456,2023-02-25 09:28:50,2023-02-25 06:28:50,48 km al SO de Mina Collahuasi,-21.154,-68.954,115.0,2.8,Ml
188463,2023-02-25 09:57:27,2023-02-25 06:57:27,12 km al NE de Socaire,-23.493,-67.837,155.0,3.1,Ml
188466,2023-02-25 10:44:06,2023-02-25 07:44:06,34 km al E de Sierra Gorda.,-22.897,-68.986,107.0,2.5,Ml
188469,2023-02-25 11:03:34,2023-02-25 08:03:34,34 km al NO de Caldera,-26.847,-71.054,24.0,3.7,Ml
188478,2023-02-25 13:58:21,2023-02-25 10:58:21,62 km al SE de San Fabián,-36.98,-71.106,132.0,3.2,Ml
188480,2023-02-25 14:00:07,2023-02-25 11:00:07,69 km al SE de Socaire,-24.167,-67.631,225.0,3.0,Ml
188481,2023-02-25 14:15:15,2023-02-25 11:15:15,46 km al SO de Mina Collahuasi,-21.139,-68.944,110.0,2.6,Ml
188488,2023-02-25 16:25:14,2023-02-25 13:25:14,39 km al NO de Lota,-36.899,-73.521,39.0,4.8,Mw
188503,2023-02-25 18:20:14,2023-02-25 15:20:14,49 km al SE de Socaire,-23.943,-67.604,272.0,3.9,Ml
188510,2023-02-25 21:17:00,2023-02-25 18:17:00,55 km al E de Sierra Gorda.,-23.09,-68.82,138.0,2.5,Ml
188512,2023-02-25 21:42:03,2023-02-25 18:42:03,68 km al SE de Socaire,-24.049,-67.451,241.0,3.0,Ml
188520,2023-02-26 00:31:16,2023-02-25 21:31:16,61 km al SO de Pica,-20.912,-69.711,94.0,2.5,Ml
188522,2023-02-26 00:51:55,2023-02-25 21:51:55,18 km al NE de Iquique,-20.112,-70.019,52.0,3.2,Ml
188527,2023-02-26 02:31:55,2023-02-25 23:31:55,15 km al S de Mina Collahuasi,-20.966,-68.653,133.0,2.7,Ml
188533,2023-02-26 03:30:55,2023-02-26 00:30:55,30 km al O de Ovalle,-30.645,-71.511,24.0,2.7,Ml
188551,2023-02-26 09:09:07,2023-02-26 06:09:07,74 km al N de Calama,-21.835,-68.717,105.0,2.5,Ml
188557,2023-02-26 09:53:47,2023-02-26 06:53:47,73 km al O de Navidad,-33.86,-72.614,29.0,2.9,Ml
188561,2023-02-26 10:25:30,2023-02-26 07:25:30,42 km al SO de Los Vilos,-32.252,-71.706,22.0,2.6,Ml
188569,2023-02-26 11:43:28,2023-02-26 08:43:28,115 km al O de Pichilemu,-34.016,-73.173,54.0,2.9,Ml
188571,2023-02-26 11:46:05,2023-02-26 08:46:05,38 km al O de Arica,-18.559,-70.674,44.0,3.8,Ml
188576,2023-02-26 13:26:37,2023-02-26 10:26:37,45 km al NE de Socaire,-23.346,-67.532,270.0,3.0,Ml
188581,2023-02-26 13:43:43,2023-02-26 10:43:43,41 km al E de Pica,-20.468,-68.939,98.0,2.8,Ml
188582,2023-02-26 13:45:37,2023-02-26 10:45:37,37 km al O de Ovalle,-30.583,-71.587,34.0,2.9,Ml
188584,2023-02-26 14:00:31,2023-02-26 11:00:31,8 km al SE de Pica,-20.542,-69.271,105.0,2.5,Ml
188589,2023-02-26 14:48:10,2023-02-26 11:48:10,56 km al S de Mina Collahuasi,-21.305,-68.822,117.0,3.4,Ml
188591,2023-02-26 15:18:29,2023-02-26 12:18:29,23 km al O de La Serena,-29.938,-71.489,45.0,2.8,Ml
188611,2023-02-26 18:58:39,2023-02-26 15:58:39,111 km al O de Pichilemu,-33.963,-73.107,26.0,2.9,Ml
188612,2023-02-26 19:09:34,2023-02-26 16:09:34,30 km al NO de Pica,-20.263,-69.489,73.0,2.7,Ml
188624,2023-02-26 22:29:37,2023-02-26 19:29:37,39 km al NE de Calama,-22.177,-68.727,121.0,2.5,Ml
188628,2023-02-26 22:43:47,2023-02-26 19:43:47,47 km al NO de Tongoy,-29.9,-71.75,38.0,2.5,Ml
188638,2023-02-27 01:16:40,2023-02-26 22:16:40,26 km al E de Curicó,-35.023,-70.963,105.0,3.6,Ml
188658,2023-02-27 04:58:01,2023-02-27 01:58:01,67 km al SE de Socaire,-24.0,-67.402,255.0,3.5,Ml
188664,2023-02-27 06:55:19,2023-02-27 03:55:19,75 km al S de Socaire,-24.226,-67.646,224.0,2.9,Ml
188668,2023-02-27 10:00:34,2023-02-27 07:00:34,160 km al O de Tirúa,-38.911,-75.19,23.0,2.8,Ml
188671,2023-02-27 11:13:04,2023-02-27 08:13:04,48 km al SO de Mina Collahuasi,-21.145,-68.967,112.0,2.5,Ml
188679,2023-02-27 12:26:04,2023-02-27 09:26:04,31 km al O de Concepción,-36.884,-73.395,20.0,2.8,Ml
188681,2023-02-27 12:53:25,2023-02-27 09:53:25,8 km al SE de Calama,-22.504,-68.859,113.0,4.6,Ml
188685,2023-02-27 13:16:48,2023-02-27 10:16:48,23 km al N de Tongoy,-30.048,-71.518,42.0,3.1,Ml
188692,2023-02-27 14:08:24,2023-02-27 11:08:24,56 km al S de Diego de Almagro,-26.876,-70.196,80.0,4.5,Mw
188707,2023-02-27 17:04:49,2023-02-27 14:04:49,32 km al N de Calama,-22.182,-68.926,122.0,2.8,Ml
188718,2023-02-27 18:22:38,2023-02-27 15:22:38,38 km al O de Mina Collahuasi,-20.72,-69.002,94.0,2.6,Ml
188730,2023-02-27 20:52:35,2023-02-27 17:52:35,75 km al N de Calama,-21.819,-68.728,135.0,4.5,Mw
188735,2023-02-27 21:19:11,2023-02-27 18:19:11,78 km al S de Socaire,-24.264,-67.674,214.0,3.7,Ml
188736,2023-02-27 21:29:34,2023-02-27 18:29:34,13 km al SO de San Antonio,-33.688,-71.674,47.0,2.9,Ml
188745,2023-02-27 23:47:43,2023-02-27 20:47:43,38 km al SO de Mina Collahuasi,-21.087,-68.889,118.0,4.2,Ml
188751,2023-02-28 00:46:33,2023-02-27 21:46:33,60 km al NE de Calama,-21.982,-68.689,105.0,2.8,Ml
188758,2023-02-28 01:45:24,2023-02-27 22:45:24,104 km al SO de Alto Hospicio,-20.923,-70.819,25.0,3.5,Ml
188760,2023-02-28 01:48:27,2023-02-27 22:48:27,105 km al SO de Alto Hospicio,-20.898,-70.853,23.0,3.9,Ml
188771,2023-02-28 04:54:39,2023-02-28 01:54:39,55 km al SO de Ollagüe,-21.634,-68.55,128.0,3.9,Ml
188793,2023-02-28 08:35:59,2023-02-28 05:35:59,79 km al SE de Socaire,-23.917,-67.206,237.0,4.1,Ml
188796,2023-02-28 09:05:30,2023-02-28 06:05:30,21 km al S de La Serena,-30.088,-71.309,57.0,4.1,Ml
188799,2023-02-28 11:17:59,2023-02-28 08:17:59,82 km al O de Cuya,-19.038,-70.949,38.0,2.8,Ml
188802,2023-02-28 12:20:32,2023-02-28 09:20:32,41 km al SO de Los Vilos,-32.214,-71.766,30.0,3.1,Ml
188804,2023-02-28 12:29:15,2023-02-28 09:29:15,32 km al E de Curicó,-34.897,-70.9,99.0,3.9,Ml
188811,2023-02-28 13:19:44,2023-02-28 10:19:44,79 km al O de Cuya,-19.056,-70.928,38.0,3.5,Ml
188815,2023-02-28 13:27:38,2023-02-28 10:27:38,78 km al O de Cuya,-19.055,-70.914,34.0,2.9,Ml
188818,2023-02-28 14:06:47,2023-02-28 11:06:47,27 km al N de Camiña,-19.076,-69.367,106.0,3.6,Ml
188828,2023-02-28 17:09:21,2023-02-28 14:09:21,66 km al SO de Ollagüe,-21.756,-68.53,132.0,3.0,Ml
188844,2023-02-28 20:10:35,2023-02-28 17:10:35,76 km al NE de Calama,-21.921,-68.493,138.0,3.7,Ml
188856,2023-03-01 01:02:47,2023-02-28 22:02:47,91 km al NE de Taltal,-24.958,-69.736,74.0,3.5,Ml
188863,2023-03-01 01:46:16,2023-02-28 22:46:16,29 km al SO de Mina Collahuasi,-21.052,-68.795,110.0,3.3,Ml
188865,2023-03-01 01:52:43,2023-02-28 22:52:43,42 km al SO de Mina Collahuasi,-21.117,-68.914,114.0,3.6,Ml
188872,2023-03-01 04:19:05,2023-03-01 01:19:05,34 km al N de Calama,-22.162,-68.946,108.0,4.1,Ml
188894,2023-03-01 08:53:41,2023-03-01 05:53:41,27 km al E de Pica,-20.517,-69.069,104.0,2.6,Ml
188925,2023-03-01 13:34:28,2023-03-01 10:34:28,38 km al SE de Sierra Gorda.,-23.13,-69.044,96.0,3.1,Ml
188929,2023-03-01 14:37:47,2023-03-01 11:37:47,42 km al O de Valparaíso,-32.949,-72.049,32.0,2.8,Ml
188936,2023-03-01 16:36:46,2023-03-01 13:36:46,35 km al SE de Visviri,-17.75,-69.196,144.0,3.9,Ml
188938,2023-03-01 16:45:55,2023-03-01 13:45:55,26 km al NO de Pica,-20.276,-69.43,90.0,2.6,Ml
188941,2023-03-01 16:54:36,2023-03-01 13:54:36,18 km al NE de Vichuquén,-34.798,-71.83,41.0,3.9,Ml
188942,2023-03-01 16:56:48,2023-03-01 13:56:48,44 km al SO de Mina Collahuasi,-21.025,-69.023,102.0,2.7,Ml
188946,2023-03-01 17:08:28,2023-03-01 14:08:28,63 km al NO de Tongoy,-29.842,-71.945,38.0,3.0,Ml
188981,2023-03-02 01:51:46,2023-03-01 22:51:46,91 km al S de Socaire,-24.376,-67.64,227.0,4.5,Ml
188985,2023-03-02 02:51:30,2023-03-01 23:51:30,47 km al NE de Calama,-22.213,-68.566,113.0,2.5,Ml
188990,2023-03-02 05:16:59,2023-03-02 02:16:59,21 km al S de Mina Collahuasi,-21.011,-68.624,138.0,3.1,Ml
189005,2023-03-02 07:19:28,2023-03-02 04:19:28,29 km al S de Calama,-22.723,-68.878,94.0,2.7,Ml
189025,2023-03-02 13:47:35,2023-03-02 10:47:35,43 km al O de Fresia,-41.013,-73.899,12.0,3.7,Ml
189027,2023-03-02 13:50:00,2023-03-02 10:50:00,40 km al O de San Pedro de Atacama,-22.946,-68.586,129.0,2.5,Ml
189028,2023-03-02 14:14:35,2023-03-02 11:14:35,101 km al O de Pisagua,-19.829,-71.144,31.0,2.7,Ml
189030,2023-03-02 15:00:34,2023-03-02 12:00:34,90 km al O de Pisagua,-19.88,-71.019,39.0,3.9,Ml
189044,2023-03-02 18:48:38,2023-03-02 15:48:38,118 km al NO de Cobquecura,-35.591,-73.921,15.0,3.0,Ml
189047,2023-03-02 18:53:00,2023-03-02 15:53:00,49 km al NE de Calama,-22.063,-68.737,118.0,3.4,Ml
189049,2023-03-02 19:03:38,2023-03-02 16:03:38,34 km al E de Mina La Escondida.,-24.262,-68.719,109.0,3.1,Ml
189060,2023-03-02 22:28:37,2023-03-02 19:28:37,145 km al O de Pichilemu,-34.069,-73.541,10.0,2.7,Ml
189062,2023-03-02 22:32:59,2023-03-02 19:32:59,70 km al NE de Calama,-21.91,-68.611,119.0,2.9,Ml
189068,2023-03-02 23:16:43,2023-03-02 20:16:43,63 km al SE de Socaire,-24.014,-67.477,263.0,3.4,Ml
189069,2023-03-03 00:00:14,2023-03-02 21:00:14,42 km al NO de Panguipulli,-39.462,-72.758,66.0,2.6,Ml
189074,2023-03-03 00:32:17,2023-03-02 21:32:17,42 km al NE de Pica,-20.184,-69.1,103.0,3.8,Ml
189090,2023-03-03 03:46:03,2023-03-03 00:46:03,65 km al S de Socaire,-24.166,-67.776,232.0,2.9,Ml
189093,2023-03-03 04:20:09,2023-03-03 01:20:09,53 km al NE de Calama,-22.068,-68.66,125.0,3.5,Ml
189110,2023-03-03 06:47:26,2023-03-03 03:47:26,48 km al O de La Ligua,-32.591,-71.716,31.0,2.6,Ml
189115,2023-03-03 07:19:55,2023-03-03 04:19:55,37 km al O de El Tabo,-33.601,-72.028,37.0,4.2,Ml
189122,2023-03-03 08:43:11,2023-03-03 05:43:11,45 km al SO de Mina La Escondida.,-24.591,-69.327,88.0,3.5,Ml
189126,2023-03-03 09:16:06,2023-03-03 06:16:06,81 km al NE de Mina La Escondida.,-23.592,-68.768,109.0,2.8,Ml
189129,2023-03-03 09:48:03,2023-03-03 06:48:03,62 km al O de Ollagüe,-21.394,-68.823,117.0,3.7,Ml
189133,2023-03-03 10:35:14,2023-03-03 07:35:14,70 km al SE de Socaire,-23.93,-67.314,245.0,3.2,Ml
189144,2023-03-03 15:37:27,2023-03-03 12:37:27,20 km al SO de Los Vilos,-32.047,-71.645,31.0,2.6,Ml
189146,2023-03-03 15:47:58,2023-03-03 12:47:58,25 km al S de Tongoy,-30.466,-71.573,32.0,2.7,Ml
189150,2023-03-03 15:55:33,2023-03-03 12:55:33,73 km al NE de Calama,-21.91,-68.564,123.0,2.5,Ml
189157,2023-03-03 16:36:03,2023-03-03 13:36:03,5 km al S de Ollagüe,-21.271,-68.259,141.0,2.8,Ml
189159,2023-03-03 17:09:36,2023-03-03 14:09:36,45 km al NE de Pica,-20.322,-68.934,119.0,2.7,Ml
189171,2023-03-03 18:58:36,2023-03-03 15:58:36,60 km al E de Baquedano,-23.494,-69.277,92.0,4.0,Ml
189183,2023-03-03 20:11:07,2023-03-03 17:11:07,43 km al NE de Pica,-20.271,-68.995,115.0,2.7,Ml
189185,2023-03-03 20:33:50,2023-03-03 17:33:50,92 km al O de Canela Baja,-31.186,-72.389,23.0,3.0,Ml
189189,2023-03-03 21:46:50,2023-03-03 18:46:50,28 km al NO de Tocopilla,-21.977,-70.441,23.0,2.9,Ml
189191,2023-03-03 22:01:09,2023-03-03 19:01:09,83 km al SE de Socaire,-24.117,-67.311,247.0,3.3,Ml
189198,2023-03-03 22:48:28,2023-03-03 19:48:28,34 km al O de Mina Collahuasi,-20.881,-68.981,107.0,2.5,Ml
189207,2023-03-04 00:51:25,2023-03-03 21:51:25,56 km al O de Tongoy,-30.172,-72.073,32.0,3.1,Ml
189216,2023-03-04 01:56:50,2023-03-03 22:56:50,11 km al E de Calama,-22.506,-68.827,115.0,2.6,Ml
189218,2023-03-04 02:06:05,2023-03-03 23:06:05,49 km al NE de Socaire,-23.378,-67.473,254.0,2.5,Ml
189219,2023-03-04 02:16:31,2023-03-03 23:16:31,137 km al E de Tierra Amarilla,-27.584,-68.877,145.0,2.9,Ml
189220,2023-03-04 02:17:15,2023-03-03 23:17:15,42 km al E de Entre Lagos,-40.727,-72.106,145.0,2.6,Ml
189222,2023-03-04 02:40:52,2023-03-03 23:40:52,64 km al S de Socaire,-24.168,-67.858,217.0,2.6,Ml
189225,2023-03-04 02:59:19,2023-03-03 23:59:19,65 km al N de Mina La Escondida.,-23.691,-69.13,100.0,2.9,Ml
189232,2023-03-04 03:55:05,2023-03-04 00:55:05,33 km al SO de El Tabo,-33.612,-71.967,29.0,2.5,Ml
189234,2023-03-04 03:58:12,2023-03-04 00:58:12,35 km al SO de El Tabo,-33.622,-71.989,30.0,2.8,Ml
189235,2023-03-04 04:27:03,2023-03-04 01:27:03,72 km al E de Mina La Escondida.,-24.283,-68.35,261.0,2.6,Ml
189240,2023-03-04 05:01:23,2023-03-04 02:01:23,32 km al O de San Antonio,-33.616,-71.955,32.0,2.6,Ml
189242,2023-03-04 05:29:52,2023-03-04 02:29:52,6 km al SO de Colchane.,-19.325,-68.667,148.0,3.4,Ml
189247,2023-03-04 06:08:49,2023-03-04 03:08:49,31 km al NE de Calama,-22.348,-68.657,112.0,2.8,Ml
189248,2023-03-04 06:11:17,2023-03-04 03:11:17,69 km al E de San Pedro de Atacama,-23.011,-67.531,273.0,3.3,Ml
189249,2023-03-04 06:12:43,2023-03-04 03:12:43,47 km al NE de Vallenar,-28.328,-70.372,85.0,3.1,Ml
189264,2023-03-04 07:38:50,2023-03-04 04:38:50,71 km al SE de Socaire,-24.165,-67.589,221.0,3.6,Ml
189272,2023-03-04 08:52:27,2023-03-04 05:52:27,31 km al SO de El Tabo,-33.599,-71.955,29.0,2.8,Ml
189287,2023-03-04 10:56:25,2023-03-04 07:56:25,41 km al NE de Calama,-22.141,-68.754,134.0,2.8,Ml
189293,2023-03-04 11:58:48,2023-03-04 08:58:48,114 km al E de Socaire,-23.609,-66.768,182.0,3.2,Ml
189296,2023-03-04 13:21:30,2023-03-04 10:21:30,86 km al S de El Salvador,-27.002,-69.463,97.0,3.2,Ml
189298,2023-03-04 14:00:07,2023-03-04 11:00:07,59 km al SE de Sierra Gorda.,-23.257,-68.895,145.0,2.6,Ml
189312,2023-03-04 16:44:53,2023-03-04 13:44:53,53 km al SO de Ollagüe,-21.582,-68.593,135.0,2.7,Ml
189316,2023-03-04 17:33:04,2023-03-04 14:33:04,48 km al SO de Los Vilos,-32.304,-71.721,34.0,2.5,Ml
189318,2023-03-04 17:37:56,2023-03-04 14:37:56,48 km al SO de Los Vilos,-32.302,-71.739,24.0,2.6,Ml
189324,2023-03-04 17:47:50,2023-03-04 14:47:50,48 km al SO de Los Vilos,-32.299,-71.746,20.0,2.6,Ml
189331,2023-03-04 18:17:26,2023-03-04 15:17:26,36 km al NO de Mina Collahuasi,-20.663,-68.954,112.0,3.6,Ml
189337,2023-03-04 18:39:59,2023-03-04 15:39:59,42 km al O de Mina Collahuasi,-20.937,-69.04,111.0,3.1,Ml
189339,2023-03-04 18:56:56,2023-03-04 15:56:56,33 km al O de Cobquecura,-36.065,-73.152,15.0,2.6,Ml
189357,2023-03-04 22:51:08,2023-03-04 19:51:08,39 km al NO de Quillagua,-21.341,-69.704,47.0,3.0,Ml
189361,2023-03-04 23:07:15,2023-03-04 20:07:15,18 km al E de Mina Los Pelambres,-31.792,-70.402,130.0,3.1,Ml
189369,2023-03-05 00:59:39,2023-03-04 21:59:39,46 km al O de El Tabo,-33.407,-72.165,20.0,3.0,Ml
189372,2023-03-05 01:06:11,2023-03-04 22:06:11,10 km al N de Tocopilla,-22.006,-70.227,60.0,4.0,Ml
189377,2023-03-05 02:48:13,2023-03-04 23:48:13,52 km al SE de Socaire,-23.95,-67.558,230.0,2.5,Ml
189378,2023-03-05 02:52:24,2023-03-04 23:52:24,25 km al NO de La Higuera,-29.317,-71.325,46.0,3.4,Ml
189383,2023-03-05 04:07:27,2023-03-05 01:07:27,66 km al SE de Socaire,-24.131,-67.619,247.0,2.6,Ml
189390,2023-03-05 05:42:01,2023-03-05 02:42:01,31 km al S de Mina Collahuasi,-21.099,-68.696,116.0,2.8,Ml
189394,2023-03-05 06:36:35,2023-03-05 03:36:35,73 km al SO de Socaire,-24.083,-68.357,128.0,2.8,Ml
189402,2023-03-05 09:23:28,2023-03-05 06:23:28,114 km al E de Socaire,-23.907,-66.823,210.0,3.2,Ml
189406,2023-03-05 11:41:59,2023-03-05 08:41:59,81 km al S de Socaire,-24.312,-67.777,233.0,2.7,Ml
189417,2023-03-05 14:15:25,2023-03-05 11:15:25,126 km al NE de Alto del Carmen,-28.268,-69.319,143.0,3.8,Ml
189418,2023-03-05 14:22:23,2023-03-05 11:22:23,123 km al NE de Socaire,-23.027,-66.85,222.0,3.2,Ml
189420,2023-03-05 14:30:37,2023-03-05 11:30:37,18 km al NO de Punitaqui,-30.733,-71.407,40.0,4.0,Ml
189422,2023-03-05 14:38:20,2023-03-05 11:38:20,33 km al SO de El Tabo,-33.603,-71.982,35.0,3.1,Ml
189434,2023-03-05 16:08:06,2023-03-05 13:08:06,52 km al SO de María Elena,-22.749,-69.911,38.0,2.5,Ml
189452,2023-03-05 18:54:04,2023-03-05 15:54:04,28 km al O de Ollagüe,-21.186,-68.518,128.0,2.7,Ml
189451,2023-03-05 18:54:05,2023-03-05 15:54:05,28 km al SO de Salamanca,-32.0,-71.111,68.0,2.5,Ml
189455,2023-03-05 19:15:25,2023-03-05 16:15:25,34 km al SO de El Tabo,-33.598,-71.999,32.0,2.7,Ml
189462,2023-03-05 20:27:21,2023-03-05 17:27:21,62 km al NE de San Pedro de Atacama,-22.422,-67.932,205.0,2.7,Ml
189468,2023-03-05 21:39:52,2023-03-05 18:39:52,39 km al E de Entre Lagos,-40.571,-72.164,7.0,2.6,Ml
189470,2023-03-05 21:59:41,2023-03-05 18:59:41,14 km al O de Socaire,-23.541,-68.015,146.0,2.8,Ml
189473,2023-03-05 22:07:18,2023-03-05 19:07:18,23 km al N de Huasco,-28.258,-71.214,33.0,4.4,Mw
189478,2023-03-05 23:17:53,2023-03-05 20:17:53,69 km al SO de Ollagüe,-21.731,-68.637,133.0,2.5,Ml
189479,2023-03-05 23:22:49,2023-03-05 20:22:49,95 km al SE de Socaire,-24.261,-67.316,192.0,3.3,Ml
189486,2023-03-06 00:56:33,2023-03-05 21:56:33,18 km al NE de Curicó,-34.907,-71.062,99.0,2.9,Ml
189489,2023-03-06 01:44:46,2023-03-05 22:44:46,110 km al SE de Socaire,-24.323,-67.157,191.0,3.4,Ml
189493,2023-03-06 02:27:58,2023-03-05 23:27:58,22 km al SO de Punitaqui,-31.009,-71.361,64.0,3.5,Ml
189497,2023-03-06 03:54:32,2023-03-06 00:54:32,65 km al S de Socaire,-24.178,-67.89,240.0,2.8,Ml
189501,2023-03-06 04:39:39,2023-03-06 01:39:39,115 km al E de Socaire,-23.871,-66.804,190.0,3.0,Ml
189510,2023-03-06 06:36:50,2023-03-06 03:36:50,34 km al O de Mina Collahuasi,-20.941,-68.965,104.0,2.6,Ml
189512,2023-03-06 07:16:41,2023-03-06 04:16:41,92 km al SE de Socaire,-24.33,-67.491,212.0,3.0,Ml
189514,2023-03-06 07:17:45,2023-03-06 04:17:45,50 km al E de Talca,-35.48,-71.118,105.0,3.0,Ml
189517,2023-03-06 07:34:50,2023-03-06 04:34:50,24 km al NO de La Serena,-29.717,-71.376,65.0,5.0,Mw
189520,2023-03-06 08:17:50,2023-03-06 05:17:50,25 km al SO de Mina Collahuasi,-21.028,-68.771,103.0,2.6,Ml
189524,2023-03-06 08:39:16,2023-03-06 05:39:16,96 km al SE de Socaire,-24.202,-67.222,239.0,3.5,Ml
189536,2023-03-06 12:24:48,2023-03-06 09:24:48,47 km al O de La Ligua,-32.429,-71.734,40.0,3.8,Ml
189538,2023-03-06 13:01:52,2023-03-06 10:01:52,45 km al SO de Los Vilos,-32.125,-71.92,20.0,2.6,Ml
189547,2023-03-06 17:12:03,2023-03-06 14:12:03,20 km al SO de Los Vilos,-32.064,-71.615,28.0,3.2,Ml
189559,2023-03-06 18:10:10,2023-03-06 15:10:10,33 km al SO de Los Vilos,-32.086,-71.789,28.0,2.9,Ml
189567,2023-03-06 19:08:42,2023-03-06 16:08:42,51 km al S de Taltal,-25.863,-70.558,68.0,3.5,Ml
189577,2023-03-06 20:54:28,2023-03-06 17:54:28,24 km al S de San Pedro de Atacama,-23.138,-68.173,172.0,3.2,Ml
189593,2023-03-06 22:22:57,2023-03-06 19:22:57,37 km al SO de Mina Collahuasi,-20.974,-68.972,105.0,2.9,Ml
189598,2023-03-06 23:33:09,2023-03-06 20:33:09,46 km al S de Ollagüe,-21.613,-68.409,133.0,3.3,Ml
189603,2023-03-07 00:34:25,2023-03-06 21:34:25,22 km al SE de Casablanca,-33.498,-71.306,62.0,2.5,Ml
189605,2023-03-07 01:31:48,2023-03-06 22:31:48,33 km al SO de San José de Maipo,-33.778,-70.674,92.0,3.3,Ml
189619,2023-03-07 05:31:49,2023-03-07 02:31:49,28 km al N de Los Vilos,-31.665,-71.547,38.0,3.2,Ml
189639,2023-03-07 07:52:12,2023-03-07 04:52:12,33 km al SO de Sierra Gorda.,-23.095,-69.562,97.0,4.4,Ml
189652,2023-03-07 11:07:11,2023-03-07 08:07:11,63 km al NO de La Higuera,-29.077,-71.615,38.0,3.9,Ml
189654,2023-03-07 11:10:37,2023-03-07 08:10:37,49 km al NE de Calama,-22.078,-68.703,119.0,3.0,Ml
189655,2023-03-07 11:31:03,2023-03-07 08:31:03,65 km al E de Combarbalá,-31.191,-70.319,13.0,3.1,Ml
189663,2023-03-07 13:20:31,2023-03-07 10:20:31,37 km al S de Mina Collahuasi,-21.156,-68.68,134.0,2.8,Ml
189664,2023-03-07 13:31:07,2023-03-07 10:31:07,58 km al SO de Ollagüe,-21.707,-68.464,127.0,3.0,Ml
189667,2023-03-07 14:05:56,2023-03-07 11:05:56,34 km al O de Valparaíso,-33.088,-71.977,26.0,2.6,Ml
189673,2023-03-07 14:29:01,2023-03-07 11:29:01,33 km al O de Valparaíso,-33.088,-71.97,24.0,2.8,Ml
189678,2023-03-07 14:35:44,2023-03-07 11:35:44,33 km al S de Mina Collahuasi,-21.107,-68.554,136.0,2.6,Ml
189682,2023-03-07 14:49:58,2023-03-07 11:49:58,41 km al S de Calama,-22.829,-68.844,105.0,2.6,Ml
189703,2023-03-07 18:29:55,2023-03-07 15:29:55,34 km al SO de Camiña,-19.544,-69.636,77.0,2.6,Ml
189708,2023-03-07 20:26:27,2023-03-07 17:26:27,93 km al NE de Socaire,-23.114,-67.137,268.0,3.7,Ml
189713,2023-03-07 22:13:20,2023-03-07 19:13:20,25 km al S de Melipilla,-33.911,-71.244,70.0,2.5,Ml
189716,2023-03-07 22:53:19,2023-03-07 19:53:19,31 km al O de Ollagüe,-21.204,-68.553,131.0,2.6,Ml
189719,2023-03-07 22:57:19,2023-03-07 19:57:19,55 km al SE de Sierra Gorda.,-23.203,-68.892,114.0,2.7,Ml
189732,2023-03-08 01:21:07,2023-03-07 22:21:07,8 km al SO de San Antonio,-33.641,-71.651,45.0,2.5,Ml
189733,2023-03-08 01:24:10,2023-03-07 22:24:10,42 km al S de Mina Collahuasi,-21.2,-68.669,119.0,3.4,Ml
189739,2023-03-08 02:36:49,2023-03-07 23:36:49,24 km al SE de Angol,-37.996,-72.584,40.0,3.0,Ml
189746,2023-03-08 04:27:51,2023-03-08 01:27:51,65 km al NE de Calama,-21.965,-68.619,123.0,3.8,Ml
189754,2023-03-08 05:34:42,2023-03-08 02:34:42,27 km al S de Camiña,-19.554,-69.438,109.0,3.4,Ml
189771,2023-03-08 08:28:29,2023-03-08 05:28:29,39 km al O de Taltal,-25.264,-70.842,18.0,2.8,Ml
189777,2023-03-08 09:00:23,2023-03-08 06:00:23,120 km al NO de Pichilemu,-33.876,-73.155,10.0,3.9,M
189789,2023-03-08 12:14:18,2023-03-08 09:14:18,26 km al E de Pica,-20.401,-69.096,116.0,3.5,Ml
189791,2023-03-08 12:22:06,2023-03-08 09:22:06,43 km al NE de Camiña,-19.006,-69.173,106.0,2.8,Ml
189795,2023-03-08 13:09:19,2023-03-08 10:09:19,20 km al O de Santiago,-33.411,-70.862,69.0,3.3,Ml
189801,2023-03-08 13:42:06,2023-03-08 10:42:06,40 km al NO de San Pedro de Atacama,-22.617,-68.411,144.0,2.6,Ml
189804,2023-03-08 14:58:53,2023-03-08 11:58:53,29 km al O de Pichilemu,-34.422,-72.326,32.0,2.9,Ml
189806,2023-03-08 15:23:40,2023-03-08 12:23:40,72 km al SO de Pica,-21.031,-69.711,12.0,2.5,Ml
189818,2023-03-08 17:58:33,2023-03-08 14:58:33,42 km al SO de Ollagüe,-21.508,-68.525,132.0,3.0,Ml
189836,2023-03-08 20:27:41,2023-03-08 17:27:41,43 km al O de Pichilemu,-34.353,-72.478,33.0,2.6,Ml
189844,2023-03-08 21:52:04,2023-03-08 18:52:04,41 km al E de Mina Los Pelambres,-31.711,-70.168,131.0,2.7,Ml
189846,2023-03-08 21:58:47,2023-03-08 18:58:47,31 km al O de Ollagüe,-21.157,-68.544,132.0,2.7,Ml
189860,2023-03-09 02:02:03,2023-03-08 23:02:03,44 km al SO de Camiña,-19.526,-69.784,31.0,4.2,Mw
189870,2023-03-09 04:13:17,2023-03-09 01:13:17,81 km al N de Taltal,-24.69,-70.351,53.0,2.9,Ml
189871,2023-03-09 04:27:56,2023-03-09 01:27:56,42 km al O de La Ligua,-32.579,-71.649,63.0,2.9,Ml
189883,2023-03-09 07:29:28,2023-03-09 04:29:28,60 km al SO de Ollagüe,-21.662,-68.593,138.0,3.1,Ml
189889,2023-03-09 09:19:25,2023-03-09 06:19:25,61 km al N de Vallenar,-28.028,-70.692,75.0,2.7,Ml
189894,2023-03-09 10:11:56,2023-03-09 07:11:56,45 km al NE de Calama,-22.137,-68.687,107.0,3.5,Ml
189896,2023-03-09 10:40:37,2023-03-09 07:40:37,53 km al NO de Chañaral.,-25.9,-70.816,53.0,3.6,Ml
189899,2023-03-09 10:43:06,2023-03-09 07:43:06,87 km al S de Ilo,-18.425,-71.349,24.0,3.0,Ml
189904,2023-03-09 11:44:13,2023-03-09 08:44:13,100 km al NO de Cochrane,-46.553,-73.4,7.0,3.2,Ml
189911,2023-03-09 12:56:35,2023-03-09 09:56:35,52 km al SO de Pica,-20.781,-69.722,56.0,3.8,Ml
189914,2023-03-09 13:44:15,2023-03-09 10:44:15,66 km al SE de Socaire,-23.903,-67.336,256.0,3.5,Ml
189915,2023-03-09 13:54:31,2023-03-09 10:54:31,38 km al NE de Calama,-22.206,-68.702,118.0,3.5,Ml
189920,2023-03-09 15:00:35,2023-03-09 12:00:35,66 km al SO de San Pedro de Atacama,-23.378,-68.617,101.0,2.9,Ml
189929,2023-03-09 16:32:24,2023-03-09 13:32:24,41 km al O de El Tabo,-33.304,-72.07,39.0,3.0,Ml
189937,2023-03-09 17:25:53,2023-03-09 14:25:53,14 km al SE de Camiña,-19.419,-69.355,99.0,2.9,Ml
189943,2023-03-09 17:42:55,2023-03-09 14:42:55,59 km al NO de Lebu,-37.201,-74.078,27.0,4.7,Mw
189949,2023-03-09 18:39:36,2023-03-09 15:39:36,69 km al O de Cobquecura,-35.878,-73.497,37.0,2.5,Ml
189962,2023-03-09 21:30:02,2023-03-09 18:30:02,23 km al S de Sierra Gorda.,-23.105,-69.349,96.0,4.3,Ml
189977,2023-03-10 00:58:53,2023-03-09 21:58:53,68 km al SE de Socaire,-24.121,-67.559,247.0,3.4,Ml
189982,2023-03-10 01:16:19,2023-03-09 22:16:19,23 km al O de Ollagüe,-21.187,-68.469,127.0,4.3,Ml
189990,2023-03-10 02:22:29,2023-03-09 23:22:29,83 km al E de Tierra Amarilla,-27.5,-69.428,108.0,3.3,Ml
190012,2023-03-10 07:15:38,2023-03-10 04:15:38,58 km al O de Arauco,-37.037,-73.916,44.0,2.9,Ml
190026,2023-03-10 09:13:36,2023-03-10 06:13:36,34 km al O de Ollagüe,-21.146,-68.568,140.0,3.0,Ml
190035,2023-03-10 10:23:07,2023-03-10 07:23:07,13 km al E de Tocopilla,-22.061,-70.08,74.0,2.9,Ml
190049,2023-03-10 12:45:38,2023-03-10 09:45:38,34 km al SO de El Tabo,-33.594,-71.995,30.0,3.2,Ml
190051,2023-03-10 12:57:56,2023-03-10 09:57:56,34 km al SO de El Tabo,-33.594,-71.99,31.0,3.3,Ml
190057,2023-03-10 13:10:54,2023-03-10 10:10:54,33 km al O de El Tabo,-33.584,-71.986,34.0,3.0,Ml
190063,2023-03-10 13:22:04,2023-03-10 10:22:04,34 km al O de El Tabo,-33.583,-72.0,28.0,2.6,Ml
190066,2023-03-10 13:32:45,2023-03-10 10:32:45,76 km al SE de Tierra Amarilla,-28.089,-69.907,93.0,2.9,Ml
190067,2023-03-10 13:38:13,2023-03-10 10:38:13,44 km al SE de Socaire,-23.851,-67.571,241.0,3.3,Ml
190071,2023-03-10 14:14:51,2023-03-10 11:14:51,34 km al SO de El Tabo,-33.592,-71.994,30.0,2.5,Ml
190073,2023-03-10 15:01:47,2023-03-10 12:01:47,32 km al SO de El Tabo,-33.599,-71.971,29.0,2.7,Ml
190075,2023-03-10 15:04:34,2023-03-10 12:04:34,35 km al SO de El Tabo,-33.605,-71.999,29.0,3.2,Ml
190078,2023-03-10 15:14:49,2023-03-10 12:14:49,35 km al SO de El Tabo,-33.605,-72.002,27.0,2.5,Ml
190084,2023-03-10 17:07:11,2023-03-10 14:07:11,65 km al SE de Mina La Escondida.,-24.535,-68.489,180.0,2.6,Ml
190087,2023-03-10 17:31:27,2023-03-10 14:31:27,52 km al NO de Taltal,-25.13,-70.898,35.0,3.0,Ml
190092,2023-03-10 18:03:16,2023-03-10 15:03:16,30 km al O de El Tabo,-33.53,-71.976,28.0,3.1,Ml
190110,2023-03-10 22:16:30,2023-03-10 19:16:30,34 km al O de Punitaqui,-30.959,-71.579,36.0,2.7,Ml
190113,2023-03-10 22:26:03,2023-03-10 19:26:03,58 km al N de Mina La Escondida.,-23.746,-69.0,91.0,2.9,Ml
190123,2023-03-11 00:49:41,2023-03-10 21:49:41,76 km al O de Pisagua,-19.855,-70.887,28.0,3.4,Ml
190126,2023-03-11 01:08:37,2023-03-10 22:08:37,55 km al SO de Mina Collahuasi,-21.226,-68.97,96.0,2.9,Ml
190133,2023-03-11 02:35:30,2023-03-10 23:35:30,312 km al SO de Melinka,-45.428,-77.056,10.0,5.0,Mw
190137,2023-03-11 03:59:46,2023-03-11 00:59:46,81 km al NO de Quillagua,-21.304,-70.223,35.0,2.7,Ml
190140,2023-03-11 04:13:45,2023-03-11 01:13:45,38 km al SO de Fresia,-41.346,-73.801,52.0,4.6,Mw
190144,2023-03-11 04:42:34,2023-03-11 01:42:34,17 km al S de Mina Collahuasi,-20.971,-68.71,109.0,2.5,Ml
190147,2023-03-11 05:10:17,2023-03-11 02:10:17,142 km al E de Tierra Amarilla,-27.63,-68.837,144.0,2.9,Ml
190158,2023-03-11 07:19:08,2023-03-11 04:19:08,96 km al O de Lebu,-37.23,-74.629,15.0,3.2,Ml
190163,2023-03-11 08:27:42,2023-03-11 05:27:42,44 km al N de Calama,-22.084,-68.833,110.0,4.4,Mw
190166,2023-03-11 09:12:21,2023-03-11 06:12:21,31 km al S de Sierra Gorda.,-23.17,-69.226,91.0,2.8,Ml
190168,2023-03-11 09:25:05,2023-03-11 06:25:05,122 km al E de Socaire,-23.658,-66.698,188.0,3.4,Ml
190172,2023-03-11 09:37:25,2023-03-11 06:37:25,82 km al O de Cobquecura,-36.012,-73.697,31.0,3.0,Ml
190176,2023-03-11 10:25:51,2023-03-11 07:25:51,13 km al SE de San Pedro de Atacama,-23.028,-68.145,128.0,2.7,Ml
190181,2023-03-11 11:18:41,2023-03-11 08:18:41,28 km al SO de Mina Collahuasi,-20.938,-68.897,104.0,2.6,Ml
190183,2023-03-11 12:57:02,2023-03-11 09:57:02,9 km al E de Ollagüe,-21.199,-68.17,172.0,2.9,Ml
190188,2023-03-11 13:32:35,2023-03-11 10:32:35,26 km al E de Los Andes.,-32.932,-70.343,114.0,2.8,Ml
190189,2023-03-11 13:35:28,2023-03-11 10:35:28,33 km al SE de Pica,-20.626,-69.043,110.0,3.7,Ml
190199,2023-03-11 14:39:58,2023-03-11 11:39:58,118 km al E de Socaire,-23.76,-66.749,182.0,3.1,Ml
190200,2023-03-11 14:44:25,2023-03-11 11:44:25,17 km al SO de Los Vilos,-32.01,-71.648,35.0,2.6,Ml
190217,2023-03-11 18:16:50,2023-03-11 15:16:50,77 km al N de Calama,-21.804,-68.717,125.0,2.5,Ml
190219,2023-03-11 18:31:44,2023-03-11 15:31:44,64 km al N de Mina Collahuasi,-20.259,-68.736,133.0,2.8,Ml
190229,2023-03-11 20:42:48,2023-03-11 17:42:48,17 km al NO de Tongoy,-30.124,-71.575,30.0,3.0,Ml
190235,2023-03-11 21:58:01,2023-03-11 18:58:01,19 km al N de Petorca,-32.084,-70.952,83.0,3.3,Ml
190248,2023-03-12 01:11:05,2023-03-11 22:11:05,68 km al NE de San Pedro de Atacama,-22.491,-67.725,171.0,3.7,Ml
190253,2023-03-12 02:51:39,2023-03-11 23:51:39,67 km al NO de Tongoy,-29.821,-71.982,22.0,2.9,Ml
190255,2023-03-12 02:55:09,2023-03-11 23:55:09,28 km al SO de Los Vilos,-32.131,-71.651,48.0,3.1,Ml
190266,2023-03-12 04:18:02,2023-03-12 01:18:02,23 km al S de San Pedro de Atacama,-23.124,-68.177,131.0,3.1,Ml
190270,2023-03-12 05:07:33,2023-03-12 02:07:33,73 km al SO de Socaire,-24.196,-68.163,294.0,2.9,Ml
190272,2023-03-12 05:34:47,2023-03-12 02:34:47,19 km al E de Colchane.,-19.262,-68.454,176.0,3.1,Ml
190280,2023-03-12 07:01:35,2023-03-12 04:01:35,90 km al SE de Socaire,-24.331,-67.543,210.0,4.1,Ml
190283,2023-03-12 07:02:57,2023-03-12 04:02:57,29 km al E de San Fernando,-34.624,-70.676,102.0,2.7,Ml
190286,2023-03-12 07:38:30,2023-03-12 04:38:30,45 km al SO de Ollagüe,-21.578,-68.46,117.0,2.9,Ml
190292,2023-03-12 09:15:23,2023-03-12 06:15:23,135 km al NO de Huasco,-27.545,-72.117,10.0,2.8,Ml
190298,2023-03-12 09:39:12,2023-03-12 06:39:12,43 km al SO de Mina Collahuasi,-21.04,-68.999,111.0,2.5,Ml
190305,2023-03-12 11:17:25,2023-03-12 08:17:25,18 km al NE de Calama,-22.34,-68.83,105.0,3.3,Ml
190320,2023-03-12 14:25:33,2023-03-12 11:25:33,57 km al SO de Mina Collahuasi,-21.289,-68.9,114.0,2.6,Ml
190345,2023-03-12 19:30:19,2023-03-12 16:30:19,120 km al E de Socaire,-23.961,-66.788,210.0,3.3,Ml
190354,2023-03-12 22:39:30,2023-03-12 19:39:30,99 km al E de San Pedro de Atacama,-22.758,-67.249,269.0,2.6,Ml
190378,2023-03-13 04:46:56,2023-03-13 01:46:56,44 km al SO de Los Vilos,-32.206,-71.822,26.0,3.0,Ml
190380,2023-03-13 05:01:44,2023-03-13 02:01:44,29 km al SE de Tocopilla,-22.307,-70.046,22.0,2.7,Ml
190385,2023-03-13 06:11:31,2023-03-13 03:11:31,12 km al SE de Pica,-20.567,-69.254,92.0,2.6,Ml
190389,2023-03-13 06:29:51,2023-03-13 03:29:51,26 km al S de Los Vilos,-32.147,-71.488,59.0,2.9,Ml
190397,2023-03-13 08:49:25,2023-03-13 05:49:25,106 km al O de Arica,-18.703,-71.298,75.0,3.3,Ml
190399,2023-03-13 08:52:35,2023-03-13 05:52:35,65 km al SO de Ollagüe,-21.478,-68.818,110.0,3.0,Ml
190401,2023-03-13 10:14:04,2023-03-13 07:14:04,25 km al SO de Huasco,-28.669,-71.322,35.0,3.4,Ml
190413,2023-03-13 11:29:37,2023-03-13 08:29:37,126 km al O de Pichilemu,-34.502,-73.377,17.0,2.6,Ml
190414,2023-03-13 12:54:32,2023-03-13 09:54:32,45 km al O de Taltal,-25.552,-70.904,40.0,3.8,Ml
190421,2023-03-13 14:29:47,2023-03-13 11:29:47,132 km al NO de Caldera,-26.499,-71.993,27.0,3.3,Ml
190428,2023-03-13 15:53:39,2023-03-13 12:53:39,75 km al E de Tierra Amarilla,-27.605,-69.517,103.0,2.6,Ml
190430,2023-03-13 16:17:41,2023-03-13 13:17:41,55 km al S de Ollagüe,-21.697,-68.411,126.0,2.6,Ml
190450,2023-03-13 19:19:16,2023-03-13 16:19:16,40 km al NO de Tacna,-17.72,-70.465,98.0,5.0,Mww
190452,2023-03-13 19:28:41,2023-03-13 16:28:41,16 km al N de Laja,-37.148,-72.664,54.0,2.5,Ml
190456,2023-03-13 22:33:00,2023-03-13 19:33:00,111 km al SE de Socaire,-24.082,-66.94,219.0,3.6,Ml
190459,2023-03-13 22:50:46,2023-03-13 19:50:46,188 km al NO de La Rioja,-28.026,-67.959,199.0,5.3,Mww
190462,2023-03-13 23:03:45,2023-03-13 20:03:45,34 km al O de Punitaqui,-30.961,-71.576,37.0,2.9,Ml
190465,2023-03-13 23:45:26,2023-03-13 20:45:26,48 km al SO de Colchane.,-19.516,-69.018,115.0,2.7,Ml
190475,2023-03-14 02:48:04,2023-03-13 23:48:04,42 km al SE de Pica,-20.817,-69.131,112.0,2.6,Ml
190478,2023-03-14 04:12:54,2023-03-14 01:12:54,76 km al O de Cobquecura,-36.02,-73.624,28.0,2.7,Ml
190501,2023-03-14 07:03:50,2023-03-14 04:03:50,48 km al N de Pica,-20.08,-69.183,91.0,3.1,Ml
190502,2023-03-14 07:11:16,2023-03-14 04:11:16,35 km al O de Caldera,-26.974,-71.161,38.0,4.1,Ml
190505,2023-03-14 07:18:27,2023-03-14 04:18:27,96 km al NE de Socaire,-23.163,-67.069,227.0,3.5,Ml
190514,2023-03-14 10:07:52,2023-03-14 07:07:52,38 km al N de Camiña,-18.987,-69.52,91.0,2.7,Ml
190522,2023-03-14 12:30:35,2023-03-14 09:30:35,65 km al N de Huasco,-27.912,-71.002,37.0,2.7,Ml
190554,2023-03-14 19:06:49,2023-03-14 16:06:49,62 km al S de Alto Hospicio,-20.818,-69.985,46.0,2.5,Ml
190564,2023-03-14 19:56:34,2023-03-14 16:56:34,195 km al O de Tirúa,-38.34,-75.729,15.0,5.5,Mww
190570,2023-03-14 20:37:42,2023-03-14 17:37:42,35 km al N de Pica,-20.182,-69.386,86.0,2.9,Ml
190572,2023-03-14 20:38:23,2023-03-14 17:38:23,42 km al O de Puerto Cisnes,-44.707,-73.213,21.0,3.0,Ml
190573,2023-03-14 20:55:45,2023-03-14 17:55:45,4 km al NO de Visviri,-17.58,-69.513,174.0,4.1,Ml
190596,2023-03-15 01:15:37,2023-03-14 22:15:37,41 km al E de Arica,-18.581,-69.944,95.0,2.9,Ml
190597,2023-03-15 01:33:43,2023-03-14 22:33:43,135 km al O de Tirúa,-38.512,-75.026,9.0,2.7,Ml
190605,2023-03-15 03:29:26,2023-03-15 00:29:26,143 km al O de Tirúa,-38.529,-75.123,21.0,3.2,Ml
190616,2023-03-15 05:38:15,2023-03-15 02:38:15,89 km al O de Arica,-18.661,-71.143,19.0,2.9,Ml
190618,2023-03-15 05:53:58,2023-03-15 02:53:58,89 km al SE de Socaire,-24.324,-67.532,234.0,2.9,Ml
190620,2023-03-15 06:01:38,2023-03-15 03:01:38,27 km al SO de Ollagüe,-21.435,-68.38,146.0,3.0,Ml
190623,2023-03-15 06:05:49,2023-03-15 03:05:49,83 km al S de Socaire,-24.34,-67.858,250.0,2.9,Ml
190625,2023-03-15 06:11:03,2023-03-15 03:11:03,123 km al SE de Socaire,-24.229,-66.904,210.0,3.7,Ml
190632,2023-03-15 09:09:22,2023-03-15 06:09:22,33 km al O de Ollagüe,-21.154,-68.565,124.0,3.1,Ml
190634,2023-03-15 09:35:41,2023-03-15 06:35:41,39 km al NE de Vallenar,-28.301,-70.508,74.0,4.0,Ml
190642,2023-03-15 11:10:52,2023-03-15 08:10:52,36 km al S de Mina Collahuasi,-21.147,-68.735,112.0,3.4,Ml
190644,2023-03-15 11:39:11,2023-03-15 08:39:11,32 km al NO de Caldera,-26.872,-71.055,46.0,3.4,Ml
190646,2023-03-15 11:40:36,2023-03-15 08:40:36,29 km al SO de Mina Collahuasi,-21.064,-68.771,100.0,2.6,Ml
190650,2023-03-15 12:08:53,2023-03-15 09:08:53,103 km al E de Socaire,-23.959,-66.958,215.0,3.3,Ml
190652,2023-03-15 12:34:03,2023-03-15 09:34:03,191 km al O de Tirúa,-38.364,-75.679,15.0,3.8,Ml
190661,2023-03-15 15:12:05,2023-03-15 12:12:05,25 km al S de Tongoy,-30.465,-71.578,28.0,2.9,Ml
190669,2023-03-15 16:24:23,2023-03-15 13:24:23,139 km al O de Tirúa,-38.638,-75.05,21.0,3.6,Ml
190674,2023-03-15 16:58:08,2023-03-15 13:58:08,30 km al S de Los Vilos,-32.174,-71.604,64.0,3.1,Ml
190686,2023-03-15 18:13:25,2023-03-15 15:13:25,23 km al NO de Los Ángeles,-37.279,-72.447,50.0,2.9,Ml
190701,2023-03-15 21:19:18,2023-03-15 18:19:18,37 km al NO de Mina Collahuasi,-20.528,-68.811,114.0,2.9,Ml
190703,2023-03-15 21:35:22,2023-03-15 18:35:22,85 km al S de Antofagasta,-24.396,-70.547,46.0,4.3,Ml
190706,2023-03-15 21:46:04,2023-03-15 18:46:04,42 km al SE de Mina Los Pelambres,-32.142,-70.353,129.0,3.0,Ml
190718,2023-03-15 23:22:00,2023-03-15 20:22:00,30 km al NO de El Tabo,-33.3,-71.933,35.0,3.4,Ml
190724,2023-03-15 23:38:12,2023-03-15 20:38:12,41 km al O de El Tabo,-33.315,-72.078,34.0,3.0,Ml
190730,2023-03-16 00:16:25,2023-03-15 21:16:25,109 km al E de Socaire,-23.985,-66.912,211.0,3.4,Ml
190732,2023-03-16 00:28:36,2023-03-15 21:28:36,29 km al O de Santiago,-33.452,-70.96,85.0,2.6,Ml
190739,2023-03-16 01:53:27,2023-03-15 22:53:27,19 km al E de Valparaíso,-33.118,-71.427,54.0,2.5,Ml
190754,2023-03-16 03:59:19,2023-03-16 00:59:19,45 km al SE de Alto del Carmen,-28.957,-70.083,116.0,2.9,Ml
190759,2023-03-16 05:42:13,2023-03-16 02:42:13,83 km al SE de Socaire,-24.174,-67.382,187.0,3.9,Ml
190765,2023-03-16 07:24:07,2023-03-16 04:24:07,28 km al NO de Futrono,-39.962,-72.627,88.0,3.2,Ml
190768,2023-03-16 07:38:08,2023-03-16 04:38:08,143 km al O de Tirúa,-38.672,-75.082,16.0,3.4,Ml
190773,2023-03-16 08:31:21,2023-03-16 05:31:21,24 km al S de Cabrero,-37.243,-72.319,68.0,3.1,Ml
190779,2023-03-16 09:31:42,2023-03-16 06:31:42,66 km al SO de Tierra Amarilla,-27.915,-70.729,57.0,2.8,Ml
190782,2023-03-16 11:12:20,2023-03-16 08:12:20,95 km al SE de Socaire,-24.099,-67.14,158.0,3.4,Ml
190783,2023-03-16 11:31:48,2023-03-16 08:31:48,18 km al SO de Vichuquén,-34.961,-72.174,38.0,3.2,Ml
190786,2023-03-16 11:41:18,2023-03-16 08:41:18,22 km al SO de La Higuera,-29.626,-71.382,75.0,2.8,Ml
190789,2023-03-16 12:59:26,2023-03-16 09:59:26,186 km al O de Tirúa,-38.437,-75.625,15.0,3.6,Ml
190797,2023-03-16 14:34:22,2023-03-16 11:34:22,104 km al E de Tierra Amarilla,-27.563,-69.22,105.0,2.9,Ml
190803,2023-03-16 15:04:34,2023-03-16 12:04:34,49 km al SO de Ollagüe,-21.537,-68.587,120.0,2.8,Ml
190809,2023-03-16 16:56:57,2023-03-16 13:56:57,29 km al NE de Huasco,-28.242,-71.064,46.0,2.7,Ml
190818,2023-03-16 18:01:28,2023-03-16 15:01:28,60 km al SE de Camiña,-19.803,-69.198,95.0,3.7,Ml
190835,2023-03-16 20:57:00,2023-03-16 17:57:00,73 km al O de Cobquecura,-36.029,-73.598,38.0,3.1,Ml
190843,2023-03-16 22:00:14,2023-03-16 19:00:14,45 km al SE de Calama,-22.806,-68.685,122.0,2.7,Ml
190849,2023-03-16 22:35:46,2023-03-16 19:35:46,76 km al SO de Ollagüe,-21.86,-68.535,126.0,2.9,Ml
190850,2023-03-16 22:35:53,2023-03-16 19:35:53,72 km al N de Taltal,-24.792,-70.704,30.0,3.7,Ml
190859,2023-03-17 01:07:03,2023-03-16 22:07:03,57 km al SO de Ollagüe,-21.608,-68.613,120.0,2.7,Ml
190861,2023-03-17 01:11:36,2023-03-16 22:11:36,58 km al E de Combarbalá,-31.228,-70.391,126.0,3.0,Ml
190864,2023-03-17 01:39:52,2023-03-16 22:39:52,69 km al NE de Calama,-21.903,-68.658,114.0,2.8,Ml
190865,2023-03-17 02:09:14,2023-03-16 23:09:14,34 km al SO de San Pedro de Atacama,-23.141,-68.435,136.0,3.5,Ml
190881,2023-03-17 06:46:57,2023-03-17 03:46:57,16 km al NE de Curicó,-34.863,-71.149,94.0,2.6,Ml
190888,2023-03-17 07:39:10,2023-03-17 04:39:10,34 km al NE de Mina La Escondida.,-24.027,-68.855,89.0,2.9,Ml
190889,2023-03-17 08:07:05,2023-03-17 05:07:05,97 km al O de Arica,-18.588,-71.238,27.0,3.7,Ml
190898,2023-03-17 09:53:06,2023-03-17 06:53:06,26 km al S de Sierra Gorda.,-23.133,-69.308,83.0,2.5,Ml
190901,2023-03-17 10:44:01,2023-03-17 07:44:01,44 km al SO de Alto Hospicio,-20.533,-70.418,32.0,2.6,Ml
190903,2023-03-17 11:40:49,2023-03-17 08:40:49,39 km al N de Camiña,-18.968,-69.462,99.0,3.2,Ml
190905,2023-03-17 12:28:04,2023-03-17 09:28:04,41 km al SO de Mina Collahuasi,-21.075,-68.947,105.0,2.7,Ml
190916,2023-03-17 13:35:37,2023-03-17 10:35:37,74 km al O de Cobquecura,-36.064,-73.61,34.0,2.9,Ml
190926,2023-03-17 15:24:55,2023-03-17 12:24:55,30 km al N de Calama,-22.207,-69.005,102.0,2.9,Ml
190935,2023-03-17 16:44:37,2023-03-17 13:44:37,23 km al S de Pica,-20.697,-69.337,89.0,3.0,Ml
190945,2023-03-17 19:11:31,2023-03-17 16:11:31,48 km al NE de Pica,-20.108,-69.117,97.0,2.8,Ml
190952,2023-03-17 22:27:49,2023-03-17 19:27:49,39 km al NO de Quillagua,-21.47,-69.849,51.0,2.8,Ml
190977,2023-03-18 04:14:25,2023-03-18 01:14:25,73 km al O de Cobquecura,-36.057,-73.598,31.0,3.8,Ml
190980,2023-03-18 04:19:32,2023-03-18 01:19:32,49 km al SO de Huasco,-28.838,-71.483,31.0,2.7,Ml
190985,2023-03-18 04:42:13,2023-03-18 01:42:13,57 km al SO de Mina Collahuasi,-21.298,-68.87,116.0,2.7,Ml
190999,2023-03-18 06:36:17,2023-03-18 03:36:17,70 km al O de Cobquecura,-36.098,-73.572,35.0,3.0,Ml
191001,2023-03-18 06:48:49,2023-03-18 03:48:49,72 km al NE de Calama,-21.905,-68.595,127.0,2.9,Ml
191006,2023-03-18 07:11:08,2023-03-18 04:11:08,38 km al O de La Higuera,-29.641,-71.561,15.0,2.8,Ml
191011,2023-03-18 07:28:21,2023-03-18 04:28:21,89 km al NE de Taltal,-24.679,-70.116,83.0,3.0,Ml
191017,2023-03-18 08:24:18,2023-03-18 05:24:18,74 km al O de Cobquecura,-36.056,-73.612,32.0,3.5,Ml
191024,2023-03-18 09:48:47,2023-03-18 06:48:47,8 km al O de Mina Collahuasi,-20.85,-68.735,100.0,2.6,Ml
191026,2023-03-18 09:55:10,2023-03-18 06:55:10,70 km al O de Cobquecura,-36.057,-73.568,32.0,2.6,Ml
191039,2023-03-18 12:25:04,2023-03-18 09:25:04,51 km al N de Pica,-20.04,-69.232,97.0,2.6,Ml
191044,2023-03-18 12:59:22,2023-03-18 09:59:22,66 km al O de Cobquecura,-36.125,-73.53,33.0,2.7,Ml
191054,2023-03-18 15:13:47,2023-03-18 12:13:47,155 km al O de Tirúa,-38.299,-75.272,26.0,3.3,Ml
191067,2023-03-18 17:00:38,2023-03-18 14:00:38,39 km al SO de Taltal,-25.659,-70.759,43.0,2.6,Ml
191083,2023-03-18 19:20:49,2023-03-18 16:20:49,11 km al NE de Curicó,-34.915,-71.152,91.0,2.6,Ml
191086,2023-03-18 19:33:07,2023-03-18 16:33:07,64 km al SE de Socaire,-23.984,-67.425,245.0,2.7,Ml
191089,2023-03-18 20:30:08,2023-03-18 17:30:08,46 km al E de Sierra Gorda.,-23.036,-68.89,98.0,4.6,Mw
191095,2023-03-18 21:37:16,2023-03-18 18:37:16,41 km al O de Socaire,-23.445,-68.258,126.0,2.9,Ml
191096,2023-03-18 21:54:23,2023-03-18 18:54:23,30 km al O de Tirúa,-38.224,-73.802,19.0,2.8,Ml
191098,2023-03-18 22:42:29,2023-03-18 19:42:29,18 km al SO de Iquique,-20.322,-70.287,46.0,2.7,Ml
191101,2023-03-18 22:59:53,2023-03-18 19:59:53,42 km al E de Ollagüe,-21.238,-67.848,225.0,2.6,Ml
191106,2023-03-19 00:25:26,2023-03-18 21:25:26,43 km al NO de Huasco,-28.145,-71.46,31.0,3.9,Ml
191111,2023-03-19 01:12:17,2023-03-18 22:12:17,71 km al O de Cobquecura,-36.058,-73.577,37.0,2.7,Ml
191121,2023-03-19 02:49:39,2023-03-18 23:49:39,35 km al S de Mina Collahuasi,-21.145,-68.651,111.0,3.7,Ml
191123,2023-03-19 03:16:55,2023-03-19 00:16:55,41 km al NO de Huasco,-28.166,-71.472,36.0,3.2,Ml
191127,2023-03-19 03:56:41,2023-03-19 00:56:41,48 km al N de La Higuera,-29.094,-71.333,48.0,3.5,Ml
191132,2023-03-19 04:39:44,2023-03-19 01:39:44,57 km al O de Tongoy,-30.406,-72.061,31.0,2.7,Ml
191137,2023-03-19 05:58:25,2023-03-19 02:58:25,76 km al SE de Socaire,-24.186,-67.516,236.0,3.1,Ml
191140,2023-03-19 06:35:54,2023-03-19 03:35:54,51 km al O de La Ligua,-32.58,-71.752,34.0,2.7,Ml
191148,2023-03-19 07:14:51,2023-03-19 04:14:51,33 km al NO de Mina La Escondida.,-24.037,-69.266,85.0,2.9,Ml
191151,2023-03-19 07:49:05,2023-03-19 04:49:05,27 km al N de Valparaíso,-32.802,-71.591,25.0,3.0,Ml
191162,2023-03-19 09:47:07,2023-03-19 06:47:07,28 km al O de Mina Collahuasi,-20.74,-68.915,93.0,2.6,Ml
191167,2023-03-19 10:15:42,2023-03-19 07:15:42,70 km al O de Cobquecura,-36.1,-73.569,33.0,2.5,Ml
191177,2023-03-19 13:55:21,2023-03-19 10:55:21,55 km al NE de San Pedro de Atacama,-22.544,-67.848,191.0,2.8,Ml
191181,2023-03-19 15:14:23,2023-03-19 12:14:23,50 km al SE de Socaire,-23.99,-67.656,268.0,2.9,Ml
191183,2023-03-19 15:21:59,2023-03-19 12:21:59,56 km al NE de Pica,-20.02,-69.133,107.0,2.9,Ml
191188,2023-03-19 17:02:28,2023-03-19 14:02:28,9 km al SO de Ovalle,-30.678,-71.243,48.0,2.9,Ml
191190,2023-03-19 17:08:45,2023-03-19 14:08:45,28 km al SE de Concepción,-36.98,-72.797,37.0,2.7,Ml
191194,2023-03-19 18:08:35,2023-03-19 15:08:35,22 km al SO de Canela Baja,-31.553,-71.602,30.0,2.5,Ml
191206,2023-03-19 19:00:34,2023-03-19 16:00:34,47 km al O de Ollagüe,-21.261,-68.709,119.0,2.6,Ml
191215,2023-03-19 21:06:26,2023-03-19 18:06:26,22 km al S de Mina Collahuasi,-21.022,-68.608,131.0,2.8,Ml
191218,2023-03-19 21:23:53,2023-03-19 18:23:53,85 km al NE de Mina Los Pelambres,-31.175,-70.103,150.0,2.8,Ml
191223,2023-03-19 22:05:39,2023-03-19 19:05:39,117 km al O de Lebu,-38.058,-74.865,10.0,2.7,Ml
191237,2023-03-20 03:06:21,2023-03-20 00:06:21,36 km al E de Calama,-22.421,-68.587,109.0,3.3,Ml
191240,2023-03-20 03:12:26,2023-03-20 00:12:26,75 km al SO de Alto Hospicio,-20.737,-70.622,43.0,2.8,Ml
191253,2023-03-20 06:02:54,2023-03-20 03:02:54,36 km al E de Mina La Escondida.,-24.142,-68.735,113.0,2.6,Ml
191257,2023-03-20 06:58:20,2023-03-20 03:58:20,49 km al SO de Ollagüe,-21.627,-68.456,117.0,2.6,Ml
191262,2023-03-20 07:55:11,2023-03-20 04:55:11,34 km al N de Termas del Flaco,-34.654,-70.4,19.0,2.8,Ml
191271,2023-03-20 10:47:43,2023-03-20 07:47:43,61 km al NE de Calama,-22.023,-68.592,136.0,3.1,Ml
191275,2023-03-20 11:25:17,2023-03-20 08:25:17,78 km al S de Socaire,-24.29,-67.814,242.0,2.8,Ml
191276,2023-03-20 11:35:59,2023-03-20 08:35:59,73 km al SE de Socaire,-24.199,-67.622,222.0,3.1,Ml
191280,2023-03-20 12:22:51,2023-03-20 09:22:51,48 km al SO de Los Vilos,-32.276,-71.793,28.0,3.5,Ml
191284,2023-03-20 12:42:24,2023-03-20 09:42:24,17 km al SE de Pisagua,-19.687,-70.077,49.0,3.7,Ml
191287,2023-03-20 13:12:22,2023-03-20 10:12:22,29 km al N de Tocopilla,-21.839,-70.152,64.0,2.7,Ml
191290,2023-03-20 13:39:54,2023-03-20 10:39:54,37 km al NO de Arica,-18.262,-70.583,75.0,4.1,Ml
191300,2023-03-20 15:19:59,2023-03-20 12:19:59,30 km al SO de Canela Baja,-31.531,-71.737,38.0,3.6,Ml
191317,2023-03-20 18:50:34,2023-03-20 15:50:34,45 km al S de Pica,-20.879,-69.224,111.0,3.1,Ml
191327,2023-03-20 22:18:36,2023-03-20 19:18:36,22 km al SE de Lebu,-37.79,-73.564,44.0,3.1,Ml
191330,2023-03-20 22:34:48,2023-03-20 19:34:48,40 km al S de Mina Collahuasi,-21.173,-68.765,133.0,2.9,Ml
191337,2023-03-21 00:01:28,2023-03-20 21:01:28,32 km al E de Calama,-22.472,-68.618,114.0,2.9,Ml
191339,2023-03-21 00:01:40,2023-03-20 21:01:40,177 km al O de Cobquecura,-35.638,-74.663,17.0,3.0,Ml
191342,2023-03-21 00:16:30,2023-03-20 21:16:30,87 km al SE de Socaire,-24.069,-67.21,243.0,3.5,Ml
191343,2023-03-21 00:42:09,2023-03-20 21:42:09,40 km al NE de Tocopilla,-21.887,-69.884,67.0,2.6,Ml
191344,2023-03-21 00:49:23,2023-03-20 21:49:23,35 km al SO de Visviri,-17.883,-69.62,147.0,3.2,Ml
191349,2023-03-21 01:24:51,2023-03-20 22:24:51,64 km al S de Ilo,-18.218,-71.253,28.0,4.0,Ml
191351,2023-03-21 01:42:24,2023-03-20 22:42:24,79 km al O de Mina La Escondida.,-24.26,-69.833,63.0,3.5,Ml
191356,2023-03-21 01:53:44,2023-03-20 22:53:44,49 km al S de Socaire,-24.028,-67.869,210.0,2.5,Ml
191366,2023-03-21 02:58:11,2023-03-20 23:58:11,26 km al O de Navidad,-33.854,-72.086,30.0,2.5,Ml
191368,2023-03-21 03:18:19,2023-03-21 00:18:19,36 km al SE de Lebu,-37.846,-73.384,23.0,2.7,Ml
191370,2023-03-21 03:18:23,2023-03-21 00:18:23,53 km al SE de Socaire,-23.892,-67.491,243.0,2.5,Ml
191373,2023-03-21 03:35:50,2023-03-21 00:35:50,22 km al E de Calama,-22.522,-68.72,112.0,3.1,Ml
191374,2023-03-21 03:45:40,2023-03-21 00:45:40,35 km al NE de Melinka,-43.597,-73.598,58.0,2.9,Ml
191381,2023-03-21 04:53:04,2023-03-21 01:53:04,140 km al O de Tirúa,-38.855,-74.968,31.0,3.4,Ml
191391,2023-03-21 07:24:32,2023-03-21 04:24:32,39 km al SO de Ollagüe,-21.495,-68.496,134.0,3.3,Ml
191394,2023-03-21 07:39:14,2023-03-21 04:39:14,78 km al SE de Socaire,-24.183,-67.478,218.0,3.7,Ml
191408,2023-03-21 09:50:04,2023-03-21 06:50:04,49 km al SO de Ollagüe,-21.532,-68.591,127.0,2.6,Ml
191410,2023-03-21 10:41:38,2023-03-21 07:41:38,64 km al N de Vallenar,-28.001,-70.702,51.0,2.5,Ml
191420,2023-03-21 12:43:42,2023-03-21 09:43:42,27 km al SO de Bahía Mansa,-40.761,-73.95,39.0,3.0,Ml
191423,2023-03-21 13:39:03,2023-03-21 10:39:03,95 km al SE de Antofagasta,-24.41,-70.006,54.0,2.7,Ml
191427,2023-03-21 14:36:17,2023-03-21 11:36:17,19 km al S de Cuya,-19.326,-70.218,51.0,3.1,Ml
191432,2023-03-21 16:07:44,2023-03-21 13:07:44,38 km al SO de Huasco,-28.742,-71.453,30.0,2.9,Ml
191445,2023-03-21 17:29:01,2023-03-21 14:29:01,75 km al SE de Socaire,-24.153,-67.481,212.0,3.0,Ml
191446,2023-03-21 17:38:13,2023-03-21 14:38:13,14 km al NO de Melipilla,-33.611,-71.335,64.0,5.6,Mww
191454,2023-03-21 17:40:57,2023-03-21 14:40:57,15 km al NO de Melipilla,-33.613,-71.357,58.0,2.6,Ml
191457,2023-03-21 18:29:25,2023-03-21 15:29:25,69 km al SO de Ollagüe,-21.787,-68.544,126.0,3.2,Ml
191459,2023-03-21 18:47:07,2023-03-21 15:47:07,47 km al NE de El Salvador,-25.988,-69.248,116.0,2.6,Ml
191469,2023-03-21 19:29:11,2023-03-21 16:29:11,29 km al E de Calama,-22.394,-68.66,103.0,2.5,Ml
191470,2023-03-21 19:30:42,2023-03-21 16:30:42,28 km al SE de Mina Collahuasi,-21.044,-68.516,133.0,2.6,Ml
191474,2023-03-21 20:01:05,2023-03-21 17:01:05,32 km al E de Los Andes.,-32.94,-70.283,118.0,2.7,Ml
191477,2023-03-21 20:20:59,2023-03-21 17:20:59,37 km al E de San Fernando,-34.552,-70.586,114.0,2.8,Ml
191481,2023-03-21 20:33:33,2023-03-21 17:33:33,37 km al NE de Chañaral.,-26.046,-70.47,78.0,2.9,Ml
191488,2023-03-21 22:16:19,2023-03-21 19:16:19,82 km al NE de Taltal,-24.896,-69.893,83.0,3.3,Ml
191500,2023-03-22 00:50:08,2023-03-21 21:50:08,33 km al SO de Mina Collahuasi,-21.102,-68.777,110.0,3.0,Ml
191502,2023-03-22 01:28:14,2023-03-21 22:28:14,152 km al O de Tortel,-47.325,-75.441,9.0,3.1,Ml
191503,2023-03-22 01:49:38,2023-03-21 22:49:38,70 km al NO de Lebu,-37.098,-74.121,34.0,3.3,Ml
191508,2023-03-22 02:05:40,2023-03-21 23:05:40,41 km al SO de Huasco,-28.793,-71.41,15.0,2.6,Ml
191515,2023-03-22 03:27:36,2023-03-22 00:27:36,71 km al S de Socaire,-24.21,-67.746,234.0,2.8,Ml
191518,2023-03-22 04:46:35,2023-03-22 01:46:35,52 km al SO de Ollagüe,-21.606,-68.548,114.0,2.9,Ml
191526,2023-03-22 05:59:36,2023-03-22 02:59:36,64 km al E de Combarbalá,-31.193,-70.325,15.0,3.2,Ml
191529,2023-03-22 06:58:02,2023-03-22 03:58:02,26 km al E de Pica,-20.565,-69.095,98.0,2.9,Ml
191534,2023-03-22 07:35:42,2023-03-22 04:35:42,63 km al N de San Pedro de Atacama,-22.384,-68.015,214.0,2.9,Ml
191536,2023-03-22 07:37:50,2023-03-22 04:37:50,50 km al SO de Mina Collahuasi,-21.238,-68.846,102.0,3.9,Ml
191537,2023-03-22 07:38:44,2023-03-22 04:38:44,9 km al E de Los Vilos,-31.925,-71.417,36.0,2.9,Ml
191543,2023-03-22 08:23:23,2023-03-22 05:23:23,58 km al SE de Socaire,-24.05,-67.622,234.0,3.1,Ml
191546,2023-03-22 08:51:16,2023-03-22 05:51:16,33 km al O de Camiña,-19.339,-69.739,76.0,2.7,Ml
191548,2023-03-22 09:06:27,2023-03-22 06:06:27,54 km al E de Socaire,-23.732,-67.386,214.0,3.1,Ml
191554,2023-03-22 10:07:59,2023-03-22 07:07:59,9 km al O de Tirúa,-38.317,-73.587,26.0,2.9,Ml
191559,2023-03-22 10:39:18,2023-03-22 07:39:18,81 km al SE de Socaire,-24.237,-67.52,218.0,3.3,Ml
191565,2023-03-22 11:45:40,2023-03-22 08:45:40,61 km al S de Socaire,-24.109,-67.691,237.0,2.9,Ml
191570,2023-03-22 12:42:36,2023-03-22 09:42:36,37 km al SE de Los Andes.,-32.995,-70.253,100.0,2.9,Ml
191575,2023-03-22 13:36:10,2023-03-22 10:36:10,84 km al NO de Tongoy,-29.768,-72.158,40.0,4.1,Ml
191577,2023-03-22 13:40:37,2023-03-22 10:40:37,67 km al NE de San Pedro de Atacama,-22.465,-67.775,204.0,3.4,Ml
191589,2023-03-22 15:18:51,2023-03-22 12:18:51,120 km al E de Socaire,-23.513,-66.716,228.0,5.3,Mww
191593,2023-03-22 15:38:37,2023-03-22 12:38:37,28 km al S de Calama,-22.718,-68.967,109.0,4.4,Ml
191596,2023-03-22 16:00:31,2023-03-22 13:00:31,122 km al E de Socaire,-23.509,-66.695,240.0,6.5,Mww
191611,2023-03-22 19:02:11,2023-03-22 16:02:11,38 km al SE de Camiña,-19.627,-69.276,99.0,3.3,Ml
191614,2023-03-22 19:21:10,2023-03-22 16:21:10,42 km al E de Pisagua,-19.569,-69.811,10.0,2.5,Ml
191621,2023-03-22 20:10:00,2023-03-22 17:10:00,68 km al NE de Calama,-21.943,-68.604,139.0,3.2,Ml
191638,2023-03-23 00:37:43,2023-03-22 21:37:43,33 km al N de Pozo Almonte,-19.971,-69.874,50.0,3.0,Ml
191653,2023-03-23 02:56:59,2023-03-22 23:56:59,687 km al O de Castro,-42.48,-82.15,10.0,5.1,Mww
191654,2023-03-23 03:05:56,2023-03-23 00:05:56,37 km al SO de Ollagüe,-21.515,-68.421,141.0,3.0,Ml
191656,2023-03-23 03:09:02,2023-03-23 00:09:02,35 km al N de Pica,-20.175,-69.297,101.0,3.0,Ml
191663,2023-03-23 03:59:21,2023-03-23 00:59:21,42 km al O de Ollagüe,-21.274,-68.653,122.0,3.2,Ml
191680,2023-03-23 05:43:55,2023-03-23 02:43:55,44 km al E de Rancagua,-34.057,-70.276,121.0,4.2,Ml
191692,2023-03-23 09:37:38,2023-03-23 06:37:38,24 km al S de San Pedro de Atacama,-23.127,-68.149,134.0,3.2,Ml
191702,2023-03-23 12:00:27,2023-03-23 09:00:27,13 km al E de Pica,-20.451,-69.213,113.0,3.2,Ml
191705,2023-03-23 12:10:10,2023-03-23 09:10:10,69 km al SE de Socaire,-23.987,-67.372,249.0,3.8,Ml
191706,2023-03-23 12:53:35,2023-03-23 09:53:35,49 km al S de Pica,-20.912,-69.195,95.0,2.6,Ml
191710,2023-03-23 13:08:38,2023-03-23 10:08:38,15 km al N de Pica,-20.363,-69.374,86.0,2.7,Ml
191730,2023-03-23 18:05:54,2023-03-23 15:05:54,24 km al NO de Mina Collahuasi,-20.732,-68.864,98.0,3.8,Ml
191741,2023-03-23 19:35:37,2023-03-23 16:35:37,11 km al SE de La Ligua,-32.504,-71.134,55.0,2.8,Ml
191748,2023-03-23 20:55:05,2023-03-23 17:55:05,14 km al E de Termas del Flaco,-34.996,-70.287,146.0,3.5,Ml
191752,2023-03-23 21:24:12,2023-03-23 18:24:12,80 km al E de San Fabián,-36.653,-70.667,167.0,4.5,Mw
191762,2023-03-23 22:52:35,2023-03-23 19:52:35,35 km al O de Valparaíso,-33.077,-71.991,39.0,2.9,Ml
191767,2023-03-24 00:12:01,2023-03-23 21:12:01,56 km al O de Socaire,-23.411,-68.4,135.0,3.7,Ml
191768,2023-03-24 00:20:13,2023-03-23 21:20:13,46 km al SO de Ollagüe,-21.542,-68.538,140.0,2.9,Ml
191772,2023-03-24 01:27:41,2023-03-23 22:27:41,67 km al SE de Socaire,-24.019,-67.433,260.0,3.5,Ml
191790,2023-03-24 06:13:23,2023-03-24 03:13:23,21 km al NO de Andacollo,-30.098,-71.242,65.0,4.0,Ml
191798,2023-03-24 07:28:50,2023-03-24 04:28:50,66 km al N de Calama,-21.909,-68.729,112.0,2.7,Ml
191807,2023-03-24 10:59:47,2023-03-24 07:59:47,10 km al E de Putre,-18.174,-69.466,132.0,3.4,Ml
191810,2023-03-24 11:29:48,2023-03-24 08:29:48,80 km al SE de Socaire,-24.213,-67.502,216.0,3.7,Ml
191813,2023-03-24 12:00:05,2023-03-24 09:00:05,71 km al E de Alto del Carmen,-28.744,-69.759,120.0,3.0,Ml
191816,2023-03-24 12:03:18,2023-03-24 09:03:18,72 km al SO de Ollagüe,-21.823,-68.517,106.0,2.7,Ml
191819,2023-03-24 13:10:25,2023-03-24 10:10:25,45 km al O de Ollagüe,-21.352,-68.664,121.0,2.7,Ml
191824,2023-03-24 13:58:40,2023-03-24 10:58:40,48 km al E de Los Andes.,-32.858,-70.08,124.0,3.4,Ml
191831,2023-03-24 15:14:11,2023-03-24 12:14:11,26 km al NE de Calama,-22.36,-68.708,115.0,2.7,Ml
191835,2023-03-24 16:09:40,2023-03-24 13:09:40,35 km al O de Canela Baja,-31.303,-71.804,24.0,2.5,Ml
191838,2023-03-24 16:38:01,2023-03-24 13:38:01,13 km al E de La Serena,-29.949,-71.126,96.0,3.3,Ml
191851,2023-03-24 17:48:39,2023-03-24 14:48:39,40 km al NE de Calama,-22.222,-68.647,119.0,2.7,Ml
191862,2023-03-24 18:46:37,2023-03-24 15:46:37,199 km al O de Tirúa,-38.35,-75.775,19.0,3.3,Ml
191868,2023-03-24 19:49:52,2023-03-24 16:49:52,19 km al SE de Tocopilla,-22.212,-70.073,32.0,2.9,Ml
191872,2023-03-24 19:59:40,2023-03-24 16:59:40,26 km al O de Canela Baja,-31.497,-71.711,30.0,2.7,Ml
191882,2023-03-24 21:58:09,2023-03-24 18:58:09,17 km al N de Curicó,-34.834,-71.272,90.0,2.6,Ml
191886,2023-03-25 00:33:08,2023-03-24 21:33:08,135 km al NO de Taltal,-24.606,-71.492,15.0,2.7,Ml
191888,2023-03-25 01:04:48,2023-03-24 22:04:48,21 km al O de Calama,-22.438,-69.135,96.0,3.9,Ml
191915,2023-03-25 06:36:02,2023-03-25 03:36:02,17 km al NO de Cuya,-19.024,-70.249,32.0,2.5,Ml
191917,2023-03-25 06:38:38,2023-03-25 03:38:38,37 km al S de Mina La Escondida.,-24.584,-68.944,105.0,3.1,Ml
191919,2023-03-25 07:30:14,2023-03-25 04:30:14,49 km al S de Calama,-22.902,-68.836,121.0,4.5,Mw
191925,2023-03-25 08:28:02,2023-03-25 05:28:02,19 km al SE de Tocopilla,-22.183,-70.041,55.0,3.1,Ml
191927,2023-03-25 09:07:24,2023-03-25 06:07:24,39 km al N de Calama,-22.118,-68.913,116.0,3.2,Ml
191939,2023-03-25 11:41:55,2023-03-25 08:41:55,64 km al O de La Serena,-29.765,-71.896,46.0,3.1,Ml
191948,2023-03-25 15:03:10,2023-03-25 12:03:10,35 km al O de Ollagüe,-21.132,-68.572,132.0,2.6,Ml
191971,2023-03-25 19:36:48,2023-03-25 16:36:48,115 km al E de Paihuano,-30.362,-69.38,10.0,2.9,Ml
191986,2023-03-25 22:49:59,2023-03-25 19:49:59,43 km al S de Tocopilla,-22.479,-70.22,56.0,3.0,Ml
191989,2023-03-25 23:43:48,2023-03-25 20:43:48,43 km al NE de Mina La Escondida.,-23.945,-68.831,120.0,3.8,Ml
191991,2023-03-26 00:02:45,2023-03-25 21:02:45,24 km al S de Mina Collahuasi,-21.037,-68.717,106.0,5.4,Mww
192007,2023-03-26 01:46:46,2023-03-25 22:46:46,33 km al S de Mina Collahuasi,-21.123,-68.642,123.0,2.8,Ml
192015,2023-03-26 03:38:42,2023-03-26 00:38:42,67 km al SO de Ollagüe,-21.771,-68.535,114.0,2.9,Ml
192017,2023-03-26 03:57:44,2023-03-26 00:57:44,29 km al N de Calama,-22.213,-68.864,127.0,2.8,Ml
192020,2023-03-26 04:57:28,2023-03-26 01:57:28,52 km al NE de San Pedro de Atacama,-22.553,-67.891,210.0,3.4,Ml
192029,2023-03-26 06:58:12,2023-03-26 03:58:12,53 km al SE de Antofagasta,-24.041,-70.126,55.0,3.6,Ml
192031,2023-03-26 07:02:00,2023-03-26 04:02:00,28 km al NO de Tirúa,-38.109,-73.607,32.0,3.0,Ml
192036,2023-03-26 07:42:31,2023-03-26 04:42:31,6 km al N de Colina,-33.152,-70.679,86.0,3.0,Ml
192040,2023-03-26 08:54:00,2023-03-26 05:54:00,40 km al O de Chillán,-36.572,-72.548,45.0,2.6,Ml
192044,2023-03-26 09:14:00,2023-03-26 06:14:00,39 km al N de Valparaíso,-32.718,-71.741,32.0,2.9,Ml
192049,2023-03-26 10:38:21,2023-03-26 07:38:21,79 km al O de Pichilemu,-34.121,-72.805,10.0,2.6,Ml
192054,2023-03-26 11:38:59,2023-03-26 08:38:59,75 km al NE de El Salvador,-25.641,-69.273,4.0,5.1,Mw
192055,2023-03-26 11:52:13,2023-03-26 08:52:13,43 km al NE de Calama,-22.133,-68.727,117.0,3.1,Ml
192057,2023-03-26 11:57:43,2023-03-26 08:57:43,48 km al E de Taltal,-25.437,-70.013,153.0,3.2,Ml
192061,2023-03-26 12:01:57,2023-03-26 09:01:57,48 km al O de Ollagüe,-21.272,-68.713,133.0,3.6,Ml
192063,2023-03-26 12:44:10,2023-03-26 09:44:10,68 km al SO de Caldera,-27.519,-71.285,55.0,2.9,Ml
192065,2023-03-26 13:20:09,2023-03-26 10:20:09,32 km al SE de Calama,-22.738,-68.816,118.0,2.6,Ml
192073,2023-03-26 15:10:18,2023-03-26 12:10:18,71 km al SE de Tierra Amarilla,-28.081,-70.015,103.0,3.7,Ml
192083,2023-03-26 17:26:41,2023-03-26 14:26:41,43 km al NE de Concepción,-36.531,-72.737,45.0,4.8,Mw
192089,2023-03-26 17:57:40,2023-03-26 14:57:40,38 km al NE de Calama,-22.199,-68.697,99.0,2.5,Ml
192096,2023-03-26 19:10:17,2023-03-26 16:10:17,81 km al NE de San Pedro de Atacama,-22.418,-67.633,225.0,2.6,Ml
192101,2023-03-26 20:46:04,2023-03-26 17:46:04,12 km al S de La Higuera,-29.623,-71.195,30.0,2.8,Ml
192104,2023-03-26 21:21:11,2023-03-26 18:21:11,52 km al S de Ollagüe,-21.681,-68.368,134.0,2.7,Ml
192105,2023-03-26 21:53:58,2023-03-26 18:53:58,48 km al SE de Mina Los Pelambres,-32.034,-70.146,131.0,2.9,Ml
192116,2023-03-27 01:38:21,2023-03-26 22:38:21,25 km al SE de Calama,-22.609,-68.742,104.0,2.5,Ml
192117,2023-03-27 02:06:47,2023-03-26 23:06:47,73 km al NE de El Salvador,-25.722,-69.167,6.0,3.4,Ml
192120,2023-03-27 02:36:40,2023-03-26 23:36:40,42 km al SE de Pica,-20.76,-69.053,107.0,3.6,Ml
192126,2023-03-27 04:22:16,2023-03-27 01:22:16,82 km al SE de Socaire,-24.224,-67.479,222.0,4.0,Ml
192131,2023-03-27 04:34:28,2023-03-27 01:34:28,29 km al N de Mejillones,-22.839,-70.425,44.0,3.3,Ml
192146,2023-03-27 08:08:02,2023-03-27 05:08:02,77 km al N de Calama,-21.798,-68.743,125.0,2.5,Ml
192155,2023-03-27 10:01:49,2023-03-27 07:01:49,28 km al NO de La Ligua,-32.278,-71.456,57.0,2.9,Ml
192159,2023-03-27 10:11:01,2023-03-27 07:11:01,45 km al SO de Mina Collahuasi,-21.118,-68.952,110.0,2.9,Ml
192165,2023-03-27 12:39:46,2023-03-27 09:39:46,40 km al O de Navidad,-33.921,-72.259,45.0,3.0,Ml
192178,2023-03-27 15:50:03,2023-03-27 12:50:03,76 km al O de Cobquecura,-36.051,-73.628,34.0,3.1,Ml
192180,2023-03-27 15:55:22,2023-03-27 12:55:22,60 km al NO de Caldera,-26.764,-71.325,22.0,3.9,Ml
192198,2023-03-27 19:30:29,2023-03-27 16:30:29,42 km al E de Pica,-20.513,-68.931,105.0,2.5,Ml
192199,2023-03-27 20:05:22,2023-03-27 17:05:22,85 km al O de Cobquecura,-36.185,-73.742,30.0,2.8,Ml
192206,2023-03-27 21:45:34,2023-03-27 18:45:34,64 km al NE de Calama,-21.933,-68.696,122.0,2.5,Ml
192212,2023-03-27 23:23:21,2023-03-27 20:23:21,24 km al S de Camiña,-19.516,-69.507,108.0,2.5,Ml
192226,2023-03-28 03:07:50,2023-03-28 00:07:50,13 km al NO de Melipilla,-33.611,-71.323,61.0,2.7,Ml
192232,2023-03-28 05:42:10,2023-03-28 02:42:10,72 km al N de Mina La Escondida.,-23.62,-69.027,95.0,2.7,Ml
192246,2023-03-28 12:29:39,2023-03-28 09:29:39,60 km al E de Rancagua,-34.259,-70.089,18.0,2.7,Ml
192250,2023-03-28 13:15:50,2023-03-28 10:15:50,51 km al E de Socaire,-23.467,-67.406,257.0,2.5,Ml
192251,2023-03-28 13:46:26,2023-03-28 10:46:26,76 km al S de Socaire,-24.258,-67.753,224.0,2.9,Ml
192253,2023-03-28 14:12:20,2023-03-28 11:12:20,70 km al SO de Ollagüe,-21.785,-68.565,126.0,2.5,Ml
192261,2023-03-28 15:47:09,2023-03-28 12:47:09,66 km al O de Socaire,-23.759,-68.506,122.0,3.8,Ml
192277,2023-03-28 18:17:42,2023-03-28 15:17:42,36 km al NO de Quillota,-32.716,-71.585,36.0,3.1,Ml
192287,2023-03-28 19:49:09,2023-03-28 16:49:09,72 km al N de Calama,-21.849,-68.731,114.0,2.7,Ml
192305,2023-03-29 02:19:55,2023-03-28 23:19:55,42 km al SO de Ollagüe,-21.541,-68.479,141.0,3.0,Ml
192308,2023-03-29 02:50:12,2023-03-28 23:50:12,23 km al SO de Camiña,-19.42,-69.617,79.0,3.2,Ml
192309,2023-03-29 02:52:52,2023-03-28 23:52:52,75 km al NE de Pica,-20.111,-68.736,135.0,3.1,Ml
192311,2023-03-29 03:45:53,2023-03-29 00:45:53,126 km al O de Navidad,-33.757,-73.177,28.0,2.8,Ml
192327,2023-03-29 08:27:57,2023-03-29 05:27:57,77 km al NE de Calama,-21.834,-68.627,136.0,2.6,Ml
192328,2023-03-29 08:39:57,2023-03-29 05:39:57,31 km al SE de Linares,-36.044,-71.357,121.0,2.5,Ml
192329,2023-03-29 09:31:10,2023-03-29 06:31:10,15 km al SO de Tongoy,-30.353,-71.602,50.0,2.9,Ml
192335,2023-03-29 10:52:18,2023-03-29 07:52:18,83 km al S de Socaire,-24.298,-67.629,226.0,3.6,Ml
192337,2023-03-29 11:44:33,2023-03-29 08:44:33,43 km al SO de Socaire,-23.835,-68.216,159.0,3.0,Ml
192342,2023-03-29 12:56:46,2023-03-29 09:56:46,95 km al N de San Pedro de Atacama,-22.119,-67.883,237.0,2.9,Ml
192347,2023-03-29 13:49:39,2023-03-29 10:49:39,14 km al SO de San Pedro de Atacama,-22.993,-68.315,157.0,2.6,Ml
192349,2023-03-29 14:15:27,2023-03-29 11:15:27,36 km al S de Mina Collahuasi,-21.142,-68.713,120.0,3.3,Ml
192354,2023-03-29 16:38:12,2023-03-29 13:38:12,38 km al S de Camiña,-19.636,-69.548,82.0,2.9,Ml
192356,2023-03-29 16:59:00,2023-03-29 13:59:00,28 km al SO de Termas del Flaco,-35.18,-70.588,21.0,2.7,Ml
192357,2023-03-29 17:05:31,2023-03-29 14:05:31,46 km al N de Calama,-22.081,-69.079,104.0,3.7,Ml
192361,2023-03-29 18:09:20,2023-03-29 15:09:20,23 km al S de Mina Collahuasi,-21.03,-68.679,124.0,3.0,Ml
192367,2023-03-29 20:59:11,2023-03-29 17:59:11,35 km al E de Pica,-20.615,-69.024,106.0,3.6,Ml
192371,2023-03-29 22:11:42,2023-03-29 19:11:42,56 km al S de Antofagasta,-24.117,-70.595,36.0,2.8,Ml
192379,2023-03-30 01:56:28,2023-03-29 22:56:28,61 km al E de Ollagüe,-21.443,-67.718,228.0,3.3,Ml
192390,2023-03-30 06:59:49,2023-03-30 03:59:49,43 km al E de Pica,-20.488,-68.916,106.0,2.6,Ml
192401,2023-03-30 08:51:30,2023-03-30 05:51:30,81 km al NE de San Pedro de Atacama,-22.304,-67.784,210.0,3.3,Ml
192408,2023-03-30 10:48:37,2023-03-30 07:48:37,30 km al NO de Mina La Escondida.,-24.118,-69.303,90.0,2.8,Ml
192410,2023-03-30 11:28:17,2023-03-30 08:28:17,38 km al SO de Ollagüe,-21.491,-68.489,131.0,3.6,Ml
192413,2023-03-30 11:58:18,2023-03-30 08:58:18,31 km al N de Tongoy,-29.985,-71.587,49.0,2.5,Ml
192417,2023-03-30 13:22:46,2023-03-30 10:22:46,61 km al NE de Calama,-21.967,-68.683,128.0,3.9,Ml
192424,2023-03-30 14:47:30,2023-03-30 11:47:30,65 km al SO de Ollagüe,-21.76,-68.517,118.0,2.6,Ml
192426,2023-03-30 15:02:04,2023-03-30 12:02:04,82 km al NE de El Salvador,-25.673,-69.103,8.0,3.1,Ml
192433,2023-03-30 17:33:04,2023-03-30 14:33:04,109 km al NO de Cobquecura,-35.622,-73.822,22.0,6.4,Mww
192436,2023-03-30 17:34:13,2023-03-30 14:34:13,105 km al SE de Socaire,-24.327,-67.24,199.0,3.3,Ml
192437,2023-03-30 17:43:53,2023-03-30 14:43:53,88 km al NO de Cobquecura,-35.711,-73.619,33.0,3.6,Ml
192438,2023-03-30 17:47:36,2023-03-30 14:47:36,75 km al O de Cobquecura,-35.891,-73.573,35.0,3.1,Ml
192440,2023-03-30 17:51:50,2023-03-30 14:51:50,21 km al O de Cuya,-19.117,-70.378,39.0,2.7,Ml
192446,2023-03-30 18:02:40,2023-03-30 15:02:40,19 km al S de Cuya,-19.321,-70.132,47.0,2.9,Ml
192450,2023-03-30 18:26:34,2023-03-30 15:26:34,88 km al O de Cobquecura,-35.796,-73.678,31.0,4.1,Ml
192453,2023-03-30 18:41:51,2023-03-30 15:41:51,105 km al O de Cobquecura,-35.736,-73.849,20.0,3.3,Ml
192461,2023-03-30 19:55:05,2023-03-30 16:55:05,79 km al NO de Cobquecura,-35.701,-73.491,36.0,4.0,Ml
192468,2023-03-30 20:05:27,2023-03-30 17:05:27,23 km al N de Chillán,-36.399,-72.134,30.0,2.6,Ml
192470,2023-03-30 20:15:48,2023-03-30 17:15:48,83 km al NO de Cobquecura,-35.69,-73.53,21.0,3.4,Ml
192472,2023-03-30 20:17:36,2023-03-30 17:17:36,81 km al NO de Cobquecura,-35.687,-73.508,31.0,2.9,Ml
192474,2023-03-30 21:08:05,2023-03-30 18:08:05,83 km al NO de Cobquecura,-35.774,-73.606,23.0,3.4,Ml
192476,2023-03-30 21:11:47,2023-03-30 18:11:47,25 km al O de Ovalle,-30.642,-71.461,47.0,2.7,Ml
192480,2023-03-30 21:38:56,2023-03-30 18:38:56,42 km al SE de Pica,-20.845,-69.181,96.0,2.6,Ml
192483,2023-03-30 22:03:25,2023-03-30 19:03:25,82 km al NO de Cobquecura,-35.706,-73.536,35.0,4.4,Mw
192485,2023-03-30 22:09:14,2023-03-30 19:09:14,91 km al NO de Cobquecura,-35.631,-73.596,33.0,3.5,Ml
192487,2023-03-30 22:19:28,2023-03-30 19:19:28,42 km al O de La Ligua,-32.604,-71.636,59.0,2.9,Ml
192489,2023-03-30 22:53:48,2023-03-30 19:53:48,66 km al NO de Cobquecura,-35.818,-73.422,33.0,3.7,Ml
227782,2023-03-30 22:54:39,2023-03-30 19:54:39,76 km al NO de Cobquecura,-35.818,-73.546,29.0,3.3,Ml
192494,2023-03-30 22:55:30,2023-03-30 19:55:30,86 km al NO de Cobquecura,-35.774,-73.636,25.0,3.6,Ml
192497,2023-03-30 22:57:13,2023-03-30 19:57:13,76 km al O de Cobquecura,-35.838,-73.556,22.0,3.7,Ml
192492,2023-03-30 23:10:13,2023-03-30 20:10:13,90 km al NO de Cobquecura,-35.726,-73.664,25.0,3.1,Ml
192498,2023-03-30 23:37:43,2023-03-30 20:37:43,80 km al NO de Cobquecura,-35.78,-73.569,29.0,2.6,Ml
192499,2023-03-31 00:15:19,2023-03-30 21:15:19,157 km al O de Pichilemu,-34.409,-73.718,25.0,2.9,Ml
192503,2023-03-31 00:17:11,2023-03-30 21:17:11,45 km al NO de Los Vilos,-31.654,-71.872,15.0,2.8,Ml
192506,2023-03-31 00:58:06,2023-03-30 21:58:06,40 km al O de Ollagüe,-21.267,-68.637,109.0,2.7,Ml
192514,2023-03-31 02:19:21,2023-03-30 23:19:21,20 km al S de Punitaqui,-31.012,-71.272,62.0,2.6,Ml
192533,2023-03-31 07:44:40,2023-03-31 04:44:40,83 km al NO de Cobquecura,-35.723,-73.571,32.0,2.9,Ml
192534,2023-03-31 07:54:51,2023-03-31 04:54:51,81 km al NO de Cobquecura,-35.747,-73.555,28.0,3.1,Ml
192538,2023-03-31 08:01:46,2023-03-31 05:01:46,29 km al E de Talca,-35.523,-71.369,96.0,2.5,Ml
192539,2023-03-31 08:13:35,2023-03-31 05:13:35,51 km al N de Huasco,-28.036,-71.393,28.0,3.3,Ml
192541,2023-03-31 08:16:20,2023-03-31 05:16:20,46 km al N de Huasco,-28.062,-71.307,37.0,3.1,Ml
192544,2023-03-31 08:30:34,2023-03-31 05:30:34,26 km al NO de Mina Collahuasi,-20.683,-68.856,102.0,2.7,Ml
192546,2023-03-31 09:15:18,2023-03-31 06:15:18,48 km al O de El Tabo,-33.479,-72.188,39.0,3.5,Ml
192549,2023-03-31 09:24:13,2023-03-31 06:24:13,78 km al NO de Cobquecura,-35.7,-73.475,35.0,3.2,Ml
192552,2023-03-31 09:41:07,2023-03-31 06:41:07,86 km al NO de Cobquecura,-35.66,-73.543,35.0,2.6,Ml
192556,2023-03-31 10:46:22,2023-03-31 07:46:22,71 km al NE de Taltal,-24.833,-70.19,54.0,5.3,Mw
192566,2023-03-31 13:49:49,2023-03-31 10:49:49,59 km al O de Ollagüe,-21.379,-68.801,114.0,2.7,Ml
192575,2023-03-31 14:52:23,2023-03-31 11:52:23,77 km al NE de San Pedro de Atacama,-22.306,-67.845,203.0,3.5,Ml
192590,2023-03-31 19:08:58,2023-03-31 16:08:58,42 km al N de Mina La Escondida.,-23.891,-68.997,97.0,3.5,Ml
192596,2023-03-31 20:03:47,2023-03-31 17:03:47,52 km al NE de Calama,-22.07,-68.663,133.0,3.2,Ml
192606,2023-03-31 21:14:42,2023-03-31 18:14:42,54 km al SO de Colchane.,-19.634,-68.984,114.0,2.8,Ml
192612,2023-03-31 23:25:31,2023-03-31 20:25:31,38 km al SO de Tierra Amarilla,-27.668,-70.593,34.0,2.6,Ml
192615,2023-04-01 00:47:44,2023-03-31 21:47:44,77 km al SO de Alto Hospicio,-20.882,-70.438,30.0,4.2,Ml
192619,2023-04-01 02:56:28,2023-03-31 23:56:28,60 km al NE de Calama,-21.982,-68.677,112.0,3.4,Ml
192625,2023-04-01 04:03:57,2023-04-01 01:03:57,30 km al S de Santiago,-33.709,-70.67,33.0,2.9,Ml
192628,2023-04-01 04:51:17,2023-04-01 01:51:17,103 km al NE de San Pedro de Atacama,-22.189,-67.59,192.0,3.5,Ml
192630,2023-04-01 05:30:58,2023-04-01 02:30:58,52 km al SO de Huasco,-28.834,-71.555,48.0,3.9,Ml
192637,2023-04-01 07:33:26,2023-04-01 04:33:26,34 km al NE de Calama,-22.254,-68.69,114.0,2.6,Ml
192643,2023-04-01 08:34:48,2023-04-01 05:34:48,27 km al SO de Ollagüe,-21.45,-68.348,129.0,2.7,Ml
192645,2023-04-01 08:54:20,2023-04-01 05:54:20,85 km al O de Cobquecura,-35.799,-73.644,31.0,3.4,Ml
192658,2023-04-01 11:39:44,2023-04-01 08:39:44,30 km al NO de Camiña,-19.113,-69.621,92.0,2.7,Ml
192660,2023-04-01 11:56:58,2023-04-01 08:56:58,34 km al O de Mina Collahuasi,-20.815,-68.985,104.0,3.3,Ml
192664,2023-04-01 13:12:51,2023-04-01 10:12:51,87 km al NO de Cobquecura,-35.768,-73.648,33.0,2.8,Ml
192666,2023-04-01 13:27:47,2023-04-01 10:27:47,80 km al O de Cobquecura,-35.817,-73.597,30.0,3.2,Ml
192672,2023-04-01 14:59:14,2023-04-01 11:59:14,33 km al NO de La Ligua,-32.23,-71.464,50.0,3.1,Ml
192679,2023-04-01 16:28:39,2023-04-01 13:28:39,56 km al S de Tierra Amarilla,-27.982,-70.32,78.0,3.4,Ml
192685,2023-04-01 17:11:45,2023-04-01 14:11:45,28 km al E de Talca,-35.526,-71.382,96.0,3.6,Ml
192697,2023-04-01 18:33:44,2023-04-01 15:33:44,56 km al N de Quillagua,-21.157,-69.613,87.0,2.5,Ml
192705,2023-04-01 21:06:01,2023-04-01 18:06:01,163 km al O de Pichilemu,-34.266,-73.783,15.0,3.0,Ml
192714,2023-04-01 23:32:46,2023-04-01 20:32:46,49 km al S de Pica,-20.909,-69.188,107.0,2.8,Ml
192715,2023-04-02 00:08:44,2023-04-01 21:08:44,29 km al S de Ollagüe,-21.489,-68.258,148.0,3.2,Ml
192719,2023-04-02 01:10:57,2023-04-01 22:10:57,17 km al NO de Illapel,-31.563,-71.323,60.0,3.0,Ml
192724,2023-04-02 01:56:50,2023-04-01 22:56:50,34 km al S de Mina Collahuasi,-21.131,-68.605,125.0,2.7,Ml
192729,2023-04-02 03:11:37,2023-04-01 23:11:37,72 km al NO de Valparaíso,-32.57,-72.128,34.0,2.5,Ml
192735,2023-04-02 04:36:35,2023-04-02 00:36:35,25 km al S de Canela Baja,-31.623,-71.494,76.0,3.7,Ml
192738,2023-04-02 05:04:02,2023-04-02 01:04:02,83 km al O de Pisagua,-19.759,-70.986,33.0,2.8,Ml
192749,2023-04-02 06:59:58,2023-04-02 02:59:58,31 km al NO de Mina Collahuasi,-20.61,-68.838,110.0,2.8,Ml
192753,2023-04-02 07:43:18,2023-04-02 03:43:18,76 km al S de Ilo,-18.304,-71.164,15.0,3.7,Ml
192770,2023-04-02 11:43:31,2023-04-02 07:43:31,37 km al O de Quillagua,-21.536,-69.866,80.0,3.5,Ml
192773,2023-04-02 12:00:35,2023-04-02 08:00:35,19 km al O de La Ligua,-32.421,-71.436,42.0,2.6,Ml
192782,2023-04-02 13:17:52,2023-04-02 09:17:52,88 km al SE de Socaire,-24.304,-67.523,195.0,4.4,Ml
192786,2023-04-02 14:26:13,2023-04-02 10:26:13,56 km al SO de Pica,-20.841,-69.72,88.0,2.8,Ml
192788,2023-04-02 15:42:12,2023-04-02 11:42:12,20 km al O de Putre,-18.191,-69.749,127.0,3.8,Ml
192790,2023-04-02 15:48:24,2023-04-02 11:48:24,81 km al NO de Cobquecura,-35.665,-73.48,32.0,2.7,Ml
192793,2023-04-02 16:14:52,2023-04-02 12:14:52,70 km al NO de Cobquecura,-35.797,-73.448,29.0,3.3,Ml
192831,2023-04-02 23:21:39,2023-04-02 19:21:39,46 km al S de Ollagüe,-21.631,-68.344,132.0,2.8,Ml
192837,2023-04-03 01:32:11,2023-04-02 21:32:11,29 km al NO de Quillagua,-21.49,-69.754,82.0,2.8,Ml
192845,2023-04-03 03:00:53,2023-04-02 23:00:53,126 km al E de Socaire,-23.995,-66.738,238.0,3.7,Ml
192852,2023-04-03 03:28:44,2023-04-02 23:28:44,112 km al O de Tocopilla,-21.986,-71.277,25.0,3.3,Ml
192863,2023-04-03 05:07:05,2023-04-03 01:07:05,49 km al O de Arica,-18.626,-70.763,27.0,2.9,Ml
192879,2023-04-03 08:27:46,2023-04-03 04:27:46,42 km al NE de Huasco,-28.153,-70.982,39.0,2.7,Ml
192893,2023-04-03 11:11:46,2023-04-03 07:11:46,34 km al NE de Calama,-22.254,-68.7,116.0,3.2,Ml
192895,2023-04-03 11:28:29,2023-04-03 07:28:29,15 km al SE de Puerto Octay,-41.046,-72.727,93.0,2.7,Ml
192898,2023-04-03 11:32:10,2023-04-03 07:32:10,26 km al NE de Sierra Gorda.,-22.7,-69.177,96.0,2.5,Ml
192899,2023-04-03 12:20:07,2023-04-03 08:20:07,36 km al E de Puerto Edén,-49.101,-73.92,28.0,3.6,Ml
192901,2023-04-03 12:38:29,2023-04-03 08:38:29,76 km al SO de Ollagüe,-21.837,-68.58,122.0,2.9,Ml
192903,2023-04-03 12:55:37,2023-04-03 08:55:37,61 km al NO de Huasco,-27.971,-71.488,40.0,2.6,Ml
192906,2023-04-03 13:23:23,2023-04-03 09:23:23,82 km al NE de San Pedro de Atacama,-22.266,-67.821,203.0,3.4,Ml
192918,2023-04-03 17:49:55,2023-04-03 13:49:55,15 km al SO de San Pedro de Atacama,-23.007,-68.31,128.0,3.0,Ml
192924,2023-04-03 18:34:39,2023-04-03 14:34:39,33 km al NE de Calama,-22.291,-68.674,111.0,2.8,Ml
192932,2023-04-03 19:42:52,2023-04-03 15:42:52,24 km al S de Mina Collahuasi,-21.039,-68.719,104.0,2.9,Ml
192938,2023-04-03 21:13:01,2023-04-03 17:13:01,40 km al SO de Ollagüe,-21.542,-68.443,127.0,2.7,Ml
192939,2023-04-03 21:30:22,2023-04-03 17:30:22,42 km al NE de Calama,-22.286,-68.571,108.0,3.1,Ml
192953,2023-04-03 23:13:49,2023-04-03 19:13:49,49 km al SO de Mina Collahuasi,-21.173,-68.945,114.0,2.8,Ml
192957,2023-04-04 00:23:53,2023-04-03 20:23:53,11 km al NE de Calama,-22.413,-68.847,124.0,2.9,Ml
192958,2023-04-04 00:49:18,2023-04-03 20:49:18,20 km al N de Mina La Escondida.,-24.09,-69.033,91.0,2.6,Ml
192959,2023-04-04 01:04:44,2023-04-03 21:04:44,13 km al E de Huasco,-28.429,-71.095,35.0,3.0,Ml
192966,2023-04-04 02:42:01,2023-04-03 22:42:01,72 km al NE de El Salvador,-25.7,-69.23,5.0,2.7,Ml
192968,2023-04-04 03:23:04,2023-04-03 23:23:04,101 km al E de Alto del Carmen,-28.548,-69.477,114.0,2.5,Ml
192969,2023-04-04 03:48:02,2023-04-03 23:48:02,22 km al S de Huasco,-28.658,-71.16,45.0,3.8,Ml
192975,2023-04-04 04:59:22,2023-04-04 00:59:22,86 km al O de Cobquecura,-35.866,-73.686,29.0,3.8,Ml
192978,2023-04-04 05:18:23,2023-04-04 01:18:23,87 km al O de Cobquecura,-35.8,-73.664,29.0,3.4,Ml
192993,2023-04-04 09:32:28,2023-04-04 05:32:28,29 km al E de Mina Los Pelambres,-31.749,-70.296,113.0,2.7,Ml
192999,2023-04-04 11:14:16,2023-04-04 07:14:16,89 km al SE de Socaire,-24.126,-67.236,202.0,3.3,Ml
193000,2023-04-04 11:30:57,2023-04-04 07:30:57,54 km al S de Putre,-18.685,-69.557,98.0,2.9,Ml
193003,2023-04-04 12:08:44,2023-04-04 08:08:44,114 km al E de Tierra Amarilla,-27.251,-69.137,112.0,3.4,Ml
193008,2023-04-04 13:23:45,2023-04-04 09:23:45,59 km al S de Camiña,-19.811,-69.244,99.0,2.5,Ml
193015,2023-04-04 14:45:48,2023-04-04 10:45:48,67 km al SO de Ollagüe,-21.741,-68.581,129.0,2.6,Ml
193018,2023-04-04 16:03:48,2023-04-04 12:03:48,17 km al S de Mina La Escondida.,-24.424,-69.084,89.0,2.9,Ml
193019,2023-04-04 16:40:01,2023-04-04 12:40:01,136 km al O de Valdivia,-39.695,-74.823,17.0,3.2,Ml
193032,2023-04-04 19:08:46,2023-04-04 15:08:46,48 km al SO de Caldera,-27.463,-71.01,53.0,5.8,Mww
193048,2023-04-04 19:12:39,2023-04-04 15:12:39,41 km al S de Caldera,-27.412,-70.958,54.0,2.9,Ml
193035,2023-04-04 19:26:59,2023-04-04 15:26:59,41 km al S de Caldera,-27.429,-70.926,56.0,4.1,Ml
193051,2023-04-04 19:36:36,2023-04-04 15:36:36,39 km al SO de Caldera,-27.386,-70.988,54.0,2.6,Ml
193053,2023-04-04 19:56:45,2023-04-04 15:56:45,38 km al S de Caldera,-27.397,-70.941,59.0,2.6,Ml
193038,2023-04-04 20:02:45,2023-04-04 16:02:45,47 km al S de Caldera,-27.468,-70.967,53.0,3.9,Ml
193040,2023-04-04 20:07:12,2023-04-04 16:07:12,46 km al S de Caldera,-27.468,-70.957,54.0,2.9,Ml
193043,2023-04-04 20:22:31,2023-04-04 16:22:31,42 km al SO de Caldera,-27.412,-70.991,52.0,2.9,Ml
193046,2023-04-04 20:43:08,2023-04-04 16:43:08,42 km al SO de Caldera,-27.414,-70.993,53.0,3.1,Ml
193054,2023-04-04 21:19:59,2023-04-04 17:19:59,49 km al S de Caldera,-27.508,-70.886,56.0,2.8,Ml
193058,2023-04-04 22:10:59,2023-04-04 18:10:59,48 km al S de Caldera,-27.481,-70.962,58.0,3.2,Ml
193062,2023-04-04 22:47:20,2023-04-04 18:47:20,26 km al NE de Rancagua,-34.043,-70.502,115.0,2.7,Ml
193068,2023-04-05 01:11:35,2023-04-04 21:11:35,47 km al S de Caldera,-27.479,-70.909,55.0,2.5,Ml
193073,2023-04-05 02:50:42,2023-04-04 22:50:42,56 km al NE de Ollagüe,-20.793,-67.985,184.0,2.9,Ml
193077,2023-04-05 03:22:36,2023-04-04 23:22:36,67 km al SE de Camiña,-19.849,-69.134,98.0,2.5,Ml
193078,2023-04-05 03:25:49,2023-04-04 23:25:49,50 km al S de Caldera,-27.502,-70.944,57.0,2.5,Ml
193080,2023-04-05 04:34:29,2023-04-05 00:34:29,74 km al SE de Socaire,-24.16,-67.521,238.0,3.2,Ml
193088,2023-04-05 07:03:49,2023-04-05 03:03:49,153 km al NO de Constitución,-34.482,-73.736,26.0,2.7,Ml
193089,2023-04-05 07:07:16,2023-04-05 03:07:16,50 km al S de Caldera,-27.492,-70.98,54.0,3.0,Ml
193091,2023-04-05 07:10:14,2023-04-05 03:10:14,80 km al E de Alto del Carmen,-28.966,-69.7,120.0,2.9,Ml
193095,2023-04-05 07:37:27,2023-04-05 03:37:27,26 km al E de Mina Los Pelambres,-31.84,-70.314,129.0,2.7,Ml
193097,2023-04-05 07:41:36,2023-04-05 03:41:36,66 km al O de Cobquecura,-35.872,-73.459,34.0,3.4,Ml
193102,2023-04-05 08:41:48,2023-04-05 04:41:48,53 km al SE de Socaire,-23.88,-67.479,245.0,2.6,Ml
193104,2023-04-05 10:36:10,2023-04-05 06:36:10,50 km al SO de Mina Collahuasi,-21.158,-68.983,105.0,2.7,Ml
193105,2023-04-05 10:50:24,2023-04-05 06:50:24,56 km al S de Camiña,-19.805,-69.305,93.0,2.7,Ml
193106,2023-04-05 11:12:04,2023-04-05 07:12:04,60 km al SO de Ollagüe,-21.716,-68.485,114.0,2.5,Ml
193108,2023-04-05 12:14:09,2023-04-05 08:14:09,73 km al N de Calama,-21.85,-68.683,112.0,2.6,Ml
193113,2023-04-05 14:14:41,2023-04-05 10:14:41,78 km al SE de Socaire,-24.129,-67.396,220.0,3.2,Ml
193114,2023-04-05 14:31:52,2023-04-05 10:31:52,42 km al SO de Ollagüe,-21.567,-68.422,130.0,2.5,Ml
193117,2023-04-05 14:58:42,2023-04-05 10:58:42,36 km al SO de Lebu,-37.879,-73.878,38.0,4.7,Mw
193125,2023-04-05 15:46:22,2023-04-05 11:46:22,42 km al SE de Pica,-20.811,-69.114,93.0,3.0,Ml
193126,2023-04-05 15:52:27,2023-04-05 11:52:27,25 km al E de Socaire,-23.558,-67.645,177.0,2.8,Ml
193128,2023-04-05 16:18:08,2023-04-05 12:18:08,47 km al S de Sierra Gorda.,-23.31,-69.218,85.0,2.6,Ml
193131,2023-04-05 17:45:19,2023-04-05 13:45:19,36 km al S de Caldera,-27.385,-70.903,56.0,2.9,Ml
193134,2023-04-05 18:16:54,2023-04-05 14:16:54,21 km al O de Calama,-22.467,-69.13,80.0,2.9,Ml
193137,2023-04-05 18:31:05,2023-04-05 14:31:05,32 km al O de Mina Collahuasi,-20.93,-68.948,110.0,2.7,Ml
193139,2023-04-05 18:35:50,2023-04-05 14:35:50,140 km al O de Tirúa,-38.309,-75.104,37.0,3.2,Ml
193149,2023-04-05 20:07:10,2023-04-05 16:07:10,92 km al NO de Cobquecura,-35.665,-73.638,30.0,2.9,Ml
193157,2023-04-05 20:55:45,2023-04-05 16:55:45,29 km al SO de Los Vilos,-32.147,-71.635,32.0,3.2,Ml
193158,2023-04-05 21:04:18,2023-04-05 17:04:18,27 km al SO de Los Vilos,-32.104,-71.692,36.0,4.0,Ml
193163,2023-04-05 21:37:38,2023-04-05 17:37:38,76 km al SE de Socaire,-24.023,-67.315,240.0,3.0,Ml
193169,2023-04-05 23:24:46,2023-04-05 19:24:46,62 km al O de Cobquecura,-35.889,-73.41,36.0,3.7,Ml
193176,2023-04-06 00:18:12,2023-04-05 20:18:12,32 km al SO de Los Vilos,-32.166,-71.676,55.0,2.7,Ml
193183,2023-04-06 01:52:21,2023-04-05 21:52:21,80 km al S de Socaire,-24.278,-67.666,240.0,2.8,Ml
193190,2023-04-06 03:28:12,2023-04-05 23:28:12,75 km al SE de Socaire,-24.16,-67.499,214.0,4.2,Mw
193197,2023-04-06 04:20:46,2023-04-06 00:20:46,63 km al S de Socaire,-24.127,-67.695,220.0,2.7,Ml
193201,2023-04-06 06:17:54,2023-04-06 02:17:54,12 km al NO de Mina La Escondida.,-24.175,-69.113,92.0,2.8,Ml
193203,2023-04-06 07:32:47,2023-04-06 03:32:47,81 km al NE de El Salvador,-25.563,-69.332,5.0,2.5,Ml
193204,2023-04-06 07:35:42,2023-04-06 03:35:42,82 km al NE de San Pedro de Atacama,-22.298,-67.763,211.0,2.7,Ml
193206,2023-04-06 08:24:53,2023-04-06 04:24:53,80 km al NE de Socaire,-23.155,-67.266,240.0,3.3,Ml
193210,2023-04-06 09:29:56,2023-04-06 05:29:56,85 km al E de Tierra Amarilla,-27.554,-69.407,92.0,2.9,Ml
193212,2023-04-06 10:05:33,2023-04-06 06:05:33,33 km al SO de La Ligua,-32.589,-71.546,32.0,2.7,Ml
193214,2023-04-06 10:20:39,2023-04-06 06:20:39,85 km al O de La Serena,-29.633,-72.078,38.0,2.8,Ml
193218,2023-04-06 11:13:18,2023-04-06 07:13:18,35 km al NO de Arica,-18.342,-70.621,61.0,3.1,Ml
193219,2023-04-06 11:36:03,2023-04-06 07:36:03,50 km al SE de Socaire,-23.981,-67.643,217.0,2.7,Ml
193220,2023-04-06 11:42:15,2023-04-06 07:42:15,49 km al SE de Socaire,-23.874,-67.517,241.0,3.0,Ml
193223,2023-04-06 12:41:51,2023-04-06 08:41:51,47 km al SE de Calama,-22.843,-68.706,98.0,2.9,Ml
193229,2023-04-06 15:45:39,2023-04-06 11:45:39,51 km al SO de Caldera,-27.477,-71.045,52.0,4.0,Ml
193231,2023-04-06 15:54:09,2023-04-06 11:54:09,74 km al N de Tocopilla,-21.439,-70.301,28.0,2.9,Ml
193233,2023-04-06 16:55:03,2023-04-06 12:55:03,38 km al SO de Ollagüe,-21.427,-68.548,128.0,3.0,Ml
193237,2023-04-06 18:14:57,2023-04-06 14:14:57,42 km al SO de Ollagüe,-21.54,-68.484,130.0,2.8,Ml
193251,2023-04-06 20:27:15,2023-04-06 16:27:15,27 km al SO de Calama,-22.67,-69.077,105.0,2.8,Ml
193268,2023-04-07 02:03:56,2023-04-06 22:03:56,56 km al SE de Putre,-18.648,-69.316,117.0,3.0,Ml
193270,2023-04-07 02:08:26,2023-04-06 22:08:26,24 km al SO de Ollagüe,-21.324,-68.46,122.0,2.6,Ml
193273,2023-04-07 03:04:05,2023-04-06 23:04:05,45 km al NE de El Salvador,-25.89,-69.391,15.0,3.4,Ml
193279,2023-04-07 04:09:39,2023-04-07 00:09:39,18 km al NO de Cauquenes,-35.854,-72.458,64.0,2.6,Ml
193281,2023-04-07 04:16:51,2023-04-07 00:16:51,58 km al NE de Pozo Almonte,-19.924,-69.353,104.0,3.1,Ml
193283,2023-04-07 05:47:39,2023-04-07 01:47:39,31 km al O de Santa Cruz,-34.744,-71.679,60.0,2.5,Ml
193287,2023-04-07 06:48:14,2023-04-07 02:48:14,45 km al SE de Putre,-18.536,-69.319,122.0,3.2,Ml
193290,2023-04-07 07:44:53,2023-04-07 03:44:53,46 km al SO de Pica,-20.754,-69.665,62.0,3.9,Ml
193292,2023-04-07 07:50:29,2023-04-07 03:50:29,60 km al N de Pica,-19.963,-69.223,98.0,2.9,Ml
193294,2023-04-07 08:06:16,2023-04-07 04:06:16,22 km al N de Calama,-22.28,-68.881,112.0,2.6,Ml
193299,2023-04-07 09:03:39,2023-04-07 05:03:39,65 km al SE de Paihuano,-30.451,-70.048,119.0,2.6,Ml
193308,2023-04-07 11:19:55,2023-04-07 07:19:55,47 km al SE de Putre,-18.555,-69.315,122.0,3.9,Ml
193311,2023-04-07 11:30:10,2023-04-07 07:30:10,19 km al NO de Punitaqui,-30.731,-71.418,52.0,2.8,Ml
193314,2023-04-07 12:21:43,2023-04-07 08:21:43,67 km al E de Socaire,-23.636,-67.232,247.0,4.0,Ml
193319,2023-04-07 13:09:00,2023-04-07 09:09:00,3 km al NO de Pichilemu,-34.37,-72.037,21.0,3.0,Ml
193323,2023-04-07 15:15:24,2023-04-07 11:15:24,52 km al SO de Huasco,-28.901,-71.41,20.0,2.7,Ml
193335,2023-04-07 17:53:25,2023-04-07 13:53:25,18 km al NO de La Higuera,-29.412,-71.346,70.0,3.6,Ml
193349,2023-04-07 20:05:20,2023-04-07 16:05:20,51 km al NE de Cuya,-18.959,-69.747,115.0,3.0,Ml
193355,2023-04-07 20:46:32,2023-04-07 16:46:32,8 km al O de Victoria,-38.225,-72.417,44.0,3.9,Ml
193376,2023-04-08 01:17:33,2023-04-07 21:17:33,90 km al SE de Socaire,-24.331,-67.535,209.0,3.6,Ml
193395,2023-04-08 05:59:50,2023-04-08 01:59:50,25 km al E de Los Andes.,-32.896,-70.344,106.0,3.0,Ml
193408,2023-04-08 09:59:58,2023-04-08 05:59:58,99 km al E de Alto del Carmen,-28.701,-69.47,135.0,3.7,Ml
193417,2023-04-08 12:02:44,2023-04-08 08:02:44,100 km al O de Tongoy,-30.52,-72.495,40.0,3.7,Ml
193425,2023-04-08 12:33:03,2023-04-08 08:33:03,17 km al N de Calama,-22.321,-68.909,100.0,3.2,Ml
193423,2023-04-08 12:33:22,2023-04-08 08:33:22,66 km al NO de Cobquecura,-35.773,-73.374,26.0,3.1,Ml
193428,2023-04-08 13:53:54,2023-04-08 09:53:54,40 km al SO de Mina Collahuasi,-21.105,-68.908,102.0,2.5,Ml
193438,2023-04-08 16:20:33,2023-04-08 12:20:33,35 km al SE de Calama,-22.7,-68.692,108.0,2.7,Ml
193443,2023-04-08 18:32:08,2023-04-08 14:32:08,42 km al SE de Pica,-20.807,-69.104,107.0,2.6,Ml
193455,2023-04-08 20:01:19,2023-04-08 16:01:19,46 km al S de Mina Collahuasi,-21.215,-68.798,115.0,2.7,Ml
193467,2023-04-08 22:27:05,2023-04-08 18:27:05,111 km al NO de Pichilemu,-33.866,-73.044,31.0,2.8,Ml
193472,2023-04-08 22:55:13,2023-04-08 18:55:13,127 km al O de Tirúa,-38.558,-74.921,15.0,2.9,Ml
193474,2023-04-08 23:36:35,2023-04-08 19:36:35,35 km al SO de Visviri,-17.864,-69.648,148.0,3.8,Ml
193481,2023-04-09 01:32:04,2023-04-08 21:32:04,8 km al SO de La Ligua,-32.493,-71.295,68.0,2.8,Ml
193497,2023-04-09 05:24:34,2023-04-09 01:24:34,13 km al S de Cuya,-19.278,-70.204,44.0,4.3,Ml
193517,2023-04-09 09:44:10,2023-04-09 05:44:10,10 km al NE de Sierra Gorda.,-22.819,-69.271,82.0,3.3,Ml
193527,2023-04-09 12:30:15,2023-04-09 08:30:15,166 km al O de Valparaíso,-32.62,-73.32,13.0,3.3,Ml
193549,2023-04-09 18:50:34,2023-04-09 14:50:34,32 km al S de Mina Collahuasi,-21.117,-68.635,111.0,2.8,Ml
193553,2023-04-09 19:56:45,2023-04-09 15:56:45,79 km al SE de Socaire,-24.073,-67.317,212.0,3.5,Ml
193557,2023-04-09 19:58:18,2023-04-09 15:58:18,46 km al SO de Los Vilos,-32.268,-71.749,35.0,3.2,Ml
193570,2023-04-09 23:23:34,2023-04-09 19:23:34,59 km al SE de Arica,-18.71,-69.814,106.0,2.9,Ml
193587,2023-04-10 05:51:55,2023-04-10 01:51:55,68 km al SO de Ollagüe,-21.792,-68.5,131.0,3.1,Ml
193590,2023-04-10 07:09:02,2023-04-10 03:09:02,81 km al NO de Cobquecura,-35.668,-73.489,33.0,3.3,Ml
193595,2023-04-10 08:10:50,2023-04-10 04:10:50,27 km al S de Pica,-20.719,-69.422,27.0,3.1,Ml
193596,2023-04-10 08:33:23,2023-04-10 04:33:23,23 km al O de La Ligua,-32.366,-71.454,53.0,4.0,Ml
193604,2023-04-10 10:54:41,2023-04-10 06:54:41,33 km al NO de Los Andes.,-32.616,-70.842,78.0,4.5,Mw
193607,2023-04-10 10:56:12,2023-04-10 06:56:12,20 km al N de Pica,-20.322,-69.384,85.0,2.7,Ml
193609,2023-04-10 11:42:00,2023-04-10 07:42:00,24 km al NE de Linares,-35.661,-71.453,92.0,3.4,Ml
193615,2023-04-10 11:59:36,2023-04-10 07:59:36,91 km al S de Socaire,-24.377,-67.633,214.0,3.4,Ml
193620,2023-04-10 12:59:17,2023-04-10 08:59:17,15 km al SO de San Pedro de Atacama,-22.998,-68.316,119.0,3.4,Ml
193626,2023-04-10 15:56:17,2023-04-10 11:56:17,40 km al NE de Calama,-22.273,-68.6,123.0,2.5,Ml
193628,2023-04-10 16:18:01,2023-04-10 12:18:01,37 km al S de Mina Collahuasi,-21.155,-68.633,111.0,3.3,Ml
193643,2023-04-10 19:12:24,2023-04-10 15:12:24,17 km al S de Tierra Amarilla,-27.633,-70.315,92.0,3.2,Ml
193651,2023-04-10 20:11:22,2023-04-10 16:11:22,28 km al NO de Mina Collahuasi,-20.693,-68.887,98.0,3.4,Ml
193662,2023-04-10 22:32:22,2023-04-10 18:32:22,37 km al O de Ollagüe,-21.163,-68.6,125.0,2.7,Ml
193671,2023-04-11 01:06:00,2023-04-10 21:06:00,64 km al NO de Quillagua,-21.247,-69.967,51.0,3.0,Ml
193679,2023-04-11 03:37:35,2023-04-10 23:37:35,19 km al S de Cuya,-19.331,-70.18,14.0,3.2,Ml
193690,2023-04-11 05:35:58,2023-04-11 01:35:58,24 km al SO de Los Vilos,-32.09,-71.655,35.0,2.5,Ml
193692,2023-04-11 05:42:07,2023-04-11 01:42:07,3 km al O de Ovalle,-30.607,-71.229,67.0,2.6,Ml
193696,2023-04-11 06:31:28,2023-04-11 02:31:28,49 km al E de Sierra Gorda.,-22.961,-68.847,101.0,3.1,Ml
193701,2023-04-11 08:22:35,2023-04-11 04:22:35,32 km al NE de Quillagua,-21.509,-69.275,73.0,4.1,Ml
193708,2023-04-11 10:35:34,2023-04-11 06:35:34,33 km al S de Mina Collahuasi,-21.118,-68.628,115.0,4.0,Ml
193709,2023-04-11 11:52:09,2023-04-11 07:52:09,28 km al N de Mina La Escondida.,-24.015,-69.086,92.0,4.3,Ml
193718,2023-04-11 14:27:48,2023-04-11 10:27:48,57 km al SO de Ollagüe,-21.642,-68.58,126.0,2.6,Ml
193719,2023-04-11 14:55:00,2023-04-11 10:55:00,72 km al SE de Socaire,-24.149,-67.542,218.0,3.2,Ml
193721,2023-04-11 15:37:11,2023-04-11 11:37:11,71 km al E de Socaire,-23.799,-67.229,252.0,2.6,Ml
193723,2023-04-11 16:01:50,2023-04-11 12:01:50,122 km al E de Tierra Amarilla,-27.401,-69.032,129.0,3.3,Ml
193724,2023-04-11 16:07:21,2023-04-11 12:07:21,32 km al S de Mina Collahuasi,-21.114,-68.701,128.0,4.1,Ml
193726,2023-04-11 16:09:34,2023-04-11 12:09:34,288 km al SO de Melinka,-45.533,-76.573,10.0,2.8,Ml
193728,2023-04-11 16:19:15,2023-04-11 12:19:15,26 km al O de Canela Baja,-31.484,-71.714,34.0,4.3,Ml
193732,2023-04-11 16:41:34,2023-04-11 12:41:34,67 km al NE de Los Andes.,-32.368,-70.138,121.0,2.5,Ml
193736,2023-04-11 17:28:48,2023-04-11 13:28:48,70 km al SE de Socaire,-24.144,-67.573,246.0,3.0,Ml
193740,2023-04-11 18:12:55,2023-04-11 14:12:55,47 km al SO de Los Vilos,-32.281,-71.753,30.0,2.7,Ml
193747,2023-04-11 18:48:04,2023-04-11 14:48:04,77 km al SE de Socaire,-24.224,-67.596,241.0,3.0,Ml
193753,2023-04-11 19:38:22,2023-04-11 15:38:22,69 km al SO de Ollagüe,-21.764,-68.592,116.0,2.6,Ml
193755,2023-04-11 20:04:16,2023-04-11 16:04:16,25 km al SE de Putre,-18.396,-69.447,115.0,2.7,Ml
193760,2023-04-11 21:08:15,2023-04-11 17:08:15,16 km al SO de Chañaral.,-26.439,-70.742,70.0,3.8,Ml
193768,2023-04-11 22:03:49,2023-04-11 18:03:49,78 km al SE de Socaire,-24.158,-67.438,215.0,3.3,Ml
193774,2023-04-11 22:43:14,2023-04-11 18:43:14,46 km al SO de Taltal,-25.732,-70.778,15.0,3.2,Ml
193777,2023-04-11 23:37:00,2023-04-11 19:37:00,25 km al E de Vichuquén,-34.813,-71.736,42.0,3.2,Ml
193781,2023-04-12 02:09:29,2023-04-11 22:09:29,27 km al SO de Mina Collahuasi,-21.051,-68.751,115.0,3.4,Ml
193790,2023-04-12 05:12:16,2023-04-12 01:12:16,47 km al SE de Curicó,-35.315,-70.917,110.0,2.5,Ml
193793,2023-04-12 05:26:46,2023-04-12 01:26:46,101 km al SE de Socaire,-24.039,-67.027,240.0,4.4,Mw
193794,2023-04-12 06:16:09,2023-04-12 02:16:09,120 km al S de Termas del Flaco,-36.025,-70.269,190.0,4.2,Mw
193799,2023-04-12 07:27:26,2023-04-12 03:27:26,140 km al O de Tirúa,-38.573,-75.078,14.0,3.0,Ml
193801,2023-04-12 08:24:32,2023-04-12 04:24:32,63 km al N de Calama,-21.914,-68.794,110.0,4.1,Ml
193804,2023-04-12 08:58:38,2023-04-12 04:58:38,40 km al SO de Caldera,-27.407,-70.964,47.0,2.8,Ml
193812,2023-04-12 12:14:10,2023-04-12 08:14:10,32 km al S de San José de Maipo,-33.931,-70.315,116.0,2.7,Ml
193814,2023-04-12 12:18:23,2023-04-12 08:18:23,49 km al O de Valparaíso,-32.986,-72.138,35.0,2.6,Ml
193816,2023-04-12 13:36:06,2023-04-12 09:36:06,93 km al E de Mina La Escondida.,-24.59,-68.208,152.0,2.8,Ml
193821,2023-04-12 13:38:57,2023-04-12 09:38:57,75 km al SE de Socaire,-24.177,-67.529,231.0,2.8,Ml
193822,2023-04-12 14:06:35,2023-04-12 10:06:35,36 km al O de Punitaqui,-30.928,-71.621,42.0,2.7,Ml
193829,2023-04-12 15:02:01,2023-04-12 11:02:01,60 km al SE de Sierra Gorda.,-23.224,-68.845,137.0,2.7,Ml
193831,2023-04-12 15:12:54,2023-04-12 11:12:54,39 km al N de Camiña,-18.963,-69.431,105.0,2.9,Ml
193836,2023-04-12 16:23:00,2023-04-12 12:23:00,25 km al SO de Toltén,-39.377,-73.304,40.0,2.6,Ml
193847,2023-04-12 20:04:14,2023-04-12 16:04:14,20 km al N de Monte Patria,-30.516,-70.996,80.0,2.5,Ml
193848,2023-04-12 20:06:15,2023-04-12 16:06:15,73 km al SE de Socaire,-24.057,-67.385,230.0,3.1,Ml
193856,2023-04-12 21:48:43,2023-04-12 17:48:43,41 km al NO de Mina Collahuasi,-20.556,-68.925,110.0,2.6,Ml
193863,2023-04-13 00:24:03,2023-04-12 20:24:03,27 km al N de Pica,-20.261,-69.241,102.0,3.3,Ml
193867,2023-04-13 01:45:31,2023-04-12 21:45:31,53 km al S de Mina Collahuasi,-21.289,-68.789,121.0,2.6,Ml
193870,2023-04-13 05:05:41,2023-04-13 01:05:41,10 km al NE de Pica,-20.434,-69.25,111.0,2.6,Ml
193873,2023-04-13 05:51:46,2023-04-13 01:51:46,24 km al O de Navidad,-33.874,-72.075,33.0,3.1,Ml
193875,2023-04-13 06:02:12,2023-04-13 02:02:12,27 km al N de Cuya,-18.921,-70.233,66.0,2.5,Ml
193881,2023-04-13 08:18:12,2023-04-13 04:18:12,37 km al NO de Mina Collahuasi,-20.571,-68.887,108.0,4.1,Ml
193882,2023-04-13 08:46:54,2023-04-13 04:46:54,50 km al SO de Socaire,-23.777,-68.336,236.0,2.8,Ml
193890,2023-04-13 09:51:54,2023-04-13 05:51:54,16 km al O de Los Vilos,-31.963,-71.664,38.0,3.1,Ml
193895,2023-04-13 11:04:08,2023-04-13 07:04:08,15 km al SO de Los Vilos,-31.986,-71.649,24.0,2.5,Ml
193904,2023-04-13 14:25:29,2023-04-13 10:25:29,75 km al E de Socaire,-23.493,-67.164,245.0,4.3,Ml
193908,2023-04-13 15:16:27,2023-04-13 11:16:27,37 km al NO de Mina Collahuasi,-20.58,-68.891,104.0,2.9,Ml
193910,2023-04-13 15:30:49,2023-04-13 11:30:49,64 km al N de Pica,-19.943,-69.136,109.0,2.5,Ml
193911,2023-04-13 15:56:03,2023-04-13 11:56:03,46 km al SE de Mina La Escondida.,-24.646,-68.857,116.0,3.4,Ml
193913,2023-04-13 16:32:48,2023-04-13 12:32:48,77 km al SE de Socaire,-23.89,-67.21,243.0,2.8,Ml
193914,2023-04-13 16:47:24,2023-04-13 12:47:24,34 km al O de Mina Collahuasi,-20.789,-68.978,100.0,2.5,Ml
193916,2023-04-13 17:23:25,2023-04-13 13:23:25,69 km al SE de Socaire,-24.124,-67.546,238.0,3.6,Ml
193918,2023-04-13 17:30:29,2023-04-13 13:30:29,29 km al NO de Mina Collahuasi,-20.697,-68.897,104.0,3.2,Ml
193924,2023-04-13 17:46:40,2023-04-13 13:46:40,70 km al O de Arica,-18.439,-70.985,15.0,2.5,Ml
193922,2023-04-13 18:38:31,2023-04-13 14:38:31,48 km al NE de Calama,-22.27,-68.52,117.0,2.8,Ml
193927,2023-04-13 18:56:19,2023-04-13 14:56:19,128 km al NO de Mejillones,-22.435,-71.468,25.0,2.7,Ml
193932,2023-04-13 20:45:36,2023-04-13 16:45:36,118 km al E de Socaire,-23.341,-66.767,242.0,3.9,Ml
193945,2023-04-14 01:02:06,2023-04-13 21:02:06,39 km al SO de Camiña,-19.464,-69.766,62.0,2.8,Ml
193948,2023-04-14 01:39:13,2023-04-13 21:39:13,76 km al N de Calama,-21.815,-68.721,104.0,2.6,Ml
193952,2023-04-14 02:21:06,2023-04-13 22:21:06,63 km al SO de Ollagüe,-21.745,-68.494,118.0,2.5,Ml
193954,2023-04-14 02:42:39,2023-04-13 22:42:39,24 km al S de Los Vilos,-32.124,-71.549,38.0,3.0,Ml
193957,2023-04-14 02:51:34,2023-04-13 22:51:34,100 km al SE de Socaire,-24.25,-67.22,196.0,2.9,Ml
193962,2023-04-14 04:12:06,2023-04-14 00:12:06,17 km al O de Andacollo,-30.208,-71.264,59.0,3.4,Ml
193970,2023-04-14 05:18:24,2023-04-14 01:18:24,29 km al O de Colina,-33.215,-70.992,73.0,2.6,Ml
193981,2023-04-14 06:38:12,2023-04-14 02:38:12,17 km al O de Andacollo,-30.211,-71.257,59.0,2.8,Ml
193982,2023-04-14 07:04:29,2023-04-14 03:04:29,76 km al NE de Calama,-21.882,-68.551,125.0,3.4,Ml
193984,2023-04-14 07:16:18,2023-04-14 03:16:18,84 km al E de Socaire,-23.36,-67.105,227.0,3.2,Ml
193985,2023-04-14 07:33:21,2023-04-14 03:33:21,126 km al SE de Socaire,-24.535,-67.201,186.0,3.1,Ml
193992,2023-04-14 09:02:53,2023-04-14 05:02:53,123 km al SE de Socaire,-24.22,-66.896,224.0,3.9,Ml
193994,2023-04-14 09:27:25,2023-04-14 05:27:25,140 km al O de Constitución,-35.086,-73.921,16.0,3.2,Ml
194006,2023-04-14 12:19:19,2023-04-14 08:19:19,33 km al O de Ollagüe,-21.115,-68.551,132.0,2.8,Ml
194009,2023-04-14 12:57:35,2023-04-14 08:57:35,42 km al NO de Chañaral.,-26.081,-70.914,29.0,2.7,Ml
194015,2023-04-14 14:42:35,2023-04-14 10:42:35,27 km al NO de La Ligua,-32.248,-71.385,57.0,2.8,Ml
194017,2023-04-14 14:53:16,2023-04-14 10:53:16,75 km al S de Socaire,-24.226,-67.658,236.0,2.5,Ml
194027,2023-04-14 19:30:44,2023-04-14 15:30:44,45 km al NO de San Pedro de Atacama,-22.665,-68.539,116.0,2.7,Ml
194029,2023-04-14 20:10:00,2023-04-14 16:10:00,58 km al SO de Los Vilos,-32.344,-71.847,31.0,3.4,Ml
194032,2023-04-14 20:16:00,2023-04-14 16:16:00,99 km al E de Mina La Escondida.,-24.501,-68.115,148.0,3.4,Ml
194041,2023-04-14 22:25:23,2023-04-14 18:25:23,34 km al S de Lebu,-37.905,-73.778,35.0,2.8,Ml
194043,2023-04-14 22:27:35,2023-04-14 18:27:35,27 km al S de San José de Maipo,-33.881,-70.324,123.0,3.1,Ml
194050,2023-04-14 23:08:46,2023-04-14 19:08:46,121 km al SE de Socaire,-24.444,-67.147,194.0,3.4,Ml
194058,2023-04-15 01:03:43,2023-04-14 21:03:43,36 km al SO de Caldera,-27.257,-71.111,29.0,2.6,Ml
194060,2023-04-15 01:04:26,2023-04-14 21:04:26,34 km al SO de Visviri,-17.725,-69.773,161.0,3.4,Ml
194061,2023-04-15 01:25:42,2023-04-14 21:25:42,71 km al S de Mina La Escondida.,-24.884,-69.258,90.0,2.7,Ml
194066,2023-04-15 02:01:10,2023-04-14 22:01:10,45 km al S de Camiña,-19.713,-69.51,98.0,2.9,Ml
194067,2023-04-15 02:09:35,2023-04-14 22:09:35,54 km al SE de Socaire,-23.984,-67.581,243.0,3.4,Ml
194070,2023-04-15 03:21:59,2023-04-14 23:21:59,48 km al NE de Pica,-20.131,-69.071,110.0,2.8,Ml
194074,2023-04-15 06:14:10,2023-04-15 02:14:10,129 km al SE de Paihuano,-30.555,-69.324,3.0,2.8,Ml
194076,2023-04-15 06:23:17,2023-04-15 02:23:17,10 km al NO de Quillagua,-21.58,-69.59,29.0,3.3,Ml
194086,2023-04-15 09:23:38,2023-04-15 05:23:38,77 km al SO de Socaire,-24.218,-68.209,116.0,2.6,Ml
194089,2023-04-15 09:24:42,2023-04-15 05:24:42,34 km al O de Taltal,-25.351,-70.821,33.0,2.5,Ml
194091,2023-04-15 10:26:46,2023-04-15 06:26:46,26 km al O de Mina Collahuasi,-20.752,-68.894,108.0,3.0,Ml
194095,2023-04-15 10:38:51,2023-04-15 06:38:51,123 km al SE de Socaire,-24.431,-67.101,195.0,3.9,Ml
194100,2023-04-15 11:07:47,2023-04-15 07:07:47,28 km al NO de Putre,-17.972,-69.686,119.0,3.3,Ml
194103,2023-04-15 12:05:37,2023-04-15 08:05:37,44 km al SO de Mina Collahuasi,-21.13,-68.923,110.0,2.6,Ml
194105,2023-04-15 12:35:37,2023-04-15 08:35:37,59 km al O de Navidad,-33.989,-72.472,40.0,2.9,Ml
194109,2023-04-15 13:51:42,2023-04-15 09:51:42,2 km al N de Casablanca,-33.297,-71.41,58.0,3.0,Ml
194113,2023-04-15 14:36:45,2023-04-15 10:36:45,15 km al NO de Illapel,-31.564,-71.301,36.0,2.8,Ml
194136,2023-04-15 19:45:16,2023-04-15 15:45:16,131 km al SE de Socaire,-24.342,-66.903,224.0,3.9,Ml
194137,2023-04-15 19:45:43,2023-04-15 15:45:43,54 km al NE de San Pedro de Atacama,-22.506,-67.916,123.0,3.1,Ml
194146,2023-04-15 22:21:38,2023-04-15 18:21:38,98 km al SE de Socaire,-24.217,-67.214,198.0,4.1,Ml
194152,2023-04-16 00:05:54,2023-04-15 20:05:54,38 km al SE de Pica,-20.746,-69.085,114.0,2.5,Ml
194153,2023-04-16 00:06:53,2023-04-15 20:06:53,87 km al S de Punta Arenas,-53.929,-70.657,10.0,4.1,Ml
194165,2023-04-16 03:26:28,2023-04-15 23:26:28,47 km al NE de Tierra Amarilla,-27.259,-69.857,104.0,2.9,Ml
194175,2023-04-16 04:44:21,2023-04-16 00:44:21,64 km al O de Cobquecura,-35.909,-73.445,22.0,3.6,Ml
194180,2023-04-16 05:11:46,2023-04-16 01:11:46,39 km al SO de Pica,-20.76,-69.575,96.0,2.9,Ml
194182,2023-04-16 05:25:07,2023-04-16 01:25:07,40 km al SO de Mina Collahuasi,-21.091,-68.915,112.0,3.0,Ml
194186,2023-04-16 06:54:07,2023-04-16 02:54:07,15 km al SE de Linares,-35.965,-71.516,78.0,2.5,Ml
194195,2023-04-16 08:34:54,2023-04-16 04:34:54,11 km al SO de Andacollo,-30.28,-71.182,40.0,2.6,Ml
194206,2023-04-16 11:08:24,2023-04-16 07:08:24,32 km al NO de Mina Collahuasi,-20.615,-68.867,109.0,2.9,Ml
194209,2023-04-16 11:53:05,2023-04-16 07:53:05,68 km al N de Calama,-21.867,-68.835,105.0,2.7,Ml
194211,2023-04-16 11:57:48,2023-04-16 07:57:48,43 km al S de San Pedro de Atacama,-23.307,-68.182,127.0,3.0,Ml
194213,2023-04-16 12:24:30,2023-04-16 08:24:30,144 km al NE de Socaire,-22.838,-66.742,306.0,4.4,Mw
194217,2023-04-16 13:31:00,2023-04-16 09:31:00,68 km al N de Quillagua,-21.058,-69.665,60.0,3.0,Ml
194223,2023-04-16 15:10:12,2023-04-16 11:10:12,47 km al SE de Pisagua,-19.775,-69.811,23.0,2.9,Ml
194230,2023-04-16 16:39:48,2023-04-16 12:39:48,89 km al S de Alto Hospicio,-21.038,-70.322,38.0,2.9,Ml
194232,2023-04-16 17:16:36,2023-04-16 13:16:36,44 km al SO de Arica,-18.638,-70.706,26.0,3.2,Ml
194234,2023-04-16 17:38:59,2023-04-16 13:38:59,30 km al E de Pica,-20.479,-69.046,98.0,2.7,Ml
194236,2023-04-16 17:57:16,2023-04-16 13:57:16,52 km al O de Ollagüe,-21.335,-68.743,120.0,3.0,Ml
194241,2023-04-16 19:03:59,2023-04-16 15:03:59,61 km al SO de Lebu,-38.009,-74.13,8.0,3.4,Ml
194250,2023-04-16 20:19:08,2023-04-16 16:19:08,59 km al NO de Cobquecura,-35.823,-73.332,35.0,3.3,Ml
194266,2023-04-17 01:05:01,2023-04-16 21:05:01,43 km al SO de Los Vilos,-32.137,-71.886,30.0,3.0,Ml
194272,2023-04-17 01:58:06,2023-04-16 21:58:06,39 km al O de Mina Collahuasi,-20.887,-69.031,98.0,2.5,Ml
194275,2023-04-17 03:23:13,2023-04-16 23:23:13,59 km al N de Pica,-19.992,-69.131,98.0,2.5,Ml
194285,2023-04-17 05:51:20,2023-04-17 01:51:20,38 km al E de Pisagua,-19.606,-69.855,19.0,2.5,Ml
194294,2023-04-17 09:04:08,2023-04-17 05:04:08,70 km al NO de La Higuera,-29.027,-71.665,33.0,3.9,Ml
194299,2023-04-17 11:16:40,2023-04-17 07:16:40,36 km al O de Los Vilos,-31.78,-71.862,15.0,2.6,Ml
194301,2023-04-17 12:04:43,2023-04-17 08:04:43,116 km al SE de Socaire,-24.447,-67.237,178.0,3.4,Ml
194304,2023-04-17 14:00:50,2023-04-17 10:00:50,19 km al S de Mejillones,-23.262,-70.389,66.0,2.7,Ml
194317,2023-04-17 18:23:09,2023-04-17 14:23:09,74 km al NE de Calama,-21.907,-68.555,124.0,3.5,Ml
194335,2023-04-17 22:20:46,2023-04-17 18:20:46,55 km al O de Ollagüe,-21.422,-68.739,102.0,2.5,Ml
194336,2023-04-17 22:21:00,2023-04-17 18:21:00,40 km al N de Vallenar,-28.215,-70.745,64.0,3.2,Ml
194358,2023-04-18 04:21:14,2023-04-18 00:21:14,49 km al N de Termas del Flaco,-34.523,-70.334,19.0,2.5,Ml
194371,2023-04-18 06:15:00,2023-04-18 02:15:00,42 km al SE de Camiña,-19.65,-69.244,97.0,2.9,Ml
194382,2023-04-18 08:42:57,2023-04-18 04:42:57,25 km al NO de Mejillones,-22.941,-70.625,30.0,2.9,Ml
194391,2023-04-18 12:25:49,2023-04-18 08:25:49,94 km al NE de Socaire,-23.102,-67.136,264.0,3.7,Ml
194394,2023-04-18 14:04:48,2023-04-18 10:04:48,50 km al NE de Calama,-22.264,-68.497,139.0,3.0,Ml
194397,2023-04-18 14:42:34,2023-04-18 10:42:34,53 km al E de Rancagua,-34.159,-70.158,21.0,3.3,Ml
194400,2023-04-18 15:34:10,2023-04-18 11:34:10,72 km al SE de Socaire,-24.031,-67.372,246.0,3.1,Ml
194403,2023-04-18 15:55:24,2023-04-18 11:55:24,29 km al O de Mina Collahuasi,-20.813,-68.94,101.0,3.6,Ml
194411,2023-04-18 16:47:41,2023-04-18 12:47:41,17 km al O de Andacollo,-30.236,-71.262,56.0,2.8,Ml
194415,2023-04-18 17:29:49,2023-04-18 13:29:49,20 km al E de Ollagüe,-21.177,-68.069,191.0,3.2,Ml
194432,2023-04-18 22:37:40,2023-04-18 18:37:40,72 km al N de Calama,-21.868,-68.685,133.0,2.8,Ml
194435,2023-04-19 00:33:35,2023-04-18 20:33:35,39 km al S de Socaire,-23.935,-67.858,148.0,3.4,Ml
194437,2023-04-19 00:52:26,2023-04-18 20:52:26,32 km al O de La Ligua,-32.399,-71.569,42.0,2.6,Ml
194442,2023-04-19 01:53:22,2023-04-18 21:53:22,176 km al O de Melinka,-43.335,-75.789,25.0,2.9,Ml
194451,2023-04-19 03:40:37,2023-04-18 23:40:37,27 km al NE de Calama,-22.255,-68.814,104.0,3.0,Ml
194453,2023-04-19 04:24:41,2023-04-19 00:24:41,24 km al NO de Calama,-22.295,-69.073,120.0,3.1,Ml
194460,2023-04-19 05:28:36,2023-04-19 01:28:36,76 km al NE de El Salvador,-25.68,-69.182,15.0,3.7,Ml
194464,2023-04-19 05:30:48,2023-04-19 01:30:48,76 km al NE de El Salvador,-25.701,-69.158,14.0,3.6,Ml
194483,2023-04-19 10:25:38,2023-04-19 06:25:38,13 km al NO de Ovalle,-30.515,-71.288,12.0,3.2,Ml
194484,2023-04-19 10:37:42,2023-04-19 06:37:42,41 km al N de Calama,-22.118,-68.798,112.0,2.9,Ml
194487,2023-04-19 11:47:33,2023-04-19 07:47:33,73 km al SE de Socaire,-24.078,-67.407,226.0,3.6,Ml
194493,2023-04-19 12:51:57,2023-04-19 08:51:57,51 km al O de Tongoy,-30.253,-72.024,43.0,3.7,Ml
194496,2023-04-19 12:52:01,2023-04-19 08:52:01,76 km al NE de Calama,-21.911,-68.513,108.0,2.7,Ml
194503,2023-04-19 14:45:33,2023-04-19 10:45:33,122 km al SE de Socaire,-24.339,-67.015,175.0,2.8,Ml
194504,2023-04-19 16:00:25,2023-04-19 12:00:25,82 km al SE de Socaire,-24.16,-67.372,213.0,2.8,Ml
194509,2023-04-19 17:33:09,2023-04-19 13:33:09,114 km al O de Tirúa,-38.475,-74.792,9.0,3.3,Ml
194514,2023-04-19 18:04:54,2023-04-19 14:04:54,41 km al S de Curicó,-35.338,-71.115,103.0,2.5,Ml
194520,2023-04-19 18:53:54,2023-04-19 14:53:54,39 km al O de La Serena,-29.821,-71.648,30.0,3.0,Ml
194527,2023-04-19 19:28:16,2023-04-19 15:28:16,75 km al E de Tierra Amarilla,-27.586,-69.519,107.0,3.3,Ml
194534,2023-04-19 21:02:53,2023-04-19 17:02:53,73 km al SE de Camiña,-19.863,-69.038,99.0,2.8,Ml
194535,2023-04-19 21:08:12,2023-04-19 17:08:12,31 km al SO de Mina Collahuasi,-21.031,-68.858,109.0,2.7,Ml
194537,2023-04-19 21:28:09,2023-04-19 17:28:09,30 km al E de Concepción,-36.944,-72.746,33.0,3.0,Ml
194544,2023-04-20 01:08:44,2023-04-19 21:08:44,27 km al SO de Tongoy,-30.443,-71.674,30.0,2.9,Ml
194559,2023-04-20 04:23:23,2023-04-20 00:23:23,19 km al O de Punitaqui,-30.905,-71.44,51.0,4.1,Ml
194560,2023-04-20 04:28:33,2023-04-20 00:28:33,87 km al NO de La Higuera,-29.124,-71.978,34.0,2.6,Ml
194561,2023-04-20 04:43:04,2023-04-20 00:43:04,85 km al NO de La Higuera,-29.093,-71.931,41.0,3.3,Ml
194570,2023-04-20 08:37:40,2023-04-20 04:37:40,19 km al SO de Canela Baja,-31.476,-71.636,38.0,4.0,Ml
194581,2023-04-20 11:13:28,2023-04-20 07:13:28,47 km al NO de Tongoy,-29.975,-71.863,27.0,2.7,Ml
194584,2023-04-20 11:59:01,2023-04-20 07:59:01,46 km al O de Ollagüe,-21.32,-68.687,120.0,2.7,Ml
194585,2023-04-20 12:06:48,2023-04-20 08:06:48,60 km al NE de Quillagua,-21.37,-69.042,98.0,2.6,Ml
194588,2023-04-20 13:08:13,2023-04-20 09:08:13,51 km al SE de San José de Maipo,-34.057,-70.116,126.0,3.9,Ml
194592,2023-04-20 14:36:08,2023-04-20 10:36:08,37 km al SE de Camiña,-19.617,-69.276,3.0,2.7,Ml
194595,2023-04-20 15:24:59,2023-04-20 11:24:59,91 km al SO de Mina La Escondida.,-24.954,-69.541,83.0,2.7,Ml
194596,2023-04-20 16:14:11,2023-04-20 12:14:11,32 km al O de Ollagüe,-21.128,-68.541,127.0,2.5,Ml
194597,2023-04-20 17:13:15,2023-04-20 13:13:15,37 km al SE de Pica,-20.773,-69.143,98.0,4.3,Ml
194602,2023-04-20 18:19:25,2023-04-20 14:19:25,11 km al NE de Mina Los Pelambres,-31.737,-70.525,129.0,2.9,Ml
194607,2023-04-20 19:01:52,2023-04-20 15:01:52,15 km al S de Tongoy,-30.386,-71.504,37.0,3.0,Ml
194608,2023-04-20 19:33:14,2023-04-20 15:33:14,34 km al SO de Los Vilos,-32.109,-71.784,32.0,3.0,Ml
194614,2023-04-20 20:21:27,2023-04-20 16:21:27,59 km al NO de La Higuera,-29.035,-71.47,58.0,4.0,Ml
194619,2023-04-20 20:23:41,2023-04-20 16:23:41,14 km al O de Andacollo,-30.197,-71.228,58.0,2.9,Ml
194620,2023-04-20 20:24:53,2023-04-20 16:24:53,65 km al NO de La Higuera,-29.001,-71.523,33.0,2.7,Ml
194621,2023-04-20 20:26:08,2023-04-20 16:26:08,14 km al O de Andacollo,-30.212,-71.233,57.0,2.9,Ml
194628,2023-04-20 23:04:15,2023-04-20 19:04:15,3 km al NO de Panguipulli,-39.621,-72.342,93.0,3.0,Ml
194629,2023-04-20 23:07:08,2023-04-20 19:07:08,139 km al O de Lebu,-38.031,-75.151,18.0,3.2,Ml
194645,2023-04-21 01:45:28,2023-04-20 21:45:28,97 km al N de Taltal,-24.537,-70.494,40.0,3.3,Ml
194655,2023-04-21 04:05:30,2023-04-21 00:05:30,27 km al O de Termas del Flaco,-34.877,-70.716,122.0,3.4,Ml
194659,2023-04-21 04:49:20,2023-04-21 00:49:20,50 km al O de San Pedro de Atacama,-22.94,-68.687,96.0,2.8,Ml
194660,2023-04-21 05:39:42,2023-04-21 01:39:42,60 km al E de Socaire,-23.633,-67.3,258.0,2.7,Ml
194663,2023-04-21 07:35:17,2023-04-21 03:35:17,72 km al SE de Socaire,-23.87,-67.25,240.0,3.1,Ml
194665,2023-04-21 07:41:49,2023-04-21 03:41:49,16 km al S de Mina Collahuasi,-20.971,-68.662,115.0,3.4,Ml
194669,2023-04-21 08:18:30,2023-04-21 04:18:30,17 km al O de Quillagua,-21.683,-69.7,67.0,2.8,Ml
194677,2023-04-21 09:45:03,2023-04-21 05:45:03,32 km al SO de Los Vilos,-32.084,-71.785,27.0,3.7,Ml
194686,2023-04-21 11:14:39,2023-04-21 07:14:39,39 km al SO de Mina Collahuasi,-21.109,-68.874,108.0,2.5,Ml
194688,2023-04-21 11:38:11,2023-04-21 07:38:11,17 km al SO de Vallenar,-28.691,-70.87,55.0,2.6,Ml
194692,2023-04-21 11:53:09,2023-04-21 07:53:09,36 km al SE de Calama,-22.737,-68.728,112.0,4.2,Ml
194695,2023-04-21 13:44:38,2023-04-21 09:44:38,42 km al N de Calama,-22.108,-68.829,114.0,2.6,Ml
194704,2023-04-21 16:22:04,2023-04-21 12:22:04,44 km al NO de Quillagua,-21.31,-69.732,48.0,2.8,Ml
194707,2023-04-21 16:48:38,2023-04-21 12:48:38,27 km al NE de Osorno,-40.368,-72.961,47.0,2.6,Ml
194710,2023-04-21 17:31:51,2023-04-21 13:31:51,46 km al NO de Bahía Mansa,-40.275,-74.087,26.0,3.3,Ml
194718,2023-04-21 18:58:14,2023-04-21 14:58:14,37 km al E de Calama,-22.372,-68.583,114.0,2.9,Ml
194720,2023-04-21 18:59:03,2023-04-21 14:59:03,18 km al E de Calama,-22.405,-68.773,113.0,3.4,Ml
194722,2023-04-21 19:41:23,2023-04-21 15:41:23,45 km al NO de Bahía Mansa,-40.271,-74.064,31.0,2.8,Ml
194735,2023-04-21 22:31:18,2023-04-21 18:31:18,48 km al S de Socaire,-24.006,-68.007,135.0,3.7,Ml
194743,2023-04-22 01:05:21,2023-04-21 21:05:21,15 km al N de Huasco,-28.329,-71.219,33.0,3.1,Ml
194748,2023-04-22 02:16:34,2023-04-21 22:16:34,63 km al SE de Socaire,-24.088,-67.6,248.0,2.7,Ml
194751,2023-04-22 03:03:37,2023-04-21 23:03:37,50 km al N de Chañaral.,-25.913,-70.74,38.0,2.6,Ml
194758,2023-04-22 04:10:30,2023-04-22 00:10:30,73 km al SE de Socaire,-24.0,-67.329,229.0,2.9,Ml
194766,2023-04-22 06:15:58,2023-04-22 02:15:58,68 km al O de Quillagua,-21.467,-70.16,38.0,2.9,Ml
194767,2023-04-22 06:47:04,2023-04-22 02:47:04,69 km al SE de Socaire,-24.061,-67.45,248.0,3.2,Ml
194772,2023-04-22 08:34:16,2023-04-22 04:34:16,34 km al O de La Higuera,-29.52,-71.55,44.0,3.0,Ml
194776,2023-04-22 09:20:48,2023-04-22 05:20:48,27 km al SO de Vallenar,-28.682,-71.003,59.0,3.6,Ml
194778,2023-04-22 09:47:12,2023-04-22 05:47:12,68 km al S de Socaire,-24.179,-67.729,243.0,2.9,Ml
194781,2023-04-22 10:19:44,2023-04-22 06:19:44,29 km al NE de Vichuquén,-34.661,-71.832,53.0,2.7,Ml
194784,2023-04-22 10:31:18,2023-04-22 06:31:18,31 km al O de Ollagüe,-21.166,-68.546,128.0,2.8,Ml
194785,2023-04-22 11:11:20,2023-04-22 07:11:20,76 km al N de San Pedro de Atacama,-22.262,-67.984,189.0,2.8,Ml
194787,2023-04-22 11:33:56,2023-04-22 07:33:56,48 km al O de La Ligua,-32.587,-71.712,29.0,3.1,Ml
194793,2023-04-22 13:35:14,2023-04-22 09:35:14,54 km al O de Valdivia,-39.647,-73.839,14.0,2.8,Ml
194799,2023-04-22 16:25:01,2023-04-22 12:25:01,34 km al O de La Higuera,-29.529,-71.553,45.0,2.5,Ml
194814,2023-04-22 20:56:37,2023-04-22 16:56:37,31 km al NO de Ollagüe,-21.06,-68.493,133.0,2.6,Ml
194828,2023-04-22 23:29:51,2023-04-22 19:29:51,33 km al E de Cuya,-19.159,-69.867,83.0,3.7,Ml
194834,2023-04-23 01:10:54,2023-04-22 21:10:54,47 km al S de Alto del Carmen,-29.185,-70.486,93.0,3.8,Ml
194838,2023-04-23 02:36:00,2023-04-22 22:36:00,58 km al NE de Calama,-22.009,-68.66,126.0,3.5,Ml
194850,2023-04-23 05:41:12,2023-04-23 01:41:12,57 km al NO de Constitución,-34.856,-72.636,39.0,2.5,Ml
194852,2023-04-23 05:59:39,2023-04-23 01:59:39,19 km al S de Punitaqui,-30.998,-71.298,64.0,2.8,Ml
194854,2023-04-23 06:20:58,2023-04-23 02:20:58,23 km al NO de Mina Collahuasi,-20.714,-68.843,100.0,2.7,Ml
194855,2023-04-23 06:23:16,2023-04-23 02:23:16,37 km al SO de Ollagüe,-21.522,-68.412,134.0,2.8,Ml
194857,2023-04-23 06:42:06,2023-04-23 02:42:06,47 km al SO de Mina Collahuasi,-21.176,-68.912,110.0,3.1,Ml
194862,2023-04-23 07:33:26,2023-04-23 03:33:26,41 km al SO de Mina Collahuasi,-21.079,-68.942,107.0,2.6,Ml
194874,2023-04-23 11:38:53,2023-04-23 07:38:53,7 km al SO de Ovalle,-30.644,-71.259,56.0,4.3,Ml
194881,2023-04-23 12:14:43,2023-04-23 08:14:43,55 km al O de Constitución,-35.493,-72.987,21.0,2.6,Ml
194897,2023-04-23 16:01:05,2023-04-23 12:01:05,68 km al N de Taltal,-24.809,-70.347,54.0,3.4,Ml
194904,2023-04-23 18:30:07,2023-04-23 14:30:07,58 km al SO de Pica,-20.912,-69.654,42.0,2.5,Ml
194906,2023-04-23 18:52:37,2023-04-23 14:52:37,57 km al NE de Calama,-21.997,-68.711,105.0,2.6,Ml
194916,2023-04-23 21:26:22,2023-04-23 17:26:22,17 km al S de Santiago,-33.588,-70.691,86.0,2.9,Ml
194920,2023-04-23 22:18:27,2023-04-23 18:18:27,45 km al O de Ollagüe,-21.288,-68.686,113.0,3.1,Ml
194921,2023-04-23 22:31:38,2023-04-23 18:31:38,28 km al NE de Copiapó,-27.164,-70.156,99.0,3.9,Ml
194925,2023-04-23 22:37:34,2023-04-23 18:37:34,40 km al E de Pica,-20.375,-68.969,105.0,2.6,Ml
194929,2023-04-24 00:04:57,2023-04-23 20:04:57,94 km al SE de Socaire,-24.363,-67.516,194.0,3.4,Ml
194930,2023-04-24 00:35:51,2023-04-23 20:35:51,44 km al SO de Los Vilos,-32.256,-71.74,18.0,2.8,Ml
194946,2023-04-24 03:56:29,2023-04-23 23:56:29,38 km al NO de Navidad,-33.661,-72.046,31.0,4.8,Mw
194952,2023-04-24 04:41:55,2023-04-24 00:41:55,17 km al NO de Punitaqui,-30.761,-71.415,25.0,3.1,Ml
194974,2023-04-24 10:18:19,2023-04-24 06:18:19,56 km al NE de San Pedro de Atacama,-22.475,-67.939,210.0,3.2,Ml
194978,2023-04-24 10:57:22,2023-04-24 06:57:22,16 km al S de Pica,-20.63,-69.279,89.0,2.9,Ml
194982,2023-04-24 11:59:40,2023-04-24 07:59:40,25 km al O de Navidad,-33.893,-72.093,37.0,3.9,Ml
194990,2023-04-24 13:54:35,2023-04-24 09:54:35,10 km al N de Pica,-20.405,-69.314,105.0,2.6,Ml
194992,2023-04-24 14:46:38,2023-04-24 10:46:38,16 km al SO de Camiña,-19.425,-69.519,109.0,3.0,Ml
195000,2023-04-24 16:13:11,2023-04-24 12:13:11,52 km al SO de Ollagüe,-21.652,-68.453,144.0,3.5,Ml
195002,2023-04-24 16:17:50,2023-04-24 12:17:50,48 km al N de Valparaíso,-32.629,-71.742,34.0,3.0,Ml
195010,2023-04-24 17:26:29,2023-04-24 13:26:29,26 km al O de Ollagüe,-21.145,-68.49,133.0,2.9,Ml
195012,2023-04-24 19:11:03,2023-04-24 15:11:03,67 km al SO de Tongoy,-30.599,-72.072,27.0,2.5,Ml
195037,2023-04-24 21:59:46,2023-04-24 17:59:46,35 km al N de San Pedro de Atacama,-22.61,-68.262,159.0,3.1,Ml
195043,2023-04-24 23:37:36,2023-04-24 19:37:36,69 km al O de Tongoy,-30.459,-72.176,34.0,2.5,Ml
195051,2023-04-25 01:47:30,2023-04-24 21:47:30,50 km al NO de Chañaral.,-25.944,-70.84,45.0,2.7,Ml
195059,2023-04-25 04:31:08,2023-04-25 00:31:08,15 km al N de La Serena,-29.77,-71.239,37.0,2.5,Ml
195062,2023-04-25 04:33:06,2023-04-25 00:33:06,180 km al NO de Cobquecura,-35.208,-74.426,15.0,3.4,Ml
195064,2023-04-25 04:43:08,2023-04-25 00:43:08,23 km al S de Putre,-18.398,-69.522,119.0,3.4,Ml
195077,2023-04-25 07:02:25,2023-04-25 03:02:25,32 km al S de Calama,-22.738,-68.829,115.0,3.2,Ml
195079,2023-04-25 07:06:01,2023-04-25 03:06:01,36 km al E de Quillagua,-21.771,-69.203,80.0,3.1,Ml
195082,2023-04-25 08:10:01,2023-04-25 04:10:01,23 km al O de Navidad,-33.895,-72.066,34.0,2.6,Ml
195086,2023-04-25 08:24:37,2023-04-25 04:24:37,24 km al O de Navidad,-33.88,-72.078,36.0,2.6,Ml
195094,2023-04-25 11:06:33,2023-04-25 07:06:33,58 km al O de Navidad,-33.804,-72.43,40.0,2.9,Ml
195099,2023-04-25 11:12:33,2023-04-25 07:12:33,955 km al O de Ancud,-40.917,-85.215,10.0,5.6,Mww
195101,2023-04-25 11:39:20,2023-04-25 07:39:20,55 km al O de Navidad,-33.791,-72.392,49.0,2.5,Ml
195105,2023-04-25 12:25:00,2023-04-25 08:25:00,51 km al O de Navidad,-33.839,-72.368,40.0,2.7,Ml
195111,2023-04-25 13:10:00,2023-04-25 09:10:00,46 km al SE de Pica,-20.862,-69.14,113.0,3.7,Ml
195113,2023-04-25 13:19:25,2023-04-25 09:19:25,6 km al O de La Ligua,-32.432,-71.291,80.0,2.7,Ml
195115,2023-04-25 13:35:33,2023-04-25 09:35:33,19 km al NO de Punitaqui,-30.699,-71.387,52.0,3.7,Ml
195120,2023-04-25 16:27:10,2023-04-25 12:27:10,92 km al S de Mina La Escondida.,-25.097,-69.072,98.0,3.4,Ml
195121,2023-04-25 16:39:30,2023-04-25 12:39:30,3 km al S de Farellones,-33.379,-70.318,123.0,3.4,Ml
195128,2023-04-25 17:41:38,2023-04-25 13:41:38,57 km al E de El Salvador,-26.036,-69.096,118.0,3.2,Ml
195144,2023-04-25 20:05:29,2023-04-25 16:05:29,17 km al O de Navidad,-33.922,-72.012,33.0,2.8,Ml
195146,2023-04-25 20:07:03,2023-04-25 16:07:03,25 km al O de Navidad,-33.885,-72.086,33.0,2.6,Ml
195148,2023-04-25 20:42:45,2023-04-25 16:42:45,19 km al O de Navidad,-33.899,-72.025,30.0,2.7,Ml
195150,2023-04-25 20:48:00,2023-04-25 16:48:00,10 km al SO de Visviri,-17.67,-69.534,164.0,4.0,Ml
195153,2023-04-25 20:55:35,2023-04-25 16:55:35,21 km al O de Navidad,-33.889,-72.046,31.0,2.5,Ml
195178,2023-04-26 01:43:11,2023-04-25 21:43:11,125 km al O de Valparaíso,-32.697,-72.888,11.0,2.9,Ml
195181,2023-04-26 02:16:05,2023-04-25 22:16:05,37 km al O de Punitaqui,-30.726,-71.629,33.0,3.4,Ml
195186,2023-04-26 03:38:25,2023-04-25 23:38:25,27 km al S de Calama,-22.702,-68.867,97.0,3.2,Ml
195195,2023-04-26 06:04:51,2023-04-26 02:04:51,35 km al O de Ollagüe,-21.224,-68.591,117.0,3.3,Ml
195205,2023-04-26 09:10:56,2023-04-26 05:10:56,46 km al O de Los Vilos,-31.844,-71.995,34.0,2.9,Ml
195214,2023-04-26 11:58:28,2023-04-26 07:58:28,8 km al O de Huasco,-28.492,-71.298,32.0,3.3,Ml
195215,2023-04-26 12:57:51,2023-04-26 08:57:51,35 km al S de Chañaral.,-26.654,-70.708,38.0,3.7,Ml
195217,2023-04-26 13:32:08,2023-04-26 09:32:08,76 km al SE de Socaire,-24.177,-67.5,247.0,3.2,Ml
195223,2023-04-26 15:09:55,2023-04-26 11:09:55,50 km al S de Mina Collahuasi,-21.261,-68.795,120.0,2.7,Ml
195227,2023-04-26 16:50:11,2023-04-26 12:50:11,38 km al O de Arica,-18.539,-70.674,33.0,3.1,Ml
195245,2023-04-26 21:03:58,2023-04-26 17:03:58,15 km al E de La Ligua,-32.436,-71.069,51.0,2.8,Ml
195256,2023-04-26 23:32:32,2023-04-26 19:32:32,63 km al O de Los Vilos,-31.795,-72.161,32.0,3.1,Ml
195259,2023-04-26 23:47:11,2023-04-26 19:47:11,34 km al NE de Calama,-22.323,-68.642,114.0,2.5,Ml
195261,2023-04-27 00:39:09,2023-04-26 20:39:09,99 km al NO de Tongoy,-29.833,-72.395,25.0,2.5,Ml
195266,2023-04-27 00:50:04,2023-04-26 20:50:04,91 km al SO de Alto Hospicio,-20.998,-70.506,35.0,3.1,Ml
195268,2023-04-27 01:56:10,2023-04-26 21:56:10,30 km al NE de Sierra Gorda.,-22.708,-69.112,100.0,3.0,Ml
195269,2023-04-27 02:02:27,2023-04-26 22:02:27,47 km al O de Los Vilos,-31.735,-71.965,62.0,2.6,Ml
195273,2023-04-27 02:18:55,2023-04-26 22:18:55,25 km al NO de Tocopilla,-21.917,-70.35,12.0,3.1,Ml
195284,2023-04-27 05:33:45,2023-04-27 01:33:45,22 km al S de Punitaqui,-31.019,-71.306,65.0,3.2,Ml
195288,2023-04-27 06:07:14,2023-04-27 02:07:14,28 km al SE de Talca,-35.611,-71.452,93.0,5.0,Mw
195292,2023-04-27 07:38:50,2023-04-27 03:38:50,57 km al S de Pozo Almonte,-20.769,-69.814,40.0,2.7,Ml
195309,2023-04-27 09:30:32,2023-04-27 05:30:32,32 km al SE de El Salvador,-26.381,-69.337,113.0,3.1,Ml
195315,2023-04-27 10:54:53,2023-04-27 06:54:53,21 km al O de Navidad,-33.908,-72.052,11.0,2.5,Ml
195317,2023-04-27 10:57:22,2023-04-27 06:57:22,27 km al O de Navidad,-33.891,-72.109,35.0,3.1,Ml
195812,2023-04-27 10:57:34,2023-04-27 06:57:34,34 km al O de Navidad,-33.864,-72.179,36.0,3.2,Ml
195325,2023-04-27 12:18:04,2023-04-27 08:18:04,12 km al SE de Cabrero,-37.138,-72.35,83.0,3.9,Ml
195329,2023-04-27 12:43:22,2023-04-27 08:43:22,28 km al O de Navidad,-33.884,-72.123,34.0,3.7,Ml
195333,2023-04-27 12:55:42,2023-04-27 08:55:42,39 km al O de Ollagüe,-21.193,-68.625,112.0,3.7,Ml
195336,2023-04-27 13:38:48,2023-04-27 09:38:48,63 km al NE de Cuya,-18.776,-69.742,84.0,3.3,Ml
195342,2023-04-27 15:33:58,2023-04-27 11:33:58,22 km al S de Calama,-22.664,-68.868,135.0,2.9,Ml
195345,2023-04-27 15:54:38,2023-04-27 11:54:38,162 km al NO de Bahía Mansa,-39.793,-75.336,26.0,3.6,Ml
195362,2023-04-27 18:30:44,2023-04-27 14:30:44,16 km al O de Lebu,-37.635,-73.837,42.0,2.5,Ml
195379,2023-04-27 21:27:33,2023-04-27 17:27:33,74 km al S de Socaire,-24.235,-67.694,242.0,3.0,Ml
195382,2023-04-27 22:36:41,2023-04-27 18:36:41,48 km al SE de Camiña,-19.699,-69.231,98.0,2.9,Ml
195389,2023-04-28 00:38:53,2023-04-27 20:38:53,112 km al SE de Socaire,-24.432,-67.283,188.0,3.3,Ml
195396,2023-04-28 02:22:04,2023-04-27 22:22:04,78 km al SE de Socaire,-24.151,-67.426,245.0,3.1,Ml
195401,2023-04-28 02:54:29,2023-04-27 22:54:29,19 km al O de Tocopilla,-22.087,-70.388,36.0,2.8,Ml
195409,2023-04-28 05:09:08,2023-04-28 01:09:08,115 km al SE de Socaire,-24.017,-66.863,213.0,3.6,Ml
195412,2023-04-28 05:12:13,2023-04-28 01:12:13,49 km al NO de Antofagasta,-23.459,-70.85,29.0,3.0,Ml
195411,2023-04-28 05:12:48,2023-04-28 01:12:48,26 km al NO de Pichilemu,-34.173,-72.115,35.0,2.6,Ml
195423,2023-04-28 07:32:57,2023-04-28 03:32:57,57 km al SO de Ollagüe,-21.628,-68.601,122.0,2.6,Ml
195425,2023-04-28 07:39:41,2023-04-28 03:39:41,42 km al NO de Mina Collahuasi,-20.552,-68.928,106.0,2.7,Ml
195427,2023-04-28 08:08:20,2023-04-28 04:08:20,140 km al O de Cobquecura,-35.911,-74.323,23.0,3.3,Ml
195430,2023-04-28 08:34:37,2023-04-28 04:34:37,16 km al E de Pica,-20.524,-69.18,96.0,3.0,Ml
195432,2023-04-28 08:40:52,2023-04-28 04:40:52,33 km al N de Talca,-35.138,-71.768,64.0,2.5,Ml
195438,2023-04-28 09:06:16,2023-04-28 05:06:16,7 km al E de Pica,-20.492,-69.265,88.0,2.5,Ml
195446,2023-04-28 11:27:58,2023-04-28 07:27:58,30 km al O de Mina Collahuasi,-20.764,-68.937,123.0,2.6,Ml
195451,2023-04-28 12:37:03,2023-04-28 08:37:03,36 km al O de Mina La Escondida.,-24.326,-69.409,84.0,2.8,Ml
195453,2023-04-28 14:26:57,2023-04-28 10:26:57,56 km al O de Cobquecura,-36.275,-73.398,29.0,2.6,Ml
195458,2023-04-28 14:47:40,2023-04-28 10:47:40,17 km al SO de Mina Collahuasi,-20.969,-68.718,122.0,4.4,Mw
195468,2023-04-28 15:36:06,2023-04-28 11:36:06,24 km al NE de Colina,-33.043,-70.506,97.0,2.7,Ml
195471,2023-04-28 16:09:02,2023-04-28 12:09:02,42 km al SO de Mina Collahuasi,-21.15,-68.876,109.0,2.5,Ml
195472,2023-04-28 18:27:28,2023-04-28 14:27:28,49 km al S de Ollagüe,-21.643,-68.387,144.0,2.8,Ml
195481,2023-04-28 21:29:20,2023-04-28 17:29:20,110 km al SE de Socaire,-24.088,-66.956,210.0,3.4,Ml
195490,2023-04-28 23:12:08,2023-04-28 19:12:08,30 km al S de Mina Collahuasi,-21.095,-68.674,123.0,3.2,Ml
195493,2023-04-29 00:31:43,2023-04-28 20:31:43,36 km al O de Ollagüe,-21.159,-68.593,132.0,2.9,Ml
195495,2023-04-29 01:37:14,2023-04-28 21:37:14,3 km al E de Pica,-20.491,-69.301,98.0,2.9,Ml
195498,2023-04-29 02:01:21,2023-04-28 22:01:21,29 km al S de Tocopilla,-22.35,-70.156,60.0,3.6,Ml
195504,2023-04-29 07:10:20,2023-04-29 03:10:20,23 km al E de Camiña,-19.273,-69.211,108.0,3.1,Ml
195508,2023-04-29 07:46:16,2023-04-29 03:46:16,31 km al NO de Mina Collahuasi,-20.66,-68.896,113.0,2.6,Ml
195510,2023-04-29 07:53:42,2023-04-29 03:53:42,43 km al N de Pica,-20.105,-69.317,98.0,2.9,Ml
195518,2023-04-29 10:21:50,2023-04-29 06:21:50,53 km al SO de Los Vilos,-32.292,-71.843,30.0,2.6,Ml
195529,2023-04-29 14:38:58,2023-04-29 10:38:58,105 km al NE de San Pedro de Atacama,-22.129,-67.648,213.0,3.7,Ml
195531,2023-04-29 14:55:09,2023-04-29 10:55:09,109 km al SE de Socaire,-24.412,-67.309,177.0,2.9,Ml
195534,2023-04-29 17:19:36,2023-04-29 13:19:36,12 km al NO de Quillota,-32.814,-71.349,45.0,2.8,Ml
195537,2023-04-29 18:54:14,2023-04-29 14:54:14,21 km al NE de Valdivia,-39.669,-73.097,50.0,3.4,Ml
195538,2023-04-29 18:58:05,2023-04-29 14:58:05,83 km al SE de Socaire,-24.139,-67.339,229.0,3.2,Ml
195561,2023-04-29 23:14:10,2023-04-29 19:14:10,19 km al O de Tongoy,-30.2,-71.687,29.0,2.6,Ml
195567,2023-04-30 00:10:25,2023-04-29 20:10:25,54 km al S de Ollagüe,-21.698,-68.382,126.0,2.5,Ml
195570,2023-04-30 01:11:07,2023-04-29 21:11:07,49 km al SO de Ollagüe,-21.603,-68.492,130.0,3.9,Ml
195574,2023-04-30 01:23:58,2023-04-29 21:23:58,103 km al SE de Socaire,-24.311,-67.261,215.0,3.6,Ml
195576,2023-04-30 01:41:46,2023-04-29 21:41:46,118 km al NO de Constitución,-34.843,-73.567,20.0,2.9,Ml
195578,2023-04-30 02:53:28,2023-04-29 22:53:28,34 km al O de Pica,-20.564,-69.644,87.0,2.6,Ml
195580,2023-04-30 03:37:36,2023-04-29 23:37:36,34 km al NE de Vallenar,-28.366,-70.507,77.0,3.3,Ml
195582,2023-04-30 04:45:38,2023-04-30 00:45:38,21 km al O de Canela Baja,-31.475,-71.659,42.0,3.3,Ml
195598,2023-04-30 10:04:47,2023-04-30 06:04:47,39 km al SE de Pica,-20.704,-69.029,92.0,2.5,Ml
195599,2023-04-30 10:09:13,2023-04-30 06:09:13,61 km al NE de Calama,-22.013,-68.608,111.0,2.8,Ml
195600,2023-04-30 10:36:59,2023-04-30 06:36:59,31 km al E de Mejillones,-23.014,-70.165,50.0,2.6,Ml
195601,2023-04-30 11:05:22,2023-04-30 07:05:22,43 km al S de Camiña,-19.699,-69.387,91.0,2.5,Ml
195614,2023-04-30 16:39:10,2023-04-30 12:39:10,8 km al O de Baquedano,-23.346,-69.916,48.0,4.3,Mw
195621,2023-04-30 18:03:03,2023-04-30 14:03:03,52 km al NE de Ollagüe,-20.811,-68.02,183.0,4.3,Ml
195636,2023-04-30 21:35:24,2023-04-30 17:35:24,96 km al SE de Socaire,-24.235,-67.266,216.0,3.6,Ml
195638,2023-04-30 22:40:15,2023-04-30 18:40:15,23 km al O de Canela Baja,-31.472,-71.682,35.0,2.5,Ml
195642,2023-05-01 00:05:17,2023-04-30 20:05:17,34 km al E de La Higuera,-29.408,-70.867,72.0,2.9,Ml
195643,2023-05-01 01:08:59,2023-04-30 21:08:59,13 km al N de Andacollo,-30.113,-71.079,66.0,2.5,Ml
195648,2023-05-01 02:40:55,2023-04-30 22:40:55,65 km al O de Tongoy,-30.181,-72.169,18.0,3.2,Ml
195651,2023-05-01 04:35:28,2023-05-01 00:35:28,69 km al SE de Socaire,-24.171,-67.641,232.0,3.6,Ml
195654,2023-05-01 05:51:40,2023-05-01 01:51:40,84 km al O de San Antonio de los Cobres,-24.326,-67.145,260.0,4.5,Mw
195658,2023-05-01 06:51:10,2023-05-01 02:51:10,39 km al NO de Mina Collahuasi,-20.595,-68.944,103.0,2.8,Ml
195661,2023-05-01 08:28:11,2023-05-01 04:28:11,37 km al SO de Constitución,-35.505,-72.766,8.0,3.1,Ml
195664,2023-05-01 08:37:16,2023-05-01 04:37:16,53 km al SO de San Pedro de Atacama,-23.219,-68.599,123.0,2.7,Ml
195666,2023-05-01 09:08:42,2023-05-01 05:08:42,41 km al O de Cuya,-19.079,-70.557,48.0,2.9,Ml
195669,2023-05-01 09:28:01,2023-05-01 05:28:01,28 km al O de Ollagüe,-21.313,-68.508,135.0,3.1,Ml
195670,2023-05-01 10:05:51,2023-05-01 06:05:51,24 km al NO de Putre,-17.997,-69.644,108.0,2.8,Ml
195673,2023-05-01 10:25:06,2023-05-01 06:25:06,54 km al S de Mina Collahuasi,-21.292,-68.815,125.0,3.9,Ml
195675,2023-05-01 10:49:48,2023-05-01 06:49:48,78 km al O de Tongoy,-30.288,-72.301,30.0,3.0,Ml
195678,2023-05-01 11:15:47,2023-05-01 07:15:47,47 km al SO de Copiapó,-27.556,-70.76,56.0,3.0,Ml
195680,2023-05-01 12:05:15,2023-05-01 08:05:15,61 km al SO de Ollagüe,-21.693,-68.567,143.0,3.0,Ml
195681,2023-05-01 13:51:25,2023-05-01 09:51:25,56 km al S de Putre,-18.676,-69.708,95.0,3.2,Ml
195684,2023-05-01 13:55:10,2023-05-01 09:55:10,30 km al SO de Mina Collahuasi,-20.987,-68.895,103.0,2.8,Ml
195687,2023-05-01 14:09:17,2023-05-01 10:09:17,41 km al SO de Pichilemu,-34.621,-72.353,41.0,3.0,Ml
195692,2023-05-01 16:15:36,2023-05-01 12:15:36,82 km al NE de El Salvador,-25.654,-69.125,10.0,2.8,Ml
195701,2023-05-01 18:31:10,2023-05-01 14:31:10,49 km al S de Taltal,-25.848,-70.445,48.0,3.0,Ml
195707,2023-05-01 19:24:12,2023-05-01 15:24:12,19 km al N de San Fernando,-34.417,-71.006,72.0,3.1,Ml
195714,2023-05-01 21:51:41,2023-05-01 17:51:41,99 km al SE de Socaire,-24.416,-67.522,201.0,4.0,Ml
195722,2023-05-01 23:38:36,2023-05-01 19:38:36,16 km al NE de Linares,-35.76,-71.454,94.0,2.8,Ml
195739,2023-05-02 02:30:10,2023-05-01 22:30:10,24 km al SO de Tongoy,-30.424,-71.653,33.0,3.8,Ml
195744,2023-05-02 03:05:52,2023-05-01 23:05:52,16 km al E de La Ligua,-32.444,-71.059,56.0,3.6,Ml
195746,2023-05-02 03:47:39,2023-05-01 23:47:39,18 km al N de Tongoy,-30.095,-71.512,35.0,3.0,Ml
195759,2023-05-02 10:48:58,2023-05-02 06:48:58,29 km al N de Calama,-22.214,-68.86,121.0,3.0,Ml
195763,2023-05-02 12:26:12,2023-05-02 08:26:12,36 km al O de Mina Collahuasi,-20.755,-68.993,105.0,2.9,Ml
195768,2023-05-02 13:55:53,2023-05-02 09:55:53,66 km al NO de La Higuera,-29.021,-71.59,50.0,4.4,Mw
195771,2023-05-02 14:15:51,2023-05-02 10:15:51,50 km al SO de Mina Collahuasi,-21.107,-69.038,114.0,3.1,Ml
195773,2023-05-02 14:44:18,2023-05-02 10:44:18,63 km al NE de Los Andes.,-32.369,-70.208,122.0,3.0,Ml
195785,2023-05-02 18:38:03,2023-05-02 14:38:03,16 km al O de Sierra Gorda.,-22.912,-69.469,86.0,2.6,Ml
195797,2023-05-02 21:21:37,2023-05-02 17:21:37,74 km al SO de Ollagüe,-21.79,-68.64,130.0,3.6,Ml
195799,2023-05-02 21:24:05,2023-05-02 17:24:05,35 km al NO de El Tabo,-33.309,-72.0,35.0,3.2,Ml
195809,2023-05-02 22:15:25,2023-05-02 18:15:25,644 km al O de Cobquecura,-33.768,-79.25,2.0,4.1,Ml
195813,2023-05-02 23:22:20,2023-05-02 19:22:20,23 km al O de Ovalle,-30.564,-71.441,72.0,2.6,Ml
195814,2023-05-02 23:41:57,2023-05-02 19:41:57,140 km al O de Toltén,-39.17,-74.795,18.0,2.7,Ml
195821,2023-05-03 02:10:18,2023-05-02 22:10:18,50 km al SO de Ollagüe,-21.6,-68.512,127.0,3.0,Ml
195822,2023-05-03 02:11:41,2023-05-02 22:11:41,31 km al NO de El Tabo,-33.287,-71.934,31.0,2.7,Ml
195833,2023-05-03 04:07:37,2023-05-03 00:07:37,49 km al O de Valparaíso,-32.971,-72.131,24.0,2.5,Ml
195841,2023-05-03 05:19:52,2023-05-03 01:19:52,27 km al SO de Tongoy,-30.484,-71.591,38.0,3.1,Ml
195845,2023-05-03 06:30:59,2023-05-03 02:30:59,27 km al N de Pozo Almonte,-20.013,-69.751,50.0,2.9,Ml
195852,2023-05-03 06:33:08,2023-05-03 02:33:08,103 km al NE de San Pedro de Atacama,-22.133,-67.674,217.0,4.1,Ml
195861,2023-05-03 08:22:22,2023-05-03 04:22:22,14 km al SO de Los Vilos,-31.987,-71.624,43.0,2.6,Ml
195865,2023-05-03 08:47:24,2023-05-03 04:47:24,10 km al O de Andacollo,-30.206,-71.189,79.0,2.6,Ml
195870,2023-05-03 10:17:06,2023-05-03 06:17:06,28 km al SE de Pica,-20.701,-69.191,112.0,2.7,Ml
195874,2023-05-03 12:27:43,2023-05-03 08:27:43,50 km al O de Valparaíso,-33.016,-72.154,35.0,3.4,Ml
195877,2023-05-03 12:32:11,2023-05-03 08:32:11,45 km al O de Valparaíso,-32.992,-72.097,33.0,3.7,Ml
195887,2023-05-03 13:37:47,2023-05-03 09:37:47,34 km al O de Valparaíso,-33.044,-71.975,30.0,2.5,Ml
195892,2023-05-03 15:17:09,2023-05-03 11:17:09,23 km al O de Mina Collahuasi,-20.781,-68.875,100.0,2.6,Ml
195893,2023-05-03 15:18:31,2023-05-03 11:18:31,80 km al E de Socaire,-23.607,-67.103,228.0,3.9,Ml
195896,2023-05-03 16:42:53,2023-05-03 12:42:53,48 km al SO de Los Vilos,-32.245,-71.827,33.0,3.0,Ml
195906,2023-05-03 19:52:36,2023-05-03 15:52:36,35 km al N de Puerto Natales,-51.41,-72.479,22.0,2.8,Ml
195907,2023-05-03 20:07:41,2023-05-03 16:07:41,12 km al O de Tongoy,-30.289,-71.608,22.0,2.7,Ml
195915,2023-05-03 23:05:34,2023-05-03 19:05:34,17 km al SE de Pica,-20.588,-69.203,113.0,3.3,Ml
195944,2023-05-04 04:02:45,2023-05-04 00:02:45,44 km al NE de Alto del Carmen,-28.424,-70.245,108.0,3.0,Ml
195948,2023-05-04 04:48:36,2023-05-04 00:48:36,27 km al O de Panguipulli,-39.6,-72.634,83.0,4.2,Ml
195952,2023-05-04 05:15:45,2023-05-04 01:15:45,48 km al SO de Mina Collahuasi,-21.194,-68.899,114.0,3.0,Ml
195959,2023-05-04 06:59:19,2023-05-04 02:59:19,21 km al NE de Calama,-22.35,-68.769,105.0,2.9,Ml
195968,2023-05-04 08:28:34,2023-05-04 04:28:34,22 km al SO de San José de Maipo,-33.745,-70.557,88.0,4.0,Ml
195972,2023-05-04 08:45:53,2023-05-04 04:45:53,69 km al SO de Ollagüe,-21.739,-68.633,123.0,3.1,Ml
195973,2023-05-04 08:51:12,2023-05-04 04:51:12,56 km al S de Putre,-18.684,-69.671,94.0,3.1,Ml
195978,2023-05-04 10:13:55,2023-05-04 06:13:55,38 km al O de Arica,-18.346,-70.659,56.0,3.3,Ml
195983,2023-05-04 11:01:33,2023-05-04 07:01:33,19 km al S de Canela Baja,-31.571,-71.439,41.0,2.9,Ml
195986,2023-05-04 12:45:03,2023-05-04 08:45:03,46 km al O de Mina Collahuasi,-20.879,-69.094,110.0,2.8,Ml
195990,2023-05-04 14:57:17,2023-05-04 10:57:17,55 km al S de Mina Collahuasi,-21.304,-68.79,108.0,3.5,Ml
195991,2023-05-04 16:02:32,2023-05-04 12:02:32,13 km al NO de La Serena,-29.843,-71.369,54.0,2.9,Ml
195998,2023-05-04 16:50:42,2023-05-04 12:50:42,50 km al N de Calama,-22.028,-68.828,95.0,2.8,Ml
196000,2023-05-04 17:02:19,2023-05-04 13:02:19,80 km al N de Taltal,-24.71,-70.683,27.0,3.2,Ml
196009,2023-05-04 18:48:38,2023-05-04 14:48:38,9 km al O de Chillán,-36.633,-72.196,60.0,2.8,Ml
196010,2023-05-04 18:56:18,2023-05-04 14:56:18,59 km al O de Navidad,-33.808,-72.451,43.0,3.2,Ml
196019,2023-05-04 19:43:36,2023-05-04 15:43:36,58 km al S de Tierra Amarilla,-27.987,-70.125,55.0,2.8,Ml
196033,2023-05-04 21:49:50,2023-05-04 17:49:50,35 km al SO de Mina Collahuasi,-21.093,-68.842,110.0,2.7,Ml
196045,2023-05-05 01:20:42,2023-05-04 21:20:42,68 km al E de Socaire,-23.557,-67.223,244.0,3.7,Ml
196046,2023-05-05 01:39:40,2023-05-04 21:39:40,135 km al O de Tirúa,-38.403,-75.043,33.0,3.3,Ml
196053,2023-05-05 02:40:50,2023-05-04 22:40:50,54 km al SO de Los Vilos,-32.286,-71.873,20.0,2.5,Ml
196056,2023-05-05 03:18:02,2023-05-04 23:18:02,28 km al O de Canela Baja,-31.503,-71.73,33.0,2.5,Ml
196058,2023-05-05 03:28:19,2023-05-04 23:28:19,54 km al SO de Ollagüe,-21.586,-68.596,119.0,3.4,Ml
196063,2023-05-05 04:00:14,2023-05-05 00:00:14,72 km al SE de Camiña,-19.868,-69.074,104.0,4.2,Ml
196067,2023-05-05 04:11:24,2023-05-05 00:11:24,48 km al SE de Putre,-18.553,-69.305,127.0,3.1,Ml
196071,2023-05-05 04:21:56,2023-05-05 00:21:56,30 km al SE de Mina Collahuasi,-21.041,-68.483,132.0,2.8,Ml
196080,2023-05-05 05:35:13,2023-05-05 01:35:13,87 km al O de Arica,-18.531,-71.147,35.0,2.7,Ml
196085,2023-05-05 06:23:52,2023-05-05 02:23:52,37 km al O de Punitaqui,-30.873,-71.643,36.0,2.7,Ml
196094,2023-05-05 08:32:07,2023-05-05 04:32:07,29 km al O de Cuya,-19.26,-70.43,56.0,2.8,Ml
196098,2023-05-05 09:30:22,2023-05-05 05:30:22,30 km al SE de Mina Collahuasi,-21.075,-68.536,130.0,3.4,Ml
196102,2023-05-05 10:43:21,2023-05-05 06:43:21,18 km al S de Los Vilos,-32.067,-71.463,49.0,2.6,Ml
196107,2023-05-05 11:42:45,2023-05-05 07:42:45,54 km al N de Mina La Escondida.,-23.787,-69.123,79.0,2.9,Ml
196108,2023-05-05 11:46:31,2023-05-05 07:46:31,77 km al NE de El Salvador,-25.717,-69.111,9.0,3.6,Ml
196116,2023-05-05 13:38:49,2023-05-05 09:38:49,30 km al SE de Los Andes.,-33.037,-70.391,104.0,2.8,Ml
196119,2023-05-05 13:55:36,2023-05-05 09:55:36,121 km al S de Mendoza,-33.967,-68.93,24.0,3.1,Ml
196121,2023-05-05 14:12:53,2023-05-05 10:12:53,15 km al SO de Andacollo,-30.29,-71.226,60.0,3.1,Ml
196133,2023-05-05 17:47:28,2023-05-05 13:47:28,142 km al SE de Tierra Amarilla,-28.156,-69.043,105.0,2.6,Ml
196142,2023-05-05 19:07:10,2023-05-05 15:07:10,66 km al NO de La Higuera,-29.01,-71.561,49.0,3.6,Ml
196153,2023-05-05 22:37:17,2023-05-05 18:37:17,143 km al SE de Socaire,-24.401,-66.804,220.0,3.5,Ml
196158,2023-05-06 00:51:48,2023-05-05 20:51:48,68 km al NE de Calama,-21.94,-68.595,124.0,2.7,Ml
196160,2023-05-06 01:11:42,2023-05-05 21:11:42,61 km al SE de Socaire,-24.066,-67.602,272.0,2.8,Ml
196167,2023-05-06 04:01:48,2023-05-06 00:01:48,51 km al E de Sierra Gorda.,-22.983,-68.828,96.0,3.2,Ml
196170,2023-05-06 04:18:18,2023-05-06 00:18:18,3 km al SE de Los Vilos,-31.927,-71.491,38.0,2.7,Ml
196172,2023-05-06 04:47:07,2023-05-06 00:47:07,38 km al NE de Iquique,-19.902,-70.002,46.0,2.5,Ml
196186,2023-05-06 07:03:00,2023-05-06 03:03:00,34 km al N de Pozo Almonte,-19.961,-69.692,49.0,2.5,Ml
196187,2023-05-06 07:19:18,2023-05-06 03:19:18,34 km al SO de Huasco,-28.706,-71.434,31.0,2.5,Ml
196189,2023-05-06 07:46:46,2023-05-06 03:46:46,45 km al NO de El Salvador,-25.874,-69.808,80.0,2.6,Ml
196190,2023-05-06 08:45:46,2023-05-06 04:45:46,2 km al E de Chillán,-36.611,-72.081,63.0,2.8,Ml
196193,2023-05-06 08:53:27,2023-05-06 04:53:27,105 km al O de Los Vilos,-31.786,-72.617,29.0,2.8,Ml
196196,2023-05-06 09:13:15,2023-05-06 05:13:15,23 km al NE de Iquique,-20.026,-70.068,50.0,2.7,Ml
196197,2023-05-06 09:26:34,2023-05-06 05:26:34,21 km al S de Los Vilos,-32.1,-71.551,39.0,3.5,Ml
196201,2023-05-06 09:49:18,2023-05-06 05:49:18,38 km al SO de Alto Hospicio,-20.569,-70.284,25.0,2.7,Ml
196202,2023-05-06 10:32:12,2023-05-06 06:32:12,46 km al O de San Pedro de Atacama,-23.081,-68.617,104.0,3.2,Ml
196207,2023-05-06 11:12:12,2023-05-06 07:12:12,143 km al O de Constitución,-34.827,-73.862,26.0,2.6,Ml
196210,2023-05-06 11:55:16,2023-05-06 07:55:16,45 km al SO de Los Vilos,-32.278,-71.72,35.0,3.3,Ml
196216,2023-05-06 12:47:28,2023-05-06 08:47:28,60 km al NO de Tongoy,-29.929,-71.992,43.0,2.9,Ml
196224,2023-05-06 13:35:26,2023-05-06 09:35:26,44 km al SO de Mina Collahuasi,-21.073,-68.987,115.0,2.7,Ml
196225,2023-05-06 14:47:14,2023-05-06 10:47:14,59 km al NO de La Higuera,-29.047,-71.492,47.0,2.5,Ml
196227,2023-05-06 15:01:29,2023-05-06 11:01:29,36 km al NE de Tirúa,-38.087,-73.235,45.0,2.6,Ml
196233,2023-05-06 16:14:04,2023-05-06 12:14:04,38 km al N de San Fabián,-36.218,-71.6,93.0,2.6,Ml
196235,2023-05-06 16:36:48,2023-05-06 12:36:48,52 km al SO de Iquique,-20.497,-70.555,33.0,2.5,Ml
196238,2023-05-06 16:42:58,2023-05-06 12:42:58,41 km al S de Los Vilos,-32.266,-71.638,31.0,3.2,Ml
196240,2023-05-06 16:55:01,2023-05-06 12:55:01,24 km al N de San Fabián,-36.341,-71.61,101.0,3.7,Ml
196258,2023-05-06 19:17:13,2023-05-06 15:17:13,27 km al SE de Los Vilos,-32.131,-71.396,45.0,3.8,Ml
196260,2023-05-06 20:28:59,2023-05-06 16:28:59,34 km al NO de Visviri,-17.37,-69.697,186.0,3.5,Ml
196270,2023-05-06 22:17:29,2023-05-06 18:17:29,95 km al S de Socaire,-24.395,-67.579,212.0,3.3,Ml
196273,2023-05-06 23:33:54,2023-05-06 19:33:54,62 km al SO de Caldera,-27.534,-71.168,21.0,3.4,Ml
196274,2023-05-06 23:52:08,2023-05-06 19:52:08,53 km al SO de Ollagüe,-21.653,-68.486,139.0,3.0,Ml
196280,2023-05-07 01:36:37,2023-05-06 21:36:37,67 km al NE de Calama,-21.924,-68.663,121.0,2.5,Ml
196283,2023-05-07 01:57:25,2023-05-06 21:57:25,12 km al S de Cuya,-19.264,-70.154,54.0,3.4,Ml
196288,2023-05-07 02:50:39,2023-05-06 22:50:39,51 km al S de Socaire,-24.045,-67.847,263.0,2.7,Ml
196290,2023-05-07 03:16:40,2023-05-06 23:16:40,152 km al E de Paihuano,-29.515,-69.057,13.0,3.1,Ml
196293,2023-05-07 03:54:03,2023-05-06 23:54:03,29 km al SO de Mina Collahuasi,-20.935,-68.916,105.0,2.5,Ml
196295,2023-05-07 04:12:44,2023-05-07 00:12:44,23 km al E de Calama,-22.4,-68.721,106.0,4.4,Mw
196297,2023-05-07 04:18:33,2023-05-07 00:18:33,44 km al O de Punitaqui,-30.944,-71.696,37.0,2.9,Ml
196301,2023-05-07 05:07:17,2023-05-07 01:07:17,44 km al SE de Calama,-22.695,-68.574,112.0,3.6,Ml
196308,2023-05-07 06:03:30,2023-05-07 02:03:30,31 km al SO de Ollagüe,-21.472,-68.39,149.0,2.7,Ml
196311,2023-05-07 06:29:01,2023-05-07 02:29:01,7 km al NE de Taltal,-25.361,-70.447,48.0,5.2,Mww
196321,2023-05-07 07:30:25,2023-05-07 03:30:25,89 km al E de Socaire,-23.301,-67.08,245.0,4.4,Ml
196324,2023-05-07 07:54:10,2023-05-07 03:54:10,9 km al E de Taltal,-25.394,-70.401,47.0,2.6,Ml
196339,2023-05-07 09:26:53,2023-05-07 05:26:53,46 km al O de Canela Baja,-31.535,-71.91,32.0,3.3,Ml
196341,2023-05-07 09:49:19,2023-05-07 05:49:19,69 km al O de Iquique,-20.152,-70.81,19.0,2.6,Ml
196349,2023-05-07 11:59:54,2023-05-07 07:59:54,8 km al NE de Taltal,-25.353,-70.434,47.0,2.5,Ml
196352,2023-05-07 12:10:19,2023-05-07 08:10:19,114 km al NO de Tocopilla,-21.221,-70.786,39.0,3.3,Ml
196354,2023-05-07 13:24:22,2023-05-07 09:24:22,69 km al S de Socaire,-24.185,-67.714,235.0,3.4,Ml
196363,2023-05-07 15:16:27,2023-05-07 11:16:27,47 km al E de Calama,-22.308,-68.506,122.0,2.6,Ml
196364,2023-05-07 15:27:32,2023-05-07 11:27:32,33 km al SO de Ollagüe,-21.488,-68.39,136.0,2.8,Ml
196365,2023-05-07 15:49:27,2023-05-07 11:49:27,60 km al NO de Taltal,-25.005,-70.883,40.0,2.8,Ml
196374,2023-05-07 16:50:45,2023-05-07 12:50:45,30 km al N de La Higuera,-29.25,-71.269,55.0,2.9,Ml
196375,2023-05-07 16:56:09,2023-05-07 12:56:09,52 km al O de San Pedro de Atacama,-22.999,-68.704,104.0,2.6,Ml
196378,2023-05-07 17:30:49,2023-05-07 13:30:49,75 km al NE de San Pedro de Atacama,-22.312,-67.888,205.0,3.9,Ml
196387,2023-05-07 19:04:25,2023-05-07 15:04:25,36 km al E de Pica,-20.478,-68.986,110.0,2.9,Ml
196389,2023-05-07 19:11:01,2023-05-07 15:11:01,38 km al E de Quillagua,-21.659,-69.17,96.0,2.5,Ml
196403,2023-05-07 23:59:06,2023-05-07 19:59:06,15 km al NO de Victoria,-38.141,-72.45,59.0,3.5,Ml
196408,2023-05-08 00:49:58,2023-05-07 20:49:58,21 km al SO de San José de Maipo,-33.725,-70.551,106.0,2.9,Ml
196411,2023-05-08 01:14:53,2023-05-07 21:14:53,40 km al O de Mina La Escondida.,-24.331,-69.445,87.0,2.6,Ml
196417,2023-05-08 02:34:02,2023-05-07 22:34:02,28 km al S de Huasco,-28.712,-71.294,53.0,4.4,Mw
196421,2023-05-08 03:38:04,2023-05-07 23:38:04,50 km al S de Mina Collahuasi,-21.264,-68.787,134.0,2.6,Ml
196422,2023-05-08 04:06:04,2023-05-08 00:06:04,31 km al N de Valparaíso,-32.776,-71.705,34.0,2.9,Ml
196436,2023-05-08 07:20:44,2023-05-08 03:20:44,64 km al N de Pica,-19.944,-69.145,96.0,2.9,Ml
196443,2023-05-08 10:09:18,2023-05-08 06:09:18,88 km al N de Tocopilla,-21.336,-70.434,25.0,2.9,Ml
196447,2023-05-08 10:44:45,2023-05-08 06:44:45,5 km al NE de Taltal,-25.369,-70.469,49.0,2.9,Ml
196451,2023-05-08 12:02:50,2023-05-08 08:02:50,30 km al N de Putre,-17.923,-69.558,156.0,3.0,Ml
196453,2023-05-08 12:58:01,2023-05-08 08:58:01,40 km al NO de Mina Collahuasi,-20.537,-68.877,108.0,3.8,Ml
196458,2023-05-08 13:37:26,2023-05-08 09:37:26,69 km al SE de Antofagasta,-24.17,-70.042,50.0,2.5,Ml
196459,2023-05-08 13:53:03,2023-05-08 09:53:03,44 km al NO de Los Vilos,-31.64,-71.847,28.0,2.5,Ml
196461,2023-05-08 13:54:26,2023-05-08 09:54:26,33 km al NO de Los Vilos,-31.647,-71.67,33.0,3.1,Ml
196470,2023-05-08 15:23:17,2023-05-08 11:23:17,28 km al SE de Camiña,-19.54,-69.301,4.0,3.2,Ml
196473,2023-05-08 17:32:19,2023-05-08 13:32:19,27 km al O de Ollagüe,-21.158,-68.507,132.0,2.7,Ml
196494,2023-05-08 22:25:13,2023-05-08 18:25:13,42 km al SO de Canela Baja,-31.627,-71.811,27.0,2.5,Ml
196497,2023-05-08 23:12:07,2023-05-08 19:12:07,30 km al S de Santiago,-33.705,-70.668,33.0,2.6,Ml
196500,2023-05-09 00:15:17,2023-05-08 20:15:17,12 km al E de San José de Maipo,-33.66,-70.228,111.0,2.8,Ml
196519,2023-05-09 03:13:04,2023-05-08 23:13:04,14 km al SO de Vichuquén,-34.999,-72.059,35.0,2.7,Ml
196521,2023-05-09 03:13:37,2023-05-08 23:13:37,56 km al SO de Mina Collahuasi,-21.138,-69.082,95.0,3.2,Ml
196526,2023-05-09 04:06:15,2023-05-09 00:06:15,62 km al E de Socaire,-23.388,-67.32,250.0,3.6,Ml
196528,2023-05-09 04:21:03,2023-05-09 00:21:03,49 km al SO de Mina Collahuasi,-21.238,-68.833,110.0,2.7,Ml
196530,2023-05-09 04:25:45,2023-05-09 00:25:45,98 km al O de Huasco,-28.339,-72.211,40.0,2.8,Ml
196534,2023-05-09 06:13:31,2023-05-09 02:13:31,97 km al SE de Socaire,-24.132,-67.137,242.0,3.3,Ml
196535,2023-05-09 06:20:59,2023-05-09 02:20:59,68 km al SE de Socaire,-24.098,-67.512,232.0,2.9,Ml
196536,2023-05-09 06:32:24,2023-05-09 02:32:24,29 km al E de Talca,-35.515,-71.369,94.0,3.8,Ml
196540,2023-05-09 07:16:26,2023-05-09 03:16:26,33 km al NO de Mina Collahuasi,-20.645,-68.914,107.0,3.1,Ml
196550,2023-05-09 09:51:10,2023-05-09 05:51:10,71 km al SO de Caldera,-27.658,-71.102,15.0,2.7,Ml
196556,2023-05-09 11:27:50,2023-05-09 07:27:50,66 km al O de Los Vilos,-31.685,-72.155,42.0,3.7,Ml
196559,2023-05-09 12:32:46,2023-05-09 08:32:46,74 km al SO de Ollagüe,-21.686,-68.774,128.0,2.7,Ml
196561,2023-05-09 13:18:03,2023-05-09 09:18:03,36 km al O de Ollagüe,-21.216,-68.604,126.0,3.1,Ml
196564,2023-05-09 13:42:10,2023-05-09 09:42:10,6 km al O de Los Vilos,-31.918,-71.579,65.0,3.1,Ml
196571,2023-05-09 16:37:19,2023-05-09 12:37:19,21 km al NE de Osorno,-40.415,-73.01,52.0,2.9,Ml
196579,2023-05-09 18:11:40,2023-05-09 14:11:40,57 km al S de Ollagüe,-21.713,-68.435,119.0,2.9,Ml
196591,2023-05-09 19:35:36,2023-05-09 15:35:36,77 km al O de Cobquecura,-36.08,-73.65,35.0,3.0,Ml
196597,2023-05-09 20:03:42,2023-05-09 16:03:42,80 km al O de Cobquecura,-36.063,-73.677,35.0,2.8,Ml
196601,2023-05-09 20:45:31,2023-05-09 16:45:31,67 km al N de Pica,-19.896,-69.201,100.0,3.0,Ml
196606,2023-05-09 22:17:33,2023-05-09 18:17:33,70 km al NE de Taltal,-24.827,-70.222,49.0,3.3,Ml
196609,2023-05-09 22:45:08,2023-05-09 18:45:08,39 km al S de Mina Collahuasi,-21.173,-68.645,114.0,2.7,Ml
196612,2023-05-09 23:39:41,2023-05-09 19:39:41,23 km al N de Chañaral.,-26.151,-70.551,77.0,3.8,Ml
196627,2023-05-10 03:55:25,2023-05-09 23:55:25,21 km al NE de Los Vilos,-31.81,-71.328,55.0,2.6,Ml
196628,2023-05-10 04:00:26,2023-05-10 00:00:26,42 km al SO de Mina Collahuasi,-21.145,-68.882,105.0,2.5,Ml
196643,2023-05-10 10:27:08,2023-05-10 06:27:08,11 km al NE de Vallenar,-28.508,-70.672,77.0,2.6,Ml
196654,2023-05-10 13:29:49,2023-05-10 09:29:49,40 km al NO de Socaire,-23.309,-68.141,136.0,2.8,Ml
196659,2023-05-10 14:18:46,2023-05-10 10:18:46,55 km al SO de Ollagüe,-21.674,-68.469,129.0,2.9,Ml
196661,2023-05-10 14:25:38,2023-05-10 10:25:38,33 km al O de Punitaqui,-30.822,-71.608,24.0,2.5,Ml
196662,2023-05-10 14:43:18,2023-05-10 10:43:18,48 km al O de Punitaqui,-30.868,-71.754,24.0,3.3,Ml
196682,2023-05-10 19:45:50,2023-05-10 15:45:50,64 km al E de Taltal,-25.36,-69.853,75.0,4.2,Ml
196686,2023-05-10 20:29:37,2023-05-10 16:29:37,100 km al NE de San Pedro de Atacama,-22.131,-67.723,231.0,3.4,Ml
196689,2023-05-10 20:52:28,2023-05-10 16:52:28,17 km al S de Los Vilos,-32.066,-71.487,75.0,2.6,Ml
196690,2023-05-10 20:54:41,2023-05-10 16:54:41,27 km al O de Iquique,-20.257,-70.407,32.0,2.5,Ml
196697,2023-05-10 22:16:46,2023-05-10 18:16:46,77 km al O de Cobquecura,-36.064,-73.643,34.0,3.2,Ml
196714,2023-05-11 06:01:35,2023-05-11 02:01:35,35 km al NO de Calama,-22.174,-69.058,127.0,2.6,Ml
196716,2023-05-11 06:24:53,2023-05-11 02:24:53,15 km al SO de Punitaqui,-30.957,-71.323,56.0,2.7,Ml
196718,2023-05-11 06:40:32,2023-05-11 02:40:32,29 km al SE de Los Andes.,-33.006,-70.37,117.0,2.9,Ml
196730,2023-05-11 08:20:54,2023-05-11 04:20:54,51 km al SO de San Pedro de Atacama,-23.278,-68.514,112.0,2.9,Ml
196734,2023-05-11 08:41:19,2023-05-11 04:41:19,74 km al S de Ollagüe,-21.846,-68.5,114.0,2.7,Ml
196736,2023-05-11 09:14:45,2023-05-11 05:14:45,47 km al N de Mina Collahuasi,-20.415,-68.777,116.0,3.8,Ml
196750,2023-05-11 13:26:42,2023-05-11 09:26:42,40 km al NO de Mina Collahuasi,-20.631,-68.977,100.0,3.4,Ml
196756,2023-05-11 15:08:28,2023-05-11 11:08:28,23 km al E de Petorca,-32.173,-70.704,102.0,3.0,Ml
196761,2023-05-11 16:11:16,2023-05-11 12:11:16,42 km al SO de Pica,-20.678,-69.68,69.0,3.4,Ml
196765,2023-05-11 16:52:57,2023-05-11 12:52:57,33 km al O de Camiña,-19.241,-69.73,82.0,4.0,Ml
196781,2023-05-11 19:34:07,2023-05-11 15:34:07,61 km al SO de Ollagüe,-21.732,-68.486,128.0,3.2,Ml
196796,2023-05-11 22:32:59,2023-05-11 18:32:59,15 km al SE de Tocopilla,-22.206,-70.115,59.0,4.2,Ml
196806,2023-05-12 00:55:24,2023-05-11 20:55:24,140 km al O de Tirúa,-38.312,-75.101,32.0,3.3,Ml
196808,2023-05-12 01:23:29,2023-05-11 21:23:29,25 km al SO de Visviri,-17.699,-69.693,155.0,3.7,Ml
196812,2023-05-12 02:53:33,2023-05-11 22:53:33,90 km al SO de Caldera,-27.582,-71.52,41.0,3.4,Ml
196822,2023-05-12 07:23:09,2023-05-12 03:23:09,45 km al O de La Ligua,-32.404,-71.71,56.0,2.7,Ml
196831,2023-05-12 07:50:41,2023-05-12 03:50:41,12 km al SO de Los Vilos,-32.009,-71.562,41.0,2.9,Ml
196825,2023-05-12 07:51:22,2023-05-12 03:51:22,11 km al S de Los Vilos,-32.005,-71.543,43.0,3.7,Ml
196835,2023-05-12 08:37:08,2023-05-12 04:37:08,1125 km al O de Ancud,-41.654,-87.397,16.0,5.3,Mb
196841,2023-05-12 09:58:02,2023-05-12 05:58:02,43 km al E de Calama,-22.528,-68.516,103.0,3.1,Ml
196843,2023-05-12 10:34:40,2023-05-12 06:34:40,72 km al NO de Quillagua,-21.311,-70.125,31.0,2.8,Ml
196857,2023-05-12 13:21:45,2023-05-12 09:21:45,50 km al NE de Vallenar,-28.325,-70.328,101.0,3.2,Ml
196867,2023-05-12 14:51:54,2023-05-12 10:51:54,14 km al E de Tongoy,-30.286,-71.349,53.0,3.9,Ml
196874,2023-05-12 15:35:43,2023-05-12 11:35:43,81 km al E de Socaire,-23.887,-67.163,248.0,3.3,Ml
196875,2023-05-12 15:40:26,2023-05-12 11:40:26,48 km al O de Valparaíso,-32.987,-72.126,33.0,3.4,Ml
196889,2023-05-12 18:27:09,2023-05-12 14:27:09,29 km al SO de Los Vilos,-32.143,-71.652,27.0,2.5,Ml
196921,2023-05-13 01:17:28,2023-05-12 21:17:28,97 km al NE de Socaire,-23.107,-67.103,269.0,3.6,Ml
196931,2023-05-13 02:52:33,2023-05-12 22:52:33,31 km al N de Iquique,-19.946,-70.079,38.0,2.7,Ml
196938,2023-05-13 04:51:25,2023-05-13 00:51:25,42 km al NO de Tirúa,-38.066,-73.82,39.0,4.6,Mw
196945,2023-05-13 06:15:54,2023-05-13 02:15:54,31 km al NO de Quillagua,-21.501,-69.782,40.0,2.7,Ml
196948,2023-05-13 06:33:58,2023-05-13 02:33:58,25 km al S de Los Vilos,-32.129,-71.557,25.0,3.2,Ml
196950,2023-05-13 06:37:50,2023-05-13 02:37:50,62 km al SO de Ollagüe,-21.513,-68.762,150.0,2.9,Ml
196955,2023-05-13 10:15:25,2023-05-13 06:15:25,57 km al NE de Quillagua,-21.37,-69.079,92.0,2.7,Ml
196959,2023-05-13 10:27:00,2023-05-13 06:27:00,50 km al SO de Mina Collahuasi,-21.242,-68.843,113.0,2.6,Ml
196964,2023-05-13 12:16:50,2023-05-13 08:16:50,51 km al SO de María Elena,-22.543,-70.106,35.0,2.7,Ml
196967,2023-05-13 13:50:22,2023-05-13 09:50:22,34 km al SE de Pica,-20.734,-69.134,84.0,2.9,Ml
196969,2023-05-13 14:09:14,2023-05-13 10:09:14,46 km al S de Huasco,-28.874,-71.316,41.0,2.5,Ml
196974,2023-05-13 16:11:34,2023-05-13 12:11:34,68 km al E de Ollagüe,-21.347,-67.606,193.0,4.0,Ml
196981,2023-05-13 17:12:09,2023-05-13 13:12:09,30 km al NO de Tirúa,-38.091,-73.614,30.0,2.8,Ml
196983,2023-05-13 17:20:10,2023-05-13 13:20:10,28 km al N de Tirúa,-38.089,-73.544,8.0,3.5,Ml
196986,2023-05-13 17:27:30,2023-05-13 13:27:30,175 km al NO de Tortel,-46.917,-75.458,19.0,3.1,Ml
197000,2023-05-13 19:10:44,2023-05-13 15:10:44,26 km al O de Constitución,-35.396,-72.693,30.0,3.6,Ml
197003,2023-05-13 19:12:58,2023-05-13 15:12:58,41 km al S de Huasco,-28.825,-71.308,42.0,2.8,Ml
197013,2023-05-13 21:50:13,2023-05-13 17:50:13,36 km al O de La Serena,-29.817,-71.607,30.0,2.6,Ml
197024,2023-05-14 00:04:21,2023-05-13 20:04:21,72 km al SE de Socaire,-24.16,-67.565,232.0,3.1,Ml
197029,2023-05-14 00:23:19,2023-05-13 20:23:19,41 km al E de Camiña,-19.42,-69.048,119.0,2.5,Ml
197031,2023-05-14 00:40:04,2023-05-13 20:40:04,20 km al SO de Laja,-37.387,-72.906,43.0,2.9,Ml
197034,2023-05-14 01:00:42,2023-05-13 21:00:42,16 km al N de Calama,-22.325,-68.949,114.0,2.9,Ml
197038,2023-05-14 01:44:44,2023-05-13 21:44:44,31 km al SO de Ollagüe,-21.448,-68.431,128.0,3.1,Ml
197042,2023-05-14 02:05:19,2023-05-13 22:05:19,125 km al SE de Socaire,-24.305,-66.941,216.0,4.1,Ml
197043,2023-05-14 02:54:54,2023-05-13 22:54:54,51 km al S de Camiña,-19.771,-69.421,103.0,2.5,Ml
197053,2023-05-14 07:15:13,2023-05-14 03:15:13,59 km al SO de Ollagüe,-21.635,-68.617,105.0,2.5,Ml
197057,2023-05-14 07:50:16,2023-05-14 03:50:16,20 km al SO de Mina Los Pelambres,-31.943,-70.749,105.0,2.5,Ml
197059,2023-05-14 08:06:12,2023-05-14 04:06:12,51 km al E de El Salvador,-26.273,-69.105,96.0,2.7,Ml
197061,2023-05-14 08:15:22,2023-05-14 04:15:22,57 km al S de Alto Hospicio,-20.752,-70.28,33.0,2.6,Ml
197066,2023-05-14 09:27:39,2023-05-14 05:27:39,59 km al SE de Socaire,-23.96,-67.481,245.0,3.7,Ml
197068,2023-05-14 10:05:13,2023-05-14 06:05:13,62 km al SE de Socaire,-23.964,-67.44,255.0,3.3,Ml
197070,2023-05-14 11:15:25,2023-05-14 07:15:25,13 km al N de Calama,-22.357,-68.964,108.0,2.8,Ml
197071,2023-05-14 11:32:24,2023-05-14 07:32:24,67 km al SE de Socaire,-24.127,-67.583,253.0,3.0,Ml
197074,2023-05-14 12:47:42,2023-05-14 08:47:42,62 km al SE de Socaire,-23.843,-67.352,232.0,2.9,Ml
197076,2023-05-14 13:01:43,2023-05-14 09:01:43,26 km al SO de Ollagüe,-21.39,-68.426,132.0,3.1,Ml
197078,2023-05-14 13:45:40,2023-05-14 09:45:40,65 km al NE de Socaire,-23.277,-67.349,259.0,2.9,Ml
197081,2023-05-14 14:16:05,2023-05-14 10:16:05,77 km al SE de Socaire,-24.132,-67.419,248.0,3.3,Ml
197084,2023-05-14 15:21:28,2023-05-14 11:21:28,24 km al SE de Curicó,-35.137,-71.054,102.0,2.9,Ml
197090,2023-05-14 16:24:03,2023-05-14 12:24:03,17 km al N de La Higuera,-29.36,-71.174,56.0,2.7,Ml
197094,2023-05-14 16:49:57,2023-05-14 12:49:57,64 km al O de Lebu,-37.869,-74.309,41.0,2.8,Ml
197102,2023-05-14 17:48:32,2023-05-14 13:48:32,29 km al SO de Arica,-18.651,-70.532,34.0,2.8,Ml
197111,2023-05-14 18:50:19,2023-05-14 14:50:19,14 km al NO de Andacollo,-30.118,-71.152,69.0,2.5,Ml
197112,2023-05-14 18:58:27,2023-05-14 14:58:27,18 km al SO de Punitaqui,-30.939,-71.397,51.0,3.1,Ml
197121,2023-05-14 20:17:07,2023-05-14 16:17:07,118 km al O de El Tabo,-33.198,-72.899,33.0,3.9,Ml
197128,2023-05-14 20:23:47,2023-05-14 16:23:47,69 km al SE de Socaire,-24.151,-67.605,223.0,2.7,Ml
197127,2023-05-14 21:17:14,2023-05-14 17:17:14,80 km al SE de Socaire,-24.174,-67.432,236.0,3.7,Ml
197131,2023-05-14 21:28:56,2023-05-14 17:28:56,94 km al SE de Socaire,-24.269,-67.346,177.0,3.4,Ml
197136,2023-05-14 21:55:17,2023-05-14 17:55:17,67 km al SO de Socaire,-24.109,-68.222,172.0,3.9,Ml
197142,2023-05-14 22:23:37,2023-05-14 18:23:37,20 km al E de Pichilemu,-34.392,-71.791,53.0,2.8,Ml
197144,2023-05-14 23:15:34,2023-05-14 19:15:34,68 km al SE de Socaire,-23.881,-67.302,249.0,3.0,Ml
197151,2023-05-15 00:54:40,2023-05-14 20:54:40,86 km al E de Mina Los Pelambres,-31.914,-69.684,168.0,3.9,Ml
197156,2023-05-15 01:32:16,2023-05-14 21:32:16,117 km al SE de Socaire,-24.298,-67.038,210.0,2.9,Ml
197160,2023-05-15 01:58:22,2023-05-14 21:58:22,40 km al S de Ollagüe,-21.565,-68.38,134.0,2.7,Ml
197161,2023-05-15 02:08:57,2023-05-14 22:08:57,39 km al O de Punitaqui,-30.685,-71.629,31.0,3.8,Ml
197163,2023-05-15 02:10:35,2023-05-14 22:10:35,43 km al O de Punitaqui,-30.683,-71.674,32.0,2.9,Ml
197164,2023-05-15 02:37:37,2023-05-14 22:37:37,102 km al O de Arica,-18.596,-71.284,30.0,2.5,Ml
197168,2023-05-15 02:43:22,2023-05-14 22:43:22,44 km al O de Punitaqui,-30.684,-71.686,32.0,2.6,Ml
197171,2023-05-15 03:30:20,2023-05-14 23:30:20,43 km al O de La Ligua,-32.503,-71.686,43.0,3.7,Ml
197178,2023-05-15 04:23:18,2023-05-15 00:23:18,121 km al SE de Socaire,-24.201,-66.9,223.0,3.4,Ml
197180,2023-05-15 04:57:37,2023-05-15 00:57:37,38 km al N de Pica,-20.146,-69.338,114.0,2.8,Ml
197187,2023-05-15 05:43:44,2023-05-15 01:43:44,27 km al SO de Los Vilos,-32.089,-71.71,30.0,2.7,Ml
197189,2023-05-15 06:18:34,2023-05-15 02:18:34,50 km al NO de Arauco,-36.942,-73.729,23.0,4.0,Ml
197197,2023-05-15 07:39:37,2023-05-15 03:39:37,158 km al NE de Socaire,-22.886,-66.541,284.0,5.1,Mw
197201,2023-05-15 08:20:40,2023-05-15 04:20:40,113 km al SE de Socaire,-24.199,-66.998,217.0,3.0,Ml
197205,2023-05-15 09:36:52,2023-05-15 05:36:52,53 km al SE de Camiña,-19.738,-69.2,96.0,2.9,Ml
197209,2023-05-15 10:03:02,2023-05-15 06:03:02,74 km al O de Mina La Escondida.,-24.107,-69.76,62.0,2.9,Ml
197211,2023-05-15 10:15:58,2023-05-15 06:15:58,67 km al N de Calama,-21.894,-68.733,129.0,3.8,Ml
197214,2023-05-15 11:32:08,2023-05-15 07:32:08,107 km al SE de Ollagüe,-21.856,-67.476,222.0,3.4,Ml
197218,2023-05-15 13:41:47,2023-05-15 09:41:47,92 km al E de Socaire,-23.541,-66.987,208.0,2.6,Ml
197219,2023-05-15 13:47:02,2023-05-15 09:47:02,16 km al SO de Mina Los Pelambres,-31.958,-70.659,108.0,2.8,Ml
197225,2023-05-15 15:08:43,2023-05-15 11:08:43,41 km al SO de Ollagüe,-21.398,-68.599,111.0,2.5,Ml
197228,2023-05-15 15:34:51,2023-05-15 11:34:51,82 km al O de Mina La Escondida.,-24.554,-69.801,64.0,2.6,Ml
197231,2023-05-15 15:48:40,2023-05-15 11:48:40,104 km al E de Socaire,-23.446,-66.882,180.0,3.1,Ml
197234,2023-05-15 16:51:26,2023-05-15 12:51:26,57 km al SE de Socaire,-24.023,-67.595,255.0,2.6,Ml
197245,2023-05-15 18:17:29,2023-05-15 14:17:29,82 km al SE de Socaire,-24.032,-67.247,235.0,3.1,Ml
197256,2023-05-15 19:24:07,2023-05-15 15:24:07,53 km al NE de Pica,-20.079,-69.066,104.0,4.3,Mw
197265,2023-05-15 21:04:32,2023-05-15 17:04:32,51 km al SO de Ollagüe,-21.556,-68.597,127.0,2.9,Ml
197271,2023-05-15 22:47:05,2023-05-15 18:47:05,26 km al NO de María Elena,-22.164,-69.814,50.0,3.5,Ml
197273,2023-05-15 22:55:56,2023-05-15 18:55:56,150 km al NO de San Salvador de Jujuy,-23.284,-66.399,209.0,3.2,Ml
197274,2023-05-15 23:05:33,2023-05-15 19:05:33,11 km al S de San Pedro de Atacama,-23.017,-68.176,114.0,3.0,Ml
197281,2023-05-16 00:07:12,2023-05-15 20:07:12,118 km al NE de El Salvador,-25.395,-68.899,123.0,3.7,Ml
197284,2023-05-16 00:53:39,2023-05-15 20:53:39,66 km al S de Alto Hospicio,-20.844,-70.259,40.0,3.8,Ml
197302,2023-05-16 03:45:52,2023-05-15 23:45:52,57 km al O de Valparaíso,-32.944,-72.216,33.0,2.9,Ml
197304,2023-05-16 03:47:49,2023-05-15 23:47:49,47 km al O de Valparaíso,-32.975,-72.112,24.0,2.5,Ml
197308,2023-05-16 04:09:58,2023-05-16 00:09:58,67 km al O de Ollagüe,-21.43,-68.862,91.0,2.5,Ml
197312,2023-05-16 04:27:08,2023-05-16 00:27:08,15 km al NE de Panguipulli,-39.524,-72.253,100.0,2.6,Ml
197314,2023-05-16 05:14:03,2023-05-16 01:14:03,32 km al NE de Tocopilla,-21.843,-70.04,72.0,2.6,Ml
197320,2023-05-16 06:20:17,2023-05-16 02:20:17,60 km al NE de Calama,-22.019,-68.611,126.0,2.6,Ml
197326,2023-05-16 07:52:04,2023-05-16 03:52:04,141 km al SE de Tierra Amarilla,-28.206,-69.092,146.0,3.6,Ml
197331,2023-05-16 10:17:32,2023-05-16 06:17:32,11 km al O de Visviri,-17.577,-69.58,167.0,3.2,Ml
197332,2023-05-16 10:53:47,2023-05-16 06:53:47,30 km al NE de Calama,-22.312,-68.688,132.0,3.3,Ml
197337,2023-05-16 11:52:56,2023-05-16 07:52:56,84 km al SE de Socaire,-24.113,-67.292,147.0,3.6,Ml
197340,2023-05-16 12:20:11,2023-05-16 08:20:11,66 km al NE de Calama,-21.949,-68.627,118.0,2.5,Ml
197343,2023-05-16 13:07:30,2023-05-16 09:07:30,69 km al SE de Socaire,-23.88,-67.289,228.0,3.3,Ml
197345,2023-05-16 13:20:45,2023-05-16 09:20:45,17 km al S de Ollagüe,-21.374,-68.291,120.0,2.5,Ml
197348,2023-05-16 14:46:52,2023-05-16 10:46:52,61 km al SE de Camiña,-19.799,-69.149,99.0,3.4,Ml
197357,2023-05-16 17:06:46,2023-05-16 13:06:46,42 km al SE de Putre,-18.491,-69.315,127.0,3.2,Ml
197363,2023-05-16 17:38:51,2023-05-16 13:38:51,42 km al SO de Visviri,-17.791,-69.817,141.0,3.2,Ml
197378,2023-05-16 19:18:07,2023-05-16 15:18:07,48 km al N de San Pedro de Atacama,-22.514,-68.039,184.0,4.2,Mw
197391,2023-05-16 22:29:16,2023-05-16 18:29:16,98 km al SE de Socaire,-24.263,-67.271,184.0,3.3,Ml
197393,2023-05-16 22:49:17,2023-05-16 18:49:17,109 km al SE de Socaire,-24.359,-67.226,180.0,3.2,Ml
197394,2023-05-16 22:53:56,2023-05-16 18:53:56,36 km al NO de Los Vilos,-31.738,-71.833,34.0,2.5,Ml
197398,2023-05-16 22:57:54,2023-05-16 18:57:54,35 km al NO de Los Vilos,-31.726,-71.81,38.0,3.2,Ml
197401,2023-05-16 23:30:32,2023-05-16 19:30:32,112 km al S de Mina La Escondida.,-25.248,-69.297,120.0,2.9,Ml
197402,2023-05-17 00:13:36,2023-05-16 20:13:36,25 km al SO de Los Andes.,-32.976,-70.802,78.0,2.7,Ml
197408,2023-05-17 01:50:09,2023-05-16 21:50:09,14 km al N de Huasco,-28.338,-71.248,29.0,2.7,Ml
197417,2023-05-17 02:47:44,2023-05-16 22:47:44,53 km al SO de Mina Collahuasi,-21.261,-68.863,117.0,2.7,Ml
197420,2023-05-17 03:37:10,2023-05-16 23:37:10,12 km al SE de Calama,-22.558,-68.868,86.0,2.8,Ml
197425,2023-05-17 04:55:37,2023-05-17 00:55:37,43 km al NE de Tirúa,-38.053,-73.167,35.0,2.8,Ml
197429,2023-05-17 06:29:59,2023-05-17 02:29:59,20 km al O de Socaire,-23.632,-68.08,291.0,2.6,Ml
197445,2023-05-17 08:54:15,2023-05-17 04:54:15,17 km al S de Punitaqui,-30.977,-71.315,70.0,2.9,Ml
197448,2023-05-17 09:04:41,2023-05-17 05:04:41,56 km al N de Calama,-21.996,-68.747,133.0,3.5,Ml
197449,2023-05-17 09:11:49,2023-05-17 05:11:49,44 km al O de Ollagüe,-21.286,-68.677,116.0,2.5,Ml
197454,2023-05-17 09:21:51,2023-05-17 05:21:51,57 km al NE de Los Andes.,-32.374,-70.336,127.0,3.6,Ml
197462,2023-05-17 09:50:45,2023-05-17 05:50:45,66 km al NO de La Higuera,-29.037,-71.614,23.0,2.7,Ml
197469,2023-05-17 11:07:30,2023-05-17 07:07:30,57 km al E de Socaire,-23.654,-67.332,237.0,3.6,Ml
197472,2023-05-17 11:24:53,2023-05-17 07:24:53,66 km al SE de Socaire,-24.08,-67.519,203.0,3.2,Ml
197481,2023-05-17 15:40:42,2023-05-17 11:40:42,48 km al S de Camiña,-19.729,-69.293,95.0,2.8,Ml
197483,2023-05-17 15:51:55,2023-05-17 11:51:55,26 km al S de Melipilla,-33.911,-71.283,64.0,2.9,Ml
197485,2023-05-17 15:56:28,2023-05-17 11:56:28,4 km al SE de Calama,-22.499,-68.901,99.0,2.6,Ml
197506,2023-05-17 21:14:12,2023-05-17 17:14:12,25 km al SE de Sierra Gorda.,-23.072,-69.166,107.0,3.5,Ml
197515,2023-05-17 22:43:43,2023-05-17 18:43:43,33 km al N de Rancagua,-33.88,-70.815,82.0,3.2,Ml
197522,2023-05-17 23:30:37,2023-05-17 19:30:37,73 km al NE de Mina La Escondida.,-23.675,-68.755,98.0,2.8,Ml
197531,2023-05-18 01:17:50,2023-05-17 21:17:50,5 km al SO de Punitaqui,-30.855,-71.303,58.0,2.8,Ml
197533,2023-05-18 02:13:44,2023-05-17 22:13:44,10 km al S de Calama,-22.558,-68.942,91.0,2.9,Ml
197540,2023-05-18 03:26:55,2023-05-17 23:26:55,68 km al SO de Ollagüe,-21.511,-68.836,88.0,2.8,Ml
197557,2023-05-18 06:22:06,2023-05-18 02:22:06,70 km al NO de Tongoy,-29.838,-72.043,46.0,3.1,Ml
197566,2023-05-18 08:34:27,2023-05-18 04:34:27,25 km al E de Navidad,-33.96,-71.558,53.0,3.1,Ml
197571,2023-05-18 09:59:47,2023-05-18 05:59:47,112 km al SE de Socaire,-24.135,-66.966,220.0,3.5,Ml
197580,2023-05-18 12:47:39,2023-05-18 08:47:39,19 km al O de La Ligua,-32.446,-71.431,45.0,3.3,Ml
197593,2023-05-18 17:43:24,2023-05-18 13:43:24,109 km al SE de Socaire,-24.409,-67.302,193.0,3.6,Ml
197594,2023-05-18 18:02:51,2023-05-18 14:02:51,74 km al N de Calama,-21.834,-68.709,115.0,2.5,Ml
197614,2023-05-18 21:00:44,2023-05-18 17:00:44,146 km al O de Constitución,-34.788,-73.871,31.0,3.3,Ml
197633,2023-05-19 02:16:03,2023-05-18 22:16:03,14 km al S de La Higuera,-29.637,-71.209,57.0,2.8,Ml
197635,2023-05-19 02:28:36,2023-05-18 22:28:36,31 km al O de La Serena,-29.868,-71.571,42.0,3.6,Ml
197644,2023-05-19 03:58:42,2023-05-18 23:58:42,33 km al NE de Pica,-20.333,-69.067,99.0,4.6,Mw
197648,2023-05-19 04:51:45,2023-05-19 00:51:45,102 km al NE de San Pedro de Atacama,-22.112,-67.732,204.0,3.9,Ml
197659,2023-05-19 07:34:31,2023-05-19 03:34:31,22 km al SO de Los Andes.,-32.982,-70.758,74.0,3.3,Ml
197666,2023-05-19 08:37:12,2023-05-19 04:37:12,64 km al NE de Calama,-21.943,-68.681,120.0,2.9,Ml
197673,2023-05-19 11:23:52,2023-05-19 07:23:52,46 km al SO de Chañaral.,-26.644,-70.942,29.0,2.9,Ml
197685,2023-05-19 15:02:18,2023-05-19 11:02:18,53 km al SE de San José de Maipo,-34.067,-70.091,4.0,2.9,Ml
197693,2023-05-19 16:53:20,2023-05-19 12:53:20,56 km al N de Calama,-21.983,-68.774,117.0,2.8,Ml
197702,2023-05-19 19:38:23,2023-05-19 15:38:23,11 km al O de Ovalle,-30.605,-71.322,68.0,4.7,Ml
197712,2023-05-19 21:54:35,2023-05-19 17:54:35,107 km al SE de Socaire,-24.357,-67.259,169.0,4.4,Mw
197716,2023-05-19 22:31:31,2023-05-19 18:31:31,87 km al E de Mina La Escondida.,-24.38,-68.203,260.0,3.6,Ml
197723,2023-05-19 23:37:57,2023-05-19 19:37:57,36 km al SE de Pica,-20.781,-69.188,109.0,2.6,Ml
197727,2023-05-20 01:25:24,2023-05-19 21:25:24,28 km al NE de Pica,-20.326,-69.121,107.0,3.2,Ml
197731,2023-05-20 02:01:21,2023-05-19 22:01:21,29 km al NE de Calama,-22.286,-68.727,116.0,3.0,Ml
197758,2023-05-20 07:10:14,2023-05-20 03:10:14,38 km al SO de Ollagüe,-21.38,-68.583,103.0,3.9,Ml
197760,2023-05-20 07:16:16,2023-05-20 03:16:16,42 km al O de Chillán,-36.571,-72.569,60.0,4.2,Ml
197765,2023-05-20 07:34:17,2023-05-20 03:34:17,187 km al SO de Ushuaia,-56.354,-69.364,10.0,5.1,Mw
197772,2023-05-20 09:17:29,2023-05-20 05:17:29,204 km al SO de Ushuaia,-56.457,-69.613,10.0,4.6,Ml
197776,2023-05-20 09:55:42,2023-05-20 05:55:42,22 km al SE de Los Vilos,-32.06,-71.361,42.0,2.8,Ml
197779,2023-05-20 10:05:06,2023-05-20 06:05:06,64 km al SE de Socaire,-24.046,-67.505,239.0,3.4,Ml
197792,2023-05-20 15:11:13,2023-05-20 11:11:13,70 km al NO de Cobquecura,-35.78,-73.435,20.0,2.8,Ml
197795,2023-05-20 15:20:24,2023-05-20 11:20:24,27 km al E de Mina La Escondida.,-24.237,-68.791,112.0,2.8,Ml
197798,2023-05-20 16:11:04,2023-05-20 12:11:04,43 km al E de Pica,-20.475,-68.913,106.0,2.9,Ml
197823,2023-05-20 20:24:08,2023-05-20 16:24:08,26 km al SE de Melipilla,-33.906,-71.119,61.0,2.7,Ml
197831,2023-05-20 21:42:32,2023-05-20 17:42:32,61 km al SO de Mina Collahuasi,-21.313,-68.926,97.0,2.9,Ml
197833,2023-05-20 21:46:15,2023-05-20 17:46:15,73 km al N de Tocopilla,-21.461,-70.376,64.0,2.9,Ml
197836,2023-05-20 22:18:37,2023-05-20 18:18:37,23 km al NE de Calama,-22.326,-68.763,114.0,2.9,Ml
197838,2023-05-20 23:09:58,2023-05-20 19:09:58,25 km al O de La Serena,-29.851,-71.507,49.0,3.3,Ml
197845,2023-05-21 00:52:04,2023-05-20 20:52:04,47 km al SO de Los Vilos,-32.295,-71.722,35.0,3.2,Ml
197854,2023-05-21 02:59:39,2023-05-20 22:59:39,67 km al SO de Caldera,-27.571,-71.194,25.0,2.8,Ml
197868,2023-05-21 05:49:19,2023-05-21 01:49:19,68 km al SO de Ollagüe,-21.776,-68.547,106.0,2.5,Ml
197885,2023-05-21 11:31:25,2023-05-21 07:31:25,67 km al NE de Calama,-21.982,-68.547,118.0,3.1,Ml
197887,2023-05-21 12:24:19,2023-05-21 08:24:19,18 km al NE de Curicó,-34.898,-71.077,99.0,3.6,Ml
197888,2023-05-21 13:06:29,2023-05-21 09:06:29,25 km al O de La Serena,-29.994,-71.486,42.0,3.2,Ml
197896,2023-05-21 13:52:49,2023-05-21 09:52:49,27 km al SO de Vichuquén,-35.103,-72.131,28.0,2.6,Ml
197900,2023-05-21 14:17:09,2023-05-21 10:17:09,77 km al SO de Ollagüe,-21.859,-68.544,110.0,2.7,Ml
197905,2023-05-21 15:33:38,2023-05-21 11:33:38,64 km al O de Valparaíso,-32.856,-72.263,37.0,3.0,Ml
197912,2023-05-21 16:51:59,2023-05-21 12:51:59,37 km al O de Canela Baja,-31.254,-71.814,46.0,2.7,Ml
197920,2023-05-21 18:02:46,2023-05-21 14:02:46,49 km al O de Ollagüe,-21.38,-68.697,103.0,3.6,Ml
197921,2023-05-21 18:11:55,2023-05-21 14:11:55,152 km al NO de Tocopilla,-21.535,-71.548,14.0,3.0,Ml
197926,2023-05-21 19:07:43,2023-05-21 15:07:43,27 km al O de Ollagüe,-21.211,-68.51,118.0,3.3,Ml
197950,2023-05-21 23:12:40,2023-05-21 19:12:40,26 km al E de Ollagüe,-21.311,-68.02,158.0,3.3,Ml
197956,2023-05-22 02:20:57,2023-05-21 22:20:57,48 km al SO de Mina Collahuasi,-21.219,-68.85,106.0,2.9,Ml
197958,2023-05-22 02:37:38,2023-05-21 22:37:38,51 km al S de Camiña,-19.772,-69.463,85.0,2.5,Ml
197961,2023-05-22 03:11:14,2023-05-21 23:11:14,22 km al S de Putre,-18.386,-69.611,134.0,3.1,Ml
197965,2023-05-22 04:47:20,2023-05-22 00:47:20,46 km al S de Mina Collahuasi,-21.23,-68.759,118.0,3.7,Ml
197978,2023-05-22 08:39:47,2023-05-22 04:39:47,40 km al E de Calama,-22.514,-68.539,136.0,4.2,Ml
197981,2023-05-22 10:07:03,2023-05-22 06:07:03,81 km al SE de Socaire,-23.995,-67.226,228.0,2.7,Ml
197983,2023-05-22 10:23:13,2023-05-22 06:23:13,36 km al E de Los Andes.,-32.779,-70.22,114.0,3.0,Ml
197986,2023-05-22 10:56:02,2023-05-22 06:56:02,52 km al NE de Alto del Carmen,-28.327,-70.285,93.0,3.5,Ml
197989,2023-05-22 11:58:07,2023-05-22 07:58:07,89 km al O de Arica,-18.47,-71.167,26.0,3.3,Ml
197991,2023-05-22 12:01:47,2023-05-22 08:01:47,12 km al S de La Serena,-30.006,-71.215,84.0,2.5,Ml
197993,2023-05-22 12:23:42,2023-05-22 08:23:42,48 km al N de Mina Los Pelambres,-31.413,-70.428,122.0,2.5,Ml
197997,2023-05-22 12:56:44,2023-05-22 08:56:44,55 km al O de Ollagüe,-21.411,-68.742,114.0,2.6,Ml
198001,2023-05-22 14:23:40,2023-05-22 10:23:40,30 km al NE de Calama,-22.219,-68.823,117.0,2.5,Ml
198002,2023-05-22 15:09:31,2023-05-22 11:09:31,35 km al O de Valparaíso,-32.969,-71.981,31.0,2.5,Ml
198005,2023-05-22 15:42:31,2023-05-22 11:42:31,33 km al SE de Petorca,-32.441,-70.664,75.0,2.6,Ml
198007,2023-05-22 16:28:29,2023-05-22 12:28:29,27 km al S de Calama,-22.71,-68.873,108.0,2.5,Ml
198008,2023-05-22 16:30:51,2023-05-22 12:30:51,29 km al S de Putre,-18.453,-69.543,134.0,3.0,Ml
198011,2023-05-22 16:44:36,2023-05-22 12:44:36,26 km al S de Mina Collahuasi,-21.055,-68.716,103.0,2.5,Ml
198014,2023-05-22 17:05:53,2023-05-22 13:05:53,108 km al SE de Socaire,-24.117,-67.004,218.0,3.4,Ml
198019,2023-05-22 18:16:20,2023-05-22 14:16:20,29 km al O de La Ligua,-32.423,-71.544,38.0,3.0,Ml
198051,2023-05-23 00:37:41,2023-05-22 20:37:41,50 km al E de Petorca,-32.362,-70.419,126.0,3.5,Ml
198055,2023-05-23 01:19:33,2023-05-22 21:19:33,33 km al E de Arica,-18.417,-70.02,92.0,2.7,Ml
198056,2023-05-23 01:29:38,2023-05-22 21:29:38,92 km al SE de Socaire,-24.133,-67.205,197.0,3.3,Ml
198059,2023-05-23 01:58:09,2023-05-22 21:58:09,91 km al SE de Socaire,-24.255,-67.373,228.0,2.9,Ml
198060,2023-05-23 02:11:58,2023-05-22 22:11:58,44 km al SO de Tongoy,-30.616,-71.682,33.0,2.5,Ml
198064,2023-05-23 02:56:13,2023-05-22 22:56:13,54 km al SO de Castro,-42.83,-74.227,29.0,3.4,Ml
198066,2023-05-23 03:23:53,2023-05-22 23:23:53,132 km al NO de Pichilemu,-33.839,-73.284,24.0,2.7,Ml
198073,2023-05-23 05:48:21,2023-05-23 01:48:21,31 km al SO de Ollagüe,-21.419,-68.473,130.0,2.8,Ml
198094,2023-05-23 11:04:48,2023-05-23 07:04:48,82 km al N de Huasco,-27.742,-71.39,29.0,2.5,Ml
198099,2023-05-23 11:46:38,2023-05-23 07:46:38,117 km al E de Socaire,-23.765,-66.753,216.0,3.6,Ml
198103,2023-05-23 12:06:25,2023-05-23 08:06:25,84 km al S de Alto Hospicio,-21.002,-70.297,42.0,2.6,Ml
198105,2023-05-23 12:29:33,2023-05-23 08:29:33,49 km al NO de Lota,-36.882,-73.643,22.0,4.6,Mw
198112,2023-05-23 14:06:55,2023-05-23 10:06:55,141 km al O de Tirúa,-38.719,-75.045,13.0,3.3,Ml
198126,2023-05-23 16:41:26,2023-05-23 12:41:26,55 km al SE de Quillagua,-21.991,-69.144,90.0,2.6,Ml
198135,2023-05-23 17:27:22,2023-05-23 13:27:22,49 km al NO de Lota,-36.871,-73.631,22.0,3.5,Ml
198138,2023-05-23 18:16:45,2023-05-23 14:16:45,59 km al O de Quellón,-43.072,-74.342,32.0,2.9,Ml
198143,2023-05-23 18:29:41,2023-05-23 14:29:41,36 km al N de Quillagua,-21.335,-69.536,68.0,2.8,Ml
198148,2023-05-23 19:00:44,2023-05-23 15:00:44,39 km al SO de Ollagüe,-21.515,-68.467,120.0,2.6,Ml
198157,2023-05-23 20:11:40,2023-05-23 16:11:40,54 km al SO de Alto Hospicio,-20.651,-70.424,37.0,3.2,Ml
198166,2023-05-23 21:01:57,2023-05-23 17:01:57,33 km al SO de La Higuera,-29.641,-71.511,68.0,3.9,Ml
198170,2023-05-23 21:44:46,2023-05-23 17:44:46,38 km al SE de Pica,-20.785,-69.15,109.0,3.0,Ml
198176,2023-05-23 22:53:14,2023-05-23 18:53:14,40 km al NO de Lota,-36.882,-73.515,30.0,2.7,Ml
198179,2023-05-23 22:57:33,2023-05-23 18:57:33,54 km al NO de Arauco,-36.875,-73.706,16.0,4.6,Mw
198182,2023-05-23 23:18:20,2023-05-23 19:18:20,46 km al NO de Arauco,-36.946,-73.672,19.0,4.4,Ml
198188,2023-05-23 23:59:48,2023-05-23 19:59:48,58 km al NE de Mina Los Pelambres,-31.579,-70.04,128.0,3.4,Ml
198190,2023-05-24 00:45:24,2023-05-23 20:45:24,38 km al SE de María Elena,-22.5,-69.334,90.0,2.5,Ml
198195,2023-05-24 01:17:04,2023-05-23 21:17:04,31 km al O de La Serena,-29.81,-71.559,48.0,2.9,Ml
198201,2023-05-24 02:39:45,2023-05-23 22:39:45,60 km al NO de Lebu,-37.255,-74.162,21.0,3.4,Ml
198203,2023-05-24 03:14:29,2023-05-23 23:14:29,33 km al NE de Mina Los Pelambres,-31.636,-70.31,125.0,3.6,Ml
198205,2023-05-24 03:42:58,2023-05-23 23:42:58,49 km al S de Camiña,-19.751,-69.413,115.0,4.3,Ml
198208,2023-05-24 04:05:33,2023-05-24 00:05:33,49 km al NO de Lota,-36.885,-73.637,23.0,3.7,Ml
198211,2023-05-24 04:37:13,2023-05-24 00:37:13,34 km al S de Mina Collahuasi,-21.136,-68.678,120.0,3.0,Ml
198215,2023-05-24 05:46:40,2023-05-24 01:46:40,56 km al NE de Socaire,-23.277,-67.457,265.0,2.5,Ml
198216,2023-05-24 05:56:46,2023-05-24 01:56:46,45 km al NO de Mina Collahuasi,-20.473,-68.862,117.0,3.5,Ml
198219,2023-05-24 07:23:47,2023-05-24 03:23:47,25 km al NE de Mina La Escondida.,-24.092,-68.904,120.0,3.0,Ml
198221,2023-05-24 08:00:30,2023-05-24 04:00:30,28 km al O de Combarbalá,-31.161,-71.297,68.0,2.6,Ml
198222,2023-05-24 08:24:50,2023-05-24 04:24:50,43 km al SO de Los Vilos,-32.168,-71.849,24.0,3.3,Ml
198225,2023-05-24 09:01:24,2023-05-24 05:01:24,37 km al SO de Los Vilos,-32.161,-71.774,29.0,3.0,Ml
198227,2023-05-24 09:03:48,2023-05-24 05:03:48,33 km al SO de Los Vilos,-32.154,-71.704,31.0,2.7,Ml
198230,2023-05-24 09:36:55,2023-05-24 05:36:55,119 km al SE de Socaire,-24.18,-66.919,215.0,3.8,Ml
198231,2023-05-24 09:39:27,2023-05-24 05:39:27,38 km al SO de Los Vilos,-32.155,-71.798,37.0,2.5,Ml
198233,2023-05-24 09:51:08,2023-05-24 05:51:08,44 km al SO de Los Vilos,-32.173,-71.861,28.0,3.8,Ml
198236,2023-05-24 12:54:56,2023-05-24 08:54:56,54 km al NO de Concepción,-36.598,-73.578,15.0,3.8,Ml
198244,2023-05-24 15:02:52,2023-05-24 11:02:52,99 km al S de Alto Hospicio,-21.113,-70.406,20.0,2.5,Ml
198249,2023-05-24 15:35:44,2023-05-24 11:35:44,28 km al E de María Elena,-22.288,-69.396,105.0,3.5,Ml
198258,2023-05-24 16:18:30,2023-05-24 12:18:30,40 km al SO de Los Vilos,-32.193,-71.784,15.0,2.6,Ml
198259,2023-05-24 16:56:49,2023-05-24 12:56:49,53 km al O de Socaire,-23.511,-68.402,127.0,2.7,Ml
198262,2023-05-24 17:40:47,2023-05-24 13:40:47,9 km al SO de Tongoy,-30.293,-71.572,36.0,2.8,Ml
198266,2023-05-24 18:05:25,2023-05-24 14:05:25,171 km al O de Tirúa,-38.567,-75.432,13.0,3.7,Ml
198268,2023-05-24 18:29:00,2023-05-24 14:29:00,148 km al O de Tirúa,-38.627,-75.159,26.0,4.0,Ml
198271,2023-05-24 18:46:49,2023-05-24 14:46:49,58 km al O de Cuya,-19.018,-70.712,36.0,2.8,Ml
198278,2023-05-24 20:15:02,2023-05-24 16:15:02,140 km al O de Concepción,-36.34,-74.494,9.0,3.5,Ml
198281,2023-05-24 20:58:46,2023-05-24 16:58:46,75 km al NE de Socaire,-23.282,-67.231,256.0,3.1,Ml
198288,2023-05-24 22:58:53,2023-05-24 18:58:53,38 km al SO de Los Vilos,-32.189,-71.749,24.0,2.5,Ml
198289,2023-05-24 23:03:26,2023-05-24 19:03:26,41 km al SO de Los Vilos,-32.197,-71.794,22.0,2.9,Ml
198296,2023-05-25 00:03:10,2023-05-24 20:03:10,74 km al SE de Socaire,-24.163,-67.515,210.0,3.9,Ml
198297,2023-05-25 00:08:04,2023-05-24 20:08:04,53 km al SE de Calama,-22.907,-68.736,94.0,2.5,Ml
198299,2023-05-25 00:59:40,2023-05-24 20:59:40,72 km al NE de Calama,-21.899,-68.593,118.0,3.7,Ml
198301,2023-05-25 02:02:42,2023-05-24 22:02:42,84 km al E de Socaire,-23.859,-67.123,237.0,4.0,Ml
198303,2023-05-25 02:21:58,2023-05-24 22:21:58,33 km al SE de Camiña,-19.576,-69.278,14.0,4.1,Ml
198310,2023-05-25 03:47:39,2023-05-24 23:47:39,23 km al SO de Andacollo,-30.38,-71.246,73.0,3.3,Ml
198313,2023-05-25 04:37:22,2023-05-25 00:37:22,23 km al SO de Canela Baja,-31.496,-71.666,28.0,3.0,Ml
198317,2023-05-25 04:44:03,2023-05-25 00:44:03,21 km al O de Canela Baja,-31.479,-71.652,37.0,2.8,Ml
198342,2023-05-25 07:13:52,2023-05-25 03:13:52,81 km al SO de Alto Hospicio,-20.925,-70.44,59.0,3.1,Ml
198345,2023-05-25 07:23:28,2023-05-25 03:23:28,30 km al NE de Calama,-22.247,-68.763,113.0,2.8,Ml
198353,2023-05-25 09:26:54,2023-05-25 05:26:54,25 km al E de Vichuquén,-34.808,-71.735,40.0,2.9,Ml
198356,2023-05-25 10:33:50,2023-05-25 06:33:50,31 km al E de Sierra Gorda.,-23.014,-69.036,90.0,2.7,Ml
198358,2023-05-25 11:20:24,2023-05-25 07:20:24,35 km al O de Chañaral.,-26.277,-70.967,24.0,2.6,Ml
198363,2023-05-25 12:40:50,2023-05-25 08:40:50,87 km al E de Tierra Amarilla,-27.262,-69.419,112.0,2.5,Ml
198368,2023-05-25 13:59:21,2023-05-25 09:59:21,55 km al NE de Calama,-22.07,-68.623,132.0,2.6,Ml
198370,2023-05-25 14:12:43,2023-05-25 10:12:43,16 km al SE de Los Vilos,-32.033,-71.417,40.0,2.9,Ml
198377,2023-05-25 15:04:59,2023-05-25 11:04:59,58 km al O de Mina La Escondida.,-24.283,-69.626,85.0,3.1,Ml
198380,2023-05-25 16:14:36,2023-05-25 12:14:36,25 km al NO de Ollagüe,-21.06,-68.418,132.0,2.9,Ml
198383,2023-05-25 17:07:57,2023-05-25 13:07:57,69 km al NO de Quillagua,-21.313,-70.084,31.0,3.0,Ml
198395,2023-05-25 21:28:03,2023-05-25 17:28:03,22 km al SO de Los Vilos,-32.012,-71.711,24.0,2.7,Ml
198397,2023-05-25 21:38:25,2023-05-25 17:38:25,18 km al O de Ovalle,-30.606,-71.387,49.0,2.6,Ml
198398,2023-05-25 21:38:46,2023-05-25 17:38:46,19 km al O de Ovalle,-30.66,-71.387,44.0,2.5,Ml
198400,2023-05-25 22:32:43,2023-05-25 18:32:43,60 km al SO de Ollagüe,-21.708,-68.52,128.0,2.9,Ml
198403,2023-05-25 22:43:30,2023-05-25 18:43:30,19 km al O de Mina Collahuasi,-20.858,-68.838,112.0,2.7,Ml
198405,2023-05-25 23:42:28,2023-05-25 19:42:28,30 km al S de Pica,-20.762,-69.335,110.0,3.4,Ml
198406,2023-05-26 01:33:48,2023-05-25 21:33:48,18 km al S de La Higuera,-29.668,-71.255,54.0,2.7,Ml
198408,2023-05-26 02:25:51,2023-05-25 22:25:51,28 km al NE de Vichuquén,-34.698,-71.787,44.0,3.1,Ml
198421,2023-05-26 05:31:42,2023-05-26 01:31:42,16 km al SE de San Pedro de Atacama,-23.042,-68.126,130.0,3.1,Ml
198422,2023-05-26 05:49:03,2023-05-26 01:49:03,75 km al NE de Calama,-21.877,-68.588,135.0,3.3,Ml
198426,2023-05-26 06:55:59,2023-05-26 02:55:59,19 km al E de Farellones,-33.383,-70.112,15.0,2.6,Ml
198447,2023-05-26 14:21:32,2023-05-26 10:21:32,64 km al SO de Ollagüe,-21.763,-68.485,128.0,2.6,Ml
198450,2023-05-26 15:40:14,2023-05-26 11:40:14,44 km al O de Mina Collahuasi,-20.84,-69.08,94.0,2.8,Ml
198451,2023-05-26 15:48:16,2023-05-26 11:48:16,105 km al SE de Tierra Amarilla,-27.961,-69.348,113.0,3.1,Ml
198453,2023-05-26 15:50:54,2023-05-26 11:50:54,46 km al SE de San Pedro de Atacama,-23.131,-67.817,4.0,2.9,Ml
198456,2023-05-26 16:52:45,2023-05-26 12:52:45,34 km al NO de Mina Collahuasi,-20.565,-68.832,107.0,2.9,Ml
198462,2023-05-26 18:03:35,2023-05-26 14:03:35,30 km al NE de Sierra Gorda.,-22.758,-69.07,94.0,3.0,Ml
198470,2023-05-26 19:07:20,2023-05-26 15:07:20,14 km al SE de Los Vilos,-31.979,-71.388,42.0,2.9,Ml
198473,2023-05-26 19:57:49,2023-05-26 15:57:49,26 km al O de Ollagüe,-21.299,-68.491,121.0,2.9,Ml
198476,2023-05-26 20:27:08,2023-05-26 16:27:08,27 km al S de Mina Collahuasi,-21.067,-68.714,109.0,2.9,Ml
198486,2023-05-26 22:17:57,2023-05-26 18:17:57,1814 km al O de Bahía Mansa,-38.23,-94.67,15.0,6.1,Mww
198493,2023-05-27 00:24:04,2023-05-26 20:24:04,88 km al NE de Taltal,-25.054,-69.705,78.0,3.7,Ml
198497,2023-05-27 01:10:18,2023-05-26 21:10:18,92 km al S de Ilo,-18.466,-71.46,15.0,3.1,Ml
198513,2023-05-27 05:27:55,2023-05-27 01:27:55,92 km al S de Ilo,-18.476,-71.343,31.0,2.9,Ml
198517,2023-05-27 07:03:03,2023-05-27 03:03:03,39 km al SO de Canela Baja,-31.608,-71.787,32.0,2.8,Ml
198522,2023-05-27 07:45:15,2023-05-27 03:45:15,78 km al SE de Socaire,-24.0,-67.264,246.0,3.9,Ml
198524,2023-05-27 07:56:27,2023-05-27 03:56:27,79 km al SE de Socaire,-23.898,-67.188,230.0,3.8,Ml
198525,2023-05-27 08:46:09,2023-05-27 04:46:09,37 km al SE de Mina La Escondida.,-24.57,-68.891,101.0,3.2,Ml
198529,2023-05-27 08:55:30,2023-05-27 04:55:30,44 km al O de Valparaíso,-33.02,-72.08,36.0,3.1,Ml
198537,2023-05-27 10:01:00,2023-05-27 06:01:00,52 km al O de Ollagüe,-21.33,-68.743,111.0,3.1,Ml
198539,2023-05-27 10:18:42,2023-05-27 06:18:42,103 km al E de Alto del Carmen,-29.144,-69.527,133.0,3.5,Ml
198549,2023-05-27 11:43:42,2023-05-27 07:43:42,28 km al N de Baquedano,-23.092,-69.778,84.0,3.6,Ml
198550,2023-05-27 12:07:22,2023-05-27 08:07:22,57 km al SE de Socaire,-24.035,-67.603,246.0,3.0,Ml
198551,2023-05-27 12:35:32,2023-05-27 08:35:32,56 km al SO de Putre,-18.651,-69.796,85.0,3.0,Ml
198552,2023-05-27 13:23:09,2023-05-27 09:23:09,53 km al SO de Mina La Escondida.,-24.543,-69.48,83.0,2.5,Ml
198556,2023-05-27 13:38:17,2023-05-27 09:38:17,25 km al SO de Camiña,-19.418,-69.637,78.0,3.1,Ml
198557,2023-05-27 13:46:48,2023-05-27 09:46:48,41 km al NO de Cabrero,-36.688,-72.567,56.0,3.4,Ml
198564,2023-05-27 14:05:05,2023-05-27 10:05:05,64 km al NE de Calama,-22.007,-68.561,125.0,3.0,Ml
198566,2023-05-27 14:13:28,2023-05-27 10:13:28,23 km al O de La Serena,-29.847,-71.482,43.0,2.8,Ml
198572,2023-05-27 16:50:36,2023-05-27 12:50:36,356 km al SO de Melinka,-45.76,-77.41,10.0,4.9,Mw
198575,2023-05-27 17:22:21,2023-05-27 13:22:21,34 km al NO de Mina Collahuasi,-20.679,-68.939,104.0,3.0,Ml
198576,2023-05-27 17:39:19,2023-05-27 13:39:19,35 km al SE de Talca,-35.605,-71.346,91.0,2.7,Ml
198578,2023-05-27 17:50:13,2023-05-27 13:50:13,57 km al O de La Ligua,-32.444,-71.839,22.0,3.3,Ml
198607,2023-05-28 02:06:18,2023-05-27 22:06:18,8 km al SO de Baquedano,-23.39,-69.892,36.0,4.5,Mw
198614,2023-05-28 03:52:56,2023-05-27 23:52:56,69 km al SE de Socaire,-24.082,-67.48,222.0,3.6,Ml
198623,2023-05-28 06:12:05,2023-05-28 02:12:05,43 km al NO de Quillagua,-21.392,-69.83,40.0,3.9,Ml
198626,2023-05-28 06:28:25,2023-05-28 02:28:25,50 km al N de Camiña,-18.877,-69.548,93.0,2.5,Ml
198644,2023-05-28 11:12:12,2023-05-28 07:12:12,83 km al N de Taltal,-24.661,-70.456,44.0,2.5,Ml
198646,2023-05-28 12:23:26,2023-05-28 08:23:26,79 km al E de Mina La Escondida.,-24.265,-68.276,239.0,2.6,Ml
198650,2023-05-28 13:21:43,2023-05-28 09:21:43,45 km al NO de Quillagua,-21.331,-69.793,16.0,2.9,Ml
198652,2023-05-28 13:55:20,2023-05-28 09:55:20,69 km al E de Socaire,-23.678,-67.224,272.0,3.0,Ml
198661,2023-05-28 15:18:44,2023-05-28 11:18:44,24 km al O de Santiago,-33.416,-70.906,82.0,2.7,Ml
198667,2023-05-28 16:38:35,2023-05-28 12:38:35,144 km al NO de Constitución,-34.618,-73.736,17.0,3.5,Ml
198675,2023-05-28 18:00:27,2023-05-28 14:00:27,19 km al O de Tirúa,-38.34,-73.711,33.0,3.1,Ml
198696,2023-05-28 20:57:01,2023-05-28 16:57:01,41 km al O de Canela Baja,-31.529,-71.857,34.0,3.7,Ml
198700,2023-05-28 21:17:08,2023-05-28 17:17:08,24 km al E de Calama,-22.496,-68.694,140.0,2.9,Ml
198705,2023-05-28 23:32:21,2023-05-28 19:32:21,21 km al N de Vichuquén,-34.699,-71.952,36.0,2.5,Ml
198708,2023-05-29 01:49:48,2023-05-28 21:49:48,49 km al O de Punitaqui,-30.657,-71.726,41.0,3.1,Ml
198716,2023-05-29 02:27:34,2023-05-28 22:27:34,44 km al NO de Chañaral.,-26.065,-70.934,40.0,3.4,Ml
198717,2023-05-29 02:41:28,2023-05-28 22:41:28,73 km al SE de Socaire,-24.103,-67.441,243.0,3.4,Ml
198738,2023-05-29 06:14:15,2023-05-29 02:14:15,46 km al SE de Pica,-20.869,-69.146,112.0,3.0,Ml
198741,2023-05-29 07:21:01,2023-05-29 03:21:01,13 km al SO de Cuya,-19.244,-70.264,42.0,2.9,Ml
198752,2023-05-29 12:01:53,2023-05-29 08:01:53,50 km al E de Copiapó,-27.183,-69.872,97.0,2.8,Ml
198754,2023-05-29 12:25:46,2023-05-29 08:25:46,20 km al NO de Calama,-22.335,-69.053,124.0,2.6,Ml
198757,2023-05-29 14:01:47,2023-05-29 10:01:47,49 km al S de Socaire,-24.032,-67.861,259.0,2.8,Ml
198759,2023-05-29 14:55:51,2023-05-29 10:55:51,13 km al SE de Quillagua,-21.757,-69.463,73.0,3.1,Ml
198761,2023-05-29 15:00:55,2023-05-29 11:00:55,69 km al SE de Socaire,-24.054,-67.435,254.0,3.1,Ml
198769,2023-05-29 16:36:06,2023-05-29 12:36:06,63 km al SE de Socaire,-24.051,-67.531,243.0,3.3,Ml
198774,2023-05-29 17:41:01,2023-05-29 13:41:01,16 km al SO de Ollagüe,-21.296,-68.388,125.0,2.7,Ml
198784,2023-05-29 19:14:59,2023-05-29 15:14:59,41 km al O de Castro,-42.515,-74.259,35.0,3.2,Ml
198787,2023-05-29 19:36:45,2023-05-29 15:36:45,45 km al E de Calama,-22.426,-68.497,105.0,3.2,Ml
198796,2023-05-29 21:11:31,2023-05-29 17:11:31,19 km al NO de Cabrero,-36.892,-72.516,42.0,2.7,Ml
198799,2023-05-29 22:10:49,2023-05-29 18:10:49,28 km al E de Cuya,-19.104,-69.917,50.0,2.6,Ml
198804,2023-05-29 22:47:32,2023-05-29 18:47:32,64 km al SE de Socaire,-24.072,-67.54,253.0,2.9,Ml
198805,2023-05-29 22:49:19,2023-05-29 18:49:19,147 km al NO de Bahía Mansa,-39.731,-75.054,7.0,2.9,Ml
198806,2023-05-29 23:21:54,2023-05-29 19:21:54,51 km al N de Calama,-22.033,-68.794,105.0,3.3,Ml
198821,2023-05-30 03:32:04,2023-05-29 23:32:04,33 km al SE de Tacna,-18.265,-70.082,96.0,3.7,Ml
198824,2023-05-30 03:42:15,2023-05-29 23:42:15,55 km al N de Chañaral.,-25.883,-70.811,36.0,2.8,Ml
198826,2023-05-30 03:53:04,2023-05-29 23:53:04,33 km al SO de Ollagüe,-21.459,-68.444,130.0,3.6,Ml
198834,2023-05-30 04:35:01,2023-05-30 00:35:01,225 km al SO de Ushuaia,-56.717,-69.353,10.0,4.8,Mw
198832,2023-05-30 04:35:56,2023-05-30 00:35:56,161 km al NO de Arauco,-36.5,-74.871,32.0,3.0,Ml
198845,2023-05-30 06:03:55,2023-05-30 02:03:55,88 km al SE de Socaire,-24.143,-67.269,248.0,3.5,Ml
198847,2023-05-30 06:27:40,2023-05-30 02:27:40,3 km al E de San Pedro de Atacama,-22.911,-68.172,151.0,3.1,Ml
198849,2023-05-30 06:35:16,2023-05-30 02:35:16,7 km al NO de La Higuera,-29.471,-71.253,48.0,4.2,Ml
198856,2023-05-30 07:07:22,2023-05-30 03:07:22,42 km al O de Ollagüe,-21.275,-68.654,120.0,2.5,Ml
198858,2023-05-30 07:17:13,2023-05-30 03:17:13,19 km al NE de Farellones,-33.21,-70.203,120.0,3.5,Ml
198860,2023-05-30 07:33:24,2023-05-30 03:33:24,25 km al NO de Los Vilos,-31.707,-71.63,34.0,2.7,Ml
198863,2023-05-30 08:11:14,2023-05-30 04:11:14,38 km al SE de Sierra Gorda.,-23.132,-69.04,116.0,2.5,Ml
198866,2023-05-30 08:20:27,2023-05-30 04:20:27,73 km al SE de Socaire,-24.091,-67.42,240.0,3.6,Ml
198870,2023-05-30 09:11:27,2023-05-30 05:11:27,28 km al SO de Los Vilos,-32.121,-71.671,66.0,3.0,Ml
198875,2023-05-30 11:30:06,2023-05-30 07:30:06,238 km al S de Puerto Williams,-57.077,-67.565,10.0,4.2,Mw
198877,2023-05-30 11:39:01,2023-05-30 07:39:01,46 km al S de Tocopilla,-22.505,-70.263,41.0,3.9,Ml
198881,2023-05-30 12:18:12,2023-05-30 08:18:12,129 km al NE de Socaire,-22.951,-66.836,315.0,3.9,Ml
198883,2023-05-30 12:25:37,2023-05-30 08:25:37,69 km al NE de Calama,-21.968,-68.54,6.0,3.8,Ml
198889,2023-05-30 14:31:56,2023-05-30 10:31:56,13 km al N de Vallenar,-28.457,-70.77,58.0,2.6,Ml
198892,2023-05-30 15:31:37,2023-05-30 11:31:37,56 km al SE de Socaire,-23.981,-67.537,257.0,2.9,Ml
198894,2023-05-30 15:42:22,2023-05-30 11:42:22,33 km al SE de Talca,-35.605,-71.368,88.0,2.7,Ml
198898,2023-05-30 15:48:06,2023-05-30 11:48:06,24 km al SO de Panguipulli,-39.749,-72.568,79.0,2.6,Ml
198899,2023-05-30 16:11:23,2023-05-30 12:11:23,42 km al SO de Los Vilos,-32.242,-71.727,16.0,3.2,Ml
198908,2023-05-30 16:51:37,2023-05-30 12:51:37,64 km al SO de Alto Hospicio,-20.647,-70.568,41.0,5.4,Mw
198912,2023-05-30 17:02:06,2023-05-30 13:02:06,66 km al SO de Alto Hospicio,-20.656,-70.579,41.0,2.9,Ml
198915,2023-05-30 17:27:01,2023-05-30 13:27:01,22 km al E de El Salvador,-26.252,-69.396,6.0,2.9,Ml
198918,2023-05-30 17:43:20,2023-05-30 13:43:20,80 km al SE de Socaire,-24.08,-67.31,180.0,3.1,Ml
198931,2023-05-30 18:15:49,2023-05-30 14:15:49,208 km al O de Cobquecura,-35.547,-74.988,16.0,4.2,Ml
198929,2023-05-30 18:15:57,2023-05-30 14:15:57,61 km al SO de Alto Hospicio,-20.636,-70.54,43.0,2.8,Ml
198950,2023-05-30 20:15:37,2023-05-30 16:15:37,45 km al O de Taltal,-25.416,-70.93,39.0,2.6,Ml
198965,2023-05-30 23:06:26,2023-05-30 19:06:26,42 km al E de Pisagua,-19.671,-69.822,36.0,3.4,Ml
198971,2023-05-31 00:20:47,2023-05-30 20:20:47,35 km al SE de Pica,-20.697,-69.077,94.0,2.7,Ml
198977,2023-05-31 01:18:03,2023-05-30 21:18:03,12 km al NO de La Higuera,-29.465,-71.311,52.0,2.7,Ml
198978,2023-05-31 01:55:36,2023-05-30 21:55:36,26 km al NO de Mina Collahuasi,-20.72,-68.882,106.0,2.8,Ml
198992,2023-05-31 05:19:52,2023-05-31 01:19:52,52 km al NO de Constitución,-34.923,-72.682,21.0,2.8,Ml
198994,2023-05-31 05:23:23,2023-05-31 01:23:23,44 km al NO de Putre,-17.886,-69.825,138.0,2.8,Ml
198999,2023-05-31 06:19:38,2023-05-31 02:19:38,163 km al O de Cobquecura,-35.567,-74.46,11.0,3.2,Ml
199010,2023-05-31 08:17:44,2023-05-31 04:17:44,80 km al NE de San Pedro de Atacama,-22.322,-67.767,193.0,2.8,Ml
199011,2023-05-31 08:30:56,2023-05-31 04:30:56,51 km al E de Mina Los Pelambres,-31.976,-70.08,130.0,3.5,Ml
199013,2023-05-31 08:34:18,2023-05-31 04:34:18,36 km al S de Mina Collahuasi,-21.145,-68.597,129.0,2.8,Ml
199014,2023-05-31 08:46:49,2023-05-31 04:46:49,51 km al SO de San Pedro de Atacama,-23.132,-68.637,105.0,2.8,Ml
199016,2023-05-31 08:48:29,2023-05-31 04:48:29,62 km al SO de Alto Hospicio,-20.635,-70.554,40.0,2.9,Ml
199017,2023-05-31 08:49:39,2023-05-31 04:49:39,36 km al NE de Termas del Flaco,-34.666,-70.273,139.0,2.6,Ml
199019,2023-05-31 09:06:31,2023-05-31 05:06:31,62 km al SO de Alto Hospicio,-20.643,-70.547,41.0,3.4,Ml
199023,2023-05-31 09:36:27,2023-05-31 05:36:27,57 km al E de Mina La Escondida.,-24.253,-68.498,279.0,3.1,Ml
199039,2023-05-31 15:16:34,2023-05-31 11:16:34,20 km al E de Pica,-20.536,-69.142,106.0,2.9,Ml
199042,2023-05-31 15:53:56,2023-05-31 11:53:56,21 km al N de Camiña,-19.134,-69.491,94.0,2.9,Ml
199050,2023-05-31 17:20:51,2023-05-31 13:20:51,74 km al E de Socaire,-23.365,-67.203,209.0,3.5,Ml
199066,2023-05-31 19:11:52,2023-05-31 15:11:52,42 km al SE de Alto del Carmen,-29.033,-70.191,124.0,2.6,Ml
199068,2023-05-31 19:18:42,2023-05-31 15:18:42,83 km al NO de Tongoy,-29.931,-72.269,42.0,2.8,Ml
199071,2023-05-31 19:37:32,2023-05-31 15:37:32,28 km al S de Mina Collahuasi,-21.08,-68.677,129.0,2.7,Ml
199078,2023-05-31 20:24:17,2023-05-31 16:24:17,39 km al NO de Baquedano,-23.01,-69.985,41.0,2.8,Ml
199080,2023-05-31 20:49:19,2023-05-31 16:49:19,65 km al SE de Socaire,-23.992,-67.432,246.0,3.0,Ml
199088,2023-06-01 00:19:29,2023-05-31 20:19:29,51 km al O de San Pedro de Atacama,-22.954,-68.693,94.0,2.7,Ml
199094,2023-06-01 01:35:08,2023-05-31 21:35:08,41 km al O de La Higuera,-29.588,-71.617,66.0,3.0,Ml
199100,2023-06-01 03:52:46,2023-05-31 23:52:46,50 km al NE de Ollagüe,-20.805,-68.07,173.0,3.4,Ml
199104,2023-06-01 04:56:00,2023-06-01 00:56:00,77 km al SE de Socaire,-24.162,-67.456,206.0,3.5,Ml
199106,2023-06-01 05:23:01,2023-06-01 01:23:01,55 km al S de Camiña,-19.793,-69.564,63.0,2.5,Ml
199109,2023-06-01 05:57:41,2023-06-01 01:57:41,10 km al N de Pisagua,-19.511,-70.218,51.0,2.7,Ml
199118,2023-06-01 07:55:18,2023-06-01 03:55:18,39 km al SO de Los Vilos,-32.145,-71.818,25.0,3.0,Ml
199120,2023-06-01 08:02:56,2023-06-01 04:02:56,69 km al SE de Socaire,-24.098,-67.495,254.0,3.0,Ml
199121,2023-06-01 08:18:57,2023-06-01 04:18:57,58 km al SO de Ollagüe,-21.697,-68.48,133.0,2.7,Ml
199123,2023-06-01 08:32:18,2023-06-01 04:32:18,14 km al E de Calama,-22.44,-68.801,98.0,2.5,Ml
199130,2023-06-01 11:44:44,2023-06-01 07:44:44,65 km al S de Mina La Escondida.,-24.838,-68.892,133.0,3.4,Ml
199132,2023-06-01 12:00:52,2023-06-01 08:00:52,44 km al O de Mina Collahuasi,-20.911,-69.076,108.0,2.5,Ml
199134,2023-06-01 12:17:03,2023-06-01 08:17:03,35 km al E de Cuya,-19.256,-69.861,77.0,3.2,Ml
199137,2023-06-01 13:15:50,2023-06-01 09:15:50,29 km al O de Ollagüe,-21.157,-68.519,137.0,2.5,Ml
199139,2023-06-01 13:44:44,2023-06-01 09:44:44,29 km al NO de Iquique,-20.058,-70.377,36.0,2.6,Ml
199143,2023-06-01 15:12:23,2023-06-01 11:12:23,35 km al NO de Carrizal Bajo,-27.79,-71.285,33.0,3.1,Ml
199151,2023-06-01 17:33:02,2023-06-01 13:33:02,60 km al SO de Caldera,-27.447,-71.258,46.0,2.6,Ml
199156,2023-06-01 18:06:03,2023-06-01 14:06:03,28 km al E de Calama,-22.532,-68.67,109.0,3.3,Ml
199164,2023-06-01 18:07:14,2023-06-01 14:07:14,54 km al NO de Quillagua,-21.331,-69.917,56.0,3.0,Ml
199160,2023-06-01 18:17:44,2023-06-01 14:17:44,32 km al N de Calama,-22.191,-68.996,119.0,2.5,Ml
199174,2023-06-01 21:32:38,2023-06-01 17:32:38,33 km al S de Cobquecura,-36.422,-72.721,27.0,2.8,Ml
199179,2023-06-01 22:32:54,2023-06-01 18:32:54,113 km al E de Socaire,-23.925,-66.839,223.0,4.1,Ml
199181,2023-06-01 23:15:22,2023-06-01 19:15:22,7 km al NE de Vichuquén,-34.848,-71.934,41.0,3.1,Ml
199184,2023-06-01 23:46:10,2023-06-01 19:46:10,31 km al SO de Ollagüe,-21.455,-68.426,124.0,3.1,Ml
199190,2023-06-02 00:59:01,2023-06-01 20:59:01,70 km al S de Ollagüe,-21.811,-68.494,116.0,2.7,Ml
199191,2023-06-02 01:18:41,2023-06-01 21:18:41,65 km al SE de Socaire,-24.077,-67.533,239.0,3.0,Ml
199192,2023-06-02 01:22:21,2023-06-01 21:22:21,34 km al O de Ollagüe,-21.211,-68.586,113.0,2.7,Ml
199201,2023-06-02 04:33:32,2023-06-02 00:33:32,73 km al S de Antofagasta,-24.295,-70.474,25.0,3.4,Ml
199204,2023-06-02 05:08:49,2023-06-02 01:08:49,63 km al SO de Copiapó,-27.667,-70.877,45.0,2.5,Ml
199206,2023-06-02 05:19:01,2023-06-02 01:19:01,47 km al NO de Canela Baja,-31.098,-71.799,22.0,2.5,Ml
199213,2023-06-02 07:04:12,2023-06-02 03:04:12,61 km al SO de Ollagüe,-21.701,-68.555,139.0,2.7,Ml
199216,2023-06-02 07:34:43,2023-06-02 03:34:43,32 km al O de Punitaqui,-30.887,-71.585,55.0,2.5,Ml
199227,2023-06-02 10:54:06,2023-06-02 06:54:06,45 km al SO de Mina Collahuasi,-21.11,-68.971,111.0,2.8,Ml
199234,2023-06-02 14:41:57,2023-06-02 10:41:57,105 km al SE de Ollagüe,-21.989,-67.658,201.0,3.0,Ml
199242,2023-06-02 16:02:14,2023-06-02 12:02:14,11 km al O de Tongoy,-30.278,-71.602,30.0,2.9,Ml
199254,2023-06-02 17:31:26,2023-06-02 13:31:26,14 km al NO de Vallenar,-28.456,-70.819,51.0,2.7,Ml
199257,2023-06-02 17:33:26,2023-06-02 13:33:26,43 km al SE de Mina Los Pelambres,-32.067,-70.234,120.0,2.8,Ml
199277,2023-06-02 19:41:51,2023-06-02 15:41:51,21 km al NE de Mina Los Pelambres,-31.695,-70.425,131.0,3.8,Ml
199279,2023-06-02 20:16:59,2023-06-02 16:16:59,8 km al NE de Calama,-22.411,-68.882,96.0,2.8,Ml
199282,2023-06-02 21:17:40,2023-06-02 17:17:40,52 km al N de Chañaral,-25.91,-70.447,74.0,3.2,Ml
199290,2023-06-02 22:25:31,2023-06-02 18:25:31,98 km al O de San Antonio de los Cobres,-24.362,-67.275,183.0,3.7,Ml
199291,2023-06-02 22:44:36,2023-06-02 18:44:36,31 km al NE de Calama,-22.245,-68.747,120.0,3.1,Ml
199295,2023-06-02 23:25:36,2023-06-02 19:25:36,50 km al S de Mina Collahuasi,-21.27,-68.757,112.0,2.8,Ml
199316,2023-06-03 01:20:31,2023-06-02 21:20:31,26 km al SO de El Salvador,-26.427,-69.784,83.0,2.8,Ml
199320,2023-06-03 02:04:49,2023-06-02 22:04:49,17 km al SO de Combarbalá,-31.31,-71.098,79.0,2.8,Ml
199355,2023-06-03 10:08:35,2023-06-03 06:08:35,27 km al NO de Mina Collahuasi,-20.72,-68.889,109.0,5.0,Mw
199363,2023-06-03 12:51:19,2023-06-03 08:51:19,17 km al SO de Punitaqui,-30.903,-71.415,60.0,2.6,Ml
199366,2023-06-03 13:41:40,2023-06-03 09:41:40,45 km al SO de Mina Collahuasi,-21.05,-69.015,105.0,2.7,Ml
199370,2023-06-03 14:12:58,2023-06-03 10:12:58,88 km al S de Ilo,-18.436,-71.361,39.0,4.4,Mw
199373,2023-06-03 14:54:23,2023-06-03 10:54:23,42 km al SO de Mina Collahuasi,-21.09,-68.944,105.0,3.4,Ml
199381,2023-06-03 17:05:33,2023-06-03 13:05:33,24 km al N de La Higuera,-29.301,-71.222,48.0,3.2,Ml
199401,2023-06-03 19:59:05,2023-06-03 15:59:05,63 km al S de Ollagüe,-21.76,-68.458,124.0,2.8,Ml
199404,2023-06-03 20:26:02,2023-06-03 16:26:02,69 km al SO de Ollagüe,-21.802,-68.494,123.0,3.5,Ml
199409,2023-06-03 22:01:33,2023-06-03 18:01:33,106 km al O de Arica,-18.642,-71.313,19.0,2.9,Ml
199411,2023-06-03 23:20:51,2023-06-03 19:20:51,31 km al N de Vallenar,-28.299,-70.804,63.0,2.5,Ml
199412,2023-06-03 23:41:56,2023-06-03 19:41:56,117 km al O de Iquique,-20.144,-71.273,30.0,2.7,Ml
199414,2023-06-04 00:04:17,2023-06-03 20:04:17,37 km al SO de Canela Baja,-31.565,-71.792,21.0,2.7,Ml
199415,2023-06-04 00:08:21,2023-06-03 20:08:21,8 km al S de La Serena,-29.971,-71.23,62.0,2.8,Ml
199417,2023-06-04 00:12:45,2023-06-03 20:12:45,37 km al O de Socaire,-23.53,-68.247,121.0,2.9,Ml
199423,2023-06-04 00:51:54,2023-06-03 20:51:54,26 km al SE de Pica,-20.623,-69.124,105.0,2.7,Ml
199427,2023-06-04 01:41:25,2023-06-03 21:41:25,44 km al SO de Mina Collahuasi,-21.158,-68.886,116.0,2.5,Ml
199439,2023-06-04 05:00:37,2023-06-04 01:00:37,38 km al SE de Baquedano,-23.603,-69.612,83.0,3.6,Ml
199442,2023-06-04 05:46:12,2023-06-04 01:46:12,8 km al NE de Sierra Gorda.,-22.835,-69.273,85.0,2.7,Ml
199444,2023-06-04 06:05:28,2023-06-04 02:05:28,12 km al O de Socaire,-23.571,-68.007,135.0,4.6,Mw
199446,2023-06-04 06:13:47,2023-06-04 02:13:47,28 km al SE de Cuya,-19.261,-69.939,73.0,2.9,Ml
199450,2023-06-04 07:30:43,2023-06-04 03:30:43,17 km al N de Vallenar,-28.419,-70.778,76.0,4.3,Mw
199452,2023-06-04 08:45:03,2023-06-04 04:45:03,18 km al NE de Mejillones,-22.971,-70.34,22.0,4.0,Ml
199459,2023-06-04 10:05:27,2023-06-04 06:05:27,11 km al O de Camiña,-19.313,-69.529,88.0,2.9,Ml
199466,2023-06-04 12:05:01,2023-06-04 08:05:01,24 km al O de La Ligua,-32.453,-71.485,63.0,2.8,Ml
199473,2023-06-04 13:30:07,2023-06-04 09:30:07,16 km al SO de Baquedano,-23.434,-69.956,36.0,3.0,Ml
199478,2023-06-04 15:26:38,2023-06-04 11:26:38,42 km al SO de Punta de Choros,-29.494,-71.791,48.0,3.2,Ml
199482,2023-06-04 16:02:29,2023-06-04 12:02:29,9 km al NO de Punitaqui,-30.761,-71.306,63.0,3.9,Ml
199486,2023-06-04 17:07:41,2023-06-04 13:07:41,32 km al NO de Pisagua,-19.379,-70.407,19.0,2.7,Ml
199489,2023-06-04 17:23:10,2023-06-04 13:23:10,31 km al SO de Los Vilos,-32.069,-71.787,40.0,2.8,Ml
199492,2023-06-04 18:09:03,2023-06-04 14:09:03,7 km al E de Pica,-20.466,-69.264,112.0,3.9,Ml
199506,2023-06-04 21:25:36,2023-06-04 17:25:36,27 km al E de Calama,-22.445,-68.669,108.0,3.1,Ml
199507,2023-06-04 21:46:34,2023-06-04 17:46:34,29 km al O de Mina Collahuasi,-20.722,-68.917,111.0,3.8,Ml
199512,2023-06-04 23:21:49,2023-06-04 19:21:49,56 km al NE de El Salvador,-25.824,-69.312,110.0,2.7,Ml
199513,2023-06-04 23:24:59,2023-06-04 19:24:59,50 km al SO de San Pedro de Atacama,-23.114,-68.642,99.0,2.9,Ml
199517,2023-06-05 00:01:20,2023-06-04 20:01:20,61 km al SO de Ollagüe,-21.539,-68.735,150.0,3.4,Ml
199523,2023-06-05 00:31:40,2023-06-04 20:31:40,5 km al SO de Calama,-22.498,-68.973,94.0,3.0,Ml
199527,2023-06-05 01:10:10,2023-06-04 21:10:10,45 km al O de Punitaqui,-30.884,-71.723,46.0,2.7,Ml
199528,2023-06-05 01:11:42,2023-06-04 21:11:42,19 km al S de Salamanca,-31.945,-71.033,83.0,2.9,Ml
199531,2023-06-05 01:23:55,2023-06-04 21:23:55,70 km al O de Cobquecura,-36.094,-73.571,38.0,2.5,Ml
199536,2023-06-05 02:51:33,2023-06-04 22:51:33,31 km al O de Tocopilla,-22.138,-70.499,6.0,2.7,Ml
199539,2023-06-05 04:04:49,2023-06-05 00:04:49,42 km al S de Alto del Carmen,-29.127,-70.597,89.0,3.2,Ml
199544,2023-06-05 04:45:14,2023-06-05 00:45:14,120 km al SE de Socaire,-24.122,-66.864,220.0,3.6,Ml
199545,2023-06-05 04:54:12,2023-06-05 00:54:12,14 km al O de Ovalle,-30.647,-71.339,52.0,2.8,Ml
199548,2023-06-05 05:24:25,2023-06-05 01:24:25,106 km al SE de Socaire,-24.217,-67.11,208.0,3.9,Ml
199552,2023-06-05 06:41:22,2023-06-05 02:41:22,129 km al O de Lebu,-37.973,-75.045,20.0,3.5,Ml
199553,2023-06-05 06:53:33,2023-06-05 02:53:33,8 km al NE de Ollagüe,-21.18,-68.199,24.0,3.1,Ml
199555,2023-06-05 06:55:11,2023-06-05 02:55:11,33 km al NO de Taltal,-25.238,-70.758,44.0,2.9,Ml
199561,2023-06-05 09:45:19,2023-06-05 05:45:19,19 km al SE de La Higuera,-29.666,-71.126,29.0,2.8,Ml
199569,2023-06-05 12:18:44,2023-06-05 08:18:44,48 km al SE de Sierra Gorda.,-23.128,-68.916,98.0,2.8,Ml
199571,2023-06-05 12:25:31,2023-06-05 08:25:31,63 km al SE de Mina La Escondida.,-24.636,-68.581,134.0,2.9,Ml
199576,2023-06-05 14:01:37,2023-06-05 10:01:37,38 km al SE de Pica,-20.71,-69.053,105.0,2.9,Ml
199578,2023-06-05 14:23:19,2023-06-05 10:23:19,62 km al SO de Mina Collahuasi,-21.255,-69.038,110.0,3.2,Ml
199584,2023-06-05 14:54:43,2023-06-05 10:54:43,33 km al SO de Huasco,-28.732,-71.362,32.0,3.2,Ml
199590,2023-06-05 16:54:51,2023-06-05 12:54:51,22 km al S de Tacna,-18.216,-70.234,83.0,3.8,Ml
199595,2023-06-05 18:23:43,2023-06-05 14:23:43,32 km al E de Pica,-20.597,-69.044,106.0,3.2,Ml
199602,2023-06-05 19:24:54,2023-06-05 15:24:54,13 km al S de Visviri,-17.714,-69.507,160.0,2.9,Ml
199609,2023-06-05 20:47:50,2023-06-05 16:47:50,27 km al N de Pichilemu,-34.147,-72.058,51.0,2.7,Ml
199613,2023-06-05 21:06:09,2023-06-05 17:06:09,44 km al SE de Copiapó,-27.584,-69.965,92.0,3.6,Ml
199618,2023-06-05 21:33:58,2023-06-05 17:33:58,51 km al NO de Quillagua,-21.42,-69.952,79.0,4.3,Mw
199652,2023-06-06 05:50:29,2023-06-06 01:50:29,29 km al NO de Ollagüe,-21.083,-68.485,120.0,2.8,Ml
199657,2023-06-06 06:13:23,2023-06-06 02:13:23,20 km al SE de Sierra Gorda.,-22.981,-69.137,86.0,2.9,Ml
199664,2023-06-06 08:59:54,2023-06-06 04:59:54,23 km al E de Sierra Gorda,-22.886,-69.095,104.0,2.7,Ml
199666,2023-06-06 09:12:18,2023-06-06 05:12:18,47 km al SO de Camiña,-19.596,-69.758,61.0,3.5,Ml
199670,2023-06-06 09:29:46,2023-06-06 05:29:46,71 km al NE de Calama,-21.988,-68.478,112.0,3.0,Ml
199672,2023-06-06 09:48:38,2023-06-06 05:48:38,6 km al SO de Camiña,-19.364,-69.456,92.0,2.6,Ml
199675,2023-06-06 10:26:26,2023-06-06 06:26:26,47 km al SO de Mina Collahuasi,-21.15,-68.945,100.0,3.2,Ml
199680,2023-06-06 13:02:02,2023-06-06 09:02:02,47 km al NE de Calama,-22.241,-68.548,118.0,2.9,Ml
199682,2023-06-06 13:49:50,2023-06-06 09:49:50,66 km al N de Mina La Escondida,-23.706,-69.267,93.0,2.5,Ml
199685,2023-06-06 14:09:23,2023-06-06 10:09:23,73 km al SO de Ollagüe,-21.736,-68.698,121.0,2.9,Ml
199687,2023-06-06 14:15:28,2023-06-06 10:15:28,61 km al NO de Concepción,-36.397,-73.475,29.0,3.3,Ml
199689,2023-06-06 14:59:35,2023-06-06 10:59:35,35 km al S de Mina Collahuasi,-21.142,-68.694,115.0,2.5,Ml
199694,2023-06-06 16:23:45,2023-06-06 12:23:45,88 km al E de Socaire,-23.282,-67.093,239.0,4.1,Ml
199695,2023-06-06 16:30:23,2023-06-06 12:30:23,35 km al SO de Ollagüe,-21.507,-68.397,127.0,2.9,Ml
199703,2023-06-06 17:34:03,2023-06-06 13:34:03,136 km al NO de Arauco,-36.677,-74.674,31.0,3.4,Ml
199704,2023-06-06 17:41:53,2023-06-06 13:41:53,59 km al NO de Quillagua,-21.303,-69.96,56.0,4.3,Ml
199709,2023-06-06 17:57:54,2023-06-06 13:57:54,84 km al SE de Socaire,-23.908,-67.145,184.0,3.0,Ml
199710,2023-06-06 18:00:57,2023-06-06 14:00:57,46 km al SO de Los Vilos,-32.282,-71.733,32.0,2.9,Ml
199712,2023-06-06 18:04:17,2023-06-06 14:04:17,21 km al O de El Tabo,-33.408,-71.891,35.0,2.9,Ml
199713,2023-06-06 18:06:01,2023-06-06 14:06:01,53 km al NO de Lebu,-37.284,-74.094,17.0,3.3,Ml
199717,2023-06-06 18:24:00,2023-06-06 14:24:00,2 km al NE de Temuco,-38.731,-72.571,58.0,2.8,Ml
199719,2023-06-06 18:44:02,2023-06-06 14:44:02,39 km al E de Copiapó,-27.377,-69.936,103.0,3.4,Ml
199722,2023-06-06 18:44:11,2023-06-06 14:44:11,55 km al S de Termas del Flaco,-35.453,-70.402,159.0,3.1,Ml
199723,2023-06-06 18:52:44,2023-06-06 14:52:44,23 km al NO de La Higuera,-29.405,-71.406,54.0,2.5,Ml
199728,2023-06-06 20:16:19,2023-06-06 16:16:19,32 km al E de San Fernando,-34.497,-70.657,114.0,3.4,Ml
199733,2023-06-06 20:24:38,2023-06-06 16:24:38,48 km al SO de San Pedro de Atacama,-23.261,-68.489,122.0,4.0,Ml
199736,2023-06-06 20:35:20,2023-06-06 16:35:20,23 km al E de Pica,-20.407,-69.125,104.0,3.1,Ml
199738,2023-06-06 20:56:35,2023-06-06 16:56:35,50 km al SE de Alto del Carmen,-29.016,-70.059,117.0,3.0,Ml
199741,2023-06-06 21:23:21,2023-06-06 17:23:21,39 km al S de Ollagüe,-21.552,-68.379,135.0,3.4,Ml
199746,2023-06-06 22:07:35,2023-06-06 18:07:35,63 km al O de Lebu,-37.518,-74.357,30.0,2.6,Ml
199748,2023-06-06 23:28:52,2023-06-06 19:28:52,91 km al NO de Tongoy,-29.672,-72.157,20.0,2.8,Ml
199751,2023-06-07 01:17:11,2023-06-06 21:17:11,38 km al NO de Patache,-20.636,-70.517,44.0,3.4,Ml
199756,2023-06-07 01:47:28,2023-06-06 21:47:28,49 km al O de La Ligua,-32.511,-71.751,35.0,4.3,Ml
199768,2023-06-07 04:47:51,2023-06-07 00:47:51,107 km al O de Huasco,-28.709,-72.285,39.0,2.7,Ml
199772,2023-06-07 06:40:07,2023-06-07 02:40:07,66 km al S de Socaire,-24.173,-67.788,238.0,2.9,Ml
199773,2023-06-07 06:45:09,2023-06-07 02:45:09,50 km al N de Mejillones,-22.648,-70.481,41.0,2.6,Ml
199777,2023-06-07 07:37:24,2023-06-07 03:37:24,40 km al S de Pica,-20.841,-69.255,104.0,2.9,Ml
199779,2023-06-07 07:57:52,2023-06-07 03:57:52,40 km al SO de Mina Collahuasi,-21.106,-68.907,111.0,3.1,Ml
199781,2023-06-07 07:59:21,2023-06-07 03:59:21,16 km al S de Canela Baja,-31.537,-71.492,45.0,2.5,Ml
199784,2023-06-07 09:37:33,2023-06-07 05:37:33,55 km al NO de Quillagua,-21.306,-69.9,53.0,3.3,Ml
199790,2023-06-07 11:29:15,2023-06-07 07:29:15,29 km al SO de Los Vilos,-32.089,-71.739,34.0,3.3,Ml
199794,2023-06-07 12:40:57,2023-06-07 08:40:57,64 km al O de Valparaíso,-33.112,-72.293,23.0,2.5,Ml
199795,2023-06-07 12:55:35,2023-06-07 08:55:35,68 km al SO de Ollagüe,-21.648,-68.725,106.0,3.2,Ml
199798,2023-06-07 13:01:05,2023-06-07 09:01:05,46 km al S de Camiña,-19.723,-69.477,86.0,3.3,Ml
199802,2023-06-07 14:29:53,2023-06-07 10:29:53,43 km al E de Mina Los Pelambres,-31.658,-70.179,149.0,3.1,Ml
199805,2023-06-07 14:54:08,2023-06-07 10:54:08,88 km al O de Cobquecura,-35.796,-73.678,35.0,4.0,Ml
199811,2023-06-07 17:03:18,2023-06-07 13:03:18,37 km al E de Tacna,-18.151,-69.931,109.0,3.4,Ml
199824,2023-06-07 18:49:13,2023-06-07 14:49:13,94 km al O de Cobquecura,-35.84,-73.769,29.0,2.6,Ml
199828,2023-06-07 19:35:34,2023-06-07 15:35:34,47 km al NE de Ollagüe,-20.997,-67.871,177.0,3.8,Ml
199830,2023-06-07 19:37:05,2023-06-07 15:37:05,89 km al O de Cobquecura,-35.818,-73.705,33.0,2.9,Ml
199850,2023-06-08 00:14:34,2023-06-07 20:14:34,10 km al SE de Antofagasta,-23.688,-70.321,25.0,2.9,Ml
199864,2023-06-08 02:45:26,2023-06-07 22:45:26,16 km al O de Caldera,-27.062,-70.979,43.0,2.7,Ml
199869,2023-06-08 04:15:10,2023-06-08 00:15:10,2 km al S de Cuya,-19.179,-70.18,44.0,2.6,Ml
199873,2023-06-08 05:40:58,2023-06-08 01:40:58,51 km al SO de Alto Hospicio,-20.684,-70.315,33.0,3.0,Ml
199879,2023-06-08 07:17:38,2023-06-08 03:17:38,71 km al NO de San Antonio de los Cobres,-23.709,-66.73,200.0,3.0,Ml
199883,2023-06-08 07:50:40,2023-06-08 03:50:40,61 km al NE de Calama,-22.135,-68.459,116.0,3.1,Ml
199886,2023-06-08 09:01:22,2023-06-08 05:01:22,107 km al E de Socaire,-23.205,-66.928,201.0,3.0,Ml
199888,2023-06-08 09:26:20,2023-06-08 05:26:20,26 km al NO de Navidad,-33.795,-72.04,34.0,3.2,Ml
199890,2023-06-08 09:41:45,2023-06-08 05:41:45,10 km al NE de Pica,-20.428,-69.261,87.0,3.1,Ml
199895,2023-06-08 10:20:18,2023-06-08 06:20:18,51 km al SO de Mina Collahuasi,-21.157,-69.002,107.0,2.7,Ml
199898,2023-06-08 10:42:02,2023-06-08 06:42:02,50 km al SE de Mina Los Pelambres,-32.099,-70.164,137.0,2.8,Ml
199903,2023-06-08 12:03:30,2023-06-08 08:03:30,46 km al SO de Mina Collahuasi,-21.165,-68.915,110.0,3.3,Ml
199905,2023-06-08 12:28:23,2023-06-08 08:28:23,17 km al E de Los Vilos,-31.943,-71.337,36.0,2.9,Ml
199908,2023-06-08 12:36:26,2023-06-08 08:36:26,13 km al SE de Los Vilos,-32.023,-71.457,34.0,2.6,Ml
199911,2023-06-08 12:42:20,2023-06-08 08:42:20,32 km al SE de Mina La Escondida,-24.518,-68.9,106.0,3.2,Ml
199912,2023-06-08 12:42:56,2023-06-08 08:42:56,50 km al O de Pisagua,-19.766,-70.658,60.0,2.7,Ml
199913,2023-06-08 12:54:17,2023-06-08 08:54:17,72 km al S de Socaire,-24.212,-68.096,292.0,3.1,Ml
199924,2023-06-08 16:00:12,2023-06-08 12:00:12,33 km al SE de Pica,-20.737,-69.159,111.0,2.9,Ml
199927,2023-06-08 16:08:34,2023-06-08 12:08:34,16 km al S de La Higuera,-29.654,-71.168,36.0,2.5,Ml
199933,2023-06-08 17:31:45,2023-06-08 13:31:45,8 km al SO de Petorca,-32.286,-71.007,86.0,2.5,Ml
199948,2023-06-08 19:32:47,2023-06-08 15:32:47,25 km al O de Mina Collahuasi,-20.837,-68.897,105.0,3.2,Ml
199953,2023-06-08 19:52:06,2023-06-08 15:52:06,60 km al E de Socaire,-23.779,-67.334,270.0,2.9,Ml
199956,2023-06-08 20:07:31,2023-06-08 16:07:31,33 km al S de Mina Collahuasi,-21.111,-68.556,146.0,2.8,Ml
199963,2023-06-08 21:52:56,2023-06-08 17:52:56,71 km al NE de Calama,-21.881,-68.676,128.0,2.6,Ml
199965,2023-06-08 22:20:45,2023-06-08 18:20:45,24 km al SO de Canela Baja,-31.505,-71.676,35.0,3.0,Ml
199971,2023-06-08 23:44:21,2023-06-08 19:44:21,67 km al NE de Calama,-21.977,-68.556,134.0,2.6,Ml
199977,2023-06-09 01:13:29,2023-06-08 21:13:29,60 km al O de Ollagüe,-21.427,-68.79,101.0,2.6,Ml
199982,2023-06-09 03:19:14,2023-06-08 23:19:14,17 km al S de La Serena,-30.045,-71.301,54.0,3.5,Ml
199983,2023-06-09 03:21:44,2023-06-08 23:21:44,99 km al NO de San Antonio de los Cobres,-23.517,-66.914,194.0,4.0,Ml
199988,2023-06-09 04:43:42,2023-06-09 00:43:42,80 km al SE de Sierra Gorda.,-23.426,-68.783,102.0,2.7,Ml
199990,2023-06-09 04:47:46,2023-06-09 00:47:46,44 km al SE de Pica,-20.855,-69.174,110.0,3.0,Ml
199993,2023-06-09 06:04:51,2023-06-09 02:04:51,89 km al O de Cobquecura,-35.802,-73.693,27.0,3.4,Ml
199994,2023-06-09 06:32:45,2023-06-09 02:32:45,70 km al SE de Socaire,-24.029,-67.394,240.0,3.1,Ml
199996,2023-06-09 07:10:45,2023-06-09 03:10:45,49 km al O de Tongoy,-30.381,-71.983,45.0,3.0,Ml
199997,2023-06-09 08:34:15,2023-06-09 04:34:15,58 km al SO de Ollagüe,-21.668,-68.549,133.0,2.8,Ml
200002,2023-06-09 09:58:07,2023-06-09 05:58:07,13 km al S de Santiago,-33.552,-70.632,91.0,3.0,Ml
200004,2023-06-09 09:59:33,2023-06-09 05:59:33,14 km al O de Chañaral,-26.351,-70.764,37.0,2.7,Ml
200006,2023-06-09 10:04:45,2023-06-09 06:04:45,15 km al O de Chañaral.,-26.354,-70.77,36.0,2.8,Ml
200010,2023-06-09 11:08:19,2023-06-09 07:08:19,178 km al N de San Antonio de los Cobres,-22.63,-66.397,253.0,3.6,Ml
200015,2023-06-09 11:55:22,2023-06-09 07:55:22,89 km al NO de Quillagua,-21.198,-70.234,38.0,2.8,Ml
200023,2023-06-09 13:04:15,2023-06-09 09:04:15,109 km al SE de Socaire,-24.242,-67.084,211.0,3.5,Ml
200027,2023-06-09 13:28:14,2023-06-09 09:28:14,38 km al O de Mina Collahuasi,-20.755,-69.019,99.0,2.5,Ml
200030,2023-06-09 13:32:42,2023-06-09 09:32:42,32 km al NO de Los Andes.,-32.575,-70.755,83.0,2.7,Ml
200072,2023-06-09 21:19:30,2023-06-09 17:19:30,29 km al SE de Baquedano,-23.48,-69.605,81.0,4.0,Ml
200075,2023-06-09 22:03:22,2023-06-09 18:03:22,43 km al S de Huasco,-28.838,-71.321,37.0,2.8,Ml
200076,2023-06-09 22:06:17,2023-06-09 18:06:17,33 km al E de Mina Los Pelambres,-31.943,-70.266,133.0,2.5,Ml
200079,2023-06-10 00:23:43,2023-06-09 20:23:43,27 km al SO de Mina Collahuasi,-21.041,-68.781,110.0,2.7,Ml
200082,2023-06-10 00:27:53,2023-06-09 20:27:53,67 km al S de Socaire,-24.189,-67.801,238.0,3.7,Ml
200085,2023-06-10 01:24:21,2023-06-09 21:24:21,81 km al NE de San Pedro de Atacama,-22.268,-67.845,216.0,3.7,Ml
200087,2023-06-10 02:16:09,2023-06-09 22:16:09,62 km al SE de Socaire,-24.062,-67.567,231.0,3.2,Ml
200088,2023-06-10 02:25:56,2023-06-09 22:25:56,45 km al S de Camiña,-19.722,-69.417,87.0,2.6,Ml
200096,2023-06-10 05:12:28,2023-06-10 01:12:28,31 km al NO de Los Vilos,-31.762,-71.792,39.0,2.9,Ml
200100,2023-06-10 05:53:01,2023-06-10 01:53:01,64 km al NE de Calama,-22.056,-68.492,113.0,3.0,Ml
200102,2023-06-10 06:50:35,2023-06-10 02:50:35,41 km al NO de Quillagua,-21.4,-69.814,42.0,2.8,Ml
200105,2023-06-10 07:24:31,2023-06-10 03:24:31,82 km al SE de Socaire,-24.126,-67.341,226.0,4.3,Mw
200107,2023-06-10 07:55:47,2023-06-10 03:55:47,89 km al SE de Socaire,-24.141,-67.262,236.0,4.1,Ml
200111,2023-06-10 08:53:08,2023-06-10 04:53:08,78 km al S de Socaire,-24.283,-68.015,273.0,3.0,Ml
200113,2023-06-10 09:27:33,2023-06-10 05:27:33,47 km al NE de Pica,-20.12,-69.115,91.0,2.5,Ml
200117,2023-06-10 10:41:04,2023-06-10 06:41:04,49 km al SO de Mina Collahuasi,-21.225,-68.854,108.0,3.2,Ml
200125,2023-06-10 13:21:06,2023-06-10 09:21:06,20 km al NO de Punitaqui,-30.731,-71.437,49.0,4.5,Mw
200129,2023-06-10 13:40:53,2023-06-10 09:40:53,26 km al NO de Mina Collahuasi,-20.704,-68.868,111.0,2.5,Ml
200136,2023-06-10 15:06:48,2023-06-10 11:06:48,10 km al N de Quillagua,-21.573,-69.539,6.0,4.5,Mw
200144,2023-06-10 15:33:08,2023-06-10 11:33:08,11 km al N de Quillagua,-21.56,-69.533,18.0,2.8,Ml
200176,2023-06-10 20:35:46,2023-06-10 16:35:46,31 km al NO de Mina Collahuasi,-20.601,-68.826,115.0,2.7,Ml
200189,2023-06-11 00:12:17,2023-06-10 20:12:17,11 km al NE de Ollagüe,-21.133,-68.213,109.0,2.6,Ml
200192,2023-06-11 01:15:46,2023-06-10 21:15:46,52 km al NE de Camiña,-18.953,-69.104,139.0,2.8,Ml
200193,2023-06-11 02:10:43,2023-06-10 22:10:43,30 km al SO de Mina Collahuasi,-20.971,-68.902,105.0,2.6,Ml
200199,2023-06-11 03:35:24,2023-06-10 23:35:24,30 km al S de Mina Collahuasi,-21.1,-68.654,119.0,3.0,Ml
200200,2023-06-11 03:58:00,2023-06-10 23:58:00,13 km al N de Santa Cruz,-34.532,-71.403,64.0,2.8,Ml
200206,2023-06-11 04:57:56,2023-06-11 00:57:56,47 km al SO de Mina Collahuasi,-21.102,-68.995,115.0,4.4,Ml
200211,2023-06-11 05:46:08,2023-06-11 01:46:08,181 km al O de Lebu,-38.017,-75.655,18.0,3.7,Ml
200218,2023-06-11 06:55:34,2023-06-11 02:55:34,30 km al NO de Quillagua,-21.427,-69.683,28.0,3.0,Ml
200220,2023-06-11 07:02:07,2023-06-11 03:02:07,55 km al SO de Los Vilos,-32.263,-71.921,37.0,3.2,Ml
200233,2023-06-11 11:46:37,2023-06-11 07:46:37,55 km al O de Lebu,-37.678,-74.274,27.0,2.5,Ml
200243,2023-06-11 13:11:44,2023-06-11 09:11:44,26 km al O de Putre,-18.275,-69.792,15.0,3.0,Ml
200249,2023-06-11 14:28:47,2023-06-11 10:28:47,21 km al O de La Higuera,-29.521,-71.421,69.0,3.9,Ml
200256,2023-06-11 15:29:12,2023-06-11 11:29:12,8 km al S de Huasco,-28.531,-71.196,45.0,2.6,Ml
200260,2023-06-11 16:10:07,2023-06-11 12:10:07,31 km al SE de Calama,-22.725,-68.809,85.0,2.6,Ml
200262,2023-06-11 16:44:32,2023-06-11 12:44:32,66 km al S de Socaire,-24.166,-67.733,229.0,2.6,Ml
200281,2023-06-11 20:35:24,2023-06-11 16:35:24,51 km al N de Calama,-22.025,-68.812,106.0,4.5,Mw
200294,2023-06-11 22:16:38,2023-06-11 18:16:38,50 km al S de Taltal,-25.839,-70.328,62.0,3.3,Ml
200297,2023-06-11 22:43:53,2023-06-11 18:43:53,37 km al S de Taltal,-25.735,-70.401,25.0,2.6,Ml
200302,2023-06-12 01:42:48,2023-06-11 21:42:48,41 km al O de La Ligua,-32.556,-71.655,39.0,2.8,Ml
200317,2023-06-12 04:25:09,2023-06-12 00:25:09,55 km al SO de Ollagüe,-21.66,-68.508,124.0,3.2,Ml
200327,2023-06-12 05:08:08,2023-06-12 01:08:08,62 km al NE de Vallenar,-28.196,-70.296,54.0,3.3,Ml
200338,2023-06-12 07:51:58,2023-06-12 03:51:58,35 km al NO de Mina Collahuasi,-20.679,-68.958,114.0,3.2,Ml
200348,2023-06-12 08:51:44,2023-06-12 04:51:44,60 km al N de Pica,-19.976,-69.153,96.0,3.4,Ml
200357,2023-06-12 11:08:16,2023-06-12 07:08:16,54 km al NO de Quillagua,-21.316,-69.906,46.0,2.7,Ml
200365,2023-06-12 13:01:34,2023-06-12 09:01:34,23 km al N de Ollagüe,-21.022,-68.303,146.0,3.4,Ml
200367,2023-06-12 14:15:23,2023-06-12 10:15:23,6 km al SO de Linares,-35.885,-71.638,70.0,2.6,Ml
200377,2023-06-12 15:45:32,2023-06-12 11:45:32,32 km al SO de Calama,-22.734,-69.042,108.0,2.8,Ml
200380,2023-06-12 16:46:00,2023-06-12 12:46:00,74 km al NE de Calama,-21.896,-68.574,105.0,2.5,Ml
200386,2023-06-12 18:03:53,2023-06-12 14:03:53,45 km al SO de Los Vilos,-32.262,-71.745,24.0,2.7,Ml
200409,2023-06-12 22:34:40,2023-06-12 18:34:40,40 km al S de Calama,-22.822,-68.877,95.0,3.0,Ml
200410,2023-06-12 22:59:45,2023-06-12 18:59:45,44 km al SO de Mejillones,-23.379,-70.75,41.0,3.2,Ml
200414,2023-06-13 00:29:27,2023-06-12 20:29:27,54 km al SO de Tongoy,-30.482,-71.997,32.0,2.6,Ml
200425,2023-06-13 04:44:37,2023-06-13 00:44:37,53 km al NO de Valdivia,-39.539,-73.75,37.0,2.8,Ml
200430,2023-06-13 05:47:46,2023-06-13 01:47:46,40 km al SE de Pica,-20.815,-69.172,109.0,2.6,Ml
200439,2023-06-13 07:35:17,2023-06-13 03:35:17,45 km al E de Sierra Gorda,-22.921,-68.886,104.0,3.0,Ml
200445,2023-06-13 07:58:57,2023-06-13 03:58:57,38 km al SO de Mina Collahuasi,-20.97,-68.986,108.0,2.8,Ml
200447,2023-06-13 08:21:16,2023-06-13 04:21:16,191 km al NO de Constitución,-34.405,-74.174,16.0,3.2,Ml
200456,2023-06-13 09:47:28,2023-06-13 05:47:28,48 km al SO de Mina Collahuasi,-21.131,-68.982,110.0,2.7,Ml
200457,2023-06-13 10:31:56,2023-06-13 06:31:56,32 km al SO de Mina Collahuasi,-20.976,-68.919,103.0,2.6,Ml
200463,2023-06-13 13:19:16,2023-06-13 09:19:16,8 km al N de Huasco,-28.397,-71.217,50.0,3.2,Ml
200470,2023-06-13 15:00:05,2023-06-13 11:00:05,46 km al SO de Taltal,-25.793,-70.659,37.0,2.7,Ml
200492,2023-06-13 19:51:53,2023-06-13 15:51:53,26 km al NE de Calama,-22.258,-68.816,120.0,3.6,Ml
200498,2023-06-13 21:24:48,2023-06-13 17:24:48,31 km al SE de Termas del Flaco,-35.174,-70.225,163.0,3.0,Ml
200506,2023-06-14 00:10:28,2023-06-13 20:10:28,21 km al N de Colina,-33.015,-70.676,130.0,2.9,Ml
200511,2023-06-14 01:09:55,2023-06-13 21:09:55,49 km al SO de Caldera,-27.478,-71.012,58.0,3.1,Ml
200518,2023-06-14 02:11:58,2023-06-13 22:11:58,22 km al O de Calama,-22.546,-69.126,91.0,3.5,Ml
200520,2023-06-14 02:14:45,2023-06-13 22:14:45,11 km al O de Huasco,-28.485,-71.335,32.0,2.9,Ml
200523,2023-06-14 03:32:34,2023-06-13 23:32:34,18 km al SO de Calama,-22.615,-69.001,111.0,3.0,Ml
200530,2023-06-14 05:28:44,2023-06-14 01:28:44,63 km al NO de Cobquecura,-35.754,-73.314,32.0,3.8,Ml
200534,2023-06-14 05:38:30,2023-06-14 01:38:30,61 km al NO de Cobquecura,-35.752,-73.278,34.0,3.9,Ml
200541,2023-06-14 07:20:18,2023-06-14 03:20:18,62 km al SO de Alto Hospicio,-20.643,-70.538,42.0,3.0,Ml
200543,2023-06-14 07:28:37,2023-06-14 03:28:37,57 km al NO de Cobquecura,-35.781,-73.258,35.0,3.9,Ml
200548,2023-06-14 09:27:10,2023-06-14 05:27:10,21 km al N de Mejillones,-22.914,-70.463,42.0,2.9,Ml
200558,2023-06-14 10:56:09,2023-06-14 06:56:09,57 km al NO de Mejillones,-22.662,-70.731,39.0,2.8,Ml
200560,2023-06-14 11:11:45,2023-06-14 07:11:45,57 km al SO de Ollagüe,-21.554,-68.671,112.0,2.9,Ml
200563,2023-06-14 11:58:39,2023-06-14 07:58:39,27 km al E de Calama,-22.41,-68.673,107.0,2.9,Ml
200569,2023-06-14 14:52:29,2023-06-14 10:52:29,50 km al SO de Ollagüe,-21.58,-68.552,135.0,2.8,Ml
200570,2023-06-14 15:02:46,2023-06-14 11:02:46,42 km al O de Ollagüe,-21.329,-68.643,98.0,2.9,Ml
200572,2023-06-14 15:29:41,2023-06-14 11:29:41,53 km al NO de Cobquecura,-35.812,-73.233,30.0,3.7,Ml
200580,2023-06-14 17:05:36,2023-06-14 13:05:36,79 km al SE de Paihuano,-30.602,-70.031,134.0,2.5,Ml
200582,2023-06-14 17:16:00,2023-06-14 13:16:00,60 km al SO de Ollagüe,-21.721,-68.475,113.0,2.5,Ml
200584,2023-06-14 17:32:42,2023-06-14 13:32:42,54 km al SO de Mina Collahuasi,-21.21,-68.978,95.0,2.9,Ml
200588,2023-06-14 17:41:07,2023-06-14 13:41:07,59 km al S de Mina Collahuasi,-21.333,-68.817,120.0,3.6,Ml
200590,2023-06-14 18:25:05,2023-06-14 14:25:05,34 km al E de Camiña,-19.247,-69.11,119.0,3.4,Ml
200595,2023-06-14 18:40:58,2023-06-14 14:40:58,35 km al N de Cobquecura,-35.816,-72.772,21.0,2.5,Ml
200600,2023-06-14 19:15:09,2023-06-14 15:15:09,62 km al NO de Cobquecura,-35.733,-73.282,29.0,2.9,Ml
200602,2023-06-14 19:18:24,2023-06-14 15:18:24,27 km al N de Los Vilos,-31.678,-71.591,40.0,3.3,Ml
200604,2023-06-14 19:23:07,2023-06-14 15:23:07,101 km al NE de San Pedro de Atacama,-22.162,-67.658,210.0,2.7,Ml
200606,2023-06-14 19:52:12,2023-06-14 15:52:12,15 km al O de Huasco,-28.49,-71.37,21.0,2.7,Ml
200618,2023-06-14 22:51:44,2023-06-14 18:51:44,50 km al SO de Mina Collahuasi,-21.241,-68.845,113.0,3.1,Ml
200620,2023-06-14 23:14:01,2023-06-14 19:14:01,19 km al S de Curicó,-35.154,-71.245,86.0,2.5,Ml
200623,2023-06-14 23:18:55,2023-06-14 19:18:55,29 km al SE de Chillán,-36.81,-71.905,80.0,2.5,Ml
200625,2023-06-15 00:11:34,2023-06-14 20:11:34,47 km al SO de Mina Collahuasi,-21.148,-68.945,111.0,2.9,Ml
200630,2023-06-15 00:51:29,2023-06-14 20:51:29,19 km al O de Canela Baja,-31.452,-71.65,24.0,2.9,Ml
200650,2023-06-15 06:22:17,2023-06-15 02:22:17,18 km al N de Paihuano,-29.868,-70.485,98.0,3.1,Ml
200655,2023-06-15 08:15:52,2023-06-15 04:15:52,26 km al SO de Visviri,-17.712,-69.691,152.0,3.6,Ml
200656,2023-06-15 08:53:14,2023-06-15 04:53:14,25 km al SE de Calama,-22.576,-68.719,103.0,3.3,Ml
200666,2023-06-15 11:30:12,2023-06-15 07:30:12,55 km al SO de Ollagüe,-21.675,-68.474,138.0,2.6,Ml
200667,2023-06-15 11:35:28,2023-06-15 07:35:28,49 km al SO de Mina Collahuasi,-21.174,-68.952,115.0,3.0,Ml
200678,2023-06-15 14:09:32,2023-06-15 10:09:32,52 km al S de Socaire,-24.053,-67.879,285.0,3.2,Ml
200682,2023-06-15 16:06:34,2023-06-15 12:06:34,66 km al SO de Ollagüe,-21.694,-68.637,118.0,3.0,Ml
200683,2023-06-15 16:42:44,2023-06-15 12:42:44,102 km al NE de Socaire,-23.05,-67.081,260.0,3.4,Ml
200684,2023-06-15 17:06:15,2023-06-15 13:06:15,27 km al NE de Mina Los Pelambres,-31.675,-70.354,139.0,3.8,Ml
200699,2023-06-15 19:03:15,2023-06-15 15:03:15,87 km al O de San Antonio de los Cobres,-24.013,-67.146,187.0,3.8,Ml
200697,2023-06-15 19:07:35,2023-06-15 15:07:35,19 km al SE de Pichilemu,-34.514,-71.872,47.0,5.0,Mw
200702,2023-06-15 19:30:35,2023-06-15 15:30:35,1 km al S de Curicó,-34.995,-71.239,78.0,2.5,Ml
200707,2023-06-15 20:09:21,2023-06-15 16:09:21,40 km al E de Socaire,-23.647,-67.503,259.0,2.9,Ml
200722,2023-06-15 23:26:08,2023-06-15 19:26:08,84 km al SE de Socaire,-24.154,-67.347,246.0,3.1,Ml
200725,2023-06-15 23:54:10,2023-06-15 19:54:10,61 km al SE de Socaire,-24.089,-67.65,250.0,3.2,Ml
200727,2023-06-16 01:32:13,2023-06-15 21:32:13,16 km al SE de Camiña,-19.419,-69.325,93.0,2.7,Ml
200730,2023-06-16 02:52:23,2023-06-15 22:52:23,92 km al SE de Socaire,-24.302,-67.437,208.0,3.7,Ml
200732,2023-06-16 03:01:56,2023-06-15 23:01:56,55 km al SO de Mina Collahuasi,-21.163,-69.05,115.0,2.9,Ml
200734,2023-06-16 03:27:26,2023-06-15 23:27:26,51 km al N de Valparaíso,-32.603,-71.748,30.0,2.7,Ml
200739,2023-06-16 05:12:38,2023-06-16 01:12:38,50 km al E de El Salvador,-26.338,-69.132,125.0,3.4,Ml
200741,2023-06-16 05:20:43,2023-06-16 01:20:43,59 km al S de Socaire,-24.112,-67.808,239.0,3.0,Ml
200742,2023-06-16 05:30:01,2023-06-16 01:30:01,6 km al SO de Huasco,-28.505,-71.266,28.0,2.5,Ml
200744,2023-06-16 05:45:03,2023-06-16 01:45:03,58 km al SO de Ollagüe,-21.697,-68.5,131.0,2.6,Ml
200747,2023-06-16 07:09:06,2023-06-16 03:09:06,37 km al S de Huasco,-28.798,-71.28,34.0,3.1,Ml
200749,2023-06-16 07:31:33,2023-06-16 03:31:33,27 km al O de Calama,-22.552,-69.178,85.0,2.7,Ml
200754,2023-06-16 08:40:56,2023-06-16 04:40:56,71 km al O de Tongoy,-30.475,-72.193,35.0,3.4,Ml
200756,2023-06-16 09:07:50,2023-06-16 05:07:50,70 km al O de Tongoy,-30.486,-72.17,33.0,4.1,Ml
200761,2023-06-16 09:38:32,2023-06-16 05:38:32,67 km al O de Tongoy,-30.466,-72.153,34.0,3.6,Ml
200766,2023-06-16 09:54:33,2023-06-16 05:54:33,36 km al SO de Los Vilos,-32.153,-71.773,31.0,2.7,Ml
200769,2023-06-16 10:27:18,2023-06-16 06:27:18,74 km al O de Tongoy,-30.466,-72.222,38.0,3.3,Ml
200772,2023-06-16 11:19:26,2023-06-16 07:19:26,25 km al SO de Ollagüe,-21.389,-68.415,139.0,3.1,Ml
200775,2023-06-16 11:29:28,2023-06-16 07:29:28,66 km al O de Tongoy,-30.475,-72.133,36.0,2.9,Ml
200776,2023-06-16 11:39:35,2023-06-16 07:39:35,56 km al SO de Tongoy,-30.496,-72.008,34.0,2.5,Ml
200779,2023-06-16 12:19:32,2023-06-16 08:19:32,48 km al E de Mina Los Pelambres,-31.801,-70.079,161.0,3.0,Ml
200784,2023-06-16 12:56:09,2023-06-16 08:56:09,32 km al S de Ollagüe,-21.497,-68.146,143.0,2.8,Ml
200786,2023-06-16 12:58:25,2023-06-16 08:58:25,102 km al SE de Socaire,-24.259,-67.211,197.0,4.7,Mw
200791,2023-06-16 13:52:37,2023-06-16 09:52:37,59 km al SO de Ollagüe,-21.647,-68.603,123.0,3.0,Ml
200795,2023-06-16 14:08:08,2023-06-16 10:08:08,60 km al SE de Socaire,-24.09,-67.657,208.0,2.7,Ml
200800,2023-06-16 16:46:12,2023-06-16 12:46:12,42 km al O de La Serena,-29.882,-71.683,32.0,2.8,Ml
200804,2023-06-16 17:03:30,2023-06-16 13:03:30,26 km al E de Calama,-22.384,-68.694,105.0,3.1,Ml
200806,2023-06-16 17:35:54,2023-06-16 13:35:54,58 km al O de Tongoy,-30.474,-72.046,34.0,2.8,Ml
200809,2023-06-16 17:50:49,2023-06-16 13:50:49,48 km al O de Parque Fray Jorge,-30.48,-72.132,35.0,3.0,Ml
200814,2023-06-16 18:19:33,2023-06-16 14:19:33,19 km al NE de Rancagua,-34.022,-70.623,112.0,2.9,Ml
200821,2023-06-16 18:51:14,2023-06-16 14:51:14,111 km al NE de Socaire,-23.016,-66.995,265.0,3.3,Ml
200827,2023-06-16 19:19:41,2023-06-16 15:19:41,39 km al O de Valparaíso,-33.04,-72.029,20.0,3.5,Ml
200838,2023-06-16 20:31:43,2023-06-16 16:31:43,34 km al NE de Calama,-22.252,-68.698,103.0,2.5,Ml
200841,2023-06-16 21:25:06,2023-06-16 17:25:06,28 km al SO de Calama,-22.617,-69.147,128.0,2.5,Ml
200842,2023-06-16 21:30:38,2023-06-16 17:30:38,39 km al S de Sierra Gorda,-23.226,-69.196,91.0,3.0,Ml
200850,2023-06-16 23:03:04,2023-06-16 19:03:04,95 km al NE de Socaire,-22.981,-67.234,290.0,3.2,Ml
200851,2023-06-16 23:20:06,2023-06-16 19:20:06,19 km al NE de Concepción,-36.731,-72.873,40.0,2.8,Ml
200852,2023-06-16 23:48:21,2023-06-16 19:48:21,60 km al SO de Alto Hospicio,-20.63,-70.534,43.0,4.1,Ml
200857,2023-06-17 00:34:01,2023-06-16 20:34:01,24 km al SE de Huasco,-28.663,-71.118,50.0,2.5,Ml
200864,2023-06-17 01:09:16,2023-06-16 21:09:16,81 km al SO de San Pedro de Atacama,-23.443,-68.748,108.0,3.2,Ml
200869,2023-06-17 02:30:22,2023-06-16 22:30:22,70 km al O de Tongoy,-30.479,-72.176,35.0,3.0,Ml
200871,2023-06-17 02:36:18,2023-06-16 22:36:18,84 km al O de Tongoy,-30.432,-72.343,29.0,2.9,Ml
200881,2023-06-17 04:29:44,2023-06-17 00:29:44,90 km al O de Tongoy,-30.425,-72.414,31.0,2.7,Ml
200883,2023-06-17 04:35:42,2023-06-17 00:35:42,34 km al S de Pica,-20.775,-69.215,115.0,3.0,Ml
200895,2023-06-17 06:18:48,2023-06-17 02:18:48,99 km al NE de Socaire,-23.089,-67.084,255.0,4.0,Ml
200897,2023-06-17 06:20:25,2023-06-17 02:20:25,12 km al O de Chañaral,-26.359,-70.741,64.0,3.5,Ml
200899,2023-06-17 07:22:25,2023-06-17 03:22:25,36 km al SE de Calama,-22.635,-68.623,156.0,2.6,Ml
200900,2023-06-17 07:25:23,2023-06-17 03:25:23,45 km al N de Chañaral,-25.947,-70.631,39.0,3.0,Ml
200904,2023-06-17 08:19:25,2023-06-17 04:19:25,40 km al NE de Quillagua,-21.467,-69.206,102.0,3.3,Ml
200907,2023-06-17 09:35:35,2023-06-17 05:35:35,42 km al SO de Mina Collahuasi,-21.088,-68.95,104.0,3.0,Ml
200912,2023-06-17 10:20:09,2023-06-17 06:20:09,66 km al SE de Socaire,-24.112,-67.577,232.0,2.7,Ml
200913,2023-06-17 10:50:12,2023-06-17 06:50:12,46 km al SO de Ollagüe,-21.537,-68.551,124.0,3.6,Ml
200915,2023-06-17 11:18:17,2023-06-17 07:18:17,75 km al S de Socaire,-24.262,-67.958,253.0,2.9,Ml
200926,2023-06-17 13:43:06,2023-06-17 09:43:06,94 km al E de Socaire,-23.354,-67.003,226.0,3.9,Ml
200944,2023-06-17 18:22:59,2023-06-17 14:22:59,55 km al S de Ollagüe,-21.699,-68.399,131.0,3.2,Ml
200948,2023-06-17 18:57:35,2023-06-17 14:57:35,67 km al S de Ollagüe,-21.797,-68.449,116.0,2.5,Ml
200961,2023-06-17 21:42:43,2023-06-17 17:42:43,36 km al SO de Mina Collahuasi,-21.062,-68.898,115.0,3.2,Ml
200965,2023-06-17 22:31:38,2023-06-17 18:31:38,24 km al NE de Curicó,-34.829,-71.053,100.0,4.9,Mw
200972,2023-06-17 22:52:22,2023-06-17 18:52:22,120 km al SO de Tongoy,-30.765,-72.598,27.0,2.8,Ml
200971,2023-06-17 22:52:35,2023-06-17 18:52:35,65 km al SO de Iquique,-20.547,-70.662,39.0,3.8,Ml
200975,2023-06-17 23:12:00,2023-06-17 19:12:00,53 km al SO de Mina Collahuasi,-21.14,-69.046,104.0,3.1,Ml
200977,2023-06-17 23:41:38,2023-06-17 19:41:38,36 km al O de Mina Collahuasi,-20.89,-69.002,115.0,2.8,Ml
200982,2023-06-18 01:20:45,2023-06-17 21:20:45,32 km al O de Ollagüe,-21.229,-68.562,124.0,3.3,Ml
200988,2023-06-18 03:09:21,2023-06-17 23:09:21,41 km al O de Navidad,-34.024,-72.262,24.0,3.0,Ml
200991,2023-06-18 03:58:38,2023-06-17 23:58:38,109 km al N de San Antonio de los Cobres,-23.255,-66.456,266.0,4.5,Mw
200993,2023-06-18 04:17:20,2023-06-18 00:17:20,94 km al O de San Antonio de los Cobres,-24.481,-67.206,193.0,3.4,Ml
200998,2023-06-18 05:44:42,2023-06-18 01:44:42,107 km al NE de Socaire,-23.148,-66.963,233.0,3.6,Ml
200997,2023-06-18 05:47:16,2023-06-18 01:47:16,51 km al NE de Mina La Escondida,-23.867,-68.809,107.0,3.1,Ml
201002,2023-06-18 06:49:59,2023-06-18 02:49:59,102 km al SE de Cabo Raper,-47.566,-74.893,30.0,3.6,Ml
201004,2023-06-18 06:58:30,2023-06-18 02:58:30,61 km al S de Ilo,-18.16,-71.131,36.0,3.5,Ml
201018,2023-06-18 10:29:51,2023-06-18 06:29:51,21 km al S de Huasco,-28.647,-71.179,48.0,3.2,Ml
201024,2023-06-18 11:47:57,2023-06-18 07:47:57,75 km al SE de Antofagasta,-24.245,-70.082,56.0,4.2,Ml
201029,2023-06-18 13:19:40,2023-06-18 09:19:40,31 km al O de Mina Collahuasi,-20.858,-68.951,116.0,2.9,Ml
201037,2023-06-18 15:33:52,2023-06-18 11:33:52,66 km al NO de San Antonio de los Cobres,-23.868,-66.836,217.0,3.1,Ml
201045,2023-06-18 16:26:36,2023-06-18 12:26:36,49 km al NO de Tongoy,-29.982,-71.888,38.0,4.2,Ml
201051,2023-06-18 17:50:26,2023-06-18 13:50:26,17 km al E de Sierra Gorda.,-22.959,-69.167,100.0,3.6,Ml
201053,2023-06-18 17:54:21,2023-06-18 13:54:21,41 km al SO de Los Vilos,-32.244,-71.688,33.0,3.0,Ml
201066,2023-06-18 18:57:12,2023-06-18 14:57:12,34 km al S de Melipilla,-33.986,-71.187,69.0,2.7,Ml
201079,2023-06-18 20:58:13,2023-06-18 16:58:13,117 km al NE de Socaire,-22.959,-66.977,221.0,3.8,Ml
201089,2023-06-19 00:32:01,2023-06-18 20:32:01,45 km al S de Mina Collahuasi,-21.21,-68.809,119.0,2.9,Ml
201095,2023-06-19 02:23:09,2023-06-18 22:23:09,20 km al SO de Calama,-22.63,-69.01,127.0,4.8,Mw
201100,2023-06-19 03:20:24,2023-06-18 23:20:24,46 km al E de Calama,-22.52,-68.486,114.0,2.5,Ml
201102,2023-06-19 03:58:25,2023-06-18 23:58:25,38 km al N de Valparaíso,-32.723,-71.726,27.0,3.4,Ml
201105,2023-06-19 04:03:41,2023-06-19 00:03:41,46 km al NO de Valparaíso,-32.676,-71.825,24.0,2.7,Ml
201112,2023-06-19 06:09:13,2023-06-19 02:09:13,52 km al O de San Pedro de Atacama,-22.954,-68.706,92.0,2.7,Ml
201117,2023-06-19 07:02:52,2023-06-19 03:02:52,52 km al S de Mina Collahuasi,-21.268,-68.811,113.0,2.5,Ml
201120,2023-06-19 07:18:21,2023-06-19 03:18:21,43 km al NE de Calama,-22.149,-68.703,111.0,2.6,Ml
201121,2023-06-19 07:24:48,2023-06-19 03:24:48,47 km al SO de Mina Collahuasi,-21.099,-68.998,113.0,3.0,Ml
201131,2023-06-19 08:53:27,2023-06-19 04:53:27,46 km al SO de Ollagüe,-21.598,-68.444,131.0,3.0,Ml
201133,2023-06-19 09:25:43,2023-06-19 05:25:43,104 km al O de San Antonio de los Cobres,-24.528,-67.29,182.0,3.9,Ml
201135,2023-06-19 09:32:40,2023-06-19 05:32:40,60 km al NE de Calama,-21.995,-68.663,123.0,3.2,Ml
201137,2023-06-19 09:53:50,2023-06-19 05:53:50,68 km al SO de Ollagüe,-21.774,-68.539,125.0,3.3,Ml
201140,2023-06-19 10:24:36,2023-06-19 06:24:36,41 km al NO de Mejillones,-22.785,-70.652,29.0,2.9,Ml
201144,2023-06-19 11:46:13,2023-06-19 07:46:13,51 km al S de Ollagüe,-21.666,-68.388,136.0,3.0,Ml
201152,2023-06-19 13:20:15,2023-06-19 09:20:15,25 km al E de Calama,-22.503,-68.687,114.0,3.1,Ml
201160,2023-06-19 15:48:21,2023-06-19 11:48:21,20 km al S de Mina Los Pelambres,-31.997,-70.62,122.0,3.8,Ml
201178,2023-06-19 18:55:42,2023-06-19 14:55:42,99 km al O de San Antonio de los Cobres,-24.321,-67.292,187.0,3.6,Ml
201179,2023-06-19 18:58:08,2023-06-19 14:58:08,26 km al E de Mina La Escondida,-24.294,-68.804,107.0,3.1,Ml
201186,2023-06-19 20:51:21,2023-06-19 16:51:21,98 km al O de Cobquecura,-35.81,-73.807,31.0,3.6,Ml
201201,2023-06-19 22:08:11,2023-06-19 18:08:11,36 km al SO de Punta de Choros,-29.438,-71.764,44.0,3.6,Ml
201204,2023-06-19 22:29:01,2023-06-19 18:29:01,36 km al SE de Cuya,-19.338,-69.89,3.0,3.5,Ml
201214,2023-06-19 23:55:01,2023-06-19 19:55:01,35 km al S de Mina Collahuasi,-21.139,-68.719,118.0,3.2,Ml
201222,2023-06-20 01:38:47,2023-06-19 21:38:47,74 km al O de Socaire,-23.52,-68.614,110.0,2.9,Ml
201224,2023-06-20 02:22:34,2023-06-19 22:22:34,24 km al SO de Linares,-36.027,-71.732,71.0,2.8,Ml
201227,2023-06-20 02:30:35,2023-06-19 22:30:35,74 km al O de Socaire,-23.583,-68.613,177.0,4.2,Ml
201235,2023-06-20 05:47:34,2023-06-20 01:47:34,24 km al O de Mina Collahuasi,-20.783,-68.887,105.0,2.6,Ml
201249,2023-06-20 09:04:30,2023-06-20 05:04:30,74 km al N de San Pedro de Atacama,-22.267,-68.057,204.0,4.3,Ml
201251,2023-06-20 09:45:59,2023-06-20 05:45:59,29 km al NO de Pozo Almonte,-20.026,-69.914,52.0,2.8,Ml
201261,2023-06-20 12:36:24,2023-06-20 08:36:24,8 km al O de Huasco,-28.447,-71.295,32.0,2.7,Ml
201262,2023-06-20 13:09:18,2023-06-20 09:09:18,62 km al NE de Quillagua,-21.247,-69.131,95.0,2.8,Ml
201272,2023-06-20 15:07:06,2023-06-20 11:07:06,64 km al SO de Alto Hospicio,-20.637,-70.576,41.0,3.0,Ml
201298,2023-06-20 18:53:49,2023-06-20 14:53:49,124 km al O de Tirúa,-38.319,-74.91,16.0,3.1,Ml
201308,2023-06-20 20:28:07,2023-06-20 16:28:07,31 km al E de Pica,-20.4,-69.046,104.0,4.3,Ml
201318,2023-06-20 23:02:08,2023-06-20 19:02:08,60 km al O de Parque Fray Jorge,-30.509,-72.289,17.0,3.2,Ml
201321,2023-06-20 23:22:19,2023-06-20 19:22:19,48 km al O de Ollagüe,-21.258,-68.717,116.0,3.2,Ml
201323,2023-06-21 00:31:38,2023-06-20 20:31:38,39 km al SE de Alto del Carmen,-28.917,-70.13,116.0,2.9,Ml
201341,2023-06-21 03:40:17,2023-06-20 23:40:17,10 km al SE de Constitución,-35.383,-72.321,47.0,3.0,Ml
201344,2023-06-21 03:58:52,2023-06-20 23:58:52,66 km al SE de Socaire,-24.107,-67.566,245.0,3.4,Ml
201354,2023-06-21 04:58:36,2023-06-21 00:58:36,38 km al SO de Ollagüe,-21.454,-68.525,126.0,3.2,Ml
201361,2023-06-21 06:14:26,2023-06-21 02:14:26,21 km al NE de Termas del Flaco,-34.797,-70.312,139.0,3.0,Ml
201369,2023-06-21 08:27:11,2023-06-21 04:27:11,26 km al NE de Pica,-20.381,-69.107,104.0,2.9,Ml
201379,2023-06-21 09:31:50,2023-06-21 05:31:50,42 km al SO de Canela Baja,-31.626,-71.812,22.0,2.9,Ml
201384,2023-06-21 10:34:14,2023-06-21 06:34:14,88 km al SE de Socaire,-24.275,-67.448,216.0,3.2,Ml
201385,2023-06-21 10:51:17,2023-06-21 06:51:17,65 km al SO de Ollagüe,-21.6,-68.733,108.0,3.1,Ml
201388,2023-06-21 11:27:53,2023-06-21 07:27:53,10 km al SE de La Ligua,-32.517,-71.156,87.0,2.9,Ml
201394,2023-06-21 13:00:59,2023-06-21 09:00:59,31 km al NO de Baquedano,-23.088,-69.986,58.0,2.5,Ml
201406,2023-06-21 15:24:40,2023-06-21 11:24:40,42 km al SO de Canela Baja,-31.615,-71.824,25.0,2.7,Ml
201415,2023-06-21 16:19:17,2023-06-21 12:19:17,78 km al SE de Socaire,-24.219,-67.54,216.0,3.8,Ml
201432,2023-06-21 19:04:02,2023-06-21 15:04:02,37 km al NO de Canela Baja,-31.177,-71.748,34.0,2.9,Ml
201451,2023-06-21 21:41:48,2023-06-21 17:41:48,40 km al SO de Vallenar,-28.876,-70.985,72.0,2.7,Ml
201452,2023-06-21 22:42:20,2023-06-21 18:42:20,23 km al O de Mina Collahuasi,-20.755,-68.862,104.0,2.6,Ml
201454,2023-06-21 23:31:35,2023-06-21 19:31:35,31 km al S de Quillagua,-21.936,-69.553,79.0,3.1,Ml
201456,2023-06-21 23:43:44,2023-06-21 19:43:44,71 km al NE de Calama,-21.914,-68.584,127.0,3.3,Ml
201462,2023-06-22 01:49:19,2023-06-21 21:49:19,37 km al S de Mina Collahuasi,-21.145,-68.752,101.0,2.5,Ml
201467,2023-06-22 03:05:12,2023-06-21 23:05:12,23 km al E de Mejillones,-23.082,-70.23,48.0,2.6,Ml
201481,2023-06-22 07:54:28,2023-06-22 03:54:28,31 km al SE de Pichilemu,-34.609,-71.815,46.0,3.1,Ml
201491,2023-06-22 11:48:52,2023-06-22 07:48:52,81 km al O de Arica,-18.37,-71.085,26.0,3.2,Ml
201493,2023-06-22 12:04:32,2023-06-22 08:04:32,15 km al SE de Alto Hospicio,-20.322,-69.975,80.0,2.8,Ml
201499,2023-06-22 15:06:17,2023-06-22 11:06:17,114 km al O de Lebu,-37.376,-74.913,16.0,3.5,Ml
201507,2023-06-22 16:31:26,2023-06-22 12:31:26,50 km al SO de Pica,-20.735,-69.734,34.0,2.8,Ml
201516,2023-06-22 18:21:21,2023-06-22 14:21:21,46 km al NE de Mina Los Pelambres,-31.556,-70.212,129.0,2.5,Ml
201525,2023-06-22 19:12:58,2023-06-22 15:12:58,20 km al SE de Santiago,-33.605,-70.58,101.0,3.2,Ml
201527,2023-06-22 19:21:59,2023-06-22 15:21:59,120 km al O de Navidad,-33.692,-73.089,25.0,2.9,Ml
201540,2023-06-22 23:24:37,2023-06-22 19:24:37,60 km al S de Putre,-18.727,-69.657,99.0,3.6,Ml
201547,2023-06-23 01:40:21,2023-06-22 21:40:21,32 km al SE de Mina Collahuasi,-21.084,-68.527,139.0,3.4,Ml
201553,2023-06-23 03:42:39,2023-06-22 23:42:39,31 km al O de Mina Collahuasi,-20.719,-68.934,104.0,2.6,Ml
201555,2023-06-23 04:05:53,2023-06-23 00:05:53,23 km al NO de Colina,-33.022,-70.782,79.0,2.9,Ml
201561,2023-06-23 06:06:44,2023-06-23 02:06:44,66 km al S de Ilo,-18.234,-71.236,20.0,2.6,Ml
201567,2023-06-23 07:06:24,2023-06-23 03:06:24,65 km al SE de Socaire,-23.949,-67.384,244.0,3.0,Ml
201568,2023-06-23 07:12:03,2023-06-23 03:12:03,35 km al SE de Lebu,-37.76,-73.308,50.0,3.1,Ml
201570,2023-06-23 08:11:59,2023-06-23 04:11:59,24 km al O de Socaire,-23.544,-68.116,131.0,3.0,Ml
201578,2023-06-23 09:57:54,2023-06-23 05:57:54,32 km al O de La Serena,-29.857,-71.582,63.0,2.8,Ml
201580,2023-06-23 10:15:33,2023-06-23 06:15:33,45 km al O de San Pedro de Atacama,-22.921,-68.642,116.0,2.5,Ml
201582,2023-06-23 10:19:50,2023-06-23 06:19:50,2 km al SE de Camiña,-19.322,-69.414,96.0,2.6,Ml
201585,2023-06-23 11:12:16,2023-06-23 07:12:16,76 km al E de Socaire,-23.841,-67.194,262.0,3.5,Ml
201589,2023-06-23 12:43:59,2023-06-23 08:43:59,91 km al E de Socaire,-23.307,-67.055,246.0,2.9,Ml
201592,2023-06-23 14:50:26,2023-06-23 10:50:26,43 km al SO de Los Vilos,-32.173,-71.852,50.0,2.9,Ml
201600,2023-06-23 17:24:24,2023-06-23 13:24:24,59 km al SE de Putre,-18.688,-69.339,116.0,2.6,Ml
201614,2023-06-23 19:23:20,2023-06-23 15:23:20,23 km al NO de La Serena,-29.716,-71.366,52.0,2.5,Ml
201621,2023-06-23 19:54:33,2023-06-23 15:54:33,79 km al S de Antofagasta,-24.346,-70.291,49.0,2.5,Ml
201623,2023-06-23 20:43:49,2023-06-23 16:43:49,87 km al SO de Mina La Escondida.,-24.887,-69.586,77.0,4.1,Ml
201625,2023-06-23 21:08:04,2023-06-23 17:08:04,34 km al N de Sierra Gorda.,-22.597,-69.29,80.0,3.0,Ml
201631,2023-06-23 21:48:17,2023-06-23 17:48:17,81 km al SE de Socaire,-24.137,-67.363,176.0,3.2,Ml
201634,2023-06-23 22:26:13,2023-06-23 18:26:13,48 km al NE de Calama,-22.088,-68.703,128.0,2.5,Ml
201637,2023-06-23 22:51:12,2023-06-23 18:51:12,7 km al NE de La Serena,-29.848,-71.219,46.0,3.0,Ml
201638,2023-06-23 22:52:27,2023-06-23 18:52:27,79 km al N de Calama,-21.789,-68.722,116.0,2.6,Ml
201640,2023-06-23 23:16:46,2023-06-23 19:16:46,23 km al N de Rancagua,-33.962,-70.756,87.0,3.4,Ml
201648,2023-06-24 01:06:45,2023-06-23 21:06:45,27 km al E de Tocopilla,-22.046,-69.946,70.0,2.6,Ml
201653,2023-06-24 02:14:11,2023-06-23 22:14:11,44 km al SE de Linares,-36.129,-71.251,123.0,3.1,Ml
201656,2023-06-24 02:40:43,2023-06-23 22:40:43,33 km al SE de Alto del Carmen,-28.996,-70.279,113.0,3.4,Ml
201662,2023-06-24 03:54:01,2023-06-23 23:54:01,51 km al SO de Ollagüe,-21.607,-68.523,122.0,2.8,Ml
201665,2023-06-24 04:31:50,2023-06-24 00:31:50,44 km al NO de Camiña,-19.027,-69.719,5.0,2.9,Ml
201669,2023-06-24 05:06:24,2023-06-24 01:06:24,41 km al SO de Linares,-36.152,-71.859,89.0,2.9,Ml
201671,2023-06-24 05:35:45,2023-06-24 01:35:45,77 km al SE de Socaire,-23.892,-67.212,234.0,3.2,Ml
201676,2023-06-24 05:54:34,2023-06-24 01:54:34,31 km al NE de Tocopilla,-21.838,-70.073,75.0,3.0,Ml
201681,2023-06-24 07:27:54,2023-06-24 03:27:54,54 km al O de Ollagüe,-21.421,-68.734,117.0,2.7,Ml
201686,2023-06-24 08:32:57,2023-06-24 04:32:57,58 km al NE de Calama,-22.034,-68.616,116.0,2.7,Ml
201687,2023-06-24 08:50:07,2023-06-24 04:50:07,15 km al S de Camiña,-19.443,-69.393,99.0,4.5,Mw
201692,2023-06-24 09:20:21,2023-06-24 05:20:21,81 km al SE de Socaire,-24.094,-67.312,246.0,3.5,Ml
201694,2023-06-24 09:56:23,2023-06-24 05:56:23,59 km al SO de Mina Collahuasi,-21.223,-69.031,87.0,3.4,Ml
201699,2023-06-24 11:12:49,2023-06-24 07:12:49,94 km al SE de Socaire,-24.048,-67.116,217.0,2.6,Ml
201700,2023-06-24 11:16:13,2023-06-24 07:16:13,82 km al O de San Antonio de los Cobres,-23.938,-67.064,218.0,3.3,Ml
201705,2023-06-24 11:58:04,2023-06-24 07:58:04,45 km al O de Mina Collahuasi,-20.887,-69.087,108.0,2.6,Ml
201711,2023-06-24 13:28:51,2023-06-24 09:28:51,63 km al NE de Pica,-20.204,-68.812,128.0,2.5,Ml
201717,2023-06-24 14:57:31,2023-06-24 10:57:31,96 km al SE de Socaire,-24.242,-67.277,220.0,3.8,Ml
201719,2023-06-24 16:30:39,2023-06-24 12:30:39,38 km al SO de Chañaral,-26.538,-70.934,30.0,3.1,Ml
201723,2023-06-24 17:14:00,2023-06-24 13:14:00,41 km al NO de Taltal,-25.221,-70.838,41.0,3.0,Ml
201734,2023-06-24 18:46:00,2023-06-24 14:46:00,25 km al O de La Serena,-29.972,-71.495,52.0,3.8,Ml
201736,2023-06-24 19:39:59,2023-06-24 15:39:59,47 km al NE de Calama,-22.135,-68.648,123.0,2.6,Ml
201739,2023-06-24 20:06:49,2023-06-24 16:06:49,39 km al SO de Mina Collahuasi,-21.127,-68.854,117.0,3.3,Ml
201754,2023-06-24 22:12:14,2023-06-24 18:12:14,113 km al NE de Socaire,-23.123,-66.908,274.0,4.6,Ml
201770,2023-06-25 02:30:24,2023-06-24 22:30:24,102 km al NE de Socaire,-23.083,-67.059,269.0,3.7,Ml
201771,2023-06-25 03:24:22,2023-06-24 23:24:22,34 km al SO de Mina Collahuasi,-20.991,-68.937,109.0,2.6,Ml
201774,2023-06-25 03:42:32,2023-06-24 23:42:32,60 km al S de Socaire,-24.105,-67.709,240.0,3.7,Ml
201776,2023-06-25 03:58:29,2023-06-24 23:58:29,106 km al E de Socaire,-23.257,-66.912,249.0,3.1,Ml
201781,2023-06-25 05:21:00,2023-06-25 01:21:00,72 km al N de Pica,-19.89,-69.083,110.0,3.7,Ml
201785,2023-06-25 05:26:46,2023-06-25 01:26:46,66 km al S de Camiña,-19.888,-69.253,128.0,3.0,Ml
201790,2023-06-25 07:37:39,2023-06-25 03:37:39,59 km al NO de Quillagua,-21.291,-69.942,55.0,3.7,Ml
201793,2023-06-25 08:16:06,2023-06-25 04:16:06,36 km al O de Mina Collahuasi,-20.905,-68.994,103.0,4.3,Mw
201795,2023-06-25 08:21:16,2023-06-25 04:21:16,48 km al NE de Quillagua,-21.304,-69.278,76.0,3.2,Ml
201801,2023-06-25 10:17:46,2023-06-25 06:17:46,100 km al E de Socaire,-23.744,-66.925,192.0,2.8,Ml
201806,2023-06-25 11:34:58,2023-06-25 07:34:58,47 km al SO de Ollagüe,-21.617,-68.43,129.0,4.8,Mw
201809,2023-06-25 12:10:41,2023-06-25 08:10:41,44 km al S de Ollagüe,-21.593,-68.398,118.0,2.9,Ml
201811,2023-06-25 13:26:55,2023-06-25 09:26:55,56 km al SO de Ilo,-18.096,-71.565,47.0,4.5,Mw
201822,2023-06-25 17:57:41,2023-06-25 13:57:41,18 km al E de Huasco,-28.414,-71.045,48.0,2.5,Ml
201836,2023-06-25 19:22:40,2023-06-25 15:22:40,59 km al SE de Mina La Escondida.,-24.75,-68.813,124.0,2.5,Ml
201841,2023-06-25 21:20:40,2023-06-25 17:20:40,47 km al S de Ollagüe,-21.626,-68.4,129.0,2.6,Ml
201845,2023-06-25 21:40:30,2023-06-25 17:40:30,48 km al SO de Ollagüe,-21.592,-68.49,130.0,3.8,Ml
201853,2023-06-25 22:53:55,2023-06-25 18:53:55,91 km al SE de Alto del Carmen,-29.4,-69.903,119.0,2.5,Ml
201855,2023-06-25 22:57:39,2023-06-25 18:57:39,76 km al O de Arica,-18.619,-71.023,27.0,3.4,Ml
201857,2023-06-25 23:20:13,2023-06-25 19:20:13,77 km al O de San Antonio de los Cobres,-24.297,-67.074,217.0,3.7,Ml
201865,2023-06-26 01:50:36,2023-06-25 21:50:36,51 km al SO de Mina Collahuasi,-21.113,-69.038,110.0,2.9,Ml
201869,2023-06-26 02:02:13,2023-06-25 22:02:13,25 km al NO de Mina Collahuasi,-20.713,-68.863,107.0,3.0,Ml
201875,2023-06-26 02:35:12,2023-06-25 22:35:12,86 km al NO de San Antonio de los Cobres,-23.866,-67.066,235.0,4.2,Ml
201877,2023-06-26 02:58:52,2023-06-25 22:58:52,17 km al S de Valdivia,-39.97,-73.219,41.0,2.7,Ml
201888,2023-06-26 06:59:15,2023-06-26 02:59:15,20 km al NE de Tocopilla,-21.989,-70.044,70.0,3.0,Ml
201892,2023-06-26 08:11:21,2023-06-26 04:11:21,61 km al NE de Pica,-20.053,-68.973,109.0,3.4,Ml
201897,2023-06-26 09:44:34,2023-06-26 05:44:34,33 km al SO de San Pedro de Atacama,-23.129,-68.433,116.0,3.4,Ml
201902,2023-06-26 12:29:38,2023-06-26 08:29:38,55 km al O de Mina La Escondida.,-24.12,-69.577,72.0,2.6,Ml
201905,2023-06-26 12:51:50,2023-06-26 08:51:50,61 km al SE de Sierra Gorda.,-23.242,-68.85,109.0,3.4,Ml
201914,2023-06-26 15:05:27,2023-06-26 11:05:27,50 km al E de Combarbalá,-31.255,-70.481,124.0,3.0,Ml
201915,2023-06-26 15:21:22,2023-06-26 11:21:22,46 km al NO de Quillagua,-21.321,-69.797,61.0,3.3,Ml
201918,2023-06-26 15:42:10,2023-06-26 11:42:10,45 km al SO de Taltal,-25.715,-70.785,27.0,3.4,Ml
201923,2023-06-26 15:59:47,2023-06-26 11:59:47,10 km al SO de Ovalle,-30.682,-71.261,47.0,2.9,Ml
201928,2023-06-26 16:09:49,2023-06-26 12:09:49,38 km al SE de Pica,-20.708,-69.046,117.0,2.8,Ml
201933,2023-06-26 17:12:10,2023-06-26 13:12:10,88 km al O de Arica,-18.486,-71.157,28.0,2.8,Ml
201947,2023-06-26 18:38:21,2023-06-26 14:38:21,49 km al NO de Tongoy,-29.907,-71.809,27.0,3.9,Ml
201952,2023-06-26 19:25:28,2023-06-26 15:25:28,16 km al SO de Cuya,-19.259,-70.288,43.0,3.0,Ml
201962,2023-06-26 20:11:17,2023-06-26 16:11:17,52 km al S de Ollagüe,-21.681,-68.374,143.0,2.8,Ml
201964,2023-06-26 20:46:22,2023-06-26 16:46:22,80 km al O de San Antonio de los Cobres,-24.146,-67.1,198.0,3.9,Ml
201967,2023-06-26 20:47:57,2023-06-26 16:47:57,45 km al N de Pozo Almonte,-19.852,-69.796,63.0,2.9,Ml
201971,2023-06-26 21:40:32,2023-06-26 17:40:32,80 km al S de Socaire,-24.301,-67.786,246.0,3.5,Ml
201977,2023-06-26 22:25:30,2023-06-26 18:25:30,68 km al SE de Sierra Gorda.,-23.315,-68.835,151.0,2.8,Ml
201980,2023-06-27 00:04:44,2023-06-26 20:04:44,32 km al NO de La Higuera,-29.25,-71.329,58.0,2.6,Ml
201982,2023-06-27 00:23:01,2023-06-26 20:23:01,9 km al SO de Antofagasta,-23.693,-70.476,66.0,2.9,Ml
201983,2023-06-27 00:35:14,2023-06-26 20:35:14,66 km al NE de Pica,-20.018,-68.954,107.0,2.9,Ml
201993,2023-06-27 06:48:52,2023-06-27 02:48:52,25 km al O de Combarbalá,-31.118,-71.251,62.0,3.6,Ml
201996,2023-06-27 07:00:23,2023-06-27 03:00:23,50 km al E de Calama,-22.33,-68.467,126.0,3.4,Ml
202005,2023-06-27 10:02:21,2023-06-27 06:02:21,18 km al NO de Andacollo,-30.149,-71.245,73.0,4.6,Mw
202016,2023-06-27 14:04:21,2023-06-27 10:04:21,63 km al O de San Antonio de los Cobres,-24.023,-66.895,221.0,3.5,Ml
202020,2023-06-27 14:30:54,2023-06-27 10:30:54,13 km al O de Ovalle,-30.581,-71.34,18.0,2.7,Ml
202021,2023-06-27 14:49:31,2023-06-27 10:49:31,37 km al O de Ollagüe,-21.199,-68.612,103.0,2.9,Ml
202026,2023-06-27 16:47:34,2023-06-27 12:47:34,60 km al SO de Ollagüe,-21.703,-68.526,130.0,2.8,Ml
202034,2023-06-27 18:08:12,2023-06-27 14:08:12,29 km al S de Mina Collahuasi,-21.067,-68.56,126.0,2.6,Ml
202041,2023-06-27 18:41:29,2023-06-27 14:41:29,22 km al NO de Mina Collahuasi,-20.664,-68.781,112.0,2.7,Ml
202051,2023-06-27 19:42:47,2023-06-27 15:42:47,95 km al E de Tierra Amarilla,-27.171,-69.369,115.0,3.7,Ml
202053,2023-06-27 19:48:58,2023-06-27 15:48:58,7 km al O de Temuco,-38.763,-72.669,50.0,3.1,Ml
202073,2023-06-27 23:42:51,2023-06-27 19:42:51,7 km al NE de Cuya,-19.112,-70.136,29.0,2.8,Ml
202106,2023-06-28 09:32:29,2023-06-28 05:32:29,61 km al E de La Higuera,-29.385,-70.589,82.0,2.6,Ml
202111,2023-06-28 10:54:35,2023-06-28 06:54:35,99 km al NE de Socaire,-23.034,-67.128,283.0,3.5,Ml
240709,2023-06-28 10:56:11,2023-06-28 06:56:11,52 km al SO de San Pedro de Atacama,-23.268,-68.544,112.0,3.2,Ml
202137,2023-06-28 19:53:10,2023-06-28 15:53:10,29 km al O de Ollagüe,-21.184,-68.53,130.0,2.7,Ml
202164,2023-06-29 01:23:57,2023-06-28 21:23:57,46 km al NO de Quillagua,-21.345,-69.829,52.0,2.8,Ml
202168,2023-06-29 02:12:59,2023-06-28 22:12:59,49 km al NE de Calama,-22.087,-68.692,119.0,2.7,Ml
202173,2023-06-29 05:06:22,2023-06-29 01:06:22,91 km al S de Mina La Escondida,-25.065,-69.278,96.0,2.9,Ml
202174,2023-06-29 05:09:09,2023-06-29 01:09:09,81 km al SE de Socaire,-24.269,-67.603,227.0,3.3,Ml
202181,2023-06-29 06:52:34,2023-06-29 02:52:34,62 km al NO de Cobquecura,-35.758,-73.3,13.0,4.2,Ml
202183,2023-06-29 08:10:23,2023-06-29 04:10:23,14 km al O de Ancud,-41.833,-73.992,52.0,2.7,Ml
202196,2023-06-29 12:24:54,2023-06-29 08:24:54,74 km al SO de Ollagüe,-21.701,-68.755,99.0,2.7,Ml
202198,2023-06-29 12:29:16,2023-06-29 08:29:16,24 km al E de Pica,-20.481,-69.097,93.0,2.9,Ml
202200,2023-06-29 13:13:08,2023-06-29 09:13:08,38 km al SO de Ollagüe,-21.54,-68.402,135.0,2.8,Ml
202205,2023-06-29 14:42:48,2023-06-29 10:42:48,86 km al NE de Socaire,-23.178,-67.178,245.0,3.5,Ml
202208,2023-06-29 15:45:19,2023-06-29 11:45:19,14 km al SO de Punitaqui,-30.952,-71.312,60.0,3.7,Ml
202221,2023-06-29 17:38:09,2023-06-29 13:38:09,22 km al SO de Ollagüe,-21.366,-68.401,127.0,2.8,Ml
202225,2023-06-29 17:56:04,2023-06-29 13:56:04,16 km al NE de Pica,-20.392,-69.218,112.0,2.5,Ml
202227,2023-06-29 17:58:27,2023-06-29 13:58:27,55 km al N de Calama,-21.988,-68.83,105.0,2.6,Ml
202244,2023-06-29 21:36:42,2023-06-29 17:36:42,31 km al N de Ancud,-41.591,-73.783,40.0,2.9,Ml
202259,2023-06-30 01:35:42,2023-06-29 21:35:42,64 km al N de Pica,-19.927,-69.213,96.0,2.9,Ml
202263,2023-06-30 02:59:22,2023-06-29 22:59:22,40 km al SE de Pica,-20.804,-69.149,109.0,2.5,Ml
202264,2023-06-30 03:08:41,2023-06-29 23:08:41,40 km al NO de Lebu,-37.296,-73.878,17.0,2.8,Ml
202267,2023-06-30 03:36:43,2023-06-29 23:36:43,65 km al N de Calama,-21.893,-68.816,121.0,3.1,Ml
202273,2023-06-30 05:20:23,2023-06-30 01:20:23,40 km al SO de Mina Collahuasi,-20.975,-69.013,105.0,2.7,Ml
202280,2023-06-30 07:19:16,2023-06-30 03:19:16,36 km al E de Pica,-20.444,-68.988,98.0,2.8,Ml
202287,2023-06-30 08:50:13,2023-06-30 04:50:13,71 km al N de Taltal,-24.79,-70.324,48.0,3.8,Ml
202295,2023-06-30 10:07:04,2023-06-30 06:07:04,38 km al SO de Ollagüe,-21.542,-68.393,146.0,2.9,Ml
202303,2023-06-30 12:11:35,2023-06-30 08:11:35,28 km al O de Punitaqui,-30.827,-71.555,31.0,2.6,Ml
202305,2023-06-30 12:43:05,2023-06-30 08:43:05,50 km al SO de San Pedro de Atacama,-23.235,-68.55,99.0,2.8,Ml
202312,2023-06-30 13:42:41,2023-06-30 09:42:41,50 km al NO de Cobquecura,-35.809,-73.179,28.0,3.4,Ml
202309,2023-06-30 13:42:49,2023-06-30 09:42:49,26 km al SO de Tongoy,-30.437,-71.662,34.0,4.0,Ml
202314,2023-06-30 13:48:21,2023-06-30 09:48:21,22 km al O de La Higuera,-29.432,-71.412,49.0,2.5,Ml
202315,2023-06-30 14:41:38,2023-06-30 10:41:38,51 km al SE de Socaire,-23.958,-67.586,232.0,2.5,Ml
202317,2023-06-30 15:06:19,2023-06-30 11:06:19,33 km al NO de Canela Baja,-31.143,-71.624,37.0,2.5,Ml
202321,2023-06-30 15:10:13,2023-06-30 11:10:13,22 km al SO de Tongoy,-30.425,-71.615,40.0,2.6,Ml
202319,2023-06-30 15:16:44,2023-06-30 11:16:44,59 km al NO de Cobquecura,-35.749,-73.246,11.0,4.2,Ml
202323,2023-06-30 16:18:10,2023-06-30 12:18:10,80 km al SE de Socaire,-24.257,-67.585,216.0,3.3,Ml
202324,2023-06-30 16:20:41,2023-06-30 12:20:41,75 km al E de Socaire,-23.862,-67.214,233.0,2.6,Ml
202330,2023-06-30 17:31:10,2023-06-30 13:31:10,26 km al SO de Mina Collahuasi,-20.989,-68.834,98.0,2.5,Ml
202341,2023-06-30 18:50:31,2023-06-30 14:50:31,50 km al E de Sierra Gorda.,-22.923,-68.831,95.0,2.5,Ml
202346,2023-06-30 19:26:56,2023-06-30 15:26:56,29 km al SO de Ollagüe,-21.44,-68.416,124.0,2.8,Ml
202349,2023-06-30 19:44:12,2023-06-30 15:44:12,70 km al SE de Socaire,-24.154,-67.588,235.0,3.2,Ml
202360,2023-06-30 22:40:48,2023-06-30 18:40:48,61 km al O de Melinka,-44.005,-74.493,24.0,2.7,Ml
202363,2023-06-30 23:58:09,2023-06-30 19:58:09,43 km al SO de Mina Collahuasi,-21.149,-68.889,110.0,3.4,Ml
202368,2023-07-01 01:02:20,2023-06-30 21:02:20,39 km al S de Mina Collahuasi,-21.177,-68.675,128.0,2.7,Ml
202371,2023-07-01 01:11:26,2023-06-30 21:11:26,80 km al SO de Alto Hospicio,-20.891,-70.482,55.0,2.9,Ml
202373,2023-07-01 01:30:45,2023-06-30 21:30:45,49 km al S de Camiña,-19.745,-69.327,92.0,2.8,Ml
202374,2023-07-01 01:40:52,2023-06-30 21:40:52,75 km al SO de Socaire,-24.138,-68.326,116.0,2.9,Ml
202387,2023-07-01 03:37:29,2023-06-30 23:37:29,82 km al SE de Socaire,-24.212,-67.462,196.0,3.7,Ml
202393,2023-07-01 05:20:42,2023-07-01 01:20:42,42 km al S de Camiña,-19.688,-69.349,99.0,2.8,Ml
202400,2023-07-01 07:02:48,2023-07-01 03:02:48,65 km al N de Huasco,-27.917,-70.995,35.0,2.7,Ml
202403,2023-07-01 07:18:47,2023-07-01 03:18:47,118 km al SE de Socaire,-24.109,-66.873,229.0,4.2,Mw
202406,2023-07-01 07:35:57,2023-07-01 03:35:57,151 km al O de Lebu,-38.072,-75.272,15.0,3.4,Ml
202415,2023-07-01 09:45:24,2023-07-01 05:45:24,30 km al SE de San Pedro de Atacama,-23.132,-68.015,138.0,2.9,Ml
202420,2023-07-01 11:07:07,2023-07-01 07:07:07,45 km al SO de Mina Collahuasi,-21.167,-68.885,117.0,2.7,Ml
202429,2023-07-01 11:50:31,2023-07-01 07:50:31,42 km al SO de Mina La Escondida.,-24.612,-69.239,87.0,3.6,Ml
202431,2023-07-01 12:27:47,2023-07-01 08:27:47,48 km al SO de Los Vilos,-32.212,-71.883,21.0,2.6,Ml
202438,2023-07-01 14:51:00,2023-07-01 10:51:00,68 km al NO de Huasco,-27.894,-71.482,42.0,2.6,Ml
202443,2023-07-01 15:21:07,2023-07-01 11:21:07,78 km al SE de Socaire,-24.171,-67.463,220.0,4.5,Mw
202445,2023-07-01 16:02:19,2023-07-01 12:02:19,40 km al N de Huasco,-28.103,-71.208,28.0,2.6,Ml
202449,2023-07-01 16:58:20,2023-07-01 12:58:20,55 km al NE de Pozo Almonte,-19.891,-69.432,86.0,2.7,Ml
202455,2023-07-01 17:44:39,2023-07-01 13:44:39,25 km al SO de Ollagüe,-21.353,-68.453,116.0,2.7,Ml
202465,2023-07-01 18:45:16,2023-07-01 14:45:16,94 km al O de Pisagua,-19.912,-71.044,43.0,3.6,Ml
202485,2023-07-01 22:18:42,2023-07-01 18:18:42,71 km al SE de Socaire,-23.923,-67.3,266.0,3.4,Ml
202487,2023-07-01 22:26:37,2023-07-01 18:26:37,20 km al NE de Vallenar,-28.41,-70.684,88.0,2.5,Ml
202488,2023-07-01 22:27:12,2023-07-01 18:27:12,82 km al SE de Socaire,-24.224,-67.481,200.0,4.0,Ml
202493,2023-07-02 01:12:17,2023-07-01 21:12:17,54 km al S de Mina Collahuasi,-21.285,-68.829,116.0,2.9,Ml
202501,2023-07-02 02:03:02,2023-07-01 22:03:02,33 km al SE de Vichuquén,-35.082,-71.727,55.0,2.8,Ml
202506,2023-07-02 02:57:43,2023-07-01 22:57:43,120 km al O de Valparaíso,-33.098,-72.905,39.0,3.6,Ml
202507,2023-07-02 02:57:48,2023-07-01 22:57:48,26 km al SO de Ollagüe,-21.411,-68.406,122.0,2.7,Ml
202510,2023-07-02 03:04:07,2023-07-01 23:04:07,10 km al NO de Andacollo,-30.147,-71.124,75.0,3.0,Ml
202517,2023-07-02 05:26:19,2023-07-02 01:26:19,55 km al N de Mina La Escondida,-23.772,-69.095,98.0,3.1,Ml
202520,2023-07-02 06:05:07,2023-07-02 02:05:07,70 km al N de Huasco,-27.84,-71.193,40.0,2.9,Ml
202526,2023-07-02 08:19:14,2023-07-02 04:19:14,62 km al S de Putre,-18.756,-69.574,110.0,3.0,Ml
202530,2023-07-02 09:33:11,2023-07-02 05:33:11,71 km al SE de Socaire,-23.858,-67.258,244.0,3.1,Ml
202534,2023-07-02 10:05:44,2023-07-02 06:05:44,27 km al N de Vichuquén,-34.642,-72.006,48.0,2.8,Ml
202548,2023-07-02 14:46:28,2023-07-02 10:46:28,75 km al SE de Socaire,-24.181,-67.536,214.0,2.9,Ml
202550,2023-07-02 16:20:33,2023-07-02 12:20:33,90 km al O de San Antonio de los Cobres,-24.16,-67.199,226.0,3.5,Ml
202559,2023-07-02 19:04:00,2023-07-02 15:04:00,17 km al S de Calama,-22.627,-68.926,104.0,2.6,Ml
202560,2023-07-02 19:08:51,2023-07-02 15:08:51,59 km al SE de Socaire,-24.027,-67.57,236.0,3.1,Ml
202562,2023-07-02 19:43:34,2023-07-02 15:43:34,67 km al E de Combarbalá,-31.137,-70.299,115.0,3.5,Ml
202568,2023-07-02 20:03:20,2023-07-02 16:03:20,70 km al S de Socaire,-24.214,-67.812,221.0,2.6,Ml
202571,2023-07-02 20:48:09,2023-07-02 16:48:09,51 km al O de La Ligua,-32.52,-71.764,34.0,3.0,Ml
202574,2023-07-02 21:12:49,2023-07-02 17:12:49,10 km al SO de Parque Fray Jorge,-30.722,-71.768,33.0,3.4,Ml
202576,2023-07-02 21:20:03,2023-07-02 17:20:03,79 km al SE de Socaire,-24.177,-67.457,229.0,3.2,Ml
202582,2023-07-02 21:41:00,2023-07-02 17:41:00,10 km al NO de Ancud,-41.786,-73.88,34.0,3.4,Ml
202587,2023-07-02 22:24:14,2023-07-02 18:24:14,53 km al SO de Ollagüe,-21.647,-68.499,123.0,3.6,Ml
202589,2023-07-02 22:41:43,2023-07-02 18:41:43,87 km al NE de Socaire,-23.098,-67.222,259.0,3.0,Ml
202594,2023-07-02 23:17:13,2023-07-02 19:17:13,15 km al N de Putre,-18.062,-69.578,141.0,3.8,Ml
202601,2023-07-03 00:54:59,2023-07-02 20:54:59,52 km al SE de Baquedano,-23.617,-69.433,87.0,2.5,Ml
202602,2023-07-03 01:50:14,2023-07-02 21:50:14,48 km al SO de Mina Collahuasi,-21.127,-68.996,118.0,3.5,Ml
202605,2023-07-03 01:56:39,2023-07-02 21:56:39,10 km al NE de San José de Maipo,-33.576,-70.279,111.0,2.5,Ml
202610,2023-07-03 02:52:17,2023-07-02 22:52:17,111 km al SE de Socaire,-24.058,-66.93,218.0,3.4,Ml
202612,2023-07-03 03:12:23,2023-07-02 23:12:23,59 km al S de Socaire,-24.123,-67.933,269.0,3.3,Ml
202618,2023-07-03 04:26:06,2023-07-03 00:26:06,57 km al N de Calama,-21.968,-68.797,108.0,3.6,Ml
202623,2023-07-03 05:09:34,2023-07-03 01:09:34,34 km al E de Pica,-20.37,-69.035,94.0,2.6,Ml
202626,2023-07-03 05:31:01,2023-07-03 01:31:01,39 km al O de La Serena,-29.811,-71.638,35.0,2.6,Ml
202634,2023-07-03 06:41:10,2023-07-03 02:41:10,37 km al SO de Pichilemu,-34.538,-72.368,34.0,2.6,Ml
202639,2023-07-03 06:41:53,2023-07-03 02:41:53,10 km al NO de Puerto Natales,-51.656,-72.582,3.0,3.6,Ml
202636,2023-07-03 06:59:42,2023-07-03 02:59:42,41 km al SO de Mina Collahuasi,-21.069,-68.951,105.0,2.5,Ml
202637,2023-07-03 07:43:38,2023-07-03 03:43:38,17 km al E de Mina La Escondida.,-24.326,-68.898,103.0,4.4,Mw
202640,2023-07-03 08:14:24,2023-07-03 04:14:24,40 km al NO de Punitaqui,-30.672,-71.629,29.0,2.7,Ml
202643,2023-07-03 08:27:13,2023-07-03 04:27:13,40 km al O de Punitaqui,-30.695,-71.65,29.0,3.1,Ml
202646,2023-07-03 08:50:53,2023-07-03 04:50:53,75 km al S de Mina La Escondida.,-24.94,-69.16,7.0,2.8,Ml
202648,2023-07-03 09:18:29,2023-07-03 05:18:29,118 km al SE de Socaire,-24.437,-67.197,191.0,3.8,Ml
202652,2023-07-03 10:31:03,2023-07-03 06:31:03,104 km al O de Antofagasta,-24.008,-71.348,37.0,4.3,Ml
202653,2023-07-03 11:02:57,2023-07-03 07:02:57,66 km al O de Punitaqui,-30.944,-71.934,42.0,2.6,Ml
202658,2023-07-03 12:05:17,2023-07-03 08:05:17,84 km al SE de Socaire,-24.131,-67.307,209.0,2.9,Ml
202661,2023-07-03 12:52:50,2023-07-03 08:52:50,36 km al NE de Calama,-22.185,-68.758,124.0,2.7,Ml
202667,2023-07-03 13:27:13,2023-07-03 09:27:13,20 km al E de Pica,-20.539,-69.145,105.0,2.8,Ml
202674,2023-07-03 18:24:30,2023-07-03 14:24:30,17 km al O de La Serena,-29.863,-71.418,50.0,2.9,Ml
202686,2023-07-03 19:02:48,2023-07-03 15:02:48,40 km al NO de Lota,-36.91,-73.537,29.0,2.6,Ml
202684,2023-07-03 19:14:01,2023-07-03 15:14:01,30 km al NO de Arauco,-37.026,-73.505,12.0,2.8,Ml
202700,2023-07-03 20:19:26,2023-07-03 16:19:26,79 km al NO de Tocopilla,-21.471,-70.563,49.0,2.9,Ml
202705,2023-07-03 21:33:46,2023-07-03 17:33:46,42 km al O de Ovalle,-30.626,-71.637,34.0,4.2,Mw
202709,2023-07-03 21:51:34,2023-07-03 17:51:34,75 km al E de Socaire,-23.7,-67.16,229.0,3.2,Ml
202712,2023-07-03 23:24:42,2023-07-03 19:24:42,48 km al NE de Pozo Almonte,-19.928,-69.488,99.0,3.5,Ml
202713,2023-07-03 23:45:42,2023-07-03 19:45:42,13 km al NE de Calama,-22.38,-68.845,111.0,2.9,Ml
202719,2023-07-04 01:08:56,2023-07-03 21:08:56,80 km al N de Taltal,-24.694,-70.589,32.0,2.8,Ml
202724,2023-07-04 02:31:27,2023-07-03 22:31:27,27 km al SO de Los Vilos,-32.106,-71.683,34.0,2.5,Ml
202731,2023-07-04 03:57:57,2023-07-03 23:57:57,12 km al N de Quillagua,-21.556,-69.564,62.0,2.5,Ml
202732,2023-07-04 04:09:59,2023-07-04 00:09:59,32 km al SO de Canela Baja,-31.559,-71.737,33.0,3.3,Ml
202740,2023-07-04 05:28:20,2023-07-04 01:28:20,67 km al SO de Ollagüe,-21.787,-68.495,118.0,2.7,Ml
202744,2023-07-04 05:57:50,2023-07-04 01:57:50,43 km al O de La Serena,-29.841,-71.69,66.0,2.7,Ml
202747,2023-07-04 06:05:47,2023-07-04 02:05:47,49 km al S de Pica,-20.905,-69.182,112.0,2.7,Ml
202754,2023-07-04 07:24:03,2023-07-04 03:24:03,85 km al SE de Socaire,-24.022,-67.202,218.0,3.5,Ml
202759,2023-07-04 08:15:47,2023-07-04 04:15:47,55 km al O de Valparaíso,-33.0,-72.199,29.0,2.7,Ml
202762,2023-07-04 08:27:17,2023-07-04 04:27:17,81 km al SE de Socaire,-23.922,-67.181,235.0,3.5,Ml
202770,2023-07-04 11:16:16,2023-07-04 07:16:16,27 km al N de Calama,-22.235,-68.861,117.0,2.8,Ml
202773,2023-07-04 12:52:21,2023-07-04 08:52:21,79 km al N de Huasco,-27.79,-71.485,34.0,2.8,Ml
202777,2023-07-04 13:49:27,2023-07-04 09:49:27,49 km al S de Pica,-20.906,-69.173,108.0,2.5,Ml
202782,2023-07-04 14:36:18,2023-07-04 10:36:18,64 km al SO de San Pedro de Atacama,-23.244,-68.72,108.0,3.3,Ml
202786,2023-07-04 14:54:01,2023-07-04 10:54:01,110 km al E de Socaire,-23.698,-66.818,175.0,3.6,Ml
202788,2023-07-04 14:54:25,2023-07-04 10:54:25,21 km al O de Tirúa,-38.289,-73.723,33.0,3.7,Ml
202790,2023-07-04 15:17:43,2023-07-04 11:17:43,33 km al E de Baquedano,-23.451,-69.549,83.0,4.2,Mw
202796,2023-07-04 16:36:38,2023-07-04 12:36:38,61 km al SE de Socaire,-23.892,-67.387,262.0,3.2,Ml
202805,2023-07-04 17:33:56,2023-07-04 13:33:56,79 km al S de Melinka,-44.6,-73.859,44.0,2.8,Ml
202806,2023-07-04 17:51:52,2023-07-04 13:51:52,68 km al O de Ollagüe,-21.41,-68.881,105.0,3.4,Ml
202809,2023-07-04 18:25:08,2023-07-04 14:25:08,26 km al E de Los Andes.,-32.823,-70.325,106.0,3.9,Ml
202817,2023-07-04 19:17:14,2023-07-04 15:17:14,43 km al N de Pica,-20.124,-69.185,95.0,3.2,Ml
202829,2023-07-04 21:36:13,2023-07-04 17:36:13,27 km al SO de Antofagasta,-23.806,-70.59,64.0,3.6,Ml
202836,2023-07-05 01:31:33,2023-07-04 21:31:33,53 km al N de Mina La Escondida.,-23.804,-68.948,95.0,3.3,Ml
202840,2023-07-05 02:06:37,2023-07-04 22:06:37,48 km al O de Mina Collahuasi,-20.879,-69.12,108.0,3.2,Ml
202844,2023-07-05 04:26:28,2023-07-05 00:26:28,45 km al S de Pica,-20.869,-69.181,112.0,3.5,Ml
202857,2023-07-05 06:34:27,2023-07-05 02:34:27,40 km al O de Los Vilos,-32.067,-71.894,30.0,3.7,Ml
202868,2023-07-05 07:58:39,2023-07-05 03:58:39,52 km al SO de Mina Collahuasi,-21.109,-69.057,110.0,3.1,Ml
202881,2023-07-05 10:49:29,2023-07-05 06:49:29,74 km al SE de Socaire,-24.12,-67.457,210.0,4.4,Mw
202904,2023-07-05 17:43:10,2023-07-05 13:43:10,79 km al NO de San Antonio de los Cobres,-23.872,-66.998,173.0,3.3,Ml
202921,2023-07-05 21:05:30,2023-07-05 17:05:30,52 km al SO de Ollagüe,-21.55,-68.614,125.0,2.9,Ml
202923,2023-07-05 21:54:38,2023-07-05 17:54:38,92 km al E de Tierra Amarilla,-27.517,-69.339,110.0,2.6,Ml
202925,2023-07-05 22:41:48,2023-07-05 18:41:48,12 km al N de Calama,-22.369,-68.971,115.0,2.8,Ml
202927,2023-07-05 23:30:21,2023-07-05 19:30:21,13 km al SO de Ollagüe,-21.33,-68.305,129.0,3.5,Ml
202930,2023-07-05 23:45:55,2023-07-05 19:45:55,58 km al O de Ollagüe,-21.386,-68.785,104.0,2.9,Ml
202932,2023-07-06 00:31:56,2023-07-05 20:31:56,43 km al S de Socaire,-23.967,-67.982,130.0,5.7,Mww
202935,2023-07-06 01:25:34,2023-07-05 21:25:34,48 km al SO de Ollagüe,-21.597,-68.481,125.0,3.5,Ml
202938,2023-07-06 01:30:54,2023-07-05 21:30:54,39 km al N de Camiña,-18.981,-69.305,110.0,3.4,Ml
202955,2023-07-06 03:18:52,2023-07-05 23:18:52,17 km al E de La Higuera,-29.483,-71.024,54.0,2.8,Ml
202960,2023-07-06 04:01:14,2023-07-06 00:01:14,19 km al NE de Mina Los Pelambres,-31.732,-70.422,103.0,3.5,Ml
202962,2023-07-06 04:05:26,2023-07-06 00:05:26,51 km al NO de Quillagua,-21.429,-69.957,78.0,2.6,Ml
202972,2023-07-06 05:43:46,2023-07-06 01:43:46,72 km al E de Socaire,-23.655,-67.191,243.0,4.1,Ml
202976,2023-07-06 07:04:22,2023-07-06 03:04:22,34 km al O de El Tabo,-33.527,-72.026,27.0,3.8,Ml
202983,2023-07-06 08:32:14,2023-07-06 04:32:14,67 km al O de San Antonio de los Cobres,-23.992,-66.932,217.0,3.6,Ml
202989,2023-07-06 09:51:47,2023-07-06 05:51:47,56 km al NE de Los Andes.,-32.42,-70.257,105.0,3.2,Ml
202994,2023-07-06 10:09:46,2023-07-06 06:09:46,58 km al SO de Ollagüe,-21.535,-68.698,124.0,4.1,Ml
202997,2023-07-06 11:23:38,2023-07-06 07:23:38,24 km al O de Ollagüe,-21.261,-68.482,122.0,2.9,Ml
203001,2023-07-06 11:59:11,2023-07-06 07:59:11,94 km al O de San Antonio de los Cobres,-24.193,-67.241,200.0,3.7,Ml
203003,2023-07-06 12:19:09,2023-07-06 08:19:09,41 km al SO de María Elena,-22.628,-69.925,53.0,3.4,Ml
203007,2023-07-06 12:50:16,2023-07-06 08:50:16,96 km al NE de San Pedro de Atacama,-22.287,-67.558,196.0,3.7,Ml
203014,2023-07-06 16:11:14,2023-07-06 12:11:14,42 km al SO de Mina Collahuasi,-21.062,-68.975,112.0,3.0,Ml
203018,2023-07-06 16:37:49,2023-07-06 12:37:49,37 km al O de Ovalle,-30.624,-71.587,29.0,2.8,Ml
203021,2023-07-06 16:51:19,2023-07-06 12:51:19,53 km al NE de Calama,-22.033,-68.717,135.0,2.7,Ml
203025,2023-07-06 17:45:26,2023-07-06 13:45:26,57 km al O de Tongoy,-30.398,-72.063,36.0,3.2,Ml
203040,2023-07-06 19:03:09,2023-07-06 15:03:09,13 km al SO de Curicó,-35.091,-71.309,80.0,3.7,Ml
203046,2023-07-06 19:45:16,2023-07-06 15:45:16,16 km al NO de Mina Los Pelambres,-31.734,-70.725,20.0,2.6,Ml
203049,2023-07-06 19:53:30,2023-07-06 15:53:30,36 km al E de Linares,-35.966,-71.223,108.0,3.2,Ml
203070,2023-07-07 00:52:56,2023-07-06 20:52:56,32 km al O de La Higuera,-29.457,-71.531,32.0,2.4,Ml
203073,2023-07-07 01:13:23,2023-07-06 21:13:23,35 km al NE de Mina La Escondida,-24.018,-68.845,100.0,3.1,Ml
203082,2023-07-07 03:06:48,2023-07-06 23:06:48,39 km al NE de Pica,-20.203,-69.12,108.0,2.7,Ml
203087,2023-07-07 04:14:56,2023-07-07 00:14:56,37 km al SE de Pica,-20.769,-69.137,88.0,2.9,Ml
203091,2023-07-07 05:37:09,2023-07-07 01:37:09,98 km al O de San Antonio de los Cobres,-24.42,-67.267,187.0,4.1,Ml
203093,2023-07-07 06:18:22,2023-07-07 02:18:22,18 km al SO de Punitaqui,-30.978,-71.344,58.0,2.6,Ml
203100,2023-07-07 08:30:22,2023-07-07 04:30:22,70 km al NO de San Antonio de los Cobres,-23.749,-66.773,214.0,3.7,Ml
203104,2023-07-07 09:17:22,2023-07-07 05:17:22,40 km al NO de Valparaíso,-32.742,-71.834,35.0,4.3,Ml
203111,2023-07-07 09:28:52,2023-07-07 05:28:52,27 km al NO de Valparaíso,-32.827,-71.732,26.0,3.2,Ml
203112,2023-07-07 09:38:47,2023-07-07 05:38:47,59 km al S de Alto Hospicio,-20.798,-70.115,70.0,2.9,Ml
203118,2023-07-07 10:46:51,2023-07-07 06:46:51,18 km al SO de Cobquecura,-36.217,-72.961,26.0,3.1,Ml
203123,2023-07-07 13:35:55,2023-07-07 09:35:55,76 km al SE de Sierra Gorda.,-23.485,-68.94,119.0,2.9,Ml
203125,2023-07-07 14:57:57,2023-07-07 10:57:57,18 km al SO de Cobquecura,-36.223,-72.961,27.0,2.9,Ml
203128,2023-07-07 15:56:38,2023-07-07 11:56:38,74 km al N de Calama,-21.825,-68.736,110.0,4.0,Ml
203144,2023-07-07 18:52:04,2023-07-07 14:52:04,71 km al NE de Paposo,-24.642,-69.885,87.0,3.1,Ml
203146,2023-07-07 18:55:50,2023-07-07 14:55:50,63 km al S de Putre,-18.736,-69.752,89.0,3.2,Ml
203156,2023-07-07 21:14:45,2023-07-07 17:14:45,45 km al SO de Mina Collahuasi,-21.133,-68.941,110.0,3.6,Ml
203159,2023-07-07 22:27:11,2023-07-07 18:27:11,42 km al N de Huasco,-28.105,-71.363,34.0,2.7,Ml
203166,2023-07-08 00:41:38,2023-07-07 20:41:38,42 km al O de Taltal,-25.472,-70.903,15.0,3.7,Ml
203174,2023-07-08 03:52:51,2023-07-07 23:52:51,20 km al SE de Los Vilos,-32.07,-71.408,70.0,4.0,Ml
203190,2023-07-08 09:03:31,2023-07-08 05:03:31,100 km al E de Socaire,-23.553,-66.914,221.0,3.6,Ml
203198,2023-07-08 14:17:03,2023-07-08 10:17:03,55 km al S de Socaire,-24.079,-67.806,276.0,2.6,Ml
203199,2023-07-08 15:03:12,2023-07-08 11:03:12,39 km al O de Los Vilos,-31.839,-71.916,34.0,3.0,Ml
203205,2023-07-08 16:18:17,2023-07-08 12:18:17,45 km al S de Mina Collahuasi,-21.218,-68.782,108.0,2.7,Ml
203211,2023-07-08 17:49:02,2023-07-08 13:49:02,68 km al SE de Mina La Escondida.,-24.793,-68.716,102.0,3.0,Ml
203216,2023-07-08 18:16:25,2023-07-08 14:16:25,66 km al NE de Calama,-21.931,-68.673,132.0,2.6,Ml
203233,2023-07-08 22:13:55,2023-07-08 18:13:55,29 km al O de Navidad,-33.89,-72.134,24.0,2.5,Ml
203241,2023-07-09 01:01:08,2023-07-08 21:01:08,64 km al SE de Socaire,-23.885,-67.345,235.0,3.0,Ml
203242,2023-07-09 01:10:16,2023-07-08 21:10:16,24 km al SO de Calama,-22.666,-69.031,79.0,2.8,Ml
203248,2023-07-09 02:29:59,2023-07-08 22:29:59,40 km al O de Ollagüe,-21.28,-68.633,110.0,2.6,Ml
203258,2023-07-09 03:51:32,2023-07-08 23:51:32,32 km al S de Pica,-20.773,-69.288,104.0,3.1,Ml
203261,2023-07-09 04:49:16,2023-07-09 00:49:16,33 km al O de Canela Baja,-31.462,-71.793,56.0,2.9,Ml
203265,2023-07-09 05:14:41,2023-07-09 01:14:41,10 km al SE de Calama,-22.509,-68.847,135.0,3.3,Ml
203269,2023-07-09 07:37:41,2023-07-09 03:37:41,31 km al O de Sierra Gorda.,-23.005,-69.596,68.0,2.8,Ml
203272,2023-07-09 08:24:02,2023-07-09 04:24:02,48 km al NO de Valdivia,-39.539,-73.68,13.0,2.6,Ml
203274,2023-07-09 08:46:00,2023-07-09 04:46:00,78 km al S de Socaire,-24.282,-67.742,211.0,2.8,Ml
203275,2023-07-09 09:00:44,2023-07-09 05:00:44,16 km al NE de Calama,-22.378,-68.804,112.0,3.2,Ml
203278,2023-07-09 09:13:07,2023-07-09 05:13:07,30 km al S de Mina Collahuasi,-21.089,-68.707,105.0,2.8,Ml
203282,2023-07-09 09:43:55,2023-07-09 05:43:55,48 km al SO de Mina Collahuasi,-21.202,-68.886,107.0,2.5,Ml
203287,2023-07-09 10:03:48,2023-07-09 06:03:48,66 km al SE de Socaire,-24.082,-67.531,224.0,3.5,Ml
203290,2023-07-09 10:35:12,2023-07-09 06:35:12,33 km al SE de La Ligua,-32.617,-70.939,74.0,2.6,Ml
203295,2023-07-09 11:40:48,2023-07-09 07:40:48,179 km al O de Caleta El Cobre,-23.796,-72.217,27.0,2.9,Ml
203296,2023-07-09 12:43:35,2023-07-09 08:43:35,68 km al E de Socaire,-23.787,-67.257,231.0,2.8,Ml
203305,2023-07-09 15:26:49,2023-07-09 11:26:49,47 km al SO de Mina Collahuasi,-21.117,-68.987,114.0,2.5,Ml
203310,2023-07-09 16:43:12,2023-07-09 12:43:12,45 km al S de Camiña,-19.711,-69.379,97.0,2.9,Ml
203315,2023-07-09 17:11:33,2023-07-09 13:11:33,14 km al N de Farellones,-33.23,-70.272,111.0,5.6,Mww
203320,2023-07-09 17:15:48,2023-07-09 13:15:48,15 km al NO de Farellones,-33.224,-70.379,105.0,2.9,Ml
203322,2023-07-09 17:34:48,2023-07-09 13:34:48,44 km al E de Talca,-35.488,-71.189,106.0,3.3,Ml
203324,2023-07-09 17:43:47,2023-07-09 13:43:47,80 km al E de Socaire,-23.822,-67.148,248.0,2.8,Ml
203361,2023-07-09 22:04:10,2023-07-09 18:04:10,17 km al O de Andacollo,-30.213,-71.262,58.0,4.1,Ml
203366,2023-07-09 22:16:05,2023-07-09 18:16:05,19 km al SE de San Fernando,-34.744,-70.911,102.0,2.8,Ml
203371,2023-07-09 23:23:41,2023-07-09 19:23:41,48 km al SO de Mina Collahuasi,-21.085,-69.022,110.0,3.5,Ml
203387,2023-07-10 02:58:13,2023-07-09 22:58:13,12 km al NO de Farellones,-33.274,-70.396,91.0,3.1,Ml
203390,2023-07-10 03:18:38,2023-07-09 23:18:38,20 km al SO de Valparaíso,-33.203,-71.728,37.0,2.7,Ml
203398,2023-07-10 05:47:25,2023-07-10 01:47:25,48 km al SO de Mina Collahuasi,-21.172,-68.937,112.0,2.6,Ml
203399,2023-07-10 05:47:26,2023-07-10 01:47:26,11 km al O de Calama,-22.466,-69.034,102.0,2.8,Ml
203402,2023-07-10 06:15:07,2023-07-10 02:15:07,313 km al SO de Melinka,-45.515,-76.99,16.0,3.3,Ml
203406,2023-07-10 07:15:37,2023-07-10 03:15:37,55 km al S de Socaire,-24.056,-67.713,234.0,2.9,Ml
203414,2023-07-10 09:29:01,2023-07-10 05:29:01,28 km al NO de Concepción,-36.702,-73.317,22.0,2.5,Ml
203415,2023-07-10 09:31:47,2023-07-10 05:31:47,30 km al SO de Putre,-18.439,-69.686,110.0,2.5,Ml
203421,2023-07-10 09:45:02,2023-07-10 05:45:02,76 km al O de Arica,-18.599,-71.027,15.0,2.6,Ml
203424,2023-07-10 09:57:51,2023-07-10 05:57:51,47 km al SO de Mina Collahuasi,-21.119,-68.991,109.0,2.9,Ml
203433,2023-07-10 12:43:50,2023-07-10 08:43:50,62 km al SO de Ollagüe,-21.682,-68.588,116.0,2.6,Ml
203434,2023-07-10 12:48:02,2023-07-10 08:48:02,50 km al S de Mina Collahuasi,-21.25,-68.821,118.0,2.9,Ml
203447,2023-07-10 15:37:45,2023-07-10 11:37:45,31 km al SO de La Ligua,-32.62,-71.493,35.0,4.1,Ml
203473,2023-07-10 20:09:20,2023-07-10 16:09:20,92 km al SE de Socaire,-24.276,-67.386,221.0,3.2,Ml
203479,2023-07-10 20:56:02,2023-07-10 16:56:02,33 km al S de Antofagasta,-23.927,-70.324,46.0,2.6,Ml
203492,2023-07-10 23:06:26,2023-07-10 19:06:26,53 km al O de Tongoy,-30.399,-72.02,29.0,3.1,Ml
203497,2023-07-11 00:17:49,2023-07-10 20:17:49,44 km al SO de Mina Collahuasi,-21.098,-68.966,111.0,2.5,Ml
203499,2023-07-11 00:26:26,2023-07-10 20:26:26,12 km al E de La Higuera,-29.492,-71.077,75.0,3.5,Ml
203503,2023-07-11 01:11:38,2023-07-10 21:11:38,44 km al O de Valparaíso,-33.096,-72.084,36.0,4.0,Ml
203508,2023-07-11 02:27:50,2023-07-10 22:27:50,14 km al N de Farellones,-33.222,-70.319,102.0,3.6,Ml
203513,2023-07-11 02:28:38,2023-07-10 22:28:38,48 km al S de Socaire,-24.0,-68.034,294.0,3.6,Ml
203510,2023-07-11 02:29:28,2023-07-10 22:29:28,59 km al E de Sierra Gorda.,-23.06,-68.764,111.0,2.9,Ml
203515,2023-07-11 03:04:57,2023-07-10 23:04:57,38 km al O de Valparaíso,-33.101,-72.014,35.0,2.5,Ml
203517,2023-07-11 03:57:07,2023-07-10 23:57:07,24 km al O de Socaire,-23.614,-68.12,132.0,3.3,Ml
203529,2023-07-11 06:36:18,2023-07-11 02:36:18,76 km al O de Arauco,-36.966,-74.102,25.0,2.6,Ml
203537,2023-07-11 07:41:52,2023-07-11 03:41:52,21 km al O de Mina Collahuasi,-20.858,-68.858,105.0,2.7,Ml
203539,2023-07-11 07:44:47,2023-07-11 03:44:47,21 km al NO de San Pedro de Atacama,-22.799,-68.363,109.0,3.0,Ml
203546,2023-07-11 08:22:27,2023-07-11 04:22:27,70 km al SE de Socaire,-23.927,-67.314,213.0,3.2,Ml
203549,2023-07-11 09:14:51,2023-07-11 05:14:51,76 km al SO de Ollagüe,-21.755,-68.716,102.0,2.8,Ml
203552,2023-07-11 09:23:53,2023-07-11 05:23:53,78 km al S de Caldera,-27.745,-71.013,52.0,2.8,Ml
203553,2023-07-11 09:33:57,2023-07-11 05:33:57,59 km al O de La Ligua,-32.508,-71.852,28.0,2.6,Ml
203555,2023-07-11 09:40:16,2023-07-11 05:40:16,44 km al SO de Huasco,-28.806,-71.449,15.0,2.8,Ml
203560,2023-07-11 09:58:03,2023-07-11 05:58:03,26 km al E de Calama,-22.519,-68.68,95.0,2.6,Ml
203565,2023-07-11 10:21:34,2023-07-11 06:21:34,32 km al O de Valparaíso,-33.131,-71.941,26.0,3.2,Ml
203575,2023-07-11 13:06:27,2023-07-11 09:06:27,60 km al SO de Ollagüe,-21.702,-68.533,128.0,2.5,Ml
203585,2023-07-11 16:16:36,2023-07-11 12:16:36,43 km al O de Valparaíso,-33.09,-72.068,20.0,3.1,Ml
203590,2023-07-11 17:07:15,2023-07-11 13:07:15,29 km al SO de Quillagua,-21.861,-69.704,66.0,3.2,Ml
203599,2023-07-11 18:05:23,2023-07-11 14:05:23,74 km al S de Socaire,-24.227,-68.097,267.0,3.7,Ml
203600,2023-07-11 18:10:57,2023-07-11 14:10:57,91 km al O de San Antonio de los Cobres,-24.388,-67.197,197.0,4.0,Ml
203603,2023-07-11 18:24:43,2023-07-11 14:24:43,37 km al N de Valparaíso,-32.723,-71.685,35.0,3.0,Ml
203606,2023-07-11 18:35:44,2023-07-11 14:35:44,29 km al O de Tirúa,-38.226,-73.797,9.0,4.7,Mw
203609,2023-07-11 18:59:00,2023-07-11 14:59:00,61 km al NE de Pica,-19.991,-69.086,101.0,2.6,Ml
203624,2023-07-11 20:41:15,2023-07-11 16:41:15,45 km al SE de Pica,-20.823,-69.088,112.0,3.1,Ml
203627,2023-07-11 20:42:21,2023-07-11 16:42:21,67 km al E de Socaire,-23.638,-67.23,248.0,3.8,Ml
203634,2023-07-11 21:58:10,2023-07-11 17:58:10,83 km al SE de Socaire,-24.021,-67.221,239.0,4.4,Mw
203636,2023-07-11 22:15:08,2023-07-11 18:15:08,35 km al SO de Los Vilos,-32.145,-71.757,8.0,2.5,Ml
203638,2023-07-11 22:45:40,2023-07-11 18:45:40,23 km al NO de Vichuquén,-34.746,-72.182,9.0,2.7,Ml
203641,2023-07-11 23:13:21,2023-07-11 19:13:21,100 km al SE de Socaire,-24.333,-67.34,211.0,3.9,Ml
203644,2023-07-11 23:42:51,2023-07-11 19:42:51,49 km al O de Valparaíso,-33.102,-72.132,24.0,3.3,Ml
203652,2023-07-12 02:51:47,2023-07-11 22:51:47,37 km al SO de Mina Collahuasi,-21.029,-68.943,102.0,3.2,Ml
203659,2023-07-12 04:40:20,2023-07-12 00:40:20,36 km al SO de Los Vilos,-32.143,-71.784,36.0,2.8,Ml
203661,2023-07-12 05:18:03,2023-07-12 01:18:03,60 km al N de Calama,-21.946,-68.787,112.0,4.1,Ml
203664,2023-07-12 05:40:33,2023-07-12 01:40:33,13 km al NE de Ollagüe,-21.134,-68.179,155.0,2.7,Ml
203666,2023-07-12 05:44:13,2023-07-12 01:44:13,59 km al O de La Ligua,-32.507,-71.853,30.0,2.8,Ml
203676,2023-07-12 07:43:33,2023-07-12 03:43:33,82 km al E de Socaire,-23.805,-67.117,238.0,2.8,Ml
203677,2023-07-12 07:44:27,2023-07-12 03:44:27,12 km al E de Talca,-35.443,-71.532,72.0,2.8,Ml
203685,2023-07-12 09:21:01,2023-07-12 05:21:01,22 km al SO de Rancagua,-34.259,-70.951,82.0,2.6,Ml
203687,2023-07-12 10:20:41,2023-07-12 06:20:41,41 km al SO de Los Vilos,-32.25,-71.672,38.0,2.5,Ml
203688,2023-07-12 10:27:32,2023-07-12 06:27:32,23 km al SO de Visviri,-17.774,-69.598,151.0,3.3,Ml
203690,2023-07-12 11:07:53,2023-07-12 07:07:53,86 km al E de Socaire,-23.359,-67.082,202.0,2.7,Ml
203699,2023-07-12 13:49:15,2023-07-12 09:49:15,108 km al O de Tongoy,-30.43,-72.601,29.0,2.9,Ml
203708,2023-07-12 16:47:49,2023-07-12 12:47:49,45 km al E de Ollagüe,-21.107,-67.835,212.0,3.5,Ml
203710,2023-07-12 17:08:20,2023-07-12 13:08:20,31 km al SE de Sierra Gorda,-23.145,-69.208,80.0,3.1,Ml
203714,2023-07-12 17:52:18,2023-07-12 13:52:18,65 km al SO de Castro,-42.806,-74.417,13.0,4.3,Ml
203730,2023-07-12 20:23:22,2023-07-12 16:23:22,128 km al O de Tocopilla,-21.728,-71.376,16.0,2.6,Ml
203733,2023-07-12 20:33:06,2023-07-12 16:33:06,28 km al O de Arauco,-37.337,-73.611,25.0,2.7,Ml
203736,2023-07-12 21:03:46,2023-07-12 17:03:46,44 km al NE de Mina La Escondida,-23.908,-68.879,104.0,3.0,Ml
203753,2023-07-13 00:28:07,2023-07-12 20:28:07,82 km al O de San Antonio de los Cobres,-23.937,-67.061,238.0,3.9,Ml
203759,2023-07-13 01:33:51,2023-07-12 21:33:51,30 km al SO de Los Vilos,-32.132,-71.701,24.0,2.7,Ml
203770,2023-07-13 04:16:57,2023-07-13 00:16:57,18 km al E de Vichuquén,-34.911,-71.802,42.0,3.9,Ml
203773,2023-07-13 04:54:47,2023-07-13 00:54:47,15 km al SO de San Pedro de Atacama,-23.044,-68.258,136.0,3.3,Ml
203787,2023-07-13 08:17:17,2023-07-13 04:17:17,26 km al NE de Pica,-20.306,-69.169,96.0,2.9,Ml
203793,2023-07-13 09:17:18,2023-07-13 05:17:18,23 km al NO de Pichilemu,-34.257,-72.211,40.0,2.7,Ml
203800,2023-07-13 10:06:33,2023-07-13 06:06:33,24 km al S de Pica,-20.693,-69.408,100.0,2.9,Ml
203805,2023-07-13 11:20:48,2023-07-13 07:20:48,102 km al SO de Lebu,-38.099,-74.634,29.0,2.7,Ml
203808,2023-07-13 12:28:28,2023-07-13 08:28:28,82 km al O de Vichuquén,-34.678,-72.853,39.0,3.1,Ml
203811,2023-07-13 13:19:17,2023-07-13 09:19:17,41 km al E de Los Andes.,-32.699,-70.192,110.0,2.8,Ml
203821,2023-07-13 15:00:51,2023-07-13 11:00:51,82 km al SE de Socaire,-24.097,-67.306,211.0,3.0,Ml
203822,2023-07-13 15:06:56,2023-07-13 11:06:56,31 km al N de La Higuera,-29.233,-71.251,53.0,2.8,Ml
203828,2023-07-13 16:40:28,2023-07-13 12:40:28,61 km al SO de Castro,-42.824,-74.348,12.0,3.3,Ml
203829,2023-07-13 18:02:34,2023-07-13 14:02:34,55 km al S de Camiña,-19.801,-69.532,100.0,2.7,Ml
203840,2023-07-13 19:18:10,2023-07-13 15:18:10,35 km al E de Antuco,-37.339,-71.275,148.0,3.8,Ml
203845,2023-07-13 20:35:47,2023-07-13 16:35:47,53 km al SO de Mina Collahuasi,-21.224,-68.941,127.0,3.3,Ml
203864,2023-07-13 23:29:52,2023-07-13 19:29:52,32 km al S de Taltal,-25.698,-70.448,62.0,2.7,Ml
203865,2023-07-14 00:59:17,2023-07-13 20:59:17,55 km al S de Camiña,-19.79,-69.295,94.0,3.0,Ml
203868,2023-07-14 01:34:00,2023-07-13 21:34:00,33 km al NO de Tirúa,-38.155,-73.789,10.0,2.9,Ml
203885,2023-07-14 07:55:18,2023-07-14 03:55:18,32 km al NO de La Higuera,-29.243,-71.326,53.0,2.8,Ml
203900,2023-07-14 10:11:45,2023-07-14 06:11:45,15 km al SO de Tocopilla,-22.199,-70.299,41.0,2.3,Ml
203904,2023-07-14 12:27:16,2023-07-14 08:27:16,26 km al N de Calama,-22.235,-68.889,109.0,2.9,Ml
203907,2023-07-14 12:53:09,2023-07-14 08:53:09,54 km al NE de Calama,-22.083,-68.606,115.0,3.1,Ml
203912,2023-07-14 14:21:48,2023-07-14 10:21:48,51 km al O de Mina La Escondida.,-24.207,-69.557,74.0,2.9,Ml
203918,2023-07-14 16:09:47,2023-07-14 12:09:47,37 km al NO de Canela Baja,-31.167,-71.732,29.0,3.1,Ml
203919,2023-07-14 17:01:44,2023-07-14 13:01:44,8 km al E de Melipilla,-33.675,-71.13,75.0,4.2,Ml
203923,2023-07-14 17:47:33,2023-07-14 13:47:33,26 km al SO de Los Vilos,-32.104,-71.66,64.0,3.2,Ml
203941,2023-07-14 20:44:46,2023-07-14 16:44:46,70 km al S de Puerto Aysén,-46.036,-72.772,14.0,2.9,Ml
203947,2023-07-14 21:11:17,2023-07-14 17:11:17,29 km al SE de Villarrica,-39.441,-71.962,116.0,3.7,Ml
203954,2023-07-14 21:43:15,2023-07-14 17:43:15,73 km al O de Navidad,-33.815,-72.601,37.0,2.6,Ml
203968,2023-07-14 23:57:10,2023-07-14 19:57:10,15 km al SO de Los Vilos,-32.036,-71.575,32.0,2.8,Ml
203971,2023-07-15 00:08:46,2023-07-14 20:08:46,54 km al E de Sierra Gorda.,-23.037,-68.809,99.0,2.6,Ml
203976,2023-07-15 00:53:59,2023-07-14 20:53:59,72 km al SE de Socaire,-24.121,-67.489,225.0,3.8,Ml
203984,2023-07-15 02:00:16,2023-07-14 22:00:16,78 km al E de Alto del Carmen,-28.711,-69.693,118.0,3.7,Ml
203989,2023-07-15 02:43:17,2023-07-14 22:43:17,40 km al NE de Pica,-20.166,-69.175,95.0,3.0,Ml
203991,2023-07-15 03:22:06,2023-07-14 23:22:06,75 km al N de Huasco,-27.816,-71.41,32.0,2.7,Ml
203995,2023-07-15 04:39:05,2023-07-15 00:39:05,91 km al SE de Socaire,-24.321,-67.497,198.0,3.6,Ml
204006,2023-07-15 07:33:57,2023-07-15 03:33:57,23 km al NO de Sierra Gorda,-22.782,-69.506,75.0,3.4,Ml
204010,2023-07-15 08:13:42,2023-07-15 04:13:42,41 km al NE de Calama,-22.187,-68.673,126.0,2.7,Ml
204013,2023-07-15 08:49:34,2023-07-15 04:49:34,37 km al O de La Serena,-29.781,-71.604,35.0,2.8,Ml
204015,2023-07-15 08:51:57,2023-07-15 04:51:57,35 km al E de Temuco,-38.686,-72.196,77.0,2.7,Ml
204025,2023-07-15 10:35:29,2023-07-15 06:35:29,45 km al S de Pica,-20.89,-69.357,80.0,2.8,Ml
204029,2023-07-15 11:05:07,2023-07-15 07:05:07,44 km al O de Mina Collahuasi,-20.883,-69.074,109.0,2.7,Ml
204030,2023-07-15 11:22:10,2023-07-15 07:22:10,44 km al NE de Pica,-20.142,-69.137,120.0,3.6,Ml
204036,2023-07-15 14:17:13,2023-07-15 10:17:13,14 km al SE de Entre Lagos,-40.777,-72.489,100.0,3.4,Ml
204043,2023-07-15 15:25:33,2023-07-15 11:25:33,72 km al SE de Socaire,-24.045,-67.384,256.0,3.3,Ml
204044,2023-07-15 15:58:41,2023-07-15 11:58:41,59 km al O de La Serena,-29.818,-71.858,30.0,2.9,Ml
204045,2023-07-15 16:08:37,2023-07-15 12:08:37,38 km al SE de Pica,-20.763,-69.111,109.0,2.7,Ml
204053,2023-07-15 17:41:15,2023-07-15 13:41:15,51 km al NE de Calama,-22.208,-68.524,106.0,2.5,Ml
204054,2023-07-15 17:57:50,2023-07-15 13:57:50,45 km al SE de Camiña,-19.626,-69.155,104.0,2.9,Ml
204087,2023-07-15 22:29:22,2023-07-15 18:29:22,53 km al N de Pica,-20.013,-69.296,95.0,2.7,Ml
204090,2023-07-15 22:58:54,2023-07-15 18:58:54,10 km al SO de Cuya,-19.236,-70.234,54.0,2.8,Ml
204092,2023-07-15 23:20:04,2023-07-15 19:20:04,11 km al O de Ovalle,-30.591,-71.315,58.0,2.8,Ml
204093,2023-07-16 00:23:16,2023-07-15 20:23:16,14 km al N de Farellones,-33.228,-70.335,98.0,3.0,Ml
204100,2023-07-16 00:58:39,2023-07-15 20:58:39,54 km al S de Pica,-20.967,-69.238,109.0,3.0,Ml
204104,2023-07-16 03:31:36,2023-07-15 23:31:36,209 km al O de Lebu,-38.16,-75.937,10.0,3.7,Ml
204108,2023-07-16 05:23:43,2023-07-16 01:23:43,62 km al S de Alto Hospicio,-20.797,-70.301,63.0,3.2,Ml
204111,2023-07-16 06:07:33,2023-07-16 02:07:33,15 km al SE de Los Vilos,-32.011,-71.409,28.0,2.8,Ml
204119,2023-07-16 08:23:19,2023-07-16 04:23:19,34 km al S de Mina Collahuasi,-21.134,-68.641,156.0,3.5,Ml
204122,2023-07-16 08:35:54,2023-07-16 04:35:54,39 km al S de Huasco,-28.798,-71.335,42.0,3.3,Ml
204125,2023-07-16 09:16:38,2023-07-16 05:16:38,53 km al O de Tongoy,-30.308,-72.041,42.0,3.1,Ml
204131,2023-07-16 11:24:38,2023-07-16 07:24:38,15 km al N de Farellones,-33.213,-70.292,107.0,4.0,Ml
204134,2023-07-16 12:09:27,2023-07-16 08:09:27,8 km al O de Vichuquén,-34.855,-72.078,31.0,3.0,Ml
204139,2023-07-16 13:27:04,2023-07-16 09:27:04,26 km al E de Camiña,-19.371,-69.19,110.0,3.5,Ml
204143,2023-07-16 14:37:47,2023-07-16 10:37:47,26 km al NO de Camiña,-19.111,-69.543,92.0,3.6,Ml
204145,2023-07-16 15:01:55,2023-07-16 11:01:55,20 km al E de Tongoy,-30.279,-71.288,56.0,2.7,Ml
204155,2023-07-16 17:48:17,2023-07-16 13:48:17,45 km al SO de Huasco,-28.761,-71.541,38.0,2.5,Ml
204156,2023-07-16 18:06:23,2023-07-16 14:06:23,50 km al SE de Socaire,-23.915,-67.551,241.0,2.9,Ml
204158,2023-07-16 18:18:39,2023-07-16 14:18:39,111 km al NE de Socaire,-22.936,-67.069,258.0,4.3,Mw
204162,2023-07-16 18:54:20,2023-07-16 14:54:20,91 km al NE de San Pedro de Atacama,-22.263,-67.675,224.0,3.1,Ml
204166,2023-07-16 20:25:28,2023-07-16 16:25:28,37 km al SE de Calama,-22.663,-68.636,127.0,2.9,Ml
204171,2023-07-16 22:38:26,2023-07-16 18:38:26,50 km al S de Ollagüe,-21.652,-68.405,127.0,2.9,Ml
204172,2023-07-16 22:43:38,2023-07-16 18:43:38,75 km al O de Lebu,-37.481,-74.495,33.0,2.6,Ml
204173,2023-07-16 22:46:52,2023-07-16 18:46:52,88 km al NO de Lebu,-37.093,-74.404,26.0,3.1,Ml
204177,2023-07-16 23:43:08,2023-07-16 19:43:08,15 km al NE de La Higuera,-29.396,-71.116,57.0,2.9,Ml
204181,2023-07-17 01:57:26,2023-07-16 21:57:26,22 km al NO de Pica,-20.347,-69.47,41.0,2.6,Ml
204185,2023-07-17 03:05:10,2023-07-16 23:05:10,52 km al NE de Lonquimay,-38.216,-70.856,206.0,6.7,Mww
204191,2023-07-17 04:20:14,2023-07-17 00:20:14,15 km al O de Andacollo,-30.232,-71.236,53.0,2.7,Ml
204194,2023-07-17 04:44:37,2023-07-17 00:44:37,9 km al O de Mina Collahuasi,-20.818,-68.745,115.0,2.5,Ml
204206,2023-07-17 06:55:59,2023-07-17 02:55:59,75 km al E de Taltal,-25.475,-69.742,83.0,2.8,Ml
204208,2023-07-17 07:01:48,2023-07-17 03:01:48,47 km al NO de Camiña,-18.947,-69.659,91.0,4.2,Ml
204213,2023-07-17 08:14:35,2023-07-17 04:14:35,95 km al E de Copiapó,-27.568,-69.398,114.0,3.3,Ml
204215,2023-07-17 08:23:04,2023-07-17 04:23:04,34 km al SE de Mina Los Pelambres,-32.107,-70.455,122.0,2.9,Ml
204217,2023-07-17 08:58:08,2023-07-17 04:58:08,61 km al NE de San Pedro de Atacama,-22.622,-67.7,158.0,2.6,Ml
204218,2023-07-17 09:20:50,2023-07-17 05:20:50,64 km al NE de Los Andes.,-32.572,-69.984,115.0,3.2,Ml
204221,2023-07-17 10:13:47,2023-07-17 06:13:47,31 km al N de Putre,-17.924,-69.511,148.0,3.2,Ml
204223,2023-07-17 11:26:37,2023-07-17 07:26:37,46 km al O de Punitaqui,-30.667,-71.699,13.0,2.8,Ml
204226,2023-07-17 11:37:18,2023-07-17 07:37:18,27 km al NE de Vichuquén,-34.766,-71.741,45.0,2.9,Ml
204230,2023-07-17 11:47:56,2023-07-17 07:47:56,33 km al O de María Elena,-22.404,-69.979,15.0,2.5,Ml
204235,2023-07-17 13:26:48,2023-07-17 09:26:48,36 km al S de Chañaral.,-26.671,-70.68,42.0,2.5,Ml
204240,2023-07-17 15:18:58,2023-07-17 11:18:58,62 km al S de Camiña,-19.858,-69.3,92.0,3.1,Ml
204241,2023-07-17 15:45:58,2023-07-17 11:45:58,34 km al E de Sierra Gorda.,-22.972,-68.994,81.0,3.0,Ml
204244,2023-07-17 16:13:37,2023-07-17 12:13:37,53 km al SO de Ollagüe,-21.542,-68.639,106.0,3.2,Ml
204249,2023-07-17 17:01:35,2023-07-17 13:01:35,13 km al NE de Vicuña,-29.941,-70.624,97.0,2.6,Ml
204252,2023-07-17 18:06:28,2023-07-17 14:06:28,38 km al E de Pica,-20.609,-68.991,115.0,4.1,Ml
204254,2023-07-17 18:17:28,2023-07-17 14:17:28,50 km al O de Arica,-18.612,-70.776,30.0,2.5,Ml
204260,2023-07-17 20:08:39,2023-07-17 16:08:39,30 km al NO de La Ligua,-32.192,-71.342,75.0,3.3,Ml
204266,2023-07-17 22:34:10,2023-07-17 18:34:10,47 km al SO de Mina Collahuasi,-21.097,-69.002,112.0,2.7,Ml
204267,2023-07-17 22:50:38,2023-07-17 18:50:38,53 km al NE de Calama,-22.112,-68.589,114.0,2.8,Ml
204270,2023-07-17 23:28:43,2023-07-17 19:28:43,43 km al SO de Mina Collahuasi,-21.098,-68.958,105.0,2.6,Ml
204271,2023-07-18 00:30:07,2023-07-17 20:30:07,23 km al SO de Socaire,-23.728,-68.061,185.0,3.3,Ml
204272,2023-07-18 00:48:28,2023-07-17 20:48:28,23 km al SO de Mina Collahuasi,-20.933,-68.848,103.0,2.6,Ml
204273,2023-07-18 00:51:41,2023-07-17 20:51:41,75 km al O de San Antonio de los Cobres,-24.048,-67.035,195.0,3.4,Ml
204275,2023-07-18 02:06:05,2023-07-17 22:06:05,44 km al SE de Quillagua,-21.895,-69.195,88.0,3.3,Ml
204277,2023-07-18 02:17:51,2023-07-17 22:17:51,74 km al N de Huasco,-27.843,-71.475,38.0,2.8,Ml
204285,2023-07-18 05:23:45,2023-07-18 01:23:45,40 km al SO de Huasco,-28.798,-71.378,29.0,3.1,Ml
204288,2023-07-18 06:58:42,2023-07-18 02:58:42,41 km al S de Mina Collahuasi,-21.192,-68.663,126.0,2.7,Ml
204291,2023-07-18 09:11:15,2023-07-18 05:11:15,59 km al SO de Arica,-18.726,-70.817,34.0,3.2,Ml
204296,2023-07-18 13:25:39,2023-07-18 09:25:39,46 km al SE de Socaire,-23.909,-67.601,213.0,2.7,Ml
204297,2023-07-18 13:32:32,2023-07-18 09:32:32,37 km al SE de Linares,-36.119,-71.374,110.0,3.4,Ml
204312,2023-07-18 19:29:58,2023-07-18 15:29:58,96 km al S de Ilo,-18.511,-71.349,35.0,3.1,Ml
204314,2023-07-18 20:18:36,2023-07-18 16:18:36,43 km al SO de Mina Collahuasi,-21.082,-68.971,110.0,3.1,Ml
204315,2023-07-18 20:31:32,2023-07-18 16:31:32,49 km al SO de Mina Collahuasi,-21.188,-68.92,115.0,2.9,Ml
204317,2023-07-18 21:08:22,2023-07-18 17:08:22,40 km al NO de Valparaíso,-32.88,-71.998,39.0,4.0,Ml
204323,2023-07-18 21:49:22,2023-07-18 17:49:22,17 km al O de Andacollo,-30.191,-71.256,60.0,3.2,Ml
204324,2023-07-18 21:54:38,2023-07-18 17:54:38,34 km al NO de Mina Collahuasi,-20.677,-68.941,111.0,2.9,Ml
204327,2023-07-18 22:31:07,2023-07-18 18:31:07,49 km al SO de Mina Collahuasi,-21.213,-68.892,108.0,2.7,Ml
204328,2023-07-18 22:43:47,2023-07-18 18:43:47,56 km al S de Alto Hospicio,-20.763,-70.179,64.0,3.3,Ml
204330,2023-07-18 23:08:55,2023-07-18 19:08:55,54 km al S de Ollagüe,-21.688,-68.408,123.0,3.1,Ml
204332,2023-07-18 23:52:34,2023-07-18 19:52:34,107 km al O de San Antonio de los Cobres,-24.425,-67.35,200.0,3.2,Ml
204339,2023-07-19 01:42:27,2023-07-18 21:42:27,16 km al O de Andacollo,-30.232,-71.254,56.0,2.6,Ml
204347,2023-07-19 03:55:41,2023-07-18 23:55:41,41 km al SO de Mina Collahuasi,-20.991,-69.01,110.0,2.5,Ml
204349,2023-07-19 04:48:58,2023-07-19 00:48:58,30 km al SE de Pica,-20.628,-69.078,116.0,3.2,Ml
204355,2023-07-19 05:25:20,2023-07-19 01:25:20,31 km al NE de Sierra Gorda.,-22.77,-69.047,96.0,2.8,Ml
204356,2023-07-19 05:38:45,2023-07-19 01:38:45,92 km al O de San Antonio de los Cobres,-24.264,-67.226,212.0,3.3,Ml
204359,2023-07-19 05:58:41,2023-07-19 01:58:41,45 km al N de Huasco,-28.077,-71.094,33.0,2.7,Ml
204364,2023-07-19 06:27:44,2023-07-19 02:27:44,72 km al NE de Calama,-21.909,-68.578,112.0,3.3,Ml
204361,2023-07-19 06:27:50,2023-07-19 02:27:50,25 km al E de Las Cabras,-34.329,-71.033,84.0,2.5,Ml
204369,2023-07-19 08:07:35,2023-07-19 04:07:35,3 km al O de Tongoy,-30.257,-71.527,48.0,3.6,Ml
204377,2023-07-19 10:46:01,2023-07-19 06:46:01,98 km al NE de Alto del Carmen,-28.219,-69.7,93.0,2.5,Ml
204378,2023-07-19 10:54:00,2023-07-19 06:54:00,10 km al E de Tierra Amarilla,-27.476,-70.165,84.0,3.7,Ml
204384,2023-07-19 13:10:13,2023-07-19 09:10:13,55 km al O de Tongoy,-30.308,-72.066,36.0,2.8,Ml
204403,2023-07-19 18:52:33,2023-07-19 14:52:33,104 km al E de Alto del Carmen,-29.106,-69.497,131.0,4.0,Ml
204405,2023-07-19 19:07:08,2023-07-19 15:07:08,79 km al O de San Antonio de los Cobres,-24.336,-67.091,202.0,3.5,Ml
204412,2023-07-19 19:47:03,2023-07-19 15:47:03,40 km al S de Mina La Escondida,-24.629,-69.042,95.0,3.1,Ml
204414,2023-07-19 19:53:30,2023-07-19 15:53:30,73 km al NE de Pica,-19.89,-69.039,100.0,3.1,Ml
204415,2023-07-19 20:26:43,2023-07-19 16:26:43,93 km al O de San Antonio de los Cobres,-24.352,-67.224,194.0,3.5,Ml
204416,2023-07-19 20:57:52,2023-07-19 16:57:52,15 km al N de Farellones,-33.22,-70.363,102.0,3.5,Ml
204420,2023-07-19 22:01:06,2023-07-19 18:01:06,21 km al NO de Mina Los Pelambres,-31.679,-70.726,16.0,2.8,Ml
204421,2023-07-19 22:50:26,2023-07-19 18:50:26,42 km al SO de Mina Collahuasi,-21.118,-68.92,107.0,2.7,Ml
204423,2023-07-20 00:49:53,2023-07-19 20:49:53,101 km al NE de San Pedro de Atacama,-22.139,-67.701,206.0,4.3,Mw
204427,2023-07-20 01:55:40,2023-07-19 21:55:40,36 km al S de Tierra Amarilla,-27.807,-70.233,99.0,2.8,Ml
204429,2023-07-20 02:38:12,2023-07-19 22:38:12,87 km al SE de Socaire,-23.93,-67.117,191.0,3.5,Ml
204431,2023-07-20 03:29:55,2023-07-19 23:29:55,50 km al SO de Los Vilos,-32.277,-71.821,15.0,3.1,Ml
204433,2023-07-20 03:36:25,2023-07-19 23:36:25,15 km al O de Andacollo,-30.185,-71.235,56.0,2.5,Ml
204435,2023-07-20 03:57:50,2023-07-19 23:57:50,111 km al NE de San Pedro de Atacama,-22.171,-67.482,207.0,3.9,Ml
204437,2023-07-20 04:26:32,2023-07-20 00:26:32,54 km al SO de Mina Collahuasi,-21.262,-68.896,107.0,2.7,Ml
204440,2023-07-20 05:21:46,2023-07-20 01:21:46,42 km al N de Quillagua,-21.302,-69.662,61.0,3.2,Ml
204444,2023-07-20 06:21:50,2023-07-20 02:21:50,110 km al E de Tierra Amarilla,-27.356,-69.16,92.0,2.5,Ml
204446,2023-07-20 06:48:31,2023-07-20 02:48:31,61 km al O de Tongoy,-30.417,-72.105,39.0,2.5,Ml
204449,2023-07-20 08:46:25,2023-07-20 04:46:25,86 km al O de San Antonio de los Cobres,-24.026,-67.142,221.0,3.3,Ml
204456,2023-07-20 10:06:00,2023-07-20 06:06:00,82 km al NE de San Pedro de Atacama,-22.37,-67.669,189.0,2.7,Ml
204460,2023-07-20 10:23:54,2023-07-20 06:23:54,31 km al E de Pica,-20.437,-69.042,103.0,2.8,Ml
204464,2023-07-20 13:04:24,2023-07-20 09:04:24,45 km al SO de Ollagüe,-21.543,-68.525,147.0,3.9,Ml
204472,2023-07-20 14:34:16,2023-07-20 10:34:16,15 km al NO de Punitaqui,-30.707,-71.309,52.0,3.0,Ml
204477,2023-07-20 16:47:15,2023-07-20 12:47:15,53 km al E de Quillagua,-21.815,-69.05,86.0,3.6,Ml
204479,2023-07-20 17:19:56,2023-07-20 13:19:56,12 km al O de Mina Collahuasi,-20.83,-68.777,110.0,3.6,Ml
204486,2023-07-20 18:30:49,2023-07-20 14:30:49,26 km al SE de Tirúa,-38.553,-73.362,33.0,3.6,Ml
204495,2023-07-20 20:05:53,2023-07-20 16:05:53,34 km al NO de Mina Collahuasi,-20.574,-68.834,118.0,2.9,Ml
204503,2023-07-20 21:50:24,2023-07-20 17:50:24,20 km al N de Copiapó,-27.189,-70.295,101.0,2.7,Ml
204510,2023-07-21 01:50:54,2023-07-20 21:50:54,106 km al E de Tierra Amarilla,-27.6,-69.203,117.0,2.5,Ml
204513,2023-07-21 01:52:39,2023-07-20 21:52:39,65 km al E de Ollagüe,-21.251,-67.623,192.0,3.6,Ml
204515,2023-07-21 02:10:35,2023-07-20 22:10:35,77 km al NO de Tocopilla,-21.459,-70.507,45.0,2.8,Ml
204523,2023-07-21 04:06:47,2023-07-21 00:06:47,40 km al O de Ovalle,-30.605,-71.617,36.0,4.7,Mw
204526,2023-07-21 05:02:22,2023-07-21 01:02:22,37 km al NE de Vallenar,-28.269,-70.604,90.0,3.6,Ml
204531,2023-07-21 06:11:51,2023-07-21 02:11:51,68 km al SO de Ollagüe,-21.646,-68.73,93.0,3.5,Ml
204551,2023-07-21 11:49:55,2023-07-21 07:49:55,27 km al S de Pisagua,-19.838,-70.175,40.0,3.2,Ml
204553,2023-07-21 12:04:17,2023-07-21 08:04:17,26 km al SE de Petorca,-32.443,-70.78,80.0,4.2,Ml
204557,2023-07-21 14:50:52,2023-07-21 10:50:52,25 km al E de Las Cabras,-34.335,-71.041,76.0,2.9,Ml
204563,2023-07-21 16:07:53,2023-07-21 12:07:53,53 km al N de Mejillones,-22.628,-70.473,50.0,2.5,Ml
204567,2023-07-21 17:13:04,2023-07-21 13:13:04,11 km al SO de Iquique,-20.299,-70.214,46.0,3.3,Ml
204570,2023-07-21 17:31:31,2023-07-21 13:31:31,42 km al N de Cobquecura,-35.755,-72.857,23.0,2.9,Ml
204584,2023-07-22 00:07:17,2023-07-21 20:07:17,53 km al NE de Vallenar,-28.234,-70.375,100.0,3.4,Ml
204586,2023-07-22 01:24:25,2023-07-21 21:24:25,59 km al SO de Lebu,-37.946,-74.172,10.0,3.5,Ml
204587,2023-07-22 02:23:43,2023-07-21 22:23:43,31 km al O de Ollagüe,-21.162,-68.547,118.0,3.1,Ml
204595,2023-07-22 05:04:35,2023-07-22 01:04:35,59 km al SO de Ollagüe,-21.646,-68.602,111.0,2.6,Ml
204597,2023-07-22 05:13:46,2023-07-22 01:13:46,48 km al N de Calama,-22.059,-69.074,107.0,2.5,Ml
204607,2023-07-22 08:21:00,2023-07-22 04:21:00,13 km al SO de La Higuera,-29.606,-71.289,70.0,2.9,Ml
204610,2023-07-22 08:26:33,2023-07-22 04:26:33,41 km al SO de Ollagüe,-21.567,-68.401,130.0,3.7,Ml
204611,2023-07-22 09:59:34,2023-07-22 05:59:34,45 km al SO de Mina Collahuasi,-21.194,-68.835,115.0,3.9,Ml
204615,2023-07-22 11:22:27,2023-07-22 07:22:27,70 km al SO de Ollagüe,-21.765,-68.597,123.0,3.3,Ml
204617,2023-07-22 12:22:22,2023-07-22 08:22:22,17 km al S de Curicó,-35.139,-71.203,94.0,2.9,Ml
204620,2023-07-22 15:21:57,2023-07-22 11:21:57,189 km al O de Concepción,-36.098,-74.959,10.0,4.2,Ml
204628,2023-07-22 20:58:32,2023-07-22 16:58:32,70 km al O de Iquique,-20.234,-70.821,18.0,2.6,Ml
204630,2023-07-22 21:04:48,2023-07-22 17:04:48,67 km al O de Los Vilos,-32.021,-72.209,27.0,4.1,Ml
204637,2023-07-22 23:46:37,2023-07-22 19:46:37,64 km al O de Socaire,-23.706,-68.503,104.0,3.0,Ml
204642,2023-07-23 02:33:09,2023-07-22 22:33:09,69 km al N de Calama,-21.866,-68.778,128.0,2.5,Ml
204645,2023-07-23 05:44:26,2023-07-23 01:44:26,61 km al N de Huasco,-27.922,-71.154,49.0,2.6,Ml
204649,2023-07-23 05:53:18,2023-07-23 01:53:18,14 km al O de Tocopilla,-22.086,-70.341,37.0,3.6,Ml
204651,2023-07-23 06:00:57,2023-07-23 02:00:57,40 km al SO de Tongoy,-30.57,-71.692,15.0,2.7,Ml
204654,2023-07-23 08:09:59,2023-07-23 04:09:59,120 km al SE de Socaire,-24.396,-67.101,193.0,4.4,Ml
204662,2023-07-23 13:40:40,2023-07-23 09:40:40,158 km al O de Tirúa,-38.397,-75.305,18.0,3.9,Ml
204666,2023-07-23 15:32:52,2023-07-23 11:32:52,156 km al O de Canela Baja,-31.341,-73.101,10.0,3.9,Ml
204667,2023-07-23 17:48:57,2023-07-23 13:48:57,41 km al N de Pozo Almonte,-19.906,-69.66,34.0,2.8,Ml
204674,2023-07-23 19:05:10,2023-07-23 15:05:10,18 km al O de Ovalle,-30.602,-71.394,52.0,2.9,Ml
204677,2023-07-23 19:33:12,2023-07-23 15:33:12,44 km al S de Caldera,-27.45,-70.929,55.0,3.2,Ml
204689,2023-07-23 22:31:46,2023-07-23 18:31:46,107 km al E de El Salvador,-26.224,-68.557,134.0,3.1,Ml
204691,2023-07-23 23:52:53,2023-07-23 19:52:53,35 km al SO de Melipilla,-33.94,-71.441,44.0,2.7,Ml
204694,2023-07-24 02:16:03,2023-07-23 22:16:03,68 km al N de Calama,-21.873,-68.802,100.0,3.3,Ml
204704,2023-07-24 04:22:37,2023-07-24 00:22:37,51 km al NO de Quillagua,-21.272,-69.806,19.0,2.6,Ml
204711,2023-07-24 08:12:09,2023-07-24 04:12:09,38 km al E de Sierra Gorda,-22.934,-68.952,105.0,3.5,Ml
204712,2023-07-24 08:24:05,2023-07-24 04:24:05,37 km al E de Rancagua,-34.084,-70.35,2.0,4.3,Mw
204721,2023-07-24 12:41:26,2023-07-24 08:41:26,97 km al NO de Tongoy,-29.675,-72.243,17.0,2.9,Ml
204729,2023-07-24 16:14:28,2023-07-24 12:14:28,47 km al SO de Puerto Edén,-49.51,-74.674,20.0,4.4,Ml
204744,2023-07-25 03:01:12,2023-07-24 23:01:12,136 km al NO de Puerto Edén,-48.113,-75.448,11.0,3.1,Ml
204748,2023-07-25 04:09:19,2023-07-25 00:09:19,40 km al SO de Mina Collahuasi,-21.107,-68.905,113.0,2.8,Ml
204750,2023-07-25 05:29:49,2023-07-25 01:29:49,83 km al NO de Tongoy,-29.834,-72.209,32.0,3.0,Ml
204753,2023-07-25 06:47:23,2023-07-25 02:47:23,29 km al SO de Ollagüe,-21.399,-68.467,116.0,2.7,Ml
204754,2023-07-25 06:55:45,2023-07-25 02:55:45,24 km al NO de Camiña,-19.115,-69.523,117.0,2.9,Ml
204758,2023-07-25 08:26:30,2023-07-25 04:26:30,62 km al SO de Ollagüe,-21.741,-68.468,141.0,3.0,Ml
204768,2023-07-25 11:13:04,2023-07-25 07:13:04,28 km al NE de Linares,-35.621,-71.462,93.0,4.2,Ml
204773,2023-07-25 14:13:09,2023-07-25 10:13:09,52 km al E de El Salvador,-26.256,-69.1,135.0,3.8,Ml
204776,2023-07-25 14:24:46,2023-07-25 10:24:46,41 km al SO de Mina Collahuasi,-21.14,-68.866,104.0,3.1,Ml
204788,2023-07-25 17:12:59,2023-07-25 13:12:59,89 km al O de Arica,-18.659,-71.147,50.0,2.7,Ml
204807,2023-07-26 00:30:09,2023-07-25 20:30:09,27 km al NE de Vichuquén,-34.76,-71.739,46.0,2.5,Ml
204810,2023-07-26 01:28:19,2023-07-25 21:28:19,28 km al NE de Antofagasta,-23.448,-70.232,62.0,2.9,Ml
204812,2023-07-26 02:09:04,2023-07-25 22:09:04,16 km al SO de Caldera,-27.201,-70.886,30.0,3.7,Ml
204814,2023-07-26 03:00:50,2023-07-25 23:00:50,139 km al NO de Constitución,-34.478,-73.523,20.0,3.0,Ml
204818,2023-07-26 06:42:36,2023-07-26 02:42:36,31 km al SO de Huasco,-28.682,-71.419,24.0,2.5,Ml
204822,2023-07-26 07:39:24,2023-07-26 03:39:24,18 km al SE de Calama,-22.564,-68.787,115.0,3.4,Ml
204823,2023-07-26 08:38:20,2023-07-26 04:38:20,75 km al E de Socaire,-23.78,-67.185,250.0,3.1,Ml
204825,2023-07-26 09:11:26,2023-07-26 05:11:26,27 km al SO de Santa Cruz,-34.823,-71.563,48.0,2.6,Ml
204826,2023-07-26 10:05:55,2023-07-26 06:05:55,12 km al NO de Pisagua,-19.503,-70.277,66.0,2.8,Ml
204832,2023-07-26 12:08:32,2023-07-26 08:08:32,52 km al E de Calama,-22.449,-68.424,114.0,2.6,Ml
204833,2023-07-26 12:30:36,2023-07-26 08:30:36,34 km al SE de Pica,-20.774,-69.196,102.0,2.5,Ml
204837,2023-07-26 14:10:54,2023-07-26 10:10:54,32 km al S de Mina Collahuasi,-21.114,-68.688,110.0,2.7,Ml
204838,2023-07-26 15:11:26,2023-07-26 11:11:26,68 km al NE de Calama,-21.938,-68.613,114.0,3.7,Ml
204849,2023-07-26 19:35:38,2023-07-26 15:35:38,36 km al SO de Mina Collahuasi,-20.995,-68.948,118.0,2.8,Ml
204850,2023-07-26 20:01:11,2023-07-26 16:01:11,80 km al SE de Socaire,-24.246,-67.565,235.0,3.2,Ml
204856,2023-07-26 21:54:15,2023-07-26 17:54:15,31 km al S de Ollagüe,-21.503,-68.285,154.0,3.6,Ml
204858,2023-07-26 23:36:03,2023-07-26 19:36:03,69 km al SE de Socaire,-24.028,-67.409,250.0,2.8,Ml
204862,2023-07-27 00:06:35,2023-07-26 20:06:35,55 km al N de Calama,-21.997,-68.761,142.0,2.9,Ml
204864,2023-07-27 01:24:22,2023-07-26 21:24:22,99 km al SE de Socaire,-24.344,-67.368,201.0,3.1,Ml
204866,2023-07-27 03:14:58,2023-07-26 23:14:58,48 km al SO de Ollagüe,-21.546,-68.562,136.0,2.6,Ml
204870,2023-07-27 04:35:29,2023-07-27 00:35:29,45 km al SE de Pica,-20.86,-69.162,107.0,3.0,Ml
204873,2023-07-27 05:47:55,2023-07-27 01:47:55,26 km al N de San Fabián,-36.321,-71.555,93.0,2.5,Ml
204876,2023-07-27 06:38:40,2023-07-27 02:38:40,45 km al N de Mina Collahuasi,-20.419,-68.652,9.0,2.7,Ml
204880,2023-07-27 06:39:41,2023-07-27 02:39:41,43 km al N de Mina Collahuasi,-20.438,-68.658,11.0,2.8,Ml
204883,2023-07-27 07:40:20,2023-07-27 03:40:20,45 km al N de Mina Collahuasi,-20.422,-68.679,11.0,3.1,Ml
204884,2023-07-27 07:47:53,2023-07-27 03:47:53,39 km al SO de Mina Collahuasi,-21.107,-68.882,113.0,3.0,Ml
204886,2023-07-27 08:11:02,2023-07-27 04:11:02,48 km al SE de Mina Los Pelambres,-32.22,-70.385,16.0,2.5,Ml
204888,2023-07-27 09:11:28,2023-07-27 05:11:28,86 km al NE de San Pedro de Atacama,-22.264,-67.753,222.0,3.1,Ml
204889,2023-07-27 09:15:14,2023-07-27 05:15:14,35 km al O de Ollagüe,-21.154,-68.586,132.0,2.8,Ml
204890,2023-07-27 09:37:14,2023-07-27 05:37:14,63 km al N de Calama,-21.924,-68.752,120.0,2.5,Ml
204893,2023-07-27 10:17:42,2023-07-27 06:17:42,15 km al SO de Colina,-33.3,-70.79,73.0,2.7,Ml
204898,2023-07-27 11:13:00,2023-07-27 07:13:00,43 km al NO de Caldera,-26.767,-71.088,29.0,4.8,Mw
204901,2023-07-27 11:21:27,2023-07-27 07:21:27,44 km al NE de Tacna,-17.833,-69.89,148.0,4.0,Ml
204906,2023-07-27 12:07:19,2023-07-27 08:07:19,28 km al NO de Caldera,-26.848,-70.962,39.0,3.0,Ml
204907,2023-07-27 12:18:58,2023-07-27 08:18:58,66 km al N de Huasco,-27.885,-71.082,15.0,2.5,Ml
204908,2023-07-27 12:44:01,2023-07-27 08:44:01,33 km al NO de Caldera,-26.896,-71.099,37.0,3.8,Ml
204914,2023-07-27 17:24:54,2023-07-27 13:24:54,30 km al NO de Caldera,-26.867,-71.032,33.0,3.0,Ml
204916,2023-07-27 17:55:43,2023-07-27 13:55:43,41 km al O de Arauco,-37.189,-73.78,29.0,3.5,Ml
204919,2023-07-27 18:33:03,2023-07-27 14:33:03,61 km al SE de Rancagua,-34.438,-70.158,130.0,3.2,Ml
204924,2023-07-27 19:01:01,2023-07-27 15:01:01,43 km al E de Mejillones,-22.986,-70.049,52.0,2.5,Ml
204929,2023-07-27 22:00:22,2023-07-27 18:00:22,22 km al N de Taltal,-25.215,-70.429,53.0,3.0,Ml
204930,2023-07-28 01:01:49,2023-07-27 21:01:49,90 km al O de San Antonio de los Cobres,-24.233,-67.21,224.0,3.1,Ml
204933,2023-07-28 01:46:00,2023-07-27 21:46:00,95 km al NE de San Pedro de Atacama,-22.251,-67.622,207.0,3.3,Ml
204936,2023-07-28 02:05:22,2023-07-27 22:05:22,20 km al SO de Los Vilos,-32.081,-71.589,38.0,2.5,Ml
204937,2023-07-28 02:36:18,2023-07-27 22:36:18,55 km al S de Tocopilla,-22.578,-70.324,72.0,3.7,Ml
204939,2023-07-28 03:08:42,2023-07-27 23:08:42,41 km al O de Punitaqui,-30.767,-71.685,38.0,2.5,Ml
204941,2023-07-28 04:48:53,2023-07-28 00:48:53,59 km al O de Tongoy,-30.142,-72.092,43.0,3.4,Ml
204943,2023-07-28 05:18:30,2023-07-28 01:18:30,53 km al NE de Ollagüe,-20.883,-67.898,175.0,3.3,Ml
204944,2023-07-28 05:26:04,2023-07-28 01:26:04,103 km al SE de Socaire,-24.367,-67.346,186.0,3.0,Ml
204945,2023-07-28 05:46:28,2023-07-28 01:46:28,20 km al SE de Pica,-20.645,-69.224,78.0,2.6,Ml
204946,2023-07-28 06:23:43,2023-07-28 02:23:43,94 km al SE de Socaire,-24.36,-67.5,198.0,2.8,Ml
204950,2023-07-28 07:40:10,2023-07-28 03:40:10,28 km al SO de San Pedro de Atacama,-23.078,-68.413,114.0,2.6,Ml
204951,2023-07-28 07:52:35,2023-07-28 03:52:35,97 km al SE de Socaire,-24.346,-67.407,188.0,3.2,Ml
204953,2023-07-28 08:05:20,2023-07-28 04:05:20,28 km al O de Vallenar,-28.681,-71.017,50.0,2.5,Ml
204956,2023-07-28 08:25:10,2023-07-28 04:25:10,76 km al SE de Socaire,-24.159,-67.476,199.0,3.4,Ml
204961,2023-07-28 10:55:11,2023-07-28 06:55:11,25 km al E de Concepción,-36.845,-72.773,32.0,2.7,Ml
204966,2023-07-28 13:09:40,2023-07-28 09:09:40,18 km al N de Salamanca,-31.618,-70.961,58.0,2.8,Ml
204980,2023-07-28 17:29:30,2023-07-28 13:29:30,103 km al SE de Socaire,-24.44,-67.488,195.0,3.8,Ml
204987,2023-07-28 19:35:37,2023-07-28 15:35:37,95 km al NE de Paihuano,-29.594,-69.664,142.0,2.9,Ml
204991,2023-07-28 20:18:20,2023-07-28 16:18:20,43 km al NO de Valparaíso,-32.698,-71.799,24.0,3.4,Ml
205007,2023-07-29 06:50:56,2023-07-29 02:50:56,16 km al NE de Huasco,-28.346,-71.121,46.0,2.8,Ml
205017,2023-07-29 09:03:15,2023-07-29 05:03:15,48 km al N de Huasco,-28.043,-71.11,59.0,2.6,Ml
205029,2023-07-29 11:38:08,2023-07-29 07:38:08,33 km al O de Canela Baja,-31.433,-71.803,29.0,2.5,Ml
205046,2023-07-29 19:16:11,2023-07-29 15:16:11,20 km al NO de La Higuera,-29.379,-71.343,42.0,3.0,Ml
205052,2023-07-29 19:48:44,2023-07-29 15:48:44,46 km al SO de Mina Collahuasi,-21.147,-68.944,107.0,2.8,Ml
205063,2023-07-29 23:09:45,2023-07-29 19:09:45,53 km al O de Taltal,-25.407,-71.014,34.0,3.0,Ml
205070,2023-07-30 01:12:18,2023-07-29 21:12:18,40 km al O de San Pedro de Atacama,-22.987,-68.584,108.0,2.8,Ml
205079,2023-07-30 02:16:23,2023-07-29 22:16:23,21 km al SE de Arauco,-37.401,-73.18,58.0,4.9,Mw
205084,2023-07-30 02:51:53,2023-07-29 22:51:53,21 km al SE de Pica,-20.576,-69.153,109.0,3.5,Ml
205091,2023-07-30 05:53:24,2023-07-30 01:53:24,26 km al E de Vichuquén,-34.914,-71.716,56.0,4.1,Ml
205096,2023-07-30 08:41:24,2023-07-30 04:41:24,35 km al NO de San Pedro de Atacama,-22.785,-68.505,125.0,4.0,Ml
205101,2023-07-30 08:55:21,2023-07-30 04:55:21,125 km al NO de Tongoy,-29.625,-72.567,50.0,2.9,Ml
205113,2023-07-30 15:32:25,2023-07-30 11:32:25,12 km al SE de Huasco,-28.532,-71.123,79.0,3.0,Ml
205118,2023-07-30 16:21:45,2023-07-30 12:21:45,29 km al SE de Pica,-20.678,-69.143,108.0,2.7,Ml
205127,2023-07-30 17:38:30,2023-07-30 13:38:30,43 km al NO de Canela Baja,-31.046,-71.633,70.0,3.0,Ml
205129,2023-07-30 17:39:49,2023-07-30 13:39:49,21 km al NE de Los Andes.,-32.726,-70.413,105.0,3.3,Ml
205141,2023-07-30 21:06:55,2023-07-30 17:06:55,43 km al S de Mina Collahuasi,-21.215,-68.673,105.0,3.3,Ml
205146,2023-07-30 22:42:54,2023-07-30 18:42:54,20 km al NO de Punitaqui,-30.717,-71.414,48.0,2.8,Ml
205160,2023-07-31 04:08:08,2023-07-31 00:08:08,89 km al N de Puerto Edén,-48.354,-74.721,16.0,4.9,Mw
205161,2023-07-31 04:16:19,2023-07-31 00:16:19,116 km al NO de Puerto Edén,-48.431,-75.59,10.0,4.0,Ml
205173,2023-07-31 08:21:09,2023-07-31 04:21:09,28 km al S de Canela Baja,-31.65,-71.498,65.0,2.9,Ml
205181,2023-07-31 11:42:52,2023-07-31 07:42:52,43 km al O de Mina Collahuasi,-20.821,-69.072,106.0,3.5,Ml
205186,2023-07-31 13:31:28,2023-07-31 09:31:28,60 km al NE de Calama,-21.978,-68.698,112.0,2.7,Ml
205196,2023-07-31 19:03:47,2023-07-31 15:03:47,82 km al O de Cobquecura,-36.196,-73.705,34.0,3.0,Ml
205200,2023-07-31 19:17:39,2023-07-31 15:17:39,71 km al SO de Ollagüe,-21.791,-68.568,134.0,2.9,Ml
205211,2023-07-31 20:55:29,2023-07-31 16:55:29,41 km al NE de Calama,-22.152,-68.734,118.0,4.1,Ml
205214,2023-07-31 22:02:40,2023-07-31 18:02:40,46 km al O de Mina Collahuasi,-20.858,-69.094,97.0,3.4,Ml
205221,2023-07-31 23:42:08,2023-07-31 19:42:08,69 km al NE de Calama,-21.894,-68.69,99.0,2.8,Ml
205225,2023-08-01 00:17:21,2023-07-31 20:17:21,42 km al SE de Calama,-22.637,-68.566,100.0,3.1,Ml
205229,2023-08-01 03:56:17,2023-07-31 23:56:17,7 km al E de Parque Fray Jorge,-30.652,-71.606,41.0,2.9,Ml
205232,2023-08-01 05:10:43,2023-08-01 01:10:43,65 km al SO de Ollagüe,-21.764,-68.489,134.0,3.7,Ml
205233,2023-08-01 05:44:51,2023-08-01 01:44:51,71 km al NE de Calama,-21.907,-68.613,118.0,3.2,Ml
205240,2023-08-01 06:22:06,2023-08-01 02:22:06,15 km al NE de Los Andes.,-32.744,-70.475,99.0,2.7,Ml
205242,2023-08-01 06:35:07,2023-08-01 02:35:07,53 km al SO de Mina Collahuasi,-21.238,-68.912,85.0,3.0,Ml
205251,2023-08-01 09:45:56,2023-08-01 05:45:56,38 km al O de Mina Collahuasi,-20.753,-69.017,100.0,3.0,Ml
205256,2023-08-01 14:11:09,2023-08-01 10:11:09,126 km al NO de Puerto Edén,-48.169,-75.336,13.0,4.5,Mw
205260,2023-08-01 14:40:00,2023-08-01 10:40:00,53 km al NE de Calama,-22.061,-68.666,124.0,2.6,Ml
205263,2023-08-01 15:19:39,2023-08-01 11:19:39,33 km al S de Calama,-22.764,-68.895,108.0,2.7,Ml
205266,2023-08-01 16:35:45,2023-08-01 12:35:45,37 km al SE de Copiapó,-27.575,-70.038,92.0,3.1,Ml
205273,2023-08-01 17:52:14,2023-08-01 13:52:14,26 km al SO de Mina Collahuasi,-20.957,-68.869,107.0,2.6,Ml
205278,2023-08-01 18:48:22,2023-08-01 14:48:22,13 km al SE de Mina Los Pelambres,-31.928,-70.529,147.0,3.1,Ml
205279,2023-08-01 19:04:08,2023-08-01 15:04:08,123 km al O de Caleta Tortel,-47.966,-75.171,18.0,3.6,Ml
205283,2023-08-01 19:49:52,2023-08-01 15:49:52,21 km al S de Caldera,-27.25,-70.869,59.0,2.9,Ml
205291,2023-08-01 21:13:29,2023-08-01 17:13:29,115 km al O de Arica,-18.887,-71.32,18.0,3.2,Ml
205295,2023-08-01 22:27:37,2023-08-01 18:27:37,82 km al NE de Alto del Carmen,-28.182,-69.958,113.0,2.6,Ml
205302,2023-08-02 00:40:20,2023-08-01 20:40:20,124 km al S de Ilo,-18.736,-71.591,18.0,4.4,Mw
205305,2023-08-02 02:16:20,2023-08-01 22:16:20,125 km al O de Arica,-18.8,-71.455,28.0,3.8,Ml
205306,2023-08-02 02:20:38,2023-08-01 22:20:38,136 km al O de Antofagasta,-23.722,-71.741,21.0,2.7,Ml
205311,2023-08-02 03:22:36,2023-08-01 23:22:36,70 km al E de Colchane.,-19.095,-68.003,285.0,4.5,Mw
205316,2023-08-02 04:07:59,2023-08-02 00:07:59,38 km al N de Pica,-20.162,-69.214,97.0,2.8,Ml
205325,2023-08-02 05:40:35,2023-08-02 01:40:35,18 km al N de Calama,-22.304,-68.932,135.0,3.8,Ml
205330,2023-08-02 07:35:41,2023-08-02 03:35:41,40 km al NO de Valparaíso,-32.745,-71.855,28.0,2.5,Ml
205336,2023-08-02 08:27:34,2023-08-02 04:27:34,61 km al NE de Calama,-21.976,-68.678,130.0,4.1,Ml
205342,2023-08-02 10:11:28,2023-08-02 06:11:28,30 km al O de Calama,-22.453,-69.218,115.0,3.0,Ml
205349,2023-08-02 12:55:00,2023-08-02 08:55:00,55 km al N de Pica,-20.016,-69.188,95.0,2.8,Ml
205351,2023-08-02 13:07:24,2023-08-02 09:07:24,70 km al SE de Socaire,-23.911,-67.302,252.0,3.4,Ml
205352,2023-08-02 13:39:40,2023-08-02 09:39:40,58 km al S de Mina Collahuasi,-21.315,-68.846,116.0,2.6,Ml
205354,2023-08-02 13:45:23,2023-08-02 09:45:23,33 km al E de Tocopilla,-22.077,-69.884,82.0,4.3,Ml
205359,2023-08-02 14:20:43,2023-08-02 10:20:43,52 km al N de Pica,-20.03,-69.249,95.0,2.5,Ml
205360,2023-08-02 14:24:36,2023-08-02 10:24:36,77 km al SE de Socaire,-24.15,-67.45,205.0,3.6,Ml
205369,2023-08-02 17:43:59,2023-08-02 13:43:59,28 km al O de Santa Cruz,-34.694,-71.661,44.0,2.6,Ml
205374,2023-08-02 19:15:30,2023-08-02 15:15:30,34 km al SO de Ollagüe,-21.495,-68.399,130.0,2.7,Ml
205375,2023-08-02 19:22:56,2023-08-02 15:22:56,38 km al O de Ollagüe,-21.32,-68.61,121.0,2.7,Ml
205377,2023-08-02 19:30:36,2023-08-02 15:30:36,16 km al SE de Temuco,-38.822,-72.446,12.0,3.2,Ml
205379,2023-08-02 19:58:28,2023-08-02 15:58:28,30 km al O de Putre,-18.173,-69.844,113.0,2.7,Ml
205382,2023-08-02 20:54:24,2023-08-02 16:54:24,30 km al SO de Mina Collahuasi,-21.064,-68.791,104.0,2.8,Ml
205386,2023-08-02 22:13:10,2023-08-02 18:13:10,115 km al S de Mendoza,-33.901,-68.602,5.0,3.0,Ml
205389,2023-08-02 22:45:25,2023-08-02 18:45:25,101 km al E de Socaire,-23.487,-66.903,198.0,3.3,Ml
205390,2023-08-02 22:46:57,2023-08-02 18:46:57,29 km al E de Carrizal Bajo,-28.102,-70.854,42.0,2.9,Ml
205397,2023-08-03 01:37:51,2023-08-02 21:37:51,40 km al NO de Mina Collahuasi,-20.549,-68.901,131.0,2.5,Ml
205403,2023-08-03 03:24:39,2023-08-02 23:24:39,37 km al SO de Fresia,-41.418,-73.698,40.0,3.8,Ml
205407,2023-08-03 04:47:37,2023-08-03 00:47:37,143 km al NO de Tocopilla,-21.374,-71.353,15.0,2.8,Ml
205408,2023-08-03 05:06:48,2023-08-03 01:06:48,20 km al E de Los Andes.,-32.84,-70.386,106.0,2.8,Ml
205414,2023-08-03 09:07:17,2023-08-03 05:07:17,33 km al SO de Canela Baja,-31.633,-71.673,41.0,4.4,Mw
205417,2023-08-03 09:16:19,2023-08-03 05:16:19,23 km al SO de Canela Baja,-31.572,-71.593,43.0,2.6,Ml
205418,2023-08-03 09:50:05,2023-08-03 05:50:05,64 km al NO de San Antonio de los Cobres,-23.949,-66.872,222.0,3.5,Ml
205424,2023-08-03 13:11:44,2023-08-03 09:11:44,64 km al NE de Calama,-21.937,-68.687,116.0,3.2,Ml
205426,2023-08-03 13:57:58,2023-08-03 09:57:58,30 km al S de Camiña,-19.571,-69.336,117.0,2.8,Ml
205441,2023-08-03 21:53:52,2023-08-03 17:53:52,45 km al SO de Ollagüe,-21.572,-68.479,127.0,3.0,Ml
205443,2023-08-03 23:21:23,2023-08-03 19:21:23,27 km al N de Tocopilla,-21.856,-70.185,42.0,2.5,Ml
205449,2023-08-04 02:24:36,2023-08-03 22:24:36,41 km al O de Mina La Escondida,-24.308,-69.455,75.0,4.1,Ml
205454,2023-08-04 03:08:15,2023-08-03 23:08:15,38 km al NE de Calama,-22.202,-68.705,128.0,3.8,Ml
205457,2023-08-04 05:49:56,2023-08-04 01:49:56,41 km al SE de Curicó,-35.334,-71.086,110.0,3.2,Ml
205464,2023-08-04 06:53:58,2023-08-04 02:53:58,130 km al O de Constitución,-35.184,-73.831,30.0,3.5,Ml
205482,2023-08-04 14:22:03,2023-08-04 10:22:03,154 km al O de Tirúa,-38.204,-75.244,8.0,2.8,Ml
205488,2023-08-04 16:33:49,2023-08-04 12:33:49,23 km al S de Huasco,-28.67,-71.223,36.0,2.7,Ml
205500,2023-08-04 19:52:47,2023-08-04 15:52:47,93 km al SE de Socaire,-24.268,-67.351,205.0,2.8,Ml
205504,2023-08-04 20:44:05,2023-08-04 16:44:05,43 km al O de Mina Collahuasi,-20.919,-69.063,96.0,2.6,Ml
205506,2023-08-04 20:53:19,2023-08-04 16:53:19,74 km al SE de Socaire,-24.108,-67.431,237.0,3.2,Ml
205509,2023-08-04 21:09:23,2023-08-04 17:09:23,27 km al SE de Mina Los Pelambres,-32.043,-70.465,109.0,3.2,Ml
205516,2023-08-04 23:08:27,2023-08-04 19:08:27,23 km al NO de Andacollo,-30.116,-71.286,67.0,2.6,Ml
205522,2023-08-04 23:58:43,2023-08-04 19:58:43,29 km al O de Ollagüe,-21.265,-68.534,123.0,2.9,Ml
205524,2023-08-05 00:48:27,2023-08-04 20:48:27,48 km al SO de Huasco,-28.824,-71.49,32.0,2.6,Ml
205530,2023-08-05 02:23:37,2023-08-04 22:23:37,45 km al SO de Ollagüe,-21.542,-68.527,133.0,3.1,Ml
205533,2023-08-05 03:14:14,2023-08-04 23:14:14,29 km al S de Mina Collahuasi,-21.08,-68.606,127.0,2.8,Ml
205535,2023-08-05 04:03:35,2023-08-05 00:03:35,36 km al SO de Caldera,-27.31,-71.066,20.0,2.8,Ml
205537,2023-08-05 04:25:34,2023-08-05 00:25:34,52 km al NE de Calama,-22.051,-68.697,140.0,2.7,Ml
205540,2023-08-05 05:09:03,2023-08-05 01:09:03,34 km al NO de Los Vilos,-31.666,-71.731,27.0,4.0,Ml
205551,2023-08-05 06:50:22,2023-08-05 02:50:22,57 km al SE de Socaire,-23.964,-67.505,217.0,3.0,Ml
205563,2023-08-05 09:55:12,2023-08-05 05:55:12,32 km al SO de Cuya,-19.343,-70.421,48.0,3.2,Ml
205566,2023-08-05 12:12:17,2023-08-05 08:12:17,16 km al NO de Ancud,-41.734,-73.897,28.0,3.8,Ml
205568,2023-08-05 12:36:23,2023-08-05 08:36:23,28 km al SO de Taltal,-25.62,-70.63,40.0,2.6,Ml
205570,2023-08-05 14:04:46,2023-08-05 10:04:46,68 km al N de Calama,-21.888,-68.729,123.0,3.3,Ml
205583,2023-08-05 16:48:40,2023-08-05 12:48:40,89 km al SE de Socaire,-24.302,-67.483,189.0,4.2,Ml
205587,2023-08-05 17:38:40,2023-08-05 13:38:40,38 km al SE de Camiña,-19.613,-69.255,106.0,5.2,Mw
205593,2023-08-05 18:09:15,2023-08-05 14:09:15,26 km al SE de Baquedano,-23.505,-69.675,81.0,4.7,Mw
205604,2023-08-05 19:22:59,2023-08-05 15:22:59,23 km al SO de La Higuera,-29.697,-71.314,53.0,3.2,Ml
205610,2023-08-05 22:51:24,2023-08-05 18:51:24,10 km al SO de Sierra Gorda,-22.961,-69.378,93.0,3.2,Ml
205624,2023-08-06 02:16:46,2023-08-05 22:16:46,30 km al O de Punta de Choros,-29.217,-71.778,37.0,3.1,Ml
205639,2023-08-06 10:39:06,2023-08-06 06:39:06,38 km al S de Mina Collahuasi,-21.169,-68.64,113.0,2.6,Ml
205641,2023-08-06 10:53:51,2023-08-06 06:53:51,64 km al NE de Calama,-21.939,-68.686,108.0,3.3,Ml
205648,2023-08-06 12:32:52,2023-08-06 08:32:52,17 km al E de Calama,-22.456,-68.763,112.0,2.9,Ml
205654,2023-08-06 13:25:04,2023-08-06 09:25:04,43 km al SO de Mina Collahuasi,-21.072,-68.972,108.0,2.7,Ml
205661,2023-08-06 16:46:08,2023-08-06 12:46:08,51 km al SO de Mina Collahuasi,-21.252,-68.85,120.0,3.4,Ml
205663,2023-08-06 17:07:52,2023-08-06 13:07:52,4 km al E de Canela Baja,-31.387,-71.418,80.0,2.5,Ml
205683,2023-08-06 21:00:07,2023-08-06 17:00:07,27 km al S de Melipilla,-33.924,-71.293,66.0,3.4,Ml
205689,2023-08-06 22:04:55,2023-08-06 18:04:55,11 km al E de Pica,-20.473,-69.224,90.0,2.6,Ml
205690,2023-08-06 22:47:05,2023-08-06 18:47:05,126 km al E de Socaire,-23.154,-66.75,225.0,3.9,Ml
205695,2023-08-07 01:02:30,2023-08-06 21:02:30,53 km al SO de Mina Collahuasi,-21.207,-68.971,96.0,2.5,Ml
205702,2023-08-07 04:16:43,2023-08-07 00:16:43,55 km al NE de Alto del Carmen,-28.444,-70.051,114.0,3.0,Ml
205700,2023-08-07 04:16:46,2023-08-07 00:16:46,33 km al S de Mina Collahuasi,-21.127,-68.683,104.0,2.7,Ml
205703,2023-08-07 04:30:50,2023-08-07 00:30:50,53 km al O de Tongoy,-30.378,-72.025,27.0,3.1,Ml
205705,2023-08-07 04:43:14,2023-08-07 00:43:14,57 km al NO de Valparaíso,-32.575,-71.861,34.0,2.7,Ml
205710,2023-08-07 05:20:15,2023-08-07 01:20:15,42 km al SO de Mina Collahuasi,-21.125,-68.909,114.0,2.8,Ml
205731,2023-08-07 14:16:16,2023-08-07 10:16:16,59 km al NO de Parque Fray Jorge,-30.372,-72.196,39.0,3.0,Ml
205733,2023-08-07 14:49:16,2023-08-07 10:49:16,17 km al NE de Curicó,-34.887,-71.103,97.0,2.9,Ml
205737,2023-08-07 16:32:09,2023-08-07 12:32:09,46 km al N de Punta de Choros,-28.833,-71.451,36.0,3.0,Ml
205745,2023-08-07 18:04:46,2023-08-07 14:04:46,141 km al O de Tocopilla,-22.199,-71.565,12.0,3.4,Ml
205752,2023-08-07 22:05:01,2023-08-07 18:05:01,22 km al S de Putre,-18.397,-69.585,112.0,2.8,Ml
205757,2023-08-08 01:08:35,2023-08-07 21:08:35,34 km al NE de Valdivia,-39.527,-73.112,48.0,3.1,Ml
205760,2023-08-08 01:22:38,2023-08-07 21:22:38,65 km al N de Pica,-19.911,-69.23,94.0,2.8,Ml
205767,2023-08-08 04:54:37,2023-08-08 00:54:37,5 km al E de Camiña,-19.305,-69.382,104.0,3.5,Ml
205770,2023-08-08 06:40:54,2023-08-08 02:40:54,47 km al SO de San Pedro de Atacama,-23.224,-68.525,120.0,2.6,Ml
205773,2023-08-08 07:30:04,2023-08-08 03:30:04,16 km al O de Andacollo,-30.211,-71.255,60.0,2.8,Ml
205775,2023-08-08 09:01:44,2023-08-08 05:01:44,44 km al S de Camiña,-19.69,-69.297,98.0,2.7,Ml
205783,2023-08-08 12:03:13,2023-08-08 08:03:13,29 km al S de Mina Collahuasi,-21.087,-68.688,131.0,2.8,Ml
205788,2023-08-08 14:06:05,2023-08-08 10:06:05,5 km al E de Parque Fray Jorge,-30.678,-71.633,37.0,3.0,Ml
205790,2023-08-08 14:15:35,2023-08-08 10:15:35,76 km al O de Arica,-18.388,-71.039,35.0,3.4,Ml
205795,2023-08-08 14:59:04,2023-08-08 10:59:04,25 km al O de La Serena,-29.864,-71.504,52.0,2.8,Ml
205799,2023-08-08 16:42:16,2023-08-08 12:42:16,44 km al SO de Los Vilos,-32.252,-71.757,34.0,2.8,Ml
205807,2023-08-08 17:38:06,2023-08-08 13:38:06,49 km al S de Mina Collahuasi,-21.259,-68.735,110.0,3.2,Ml
205819,2023-08-08 19:27:02,2023-08-08 15:27:02,9 km al SO de El Tabo,-33.523,-71.726,34.0,4.1,Ml
205827,2023-08-08 21:07:40,2023-08-08 17:07:40,46 km al SO de Ollagüe,-21.495,-68.589,118.0,2.9,Ml
205835,2023-08-09 01:10:12,2023-08-08 21:10:12,41 km al E de Pica,-20.555,-68.947,114.0,2.9,Ml
205839,2023-08-09 03:03:53,2023-08-08 23:03:53,33 km al NE de Rancagua,-33.914,-70.558,23.0,2.7,Ml
205844,2023-08-09 03:48:26,2023-08-08 23:48:26,31 km al O de Santiago,-33.446,-70.98,66.0,3.1,Ml
205851,2023-08-09 04:39:31,2023-08-09 00:39:31,4 km al NE de Casablanca,-33.287,-71.384,57.0,3.8,Ml
205854,2023-08-09 05:09:12,2023-08-09 01:09:12,102 km al S de Ilo,-18.55,-71.507,15.0,3.6,Ml
205860,2023-08-09 06:33:54,2023-08-09 02:33:54,48 km al NE de Socaire,-23.283,-67.554,172.0,3.5,Ml
205866,2023-08-09 07:58:36,2023-08-09 03:58:36,44 km al O de Mina Collahuasi,-20.848,-69.077,112.0,2.9,Ml
205868,2023-08-09 08:19:48,2023-08-09 04:19:48,37 km al N de Caldera,-26.743,-70.744,59.0,2.7,Ml
205884,2023-08-09 11:26:43,2023-08-09 07:26:43,42 km al NE de Farellones,-33.106,-69.974,98.0,2.8,Ml
205890,2023-08-09 13:26:55,2023-08-09 09:26:55,46 km al SE de Pica,-20.847,-69.108,114.0,2.7,Ml
205897,2023-08-09 16:32:47,2023-08-09 12:32:47,28 km al S de Curicó,-35.235,-71.17,103.0,2.8,Ml
205906,2023-08-09 19:18:30,2023-08-09 15:18:30,25 km al NO de Mina Collahuasi,-20.722,-68.867,104.0,2.5,Ml
205907,2023-08-09 19:50:07,2023-08-09 15:50:07,122 km al O de Huasco,-28.116,-72.4,58.0,2.9,Ml
205909,2023-08-09 21:26:03,2023-08-09 17:26:03,37 km al O de Ollagüe,-21.256,-68.613,108.0,2.9,Ml
205914,2023-08-09 22:23:33,2023-08-09 18:23:33,47 km al SO de Huasco,-28.827,-71.48,38.0,3.6,Ml
205917,2023-08-09 22:48:17,2023-08-09 18:48:17,50 km al O de Mina Collahuasi,-20.919,-69.131,108.0,2.5,Ml
205920,2023-08-10 01:35:33,2023-08-09 21:35:33,23 km al O de La Ligua,-32.457,-71.472,32.0,2.5,Ml
205922,2023-08-10 02:11:22,2023-08-09 22:11:22,44 km al S de Pica,-20.868,-69.216,83.0,3.4,Ml
205924,2023-08-10 02:33:23,2023-08-09 22:33:23,14 km al O de Panguipulli,-39.588,-72.471,80.0,2.9,Ml
205925,2023-08-10 02:45:33,2023-08-09 22:45:33,26 km al E de Copiapó,-27.296,-70.076,77.0,2.8,Ml
205928,2023-08-10 03:21:35,2023-08-09 23:21:35,98 km al S de Ilo,-18.501,-71.577,34.0,3.4,Ml
205931,2023-08-10 04:02:09,2023-08-10 00:02:09,65 km al E de Baquedano,-23.53,-69.247,91.0,2.5,Ml
205932,2023-08-10 04:57:28,2023-08-10 00:57:28,29 km al SE de Pica,-20.734,-69.222,106.0,2.5,Ml
205938,2023-08-10 06:49:04,2023-08-10 02:49:04,55 km al NO de Canela Baja,-31.066,-71.884,55.0,3.2,Ml
205946,2023-08-10 08:22:26,2023-08-10 04:22:26,36 km al NO de Concepción,-36.619,-73.365,21.0,2.6,Ml
205950,2023-08-10 09:54:06,2023-08-10 05:54:06,109 km al SE de Socaire,-24.089,-66.967,216.0,3.7,Ml
205956,2023-08-10 11:38:51,2023-08-10 07:38:51,18 km al E de Tongoy,-30.205,-71.322,67.0,2.6,Ml
205965,2023-08-10 15:47:54,2023-08-10 11:47:54,37 km al S de Mina Collahuasi,-21.162,-68.68,121.0,3.6,Ml
205969,2023-08-10 17:15:20,2023-08-10 13:15:20,37 km al N de Pica,-20.172,-69.219,95.0,4.5,Mw
205971,2023-08-10 17:27:02,2023-08-10 13:27:02,111 km al E de San Pedro de Atacama,-22.888,-67.118,227.0,2.7,Ml
205978,2023-08-10 18:33:10,2023-08-10 14:33:10,46 km al SO de Caleta El Cobre,-24.613,-70.737,34.0,3.6,Ml
205987,2023-08-10 21:26:24,2023-08-10 17:26:24,77 km al NE de El Salvador,-25.684,-69.164,112.0,3.7,Ml
205993,2023-08-10 23:08:55,2023-08-10 19:08:55,46 km al SE de Pica,-20.855,-69.122,112.0,2.9,Ml
205995,2023-08-10 23:30:40,2023-08-10 19:30:40,55 km al SO de Huasco,-28.703,-71.711,24.0,3.0,Ml
206003,2023-08-11 01:16:19,2023-08-10 21:16:19,90 km al SE de Tierra Amarilla,-28.138,-69.728,111.0,2.5,Ml
206006,2023-08-11 02:56:48,2023-08-10 22:56:48,31 km al NO de Mina Collahuasi,-20.701,-68.922,97.0,3.7,Ml
206007,2023-08-11 03:26:59,2023-08-10 23:26:59,22 km al O de Calama,-22.488,-69.147,85.0,3.3,Ml
206010,2023-08-11 04:28:52,2023-08-11 00:28:52,55 km al NE de Los Andes.,-32.441,-70.237,121.0,2.8,Ml
206014,2023-08-11 04:47:43,2023-08-11 00:47:43,59 km al NE de Calama,-22.047,-68.586,106.0,3.1,Ml
206018,2023-08-11 05:38:44,2023-08-11 01:38:44,40 km al S de Camiña,-19.667,-69.391,110.0,3.5,Ml
206022,2023-08-11 06:18:58,2023-08-11 02:18:58,104 km al SE de Socaire,-24.311,-67.241,174.0,2.5,Ml
206024,2023-08-11 06:49:32,2023-08-11 02:49:32,46 km al NO de Quillagua,-21.375,-69.86,75.0,3.0,Ml
206034,2023-08-11 10:05:04,2023-08-11 06:05:04,61 km al O de Tongoy,-30.226,-72.127,39.0,4.2,Ml
206038,2023-08-11 11:14:22,2023-08-11 07:14:22,29 km al SE de Linares,-36.083,-71.461,134.0,2.7,Ml
206041,2023-08-11 12:08:56,2023-08-11 08:08:56,50 km al SO de Mina Collahuasi,-21.211,-68.904,114.0,2.7,Ml
206044,2023-08-11 14:18:51,2023-08-11 10:18:51,49 km al S de Pica,-20.926,-69.275,82.0,2.7,Ml
206046,2023-08-11 15:36:22,2023-08-11 11:36:22,118 km al NE de Socaire,-22.89,-67.022,236.0,4.5,Mw
206047,2023-08-11 15:40:37,2023-08-11 11:40:37,65 km al NE de El Salvador,-25.966,-69.043,121.0,2.9,Ml
206057,2023-08-11 18:18:13,2023-08-11 14:18:13,61 km al NO de Quillagua,-21.335,-70.014,42.0,3.1,Ml
206058,2023-08-11 18:22:03,2023-08-11 14:22:03,40 km al SE de Mina Los Pelambres,-32.024,-70.228,104.0,2.8,Ml
206077,2023-08-11 22:35:46,2023-08-11 18:35:46,11 km al NE de Mina La Escondida,-24.209,-68.969,98.0,3.7,Ml
206079,2023-08-11 23:03:12,2023-08-11 19:03:12,26 km al NO de Mejillones,-22.94,-70.635,48.0,3.4,Ml
206087,2023-08-12 00:59:04,2023-08-11 20:59:04,26 km al NE de Linares,-35.735,-71.346,103.0,3.0,Ml
206088,2023-08-12 01:08:10,2023-08-11 21:08:10,114 km al E de Socaire,-23.2,-66.86,230.0,3.0,Ml
206092,2023-08-12 02:27:47,2023-08-11 22:27:47,56 km al SO de Ollagüe,-21.687,-68.465,117.0,2.7,Ml
206094,2023-08-12 04:42:00,2023-08-12 00:42:00,80 km al SE de Socaire,-23.898,-67.175,253.0,3.1,Ml
206104,2023-08-12 08:10:38,2023-08-12 04:10:38,46 km al S de Pica,-20.9,-69.305,103.0,2.8,Ml
206108,2023-08-12 08:36:43,2023-08-12 04:36:43,33 km al SO de Pichidangui,-32.414,-71.648,36.0,3.4,Ml
206110,2023-08-12 08:36:54,2023-08-12 04:36:54,38 km al SO de Pichidangui,-32.452,-71.682,33.0,3.0,Ml
206114,2023-08-12 10:49:19,2023-08-12 06:49:19,111 km al SE de Socaire,-24.48,-67.406,175.0,3.4,Ml
206117,2023-08-12 11:10:09,2023-08-12 07:10:09,29 km al NE de Linares,-35.619,-71.432,88.0,3.1,Ml
206124,2023-08-12 14:43:47,2023-08-12 10:43:47,32 km al SO de Tocopilla,-22.26,-70.457,28.0,3.1,Ml
206130,2023-08-12 16:53:35,2023-08-12 12:53:35,59 km al S de Camiña,-19.841,-69.371,93.0,2.9,Ml
206137,2023-08-12 18:50:35,2023-08-12 14:50:35,28 km al E de Tocopilla,-22.061,-69.933,80.0,2.5,Ml
206140,2023-08-12 19:31:35,2023-08-12 15:31:35,98 km al SE de Socaire,-24.354,-67.415,198.0,3.6,Ml
206149,2023-08-12 21:59:01,2023-08-12 17:59:01,51 km al O de Ollagüe,-21.358,-68.72,115.0,3.0,Ml
206153,2023-08-12 23:59:45,2023-08-12 19:59:45,17 km al SO de Ollagüe,-21.291,-68.402,135.0,3.1,Ml
206162,2023-08-13 02:09:24,2023-08-12 22:09:24,11 km al SO de Valparaíso,-33.127,-71.685,33.0,2.8,Ml
206165,2023-08-13 03:24:58,2023-08-12 23:24:58,83 km al E de San Pedro de Atacama,-22.915,-67.389,257.0,3.1,Ml
206167,2023-08-13 04:01:55,2023-08-13 00:01:55,27 km al SE de Cuya,-19.376,-70.053,10.0,2.9,Ml
206173,2023-08-13 05:46:36,2023-08-13 01:46:36,41 km al SE de Mina Los Pelambres,-32.122,-70.331,103.0,2.6,Ml
206174,2023-08-13 05:48:14,2023-08-13 01:48:14,50 km al NE de Calama,-22.066,-68.711,127.0,3.1,Ml
206177,2023-08-13 06:00:52,2023-08-13 02:00:52,63 km al O de Tongoy,-30.423,-72.117,14.0,2.7,Ml
206179,2023-08-13 06:02:00,2023-08-13 02:02:00,48 km al SE de San Fabián,-36.897,-71.216,126.0,3.6,Ml
206183,2023-08-13 06:32:53,2023-08-13 02:32:53,29 km al NO de Visviri,-17.472,-69.724,160.0,3.9,Ml
206187,2023-08-13 07:47:20,2023-08-13 03:47:20,85 km al SE de Socaire,-23.977,-67.172,224.0,3.6,Ml
206190,2023-08-13 08:34:14,2023-08-13 04:34:14,88 km al SE de Socaire,-24.166,-67.304,237.0,3.3,Ml
206197,2023-08-13 10:45:01,2023-08-13 06:45:01,90 km al NE de Socaire,-23.169,-67.139,236.0,3.2,Ml
206203,2023-08-13 13:08:28,2023-08-13 09:08:28,137 km al O de Cobquecura,-35.787,-74.251,23.0,2.6,Ml
206204,2023-08-13 13:23:45,2023-08-13 09:23:45,33 km al O de Taltal,-25.409,-70.812,45.0,3.7,Ml
206209,2023-08-13 14:11:42,2023-08-13 10:11:42,16 km al SE de Cuya,-19.282,-70.104,50.0,3.8,Ml
206215,2023-08-13 15:47:08,2023-08-13 11:47:08,25 km al NO de Antofagasta,-23.488,-70.571,56.0,3.7,Ml
206218,2023-08-13 15:50:37,2023-08-13 11:50:37,64 km al S de Socaire,-24.155,-67.771,166.0,3.6,Ml
206220,2023-08-13 16:26:26,2023-08-13 12:26:26,73 km al SO de Ollagüe,-21.734,-68.703,115.0,3.3,Ml
206231,2023-08-13 18:20:43,2023-08-13 14:20:43,54 km al NE de Pozo Almonte,-19.855,-69.49,110.0,4.1,Ml
206233,2023-08-13 18:26:04,2023-08-13 14:26:04,82 km al O de San Antonio de los Cobres,-24.376,-67.114,242.0,3.7,Ml
206242,2023-08-13 19:49:07,2023-08-13 15:49:07,24 km al SE de Pica,-20.58,-69.116,104.0,3.0,Ml
206244,2023-08-13 21:08:45,2023-08-13 17:08:45,13 km al O de Andacollo,-30.184,-71.207,63.0,4.0,Ml
206250,2023-08-13 23:16:43,2023-08-13 19:16:43,73 km al SO de Pica,-20.973,-69.803,35.0,2.7,Ml
206253,2023-08-14 00:03:21,2023-08-13 20:03:21,31 km al NO de Coronel,-36.841,-73.402,22.0,3.0,Ml
206257,2023-08-14 00:26:44,2023-08-13 20:26:44,73 km al SE de Socaire,-24.106,-67.442,200.0,3.4,Ml
206262,2023-08-14 02:11:54,2023-08-13 22:11:54,104 km al E de Monte Patria,-30.896,-69.892,125.0,2.7,Ml
206264,2023-08-14 02:18:32,2023-08-13 22:18:32,68 km al NE de Calama,-21.988,-68.523,113.0,2.6,Ml
206271,2023-08-14 04:36:35,2023-08-14 00:36:35,24 km al O de Ollagüe,-21.231,-68.484,121.0,3.5,Ml
206275,2023-08-14 05:10:41,2023-08-14 01:10:41,27 km al O de Ollagüe,-21.21,-68.513,117.0,3.3,Ml
206281,2023-08-14 06:54:10,2023-08-14 02:54:10,16 km al O de Camiña,-19.291,-69.58,81.0,2.5,Ml
206284,2023-08-14 07:37:42,2023-08-14 03:37:42,16 km al O de La Serena,-29.908,-71.416,40.0,3.2,Ml
206290,2023-08-14 10:00:29,2023-08-14 06:00:29,52 km al NE de Calama,-22.049,-68.712,102.0,2.8,Ml
206292,2023-08-14 10:18:12,2023-08-14 06:18:12,14 km al NO de La Serena,-29.839,-71.379,54.0,3.6,Ml
206298,2023-08-14 12:10:12,2023-08-14 08:10:12,10 km al SO de Punitaqui,-30.9,-71.318,60.0,3.1,Ml
206300,2023-08-14 12:42:44,2023-08-14 08:42:44,72 km al S de Socaire,-24.196,-67.644,203.0,2.6,Ml
206316,2023-08-14 19:30:23,2023-08-14 15:30:23,36 km al SO de Mina Collahuasi,-21.124,-68.784,111.0,2.7,Ml
206319,2023-08-14 20:01:25,2023-08-14 16:01:25,47 km al NO de La Higuera,-29.113,-71.374,57.0,2.6,Ml
206321,2023-08-14 21:06:23,2023-08-14 17:06:23,19 km al NE de Calama,-22.315,-68.843,122.0,3.4,Ml
206325,2023-08-14 21:35:15,2023-08-14 17:35:15,70 km al O de San Antonio de los Cobres,-24.123,-66.995,215.0,3.6,Ml
206326,2023-08-14 21:39:17,2023-08-14 17:39:17,61 km al NO de Cobquecura,-35.823,-73.348,33.0,2.8,Ml
206329,2023-08-14 22:32:53,2023-08-14 18:32:53,61 km al NE de Los Andes.,-32.525,-70.059,110.0,2.6,Ml
206333,2023-08-14 23:53:03,2023-08-14 19:53:03,90 km al O de Iquique,-20.318,-71.013,14.0,2.7,Ml
206338,2023-08-15 00:05:50,2023-08-14 20:05:50,14 km al SE de Huasco,-28.549,-71.111,44.0,3.0,Ml
206343,2023-08-15 00:44:25,2023-08-14 20:44:25,57 km al N de Pica,-19.994,-69.188,96.0,2.7,Ml
206350,2023-08-15 03:07:02,2023-08-14 23:07:02,82 km al E de San Fabián,-36.491,-70.635,165.0,3.3,Ml
206371,2023-08-15 06:53:23,2023-08-15 02:53:23,66 km al E de Socaire,-23.781,-67.281,211.0,4.3,Ml
206375,2023-08-15 07:33:40,2023-08-15 03:33:40,33 km al SE de Pica,-20.761,-69.207,104.0,3.3,Ml
206391,2023-08-15 11:52:20,2023-08-15 07:52:20,39 km al E de Pica,-20.516,-68.961,107.0,3.4,Ml
206397,2023-08-15 12:21:34,2023-08-15 08:21:34,41 km al SO de Socaire,-23.749,-68.249,110.0,3.3,Ml
206405,2023-08-15 14:40:38,2023-08-15 10:40:38,26 km al SE de San José de Maipo,-33.844,-70.212,123.0,2.6,Ml
206412,2023-08-15 15:58:18,2023-08-15 11:58:18,60 km al O de Ollagüe,-21.367,-68.81,115.0,3.0,Ml
206420,2023-08-15 17:41:06,2023-08-15 13:41:06,74 km al NE de Pica,-19.971,-68.887,110.0,2.8,Ml
206435,2023-08-15 20:02:15,2023-08-15 16:02:15,43 km al N de Valparaíso,-32.68,-71.754,36.0,2.5,Ml
206437,2023-08-15 20:19:55,2023-08-15 16:19:55,31 km al SO de Ollagüe,-21.479,-68.385,136.0,3.1,Ml
206443,2023-08-15 22:55:28,2023-08-15 18:55:28,66 km al NO de Constitución,-35.004,-73.017,32.0,2.5,Ml
206447,2023-08-15 23:48:12,2023-08-15 19:48:12,45 km al N de San Pedro de Atacama,-22.522,-68.134,152.0,3.9,Ml
206457,2023-08-16 03:04:03,2023-08-15 23:04:03,23 km al NE de San Fernando,-34.491,-70.768,94.0,2.8,Ml
206463,2023-08-16 04:09:10,2023-08-16 00:09:10,31 km al SO de Mina Collahuasi,-21.038,-68.847,109.0,2.7,Ml
206466,2023-08-16 04:20:11,2023-08-16 00:20:11,47 km al S de Ollagüe,-21.637,-68.361,137.0,2.6,Ml
206468,2023-08-16 05:20:45,2023-08-16 01:20:45,33 km al NO de Mina Collahuasi,-20.693,-68.94,124.0,2.8,Ml
206470,2023-08-16 05:53:10,2023-08-16 01:53:10,94 km al O de San Antonio de los Cobres,-24.253,-67.243,222.0,2.9,Ml
206473,2023-08-16 06:32:10,2023-08-16 02:32:10,43 km al SE de Pica,-20.808,-69.095,115.0,3.1,Ml
206475,2023-08-16 07:20:48,2023-08-16 03:20:48,11 km al O de Tongoy,-30.271,-71.609,37.0,3.2,Ml
206477,2023-08-16 07:36:57,2023-08-16 03:36:57,48 km al O de Valparaíso,-33.017,-72.126,33.0,2.8,Ml
206485,2023-08-16 10:07:15,2023-08-16 06:07:15,13 km al SE de Pichilemu,-34.484,-71.931,20.0,3.0,Ml
206487,2023-08-16 10:19:45,2023-08-16 06:19:45,31 km al SO de Huasco,-28.703,-71.389,35.0,2.5,Ml
206494,2023-08-16 13:50:56,2023-08-16 09:50:56,32 km al O de Tocopilla,-22.062,-70.515,28.0,4.6,Mw
206502,2023-08-16 15:55:43,2023-08-16 11:55:43,93 km al S de Termas del Flaco,-35.774,-70.222,194.0,4.5,Mw
206505,2023-08-16 16:13:10,2023-08-16 12:13:10,13 km al O de Vallenar,-28.586,-70.889,59.0,3.2,Ml
206522,2023-08-16 19:44:25,2023-08-16 15:44:25,28 km al E de Putre,-18.175,-69.292,134.0,3.1,Ml
206532,2023-08-16 22:33:47,2023-08-16 18:33:47,76 km al NE de Mina Collahuasi,-20.244,-68.283,181.0,3.5,Ml
206534,2023-08-16 22:50:49,2023-08-16 18:50:49,85 km al O de San Antonio de los Cobres,-24.265,-67.152,226.0,3.2,Ml
206538,2023-08-16 23:59:55,2023-08-16 19:59:55,31 km al O de La Serena,-29.95,-71.567,47.0,3.0,Ml
206539,2023-08-17 01:19:50,2023-08-16 21:19:50,62 km al SO de Mina Collahuasi,-21.284,-69.008,99.0,3.0,Ml
206543,2023-08-17 01:42:19,2023-08-16 21:42:19,14 km al NO de Farellones,-33.246,-70.398,108.0,4.6,Mw
206550,2023-08-17 02:48:53,2023-08-16 22:48:53,15 km al NO de Farellones,-33.245,-70.415,107.0,3.1,Ml
206551,2023-08-17 02:51:00,2023-08-16 22:51:00,28 km al N de Punta de Choros,-29.002,-71.527,44.0,3.2,Ml
206555,2023-08-17 04:21:58,2023-08-17 00:21:58,59 km al O de San Antonio de los Cobres,-24.083,-66.879,224.0,3.6,Ml
206558,2023-08-17 06:27:58,2023-08-17 02:27:58,12 km al NO de Ovalle,-30.537,-71.296,59.0,3.1,Ml
206566,2023-08-17 10:26:43,2023-08-17 06:26:43,40 km al SO de Tocopilla,-22.301,-70.525,48.0,2.7,Ml
206567,2023-08-17 11:18:40,2023-08-17 07:18:40,24 km al N de Farellones,-33.14,-70.245,119.0,2.8,Ml
206570,2023-08-17 11:56:17,2023-08-17 07:56:17,41 km al S de Ollagüe,-21.585,-68.329,128.0,2.6,Ml
206572,2023-08-17 12:33:09,2023-08-17 08:33:09,20 km al NE de Pica,-20.395,-69.165,96.0,2.8,Ml
206575,2023-08-17 13:19:54,2023-08-17 09:19:54,22 km al SO de Canela Baja,-31.491,-71.664,20.0,2.5,Ml
206581,2023-08-17 15:38:08,2023-08-17 11:38:08,81 km al SE de Socaire,-23.909,-67.171,255.0,3.5,Ml
206582,2023-08-17 15:49:53,2023-08-17 11:49:53,41 km al N de Valparaíso,-32.688,-71.704,35.0,2.5,Ml
206586,2023-08-17 16:27:52,2023-08-17 12:27:52,22 km al NE de Calama,-22.314,-68.803,103.0,3.4,Ml
206593,2023-08-17 18:18:37,2023-08-17 14:18:37,45 km al N de Calama,-22.078,-68.814,117.0,2.6,Ml
206597,2023-08-17 18:53:00,2023-08-17 14:53:00,68 km al E de Ollagüe,-21.168,-67.601,206.0,3.2,Ml
206603,2023-08-17 20:26:45,2023-08-17 16:26:45,52 km al S de Mina Collahuasi,-21.262,-68.828,121.0,2.5,Ml
206604,2023-08-17 20:39:50,2023-08-17 16:39:50,28 km al O de Ollagüe,-21.15,-68.514,141.0,2.6,Ml
206608,2023-08-17 22:10:15,2023-08-17 18:10:15,46 km al E de El Salvador,-26.223,-69.159,119.0,2.8,Ml
206613,2023-08-18 01:07:17,2023-08-17 21:07:17,68 km al SE de Socaire,-23.869,-67.292,229.0,3.5,Ml
206616,2023-08-18 01:10:46,2023-08-17 21:10:46,63 km al SE de Mina Los Pelambres,-32.195,-70.083,136.0,3.4,Ml
206618,2023-08-18 02:21:28,2023-08-17 22:21:28,25 km al NE de Copiapó,-27.186,-70.176,100.0,2.5,Ml
206619,2023-08-18 02:32:46,2023-08-17 22:32:46,18 km al O de Ollagüe,-21.257,-68.426,128.0,2.7,Ml
206627,2023-08-18 05:18:32,2023-08-18 01:18:32,35 km al NO de Los Vilos,-31.658,-71.726,33.0,2.8,Ml
206629,2023-08-18 05:21:11,2023-08-18 01:21:11,36 km al N de Pica,-20.182,-69.226,94.0,4.2,Ml
206644,2023-08-18 09:49:29,2023-08-18 05:49:29,39 km al SE de Rancagua,-34.419,-70.438,123.0,2.8,Ml
206653,2023-08-18 11:44:14,2023-08-18 07:44:14,4 km al S de Quillota,-32.918,-71.262,52.0,2.6,Ml
206655,2023-08-18 12:15:13,2023-08-18 08:15:13,28 km al S de Huasco,-28.708,-71.134,49.0,2.7,Ml
206658,2023-08-18 14:39:40,2023-08-18 10:39:40,65 km al NE de Paihuano,-29.545,-70.138,128.0,3.5,Ml
206660,2023-08-18 14:44:35,2023-08-18 10:44:35,71 km al NO de Quillagua,-21.341,-70.133,49.0,2.6,Ml
206661,2023-08-18 15:17:36,2023-08-18 11:17:36,24 km al NO de Ollagüe,-21.073,-68.414,146.0,3.0,Ml
206667,2023-08-18 15:55:58,2023-08-18 11:55:58,121 km al O de Navidad,-33.76,-73.122,32.0,2.5,Ml
206668,2023-08-18 16:23:23,2023-08-18 12:23:23,43 km al E de Baquedano,-23.366,-69.427,78.0,4.4,Ml
206670,2023-08-18 16:28:12,2023-08-18 12:28:12,46 km al SE de Pica,-20.856,-69.126,104.0,2.9,Ml
206672,2023-08-18 17:13:16,2023-08-18 13:13:16,84 km al NO de San Antonio de los Cobres,-23.732,-66.942,226.0,3.6,Ml
206674,2023-08-18 17:47:44,2023-08-18 13:47:44,89 km al O de San Antonio de los Cobres,-24.301,-67.189,188.0,3.6,Ml
206675,2023-08-18 17:48:45,2023-08-18 13:48:45,23 km al S de Camiña,-19.517,-69.373,100.0,3.6,Ml
206683,2023-08-18 19:08:40,2023-08-18 15:08:40,32 km al NO de Punta de Choros,-28.995,-71.621,24.0,2.9,Ml
206694,2023-08-18 21:39:11,2023-08-18 17:39:11,67 km al O de El Tabo,-33.459,-72.386,34.0,3.4,Ml
206700,2023-08-18 22:16:45,2023-08-18 18:16:45,23 km al N de Constitución,-35.133,-72.338,41.0,2.7,Ml
206702,2023-08-18 22:20:48,2023-08-18 18:20:48,22 km al S de Mina Los Pelambres,-32.018,-70.622,101.0,2.6,Ml
206705,2023-08-18 22:45:42,2023-08-18 18:45:42,17 km al E de Alto Hospicio,-20.309,-69.943,75.0,2.7,Ml
206707,2023-08-18 23:18:29,2023-08-18 19:18:29,42 km al SO de Mina Collahuasi,-21.155,-68.848,106.0,2.6,Ml
206711,2023-08-19 00:01:32,2023-08-18 20:01:32,30 km al E de Pisagua,-19.678,-69.938,53.0,3.0,Ml
206721,2023-08-19 03:43:10,2023-08-18 23:43:10,31 km al O de Tocopilla,-22.013,-70.485,18.0,2.7,Ml
206733,2023-08-19 07:10:18,2023-08-19 03:10:18,17 km al O de Cuya,-19.199,-70.337,43.0,2.8,Ml
206739,2023-08-19 07:42:47,2023-08-19 03:42:47,43 km al NE de Calama,-22.22,-68.615,114.0,2.5,Ml
206744,2023-08-19 08:37:26,2023-08-19 04:37:26,40 km al NO de Tocopilla,-21.937,-70.547,25.0,2.8,Ml
206750,2023-08-19 10:11:14,2023-08-19 06:11:14,94 km al SE de Socaire,-24.315,-67.407,199.0,4.0,Ml
206752,2023-08-19 11:23:31,2023-08-19 07:23:31,83 km al SE de Socaire,-23.964,-67.184,238.0,3.4,Ml
206757,2023-08-19 12:35:37,2023-08-19 08:35:37,30 km al O de Arauco,-37.289,-73.655,28.0,3.5,Ml
206763,2023-08-19 17:53:14,2023-08-19 13:53:14,67 km al SO de Ollagüe,-21.578,-68.773,118.0,2.5,Ml
206762,2023-08-19 17:53:45,2023-08-19 13:53:45,11 km al O de Vallenar,-28.557,-70.865,46.0,3.2,Ml
206768,2023-08-19 19:00:11,2023-08-19 15:00:11,53 km al E de Petorca,-32.324,-70.37,127.0,3.3,Ml
206777,2023-08-19 23:39:05,2023-08-19 19:39:05,77 km al N de Calama,-21.816,-68.673,119.0,2.8,Ml
206778,2023-08-19 23:47:05,2023-08-19 19:47:05,35 km al SO de Ollagüe,-21.368,-68.553,134.0,2.6,Ml
206780,2023-08-20 00:33:45,2023-08-19 20:33:45,82 km al E de Socaire,-23.889,-67.153,228.0,2.8,Ml
206787,2023-08-20 04:01:27,2023-08-20 00:01:27,21 km al SO de Quillagua,-21.795,-69.672,70.0,3.3,Ml
206790,2023-08-20 04:50:20,2023-08-20 00:50:20,91 km al O de Arica,-18.648,-71.168,29.0,2.7,Ml
206793,2023-08-20 04:55:37,2023-08-20 00:55:37,91 km al O de Arica,-18.606,-71.171,33.0,2.9,Ml
206794,2023-08-20 05:09:30,2023-08-20 01:09:30,27 km al NE de Calama,-22.276,-68.774,109.0,3.2,Ml
206797,2023-08-20 05:59:42,2023-08-20 01:59:42,44 km al SO de Huasco,-28.833,-71.391,49.0,3.2,Ml
206799,2023-08-20 06:04:59,2023-08-20 02:04:59,44 km al S de Huasco,-28.835,-71.371,48.0,2.9,Ml
206803,2023-08-20 06:47:53,2023-08-20 02:47:53,15 km al NE de Punta de Choros,-29.168,-71.343,58.0,2.9,Ml
206806,2023-08-20 07:38:04,2023-08-20 03:38:04,25 km al S de Mina Collahuasi,-21.038,-68.732,123.0,3.0,Ml
206807,2023-08-20 07:43:49,2023-08-20 03:43:49,43 km al N de Socaire,-23.207,-67.876,145.0,3.2,Ml
206812,2023-08-20 08:20:54,2023-08-20 04:20:54,147 km al N de San Antonio de los Cobres,-22.902,-66.265,278.0,4.3,Mw
206815,2023-08-20 09:39:27,2023-08-20 05:39:27,49 km al O de Mina Collahuasi,-20.891,-69.125,97.0,2.9,Ml
206819,2023-08-20 10:15:10,2023-08-20 06:15:10,146 km al O de Lebu,-38.07,-75.219,11.0,3.1,Ml
206822,2023-08-20 11:17:57,2023-08-20 07:17:57,101 km al O de Arica,-18.554,-71.276,33.0,2.6,Ml
206829,2023-08-20 12:40:23,2023-08-20 08:40:23,16 km al NO de Huasco,-28.348,-71.313,29.0,2.5,Ml
206830,2023-08-20 13:12:34,2023-08-20 09:12:34,92 km al SE de Socaire,-24.148,-67.22,218.0,2.7,Ml
206834,2023-08-20 14:20:03,2023-08-20 10:20:03,42 km al S de Huasco,-28.835,-71.293,51.0,3.9,Ml
206835,2023-08-20 14:45:48,2023-08-20 10:45:48,23 km al SE de Pichilemu,-34.518,-71.822,43.0,2.8,Ml
206839,2023-08-20 17:32:29,2023-08-20 13:32:29,19 km al NO de Ollagüe,-21.082,-68.356,140.0,2.8,Ml
206841,2023-08-20 17:43:53,2023-08-20 13:43:53,16 km al SO de Linares,-35.956,-71.718,88.0,3.0,Ml
206842,2023-08-20 17:56:58,2023-08-20 13:56:58,47 km al O de Ollagüe,-21.353,-68.683,120.0,3.1,Ml
206862,2023-08-20 23:02:16,2023-08-20 19:02:16,73 km al N de San Pedro de Atacama,-22.299,-67.957,199.0,3.6,Ml
206865,2023-08-21 00:53:01,2023-08-20 20:53:01,47 km al N de Chaitén,-42.505,-72.604,13.0,2.8,Ml
206866,2023-08-21 01:12:52,2023-08-20 21:12:52,48 km al SE de Pica,-20.88,-69.128,106.0,3.1,Ml
206880,2023-08-21 07:08:56,2023-08-21 03:08:56,106 km al E de Socaire,-23.411,-66.871,226.0,3.2,Ml
206881,2023-08-21 07:18:26,2023-08-21 03:18:26,49 km al E de Calama,-22.469,-68.456,113.0,2.5,Ml
206886,2023-08-21 09:19:13,2023-08-21 05:19:13,83 km al SE de Socaire,-24.225,-67.458,218.0,3.7,Ml
206889,2023-08-21 09:58:48,2023-08-21 05:58:48,45 km al S de Pica,-20.877,-69.198,109.0,3.0,Ml
206893,2023-08-21 10:39:47,2023-08-21 06:39:47,37 km al O de Ollagüe,-21.255,-68.607,139.0,2.8,Ml
206896,2023-08-21 11:43:07,2023-08-21 07:43:07,33 km al O de Ollagüe,-21.276,-68.563,130.0,2.8,Ml
206898,2023-08-21 11:50:25,2023-08-21 07:50:25,9 km al O de Tongoy,-30.278,-71.589,24.0,2.6,Ml
206900,2023-08-21 12:17:37,2023-08-21 08:17:37,16 km al E de Pica,-20.505,-69.179,87.0,2.7,Ml
206907,2023-08-21 13:58:28,2023-08-21 09:58:28,22 km al NO de Arica,-18.328,-70.46,59.0,3.5,Ml
206910,2023-08-21 15:35:43,2023-08-21 11:35:43,28 km al NO de Ollagüe,-21.109,-68.489,131.0,3.1,Ml
206912,2023-08-21 16:00:58,2023-08-21 12:00:58,26 km al SO de San Antonio,-33.713,-71.839,39.0,3.2,Ml
206915,2023-08-21 16:19:29,2023-08-21 12:19:29,77 km al O de San Antonio de los Cobres,-24.218,-67.079,224.0,4.0,Ml
206917,2023-08-21 17:09:21,2023-08-21 13:09:21,14 km al O de Visviri,-17.574,-69.608,159.0,3.3,Ml
206929,2023-08-21 19:19:52,2023-08-21 15:19:52,37 km al N de Tacna,-17.686,-70.29,106.0,3.3,Ml
206931,2023-08-21 19:39:25,2023-08-21 15:39:25,10 km al NO de La Higuera,-29.451,-71.274,48.0,2.6,Ml
206932,2023-08-21 19:50:22,2023-08-21 15:50:22,212 km al NO de Caleta Meteoro,-51.525,-76.093,13.0,3.9,Ml
206934,2023-08-21 20:18:53,2023-08-21 16:18:53,20 km al SE de Parque Fray Jorge,-30.808,-71.568,33.0,3.0,Ml
206937,2023-08-21 21:12:53,2023-08-21 17:12:53,76 km al O de San Antonio de los Cobres,-24.114,-67.058,195.0,3.0,Ml
206945,2023-08-22 03:08:53,2023-08-21 23:08:53,34 km al O de Pichilemu,-34.315,-72.372,29.0,3.0,Ml
206947,2023-08-22 03:16:20,2023-08-21 23:16:20,57 km al SO de Mina Collahuasi,-21.27,-68.941,86.0,2.6,Ml
206951,2023-08-22 04:18:27,2023-08-22 00:18:27,62 km al S de Camiña,-19.868,-69.333,101.0,3.4,Ml
206962,2023-08-22 07:34:15,2023-08-22 03:34:15,63 km al N de Pica,-19.939,-69.212,98.0,3.3,Ml
206966,2023-08-22 07:45:26,2023-08-22 03:45:26,54 km al SO de Ollagüe,-21.457,-68.71,120.0,4.7,Mw
206970,2023-08-22 08:32:00,2023-08-22 04:32:00,76 km al O de San Antonio de los Cobres,-24.169,-67.064,203.0,3.6,Ml
206972,2023-08-22 09:11:20,2023-08-22 05:11:20,16 km al O de La Serena,-29.939,-71.413,53.0,2.7,Ml
206973,2023-08-22 09:16:01,2023-08-22 05:16:01,52 km al O de Pichilemu,-34.245,-72.552,12.0,2.7,Ml
206983,2023-08-22 12:47:33,2023-08-22 08:47:33,14 km al E de La Serena,-29.855,-71.115,64.0,3.4,Ml
206985,2023-08-22 12:53:43,2023-08-22 08:53:43,10 km al SE de Pica,-20.547,-69.251,95.0,2.7,Ml
206988,2023-08-22 14:07:27,2023-08-22 10:07:27,59 km al NO de San Antonio de los Cobres,-23.942,-66.813,198.0,3.5,Ml
206995,2023-08-22 16:30:23,2023-08-22 12:30:23,32 km al N de Mina La Escondida,-23.996,-69.15,87.0,3.5,Ml
206998,2023-08-22 17:45:20,2023-08-22 13:45:20,30 km al NO de Petorca,-32.051,-71.146,84.0,2.6,Ml
207001,2023-08-22 18:05:48,2023-08-22 14:05:48,33 km al E de Mina Los Pelambres,-31.775,-70.245,122.0,3.2,Ml
207003,2023-08-22 18:22:48,2023-08-22 14:22:48,44 km al E de Pica,-20.515,-68.912,106.0,2.5,Ml
207006,2023-08-22 18:54:18,2023-08-22 14:54:18,63 km al SO de Ollagüe,-21.743,-68.505,121.0,3.3,Ml
207023,2023-08-22 23:45:13,2023-08-22 19:45:13,29 km al O de Calama,-22.559,-69.195,85.0,2.8,Ml
207028,2023-08-23 02:18:17,2023-08-22 22:18:17,29 km al NE de Pica,-20.356,-69.094,92.0,2.5,Ml
207031,2023-08-23 03:00:29,2023-08-22 23:00:29,34 km al O de Tocopilla,-22.053,-70.533,26.0,2.5,Ml
207037,2023-08-23 05:24:42,2023-08-23 01:24:42,63 km al N de Calama,-21.932,-68.738,108.0,2.8,Ml
207044,2023-08-23 07:28:18,2023-08-23 03:28:18,28 km al NE de Las Cabras,-34.15,-71.048,69.0,3.4,Ml
207048,2023-08-23 08:32:19,2023-08-23 04:32:19,37 km al O de La Serena,-29.815,-71.624,66.0,2.8,Ml
207051,2023-08-23 09:01:18,2023-08-23 05:01:18,33 km al SO de Ollagüe,-21.472,-68.426,138.0,3.5,Ml
207058,2023-08-23 14:02:10,2023-08-23 10:02:10,4 km al NE de Pica,-20.465,-69.306,86.0,5.3,Mw
207082,2023-08-23 17:45:16,2023-08-23 13:45:16,26 km al N de Cuya,-18.931,-70.185,64.0,2.6,Ml
207085,2023-08-23 20:13:10,2023-08-23 16:13:10,22 km al SO de Putre,-18.359,-69.68,114.0,2.6,Ml
207094,2023-08-23 22:05:27,2023-08-23 18:05:27,107 km al NO de San Antonio de los Cobres,-23.37,-66.799,219.0,3.1,Ml
207095,2023-08-23 22:10:46,2023-08-23 18:10:46,54 km al E de Quillagua,-21.567,-69.02,91.0,2.8,Ml
207101,2023-08-24 00:18:11,2023-08-23 20:18:11,53 km al SO de Mina Collahuasi,-21.244,-68.902,113.0,2.6,Ml
207102,2023-08-24 00:27:05,2023-08-23 20:27:05,58 km al NO de Parque Fray Jorge,-30.295,-72.112,36.0,3.0,Ml
207108,2023-08-24 00:56:11,2023-08-23 20:56:11,36 km al S de Ollagüe,-21.546,-68.2,160.0,4.0,Ml
207110,2023-08-24 01:41:40,2023-08-23 21:41:40,58 km al O de San Antonio de los Cobres,-24.211,-66.892,215.0,4.2,Ml
207111,2023-08-24 01:44:45,2023-08-23 21:44:45,27 km al SE de Talca,-35.551,-71.416,87.0,2.8,Ml
207114,2023-08-24 01:52:28,2023-08-23 21:52:28,31 km al SE de Los Vilos,-32.139,-71.317,81.0,2.6,Ml
207118,2023-08-24 03:20:18,2023-08-23 23:20:18,28 km al SE de Pica,-20.607,-69.088,109.0,2.8,Ml
207121,2023-08-24 03:37:08,2023-08-23 23:37:08,119 km al E de Socaire,-23.158,-66.822,240.0,3.7,Ml
207126,2023-08-24 05:28:07,2023-08-24 01:28:07,46 km al SO de Mina Collahuasi,-21.172,-68.907,114.0,3.1,Ml
207132,2023-08-24 05:59:06,2023-08-24 01:59:06,62 km al NE de San Pedro de Atacama,-22.517,-67.782,194.0,3.6,Ml
207136,2023-08-24 06:36:58,2023-08-24 02:36:58,25 km al SO de Santiago,-33.558,-70.873,80.0,4.1,Ml
207150,2023-08-24 12:00:17,2023-08-24 08:00:17,37 km al NO de Quillota,-32.659,-71.541,33.0,2.9,Ml
207156,2023-08-24 12:48:06,2023-08-24 08:48:06,14 km al E de Cuya,-19.147,-70.043,68.0,2.5,Ml
207158,2023-08-24 12:55:48,2023-08-24 08:55:48,21 km al N de Mina La Escondida.,-24.082,-69.103,107.0,2.6,Ml
207163,2023-08-24 14:44:17,2023-08-24 10:44:17,12 km al O de Andacollo,-30.199,-71.199,74.0,3.0,Ml
207168,2023-08-24 15:52:28,2023-08-24 11:52:28,63 km al SE de Camiña,-19.8,-69.122,97.0,3.6,Ml
207175,2023-08-24 17:09:41,2023-08-24 13:09:41,35 km al E de Pica,-20.545,-69.003,111.0,3.2,Ml
207179,2023-08-24 19:03:40,2023-08-24 15:03:40,36 km al O de Iquique,-20.208,-70.499,35.0,3.7,Ml
207182,2023-08-24 19:47:03,2023-08-24 15:47:03,44 km al SE de Pica,-20.844,-69.132,105.0,2.6,Ml
207184,2023-08-24 19:57:21,2023-08-24 15:57:21,29 km al NO de El Tabo,-33.305,-71.92,34.0,2.9,Ml
207197,2023-08-24 22:18:13,2023-08-24 18:18:13,47 km al SO de Colchane.,-19.559,-68.966,112.0,2.8,Ml
207199,2023-08-24 22:44:02,2023-08-24 18:44:02,86 km al O de Quintero,-32.683,-72.434,34.0,3.3,Ml
207204,2023-08-24 23:28:57,2023-08-24 19:28:57,123 km al O de Pichilemu,-33.996,-73.26,45.0,3.9,Ml
207206,2023-08-24 23:58:03,2023-08-24 19:58:03,27 km al SE de Sierra Gorda,-23.0,-69.083,114.0,3.0,Ml
207220,2023-08-25 04:13:20,2023-08-25 00:13:20,50 km al N de Mina Collahuasi,-20.407,-68.819,111.0,3.8,Ml
207226,2023-08-25 05:52:50,2023-08-25 01:52:50,106 km al SE de Copiapó,-27.983,-69.516,122.0,3.1,Ml
207232,2023-08-25 07:38:29,2023-08-25 03:38:29,37 km al N de La Higuera,-29.196,-71.308,51.0,2.7,Ml
207238,2023-08-25 10:39:51,2023-08-25 06:39:51,14 km al E de Pica,-20.534,-69.2,105.0,3.6,Ml
207242,2023-08-25 13:16:10,2023-08-25 09:16:10,101 km al SE de Ollagüe,-21.872,-67.563,240.0,3.2,Ml
207244,2023-08-25 13:29:40,2023-08-25 09:29:40,19 km al SE de Carrizal Bajo,-28.209,-71.019,48.0,3.2,Ml
207250,2023-08-25 15:46:26,2023-08-25 11:46:26,65 km al O de La Higuera,-29.449,-71.873,42.0,3.2,Ml
207253,2023-08-25 16:12:15,2023-08-25 12:12:15,60 km al NO de San Antonio de los Cobres,-23.94,-66.824,216.0,3.8,Ml
207276,2023-08-26 01:38:47,2023-08-25 21:38:47,49 km al S de Patache,-21.251,-70.174,66.0,2.9,Ml
207280,2023-08-26 02:26:06,2023-08-25 22:26:06,57 km al NO de Tongoy,-29.844,-71.853,46.0,2.8,Ml
207282,2023-08-26 03:22:15,2023-08-25 23:22:15,41 km al SO de Mina Collahuasi,-21.129,-68.883,104.0,2.6,Ml
207284,2023-08-26 03:43:58,2023-08-25 23:43:58,41 km al SO de Ollagüe,-21.516,-68.494,121.0,2.8,Ml
207285,2023-08-26 03:46:58,2023-08-25 23:46:58,42 km al SO de Ollagüe,-21.543,-68.468,129.0,3.0,Ml
207287,2023-08-26 04:01:32,2023-08-26 00:01:32,33 km al NE de Mina Los Pelambres,-31.67,-70.286,129.0,2.7,Ml
207290,2023-08-26 05:22:58,2023-08-26 01:22:58,49 km al E de Pica,-20.407,-68.87,122.0,3.5,Ml
207294,2023-08-26 07:27:09,2023-08-26 03:27:09,84 km al SE de Socaire,-24.244,-67.468,210.0,2.6,Ml
207299,2023-08-26 12:10:16,2023-08-26 08:10:16,70 km al SO de Colchane,-19.809,-68.985,106.0,2.9,Ml
207308,2023-08-26 17:33:42,2023-08-26 13:33:42,85 km al O de Arica,-18.659,-71.106,46.0,2.5,Ml
207320,2023-08-26 21:40:34,2023-08-26 17:40:34,51 km al N de Calama,-22.022,-68.826,134.0,2.6,Ml
207322,2023-08-26 22:01:16,2023-08-26 18:01:16,99 km al SO de Mina La Escondida.,-25.094,-69.413,88.0,2.6,Ml
207324,2023-08-26 23:22:15,2023-08-26 19:22:15,62 km al N de Pica,-19.947,-69.182,97.0,3.0,Ml
207326,2023-08-26 23:30:49,2023-08-26 19:30:49,84 km al S de Ilo,-18.368,-71.58,24.0,3.1,Ml
207327,2023-08-27 01:02:11,2023-08-26 21:02:11,61 km al NE de Paposo,-24.763,-69.927,70.0,3.4,Ml
207329,2023-08-27 01:32:23,2023-08-26 21:32:23,72 km al SE de Sierra Gorda,-23.418,-68.909,113.0,3.4,Ml
207331,2023-08-27 02:52:41,2023-08-26 22:52:41,15 km al S de Farellones,-33.483,-70.285,115.0,3.6,Ml
207334,2023-08-27 03:23:15,2023-08-26 23:23:15,36 km al S de Los Vilos,-32.228,-71.568,65.0,3.0,Ml
207336,2023-08-27 03:40:07,2023-08-26 23:40:07,45 km al S de Camiña,-19.711,-69.371,108.0,2.5,Ml
207339,2023-08-27 04:01:22,2023-08-27 00:01:22,59 km al SE de Socaire,-23.999,-67.522,236.0,3.1,Ml
207341,2023-08-27 04:11:44,2023-08-27 00:11:44,9 km al S de Taltal,-25.483,-70.503,40.0,2.6,Ml
207344,2023-08-27 07:06:24,2023-08-27 03:06:24,53 km al N de Pica,-20.024,-69.211,90.0,2.6,Ml
207349,2023-08-27 08:27:32,2023-08-27 04:27:32,84 km al O de Arica,-18.566,-71.114,21.0,3.4,Ml
207351,2023-08-27 08:31:45,2023-08-27 04:31:45,95 km al O de San Antonio de los Cobres,-24.422,-67.229,181.0,3.4,Ml
207355,2023-08-27 09:49:41,2023-08-27 05:49:41,73 km al SO de Ollagüe,-21.792,-68.608,122.0,2.8,Ml
207356,2023-08-27 09:56:56,2023-08-27 05:56:56,13 km al O de Caldera,-27.039,-70.954,47.0,2.6,Ml
207364,2023-08-27 12:11:08,2023-08-27 08:11:08,43 km al O de Vichuquén,-34.729,-72.424,14.0,2.9,Ml
207367,2023-08-27 12:45:24,2023-08-27 08:45:24,21 km al SO de Ollagüe,-21.4,-68.328,126.0,3.2,Ml
207370,2023-08-27 14:47:18,2023-08-27 10:47:18,92 km al O de Puerto Edén,-49.057,-75.667,26.0,4.1,Ml
207377,2023-08-27 16:15:24,2023-08-27 12:15:24,54 km al N de Quillagua,-21.178,-69.63,18.0,2.8,Ml
207391,2023-08-27 19:14:18,2023-08-27 15:14:18,29 km al NE de Ralco,-37.722,-71.384,146.0,2.9,Ml
207398,2023-08-27 20:47:12,2023-08-27 16:47:12,13 km al O de Andacollo,-30.23,-71.22,57.0,3.9,Ml
207401,2023-08-27 21:34:18,2023-08-27 17:34:18,67 km al SO de Ollagüe,-21.732,-68.597,118.0,2.5,Ml
207409,2023-08-28 00:31:29,2023-08-27 20:31:29,19 km al SO de Pica,-20.634,-69.426,98.0,4.2,Ml
207416,2023-08-28 02:13:51,2023-08-27 22:13:51,42 km al S de Mina Collahuasi,-21.2,-68.716,114.0,3.0,Ml
207418,2023-08-28 03:08:13,2023-08-27 23:08:13,23 km al NE de Calama,-22.385,-68.731,113.0,2.7,Ml
207419,2023-08-28 03:22:14,2023-08-27 23:22:14,86 km al SE de Socaire,-24.023,-67.194,258.0,3.3,Ml
207423,2023-08-28 03:37:58,2023-08-27 23:37:58,28 km al N de Farellones,-33.101,-70.331,117.0,2.8,Ml
207424,2023-08-28 04:14:47,2023-08-28 00:14:47,66 km al S de Ilo,-18.234,-71.446,38.0,4.9,Mw
207435,2023-08-28 05:26:25,2023-08-28 01:26:25,18 km al N de Calama,-22.31,-68.9,111.0,3.7,Ml
207436,2023-08-28 05:38:05,2023-08-28 01:38:05,66 km al S de Ilo,-18.234,-71.434,36.0,4.1,Ml
207438,2023-08-28 06:01:25,2023-08-28 02:01:25,15 km al SE de Calama,-22.575,-68.84,122.0,2.6,Ml
207439,2023-08-28 06:06:30,2023-08-28 02:06:30,10 km al SO de Puerto Aguirre,-45.213,-73.624,72.0,2.5,Ml
207441,2023-08-28 06:23:47,2023-08-28 02:23:47,26 km al SE de Taltal,-25.614,-70.368,64.0,3.1,Ml
207448,2023-08-28 08:58:22,2023-08-28 04:58:22,70 km al S de Ilo,-18.241,-71.562,20.0,2.7,Ml
207449,2023-08-28 09:31:28,2023-08-28 05:31:28,42 km al SO de Ollagüe,-21.558,-68.448,133.0,2.8,Ml
207450,2023-08-28 09:34:59,2023-08-28 05:34:59,32 km al S de Quillagua,-21.947,-69.539,76.0,2.6,Ml
207454,2023-08-28 10:44:35,2023-08-28 06:44:35,85 km al S de Mina La Escondida,-25.021,-69.2,95.0,3.8,Ml
207455,2023-08-28 11:48:42,2023-08-28 07:48:42,47 km al SO de Taltal,-25.78,-70.718,50.0,4.3,Ml
207462,2023-08-28 13:26:52,2023-08-28 09:26:52,40 km al S de Huasco,-28.809,-71.111,57.0,3.6,Ml
207466,2023-08-28 14:10:38,2023-08-28 10:10:38,55 km al O de Navidad,-33.969,-72.43,36.0,2.5,Ml
207469,2023-08-28 15:45:05,2023-08-28 11:45:05,45 km al SO de Ollagüe,-21.568,-68.486,146.0,2.9,Ml
207471,2023-08-28 16:45:55,2023-08-28 12:45:55,41 km al O de La Ligua,-32.466,-71.673,20.0,2.7,Ml
207475,2023-08-28 17:48:19,2023-08-28 13:48:19,28 km al NO de Ancud,-41.645,-73.99,27.0,4.0,Ml
207491,2023-08-28 21:36:40,2023-08-28 17:36:40,55 km al O de Navidad,-33.97,-72.431,36.0,3.0,Ml
207499,2023-08-28 23:25:00,2023-08-28 19:25:00,16 km al NE de Melinka,-43.771,-73.646,52.0,5.0,Mw
207503,2023-08-29 01:57:38,2023-08-28 21:57:38,30 km al SE de Calama,-22.644,-68.705,109.0,2.5,Ml
207506,2023-08-29 02:44:41,2023-08-28 22:44:41,43 km al O de Camiña,-19.432,-69.813,7.0,2.7,Ml
207512,2023-08-29 03:41:46,2023-08-28 23:41:46,37 km al SO de Visviri,-17.743,-69.791,114.0,3.0,Ml
207514,2023-08-29 04:02:09,2023-08-29 00:02:09,19 km al O de El Salvador,-26.253,-69.819,76.0,2.7,Ml
207516,2023-08-29 04:04:12,2023-08-29 00:04:12,41 km al S de Camiña,-19.679,-69.4,84.0,3.4,Ml
207518,2023-08-29 04:26:07,2023-08-29 00:26:07,26 km al NO de Arauco,-37.068,-73.505,38.0,3.0,Ml
207524,2023-08-29 05:08:47,2023-08-29 01:08:47,24 km al E de Calama,-22.434,-68.695,133.0,3.4,Ml
207529,2023-08-29 06:22:35,2023-08-29 02:22:35,11 km al O de Andacollo,-30.233,-71.203,61.0,2.8,Ml
207532,2023-08-29 06:27:25,2023-08-29 02:27:25,36 km al NO de Mina Collahuasi,-20.57,-68.866,111.0,2.7,Ml
207533,2023-08-29 06:37:07,2023-08-29 02:37:07,73 km al O de Antofagasta,-23.572,-71.122,34.0,2.5,Ml
207539,2023-08-29 09:43:05,2023-08-29 05:43:05,41 km al S de Ollagüe,-21.569,-68.384,135.0,3.1,Ml
207542,2023-08-29 10:13:54,2023-08-29 06:13:54,57 km al S de Ilo,-18.157,-71.283,37.0,2.6,Ml
207544,2023-08-29 10:57:03,2023-08-29 06:57:03,54 km al E de Ollagüe,-21.323,-67.744,206.0,3.6,Ml
207545,2023-08-29 11:10:07,2023-08-29 07:10:07,69 km al O de Cobquecura,-36.254,-73.55,33.0,3.0,Ml
207548,2023-08-29 11:33:36,2023-08-29 07:33:36,39 km al E de María Elena,-22.255,-69.292,77.0,2.5,Ml
207549,2023-08-29 12:12:19,2023-08-29 08:12:19,14 km al NE de Camiña,-19.207,-69.351,103.0,3.1,Ml
207552,2023-08-29 12:54:57,2023-08-29 08:54:57,51 km al SO de Arica,-18.854,-70.601,46.0,3.2,Ml
207567,2023-08-29 17:02:06,2023-08-29 13:02:06,6 km al E de Calama,-22.484,-68.877,99.0,2.8,Ml
207568,2023-08-29 17:26:53,2023-08-29 13:26:53,46 km al S de Pica,-20.876,-69.179,112.0,2.8,Ml
207591,2023-08-29 22:11:08,2023-08-29 18:11:08,62 km al E de Ollagüe,-21.189,-67.66,193.0,3.3,Ml
207593,2023-08-29 22:54:37,2023-08-29 18:54:37,58 km al SO de San Pedro de Atacama,-23.186,-68.69,102.0,2.8,Ml
207595,2023-08-29 23:03:10,2023-08-29 19:03:10,33 km al O de Tocopilla,-22.042,-70.518,25.0,2.6,Ml
207600,2023-08-30 02:03:39,2023-08-29 22:03:39,27 km al E de Talca,-35.477,-71.371,90.0,2.9,Ml
207606,2023-08-30 04:19:01,2023-08-30 00:19:01,38 km al NO de Parque Fray Jorge,-30.468,-72.004,44.0,3.7,Ml
207612,2023-08-30 04:51:45,2023-08-30 00:51:45,161 km al O de Pichilemu,-34.332,-73.76,24.0,2.8,Ml
207626,2023-08-30 09:07:17,2023-08-30 05:07:17,33 km al N de Valparaíso,-32.752,-71.653,60.0,4.2,Ml
207637,2023-08-30 13:15:01,2023-08-30 09:15:01,36 km al SE de Cobquecura,-36.369,-72.528,46.0,4.7,Mw
207641,2023-08-30 14:17:06,2023-08-30 10:17:06,5 km al O de La Higuera,-29.493,-71.254,53.0,5.2,Mw
207643,2023-08-30 14:26:17,2023-08-30 10:26:17,10 km al NO de La Higuera,-29.45,-71.282,47.0,3.0,Ml
207645,2023-08-30 14:27:57,2023-08-30 10:27:57,35 km al NE de Camiña,-19.08,-69.204,105.0,3.0,Ml
207647,2023-08-30 14:30:52,2023-08-30 10:30:52,5 km al S de La Higuera,-29.551,-71.217,52.0,2.7,Ml
207649,2023-08-30 14:35:11,2023-08-30 10:35:11,3 km al NO de La Higuera,-29.498,-71.227,52.0,4.5,Ml
207658,2023-08-30 16:34:31,2023-08-30 12:34:31,22 km al O de La Higuera,-29.475,-71.42,46.0,2.7,Ml
207656,2023-08-30 16:35:37,2023-08-30 12:35:37,23 km al O de Calama,-22.435,-69.15,89.0,4.1,Ml
207663,2023-08-30 18:13:21,2023-08-30 14:13:21,5 km al NO de La Higuera,-29.479,-71.242,52.0,3.5,Ml
207670,2023-08-30 18:46:04,2023-08-30 14:46:04,71 km al SO de Ollagüe,-21.816,-68.505,122.0,3.3,Ml
207673,2023-08-30 19:44:51,2023-08-30 15:44:51,134 km al E de Copiapó,-27.494,-68.978,112.0,3.0,Ml
207676,2023-08-30 20:26:16,2023-08-30 16:26:16,6 km al SE de La Ligua,-32.481,-71.176,68.0,3.0,Ml
207682,2023-08-30 22:30:58,2023-08-30 18:30:58,37 km al E de Pica,-20.423,-68.983,106.0,2.7,Ml
207691,2023-08-31 00:41:11,2023-08-30 20:41:11,50 km al SO de Ollagüe,-21.639,-68.441,119.0,3.2,Ml
207700,2023-08-31 05:36:03,2023-08-31 01:36:03,42 km al O de Tirúa,-38.271,-73.966,30.0,3.2,Ml
207701,2023-08-31 06:39:41,2023-08-31 02:39:41,23 km al NE de Calama,-22.36,-68.746,109.0,3.2,Ml
207718,2023-08-31 13:18:46,2023-08-31 09:18:46,39 km al NE de Calama,-22.225,-68.654,112.0,2.8,Ml
207724,2023-08-31 14:03:21,2023-08-31 10:03:21,8 km al NO de Ollagüe,-21.162,-68.287,139.0,3.1,Ml
207728,2023-08-31 14:51:45,2023-08-31 10:51:45,107 km al NO de Huasco,-27.648,-71.788,15.0,2.7,Ml
207732,2023-08-31 15:05:42,2023-08-31 11:05:42,47 km al S de San Pedro de Atacama,-23.334,-68.301,117.0,3.4,Ml
207733,2023-08-31 15:25:56,2023-08-31 11:25:56,15 km al N de Farellones,-33.218,-70.331,102.0,2.8,Ml
207741,2023-08-31 16:57:23,2023-08-31 12:57:23,29 km al E de Sierra Gorda,-22.897,-69.037,106.0,3.5,Ml
207756,2023-08-31 20:00:46,2023-08-31 16:00:46,110 km al SE de Ollagüe,-21.899,-67.476,205.0,4.1,Ml
207761,2023-08-31 22:08:40,2023-08-31 18:08:40,49 km al NE de Pica,-20.115,-69.092,7.0,2.9,Ml
207769,2023-08-31 22:50:52,2023-08-31 18:50:52,63 km al N de Pica,-19.93,-69.217,92.0,2.6,Ml
207771,2023-08-31 23:02:36,2023-08-31 19:02:36,67 km al NE de Calama,-21.906,-68.691,119.0,2.8,Ml
207773,2023-08-31 23:30:59,2023-08-31 19:30:59,30 km al O de Ollagüe,-21.148,-68.526,136.0,3.1,Ml
207774,2023-08-31 23:35:38,2023-08-31 19:35:38,37 km al E de Pica,-20.587,-68.985,106.0,2.7,Ml
207782,2023-09-01 01:06:55,2023-08-31 21:06:55,20 km al SO de Punta de Choros,-29.38,-71.606,52.0,3.2,Ml
207783,2023-09-01 01:21:35,2023-08-31 21:21:35,65 km al SO de Caldera,-27.415,-71.354,20.0,3.2,Ml
207788,2023-09-01 03:44:26,2023-08-31 23:44:26,49 km al O de Caldera,-27.178,-71.305,43.0,3.2,Ml
207793,2023-09-01 07:56:41,2023-09-01 03:56:41,16 km al NE de Los Andes.,-32.753,-70.46,107.0,4.6,Mw
207797,2023-09-01 08:31:17,2023-09-01 04:31:17,34 km al SO de Los Vilos,-32.132,-71.763,28.0,3.3,Ml
207804,2023-09-01 11:46:12,2023-09-01 07:46:12,71 km al SO de Caldera,-27.373,-71.449,38.0,2.8,Ml
207807,2023-09-01 13:24:14,2023-09-01 09:24:14,36 km al N de Valparaíso,-32.727,-71.623,34.0,2.5,Ml
207808,2023-09-01 13:36:00,2023-09-01 09:36:00,8 km al SE de Curicó,-35.034,-71.171,81.0,3.4,Ml
207813,2023-09-01 15:09:08,2023-09-01 11:09:08,3 km al E de San Antonio,-33.581,-71.578,58.0,3.5,Ml
207816,2023-09-01 15:52:24,2023-09-01 11:52:24,61 km al SO de Caldera,-27.304,-71.376,35.0,3.7,Ml
207819,2023-09-01 16:24:58,2023-09-01 12:24:58,23 km al SE de Pichilemu,-34.55,-71.849,47.0,3.2,Ml
207836,2023-09-01 23:55:09,2023-09-01 19:55:09,74 km al O de San Antonio de los Cobres,-24.291,-67.046,212.0,4.5,Mw
207853,2023-09-02 09:22:00,2023-09-02 05:22:00,51 km al O de Caldera,-27.22,-71.313,30.0,3.2,Ml
207859,2023-09-02 09:43:31,2023-09-02 05:43:31,54 km al O de Caldera,-27.247,-71.33,54.0,3.4,Ml
207863,2023-09-02 10:13:57,2023-09-02 06:13:57,64 km al NE de Los Andes.,-32.454,-70.088,131.0,3.2,Ml
207869,2023-09-02 12:49:46,2023-09-02 08:49:46,47 km al O de Caldera,-27.156,-71.287,50.0,3.1,Ml
207872,2023-09-02 13:59:06,2023-09-02 09:59:06,65 km al SE de Socaire,-24.019,-67.452,222.0,3.6,Ml
207876,2023-09-02 14:29:59,2023-09-02 10:29:59,64 km al O de Caldera,-27.21,-71.451,22.0,2.7,Ml
207881,2023-09-02 18:42:45,2023-09-02 14:42:45,19 km al SO de Salamanca,-31.902,-71.1,74.0,2.6,Ml
207885,2023-09-02 18:52:07,2023-09-02 14:52:07,62 km al SE de Antofagasta,-24.121,-70.087,57.0,2.8,Ml
207889,2023-09-02 20:28:21,2023-09-02 16:28:21,112 km al S de Uyuni,-21.464,-66.857,217.0,4.4,Ml
207892,2023-09-02 21:24:57,2023-09-02 17:24:57,29 km al NO de Panguipulli,-39.49,-72.605,81.0,3.2,Ml
207894,2023-09-02 21:42:26,2023-09-02 17:42:26,13 km al SO de El Tabo,-33.54,-71.759,43.0,3.1,Ml
207899,2023-09-02 22:03:46,2023-09-02 18:03:46,55 km al O de Caldera,-27.211,-71.35,28.0,3.3,Ml
207901,2023-09-02 22:32:13,2023-09-02 18:32:13,53 km al O de Caldera,-27.259,-71.315,24.0,3.2,Ml
207905,2023-09-03 01:42:02,2023-09-02 21:42:02,19 km al O de Valparaíso,-33.028,-71.821,38.0,2.9,Ml
207907,2023-09-03 02:00:18,2023-09-02 22:00:18,27 km al NE de Monte Patria,-30.508,-70.775,79.0,3.0,Ml
207911,2023-09-03 02:32:55,2023-09-02 22:32:55,34 km al O de Caldera,-27.194,-71.137,55.0,3.3,Ml
207914,2023-09-03 03:14:23,2023-09-02 23:14:23,38 km al SO de Mina Collahuasi,-21.066,-68.919,109.0,3.4,Ml
207916,2023-09-03 05:20:58,2023-09-03 02:20:58,33 km al NO de Los Vilos,-31.645,-71.672,41.0,2.8,Ml
207922,2023-09-03 07:20:58,2023-09-03 04:20:58,20 km al O de Los Vilos,-31.93,-71.718,58.0,2.8,Ml
207926,2023-09-03 08:22:47,2023-09-03 05:22:47,74 km al E de Socaire,-23.761,-67.192,235.0,3.6,Ml
207928,2023-09-03 09:13:34,2023-09-03 06:13:34,43 km al S de Mina Collahuasi,-21.188,-68.792,120.0,3.1,Ml
207930,2023-09-03 09:21:30,2023-09-03 06:21:30,36 km al NO de Los Vilos,-31.64,-71.722,24.0,2.6,Ml
207933,2023-09-03 10:39:11,2023-09-03 07:39:11,53 km al NE de San Pedro de Atacama,-22.543,-67.883,171.0,4.0,Ml
207938,2023-09-03 12:32:06,2023-09-03 09:32:06,75 km al SE de Socaire,-24.01,-67.311,232.0,4.4,Mw
207940,2023-09-03 14:22:59,2023-09-03 11:22:59,68 km al NO de San Antonio de los Cobres,-23.888,-66.882,241.0,3.4,Ml
207944,2023-09-03 15:01:24,2023-09-03 12:01:24,57 km al SO de Los Vilos,-32.346,-71.838,24.0,3.0,Ml
207945,2023-09-03 15:04:42,2023-09-03 12:04:42,79 km al E de Mina Los Pelambres,-31.633,-69.778,146.0,3.1,Ml
207947,2023-09-03 16:45:41,2023-09-03 13:45:41,38 km al SO de La Ligua,-32.638,-71.576,33.0,3.5,Ml
207951,2023-09-03 17:08:56,2023-09-03 14:08:56,92 km al E de Alto del Carmen,-29.098,-69.622,107.0,3.2,Ml
207957,2023-09-03 20:02:23,2023-09-03 17:02:23,44 km al O de Mina Collahuasi,-20.909,-69.067,89.0,2.6,Ml
207961,2023-09-03 22:16:20,2023-09-03 19:16:20,80 km al SE de Alto del Carmen,-29.072,-69.747,118.0,3.8,Ml
207963,2023-09-03 22:18:19,2023-09-03 19:18:19,47 km al S de Pica,-20.896,-69.188,100.0,2.6,Ml
207966,2023-09-04 01:20:54,2023-09-03 22:20:54,20 km al NE de Pica,-20.346,-69.221,109.0,2.6,Ml
207967,2023-09-04 02:13:31,2023-09-03 23:13:31,32 km al SE de Calama,-22.737,-68.808,115.0,2.8,Ml
207969,2023-09-04 02:25:51,2023-09-03 23:25:51,55 km al O de Caldera,-27.241,-71.346,36.0,3.1,Ml
207973,2023-09-04 02:46:19,2023-09-03 23:46:19,50 km al O de Caldera,-27.21,-71.301,30.0,3.0,Ml
207975,2023-09-04 03:13:07,2023-09-04 00:13:07,40 km al O de Caldera,-27.216,-71.191,48.0,2.8,Ml
207977,2023-09-04 03:19:28,2023-09-04 00:19:28,44 km al O de Caldera,-27.225,-71.229,40.0,2.8,Ml
207978,2023-09-04 03:35:07,2023-09-04 00:35:07,43 km al O de Caldera,-27.199,-71.234,48.0,3.6,Ml
207987,2023-09-04 04:59:22,2023-09-04 01:59:22,28 km al E de Quillota,-32.969,-70.971,77.0,3.5,Ml
207991,2023-09-04 06:01:41,2023-09-04 03:01:41,17 km al NE de Los Vilos,-31.807,-71.376,58.0,4.0,Ml
207994,2023-09-04 06:12:17,2023-09-04 03:12:17,46 km al O de Caldera,-27.216,-71.255,45.0,3.0,Ml
207997,2023-09-04 06:53:41,2023-09-04 03:53:41,45 km al SO de Mina Collahuasi,-21.112,-68.97,111.0,2.5,Ml
208003,2023-09-04 07:27:08,2023-09-04 04:27:08,45 km al SO de Ollagüe,-21.547,-68.517,133.0,3.7,Ml
208005,2023-09-04 08:07:23,2023-09-04 05:07:23,59 km al O de Caldera,-27.258,-71.383,35.0,3.4,Ml
208006,2023-09-04 08:32:30,2023-09-04 05:32:30,53 km al O de Caldera,-27.236,-71.327,37.0,2.7,Ml
208010,2023-09-04 09:44:09,2023-09-04 06:44:09,2 km al S de Petorca,-32.274,-70.93,67.0,3.4,Ml
208011,2023-09-04 09:59:30,2023-09-04 06:59:30,42 km al O de Caldera,-27.195,-71.226,49.0,3.0,Ml
208015,2023-09-04 10:44:15,2023-09-04 07:44:15,62 km al NE de Quillagua,-21.394,-69.01,106.0,2.7,Ml
208017,2023-09-04 10:56:08,2023-09-04 07:56:08,53 km al SO de Ollagüe,-21.637,-68.51,116.0,3.1,Ml
208026,2023-09-04 13:47:55,2023-09-04 10:47:55,68 km al E de Ollagüe,-21.146,-67.6,210.0,3.7,Ml
208029,2023-09-04 13:53:10,2023-09-04 10:53:10,48 km al SE de Pica,-20.882,-69.136,104.0,2.6,Ml
208031,2023-09-04 14:20:35,2023-09-04 11:20:35,14 km al O de Caldera,-27.115,-70.952,78.0,3.0,Ml
208033,2023-09-04 14:24:52,2023-09-04 11:24:52,34 km al SO de Linares,-36.088,-71.828,88.0,2.6,Ml
208034,2023-09-04 16:01:25,2023-09-04 13:01:25,161 km al O de Pisagua,-19.956,-71.709,31.0,3.3,Ml
208036,2023-09-04 16:14:36,2023-09-04 13:14:36,149 km al N de San Antonio de los Cobres,-22.882,-66.325,249.0,3.4,Ml
208038,2023-09-04 17:46:22,2023-09-04 14:46:22,52 km al SO de Caldera,-27.275,-71.288,25.0,4.0,Ml
208039,2023-09-04 17:47:28,2023-09-04 14:47:28,54 km al SO de Caldera,-27.318,-71.293,33.0,3.2,Ml
208043,2023-09-04 18:09:07,2023-09-04 15:09:07,119 km al NE de San Pedro de Atacama,-22.136,-67.405,199.0,3.7,Ml
208050,2023-09-04 19:12:02,2023-09-04 16:12:02,17 km al SO de Mina Los Pelambres,-31.896,-70.739,112.0,3.1,Ml
208052,2023-09-04 20:19:47,2023-09-04 17:19:47,34 km al SO de Mina Collahuasi,-20.993,-68.932,108.0,3.1,Ml
208054,2023-09-04 20:36:27,2023-09-04 17:36:27,40 km al SE de Calama,-22.716,-68.645,114.0,3.4,Ml
208056,2023-09-04 21:46:28,2023-09-04 18:46:28,50 km al O de Tongoy,-30.121,-71.992,40.0,3.6,Ml
208061,2023-09-04 22:45:40,2023-09-04 19:45:40,90 km al O de San Antonio de los Cobres,-24.195,-67.209,199.0,4.2,Ml
208072,2023-09-04 23:12:45,2023-09-04 20:12:45,40 km al SO de Caldera,-27.261,-71.167,56.0,3.1,Ml
208063,2023-09-04 23:13:32,2023-09-04 20:13:32,55 km al SO de Caldera,-27.298,-71.319,25.0,4.3,Ml
208067,2023-09-04 23:19:02,2023-09-04 20:19:02,55 km al SO de Caldera,-27.285,-71.317,25.0,3.2,Ml
208070,2023-09-04 23:32:19,2023-09-04 20:32:19,80 km al O de Concepción,-36.641,-73.914,36.0,2.6,Ml
208073,2023-09-04 23:52:49,2023-09-04 20:52:49,42 km al O de Caldera,-27.201,-71.223,45.0,2.7,Ml
208075,2023-09-05 00:06:31,2023-09-04 21:06:31,50 km al SO de Caldera,-27.302,-71.259,23.0,3.7,Ml
208079,2023-09-05 00:40:24,2023-09-04 21:40:24,44 km al O de Caldera,-27.226,-71.227,43.0,2.9,Ml
208080,2023-09-05 00:40:44,2023-09-04 21:40:44,54 km al SO de Caldera,-27.313,-71.296,38.0,4.0,Ml
208082,2023-09-05 01:31:40,2023-09-04 22:31:40,48 km al O de Caldera,-27.218,-71.275,36.0,3.2,Ml
208084,2023-09-05 01:55:43,2023-09-04 22:55:43,53 km al O de Caldera,-27.215,-71.33,36.0,2.7,Ml
208085,2023-09-05 02:06:03,2023-09-04 23:06:03,55 km al SO de Caldera,-27.281,-71.32,34.0,2.6,Ml
208091,2023-09-05 04:06:06,2023-09-05 01:06:06,78 km al O de La Serena,-29.719,-72.034,42.0,2.7,Ml
208092,2023-09-05 04:56:30,2023-09-05 01:56:30,22 km al O de Mina Collahuasi,-20.748,-68.852,111.0,2.7,Ml
208096,2023-09-05 07:01:42,2023-09-05 04:01:42,24 km al O de Ollagüe,-21.171,-68.479,123.0,3.0,Ml
208098,2023-09-05 07:51:36,2023-09-05 04:51:36,38 km al SO de Caldera,-27.254,-71.14,54.0,3.8,Ml
208105,2023-09-05 10:18:52,2023-09-05 07:18:52,16 km al O de Salamanca,-31.816,-71.124,103.0,2.6,Ml
208108,2023-09-05 10:44:43,2023-09-05 07:44:43,59 km al SE de Sierra Gorda,-23.22,-68.865,106.0,3.3,Ml
208112,2023-09-05 11:42:05,2023-09-05 08:42:05,37 km al O de Los Vilos,-31.858,-71.894,18.0,3.2,Ml
208115,2023-09-05 12:12:06,2023-09-05 09:12:06,18 km al N de Iquique,-20.059,-70.211,43.0,3.7,Ml
208121,2023-09-05 14:30:55,2023-09-05 11:30:55,65 km al S de Mina La Escondida,-24.842,-69.198,99.0,4.0,Ml
208124,2023-09-05 15:00:53,2023-09-05 12:00:53,42 km al O de Caldera,-27.181,-71.223,47.0,2.8,Ml
208126,2023-09-05 15:25:14,2023-09-05 12:25:14,11 km al NO de La Higuera,-29.46,-71.297,48.0,2.9,Ml
208128,2023-09-05 15:40:07,2023-09-05 12:40:07,31 km al SO de Calama,-22.727,-69.046,117.0,2.6,Ml
208129,2023-09-05 15:42:35,2023-09-05 12:42:35,105 km al SE de Socaire,-24.354,-67.287,184.0,3.0,Ml
208131,2023-09-05 16:58:43,2023-09-05 13:58:43,119 km al O de Tirúa,-38.179,-74.837,20.0,3.0,Ml
208139,2023-09-05 19:12:54,2023-09-05 16:12:54,49 km al O de Caldera,-27.221,-71.283,42.0,3.2,Ml
208143,2023-09-05 19:42:53,2023-09-05 16:42:53,13 km al N de Farellones,-33.233,-70.318,103.0,2.7,Ml
208145,2023-09-05 21:27:06,2023-09-05 18:27:06,52 km al SO de Pica,-20.775,-69.724,35.0,2.6,Ml
208151,2023-09-05 22:27:56,2023-09-05 19:27:56,26 km al SO de Sierra Gorda.,-23.036,-69.526,64.0,3.1,Ml
208153,2023-09-05 22:40:33,2023-09-05 19:40:33,30 km al N de Vallenar,-28.309,-70.787,27.0,2.7,Ml
208154,2023-09-05 23:03:09,2023-09-05 20:03:09,53 km al O de Caldera,-27.263,-71.316,25.0,2.8,Ml
208157,2023-09-06 00:19:27,2023-09-05 21:19:27,32 km al O de Ollagüe,-21.233,-68.563,117.0,2.8,Ml
208159,2023-09-06 01:22:12,2023-09-05 22:22:12,60 km al O de Caldera,-27.283,-71.375,32.0,3.6,Ml
208162,2023-09-06 01:36:29,2023-09-05 22:36:29,55 km al O de Caldera,-27.247,-71.344,25.0,2.9,Ml
208163,2023-09-06 01:44:54,2023-09-05 22:44:54,49 km al O de Caldera,-27.247,-71.28,25.0,2.5,Ml
208165,2023-09-06 02:06:12,2023-09-05 23:06:12,47 km al SO de Caldera,-27.287,-71.232,39.0,3.2,Ml
208168,2023-09-06 02:09:19,2023-09-05 23:09:19,27 km al NE de Pica,-20.308,-69.158,104.0,4.0,Ml
208175,2023-09-06 03:53:15,2023-09-06 00:53:15,55 km al O de Caldera,-27.265,-71.327,37.0,3.8,Ml
208178,2023-09-06 03:57:06,2023-09-06 00:57:06,51 km al SO de Caldera,-27.265,-71.289,28.0,3.0,Ml
208179,2023-09-06 04:12:25,2023-09-06 01:12:25,88 km al NE de San Pedro de Atacama,-22.329,-67.623,179.0,2.6,Ml
208180,2023-09-06 04:46:03,2023-09-06 01:46:03,51 km al SO de Caldera,-27.285,-71.277,37.0,2.7,Ml
208184,2023-09-06 05:08:12,2023-09-06 02:08:12,29 km al NE de Vichuquén,-34.758,-71.721,43.0,2.5,Ml
208186,2023-09-06 05:27:06,2023-09-06 02:27:06,41 km al SO de Los Vilos,-32.25,-71.692,33.0,2.8,Ml
208190,2023-09-06 05:59:59,2023-09-06 02:59:59,34 km al NO de Los Vilos,-31.649,-71.704,26.0,3.7,Ml
208195,2023-09-06 07:10:41,2023-09-06 04:10:41,21 km al SO de La Ligua,-32.622,-71.323,52.0,2.6,Ml
208198,2023-09-06 07:47:34,2023-09-06 04:47:34,52 km al O de Caldera,-27.215,-71.321,33.0,3.1,Ml
208203,2023-09-06 08:48:52,2023-09-06 05:48:52,59 km al S de Caldera,-27.585,-70.929,36.0,3.7,Ml
208207,2023-09-06 10:40:06,2023-09-06 07:40:06,17 km al O de Pichilemu,-34.445,-72.18,28.0,2.8,Ml
208211,2023-09-06 11:41:55,2023-09-06 08:41:55,27 km al NO de Mina Collahuasi,-20.7,-68.884,112.0,2.8,Ml
208212,2023-09-06 12:13:55,2023-09-06 09:13:55,45 km al SO de Mina Collahuasi,-21.082,-68.999,113.0,3.2,Ml
208214,2023-09-06 12:20:50,2023-09-06 09:20:50,27 km al SO de Canela Baja,-31.626,-71.558,38.0,2.6,Ml
208216,2023-09-06 12:24:30,2023-09-06 09:24:30,66 km al S de Camiña,-19.873,-69.211,100.0,3.0,Ml
208220,2023-09-06 13:15:37,2023-09-06 10:15:37,50 km al O de Caldera,-27.22,-71.297,26.0,2.8,Ml
208223,2023-09-06 14:37:42,2023-09-06 11:37:42,52 km al O de Caldera,-27.231,-71.32,32.0,4.0,Ml
208235,2023-09-06 18:10:57,2023-09-06 15:10:57,23 km al E de Vichuquén,-34.806,-71.758,42.0,3.1,Ml
208247,2023-09-06 23:48:05,2023-09-06 20:48:05,10 km al SE de Tongoy,-30.337,-71.458,46.0,6.4,Mww
208250,2023-09-06 23:52:19,2023-09-06 20:52:19,12 km al SE de Tongoy,-30.356,-71.447,39.0,3.7,Ml
208249,2023-09-07 00:02:09,2023-09-06 21:02:09,13 km al SE de Tongoy,-30.333,-71.399,47.0,3.3,Ml
208251,2023-09-07 00:08:46,2023-09-06 21:08:46,24 km al SE de Tongoy,-30.404,-71.32,25.0,3.0,Ml
208253,2023-09-07 00:14:27,2023-09-06 21:14:27,4 km al SO de San José de Maipo,-33.672,-70.366,108.0,2.9,Ml
208272,2023-09-07 02:57:03,2023-09-06 23:57:03,49 km al SO de Pica,-20.833,-69.62,71.0,2.6,Ml
208276,2023-09-07 03:13:11,2023-09-07 00:13:11,34 km al NO de Los Vilos,-31.649,-71.689,32.0,3.0,Ml
208282,2023-09-07 04:03:08,2023-09-07 01:03:08,90 km al NO de Quillagua,-21.127,-70.188,35.0,4.2,Ml
208286,2023-09-07 04:25:26,2023-09-07 01:25:26,6 km al SO de Tongoy,-30.279,-71.548,40.0,3.0,Ml
208291,2023-09-07 05:40:09,2023-09-07 02:40:09,177 km al E de Alto del Carmen,-28.682,-68.67,115.0,4.7,Mw
208296,2023-09-07 06:11:56,2023-09-07 03:11:56,6 km al S de Tongoy,-30.308,-71.476,50.0,2.5,Ml
208301,2023-09-07 07:24:06,2023-09-07 04:24:06,77 km al SO de Ollagüe,-21.839,-68.589,119.0,3.0,Ml
208304,2023-09-07 07:52:30,2023-09-07 04:52:30,42 km al O de Mina La Escondida,-24.145,-69.45,80.0,4.2,Ml
208307,2023-09-07 08:00:35,2023-09-07 05:00:35,15 km al SE de Tongoy,-30.348,-71.38,40.0,2.6,Ml
208309,2023-09-07 08:35:04,2023-09-07 05:35:04,16 km al SO de La Serena,-29.992,-71.383,49.0,2.8,Ml
208311,2023-09-07 08:36:23,2023-09-07 05:36:23,42 km al SO de Mina Collahuasi,-21.128,-68.895,114.0,3.7,Ml
208317,2023-09-07 08:58:55,2023-09-07 05:58:55,8 km al SE de Tongoy,-30.32,-71.458,44.0,2.9,Ml
208321,2023-09-07 10:45:14,2023-09-07 07:45:14,14 km al SE de Tongoy,-30.351,-71.408,47.0,4.3,Mw
208323,2023-09-07 11:59:40,2023-09-07 08:59:40,17 km al SE de Tongoy,-30.391,-71.408,36.0,2.5,Ml
208325,2023-09-07 12:14:28,2023-09-07 09:14:28,47 km al S de Caldera,-27.477,-70.936,68.0,3.4,Ml
208337,2023-09-07 14:39:27,2023-09-07 11:39:27,24 km al SO de Pichidangui,-32.28,-71.723,26.0,3.2,Ml
208345,2023-09-07 15:53:59,2023-09-07 12:53:59,23 km al SO de Melipilla,-33.806,-71.419,50.0,2.5,Ml
208351,2023-09-07 17:21:04,2023-09-07 14:21:04,23 km al SO de Melipilla,-33.805,-71.421,48.0,2.6,Ml
208358,2023-09-07 18:08:28,2023-09-07 15:08:28,22 km al SO de Melipilla,-33.789,-71.412,44.0,2.5,Ml
208366,2023-09-07 20:43:52,2023-09-07 17:43:52,132 km al O de El Tabo,-33.277,-73.073,20.0,3.1,Ml
208387,2023-09-08 00:10:27,2023-09-07 21:10:27,13 km al N de Carrizal Bajo,-27.972,-71.12,41.0,3.2,Ml
208394,2023-09-08 01:55:19,2023-09-07 22:55:19,28 km al N de Talca,-35.175,-71.673,55.0,2.7,Ml
208398,2023-09-08 02:36:15,2023-09-07 23:36:15,56 km al S de Mina Collahuasi,-21.312,-68.815,118.0,2.9,Ml
208400,2023-09-08 02:40:58,2023-09-07 23:40:58,26 km al SE de Mina Collahuasi,-21.017,-68.51,132.0,3.6,Ml
208405,2023-09-08 03:55:59,2023-09-08 00:55:59,45 km al NE de Entre Lagos,-40.487,-72.131,9.0,2.9,Ml
208414,2023-09-08 05:21:46,2023-09-08 02:21:46,63 km al NE de Colchane,-18.86,-68.23,206.0,3.7,Ml
208418,2023-09-08 07:13:18,2023-09-08 04:13:18,30 km al S de Pica,-20.759,-69.33,101.0,2.8,Ml
208447,2023-09-08 19:27:34,2023-09-08 16:27:34,15 km al O de Ovalle,-30.556,-71.353,63.0,3.1,Ml
208449,2023-09-08 19:53:58,2023-09-08 16:53:58,40 km al SO de Ollagüe,-21.548,-68.426,127.0,3.2,Ml
208457,2023-09-08 21:41:07,2023-09-08 18:41:07,74 km al O de Iquique,-20.238,-70.86,39.0,2.5,Ml
208467,2023-09-09 01:39:22,2023-09-08 22:39:22,56 km al NE de Vallenar,-28.116,-70.518,79.0,2.7,Ml
208480,2023-09-09 06:32:31,2023-09-09 03:32:31,57 km al N de Calama,-21.985,-68.747,121.0,2.7,Ml
208481,2023-09-09 07:10:41,2023-09-09 04:10:41,102 km al NE de Paihuano,-29.611,-69.578,121.0,3.0,Ml
208490,2023-09-09 08:32:11,2023-09-09 05:32:11,55 km al N de Quillagua,-21.167,-69.546,89.0,3.9,Ml
208492,2023-09-09 09:34:20,2023-09-09 06:34:20,39 km al SE de Paihuano,-30.24,-70.197,101.0,3.1,Ml
208498,2023-09-09 10:49:39,2023-09-09 07:49:39,119 km al SE de Tierra Amarilla,-28.185,-69.349,107.0,3.0,Ml
208504,2023-09-09 12:26:22,2023-09-09 09:26:22,49 km al NE de Calama,-22.063,-68.756,110.0,3.0,Ml
208507,2023-09-09 14:54:41,2023-09-09 11:54:41,44 km al SO de Mina Collahuasi,-21.079,-68.984,106.0,2.9,Ml
208510,2023-09-09 15:12:04,2023-09-09 12:12:04,62 km al NO de Tocopilla,-21.657,-70.567,32.0,2.5,Ml
208513,2023-09-09 15:53:18,2023-09-09 12:53:18,19 km al S de Cobquecura,-36.306,-72.807,39.0,3.1,Ml
208526,2023-09-09 20:03:13,2023-09-09 17:03:13,29 km al S de Melipilla,-33.934,-71.298,55.0,4.2,Ml
208532,2023-09-09 21:18:49,2023-09-09 18:18:49,62 km al E de Tierra Amarilla,-27.703,-69.692,118.0,2.7,Ml
208533,2023-09-09 21:30:27,2023-09-09 18:30:27,43 km al O de Tirúa,-38.326,-73.992,9.0,2.7,Ml
208536,2023-09-09 22:48:36,2023-09-09 19:48:36,46 km al O de Tirúa,-38.426,-74.013,6.0,2.8,Ml
208539,2023-09-10 00:59:08,2023-09-09 21:59:08,34 km al SO de Ollagüe,-21.357,-68.55,143.0,4.0,Ml
208542,2023-09-10 01:22:35,2023-09-09 22:22:35,60 km al N de Camiña,-18.78,-69.511,97.0,2.8,Ml
208546,2023-09-10 02:14:35,2023-09-09 23:14:35,51 km al SE de Camiña,-19.74,-69.249,83.0,2.5,Ml
208553,2023-09-10 03:21:20,2023-09-10 00:21:20,73 km al S de Termas del Flaco,-35.596,-70.639,121.0,3.1,Ml
208555,2023-09-10 04:11:49,2023-09-10 01:11:49,16 km al N de Farellones,-33.204,-70.311,103.0,3.4,Ml
208561,2023-09-10 04:39:47,2023-09-10 01:39:47,41 km al O de Caldera,-27.219,-71.205,39.0,3.3,Ml
208568,2023-09-10 07:23:03,2023-09-10 04:23:03,26 km al O de Mina Collahuasi,-20.764,-68.902,111.0,3.0,Ml
208569,2023-09-10 07:38:14,2023-09-10 04:38:14,20 km al N de Andacollo,-30.06,-71.152,63.0,4.4,Mw
208575,2023-09-10 08:43:11,2023-09-10 05:43:11,9 km al SE de Tongoy,-30.323,-71.445,36.0,2.7,Ml
208587,2023-09-10 11:08:13,2023-09-10 08:08:13,43 km al SO de Ollagüe,-21.581,-68.413,134.0,4.2,Ml
208589,2023-09-10 11:59:54,2023-09-10 08:59:54,96 km al O de San Antonio de los Cobres,-24.362,-67.256,194.0,3.7,Ml
208590,2023-09-10 12:09:50,2023-09-10 09:09:50,32 km al O de Lebu,-37.693,-74.007,40.0,3.3,Ml
208593,2023-09-10 13:02:16,2023-09-10 10:02:16,58 km al S de Alto del Carmen,-29.28,-70.508,90.0,3.1,Ml
208597,2023-09-10 13:59:48,2023-09-10 10:59:48,55 km al O de San Antonio de los Cobres,-24.39,-66.831,193.0,3.4,Ml
208599,2023-09-10 14:01:06,2023-09-10 11:01:06,46 km al N de Chañaral,-25.953,-70.771,39.0,3.4,Ml
208601,2023-09-10 14:57:50,2023-09-10 11:57:50,7 km al SE de Tongoy,-30.29,-71.43,50.0,3.8,Ml
208609,2023-09-10 17:30:25,2023-09-10 14:30:25,118 km al SE de Socaire,-24.129,-66.889,237.0,3.6,Ml
208624,2023-09-10 23:08:30,2023-09-10 20:08:30,34 km al SO de Linares,-36.046,-71.89,78.0,2.9,Ml
208626,2023-09-11 00:01:37,2023-09-10 21:01:37,85 km al O de San Antonio de los Cobres,-24.39,-67.138,200.0,3.4,Ml
208631,2023-09-11 01:56:46,2023-09-10 22:56:46,33 km al SO de Los Vilos,-32.139,-71.729,23.0,4.5,Mw
208634,2023-09-11 02:05:33,2023-09-10 23:05:33,34 km al SO de Los Vilos,-32.127,-71.763,29.0,2.6,Ml
208636,2023-09-11 02:26:53,2023-09-10 23:26:53,34 km al SO de Los Vilos,-32.138,-71.751,24.0,3.9,Ml
208639,2023-09-11 02:35:27,2023-09-10 23:35:27,46 km al SO de Mina Collahuasi,-21.156,-68.932,107.0,2.5,Ml
208640,2023-09-11 02:49:39,2023-09-10 23:49:39,6 km al NO de San Pedro de Atacama,-22.878,-68.243,116.0,2.8,Ml
208645,2023-09-11 04:28:19,2023-09-11 01:28:19,170 km al O de La Rioja,-29.249,-68.605,165.0,4.3,Mw
208648,2023-09-11 04:52:38,2023-09-11 01:52:38,32 km al O de Mina Collahuasi,-20.916,-68.951,102.0,2.6,Ml
208650,2023-09-11 05:17:53,2023-09-11 02:17:53,33 km al E de Talca,-35.39,-71.31,94.0,2.9,Ml
208654,2023-09-11 06:34:59,2023-09-11 03:34:59,45 km al O de Caldera,-27.127,-71.27,43.0,2.6,Ml
208663,2023-09-11 11:10:21,2023-09-11 08:10:21,2 km al SE de Curicó,-35.002,-71.224,84.0,2.6,Ml
208666,2023-09-11 13:37:09,2023-09-11 10:37:09,42 km al O de Caldera,-27.195,-71.221,30.0,5.3,Mw
208671,2023-09-11 13:56:26,2023-09-11 10:56:26,43 km al O de Caldera,-27.225,-71.222,29.0,2.6,Ml
208672,2023-09-11 15:00:15,2023-09-11 12:00:15,36 km al O de Caldera,-27.182,-71.163,43.0,2.6,Ml
208681,2023-09-11 17:40:14,2023-09-11 14:40:14,47 km al SO de Caldera,-27.254,-71.253,28.0,3.0,Ml
208683,2023-09-11 19:17:01,2023-09-11 16:17:01,48 km al SO de Caldera,-27.261,-71.259,29.0,2.8,Ml
208690,2023-09-11 20:35:57,2023-09-11 17:35:57,27 km al SO de Caldera,-27.171,-71.065,47.0,3.6,Ml
208694,2023-09-11 21:22:57,2023-09-11 18:22:57,41 km al E de Pica,-20.48,-68.932,109.0,2.8,Ml
208702,2023-09-12 00:03:15,2023-09-11 21:03:15,29 km al O de Caldera,-27.171,-71.094,48.0,2.7,Ml
208704,2023-09-12 00:41:41,2023-09-11 21:41:41,35 km al O de Ollagüe,-21.231,-68.588,110.0,3.7,Ml
208708,2023-09-12 01:17:06,2023-09-11 22:17:06,23 km al O de Caldera,-27.118,-71.05,54.0,2.7,Ml
208707,2023-09-12 01:20:23,2023-09-11 22:20:23,49 km al S de Mina Collahuasi,-21.255,-68.766,115.0,3.2,Ml
208709,2023-09-12 01:57:36,2023-09-11 22:57:36,50 km al N de Pica,-20.04,-69.276,106.0,2.8,Ml
208712,2023-09-12 02:00:57,2023-09-11 23:00:57,19 km al S de Canela Baja,-31.564,-71.522,42.0,2.7,Ml
208716,2023-09-12 03:34:29,2023-09-12 00:34:29,51 km al E de Rancagua,-34.238,-70.193,121.0,2.8,Ml
208722,2023-09-12 04:30:44,2023-09-12 01:30:44,46 km al SO de Mina Collahuasi,-21.186,-68.886,112.0,2.9,Ml
208723,2023-09-12 04:58:40,2023-09-12 01:58:40,30 km al N de Mina Collahuasi,-20.57,-68.736,116.0,5.3,Mw
208727,2023-09-12 05:18:56,2023-09-12 02:18:56,27 km al E de Sierra Gorda.,-22.993,-69.068,128.0,3.9,Ml
208731,2023-09-12 07:06:35,2023-09-12 04:06:35,38 km al O de Caldera,-27.131,-71.201,50.0,2.6,Ml
208734,2023-09-12 08:44:01,2023-09-12 05:44:01,28 km al E de Colina,-33.102,-70.4,108.0,3.4,Ml
208736,2023-09-12 08:56:26,2023-09-12 05:56:26,23 km al SO de Caldera,-27.154,-71.03,48.0,2.9,Ml
208740,2023-09-12 10:40:55,2023-09-12 07:40:55,35 km al O de Punitaqui,-30.957,-71.588,41.0,2.5,Ml
208742,2023-09-12 11:11:00,2023-09-12 08:11:00,81 km al O de La Serena,-29.627,-72.034,38.0,2.8,Ml
208746,2023-09-12 11:57:38,2023-09-12 08:57:38,9 km al SE de Caldera,-27.12,-70.759,40.0,2.5,Ml
208749,2023-09-12 12:19:02,2023-09-12 09:19:02,59 km al SO de Ollagüe,-21.711,-68.474,132.0,4.1,Ml
208751,2023-09-12 12:27:23,2023-09-12 09:27:23,31 km al S de Linares,-36.12,-71.665,78.0,3.2,Ml
208754,2023-09-12 13:17:50,2023-09-12 10:17:50,63 km al N de Pica,-19.935,-69.193,95.0,2.5,Ml
208756,2023-09-12 14:23:15,2023-09-12 11:23:15,41 km al NE de Farellones,-33.05,-70.059,25.0,2.5,Ml
208757,2023-09-12 14:45:34,2023-09-12 11:45:34,18 km al O de La Ligua,-32.415,-71.414,49.0,2.7,Ml
208759,2023-09-12 14:53:45,2023-09-12 11:53:45,63 km al E de La Higuera,-29.342,-70.576,88.0,2.5,Ml
208762,2023-09-12 16:31:45,2023-09-12 13:31:45,56 km al SO de Mina Collahuasi,-21.267,-68.91,126.0,3.1,Ml
208779,2023-09-12 23:09:05,2023-09-12 20:09:05,75 km al SE de Socaire,-24.191,-67.551,218.0,4.0,Ml
208787,2023-09-13 03:03:06,2023-09-13 00:03:06,22 km al S de La Serena,-30.099,-71.263,62.0,3.1,Ml
208788,2023-09-13 03:13:28,2023-09-13 00:13:28,33 km al SE de Pica,-20.738,-69.154,98.0,2.5,Ml
208790,2023-09-13 03:21:54,2023-09-13 00:21:54,20 km al NO de Punitaqui,-30.709,-71.419,49.0,2.7,Ml
208791,2023-09-13 03:32:06,2023-09-13 00:32:06,93 km al O de San Antonio de los Cobres,-24.39,-67.215,190.0,3.3,Ml
208792,2023-09-13 03:47:04,2023-09-13 00:47:04,39 km al SO de Caldera,-27.219,-71.18,28.0,3.1,Ml
208802,2023-09-13 06:19:24,2023-09-13 03:19:24,119 km al O de Canela Baja,-31.161,-72.679,39.0,2.8,Ml
208804,2023-09-13 06:35:03,2023-09-13 03:35:03,29 km al SE de Rancagua,-34.317,-70.477,129.0,3.2,Ml
208819,2023-09-13 16:20:18,2023-09-13 13:20:18,16 km al O de La Ligua,-32.42,-71.396,50.0,2.7,Ml
208824,2023-09-13 17:57:52,2023-09-13 14:57:52,38 km al SO de Mina Collahuasi,-21.043,-68.942,107.0,2.6,Ml
208830,2023-09-13 21:42:12,2023-09-13 18:42:12,38 km al NE de Calama,-22.263,-68.637,114.0,3.0,Ml
208833,2023-09-13 22:11:53,2023-09-13 19:11:53,76 km al O de El Tabo,-33.331,-72.474,38.0,2.5,Ml
208835,2023-09-13 23:05:23,2023-09-13 20:05:23,79 km al SE de Alto del Carmen,-29.203,-69.856,148.0,2.8,Ml
208837,2023-09-14 00:50:16,2023-09-13 21:50:16,54 km al O de Caldera,-27.266,-71.324,32.0,4.7,Mw
208842,2023-09-14 02:47:27,2023-09-13 23:47:27,59 km al O de San Antonio de los Cobres,-24.057,-66.875,230.0,4.2,Ml
208848,2023-09-14 04:45:32,2023-09-14 01:45:32,48 km al N de Calama,-22.059,-69.084,114.0,2.5,Ml
208850,2023-09-14 05:31:06,2023-09-14 02:31:06,44 km al N de Pozo Almonte,-19.878,-69.891,65.0,2.5,Ml
208860,2023-09-14 08:28:46,2023-09-14 05:28:46,10 km al SE de Tongoy,-30.31,-71.41,47.0,2.5,Ml
208861,2023-09-14 08:48:31,2023-09-14 05:48:31,37 km al N de Pozo Almonte,-19.933,-69.718,66.0,3.4,Ml
208866,2023-09-14 10:25:36,2023-09-14 07:25:36,53 km al SO de Constitución,-35.634,-72.865,24.0,2.9,Ml
208867,2023-09-14 10:38:16,2023-09-14 07:38:16,71 km al NE de Calama,-21.93,-68.555,112.0,4.0,Ml
208869,2023-09-14 12:20:35,2023-09-14 09:20:35,47 km al SO de Caldera,-27.31,-71.213,40.0,3.6,Ml
208877,2023-09-14 14:40:17,2023-09-14 11:40:17,50 km al SO de Caldera,-27.269,-71.274,28.0,4.0,Ml
208883,2023-09-14 16:02:05,2023-09-14 13:02:05,63 km al N de Pica,-19.934,-69.203,94.0,2.6,Ml
208903,2023-09-14 21:43:11,2023-09-14 18:43:11,33 km al SO de Ollagüe,-21.487,-68.409,128.0,2.8,Ml
208916,2023-09-15 03:09:24,2023-09-15 00:09:24,39 km al SE de Pica,-20.776,-69.118,110.0,4.4,Mw
208920,2023-09-15 04:00:52,2023-09-15 01:00:52,57 km al S de Alto del Carmen,-29.269,-70.509,92.0,2.6,Ml
208925,2023-09-15 04:47:13,2023-09-15 01:47:13,42 km al O de Mina La Escondida,-24.324,-69.463,78.0,3.1,Ml
208944,2023-09-15 11:09:29,2023-09-15 08:09:29,33 km al NO de Lebu,-37.348,-73.84,30.0,3.2,Ml
208951,2023-09-15 12:35:23,2023-09-15 09:35:23,34 km al O de San Pedro de Atacama,-22.824,-68.513,118.0,3.6,Ml
208954,2023-09-15 13:06:12,2023-09-15 10:06:12,25 km al E de Pica,-20.458,-69.094,102.0,2.5,Ml
208958,2023-09-15 14:06:46,2023-09-15 11:06:46,37 km al SO de Mina Collahuasi,-21.097,-68.873,111.0,3.1,Ml
208970,2023-09-15 18:07:39,2023-09-15 15:07:39,89 km al O de Caldera,-27.32,-71.679,22.0,5.7,Mww
208983,2023-09-15 22:31:29,2023-09-15 19:31:29,44 km al E de Ollagüe,-21.35,-67.853,220.0,4.0,Ml
208986,2023-09-15 22:54:11,2023-09-15 19:54:11,53 km al O de Iquique,-20.169,-70.655,8.0,2.7,Ml
209000,2023-09-16 04:24:24,2023-09-16 01:24:24,52 km al NO de Quillagua,-21.249,-69.784,40.0,2.8,Ml
209005,2023-09-16 05:43:42,2023-09-16 02:43:42,15 km al O de Visviri,-17.554,-69.619,165.0,3.6,Ml
209010,2023-09-16 06:52:01,2023-09-16 03:52:01,48 km al SO de Arica,-18.716,-70.699,30.0,3.1,Ml
209015,2023-09-16 07:18:24,2023-09-16 04:18:24,56 km al O de Caldera,-27.035,-71.389,30.0,3.6,Ml
209018,2023-09-16 07:34:23,2023-09-16 04:34:23,125 km al NO de Constitución,-34.679,-73.531,32.0,3.3,Ml
209019,2023-09-16 07:42:26,2023-09-16 04:42:26,56 km al N de Camiña,-18.805,-69.438,111.0,3.3,Ml
209023,2023-09-16 08:48:07,2023-09-16 05:48:07,30 km al O de Caldera,-27.014,-71.121,42.0,2.6,Ml
209024,2023-09-16 09:39:01,2023-09-16 06:39:01,29 km al O de Caldera,-27.009,-71.111,41.0,2.6,Ml
209025,2023-09-16 10:05:05,2023-09-16 07:05:05,34 km al O de Caldera,-27.032,-71.167,22.0,2.8,Ml
209026,2023-09-16 10:19:33,2023-09-16 07:19:33,32 km al O de Camiña,-19.338,-69.734,80.0,3.0,Ml
209051,2023-09-16 19:08:59,2023-09-16 16:08:59,78 km al SE de Socaire,-24.207,-67.518,211.0,4.3,Mw
209056,2023-09-16 23:15:19,2023-09-16 20:15:19,54 km al O de La Ligua,-32.336,-71.79,32.0,2.5,Ml
209064,2023-09-17 02:18:06,2023-09-16 23:18:06,127 km al O de Lebu,-37.781,-75.084,22.0,4.8,Mw
209072,2023-09-17 03:18:00,2023-09-17 00:18:00,49 km al O de Caldera,-27.078,-71.322,42.0,3.6,Ml
209077,2023-09-17 04:01:45,2023-09-17 01:01:45,11 km al NO de La Higuera,-29.46,-71.296,50.0,5.0,Mw
209088,2023-09-17 10:58:19,2023-09-17 07:58:19,23 km al E de Monte Patria,-30.634,-70.733,90.0,3.1,Ml
209096,2023-09-17 14:36:35,2023-09-17 11:36:35,25 km al SE de Camiña,-19.462,-69.244,102.0,3.2,Ml
209100,2023-09-17 15:18:31,2023-09-17 12:18:31,63 km al N de Tocopilla,-21.533,-70.308,28.0,3.0,Ml
209103,2023-09-17 15:31:01,2023-09-17 12:31:01,39 km al NE de Calama,-22.188,-68.708,109.0,2.7,Ml
209110,2023-09-17 17:25:48,2023-09-17 14:25:48,32 km al NO de La Ligua,-32.186,-71.378,66.0,3.0,Ml
209125,2023-09-17 20:03:46,2023-09-17 17:03:46,22 km al S de Carrizal Bajo,-28.279,-71.096,49.0,4.2,Ml
209129,2023-09-17 20:17:03,2023-09-17 17:17:03,45 km al SO de Mina Collahuasi,-21.07,-69.007,106.0,3.0,Ml
209131,2023-09-17 20:19:02,2023-09-17 17:19:02,14 km al NO de Ollagüe,-21.143,-68.359,124.0,2.8,Ml
209133,2023-09-17 20:28:18,2023-09-17 17:28:18,31 km al O de Caldera,-27.034,-71.132,34.0,3.1,Ml
209139,2023-09-17 21:21:16,2023-09-17 18:21:16,14 km al SO de Quillagua,-21.74,-69.643,64.0,3.5,Ml
209141,2023-09-17 21:32:42,2023-09-17 18:32:42,3 km al O de Parque Fray Jorge,-30.671,-71.717,35.0,3.2,Ml
209143,2023-09-17 21:49:02,2023-09-17 18:49:02,38 km al O de Caldera,-27.05,-71.201,36.0,2.7,Ml
209145,2023-09-17 22:10:01,2023-09-17 19:10:01,25 km al NO de La Ligua,-32.31,-71.447,38.0,2.5,Ml
209146,2023-09-17 22:22:59,2023-09-17 19:22:59,38 km al O de Chillán,-36.624,-72.534,38.0,3.2,Ml
209148,2023-09-17 22:25:49,2023-09-17 19:25:49,38 km al O de Caldera,-27.037,-71.204,33.0,3.5,Ml
209156,2023-09-17 22:45:52,2023-09-17 19:45:52,42 km al O de Ollagüe,-21.351,-68.635,130.0,2.8,Ml
209157,2023-09-17 22:52:15,2023-09-17 19:52:15,41 km al NE de Calama,-22.162,-68.704,115.0,3.2,Ml
209161,2023-09-18 01:37:23,2023-09-17 22:37:23,36 km al SO de Canela Baja,-31.608,-71.747,36.0,3.2,Ml
209172,2023-09-18 04:17:27,2023-09-18 01:17:27,11 km al O de Ovalle,-30.645,-71.305,44.0,2.6,Ml
209175,2023-09-18 05:08:01,2023-09-18 02:08:01,44 km al SE de Linares,-36.147,-71.283,110.0,3.3,Ml
209180,2023-09-18 06:29:06,2023-09-18 03:29:06,66 km al O de Caldera,-27.303,-71.43,43.0,3.5,Ml
209182,2023-09-18 06:56:19,2023-09-18 03:56:19,29 km al O de Canela Baja,-31.489,-71.745,33.0,3.1,Ml
209185,2023-09-18 07:01:34,2023-09-18 04:01:34,8 km al O de La Serena,-29.918,-71.328,49.0,3.0,Ml
209192,2023-09-18 08:48:16,2023-09-18 05:48:16,39 km al SO de Punitaqui,-31.057,-71.574,41.0,3.2,Ml
209202,2023-09-18 11:57:02,2023-09-18 08:57:02,48 km al SO de Mina Collahuasi,-21.098,-69.016,113.0,2.6,Ml
209206,2023-09-18 13:17:39,2023-09-18 10:17:39,"183 km al S de Base Frei, Antártica",-63.844,-59.006,12.0,2.7,Ml
209210,2023-09-18 13:39:32,2023-09-18 10:39:32,258 km al S de Base O'Higgins,-65.638,-58.24,10.0,2.9,Ml
209213,2023-09-18 14:33:45,2023-09-18 11:33:45,27 km al SE de Carrizal Bajo,-28.293,-71.01,35.0,2.9,Ml
209217,2023-09-18 15:41:33,2023-09-18 12:41:33,57 km al N de Pica,-19.981,-69.259,108.0,2.6,Ml
209223,2023-09-18 17:02:00,2023-09-18 14:02:00,47 km al NO de Quillagua,-21.353,-69.842,50.0,2.6,Ml
209232,2023-09-18 19:11:49,2023-09-18 16:11:49,25 km al O de Taltal,-25.356,-70.731,48.0,2.9,Ml
209234,2023-09-18 19:23:58,2023-09-18 16:23:58,35 km al NO de Mejillones,-22.865,-70.674,49.0,3.0,Ml
209236,2023-09-18 19:41:02,2023-09-18 16:41:02,70 km al E de Cabo Raper,-46.828,-74.716,10.0,3.1,Ml
209243,2023-09-18 20:22:51,2023-09-18 17:22:51,88 km al SE de Socaire,-24.175,-67.309,224.0,3.3,Ml
209245,2023-09-18 20:59:57,2023-09-18 17:59:57,23 km al N de Ovalle,-30.408,-71.268,68.0,2.6,Ml
209248,2023-09-18 21:27:37,2023-09-18 18:27:37,63 km al NE de Calama,-21.991,-68.603,128.0,3.8,Ml
209253,2023-09-19 01:16:05,2023-09-18 22:16:05,31 km al SO de Ollagüe,-21.475,-68.377,135.0,2.8,Ml
209254,2023-09-19 01:21:38,2023-09-18 22:21:38,19 km al SO de Tongoy,-30.411,-71.585,27.0,2.6,Ml
209257,2023-09-19 02:45:39,2023-09-18 23:45:39,50 km al N de Pica,-20.04,-69.335,85.0,3.8,Ml
209261,2023-09-19 04:24:52,2023-09-19 01:24:52,23 km al SO de Vallenar,-28.711,-70.933,82.0,3.8,Ml
209263,2023-09-19 05:56:00,2023-09-19 02:56:00,40 km al O de Huasco,-28.474,-71.631,56.0,3.7,Ml
209270,2023-09-19 09:57:57,2023-09-19 06:57:57,126 km al SE de Copiapó,-28.11,-69.366,123.0,3.2,Ml
209271,2023-09-19 10:13:09,2023-09-19 07:13:09,32 km al SO de Mina Collahuasi,-21.042,-68.855,105.0,3.1,Ml
209278,2023-09-19 12:28:38,2023-09-19 09:28:38,30 km al SE de Huasco,-28.693,-71.049,63.0,3.1,Ml
209282,2023-09-19 13:37:45,2023-09-19 10:37:45,126 km al E de Monte Patria,-30.922,-69.668,138.0,3.1,Ml
209286,2023-09-19 14:15:19,2023-09-19 11:15:19,4 km al S de Los Vilos,-31.945,-71.518,64.0,3.0,Ml
209287,2023-09-19 14:26:39,2023-09-19 11:26:39,11 km al S de Canela Baja,-31.5,-71.46,59.0,3.0,Ml
209298,2023-09-19 15:49:29,2023-09-19 12:49:29,27 km al E de Ollagüe,-21.245,-67.993,189.0,2.8,Ml
209295,2023-09-19 15:50:32,2023-09-19 12:50:32,51 km al SO de Mina Collahuasi,-21.23,-68.883,116.0,2.9,Ml
209301,2023-09-19 18:06:06,2023-09-19 15:06:06,104 km al O de San Antonio de los Cobres,-24.464,-67.307,183.0,4.3,Mw
209306,2023-09-19 21:19:53,2023-09-19 18:19:53,43 km al O de Ollagüe,-21.355,-68.645,126.0,3.0,Ml
209321,2023-09-19 23:21:31,2023-09-19 20:21:31,76 km al NE de Alto del Carmen,-28.304,-69.913,98.0,3.0,Ml
209333,2023-09-20 02:48:33,2023-09-19 23:48:33,58 km al SO de Tirúa,-38.831,-73.742,19.0,2.7,Ml
209334,2023-09-20 02:58:33,2023-09-19 23:58:33,28 km al E de Sierra Gorda,-22.948,-69.054,111.0,2.8,Ml
209335,2023-09-20 03:05:59,2023-09-20 00:05:59,97 km al S de Alto Hospicio,-21.088,-70.421,55.0,3.5,Ml
209337,2023-09-20 03:18:07,2023-09-20 00:18:07,101 km al E de Alto del Carmen,-28.922,-69.461,119.0,3.8,Ml
209340,2023-09-20 04:04:36,2023-09-20 01:04:36,30 km al O de Ollagüe,-21.144,-68.528,129.0,2.8,Ml
209341,2023-09-20 04:34:37,2023-09-20 01:34:37,30 km al O de Ollagüe,-21.244,-68.547,118.0,2.7,Ml
209344,2023-09-20 04:38:58,2023-09-20 01:38:58,40 km al S de Mina Collahuasi,-21.181,-68.726,113.0,3.3,Ml
209348,2023-09-20 06:12:38,2023-09-20 03:12:38,39 km al N de Camiña,-18.967,-69.507,102.0,3.3,Ml
209354,2023-09-20 07:26:47,2023-09-20 04:26:47,9 km al NO de La Ligua,-32.39,-71.296,54.0,2.7,Ml
209355,2023-09-20 07:41:33,2023-09-20 04:41:33,91 km al SO de Antofagasta,-24.39,-70.771,36.0,2.6,Ml
209360,2023-09-20 09:59:02,2023-09-20 06:59:02,30 km al E de Paposo,-25.011,-70.172,60.0,4.4,Mw
209363,2023-09-20 10:09:31,2023-09-20 07:09:31,21 km al E de Entre Lagos,-40.772,-72.378,95.0,3.6,Ml
209366,2023-09-20 11:17:12,2023-09-20 08:17:12,41 km al SO de Ollagüe,-21.556,-68.435,132.0,3.3,Ml
209372,2023-09-20 13:42:50,2023-09-20 10:42:50,25 km al S de Pica,-20.713,-69.38,80.0,3.5,Ml
209374,2023-09-20 14:02:41,2023-09-20 11:02:41,86 km al NO de San Antonio de los Cobres,-23.752,-66.994,237.0,3.1,Ml
209377,2023-09-20 14:49:02,2023-09-20 11:49:02,80 km al SE de Socaire,-24.225,-67.514,179.0,4.3,Mw
209379,2023-09-20 15:00:52,2023-09-20 12:00:52,63 km al O de San Antonio de los Cobres,-24.307,-66.93,219.0,3.7,Ml
209380,2023-09-20 15:19:04,2023-09-20 12:19:04,33 km al SO de Los Vilos,-32.119,-71.763,21.0,2.6,Ml
209381,2023-09-20 15:22:01,2023-09-20 12:22:01,51 km al SO de Caldera,-27.315,-71.259,20.0,2.8,Ml
209383,2023-09-20 16:25:32,2023-09-20 13:25:32,54 km al SO de Caldera,-27.309,-71.294,25.0,2.7,Ml
209386,2023-09-20 16:45:49,2023-09-20 13:45:49,54 km al SO de Caldera,-27.329,-71.279,30.0,3.0,Ml
209390,2023-09-20 18:11:02,2023-09-20 15:11:02,44 km al SO de Mina Collahuasi,-21.042,-69.014,119.0,2.5,Ml
209403,2023-09-20 22:04:58,2023-09-20 19:04:58,54 km al SO de Tirúa,-38.794,-73.714,28.0,3.1,Ml
209405,2023-09-20 22:38:14,2023-09-20 19:38:14,55 km al SO de Caldera,-27.309,-71.304,25.0,3.9,Ml
209409,2023-09-21 00:59:31,2023-09-20 21:59:31,43 km al NE de Calama,-22.122,-68.737,114.0,2.8,Ml
209413,2023-09-21 02:17:52,2023-09-20 23:17:52,25 km al O de Mina Collahuasi,-20.792,-68.894,102.0,2.8,Ml
209417,2023-09-21 04:40:46,2023-09-21 01:40:46,57 km al SE de Putre,-18.659,-69.329,120.0,2.6,Ml
209422,2023-09-21 04:57:36,2023-09-21 01:57:36,82 km al SO de Caldera,-27.423,-71.544,24.0,3.0,Ml
209426,2023-09-21 05:31:11,2023-09-21 02:31:11,38 km al SO de Ollagüe,-21.473,-68.507,136.0,2.5,Ml
209431,2023-09-21 07:34:41,2023-09-21 04:34:41,73 km al NE de Calama,-21.881,-68.608,107.0,2.7,Ml
209434,2023-09-21 08:35:15,2023-09-21 05:35:15,51 km al O de San Antonio de los Cobres,-24.281,-66.818,237.0,3.4,Ml
209435,2023-09-21 08:42:44,2023-09-21 05:42:44,26 km al SE de Farellones,-33.466,-70.073,122.0,2.7,Ml
209442,2023-09-21 09:50:16,2023-09-21 06:50:16,51 km al O de Caldera,-27.259,-71.295,29.0,3.4,Ml
209445,2023-09-21 10:09:23,2023-09-21 07:09:23,122 km al NE de Socaire,-23.124,-66.812,239.0,4.3,Mw
209446,2023-09-21 11:13:56,2023-09-21 08:13:56,114 km al E de Socaire,-23.268,-66.829,218.0,3.4,Ml
209449,2023-09-21 12:01:01,2023-09-21 09:01:01,38 km al SO de Puerto Cisnes,-45.032,-72.896,12.0,3.1,Ml
209452,2023-09-21 13:12:53,2023-09-21 10:12:53,13 km al SO de La Serena,-29.954,-71.37,48.0,2.6,Ml
209456,2023-09-21 14:39:25,2023-09-21 11:39:25,9 km al O de Mina Los Pelambres,-31.799,-70.676,118.0,3.2,Ml
209464,2023-09-21 16:06:30,2023-09-21 13:06:30,35 km al E de Sierra Gorda,-22.848,-68.986,116.0,3.1,Ml
209465,2023-09-21 16:08:58,2023-09-21 13:08:58,48 km al N de Chaitén,-42.506,-72.569,131.0,3.3,Ml
209468,2023-09-21 16:27:04,2023-09-21 13:27:04,116 km al NE de San Pedro de Atacama,-22.195,-67.384,168.0,4.0,Ml
209479,2023-09-21 19:07:02,2023-09-21 16:07:02,50 km al NE de San Pedro de Atacama,-22.582,-67.878,219.0,3.3,Ml
209481,2023-09-21 19:12:05,2023-09-21 16:12:05,17 km al SE de Calama,-22.56,-68.794,139.0,2.7,Ml
209483,2023-09-21 20:16:36,2023-09-21 17:16:36,43 km al O de Mina Collahuasi,-20.978,-69.042,114.0,2.5,Ml
209485,2023-09-21 20:52:42,2023-09-21 17:52:42,26 km al E de Petrohué,-41.2,-72.102,133.0,3.1,Ml
209487,2023-09-21 21:49:07,2023-09-21 18:49:07,8 km al SO de Huasco,-28.512,-71.279,36.0,3.8,Ml
209491,2023-09-21 22:37:43,2023-09-21 19:37:43,73 km al SO de Ollagüe,-21.659,-68.781,122.0,3.3,Ml
209492,2023-09-21 22:49:21,2023-09-21 19:49:21,98 km al SE de Ollagüe,-21.829,-67.559,225.0,4.4,Mw
209498,2023-09-22 00:47:47,2023-09-21 21:47:47,42 km al SO de Mina Collahuasi,-21.148,-68.867,110.0,3.2,Ml
209501,2023-09-22 01:25:11,2023-09-21 22:25:11,57 km al SO de Pica,-20.86,-69.709,22.0,3.1,Ml
209509,2023-09-22 04:10:00,2023-09-22 01:10:00,46 km al SO de Ollagüe,-21.546,-68.529,133.0,3.0,Ml
209514,2023-09-22 06:11:33,2023-09-22 03:11:33,54 km al SE de San José de Maipo,-34.056,-70.059,10.0,2.9,Ml
209518,2023-09-22 06:43:43,2023-09-22 03:43:43,55 km al N de Pica,-19.999,-69.253,96.0,2.5,Ml
209520,2023-09-22 07:23:08,2023-09-22 04:23:08,38 km al NO de Socaire,-23.352,-68.154,134.0,3.1,Ml
209521,2023-09-22 07:46:02,2023-09-22 04:46:02,47 km al S de Calama,-22.868,-68.777,92.0,2.6,Ml
209522,2023-09-22 07:56:32,2023-09-22 04:56:32,34 km al SO de Mina Collahuasi,-21.089,-68.818,122.0,3.8,Ml
209525,2023-09-22 08:18:52,2023-09-22 05:18:52,50 km al SO de Bahía Mansa,-40.838,-74.227,13.0,3.3,Ml
209526,2023-09-22 08:19:27,2023-09-22 05:19:27,66 km al N de San Pedro de Atacama,-22.33,-68.272,147.0,2.8,Ml
209527,2023-09-22 08:24:08,2023-09-22 05:24:08,48 km al E de Taltal,-25.404,-70.008,76.0,2.7,Ml
209532,2023-09-22 09:20:56,2023-09-22 06:20:56,73 km al O de Bahía Mansa,-40.87,-74.511,32.0,3.1,Ml
209534,2023-09-22 10:08:41,2023-09-22 07:08:41,38 km al SE de María Elena,-22.526,-69.351,102.0,3.1,Ml
209538,2023-09-22 12:33:10,2023-09-22 09:33:10,20 km al S de La Serena,-30.08,-71.277,64.0,3.1,Ml
209543,2023-09-22 14:47:18,2023-09-22 11:47:18,54 km al NE de Vallenar,-28.209,-70.391,74.0,4.0,Ml
209553,2023-09-22 15:40:09,2023-09-22 12:40:09,49 km al SO de Los Vilos,-32.256,-71.839,20.0,2.8,Ml
209569,2023-09-22 20:19:48,2023-09-22 17:19:48,36 km al NE de Calama,-22.226,-68.696,124.0,4.2,Ml
209594,2023-09-23 00:50:11,2023-09-22 21:50:11,51 km al NE de Los Andes.,-32.623,-70.112,126.0,2.7,Ml
209596,2023-09-23 01:02:56,2023-09-22 22:02:56,36 km al SO de Huasco,-28.763,-71.374,41.0,2.8,Ml
209601,2023-09-23 02:09:01,2023-09-22 23:09:01,104 km al SE de Socaire,-24.291,-67.207,193.0,3.9,Ml
209603,2023-09-23 02:13:01,2023-09-22 23:13:01,53 km al S de Camiña,-19.776,-69.305,98.0,3.9,Ml
209613,2023-09-23 07:09:51,2023-09-23 04:09:51,42 km al SO de Mina Collahuasi,-21.028,-69.004,108.0,2.6,Ml
209615,2023-09-23 07:23:01,2023-09-23 04:23:01,40 km al NO de El Tabo,-33.294,-72.052,25.0,2.9,Ml
209618,2023-09-23 07:44:21,2023-09-23 04:44:21,52 km al N de Valparaíso,-32.597,-71.757,39.0,2.5,Ml
209624,2023-09-23 10:45:00,2023-09-23 07:45:00,49 km al O de Valdivia,-39.622,-73.759,11.0,2.8,Ml
209626,2023-09-23 11:06:25,2023-09-23 08:06:25,44 km al SE de Pica,-20.832,-69.12,111.0,2.7,Ml
209631,2023-09-23 12:54:28,2023-09-23 09:54:28,38 km al SE de Arica,-18.704,-70.046,79.0,4.3,Ml
209633,2023-09-23 13:51:56,2023-09-23 10:51:56,63 km al NE de Socaire,-23.279,-67.373,269.0,3.1,Ml
209634,2023-09-23 14:11:41,2023-09-23 11:11:41,79 km al S de Antofagasta,-24.35,-70.434,41.0,2.8,Ml
209637,2023-09-23 14:33:46,2023-09-23 11:33:46,22 km al NE de Quillagua,-21.479,-69.436,15.0,2.5,Ml
209645,2023-09-23 17:29:27,2023-09-23 14:29:27,24 km al O de Mina La Escondida,-24.208,-69.286,81.0,3.2,Ml
209648,2023-09-23 17:50:51,2023-09-23 14:50:51,34 km al E de Los Andes,-32.815,-70.237,109.0,2.9,Ml
209651,2023-09-23 18:25:13,2023-09-23 15:25:13,47 km al E de Mina Los Pelambres,-31.818,-70.084,130.0,2.8,Ml
209652,2023-09-23 18:52:30,2023-09-23 15:52:30,19 km al O de Pichidangui,-32.143,-71.728,31.0,4.1,Ml
209658,2023-09-23 20:02:18,2023-09-23 17:02:18,41 km al NE de Pica,-20.188,-69.11,115.0,2.8,Ml
209659,2023-09-23 20:05:41,2023-09-23 17:05:41,36 km al NO de El Tabo,-33.302,-72.005,36.0,2.8,Ml
209662,2023-09-23 20:09:02,2023-09-23 17:09:02,35 km al NO de El Tabo,-33.301,-72.0,36.0,3.0,Ml
209665,2023-09-23 20:16:34,2023-09-23 17:16:34,32 km al S de Mina Collahuasi,-21.105,-68.747,118.0,4.3,Mw
209670,2023-09-23 20:59:14,2023-09-23 17:59:14,34 km al N de Tocopilla,-21.792,-70.247,50.0,2.5,Ml
209671,2023-09-23 21:20:36,2023-09-23 18:20:36,27 km al NO de Ollagüe,-21.096,-68.478,136.0,3.3,Ml
209687,2023-09-24 03:39:51,2023-09-24 00:39:51,2 km al E de San José de Maipo,-33.634,-70.332,110.0,3.0,Ml
209703,2023-09-24 06:05:27,2023-09-24 03:05:27,24 km al SE de Mina Los Pelambres,-31.925,-70.357,134.0,2.5,Ml
209718,2023-09-24 08:22:18,2023-09-24 05:22:18,69 km al NO de Constitución,-34.947,-73.006,34.0,3.4,Ml
209732,2023-09-24 10:44:34,2023-09-24 07:44:34,46 km al SO de Mina Collahuasi,-21.174,-68.896,118.0,3.9,Ml
209736,2023-09-24 11:37:06,2023-09-24 08:37:06,75 km al NE de San Pedro de Atacama,-22.307,-67.89,212.0,3.5,Ml
209738,2023-09-24 11:46:43,2023-09-24 08:46:43,32 km al E de María Elena,-22.37,-69.347,108.0,3.0,Ml
209740,2023-09-24 12:23:21,2023-09-24 09:23:21,2 km al O de Alto del Carmen,-28.755,-70.504,89.0,2.8,Ml
209752,2023-09-24 14:55:52,2023-09-24 11:55:52,30 km al SO de Punitaqui,-30.981,-71.523,37.0,2.5,Ml
209772,2023-09-24 19:31:11,2023-09-24 16:31:11,11 km al S de Huasco,-28.56,-71.192,55.0,3.2,Ml
209776,2023-09-24 23:00:56,2023-09-24 20:00:56,58 km al N de Calama,-21.973,-68.767,125.0,3.7,Ml
209778,2023-09-24 23:34:55,2023-09-24 20:34:55,83 km al O de Iquique,-20.017,-70.922,16.0,3.3,Ml
209788,2023-09-25 01:56:30,2023-09-24 22:56:30,15 km al SE de Tocopilla,-22.186,-70.098,10.0,2.2,Ml
209797,2023-09-25 05:23:50,2023-09-25 02:23:50,76 km al O de San Antonio de los Cobres,-24.099,-67.054,220.0,3.8,Ml
209800,2023-09-25 05:41:00,2023-09-25 02:41:00,17 km al SE de Tongoy,-30.335,-71.346,45.0,2.7,Ml
209801,2023-09-25 06:49:02,2023-09-25 03:49:02,77 km al O de Iquique,-20.025,-70.867,39.0,3.5,Ml
209808,2023-09-25 08:39:19,2023-09-25 05:39:19,70 km al N de Calama,-21.856,-68.762,141.0,2.7,Ml
209809,2023-09-25 08:55:55,2023-09-25 05:55:55,88 km al E de Paposo,-24.975,-69.594,84.0,3.1,Ml
209815,2023-09-25 12:09:56,2023-09-25 09:09:56,42 km al SO de Copiapó,-27.687,-70.548,55.0,3.2,Ml
209821,2023-09-25 13:51:31,2023-09-25 10:51:31,74 km al NO de Constitución,-34.963,-73.085,35.0,2.8,Ml
209832,2023-09-25 17:04:00,2023-09-25 14:04:00,46 km al SO de San Pedro de Atacama,-23.233,-68.488,127.0,3.4,Ml
209841,2023-09-25 21:42:56,2023-09-25 18:42:56,28 km al O de Navidad,-33.952,-72.134,31.0,3.3,Ml
209846,2023-09-25 22:47:31,2023-09-25 19:47:31,39 km al SE de Calama,-22.778,-68.757,122.0,3.0,Ml
209849,2023-09-25 23:57:09,2023-09-25 20:57:09,19 km al O de Mina Collahuasi,-20.774,-68.834,107.0,2.5,Ml
209856,2023-09-26 00:29:56,2023-09-25 21:29:56,70 km al S de Ollagüe,-21.818,-68.487,136.0,3.0,Ml
209862,2023-09-26 03:10:29,2023-09-26 00:10:29,32 km al S de Curicó,-35.265,-71.162,105.0,3.8,Ml
209874,2023-09-26 05:20:30,2023-09-26 02:20:30,27 km al O de Navidad,-33.97,-72.12,16.0,3.2,Ml
209882,2023-09-26 06:24:11,2023-09-26 03:24:11,26 km al O de Navidad,-33.969,-72.111,37.0,3.0,Ml
209884,2023-09-26 06:55:09,2023-09-26 03:55:09,36 km al S de Ollagüe,-21.528,-68.375,139.0,2.7,Ml
209885,2023-09-26 07:41:10,2023-09-26 04:41:10,29 km al O de Navidad,-33.961,-72.141,33.0,2.7,Ml
209890,2023-09-26 08:18:00,2023-09-26 05:18:00,44 km al SO de Huasco,-28.789,-71.475,40.0,4.3,Ml
209897,2023-09-26 08:58:35,2023-09-26 05:58:35,44 km al SO de Huasco,-28.794,-71.468,36.0,2.6,Ml
209899,2023-09-26 09:11:15,2023-09-26 06:11:15,34 km al N de Pica,-20.197,-69.229,92.0,4.7,Mw
209900,2023-09-26 09:32:09,2023-09-26 06:32:09,26 km al O de Navidad,-33.961,-72.11,39.0,2.9,Ml
209902,2023-09-26 09:34:32,2023-09-26 06:34:32,47 km al SO de Ollagüe,-21.612,-68.436,119.0,3.0,Ml
209903,2023-09-26 09:55:13,2023-09-26 06:55:13,75 km al NO de Carrizal Bajo,-27.533,-71.587,39.0,3.0,Ml
209908,2023-09-26 11:01:57,2023-09-26 08:01:57,36 km al NO de San Pedro de Atacama,-22.753,-68.502,105.0,3.6,Ml
209912,2023-09-26 12:08:15,2023-09-26 09:08:15,29 km al O de Navidad,-33.969,-72.14,37.0,3.5,Ml
209916,2023-09-26 13:28:37,2023-09-26 10:28:37,58 km al NO de Quillagua,-21.365,-70.001,44.0,2.8,Ml
209918,2023-09-26 13:43:44,2023-09-26 10:43:44,35 km al S de Camiña,-19.63,-69.425,99.0,2.5,Ml
209922,2023-09-26 14:42:18,2023-09-26 11:42:18,15 km al SE de Casablanca,-33.394,-71.273,56.0,2.5,Ml
209926,2023-09-26 16:07:26,2023-09-26 13:07:26,83 km al SO de Caldera,-27.629,-71.383,32.0,2.5,Ml
209929,2023-09-26 17:23:25,2023-09-26 14:23:25,88 km al NE de Mina Collahuasi,-20.105,-68.32,182.0,3.2,Ml
209937,2023-09-26 19:56:13,2023-09-26 16:56:13,52 km al N de Carrizal Bajo,-27.62,-71.107,53.0,4.4,Mw
209943,2023-09-26 21:54:19,2023-09-26 18:54:19,69 km al SO de Caldera,-27.386,-71.421,25.0,2.5,Ml
209944,2023-09-26 22:17:35,2023-09-26 19:17:35,84 km al SO de Caldera,-27.397,-71.592,37.0,4.3,Ml
209948,2023-09-26 22:35:37,2023-09-26 19:35:37,56 km al SO de Ollagüe,-21.667,-68.52,131.0,3.1,Ml
209950,2023-09-26 23:48:11,2023-09-26 20:48:11,45 km al SE de Patache,-21.124,-69.931,45.0,2.9,Ml
209954,2023-09-27 02:04:36,2023-09-26 23:04:36,35 km al N de Mina Collahuasi,-20.515,-68.632,135.0,2.7,Ml
209958,2023-09-27 02:51:46,2023-09-26 23:51:46,62 km al SE de Copiapó,-27.861,-70.033,103.0,3.6,Ml
209960,2023-09-27 02:59:53,2023-09-26 23:59:53,61 km al SO de Caldera,-27.463,-71.251,45.0,2.8,Ml
209962,2023-09-27 03:16:33,2023-09-27 00:16:33,40 km al SE de El Salvador,-26.566,-69.448,23.0,3.1,Ml
209969,2023-09-27 04:49:28,2023-09-27 01:49:28,35 km al NO de Calama,-22.333,-69.235,85.0,3.2,Ml
209972,2023-09-27 06:32:09,2023-09-27 03:32:09,32 km al SO de Ollagüe,-21.472,-68.411,130.0,3.2,Ml
209979,2023-09-27 08:27:45,2023-09-27 05:27:45,16 km al SE de Tongoy,-30.37,-71.402,45.0,3.3,Ml
209986,2023-09-27 11:08:20,2023-09-27 08:08:20,25 km al NE de Petorca,-32.103,-70.73,102.0,2.7,Ml
209990,2023-09-27 14:19:39,2023-09-27 11:19:39,66 km al NE de Calama,-21.918,-68.689,98.0,3.1,Ml
209993,2023-09-27 14:33:38,2023-09-27 11:33:38,39 km al O de Los Vilos,-31.762,-71.886,34.0,3.6,Ml
209995,2023-09-27 15:23:04,2023-09-27 12:23:04,56 km al S de Copiapó,-27.866,-70.263,101.0,3.0,Ml
209997,2023-09-27 15:36:08,2023-09-27 12:36:08,40 km al SO de Mina Collahuasi,-21.1,-68.908,111.0,3.6,Ml
210001,2023-09-27 17:53:06,2023-09-27 14:53:06,10 km al SO de Visviri,-17.633,-69.573,163.0,2.5,Ml
210003,2023-09-27 18:30:43,2023-09-27 15:30:43,36 km al O de Mina Collahuasi,-20.711,-68.977,97.0,3.7,Ml
210007,2023-09-27 19:30:15,2023-09-27 16:30:15,37 km al NO de Los Vilos,-31.747,-71.848,32.0,2.8,Ml
210010,2023-09-27 20:26:35,2023-09-27 17:26:35,31 km al SO de Los Vilos,-32.139,-71.705,23.0,3.3,Ml
210012,2023-09-27 21:03:02,2023-09-27 18:03:02,34 km al NO de Los Vilos,-31.739,-71.806,35.0,3.1,Ml
210017,2023-09-27 21:50:20,2023-09-27 18:50:20,70 km al SO de Ollagüe,-21.705,-68.685,134.0,2.8,Ml
210020,2023-09-27 22:35:54,2023-09-27 19:35:54,14 km al SE de Pica,-20.558,-69.222,106.0,3.3,Ml
210022,2023-09-27 22:40:18,2023-09-27 19:40:18,61 km al E de San Fabián,-36.687,-70.893,128.0,2.6,Ml
210027,2023-09-27 23:49:34,2023-09-27 20:49:34,24 km al SE de Cobquecura,-36.33,-72.686,46.0,3.0,Ml
210029,2023-09-27 23:58:00,2023-09-27 20:58:00,34 km al N de Punta de Choros,-28.948,-71.402,35.0,3.0,Ml
210033,2023-09-28 03:05:12,2023-09-28 00:05:12,39 km al E de Linares,-35.878,-71.164,139.0,2.7,Ml
210034,2023-09-28 03:34:33,2023-09-28 00:34:33,27 km al O de Ovalle,-30.645,-71.479,37.0,3.2,Ml
210038,2023-09-28 04:50:54,2023-09-28 01:50:54,39 km al SO de Mina Collahuasi,-21.074,-68.92,106.0,2.5,Ml
210040,2023-09-28 05:17:32,2023-09-28 02:17:32,36 km al NO de Los Vilos,-31.724,-71.826,40.0,3.7,Ml
210043,2023-09-28 05:29:08,2023-09-28 02:29:08,14 km al NO de Petorca,-32.184,-71.054,86.0,2.5,Ml
210046,2023-09-28 06:12:11,2023-09-28 03:12:11,155 km al NO de Constitución,-34.698,-73.929,28.0,2.6,Ml
210049,2023-09-28 06:32:27,2023-09-28 03:32:27,40 km al S de Ollagüe,-21.565,-68.365,144.0,3.6,Ml
210050,2023-09-28 06:54:25,2023-09-28 03:54:25,24 km al N de Mejillones,-22.887,-70.443,22.0,2.9,Ml
210053,2023-09-28 06:57:13,2023-09-28 03:57:13,45 km al SE de Antofagasta,-23.883,-70.049,53.0,4.3,Ml
210055,2023-09-28 07:44:51,2023-09-28 04:44:51,32 km al S de Mina Collahuasi,-21.099,-68.545,121.0,2.7,Ml
210063,2023-09-28 08:29:06,2023-09-28 05:29:06,41 km al O de Los Vilos,-31.755,-71.907,36.0,3.8,Ml
210065,2023-09-28 08:38:25,2023-09-28 05:38:25,16 km al NE de Camiña,-19.254,-69.286,111.0,3.2,Ml
210067,2023-09-28 09:23:01,2023-09-28 06:23:01,111 km al E de Tierra Amarilla,-27.444,-69.142,122.0,2.9,Ml
210068,2023-09-28 09:28:36,2023-09-28 06:28:36,48 km al SO de Taltal,-25.608,-70.911,43.0,2.9,Ml
210071,2023-09-28 09:56:17,2023-09-28 06:56:17,14 km al O de Andacollo,-30.201,-71.224,16.0,3.0,Ml
210072,2023-09-28 10:17:47,2023-09-28 07:17:47,39 km al O de Putre,-18.248,-69.928,78.0,2.8,Ml
210076,2023-09-28 11:23:32,2023-09-28 08:23:32,39 km al NO de Los Vilos,-31.743,-71.878,38.0,2.5,Ml
210077,2023-09-28 11:39:42,2023-09-28 08:39:42,59 km al NE de Calama,-22.024,-68.621,127.0,2.9,Ml
210082,2023-09-28 13:56:29,2023-09-28 10:56:29,36 km al O de Mejillones,-23.18,-70.787,40.0,2.9,Ml
210087,2023-09-28 14:53:21,2023-09-28 11:53:21,42 km al O de La Serena,-29.869,-71.681,29.0,2.7,Ml
210089,2023-09-28 15:34:54,2023-09-28 12:34:54,75 km al N de Huasco,-27.806,-71.381,21.0,3.8,Ml
210110,2023-09-28 21:00:54,2023-09-28 18:00:54,24 km al O de San Pedro de Atacama,-22.987,-68.419,126.0,3.1,Ml
210112,2023-09-28 21:22:30,2023-09-28 18:22:30,66 km al SE de Socaire,-23.836,-67.298,254.0,3.2,Ml
210114,2023-09-28 21:32:59,2023-09-28 18:32:59,55 km al O de Cuya,-19.06,-70.692,47.0,2.6,Ml
210116,2023-09-28 22:05:15,2023-09-28 19:05:15,79 km al N de Calama,-21.779,-68.76,129.0,3.6,Ml
210118,2023-09-28 22:23:46,2023-09-28 19:23:46,52 km al SO de Mina Collahuasi,-21.084,-69.07,112.0,2.6,Ml
210120,2023-09-28 23:13:16,2023-09-28 20:13:16,54 km al SO de Ollagüe,-21.663,-68.489,136.0,2.9,Ml
210124,2023-09-29 00:12:23,2023-09-28 21:12:23,47 km al S de Mina Collahuasi,-21.228,-68.786,110.0,2.9,Ml
210126,2023-09-29 00:31:15,2023-09-28 21:31:15,37 km al O de Putre,-18.143,-69.905,95.0,3.0,Ml
210129,2023-09-29 00:34:08,2023-09-28 21:34:08,8 km al E de Calama,-22.458,-68.853,126.0,3.3,Ml
210130,2023-09-29 00:52:34,2023-09-28 21:52:34,22 km al O de Mina La Escondida.,-24.226,-69.266,88.0,2.6,Ml
210132,2023-09-29 01:50:15,2023-09-28 22:50:15,46 km al SO de Mina Collahuasi,-21.172,-68.907,106.0,3.0,Ml
210134,2023-09-29 01:54:19,2023-09-28 22:54:19,38 km al SO de Mina Collahuasi,-21.052,-68.929,112.0,4.3,Mw
210137,2023-09-29 02:34:54,2023-09-28 23:34:54,40 km al O de Los Vilos,-31.767,-71.9,34.0,2.6,Ml
210142,2023-09-29 03:56:12,2023-09-29 00:56:12,79 km al SO de Caldera,-27.481,-71.476,31.0,2.9,Ml
210146,2023-09-29 05:39:45,2023-09-29 02:39:45,41 km al O de Ollagüe,-21.352,-68.623,106.0,4.1,Ml
210161,2023-09-29 08:34:59,2023-09-29 05:34:59,104 km al S de Mina La Escondida.,-25.205,-69.107,116.0,3.2,Ml
210169,2023-09-29 11:55:41,2023-09-29 08:55:41,72 km al N de Huasco,-27.835,-71.373,41.0,4.4,Mw
210183,2023-09-29 15:20:42,2023-09-29 12:20:42,24 km al E de Melipilla,-33.625,-70.97,75.0,3.5,Ml
210189,2023-09-29 16:52:57,2023-09-29 13:52:57,63 km al N de Calama,-21.918,-68.804,130.0,2.5,Ml
210203,2023-09-29 18:43:17,2023-09-29 15:43:17,29 km al NO de Antofagasta,-23.444,-70.595,56.0,2.5,Ml
210205,2023-09-29 18:54:32,2023-09-29 15:54:32,73 km al NO de La Higuera,-29.016,-71.696,42.0,2.6,Ml
210213,2023-09-29 20:54:11,2023-09-29 17:54:11,94 km al E de Mina La Escondida.,-24.574,-68.189,144.0,3.5,Ml
210215,2023-09-29 21:46:01,2023-09-29 18:46:01,70 km al S de Socaire,-24.214,-67.788,225.0,3.8,Ml
210217,2023-09-29 22:32:34,2023-09-29 19:32:34,51 km al SO de Ollagüe,-21.643,-68.457,130.0,2.8,Ml
210223,2023-09-29 23:14:35,2023-09-29 20:14:35,62 km al SE de Mina La Escondida.,-24.779,-68.82,111.0,2.7,Ml
210228,2023-09-30 01:21:02,2023-09-29 22:21:02,106 km al SE de Socaire,-24.023,-66.96,207.0,3.5,Ml
210229,2023-09-30 01:30:59,2023-09-29 22:30:59,38 km al SO de Canela Baja,-31.599,-71.781,24.0,2.7,Ml
210231,2023-09-30 01:53:49,2023-09-29 22:53:49,20 km al SO de Ollagüe,-21.354,-68.39,140.0,3.0,Ml
210233,2023-09-30 01:59:34,2023-09-29 22:59:34,48 km al SO de Mina Collahuasi,-21.124,-68.991,107.0,3.2,Ml
210244,2023-09-30 05:14:07,2023-09-30 02:14:07,101 km al SE de Socaire,-24.158,-67.117,204.0,4.0,Ml
210246,2023-09-30 05:16:43,2023-09-30 02:16:43,27 km al SO de Punitaqui,-30.996,-71.467,46.0,2.6,Ml
210249,2023-09-30 06:18:34,2023-09-30 03:18:34,27 km al SO de Punitaqui,-31.001,-71.459,48.0,3.1,Ml
210256,2023-09-30 08:03:36,2023-09-30 05:03:36,34 km al O de Mina Collahuasi,-20.919,-68.969,101.0,2.6,Ml
210257,2023-09-30 08:14:38,2023-09-30 05:14:38,76 km al SO de Ollagüe,-21.836,-68.581,129.0,3.0,Ml
210259,2023-09-30 08:49:32,2023-09-30 05:49:32,117 km al E de Socaire,-24.016,-66.842,196.0,3.6,Ml
210264,2023-09-30 10:46:39,2023-09-30 07:46:39,47 km al NO de Cuya,-18.941,-70.559,38.0,3.4,Ml
210267,2023-09-30 11:17:35,2023-09-30 08:17:35,118 km al O de Taltal,-25.119,-71.611,25.0,2.5,Ml
210273,2023-09-30 14:57:46,2023-09-30 11:57:46,55 km al S de Huasco,-28.948,-71.341,46.0,3.4,Ml
210277,2023-09-30 15:24:00,2023-09-30 12:24:00,42 km al SO de Los Vilos,-32.179,-71.832,13.0,3.2,Ml
210279,2023-09-30 15:42:23,2023-09-30 12:42:23,34 km al SO de Ollagüe,-21.489,-68.42,123.0,3.3,Ml
210282,2023-09-30 16:16:46,2023-09-30 13:16:46,29 km al SE de Pica,-20.611,-69.084,94.0,2.8,Ml
210285,2023-09-30 16:35:15,2023-09-30 13:35:15,19 km al SO de Mina Collahuasi,-20.938,-68.801,5.0,2.6,Ml
210293,2023-09-30 17:44:06,2023-09-30 14:44:06,80 km al O de Navidad,-33.714,-72.645,38.0,4.6,Mw
210295,2023-09-30 17:53:25,2023-09-30 14:53:25,47 km al SO de Los Vilos,-32.191,-71.887,37.0,4.3,Ml
210298,2023-09-30 18:16:50,2023-09-30 15:16:50,57 km al N de Vallenar,-28.07,-70.678,60.0,2.5,Ml
210302,2023-09-30 18:42:28,2023-09-30 15:42:28,30 km al SE de Tacna,-18.238,-70.077,92.0,2.6,Ml
210304,2023-09-30 18:52:15,2023-09-30 15:52:15,75 km al SO de Huasco,-28.945,-71.758,41.0,3.4,Ml
210307,2023-09-30 19:55:57,2023-09-30 16:55:57,43 km al SO de Los Vilos,-32.222,-71.79,29.0,3.1,Ml
210309,2023-09-30 20:03:38,2023-09-30 17:03:38,56 km al NO de Concepción,-36.526,-73.549,29.0,2.9,Ml
210312,2023-09-30 20:13:35,2023-09-30 17:13:35,63 km al NE de Quillagua,-21.288,-69.073,115.0,3.4,Ml
210319,2023-09-30 21:07:41,2023-09-30 18:07:41,68 km al S de Alto Hospicio,-20.863,-70.247,46.0,3.4,Ml
210321,2023-09-30 21:10:30,2023-09-30 18:10:30,63 km al S de Caldera,-27.612,-70.994,53.0,2.8,Ml
210324,2023-09-30 21:28:41,2023-09-30 18:28:41,63 km al E de Mina Collahuasi,-20.605,-68.097,173.0,3.7,Ml
210330,2023-09-30 22:07:29,2023-09-30 19:07:29,18 km al O de Calama,-22.413,-69.094,100.0,2.8,Ml
210335,2023-09-30 23:19:10,2023-09-30 20:19:10,67 km al SO de Huasco,-28.933,-71.66,43.0,3.2,Ml
210349,2023-10-01 02:38:40,2023-09-30 23:38:40,12 km al NO de Laja,-37.234,-72.835,44.0,3.4,Ml
210353,2023-10-01 03:28:14,2023-10-01 00:28:14,28 km al NE de Calama,-22.293,-68.735,129.0,3.0,Ml
210354,2023-10-01 03:40:03,2023-10-01 00:40:03,50 km al N de Tocopilla,-21.652,-70.294,27.0,3.5,Ml
210356,2023-10-01 03:52:38,2023-10-01 00:52:38,51 km al S de Pica,-20.927,-69.174,106.0,2.6,Ml
210376,2023-10-01 10:35:53,2023-10-01 07:35:53,54 km al E de Socaire,-23.741,-67.391,228.0,3.6,Ml
210377,2023-10-01 10:40:04,2023-10-01 07:40:04,26 km al O de Punitaqui,-30.921,-71.508,72.0,2.7,Ml
210391,2023-10-01 13:48:42,2023-10-01 10:48:42,47 km al E de Carrizal Bajo,-28.074,-70.671,59.0,3.2,Ml
210400,2023-10-01 16:16:36,2023-10-01 13:16:36,96 km al E de San Fabián,-36.172,-70.596,190.0,3.2,Ml
210418,2023-10-01 21:10:12,2023-10-01 18:10:12,47 km al SE de Curicó,-35.308,-70.908,107.0,3.2,Ml
210422,2023-10-01 22:02:52,2023-10-01 19:02:52,107 km al NO de Huasco,-27.629,-71.762,44.0,2.6,Ml
210425,2023-10-01 22:13:11,2023-10-01 19:13:11,66 km al SE de Socaire,-23.929,-67.36,250.0,4.4,Mw
210427,2023-10-01 23:15:44,2023-10-01 20:15:44,21 km al SE de Putre,-18.311,-69.403,117.0,2.9,Ml
210431,2023-10-02 01:03:48,2023-10-01 22:03:48,17 km al S de Huasco,-28.616,-71.244,51.0,4.3,Ml
210434,2023-10-02 01:28:00,2023-10-01 22:28:00,2 km al NO de Huasco,-28.451,-71.239,41.0,2.7,Ml
210436,2023-10-02 02:07:09,2023-10-01 23:07:09,32 km al SE de Pica,-20.652,-69.073,103.0,3.1,Ml
210444,2023-10-02 04:00:58,2023-10-02 01:00:58,71 km al NE de Calama,-21.873,-68.674,139.0,2.8,Ml
210464,2023-10-02 08:59:49,2023-10-02 05:59:49,47 km al SO de Mina Collahuasi,-21.126,-68.973,114.0,3.4,Ml
210469,2023-10-02 10:27:29,2023-10-02 07:27:29,37 km al SO de Pica,-20.752,-69.548,51.0,2.7,Ml
210480,2023-10-02 16:24:52,2023-10-02 13:24:52,75 km al NE de Calama,-21.866,-68.607,130.0,4.5,Mw
210486,2023-10-02 17:22:16,2023-10-02 14:22:16,31 km al E de Sierra Gorda.,-22.942,-69.021,97.0,2.6,Ml
210497,2023-10-02 20:55:24,2023-10-02 17:55:24,50 km al E de Copiapó,-27.209,-69.861,104.0,3.0,Ml
210498,2023-10-02 21:04:50,2023-10-02 18:04:50,47 km al NO de Cobquecura,-35.842,-73.167,28.0,4.2,Ml
210503,2023-10-02 21:40:33,2023-10-02 18:40:33,74 km al N de Mina La Escondida,-23.601,-69.082,92.0,3.5,Ml
210507,2023-10-02 23:44:59,2023-10-02 20:44:59,32 km al SE de Calama,-22.645,-68.688,110.0,2.9,Ml
210516,2023-10-03 03:02:17,2023-10-03 00:02:17,68 km al O de Punta Arenas,-53.417,-71.846,42.0,2.9,Ml
210529,2023-10-03 06:17:11,2023-10-03 03:17:11,45 km al NE de Calama,-22.122,-68.702,130.0,3.6,Ml
210532,2023-10-03 07:04:22,2023-10-03 04:04:22,42 km al SO de Huasco,-28.798,-71.422,24.0,2.7,Ml
210535,2023-10-03 07:22:56,2023-10-03 04:22:56,96 km al N de Tocopilla,-21.257,-70.414,34.0,2.4,Ml
210539,2023-10-03 08:15:19,2023-10-03 05:15:19,12 km al NO de Quillagua,-21.567,-69.592,56.0,2.9,Ml
210541,2023-10-03 08:57:35,2023-10-03 05:57:35,98 km al O de Arica,-18.659,-71.234,48.0,2.7,Ml
210543,2023-10-03 09:24:03,2023-10-03 06:24:03,32 km al O de Quillagua,-21.673,-69.839,71.0,2.7,Ml
210546,2023-10-03 09:38:50,2023-10-03 06:38:50,41 km al S de Mina Collahuasi,-21.194,-68.688,106.0,3.4,Ml
210548,2023-10-03 10:16:33,2023-10-03 07:16:33,70 km al SE de Socaire,-24.169,-67.626,239.0,3.6,Ml
210557,2023-10-03 15:05:28,2023-10-03 12:05:28,52 km al SO de Termas del Flaco,-35.329,-70.782,114.0,2.8,Ml
210574,2023-10-03 18:18:21,2023-10-03 15:18:21,51 km al N de Calama,-22.012,-68.898,126.0,2.6,Ml
210575,2023-10-03 18:48:46,2023-10-03 15:48:46,47 km al SE de Pica,-20.878,-69.143,111.0,2.9,Ml
210578,2023-10-03 19:43:36,2023-10-03 16:43:36,33 km al SO de Melipilla,-33.884,-71.476,51.0,3.2,Ml
210585,2023-10-03 20:35:11,2023-10-03 17:35:11,57 km al S de Ollagüe,-21.715,-68.414,111.0,3.4,Ml
210590,2023-10-03 21:49:28,2023-10-03 18:49:28,37 km al E de Calama,-22.354,-68.589,110.0,3.0,Ml
210619,2023-10-04 04:19:34,2023-10-04 01:19:34,23 km al NO de Carrizal Bajo,-27.909,-71.282,32.0,3.7,Ml
210648,2023-10-04 09:56:55,2023-10-04 06:56:55,33 km al NE de Calama,-22.191,-68.808,124.0,2.8,Ml
210649,2023-10-04 11:00:18,2023-10-04 08:00:18,38 km al O de Los Vilos,-31.766,-71.877,40.0,3.1,Ml
210657,2023-10-04 12:46:53,2023-10-04 09:46:53,61 km al SO de Socaire,-24.088,-68.134,244.0,2.9,Ml
210658,2023-10-04 13:10:37,2023-10-04 10:10:37,27 km al E de Socaire,-23.611,-67.629,257.0,2.9,Ml
210660,2023-10-04 13:48:00,2023-10-04 10:48:00,80 km al NO de San Antonio de los Cobres,-23.78,-66.933,220.0,3.3,Ml
210666,2023-10-04 16:05:25,2023-10-04 13:05:25,78 km al NE de Calama,-21.936,-68.446,93.0,2.9,Ml
210671,2023-10-04 17:08:56,2023-10-04 14:08:56,24 km al N de Tongoy,-30.045,-71.454,41.0,2.9,Ml
210670,2023-10-04 17:12:11,2023-10-04 14:12:11,23 km al N de Tongoy,-30.052,-71.525,41.0,2.5,Ml
210674,2023-10-04 17:31:52,2023-10-04 14:31:52,22 km al E de Los Andes.,-32.793,-70.37,105.0,3.4,Ml
210679,2023-10-04 18:31:49,2023-10-04 15:31:49,99 km al O de Caleta Tortel,-47.783,-74.867,47.0,3.3,Ml
210680,2023-10-04 18:34:57,2023-10-04 15:34:57,46 km al E de Punta de Choros,-29.123,-71.012,70.0,2.9,Ml
210684,2023-10-04 19:44:46,2023-10-04 16:44:46,58 km al NE de Calama,-22.041,-68.604,126.0,3.0,Ml
210686,2023-10-04 19:49:26,2023-10-04 16:49:26,15 km al SE de Tongoy,-30.362,-71.402,49.0,2.7,Ml
210689,2023-10-04 20:06:21,2023-10-04 17:06:21,104 km al O de Mejillones,-22.722,-71.374,14.0,3.2,Ml
210692,2023-10-04 20:40:19,2023-10-04 17:40:19,53 km al O de Ollagüe,-21.324,-68.75,115.0,2.7,Ml
210696,2023-10-04 22:01:17,2023-10-04 19:01:17,88 km al SE de Socaire,-24.069,-67.199,188.0,3.3,Ml
210704,2023-10-05 00:53:46,2023-10-04 21:53:46,32 km al NO de La Ligua,-32.252,-71.476,48.0,2.8,Ml
210706,2023-10-05 00:57:39,2023-10-04 21:57:39,56 km al NE de San Pedro de Atacama,-22.598,-67.775,178.0,4.0,Ml
210725,2023-10-05 03:24:47,2023-10-05 00:24:47,68 km al SO de Ollagüe,-21.704,-68.662,126.0,2.7,Ml
210728,2023-10-05 03:51:12,2023-10-05 00:51:12,72 km al NE de Calama,-21.883,-68.633,114.0,3.0,Ml
210730,2023-10-05 04:19:56,2023-10-05 01:19:56,81 km al SE de Socaire,-24.017,-67.247,243.0,3.4,Ml
210750,2023-10-05 09:29:52,2023-10-05 06:29:52,46 km al SO de Mina La Escondida,-24.54,-69.4,88.0,3.3,Ml
210753,2023-10-05 09:52:27,2023-10-05 06:52:27,30 km al NO de Mina Collahuasi,-20.715,-68.916,111.0,2.6,Ml
210755,2023-10-05 10:43:32,2023-10-05 07:43:32,45 km al S de Mina Collahuasi,-21.226,-68.748,118.0,2.9,Ml
210757,2023-10-05 11:00:52,2023-10-05 08:00:52,79 km al E de Tierra Amarilla,-27.534,-69.463,110.0,3.8,Ml
210762,2023-10-05 12:58:52,2023-10-05 09:58:52,2 km al O de Illapel,-31.626,-71.19,48.0,2.6,Ml
210763,2023-10-05 12:59:40,2023-10-05 09:59:40,40 km al E de Sierra Gorda.,-22.952,-68.935,115.0,2.6,Ml
210767,2023-10-05 13:58:58,2023-10-05 10:58:58,45 km al S de Socaire,-23.993,-67.829,227.0,2.7,Ml
210768,2023-10-05 14:23:45,2023-10-05 11:23:45,49 km al S de Camiña,-19.725,-69.26,99.0,2.9,Ml
210772,2023-10-05 14:40:48,2023-10-05 11:40:48,69 km al NE de San Pedro de Atacama,-22.368,-67.893,202.0,3.2,Ml
210774,2023-10-05 15:04:53,2023-10-05 12:04:53,72 km al S de Socaire,-24.206,-67.686,236.0,3.0,Ml
210775,2023-10-05 15:25:49,2023-10-05 12:25:49,69 km al O de Tirúa,-38.561,-74.239,42.0,2.7,Ml
210781,2023-10-05 17:04:03,2023-10-05 14:04:03,40 km al NE de Pica,-20.236,-69.065,99.0,2.9,Ml
210783,2023-10-05 17:14:08,2023-10-05 14:14:08,101 km al O de San Antonio de los Cobres,-24.354,-67.31,192.0,4.1,Ml
210785,2023-10-05 17:32:58,2023-10-05 14:32:58,61 km al N de Pica,-19.964,-69.169,95.0,2.8,Ml
210788,2023-10-05 18:31:56,2023-10-05 15:31:56,39 km al O de La Serena,-29.885,-71.655,41.0,3.3,Ml
210797,2023-10-05 21:03:31,2023-10-05 18:03:31,39 km al NO de Carrizal Bajo,-27.912,-71.493,42.0,3.2,Ml
210802,2023-10-05 21:51:17,2023-10-05 18:51:17,44 km al O de Punitaqui,-30.718,-71.698,30.0,2.6,Ml
210804,2023-10-05 22:13:21,2023-10-05 19:13:21,66 km al N de Mina Collahuasi,-20.241,-68.752,117.0,3.9,Ml
210806,2023-10-05 22:27:10,2023-10-05 19:27:10,87 km al SE de Socaire,-24.001,-67.163,226.0,3.0,Ml
210809,2023-10-05 23:27:08,2023-10-05 20:27:08,29 km al NO de Carrizal Bajo,-27.925,-71.382,28.0,3.0,Ml
210812,2023-10-05 23:57:29,2023-10-05 20:57:29,42 km al SO de Pica,-20.822,-69.518,80.0,2.6,Ml
210815,2023-10-06 01:11:33,2023-10-05 22:11:33,64 km al O de San Antonio de los Cobres,-24.04,-66.917,194.0,3.4,Ml
210816,2023-10-06 01:40:35,2023-10-05 22:40:35,70 km al SO de Ollagüe,-21.731,-68.649,126.0,2.8,Ml
210818,2023-10-06 01:45:06,2023-10-05 22:45:06,8 km al SO de Tierra Amarilla,-27.522,-70.334,8.0,2.9,Ml
210823,2023-10-06 02:07:45,2023-10-05 23:07:45,38 km al S de Mina Collahuasi,-21.165,-68.715,109.0,2.9,Ml
210827,2023-10-06 02:38:28,2023-10-05 23:38:28,70 km al NO de Huasco,-27.879,-71.471,26.0,4.6,Mw
210831,2023-10-06 02:49:50,2023-10-05 23:49:50,62 km al NE de Calama,-21.997,-68.615,135.0,2.8,Ml
210832,2023-10-06 03:08:34,2023-10-06 00:08:34,74 km al SE de Socaire,-24.188,-67.563,249.0,3.1,Ml
210834,2023-10-06 03:25:07,2023-10-06 00:25:07,113 km al SE de Socaire,-24.237,-67.031,218.0,2.8,Ml
210846,2023-10-06 05:40:30,2023-10-06 02:40:30,75 km al SO de Ollagüe,-21.78,-68.665,127.0,2.7,Ml
210856,2023-10-06 08:07:13,2023-10-06 05:07:13,45 km al S de Mina Collahuasi,-21.224,-68.743,123.0,2.7,Ml
210867,2023-10-06 10:51:03,2023-10-06 07:51:03,75 km al SO de Ollagüe,-21.818,-68.606,133.0,2.7,Ml
210873,2023-10-06 12:34:20,2023-10-06 09:34:20,41 km al O de Mina Collahuasi,-20.928,-69.035,105.0,2.5,Ml
210874,2023-10-06 12:37:24,2023-10-06 09:37:24,52 km al SO de Ollagüe,-21.645,-68.467,137.0,3.1,Ml
210879,2023-10-06 13:37:56,2023-10-06 10:37:56,45 km al N de Pozo Almonte,-19.86,-69.852,84.0,3.1,Ml
210882,2023-10-06 15:01:37,2023-10-06 12:01:37,58 km al SO de Mina Collahuasi,-21.229,-69.014,96.0,3.5,Ml
210884,2023-10-06 15:24:07,2023-10-06 12:24:07,36 km al N de Alto del Carmen,-28.456,-70.366,95.0,2.5,Ml
210889,2023-10-06 16:24:04,2023-10-06 13:24:04,113 km al NO de Uyuni,-19.528,-67.252,274.0,3.5,Ml
210899,2023-10-06 17:15:01,2023-10-06 14:15:01,30 km al NE de Cuya,-19.007,-69.943,88.0,2.5,Ml
210906,2023-10-06 19:43:13,2023-10-06 16:43:13,47 km al SE de Putre,-18.458,-69.208,118.0,3.2,Ml
210911,2023-10-06 20:45:23,2023-10-06 17:45:23,25 km al N de Putre,-17.986,-69.639,135.0,3.2,Ml
210912,2023-10-06 21:23:27,2023-10-06 18:23:27,23 km al O de Illapel,-31.608,-71.413,45.0,2.9,Ml
210922,2023-10-07 00:41:41,2023-10-06 21:41:41,35 km al NO de Melinka,-43.604,-73.896,40.0,3.7,Ml
210928,2023-10-07 01:45:31,2023-10-06 22:45:31,112 km al N de San Antonio de los Cobres,-23.24,-66.521,239.0,3.3,Ml
210929,2023-10-07 01:47:35,2023-10-06 22:47:35,43 km al O de Ollagüe,-21.303,-68.657,119.0,2.5,Ml
210932,2023-10-07 01:56:18,2023-10-06 22:56:18,31 km al O de Mina Collahuasi,-20.752,-68.946,104.0,2.8,Ml
210933,2023-10-07 02:24:49,2023-10-06 23:24:49,88 km al NE de Socaire,-23.184,-67.149,238.0,3.5,Ml
210940,2023-10-07 05:21:10,2023-10-07 02:21:10,81 km al N de San Pedro de Atacama,-22.204,-68.074,203.0,3.8,Ml
210942,2023-10-07 05:40:16,2023-10-07 02:40:16,28 km al O de Taltal,-25.508,-70.745,38.0,2.8,Ml
210946,2023-10-07 06:08:41,2023-10-07 03:08:41,136 km al SE de Mina La Escondida,-25.34,-68.398,138.0,4.0,Ml
210957,2023-10-07 08:06:59,2023-10-07 05:06:59,149 km al SO de Patache,-21.416,-71.488,28.0,4.5,Mw
210968,2023-10-07 10:23:37,2023-10-07 07:23:37,40 km al O de Ollagüe,-21.348,-68.617,105.0,3.2,Ml
210970,2023-10-07 10:43:50,2023-10-07 07:43:50,37 km al SO de Huasco,-28.725,-71.464,35.0,3.2,Ml
210971,2023-10-07 11:24:52,2023-10-07 08:24:52,29 km al E de Pica,-20.427,-69.059,106.0,2.6,Ml
210981,2023-10-07 15:30:37,2023-10-07 12:30:37,15 km al NO de Vicuña,-29.954,-70.84,92.0,3.0,Ml
210994,2023-10-07 17:57:21,2023-10-07 14:57:21,52 km al SO de Ollagüe,-21.605,-68.548,128.0,3.7,Ml
210998,2023-10-07 18:13:07,2023-10-07 15:13:07,48 km al S de Mina Collahuasi,-21.238,-68.811,115.0,2.5,Ml
211001,2023-10-07 19:24:28,2023-10-07 16:24:28,86 km al SE de Socaire,-23.954,-67.14,233.0,3.0,Ml
211002,2023-10-07 19:43:31,2023-10-07 16:43:31,23 km al S de Mina Collahuasi,-21.027,-68.616,136.0,2.5,Ml
211004,2023-10-07 20:04:26,2023-10-07 17:04:26,15 km al NO de Santiago,-33.334,-70.755,87.0,2.9,Ml
211008,2023-10-07 20:16:19,2023-10-07 17:16:19,50 km al S de Taltal,-25.857,-70.473,47.0,3.2,Ml
211019,2023-10-07 22:18:06,2023-10-07 19:18:06,24 km al NO de Taltal,-25.272,-70.666,55.0,2.8,Ml
211024,2023-10-08 00:14:28,2023-10-07 21:14:28,15 km al E de Calama,-22.451,-68.781,125.0,2.9,Ml
211026,2023-10-08 01:25:49,2023-10-07 22:25:49,27 km al NE de Vichuquén,-34.672,-71.852,39.0,4.5,Mw
211032,2023-10-08 02:56:59,2023-10-07 23:56:59,18 km al S de La Serena,-30.061,-71.295,68.0,3.1,Ml
211034,2023-10-08 03:02:14,2023-10-08 00:02:14,33 km al SO de Canela Baja,-31.575,-71.736,39.0,3.0,Ml
211041,2023-10-08 04:52:28,2023-10-08 01:52:28,35 km al NO de La Ligua,-32.279,-71.539,35.0,2.7,Ml
211047,2023-10-08 06:26:41,2023-10-08 03:26:41,27 km al SE de Concepción,-36.95,-72.788,35.0,2.9,Ml
211049,2023-10-08 06:45:19,2023-10-08 03:45:19,42 km al SO de Huasco,-28.786,-71.441,36.0,3.8,Ml
211053,2023-10-08 07:28:55,2023-10-08 04:28:55,49 km al N de Quillagua,-21.242,-69.697,68.0,4.8,Mw
211058,2023-10-08 08:27:09,2023-10-08 05:27:09,41 km al SE de Pica,-20.806,-69.119,110.0,3.2,Ml
211064,2023-10-08 09:26:51,2023-10-08 06:26:51,18 km al S de Huasco,-28.622,-71.254,43.0,4.1,Ml
211068,2023-10-08 09:36:17,2023-10-08 06:36:17,28 km al E de Los Andes.,-32.842,-70.298,105.0,3.0,Ml
211072,2023-10-08 10:33:19,2023-10-08 07:33:19,36 km al E de Talca,-35.514,-71.282,105.0,4.1,Ml
211074,2023-10-08 11:14:17,2023-10-08 08:14:17,81 km al NO de San Antonio de los Cobres,-23.749,-66.927,167.0,3.3,Ml
211077,2023-10-08 11:54:50,2023-10-08 08:54:50,9 km al E de Calama,-22.495,-68.845,118.0,3.5,Ml
211082,2023-10-08 12:14:41,2023-10-08 09:14:41,125 km al NO de Constitución,-34.604,-73.459,9.0,4.0,Ml
211087,2023-10-08 13:03:02,2023-10-08 10:03:02,14 km al SO de Tongoy,-30.354,-71.581,40.0,3.1,Ml
211091,2023-10-08 13:17:43,2023-10-08 10:17:43,123 km al NO de Constitución,-34.643,-73.474,15.0,3.1,Ml
211093,2023-10-08 14:06:11,2023-10-08 11:06:11,57 km al SO de Ollagüe,-21.7,-68.463,129.0,2.9,Ml
211094,2023-10-08 14:35:44,2023-10-08 11:35:44,46 km al SO de Huasco,-28.807,-71.48,40.0,2.8,Ml
211096,2023-10-08 14:39:19,2023-10-08 11:39:19,33 km al E de Los Andes.,-32.941,-70.27,102.0,3.1,Ml
211102,2023-10-08 15:05:17,2023-10-08 12:05:17,56 km al SE de Mina Los Pelambres,-32.177,-70.165,113.0,3.0,Ml
211123,2023-10-08 19:14:37,2023-10-08 16:14:37,49 km al NO de Quillagua,-21.318,-69.832,61.0,2.7,Ml
211140,2023-10-08 22:41:15,2023-10-08 19:41:15,137 km al N de San Antonio de los Cobres,-22.999,-66.414,229.0,4.5,Mw
211147,2023-10-09 01:30:28,2023-10-08 22:30:28,11 km al NE de Pichilemu,-34.302,-71.945,37.0,3.4,Ml
211154,2023-10-09 02:42:22,2023-10-08 23:42:22,54 km al N de Calama,-22.008,-68.78,113.0,3.7,Ml
211161,2023-10-09 05:31:04,2023-10-09 02:31:04,52 km al SO de Mina Collahuasi,-21.144,-69.02,112.0,3.0,Ml
211171,2023-10-09 06:02:25,2023-10-09 03:02:25,30 km al SO de Ollagüe,-21.412,-68.465,126.0,2.7,Ml
211189,2023-10-09 09:47:25,2023-10-09 06:47:25,53 km al N de Huasco,-27.988,-71.289,37.0,2.6,Ml
211195,2023-10-09 10:20:31,2023-10-09 07:20:31,44 km al SE de Pica,-20.846,-69.153,110.0,3.0,Ml
211203,2023-10-09 12:05:56,2023-10-09 09:05:56,72 km al SE de Socaire,-24.13,-67.493,206.0,3.6,Ml
211208,2023-10-09 13:03:55,2023-10-09 10:03:55,90 km al E de Socaire,-23.595,-67.006,230.0,4.1,Ml
211209,2023-10-09 13:12:01,2023-10-09 10:12:01,46 km al O de Ancud,-42.03,-74.343,43.0,3.1,Ml
211221,2023-10-09 16:23:13,2023-10-09 13:23:13,30 km al O de Ollagüe,-21.191,-68.543,134.0,3.1,Ml
211248,2023-10-09 23:10:08,2023-10-09 20:10:08,53 km al SO de Los Vilos,-32.3,-71.835,24.0,2.6,Ml
211266,2023-10-10 03:07:25,2023-10-10 00:07:25,93 km al O de San Antonio de los Cobres,-24.337,-67.232,209.0,3.9,Ml
211267,2023-10-10 03:17:48,2023-10-10 00:17:48,34 km al E de Antofagasta,-23.697,-70.061,39.0,3.7,Ml
211273,2023-10-10 04:04:54,2023-10-10 01:04:54,30 km al NE de Vichuquén,-34.734,-71.728,52.0,3.0,Ml
211277,2023-10-10 04:35:30,2023-10-10 01:35:30,38 km al SO de Lebu,-37.787,-74.024,20.0,3.6,Ml
211283,2023-10-10 06:04:41,2023-10-10 03:04:41,34 km al S de Mina Collahuasi,-21.129,-68.642,126.0,3.5,Ml
211284,2023-10-10 06:20:35,2023-10-10 03:20:35,138 km al N de San Antonio de los Cobres,-22.994,-66.504,240.0,3.8,Ml
211287,2023-10-10 06:27:39,2023-10-10 03:27:39,112 km al E de Socaire,-23.278,-66.848,210.0,4.0,Ml
211288,2023-10-10 06:48:36,2023-10-10 03:48:36,115 km al O de Huasco,-28.734,-72.355,36.0,2.8,Ml
211292,2023-10-10 07:48:34,2023-10-10 04:48:34,35 km al E de Pica,-20.399,-69.011,102.0,2.5,Ml
211295,2023-10-10 10:01:31,2023-10-10 07:01:31,174 km al NE de Socaire,-22.856,-66.386,245.0,6.0,Mww
211298,2023-10-10 10:56:16,2023-10-10 07:56:16,91 km al O de Iquique,-19.998,-70.991,34.0,4.1,Ml
211306,2023-10-10 14:35:24,2023-10-10 11:35:24,159 km al NE de Socaire,-22.811,-66.588,219.0,3.6,Ml
211309,2023-10-10 15:19:41,2023-10-10 12:19:41,36 km al O de Punitaqui,-30.955,-71.608,34.0,2.8,Ml
211312,2023-10-10 16:26:05,2023-10-10 13:26:05,31 km al NO de Tongoy,-30.094,-71.763,16.0,3.3,Ml
211319,2023-10-10 17:13:12,2023-10-10 14:13:12,46 km al NE de Calama,-22.13,-68.677,115.0,3.6,Ml
211356,2023-10-11 01:59:16,2023-10-10 22:59:16,59 km al S de Pozo Almonte,-20.779,-69.883,28.0,2.8,Ml
211360,2023-10-11 02:50:24,2023-10-10 23:50:24,30 km al N de Vallenar,-28.311,-70.697,65.0,3.3,Ml
211368,2023-10-11 05:29:51,2023-10-11 02:29:51,14 km al N de Camiña,-19.194,-69.401,102.0,4.8,Mw
211385,2023-10-11 13:33:44,2023-10-11 10:33:44,81 km al O de Arica,-18.586,-71.085,18.0,3.0,Ml
211388,2023-10-11 14:25:04,2023-10-11 11:25:04,40 km al SO de Mina Collahuasi,-21.055,-68.955,102.0,2.9,Ml
211390,2023-10-11 14:40:23,2023-10-11 11:40:23,58 km al N de Pica,-20.0,-69.131,91.0,3.9,Ml
211421,2023-10-11 20:50:06,2023-10-11 17:50:06,14 km al NE de La Higuera,-29.433,-71.089,63.0,3.0,Ml
211429,2023-10-11 21:58:58,2023-10-11 18:58:58,7 km al S de Ovalle,-30.668,-71.207,59.0,3.8,Ml
211434,2023-10-11 23:31:21,2023-10-11 20:31:21,50 km al E de Talca,-35.581,-71.149,102.0,3.2,Ml
211446,2023-10-12 04:08:58,2023-10-12 01:08:58,114 km al E de Socaire,-23.29,-66.818,195.0,3.4,Ml
211448,2023-10-12 04:52:55,2023-10-12 01:52:55,61 km al SO de Mina Collahuasi,-21.266,-69.014,86.0,2.6,Ml
211453,2023-10-12 05:31:15,2023-10-12 02:31:15,31 km al SO de Punitaqui,-30.972,-71.538,29.0,2.8,Ml
211455,2023-10-12 06:04:52,2023-10-12 03:04:52,6 km al N de Panguipulli,-39.585,-72.326,82.0,4.5,Mw
211461,2023-10-12 06:55:22,2023-10-12 03:55:22,109 km al N de El Salvador,-25.326,-69.264,118.0,4.1,Ml
211465,2023-10-12 07:21:32,2023-10-12 04:21:32,46 km al NO de Huasco,-28.096,-71.44,34.0,2.7,Ml
211467,2023-10-12 09:18:26,2023-10-12 06:18:26,130 km al SE de Copiapó,-27.94,-69.182,113.0,3.3,Ml
211474,2023-10-12 09:45:42,2023-10-12 06:45:42,18 km al E de Calama,-22.429,-68.761,104.0,3.1,Ml
211478,2023-10-12 10:58:38,2023-10-12 07:58:38,77 km al NO de Quillagua,-21.102,-69.971,50.0,3.7,Ml
211481,2023-10-12 11:13:47,2023-10-12 08:13:47,45 km al SO de Mina Collahuasi,-21.053,-69.017,105.0,2.5,Ml
211488,2023-10-12 16:05:25,2023-10-12 13:05:25,57 km al N de Calama,-21.98,-68.753,117.0,3.2,Ml
211495,2023-10-12 17:25:39,2023-10-12 14:25:39,77 km al N de Calama,-21.821,-68.681,132.0,2.6,Ml
211501,2023-10-12 19:00:33,2023-10-12 16:00:33,32 km al NE de Mina Collahuasi,-20.616,-68.445,153.0,2.6,Ml
211518,2023-10-13 00:22:30,2023-10-12 21:22:30,47 km al SE de Curicó,-35.306,-70.906,108.0,2.9,Ml
211522,2023-10-13 01:27:03,2023-10-12 22:27:03,25 km al S de Sierra Gorda.,-23.126,-69.357,100.0,2.6,Ml
211523,2023-10-13 01:37:26,2023-10-12 22:37:26,63 km al NE de Linares,-35.58,-70.982,133.0,3.3,Ml
211533,2023-10-13 04:19:26,2023-10-13 01:19:26,43 km al SE de Camiña,-19.649,-69.226,99.0,3.6,Ml
211545,2023-10-13 06:42:23,2023-10-13 03:42:23,33 km al SE de Los Andes.,-32.991,-70.298,109.0,2.5,Ml
211550,2023-10-13 08:54:09,2023-10-13 05:54:09,7 km al NO de La Higuera,-29.473,-71.259,54.0,2.8,Ml
211558,2023-10-13 10:21:46,2023-10-13 07:21:46,77 km al O de San Antonio de los Cobres,-24.391,-67.061,170.0,3.5,Ml
211562,2023-10-13 11:25:17,2023-10-13 08:25:17,149 km al O de Constitución,-34.931,-73.98,19.0,3.0,Ml
211565,2023-10-13 12:02:33,2023-10-13 09:02:33,39 km al O de Sierra Gorda.,-22.763,-69.67,58.0,2.5,Ml
211567,2023-10-13 12:40:24,2023-10-13 09:40:24,52 km al S de Sierra Gorda.,-23.371,-69.315,82.0,2.5,Ml
211573,2023-10-13 14:04:02,2023-10-13 11:04:02,117 km al NE de San Pedro de Atacama,-22.134,-67.437,169.0,2.9,Ml
211578,2023-10-13 14:40:29,2023-10-13 11:40:29,43 km al O de La Ligua,-32.487,-71.684,34.0,2.5,Ml
211580,2023-10-13 14:59:26,2023-10-13 11:59:26,73 km al SE de Socaire,-23.938,-67.277,268.0,2.9,Ml
211581,2023-10-13 15:22:29,2023-10-13 12:22:29,60 km al N de Calama,-21.932,-68.958,103.0,3.1,Ml
211584,2023-10-13 16:21:20,2023-10-13 13:21:20,56 km al SE de Socaire,-23.976,-67.531,267.0,2.9,Ml
211590,2023-10-13 17:25:17,2023-10-13 14:25:17,14 km al E de Linares,-35.869,-71.45,110.0,2.7,Ml
211598,2023-10-13 18:30:02,2023-10-13 15:30:02,51 km al SO de Ollagüe,-21.645,-68.452,140.0,3.2,Ml
211603,2023-10-13 19:29:49,2023-10-13 16:29:49,24 km al NE de Sierra Gorda.,-22.735,-69.162,101.0,2.5,Ml
211604,2023-10-13 19:32:30,2023-10-13 16:32:30,26 km al O de Ollagüe,-21.288,-68.494,119.0,3.1,Ml
211606,2023-10-13 19:44:47,2023-10-13 16:44:47,20 km al NE de Camiña,-19.199,-69.275,102.0,2.5,Ml
211611,2023-10-13 20:02:10,2023-10-13 17:02:10,56 km al NE de Pica,-20.032,-69.106,100.0,3.8,Ml
211615,2023-10-13 20:43:59,2023-10-13 17:43:59,42 km al NO de Taltal,-25.175,-70.817,50.0,3.4,Ml
211619,2023-10-13 20:50:22,2023-10-13 17:50:22,51 km al SE de Socaire,-24.019,-67.701,248.0,3.3,Ml
211621,2023-10-13 21:10:58,2023-10-13 18:10:58,30 km al SE de Pica,-20.701,-69.149,102.0,3.3,Ml
211622,2023-10-13 21:22:36,2023-10-13 18:22:36,33 km al SE de Pica,-20.722,-69.13,98.0,2.5,Ml
211625,2023-10-13 23:27:13,2023-10-13 20:27:13,26 km al E de Talca,-35.494,-71.396,100.0,2.9,Ml
211629,2023-10-14 00:58:49,2023-10-13 21:58:49,39 km al SO de Mina Collahuasi,-21.097,-68.899,110.0,2.6,Ml
211631,2023-10-14 03:07:10,2023-10-14 00:07:10,46 km al NE de Vallenar,-28.217,-70.512,87.0,3.0,Ml
211633,2023-10-14 03:15:45,2023-10-14 00:15:45,59 km al NO de Taltal,-25.011,-70.875,44.0,2.6,Ml
211636,2023-10-14 03:29:19,2023-10-14 00:29:19,22 km al SO de Linares,-35.974,-71.789,89.0,2.9,Ml
211637,2023-10-14 03:37:55,2023-10-14 00:37:55,73 km al SE de Socaire,-24.093,-67.423,218.0,3.3,Ml
211643,2023-10-14 05:46:47,2023-10-14 02:46:47,68 km al SE de Camiña,-19.867,-69.15,98.0,3.4,Ml
211649,2023-10-14 08:07:27,2023-10-14 05:07:27,24 km al N de San Fabián,-36.34,-71.498,106.0,2.7,Ml
211651,2023-10-14 08:30:19,2023-10-14 05:30:19,70 km al N de Calama,-21.875,-68.72,120.0,3.6,Ml
211656,2023-10-14 08:53:41,2023-10-14 05:53:41,8 km al NO de Lota,-37.06,-73.237,26.0,2.7,Ml
211658,2023-10-14 09:13:43,2023-10-14 06:13:43,26 km al SE de Farellones,-33.47,-70.069,10.0,2.6,Ml
211661,2023-10-14 09:22:24,2023-10-14 06:22:24,118 km al O de Pichilemu,-34.155,-73.263,36.0,3.0,Ml
211664,2023-10-14 09:58:37,2023-10-14 06:58:37,83 km al O de Socaire,-23.536,-68.699,118.0,2.9,Ml
211666,2023-10-14 10:05:32,2023-10-14 07:05:32,57 km al S de Copiapó,-27.868,-70.47,70.0,3.3,Ml
211676,2023-10-14 10:58:18,2023-10-14 07:58:18,37 km al O de Navidad,-34.084,-72.201,38.0,3.3,Ml
211677,2023-10-14 11:18:39,2023-10-14 08:18:39,78 km al N de Mina La Escondida.,-23.572,-69.021,88.0,2.6,Ml
211678,2023-10-14 11:20:53,2023-10-14 08:20:53,14 km al S de La Serena,-30.026,-71.3,55.0,3.3,Ml
211680,2023-10-14 11:29:37,2023-10-14 08:29:37,57 km al S de Alto Hospicio,-20.765,-70.239,66.0,4.5,Mw
211688,2023-10-14 12:32:57,2023-10-14 09:32:57,24 km al SO de Santiago,-33.629,-70.776,82.0,3.0,Ml
211693,2023-10-14 12:53:54,2023-10-14 09:53:54,24 km al SE de Farellones,-33.47,-70.096,9.0,2.8,Ml
211694,2023-10-14 13:32:40,2023-10-14 10:32:40,58 km al N de Pica,-19.973,-69.245,94.0,2.9,Ml
211697,2023-10-14 15:17:25,2023-10-14 12:17:25,30 km al NO de Mina Collahuasi,-20.685,-68.899,100.0,3.0,Ml
211700,2023-10-14 15:57:11,2023-10-14 12:57:11,12 km al SE de Navidad,-34.054,-71.788,36.0,2.5,Ml
211704,2023-10-14 16:03:59,2023-10-14 13:03:59,48 km al O de Valparaíso,-33.095,-72.128,38.0,3.0,Ml
211717,2023-10-14 18:22:45,2023-10-14 15:22:45,31 km al N de Ralco,-37.611,-71.578,117.0,3.0,Ml
211721,2023-10-14 19:01:55,2023-10-14 16:01:55,29 km al SE de Pica,-20.728,-69.204,113.0,2.6,Ml
211727,2023-10-14 22:28:01,2023-10-14 19:28:01,45 km al N de Mejillones,-22.72,-70.603,38.0,3.1,Ml
211729,2023-10-14 22:32:26,2023-10-14 19:32:26,42 km al SO de Colchane.,-19.572,-68.892,120.0,4.2,Ml
211737,2023-10-14 23:51:32,2023-10-14 20:51:32,12 km al S de Cuya,-19.268,-70.203,43.0,2.7,Ml
211741,2023-10-15 00:59:21,2023-10-14 21:59:21,112 km al O de Huasco,-28.662,-72.344,34.0,2.9,Ml
211745,2023-10-15 01:11:33,2023-10-14 22:11:33,18 km al SE de Rancagua,-34.311,-70.659,107.0,3.6,Ml
211746,2023-10-15 01:53:49,2023-10-14 22:53:49,43 km al N de Valparaíso,-32.664,-71.658,20.0,2.8,Ml
211750,2023-10-15 02:20:15,2023-10-14 23:20:15,108 km al SE de Socaire,-24.381,-67.277,190.0,3.1,Ml
211763,2023-10-15 03:58:19,2023-10-15 00:58:19,25 km al SO de Ollagüe,-21.403,-68.394,145.0,2.7,Ml
211765,2023-10-15 05:02:37,2023-10-15 02:02:37,5 km al S de Pisagua,-19.64,-70.211,72.0,3.0,Ml
211768,2023-10-15 05:07:35,2023-10-15 02:07:35,55 km al SE de Socaire,-24.005,-67.595,279.0,3.1,Ml
211771,2023-10-15 05:42:45,2023-10-15 02:42:45,96 km al SE de Ollagüe,-21.863,-67.634,211.0,3.9,Ml
211778,2023-10-15 07:43:28,2023-10-15 04:43:28,76 km al SE de Socaire,-24.037,-67.322,211.0,3.3,Ml
211790,2023-10-15 11:11:19,2023-10-15 08:11:19,56 km al NE de Calama,-22.069,-68.594,126.0,2.6,Ml
211797,2023-10-15 12:43:04,2023-10-15 09:43:04,42 km al S de Pica,-20.845,-69.2,105.0,3.4,Ml
211798,2023-10-15 13:20:56,2023-10-15 10:20:56,111 km al O de Huasco,-28.726,-72.316,28.0,3.3,Ml
211804,2023-10-15 14:37:45,2023-10-15 11:37:45,23 km al O de Mina Collahuasi,-20.753,-68.869,113.0,2.9,Ml
211807,2023-10-15 15:21:08,2023-10-15 12:21:08,16 km al O de San Pedro de Atacama,-22.898,-68.356,135.0,2.6,Ml
211812,2023-10-15 16:31:24,2023-10-15 13:31:24,60 km al NO de La Higuera,-29.019,-71.453,44.0,3.7,Ml
211831,2023-10-15 19:09:21,2023-10-15 16:09:21,63 km al O de Tongoy,-30.213,-72.149,41.0,3.5,Ml
211840,2023-10-15 22:23:25,2023-10-15 19:23:25,86 km al SO de Iquique,-20.611,-70.866,32.0,2.5,Ml
211842,2023-10-15 22:25:00,2023-10-15 19:25:00,60 km al NO de La Higuera,-29.021,-71.458,42.0,3.2,Ml
211846,2023-10-15 23:12:51,2023-10-15 20:12:51,47 km al S de Sierra Gorda.,-23.318,-69.293,87.0,4.4,Ml
211850,2023-10-15 23:45:53,2023-10-15 20:45:53,60 km al NE de Pozo Almonte,-19.917,-69.341,107.0,3.1,Ml
211854,2023-10-16 00:31:39,2023-10-15 21:31:39,29 km al NO de Parque Fray Jorge,-30.465,-71.88,47.0,2.9,Ml
211856,2023-10-16 00:53:38,2023-10-15 21:53:38,132 km al NE de Socaire,-23.055,-66.731,224.0,4.6,Mw
211859,2023-10-16 01:19:47,2023-10-15 22:19:47,48 km al SE de Sierra Gorda.,-23.209,-68.994,100.0,2.6,Ml
211863,2023-10-16 02:04:11,2023-10-15 23:04:11,67 km al NO de Tongoy,-29.81,-71.968,34.0,2.9,Ml
211866,2023-10-16 03:02:48,2023-10-16 00:02:48,91 km al E de Socaire,-23.881,-67.053,232.0,3.5,Ml
211872,2023-10-16 03:45:15,2023-10-16 00:45:15,27 km al E de Alto del Carmen,-28.727,-70.212,99.0,2.6,Ml
211876,2023-10-16 04:50:40,2023-10-16 01:50:40,112 km al E de Socaire,-23.414,-66.805,207.0,2.8,Ml
211882,2023-10-16 06:31:36,2023-10-16 03:31:36,43 km al SO de Ollagüe,-21.496,-68.543,125.0,3.5,Ml
211883,2023-10-16 07:09:26,2023-10-16 04:09:26,84 km al SE de Socaire,-24.117,-67.293,210.0,3.5,Ml
211885,2023-10-16 07:51:19,2023-10-16 04:51:19,35 km al NE de Vallenar,-28.434,-70.439,104.0,3.2,Ml
211889,2023-10-16 08:19:58,2023-10-16 05:19:58,35 km al NO de Huasco,-28.32,-71.541,42.0,3.1,Ml
211890,2023-10-16 08:47:55,2023-10-16 05:47:55,34 km al E de Tierra Amarilla,-27.383,-69.941,100.0,3.9,Ml
211897,2023-10-16 11:00:19,2023-10-16 08:00:19,76 km al N de Calama,-21.799,-68.781,114.0,2.9,Ml
211898,2023-10-16 11:15:52,2023-10-16 08:15:52,69 km al NO de Quillagua,-21.241,-70.026,15.0,2.5,Ml
211908,2023-10-16 13:35:51,2023-10-16 10:35:51,74 km al O de San Antonio de los Cobres,-24.11,-67.04,193.0,3.0,Ml
211906,2023-10-16 13:36:35,2023-10-16 10:36:35,48 km al SE de Caleta El Cobre,-24.603,-70.255,35.0,2.9,Ml
211914,2023-10-16 16:04:40,2023-10-16 13:04:40,26 km al E de San Pedro de Atacama,-22.922,-67.949,162.0,3.1,Ml
211926,2023-10-16 17:52:01,2023-10-16 14:52:01,62 km al N de San Pedro de Atacama,-22.369,-68.277,136.0,2.6,Ml
211932,2023-10-16 18:33:20,2023-10-16 15:33:20,133 km al SE de Socaire,-24.62,-67.233,186.0,5.1,Mw
211937,2023-10-16 19:42:55,2023-10-16 16:42:55,67 km al SO de Ollagüe,-21.729,-68.6,120.0,2.7,Ml
211940,2023-10-16 20:03:04,2023-10-16 17:03:04,34 km al NE de Sierra Gorda.,-22.773,-69.02,82.0,2.5,Ml
211942,2023-10-16 21:02:47,2023-10-16 18:02:47,14 km al SE de Canela Baja,-31.498,-71.371,39.0,2.5,Ml
211953,2023-10-17 02:37:18,2023-10-16 23:37:18,37 km al O de Caldera,-26.983,-71.187,25.0,3.2,Ml
211959,2023-10-17 05:12:24,2023-10-17 02:12:24,74 km al NE de Calama,-21.855,-68.651,130.0,3.9,Ml
211965,2023-10-17 07:20:01,2023-10-17 04:20:01,32 km al O de Baquedano,-23.439,-70.129,51.0,2.5,Ml
211967,2023-10-17 08:13:20,2023-10-17 05:13:20,57 km al NO de Valparaíso,-32.58,-71.858,24.0,2.8,Ml
211985,2023-10-17 13:20:41,2023-10-17 10:20:41,81 km al S de Socaire,-24.295,-67.705,227.0,3.0,Ml
211988,2023-10-17 14:49:54,2023-10-17 11:49:54,22 km al SO de Calama,-22.65,-69.018,89.0,3.2,Ml
211993,2023-10-17 15:05:27,2023-10-17 12:05:27,49 km al SO de Mina Collahuasi,-21.139,-68.985,111.0,2.7,Ml
211994,2023-10-17 16:34:43,2023-10-17 13:34:43,26 km al SO de Los Andes.,-32.991,-70.809,80.0,2.6,Ml
211998,2023-10-17 16:53:21,2023-10-17 13:53:21,42 km al SO de Mina Collahuasi,-21.11,-68.925,109.0,2.6,Ml
212014,2023-10-17 20:01:05,2023-10-17 17:01:05,85 km al N de Tocopilla,-21.34,-70.338,28.0,2.7,Ml
212020,2023-10-17 20:52:38,2023-10-17 17:52:38,49 km al O de Tongoy,-30.344,-71.993,44.0,4.2,Ml
212023,2023-10-17 21:45:32,2023-10-17 18:45:32,88 km al SE de Socaire,-24.198,-67.33,221.0,4.2,Ml
212028,2023-10-17 22:42:13,2023-10-17 19:42:13,45 km al O de La Higuera,-29.449,-71.659,58.0,2.7,Ml
212033,2023-10-18 00:00:28,2023-10-17 21:00:28,37 km al O de Ollagüe,-21.155,-68.601,110.0,2.6,Ml
212035,2023-10-18 00:22:58,2023-10-17 21:22:58,135 km al O de Tocopilla,-21.688,-71.437,30.0,2.8,Ml
212038,2023-10-18 00:54:29,2023-10-17 21:54:29,42 km al NO de Quillagua,-21.369,-69.789,60.0,3.9,Ml
212045,2023-10-18 02:37:07,2023-10-17 23:37:07,103 km al E de Socaire,-23.448,-66.887,206.0,4.2,Ml
212067,2023-10-18 09:29:29,2023-10-18 06:29:29,46 km al NO de Tongoy,-29.945,-71.813,26.0,2.6,Ml
212070,2023-10-18 11:11:55,2023-10-18 08:11:55,56 km al O de Tongoy,-30.388,-72.055,36.0,2.5,Ml
212081,2023-10-18 14:36:58,2023-10-18 11:36:58,53 km al N de Camiña,-18.842,-69.522,15.0,2.8,Ml
212082,2023-10-18 15:03:18,2023-10-18 12:03:18,26 km al SE de Calama,-22.646,-68.758,133.0,2.9,Ml
212103,2023-10-18 20:43:00,2023-10-18 17:43:00,27 km al E de Quillota,-32.8,-70.98,20.0,2.8,Ml
212106,2023-10-18 20:46:20,2023-10-18 17:46:20,31 km al N de La Higuera,-29.242,-71.135,56.0,3.5,Ml
212111,2023-10-18 21:56:16,2023-10-18 18:56:16,23 km al O de Valparaíso,-32.976,-71.847,29.0,2.9,Ml
212122,2023-10-19 02:31:58,2023-10-18 23:31:58,46 km al E de Mina La Escondida,-24.157,-68.616,161.0,4.2,Ml
212125,2023-10-19 03:07:18,2023-10-19 00:07:18,49 km al SO de Mina Collahuasi,-21.154,-68.971,116.0,3.5,Ml
212127,2023-10-19 03:29:09,2023-10-19 00:29:09,20 km al SE de Pica,-20.64,-69.231,108.0,3.3,Ml
212137,2023-10-19 07:22:10,2023-10-19 04:22:10,74 km al NO de Tongoy,-29.822,-72.083,42.0,3.0,Ml
212150,2023-10-19 10:43:01,2023-10-19 07:43:01,34 km al O de Valparaíso,-32.942,-71.959,33.0,3.8,Ml
212158,2023-10-19 13:09:09,2023-10-19 10:09:09,28 km al O de Valparaíso,-33.04,-71.92,34.0,3.4,Ml
212164,2023-10-19 16:02:37,2023-10-19 13:02:37,27 km al NO de Ollagüe,-21.088,-68.464,147.0,3.0,Ml
212200,2023-10-19 22:08:32,2023-10-19 19:08:32,67 km al O de San Antonio de los Cobres,-24.08,-66.963,197.0,3.6,Ml
212203,2023-10-19 23:03:48,2023-10-19 20:03:48,24 km al NO de Baquedano,-23.17,-69.99,49.0,2.6,Ml
212210,2023-10-19 23:58:47,2023-10-19 20:58:47,19 km al O de Patache,-20.859,-70.375,56.0,3.2,Ml
212225,2023-10-20 02:03:20,2023-10-19 23:03:20,41 km al E de Pica,-20.402,-68.944,112.0,4.4,Ml
212236,2023-10-20 04:43:24,2023-10-20 01:43:24,9 km al S de Carrizal Bajo,-28.16,-71.179,51.0,4.0,Ml
212241,2023-10-20 05:09:16,2023-10-20 02:09:16,45 km al O de San Pedro de Atacama,-22.765,-68.61,105.0,3.0,Ml
212244,2023-10-20 05:37:30,2023-10-20 02:37:30,66 km al N de Calama,-21.916,-68.71,103.0,2.5,Ml
212249,2023-10-20 06:50:46,2023-10-20 03:50:46,13 km al O de Ovalle,-30.644,-71.332,53.0,3.7,Ml
212254,2023-10-20 07:10:48,2023-10-20 04:10:48,44 km al NE de Farellones,-33.009,-70.068,15.0,2.8,Ml
212268,2023-10-20 11:53:10,2023-10-20 08:53:10,28 km al NO de Carrizal Bajo,-27.918,-71.371,29.0,3.1,Ml
212270,2023-10-20 12:01:38,2023-10-20 09:01:38,101 km al E de San Pedro de Atacama,-22.828,-67.22,235.0,3.0,Ml
212271,2023-10-20 12:54:35,2023-10-20 09:54:35,45 km al N de Mina La Escondida.,-23.861,-69.039,92.0,2.8,Ml
212273,2023-10-20 13:29:25,2023-10-20 10:29:25,155 km al NO de Cobquecura,-35.291,-74.169,30.0,3.3,Ml
212274,2023-10-20 13:36:08,2023-10-20 10:36:08,78 km al S de Socaire,-24.257,-67.667,239.0,2.7,Ml
212277,2023-10-20 14:15:13,2023-10-20 11:15:13,45 km al E de Calama,-22.575,-68.505,119.0,3.0,Ml
212281,2023-10-20 15:34:12,2023-10-20 12:34:12,48 km al SE de Socaire,-23.919,-67.589,251.0,2.7,Ml
212282,2023-10-20 15:44:34,2023-10-20 12:44:34,7 km al SO de Ovalle,-30.642,-71.266,55.0,3.0,Ml
212285,2023-10-20 15:53:58,2023-10-20 12:53:58,57 km al SO de Ollagüe,-21.673,-68.521,122.0,2.5,Ml
212286,2023-10-20 16:04:09,2023-10-20 13:04:09,36 km al SO de Mina Collahuasi,-21.088,-68.862,115.0,2.5,Ml
212288,2023-10-20 16:05:09,2023-10-20 13:05:09,100 km al SE de Socaire,-24.337,-67.344,189.0,4.3,Ml
212289,2023-10-20 16:18:01,2023-10-20 13:18:01,16 km al O de Tongoy,-30.272,-71.655,62.0,4.1,Ml
212291,2023-10-20 16:47:53,2023-10-20 13:47:53,67 km al NE de Quillagua,-21.413,-68.942,102.0,2.9,Ml
212293,2023-10-20 16:56:53,2023-10-20 13:56:53,102 km al NE de San Pedro de Atacama,-22.13,-67.695,206.0,4.6,Mw
212296,2023-10-20 17:25:09,2023-10-20 14:25:09,49 km al SE de Mina Los Pelambres,-32.142,-70.229,132.0,2.7,Ml
212309,2023-10-20 19:34:54,2023-10-20 16:34:54,25 km al O de Mina Collahuasi,-20.819,-68.898,105.0,2.6,Ml
212315,2023-10-20 22:19:54,2023-10-20 19:19:54,24 km al N de La Higuera,-29.305,-71.281,49.0,2.6,Ml
212319,2023-10-20 22:44:51,2023-10-20 19:44:51,41 km al SO de Mina Collahuasi,-21.126,-68.894,109.0,2.6,Ml
212321,2023-10-21 00:16:58,2023-10-20 21:16:58,118 km al NE de Socaire,-23.096,-66.865,217.0,3.0,Ml
212322,2023-10-21 00:38:26,2023-10-20 21:38:26,39 km al NO de Camiña,-19.027,-69.638,94.0,3.1,Ml
212324,2023-10-21 01:18:47,2023-10-20 22:18:47,74 km al NO de Lebu,-37.223,-74.331,15.0,2.6,Ml
212328,2023-10-21 02:23:17,2023-10-20 23:23:17,37 km al E de Calama,-22.438,-68.568,123.0,4.0,Ml
212333,2023-10-21 04:10:38,2023-10-21 01:10:38,60 km al N de Tocopilla,-21.559,-70.271,34.0,3.2,Ml
212339,2023-10-21 05:19:53,2023-10-21 02:19:53,53 km al N de Pica,-20.039,-69.171,97.0,3.3,Ml
212341,2023-10-21 05:56:21,2023-10-21 02:56:21,61 km al SO de Ollagüe,-21.733,-68.466,128.0,3.2,Ml
212343,2023-10-21 06:01:14,2023-10-21 03:01:14,21 km al E de Concepción,-36.91,-72.834,41.0,4.1,Ml
212352,2023-10-21 08:33:37,2023-10-21 05:33:37,21 km al N de San Pedro de Atacama,-22.738,-68.268,145.0,4.3,Ml
212354,2023-10-21 09:00:57,2023-10-21 06:00:57,31 km al NE de Sierra Gorda.,-22.716,-69.086,95.0,2.8,Ml
212356,2023-10-21 09:18:59,2023-10-21 06:18:59,11 km al N de Camiña,-19.221,-69.459,101.0,3.9,Ml
212374,2023-10-21 15:33:01,2023-10-21 12:33:01,22 km al E de Quillota,-32.939,-71.022,68.0,3.3,Ml
212377,2023-10-21 15:40:09,2023-10-21 12:40:09,33 km al SO de Los Vilos,-32.13,-71.755,30.0,2.8,Ml
212380,2023-10-21 16:15:11,2023-10-21 13:15:11,38 km al S de Ollagüe,-21.565,-68.322,138.0,3.3,Ml
212398,2023-10-21 18:30:31,2023-10-21 15:30:31,23 km al E de Calama,-22.424,-68.714,110.0,3.0,Ml
212417,2023-10-21 23:02:09,2023-10-21 20:02:09,64 km al E de Socaire,-23.651,-67.262,179.0,3.2,Ml
212422,2023-10-22 00:39:31,2023-10-21 21:39:31,29 km al SO de Ollagüe,-21.398,-68.466,123.0,2.5,Ml
212432,2023-10-22 03:03:55,2023-10-22 00:03:55,62 km al NE de Alto del Carmen,-28.282,-70.153,100.0,3.8,Ml
212440,2023-10-22 04:31:02,2023-10-22 01:31:02,32 km al O de Mina La Escondida.,-24.299,-69.366,101.0,2.7,Ml
212445,2023-10-22 06:14:13,2023-10-22 03:14:13,56 km al N de Calama,-21.995,-68.756,116.0,3.0,Ml
212447,2023-10-22 06:45:09,2023-10-22 03:45:09,18 km al NO de La Serena,-29.752,-71.322,55.0,2.7,Ml
212450,2023-10-22 07:21:39,2023-10-22 04:21:39,59 km al O de Socaire,-23.455,-68.445,11.0,3.2,Ml
212452,2023-10-22 07:52:44,2023-10-22 04:52:44,48 km al S de Sierra Gorda,-23.321,-69.295,90.0,3.6,Ml
212458,2023-10-22 09:24:57,2023-10-22 06:24:57,60 km al NE de El Salvador,-25.945,-69.127,110.0,3.1,Ml
212461,2023-10-22 10:38:04,2023-10-22 07:38:04,3 km al NE de Sierra Gorda.,-22.878,-69.303,84.0,4.2,Ml
212464,2023-10-22 10:45:23,2023-10-22 07:45:23,24 km al NE de Vichuquén,-34.767,-71.769,41.0,2.9,Ml
212474,2023-10-22 16:24:29,2023-10-22 13:24:29,65 km al SE de Camiña,-19.814,-69.104,104.0,2.8,Ml
212483,2023-10-22 17:58:30,2023-10-22 14:58:30,76 km al SE de Sierra Gorda.,-23.453,-68.876,103.0,2.7,Ml
212486,2023-10-22 18:07:34,2023-10-22 15:07:34,78 km al E de Paposo,-25.142,-69.705,79.0,3.6,Ml
212488,2023-10-22 18:52:13,2023-10-22 15:52:13,34 km al E de Calama,-22.447,-68.601,135.0,3.0,Ml
212493,2023-10-22 20:47:29,2023-10-22 17:47:29,111 km al O de El Tabo,-33.278,-72.843,13.0,3.9,Ml
212495,2023-10-22 21:19:13,2023-10-22 18:19:13,15 km al SO de Los Vilos,-32.01,-71.613,38.0,3.1,Ml
212508,2023-10-22 22:42:08,2023-10-22 19:42:08,66 km al NE de Quillagua,-21.396,-68.957,112.0,3.7,Ml
212511,2023-10-22 23:49:24,2023-10-22 20:49:24,60 km al SE de Socaire,-24.022,-67.539,251.0,2.7,Ml
212513,2023-10-23 00:24:58,2023-10-22 21:24:58,77 km al O de San Antonio de los Cobres,-23.949,-67.018,221.0,2.7,Ml
212522,2023-10-23 02:48:49,2023-10-22 23:48:49,30 km al E de Vichuquén,-34.782,-71.692,42.0,3.2,Ml
212531,2023-10-23 05:46:09,2023-10-23 02:46:09,25 km al SO de Los Vilos,-32.087,-71.682,30.0,2.5,Ml
212533,2023-10-23 05:48:59,2023-10-23 02:48:59,41 km al SE de Pica,-20.778,-69.08,114.0,2.5,Ml
212538,2023-10-23 07:41:17,2023-10-23 04:41:17,35 km al S de Mina Collahuasi,-21.135,-68.606,156.0,2.6,Ml
212539,2023-10-23 07:56:20,2023-10-23 04:56:20,35 km al E de Mina Los Pelambres,-31.914,-70.233,128.0,2.6,Ml
212543,2023-10-23 08:17:17,2023-10-23 05:17:17,45 km al SE de Mina Los Pelambres,-32.192,-70.385,120.0,3.6,Ml
212550,2023-10-23 10:08:19,2023-10-23 07:08:19,58 km al O de Pichilemu,-34.298,-72.635,40.0,2.8,Ml
212557,2023-10-23 10:48:59,2023-10-23 07:48:59,32 km al SE de Los Andes.,-33.014,-70.332,108.0,2.8,Ml
212559,2023-10-23 10:55:36,2023-10-23 07:55:36,94 km al NE de San Pedro de Atacama,-22.261,-67.628,232.0,3.4,Ml
212562,2023-10-23 11:53:39,2023-10-23 08:53:39,47 km al O de Ollagüe,-21.274,-68.7,115.0,3.1,Ml
212568,2023-10-23 14:02:02,2023-10-23 11:02:02,56 km al O de San Pedro de Atacama,-23.002,-68.736,101.0,2.8,Ml
212571,2023-10-23 15:31:03,2023-10-23 12:31:03,37 km al SE de Pica,-20.792,-69.19,99.0,2.8,Ml
212573,2023-10-23 15:35:41,2023-10-23 12:35:41,6 km al SO de Ollagüe,-21.267,-68.283,131.0,3.0,Ml
212576,2023-10-23 16:11:28,2023-10-23 13:11:28,44 km al SO de Ollagüe,-21.574,-68.455,133.0,3.1,Ml
212591,2023-10-23 19:10:07,2023-10-23 16:10:07,41 km al E de Tocopilla,-21.991,-69.823,63.0,2.6,Ml
212601,2023-10-23 20:19:01,2023-10-23 17:19:01,48 km al SE de Calama,-22.874,-68.756,104.0,3.1,Ml
212603,2023-10-23 20:32:11,2023-10-23 17:32:11,28 km al NO de María Elena,-22.138,-69.82,68.0,3.1,Ml
212607,2023-10-23 22:06:52,2023-10-23 19:06:52,85 km al E de Socaire,-23.834,-67.096,230.0,3.7,Ml
212611,2023-10-23 22:44:30,2023-10-23 19:44:30,49 km al O de Arica,-18.341,-70.759,44.0,2.7,Ml
212616,2023-10-23 23:40:45,2023-10-23 20:40:45,43 km al O de Angol,-37.763,-73.199,36.0,2.7,Ml
212619,2023-10-24 01:56:50,2023-10-23 22:56:50,30 km al NO de Socaire,-23.389,-68.084,152.0,3.2,Ml
212626,2023-10-24 04:33:22,2023-10-24 01:33:22,26 km al N de Pica,-20.257,-69.367,104.0,3.9,Ml
212629,2023-10-24 04:43:38,2023-10-24 01:43:38,38 km al SO de Ollagüe,-21.54,-68.385,128.0,2.7,Ml
212636,2023-10-24 06:15:46,2023-10-24 03:15:46,38 km al S de Mina Collahuasi,-21.168,-68.712,103.0,2.7,Ml
212646,2023-10-24 10:01:29,2023-10-24 07:01:29,31 km al NO de Visviri,-17.393,-69.69,158.0,2.9,Ml
212652,2023-10-24 11:03:04,2023-10-24 08:03:04,135 km al O de Tocopilla,-21.908,-71.496,50.0,2.9,Ml
212654,2023-10-24 11:21:08,2023-10-24 08:21:08,87 km al NE de San Pedro de Atacama,-22.253,-67.765,200.0,3.7,Ml
212655,2023-10-24 11:47:21,2023-10-24 08:47:21,37 km al E de Calama,-22.366,-68.586,108.0,2.8,Ml
212661,2023-10-24 13:16:12,2023-10-24 10:16:12,43 km al SO de Ollagüe,-21.569,-68.452,134.0,3.5,Ml
212667,2023-10-24 14:56:45,2023-10-24 11:56:45,24 km al N de Ralco,-37.671,-71.605,119.0,3.4,Ml
212680,2023-10-24 17:39:54,2023-10-24 14:39:54,62 km al SE de Sierra Gorda.,-23.223,-68.819,105.0,2.8,Ml
212685,2023-10-24 17:41:34,2023-10-24 14:41:34,67 km al SO de Ollagüe,-21.78,-68.51,120.0,2.8,Ml
212688,2023-10-24 18:21:32,2023-10-24 15:21:32,60 km al SE de Socaire,-23.875,-67.389,230.0,4.2,Ml
212701,2023-10-24 22:32:16,2023-10-24 19:32:16,24 km al E de Punta de Choros,-29.288,-71.219,60.0,3.9,Ml
212712,2023-10-25 00:37:37,2023-10-24 21:37:37,48 km al S de Calama,-22.892,-68.824,88.0,3.1,Ml
212721,2023-10-25 03:21:23,2023-10-25 00:21:23,92 km al NE de Socaire,-23.136,-67.137,267.0,3.8,Ml
212723,2023-10-25 04:14:09,2023-10-25 01:14:09,68 km al NE de San Pedro de Atacama,-22.586,-67.641,207.0,3.6,Ml
212750,2023-10-25 11:13:19,2023-10-25 08:13:19,26 km al O de Taltal,-25.388,-70.741,57.0,3.1,Ml
212758,2023-10-25 13:29:27,2023-10-25 10:29:27,15 km al SO de Cuya,-19.279,-70.244,59.0,2.8,Ml
212762,2023-10-25 15:51:45,2023-10-25 12:51:45,48 km al SO de Mina Collahuasi,-21.113,-69.001,104.0,2.7,Ml
212765,2023-10-25 16:36:39,2023-10-25 13:36:39,43 km al E de Sierra Gorda.,-23.039,-68.925,113.0,2.8,Ml
212764,2023-10-25 17:03:12,2023-10-25 14:03:12,57 km al SO de Ollagüe,-21.685,-68.494,129.0,2.8,Ml
212796,2023-10-26 00:26:15,2023-10-25 21:26:15,48 km al NO de Toltén,-38.814,-73.469,34.0,3.2,Ml
212800,2023-10-26 02:05:10,2023-10-25 23:05:10,156 km al NO de Constitución,-34.509,-73.797,16.0,2.8,Ml
212810,2023-10-26 04:59:11,2023-10-26 01:59:11,99 km al O de Valparaíso,-32.844,-72.646,33.0,3.3,Ml
212815,2023-10-26 05:17:23,2023-10-26 02:17:23,50 km al S de Pica,-20.917,-69.185,112.0,2.9,Ml
212822,2023-10-26 06:10:09,2023-10-26 03:10:09,57 km al SO de Tocopilla,-22.454,-70.59,33.0,2.9,Ml
212830,2023-10-26 07:51:35,2023-10-26 04:51:35,32 km al O de Ollagüe,-21.278,-68.554,134.0,3.0,Ml
212834,2023-10-26 08:20:12,2023-10-26 05:20:12,37 km al NO de Los Vilos,-31.654,-71.756,35.0,2.7,Ml
212836,2023-10-26 08:43:55,2023-10-26 05:43:55,20 km al SE de Cuya,-19.33,-70.103,51.0,2.5,Ml
212838,2023-10-26 08:50:38,2023-10-26 05:50:38,23 km al E de Talca,-35.369,-71.427,86.0,3.2,Ml
212841,2023-10-26 09:06:57,2023-10-26 06:06:57,51 km al S de Pica,-20.932,-69.188,108.0,2.8,Ml
212843,2023-10-26 09:08:51,2023-10-26 06:08:51,50 km al E de Pica,-20.398,-68.865,115.0,2.7,Ml
212847,2023-10-26 09:58:05,2023-10-26 06:58:05,62 km al SE de Socaire,-23.967,-67.439,217.0,3.4,Ml
212855,2023-10-26 13:38:09,2023-10-26 10:38:09,114 km al S de Mina La Escondida,-25.29,-69.144,110.0,3.4,Ml
212856,2023-10-26 13:58:10,2023-10-26 10:58:10,40 km al NE de Pica,-20.176,-69.136,112.0,2.5,Ml
212858,2023-10-26 13:58:32,2023-10-26 10:58:32,41 km al N de Huasco,-28.099,-71.172,31.0,2.8,Ml
212863,2023-10-26 16:45:12,2023-10-26 13:45:12,56 km al S de Mina Collahuasi,-21.308,-68.817,121.0,4.1,Ml
212864,2023-10-26 17:13:50,2023-10-26 14:13:50,45 km al E de Taltal,-25.519,-70.052,77.0,3.5,Ml
212870,2023-10-26 17:41:31,2023-10-26 14:41:31,50 km al N de Tocopilla,-21.67,-70.353,16.0,3.0,Ml
212872,2023-10-26 17:48:07,2023-10-26 14:48:07,50 km al N de Tocopilla,-21.666,-70.349,15.0,2.5,Ml
212883,2023-10-26 19:28:44,2023-10-26 16:28:44,97 km al S de Alto Hospicio,-21.093,-70.418,52.0,2.8,Ml
212888,2023-10-26 20:41:26,2023-10-26 17:41:26,40 km al SO de Taltal,-25.572,-70.835,54.0,3.8,Ml
212893,2023-10-26 21:49:34,2023-10-26 18:49:34,18 km al NE de Alto del Carmen,-28.671,-70.334,92.0,5.5,Mww
212895,2023-10-26 22:26:10,2023-10-26 19:26:10,17 km al NE de Alto del Carmen,-28.692,-70.329,95.0,4.0,Ml
212897,2023-10-26 23:01:14,2023-10-26 20:01:14,78 km al N de Calama,-21.803,-68.699,131.0,4.3,Ml
212899,2023-10-27 00:29:23,2023-10-26 21:29:23,29 km al SE de Pica,-20.682,-69.14,103.0,3.0,Ml
212902,2023-10-27 02:33:35,2023-10-26 23:33:35,29 km al O de Mina Collahuasi,-20.738,-68.917,104.0,2.9,Ml
212907,2023-10-27 03:22:48,2023-10-27 00:22:48,146 km al O de Constitución,-34.828,-73.898,34.0,3.9,Ml
212911,2023-10-27 03:59:55,2023-10-27 00:59:55,35 km al NO de Tirúa,-38.157,-73.819,21.0,2.9,Ml
212916,2023-10-27 05:12:16,2023-10-27 02:12:16,48 km al SO de Ollagüe,-21.509,-68.596,131.0,3.0,Ml
212918,2023-10-27 05:20:26,2023-10-27 02:20:26,19 km al NE de Los Andes.,-32.713,-70.453,104.0,2.5,Ml
212920,2023-10-27 05:51:58,2023-10-27 02:51:58,48 km al O de La Ligua,-32.537,-71.737,34.0,2.9,Ml
212921,2023-10-27 06:13:23,2023-10-27 03:13:23,31 km al S de Mina Collahuasi,-21.098,-68.605,132.0,3.1,Ml
212926,2023-10-27 07:21:42,2023-10-27 04:21:42,47 km al E de Paposo,-25.127,-70.021,68.0,2.9,Ml
212927,2023-10-27 07:36:35,2023-10-27 04:36:35,91 km al S de Socaire,-24.403,-67.983,147.0,3.6,Ml
212933,2023-10-27 10:17:39,2023-10-27 07:17:39,51 km al O de Mina La Escondida,-24.264,-69.559,81.0,2.9,Ml
212939,2023-10-27 11:09:04,2023-10-27 08:09:04,31 km al NO de Valparaíso,-32.884,-71.884,24.0,2.5,Ml
212942,2023-10-27 11:45:49,2023-10-27 08:45:49,35 km al NE de Pica,-20.21,-69.175,95.0,3.4,Ml
212953,2023-10-27 13:13:49,2023-10-27 10:13:49,10 km al O de Pichidangui,-32.173,-71.622,65.0,3.5,Ml
212959,2023-10-27 15:17:40,2023-10-27 12:17:40,53 km al SO de Ollagüe,-21.636,-68.515,144.0,2.9,Ml
212981,2023-10-27 19:34:43,2023-10-27 16:34:43,40 km al SE de Sierra Gorda,-23.103,-68.999,92.0,3.1,Ml
212993,2023-10-27 22:52:45,2023-10-27 19:52:45,13 km al O de La Ligua,-32.486,-71.366,56.0,3.6,Ml
213001,2023-10-28 00:49:36,2023-10-27 21:49:36,17 km al NE de San José de Maipo,-33.527,-70.23,130.0,3.9,Ml
213004,2023-10-28 01:20:21,2023-10-27 22:20:21,109 km al S de Socaire,-24.565,-67.944,137.0,4.1,Ml
213012,2023-10-28 02:23:09,2023-10-27 23:23:09,21 km al N de Tongoy,-30.068,-71.453,40.0,2.7,Ml
213024,2023-10-28 05:56:27,2023-10-28 02:56:27,58 km al O de Cobquecura,-35.901,-73.376,33.0,3.1,Ml
213030,2023-10-28 07:36:24,2023-10-28 04:36:24,42 km al NE de Calama,-22.183,-68.662,110.0,3.2,Ml
213040,2023-10-28 09:59:23,2023-10-28 06:59:23,59 km al NE de Pica,-20.071,-68.979,111.0,4.4,Ml
213042,2023-10-28 10:17:11,2023-10-28 07:17:11,48 km al SO de Lebu,-37.815,-74.138,33.0,2.9,Ml
213048,2023-10-28 13:02:31,2023-10-28 10:02:31,33 km al SO de Ollagüe,-21.497,-68.387,123.0,2.7,Ml
213050,2023-10-28 13:41:26,2023-10-28 10:41:26,11 km al S de Cuya,-19.254,-70.208,51.0,3.0,Ml
213053,2023-10-28 14:11:47,2023-10-28 11:11:47,57 km al SO de Arica,-18.872,-70.671,28.0,2.8,Ml
213057,2023-10-28 16:16:02,2023-10-28 13:16:02,30 km al SE de Ollagüe,-21.355,-68.005,172.0,3.8,Ml
213068,2023-10-28 18:46:56,2023-10-28 15:46:56,56 km al NE de Mejillones,-22.832,-69.987,30.0,2.9,Ml
213071,2023-10-28 19:17:37,2023-10-28 16:17:37,41 km al NE de Tocopilla,-21.897,-69.862,64.0,4.5,Mw
213074,2023-10-28 20:14:55,2023-10-28 17:14:55,39 km al S de Mina Collahuasi,-21.171,-68.718,115.0,3.8,Ml
213076,2023-10-28 20:19:23,2023-10-28 17:19:23,24 km al NO de San Pedro de Atacama,-22.818,-68.41,113.0,3.7,Ml
213085,2023-10-28 22:18:55,2023-10-28 19:18:55,63 km al O de Quillagua,-21.449,-70.095,39.0,2.6,Ml
213087,2023-10-28 22:44:36,2023-10-28 19:44:36,46 km al O de Ollagüe,-21.244,-68.7,124.0,2.9,Ml
213091,2023-10-28 23:34:54,2023-10-28 20:34:54,77 km al NE de Socaire,-23.124,-67.332,257.0,3.1,Ml
213097,2023-10-29 01:19:17,2023-10-28 22:19:17,53 km al SO de Ollagüe,-21.666,-68.449,136.0,3.3,Ml
213103,2023-10-29 02:35:33,2023-10-28 23:35:33,20 km al O de La Serena,-29.958,-71.447,73.0,2.8,Ml
213116,2023-10-29 06:31:54,2023-10-29 03:31:54,73 km al SO de Alto Hospicio,-20.87,-70.373,56.0,2.8,Ml
213118,2023-10-29 06:39:38,2023-10-29 03:39:38,48 km al SO de Ollagüe,-21.542,-68.573,134.0,2.8,Ml
213126,2023-10-29 08:34:12,2023-10-29 05:34:12,12 km al S de La Serena,-30.012,-71.27,72.0,4.3,Ml
213129,2023-10-29 08:56:49,2023-10-29 05:56:49,68 km al NE de Pica,-19.995,-68.953,103.0,3.5,Ml
213130,2023-10-29 09:32:25,2023-10-29 06:32:25,87 km al SE de Socaire,-24.124,-67.269,183.0,3.4,Ml
213131,2023-10-29 09:44:38,2023-10-29 06:44:38,31 km al NE de Calama,-22.227,-68.781,123.0,2.6,Ml
213132,2023-10-29 10:06:49,2023-10-29 07:06:49,19 km al NO de Camiña,-19.156,-69.508,94.0,3.2,Ml
213134,2023-10-29 10:48:06,2023-10-29 07:48:06,36 km al SO de La Ligua,-32.642,-71.536,39.0,2.9,Ml
213136,2023-10-29 11:12:44,2023-10-29 08:12:44,8 km al NO de Camiña,-19.255,-69.469,102.0,3.3,Ml
213143,2023-10-29 15:16:21,2023-10-29 12:16:21,86 km al E de Socaire,-23.426,-67.065,228.0,3.3,Ml
213145,2023-10-29 15:36:12,2023-10-29 12:36:12,48 km al SO de Mina Collahuasi,-21.175,-68.929,111.0,3.8,Ml
213147,2023-10-29 15:49:31,2023-10-29 12:49:31,32 km al O de Lonquimay,-38.575,-71.702,6.0,2.7,Ml
213158,2023-10-29 17:47:41,2023-10-29 14:47:41,54 km al NO de Lebu,-37.247,-74.07,22.0,3.2,Ml
213167,2023-10-29 20:29:48,2023-10-29 17:29:48,41 km al SE de Pica,-20.748,-69.046,120.0,2.9,Ml
213172,2023-10-29 21:17:56,2023-10-29 18:17:56,64 km al N de Camiña,-18.743,-69.317,112.0,2.8,Ml
213176,2023-10-29 21:33:55,2023-10-29 18:33:55,18 km al N de Tongoy,-30.093,-71.508,43.0,2.9,Ml
213177,2023-10-29 22:05:59,2023-10-29 19:05:59,39 km al SO de Ollagüe,-21.488,-68.505,139.0,2.7,Ml
213178,2023-10-29 22:16:05,2023-10-29 19:16:05,24 km al NO de Tongoy,-30.06,-71.589,47.0,2.9,Ml
213180,2023-10-29 22:32:23,2023-10-29 19:32:23,120 km al SE de Mina La Escondida.,-25.126,-68.336,131.0,2.6,Ml
213185,2023-10-29 23:54:12,2023-10-29 20:54:12,4 km al O de Tongoy,-30.256,-71.533,48.0,2.7,Ml
213193,2023-10-30 02:59:09,2023-10-29 23:59:09,67 km al S de Socaire,-24.182,-67.769,254.0,3.1,Ml
213199,2023-10-30 06:26:11,2023-10-30 03:26:11,50 km al S de Socaire,-24.037,-67.813,220.0,2.7,Ml
213201,2023-10-30 06:49:03,2023-10-30 03:49:03,24 km al S de Cuya,-19.368,-70.104,28.0,2.5,Ml
213203,2023-10-30 07:19:26,2023-10-30 04:19:26,47 km al NE de Calama,-22.107,-68.687,112.0,3.0,Ml
213205,2023-10-30 08:49:46,2023-10-30 05:49:46,33 km al E de Los Andes.,-32.82,-70.247,124.0,4.4,Mw
213208,2023-10-30 10:05:07,2023-10-30 07:05:07,39 km al SO de Mina Collahuasi,-21.094,-68.894,105.0,2.9,Ml
213212,2023-10-30 11:00:35,2023-10-30 08:00:35,21 km al SO de Calama,-22.579,-69.101,85.0,3.4,Ml
213220,2023-10-30 14:19:01,2023-10-30 11:19:01,80 km al SE de Antofagasta,-24.226,-69.951,61.0,2.5,Ml
213226,2023-10-30 16:18:57,2023-10-30 13:18:57,25 km al SE de Concepción,-36.979,-72.849,60.0,2.5,Ml
213227,2023-10-30 16:53:33,2023-10-30 13:53:33,37 km al O de La Ligua,-32.566,-71.599,32.0,2.9,Ml
213246,2023-10-30 20:56:17,2023-10-30 17:56:17,46 km al SE de Socaire,-23.958,-67.68,286.0,3.2,Ml
213248,2023-10-30 21:01:51,2023-10-30 18:01:51,128 km al O de Puerto Natales,-51.289,-74.21,14.0,4.0,Ml
213251,2023-10-30 21:13:14,2023-10-30 18:13:14,54 km al N de Calama,-21.994,-68.81,123.0,2.6,Ml
213252,2023-10-30 21:14:32,2023-10-30 18:14:32,43 km al NE de Quillagua,-21.354,-69.279,94.0,2.5,Ml
213255,2023-10-30 22:45:07,2023-10-30 19:45:07,61 km al SE de Socaire,-24.002,-67.501,273.0,3.2,Ml
213256,2023-10-30 23:29:30,2023-10-30 20:29:30,18 km al NE de San José de Maipo,-33.535,-70.203,125.0,2.9,Ml
213260,2023-10-31 00:01:22,2023-10-30 21:01:22,32 km al S de Mina Collahuasi,-21.112,-68.698,123.0,2.9,Ml
213267,2023-10-31 00:30:28,2023-10-30 21:30:28,104 km al SE de Tierra Amarilla,-28.196,-69.587,111.0,3.2,Ml
213269,2023-10-31 00:50:08,2023-10-30 21:50:08,31 km al O de Bahía Mansa,-40.588,-74.095,40.0,3.6,Ml
213274,2023-10-31 04:10:06,2023-10-31 01:10:06,79 km al O de Valparaíso,-32.861,-72.43,36.0,2.9,Ml
213277,2023-10-31 04:25:16,2023-10-31 01:25:16,64 km al S de Socaire,-24.155,-67.785,260.0,3.2,Ml
213279,2023-10-31 05:42:16,2023-10-31 02:42:16,44 km al SE de Curicó,-35.274,-70.913,100.0,2.8,Ml
213290,2023-10-31 11:40:10,2023-10-31 08:40:10,33 km al S de Mina Collahuasi,-21.117,-68.615,125.0,2.6,Ml
213294,2023-10-31 12:33:43,2023-10-31 09:33:43,45 km al SO de Huasco,-28.781,-71.506,42.0,6.6,Mww
213297,2023-10-31 13:11:53,2023-10-31 10:11:53,76 km al SE de Socaire,-23.88,-67.212,242.0,3.4,Ml
213312,2023-10-31 14:57:04,2023-10-31 11:57:04,39 km al N de La Higuera,-29.178,-71.332,53.0,2.5,Ml
213319,2023-10-31 17:09:20,2023-10-31 14:09:20,45 km al SO de Huasco,-28.785,-71.502,48.0,2.6,Ml
213323,2023-10-31 18:06:59,2023-10-31 15:06:59,42 km al SO de Huasco,-28.737,-71.518,48.0,3.0,Ml
213335,2023-10-31 20:29:24,2023-10-31 17:29:24,41 km al SO de Huasco,-28.791,-71.418,49.0,2.5,Ml
213334,2023-10-31 20:29:43,2023-10-31 17:29:43,109 km al SE de Socaire,-24.018,-66.928,210.0,4.0,Ml
213338,2023-10-31 20:46:00,2023-10-31 17:46:00,42 km al SO de Huasco,-28.71,-71.544,48.0,2.9,Ml
213340,2023-10-31 21:45:40,2023-10-31 18:45:40,153 km al O de Valdivia,-39.441,-74.963,24.0,3.2,Ml
213343,2023-10-31 22:14:16,2023-10-31 19:14:16,39 km al NE de Calama,-22.216,-68.674,120.0,2.8,Ml
213346,2023-10-31 23:33:44,2023-10-31 20:33:44,109 km al O de Antofagasta,-23.711,-71.478,28.0,2.5,Ml
213350,2023-11-01 00:54:37,2023-10-31 21:54:37,146 km al O de Cobquecura,-35.906,-74.392,20.0,2.5,Ml
213351,2023-11-01 00:55:45,2023-10-31 21:55:45,78 km al E de Socaire,-23.866,-67.189,247.0,3.6,Ml
213354,2023-11-01 01:56:40,2023-10-31 22:56:40,26 km al O de Canela Baja,-31.381,-71.727,32.0,3.0,Ml
213356,2023-11-01 02:16:56,2023-10-31 23:16:56,40 km al O de Castro,-42.629,-74.214,31.0,3.0,Ml
213362,2023-11-01 03:52:59,2023-11-01 00:52:59,59 km al SO de Huasco,-28.937,-71.506,52.0,3.2,Ml
213364,2023-11-01 04:05:56,2023-11-01 01:05:56,45 km al S de Ollagüe,-21.608,-68.405,126.0,2.9,Ml
213371,2023-11-01 08:18:25,2023-11-01 05:18:25,47 km al SO de Huasco,-28.758,-71.575,51.0,3.6,Ml
213381,2023-11-01 13:22:17,2023-11-01 10:22:17,39 km al NE de Pica,-20.336,-68.995,102.0,2.9,Ml
213388,2023-11-01 15:23:02,2023-11-01 12:23:02,48 km al SO de Mina Collahuasi,-21.192,-68.911,111.0,2.6,Ml
213391,2023-11-01 16:08:37,2023-11-01 13:08:37,39 km al N de Valparaíso,-32.703,-71.689,35.0,2.6,Ml
213401,2023-11-01 18:35:37,2023-11-01 15:35:37,94 km al O de San Antonio de los Cobres,-24.246,-67.244,204.0,3.7,Ml
213402,2023-11-01 18:39:05,2023-11-01 15:39:05,90 km al NE de Paihuano,-29.408,-69.921,121.0,2.8,Ml
213404,2023-11-01 19:00:25,2023-11-01 16:00:25,22 km al N de Farellones,-33.154,-70.272,15.0,2.6,Ml
213409,2023-11-01 19:36:07,2023-11-01 16:36:07,11 km al N de Calama,-22.371,-68.927,113.0,3.1,Ml
213421,2023-11-01 22:30:05,2023-11-01 19:30:05,15 km al SO de Los Vilos,-32.01,-71.622,33.0,3.1,Ml
213431,2023-11-02 00:55:11,2023-11-01 21:55:11,15 km al N de Carrizal Bajo,-27.948,-71.18,27.0,4.1,Ml
213435,2023-11-02 01:06:02,2023-11-01 22:06:02,12 km al SO de Camiña,-19.413,-69.48,112.0,2.7,Ml
213442,2023-11-02 03:14:21,2023-11-02 00:14:21,18 km al O de Canela Baja,-31.459,-71.63,35.0,2.9,Ml
213453,2023-11-02 04:36:41,2023-11-02 01:36:41,27 km al S de Huasco,-28.696,-71.303,45.0,2.7,Ml
213461,2023-11-02 05:11:21,2023-11-02 02:11:21,42 km al E de Calama,-22.519,-68.528,118.0,2.9,Ml
213456,2023-11-02 05:14:59,2023-11-02 02:14:59,44 km al SE de Pica,-20.835,-69.127,103.0,2.7,Ml
213459,2023-11-02 05:27:16,2023-11-02 02:27:16,52 km al O de Paposo,-24.943,-70.981,48.0,4.0,Ml
213465,2023-11-02 06:29:08,2023-11-02 03:29:08,40 km al SO de La Ligua,-32.621,-71.608,61.0,3.8,Ml
213467,2023-11-02 06:30:42,2023-11-02 03:30:42,61 km al NE de Calama,-22.005,-68.61,124.0,3.6,Ml
213479,2023-11-02 08:19:59,2023-11-02 05:19:59,32 km al O de Punitaqui,-30.788,-71.588,26.0,3.8,Ml
213488,2023-11-02 11:32:26,2023-11-02 08:32:26,45 km al SO de Mina Collahuasi,-21.054,-69.018,111.0,2.9,Ml
213500,2023-11-02 13:36:09,2023-11-02 10:36:09,33 km al S de Los Vilos,-32.198,-71.609,28.0,2.7,Ml
213507,2023-11-02 14:22:06,2023-11-02 11:22:06,269 km al O de Puerto Aysén,-45.749,-76.116,16.0,4.7,Mw
213510,2023-11-02 14:22:59,2023-11-02 11:22:59,28 km al SO de Mina Collahuasi,-20.968,-68.875,107.0,3.0,Ml
213518,2023-11-02 17:15:56,2023-11-02 14:15:56,22 km al O de San Pedro de Atacama,-22.873,-68.412,120.0,3.3,Ml
213522,2023-11-02 18:00:22,2023-11-02 15:00:22,34 km al E de Pica,-20.373,-69.027,96.0,2.6,Ml
213527,2023-11-02 18:53:03,2023-11-02 15:53:03,18 km al N de Carrizal Bajo,-27.921,-71.173,22.0,3.8,Ml
213531,2023-11-02 19:11:46,2023-11-02 16:11:46,35 km al NE de Calama,-22.303,-68.642,112.0,3.6,Ml
213537,2023-11-02 20:26:58,2023-11-02 17:26:58,17 km al O de Andacollo,-30.279,-71.257,43.0,3.6,Ml
213541,2023-11-02 20:46:20,2023-11-02 17:46:20,75 km al O de San Antonio de los Cobres,-24.285,-67.052,198.0,3.8,Ml
213543,2023-11-02 21:04:16,2023-11-02 18:04:16,21 km al NO de Caleta El Cobre,-24.099,-70.654,74.0,2.9,Ml
213548,2023-11-02 22:21:22,2023-11-02 19:21:22,90 km al O de Arica,-18.567,-71.172,22.0,3.1,Ml
213550,2023-11-02 22:24:12,2023-11-02 19:24:12,75 km al O de Arica,-18.586,-71.025,41.0,2.6,Ml
213551,2023-11-02 22:29:03,2023-11-02 19:29:03,76 km al NE de San Pedro de Atacama,-22.36,-67.781,179.0,3.7,Ml
213554,2023-11-02 22:39:27,2023-11-02 19:39:27,18 km al SE de San Pedro de Atacama,-23.045,-68.092,185.0,3.5,Ml
213557,2023-11-02 23:22:52,2023-11-02 20:22:52,15 km al O de Santiago,-33.403,-70.807,79.0,2.8,Ml
213563,2023-11-02 23:43:02,2023-11-02 20:43:02,148 km al O de Puerto Aysén,-45.621,-74.579,36.0,4.0,Ml
213566,2023-11-03 00:25:11,2023-11-02 21:25:11,28 km al N de Los Vilos,-31.659,-71.53,33.0,2.9,Ml
213570,2023-11-03 01:10:12,2023-11-02 22:10:12,33 km al O de Mina Collahuasi,-20.9,-68.963,101.0,3.6,Ml
213581,2023-11-03 03:47:30,2023-11-03 00:47:30,34 km al O de La Serena,-29.819,-71.591,40.0,2.9,Ml
213587,2023-11-03 05:29:11,2023-11-03 02:29:11,135 km al O de Cobquecura,-35.589,-74.129,28.0,3.0,Ml
213597,2023-11-03 07:30:22,2023-11-03 04:30:22,45 km al O de Fresia,-41.249,-73.95,48.0,2.9,Ml
213599,2023-11-03 07:37:41,2023-11-03 04:37:41,39 km al NO de Tongoy,-30.082,-71.842,58.0,4.6,Mw
213602,2023-11-03 07:59:34,2023-11-03 04:59:34,25 km al SO de Huasco,-28.656,-71.35,50.0,3.1,Ml
213608,2023-11-03 09:44:53,2023-11-03 06:44:53,71 km al NE de Calama,-21.875,-68.676,114.0,3.3,Ml
213618,2023-11-03 12:39:58,2023-11-03 09:39:58,61 km al N de Pica,-19.962,-69.174,97.0,2.6,Ml
213622,2023-11-03 13:10:53,2023-11-03 10:10:53,18 km al SE de Calama,-22.618,-68.867,99.0,2.5,Ml
213651,2023-11-03 21:00:24,2023-11-03 18:00:24,45 km al E de Los Andes.,-32.657,-70.165,117.0,2.9,Ml
213662,2023-11-03 22:41:36,2023-11-03 19:41:36,99 km al SE de Socaire,-24.302,-67.308,182.0,3.9,Ml
213678,2023-11-04 02:29:14,2023-11-03 23:29:14,56 km al N de Calama,-21.979,-68.796,127.0,3.2,Ml
213708,2023-11-04 11:34:18,2023-11-04 08:34:18,41 km al SO de Mina Collahuasi,-21.154,-68.843,113.0,3.0,Ml
213710,2023-11-04 12:25:17,2023-11-04 09:25:17,44 km al S de Pica,-20.875,-69.232,107.0,2.8,Ml
213712,2023-11-04 12:43:31,2023-11-04 09:43:31,27 km al S de Punitaqui,-31.063,-71.325,64.0,2.8,Ml
213714,2023-11-04 13:02:52,2023-11-04 10:02:52,52 km al N de Pica,-20.048,-69.165,92.0,3.1,Ml
213715,2023-11-04 15:18:45,2023-11-04 12:18:45,75 km al S de Socaire,-24.265,-67.829,235.0,3.5,Ml
213720,2023-11-04 16:37:22,2023-11-04 13:37:22,65 km al NE de Calama,-21.942,-68.667,112.0,3.1,Ml
213725,2023-11-04 17:08:41,2023-11-04 14:08:41,67 km al SO de Ollagüe,-21.763,-68.55,114.0,2.7,Ml
213751,2023-11-04 20:52:01,2023-11-04 17:52:01,18 km al O de Camiña,-19.375,-69.589,84.0,3.0,Ml
213757,2023-11-04 21:12:06,2023-11-04 18:12:06,150 km al O de Tirúa,-38.673,-75.163,33.0,3.2,Ml
213762,2023-11-04 21:28:24,2023-11-04 18:28:24,74 km al SO de Ollagüe,-21.832,-68.538,116.0,2.6,Ml
213763,2023-11-04 21:38:03,2023-11-04 18:38:03,42 km al O de Ollagüe,-21.252,-68.653,108.0,2.5,Ml
213765,2023-11-04 21:41:20,2023-11-04 18:41:20,10 km al S de San Antonio,-33.675,-71.612,40.0,2.6,Ml
213776,2023-11-05 00:14:17,2023-11-04 21:14:17,8 km al NE de Lebu,-37.557,-73.598,15.0,3.0,Ml
213777,2023-11-05 00:33:53,2023-11-04 21:33:53,34 km al NO de Quillagua,-21.524,-69.832,51.0,2.6,Ml
213785,2023-11-05 03:26:27,2023-11-05 00:26:27,28 km al N de Calama,-22.218,-68.943,110.0,3.0,Ml
213801,2023-11-05 08:45:25,2023-11-05 05:45:25,25 km al NE de Carrizal Bajo,-27.914,-70.976,43.0,2.8,Ml
213811,2023-11-05 11:08:19,2023-11-05 08:08:19,56 km al N de El Salvador,-25.743,-69.607,34.0,3.7,Ml
213815,2023-11-05 12:25:53,2023-11-05 09:25:53,45 km al O de La Ligua,-32.568,-71.686,38.0,3.4,Ml
213819,2023-11-05 13:04:31,2023-11-05 10:04:31,48 km al SO de Ollagüe,-21.567,-68.543,111.0,2.9,Ml
213822,2023-11-05 13:19:46,2023-11-05 10:19:46,86 km al O de San Antonio de los Cobres,-23.979,-67.12,173.0,3.4,Ml
213826,2023-11-05 13:23:31,2023-11-05 10:23:31,40 km al SO de Ollagüe,-21.546,-68.417,129.0,3.5,Ml
213830,2023-11-05 13:48:52,2023-11-05 10:48:52,107 km al SE de Socaire,-24.346,-67.234,198.0,4.4,Mw
213832,2023-11-05 13:56:03,2023-11-05 10:56:03,40 km al O de Mina Collahuasi,-20.878,-69.036,110.0,2.7,Ml
213834,2023-11-05 14:25:34,2023-11-05 11:25:34,45 km al NE de Pica,-20.252,-68.978,119.0,3.6,Ml
213838,2023-11-05 15:48:11,2023-11-05 12:48:11,3 km al E de Iquique,-20.218,-70.128,51.0,3.2,Ml
213844,2023-11-05 16:49:55,2023-11-05 13:49:55,39 km al SO de Mina Collahuasi,-21.153,-68.796,109.0,2.6,Ml
213848,2023-11-05 17:11:23,2023-11-05 14:11:23,18 km al E de Talca,-35.476,-71.475,90.0,3.3,Ml
213855,2023-11-05 18:22:18,2023-11-05 15:22:18,44 km al SE de Sierra Gorda,-23.144,-68.996,105.0,3.0,Ml
213871,2023-11-05 21:39:21,2023-11-05 18:39:21,13 km al E de Pica,-20.492,-69.204,89.0,2.6,Ml
213874,2023-11-05 22:10:58,2023-11-05 19:10:58,19 km al E de Curicó,-34.952,-71.032,92.0,2.5,Ml
213878,2023-11-05 23:03:18,2023-11-05 20:03:18,25 km al NE de Río Puelo,-41.487,-72.113,137.0,3.1,Ml
213887,2023-11-06 00:45:45,2023-11-05 21:45:45,52 km al SO de Ollagüe,-21.644,-68.481,142.0,2.9,Ml
213891,2023-11-06 01:16:49,2023-11-05 22:16:49,51 km al O de Mina La Escondida.,-24.323,-69.561,77.0,3.9,Ml
213913,2023-11-06 06:54:01,2023-11-06 03:54:01,54 km al NE de Pica,-20.066,-69.078,108.0,2.6,Ml
213916,2023-11-06 07:35:51,2023-11-06 04:35:51,43 km al SO de Huasco,-28.743,-71.532,45.0,2.9,Ml
213920,2023-11-06 07:45:05,2023-11-06 04:45:05,44 km al SO de Huasco,-28.761,-71.526,42.0,2.8,Ml
213925,2023-11-06 08:14:17,2023-11-06 05:14:17,8 km al E de Farellones,-33.376,-70.231,127.0,2.7,Ml
213935,2023-11-06 09:48:40,2023-11-06 06:48:40,46 km al NE de Calama,-22.255,-68.551,116.0,2.9,Ml
213939,2023-11-06 10:14:51,2023-11-06 07:14:51,56 km al O de San Pedro de Atacama,-23.105,-68.714,89.0,2.6,Ml
213945,2023-11-06 12:55:26,2023-11-06 09:55:26,67 km al N de Calama,-21.866,-68.904,122.0,2.5,Ml
213948,2023-11-06 13:13:26,2023-11-06 10:13:26,11 km al SE de Calama,-22.552,-68.874,109.0,2.8,Ml
213956,2023-11-06 13:43:36,2023-11-06 10:43:36,38 km al NE de Mejillones,-22.9,-70.143,30.0,3.3,Ml
213957,2023-11-06 13:51:10,2023-11-06 10:51:10,30 km al O de Valparaíso,-33.063,-71.94,46.0,5.1,Mw
213966,2023-11-06 15:15:23,2023-11-06 12:15:23,28 km al O de Valparaíso,-33.064,-71.911,40.0,2.8,Ml
213967,2023-11-06 15:54:06,2023-11-06 12:54:06,19 km al S de Putre,-18.366,-69.556,134.0,3.1,Ml
213969,2023-11-06 16:05:25,2023-11-06 13:05:25,34 km al SE de Rancagua,-34.344,-70.43,120.0,2.5,Ml
213970,2023-11-06 16:05:33,2023-11-06 13:05:33,67 km al N de Quillagua,-21.054,-69.568,55.0,3.2,Ml
213978,2023-11-06 16:35:04,2023-11-06 13:35:04,32 km al NE de Carrizal Bajo,-27.821,-71.007,29.0,2.9,Ml
213984,2023-11-06 17:12:43,2023-11-06 14:12:43,100 km al NE de San Pedro de Atacama,-22.137,-67.727,220.0,2.7,Ml
213993,2023-11-06 18:19:58,2023-11-06 15:19:58,75 km al NE de Calama,-21.861,-68.628,112.0,2.8,Ml
213998,2023-11-06 20:17:54,2023-11-06 17:17:54,95 km al SO de Punta Arenas,-53.929,-71.546,35.0,2.5,Ml
214006,2023-11-06 21:27:56,2023-11-06 18:27:56,9 km al E de Pica,-20.493,-69.243,108.0,2.6,Ml
214009,2023-11-06 21:39:26,2023-11-06 18:39:26,46 km al O de Tirúa,-38.151,-73.96,6.0,2.7,Ml
214013,2023-11-06 22:17:20,2023-11-06 19:17:20,99 km al SE de Socaire,-24.148,-67.129,179.0,3.3,Ml
214016,2023-11-06 22:52:29,2023-11-06 19:52:29,16 km al NE de Parque Fray Jorge,-30.528,-71.621,46.0,2.9,Ml
214020,2023-11-06 23:12:04,2023-11-06 20:12:04,38 km al S de Pica,-20.81,-69.213,98.0,3.0,Ml
214031,2023-11-07 01:00:28,2023-11-06 22:00:28,110 km al S de Puerto Edén,-50.117,-74.37,11.0,4.0,Ml
214033,2023-11-07 01:18:10,2023-11-06 22:18:10,57 km al SO de Ollagüe,-21.693,-68.482,132.0,2.6,Ml
214035,2023-11-07 01:21:18,2023-11-06 22:21:18,20 km al O de Andacollo,-30.196,-71.286,60.0,2.7,Ml
214039,2023-11-07 01:43:26,2023-11-06 22:43:26,43 km al N de Calama,-22.1,-68.811,111.0,2.6,Ml
214047,2023-11-07 02:35:45,2023-11-06 23:35:45,18 km al E de Entre Lagos,-40.706,-72.386,120.0,2.5,Ml
214042,2023-11-07 02:38:26,2023-11-06 23:38:26,20 km al NE de Cabrero,-36.882,-72.29,62.0,2.6,Ml
214043,2023-11-07 02:42:05,2023-11-06 23:42:05,13 km al SO de Visviri,-17.703,-69.537,154.0,2.7,Ml
214045,2023-11-07 02:53:28,2023-11-06 23:53:28,30 km al SO de Huasco,-28.661,-71.438,52.0,2.6,Ml
214055,2023-11-07 04:22:28,2023-11-07 01:22:28,56 km al NO de Tongoy,-30.01,-72.008,44.0,2.5,Ml
214057,2023-11-07 04:29:24,2023-11-07 01:29:24,41 km al S de Mina Collahuasi,-21.179,-68.778,115.0,2.5,Ml
214058,2023-11-07 04:36:44,2023-11-07 01:36:44,46 km al SO de Mina Collahuasi,-21.19,-68.877,116.0,2.5,Ml
214060,2023-11-07 04:51:27,2023-11-07 01:51:27,54 km al O de Los Vilos,-31.705,-72.024,30.0,2.8,Ml
214064,2023-11-07 05:52:35,2023-11-07 02:52:35,36 km al SE de San Pedro de Atacama,-23.069,-67.884,166.0,4.0,Ml
214067,2023-11-07 06:13:40,2023-11-07 03:13:40,66 km al S de Ollagüe,-21.779,-68.473,132.0,3.2,Ml
214068,2023-11-07 06:25:01,2023-11-07 03:25:01,51 km al O de Tocopilla,-22.279,-70.654,32.0,3.6,Ml
214070,2023-11-07 06:32:22,2023-11-07 03:32:22,63 km al NE de Calama,-21.983,-68.613,130.0,3.1,Ml
214078,2023-11-07 07:51:38,2023-11-07 04:51:38,23 km al NE de Pica,-20.376,-69.141,118.0,2.6,Ml
214080,2023-11-07 07:56:26,2023-11-07 04:56:26,48 km al S de Copiapó,-27.8,-70.346,96.0,3.1,Ml
214087,2023-11-07 09:04:41,2023-11-07 06:04:41,46 km al SO de Mina Collahuasi,-21.105,-68.983,121.0,4.5,Mw
214089,2023-11-07 09:20:00,2023-11-07 06:20:00,55 km al S de Mina La Escondida,-24.734,-69.248,101.0,3.4,Ml
214090,2023-11-07 10:41:20,2023-11-07 07:41:20,27 km al O de Ollagüe,-21.177,-68.512,131.0,2.7,Ml
215087,2023-11-07 11:06:51,2023-11-07 08:06:51,43 km al S de Ollagüe,-21.61,-68.32,146.0,2.8,Ml
214097,2023-11-07 11:51:17,2023-11-07 08:51:17,40 km al O de Punitaqui,-30.691,-71.644,33.0,3.7,Ml
214102,2023-11-07 13:10:23,2023-11-07 10:10:23,26 km al O de San José de Maipo,-33.726,-70.617,99.0,3.2,Ml
214105,2023-11-07 13:44:14,2023-11-07 10:44:14,20 km al O de La Ligua,-32.42,-71.442,44.0,2.6,Ml
214107,2023-11-07 13:49:53,2023-11-07 10:49:53,21 km al SE de La Ligua,-32.557,-71.048,80.0,3.9,Ml
214116,2023-11-07 16:50:16,2023-11-07 13:50:16,30 km al E de Alto del Carmen,-28.861,-70.205,105.0,2.9,Ml
214123,2023-11-07 17:33:30,2023-11-07 14:33:30,67 km al SE de Socaire,-23.891,-67.325,216.0,3.6,Ml
214135,2023-11-07 18:25:31,2023-11-07 15:25:31,35 km al SE de Pica,-20.757,-69.144,103.0,3.9,Ml
214152,2023-11-07 21:28:04,2023-11-07 18:28:04,43 km al SO de Camiña,-19.56,-69.742,72.0,2.5,Ml
214153,2023-11-07 22:21:48,2023-11-07 19:21:48,24 km al N de Calama,-22.256,-68.903,127.0,2.6,Ml
214159,2023-11-08 00:24:29,2023-11-07 21:24:29,30 km al O de Mina Collahuasi,-20.752,-68.938,103.0,2.8,Ml
214163,2023-11-08 00:49:41,2023-11-07 21:49:41,10 km al O de La Ligua,-32.465,-71.335,18.0,2.7,Ml
214166,2023-11-08 01:12:35,2023-11-07 22:12:35,48 km al O de Concepción,-36.717,-73.57,19.0,3.3,Ml
214171,2023-11-08 01:29:10,2023-11-07 22:29:10,49 km al O de Concepción,-36.692,-73.57,26.0,3.0,Ml
214174,2023-11-08 02:05:14,2023-11-07 23:05:14,40 km al SO de Ollagüe,-21.527,-68.456,127.0,3.2,Ml
214177,2023-11-08 02:29:25,2023-11-07 23:29:25,95 km al O de Cuya,-19.309,-71.069,27.0,2.9,Ml
214183,2023-11-08 04:55:14,2023-11-08 01:55:14,32 km al O de Mina Collahuasi,-20.742,-68.95,103.0,3.2,Ml
214190,2023-11-08 05:21:58,2023-11-08 02:21:58,39 km al NE de Calama,-22.167,-68.748,111.0,3.7,Ml
214192,2023-11-08 05:44:51,2023-11-08 02:44:51,64 km al NO de Quillagua,-21.168,-69.849,79.0,2.5,Ml
214195,2023-11-08 07:23:19,2023-11-08 04:23:19,59 km al NO de Lota,-36.83,-73.735,24.0,2.8,Ml
214196,2023-11-08 07:33:29,2023-11-08 04:33:29,58 km al NO de Arauco,-36.861,-73.757,20.0,2.8,Ml
214201,2023-11-08 08:10:44,2023-11-08 05:10:44,31 km al SO de La Ligua,-32.598,-71.517,58.0,3.2,Ml
214207,2023-11-08 09:41:41,2023-11-08 06:41:41,36 km al NO de Calama,-22.289,-69.215,106.0,2.6,Ml
214208,2023-11-08 09:47:12,2023-11-08 06:47:12,53 km al S de Camiña,-19.787,-69.366,87.0,3.5,Ml
214211,2023-11-08 10:59:44,2023-11-08 07:59:44,50 km al N de Calama,-22.042,-68.794,113.0,4.1,Ml
214218,2023-11-08 12:20:34,2023-11-08 09:20:34,66 km al O de San Antonio de los Cobres,-24.205,-66.973,188.0,3.4,Ml
214219,2023-11-08 12:48:36,2023-11-08 09:48:36,28 km al SO de Ollagüe,-21.451,-68.374,127.0,2.6,Ml
214224,2023-11-08 13:47:57,2023-11-08 10:47:57,29 km al NE de Tocopilla,-21.865,-70.061,64.0,2.7,Ml
214226,2023-11-08 13:52:22,2023-11-08 10:52:22,76 km al SE de Socaire,-24.149,-67.455,236.0,2.9,Ml
214229,2023-11-08 15:11:29,2023-11-08 12:11:29,31 km al O de Canela Baja,-31.394,-71.784,35.0,2.6,Ml
214230,2023-11-08 15:49:45,2023-11-08 12:49:45,36 km al S de Mina Collahuasi,-21.15,-68.673,120.0,3.4,Ml
214244,2023-11-08 18:15:05,2023-11-08 15:15:05,44 km al NO de Valparaíso,-32.788,-71.973,24.0,3.7,Ml
214249,2023-11-08 18:52:30,2023-11-08 15:52:30,26 km al SO de Ollagüe,-21.441,-68.347,123.0,2.9,Ml
214260,2023-11-08 23:45:52,2023-11-08 20:45:52,12 km al S de San Pedro de Atacama,-23.023,-68.172,124.0,4.5,Mw
214264,2023-11-09 00:20:25,2023-11-08 21:20:25,46 km al O de Arica,-18.545,-70.752,30.0,2.6,Ml
214268,2023-11-09 02:50:06,2023-11-08 23:50:06,22 km al SE de El Salvador,-26.345,-69.437,25.0,2.6,Ml
214271,2023-11-09 03:11:37,2023-11-09 00:11:37,23 km al SO de Tongoy,-30.442,-71.591,34.0,3.3,Ml
214274,2023-11-09 03:36:26,2023-11-09 00:36:26,22 km al SE de Baquedano,-23.497,-69.714,75.0,4.1,Ml
214279,2023-11-09 04:13:23,2023-11-09 01:13:23,98 km al O de San Antonio de los Cobres,-24.386,-67.275,194.0,4.0,Ml
214291,2023-11-09 07:00:16,2023-11-09 04:00:16,33 km al NO de Mina Collahuasi,-20.684,-68.934,106.0,2.5,Ml
214297,2023-11-09 10:57:49,2023-11-09 07:57:49,52 km al NO de Quillagua,-21.277,-69.828,26.0,2.9,Ml
214301,2023-11-09 12:01:14,2023-11-09 09:01:14,73 km al N de Calama,-21.847,-68.697,128.0,3.9,Ml
214303,2023-11-09 12:07:25,2023-11-09 09:07:25,70 km al O de San Antonio de los Cobres,-24.09,-66.995,176.0,3.9,Ml
214305,2023-11-09 12:24:08,2023-11-09 09:24:08,40 km al SO de Mina Collahuasi,-21.036,-68.97,108.0,3.5,Ml
214310,2023-11-09 13:05:14,2023-11-09 10:05:14,61 km al O de Arica,-18.474,-70.903,50.0,4.4,Mw
214316,2023-11-09 14:48:15,2023-11-09 11:48:15,44 km al SE de Pica,-20.847,-69.155,108.0,2.9,Ml
214320,2023-11-09 15:01:23,2023-11-09 12:01:23,17 km al N de Calama,-22.321,-68.886,124.0,3.2,Ml
214330,2023-11-09 16:28:08,2023-11-09 13:28:08,20 km al SE de Cuya,-19.317,-70.091,54.0,3.0,Ml
214349,2023-11-09 19:33:28,2023-11-09 16:33:28,23 km al NO de Camiña,-19.125,-69.518,114.0,3.7,Ml
214351,2023-11-09 20:25:00,2023-11-09 17:25:00,35 km al NO de Navidad,-33.772,-72.136,45.0,2.7,Ml
214355,2023-11-09 20:41:57,2023-11-09 17:41:57,48 km al NO de Quillagua,-21.353,-69.861,47.0,2.5,Ml
214364,2023-11-09 22:17:32,2023-11-09 19:17:32,49 km al S de Tocopilla,-22.504,-70.371,30.0,3.6,Ml
214377,2023-11-10 03:02:37,2023-11-10 00:02:37,48 km al SE de Pica,-20.889,-69.151,109.0,2.6,Ml
214390,2023-11-10 06:33:07,2023-11-10 03:33:07,35 km al N de Valparaíso,-32.739,-71.675,34.0,2.6,Ml
214392,2023-11-10 06:54:01,2023-11-10 03:54:01,23 km al S de Punitaqui,-31.031,-71.289,63.0,3.1,Ml
214398,2023-11-10 09:49:25,2023-11-10 06:49:25,43 km al S de Pica,-20.872,-69.415,95.0,3.4,Ml
214404,2023-11-10 11:03:27,2023-11-10 08:03:27,108 km al NO de Pichilemu,-33.943,-73.051,22.0,2.7,Ml
214409,2023-11-10 12:18:18,2023-11-10 09:18:18,13 km al NE de Futrono,-40.045,-72.283,106.0,3.1,Ml
214412,2023-11-10 13:37:53,2023-11-10 10:37:53,50 km al N de San Pedro de Atacama,-22.467,-68.178,161.0,3.0,Ml
214424,2023-11-10 15:27:39,2023-11-10 12:27:39,41 km al SO de Huasco,-28.791,-71.42,51.0,4.6,Mw
214428,2023-11-10 15:58:08,2023-11-10 12:58:08,27 km al NO de Mina Collahuasi,-20.69,-68.868,101.0,3.3,Ml
214431,2023-11-10 16:28:17,2023-11-10 13:28:17,69 km al N de Tocopilla,-21.498,-70.381,56.0,3.5,Ml
214439,2023-11-10 17:29:55,2023-11-10 14:29:55,50 km al E de Alto del Carmen,-28.702,-69.98,110.0,4.3,Ml
214447,2023-11-10 18:30:31,2023-11-10 15:30:31,8 km al NE de Illapel,-31.576,-71.113,59.0,2.7,Ml
214466,2023-11-11 01:04:34,2023-11-10 22:04:34,32 km al N de Tocopilla,-21.817,-70.281,20.0,2.5,Ml
214469,2023-11-11 01:44:00,2023-11-10 22:44:00,35 km al SE de Sierra Gorda,-23.108,-69.074,91.0,3.0,Ml
214470,2023-11-11 01:59:15,2023-11-10 22:59:15,150 km al NO de Cobquecura,-35.266,-74.073,30.0,2.9,Ml
214473,2023-11-11 02:41:18,2023-11-10 23:41:18,85 km al O de San Antonio de los Cobres,-24.261,-67.153,200.0,4.0,Ml
214478,2023-11-11 04:05:23,2023-11-11 01:05:23,37 km al NO de La Serena,-29.702,-71.554,70.0,2.7,Ml
214485,2023-11-11 07:03:35,2023-11-11 04:03:35,35 km al O de Curicó,-34.963,-71.619,47.0,4.1,Ml
214488,2023-11-11 07:12:37,2023-11-11 04:12:37,54 km al NE de Calama,-22.08,-68.619,22.0,2.8,Ml
214493,2023-11-11 08:25:08,2023-11-11 05:25:08,54 km al SO de San Pedro de Atacama,-23.294,-68.544,122.0,4.4,Ml
214496,2023-11-11 08:31:15,2023-11-11 05:31:15,79 km al NO de San Antonio de los Cobres,-23.858,-66.987,180.0,3.7,Ml
214507,2023-11-11 10:00:14,2023-11-11 07:00:14,50 km al SO de San Pedro de Atacama,-23.129,-68.629,108.0,3.6,Ml
214515,2023-11-11 11:51:23,2023-11-11 08:51:23,109 km al E de Copiapó,-27.591,-69.256,112.0,2.9,Ml
214517,2023-11-11 13:00:29,2023-11-11 10:00:29,78 km al NE de San Pedro de Atacama,-22.321,-67.808,215.0,2.8,Ml
214519,2023-11-11 13:24:44,2023-11-11 10:24:44,72 km al S de Ollagüe,-21.831,-68.5,122.0,3.4,Ml
214522,2023-11-11 15:26:54,2023-11-11 12:26:54,23 km al E de La Serena,-29.843,-71.027,70.0,2.7,Ml
214528,2023-11-11 16:12:10,2023-11-11 13:12:10,19 km al SE de Los Andes.,-32.913,-70.419,99.0,3.0,Ml
214535,2023-11-11 17:42:31,2023-11-11 14:42:31,54 km al S de Mina Collahuasi,-21.299,-68.768,109.0,3.0,Ml
214538,2023-11-11 17:43:42,2023-11-11 14:43:42,59 km al S de Ollagüe,-21.732,-68.427,121.0,2.8,Ml
214536,2023-11-11 17:48:27,2023-11-11 14:48:27,115 km al O de Tocopilla,-22.37,-71.282,33.0,3.1,Ml
214541,2023-11-11 20:11:59,2023-11-11 17:11:59,77 km al SO de Ollagüe,-21.866,-68.526,127.0,2.9,Ml
214544,2023-11-11 21:06:24,2023-11-11 18:06:24,45 km al NO de Socaire,-23.387,-68.273,117.0,2.5,Ml
214546,2023-11-11 21:51:30,2023-11-11 18:51:30,24 km al S de Quillagua,-21.872,-69.589,74.0,3.7,Ml
214550,2023-11-11 23:15:23,2023-11-11 20:15:23,60 km al N de Calama,-21.949,-68.792,118.0,4.5,Mw
214558,2023-11-12 01:33:28,2023-11-11 22:33:28,72 km al O de San Antonio de los Cobres,-24.313,-67.02,210.0,4.4,Ml
214561,2023-11-12 01:55:40,2023-11-11 22:55:40,66 km al SO de Ollagüe,-21.774,-68.507,118.0,2.7,Ml
214565,2023-11-12 02:19:11,2023-11-11 23:19:11,168 km al O de Valdivia,-39.382,-75.123,28.0,3.2,Ml
214566,2023-11-12 02:22:31,2023-11-11 23:22:31,74 km al NO de Lebu,-37.147,-74.256,40.0,2.7,Ml
214569,2023-11-12 03:22:39,2023-11-12 00:22:39,22 km al O de Ovalle,-30.65,-71.431,48.0,2.8,Ml
214576,2023-11-12 06:28:48,2023-11-12 03:28:48,58 km al N de Pica,-19.995,-69.164,93.0,3.1,Ml
214581,2023-11-12 07:26:54,2023-11-12 04:26:54,15 km al E de Linares,-35.88,-71.435,101.0,2.9,Ml
214585,2023-11-12 10:30:32,2023-11-12 07:30:32,15 km al S de Huasco,-28.597,-71.171,45.0,3.0,Ml
214593,2023-11-12 11:44:15,2023-11-12 08:44:15,25 km al E de Vichuquén,-34.91,-71.718,43.0,4.0,Ml
214600,2023-11-12 13:30:24,2023-11-12 10:30:24,35 km al SO de Mejillones,-23.32,-70.69,46.0,4.4,Mw
214602,2023-11-12 13:41:45,2023-11-12 10:41:45,38 km al SO de Mejillones,-23.372,-70.667,34.0,2.9,Ml
214614,2023-11-12 16:41:39,2023-11-12 13:41:39,12 km al O de Punitaqui,-30.829,-71.383,52.0,3.4,Ml
214619,2023-11-12 17:10:34,2023-11-12 14:10:34,34 km al O de Ollagüe,-21.222,-68.58,131.0,2.9,Ml
214620,2023-11-12 17:31:16,2023-11-12 14:31:16,40 km al NO de San Juan,-31.324,-68.857,119.0,3.0,Ml
214621,2023-11-12 17:32:06,2023-11-12 14:32:06,20 km al SO de La Higuera,-29.658,-71.318,52.0,3.9,Ml
214624,2023-11-12 17:39:02,2023-11-12 14:39:02,15 km al NO de Ollagüe,-21.117,-68.346,138.0,3.0,Ml
214629,2023-11-12 17:58:54,2023-11-12 14:58:54,29 km al NO de Los Vilos,-31.674,-71.643,49.0,3.2,Ml
214637,2023-11-12 18:53:27,2023-11-12 15:53:27,27 km al SO de Ollagüe,-21.359,-68.466,119.0,2.6,Ml
214638,2023-11-12 19:23:31,2023-11-12 16:23:31,57 km al NE de Calama,-22.173,-68.475,114.0,2.5,Ml
214640,2023-11-12 20:01:05,2023-11-12 17:01:05,72 km al S de Socaire,-24.237,-67.953,240.0,3.7,Ml
214652,2023-11-12 21:42:49,2023-11-12 18:42:49,30 km al SO de Santiago,-33.692,-70.763,84.0,2.9,Ml
214655,2023-11-13 01:32:21,2023-11-12 22:32:21,25 km al E de Calama,-22.521,-68.689,103.0,2.7,Ml
214672,2023-11-13 04:56:51,2023-11-13 01:56:51,12 km al SO de San Fabián,-36.617,-71.667,91.0,2.8,Ml
214678,2023-11-13 06:13:16,2023-11-13 03:13:16,43 km al E de Calama,-22.524,-68.511,117.0,2.9,Ml
214680,2023-11-13 07:25:35,2023-11-13 04:25:35,66 km al O de Arica,-18.421,-70.949,31.0,3.1,Ml
214684,2023-11-13 08:38:58,2023-11-13 05:38:58,72 km al N de Tocopilla,-21.484,-70.435,57.0,2.7,Ml
214697,2023-11-13 15:28:23,2023-11-13 12:28:23,54 km al SE de Socaire,-23.981,-67.575,265.0,2.7,Ml
214698,2023-11-13 15:46:55,2023-11-13 12:46:55,28 km al S de Huasco,-28.699,-71.318,28.0,3.3,Ml
214701,2023-11-13 16:21:31,2023-11-13 13:21:31,28 km al S de Mina Collahuasi,-21.076,-68.708,127.0,2.7,Ml
214707,2023-11-13 17:33:48,2023-11-13 14:33:48,34 km al NO de Los Vilos,-31.671,-71.735,35.0,3.1,Ml
214709,2023-11-13 17:48:18,2023-11-13 14:48:18,38 km al NO de Los Vilos,-31.655,-71.78,38.0,4.1,Ml
214714,2023-11-13 18:40:47,2023-11-13 15:40:47,171 km al N de San Antonio de los Cobres,-22.684,-66.32,263.0,3.7,Ml
214718,2023-11-13 19:39:49,2023-11-13 16:39:49,27 km al SE de Salamanca,-32.002,-70.843,91.0,2.5,Ml
214723,2023-11-13 20:41:27,2023-11-13 17:41:27,58 km al NE de Pica,-20.072,-69.0,107.0,3.1,Ml
214735,2023-11-14 03:03:48,2023-11-14 00:03:48,73 km al N de Calama,-21.856,-68.683,135.0,2.7,Ml
214746,2023-11-14 04:51:11,2023-11-14 01:51:11,51 km al SE de Socaire,-24.01,-67.692,246.0,2.5,Ml
214751,2023-11-14 05:36:42,2023-11-14 02:36:42,91 km al O de San Antonio de los Cobres,-24.251,-67.215,150.0,3.5,Ml
214763,2023-11-14 08:42:36,2023-11-14 05:42:36,30 km al O de Navidad,-34.035,-72.142,35.0,3.3,Ml
214766,2023-11-14 08:58:02,2023-11-14 05:58:02,14 km al SO de Valparaíso,-33.115,-71.745,38.0,3.0,Ml
214770,2023-11-14 11:50:55,2023-11-14 08:50:55,30 km al NO de Mina Collahuasi,-20.701,-68.917,98.0,2.8,Ml
214774,2023-11-14 13:43:00,2023-11-14 10:43:00,22 km al O de Petorca,-32.199,-71.153,82.0,2.5,Ml
214779,2023-11-14 14:43:36,2023-11-14 11:43:36,17 km al O de Quillota,-32.851,-71.421,75.0,2.9,Ml
214786,2023-11-14 15:14:57,2023-11-14 12:14:57,35 km al SO de El Tabo,-33.608,-72.0,24.0,2.8,Ml
214790,2023-11-14 16:11:47,2023-11-14 13:11:47,41 km al NO de Mina Collahuasi,-20.519,-68.877,117.0,3.0,Ml
214811,2023-11-14 20:46:11,2023-11-14 17:46:11,59 km al NO de San Antonio de los Cobres,-23.972,-66.826,217.0,4.2,Ml
214817,2023-11-14 21:38:40,2023-11-14 18:38:40,43 km al E de Pica,-20.379,-68.936,102.0,3.0,Ml
214833,2023-11-15 03:44:06,2023-11-15 00:44:06,39 km al O de Mina Collahuasi,-20.774,-69.032,102.0,2.5,Ml
214837,2023-11-15 04:05:33,2023-11-15 01:05:33,71 km al SO de Ollagüe,-21.606,-68.799,139.0,3.3,Ml
214847,2023-11-15 07:16:07,2023-11-15 04:16:07,39 km al O de La Ligua,-32.446,-71.644,30.0,3.5,Ml
214850,2023-11-15 07:19:56,2023-11-15 04:19:56,66 km al SE de Socaire,-24.127,-67.614,238.0,2.9,Ml
214857,2023-11-15 08:45:40,2023-11-15 05:45:40,93 km al O de San Antonio de los Cobres,-24.286,-67.232,190.0,3.2,Ml
214867,2023-11-15 12:39:07,2023-11-15 09:39:07,20 km al O de Camiña,-19.376,-69.609,79.0,3.0,Ml
214872,2023-11-15 15:04:55,2023-11-15 12:04:55,61 km al E de Linares,-35.664,-70.961,133.0,3.7,Ml
214878,2023-11-15 16:31:29,2023-11-15 13:31:29,33 km al S de Calama,-22.757,-68.853,103.0,4.3,Ml
214888,2023-11-15 17:21:50,2023-11-15 14:21:50,75 km al SO de Caldera,-27.453,-71.445,33.0,2.8,Ml
214893,2023-11-15 18:03:39,2023-11-15 15:03:39,24 km al NE de Temuco,-38.639,-72.351,57.0,2.9,Ml
214899,2023-11-15 18:50:37,2023-11-15 15:50:37,63 km al SE de Antofagasta,-24.114,-70.061,50.0,4.3,Ml
214906,2023-11-15 20:41:21,2023-11-15 17:41:21,36 km al O de Tocopilla,-22.163,-70.538,15.0,2.5,Ml
214911,2023-11-15 21:15:12,2023-11-15 18:15:12,65 km al NE de Calama,-21.937,-68.676,124.0,3.8,Ml
214914,2023-11-15 21:38:26,2023-11-15 18:38:26,37 km al NE de Cuya,-18.859,-70.023,69.0,2.5,Ml
214919,2023-11-15 23:50:32,2023-11-15 20:50:32,70 km al SO de Ollagüe,-21.75,-68.624,124.0,4.7,Mw
214923,2023-11-16 00:05:28,2023-11-15 21:05:28,83 km al SE de Socaire,-24.065,-67.256,192.0,3.5,Ml
214925,2023-11-16 00:34:56,2023-11-15 21:34:56,41 km al O de La Ligua,-32.413,-71.663,32.0,2.8,Ml
214927,2023-11-16 01:28:20,2023-11-15 22:28:20,18 km al E de Mina Los Pelambres,-31.76,-70.408,99.0,3.4,Ml
214929,2023-11-16 02:13:38,2023-11-15 23:13:38,71 km al O de San Antonio de los Cobres,-24.074,-66.995,208.0,3.3,Ml
214931,2023-11-16 03:01:06,2023-11-16 00:01:06,80 km al O de San Antonio de los Cobres,-24.055,-67.09,195.0,3.0,Ml
214934,2023-11-16 04:17:20,2023-11-16 01:17:20,87 km al NE de San Pedro de Atacama,-22.244,-67.778,207.0,2.6,Ml
214938,2023-11-16 05:23:40,2023-11-16 02:23:40,48 km al SO de Ollagüe,-21.589,-68.5,137.0,3.0,Ml
214942,2023-11-16 06:40:34,2023-11-16 03:40:34,74 km al SO de Ollagüe,-21.84,-68.521,115.0,2.7,Ml
214961,2023-11-16 10:00:32,2023-11-16 07:00:32,48 km al N de Baquedano,-22.907,-69.92,30.0,2.7,Ml
214962,2023-11-16 10:16:24,2023-11-16 07:16:24,40 km al SO de Socaire,-23.928,-68.031,136.0,3.7,Ml
214965,2023-11-16 10:22:45,2023-11-16 07:22:45,34 km al NO de El Tabo,-33.292,-71.973,29.0,2.7,Ml
214970,2023-11-16 14:56:20,2023-11-16 11:56:20,33 km al S de Caldera,-27.358,-70.892,59.0,3.6,Ml
214972,2023-11-16 16:25:18,2023-11-16 13:25:18,48 km al SO de Mina Collahuasi,-21.179,-68.921,110.0,2.8,Ml
214979,2023-11-16 18:01:28,2023-11-16 15:01:28,76 km al NO de La Higuera,-29.176,-71.887,46.0,3.2,Ml
214982,2023-11-16 18:13:29,2023-11-16 15:13:29,37 km al S de Mina Collahuasi,-21.14,-68.784,119.0,4.0,Ml
214995,2023-11-16 19:47:12,2023-11-16 16:47:12,19 km al SO de Mina Collahuasi,-20.913,-68.812,106.0,3.1,Ml
215002,2023-11-16 20:21:47,2023-11-16 17:21:47,48 km al S de Mina Collahuasi,-21.239,-68.78,122.0,3.0,Ml
215026,2023-11-17 04:53:20,2023-11-17 01:53:20,13 km al NO de El Tabo,-33.351,-71.73,31.0,3.4,Ml
215034,2023-11-17 07:48:42,2023-11-17 04:48:42,69 km al O de San Antonio de los Cobres,-24.234,-66.999,218.0,3.9,Ml
215035,2023-11-17 07:50:25,2023-11-17 04:50:25,48 km al SO de Putre,-18.553,-69.823,109.0,3.7,Ml
215036,2023-11-17 08:03:59,2023-11-17 05:03:59,39 km al E de Pica,-20.354,-68.984,101.0,2.5,Ml
215039,2023-11-17 08:12:39,2023-11-17 05:12:39,19 km al SO de Calama,-22.605,-69.042,114.0,2.7,Ml
215040,2023-11-17 08:26:27,2023-11-17 05:26:27,76 km al SO de Ollagüe,-21.801,-68.654,116.0,3.1,Ml
215042,2023-11-17 08:32:21,2023-11-17 05:32:21,52 km al SO de Huasco,-28.84,-71.541,44.0,2.5,Ml
215047,2023-11-17 08:54:17,2023-11-17 05:54:17,29 km al SE de Pica,-20.625,-69.089,91.0,3.1,Ml
215048,2023-11-17 09:10:56,2023-11-17 06:10:56,44 km al SO de Mina Collahuasi,-21.08,-68.978,108.0,2.9,Ml
215050,2023-11-17 10:17:08,2023-11-17 07:17:08,61 km al SO de Ollagüe,-21.73,-68.488,131.0,3.8,Ml
215053,2023-11-17 11:37:07,2023-11-17 08:37:07,40 km al NE de Calama,-22.284,-68.601,120.0,3.0,Ml
215054,2023-11-17 12:24:45,2023-11-17 09:24:45,39 km al NO de Quillagua,-21.453,-69.838,35.0,2.7,Ml
215058,2023-11-17 12:36:37,2023-11-17 09:36:37,39 km al O de La Ligua,-32.452,-71.646,38.0,3.2,Ml
215061,2023-11-17 12:56:47,2023-11-17 09:56:47,17 km al E de San Fernando,-34.555,-70.811,95.0,3.1,Ml
215066,2023-11-17 14:03:09,2023-11-17 11:03:09,145 km al O de Constitución,-35.159,-73.991,15.0,3.5,Ml
215068,2023-11-17 14:11:28,2023-11-17 11:11:28,50 km al SO de Pica,-20.749,-69.721,85.0,2.7,Ml
215079,2023-11-17 16:50:35,2023-11-17 13:50:35,50 km al E de Sierra Gorda,-23.071,-68.87,99.0,3.9,Ml
215090,2023-11-17 17:51:46,2023-11-17 14:51:46,45 km al S de Ollagüe,-21.616,-68.352,130.0,3.3,Ml
215097,2023-11-17 18:38:19,2023-11-17 15:38:19,18 km al SO de Melipilla,-33.805,-71.349,45.0,2.6,Ml
215107,2023-11-17 20:02:15,2023-11-17 17:02:15,70 km al NE de Calama,-21.93,-68.588,139.0,2.9,Ml
215119,2023-11-17 23:33:45,2023-11-17 20:33:45,13 km al O de Punitaqui,-30.802,-71.388,59.0,2.6,Ml
215120,2023-11-17 23:45:57,2023-11-17 20:45:57,56 km al NE de Calama,-22.016,-68.694,130.0,3.4,Ml
215129,2023-11-18 01:58:36,2023-11-17 22:58:36,41 km al NO de Toltén,-38.854,-73.392,28.0,2.6,Ml
215131,2023-11-18 02:44:22,2023-11-17 23:44:22,46 km al NO de Mina La Escondida,-23.887,-69.222,116.0,3.3,Ml
215134,2023-11-18 02:50:49,2023-11-17 23:50:49,12 km al E de Pica,-20.527,-69.223,97.0,2.5,Ml
215137,2023-11-18 04:07:25,2023-11-18 01:07:25,23 km al S de Sierra Gorda,-23.1,-69.325,114.0,3.9,Ml
215142,2023-11-18 04:52:49,2023-11-18 01:52:49,59 km al O de San Antonio de los Cobres,-24.009,-66.855,210.0,3.8,Ml
215143,2023-11-18 05:43:54,2023-11-18 02:43:54,67 km al SE de Socaire,-23.972,-67.375,261.0,2.7,Ml
215156,2023-11-18 08:54:11,2023-11-18 05:54:11,31 km al SE de Tacna,-18.249,-70.085,95.0,3.5,Ml
215172,2023-11-18 12:56:59,2023-11-18 09:56:59,52 km al O de Paposo,-25.053,-70.977,37.0,3.4,Ml
215174,2023-11-18 13:32:05,2023-11-18 10:32:05,8 km al NE de Ollagüe,-21.196,-68.188,182.0,3.2,Ml
215182,2023-11-18 14:41:20,2023-11-18 11:41:20,27 km al S de Mina Collahuasi,-21.071,-68.639,132.0,3.8,Ml
215196,2023-11-18 19:07:43,2023-11-18 16:07:43,24 km al SE de Vichuquén,-35.031,-71.8,44.0,4.0,Ml
215198,2023-11-18 19:28:11,2023-11-18 16:28:11,71 km al SE de Alto del Carmen,-29.102,-69.875,104.0,3.7,Ml
215219,2023-11-19 03:17:10,2023-11-19 00:17:10,41 km al SO de María Elena,-22.64,-69.894,54.0,2.7,Ml
215230,2023-11-19 04:27:47,2023-11-19 01:27:47,56 km al NE de Quillagua,-21.277,-69.185,106.0,2.9,Ml
215232,2023-11-19 04:36:13,2023-11-19 01:36:13,40 km al SO de Socaire,-23.776,-68.225,167.0,2.8,Ml
215259,2023-11-19 12:53:23,2023-11-19 09:53:23,36 km al NO de Quillota,-32.674,-71.543,39.0,2.6,Ml
215261,2023-11-19 12:53:42,2023-11-19 09:53:42,26 km al NE de Pica,-20.299,-69.187,97.0,4.1,Ml
215278,2023-11-19 14:34:22,2023-11-19 11:34:22,104 km al NO de San Antonio de los Cobres,-23.433,-66.864,204.0,3.6,Ml
215276,2023-11-19 14:36:00,2023-11-19 11:36:00,30 km al SE de Mina Collahuasi,-21.06,-68.519,134.0,4.1,Ml
215285,2023-11-19 16:14:11,2023-11-19 13:14:11,22 km al NO de Mina Collahuasi,-20.706,-68.826,105.0,2.5,Ml
215289,2023-11-19 17:40:28,2023-11-19 14:40:28,69 km al NO de San Antonio de los Cobres,-23.844,-66.857,198.0,3.6,Ml
215304,2023-11-19 19:35:22,2023-11-19 16:35:22,47 km al SE de Sierra Gorda.,-23.27,-69.088,104.0,2.5,Ml
215315,2023-11-19 23:17:27,2023-11-19 20:17:27,193 km al NO de Constitución,-34.437,-74.22,20.0,3.6,Ml
215317,2023-11-19 23:37:21,2023-11-19 20:37:21,26 km al S de Salamanca,-32.012,-70.939,66.0,3.0,Ml
215322,2023-11-20 00:41:01,2023-11-19 21:41:01,52 km al N de Pica,-20.021,-69.294,114.0,4.2,Ml
215345,2023-11-20 07:49:58,2023-11-20 04:49:58,61 km al SE de Camiña,-19.737,-69.059,106.0,3.3,Ml
215360,2023-11-20 10:13:11,2023-11-20 07:13:11,29 km al N de Calama,-22.227,-68.839,131.0,3.2,Ml
215363,2023-11-20 10:21:43,2023-11-20 07:21:43,126 km al O de Lebu,-38.132,-74.927,6.0,3.0,Ml
215364,2023-11-20 10:37:14,2023-11-20 07:37:14,82 km al O de San Antonio de los Cobres,-24.367,-67.118,202.0,4.1,Ml
215368,2023-11-20 11:16:55,2023-11-20 08:16:55,34 km al NE de Calama,-22.196,-68.779,110.0,3.3,Ml
215383,2023-11-20 15:26:49,2023-11-20 12:26:49,21 km al S de Tongoy,-30.44,-71.52,36.0,2.7,Ml
215397,2023-11-20 18:04:19,2023-11-20 15:04:19,112 km al E de Tierra Amarilla,-27.618,-69.142,112.0,2.7,Ml
215401,2023-11-20 18:16:46,2023-11-20 15:16:46,54 km al SE de Mina Los Pelambres,-32.233,-70.284,116.0,4.5,Mw
215403,2023-11-20 18:30:19,2023-11-20 15:30:19,71 km al O de Los Vilos,-31.704,-72.225,31.0,4.5,Mw
215412,2023-11-20 20:14:14,2023-11-20 17:14:14,32 km al S de Mina Collahuasi,-21.107,-68.731,109.0,3.5,Ml
215414,2023-11-20 20:20:57,2023-11-20 17:20:57,23 km al E de Mina Los Pelambres,-31.813,-70.348,124.0,3.1,Ml
215418,2023-11-20 21:03:09,2023-11-20 18:03:09,14 km al O de Punitaqui,-30.795,-71.393,50.0,5.0,Mw
215425,2023-11-20 23:06:39,2023-11-20 20:06:39,22 km al NO de Mina Collahuasi,-20.73,-68.839,100.0,2.8,Ml
215428,2023-11-20 23:41:09,2023-11-20 20:41:09,19 km al S de Pozo Almonte,-20.426,-69.774,47.0,2.7,Ml
215430,2023-11-20 23:59:10,2023-11-20 20:59:10,43 km al NO de Los Vilos,-31.735,-71.919,43.0,3.5,Ml
215439,2023-11-21 00:57:24,2023-11-20 21:57:24,63 km al O de Los Vilos,-31.714,-72.131,30.0,3.8,Ml
215446,2023-11-21 01:51:18,2023-11-20 22:51:18,10 km al E de Alto del Carmen,-28.773,-70.383,108.0,3.4,Ml
215453,2023-11-21 02:22:38,2023-11-20 23:22:38,19 km al N de Tongoy,-30.086,-71.531,34.0,2.6,Ml
215460,2023-11-21 03:27:41,2023-11-21 00:27:41,47 km al O de Mina Collahuasi,-20.863,-69.109,107.0,2.8,Ml
215463,2023-11-21 05:01:14,2023-11-21 02:01:14,50 km al SO de Mina Collahuasi,-21.145,-68.995,109.0,2.9,Ml
215480,2023-11-21 08:49:41,2023-11-21 05:49:41,58 km al NO de Los Vilos,-31.673,-72.054,43.0,3.4,Ml
215487,2023-11-21 09:14:26,2023-11-21 06:14:26,53 km al O de Los Vilos,-31.721,-72.023,43.0,2.8,Ml
256021,2023-11-21 10:22:20,2023-11-21 07:22:20,60 km al O de Los Vilos,-31.719,-72.101,31.0,3.4,Ml
215495,2023-11-21 10:23:03,2023-11-21 07:23:03,58 km al O de Los Vilos,-31.704,-72.076,41.0,3.3,Ml
215498,2023-11-21 10:44:21,2023-11-21 07:44:21,18 km al NO de Punitaqui,-30.731,-71.413,48.0,2.9,Ml
215504,2023-11-21 12:47:44,2023-11-21 09:47:44,13 km al O de Andacollo,-30.216,-71.217,71.0,4.4,Mw
215510,2023-11-21 14:45:35,2023-11-21 11:45:35,44 km al NE de Calama,-22.103,-68.775,113.0,2.5,Ml
215511,2023-11-21 15:01:55,2023-11-21 12:01:55,34 km al SE de Tirúa,-38.492,-73.159,25.0,3.0,Ml
215512,2023-11-21 15:02:10,2023-11-21 12:02:10,14 km al NO de Punitaqui,-30.769,-71.391,52.0,2.5,Ml
215513,2023-11-21 15:11:50,2023-11-21 12:11:50,57 km al SE de Socaire,-23.883,-67.436,265.0,3.2,Ml
215529,2023-11-21 17:31:49,2023-11-21 14:31:49,77 km al SE de Socaire,-24.232,-67.603,214.0,4.2,Mw
215537,2023-11-21 18:12:21,2023-11-21 15:12:21,57 km al SE de Socaire,-24.045,-67.637,258.0,2.9,Ml
215540,2023-11-21 19:19:27,2023-11-21 16:19:27,60 km al O de Los Vilos,-31.715,-72.103,42.0,3.5,Ml
215545,2023-11-21 19:41:04,2023-11-21 16:41:04,48 km al NO de Los Vilos,-31.708,-71.956,10.0,3.7,Mlv
215552,2023-11-21 20:05:35,2023-11-21 17:05:35,57 km al O de Los Vilos,-31.751,-72.081,26.0,2.7,Ml
215555,2023-11-21 20:10:42,2023-11-21 17:10:42,100 km al O de San Antonio de los Cobres,-24.311,-67.297,184.0,3.4,Ml
215573,2023-11-22 02:41:23,2023-11-21 23:41:23,25 km al S de Mina Collahuasi,-21.048,-68.714,102.0,2.6,Ml
215575,2023-11-22 02:46:35,2023-11-21 23:46:35,109 km al SE de Socaire,-24.336,-67.199,194.0,3.4,Ml
215579,2023-11-22 03:20:27,2023-11-22 00:20:27,78 km al N de Calama,-21.806,-68.683,124.0,3.0,Ml
215581,2023-11-22 04:02:12,2023-11-22 01:02:12,62 km al SO de Ollagüe,-21.736,-68.495,115.0,2.7,Ml
215584,2023-11-22 04:05:47,2023-11-22 01:05:47,32 km al O de Hornopirén,-42.064,-72.835,9.0,3.6,Ml
215586,2023-11-22 04:19:22,2023-11-22 01:19:22,58 km al N de Calama,-21.953,-68.947,113.0,2.5,Ml
215588,2023-11-22 04:30:26,2023-11-22 01:30:26,58 km al O de Los Vilos,-31.709,-72.082,36.0,3.1,Ml
215590,2023-11-22 04:38:35,2023-11-22 01:38:35,103 km al SE de Socaire,-24.212,-67.133,212.0,3.6,Ml
215591,2023-11-22 04:52:09,2023-11-22 01:52:09,55 km al O de Los Vilos,-31.72,-72.046,34.0,3.6,Ml
215608,2023-11-22 07:21:03,2023-11-22 04:21:03,23 km al E de Sierra Gorda.,-22.885,-69.093,105.0,4.7,Mw
215613,2023-11-22 07:44:51,2023-11-22 04:44:51,34 km al SO de Los Vilos,-32.13,-71.756,22.0,2.8,Ml
215616,2023-11-22 07:53:03,2023-11-22 04:53:03,67 km al S de Socaire,-24.179,-68.014,252.0,3.5,Ml
215618,2023-11-22 08:14:23,2023-11-22 05:14:23,56 km al O de Los Vilos,-31.712,-72.054,34.0,2.6,Ml
215621,2023-11-22 08:32:48,2023-11-22 05:32:48,62 km al O de Los Vilos,-31.705,-72.121,30.0,2.7,Ml
215624,2023-11-22 09:50:20,2023-11-22 06:50:20,70 km al NO de Tocopilla,-21.506,-70.452,13.0,2.9,Ml
215627,2023-11-22 10:38:51,2023-11-22 07:38:51,23 km al NE de Punta de Choros,-29.064,-71.356,68.0,2.9,Ml
215629,2023-11-22 11:06:56,2023-11-22 08:06:56,59 km al O de Los Vilos,-31.698,-72.084,41.0,3.3,Ml
215634,2023-11-22 12:36:46,2023-11-22 09:36:46,48 km al SE de Arica,-18.75,-69.964,85.0,2.6,Ml
215635,2023-11-22 13:18:12,2023-11-22 10:18:12,8 km al N de Camiña,-19.238,-69.421,95.0,3.4,Ml
215639,2023-11-22 13:39:34,2023-11-22 10:39:34,33 km al NO de Petorca,-32.046,-71.189,87.0,2.8,Ml
215641,2023-11-22 13:39:36,2023-11-22 10:39:36,56 km al O de Socaire,-23.679,-68.43,160.0,3.7,Ml
215652,2023-11-22 16:50:10,2023-11-22 13:50:10,27 km al E de Pica,-20.577,-69.088,99.0,2.9,Ml
215653,2023-11-22 16:53:24,2023-11-22 13:53:24,46 km al SO de Mina Collahuasi,-21.107,-68.983,109.0,2.6,Ml
215659,2023-11-22 17:58:21,2023-11-22 14:58:21,15 km al O de Caldera,-27.113,-70.961,46.0,2.6,Ml
215663,2023-11-22 18:14:39,2023-11-22 15:14:39,25 km al O de Ollagüe,-21.27,-68.488,124.0,2.7,Ml
215668,2023-11-22 19:10:49,2023-11-22 16:10:49,34 km al SO de Ollagüe,-21.495,-68.411,142.0,3.0,Ml
215670,2023-11-22 19:36:08,2023-11-22 16:36:08,76 km al NE de Socaire,-23.073,-67.409,267.0,2.8,Ml
215673,2023-11-22 21:33:56,2023-11-22 18:33:56,107 km al SE de Socaire,-24.355,-67.251,186.0,4.1,Ml
215676,2023-11-22 22:05:03,2023-11-22 19:05:03,58 km al NE de Calama,-21.992,-68.703,111.0,2.7,Ml
215680,2023-11-22 22:50:49,2023-11-22 19:50:49,67 km al N de Taltal,-24.823,-70.307,42.0,2.6,Ml
215685,2023-11-23 00:03:32,2023-11-22 21:03:32,56 km al O de Los Vilos,-31.703,-72.049,33.0,2.5,Ml
215687,2023-11-23 01:30:53,2023-11-22 22:30:53,40 km al N de Calama,-22.135,-68.802,101.0,2.6,Ml
215690,2023-11-23 02:14:51,2023-11-22 23:14:51,21 km al S de Punitaqui,-31.008,-71.323,65.0,2.9,Ml
215692,2023-11-23 02:33:37,2023-11-22 23:33:37,76 km al S de Mina La Escondida.,-24.949,-69.068,111.0,3.0,Ml
215694,2023-11-23 02:40:37,2023-11-22 23:40:37,6 km al O de La Serena,-29.903,-71.319,74.0,2.9,Ml
215696,2023-11-23 02:54:37,2023-11-22 23:54:37,19 km al E de Pica,-20.494,-69.149,93.0,2.9,Ml
215699,2023-11-23 05:14:42,2023-11-23 02:14:42,142 km al NO de Cobquecura,-35.295,-73.978,17.0,2.7,Ml
215707,2023-11-23 07:23:58,2023-11-23 04:23:58,78 km al SE de Paihuano,-30.505,-69.915,130.0,3.6,Ml
215720,2023-11-23 10:58:47,2023-11-23 07:58:47,24 km al NO de Futrono,-39.989,-72.606,90.0,3.7,Ml
215726,2023-11-23 13:46:35,2023-11-23 10:46:35,48 km al NO de Quillagua,-21.272,-69.729,50.0,4.1,Ml
215728,2023-11-23 14:15:35,2023-11-23 11:15:35,26 km al O de Ollagüe,-21.296,-68.496,118.0,2.5,Ml
215736,2023-11-23 15:24:11,2023-11-23 12:24:11,87 km al NO de San Antonio de los Cobres,-23.85,-67.071,170.0,3.9,Ml
215739,2023-11-23 15:37:08,2023-11-23 12:37:08,62 km al N de Calama,-21.938,-68.753,141.0,5.2,Mw
215754,2023-11-23 18:01:15,2023-11-23 15:01:15,62 km al SO de Ollagüe,-21.735,-68.505,121.0,2.7,Ml
215759,2023-11-23 18:42:22,2023-11-23 15:42:22,44 km al S de Pica,-20.875,-69.215,105.0,2.7,Ml
215764,2023-11-23 19:29:10,2023-11-23 16:29:10,23 km al SO de Putre,-18.366,-69.679,105.0,3.1,Ml
215769,2023-11-23 21:27:12,2023-11-23 18:27:12,52 km al SO de Ollagüe,-21.645,-68.48,134.0,2.6,Ml
215773,2023-11-23 23:56:45,2023-11-23 20:56:45,9 km al NO de La Serena,-29.867,-71.33,50.0,2.8,Ml
215775,2023-11-24 00:13:37,2023-11-23 21:13:37,25 km al SO de Los Vilos,-32.119,-71.615,32.0,2.5,Ml
215782,2023-11-24 02:30:35,2023-11-23 23:30:35,28 km al NO de Curarrehue,-39.137,-71.734,117.0,3.1,Ml
215785,2023-11-24 03:32:58,2023-11-24 00:32:58,54 km al O de Los Vilos,-31.7,-72.027,33.0,2.7,Ml
215786,2023-11-24 04:49:09,2023-11-24 01:49:09,73 km al S de Ollagüe,-21.845,-68.47,126.0,3.5,Ml
215793,2023-11-24 06:44:28,2023-11-24 03:44:28,18 km al SE de Sierra Gorda,-23.029,-69.225,92.0,2.8,Ml
215810,2023-11-24 10:05:23,2023-11-24 07:05:23,56 km al NO de Los Vilos,-31.69,-72.039,36.0,3.2,Ml
215812,2023-11-24 10:09:49,2023-11-24 07:09:49,62 km al O de Los Vilos,-31.691,-72.109,33.0,3.1,Ml
215814,2023-11-24 10:13:12,2023-11-24 07:13:12,56 km al N de Calama,-21.99,-68.751,120.0,2.9,Ml
215820,2023-11-24 10:41:59,2023-11-24 07:41:59,12 km al SE de La Higuera,-29.604,-71.133,50.0,3.0,Ml
215821,2023-11-24 10:53:41,2023-11-24 07:53:41,23 km al NO de Canela Baja,-31.252,-71.634,46.0,2.6,Ml
215823,2023-11-24 11:21:27,2023-11-24 08:21:27,66 km al NO de Lebu,-37.169,-74.15,32.0,3.1,Ml
215825,2023-11-24 11:32:42,2023-11-24 08:32:42,109 km al E de Socaire,-23.381,-66.843,205.0,3.5,Ml
215827,2023-11-24 11:39:35,2023-11-24 08:39:35,99 km al O de Pisagua,-19.937,-71.084,36.0,3.1,Ml
215829,2023-11-24 12:14:45,2023-11-24 09:14:45,39 km al S de Mina Collahuasi,-21.171,-68.734,125.0,3.5,Ml
215846,2023-11-24 16:13:41,2023-11-24 13:13:41,62 km al SO de Mina Collahuasi,-21.28,-69.007,115.0,3.7,Ml
215851,2023-11-24 17:19:53,2023-11-24 14:19:53,99 km al SE de Ollagüe,-21.796,-67.524,245.0,3.6,Ml
215857,2023-11-24 18:30:17,2023-11-24 15:30:17,26 km al O de La Ligua,-32.387,-71.5,45.0,2.9,Ml
215860,2023-11-24 18:46:28,2023-11-24 15:46:28,15 km al E de Linares,-35.802,-71.443,92.0,4.0,Ml
215862,2023-11-24 18:54:15,2023-11-24 15:54:15,76 km al S de Ilo,-18.305,-71.172,15.0,2.6,Ml
215869,2023-11-24 21:51:10,2023-11-24 18:51:10,56 km al N de Mejillones,-22.594,-70.412,16.0,3.0,Ml
215875,2023-11-24 23:17:16,2023-11-24 20:17:16,89 km al NO de Quillagua,-21.144,-70.191,35.0,2.7,Ml
215877,2023-11-24 23:30:54,2023-11-24 20:30:54,28 km al O de Ollagüe,-21.141,-68.511,135.0,3.1,Ml
215880,2023-11-24 23:44:28,2023-11-24 20:44:28,27 km al N de Calama,-22.231,-68.879,110.0,2.5,Ml
215881,2023-11-24 23:47:12,2023-11-24 20:47:12,56 km al NE de Pica,-20.06,-69.051,101.0,2.7,Ml
215886,2023-11-25 01:34:15,2023-11-24 22:34:15,72 km al SE de Mina Los Pelambres,-32.266,-70.025,153.0,2.7,Ml
215890,2023-11-25 01:52:13,2023-11-24 22:52:13,54 km al O de Los Vilos,-31.71,-72.033,39.0,4.1,Ml
215891,2023-11-25 02:00:12,2023-11-24 23:00:12,63 km al O de Los Vilos,-31.691,-72.122,22.0,2.6,Ml
215896,2023-11-25 02:21:55,2023-11-24 23:21:55,48 km al SO de Mina Collahuasi,-21.144,-68.968,108.0,2.6,Ml
215899,2023-11-25 02:34:47,2023-11-24 23:34:47,32 km al N de Camiña,-19.039,-69.324,105.0,2.6,Ml
215904,2023-11-25 04:09:29,2023-11-25 01:09:29,45 km al O de Punitaqui,-30.68,-71.7,34.0,3.0,Ml
215906,2023-11-25 04:19:19,2023-11-25 01:19:19,43 km al SO de Huasco,-28.799,-71.437,36.0,3.1,Ml
215910,2023-11-25 05:04:57,2023-11-25 02:04:57,28 km al E de Mina Los Pelambres,-31.799,-70.288,138.0,2.7,Ml
215912,2023-11-25 05:12:17,2023-11-25 02:12:17,74 km al SO de Ollagüe,-21.775,-68.663,119.0,2.7,Ml
215913,2023-11-25 05:36:15,2023-11-25 02:36:15,137 km al O de Tirúa,-38.592,-75.038,30.0,3.5,Ml
215929,2023-11-25 09:24:44,2023-11-25 06:24:44,35 km al O de Linares,-35.705,-71.94,22.0,2.9,Ml
215932,2023-11-25 09:39:58,2023-11-25 06:39:58,14 km al O de Los Vilos,-31.878,-71.657,54.0,3.0,Ml
215941,2023-11-25 10:48:54,2023-11-25 07:48:54,55 km al O de Los Vilos,-31.714,-72.042,36.0,3.2,Ml
215943,2023-11-25 11:48:16,2023-11-25 08:48:16,39 km al SO de Ollagüe,-21.488,-68.507,136.0,2.8,Ml
215949,2023-11-25 12:17:26,2023-11-25 09:17:26,60 km al O de Los Vilos,-31.72,-72.1,35.0,2.6,Ml
215945,2023-11-25 12:19:13,2023-11-25 09:19:13,81 km al E de Alto del Carmen,-29.068,-69.733,133.0,3.8,Ml
215950,2023-11-25 12:56:55,2023-11-25 09:56:55,14 km al O de Putre,-18.246,-69.681,103.0,4.3,Ml
215958,2023-11-25 14:20:08,2023-11-25 11:20:08,66 km al E de Socaire,-23.499,-67.25,222.0,2.5,Ml
215966,2023-11-25 16:13:05,2023-11-25 13:13:05,46 km al S de Mina Collahuasi,-21.232,-68.741,121.0,3.7,Ml
215970,2023-11-25 17:05:59,2023-11-25 14:05:59,19 km al S de La Higuera,-29.679,-71.198,74.0,3.8,Ml
215978,2023-11-25 17:46:41,2023-11-25 14:46:41,43 km al NO de Valparaíso,-32.783,-71.946,24.0,2.6,Ml
215981,2023-11-25 18:03:39,2023-11-25 15:03:39,57 km al NE de Ollagüe,-20.871,-67.852,191.0,3.9,Ml
215983,2023-11-25 18:21:43,2023-11-25 15:21:43,39 km al SE de Caleta El Cobre,-24.561,-70.353,55.0,3.7,Ml
215988,2023-11-25 18:51:03,2023-11-25 15:51:03,29 km al NE de Ollagüe,-21.093,-68.017,166.0,4.1,Ml
215991,2023-11-25 19:13:48,2023-11-25 16:13:48,26 km al O de Ollagüe,-21.179,-68.504,132.0,2.8,Ml
215993,2023-11-25 20:09:43,2023-11-25 17:09:43,41 km al SO de Tongoy,-30.598,-71.665,42.0,2.7,Ml
215995,2023-11-25 20:14:22,2023-11-25 17:14:22,101 km al SE de Alto del Carmen,-29.3,-69.657,123.0,3.5,Ml
215999,2023-11-25 21:13:57,2023-11-25 18:13:57,35 km al SO de Ollagüe,-21.473,-68.463,124.0,2.5,Ml
216001,2023-11-25 21:43:29,2023-11-25 18:43:29,72 km al NO de San Antonio de los Cobres,-23.935,-66.957,178.0,3.3,Ml
216003,2023-11-25 22:25:07,2023-11-25 19:25:07,84 km al E de Socaire,-23.889,-67.131,180.0,2.9,Ml
216005,2023-11-25 22:37:40,2023-11-25 19:37:40,69 km al S de Ollagüe,-21.811,-68.483,125.0,2.7,Ml
216028,2023-11-26 06:07:49,2023-11-26 03:07:49,45 km al SO de Mina Collahuasi,-21.139,-68.93,113.0,2.8,Ml
216035,2023-11-26 06:52:41,2023-11-26 03:52:41,28 km al NE de Baquedano,-23.197,-69.615,101.0,3.3,Ml
216037,2023-11-26 06:57:32,2023-11-26 03:57:32,7 km al NE de Curicó,-34.936,-71.184,89.0,3.4,Ml
216045,2023-11-26 09:32:31,2023-11-26 06:32:31,49 km al E de Pica,-20.42,-68.866,115.0,3.8,Ml
216051,2023-11-26 11:01:05,2023-11-26 08:01:05,115 km al O de Ancud,-41.453,-75.088,16.0,2.9,Ml
216059,2023-11-26 13:33:32,2023-11-26 10:33:32,70 km al E de Quillagua,-21.475,-68.891,96.0,4.8,Mw
216081,2023-11-26 18:27:40,2023-11-26 15:27:40,13 km al O de Huasco,-28.447,-71.356,31.0,4.1,Ml
216084,2023-11-26 18:37:14,2023-11-26 15:37:14,19 km al O de Huasco,-28.423,-71.409,27.0,2.9,Ml
216088,2023-11-26 18:52:32,2023-11-26 15:52:32,24 km al O de Huasco,-28.432,-71.461,32.0,3.8,Ml
216092,2023-11-26 19:04:49,2023-11-26 16:04:49,3 km al N de Huasco,-28.438,-71.219,27.0,2.8,Ml
216093,2023-11-26 19:08:08,2023-11-26 16:08:08,13 km al SO de Huasco,-28.557,-71.309,20.0,3.1,Ml
216094,2023-11-26 19:13:52,2023-11-26 16:13:52,21 km al O de Huasco,-28.426,-71.435,28.0,3.0,Ml
216095,2023-11-26 19:18:46,2023-11-26 16:18:46,15 km al NO de Huasco,-28.406,-71.364,29.0,3.3,Ml
216097,2023-11-26 19:23:39,2023-11-26 16:23:39,11 km al O de Huasco,-28.427,-71.321,29.0,2.6,Ml
216101,2023-11-26 20:19:50,2023-11-26 17:19:50,7 km al O de Huasco,-28.443,-71.288,30.0,3.0,Ml
216106,2023-11-26 20:44:34,2023-11-26 17:44:34,80 km al SE de Socaire,-24.062,-67.302,189.0,4.7,Mw
216112,2023-11-26 21:49:48,2023-11-26 18:49:48,78 km al S de Socaire,-24.292,-67.941,212.0,3.3,Ml
216115,2023-11-26 22:19:17,2023-11-26 19:19:17,43 km al O de Mina Collahuasi,-20.813,-69.074,106.0,2.9,Ml
216116,2023-11-26 22:51:54,2023-11-26 19:51:54,9 km al O de Huasco,-28.438,-71.307,29.0,2.6,Ml
216118,2023-11-26 22:59:31,2023-11-26 19:59:31,13 km al O de Huasco,-28.437,-71.352,32.0,2.5,Ml
216119,2023-11-26 23:06:13,2023-11-26 20:06:13,23 km al O de Huasco,-28.439,-71.45,29.0,4.5,Mw
216124,2023-11-26 23:38:29,2023-11-26 20:38:29,24 km al O de Huasco,-28.446,-71.464,28.0,3.2,Ml
216131,2023-11-27 00:45:51,2023-11-26 21:45:51,10 km al O de Huasco,-28.471,-71.325,28.0,3.6,Ml
216135,2023-11-27 00:52:28,2023-11-26 21:52:28,57 km al N de Ollagüe,-20.737,-68.091,171.0,3.3,Ml
216145,2023-11-27 02:36:29,2023-11-26 23:36:29,110 km al SE de Socaire,-24.37,-67.218,192.0,4.5,Mw
216149,2023-11-27 03:27:53,2023-11-27 00:27:53,29 km al O de Punitaqui,-30.922,-71.544,65.0,3.9,Ml
216152,2023-11-27 03:43:18,2023-11-27 00:43:18,70 km al O de Caldera,-27.304,-71.473,32.0,2.6,Ml
216159,2023-11-27 04:52:55,2023-11-27 01:52:55,30 km al SO de Huasco,-28.691,-71.392,24.0,3.6,Ml
216163,2023-11-27 04:55:22,2023-11-27 01:55:22,32 km al SO de Huasco,-28.684,-71.43,27.0,3.2,Ml
216165,2023-11-27 05:00:51,2023-11-27 02:00:51,22 km al N de La Higuera,-29.322,-71.275,75.0,2.6,Ml
216166,2023-11-27 05:08:43,2023-11-27 02:08:43,88 km al NE de Alto del Carmen,-28.127,-69.943,102.0,2.9,Ml
216170,2023-11-27 05:35:03,2023-11-27 02:35:03,19 km al O de Huasco,-28.477,-71.42,28.0,2.5,Ml
216178,2023-11-27 06:28:27,2023-11-27 03:28:27,17 km al N de Cuya,-19.021,-70.234,66.0,2.6,Ml
216184,2023-11-27 07:06:36,2023-11-27 04:06:36,52 km al SO de Ollagüe,-21.583,-68.578,123.0,2.6,Ml
216191,2023-11-27 07:41:29,2023-11-27 04:41:29,23 km al N de Tongoy,-30.054,-71.559,41.0,2.9,Ml
216193,2023-11-27 08:03:20,2023-11-27 05:03:20,43 km al S de Mina Collahuasi,-21.2,-68.755,112.0,2.8,Ml
216197,2023-11-27 08:18:10,2023-11-27 05:18:10,32 km al SO de Huasco,-28.694,-71.424,27.0,3.2,Ml
216201,2023-11-27 08:55:36,2023-11-27 05:55:36,7 km al E de Camiña,-19.332,-69.358,107.0,3.5,Ml
216204,2023-11-27 09:17:03,2023-11-27 06:17:03,32 km al O de La Serena,-29.855,-71.584,38.0,2.5,Ml
216207,2023-11-27 09:37:30,2023-11-27 06:37:30,31 km al SO de Huasco,-28.687,-71.419,27.0,3.2,Ml
216213,2023-11-27 10:08:24,2023-11-27 07:08:24,102 km al NE de Taltal,-24.558,-70.117,49.0,5.0,Mw
216215,2023-11-27 10:26:00,2023-11-27 07:26:00,29 km al O de Ollagüe,-21.185,-68.529,130.0,2.8,Ml
216221,2023-11-27 13:58:45,2023-11-27 10:58:45,37 km al E de Camiña,-19.446,-69.099,7.0,2.6,Ml
216226,2023-11-27 15:11:41,2023-11-27 12:11:41,41 km al SO de Colchane,-19.425,-68.992,115.0,3.1,Ml
216233,2023-11-27 17:16:18,2023-11-27 14:16:18,32 km al E de Calama,-22.377,-68.638,115.0,3.1,Ml
216238,2023-11-27 19:38:10,2023-11-27 16:38:10,64 km al SO de Mina Collahuasi,-21.34,-68.934,104.0,3.9,Ml
216240,2023-11-27 19:45:20,2023-11-27 16:45:20,36 km al NO de Valparaíso,-32.836,-71.904,19.0,2.8,Ml
216248,2023-11-27 20:39:33,2023-11-27 17:39:33,62 km al NE de Huasco,-27.946,-70.995,30.0,2.5,Ml
216253,2023-11-27 21:02:54,2023-11-27 18:02:54,96 km al S de Mina La Escondida.,-25.127,-68.926,115.0,4.4,Mw
216259,2023-11-27 22:13:19,2023-11-27 19:13:19,21 km al O de Huasco,-28.449,-71.439,30.0,3.4,Ml
216263,2023-11-27 23:38:34,2023-11-27 20:38:34,30 km al NE de El Salvador,-26.077,-69.382,6.0,3.0,Ml
216265,2023-11-27 23:50:55,2023-11-27 20:50:55,31 km al NE de El Salvador,-26.087,-69.357,4.0,2.8,Ml
216269,2023-11-28 00:43:09,2023-11-27 21:43:09,11 km al SE de Mina Los Pelambres,-31.919,-70.543,112.0,3.7,Ml
216273,2023-11-28 04:28:24,2023-11-28 01:28:24,40 km al NO de Valparaíso,-32.762,-71.881,18.0,2.5,Ml
216281,2023-11-28 05:38:18,2023-11-28 02:38:18,27 km al S de Los Vilos,-32.151,-71.45,51.0,4.7,Mw
216286,2023-11-28 06:14:28,2023-11-28 03:14:28,42 km al SO de Tongoy,-30.441,-71.876,50.0,3.1,Ml
216291,2023-11-28 06:43:49,2023-11-28 03:43:49,24 km al SO de Antuco,-37.458,-71.89,130.0,3.1,Ml
216308,2023-11-28 12:31:12,2023-11-28 09:31:12,53 km al SO de Los Vilos,-32.22,-71.935,20.0,3.8,Ml
216315,2023-11-28 14:22:55,2023-11-28 11:22:55,8 km al S de Cuya,-19.226,-70.155,52.0,2.9,Ml
216318,2023-11-28 14:50:24,2023-11-28 11:50:24,41 km al NO de Camiña,-18.983,-69.594,119.0,2.8,Ml
216319,2023-11-28 15:05:39,2023-11-28 12:05:39,28 km al SE de Los Vilos,-32.152,-71.411,47.0,2.9,Ml
216321,2023-11-28 15:25:37,2023-11-28 12:25:37,29 km al E de El Salvador,-26.147,-69.348,5.0,3.0,Ml
216326,2023-11-28 16:29:19,2023-11-28 13:29:19,17 km al SO de Rancagua,-34.277,-70.863,89.0,3.0,Ml
216329,2023-11-28 16:35:26,2023-11-28 13:35:26,45 km al SO de Los Vilos,-32.135,-71.903,20.0,3.1,Ml
216331,2023-11-28 16:43:39,2023-11-28 13:43:39,47 km al SO de Los Vilos,-32.155,-71.915,24.0,3.2,Ml
216333,2023-11-28 16:46:32,2023-11-28 13:46:32,45 km al SO de Los Vilos,-32.146,-71.901,17.0,2.7,Ml
216334,2023-11-28 16:59:36,2023-11-28 13:59:36,44 km al SO de Los Vilos,-32.145,-71.893,22.0,2.8,Ml
216338,2023-11-28 18:04:11,2023-11-28 15:04:11,70 km al E de Alto del Carmen,-28.938,-69.792,123.0,3.1,Ml
216343,2023-11-28 19:21:54,2023-11-28 16:21:54,46 km al SO de Los Vilos,-32.157,-71.901,28.0,2.8,Ml
216348,2023-11-28 21:02:26,2023-11-28 18:02:26,27 km al O de Huasco,-28.384,-71.479,18.0,3.3,Ml
216352,2023-11-28 23:19:53,2023-11-28 20:19:53,42 km al N de Cobquecura,-35.751,-72.811,30.0,3.5,Ml
216356,2023-11-29 03:14:45,2023-11-29 00:14:45,35 km al N de María Elena,-22.036,-69.623,76.0,2.7,Ml
216366,2023-11-29 05:07:44,2023-11-29 02:07:44,34 km al SO de Huasco,-28.697,-71.448,26.0,2.7,Ml
216368,2023-11-29 05:16:29,2023-11-29 02:16:29,26 km al NE de Pica,-20.376,-69.113,96.0,2.9,Ml
216380,2023-11-29 07:40:04,2023-11-29 04:40:04,57 km al NO de Los Vilos,-31.682,-72.056,43.0,3.2,Ml
216384,2023-11-29 07:41:22,2023-11-29 04:41:22,20 km al O de Canela Baja,-31.378,-71.662,22.0,3.0,Ml
216382,2023-11-29 08:04:28,2023-11-29 05:04:28,23 km al SO de Camiña,-19.464,-69.58,23.0,2.9,Ml
216386,2023-11-29 09:04:03,2023-11-29 06:04:03,32 km al NO de Valdivia,-39.605,-73.504,15.0,3.1,Ml
216392,2023-11-29 12:23:36,2023-11-29 09:23:36,50 km al N de Calama,-22.026,-68.831,119.0,2.5,Ml
216393,2023-11-29 12:54:07,2023-11-29 09:54:07,21 km al O de Huasco,-28.421,-71.429,28.0,3.4,Ml
216398,2023-11-29 14:37:10,2023-11-29 11:37:10,85 km al SE de Alto del Carmen,-29.133,-69.721,124.0,3.0,Ml
216404,2023-11-29 15:39:39,2023-11-29 12:39:39,39 km al E de Pica,-20.458,-68.96,108.0,2.8,Ml
216407,2023-11-29 17:29:59,2023-11-29 14:29:59,36 km al NO de Lota,-36.925,-73.506,18.0,2.9,Ml
216422,2023-11-29 22:23:36,2023-11-29 19:23:36,58 km al SO de Ollagüe,-21.579,-68.667,108.0,3.0,Ml
216427,2023-11-29 23:49:47,2023-11-29 20:49:47,24 km al NO de Mina Collahuasi,-20.729,-68.863,98.0,3.1,Ml
216431,2023-11-30 03:05:38,2023-11-30 00:05:38,48 km al S de Mina Collahuasi,-21.241,-68.775,114.0,4.6,Mw
216432,2023-11-30 03:13:55,2023-11-30 00:13:55,43 km al S de Mina Collahuasi,-21.217,-68.676,114.0,2.8,Ml
216434,2023-11-30 03:29:58,2023-11-30 00:29:58,47 km al O de Antofagasta,-23.778,-70.845,30.0,3.7,Ml
216438,2023-11-30 04:27:48,2023-11-30 01:27:48,28 km al SE de Calama,-22.644,-68.727,104.0,2.5,Ml
216444,2023-11-30 05:19:26,2023-11-30 02:19:26,68 km al S de Socaire,-24.172,-68.083,260.0,2.9,Ml
216446,2023-11-30 06:07:24,2023-11-30 03:07:24,67 km al NO de Tongoy,-29.859,-72.015,38.0,3.2,Ml
216449,2023-11-30 07:22:37,2023-11-30 04:22:37,33 km al SE de Ollagüe,-21.412,-68.002,162.0,4.5,Mw
216455,2023-11-30 08:58:42,2023-11-30 05:58:42,42 km al S de Socaire,-23.965,-67.848,256.0,3.3,Ml
216459,2023-11-30 10:07:47,2023-11-30 07:07:47,53 km al O de Ollagüe,-21.341,-68.751,112.0,2.7,Ml
216462,2023-11-30 13:20:23,2023-11-30 10:20:23,27 km al NO de Mina Collahuasi,-20.698,-68.873,99.0,2.6,Ml
216464,2023-11-30 14:11:46,2023-11-30 11:11:46,40 km al NE de Calama,-22.169,-68.714,122.0,2.7,Ml
216465,2023-11-30 14:18:33,2023-11-30 11:18:33,73 km al SO de Huasco,-28.986,-71.672,54.0,3.2,Ml
216467,2023-11-30 14:38:02,2023-11-30 11:38:02,24 km al E de Pica,-20.457,-69.105,89.0,3.0,Ml
216471,2023-11-30 15:15:04,2023-11-30 12:15:04,19 km al NO de Taltal,-25.317,-70.648,51.0,2.9,Ml
216473,2023-11-30 15:53:23,2023-11-30 12:53:23,34 km al E de Pica,-20.534,-69.002,115.0,3.3,Ml
216476,2023-11-30 15:59:18,2023-11-30 12:59:18,41 km al S de Putre,-18.545,-69.433,110.0,2.7,Ml
216483,2023-11-30 17:14:25,2023-11-30 14:14:25,37 km al E de Ollagüe,-21.251,-67.897,198.0,3.9,Ml
216486,2023-11-30 18:03:21,2023-11-30 15:03:21,59 km al SO de Los Vilos,-32.318,-71.911,28.0,2.7,Ml
216492,2023-11-30 18:17:07,2023-11-30 15:17:07,25 km al N de Iquique,-19.994,-70.086,50.0,2.6,Ml
216509,2023-11-30 22:17:33,2023-11-30 19:17:33,63 km al S de Socaire,-24.142,-67.756,255.0,3.3,Ml
216519,2023-12-01 01:34:34,2023-11-30 22:34:34,68 km al NE de Calama,-21.985,-68.525,127.0,2.9,Ml
216527,2023-12-01 05:02:10,2023-12-01 02:02:10,54 km al NE de Cuya,-18.881,-69.757,84.0,3.5,Ml
216529,2023-12-01 05:08:26,2023-12-01 02:08:26,69 km al NE de San Pedro de Atacama,-22.437,-67.777,189.0,3.0,Ml
216535,2023-12-01 05:44:58,2023-12-01 02:44:58,109 km al E de Socaire,-23.337,-66.86,172.0,2.7,Ml
216538,2023-12-01 06:05:35,2023-12-01 03:05:35,36 km al NE de Termas del Flaco,-34.651,-70.306,143.0,2.8,Ml
216544,2023-12-01 06:12:41,2023-12-01 03:12:41,77 km al NE de Calama,-21.843,-68.612,114.0,3.0,Ml
216555,2023-12-01 08:45:10,2023-12-01 05:45:10,59 km al SE de Camiña,-19.77,-69.143,114.0,4.6,Mw
216557,2023-12-01 09:15:27,2023-12-01 06:15:27,59 km al SO de Huasco,-28.908,-71.551,37.0,2.5,Ml
216565,2023-12-01 11:11:39,2023-12-01 08:11:39,13 km al S de Melipilla,-33.804,-71.228,63.0,3.2,Ml
216566,2023-12-01 14:08:14,2023-12-01 11:08:14,33 km al S de Mina Collahuasi,-21.108,-68.753,115.0,2.5,Ml
216567,2023-12-01 14:38:01,2023-12-01 11:38:01,48 km al SO de Los Vilos,-32.263,-71.808,20.0,2.7,Ml
216570,2023-12-01 15:19:44,2023-12-01 12:19:44,39 km al NO de Tongoy,-29.936,-71.659,46.0,2.7,Ml
216576,2023-12-01 17:50:09,2023-12-01 14:50:09,68 km al S de Socaire,-24.198,-67.808,230.0,3.2,Ml
216577,2023-12-01 18:03:08,2023-12-01 15:03:08,67 km al E de Baquedano,-23.571,-69.237,123.0,2.8,Ml
216580,2023-12-01 19:14:57,2023-12-01 16:14:57,43 km al SO de Ollagüe,-21.531,-68.509,147.0,2.9,Ml
216585,2023-12-01 22:04:21,2023-12-01 19:04:21,58 km al SO de Ollagüe,-21.621,-68.612,132.0,2.8,Ml
216589,2023-12-01 22:55:16,2023-12-01 19:55:16,21 km al S de Los Vilos,-32.099,-71.467,39.0,2.6,Ml
216591,2023-12-01 23:07:15,2023-12-01 20:07:15,61 km al SE de Sierra Gorda.,-23.25,-68.857,112.0,2.9,Ml
216592,2023-12-01 23:11:10,2023-12-01 20:11:10,33 km al NE de Calama,-22.328,-68.647,96.0,2.6,Ml
216594,2023-12-01 23:15:14,2023-12-01 20:15:14,75 km al NE de Socaire,-23.278,-67.24,264.0,3.5,Ml
216597,2023-12-02 00:26:26,2023-12-01 21:26:26,185 km al O de Puerto Aysén,-45.856,-74.984,20.0,2.8,Ml
216600,2023-12-02 01:20:09,2023-12-01 22:20:09,22 km al SO de Cobquecura,-36.273,-72.971,19.0,2.8,Ml
216605,2023-12-02 02:06:06,2023-12-01 23:06:06,34 km al O de Quillagua,-21.544,-69.843,89.0,2.6,Ml
216612,2023-12-02 04:20:27,2023-12-02 01:20:27,54 km al O de San Pedro de Atacama,-23.056,-68.707,102.0,2.6,Ml
216613,2023-12-02 04:28:14,2023-12-02 01:28:14,39 km al SO de Ollagüe,-21.472,-68.521,113.0,3.1,Ml
216621,2023-12-02 07:44:26,2023-12-02 04:44:26,44 km al SE de Socaire,-23.886,-67.61,274.0,3.3,Ml
216622,2023-12-02 07:55:41,2023-12-02 04:55:41,16 km al NE de Camiña,-19.233,-69.304,108.0,5.7,Mw
216625,2023-12-02 08:13:33,2023-12-02 05:13:33,18 km al NE de Camiña,-19.189,-69.314,104.0,2.9,Ml
216632,2023-12-02 09:17:50,2023-12-02 06:17:50,29 km al O de Valparaíso,-33.078,-71.925,35.0,3.1,Ml
216635,2023-12-02 09:31:32,2023-12-02 06:31:32,88 km al S de Antofagasta,-24.431,-70.343,41.0,5.2,Mw
216638,2023-12-02 09:59:11,2023-12-02 06:59:11,42 km al NO de Valparaíso,-32.715,-71.817,44.0,2.5,Ml
216642,2023-12-02 11:02:55,2023-12-02 08:02:55,65 km al NO de San Antonio de los Cobres,-23.86,-66.82,209.0,4.5,Mw
216644,2023-12-02 11:42:55,2023-12-02 08:42:55,56 km al O de Taltal,-25.572,-71.01,42.0,2.9,Ml
216646,2023-12-02 11:44:08,2023-12-02 08:44:08,24 km al E de Mina Los Pelambres,-31.836,-70.333,135.0,3.1,Ml
216652,2023-12-02 12:42:04,2023-12-02 09:42:04,84 km al SE de Socaire,-24.183,-67.373,227.0,3.4,Ml
216654,2023-12-02 13:55:51,2023-12-02 10:55:51,46 km al SO de María Elena,-22.66,-69.952,44.0,2.9,Ml
216655,2023-12-02 13:57:22,2023-12-02 10:57:22,28 km al O de Mina Collahuasi,-20.833,-68.931,104.0,2.7,Ml
216657,2023-12-02 14:12:14,2023-12-02 11:12:14,16 km al N de Canela Baja,-31.26,-71.512,54.0,3.3,Ml
216658,2023-12-02 14:13:56,2023-12-02 11:13:56,63 km al NE de Quillagua,-21.359,-69.016,105.0,3.4,Ml
216660,2023-12-02 14:23:34,2023-12-02 11:23:34,43 km al E de Los Andes.,-32.867,-70.14,119.0,3.1,Ml
216673,2023-12-02 15:59:59,2023-12-02 12:59:59,49 km al SO de Camiña,-19.703,-69.643,105.0,3.1,Ml
216675,2023-12-02 16:10:31,2023-12-02 13:10:31,25 km al NO de Los Vilos,-31.761,-71.705,28.0,2.6,Ml
216678,2023-12-02 16:12:05,2023-12-02 13:12:05,57 km al N de Mina Collahuasi,-20.319,-68.749,136.0,3.1,Ml
216686,2023-12-02 17:34:36,2023-12-02 14:34:36,47 km al SO de Los Vilos,-32.283,-71.752,27.0,2.7,Ml
216698,2023-12-02 20:53:20,2023-12-02 17:53:20,41 km al O de Mina La Escondida,-24.301,-69.46,89.0,3.1,Ml
216708,2023-12-03 00:00:34,2023-12-02 21:00:34,60 km al SE de Socaire,-24.058,-67.603,255.0,2.5,Ml
216709,2023-12-03 00:11:02,2023-12-02 21:11:02,31 km al NO de Mina Collahuasi,-20.616,-68.85,99.0,3.0,Ml
216711,2023-12-03 00:25:26,2023-12-02 21:25:26,50 km al NE de Calama,-22.102,-68.647,121.0,2.5,Ml
216713,2023-12-03 01:08:10,2023-12-02 22:08:10,28 km al NO de Quillagua,-21.534,-69.775,52.0,2.7,Ml
216716,2023-12-03 01:46:42,2023-12-02 22:46:42,59 km al N de Pica,-19.987,-69.14,98.0,3.3,Ml
216718,2023-12-03 02:47:01,2023-12-02 23:47:01,63 km al NO de San Antonio de los Cobres,-23.862,-66.801,215.0,4.0,Ml
216722,2023-12-03 03:49:38,2023-12-03 00:49:38,40 km al O de La Ligua,-32.582,-71.625,37.0,2.7,Ml
216728,2023-12-03 05:06:15,2023-12-03 02:06:15,79 km al SO de Ollagüe,-21.759,-68.762,98.0,3.5,Ml
216734,2023-12-03 05:47:47,2023-12-03 02:47:47,34 km al O de Ollagüe,-21.161,-68.57,131.0,3.0,Ml
216739,2023-12-03 07:56:49,2023-12-03 04:56:49,26 km al O de Punitaqui,-30.89,-71.517,67.0,2.8,Ml
216741,2023-12-03 08:01:08,2023-12-03 05:01:08,23 km al SE de Caleta El Cobre,-24.426,-70.407,55.0,3.2,Ml
216743,2023-12-03 09:03:38,2023-12-03 06:03:38,71 km al N de Calama,-21.868,-68.715,129.0,2.6,Ml
216744,2023-12-03 09:45:29,2023-12-03 06:45:29,66 km al SO de Ollagüe,-21.677,-68.67,108.0,2.7,Ml
216747,2023-12-03 10:09:58,2023-12-03 07:09:58,202 km al NE de Socaire,-22.586,-66.246,258.0,4.4,Mw
216749,2023-12-03 10:31:23,2023-12-03 07:31:23,59 km al SO de Ollagüe,-21.535,-68.715,126.0,3.1,Ml
216751,2023-12-03 10:36:04,2023-12-03 07:36:04,54 km al E de Pica,-20.303,-68.857,129.0,2.5,Ml
216754,2023-12-03 11:00:30,2023-12-03 08:00:30,32 km al S de Mina Collahuasi,-21.106,-68.596,132.0,2.8,Ml
216757,2023-12-03 13:06:37,2023-12-03 10:06:37,21 km al NE de Camiña,-19.22,-69.252,105.0,2.7,Ml
216767,2023-12-03 14:21:30,2023-12-03 11:21:30,101 km al O de Caldera,-26.736,-71.767,43.0,3.4,Ml
216775,2023-12-03 16:02:52,2023-12-03 13:02:52,14 km al NE de La Serena,-29.829,-71.131,49.0,4.0,Ml
216779,2023-12-03 16:09:35,2023-12-03 13:09:35,72 km al NO de San Antonio de los Cobres,-23.729,-66.768,195.0,3.7,Ml
216786,2023-12-03 17:40:07,2023-12-03 14:40:07,62 km al O de Los Vilos,-31.677,-72.102,33.0,3.2,Ml
216801,2023-12-03 20:43:38,2023-12-03 17:43:38,57 km al SO de Los Vilos,-32.243,-71.969,24.0,2.8,Ml
216805,2023-12-03 22:07:18,2023-12-03 19:07:18,43 km al O de Ollagüe,-21.382,-68.637,107.0,2.8,Ml
216812,2023-12-04 00:01:12,2023-12-03 21:01:12,27 km al SO de Alto del Carmen,-28.968,-70.624,78.0,3.3,Ml
216816,2023-12-04 00:49:47,2023-12-03 21:49:47,56 km al O de Mina La Escondida,-24.407,-69.586,81.0,4.3,Ml
216823,2023-12-04 03:32:35,2023-12-04 00:32:35,50 km al N de Tocopilla,-21.67,-70.052,40.0,2.5,Ml
216828,2023-12-04 05:22:35,2023-12-04 02:22:35,76 km al N de Mina La Escondida,-23.592,-68.931,100.0,3.1,Ml
216829,2023-12-04 05:23:45,2023-12-04 02:23:45,48 km al SO de Mina Collahuasi,-21.132,-68.985,111.0,2.6,Ml
216836,2023-12-04 06:38:13,2023-12-04 03:38:13,4 km al N de Calama,-22.436,-68.94,119.0,2.9,Ml
216837,2023-12-04 07:11:25,2023-12-04 04:11:25,28 km al SO de Mina Collahuasi,-20.992,-68.856,100.0,2.8,Ml
216854,2023-12-04 13:19:57,2023-12-04 10:19:57,18 km al E de San Fernando,-34.618,-70.795,101.0,2.7,Ml
216855,2023-12-04 13:45:47,2023-12-04 10:45:47,67 km al SO de Ollagüe,-21.705,-68.637,116.0,2.9,Ml
216857,2023-12-04 14:45:05,2023-12-04 11:45:05,11 km al N de Mejillones,-23.004,-70.486,25.0,3.3,Ml
216865,2023-12-04 15:44:24,2023-12-04 12:44:24,51 km al O de Socaire,-23.521,-68.382,119.0,3.2,Ml
216870,2023-12-04 16:52:43,2023-12-04 13:52:43,54 km al O de La Ligua,-32.541,-71.798,36.0,2.7,Ml
216877,2023-12-04 18:26:48,2023-12-04 15:26:48,26 km al NO de Mina Collahuasi,-20.704,-68.867,106.0,2.7,Ml
216880,2023-12-04 19:23:24,2023-12-04 16:23:24,36 km al SO de Mina Collahuasi,-21.071,-68.885,110.0,3.7,Ml
216885,2023-12-04 21:29:47,2023-12-04 18:29:47,59 km al E de Baquedano,-23.537,-69.307,100.0,3.1,Ml
216895,2023-12-04 23:32:03,2023-12-04 20:32:03,62 km al NE de Calama,-21.962,-68.676,120.0,3.0,Ml
216902,2023-12-05 02:55:44,2023-12-04 23:55:44,87 km al O de San Antonio de los Cobres,-24.382,-67.165,194.0,3.9,Ml
216913,2023-12-05 06:33:06,2023-12-05 03:33:06,242 km al O de Huasco,-28.914,-73.645,10.0,4.4,Ml
216927,2023-12-05 08:46:44,2023-12-05 05:46:44,42 km al NE de Camiña,-19.084,-69.103,121.0,3.0,Ml
216947,2023-12-05 15:50:27,2023-12-05 12:50:27,37 km al E de Los Andes.,-32.8,-70.209,118.0,3.1,Ml
216954,2023-12-05 18:27:41,2023-12-05 15:27:41,26 km al SO de Arica,-18.619,-70.518,41.0,3.4,Ml
216962,2023-12-05 20:30:54,2023-12-05 17:30:54,64 km al E de San Pedro de Atacama,-22.986,-67.583,174.0,3.5,Ml
216975,2023-12-06 01:39:24,2023-12-05 22:39:24,5 km al O de Tongoy,-30.268,-71.546,39.0,2.8,Ml
216977,2023-12-06 01:58:56,2023-12-05 22:58:56,252 km al O de Melinka,-44.02,-76.885,10.0,4.9,Mw
216979,2023-12-06 02:29:53,2023-12-05 23:29:53,331 km al O de Melinka,-44.252,-77.854,10.0,4.5,Mw
216983,2023-12-06 02:46:53,2023-12-05 23:46:53,5 km al SE de Tongoy,-30.287,-71.457,33.0,2.9,Ml
216987,2023-12-06 04:43:27,2023-12-06 01:43:27,61 km al O de Navidad,-33.879,-72.481,38.0,3.4,Ml
216992,2023-12-06 05:56:04,2023-12-06 02:56:04,63 km al NO de Quillagua,-21.324,-70.024,28.0,2.6,Ml
216993,2023-12-06 06:01:04,2023-12-06 03:01:04,14 km al SE de Linares,-35.926,-71.473,91.0,2.5,Ml
217001,2023-12-06 07:46:49,2023-12-06 04:46:49,68 km al O de San Antonio de los Cobres,-24.084,-66.974,214.0,4.0,Ml
217004,2023-12-06 08:01:07,2023-12-06 05:01:07,25 km al NE de Vichuquén,-34.76,-71.763,41.0,2.9,Ml
217020,2023-12-06 12:35:56,2023-12-06 09:35:56,23 km al E de Los Andes.,-32.86,-70.358,122.0,3.0,Ml
217021,2023-12-06 12:43:21,2023-12-06 09:43:21,63 km al O de Los Vilos,-32.143,-72.12,36.0,2.5,Ml
217029,2023-12-06 14:49:59,2023-12-06 11:49:59,33 km al NO de Mina Collahuasi,-20.707,-68.945,104.0,3.0,Ml
217031,2023-12-06 15:20:25,2023-12-06 12:20:25,28 km al O de Los Vilos,-31.914,-71.805,39.0,3.5,Ml
217033,2023-12-06 16:11:10,2023-12-06 13:11:10,46 km al E de Arica,-18.507,-69.884,121.0,3.9,Ml
217044,2023-12-06 18:04:01,2023-12-06 15:04:01,46 km al E de Quillagua,-21.672,-69.086,88.0,2.8,Ml
217048,2023-12-06 18:28:03,2023-12-06 15:28:03,133 km al NE de Socaire,-22.908,-66.826,244.0,3.8,Ml
217051,2023-12-06 19:25:04,2023-12-06 16:25:04,35 km al O de Los Vilos,-31.873,-71.881,16.0,2.9,Ml
217055,2023-12-06 19:59:58,2023-12-06 16:59:58,30 km al N de Rancagua,-33.901,-70.788,84.0,3.0,Ml
217056,2023-12-06 20:38:11,2023-12-06 17:38:11,97 km al N de Tocopilla,-21.255,-70.467,15.0,2.5,Ml
217061,2023-12-06 21:43:10,2023-12-06 18:43:10,105 km al O de San Antonio de los Cobres,-24.412,-67.337,183.0,3.9,Ml
217065,2023-12-06 22:56:47,2023-12-06 19:56:47,65 km al SO de Ollagüe,-21.736,-68.553,134.0,2.9,Ml
217072,2023-12-07 01:42:41,2023-12-06 22:42:41,49 km al SO de Tocopilla,-22.462,-70.468,27.0,2.9,Ml
217076,2023-12-07 02:34:05,2023-12-06 23:34:05,49 km al N de Valparaíso,-32.632,-71.78,13.0,2.6,Ml
217080,2023-12-07 03:04:49,2023-12-07 00:04:49,71 km al O de San Antonio de los Cobres,-24.281,-67.012,215.0,3.7,Ml
217082,2023-12-07 03:39:51,2023-12-07 00:39:51,54 km al O de La Ligua,-32.458,-71.803,15.0,3.0,Ml
217094,2023-12-07 06:47:50,2023-12-07 03:47:50,20 km al SE de Petorca,-32.417,-70.847,11.0,2.5,Ml
217095,2023-12-07 06:48:18,2023-12-07 03:48:18,36 km al SO de Mina Collahuasi,-21.051,-68.906,112.0,3.0,Ml
217123,2023-12-07 14:03:32,2023-12-07 11:03:32,30 km al SE de Sierra Gorda,-23.027,-69.072,114.0,3.0,Ml
217128,2023-12-07 15:27:14,2023-12-07 12:27:14,21 km al E de Camiña,-19.247,-69.236,102.0,2.5,Ml
217139,2023-12-07 18:06:45,2023-12-07 15:06:45,45 km al S de Pozo Almonte,-20.662,-69.834,51.0,2.5,Ml
217140,2023-12-07 18:30:32,2023-12-07 15:30:32,87 km al O de Pichilemu,-34.12,-72.899,17.0,2.6,Ml
217149,2023-12-07 20:26:18,2023-12-07 17:26:18,75 km al SO de Ollagüe,-21.842,-68.548,120.0,2.9,Ml
217156,2023-12-07 22:33:42,2023-12-07 19:33:42,15 km al NO de Quillagua,-21.546,-69.618,58.0,2.7,Ml
217158,2023-12-07 23:33:27,2023-12-07 20:33:27,9 km al O de Tocopilla,-22.077,-70.287,45.0,2.6,Ml
217165,2023-12-08 03:02:04,2023-12-08 00:02:04,33 km al NO de San Pedro de Atacama,-22.756,-68.467,156.0,3.6,Ml
217167,2023-12-08 03:40:12,2023-12-08 00:40:12,79 km al O de San Antonio de los Cobres,-24.406,-67.075,199.0,4.3,Mw
217170,2023-12-08 04:59:11,2023-12-08 01:59:11,84 km al O de San Antonio de los Cobres,-24.156,-67.146,204.0,3.2,Ml
217180,2023-12-08 08:32:10,2023-12-08 05:32:10,74 km al NE de Calama,-21.911,-68.547,130.0,2.5,Ml
217183,2023-12-08 09:06:00,2023-12-08 06:06:00,43 km al SE de Pica,-20.824,-69.114,109.0,2.6,Ml
217189,2023-12-08 10:07:40,2023-12-08 07:07:40,17 km al SO de Linares,-35.936,-71.744,72.0,2.9,Ml
217192,2023-12-08 11:16:27,2023-12-08 08:16:27,56 km al O de Los Vilos,-31.842,-72.1,30.0,2.6,Ml
217195,2023-12-08 11:41:05,2023-12-08 08:41:05,48 km al N de Camiña,-18.895,-69.529,109.0,4.0,Ml
217198,2023-12-08 12:45:21,2023-12-08 09:45:21,50 km al SO de Los Vilos,-32.288,-71.799,25.0,2.5,Ml
217201,2023-12-08 13:47:31,2023-12-08 10:47:31,71 km al O de Mina La Escondida.,-24.03,-69.701,60.0,2.9,Ml
217204,2023-12-08 14:58:39,2023-12-08 11:58:39,50 km al O de San Antonio de los Cobres,-24.071,-66.781,227.0,4.5,Mw
217209,2023-12-08 15:18:56,2023-12-08 12:18:56,17 km al E de Mina Los Pelambres,-31.828,-70.405,119.0,2.7,Ml
217210,2023-12-08 15:19:06,2023-12-08 12:19:06,73 km al NO de San Antonio de los Cobres,-23.918,-66.957,195.0,3.0,Ml
217214,2023-12-08 16:16:46,2023-12-08 13:16:46,71 km al E de Tierra Amarilla,-27.569,-69.551,112.0,2.5,Ml
217215,2023-12-08 16:47:39,2023-12-08 13:47:39,57 km al S de Socaire,-24.106,-67.878,247.0,2.9,Ml
217217,2023-12-08 16:55:59,2023-12-08 13:55:59,21 km al S de Quillagua,-21.834,-69.599,79.0,3.6,Ml
217222,2023-12-08 17:35:44,2023-12-08 14:35:44,47 km al SO de Tongoy,-30.619,-71.748,44.0,2.6,Ml
217223,2023-12-08 17:43:02,2023-12-08 14:43:02,114 km al S de Mina La Escondida,-25.295,-69.047,127.0,4.5,Mw
217232,2023-12-08 18:55:53,2023-12-08 15:55:53,6 km al E de Calama,-22.469,-68.874,120.0,2.6,Ml
217234,2023-12-08 19:22:43,2023-12-08 16:22:43,25 km al E de Pisagua,-19.557,-69.98,38.0,2.9,Ml
217239,2023-12-08 20:19:14,2023-12-08 17:19:14,91 km al O de San Antonio de los Cobres,-24.213,-67.213,194.0,3.0,Ml
217241,2023-12-08 20:45:04,2023-12-08 17:45:04,29 km al E de Linares,-35.961,-71.307,112.0,3.0,Ml
217245,2023-12-08 21:51:57,2023-12-08 18:51:57,78 km al E de Quillagua,-21.773,-68.785,131.0,2.9,Ml
217246,2023-12-08 21:53:32,2023-12-08 18:53:32,94 km al O de Tongoy,-30.362,-72.469,36.0,2.6,Ml
217247,2023-12-08 22:56:49,2023-12-08 19:56:49,62 km al O de San Antonio de los Cobres,-24.093,-66.908,194.0,3.5,Ml
217249,2023-12-08 23:17:48,2023-12-08 20:17:48,12 km al NO de Huasco,-28.386,-71.307,30.0,2.6,Ml
217257,2023-12-09 01:59:15,2023-12-08 22:59:15,85 km al O de San Antonio de los Cobres,-24.304,-67.157,188.0,3.1,Ml
217262,2023-12-09 02:47:16,2023-12-08 23:47:16,14 km al O de Huasco,-28.468,-71.365,31.0,2.5,Ml
217266,2023-12-09 03:59:22,2023-12-09 00:59:22,15 km al NO de San Pedro de Atacama,-22.835,-68.318,122.0,4.5,Ml
217268,2023-12-09 04:26:05,2023-12-09 01:26:05,26 km al SO de Chañaral,-26.516,-70.81,31.0,3.7,Ml
217272,2023-12-09 04:49:41,2023-12-09 01:49:41,266 km al O de Puerto Aysén,-45.808,-76.072,15.0,5.2,Mww
217273,2023-12-09 05:04:54,2023-12-09 02:04:54,121 km al N de Cabo Raper,-45.751,-76.044,12.0,4.0,Ml
217277,2023-12-09 06:19:50,2023-12-09 03:19:50,84 km al SO de Mina La Escondida.,-24.967,-69.377,87.0,2.9,Ml
217281,2023-12-09 09:52:19,2023-12-09 06:52:19,41 km al O de Mina Collahuasi,-20.883,-69.043,104.0,2.7,Ml
217285,2023-12-09 10:20:01,2023-12-09 07:20:01,37 km al NE de Calama,-22.205,-68.706,110.0,3.1,Ml
217291,2023-12-09 13:27:47,2023-12-09 10:27:47,42 km al SE de Pica,-20.812,-69.127,109.0,2.9,Ml
217298,2023-12-09 16:44:17,2023-12-09 13:44:17,37 km al NO de Valparaíso,-32.739,-71.765,34.0,3.1,Ml
217306,2023-12-09 18:48:21,2023-12-09 15:48:21,82 km al O de San Antonio de los Cobres,-24.008,-67.095,189.0,3.5,Ml
217310,2023-12-09 19:24:11,2023-12-09 16:24:11,64 km al O de San Antonio de los Cobres,-24.121,-66.942,193.0,4.1,Ml
217312,2023-12-09 19:56:32,2023-12-09 16:56:32,25 km al NO de Putre,-18.106,-69.775,131.0,2.6,Ml
217315,2023-12-09 20:54:24,2023-12-09 17:54:24,32 km al O de Taltal,-25.523,-70.781,36.0,3.7,Ml
217318,2023-12-09 21:09:09,2023-12-09 18:09:09,59 km al N de Mejillones,-22.568,-70.491,38.0,3.1,Ml
217321,2023-12-09 21:51:33,2023-12-09 18:51:33,16 km al N de La Higuera,-29.375,-71.244,61.0,3.0,Ml
217324,2023-12-09 22:24:28,2023-12-09 19:24:28,35 km al S de Mina Collahuasi,-21.139,-68.588,123.0,2.8,Ml
217325,2023-12-09 22:25:05,2023-12-09 19:25:05,22 km al N de Sierra Gorda.,-22.699,-69.302,106.0,2.7,Ml
217352,2023-12-10 06:52:27,2023-12-10 03:52:27,53 km al S de Huasco,-28.926,-71.354,41.0,3.2,Ml
217362,2023-12-10 07:39:55,2023-12-10 04:39:55,54 km al O de El Tabo,-33.278,-72.211,34.0,3.7,Ml
217379,2023-12-10 13:00:37,2023-12-10 10:00:37,67 km al SE de Socaire,-24.134,-67.612,240.0,2.8,Ml
217382,2023-12-10 13:30:00,2023-12-10 10:30:00,68 km al N de Calama,-21.883,-68.741,126.0,3.1,Ml
217386,2023-12-10 14:25:31,2023-12-10 11:25:31,52 km al N de Chañaral,-25.885,-70.724,40.0,3.5,Ml
217392,2023-12-10 14:34:53,2023-12-10 11:34:53,70 km al NO de San Antonio de los Cobres,-23.758,-66.784,202.0,3.7,Ml
217400,2023-12-10 17:19:32,2023-12-10 14:19:32,38 km al SO de Ollagüe,-21.537,-68.407,125.0,3.1,Ml
217407,2023-12-10 18:28:56,2023-12-10 15:28:56,27 km al SE de Calama,-22.69,-68.819,102.0,2.5,Ml
217409,2023-12-10 18:34:13,2023-12-10 15:34:13,42 km al O de Mina Collahuasi,-20.904,-69.05,107.0,2.8,Ml
217416,2023-12-10 21:32:28,2023-12-10 18:32:28,49 km al SE de Rancagua,-34.504,-70.393,133.0,2.6,Ml
217418,2023-12-10 21:39:17,2023-12-10 18:39:17,46 km al SE de Pica,-20.856,-69.113,104.0,2.5,Ml
217424,2023-12-11 00:46:15,2023-12-10 21:46:15,54 km al E de Antuco,-37.339,-71.067,155.0,3.3,Ml
217427,2023-12-11 00:48:25,2023-12-10 21:48:25,96 km al SE de Socaire,-24.37,-67.479,209.0,4.3,Ml
217435,2023-12-11 03:01:31,2023-12-11 00:01:31,27 km al S de San Pedro de Atacama,-23.165,-68.203,130.0,3.7,Ml
217438,2023-12-11 04:12:23,2023-12-11 01:12:23,47 km al SO de Los Vilos,-32.17,-71.904,20.0,2.5,Ml
217442,2023-12-11 04:31:55,2023-12-11 01:31:55,30 km al S de Santiago,-33.702,-70.684,31.0,2.5,Ml
217450,2023-12-11 06:41:45,2023-12-11 03:41:45,41 km al S de Huasco,-28.83,-71.221,51.0,3.8,Ml
217457,2023-12-11 07:34:33,2023-12-11 04:34:33,26 km al NO de Vallenar,-28.396,-70.925,60.0,2.7,Ml
217458,2023-12-11 08:06:44,2023-12-11 05:06:44,61 km al E de Quillagua,-21.451,-68.987,94.0,2.8,Ml
217464,2023-12-11 09:56:33,2023-12-11 06:56:33,66 km al O de San Antonio de los Cobres,-24.003,-66.925,217.0,3.8,Ml
217467,2023-12-11 10:04:45,2023-12-11 07:04:45,44 km al NE de Ollagüe,-20.9,-68.013,186.0,3.3,Ml
217468,2023-12-11 10:12:43,2023-12-11 07:12:43,38 km al SO de Huasco,-28.763,-71.416,41.0,2.9,Ml
217476,2023-12-11 12:10:33,2023-12-11 09:10:33,31 km al SO de Pozo Almonte,-20.509,-69.91,16.0,2.6,Ml
217479,2023-12-11 13:13:34,2023-12-11 10:13:34,62 km al N de Camiña,-18.759,-69.455,108.0,2.8,Ml
217482,2023-12-11 13:55:57,2023-12-11 10:55:57,54 km al NE de Calama,-22.024,-68.72,108.0,2.6,Ml
217502,2023-12-11 18:36:01,2023-12-11 15:36:01,105 km al SE de Socaire,-24.196,-67.104,223.0,5.5,Mw
217503,2023-12-11 18:44:57,2023-12-11 15:44:57,60 km al SE de Socaire,-24.046,-67.575,270.0,3.2,Ml
217506,2023-12-11 19:13:33,2023-12-11 16:13:33,28 km al SO de Mina Collahuasi,-20.953,-68.888,97.0,2.9,Ml
217517,2023-12-11 23:09:45,2023-12-11 20:09:45,3 km al SO de Vallenar,-28.598,-70.778,57.0,2.9,Ml
217521,2023-12-12 00:35:28,2023-12-11 21:35:28,26 km al N de Mina Collahuasi,-20.604,-68.723,115.0,2.5,Ml
217523,2023-12-12 00:41:56,2023-12-11 21:41:56,62 km al SE de Baquedano,-23.688,-69.367,80.0,3.1,Ml
217528,2023-12-12 01:26:07,2023-12-11 22:26:07,18 km al O de La Ligua,-32.401,-71.417,41.0,2.5,Ml
217532,2023-12-12 01:34:49,2023-12-11 22:34:49,16 km al N de Curicó,-34.841,-71.236,73.0,3.2,Ml
217536,2023-12-12 02:08:16,2023-12-11 23:08:16,36 km al O de Ollagüe,-21.195,-68.595,109.0,2.7,Ml
217541,2023-12-12 04:02:53,2023-12-12 01:02:53,35 km al SO de Ollagüe,-21.458,-68.476,131.0,2.7,Ml
217549,2023-12-12 05:13:21,2023-12-12 02:13:21,45 km al SO de Huasco,-28.819,-71.454,43.0,2.5,Ml
217554,2023-12-12 07:16:40,2023-12-12 04:16:40,30 km al SO de Mina Collahuasi,-21.027,-68.857,109.0,2.9,Ml
217566,2023-12-12 10:30:23,2023-12-12 07:30:23,64 km al N de Pica,-19.936,-69.148,95.0,3.0,Ml
217572,2023-12-12 12:18:10,2023-12-12 09:18:10,46 km al O de Socaire,-23.488,-68.328,159.0,2.7,Ml
217576,2023-12-12 13:09:02,2023-12-12 10:09:02,38 km al SO de Mina Collahuasi,-21.011,-68.971,106.0,2.9,Ml
217580,2023-12-12 13:43:03,2023-12-12 10:43:03,41 km al NE de Calama,-22.169,-68.698,108.0,3.3,Ml
217581,2023-12-12 14:26:12,2023-12-12 11:26:12,60 km al S de Socaire,-24.129,-67.86,227.0,3.6,Ml
217583,2023-12-12 14:31:07,2023-12-12 11:31:07,26 km al N de Los Vilos,-31.674,-71.518,26.0,3.9,Ml
217585,2023-12-12 16:19:40,2023-12-12 13:19:40,33 km al SO de Copiapó,-27.548,-70.603,54.0,3.5,Ml
217602,2023-12-12 20:50:41,2023-12-12 17:50:41,47 km al O de Ollagüe,-21.28,-68.702,120.0,3.0,Ml
217614,2023-12-12 23:03:57,2023-12-12 20:03:57,44 km al SO de Alto del Carmen,-29.122,-70.66,76.0,3.1,Ml
217618,2023-12-13 00:33:15,2023-12-12 21:33:15,54 km al SE de Socaire,-24.039,-67.7,245.0,3.4,Ml
217622,2023-12-13 01:36:26,2023-12-12 22:36:26,38 km al SE de Pica,-20.725,-69.069,102.0,2.7,Ml
217632,2023-12-13 04:53:54,2023-12-13 01:53:54,82 km al SE de Antofagasta,-24.332,-70.112,44.0,2.5,Ml
217646,2023-12-13 07:38:56,2023-12-13 04:38:56,47 km al O de Concepción,-36.776,-73.572,23.0,2.9,Ml
217652,2023-12-13 09:41:32,2023-12-13 06:41:32,49 km al O de Ollagüe,-21.274,-68.725,123.0,2.6,Ml
217654,2023-12-13 10:41:13,2023-12-13 07:41:13,19 km al SO de Los Vilos,-31.993,-71.691,20.0,2.5,Ml
217656,2023-12-13 11:14:15,2023-12-13 08:14:15,78 km al N de Huasco,-27.768,-71.33,21.0,2.9,Ml
217661,2023-12-13 11:56:37,2023-12-13 08:56:37,25 km al S de Calama,-22.697,-68.931,96.0,2.7,Ml
217662,2023-12-13 12:04:27,2023-12-13 09:04:27,161 km al O de Lebu,-37.254,-75.42,25.0,3.4,Ml
217668,2023-12-13 13:28:39,2023-12-13 10:28:39,126 km al NE de Socaire,-22.917,-66.894,214.0,3.7,Ml
217669,2023-12-13 13:36:37,2023-12-13 10:36:37,82 km al O de San Antonio de los Cobres,-24.031,-67.1,192.0,4.1,Ml
217672,2023-12-13 13:53:58,2023-12-13 10:53:58,90 km al O de Arica,-18.609,-71.169,16.0,2.5,Ml
217674,2023-12-13 14:47:04,2023-12-13 11:47:04,133 km al O de Pichilemu,-34.285,-73.453,16.0,2.6,Ml
217678,2023-12-13 16:13:33,2023-12-13 13:13:33,33 km al E de Pica,-20.563,-69.026,105.0,3.0,Ml
217682,2023-12-13 17:02:05,2023-12-13 14:02:05,25 km al N de La Higuera,-29.287,-71.243,55.0,2.9,Ml
217692,2023-12-13 18:51:38,2023-12-13 15:51:38,53 km al SE de Socaire,-24.033,-67.703,279.0,4.2,Ml
217698,2023-12-13 21:25:56,2023-12-13 18:25:56,36 km al N de Carrizal Bajo,-27.764,-71.157,32.0,4.0,Ml
217702,2023-12-13 21:37:36,2023-12-13 18:37:36,20 km al O de Ollagüe,-21.187,-68.444,131.0,2.9,Ml
217722,2023-12-14 02:51:01,2023-12-13 23:51:01,78 km al N de Huasco,-27.762,-71.2,32.0,2.5,Ml
217742,2023-12-14 05:35:45,2023-12-14 02:35:45,76 km al E de Socaire,-23.861,-67.208,186.0,3.7,Ml
217745,2023-12-14 08:55:43,2023-12-14 05:55:43,27 km al E de Ollagüe,-21.238,-67.996,162.0,2.8,Ml
217769,2023-12-14 14:36:15,2023-12-14 11:36:15,58 km al SO de Pica,-20.951,-69.601,72.0,2.9,Ml
217770,2023-12-14 14:57:32,2023-12-14 11:57:32,89 km al SE de Socaire,-24.08,-67.2,237.0,5.1,Mw
217772,2023-12-14 15:11:19,2023-12-14 12:11:19,5 km al NO de Cartagena,-33.521,-71.646,47.0,2.6,Ml
217776,2023-12-14 15:11:20,2023-12-14 12:11:20,38 km al SE de Pica,-20.774,-69.131,110.0,2.8,Ml
217788,2023-12-14 18:40:37,2023-12-14 15:40:37,103 km al S de Mina La Escondida.,-25.18,-69.264,92.0,2.7,Ml
217791,2023-12-14 18:58:56,2023-12-14 15:58:56,65 km al NO de Mina La Escondida.,-23.743,-69.325,115.0,2.5,Ml
217793,2023-12-14 20:12:00,2023-12-14 17:12:00,70 km al SO de San Pedro de Atacama,-23.325,-68.728,124.0,3.9,Ml
217806,2023-12-14 21:15:23,2023-12-14 18:15:23,46 km al SO de Ollagüe,-21.574,-68.484,140.0,2.7,Ml
217808,2023-12-14 21:40:06,2023-12-14 18:40:06,41 km al N de Calama,-22.108,-68.868,116.0,2.5,Ml
217812,2023-12-14 22:41:07,2023-12-14 19:41:07,106 km al SO de Tongoy,-30.679,-72.487,41.0,2.8,Ml
217814,2023-12-14 23:15:04,2023-12-14 20:15:04,8 km al S de Cuya,-19.23,-70.159,48.0,2.6,Ml
217815,2023-12-14 23:38:19,2023-12-14 20:38:19,74 km al N de Calama,-21.839,-68.703,118.0,3.0,Ml
217818,2023-12-14 23:51:18,2023-12-14 20:51:18,58 km al N de Quillagua,-21.145,-69.439,73.0,2.6,Ml
217826,2023-12-15 02:39:09,2023-12-14 23:39:09,46 km al NE de Ollagüe,-20.964,-67.903,177.0,3.4,Ml
217827,2023-12-15 02:41:57,2023-12-14 23:41:57,68 km al O de Iquique,-20.3,-70.801,27.0,2.5,Ml
217835,2023-12-15 04:12:56,2023-12-15 01:12:56,81 km al S de Socaire,-24.302,-67.73,230.0,3.1,Ml
217843,2023-12-15 04:58:10,2023-12-15 01:58:10,40 km al S de Calama,-22.82,-68.833,100.0,3.4,Ml
217875,2023-12-15 11:03:13,2023-12-15 08:03:13,73 km al NE de Alto del Carmen,-28.446,-69.831,115.0,2.8,Ml
217886,2023-12-15 12:17:34,2023-12-15 09:17:34,33 km al NE de Pica,-20.264,-69.122,98.0,3.0,Ml
217888,2023-12-15 13:32:29,2023-12-15 10:32:29,52 km al SO de Mina Collahuasi,-21.121,-69.044,110.0,3.1,Ml
217891,2023-12-15 14:19:44,2023-12-15 11:19:44,53 km al NO de Lebu,-37.235,-74.018,30.0,3.0,Ml
217895,2023-12-15 15:42:48,2023-12-15 12:42:48,62 km al SE de Socaire,-24.021,-67.508,265.0,3.4,Ml
217896,2023-12-15 16:19:41,2023-12-15 13:19:41,106 km al O de Caldera,-27.255,-71.872,44.0,2.5,Ml
217898,2023-12-15 16:24:36,2023-12-15 13:24:36,44 km al SO de Mina Collahuasi,-21.096,-68.971,112.0,2.6,Ml
217915,2023-12-15 19:00:58,2023-12-15 16:00:58,55 km al SE de Socaire,-24.011,-67.609,272.0,3.5,Ml
217916,2023-12-15 20:13:43,2023-12-15 17:13:43,34 km al N de Mejillones,-22.793,-70.423,34.0,3.3,Ml
217922,2023-12-15 21:13:46,2023-12-15 18:13:46,47 km al O de Mina Collahuasi,-20.912,-69.096,110.0,3.3,Ml
217924,2023-12-15 21:31:16,2023-12-15 18:31:16,59 km al NE de Vallenar,-28.173,-70.357,82.0,3.0,Ml
217930,2023-12-15 22:15:51,2023-12-15 19:15:51,42 km al SO de Mina Collahuasi,-21.096,-68.948,106.0,3.0,Ml
217931,2023-12-15 22:23:22,2023-12-15 19:23:22,30 km al O de Ollagüe,-21.297,-68.529,114.0,2.6,Ml
217937,2023-12-16 00:04:03,2023-12-15 21:04:03,50 km al NE de Calama,-22.134,-68.613,138.0,2.6,Ml
217940,2023-12-16 02:06:31,2023-12-15 23:06:31,69 km al S de Socaire,-24.206,-67.782,237.0,4.4,Mw
217945,2023-12-16 02:30:00,2023-12-15 23:30:00,83 km al S de Socaire,-24.322,-67.716,231.0,3.5,Ml
217948,2023-12-16 03:11:29,2023-12-16 00:11:29,6 km al O de Tirúa,-38.333,-73.556,20.0,2.9,Ml
217969,2023-12-16 09:08:22,2023-12-16 06:08:22,71 km al SE de Socaire,-24.011,-67.37,205.0,4.3,Mw
217975,2023-12-16 09:24:52,2023-12-16 06:24:52,184 km al SO de Ilo,-18.971,-72.385,11.0,3.6,Ml
217979,2023-12-16 10:19:38,2023-12-16 07:19:38,54 km al SO de Mina Collahuasi,-21.269,-68.869,109.0,3.3,Ml
217983,2023-12-16 13:40:27,2023-12-16 10:40:27,24 km al NE de Sierra Gorda.,-22.773,-69.13,91.0,2.7,Ml
217987,2023-12-16 15:47:46,2023-12-16 12:47:46,84 km al SE de Socaire,-24.081,-67.267,242.0,2.9,Ml
217996,2023-12-16 16:44:00,2023-12-16 13:44:00,12 km al SO de San Pedro de Atacama,-23.013,-68.265,140.0,3.3,Ml
218000,2023-12-16 17:17:51,2023-12-16 14:17:51,77 km al NE de Calama,-21.836,-68.623,124.0,2.6,Ml
218002,2023-12-16 17:33:30,2023-12-16 14:33:30,43 km al SO de Huasco,-28.75,-71.524,39.0,3.9,Ml
218012,2023-12-16 18:34:58,2023-12-16 15:34:58,98 km al S de Mina La Escondida.,-25.152,-69.003,109.0,2.9,Ml
218014,2023-12-16 18:44:52,2023-12-16 15:44:52,34 km al O de Mina La Escondida.,-24.2,-69.378,85.0,2.8,Ml
218019,2023-12-16 19:29:53,2023-12-16 16:29:53,72 km al O de Chañaral.,-26.422,-71.344,47.0,3.5,Ml
218021,2023-12-16 19:35:30,2023-12-16 16:35:30,34 km al E de Sierra Gorda.,-22.949,-68.993,100.0,3.0,Ml
218027,2023-12-16 20:53:06,2023-12-16 17:53:06,20 km al SO de Tocopilla,-22.261,-70.279,52.0,3.7,Ml
218030,2023-12-16 21:04:39,2023-12-16 18:04:39,97 km al NE de Socaire,-23.034,-67.154,264.0,2.8,Ml
218032,2023-12-16 22:15:44,2023-12-16 19:15:44,81 km al NO de Lebu,-37.047,-74.232,16.0,4.6,Mw
218035,2023-12-16 23:35:40,2023-12-16 20:35:40,98 km al E de Taltal,-25.096,-69.574,114.0,3.2,Ml
218037,2023-12-16 23:39:57,2023-12-16 20:39:57,29 km al S de Mina Collahuasi,-21.09,-68.693,107.0,2.5,Ml
218038,2023-12-17 00:51:44,2023-12-16 21:51:44,77 km al S de Mina La Escondida.,-24.959,-69.013,136.0,2.9,Ml
218039,2023-12-17 01:29:06,2023-12-16 22:29:06,67 km al NE de Calama,-21.948,-68.611,115.0,3.1,Ml
218044,2023-12-17 01:51:31,2023-12-16 22:51:31,43 km al E de Baquedano,-23.358,-69.421,81.0,2.7,Ml
218042,2023-12-17 01:51:34,2023-12-16 22:51:34,26 km al NE de Camiña,-19.132,-69.269,116.0,2.8,Ml
218058,2023-12-17 04:48:38,2023-12-17 01:48:38,18 km al S de La Higuera,-29.671,-71.251,76.0,3.0,Ml
218061,2023-12-17 04:58:32,2023-12-17 01:58:32,81 km al SE de Socaire,-23.916,-67.183,249.0,3.8,Ml
218065,2023-12-17 05:54:03,2023-12-17 02:54:03,53 km al SE de Socaire,-23.992,-67.614,256.0,2.6,Ml
218068,2023-12-17 06:12:22,2023-12-17 03:12:22,48 km al NO de Quillagua,-21.463,-69.949,76.0,2.9,Ml
218070,2023-12-17 06:38:08,2023-12-17 03:38:08,86 km al NO de Quillagua,-21.168,-70.172,38.0,3.1,Ml
218081,2023-12-17 08:59:37,2023-12-17 05:59:37,79 km al NE de Socaire,-23.073,-67.356,268.0,2.7,Ml
218087,2023-12-17 14:35:18,2023-12-17 11:35:18,56 km al SO de Mina Collahuasi,-21.281,-68.892,116.0,2.5,Ml
218089,2023-12-17 15:07:22,2023-12-17 12:07:22,69 km al S de Socaire,-24.207,-67.814,237.0,4.2,Ml
218092,2023-12-17 15:57:13,2023-12-17 12:57:13,35 km al S de Pica,-20.8,-69.377,93.0,2.7,Ml
218097,2023-12-17 16:50:14,2023-12-17 13:50:14,9 km al NE de Puerto Natales,-51.672,-72.411,40.0,3.8,Ml
218107,2023-12-17 18:28:49,2023-12-17 15:28:49,27 km al SO de Sierra Gorda.,-23.105,-69.46,82.0,3.9,Ml
218111,2023-12-17 18:43:09,2023-12-17 15:43:09,22 km al SO de Mina Collahuasi,-20.938,-68.837,122.0,3.2,Ml
218116,2023-12-17 19:01:04,2023-12-17 16:01:04,45 km al O de Mina Collahuasi,-20.892,-69.084,98.0,2.5,Ml
218118,2023-12-17 20:03:48,2023-12-17 17:03:48,23 km al N de Yungay,-36.923,-71.94,100.0,3.4,Ml
218130,2023-12-17 23:18:40,2023-12-17 20:18:40,24 km al SE de Pica,-20.586,-69.12,108.0,2.7,Ml
218135,2023-12-17 23:52:04,2023-12-17 20:52:04,34 km al SE de Vichuquén,-35.135,-71.781,60.0,2.6,Ml
218141,2023-12-18 01:28:35,2023-12-17 22:28:35,65 km al S de Caldera,-27.62,-71.051,24.0,3.5,Ml
218148,2023-12-18 02:46:43,2023-12-17 23:46:43,34 km al O de Mina Collahuasi,-20.73,-68.963,104.0,2.8,Ml
218152,2023-12-18 03:10:35,2023-12-18 00:10:35,30 km al O de Ollagüe,-21.172,-68.541,126.0,2.7,Ml
218154,2023-12-18 03:25:21,2023-12-18 00:25:21,26 km al SE de Camiña,-19.498,-69.272,98.0,3.7,Ml
218160,2023-12-18 04:06:35,2023-12-18 01:06:35,77 km al SE de Socaire,-24.139,-67.429,219.0,2.8,Ml
218161,2023-12-18 04:29:33,2023-12-18 01:29:33,57 km al SO de Ollagüe,-21.679,-68.508,123.0,3.1,Ml
218164,2023-12-18 05:53:31,2023-12-18 02:53:31,98 km al NE de San Pedro de Atacama,-22.144,-67.756,213.0,2.7,Ml
218169,2023-12-18 06:51:35,2023-12-18 03:51:35,49 km al NE de San Pedro de Atacama,-22.568,-67.907,164.0,4.7,Mw
218171,2023-12-18 08:18:09,2023-12-18 05:18:09,57 km al SE de Socaire,-24.04,-67.62,240.0,3.1,Ml
218174,2023-12-18 08:19:24,2023-12-18 05:19:24,114 km al SE de Ollagüe,-21.73,-67.299,265.0,3.2,Ml
218172,2023-12-18 08:31:09,2023-12-18 05:31:09,71 km al S de Socaire,-24.205,-67.712,245.0,3.2,Ml
218175,2023-12-18 08:41:56,2023-12-18 05:41:56,59 km al SO de Taltal,-25.678,-70.99,39.0,2.6,Ml
218177,2023-12-18 09:14:00,2023-12-18 06:14:00,71 km al SE de Socaire,-24.065,-67.421,240.0,3.3,Ml
218178,2023-12-18 09:33:47,2023-12-18 06:33:47,139 km al NO de La Rioja,-28.681,-68.021,191.0,3.2,Ml
218181,2023-12-18 10:01:05,2023-12-18 07:01:05,28 km al O de San Pedro de Atacama,-22.955,-68.474,153.0,2.9,Ml
218184,2023-12-18 10:53:36,2023-12-18 07:53:36,127 km al O de Lebu,-37.839,-75.071,10.0,3.1,Ml
218185,2023-12-18 10:57:13,2023-12-18 07:57:13,16 km al S de Socaire,-23.734,-67.873,224.0,2.9,Ml
218191,2023-12-18 13:53:22,2023-12-18 10:53:22,62 km al S de Socaire,-24.144,-67.792,236.0,2.9,Ml
218196,2023-12-18 15:00:32,2023-12-18 12:00:32,40 km al O de Mina Collahuasi,-20.839,-69.044,115.0,2.5,Ml
218199,2023-12-18 15:17:39,2023-12-18 12:17:39,56 km al O de Ollagüe,-21.373,-68.774,108.0,3.5,Ml
218201,2023-12-18 15:20:48,2023-12-18 12:20:48,45 km al NO de Camiña,-18.998,-69.688,66.0,2.5,Ml
218207,2023-12-18 15:51:28,2023-12-18 12:51:28,61 km al O de Ollagüe,-21.381,-68.816,118.0,3.3,Ml
218210,2023-12-18 15:56:12,2023-12-18 12:56:12,43 km al NE de La Higuera,-29.253,-70.87,78.0,3.2,Ml
218216,2023-12-18 17:12:32,2023-12-18 14:12:32,25 km al NO de Ollagüe,-21.126,-68.472,155.0,3.0,Ml
218218,2023-12-18 17:30:42,2023-12-18 14:30:42,85 km al NO de Chañaral,-25.889,-71.308,29.0,3.0,Ml
218223,2023-12-18 18:20:27,2023-12-18 15:20:27,81 km al SE de Socaire,-24.171,-67.416,240.0,3.7,Ml
218234,2023-12-18 20:28:38,2023-12-18 17:28:38,6 km al SO de Antofagasta,-23.695,-70.419,48.0,3.2,Ml
218239,2023-12-18 22:04:27,2023-12-18 19:04:27,77 km al E de Socaire,-23.847,-67.191,209.0,3.0,Ml
218245,2023-12-19 00:37:54,2023-12-18 21:37:54,11 km al NO de Tocopilla,-22.019,-70.264,36.0,3.0,Ml
218246,2023-12-19 01:05:37,2023-12-18 22:05:37,96 km al NE de Socaire,-23.109,-67.114,233.0,2.8,Ml
218248,2023-12-19 01:19:37,2023-12-18 22:19:37,51 km al SO de Ollagüe,-21.539,-68.617,127.0,2.5,Ml
218254,2023-12-19 02:41:19,2023-12-18 23:41:19,22 km al O de Mina Collahuasi,-20.888,-68.862,98.0,3.7,Ml
218257,2023-12-19 02:53:42,2023-12-18 23:53:42,15 km al SE de La Higuera,-29.613,-71.104,43.0,3.1,Ml
218262,2023-12-19 04:38:49,2023-12-19 01:38:49,44 km al S de Pica,-20.887,-69.289,79.0,2.9,Ml
218264,2023-12-19 05:35:10,2023-12-19 02:35:10,106 km al E de Socaire,-23.297,-66.896,240.0,3.5,Ml
218267,2023-12-19 05:55:47,2023-12-19 02:55:47,32 km al S de Linares,-36.135,-71.582,86.0,2.8,Ml
218268,2023-12-19 06:38:25,2023-12-19 03:38:25,44 km al SO de Taltal,-25.68,-70.809,48.0,3.1,Ml
218270,2023-12-19 06:48:41,2023-12-19 03:48:41,73 km al E de Baquedano,-23.578,-69.179,104.0,3.2,Ml
218273,2023-12-19 07:03:22,2023-12-19 04:03:22,33 km al N de Farellones,-33.063,-70.223,105.0,2.6,Ml
218276,2023-12-19 07:07:45,2023-12-19 04:07:45,22 km al O de Petorca,-32.168,-71.138,88.0,2.6,Ml
218279,2023-12-19 07:16:10,2023-12-19 04:16:10,37 km al NO de Valparaíso,-32.737,-71.745,31.0,3.1,Ml
218285,2023-12-19 09:48:43,2023-12-19 06:48:43,61 km al SO de Taltal,-25.667,-71.024,35.0,2.9,Ml
218286,2023-12-19 11:05:17,2023-12-19 08:05:17,55 km al NE de Pozo Almonte,-19.793,-69.593,98.0,3.5,Ml
218288,2023-12-19 11:18:46,2023-12-19 08:18:46,90 km al E de Monte Patria,-30.782,-70.017,139.0,2.6,Ml
218291,2023-12-19 11:43:10,2023-12-19 08:43:10,24 km al O de Mina Collahuasi,-20.87,-68.88,105.0,2.6,Ml
218310,2023-12-19 17:43:32,2023-12-19 14:43:32,29 km al SE de Calama,-22.708,-68.82,92.0,3.5,Ml
218319,2023-12-19 20:44:23,2023-12-19 17:44:23,36 km al N de Camiña,-19.007,-69.542,104.0,3.9,Ml
218324,2023-12-19 21:12:14,2023-12-19 18:12:14,70 km al SE de Socaire,-24.169,-67.628,240.0,3.7,Ml
218329,2023-12-19 22:30:17,2023-12-19 19:30:17,10 km al NO de La Higuera,-29.467,-71.293,50.0,3.4,Ml
218330,2023-12-19 23:10:03,2023-12-19 20:10:03,18 km al SE de Calama,-22.591,-68.818,103.0,2.5,Ml
218331,2023-12-20 01:31:14,2023-12-19 22:31:14,66 km al E de Combarbalá,-31.242,-70.316,127.0,2.7,Ml
218338,2023-12-20 03:43:33,2023-12-20 00:43:33,67 km al S de Mina La Escondida.,-24.869,-69.153,102.0,3.4,Ml
218340,2023-12-20 03:58:35,2023-12-20 00:58:35,15 km al NE de Pica,-20.432,-69.196,106.0,3.6,Ml
218343,2023-12-20 04:55:45,2023-12-20 01:55:45,11 km al E de Mina Los Pelambres,-31.832,-70.468,116.0,3.6,Ml
218348,2023-12-20 05:50:30,2023-12-20 02:50:30,115 km al O de Puerto Cisnes,-45.028,-74.078,20.0,3.8,Ml
218356,2023-12-20 06:38:44,2023-12-20 03:38:44,38 km al N de Valparaíso,-32.719,-71.74,33.0,2.9,Ml
218366,2023-12-20 08:59:37,2023-12-20 05:59:37,84 km al SE de Socaire,-23.943,-67.155,247.0,4.4,Mw
218367,2023-12-20 09:03:59,2023-12-20 06:03:59,22 km al SO de Calama,-22.587,-69.103,113.0,2.6,Ml
218370,2023-12-20 09:44:48,2023-12-20 06:44:48,72 km al S de Socaire,-24.235,-67.883,240.0,2.9,Ml
218373,2023-12-20 10:16:39,2023-12-20 07:16:39,29 km al SO de Cobquecura,-36.297,-73.044,26.0,2.5,Ml
218375,2023-12-20 10:20:29,2023-12-20 07:20:29,15 km al O de Chañaral,-26.378,-70.769,52.0,3.0,Ml
218380,2023-12-20 10:44:51,2023-12-20 07:44:51,60 km al O de Arica,-18.364,-70.879,26.0,3.4,Ml
218383,2023-12-20 12:11:21,2023-12-20 09:11:21,157 km al O de Arequipa,-16.506,-73.001,103.0,6.2,Mww
218386,2023-12-20 12:39:48,2023-12-20 09:39:48,47 km al SO de Ollagüe,-21.439,-68.644,116.0,4.6,Mw
218396,2023-12-20 14:17:47,2023-12-20 11:17:47,57 km al N de Carrizal Bajo,-27.576,-71.08,45.0,3.2,Ml
218401,2023-12-20 14:59:39,2023-12-20 11:59:39,105 km al S de Ilo,-18.582,-71.48,23.0,2.8,Ml
218403,2023-12-20 15:08:25,2023-12-20 12:08:25,44 km al NE de Pica,-20.278,-68.978,120.0,3.5,Ml
218405,2023-12-20 15:11:20,2023-12-20 12:11:20,45 km al SE de Curicó,-35.309,-70.942,104.0,3.2,Ml
218408,2023-12-20 15:42:10,2023-12-20 12:42:10,69 km al SO de Ollagüe,-21.577,-68.802,141.0,3.2,Ml
218410,2023-12-20 15:51:36,2023-12-20 12:51:36,38 km al NO de Valparaíso,-32.733,-71.774,31.0,2.7,Ml
218414,2023-12-20 15:59:52,2023-12-20 12:59:52,79 km al NO de San Antonio de los Cobres,-23.907,-67.02,200.0,3.4,Ml
218419,2023-12-20 17:00:59,2023-12-20 14:00:59,58 km al SO de Mina Collahuasi,-21.291,-68.915,116.0,3.1,Ml
218424,2023-12-20 17:11:37,2023-12-20 14:11:37,55 km al E de Rancagua,-34.156,-70.144,12.0,2.7,Ml
218428,2023-12-20 17:42:19,2023-12-20 14:42:19,49 km al N de Carrizal Bajo,-27.64,-71.124,15.0,3.1,Ml
218458,2023-12-21 02:33:20,2023-12-20 23:33:20,19 km al O de Mina Collahuasi,-20.861,-68.841,110.0,3.6,Ml
218477,2023-12-21 07:23:49,2023-12-21 04:23:49,67 km al SE de Socaire,-24.098,-67.531,242.0,2.8,Ml
218479,2023-12-21 08:15:30,2023-12-21 05:15:30,66 km al S de Socaire,-24.183,-67.816,243.0,2.6,Ml
218484,2023-12-21 09:10:16,2023-12-21 06:10:16,12 km al SO de Valparaíso,-33.144,-71.678,61.0,2.6,Ml
218493,2023-12-21 10:31:10,2023-12-21 07:31:10,66 km al N de Pica,-19.92,-69.147,97.0,3.5,Ml
218498,2023-12-21 10:40:22,2023-12-21 07:40:22,41 km al NE de San Pedro de Atacama,-22.583,-68.034,188.0,2.9,Ml
218499,2023-12-21 10:53:28,2023-12-21 07:53:28,60 km al NO de Valparaíso,-32.655,-72.054,36.0,2.7,Ml
218501,2023-12-21 11:04:42,2023-12-21 08:04:42,18 km al SO de Mina Collahuasi,-20.973,-68.72,126.0,3.5,Ml
218513,2023-12-21 15:26:56,2023-12-21 12:26:56,75 km al N de Calama,-21.836,-68.673,107.0,2.6,Ml
218516,2023-12-21 16:07:55,2023-12-21 13:07:55,64 km al SO de Ollagüe,-21.751,-68.499,123.0,2.8,Ml
218518,2023-12-21 16:21:52,2023-12-21 13:21:52,20 km al N de Tocopilla,-21.916,-70.248,55.0,5.6,Mww
218524,2023-12-21 16:44:12,2023-12-21 13:44:12,21 km al N de Tocopilla,-21.908,-70.213,63.0,3.0,Ml
218530,2023-12-21 17:37:16,2023-12-21 14:37:16,89 km al SE de Socaire,-24.18,-67.301,233.0,3.5,Ml
218535,2023-12-21 19:09:04,2023-12-21 16:09:04,12 km al NO de Punitaqui,-30.766,-71.357,51.0,4.5,Mw
218542,2023-12-21 20:34:02,2023-12-21 17:34:02,26 km al SE de Calama,-22.677,-68.814,108.0,2.8,Ml
218545,2023-12-21 21:05:33,2023-12-21 18:05:33,13 km al E de Linares,-35.887,-71.458,105.0,3.1,Ml
218554,2023-12-22 00:32:57,2023-12-21 21:32:57,38 km al SO de Mina Collahuasi,-21.018,-68.961,109.0,2.5,Ml
218556,2023-12-22 00:51:38,2023-12-21 21:51:38,47 km al E de Pica,-20.33,-68.913,102.0,2.8,Ml
218559,2023-12-22 01:08:51,2023-12-21 22:08:51,10 km al S de Casablanca,-33.402,-71.435,48.0,2.5,Ml
218582,2023-12-22 05:26:55,2023-12-22 02:26:55,46 km al E de Alto del Carmen,-28.693,-70.017,104.0,2.9,Ml
218584,2023-12-22 05:50:25,2023-12-22 02:50:25,34 km al N de Concepción,-36.532,-72.965,20.0,2.9,Ml
218586,2023-12-22 06:18:36,2023-12-22 03:18:36,48 km al SO de Mina Collahuasi,-21.161,-68.951,111.0,2.5,Ml
218598,2023-12-22 09:37:04,2023-12-22 06:37:04,19 km al NO de Ovalle,-30.459,-71.313,52.0,2.5,Ml
218599,2023-12-22 09:43:44,2023-12-22 06:43:44,80 km al NO de La Higuera,-29.2,-71.949,37.0,2.9,Ml
218600,2023-12-22 09:46:03,2023-12-22 06:46:03,44 km al NO de Los Vilos,-31.645,-71.852,36.0,2.7,Ml
218604,2023-12-22 10:10:13,2023-12-22 07:10:13,7 km al SO de Visviri,-17.653,-69.513,160.0,3.3,Ml
218606,2023-12-22 10:26:23,2023-12-22 07:26:23,48 km al N de Huasco,-28.057,-71.061,47.0,2.6,Ml
218607,2023-12-22 10:27:17,2023-12-22 07:27:17,60 km al SE de Socaire,-24.05,-67.576,230.0,2.9,Ml
218623,2023-12-22 15:15:46,2023-12-22 12:15:46,78 km al E de Paposo,-24.875,-69.707,102.0,3.6,Ml
218625,2023-12-22 15:44:38,2023-12-22 12:44:38,32 km al E de San Pedro de Atacama,-22.888,-67.891,155.0,2.7,Ml
218653,2023-12-22 18:53:53,2023-12-22 15:53:53,7 km al N de Mina Los Pelambres,-31.767,-70.606,104.0,2.6,Ml
218666,2023-12-22 20:59:21,2023-12-22 17:59:21,26 km al E de Sierra Gorda.,-22.993,-69.079,92.0,3.1,Ml
218673,2023-12-22 22:17:16,2023-12-22 19:17:16,16 km al O de Mina Collahuasi,-20.857,-68.805,102.0,2.5,Ml
218675,2023-12-22 22:52:45,2023-12-22 19:52:45,51 km al SO de Socaire,-23.901,-68.258,181.0,2.9,Ml
218684,2023-12-23 00:42:26,2023-12-22 21:42:26,45 km al NE de Calama,-22.12,-68.706,123.0,2.7,Ml
218689,2023-12-23 01:36:46,2023-12-22 22:36:46,42 km al SE de Pica,-20.813,-69.119,107.0,2.5,Ml
218693,2023-12-23 02:46:57,2023-12-22 23:46:57,92 km al SE de Socaire,-24.065,-67.144,217.0,3.6,Ml
218695,2023-12-23 02:57:35,2023-12-22 23:57:35,68 km al SE de Socaire,-24.08,-67.485,205.0,3.5,Ml
218701,2023-12-23 05:36:21,2023-12-23 02:36:21,86 km al SE de Socaire,-24.183,-67.347,211.0,3.3,Ml
218707,2023-12-23 08:24:13,2023-12-23 05:24:13,69 km al S de Socaire,-24.179,-67.671,237.0,3.0,Ml
218712,2023-12-23 09:15:47,2023-12-23 06:15:47,66 km al SO de Ollagüe,-21.724,-68.594,109.0,3.5,Ml
218714,2023-12-23 09:46:42,2023-12-23 06:46:42,17 km al SE de Mejillones,-23.231,-70.366,48.0,3.2,Ml
218716,2023-12-23 10:06:13,2023-12-23 07:06:13,32 km al S de Calama,-22.748,-68.845,94.0,2.7,Ml
218717,2023-12-23 10:32:12,2023-12-23 07:32:12,100 km al E de Tierra Amarilla,-27.628,-69.269,123.0,2.6,Ml
218723,2023-12-23 11:56:04,2023-12-23 08:56:04,52 km al SO de Los Vilos,-32.296,-71.82,26.0,3.0,Ml
218730,2023-12-23 13:35:49,2023-12-23 10:35:49,25 km al N de Tongoy,-30.031,-71.514,41.0,2.5,Ml
218734,2023-12-23 14:10:43,2023-12-23 11:10:43,38 km al NO de El Tabo,-33.278,-72.024,34.0,2.9,Ml
218738,2023-12-23 15:20:27,2023-12-23 12:20:27,72 km al S de Socaire,-24.239,-67.829,245.0,3.0,Ml
218739,2023-12-23 15:45:13,2023-12-23 12:45:13,105 km al O de Canela Baja,-30.995,-72.459,33.0,2.5,Ml
218744,2023-12-23 15:53:47,2023-12-23 12:53:47,31 km al S de Socaire,-23.859,-67.961,143.0,2.6,Ml
218749,2023-12-23 16:24:02,2023-12-23 13:24:02,60 km al S de Socaire,-24.116,-67.752,245.0,3.2,Ml
218751,2023-12-23 16:37:35,2023-12-23 13:37:35,33 km al SO de Visviri,-17.847,-69.653,140.0,3.2,Ml
218765,2023-12-23 18:48:23,2023-12-23 15:48:23,38 km al O de Huasco,-28.41,-71.601,35.0,4.2,Ml
218769,2023-12-23 18:53:33,2023-12-23 15:53:33,24 km al O de Huasco,-28.445,-71.461,30.0,2.5,Ml
218770,2023-12-23 19:14:59,2023-12-23 16:14:59,10 km al NO de Punitaqui,-30.781,-71.343,52.0,2.5,Ml
218781,2023-12-23 21:31:47,2023-12-23 18:31:47,57 km al SO de Ollagüe,-21.661,-68.54,130.0,2.9,Ml
218792,2023-12-24 00:14:12,2023-12-23 21:14:12,15 km al NE de Linares,-35.777,-71.457,102.0,3.5,Ml
218797,2023-12-24 01:03:16,2023-12-23 22:03:16,121 km al SE de Tierra Amarilla,-28.221,-69.365,113.0,2.7,Ml
218798,2023-12-24 01:07:19,2023-12-23 22:07:19,18 km al NE de Pisagua,-19.487,-70.093,15.0,2.6,Ml
218805,2023-12-24 01:37:30,2023-12-23 22:37:30,51 km al O de La Ligua,-32.375,-71.773,24.0,2.7,Ml
218807,2023-12-24 02:04:22,2023-12-23 23:04:22,69 km al S de Socaire,-24.203,-67.764,238.0,2.7,Ml
218808,2023-12-24 02:11:15,2023-12-23 23:11:15,46 km al SO de Los Vilos,-32.275,-71.752,32.0,2.7,Ml
218813,2023-12-24 03:23:39,2023-12-24 00:23:39,37 km al NO de Tirúa,-38.154,-73.85,22.0,5.8,Mww
218821,2023-12-24 03:27:57,2023-12-24 00:27:57,40 km al NO de Tirúa,-38.121,-73.848,33.0,3.1,Ml
218846,2023-12-24 03:28:41,2023-12-24 00:28:41,55 km al O de Tirúa,-38.11,-74.056,36.0,4.0,Ml
218814,2023-12-24 03:32:47,2023-12-24 00:32:47,76 km al O de Tirúa,-38.161,-74.328,34.0,5.1,Mw
218816,2023-12-24 03:37:00,2023-12-24 00:37:00,45 km al NO de Tirúa,-38.084,-73.891,30.0,3.8,Ml
218817,2023-12-24 03:42:55,2023-12-24 00:42:55,72 km al O de Tirúa,-38.132,-74.273,25.0,3.4,Ml
218819,2023-12-24 03:48:37,2023-12-24 00:48:37,62 km al NE de San Pedro de Atacama,-22.483,-67.821,188.0,3.3,Ml
218820,2023-12-24 03:50:25,2023-12-24 00:50:25,59 km al O de Tirúa,-38.104,-74.095,40.0,3.5,Ml
218829,2023-12-24 04:04:19,2023-12-24 01:04:19,62 km al O de Tirúa,-38.133,-74.155,39.0,2.5,Ml
218825,2023-12-24 04:10:17,2023-12-24 01:10:17,55 km al O de Tirúa,-38.127,-74.066,39.0,3.9,Ml
218832,2023-12-24 04:27:11,2023-12-24 01:27:11,42 km al O de Tirúa,-38.322,-73.971,44.0,3.0,Ml
218834,2023-12-24 04:31:37,2023-12-24 01:31:37,60 km al O de Tirúa,-38.339,-74.178,41.0,3.1,Ml
218835,2023-12-24 04:52:48,2023-12-24 01:52:48,60 km al O de Tirúa,-38.143,-74.132,35.0,3.2,Ml
218837,2023-12-24 05:01:18,2023-12-24 02:01:18,51 km al O de Tirúa,-38.137,-74.022,39.0,3.4,Ml
218839,2023-12-24 05:04:09,2023-12-24 02:04:09,36 km al S de Pica,-20.813,-69.272,81.0,2.8,Ml
218845,2023-12-24 05:35:56,2023-12-24 02:35:56,35 km al NO de Tirúa,-38.164,-73.819,37.0,2.5,Ml
218847,2023-12-24 05:46:03,2023-12-24 02:46:03,68 km al SE de Socaire,-24.049,-67.448,257.0,2.6,Ml
218850,2023-12-24 05:55:53,2023-12-24 02:55:53,55 km al O de Tirúa,-38.153,-74.072,18.0,4.0,Ml
218851,2023-12-24 06:00:00,2023-12-24 03:00:00,59 km al O de Tirúa,-38.134,-74.121,28.0,4.3,Ml
218856,2023-12-24 06:10:39,2023-12-24 03:10:39,51 km al O de Tirúa,-38.13,-74.011,34.0,2.9,Ml
218858,2023-12-24 06:14:48,2023-12-24 03:14:48,48 km al O de Tirúa,-38.152,-73.99,34.0,2.6,Ml
218863,2023-12-24 06:39:28,2023-12-24 03:39:28,49 km al SE de Socaire,-23.986,-67.672,275.0,3.0,Ml
218865,2023-12-24 06:58:43,2023-12-24 03:58:43,133 km al O de Lebu,-37.764,-75.157,34.0,2.9,Ml
218868,2023-12-24 07:25:46,2023-12-24 04:25:46,68 km al SO de Ollagüe,-21.791,-68.514,130.0,2.5,Ml
218867,2023-12-24 07:26:41,2023-12-24 04:26:41,36 km al S de Calama,-22.787,-68.887,105.0,2.5,Ml
218872,2023-12-24 07:53:14,2023-12-24 04:53:14,58 km al O de Tirúa,-38.112,-74.086,32.0,2.9,Ml
218875,2023-12-24 08:02:45,2023-12-24 05:02:45,71 km al O de Tirúa,-38.092,-74.239,21.0,2.5,Ml
218879,2023-12-24 08:48:57,2023-12-24 05:48:57,23 km al NO de Tirúa,-38.233,-73.714,37.0,2.8,Ml
218880,2023-12-24 08:54:10,2023-12-24 05:54:10,79 km al O de Socaire,-23.495,-68.659,108.0,2.7,Ml
218891,2023-12-24 10:06:31,2023-12-24 07:06:31,41 km al E de Rancagua,-34.066,-70.313,117.0,2.8,Ml
218896,2023-12-24 10:50:57,2023-12-24 07:50:57,55 km al O de Tirúa,-38.261,-74.111,37.0,3.4,Ml
218898,2023-12-24 11:01:23,2023-12-24 08:01:23,48 km al O de Tirúa,-38.149,-73.979,38.0,3.5,Ml
218903,2023-12-24 12:18:28,2023-12-24 09:18:28,67 km al SO de Ollagüe,-21.717,-68.623,126.0,3.3,Ml
218907,2023-12-24 12:40:56,2023-12-24 09:40:56,28 km al SO de Mina Collahuasi,-20.933,-68.906,100.0,3.2,Ml
218909,2023-12-24 13:03:08,2023-12-24 10:03:08,45 km al NO de Quillagua,-21.469,-69.922,80.0,2.6,Ml
218911,2023-12-24 13:44:20,2023-12-24 10:44:20,60 km al O de Tirúa,-38.27,-74.177,6.0,2.9,Ml
218912,2023-12-24 14:09:27,2023-12-24 11:09:27,45 km al O de Tirúa,-38.169,-73.957,17.0,3.2,Ml
218916,2023-12-24 14:27:59,2023-12-24 11:27:59,58 km al O de Tirúa,-38.386,-74.152,9.0,2.5,Ml
218915,2023-12-24 14:30:58,2023-12-24 11:30:58,68 km al O de Tirúa,-38.17,-74.238,10.0,4.1,Ml
218920,2023-12-24 14:47:52,2023-12-24 11:47:52,56 km al O de Tirúa,-38.188,-74.102,3.0,2.5,Ml
218932,2023-12-24 17:17:51,2023-12-24 14:17:51,58 km al O de Tirúa,-38.13,-74.097,8.0,2.8,Ml
218940,2023-12-24 18:00:05,2023-12-24 15:00:05,44 km al O de Tirúa,-38.256,-73.981,4.0,2.6,Ml
218945,2023-12-24 18:32:51,2023-12-24 15:32:51,58 km al NO de Tirúa,-38.065,-74.058,10.0,3.5,Ml
218956,2023-12-24 19:59:12,2023-12-24 16:59:12,36 km al O de Lebu,-37.51,-74.04,39.0,3.5,Ml
218960,2023-12-24 21:05:50,2023-12-24 18:05:50,50 km al S de Mina Collahuasi,-21.251,-68.825,124.0,2.6,Ml
218962,2023-12-24 21:27:55,2023-12-24 18:27:55,51 km al N de Mina Collahuasi,-20.377,-68.763,105.0,2.7,Ml
218966,2023-12-24 21:50:32,2023-12-24 18:50:32,22 km al N de Mejillones,-22.908,-70.519,26.0,2.6,Ml
218968,2023-12-24 22:57:54,2023-12-24 19:57:54,20 km al NO de Cobquecura,-35.97,-72.897,23.0,2.8,Ml
218969,2023-12-24 23:15:57,2023-12-24 20:15:57,76 km al O de Los Vilos,-31.653,-72.258,34.0,2.6,Ml
218979,2023-12-25 02:47:06,2023-12-24 23:47:06,41 km al NE de Mina La Escondida.,-24.04,-68.741,100.0,2.5,Ml
218983,2023-12-25 03:16:57,2023-12-25 00:16:57,33 km al SO de Mina Collahuasi,-20.96,-68.942,99.0,2.7,Ml
218985,2023-12-25 03:46:04,2023-12-25 00:46:04,57 km al S de Socaire,-24.09,-67.776,249.0,2.5,Ml
218989,2023-12-25 04:32:56,2023-12-25 01:32:56,40 km al O de Ollagüe,-21.304,-68.629,118.0,2.5,Ml
218992,2023-12-25 05:00:16,2023-12-25 02:00:16,45 km al SO de Ollagüe,-21.597,-68.422,139.0,3.4,Ml
219000,2023-12-25 07:01:00,2023-12-25 04:01:00,59 km al O de Tongoy,-30.348,-72.098,37.0,2.5,Ml
219007,2023-12-25 08:12:38,2023-12-25 05:12:38,16 km al O de Ovalle,-30.579,-71.366,54.0,2.5,Ml
219009,2023-12-25 08:19:49,2023-12-25 05:19:49,92 km al O de Tirúa,-38.239,-74.541,30.0,3.1,Ml
219011,2023-12-25 09:52:05,2023-12-25 06:52:05,44 km al S de Pica,-20.864,-69.178,107.0,2.7,Ml
219027,2023-12-25 13:32:11,2023-12-25 10:32:11,21 km al O de Ovalle,-30.684,-71.407,50.0,2.7,Ml
219030,2023-12-25 13:54:50,2023-12-25 10:54:50,57 km al SE de Socaire,-23.842,-67.403,278.0,3.3,Ml
219035,2023-12-25 14:40:10,2023-12-25 11:40:10,39 km al NO de Camiña,-19.124,-69.74,77.0,2.5,Ml
219041,2023-12-25 17:20:38,2023-12-25 14:20:38,95 km al O de Tirúa,-38.166,-74.56,29.0,3.3,Ml
219062,2023-12-25 22:14:23,2023-12-25 19:14:23,53 km al NE de Calama,-22.034,-68.725,113.0,3.2,Ml
219065,2023-12-25 22:15:05,2023-12-25 19:15:05,37 km al SO de Pica,-20.724,-69.58,40.0,2.8,Ml
219068,2023-12-25 23:58:59,2023-12-25 20:58:59,66 km al O de Tirúa,-38.104,-74.185,36.0,2.5,Ml
219069,2023-12-26 00:10:52,2023-12-25 21:10:52,32 km al SE de Baquedano,-23.474,-69.567,85.0,3.4,Ml
219075,2023-12-26 01:32:32,2023-12-25 22:32:32,70 km al O de Tirúa,-38.233,-74.282,29.0,2.9,Ml
219074,2023-12-26 01:35:34,2023-12-25 22:35:34,39 km al O de Mina La Escondida.,-24.324,-69.439,74.0,3.3,Ml
219083,2023-12-26 02:36:59,2023-12-25 23:36:59,43 km al O de Toltén,-39.102,-73.657,34.0,2.7,Ml
219079,2023-12-26 02:38:46,2023-12-25 23:38:46,124 km al NO de Lebu,-36.905,-74.738,35.0,3.1,Ml
219087,2023-12-26 03:30:46,2023-12-26 00:30:46,31 km al NO de Putre,-17.992,-69.759,122.0,2.7,Ml
219092,2023-12-26 04:04:35,2023-12-26 01:04:35,44 km al SO de Mina Collahuasi,-21.07,-68.99,114.0,3.2,Ml
219095,2023-12-26 04:16:49,2023-12-26 01:16:49,33 km al O de Ollagüe,-21.165,-68.567,141.0,2.6,Ml
219098,2023-12-26 04:24:32,2023-12-26 01:24:32,49 km al NE de Cuya,-18.822,-69.888,86.0,3.4,Ml
219099,2023-12-26 04:28:42,2023-12-26 01:28:42,24 km al O de Chañaral.,-26.373,-70.866,50.0,3.9,Ml
219105,2023-12-26 05:27:32,2023-12-26 02:27:32,21 km al NE de Huasco,-28.307,-71.102,46.0,3.7,Ml
219127,2023-12-26 09:38:30,2023-12-26 06:38:30,135 km al O de Tirúa,-38.632,-74.998,25.0,3.4,Ml
219136,2023-12-26 12:17:24,2023-12-26 09:17:24,16 km al SO de Tongoy,-30.348,-71.625,20.0,2.5,Ml
219138,2023-12-26 12:35:25,2023-12-26 09:35:25,71 km al SO de Ollagüe,-21.808,-68.543,123.0,3.4,Ml
219142,2023-12-26 13:58:04,2023-12-26 10:58:04,130 km al E de Alto del Carmen,-28.328,-69.251,130.0,2.8,Ml
219147,2023-12-26 14:30:07,2023-12-26 11:30:07,64 km al SO de Ollagüe,-21.74,-68.526,126.0,2.8,Ml
219150,2023-12-26 15:40:14,2023-12-26 12:40:14,55 km al O de Quellón,-43.06,-74.292,35.0,2.6,Ml
219152,2023-12-26 15:56:54,2023-12-26 12:56:54,31 km al N de Alto del Carmen,-28.49,-70.424,80.0,2.5,Ml
219160,2023-12-26 17:52:15,2023-12-26 14:52:15,55 km al SO de Ollagüe,-21.576,-68.625,124.0,2.6,Ml
219166,2023-12-26 19:02:37,2023-12-26 16:02:37,35 km al NE de Rancagua,-33.956,-70.448,20.0,2.6,Ml
219169,2023-12-26 19:22:41,2023-12-26 16:22:41,35 km al O de Mina Collahuasi,-20.824,-68.998,95.0,2.5,Ml
219177,2023-12-26 22:36:32,2023-12-26 19:36:32,38 km al E de Pica,-20.618,-68.987,102.0,2.7,Ml
219180,2023-12-26 22:41:25,2023-12-26 19:41:25,41 km al SO de Huasco,-28.782,-71.434,44.0,2.7,Ml
219181,2023-12-26 23:00:48,2023-12-26 20:00:48,10 km al SE de Mina Collahuasi,-20.908,-68.621,124.0,2.9,Ml
219183,2023-12-27 01:19:03,2023-12-26 22:19:03,9 km al SO de Canela Baja,-31.436,-71.537,74.0,2.6,Ml
219184,2023-12-27 01:22:10,2023-12-26 22:22:10,30 km al E de Quillota,-32.782,-70.951,75.0,2.7,Ml
219187,2023-12-27 01:44:08,2023-12-26 22:44:08,63 km al S de Mina Collahuasi,-21.353,-68.872,115.0,3.1,Ml
219197,2023-12-27 04:10:59,2023-12-27 01:10:59,63 km al NE de San Pedro de Atacama,-22.389,-67.975,193.0,3.0,Ml
219201,2023-12-27 04:19:45,2023-12-27 01:19:45,71 km al NE de Taltal,-24.953,-69.984,82.0,2.8,Ml
219205,2023-12-27 04:46:59,2023-12-27 01:46:59,50 km al NE de Pica,-20.097,-69.091,106.0,2.9,Ml
219215,2023-12-27 07:54:56,2023-12-27 04:54:56,32 km al SE de Camiña,-19.555,-69.27,9.0,3.4,Ml
219218,2023-12-27 08:13:18,2023-12-27 05:13:18,28 km al SE de Los Vilos,-32.118,-71.337,80.0,2.8,Ml
219223,2023-12-27 08:55:35,2023-12-27 05:55:35,14 km al SO de Los Vilos,-31.986,-71.625,38.0,2.5,Ml
219226,2023-12-27 09:47:20,2023-12-27 06:47:20,69 km al SE de Socaire,-24.088,-67.493,250.0,2.9,Ml
219232,2023-12-27 10:14:35,2023-12-27 07:14:35,10 km al N de Camiña,-19.228,-69.46,90.0,2.8,Ml
219235,2023-12-27 11:45:36,2023-12-27 08:45:36,76 km al N de Calama,-21.81,-68.736,124.0,3.3,Ml
219238,2023-12-27 13:07:37,2023-12-27 10:07:37,71 km al N de El Salvador,-25.62,-69.798,80.0,3.1,Ml
219245,2023-12-27 16:03:46,2023-12-27 13:03:46,30 km al E de Pica,-20.393,-69.057,103.0,2.5,Ml
219248,2023-12-27 16:16:52,2023-12-27 13:16:52,69 km al SO de Ollagüe,-21.774,-68.57,115.0,3.4,Ml
219258,2023-12-27 17:27:30,2023-12-27 14:27:30,21 km al SO de Los Ángeles,-37.641,-72.45,62.0,2.7,Ml
219265,2023-12-27 18:42:26,2023-12-27 15:42:26,6 km al SE de Alto del Carmen,-28.805,-70.454,108.0,3.9,Ml
219266,2023-12-27 19:32:01,2023-12-27 16:32:01,47 km al SO de Mina Collahuasi,-21.179,-68.905,111.0,3.1,Ml
219268,2023-12-27 19:35:35,2023-12-27 16:35:35,64 km al NE de San Pedro de Atacama,-22.481,-67.79,181.0,3.1,Ml
219281,2023-12-27 22:17:06,2023-12-27 19:17:06,40 km al NE de Calama,-22.282,-68.6,121.0,2.5,Ml
219282,2023-12-27 22:34:56,2023-12-27 19:34:56,38 km al SO de Ollagüe,-21.499,-68.469,124.0,2.7,Ml
219293,2023-12-28 00:14:45,2023-12-27 21:14:45,100 km al SE de Socaire,-23.989,-67.014,212.0,4.2,Ml
219306,2023-12-28 05:12:01,2023-12-28 02:12:01,154 km al O de Tortel,-47.138,-75.338,15.0,3.0,Ml
219307,2023-12-28 05:17:32,2023-12-28 02:17:32,28 km al E de Sierra Gorda.,-22.824,-69.057,85.0,2.6,Ml
219310,2023-12-28 05:34:09,2023-12-28 02:34:09,158 km al O de Tortel,-47.122,-75.384,2.0,3.0,Ml
219324,2023-12-28 09:22:45,2023-12-28 06:22:45,18 km al O de Ollagüe,-21.171,-68.417,133.0,4.1,Ml
219335,2023-12-28 11:31:32,2023-12-28 08:31:32,26 km al SE de Talca,-35.583,-71.457,91.0,3.5,Ml
219340,2023-12-28 13:58:14,2023-12-28 10:58:14,16 km al NE de Antofagasta,-23.573,-70.276,55.0,3.2,Ml
219344,2023-12-28 14:17:58,2023-12-28 11:17:58,24 km al NE de Sierra Gorda.,-22.738,-69.165,101.0,2.5,Ml
219356,2023-12-28 17:22:44,2023-12-28 14:22:44,131 km al O de Puerto Aysén,-45.963,-74.182,20.0,3.7,Ml
219363,2023-12-28 19:00:53,2023-12-28 16:00:53,44 km al NE de San Fabián,-36.331,-71.15,130.0,3.4,Ml
219379,2023-12-28 22:34:37,2023-12-28 19:34:37,38 km al SE de Pica,-20.778,-69.139,93.0,2.7,Ml
219385,2023-12-29 00:14:19,2023-12-28 21:14:19,59 km al NO de La Higuera,-29.215,-71.705,29.0,2.8,Ml
219387,2023-12-29 01:00:49,2023-12-28 22:00:49,22 km al NO de Quillagua,-21.537,-69.702,11.0,2.7,Ml
219394,2023-12-29 02:20:10,2023-12-28 23:20:10,45 km al SE de Mina Los Pelambres,-32.022,-70.172,120.0,2.7,Ml
219396,2023-12-29 02:26:02,2023-12-28 23:26:02,34 km al SO de Mina Collahuasi,-21.071,-68.85,114.0,2.9,Ml
219400,2023-12-29 02:40:19,2023-12-28 23:40:19,22 km al SO de Pozo Almonte,-20.44,-69.874,84.0,3.7,Ml
219402,2023-12-29 02:48:19,2023-12-28 23:48:19,101 km al O de Iquique,-20.474,-71.083,44.0,3.3,Ml
219406,2023-12-29 03:29:17,2023-12-29 00:29:17,31 km al NO de Mina Collahuasi,-20.627,-68.867,104.0,2.8,Ml
219419,2023-12-29 06:11:07,2023-12-29 03:11:07,27 km al SO de Sierra Gorda.,-23.111,-69.445,84.0,2.6,Ml
219425,2023-12-29 08:16:10,2023-12-29 05:16:10,35 km al E de Mina Los Pelambres,-31.726,-70.237,151.0,3.0,Ml
219427,2023-12-29 08:36:25,2023-12-29 05:36:25,84 km al NE de San Pedro de Atacama,-22.243,-67.833,193.0,4.0,Ml
219433,2023-12-29 11:08:25,2023-12-29 08:08:25,21 km al NE de Putre,-18.11,-69.381,136.0,3.2,Ml
219435,2023-12-29 12:05:12,2023-12-29 09:05:12,258 km al O de Puerto Natales,-52.552,-76.034,15.0,4.2,Ml
219437,2023-12-29 12:45:38,2023-12-29 09:45:38,32 km al SO de Ollagüe,-21.482,-68.389,146.0,3.2,Ml
219439,2023-12-29 13:48:16,2023-12-29 10:48:16,45 km al SO de Ollagüe,-21.594,-68.439,130.0,2.9,Ml
219443,2023-12-29 14:28:48,2023-12-29 11:28:48,20 km al SO de Antofagasta,-23.803,-70.509,55.0,2.5,Ml
219446,2023-12-29 15:36:00,2023-12-29 12:36:00,58 km al S de Socaire,-24.086,-67.715,242.0,3.2,Ml
219452,2023-12-29 16:03:53,2023-12-29 13:03:53,12 km al E de Termas del Flaco,-34.98,-70.307,153.0,3.2,Ml
219454,2023-12-29 16:32:27,2023-12-29 13:32:27,41 km al O de Punitaqui,-30.696,-71.656,33.0,3.2,Ml
219457,2023-12-29 17:04:08,2023-12-29 14:04:08,9 km al SE de Curicó,-35.057,-71.186,93.0,2.6,Ml
219469,2023-12-29 19:29:01,2023-12-29 16:29:01,83 km al NE de El Salvador,-25.638,-69.123,128.0,3.0,Ml
219477,2023-12-29 21:26:16,2023-12-29 18:26:16,29 km al S de Calama,-22.724,-68.87,99.0,2.8,Ml
219498,2023-12-30 02:38:05,2023-12-29 23:38:05,93 km al SE de Socaire,-24.266,-67.344,191.0,3.7,Ml
219503,2023-12-30 03:54:56,2023-12-30 00:54:56,60 km al SE de Socaire,-23.963,-67.464,214.0,3.7,Ml
219506,2023-12-30 04:23:42,2023-12-30 01:23:42,33 km al O de Mina Collahuasi,-20.907,-68.96,107.0,2.5,Ml
219526,2023-12-30 07:46:11,2023-12-30 04:46:11,32 km al N de Pica,-20.213,-69.232,97.0,4.2,Ml
219528,2023-12-30 07:53:58,2023-12-30 04:53:58,74 km al S de Ollagüe,-21.88,-68.387,126.0,3.2,Ml
219551,2023-12-30 12:02:29,2023-12-30 09:02:29,56 km al SE de Socaire,-23.904,-67.465,258.0,3.6,Ml
219560,2023-12-30 14:58:23,2023-12-30 11:58:23,66 km al SO de Tongoy,-30.579,-72.072,49.0,3.2,Ml
219561,2023-12-30 15:23:16,2023-12-30 12:23:16,24 km al N de Calama,-22.256,-68.958,129.0,2.6,Ml
219582,2023-12-30 19:20:59,2023-12-30 16:20:59,39 km al SE de Pica,-20.804,-69.161,113.0,2.7,Ml
219583,2023-12-30 19:36:31,2023-12-30 16:36:31,44 km al S de Mina Collahuasi,-21.212,-68.774,117.0,2.9,Ml
219592,2023-12-30 23:15:29,2023-12-30 20:15:29,62 km al S de Alto Hospicio,-20.821,-70.019,73.0,2.5,Ml
219596,2023-12-31 01:06:56,2023-12-30 22:06:56,47 km al SO de Castro,-42.721,-74.232,38.0,2.8,Ml
219606,2023-12-31 03:30:00,2023-12-31 00:30:00,42 km al SO de Los Vilos,-32.177,-71.823,36.0,2.6,Ml
219611,2023-12-31 04:28:28,2023-12-31 01:28:28,28 km al SO de Fresia,-41.369,-73.594,49.0,3.6,Ml
219617,2023-12-31 05:18:18,2023-12-31 02:18:18,135 km al NE de Socaire,-23.076,-66.687,222.0,3.2,Ml
219618,2023-12-31 05:35:22,2023-12-31 02:35:22,42 km al SO de Los Vilos,-32.177,-71.821,24.0,2.5,Ml
219621,2023-12-31 05:47:03,2023-12-31 02:47:03,27 km al SO de Mina Collahuasi,-20.949,-68.878,107.0,3.1,Ml
219629,2023-12-31 07:04:17,2023-12-31 04:04:17,39 km al SO de Los Vilos,-32.171,-71.794,36.0,3.3,Ml
219632,2023-12-31 07:24:32,2023-12-31 04:24:32,31 km al S de Mina Collahuasi,-21.095,-68.743,109.0,2.9,Ml
219635,2023-12-31 08:34:42,2023-12-31 05:34:42,68 km al NE de Taltal,-24.84,-70.249,41.0,3.5,Ml
219637,2023-12-31 08:42:15,2023-12-31 05:42:15,32 km al N de Sierra Gorda.,-22.625,-69.236,83.0,3.4,Ml
219639,2023-12-31 09:04:39,2023-12-31 06:04:39,21 km al N de Tocopilla,-21.914,-70.128,65.0,2.6,Ml
219643,2023-12-31 09:15:28,2023-12-31 06:15:28,37 km al SE de Pica,-20.696,-69.055,95.0,2.7,Ml
219646,2023-12-31 09:48:08,2023-12-31 06:48:08,30 km al E de Calama,-22.402,-68.65,112.0,2.8,Ml
219655,2023-12-31 12:10:42,2023-12-31 09:10:42,48 km al NE de Calama,-22.203,-68.559,110.0,2.5,Ml
219657,2023-12-31 12:20:42,2023-12-31 09:20:42,30 km al O de Taltal,-25.454,-70.785,87.0,2.8,Ml
219658,2023-12-31 13:12:27,2023-12-31 10:12:27,56 km al SE de Socaire,-23.935,-67.494,249.0,3.0,Ml
219660,2023-12-31 13:15:05,2023-12-31 10:15:05,29 km al SE de Los Vilos,-32.153,-71.399,38.0,2.6,Ml
219671,2023-12-31 15:57:36,2023-12-31 12:57:36,37 km al SE de Pica,-20.788,-69.181,108.0,2.8,Ml
219679,2023-12-31 17:18:39,2023-12-31 14:18:39,35 km al S de Alto del Carmen,-29.07,-70.457,88.0,2.7,Ml
219682,2023-12-31 17:41:45,2023-12-31 14:41:45,36 km al SO de Los Vilos,-32.082,-71.834,30.0,2.8,Ml
219689,2023-12-31 19:07:01,2023-12-31 16:07:01,96 km al S de Antofagasta,-24.504,-70.445,37.0,3.7,Ml
219692,2023-12-31 20:01:15,2023-12-31 17:01:15,17 km al SE de Cuya,-19.278,-70.083,50.0,2.6,Ml
219702,2023-12-31 21:32:11,2023-12-31 18:32:11,48 km al S de Socaire,-24.007,-67.782,263.0,3.4,Ml
219704,2023-12-31 21:49:03,2023-12-31 18:49:03,73 km al S de Socaire,-24.213,-67.677,238.0,2.8,Ml
219706,2023-12-31 23:25:45,2023-12-31 20:25:45,61 km al NE de Alto del Carmen,-28.288,-70.161,98.0,2.6,Ml
